understat_player_id,player,league,season,team,position_understat,games,minutes,goals,non_penalty_goals,assists,shots,key_passes,xg,npxg,xa,xg_chain,xg_buildup,yellow_cards,red_cards,tm_player_id,tm_name,date_of_birth,age_on_sep_1,height_cm,foot,tm_position,tm_sub_position,citizenship,country_of_birth,tm_league_games,tm_league_minutes,tm_league_goals,tm_league_assists,tm_club_ids,tm_club_names,tm_all_competition_minutes,market_value_start_eur,market_value_end_eur,match_score,match_name_similarity,match_minutes_similarity,match_method
755,Jamie Vardy,EPL,2019-20,Leicester,F S,35,3034,23,19,5,89,32,18.904,15.098,6.368,21.027,1.724,3,0,197838,Jamie Vardy,1987-01-11,32.64,179.0,right,Attack,Centre-Forward,England,England,35,3034,23,5,1003,Leicester City,3124,20000000.0,16000000.0,1.0,1.0,1.0,same_club
318,Pierre-Emerick Aubameyang,EPL,2019-20,Arsenal,F M S,36,3143,22,20,3,93,26,16.353,14.83,4.492,19.964,5.34,3,1,58864,Pierre-Emerick Aubameyang,1989-06-18,30.2,187.0,right,Attack,Centre-Forward,Gabon,France,36,3139,22,3,11,Arsenal FC,3725,70000000.0,56000000.0,1.0,1.0,0.999,same_club
986,Danny Ings,EPL,2019-20,Southampton,F M S,38,2836,22,21,2,93,35,15.66,14.137,2.849,18.488,5.016,3,0,134294,Danny Ings,1992-07-23,27.11,177.0,right,Attack,Centre-Forward,England,England,38,2814,22,2,180,Southampton FC,2994,15000000.0,17500000.0,0.998,1.0,0.992,same_club
618,Raheem Sterling,EPL,2019-20,Manchester City,F M S,33,2678,20,20,1,100,48,19.8,18.278,7.209,31.442,10.186,5,0,134425,Raheem Sterling,1994-12-08,24.73,170.0,right,Attack,Right Winger,England,Jamaica,33,2660,20,4,281,Manchester City,3570,140000000.0,128000000.0,0.998,1.0,0.993,same_club
1250,Mohamed Salah,EPL,2019-20,Liverpool,F S,34,2904,19,16,10,132,60,20.663,18.38,8.726,31.374,8.425,1,0,148455,Mohamed Salah,1992-06-15,27.21,175.0,left,Attack,Right Winger,Egypt,Egypt,34,2888,19,10,31,Liverpool FC,4061,150000000.0,120000000.0,0.998,1.0,0.994,same_club
647,Harry Kane,EPL,2019-20,Tottenham,F,29,2595,18,16,2,82,27,13.297,11.775,3.117,16.855,3.051,4,0,132098,Harry Kane,1993-07-28,26.09,188.0,right,Attack,Centre-Forward,England,England,29,2590,18,2,148,Tottenham Hotspur,3040,150000000.0,120000000.0,0.999,1.0,0.998,same_club
838,Sadio Mané,EPL,2019-20,Liverpool,F M S,35,2761,18,18,7,77,59,14.577,14.577,7.236,25.073,6.767,3,0,200512,Sadio Mané,1992-04-10,27.39,175.0,right,Attack,Left Winger,Senegal,Senegal,35,2755,18,9,31,Liverpool FC,3720,120000000.0,120000000.0,0.999,1.0,0.998,same_club
553,Anthony Martial,EPL,2019-20,Manchester United,F S,32,2672,17,17,6,80,30,13.24,12.479,4.619,20.41,6.358,1,0,182877,Anthony Martial,1995-12-05,23.74,184.0,right,Attack,Centre-Forward,France,France,32,2640,17,7,985,Manchester United,3353,60000000.0,48000000.0,0.996,1.0,0.988,same_club
556,Marcus Rashford,EPL,2019-20,Manchester United,F M,31,2673,17,11,7,95,33,19.504,13.414,5.457,20.245,5.907,3,0,258923,Marcus Rashford,1997-10-31,21.83,185.0,right,Attack,Left Winger,England,England,31,2655,17,9,985,Manchester United,3241,80000000.0,64000000.0,0.998,1.0,0.993,same_club
4105,Raúl Jiménez,EPL,2019-20,Wolverhampton Wanderers,F S,38,3269,17,13,6,117,48,16.511,13.466,7.227,22.56,5.71,3,0,206040,Raúl Jiménez,1991-05-05,28.33,188.0,right,Attack,Centre-Forward,Mexico,Mexico,38,3252,17,6,543,Wolverhampton Wanderers,4494,35000000.0,40000000.0,0.998,1.0,0.995,same_club
619,Sergio Agüero,EPL,2019-20,Manchester City,F S,24,1462,16,14,3,76,19,15.557,13.274,2.92,16.878,2.645,1,0,26399,Sergio Agüero,1988-06-02,31.25,173.0,right,Attack,Centre-Forward,Argentina,Argentina,24,1457,16,4,281,Manchester City,1829,65000000.0,52000000.0,0.999,1.0,0.997,same_club
702,Tammy Abraham,EPL,2019-20,Chelsea,F S,34,2233,15,15,3,88,21,18.083,18.083,2.913,19.842,1.546,2,0,331726,Tammy Abraham,1997-10-02,21.91,194.0,right,Attack,Centre-Forward,England,England,34,2222,15,4,631,Chelsea FC,2948,20000000.0,40000000.0,0.999,1.0,0.995,same_club
447,Kevin De Bruyne,EPL,2019-20,Manchester City,M S,35,2818,14,12,20,100,133,8.106,6.584,20.621,37.798,19.245,3,0,88755,Kevin De Bruyne,1991-06-28,28.18,181.0,right,Midfield,Attacking Midfield,Belgium,Belgium,35,2800,13,20,281,Manchester City,3624,130000000.0,120000000.0,0.965,1.0,0.994,same_club
4456,Chris Wood,EPL,2019-20,Burnley,F S,32,2462,14,13,1,65,22,17.226,16.465,1.471,12.643,2.455,1,0,108725,Chris Wood,1991-12-07,27.73,191.0,right,Attack,Centre-Forward,New Zealand,New Zealand,32,2446,14,1,1132,Burnley FC,2585,18000000.0,14500000.0,0.998,1.0,0.994,same_club
5543,Gabriel Jesus,EPL,2019-20,Manchester City,F S,34,2022,14,14,7,101,32,21.015,20.254,3.599,27.652,7.181,3,0,363205,Gabriel Jesus,1997-04-03,22.41,175.0,right,Attack,Centre-Forward,Brazil,Brazil,34,2027,14,8,281,Manchester City,3054,70000000.0,56000000.0,0.999,1.0,0.998,same_club
5555,Dominic Calvert-Lewin,EPL,2019-20,Everton,F S,36,2639,13,13,1,85,15,16.11,16.11,1.336,17.212,3.897,9,0,306024,Dominic Calvert-Lewin,1997-03-16,22.46,189.0,right,Attack,Centre-Forward,England,England,36,2630,13,1,29,Everton FC,2720,20000000.0,24000000.0,0.999,1.0,0.997,same_club
6026,Richarlison,EPL,2019-20,Everton,F M,36,3100,13,13,3,89,34,9.843,9.843,6.668,16.46,5.198,8,0,378710,Richarlison,1997-05-10,22.31,184.0,right,Attack,Centre-Forward,Brazil,Brazil,36,3080,13,3,29,Everton FC,3170,50000000.0,52000000.0,0.998,1.0,0.994,same_club
453,Son Heung-Min,EPL,2019-20,Tottenham,F M S,30,2511,11,11,10,81,41,9.702,8.941,6.722,18.8,6.514,0,2,91845,Heung-min Son,1992-07-08,27.15,183.0,both,Attack,Left Winger,"Korea, South","Korea, South",30,2488,11,11,148,Tottenham Hotspur,3152,80000000.0,64000000.0,0.997,1.0,0.991,same_club
750,Riyad Mahrez,EPL,2019-20,Manchester City,F M S,33,1938,11,10,9,74,60,8.65,7.888,11.06,27.766,13.286,0,0,171424,Riyad Mahrez,1991-02-21,28.53,179.0,left,Attack,Right Winger,Algeria,France,33,1941,11,12,281,Manchester City,2799,60000000.0,48000000.0,1.0,1.0,0.998,same_club
7696,Teemu Pukki,EPL,2019-20,Norwich,F S,36,2908,11,9,3,80,30,11.524,10.002,3.619,14.751,2.368,3,0,46972,Teemu Pukki,1990-03-29,29.43,180.0,right,Attack,Centre-Forward,Finland,Finland,36,2893,11,3,1123,Norwich City,2965,6000000.0,8000000.0,0.998,1.0,0.995,same_club
531,Michail Antonio,EPL,2019-20,West Ham,F M S,24,1767,10,9,3,68,26,13.25,12.488,3.921,13.96,2.27,3,0,104124,Michail Antonio,1990-03-28,29.43,180.0,right,Attack,Centre-Forward,Jamaica,England,24,1771,10,3,379,West Ham United,1816,15000000.0,9500000.0,0.999,1.0,0.998,same_club
574,Troy Deeney,EPL,2019-20,Watford,F S,27,2253,10,5,2,45,29,11.589,7.022,3.736,11.632,3.335,3,0,65477,Troy Deeney,1988-06-29,31.17,184.0,right,Attack,Centre-Forward,England,England,27,2234,10,2,1010,Watford FC,2234,10000000.0,6500000.0,0.997,1.0,0.992,same_club
3277,Alexandre Lacazette,EPL,2019-20,Arsenal,F S,30,1890,10,10,4,52,24,8.665,8.665,3.342,12.061,2.506,8,0,93720,Alexandre Lacazette,1991-05-28,28.26,175.0,right,Attack,Centre-Forward,France,France,30,1879,10,6,11,Arsenal FC,2581,70000000.0,48000000.0,0.998,1.0,0.994,same_club
3621,Neal Maupay,EPL,2019-20,Brighton,F S,37,2782,10,9,3,96,25,13.559,12.036,2.506,13.855,3.484,3,0,217115,Neal Maupay,1996-08-14,23.05,171.0,right,Attack,Centre-Forward,France,France,37,2771,10,3,1237,Brighton & Hove Albion,2861,12000000.0,17500000.0,0.999,1.0,0.996,same_club
7490,Mason Greenwood,EPL,2019-20,Manchester United,F M S,31,1304,10,10,1,39,14,3.388,3.388,1.412,8.517,4.284,0,0,532826,Mason Greenwood,2001-10-01,17.92,181.0,both,Attack,Right Winger,England,England,31,1313,10,1,985,Manchester United,2288,7000000.0,29000000.0,0.998,1.0,0.993,same_club
482,Roberto Firmino,EPL,2019-20,Liverpool,F M S,38,3035,9,9,8,98,52,16.686,16.686,7.347,28.271,9.463,0,0,131789,Roberto Firmino,1991-10-02,27.92,181.0,right,Attack,Centre-Forward,Brazil,Brazil,38,3004,9,8,31,Liverpool FC,3921,80000000.0,72000000.0,0.997,1.0,0.99,same_club
672,Jordan Ayew,EPL,2019-20,Crystal Palace,F M,37,3196,9,9,2,58,30,7.676,7.676,2.865,11.721,3.877,6,0,108354,Jordan Ayew,1991-09-11,27.97,182.0,right,Attack,Centre-Forward,Ghana,France,37,3162,9,2,873,Crystal Palace,3252,8000000.0,6500000.0,0.997,1.0,0.989,same_club
700,Willian,EPL,2019-20,Chelsea,F M S,36,2609,9,5,7,71,76,8.135,5.091,8.679,18.409,10.228,4,0,52769,Willian,1988-08-09,31.06,175.0,right,Attack,Left Winger,Brazil,Brazil,36,2604,9,7,631,Chelsea FC,3365,40000000.0,22500000.0,0.999,1.0,0.998,same_club
2662,Christian Pulisic,EPL,2019-20,Chelsea,F M S,25,1738,9,9,4,63,30,8.925,8.925,4.296,16.747,7.07,0,0,315779,Christian Pulisic,1998-09-18,20.95,177.0,right,Attack,Right Winger,United States,United States,25,1727,9,6,631,Chelsea FC,2188,60000000.0,54000000.0,0.998,1.0,0.994,same_club
468,Callum Wilson,EPL,2019-20,Bournemouth,F S,35,2916,8,8,1,53,30,9.843,9.843,3.35,12.563,2.708,10,0,123682,Callum Wilson,1992-02-27,27.51,180.0,right,Attack,Centre-Forward,England,England,35,2898,8,3,989,AFC Bournemouth,2936,30000000.0,24000000.0,0.998,1.0,0.994,same_club
502,Olivier Giroud,EPL,2019-20,Chelsea,F S,18,1015,8,8,0,39,8,7.401,7.401,1.388,9.754,2.357,1,0,82442,Olivier Giroud,1986-09-30,32.92,192.0,left,Attack,Centre-Forward,France,France,18,999,8,0,631,Chelsea FC,1408,15000000.0,7000000.0,0.995,1.0,0.984,same_club
645,Dele Alli,EPL,2019-20,Tottenham,F M S,25,1862,8,7,4,42,23,7.915,7.154,3.484,16.531,6.693,2,0,207929,Dele Alli,1996-04-11,23.39,188.0,right,Midfield,Attacking Midfield,England,England,25,1852,8,4,148,Tottenham Hotspur,2682,90000000.0,64000000.0,0.998,1.0,0.995,same_club
675,Jack Grealish,EPL,2019-20,Aston Villa,F M,36,3235,8,8,6,73,92,6.845,6.084,7.638,18.374,9.305,8,0,203460,Jack Grealish,1995-09-10,23.98,180.0,right,Attack,Left Winger,England,England,36,3234,8,6,405,Aston Villa,3234,25000000.0,30500000.0,1.0,1.0,1.0,same_club
770,Ayoze Pérez,EPL,2019-20,Leicester,F M S,33,2045,8,7,4,47,28,6.558,5.797,4.092,12.85,4.474,0,0,246968,Ayoze Pérez,1993-07-29,26.09,178.0,right,Attack,Centre-Forward,Spain,Spain,33,2019,8,4,1003,Leicester City,2166,20000000.0,24000000.0,0.996,1.0,0.987,same_club
844,Jay Rodriguez,EPL,2019-20,Burnley,F S,36,1987,8,7,1,67,6,8.957,8.196,0.768,7.036,1.258,1,0,53360,Jay Rodríguez,1989-07-29,30.09,185.0,right,Attack,Centre-Forward,England,England,36,2009,8,2,1132,Burnley FC,2189,10000000.0,4800000.0,0.997,1.0,0.989,same_club
1228,Bruno Fernandes,EPL,2019-20,Manchester United,M,14,1211,8,4,7,44,30,5.986,2.941,2.755,8.514,4.864,2,0,240306,Bruno Fernandes,1994-09-08,24.98,183.0,right,Midfield,Attacking Midfield,Portugal,Portugal,14,1193,8,7,985,Manchester United,4262,55000000.0,48000000.0,0.996,1.0,0.985,same_club
5596,Harry Wilson,EPL,2019-20,Bournemouth,F M S,31,1672,7,7,0,56,14,4.165,4.165,2.218,7.922,4.211,2,0,279455,Harry Wilson,1997-03-22,22.44,173.0,left,Attack,Right Winger,Wales,Wales,31,1664,7,0,989,AFC Bournemouth,1830,12000000.0,17500000.0,0.999,1.0,0.995,same_club
6144,Sébastien Haller,EPL,2019-20,West Ham,F S,32,2248,7,7,1,57,24,8.485,8.485,2.343,11.103,2.64,1,0,181375,Sébastien Haller,1994-06-22,25.19,190.0,right,Attack,Centre-Forward,Cote d'Ivoire,France,32,2263,7,2,379,West Ham United,2443,40000000.0,36000000.0,0.998,1.0,0.993,same_club
6854,Diogo Jota,EPL,2019-20,Wolverhampton Wanderers,F M S,34,2329,7,7,1,69,29,12.018,12.018,2.643,16.15,4.098,4,0,340950,Diogo Jota,1996-12-04,22.74,178.0,right,Attack,Left Winger,Portugal,Portugal,34,2298,7,1,543,Wolverhampton Wanderers,3060,35000000.0,28000000.0,0.996,1.0,0.987,same_club
7768,Mason Mount,EPL,2019-20,Chelsea,F M S,37,2894,7,7,5,78,52,7.498,7.498,5.258,16.875,8.521,3,0,346483,Mason Mount,1999-01-10,20.64,181.0,right,Midfield,Attacking Midfield,England,England,37,2875,7,6,631,Chelsea FC,3722,12000000.0,40500000.0,0.998,1.0,0.993,same_club
465,Joshua King,EPL,2019-20,Bournemouth,F M S,26,2033,6,3,4,26,30,6.534,4.251,4.133,8.373,3.022,0,0,91059,Joshua King,1992-01-15,27.63,180.0,right,Attack,Centre-Forward,Norway,Norway,26,2020,6,4,989,AFC Bournemouth,2020,20000000.0,16000000.0,0.998,1.0,0.994,same_club
769,Jonjo Shelvey,EPL,2019-20,Newcastle United,M S,26,2136,6,6,2,45,44,2.242,2.242,4.142,7.487,4.893,3,0,71292,Jonjo Shelvey,1992-02-27,27.51,184.0,right,Midfield,Central Midfield,England,England,26,2124,6,2,762,Newcastle United,2164,15000000.0,14500000.0,0.998,1.0,0.994,same_club
1736,Oliver McBurnie,EPL,2019-20,Sheffield United,F S,36,2123,6,6,0,50,10,8.068,8.068,1.135,10.195,3.948,4,0,298477,Oli McBurnie,1996-06-04,23.24,188.0,right,Attack,Centre-Forward,Scotland,England,36,2119,6,0,350,Sheffield United,2268,8000000.0,8000000.0,0.969,0.95,0.998,same_club
1748,Lys Mousset,EPL,2019-20,Sheffield United,F S,30,1220,6,6,4,37,12,6.073,6.073,3.612,9.621,2.464,1,0,291422,Lys Mousset,1996-02-08,23.56,186.0,right,Attack,Centre-Forward,France,France,30,1233,6,4,350,Sheffield United,1294,3500000.0,9500000.0,0.997,1.0,0.989,same_club
3635,Bernardo Silva,EPL,2019-20,Manchester City,F M S,34,2020,6,6,7,52,51,7.42,7.42,6.313,23.838,14.727,5,0,241641,Bernardo Silva,1994-08-10,25.06,173.0,left,Midfield,Attacking Midfield,Portugal,Portugal,34,2029,6,7,281,Manchester City,2837,100000000.0,80000000.0,0.999,1.0,0.996,same_club
4422,Ashley Barnes,EPL,2019-20,Burnley,F S,19,1386,6,5,0,40,5,6.517,5.756,0.309,5.061,1.574,4,0,63200,Ashley Barnes,1989-10-30,29.84,185.0,right,Attack,Centre-Forward,England,England,19,1361,6,0,1132,Burnley FC,1361,10000000.0,8000000.0,0.995,1.0,0.982,same_club
6681,Harvey Barnes,EPL,2019-20,Leicester,F M S,36,2094,6,6,8,61,35,8.481,8.481,4.085,17.094,6.488,0,0,398065,Harvey Barnes,1997-12-09,21.73,182.0,right,Attack,Left Winger,England,England,36,2090,6,8,1003,Leicester City,2280,12000000.0,17500000.0,0.999,1.0,0.998,same_club
6818,James Maddison,EPL,2019-20,Leicester,M S,31,2632,6,6,3,74,79,5.022,5.022,5.769,14.379,8.764,4,0,294057,James Maddison,1996-11-23,22.77,175.0,right,Midfield,Attacking Midfield,England,England,31,2629,6,3,1003,Leicester City,2725,40000000.0,48000000.0,1.0,1.0,0.999,same_club
7695,Todd Cantwell,EPL,2019-20,Norwich,M S,37,2528,6,6,2,42,36,5.675,5.675,2.319,11.005,3.805,6,0,332341,Todd Cantwell,1998-02-27,21.51,180.0,right,Midfield,Attacking Midfield,England,England,37,2501,6,2,1123,Norwich City,2793,1000000.0,20000000.0,0.997,1.0,0.989,same_club
7722,Trézéguet,EPL,2019-20,Aston Villa,F M S,34,1955,6,6,1,50,21,5.345,5.345,0.958,6.641,2.611,2,1,234189,Trezeguet,1994-10-01,24.92,181.0,right,Attack,Left Winger,Egypt,Egypt,34,1951,6,2,405,Aston Villa,1965,6000000.0,8000000.0,0.999,1.0,0.998,same_club
617,David Silva,EPL,2019-20,Manchester City,M S,27,1846,5,5,10,46,49,6.932,6.932,7.651,24.687,12.764,0,0,35518,David Silva,1986-01-08,33.65,170.0,left,Midfield,Attacking Midfield,Spain,Spain,27,1833,6,10,281,Manchester City,2525,20000000.0,12000000.0,0.965,1.0,0.993,same_club
620,Kelechi Iheanacho,EPL,2019-20,Leicester,F M S,20,976,5,5,3,36,15,5.901,5.901,2.589,8.98,1.333,1,0,295330,Kelechi Iheanacho,1996-10-03,22.91,185.0,left,Attack,Centre-Forward,Nigeria,Nigeria,20,961,5,4,1003,Leicester City,1119,12000000.0,12000000.0,0.995,1.0,0.985,same_club
833,Virgil van Dijk,EPL,2019-20,Liverpool,D,38,3420,5,5,1,31,7,2.958,2.958,1.133,15.31,14.674,1,0,139208,Virgil van Dijk,1991-07-08,28.15,195.0,right,Defender,Centre-Back,Netherlands,Netherlands,38,3420,5,1,31,Liverpool FC,4590,90000000.0,80000000.0,1.0,1.0,1.0,same_club
843,James Ward-Prowse,EPL,2019-20,Southampton,D M,38,3420,5,4,3,57,61,7.061,4.778,5.762,13.292,9.146,9,0,181579,James Ward-Prowse,1994-11-01,24.83,177.0,right,Midfield,Central Midfield,England,England,38,3420,5,3,180,Southampton FC,3640,18000000.0,14500000.0,1.0,1.0,1.0,same_club
1691,Robert Snodgrass,EPL,2019-20,West Ham,F M S,24,1522,5,5,5,21,33,2.387,2.387,3.733,6.512,3.524,4,0,22614,Robert Snodgrass,1987-09-07,31.98,182.0,left,Attack,Right Winger,Scotland,Scotland,24,1512,5,5,379,West Ham United,1582,7000000.0,4800000.0,0.998,1.0,0.993,same_club
5656,Nicolas Pepe,EPL,2019-20,Arsenal,F M S,31,2021,5,4,5,50,39,5.069,4.308,4.904,10.924,4.814,4,0,343052,Nicolas Pépé,1995-05-29,24.26,183.0,left,Attack,Right Winger,Cote d'Ivoire,France,,,,,,,,65000000.0,52000000.0,,,,understat_id_carryover
5675,Ismaila Sarr,EPL,2019-20,Watford,F M S,28,2038,5,5,4,43,25,5.968,5.968,4.351,11.652,3.367,1,0,410225,Ismaïla Sarr,1998-02-25,21.51,185.0,right,Attack,Right Winger,Senegal,Senegal,28,2029,5,6,1010,Watford FC,2029,30000000.0,24500000.0,0.999,1.0,0.996,same_club
6055,Phil Foden,EPL,2019-20,Manchester City,F M S,23,888,5,5,2,34,18,3.557,3.557,1.559,9.372,5.849,0,0,406635,Phil Foden,2000-05-28,19.26,171.0,left,Midfield,Attacking Midfield,England,England,23,893,5,2,281,Manchester City,1378,25000000.0,27000000.0,0.998,1.0,0.994,same_club
6274,Andriy Yarmolenko,EPL,2019-20,West Ham,M S,23,979,5,5,1,26,19,2.626,2.626,3.426,6.92,1.963,2,0,69015,Andriy Yarmolenko,1989-10-23,29.86,189.0,left,Attack,Right Winger,Ukraine,UdSSR,23,988,5,1,379,West Ham United,988,20000000.0,9500000.0,0.997,1.0,0.991,same_club
6893,Stuart Armstrong,EPL,2019-20,Southampton,D M S,30,1711,5,5,3,46,18,3.114,3.114,2.01,7.973,3.845,4,0,130765,Stuart Armstrong,1992-03-30,27.42,183.0,right,Midfield,Central Midfield,Scotland,Scotland,30,1717,5,3,180,Southampton FC,1802,8000000.0,6500000.0,0.999,1.0,0.997,same_club
7698,Leandro Trossard,EPL,2019-20,Brighton,F M S,31,2018,5,5,3,41,42,5.354,5.354,4.625,12.012,4.779,0,0,144028,Leandro Trossard,1994-12-04,24.74,172.0,right,Attack,Left Winger,Belgium,Belgium,31,2013,5,3,1237,Brighton & Hove Albion,2013,16000000.0,13000000.0,0.999,1.0,0.998,same_club
7708,John Lundstram,EPL,2019-20,Sheffield United,M S,34,2448,5,5,3,44,21,5.921,5.921,3.83,12.008,5.026,5,0,156941,John Lundstram,1994-02-18,25.53,181.0,right,Midfield,Defensive Midfield,England,England,34,2456,5,3,350,Sheffield United,2611,500000.0,8000000.0,0.999,1.0,0.997,same_club
7709,John Fleck,EPL,2019-20,Sheffield United,M S,30,2513,5,5,2,31,39,3.248,3.248,3.429,10.275,5.323,8,0,54383,John Fleck,1991-08-24,28.02,169.0,left,Midfield,Central Midfield,Scotland,Scotland,30,2517,5,2,350,Sheffield United,2607,5000000.0,6500000.0,1.0,1.0,0.998,same_club
7724,Wesley,EPL,2019-20,Aston Villa,F,21,1806,5,5,1,36,11,7.271,6.509,0.884,8.008,2.675,3,0,381362,Wesley Moraes,1996-11-24,22.77,191.0,right,Attack,Centre-Forward,Brazil,Brazil,21,1790,5,1,405,Aston Villa,1790,20000000.0,24000000.0,0.967,0.95,0.991,same_club
484,Divock Origi,EPL,2019-20,Liverpool,F S,28,680,4,4,1,14,8,2.097,2.097,0.825,3.536,0.834,1,0,148368,Divock Origi,1995-04-18,24.37,189.0,right,Attack,Centre-Forward,Belgium,Belgium,28,705,4,3,31,Liverpool FC,1339,20000000.0,16000000.0,0.989,1.0,0.965,same_club
522,Wilfried Zaha,EPL,2019-20,Crystal Palace,F M S,38,3276,4,4,3,61,37,4.933,4.933,3.744,11.83,4.59,5,0,145988,Wilfried Zaha,1992-11-10,26.81,180.0,right,Attack,Left Winger,Cote d'Ivoire,Cote d'Ivoire,38,3280,4,4,873,Crystal Palace,3280,45000000.0,44000000.0,1.0,1.0,0.999,same_club
533,Mark Noble,EPL,2019-20,West Ham,M S,33,2709,4,1,3,17,44,2.774,0.49,3.181,10.038,7.93,5,0,31835,Mark Noble,1987-05-08,32.32,180.0,right,Midfield,Central Midfield,England,England,33,2685,4,3,379,West Ham United,2730,7000000.0,4800000.0,0.997,1.0,0.991,same_club
591,Gerard Deulofeu,EPL,2019-20,Watford,F M S,28,2137,4,3,5,63,43,6.213,5.452,4.786,11.514,3.673,4,0,129476,Gerard Deulofeu,1994-03-13,25.47,177.0,right,Attack,Centre-Forward,Spain,Spain,28,2106,4,5,1010,Watford FC,2106,25000000.0,20000000.0,0.996,1.0,0.985,same_club
605,Jordan Henderson,EPL,2019-20,Liverpool,M S,30,2254,4,4,5,20,27,1.185,1.185,4.108,15.859,12.152,2,0,61651,Jordan Henderson,1990-06-17,29.21,182.0,right,Midfield,Defensive Midfield,England,England,30,2244,4,5,31,Liverpool FC,3167,35000000.0,28000000.0,0.999,1.0,0.996,same_club
743,Dwight Gayle,EPL,2019-20,Newcastle United,F S,20,856,4,4,2,23,6,4.64,4.64,0.89,5.125,1.841,2,0,196522,Dwight Gayle,1989-10-17,29.87,174.0,right,Attack,Centre-Forward,England,England,20,848,4,2,762,Newcastle United,884,15000000.0,9500000.0,0.997,1.0,0.991,same_club
771,Georginio Wijnaldum,EPL,2019-20,Liverpool,M S,37,2980,4,4,0,36,18,2.651,2.651,0.809,13.479,10.857,0,0,49499,Georginio Wijnaldum,1990-11-11,28.8,175.0,right,Midfield,Central Midfield,Netherlands,Netherlands,37,2948,4,0,31,Liverpool FC,3644,50000000.0,40000000.0,0.997,1.0,0.989,same_club
790,Nathan Redmond,EPL,2019-20,Southampton,F M,32,2781,4,4,4,59,38,5.287,5.287,3.624,13.675,6.088,2,0,129078,Nathan Redmond,1994-03-06,25.49,173.0,right,Attack,Right Winger,England,England,32,2769,4,4,180,Southampton FC,2949,20000000.0,16000000.0,0.999,1.0,0.996,same_club
900,Adama Traoré,EPL,2019-20,Wolverhampton Wanderers,D F M S,37,2596,4,4,9,43,49,3.707,3.707,7.551,15.272,5.655,1,0,204103,Adama Traoré,1996-01-25,23.6,178.0,right,Attack,Right Winger,Spain,Spain,37,2606,4,9,543,Wolverhampton Wanderers,3838,15000000.0,25500000.0,0.999,1.0,0.996,same_club
966,Alex Oxlade-Chamberlain,EPL,2019-20,Liverpool,F M S,30,1511,4,4,1,40,17,2.504,2.504,0.944,5.693,2.649,1,0,143424,Alex Oxlade-Chamberlain,1993-08-15,26.05,180.0,right,Midfield,Central Midfield,England,England,30,1493,4,1,31,Liverpool FC,2036,35000000.0,28000000.0,0.996,1.0,0.988,same_club
1389,Jorginho,EPL,2019-20,Chelsea,M S,31,2391,4,1,2,12,23,3.097,0.813,2.917,15.918,14.992,10,0,102017,Jorginho,1991-12-20,27.7,180.0,right,Midfield,Defensive Midfield,Italy,Brazil,31,2383,4,2,631,Chelsea FC,3424,65000000.0,52000000.0,0.999,1.0,0.997,same_club
1621,Marcos Alonso,EPL,2019-20,Chelsea,D S,18,1436,4,4,2,30,25,2.547,2.547,2.991,10.607,7.112,4,0,112515,Marcos Alonso,1990-12-28,28.68,188.0,left,Defender,Centre-Back,Spain,Spain,18,1432,4,3,631,Chelsea FC,2190,40000000.0,20000000.0,0.999,1.0,0.997,same_club
1726,Abdoulaye Doucouré,EPL,2019-20,Watford,M S,37,3189,4,4,2,61,38,5.281,5.281,4.085,13.54,7.194,8,0,127187,Abdoulaye Doucouré,1993-01-01,26.66,183.0,right,Midfield,Attacking Midfield,Mali,France,37,3167,4,2,1010,Watford FC,3167,25000000.0,20000000.0,0.998,1.0,0.993,same_club
1791,Trent Alexander-Arnold,EPL,2019-20,Liverpool,D S,38,3183,4,4,13,45,86,3.084,3.084,11.167,20.637,13.597,5,0,314353,Trent Alexander-Arnold,1998-10-07,20.9,180.0,right,Defender,Right-Back,England,England,38,3176,4,13,31,Liverpool FC,3991,80000000.0,99000000.0,0.999,1.0,0.998,same_club
3293,Lucas Moura,EPL,2019-20,Tottenham,F M S,35,2261,4,4,4,56,35,5.582,5.582,3.28,10.088,3.179,3,0,77100,Lucas Moura,1992-08-13,27.05,172.0,right,Attack,Right Winger,Brazil,Brazil,35,2248,4,4,148,Tottenham Hotspur,3050,40000000.0,32000000.0,0.998,1.0,0.994,same_club
5612,Anwar El Ghazi,EPL,2019-20,Aston Villa,F M S,34,2082,4,3,4,53,30,6.381,5.62,2.877,8.017,2.21,3,0,183720,Anwar El Ghazi,1995-05-03,24.33,189.0,right,Attack,Right Winger,Netherlands,Netherlands,34,2064,4,4,405,Aston Villa,2150,7500000.0,8000000.0,0.997,1.0,0.991,same_club
6852,Matt Doherty,EPL,2019-20,Wolverhampton Wanderers,D M S,36,2842,4,4,3,34,21,6.484,6.484,2.128,14.165,7.663,1,0,171679,Matt Doherty,1992-01-16,27.62,185.0,right,Defender,Right-Back,Ireland,Ireland,36,2841,4,4,543,Wolverhampton Wanderers,3929,15000000.0,16000000.0,1.0,1.0,1.0,same_club
7236,Leander Dendoncker,EPL,2019-20,Wolverhampton Wanderers,D M S,38,2793,4,4,0,20,9,2.638,2.638,0.717,9.559,8.403,5,0,168157,Leander Dendoncker,1995-04-15,24.38,188.0,right,Midfield,Defensive Midfield,Belgium,Belgium,38,2794,4,0,543,Wolverhampton Wanderers,4066,18000000.0,22500000.0,1.0,1.0,1.0,same_club
7420,Miguel Almirón,EPL,2019-20,Newcastle United,F M S,36,3063,4,4,2,55,31,7.755,7.755,2.901,13.876,3.99,5,0,272999,Miguel Almirón,1994-02-10,25.56,178.0,left,Attack,Right Winger,Paraguay,Paraguay,36,3034,4,2,762,Newcastle United,3474,20000000.0,16000000.0,0.997,1.0,0.991,same_club
7700,Che Adams,EPL,2019-20,Southampton,F S,30,1096,4,4,2,36,13,5.866,5.866,1.989,7.28,1.206,0,0,346779,Ché Adams,1996-07-13,23.13,175.0,right,Attack,Centre-Forward,Scotland,England,30,1106,4,3,180,Southampton FC,1221,7000000.0,9500000.0,0.997,1.0,0.991,same_club
101,Allan Saint-Maximin,EPL,2019-20,Newcastle United,F M S,26,1896,3,3,4,46,33,2.943,2.943,4.332,9.658,4.272,0,0,272642,Allan Saint-Maximin,1997-03-12,22.47,173.0,right,Attack,Left Winger,France,France,26,1874,3,5,762,Newcastle United,2182,25000000.0,20000000.0,0.997,1.0,0.988,same_club
462,Dan Gosling,EPL,2019-20,Bournemouth,M S,24,1255,3,3,1,13,10,2.93,2.93,1.369,3.787,1.442,3,0,44983,Dan Gosling,1990-02-01,29.58,180.0,right,Midfield,Central Midfield,England,England,24,1260,3,1,989,AFC Bournemouth,1350,3500000.0,2000000.0,0.999,1.0,0.996,same_club
463,Junior Stanislas,EPL,2019-20,Bournemouth,D M S,15,706,3,2,0,17,12,1.871,1.11,0.923,2.253,1.58,1,0,87672,Junior Stanislas,1989-11-26,29.76,183.0,right,Attack,Left Winger,England,England,15,712,3,0,989,AFC Bournemouth,778,4500000.0,2000000.0,0.997,1.0,0.992,same_club
534,Aaron Cresswell,EPL,2019-20,West Ham,D,31,2739,3,3,0,18,26,1.033,1.033,3.007,6.835,4.891,7,0,92571,Aaron Cresswell,1989-12-15,29.71,170.0,left,Defender,Left-Back,England,England,31,2730,3,0,379,West Ham United,2820,10000000.0,6500000.0,0.999,1.0,0.997,same_club
730,Patrick van Aanholt,EPL,2019-20,Crystal Palace,D,29,2517,3,2,2,27,32,2.04,1.279,3.554,5.9,4.387,0,0,52119,Patrick van Aanholt,1990-08-29,29.01,176.0,left,Defender,Left-Back,Netherlands,Netherlands,29,2511,3,2,873,Crystal Palace,2511,10000000.0,9500000.0,0.999,1.0,0.998,same_club
751,N&#039;Golo Kanté,EPL,2019-20,Chelsea,M S,22,1733,3,3,0,18,27,1.544,1.544,1.52,7.209,4.838,4,0,225083,N'Golo Kanté,1991-03-29,28.43,168.0,right,Midfield,Defensive Midfield,France,France,22,1733,3,0,631,Chelsea FC,2303,100000000.0,80000000.0,0.97,0.95,1.0,same_club
757,Jeffrey Schlupp,EPL,2019-20,Crystal Palace,D F M S,17,1035,3,3,1,18,7,2.185,2.185,0.949,3.243,1.129,2,0,157506,Jeffrey Schlupp,1992-12-23,26.69,178.0,left,Midfield,Left Midfield,Ghana,Germany,17,1035,3,2,873,Crystal Palace,1035,10000000.0,9500000.0,1.0,1.0,1.0,same_club
782,Ben Chilwell,EPL,2019-20,Leicester,D M,27,2382,3,3,3,16,33,1.098,1.098,3.536,10.088,8.04,3,0,316125,Ben Chilwell,1996-12-21,22.69,180.0,left,Defender,Left-Back,England,England,27,2375,3,3,1003,Leicester City,2645,35000000.0,40000000.0,0.999,1.0,0.997,same_club
1679,Dominic Solanke,EPL,2019-20,Bournemouth,F M S,32,1617,3,3,1,32,15,4.439,4.439,1.054,6.864,2.417,1,0,258889,Dominic Solanke,1997-09-14,21.96,186.0,right,Attack,Centre-Forward,England,England,32,1644,3,1,989,AFC Bournemouth,1823,18000000.0,12000000.0,0.995,1.0,0.984,same_club
1723,Roberto Pereyra,EPL,2019-20,Watford,F M S,28,1656,3,2,0,21,20,3.147,2.386,1.36,4.777,1.626,4,0,112302,Roberto Pereyra,1991-01-07,28.65,182.0,both,Midfield,Central Midfield,Argentina,Argentina,28,1653,3,0,1010,Watford FC,1742,13000000.0,9000000.0,0.999,1.0,0.998,same_club
2496,Rodri,EPL,2019-20,Manchester City,D M S,35,2488,3,3,2,24,33,0.744,0.744,2.91,22.697,21.217,8,0,357565,Rodri,1996-06-22,23.19,190.0,right,Midfield,Defensive Midfield,Spain,Spain,35,2486,3,2,281,Manchester City,3350,80000000.0,64000000.0,1.0,1.0,0.999,same_club
3203,Issa Diop,EPL,2019-20,West Ham,D S,32,2767,3,3,1,16,5,1.795,1.795,1.828,3.843,3.619,8,0,272622,Issa Diop,1997-01-09,22.64,194.0,right,Defender,Centre-Back,Morocco,France,32,2766,3,1,379,West Ham United,2946,35000000.0,28000000.0,1.0,1.0,1.0,same_club
3303,Ricardo Pereira,EPL,2019-20,Leicester,D M,28,2520,3,3,2,18,27,1.265,1.265,4.019,11.06,8.116,1,0,215876,Ricardo Pereira,1993-10-06,25.9,175.0,right,Defender,Right-Back,Portugal,Portugal,28,2520,3,2,1003,Leicester City,2610,25000000.0,32000000.0,1.0,1.0,1.0,same_club
5549,Luka Milivojevic,EPL,2019-20,Crystal Palace,M S,31,2519,3,1,1,31,29,2.496,0.973,1.736,4.505,3.986,12,0,74300,Luka Milivojevic,1991-04-07,28.4,186.0,right,Midfield,Defensive Midfield,Serbia,Jugoslawien (SFR),31,2514,3,1,873,Crystal Palace,2578,20000000.0,20000000.0,0.999,1.0,0.998,same_club
5560,Scott McTominay,EPL,2019-20,Manchester United,M S,27,1771,3,3,1,29,16,2.022,2.022,1.431,5.719,4.454,2,0,315969,Scott McTominay,1996-12-08,22.73,193.0,right,Midfield,Central Midfield,Scotland,England,27,1771,4,1,985,Manchester United,2364,12000000.0,22500000.0,0.967,1.0,1.0,same_club
5595,Daniel James,EPL,2019-20,Manchester United,F M S,33,2291,3,3,6,42,26,3.603,3.603,4.264,11.159,5.399,4,0,319301,Daniel James,1997-11-10,21.81,171.0,right,Attack,Right Winger,Wales,England,33,2291,3,6,985,Manchester United,2777,12000000.0,22500000.0,1.0,1.0,1.0,same_club
5956,Youri Tielemans,EPL,2019-20,Leicester,M S,37,2849,3,3,6,56,53,2.792,2.792,5.186,17.104,11.132,2,0,249565,Youri Tielemans,1997-05-07,22.32,176.0,right,Midfield,Central Midfield,Belgium,Belgium,37,2834,3,6,1003,Leicester City,2954,38000000.0,44000000.0,0.998,1.0,0.995,same_club
6048,Lewis Dunk,EPL,2019-20,Brighton,D,36,3233,3,3,3,31,14,3.719,3.719,1.263,8.553,8.348,9,0,148153,Lewis Dunk,1991-11-21,27.78,192.0,right,Defender,Centre-Back,England,England,36,3231,3,3,1237,Brighton & Hove Albion,3231,12000000.0,16000000.0,1.0,1.0,0.999,same_club
6122,Douglas Luiz,EPL,2019-20,Aston Villa,M S,36,2602,3,3,2,38,17,2.278,2.278,2.004,5.57,3.397,8,0,447661,Douglas Luiz,1998-05-09,21.31,177.0,right,Midfield,Central Midfield,Brazil,Brazil,36,2608,3,2,405,Aston Villa,2608,2500000.0,18000000.0,0.999,1.0,0.998,same_club
6382,Pedro Neto,EPL,2019-20,Wolverhampton Wanderers,F M S,29,911,3,3,3,17,14,1.893,1.893,2.626,7.69,4.653,3,0,487465,Pedro Neto,2000-03-09,19.48,174.0,left,Attack,Right Winger,Portugal,Portugal,29,927,3,3,543,Wolverhampton Wanderers,1511,2500000.0,11500000.0,0.995,1.0,0.983,same_club
6504,Michael Obafemi,EPL,2019-20,Southampton,F S,21,654,3,3,2,12,10,2.155,2.155,1.225,2.884,0.515,1,0,444208,Michael Obafemi,2000-07-06,19.15,170.0,right,Attack,Centre-Forward,Ireland,Ireland,21,661,3,2,180,Southampton FC,747,1000000.0,4500000.0,0.997,1.0,0.989,same_club
7063,Bernard,EPL,2019-20,Everton,M S,27,1267,3,3,2,12,24,1.698,1.698,2.304,6.574,3.049,2,0,175169,Bernard,1992-09-08,26.98,167.0,right,Attack,Left Winger,Brazil,Brazil,27,1279,3,2,29,Everton FC,1290,20000000.0,16000000.0,0.997,1.0,0.991,same_club
7699,Adam Webster,EPL,2019-20,Brighton,D,31,2668,3,3,1,16,10,1.578,1.578,1.094,6.391,6.153,4,0,212847,Adam Webster,1995-01-04,24.66,190.0,right,Defender,Centre-Back,England,England,31,2670,3,1,1237,Brighton & Hove Albion,2760,9000000.0,12000000.0,1.0,1.0,0.999,same_club
7712,Billy Sharp,EPL,2019-20,Sheffield United,F S,25,1045,3,3,2,16,15,4.139,4.139,3.01,5.813,1.037,1,1,49542,Billy Sharp,1986-02-05,33.57,175.0,right,Attack,Centre-Forward,England,England,25,1047,3,2,350,Sheffield United,1192,2500000.0,1600000.0,0.999,1.0,0.998,same_club
7721,Conor Hourihane,EPL,2019-20,Aston Villa,M S,27,1549,3,3,5,29,38,1.628,1.628,5.731,6.008,3.157,4,0,61653,Conor Hourihane,1991-02-02,28.58,181.0,left,Midfield,Central Midfield,Ireland,Ireland,27,1539,3,5,405,Aston Villa,1629,6500000.0,6000000.0,0.998,1.0,0.994,same_club
7723,John McGinn,EPL,2019-20,Aston Villa,M S,28,2323,3,3,3,55,37,3.983,3.983,2.618,9.971,5.29,3,0,193116,John McGinn,1994-10-18,24.87,178.0,left,Midfield,Central Midfield,Scotland,Scotland,28,2317,3,3,405,Aston Villa,2317,6500000.0,16000000.0,0.999,1.0,0.997,same_club
7752,Gabriel Martinelli,EPL,2019-20,Arsenal,M S,14,643,3,3,0,12,2,2.242,2.242,0.114,2.996,0.64,1,0,655488,Gabriel Martinelli,2001-06-18,18.2,178.0,right,Attack,Left Winger,Brazil,Brazil,14,656,3,0,11,Arsenal FC,1283,5000000.0,25000000.0,0.994,1.0,0.98,same_club
7991,Aaron Connolly,EPL,2019-20,Brighton,F S,24,1279,3,3,1,36,6,4.554,4.554,0.562,4.357,0.354,0,0,434207,Aaron Connolly,2000-01-28,19.59,174.0,right,Attack,Centre-Forward,Ireland,Ireland,24,1261,3,2,1237,Brighton & Hove Albion,1306,,4000000.0,0.996,1.0,0.986,same_club
8288,Tomas Soucek,EPL,2019-20,West Ham,M S,13,1042,3,3,0,20,5,2.418,2.418,0.343,3.873,2.186,0,0,283628,Tomáš Souček,1995-02-27,24.51,192.0,right,Midfield,Defensive Midfield,Czech Republic,Czech Republic,13,1041,3,0,379,West Ham United,1761,7000000.0,12000000.0,1.0,1.0,0.999,same_club
8300,Steven Bergwijn,EPL,2019-20,Tottenham,F M S,14,698,3,3,1,9,13,1.178,1.178,1.129,2.955,1.404,2,0,284165,Steven Bergwijn,1997-10-08,21.9,171.0,right,Attack,Left Winger,Netherlands,Netherlands,14,703,3,1,148,Tottenham Hotspur,3198,35000000.0,28000000.0,0.998,1.0,0.993,same_club
76,Fabian Schär,EPL,2019-20,Newcastle United,D M S,22,1675,2,2,0,20,4,1.06,1.06,0.101,2.579,1.865,5,0,135343,Fabian Schär,1991-12-20,27.7,186.0,right,Defender,Centre-Back,Switzerland,Switzerland,22,1672,2,0,762,Newcastle United,2062,8000000.0,13000000.0,0.999,1.0,0.998,same_club
87,Joelinton,EPL,2019-20,Newcastle United,F M S,38,2722,2,2,2,50,29,6.031,6.031,3.101,12.042,4.822,7,0,333241,Joelinton,1996-08-14,23.05,186.0,right,Midfield,Central Midfield,Brazil,Brazil,38,2698,2,2,762,Newcastle United,3119,35000000.0,20000000.0,0.997,1.0,0.991,same_club
239,Pascal Groß,EPL,2019-20,Brighton,F M S,29,1812,2,2,4,29,59,1.456,1.456,5.955,8.312,6.019,4,0,82873,Pascal Groß,1991-06-15,28.21,181.0,right,Midfield,Central Midfield,Germany,Germany,29,1803,2,4,1237,Brighton & Hove Albion,1893,10000000.0,9500000.0,0.999,1.0,0.995,same_club
314,Ilkay Gündogan,EPL,2019-20,Manchester City,M S,31,2006,2,1,1,32,34,4.347,2.824,2.919,19.262,15.246,7,0,53622,İlkay Gündoğan,1990-10-24,28.85,180.0,right,Midfield,Central Midfield,Germany,Germany,31,2017,2,1,281,Manchester City,3164,50000000.0,40000000.0,0.998,1.0,0.995,same_club
371,Sokratis,EPL,2019-20,Arsenal,D,19,1698,2,2,0,7,2,1.451,1.451,0.753,4.342,4.342,6,0,34322,Sokratis Papastathopoulos,1988-06-09,31.23,186.0,right,Defender,Centre-Back,Greece,Greece,19,1697,2,0,11,Arsenal FC,2326,20000000.0,14500000.0,0.97,0.95,0.999,same_club
461,Matt Ritchie,EPL,2019-20,Newcastle United,D M S,18,1321,2,2,1,26,32,1.511,0.75,2.345,2.74,1.418,4,0,92469,Matt Ritchie,1989-09-10,29.97,173.0,left,Midfield,Right Midfield,Scotland,England,18,1314,2,1,762,Newcastle United,1619,12000000.0,9500000.0,0.998,1.0,0.995,same_club
489,James Milner,EPL,2019-20,Liverpool,D M S,22,895,2,0,2,12,11,2.165,0.642,0.935,6.646,5.741,4,0,3333,James Milner,1986-01-04,33.66,175.0,right,Midfield,Central Midfield,England,England,22,926,2,2,31,Liverpool FC,1528,15000000.0,6500000.0,0.99,1.0,0.967,same_club
501,Danny Welbeck,EPL,2019-20,Watford,F M S,18,791,2,2,0,22,3,3.386,3.386,0.235,3.557,0.285,0,0,67063,Danny Welbeck,1990-11-26,28.76,185.0,right,Attack,Centre-Forward,England,England,18,817,2,1,1010,Watford FC,817,12000000.0,5500000.0,0.99,1.0,0.968,same_club
503,Theo Walcott,EPL,2019-20,Everton,D M S,25,1310,2,2,3,31,19,3.481,3.481,3.973,8.397,2.607,1,0,33713,Theo Walcott,1989-03-16,30.46,175.0,both,Attack,Right Winger,England,England,25,1297,2,3,29,Everton FC,1376,18000000.0,12000000.0,0.997,1.0,0.99,same_club
528,Angelo Ogbonna,EPL,2019-20,West Ham,D,31,2790,2,2,0,13,2,1.303,1.303,0.07,2.948,2.817,4,0,48002,Angelo Ogbonna,1988-05-23,31.27,191.0,left,Defender,Centre-Back,Italy,Italy,31,2787,2,0,379,West Ham United,2922,8000000.0,6500000.0,1.0,1.0,0.999,same_club
579,Nathan Aké,EPL,2019-20,Bournemouth,D,29,2503,2,2,2,25,7,3.051,3.051,1.963,3.545,2.957,2,0,177476,Nathan Aké,1995-02-18,24.53,180.0,left,Defender,Centre-Back,Netherlands,Netherlands,29,2505,2,2,989,AFC Bournemouth,2595,30000000.0,28000000.0,1.0,1.0,0.999,same_club
606,Christian Benteke,EPL,2019-20,Crystal Palace,F S,24,1249,2,2,1,41,19,4.628,4.628,2.459,6.466,0.719,4,1,50201,Christian Benteke,1990-12-03,28.74,190.0,right,Attack,Centre-Forward,Belgium,Zaire,24,1258,2,1,873,Crystal Palace,1258,15000000.0,10500000.0,0.998,1.0,0.993,same_club
611,Nicolás Otamendi,EPL,2019-20,Manchester City,D S,24,1705,2,2,0,15,4,2.055,2.055,0.178,10.639,10.602,3,0,54781,Nicolás Otamendi,1988-02-12,31.55,182.0,right,Defender,Centre-Back,Argentina,Argentina,24,1711,2,0,281,Manchester City,2611,25000000.0,14500000.0,0.999,1.0,0.996,same_club
639,Toby Alderweireld,EPL,2019-20,Tottenham,D,33,2959,2,2,2,15,11,0.456,0.456,1.227,8.16,7.056,7,0,42710,Toby Alderweireld,1989-03-02,30.5,187.0,right,Defender,Centre-Back,Belgium,Belgium,33,2958,2,2,148,Tottenham Hotspur,3768,40000000.0,24000000.0,1.0,1.0,1.0,same_club
644,Erik Lamela,EPL,2019-20,Tottenham,F M S,25,1190,2,2,1,29,18,2.31,2.31,1.011,6.638,4.436,3,0,111630,Erik Lamela,1992-03-04,27.49,184.0,left,Attack,Right Winger,Argentina,Argentina,25,1211,2,2,148,Tottenham Hotspur,1648,18000000.0,16000000.0,0.995,1.0,0.983,same_club
646,Christian Eriksen,EPL,2019-20,Tottenham,F M S,20,1075,2,2,2,26,23,1.764,1.764,2.26,4.081,1.779,5,0,69633,Christian Eriksen,1992-02-14,27.55,182.0,right,Midfield,Attacking Midfield,Denmark,Denmark,20,1092,2,2,148,Tottenham Hotspur,2644,100000000.0,68000000.0,0.995,1.0,0.984,same_club
646,Christian Eriksen,EPL,2019-20,Tottenham,F M S,20,1075,2,2,2,26,23,1.764,1.764,2.26,4.081,1.779,5,0,69633,Christian Eriksen,1992-02-14,27.55,182.0,right,Midfield,Attacking Midfield,Denmark,Denmark,20,1092,2,2,148,Tottenham Hotspur,2644,100000000.0,68000000.0,0.999,1.0,0.997,same_club
669,Ashley Westwood,EPL,2019-20,Burnley,M,35,3150,2,2,6,13,54,1.175,1.175,7.077,9.226,6.144,9,0,91317,Ashley Westwood,1990-04-01,29.42,174.0,right,Midfield,Defensive Midfield,England,England,35,3150,2,6,1132,Burnley FC,3241,7000000.0,5500000.0,1.0,1.0,1.0,same_club
681,César Azpilicueta,EPL,2019-20,Chelsea,D,36,3234,2,2,6,29,45,2.594,2.594,6.034,18.327,14.643,1,0,57500,César Azpilicueta,1989-08-28,30.01,178.0,right,Defender,Centre-Back,Spain,Spain,36,3230,2,6,631,Chelsea FC,4313,35000000.0,24000000.0,1.0,1.0,0.999,same_club
708,Federico Fernández,EPL,2019-20,Newcastle United,D S,32,2610,2,2,2,15,4,1.781,1.781,1.465,4.351,3.797,8,0,85475,Federico Fernández,1989-02-21,30.52,190.0,right,Defender,Centre-Back,Argentina,Argentina,32,2618,2,3,762,Newcastle United,2798,7000000.0,5500000.0,0.999,1.0,0.997,same_club
714,Gylfi Sigurdsson,EPL,2019-20,Everton,M S,35,2580,2,1,3,46,52,4.019,3.258,4.012,11.046,7.521,3,0,90466,Gylfi Sigurdsson,1989-09-08,29.98,186.0,right,Midfield,Attacking Midfield,Iceland,Iceland,35,2564,2,3,29,Everton FC,2627,35000000.0,22500000.0,0.998,1.0,0.994,same_club
762,Demarai Gray,EPL,2019-20,Leicester,M S,21,580,2,2,3,23,16,2.767,2.006,2.234,4.819,1.812,1,0,292417,Demarai Gray,1996-06-28,23.18,183.0,right,Attack,Left Winger,Jamaica,England,21,608,2,3,1003,Leicester City,856,20000000.0,14500000.0,0.986,1.0,0.954,same_club
772,Moussa Sissoko,EPL,2019-20,Tottenham,D M S,29,2466,2,2,1,15,16,2.539,2.539,1.696,8.975,5.876,8,0,46001,Moussa Sissoko,1989-08-16,30.04,187.0,right,Midfield,Central Midfield,France,France,29,2456,2,1,148,Tottenham Hotspur,2873,25000000.0,20000000.0,0.999,1.0,0.996,same_club
804,Craig Dawson,EPL,2019-20,Watford,D S,29,2356,2,2,0,26,5,2.241,2.241,0.337,4.197,3.989,6,0,121477,Craig Dawson,1990-05-06,29.32,188.0,right,Defender,Centre-Back,England,England,29,2359,2,0,1010,Watford FC,2449,6000000.0,4800000.0,1.0,1.0,0.999,same_club
839,Shane Long,EPL,2019-20,Southampton,F S,26,1403,2,2,2,33,20,4.53,4.53,2.581,5.496,0.84,0,0,37304,Shane Long,1987-01-22,32.61,180.0,both,Attack,Centre-Forward,Ireland,Ireland,26,1399,2,3,180,Southampton FC,1570,7000000.0,2800000.0,0.999,1.0,0.997,same_club
875,Ciaran Clark,EPL,2019-20,Newcastle United,D,14,1192,2,2,0,6,1,0.752,0.752,0.055,2.049,2.009,3,0,98240,Ciaran Clark,1989-09-26,29.93,185.0,left,Defender,Centre-Back,Ireland,England,14,1188,2,0,762,Newcastle United,1302,6000000.0,4800000.0,0.999,1.0,0.997,same_club
1017,Matej Vydra,EPL,2019-20,Burnley,F S,19,794,2,2,1,18,8,4.004,4.004,0.746,5.321,0.667,0,0,101500,Matej Vydra,1992-05-01,27.33,180.0,right,Attack,Centre-Forward,Czech Republic,CSSR,19,812,2,1,1132,Burnley FC,853,8000000.0,4000000.0,0.993,1.0,0.978,same_club
1024,Tyrone Mings,EPL,2019-20,Aston Villa,D,33,2902,2,2,2,8,7,0.917,0.917,0.571,5.111,5.068,7,0,253677,Tyrone Mings,1993-03-13,26.47,196.0,left,Defender,Centre-Back,England,England,33,2903,2,2,405,Aston Villa,2903,5000000.0,22500000.0,1.0,1.0,1.0,same_club
1304,Moise Kean,EPL,2019-20,Everton,F S,29,783,2,2,2,30,10,4.14,4.14,2.337,6.866,1.086,1,0,364135,Moise Kean,2000-02-28,19.51,183.0,right,Attack,Centre-Forward,Italy,Italy,29,835,2,2,29,Everton FC,862,40000000.0,25000000.0,0.981,1.0,0.938,same_club
1653,Michael Keane,EPL,2019-20,Everton,D S,31,2550,2,2,0,14,6,2.022,2.022,0.669,5.469,4.87,3,0,118534,Michael Keane,1993-01-11,26.64,188.0,right,Defender,Centre-Back,England,England,31,2556,2,0,29,Everton FC,2556,30000000.0,20000000.0,0.999,1.0,0.998,same_club
1660,Andre Gray,EPL,2019-20,Watford,F S,23,725,2,2,0,19,10,2.59,2.59,1.866,4.649,0.298,1,0,120565,Andre Gray,1991-06-26,28.18,178.0,right,Attack,Centre-Forward,Jamaica,England,23,746,2,0,1010,Watford FC,956,15000000.0,9500000.0,0.992,1.0,0.972,same_club
1665,James Tarkowski,EPL,2019-20,Burnley,D,38,3420,2,2,2,21,15,2.622,2.622,3.587,3.145,2.992,10,0,173504,James Tarkowski,1992-11-19,26.78,185.0,right,Defender,Centre-Back,England,England,38,3420,2,2,1132,Burnley FC,3600,18000000.0,20000000.0,1.0,1.0,1.0,same_club
1676,David Luiz,EPL,2019-20,Arsenal,D S,33,2818,2,2,1,23,4,1.56,1.56,0.797,9.724,8.911,5,2,46741,David Luiz,1987-04-22,32.36,189.0,right,Defender,Centre-Back,Brazil,Brazil,33,2811,2,1,11,Arsenal FC,3644,20000000.0,12000000.0,0.999,1.0,0.998,same_club
1688,Andrew Robertson,EPL,2019-20,Liverpool,D S,36,3114,2,2,12,22,60,1.815,1.815,7.897,20.396,15.313,2,0,234803,Andrew Robertson,1994-03-11,25.48,178.0,left,Defender,Left-Back,Scotland,Scotland,36,3114,2,12,31,Liverpool FC,4243,60000000.0,64000000.0,1.0,1.0,1.0,same_club
1746,Jeff Hendrick,EPL,2019-20,Burnley,M S,24,1944,2,2,2,22,14,2.102,2.102,1.379,4.952,2.435,8,0,148262,Jeff Hendrick,1992-01-31,27.58,185.0,right,Midfield,Central Midfield,Ireland,Ireland,24,1935,2,2,1132,Burnley FC,2050,10000000.0,9000000.0,0.999,1.0,0.995,same_club
1822,Antonio Rüdiger,EPL,2019-20,Chelsea,D S,20,1710,2,2,0,12,5,0.93,0.93,1.178,6.22,6.191,3,0,86202,Antonio Rüdiger,1993-03-03,26.5,190.0,right,Defender,Centre-Back,Germany,Germany,20,1710,2,0,631,Chelsea FC,2238,50000000.0,40000000.0,1.0,1.0,1.0,same_club
2280,Jonny,EPL,2019-20,Wolverhampton Wanderers,D M S,35,2907,2,2,2,19,23,1.614,1.614,1.567,10.035,7.451,4,0,175446,Jonny Otto,1994-03-03,25.5,175.0,both,Defender,Right-Back,Spain,Spain,35,2892,2,2,543,Wolverhampton Wanderers,3657,20000000.0,16000000.0,0.968,0.95,0.995,same_club
2335,Pablo Fornals,EPL,2019-20,West Ham,M S,36,2190,2,2,5,36,19,2.643,2.643,2.299,7.556,4.669,3,0,357885,Pablo Fornals,1996-02-22,23.52,178.0,right,Midfield,Central Midfield,Spain,Spain,36,2179,2,5,379,West Ham United,2244,25000000.0,16000000.0,0.998,1.0,0.995,same_club
3420,Fabinho,EPL,2019-20,Liverpool,M S,28,2063,2,2,3,12,19,0.308,0.308,1.675,11.503,10.285,6,0,225693,Fabinho,1993-10-23,25.86,188.0,right,Midfield,Defensive Midfield,Brazil,Brazil,28,2074,2,3,31,Liverpool FC,2925,50000000.0,56000000.0,0.998,1.0,0.995,same_club
3491,Romain Saiss,EPL,2019-20,Wolverhampton Wanderers,D M S,33,2702,2,2,1,23,12,3.67,3.67,1.232,10.522,9.557,10,1,204198,Romain Saïss,1990-03-26,29.43,188.0,left,Defender,Centre-Back,Morocco,France,33,2706,2,1,543,Wolverhampton Wanderers,3903,5000000.0,4000000.0,1.0,1.0,0.999,same_club
4918,Patrick Cutrone,EPL,2019-20,Wolverhampton Wanderers,F S,12,291,2,2,0,11,2,2.289,2.289,0.484,2.311,0.0,0,0,265078,Patrick Cutrone,1998-01-03,21.66,183.0,right,Attack,Centre-Forward,Italy,Italy,12,295,2,0,543,Wolverhampton Wanderers,1631,28000000.0,15500000.0,0.996,1.0,0.986,same_club
4918,Patrick Cutrone,EPL,2019-20,Wolverhampton Wanderers,F S,12,291,2,2,0,11,2,2.289,2.289,0.484,2.311,0.0,0,0,265078,Patrick Cutrone,1998-01-03,21.66,183.0,right,Attack,Centre-Forward,Italy,Italy,12,295,2,0,543,Wolverhampton Wanderers,1631,28000000.0,15500000.0,0.997,1.0,0.989,same_club
5073,Florian Lejeune,EPL,2019-20,Newcastle United,D S,6,442,2,2,0,4,1,0.381,0.381,0.051,0.269,0.206,0,0,127108,Florian Lejeune,1991-05-20,28.28,190.0,right,Defender,Centre-Back,France,France,6,441,2,0,762,Newcastle United,628,8000000.0,4800000.0,0.999,1.0,0.998,same_club
5247,Naby Keita,EPL,2019-20,Liverpool,M S,18,812,2,2,3,12,15,1.723,1.723,3.216,9.588,5.73,1,0,302215,Naby Keïta,1995-02-10,24.56,172.0,right,Midfield,Central Midfield,Guinea,Guinea,18,813,2,3,31,Liverpool FC,1278,60000000.0,33500000.0,1.0,1.0,0.999,same_club
5545,Wilfred Ndidi,EPL,2019-20,Leicester,M S,32,2679,2,2,1,26,15,1.727,1.727,0.592,10.08,9.055,6,0,274839,Wilfred Ndidi,1996-12-16,22.71,183.0,right,Midfield,Defensive Midfield,Nigeria,Nigeria,32,2674,2,1,1003,Leicester City,2837,35000000.0,36000000.0,0.999,1.0,0.998,same_club
5962,Tanguy NDombele Alvaro,EPL,2019-20,Tottenham,M S,21,1002,2,2,2,9,12,0.353,0.353,0.798,5.341,4.963,3,0,450936,Tanguy Ndombélé,1996-12-28,22.67,181.0,right,Midfield,Central Midfield,France,France,21,1008,2,2,148,Tottenham Hotspur,1447,65000000.0,52000000.0,0.968,0.95,0.994,same_club
6033,Aaron Mooy,EPL,2019-20,Brighton,F M S,31,2095,2,2,2,33,39,2.518,2.518,3.749,8.612,4.264,1,1,123951,Aaron Mooy,1990-09-15,28.96,174.0,right,Midfield,Central Midfield,Australia,Australia,31,2089,2,2,1237,Brighton & Hove Albion,2089,14000000.0,9500000.0,0.999,1.0,0.997,same_club
6143,Jetro Willems,EPL,2019-20,Newcastle United,D S,19,1501,2,2,2,14,16,0.485,0.485,1.083,3.265,1.965,0,0,146258,Jetro Willems,1994-03-30,25.42,177.0,left,Defender,Centre-Back,Netherlands,Netherlands Antilles,19,1501,2,2,762,Newcastle United,1501,5000000.0,5500000.0,1.0,1.0,1.0,same_club
6477,Cenk Tosun,EPL,2019-20,"Crystal Palace,Everton",F S,10,467,2,2,0,15,5,1.913,1.913,0.623,2.32,0.262,0,0,45671,Cenk Tosun,1991-06-07,28.24,183.0,right,Attack,Centre-Forward,Türkiye,Germany,10,466,2,0,"29,873","Everton FC,Crystal Palace",466,18000000.0,12000000.0,0.999,1.0,0.998,same_club
6482,Eddie Nketiah,EPL,2019-20,Arsenal,F S,13,629,2,2,0,15,5,3.479,3.479,0.631,4.135,0.578,0,1,340324,Eddie Nketiah,1999-05-30,20.26,175.0,right,Attack,Centre-Forward,England,England,13,633,2,0,11,Arsenal FC,844,8000000.0,11000000.0,0.998,1.0,0.994,same_club
6521,Yerry Mina,EPL,2019-20,Everton,D S,29,2276,2,2,1,30,7,3.082,3.082,1.718,4.244,3.931,3,0,289446,Yerry Mina,1994-09-23,24.94,195.0,right,Defender,Centre-Back,Colombia,Colombia,29,2282,2,1,29,Everton FC,2372,25000000.0,20000000.0,0.999,1.0,0.997,same_club
6756,Dwight McNeil,EPL,2019-20,Burnley,M,38,3360,2,2,6,48,55,1.939,1.939,7.562,10.702,3.791,5,0,584769,Dwight McNeil,1999-11-22,19.78,183.0,left,Attack,Left Winger,England,England,38,3345,2,6,1132,Burnley FC,3355,15000000.0,18000000.0,0.999,1.0,0.996,same_club
6842,Alireza Jahanbakhsh,EPL,2019-20,Brighton,F M S,10,301,2,2,0,12,4,0.586,0.586,0.993,1.589,0.735,0,0,213268,Alireza Jahanbakhsh,1993-08-11,26.06,180.0,right,Attack,Right Winger,Iran,Iran,10,308,2,0,1237,Brighton & Hove Albion,335,15000000.0,6500000.0,0.993,1.0,0.977,same_club
6853,Rúben Neves,EPL,2019-20,Wolverhampton Wanderers,M S,38,3081,2,2,2,61,29,1.638,1.638,2.606,13.926,11.201,9,0,225161,Rúben Neves,1997-03-13,22.47,183.0,right,Midfield,Defensive Midfield,Portugal,Portugal,38,3060,2,2,543,Wolverhampton Wanderers,4162,45000000.0,40000000.0,0.998,1.0,0.993,same_club
7701,Moussa Djenepo,EPL,2019-20,Southampton,D F M S,18,920,2,2,2,20,11,2.24,2.24,2.051,5.602,2.57,4,1,485424,Moussa Djenepo,1998-06-15,21.21,177.0,right,Attack,Left Winger,Mali,Mali,18,925,2,2,180,Southampton FC,972,12000000.0,11000000.0,0.998,1.0,0.995,same_club
7703,John Egan,EPL,2019-20,Sheffield United,D,36,3193,2,2,0,27,1,2.687,2.687,0.452,3.889,3.759,3,1,121324,John Egan,1992-10-20,26.86,185.0,right,Defender,Centre-Back,Ireland,Ireland,36,3189,2,0,350,Sheffield United,3399,5500000.0,9500000.0,1.0,1.0,0.999,same_club
7706,George Baldock,EPL,2019-20,Sheffield United,D,38,3420,2,2,3,13,22,0.763,0.763,1.625,8.718,7.148,7,0,146690,George Baldock,1993-03-09,26.48,178.0,right,Defender,Right-Back,Greece,England,38,3420,2,4,350,Sheffield United,3602,1000000.0,4800000.0,1.0,1.0,1.0,same_club
7707,Enda Stevens,EPL,2019-20,Sheffield United,D,38,3350,2,2,4,22,34,1.521,1.521,5.415,13.61,10.105,7,0,85706,Enda Stevens,1990-07-09,29.15,183.0,left,Defender,Left-Back,Ireland,Ireland,38,3346,2,4,350,Sheffield United,3436,3500000.0,5500000.0,1.0,1.0,0.999,same_club
7711,David McGoldrick,EPL,2019-20,Sheffield United,F S,28,1841,2,2,2,45,17,8.716,8.716,2.095,12.239,3.086,2,0,35416,David McGoldrick,1987-11-29,31.76,184.0,right,Attack,Centre-Forward,Ireland,England,28,1824,2,2,350,Sheffield United,1993,2000000.0,1600000.0,0.997,1.0,0.991,same_club
8016,Matthew Longstaff,EPL,2019-20,Newcastle United,M S,9,564,2,2,0,4,3,0.697,0.697,0.19,1.106,0.251,1,0,484387,Matty Longstaff,2000-03-21,19.45,171.0,right,Midfield,Central Midfield,England,England,9,572,2,0,762,Newcastle United,903,,3600000.0,0.966,0.95,0.986,same_club
12,Mario Vrancic,EPL,2019-20,Norwich,M S,20,613,1,1,0,14,7,1.098,1.098,1.03,1.72,1.226,3,0,39372,Mario Vrancic,1989-05-23,30.28,187.0,left,Midfield,Central Midfield,Bosnia-Herzegovina,Jugoslawien (SFR),20,628,1,0,1123,Norwich City,785,3500000.0,2000000.0,0.993,1.0,0.976,same_club
111,Jannik Vestergaard,EPL,2019-20,Southampton,D S,19,1500,1,1,0,12,6,0.677,0.677,0.755,3.914,3.75,3,0,99331,Jannik Vestergaard,1992-08-03,27.08,199.0,both,Defender,Centre-Back,Denmark,Denmark,19,1497,1,0,180,Southampton FC,1637,20000000.0,12000000.0,0.999,1.0,0.998,same_club
191,Chicharito,EPL,2019-20,West Ham,F S,2,107,1,1,0,3,0,0.883,0.883,0.0,0.896,0.07,0,0,50935,Chicharito,1988-06-01,31.25,175.0,right,Attack,Centre-Forward,Mexico,Mexico,2,107,1,0,379,West Ham United,902,12000000.0,6800000.0,1.0,1.0,1.0,same_club
191,Chicharito,EPL,2019-20,West Ham,F S,2,107,1,1,0,3,0,0.883,0.883,0.0,0.896,0.07,0,0,50935,Chicharito,1988-06-01,31.25,175.0,right,Attack,Centre-Forward,Mexico,Mexico,2,107,1,0,379,West Ham United,902,12000000.0,6800000.0,0.996,1.0,0.987,same_club
204,Granit Xhaka,EPL,2019-20,Arsenal,M S,31,2598,1,1,2,11,16,0.571,0.571,0.972,12.974,12.263,10,0,111455,Granit Xhaka,1992-09-27,26.93,183.0,left,Midfield,Defensive Midfield,Switzerland,Switzerland,31,2591,1,2,11,Arsenal FC,3434,45000000.0,24000000.0,0.999,1.0,0.997,same_club
209,Josip Drmic,EPL,2019-20,Norwich,F S,21,609,1,1,0,14,4,2.934,2.934,0.949,2.379,0.244,0,1,140579,Josip Drmic,1992-08-08,27.06,184.0,right,Attack,Centre-Forward,Switzerland,Switzerland,21,636,1,0,1123,Norwich City,894,3000000.0,1600000.0,0.987,1.0,0.958,same_club
332,Joel Matip,EPL,2019-20,Liverpool,D S,9,706,1,1,0,4,1,0.302,0.302,0.016,1.555,1.54,0,0,82105,Joel Matip,1991-08-08,28.07,195.0,right,Defender,Centre-Back,Cameroon,Germany,9,704,1,0,31,Liverpool FC,1016,30000000.0,32000000.0,0.999,1.0,0.997,same_club
458,Steve Cook,EPL,2019-20,Bournemouth,D S,29,2431,1,1,0,12,4,0.619,0.619,0.696,3.924,3.798,6,1,90836,Steve Cook,1991-04-19,28.37,185.0,right,Defender,Centre-Back,England,England,29,2430,1,0,989,AFC Bournemouth,2532,10000000.0,9500000.0,1.0,1.0,1.0,same_club
486,Adam Lallana,EPL,2019-20,Liverpool,M S,15,362,1,1,1,5,4,0.809,0.809,0.654,3.721,2.314,1,0,43530,Adam Lallana,1988-05-10,31.31,172.0,both,Midfield,Attacking Midfield,England,England,15,374,1,1,31,Liverpool FC,690,15000000.0,9500000.0,0.99,1.0,0.968,same_club
492,Héctor Bellerín,EPL,2019-20,Arsenal,D M S,15,1164,1,1,0,7,3,0.433,0.433,0.45,4.19,3.454,2,0,191217,Héctor Bellerín,1995-03-19,24.45,178.0,right,Defender,Right-Back,Spain,Spain,15,1159,1,0,11,Arsenal FC,1693,40000000.0,32000000.0,0.999,1.0,0.996,same_club
499,Mesut Özil,EPL,2019-20,Arsenal,M,18,1472,1,1,2,9,37,1.708,1.708,2.287,8.399,6.21,1,0,35664,Mesut Özil,1988-10-15,30.88,180.0,left,Midfield,Attacking Midfield,Germany,Germany,18,1449,1,2,11,Arsenal FC,1676,25000000.0,17500000.0,0.995,1.0,0.984,same_club
500,Alex Iwobi,EPL,2019-20,Everton,F M S,25,1637,1,1,0,23,24,2.479,2.479,2.225,7.123,3.298,0,0,242631,Alex Iwobi,1996-05-03,23.33,183.0,right,Attack,Left Winger,Nigeria,Nigeria,25,1601,1,0,29,Everton FC,1601,25000000.0,25500000.0,0.993,1.0,0.978,same_club
508,Calum Chambers,EPL,2019-20,Arsenal,D S,14,1102,1,1,1,12,7,0.633,0.633,2.241,4.406,3.21,5,0,215118,Calum Chambers,1995-01-20,24.61,182.0,right,Defender,Centre-Back,England,England,14,1103,1,1,11,Arsenal FC,1295,14000000.0,14500000.0,1.0,1.0,0.999,same_club
519,Connor Wickham,EPL,2019-20,Crystal Palace,S,6,78,1,1,1,3,3,1.116,1.116,0.424,1.451,0.02,0,0,95435,Connor Wickham,1993-03-31,26.42,189.0,right,Attack,Centre-Forward,England,England,6,90,1,1,873,Crystal Palace,180,3000000.0,1200000.0,0.96,1.0,0.867,same_club
530,James Tomkins,EPL,2019-20,Crystal Palace,D,18,1589,1,1,1,9,2,1.054,1.054,0.119,2.649,2.53,5,0,61592,James Tomkins,1989-03-29,30.43,192.0,right,Defender,Centre-Back,England,England,18,1586,1,1,873,Crystal Palace,1603,8000000.0,4000000.0,0.999,1.0,0.998,same_club
532,Cheikhou Kouyaté,EPL,2019-20,Crystal Palace,D M S,35,2560,1,1,1,24,10,2.118,2.118,0.769,3.463,1.34,4,0,66934,Cheikhou Kouyaté,1989-12-21,29.69,189.0,right,Midfield,Defensive Midfield,Senegal,Senegal,35,2536,1,1,873,Crystal Palace,2626,10000000.0,8000000.0,0.997,1.0,0.991,same_club
558,Jesse Lingard,EPL,2019-20,Manchester United,M S,22,919,1,1,0,22,20,2.328,2.328,1.11,7.163,3.928,3,0,141660,Jesse Lingard,1992-12-15,26.71,174.0,right,Midfield,Attacking Midfield,England,England,22,932,1,0,985,Manchester United,1600,40000000.0,17500000.0,0.996,1.0,0.986,same_club
592,Ross Barkley,EPL,2019-20,Chelsea,M S,21,1100,1,1,4,40,24,2.845,2.845,2.86,10.342,6.37,0,0,131978,Ross Barkley,1993-12-05,25.74,189.0,right,Midfield,Central Midfield,England,England,21,1104,1,4,631,Chelsea FC,1611,30000000.0,21500000.0,0.999,1.0,0.996,same_club
596,Tom Cleverley,EPL,2019-20,Watford,M S,18,952,1,1,0,17,15,1.78,1.78,0.718,4.647,2.588,2,0,73484,Tom Cleverley,1989-08-12,30.05,175.0,right,Midfield,Central Midfield,England,England,18,966,1,0,1010,Watford FC,966,7000000.0,4800000.0,0.996,1.0,0.986,same_club
638,Kyle Walker,EPL,2019-20,Manchester City,D S,29,2407,1,1,4,14,19,1.312,1.312,1.931,17.875,16.141,5,0,95424,Kyle Walker,1990-05-28,29.26,183.0,right,Defender,Right-Back,England,England,29,2396,1,4,281,Manchester City,3090,50000000.0,40000000.0,0.999,1.0,0.995,same_club
640,Jan Vertonghen,EPL,2019-20,Tottenham,D S,23,1651,1,1,1,4,3,0.638,0.638,1.018,4.369,3.716,2,0,43250,Jan Vertonghen,1987-04-24,32.36,189.0,left,Defender,Centre-Back,Belgium,Belgium,23,1646,1,1,148,Tottenham Hotspur,2253,28000000.0,14500000.0,0.999,1.0,0.997,same_club
687,Pedro,EPL,2019-20,Chelsea,F M S,11,661,1,1,1,22,17,2.472,2.472,1.071,4.754,1.557,1,0,65278,Pedro,1987-07-28,32.1,167.0,both,Attack,Right Winger,Spain,Spain,11,662,1,1,631,Chelsea FC,1188,20000000.0,9500000.0,1.0,1.0,0.998,same_club
703,Fikayo Tomori,EPL,2019-20,Chelsea,D,15,1299,1,1,0,7,4,0.563,0.563,0.12,5.061,4.995,3,0,303254,Fikayo Tomori,1997-12-19,21.7,185.0,right,Defender,Centre-Back,England,Canada,15,1293,1,0,631,Chelsea FC,1868,7000000.0,16000000.0,0.999,1.0,0.995,same_club
727,DeAndre Yedlin,EPL,2019-20,Newcastle United,D S,16,935,1,1,0,1,7,0.752,0.752,0.267,2.288,1.34,3,0,255916,DeAndre Yedlin,1993-07-09,26.15,173.0,right,Defender,Right-Back,United States,United States,16,936,1,0,762,Newcastle United,1252,8000000.0,6500000.0,1.0,1.0,0.999,same_club
766,Jamaal Lascelles,EPL,2019-20,Newcastle United,D,24,2084,1,1,0,9,2,0.441,0.441,0.142,2.999,2.854,5,0,183318,Jamaal Lascelles,1993-11-11,25.8,188.0,right,Defender,Centre-Back,England,England,24,2079,1,0,762,Newcastle United,2526,15000000.0,14500000.0,0.999,1.0,0.998,same_club
775,Andros Townsend,EPL,2019-20,Crystal Palace,M S,24,1272,1,1,1,12,13,0.396,0.396,1.714,2.363,1.201,0,0,61842,Andros Townsend,1991-07-16,28.13,181.0,left,Attack,Right Winger,England,England,24,1289,1,1,873,Crystal Palace,1289,15000000.0,12000000.0,0.996,1.0,0.987,same_club
789,Robbie Brady,EPL,2019-20,Burnley,M S,17,436,1,1,2,12,9,0.996,0.996,0.318,1.496,0.889,1,0,128229,Robbie Brady,1992-01-14,27.63,176.0,left,Midfield,Left Midfield,Ireland,Ireland,17,449,1,2,1132,Burnley FC,529,8000000.0,4800000.0,0.991,1.0,0.971,same_club
791,Alexander Tettey,EPL,2019-20,Norwich,D M S,30,2372,1,1,1,23,5,0.677,0.677,0.49,5.791,5.039,5,0,12384,Alexander Tettey,1986-04-04,33.41,181.0,right,Midfield,Defensive Midfield,Norway,Ghana,30,2352,1,1,1123,Norwich City,2503,2000000.0,1600000.0,0.997,1.0,0.992,same_club
807,Jonny Evans,EPL,2019-20,Leicester,D,38,3390,1,1,1,23,8,2.481,2.481,0.381,10.939,10.735,8,1,42412,Jonny Evans,1988-01-03,31.66,188.0,both,Defender,Centre-Back,Northern Ireland,Northern Ireland,38,3386,1,2,1003,Leicester City,3566,10000000.0,12000000.0,1.0,1.0,0.999,same_club
835,Ryan Bertrand,EPL,2019-20,Southampton,D M S,32,2742,1,1,1,19,30,2.062,2.062,3.522,8.075,5.929,3,1,40611,Ryan Bertrand,1989-08-05,30.07,179.0,left,Defender,Left-Back,England,England,32,2744,1,1,180,Southampton FC,2924,15000000.0,10500000.0,1.0,1.0,0.999,same_club
847,Cédric Soares,EPL,2019-20,"Arsenal,Southampton",D S,21,1567,1,1,1,10,12,0.657,0.657,0.83,3.044,1.997,1,0,112988,Cédric Soares,1991-08-31,28.0,171.0,right,Defender,Right-Back,Portugal,Germany,21,1559,1,1,"11,180","Arsenal FC,Southampton FC",1574,12000000.0,8000000.0,0.998,1.0,0.995,same_club
882,Glenn Murray,EPL,2019-20,Brighton,F S,23,761,1,1,1,18,3,2.606,2.606,0.868,3.275,0.604,0,0,45693,Glenn Murray,1983-09-25,35.93,186.0,right,Attack,Centre-Forward,England,England,23,790,1,1,1237,Brighton & Hove Albion,790,3000000.0,1600000.0,0.989,1.0,0.963,same_club
884,Matt Targett,EPL,2019-20,Aston Villa,D S,28,2305,1,1,2,7,29,0.394,0.394,3.3,7.988,6.494,4,0,250478,Matt Targett,1995-09-18,23.95,183.0,left,Defender,Left-Back,England,England,28,2295,1,2,405,Aston Villa,2295,7000000.0,10500000.0,0.999,1.0,0.996,same_club
888,Xherdan Shaqiri,EPL,2019-20,Liverpool,M S,7,175,1,1,0,4,3,0.541,0.541,0.178,0.724,0.045,0,0,86792,Xherdan Shaqiri,1991-10-10,27.89,169.0,left,Midfield,Attacking Midfield,Switzerland,Jugoslawien (SFR),7,182,1,0,31,Liverpool FC,265,25000000.0,16000000.0,0.988,1.0,0.962,same_club
922,Andreas Pereira,EPL,2019-20,Manchester United,M S,25,1501,1,1,3,37,31,2.286,2.286,3.708,8.949,4.527,3,0,203394,Andreas Pereira,1996-01-01,23.67,178.0,right,Midfield,Central Midfield,Brazil,Belgium,25,1489,1,3,985,Manchester United,1948,10000000.0,16000000.0,0.998,1.0,0.992,same_club
1042,Tom Davies,EPL,2019-20,Everton,M S,30,2025,1,1,0,17,6,1.64,1.64,0.534,6.296,5.533,8,0,314210,Tom Davies,1998-06-30,21.17,180.0,right,Midfield,Central Midfield,England,England,30,2026,1,0,29,Everton FC,2026,15000000.0,16000000.0,1.0,1.0,1.0,same_club
1208,Felipe Anderson,EPL,2019-20,West Ham,M S,25,1531,1,1,4,23,25,2.635,2.635,2.647,8.101,3.815,1,0,159372,Felipe Anderson,1993-04-15,26.38,175.0,right,Attack,Left Winger,Brazil,Brazil,25,1505,1,4,379,West Ham United,1595,40000000.0,32000000.0,0.995,1.0,0.983,same_club
1227,Lucas Torreira,EPL,2019-20,Arsenal,M S,29,1496,1,1,1,21,13,1.457,1.457,0.826,6.481,4.914,7,0,318077,Lucas Torreira,1996-02-11,23.55,166.0,right,Midfield,Defensive Midfield,Uruguay,Uruguay,29,1508,1,1,11,Arsenal FC,1880,55000000.0,36000000.0,0.998,1.0,0.992,same_club
1234,Dennis Praet,EPL,2019-20,Leicester,M S,27,1124,1,1,2,16,9,1.208,1.208,1.493,6.807,5.091,2,0,129588,Dennis Praet,1994-05-14,25.3,181.0,right,Midfield,Central Midfield,Belgium,Belgium,27,1133,1,2,1003,Leicester City,1460,24000000.0,19000000.0,0.998,1.0,0.992,same_club
1441,Adam Masina,EPL,2019-20,Watford,D S,26,1818,1,1,0,15,10,0.849,0.849,0.418,2.982,2.146,3,0,286949,Adam Masina,1994-01-02,25.66,191.0,left,Defender,Centre-Back,Morocco,Morocco,26,1818,1,0,1010,Watford FC,1908,7000000.0,5500000.0,1.0,1.0,1.0,same_club
1654,Ben Mee,EPL,2019-20,Burnley,D,32,2880,1,1,1,17,9,1.305,1.305,1.78,1.88,1.744,7,0,74810,Ben Mee,1989-09-21,29.94,180.0,left,Defender,Centre-Back,England,England,32,2880,1,1,1132,Burnley FC,2880,10000000.0,8000000.0,1.0,1.0,1.0,same_club
1663,Johann Berg Gudmundsson,EPL,2019-20,Burnley,M S,12,629,1,1,1,10,14,0.724,0.724,0.918,1.566,1.006,0,0,89231,Jóhann Berg Gudmundsson,1990-10-27,28.85,186.0,left,Attack,Right Winger,Iceland,Iceland,12,622,1,1,1132,Burnley FC,667,10000000.0,8000000.0,0.997,1.0,0.989,same_club
1678,Michy Batshuayi,EPL,2019-20,Chelsea,F S,16,194,1,1,1,15,3,3.039,3.039,0.203,3.129,0.22,0,0,179184,Michy Batshuayi,1993-10-02,25.91,185.0,right,Attack,Centre-Forward,Belgium,Belgium,16,224,1,1,631,Chelsea FC,489,30000000.0,17500000.0,0.96,1.0,0.866,same_club
1683,Ryan Fraser,EPL,2019-20,Bournemouth,F M S,28,2054,1,1,4,27,44,3.464,3.464,3.601,9.424,4.504,2,0,146795,Ryan Fraser,1994-02-24,25.52,163.0,right,Attack,Left Winger,Scotland,Scotland,28,2063,1,4,989,AFC Bournemouth,2233,30000000.0,17500000.0,0.999,1.0,0.996,same_club
1685,Ahmed Elmohamady,EPL,2019-20,Aston Villa,D M S,18,1007,1,1,1,5,22,0.196,0.196,2.221,3.628,2.726,1,0,66333,Ahmed Elmohamady,1987-09-09,31.98,182.0,right,Defender,Right-Back,Egypt,Egypt,18,1026,1,1,405,Aston Villa,1116,3000000.0,2000000.0,0.994,1.0,0.981,same_club
1687,Harry Maguire,EPL,2019-20,Manchester United,D,38,3420,1,1,0,31,16,2.772,2.772,0.454,12.03,11.715,6,0,177907,Harry Maguire,1993-03-05,26.49,194.0,right,Defender,Centre-Back,England,England,38,3420,1,1,985,Manchester United,4692,50000000.0,56000000.0,1.0,1.0,1.0,same_club
1735,Jack Stephens,EPL,2019-20,Southampton,D S,28,2456,1,1,3,6,8,0.933,0.933,1.175,5.805,4.653,4,1,163744,Jack Stephens,1994-01-27,25.59,185.0,right,Defender,Centre-Back,England,England,28,2453,1,3,180,Southampton FC,2633,8000000.0,5500000.0,1.0,1.0,0.999,same_club
1740,Paul Pogba,EPL,2019-20,Manchester United,M S,16,1206,1,1,3,22,30,2.151,1.39,3.056,8.766,7.232,1,0,122153,Paul Pogba,1993-03-15,26.46,191.0,both,Midfield,Central Midfield,France,France,16,1205,1,4,985,Manchester United,1519,100000000.0,80000000.0,1.0,1.0,0.999,same_club
1776,Jarrod Bowen,EPL,2019-20,West Ham,M S,13,935,1,1,4,24,15,2.316,2.316,2.612,5.649,2.03,0,0,314875,Jarrod Bowen,1996-12-20,22.7,176.0,left,Attack,Right Winger,England,England,13,921,1,4,379,West Ham United,1040,10000000.0,16000000.0,0.996,1.0,0.985,same_club
2182,Jefferson Lerma,EPL,2019-20,Bournemouth,M S,33,2724,1,1,2,30,11,0.815,0.815,1.531,8.758,8.174,11,1,262980,Jefferson Lerma,1994-10-25,24.85,180.0,right,Midfield,Defensive Midfield,Colombia,Colombia,33,2709,1,2,989,AFC Bournemouth,2709,25000000.0,20000000.0,0.998,1.0,0.994,same_club
2203,Emiliano Buendía,EPL,2019-20,Norwich,M S,36,2462,1,1,7,40,83,2.17,2.17,7.191,12.548,7.511,6,1,321247,Emiliano Buendía,1996-12-25,22.68,172.0,right,Attack,Left Winger,Argentina,Argentina,36,2463,1,7,1123,Norwich City,2650,8000000.0,14500000.0,1.0,1.0,1.0,same_club
2254,Mateo Kovacic,EPL,2019-20,Chelsea,M S,31,2086,1,1,3,21,28,0.973,0.973,1.848,10.112,9.035,8,0,51471,Mateo Kovacic,1994-05-06,25.32,178.0,right,Midfield,Central Midfield,Croatia,Austria,31,2074,1,3,631,Chelsea FC,3192,35000000.0,36000000.0,0.998,1.0,0.994,same_club
2498,Aymeric Laporte,EPL,2019-20,Manchester City,D S,15,1112,1,1,0,4,3,0.719,0.719,0.179,7.432,7.252,1,0,176553,Aymeric Laporte,1994-05-27,25.26,191.0,left,Defender,Centre-Back,Spain,France,15,1104,1,0,281,Manchester City,1497,75000000.0,60000000.0,0.998,1.0,0.993,same_club
3422,João Moutinho,EPL,2019-20,Wolverhampton Wanderers,M S,38,3100,1,1,6,22,76,0.688,0.688,6.775,11.933,10.859,7,0,29364,João Moutinho,1986-09-08,32.98,170.0,right,Midfield,Central Midfield,Portugal,Portugal,38,3108,1,6,543,Wolverhampton Wanderers,4598,10000000.0,8000000.0,0.999,1.0,0.997,same_club
3600,Serge Aurier,EPL,2019-20,Tottenham,D M S,33,2716,1,1,5,13,33,0.485,0.485,3.602,10.132,6.796,2,1,127032,Serge Aurier,1992-12-24,26.69,176.0,right,Defender,Right-Back,Cote d'Ivoire,Cote d'Ivoire,33,2706,1,5,148,Tottenham Hotspur,3546,18000000.0,16000000.0,0.999,1.0,0.996,same_club
4068,Florin Andone,EPL,2019-20,Brighton,F S,3,69,1,1,0,1,1,0.365,0.365,0.058,0.365,0.0,0,1,177065,Florin Andone,1993-04-11,26.39,181.0,right,Attack,Centre-Forward,Romania,Romania,3,72,1,0,1237,Brighton & Hove Albion,723,6000000.0,3200000.0,0.99,1.0,0.967,same_club
4476,Callum Robinson,EPL,2019-20,Sheffield United,F S,16,674,1,1,1,12,4,1.561,1.561,0.653,2.836,0.702,1,0,183299,Callum Robinson,1995-02-02,24.58,178.0,right,Attack,Centre-Forward,Ireland,England,16,676,1,2,350,Sheffield United,831,4500000.0,5500000.0,0.999,1.0,0.997,same_club
5264,Caglar Söyüncü,EPL,2019-20,Leicester,D,34,3042,1,1,1,17,5,1.432,1.432,0.31,6.562,6.456,4,1,320141,Çağlar Söyüncü,1996-05-23,23.27,185.0,both,Defender,Centre-Back,Türkiye,Türkiye,34,3037,1,1,1003,Leicester City,3371,15000000.0,32000000.0,1.0,1.0,0.998,same_club
5553,Declan Rice,EPL,2019-20,West Ham,D M,38,3420,1,1,3,31,22,1.266,1.266,1.306,8.693,7.637,6,0,357662,Declan Rice,1999-01-14,20.63,188.0,right,Midfield,Central Midfield,England,England,38,3420,1,3,379,West Ham United,3600,45000000.0,49500000.0,1.0,1.0,1.0,same_club
5609,Yves Bissouma,EPL,2019-20,Brighton,M S,22,1270,1,1,0,16,4,0.405,0.405,0.136,3.369,2.932,4,0,410425,Yves Bissouma,1996-08-30,23.0,182.0,right,Midfield,Defensive Midfield,Mali,Cote d'Ivoire,22,1262,1,0,1237,Brighton & Hove Albion,1325,15000000.0,9500000.0,0.998,1.0,0.994,same_club
6034,Philip Billing,EPL,2019-20,Bournemouth,M S,34,2542,1,1,1,33,15,2.275,2.275,1.434,6.999,5.093,8,0,320411,Philip Billing,1996-06-11,23.22,193.0,left,Midfield,Central Midfield,Denmark,Denmark,34,2533,1,1,989,AFC Bournemouth,2623,7000000.0,14500000.0,0.999,1.0,0.996,same_club
6042,Jan Bednarek,EPL,2019-20,Southampton,D,34,3059,1,1,1,7,3,1.061,1.061,1.094,4.89,4.873,4,0,243028,Jan Bednarek,1996-04-12,23.39,189.0,right,Defender,Centre-Back,Poland,Poland,34,3058,1,1,180,Southampton FC,3238,15000000.0,12000000.0,1.0,1.0,1.0,same_club
6047,Shane Duffy,EPL,2019-20,Brighton,D S,19,1226,1,1,0,7,2,1.256,1.256,0.134,2.052,1.914,2,0,119269,Shane Duffy,1992-01-01,27.67,193.0,right,Defender,Centre-Back,Ireland,Northern Ireland,19,1232,1,0,1237,Brighton & Hove Albion,1502,12000000.0,9500000.0,0.999,1.0,0.995,same_club
6050,Davy Pröpper,EPL,2019-20,Brighton,M S,35,2826,1,1,2,29,29,1.866,1.866,2.978,11.893,8.669,4,0,79027,Davy Pröpper,1991-09-02,28.0,185.0,right,Midfield,Central Midfield,Netherlands,Netherlands,35,2828,1,2,1237,Brighton & Hove Albion,2828,15000000.0,13500000.0,1.0,1.0,0.999,same_club
6062,Isaac Hayden,EPL,2019-20,Newcastle United,D M S,29,2224,1,1,2,18,15,1.391,1.391,2.534,7.83,4.894,4,1,206225,Isaac Hayden,1995-03-22,24.45,187.0,right,Midfield,Defensive Midfield,Jamaica,England,29,2226,1,2,762,Newcastle United,2520,8000000.0,8000000.0,1.0,1.0,0.999,same_club
6080,Victor Lindelöf,EPL,2019-20,Manchester United,D,35,3100,1,1,0,6,4,0.184,0.184,0.37,8.878,8.868,6,0,184573,Victor Lindelöf,1994-07-17,25.13,187.0,right,Defender,Centre-Back,Sweden,Sweden,35,3093,1,0,985,Manchester United,3862,35000000.0,28000000.0,0.999,1.0,0.998,same_club
6104,Will Hughes,EPL,2019-20,Watford,M S,30,2300,1,1,1,27,25,2.388,2.388,2.177,6.43,3.399,9,0,207014,Will Hughes,1995-04-17,24.38,185.0,left,Midfield,Central Midfield,England,England,30,2262,1,1,1010,Watford FC,2262,18000000.0,14500000.0,0.995,1.0,0.983,same_club
6352,Valentino Lazaro,EPL,2019-20,Newcastle United,D M S,13,455,1,1,0,4,6,0.493,0.493,0.178,1.675,1.189,0,1,186368,Valentino Lazaro,1996-03-24,23.44,181.0,right,Midfield,Right Midfield,Austria,Austria,13,474,1,0,762,Newcastle United,1092,17000000.0,15000000.0,0.988,1.0,0.96,same_club
6352,Valentino Lazaro,EPL,2019-20,Newcastle United,D M S,13,455,1,1,0,4,6,0.493,0.493,0.178,1.675,1.189,0,1,186368,Valentino Lazaro,1996-03-24,23.44,181.0,right,Midfield,Right Midfield,Austria,Austria,13,474,1,0,762,Newcastle United,1092,17000000.0,15000000.0,0.999,1.0,0.997,same_club
6418,Hamza Choudhury,EPL,2019-20,Leicester,M S,20,879,1,1,1,7,4,0.337,0.337,0.113,2.746,2.528,2,1,341501,Hamza Choudhury,1997-10-01,21.92,178.0,right,Midfield,Defensive Midfield,Bangladesh,England,20,889,1,1,1003,Leicester City,1108,5000000.0,8000000.0,0.997,1.0,0.989,same_club
6456,Callum Hudson-Odoi,EPL,2019-20,Chelsea,F M S,22,816,1,1,5,21,20,2.015,2.015,2.708,7.247,3.847,1,0,392768,Callum Hudson-Odoi,2000-11-07,18.81,178.0,right,Attack,Left Winger,England,England,22,851,1,5,631,Chelsea FC,1292,35000000.0,31500000.0,0.988,1.0,0.959,same_club
6492,Reiss Nelson,EPL,2019-20,Arsenal,F M S,17,621,1,1,0,11,9,1.274,1.274,0.363,1.928,0.76,1,0,340325,Reiss Nelson,1999-12-10,19.73,175.0,right,Attack,Left Winger,England,England,17,627,1,0,11,Arsenal FC,953,17000000.0,12500000.0,0.997,1.0,0.99,same_club
6630,Joe Willock,EPL,2019-20,Arsenal,M S,29,819,1,1,1,15,12,2.321,2.321,1.047,5.56,3.184,2,0,340329,Joe Willock,1999-08-20,20.03,186.0,right,Midfield,Central Midfield,England,England,29,842,1,1,11,Arsenal FC,1677,6000000.0,16000000.0,0.992,1.0,0.973,same_club
6665,Curtis Jones,EPL,2019-20,Liverpool,M S,6,108,1,1,0,6,0,0.815,0.815,0.0,1.367,0.933,0,0,433188,Curtis Jones,2001-01-30,18.58,185.0,right,Midfield,Central Midfield,England,England,6,122,1,0,31,Liverpool FC,462,1500000.0,1800000.0,0.966,1.0,0.885,same_club
6820,David Brooks,EPL,2019-20,Bournemouth,M S,9,533,1,1,0,6,6,0.433,0.433,0.535,0.864,0.132,1,0,277033,David Brooks,1997-07-08,22.15,173.0,left,Attack,Right Winger,Wales,England,9,511,1,0,989,AFC Bournemouth,511,30000000.0,24000000.0,0.988,1.0,0.959,same_club
6859,Kortney Hause,EPL,2019-20,Aston Villa,D S,18,1541,1,1,0,20,2,2.824,2.824,0.491,1.736,1.736,3,0,233124,Kortney Hause,1995-07-16,24.13,191.0,left,Defender,Centre-Back,England,England,18,1544,1,0,405,Aston Villa,1544,1000000.0,6500000.0,0.999,1.0,0.998,same_club
6892,Fabián Balbuena,EPL,2019-20,West Ham,D S,17,1174,1,1,0,10,1,1.339,1.339,0.462,1.546,1.546,2,0,285548,Fabián Balbuena,1991-08-23,28.02,188.0,right,Defender,Centre-Back,Paraguay,Paraguay,17,1176,1,0,379,West Ham United,1311,12000000.0,9500000.0,0.999,1.0,0.998,same_club
7078,Sean Longstaff,EPL,2019-20,Newcastle United,M S,23,1354,1,1,1,25,15,1.178,1.178,0.934,2.806,2.137,2,1,346707,Sean Longstaff,1997-10-30,21.84,187.0,right,Midfield,Central Midfield,England,England,23,1373,1,1,762,Newcastle United,1940,7000000.0,17500000.0,0.996,1.0,0.986,same_club
7152,Björn Engels,EPL,2019-20,Aston Villa,D S,17,1447,1,1,0,8,2,0.784,0.784,0.143,3.801,3.748,1,0,193469,Björn Engels,1994-09-15,24.96,195.0,right,Defender,Centre-Back,Belgium,Belgium,17,1447,1,0,405,Aston Villa,1537,6000000.0,9500000.0,1.0,1.0,1.0,same_club
7322,Bukayo Saka,EPL,2019-20,Arsenal,D F M S,26,1769,1,1,5,13,21,1.142,1.142,3.68,7.813,5.023,6,0,433177,Bukayo Saka,2001-09-05,17.99,178.0,left,Attack,Right Winger,England,England,26,1753,1,5,11,Arsenal FC,2569,,20000000.0,0.997,1.0,0.991,same_club
7384,Chris Mepham,EPL,2019-20,Bournemouth,D S,12,909,1,1,0,7,1,1.053,1.053,0.077,0.944,0.748,1,0,480987,Chris Mepham,1997-11-05,21.82,190.0,right,Defender,Centre-Back,Wales,England,12,911,1,0,989,AFC Bournemouth,1001,13000000.0,8000000.0,0.999,1.0,0.998,same_club
7691,Jamal Lewis,EPL,2019-20,Norwich,D S,28,2311,1,1,0,9,15,0.349,0.349,1.012,4.067,2.891,4,0,346018,Jamal Lewis,1998-01-25,21.6,178.0,left,Defender,Left-Back,Northern Ireland,England,28,2305,1,0,1123,Norwich City,2723,5000000.0,11000000.0,0.999,1.0,0.997,same_club
7693,Kenny McLean,EPL,2019-20,Norwich,M S,37,2955,1,1,1,30,24,1.214,1.214,2.623,8.085,6.269,5,0,126600,Kenny McLean,1992-01-08,27.65,183.0,left,Midfield,Central Midfield,Scotland,Scotland,37,2966,1,1,1123,Norwich City,3149,1500000.0,3500000.0,0.999,1.0,0.996,same_club
7697,Onel Hernández,EPL,2019-20,Norwich,M S,26,1377,1,1,2,29,20,1.912,1.912,0.916,3.505,0.898,0,0,109751,Onel Hernández,1993-02-01,26.58,172.0,right,Attack,Left Winger,Cuba,Cuba,26,1383,1,2,1123,Norwich City,1615,4000000.0,3200000.0,0.999,1.0,0.996,same_club
7710,Oliver Norwood,EPL,2019-20,Sheffield United,M S,38,3119,1,0,1,17,49,1.338,0.577,3.88,9.955,9.054,8,0,73547,Oliver Norwood,1991-04-12,28.39,175.0,right,Midfield,Central Midfield,Northern Ireland,England,38,3100,1,1,350,Sheffield United,3280,5000000.0,6500000.0,0.998,1.0,0.994,same_club
7726,Ezri Konsa Ngoyo,EPL,2019-20,Aston Villa,D S,25,2054,1,1,2,11,11,1.67,1.67,0.885,2.953,2.549,3,0,413403,Ezri Konsa,1997-10-23,21.86,180.0,right,Defender,Centre-Back,England,England,25,2042,1,2,405,Aston Villa,2042,3500000.0,6500000.0,0.968,0.95,0.994,same_club
7822,Dennis Srbeny,EPL,2019-20,Norwich,S,8,29,1,1,0,2,0,0.482,0.482,0.0,0.433,0.0,0,0,159239,Dennis Srbeny,1994-05-05,25.33,190.0,right,Attack,Centre-Forward,Germany,Germany,8,41,1,0,1123,Norwich City,1168,1250000.0,800000.0,0.96,1.0,0.867,same_club
7822,Dennis Srbeny,EPL,2019-20,Norwich,S,8,29,1,1,0,2,0,0.482,0.482,0.0,0.433,0.0,0,0,159239,Dennis Srbeny,1994-05-05,25.33,190.0,right,Attack,Centre-Forward,Germany,Germany,8,41,1,0,1123,Norwich City,1168,1250000.0,800000.0,0.998,1.0,0.993,same_club
8075,Brandon Williams,EPL,2019-20,Manchester United,D M S,17,1005,1,1,0,6,13,0.998,0.998,0.667,5.71,4.349,6,0,507700,Brandon Williams,2000-09-03,18.99,180.0,right,Defender,Left-Back,England,England,17,1006,1,1,985,Manchester United,2098,,11000000.0,1.0,1.0,0.999,same_club
8089,Kieran Tierney,EPL,2019-20,Arsenal,D M S,15,996,1,1,1,6,6,0.228,0.228,0.754,2.881,2.31,2,0,300716,Kieran Tierney,1997-06-05,22.24,180.0,left,Defender,Left-Back,Scotland,Isle of Man,15,992,1,1,11,Arsenal FC,1622,12500000.0,20000000.0,0.999,1.0,0.996,same_club
8285,Sander Berge,EPL,2019-20,Sheffield United,M S,14,957,1,1,1,5,2,0.601,0.601,0.714,2.359,1.21,0,0,333014,Sander Berge,1998-02-14,21.54,195.0,right,Midfield,Defensive Midfield,Norway,Norway,14,949,1,1,350,Sheffield United,3720,22000000.0,20000000.0,0.997,1.0,0.992,same_club
8287,Mbwana Samatta,EPL,2019-20,Aston Villa,F S,14,962,1,1,0,17,9,2.528,2.528,0.312,3.418,1.348,1,0,182201,Ally Samatta,1992-12-23,26.69,183.0,right,Attack,Centre-Forward,Tanzania,Tanzania,14,946,1,0,405,Aston Villa,3099,12000000.0,9500000.0,0.965,0.95,0.983,same_club
8291,Daniel Podence,EPL,2019-20,Wolverhampton Wanderers,F S,9,284,1,1,0,10,5,1.359,1.359,0.773,2.383,0.598,0,0,256977,Daniel Podence,1995-10-21,23.86,170.0,right,Attack,Left Winger,Portugal,Portugal,9,288,1,1,543,Wolverhampton Wanderers,2584,4500000.0,12000000.0,0.996,1.0,0.986,same_club
47,Yoshinori Muto,EPL,2019-20,Newcastle United,M S,8,193,0,0,0,1,1,0.084,0.084,0.014,0.207,0.109,0,0,230541,Yoshinori Muto,1992-07-15,27.13,179.0,right,Attack,Centre-Forward,Japan,Japan,8,207,0,0,762,Newcastle United,260,9000000.0,5500000.0,0.98,1.0,0.932,same_club
62,Lukas Rupp,EPL,2019-20,Norwich,M S,12,701,0,0,0,4,8,0.856,0.856,0.776,2.555,0.924,1,0,82863,Lukas Rupp,1991-01-08,28.65,178.0,right,Midfield,Central Midfield,Germany,Germany,12,699,0,0,1123,Norwich City,1321,2500000.0,2400000.0,0.999,1.0,0.997,same_club
62,Lukas Rupp,EPL,2019-20,Norwich,M S,12,701,0,0,0,4,8,0.856,0.856,0.776,2.555,0.924,1,0,82863,Lukas Rupp,1991-01-08,28.65,178.0,right,Midfield,Central Midfield,Germany,Germany,12,699,0,0,1123,Norwich City,1321,2500000.0,2400000.0,0.997,1.0,0.991,same_club
162,Timm Klose,EPL,2019-20,Norwich,D,7,591,0,0,0,3,0,0.238,0.238,0.0,0.465,0.465,0,0,65255,Timm Klose,1988-05-09,31.31,195.0,right,Defender,Centre-Back,Switzerland,Germany,7,585,0,0,1123,Norwich City,674,3000000.0,2000000.0,0.997,1.0,0.99,same_club
181,Bernd Leno,EPL,2019-20,Arsenal,GK,30,2649,0,0,0,0,0,0.0,0.0,0.0,4.038,4.038,2,0,72476,Bernd Leno,1992-03-04,27.49,190.0,right,Goalkeeper,Goalkeeper,Germany,Germany,30,2650,0,0,11,Arsenal FC,2860,30000000.0,28000000.0,1.0,1.0,1.0,same_club
200,Andreas Christensen,EPL,2019-20,Chelsea,D,21,1758,0,0,0,7,4,0.614,0.614,0.851,6.598,6.253,5,0,196948,Andreas Christensen,1996-04-10,23.39,189.0,right,Defender,Centre-Back,Denmark,Denmark,21,1752,0,0,631,Chelsea FC,2342,30000000.0,24000000.0,0.999,1.0,0.997,same_club
250,Ørjan Nyland,EPL,2019-20,Aston Villa,GK S,7,536,0,0,0,0,0,0.0,0.0,0.0,0.195,0.195,0,0,73517,Ørjan Nyland,1990-09-10,28.97,192.0,right,Goalkeeper,Goalkeeper,Norway,Norway,7,537,0,0,405,Aston Villa,627,3000000.0,1200000.0,0.999,1.0,0.998,same_club
317,Henrikh Mkhitaryan,EPL,2019-20,Arsenal,M S,3,109,0,0,0,2,2,0.43,0.43,0.274,0.867,0.29,1,0,55735,Henrikh Mkhitaryan,1989-01-21,30.61,177.0,both,Midfield,Central Midfield,Armenia,UdSSR,3,111,0,0,11,Arsenal FC,1943,25000000.0,20000000.0,0.995,1.0,0.982,same_club
317,Henrikh Mkhitaryan,EPL,2019-20,Arsenal,M S,3,109,0,0,0,2,2,0.43,0.43,0.274,0.867,0.29,1,0,55735,Henrikh Mkhitaryan,1989-01-21,30.61,177.0,both,Midfield,Central Midfield,Armenia,UdSSR,3,111,0,0,11,Arsenal FC,1943,25000000.0,20000000.0,0.999,1.0,0.997,same_club
330,Ralf Fährmann,EPL,2019-20,Norwich,GK,1,21,0,0,0,0,0,0.0,0.0,0.0,0.0,0.0,0,0,39015,Ralf Fährmann,1988-09-27,30.93,197.0,right,Goalkeeper,Goalkeeper,Germany,East Germany (GDR),1,22,0,0,1123,Norwich City,112,5000000.0,1600000.0,0.997,1.0,0.989,same_club
337,Leroy Sané,EPL,2019-20,Manchester City,S,1,6,0,0,0,2,0,0.098,0.098,0.0,0.172,0.121,0,0,192565,Leroy Sané,1996-01-11,23.64,183.0,left,Attack,Right Winger,Germany,Germany,1,11,0,0,281,Manchester City,24,100000000.0,80000000.0,0.983,1.0,0.944,same_club
338,Max Meyer,EPL,2019-20,Crystal Palace,F M S,17,641,0,0,0,9,4,0.459,0.459,0.198,0.856,0.38,1,0,146164,Max Meyer,1995-09-18,23.95,173.0,right,Midfield,Attacking Midfield,Germany,Germany,17,650,0,0,873,Crystal Palace,689,15000000.0,8000000.0,0.996,1.0,0.986,same_club
342,Sead Kolasinac,EPL,2019-20,Arsenal,D M S,26,1687,0,0,2,4,10,0.255,0.255,1.334,8.028,7.041,4,0,94005,Sead Kolasinac,1993-06-20,26.2,183.0,left,Defender,Centre-Back,Bosnia-Herzegovina,Germany,26,1699,0,2,11,Arsenal FC,1962,20000000.0,16000000.0,0.998,1.0,0.993,same_club
343,Pierre-Emile Højbjerg,EPL,2019-20,Southampton,D M S,33,2740,0,0,1,46,30,3.179,3.179,1.86,11.664,8.349,5,0,167799,Pierre-Emile Højbjerg,1995-08-05,24.07,185.0,right,Midfield,Defensive Midfield,Denmark,Denmark,33,2750,0,1,180,Southampton FC,2930,15000000.0,12000000.0,0.999,1.0,0.996,same_club
456,Simon Francis,EPL,2019-20,Bournemouth,D S,15,956,0,0,0,3,4,0.155,0.155,0.422,1.762,1.679,3,1,13573,Simon Francis,1985-02-16,34.54,191.0,right,Defender,Right-Back,England,England,15,965,0,0,989,AFC Bournemouth,1069,2000000.0,800000.0,0.997,1.0,0.991,same_club
459,Charlie Daniels,EPL,2019-20,Bournemouth,D,2,126,0,0,0,0,2,0.0,0.0,0.142,0.494,0.418,0,0,61819,Charlie Daniels,1986-09-07,32.98,178.0,left,Defender,Left-Back,England,England,2,127,0,0,989,AFC Bournemouth,127,3000000.0,1600000.0,0.998,1.0,0.992,same_club
460,Andrew Surman,EPL,2019-20,Bournemouth,M S,5,230,0,0,0,1,1,0.028,0.028,0.049,0.939,0.891,1,0,29975,Andrew Surman,1986-08-20,33.03,178.0,left,Midfield,Central Midfield,England,South Africa,5,235,0,0,989,AFC Bournemouth,415,2500000.0,1600000.0,0.994,1.0,0.979,same_club
481,Jordon Ibe,EPL,2019-20,Bournemouth,S,2,39,0,0,0,0,0,0.0,0.0,0.0,0.022,0.022,0,0,195652,Jordon Ibe,1995-12-08,23.73,176.0,right,Attack,Right Winger,England,England,2,47,0,0,989,AFC Bournemouth,47,8000000.0,4800000.0,0.973,1.0,0.911,same_club
485,Mamadou Sakho,EPL,2019-20,Crystal Palace,D S,14,928,0,0,0,0,1,0.0,0.0,0.03,1.738,1.709,1,1,47713,Mamadou Sakho,1990-02-13,29.55,187.0,left,Defender,Centre-Back,France,France,14,931,0,0,873,Crystal Palace,931,15000000.0,9500000.0,0.999,1.0,0.997,same_club
495,Nacho Monreal,EPL,2019-20,Arsenal,D,3,270,0,0,0,1,3,0.044,0.044,0.459,0.667,0.582,0,0,43003,Nacho Monreal,1986-02-26,33.51,179.0,left,Defender,Left-Back,Spain,Spain,,,,,,,,8000000.0,3200000.0,,,,understat_id_carryover
509,Wayne Hennessey,EPL,2019-20,Crystal Palace,GK,3,270,0,0,0,0,0,0.0,0.0,0.0,0.115,0.115,0,0,45494,Wayne Hennessey,1987-01-24,32.6,198.0,right,Goalkeeper,Goalkeeper,Wales,Wales,3,270,0,0,873,Crystal Palace,360,5000000.0,2400000.0,1.0,1.0,1.0,same_club
510,Joel Ward,EPL,2019-20,Crystal Palace,D S,29,2383,0,0,0,5,5,0.199,0.199,0.251,2.546,2.206,4,0,92572,Joel Ward,1989-10-29,29.84,186.0,right,Defender,Right-Back,England,England,29,2383,0,0,873,Crystal Palace,2383,4000000.0,3200000.0,1.0,1.0,1.0,same_club
512,Scott Dann,EPL,2019-20,Crystal Palace,D S,16,1263,0,0,1,8,5,0.47,0.47,0.357,1.344,1.243,0,0,62688,Scott Dann,1987-02-14,32.54,194.0,right,Defender,Centre-Back,England,England,16,1263,0,1,873,Crystal Palace,1263,4000000.0,2800000.0,1.0,1.0,1.0,same_club
524,Adrian Mariappa,EPL,2019-20,Watford,D S,20,1503,0,0,0,3,4,0.167,0.167,0.248,2.853,2.56,4,1,38145,Adrian Mariappa,1986-10-03,32.91,179.0,right,Defender,Centre-Back,Jamaica,England,20,1510,0,0,1010,Watford FC,1600,3000000.0,1600000.0,0.999,1.0,0.995,same_club
525,Martin Kelly,EPL,2019-20,Crystal Palace,D S,19,1554,0,0,1,2,6,0.061,0.061,0.834,2.382,2.184,0,0,78959,Martin Kelly,1990-04-27,29.35,191.0,right,Defender,Right-Back,England,England,19,1550,0,1,873,Crystal Palace,1640,3000000.0,2800000.0,0.999,1.0,0.997,same_club
527,Adrián,EPL,2019-20,Liverpool,GK S,11,873,0,0,0,0,0,0.0,0.0,0.0,2.574,2.574,1,0,71271,Adrián San Miguel,1987-01-03,32.66,190.0,right,Goalkeeper,Goalkeeper,Spain,Spain,11,873,0,0,31,Liverpool FC,1563,3500000.0,4000000.0,0.97,0.95,1.0,same_club
535,Manuel Lanzini,EPL,2019-20,West Ham,F M S,24,1372,0,0,2,23,31,2.142,2.142,2.079,5.773,3.432,1,0,135853,Manuel Lanzini,1993-02-15,26.54,170.0,right,Midfield,Attacking Midfield,Argentina,Argentina,24,1378,0,3,379,West Ham United,1558,20000000.0,16000000.0,0.999,1.0,0.996,same_club
537,Andy Carroll,EPL,2019-20,Newcastle United,F S,19,582,0,0,4,16,12,1.495,1.495,0.909,2.189,1.049,1,0,48066,Andy Carroll,1989-01-06,30.65,193.0,left,Attack,Centre-Forward,England,England,19,618,0,4,762,Newcastle United,710,8000000.0,3200000.0,0.983,1.0,0.942,same_club
540,Darren Randolph,EPL,2019-20,West Ham,GK,2,180,0,0,0,0,0,0.0,0.0,0.0,0.0,0.0,0,0,51321,Darren Randolph,1987-05-12,32.31,187.0,right,Goalkeeper,Goalkeeper,Ireland,Ireland,2,180,0,0,379,West Ham United,270,4500000.0,2800000.0,1.0,1.0,1.0,same_club
546,David de Gea,EPL,2019-20,Manchester United,GK,38,3420,0,0,0,0,0,0.0,0.0,0.0,4.695,4.695,2,0,59377,David de Gea,1990-11-07,28.82,192.0,right,Goalkeeper,Goalkeeper,Spain,Spain,38,3420,0,0,985,Manchester United,3690,65000000.0,40000000.0,1.0,1.0,1.0,same_club
549,Timothy Fosu-Mensah,EPL,2019-20,Manchester United,D S,3,139,0,0,0,1,2,0.086,0.086,0.126,0.602,0.48,1,0,315131,Timothy Fosu-Mensah,1998-01-02,21.66,185.0,right,Defender,Right-Back,Netherlands,Netherlands,3,136,0,0,985,Manchester United,234,7000000.0,6300000.0,0.994,1.0,0.978,same_club
550,Marcos Rojo,EPL,2019-20,Manchester United,D S,3,119,0,0,0,1,0,0.132,0.132,0.0,0.032,0.032,1,0,93176,Marcos Rojo,1990-03-20,29.45,186.0,left,Defender,Centre-Back,Argentina,Argentina,3,121,0,0,985,Manchester United,469,12000000.0,8000000.0,0.995,1.0,0.983,same_club
551,Morgan Schneiderlin,EPL,2019-20,Everton,M S,15,1014,0,0,0,6,4,0.337,0.337,0.128,3.294,3.03,4,1,56818,Morgan Schneiderlin,1989-11-08,29.81,186.0,right,Midfield,Defensive Midfield,France,France,15,1004,0,0,29,Everton FC,1094,15000000.0,9500000.0,0.997,1.0,0.99,same_club
554,Juan Mata,EPL,2019-20,Manchester United,M S,19,740,0,0,2,10,18,1.217,1.217,2.105,4.749,3.058,1,0,44068,Juan Mata,1988-04-28,31.34,170.0,left,Midfield,Attacking Midfield,Spain,Spain,19,752,0,2,985,Manchester United,1833,20000000.0,9500000.0,0.995,1.0,0.984,same_club
566,Sebastian Prödl,EPL,2019-20,Watford,D,1,57,0,0,0,2,0,0.058,0.058,0.0,0.0,0.0,0,0,37981,Sebastian Prödl,1987-06-21,32.2,194.0,right,Defender,Centre-Back,Austria,Austria,1,57,0,0,1010,Watford FC,57,3500000.0,1200000.0,1.0,1.0,1.0,same_club
568,José Holebas,EPL,2019-20,Watford,D S,14,1019,0,0,0,6,11,0.239,0.239,0.543,2.61,2.238,5,0,41112,Jose Cholevas,1984-06-27,35.18,184.0,left,Defender,Left-Back,Greece,Germany,14,1024,0,0,1010,Watford FC,1144,2000000.0,1200000.0,0.927,0.88,0.995,same_club
572,Etienne Capoue,EPL,2019-20,Watford,M,30,2643,0,0,3,19,19,0.642,0.642,2.543,8.067,6.257,8,0,63494,Étienne Capoue,1988-07-11,31.14,189.0,right,Midfield,Defensive Midfield,France,France,30,2632,0,3,1010,Watford FC,2632,8000000.0,5200000.0,0.999,1.0,0.996,same_club
573,Odion Ighalo,EPL,2019-20,Manchester United,S,11,69,0,0,0,7,2,2.456,2.456,0.087,2.622,0.079,0,0,62121,Odion Ighalo,1989-06-16,30.21,181.0,right,Attack,Centre-Forward,Nigeria,Nigeria,11,92,0,0,985,Manchester United,602,9000000.0,5200000.0,0.925,1.0,0.75,same_club
581,Craig Cathcart,EPL,2019-20,Watford,D S,29,2490,0,0,0,2,2,0.185,0.185,0.075,2.233,2.195,7,0,59606,Craig Cathcart,1989-02-06,30.57,189.0,right,Defender,Centre-Back,Northern Ireland,Northern Ireland,29,2490,0,0,1010,Watford FC,2490,5000000.0,4000000.0,1.0,1.0,1.0,same_club
585,Seamus Coleman,EPL,2019-20,Everton,D S,27,1847,0,0,1,8,9,0.849,0.849,1.519,6.014,4.156,3,1,68390,Séamus Coleman,1988-10-11,30.89,177.0,right,Defender,Right-Back,Ireland,Ireland,27,1839,0,1,29,Everton FC,1902,15000000.0,9500000.0,0.999,1.0,0.996,same_club
586,John Stones,EPL,2019-20,Manchester City,D S,16,1114,0,0,0,6,2,0.548,0.548,0.061,6.486,6.467,0,0,186590,John Stones,1994-05-28,25.26,188.0,right,Defender,Centre-Back,England,England,16,1118,0,0,281,Manchester City,1453,60000000.0,36000000.0,0.999,1.0,0.996,same_club
587,Phil Jagielka,EPL,2019-20,Sheffield United,D S,6,233,0,0,0,0,0,0.0,0.0,0.0,0.095,0.095,0,0,13520,Phil Jagielka,1982-08-17,37.04,180.0,right,Defender,Centre-Back,England,England,6,240,0,0,350,Sheffield United,420,1000000.0,800000.0,0.991,1.0,0.971,same_club
588,Leighton Baines,EPL,2019-20,Everton,D S,8,399,0,0,0,1,7,0.043,0.043,0.761,1.678,1.678,0,0,13507,Leighton Baines,1984-12-11,34.72,170.0,left,Defender,Left-Back,England,England,8,400,0,0,29,Everton FC,400,3500000.0,1600000.0,0.999,1.0,0.998,same_club
589,James McCarthy,EPL,2019-20,Crystal Palace,M S,33,1641,0,0,0,12,17,0.415,0.415,1.398,3.684,2.971,9,0,45333,James McCarthy,1990-11-12,28.8,180.0,right,Midfield,Central Midfield,Ireland,Scotland,33,1672,0,0,873,Crystal Palace,1762,5000000.0,2800000.0,0.994,1.0,0.981,same_club
593,Aaron Lennon,EPL,2019-20,Burnley,M S,16,466,0,0,0,1,2,0.024,0.024,0.158,0.291,0.109,4,0,14221,Aaron Lennon,1987-04-16,32.38,165.0,right,Attack,Right Winger,England,England,16,486,0,0,1132,Burnley FC,666,5000000.0,2400000.0,0.988,1.0,0.959,same_club
599,Oumar Niasse,EPL,2019-20,Everton,S,3,17,0,0,0,0,0,0.0,0.0,0.0,0.032,0.032,0,0,209781,Oumar Niasse,1990-04-18,29.37,182.0,right,Attack,Centre-Forward,Senegal,Senegal,3,19,0,0,29,Everton FC,19,6000000.0,3200000.0,0.993,1.0,0.978,same_club
602,Dejan Lovren,EPL,2019-20,Liverpool,D S,10,774,0,0,1,5,1,0.204,0.204,0.302,3.091,3.091,1,0,37838,Dejan Lovren,1989-07-05,30.16,188.0,right,Defender,Centre-Back,Croatia,Jugoslawien (SFR),10,777,0,1,31,Liverpool FC,1100,20000000.0,16000000.0,0.999,1.0,0.996,same_club
610,Pablo Zabaleta,EPL,2019-20,West Ham,D S,10,585,0,0,0,0,3,0.0,0.0,0.603,2.177,2.177,2,0,20007,Pablo Zabaleta,1985-01-16,34.62,176.0,right,Defender,Right-Back,Argentina,Argentina,10,589,0,0,379,West Ham United,726,3500000.0,800000.0,0.998,1.0,0.993,same_club
614,Fernandinho,EPL,2019-20,Manchester City,D M S,30,2401,0,0,1,16,8,0.762,0.762,0.448,16.462,16.193,7,2,26267,Fernandinho,1985-05-04,34.33,179.0,right,Midfield,Defensive Midfield,Brazil,Brazil,30,2399,0,1,281,Manchester City,3055,12000000.0,8000000.0,1.0,1.0,0.999,same_club
624,Willy Caballero,EPL,2019-20,Chelsea,GK,5,450,0,0,0,0,0,0.0,0.0,0.0,0.147,0.147,0,0,19948,Willy Caballero,1981-09-28,37.92,186.0,right,Goalkeeper,Goalkeeper,Argentina,Argentina,5,450,0,0,631,Chelsea FC,1080,1000000.0,600000.0,1.0,1.0,1.0,same_club
631,Ashley Young,EPL,2019-20,Manchester United,D M S,12,956,0,0,0,3,19,0.083,0.083,1.669,3.162,2.879,5,0,14086,Ashley Young,1985-07-09,34.15,175.0,both,Defender,Right-Back,England,England,12,953,0,0,985,Manchester United,2905,5000000.0,3200000.0,0.999,1.0,0.997,same_club
631,Ashley Young,EPL,2019-20,Manchester United,D M S,12,956,0,0,0,3,19,0.083,0.083,1.669,3.162,2.879,5,0,14086,Ashley Young,1985-07-09,34.15,175.0,both,Defender,Right-Back,England,England,12,953,0,0,985,Manchester United,2905,5000000.0,3200000.0,0.999,1.0,0.996,same_club
633,James McArthur,EPL,2019-20,Crystal Palace,M,37,3145,0,0,3,28,34,1.806,1.806,2.996,7.99,4.762,6,0,41416,James McArthur,1987-10-07,31.9,178.0,both,Midfield,Central Midfield,Scotland,Scotland,37,3104,0,4,873,Crystal Palace,3155,7000000.0,4800000.0,0.996,1.0,0.987,same_club
635,Alex McCarthy,EPL,2019-20,Southampton,GK,28,2520,0,0,0,0,1,0.0,0.0,0.024,3.154,3.131,0,0,95976,Alex McCarthy,1989-12-03,29.74,193.0,right,Goalkeeper,Goalkeeper,England,England,28,2520,0,0,180,Southampton FC,2520,5000000.0,4000000.0,1.0,1.0,1.0,same_club
637,Hugo Lloris,EPL,2019-20,Tottenham,GK,21,1808,0,0,0,0,0,0.0,0.0,0.0,0.613,0.613,0,0,17965,Hugo Lloris,1986-12-26,32.68,188.0,left,Goalkeeper,Goalkeeper,France,France,21,1808,0,0,148,Tottenham Hotspur,2348,25000000.0,14500000.0,1.0,1.0,1.0,same_club
641,Danny Rose,EPL,2019-20,"Newcastle United,Tottenham",D S,23,1766,0,0,0,2,14,0.088,0.088,0.881,2.994,2.685,7,0,50174,Danny Rose,1990-07-02,29.17,173.0,left,Defender,Left-Back,England,England,23,1759,0,0,"148,762","Tottenham Hotspur,Newcastle United",2284,25000000.0,16000000.0,0.999,1.0,0.996,same_club
643,Eric Dier,EPL,2019-20,Tottenham,D M S,19,1339,0,0,2,8,7,1.03,1.03,0.284,5.149,4.251,5,0,175722,Eric Dier,1994-01-15,25.63,191.0,right,Defender,Centre-Back,England,England,19,1341,0,2,148,Tottenham Hotspur,2040,40000000.0,20000000.0,1.0,1.0,0.999,same_club
660,Ben Davies,EPL,2019-20,Tottenham,D S,18,1434,0,0,0,7,9,0.219,0.219,0.958,4.068,3.524,6,0,192765,Ben Davies,1993-04-24,26.35,181.0,left,Defender,Centre-Back,Wales,Wales,18,1432,0,0,148,Tottenham Hotspur,1702,25000000.0,17500000.0,1.0,1.0,0.999,same_club
667,Carlos Sánchez,EPL,2019-20,West Ham,M S,6,107,0,0,0,0,0,0.0,0.0,0.0,0.253,0.253,0,0,51226,Carlos Sánchez,1986-02-06,33.57,182.0,left,Midfield,Defensive Midfield,Colombia,Colombia,6,113,0,0,379,West Ham United,159,1500000.0,1200000.0,0.984,1.0,0.947,same_club
688,Ruben Loftus-Cheek,EPL,2019-20,Chelsea,F M S,7,195,0,0,1,4,1,0.545,0.545,0.523,1.62,0.552,0,0,202886,Ruben Loftus-Cheek,1996-01-23,23.61,191.0,right,Midfield,Central Midfield,England,England,7,205,0,1,631,Chelsea FC,227,30000000.0,24000000.0,0.985,1.0,0.951,same_club
697,Nemanja Matic,EPL,2019-20,Manchester United,M S,21,1586,0,0,2,7,15,0.234,0.234,0.895,9.277,8.349,2,0,74683,Nemanja Matić,1988-08-01,31.08,194.0,left,Midfield,Defensive Midfield,Serbia,Jugoslawien (SFR),21,1583,0,2,985,Manchester United,2350,30000000.0,16000000.0,0.999,1.0,0.998,same_club
699,Gary Cahill,EPL,2019-20,Crystal Palace,D,25,2167,0,0,1,21,3,1.61,1.61,0.432,1.812,1.752,1,0,27511,Gary Cahill,1985-12-19,33.7,193.0,right,Defender,Centre-Back,England,England,25,2168,0,1,873,Crystal Palace,2258,8000000.0,4000000.0,1.0,1.0,1.0,same_club
706,Lukasz Fabianski,EPL,2019-20,West Ham,GK,25,2117,0,0,0,0,0,0.0,0.0,0.0,1.004,1.004,1,0,29692,Lukasz Fabianski,1985-04-18,34.37,190.0,right,Goalkeeper,Goalkeeper,Poland,Poland,25,2119,0,0,379,West Ham United,2209,5000000.0,3200000.0,1.0,1.0,0.999,same_club
710,Neil Taylor,EPL,2019-20,Aston Villa,D S,14,1085,0,0,0,3,5,0.127,0.127,0.471,2.888,2.387,2,0,67416,Neil Taylor,1989-02-07,30.56,176.0,left,Defender,Left-Back,Wales,Wales,14,1089,0,0,405,Aston Villa,1179,4000000.0,2800000.0,0.999,1.0,0.996,same_club
712,Jack Cork,EPL,2019-20,Burnley,M,30,2627,0,0,0,18,12,1.345,1.345,1.173,6.312,4.833,1,0,40613,Jack Cork,1989-06-25,30.18,185.0,right,Midfield,Defensive Midfield,England,England,30,2618,0,0,1132,Burnley FC,2773,15000000.0,12000000.0,0.999,1.0,0.997,same_club
723,Ki Sung-yueng,EPL,2019-20,Newcastle United,M S,3,137,0,0,0,0,2,0.0,0.0,0.055,0.043,0.0,0,0,81796,Sung-yueng Ki,1989-01-24,30.6,188.0,right,Midfield,Defensive Midfield,"Korea, South","Korea, South",3,136,0,0,762,Newcastle United,181,6000000.0,2400000.0,0.998,1.0,0.993,same_club
723,Ki Sung-yueng,EPL,2019-20,Newcastle United,M S,3,137,0,0,0,0,2,0.0,0.0,0.055,0.043,0.0,0,0,81796,Sung-yueng Ki,1989-01-24,30.6,188.0,right,Midfield,Defensive Midfield,"Korea, South","Korea, South",3,136,0,0,762,Newcastle United,181,6000000.0,2400000.0,1.0,1.0,1.0,same_club
733,Jack Rodwell,EPL,2019-20,Sheffield United,S,1,13,0,0,0,0,0,0.0,0.0,0.0,0.0,0.0,0,0,57079,Jack Rodwell,1991-03-11,28.48,188.0,right,Midfield,Defensive Midfield,England,England,1,15,0,0,350,Sheffield United,73,1500000.0,1200000.0,0.993,1.0,0.978,same_club
741,Jordan Pickford,EPL,2019-20,Everton,GK,38,3420,0,0,0,0,1,0.0,0.0,0.036,3.217,3.217,2,0,130164,Jordan Pickford,1994-03-07,25.49,185.0,left,Goalkeeper,Goalkeeper,England,England,38,3420,0,0,29,Everton FC,3510,40000000.0,28000000.0,1.0,1.0,1.0,same_club
745,Kasper Schmeichel,EPL,2019-20,Leicester,GK,38,3420,0,0,0,1,3,0.019,0.019,0.364,3.876,3.519,2,0,16911,Kasper Schmeichel,1986-11-05,32.82,189.0,right,Goalkeeper,Goalkeeper,Denmark,Denmark,38,3420,0,0,1003,Leicester City,3600,12000000.0,9500000.0,1.0,1.0,1.0,same_club
748,Wes Morgan,EPL,2019-20,Leicester,D S,11,418,0,0,0,4,0,0.596,0.596,0.0,1.204,0.751,0,0,10003,Wes Morgan,1984-01-21,35.61,185.0,right,Defender,Centre-Back,Jamaica,England,11,430,0,0,1003,Leicester City,546,2000000.0,1200000.0,0.992,1.0,0.972,same_club
749,Christian Fuchs,EPL,2019-20,Leicester,D M S,11,760,0,0,0,5,2,0.183,0.183,0.101,4.192,4.115,0,0,6636,Christian Fuchs,1986-04-07,33.4,187.0,left,Defender,Left-Back,Austria,Austria,11,770,0,0,1003,Leicester City,883,3000000.0,1600000.0,0.996,1.0,0.987,same_club
752,Daniel Drinkwater,EPL,2019-20,"Aston Villa,Burnley",M,5,331,0,0,0,2,1,0.098,0.098,0.04,0.836,0.738,1,0,73491,Danny Drinkwater,1990-03-05,29.49,178.0,right,Midfield,Central Midfield,England,England,5,322,0,0,"405,1132","Aston Villa,Burnley FC",322,8000000.0,4800000.0,0.962,0.95,0.973,same_club
753,Marc Albrighton,EPL,2019-20,Leicester,D M S,20,860,0,0,3,10,20,0.446,0.446,2.29,4.42,2.378,2,0,61560,Marc Albrighton,1989-11-18,29.79,175.0,right,Midfield,Right Midfield,,,20,864,0,3,1003,Leicester City,1167,10000000.0,8000000.0,0.999,1.0,0.995,same_club
764,Daryl Janmaat,EPL,2019-20,Watford,D S,8,611,0,0,1,4,6,0.331,0.331,0.398,1.804,1.274,1,0,60744,Daryl Janmaat,1989-07-22,30.11,185.0,right,Defender,Centre-Back,Netherlands,Netherlands,8,608,0,1,1010,Watford FC,608,6000000.0,4000000.0,0.999,1.0,0.995,same_club
787,Ryan Bennett,EPL,2019-20,"Leicester,Wolverhampton Wanderers",D S,16,941,0,0,0,1,2,0.024,0.024,0.091,2.27,2.179,2,0,67252,Ryan Bennett,1990-03-06,29.49,188.0,right,Defender,Centre-Back,England,England,16,935,0,0,"543,1003","Wolverhampton Wanderers,Leicester City",1386,7000000.0,4000000.0,0.998,1.0,0.994,same_club
803,Ben Foster,EPL,2019-20,Watford,GK,38,3420,0,0,0,1,1,0.346,0.346,0.037,1.58,1.544,1,0,13572,Ben Foster,1983-04-03,36.41,193.0,left,Goalkeeper,Goalkeeper,England,England,38,3420,0,0,1010,Watford FC,3420,3000000.0,1200000.0,1.0,1.0,1.0,same_club
825,Adam Smith,EPL,2019-20,Bournemouth,D,24,2078,0,0,1,4,10,0.693,0.693,1.273,5.351,4.599,7,0,61841,Adam Smith,1991-04-29,28.34,174.0,right,Defender,Right-Back,England,England,24,2061,0,1,989,AFC Bournemouth,2151,7000000.0,7000000.0,0.998,1.0,0.992,same_club
836,Victor Wanyama,EPL,2019-20,Tottenham,S,2,21,0,0,0,0,0,0.0,0.0,0.0,0.129,0.129,1,0,77760,Victor Wanyama,1991-06-25,28.19,184.0,right,Midfield,Defensive Midfield,Kenya,Kenya,2,24,0,0,148,Tottenham Hotspur,33,20000000.0,6500000.0,0.99,1.0,0.967,same_club
842,Oriol Romeu,EPL,2019-20,Southampton,M S,30,1865,0,0,0,8,19,0.197,0.197,1.717,4.205,3.239,5,0,66100,Oriol Romeu,1991-09-24,27.94,183.0,right,Midfield,Defensive Midfield,Spain,Spain,30,1860,0,0,180,Southampton FC,2040,10000000.0,8000000.0,0.999,1.0,0.997,same_club
845,Maya Yoshida,EPL,2019-20,Southampton,D S,8,555,0,0,0,5,1,0.94,0.94,0.07,0.665,0.586,1,0,81789,Maya Yoshida,1988-08-24,31.02,189.0,right,Defender,Centre-Back,Japan,Japan,8,558,0,0,180,Southampton FC,1834,7000000.0,4000000.0,0.998,1.0,0.995,same_club
845,Maya Yoshida,EPL,2019-20,Southampton,D S,8,555,0,0,0,5,1,0.94,0.94,0.07,0.665,0.586,1,0,81789,Maya Yoshida,1988-08-24,31.02,189.0,right,Defender,Centre-Back,Japan,Japan,8,558,0,0,180,Southampton FC,1834,7000000.0,4000000.0,1.0,1.0,0.999,same_club
853,Paul Dummett,EPL,2019-20,Newcastle United,D S,16,1229,0,0,0,2,4,0.024,0.024,0.198,1.695,1.571,2,0,170321,Paul Dummett,1991-09-26,27.93,183.0,left,Defender,Centre-Back,Wales,England,16,1229,0,0,762,Newcastle United,1229,5000000.0,5500000.0,1.0,1.0,1.0,same_club
857,Phil Bardsley,EPL,2019-20,Burnley,D,21,1890,0,0,1,11,9,0.291,0.291,1.58,3.419,1.851,6,0,15773,Phil Bardsley,1985-06-28,34.18,180.0,right,Defender,Right-Back,Scotland,England,21,1890,0,1,1132,Burnley FC,1890,1500000.0,800000.0,1.0,1.0,1.0,same_club
876,Fabian Delph,EPL,2019-20,Everton,M S,16,1194,0,0,0,3,7,0.046,0.046,0.479,5.085,4.884,3,1,50362,Fabian Delph,1989-11-21,29.78,174.0,left,Midfield,Central Midfield,England,England,16,1190,0,0,29,Everton FC,1217,15000000.0,12000000.0,0.999,1.0,0.997,same_club
885,Kyle Walker-Peters,EPL,2019-20,"Southampton,Tottenham",D S,13,946,0,0,0,3,6,0.12,0.12,0.747,2.344,1.649,1,0,341051,Kyle Walker-Peters,1997-04-13,22.38,173.0,right,Defender,Right-Back,England,England,13,946,0,0,"148,180","Tottenham Hotspur,Southampton FC",1036,3500000.0,8000000.0,1.0,1.0,1.0,same_club
887,Erik Pieters,EPL,2019-20,Burnley,D M S,24,1880,0,0,4,14,18,0.451,0.451,2.698,5.004,2.33,2,0,43763,Erik Pieters,1988-08-07,31.07,183.0,left,Defender,Centre-Back,Netherlands,Netherlands,24,1878,0,4,1132,Burnley FC,2058,5000000.0,4000000.0,1.0,1.0,0.999,same_club
902,Sam Byram,EPL,2019-20,Norwich,D S,17,1292,0,0,0,15,6,2.192,2.192,0.362,2.704,1.786,4,0,236953,Sam Byram,1993-09-16,25.96,183.0,right,Defender,Left-Back,England,England,17,1294,0,0,1123,Norwich City,1474,3500000.0,2800000.0,1.0,1.0,0.998,same_club
908,Muhamed Besic,EPL,2019-20,Sheffield United,M S,9,236,0,0,0,4,1,0.15,0.15,0.087,1.205,0.984,2,0,93905,Muhamed Besic,1992-09-10,26.97,180.0,right,Midfield,Defensive Midfield,Bosnia-Herzegovina,Germany,9,245,0,0,350,Sheffield United,425,5000000.0,2400000.0,0.989,1.0,0.963,same_club
914,Nabil Bentaleb,EPL,2019-20,Newcastle United,M S,12,750,0,0,0,4,8,0.062,0.062,0.195,1.952,1.763,2,0,245537,Nabil Bentaleb,1994-11-24,24.77,189.0,left,Midfield,Defensive Midfield,Algeria,France,12,749,0,0,762,Newcastle United,1021,13000000.0,4000000.0,1.0,1.0,0.999,same_club
925,Patrick Roberts,EPL,2019-20,Norwich,S,3,19,0,0,0,0,0,0.0,0.0,0.0,0.0,0.0,0,0,225452,Patrick Roberts,1997-02-05,22.57,167.0,left,Attack,Right Winger,England,England,3,24,0,0,1123,Norwich City,93,5000000.0,2800000.0,0.983,1.0,0.944,same_club
934,Axel Tuanzebe,EPL,2019-20,Manchester United,D S,5,186,0,0,0,0,0,0.0,0.0,0.0,0.174,0.174,0,0,342046,Axel Tuanzebe,1997-11-14,21.8,188.0,right,Defender,Centre-Back,DR Congo,DR Congo,5,187,0,0,985,Manchester United,457,7000000.0,8000000.0,0.998,1.0,0.995,same_club
935,Kurt Zouma,EPL,2019-20,Chelsea,D S,28,2340,0,0,0,15,1,1.47,1.47,0.122,9.402,9.393,6,0,157509,Kurt Zouma,1994-10-27,24.85,190.0,right,Defender,Centre-Back,France,France,28,2343,0,0,631,Chelsea FC,3526,25000000.0,28000000.0,1.0,1.0,0.999,same_club
951,Phil Jones,EPL,2019-20,Manchester United,D,2,137,0,0,0,2,0,0.115,0.115,0.0,0.354,0.354,0,0,117996,Phil Jones,1992-02-21,27.53,185.0,right,Defender,Centre-Back,England,England,2,135,0,0,985,Manchester United,427,20000000.0,7000000.0,0.996,1.0,0.985,same_club
971,Harry Winks,EPL,2019-20,Tottenham,M S,31,2236,0,0,0,14,17,0.39,0.39,0.899,7.998,7.14,9,0,249126,Harry Winks,1996-02-02,23.58,178.0,right,Midfield,Defensive Midfield,England,England,31,2230,0,0,148,Tottenham Hotspur,3078,25000000.0,32000000.0,0.999,1.0,0.997,same_club
973,Paulo Gazzaniga,EPL,2019-20,Tottenham,GK S,18,1612,0,0,0,0,1,0.0,0.0,0.4,2.3,1.9,1,0,195488,Paulo Gazzaniga,1992-01-02,27.66,195.0,right,Goalkeeper,Goalkeeper,Argentina,Argentina,18,1612,0,0,148,Tottenham Hotspur,2152,2000000.0,2800000.0,1.0,1.0,1.0,same_club
982,Tim Krul,EPL,2019-20,Norwich,GK,36,3240,0,0,0,0,0,0.0,0.0,0.0,3.515,3.515,4,0,33027,Tim Krul,1988-04-03,31.41,193.0,left,Goalkeeper,Goalkeeper,Netherlands,Netherlands,36,3240,0,0,1123,Norwich City,3480,3000000.0,4000000.0,1.0,1.0,1.0,same_club
985,Mason Holgate,EPL,2019-20,Everton,D M S,27,2047,0,0,3,12,4,1.405,1.405,1.122,6.361,5.709,5,0,348623,Mason Holgate,1996-10-22,22.86,187.0,right,Defender,Centre-Back,Jamaica,England,27,2054,0,3,29,Everton FC,2144,7000000.0,13500000.0,0.999,1.0,0.997,same_club
987,Joseph Gomez,EPL,2019-20,Liverpool,D S,28,1996,0,0,0,1,5,0.018,0.018,0.164,8.47,8.297,7,0,256178,Joe Gomez,1997-05-23,22.28,188.0,right,Defender,Centre-Back,England,England,28,1999,0,0,31,Liverpool FC,3110,35000000.0,33500000.0,0.97,0.95,0.998,same_club
1006,Luke Shaw,EPL,2019-20,Manchester United,D S,24,1735,0,0,0,11,19,0.719,0.719,1.376,7.259,6.281,7,0,183288,Luke Shaw,1995-07-12,24.14,178.0,left,Defender,Left-Back,England,England,24,1735,0,0,985,Manchester United,2385,30000000.0,17500000.0,1.0,1.0,1.0,same_club
1036,Jack Wilshere,EPL,2019-20,West Ham,M S,8,197,0,0,0,0,0,0.0,0.0,0.0,0.508,0.508,0,0,74223,Jack Wilshere,1992-01-01,27.67,172.0,left,Midfield,Central Midfield,England,England,8,210,0,0,379,West Ham United,210,10000000.0,4800000.0,0.981,1.0,0.938,same_club
1040,Angelino,EPL,2019-20,Manchester City,D S,6,417,0,0,0,5,9,0.209,0.209,1.923,2.763,2.369,1,0,277179,Angeliño,1997-01-04,22.66,171.0,left,Defender,Left-Back,Spain,Spain,6,422,0,0,281,Manchester City,2237,16000000.0,17500000.0,0.996,1.0,0.988,same_club
1040,Angelino,EPL,2019-20,Manchester City,D S,6,417,0,0,0,5,9,0.209,0.209,1.923,2.763,2.369,1,0,277179,Angeliño,1997-01-04,22.66,171.0,left,Defender,Left-Back,Spain,Spain,6,422,0,0,281,Manchester City,2237,16000000.0,17500000.0,0.999,1.0,0.997,same_club
1053,Keinan Davis,EPL,2019-20,Aston Villa,F S,18,514,0,0,0,17,6,1.986,1.986,0.18,2.638,1.307,0,0,412660,Keinan Davis,1998-02-13,21.55,189.0,left,Attack,Centre-Forward,England,England,18,538,0,0,405,Aston Villa,538,2000000.0,2300000.0,0.987,1.0,0.955,same_club
1217,Moritz Leitner,EPL,2019-20,Norwich,M S,9,689,0,0,0,8,7,0.218,0.218,0.364,4.276,3.831,1,0,82243,Moritz Leitner,1992-12-08,26.73,178.0,right,Midfield,Central Midfield,Germany,Germany,9,685,0,0,1123,Norwich City,775,1500000.0,2400000.0,0.998,1.0,0.994,same_club
1245,Emerson,EPL,2019-20,Chelsea,D S,15,1019,0,0,0,13,19,1.099,1.099,1.688,6.991,5.515,3,0,181778,Emerson,1994-08-03,25.08,176.0,left,Defender,Left-Back,Italy,Brazil,15,1025,0,0,631,Chelsea FC,1523,15000000.0,24000000.0,0.998,1.0,0.994,same_club
1257,Alisson,EPL,2019-20,Liverpool,GK,29,2545,0,0,1,0,1,0.0,0.0,0.263,6.832,6.569,0,1,105470,Alisson,1992-10-02,26.91,193.0,right,Goalkeeper,Goalkeeper,Brazil,Brazil,29,2545,0,1,31,Liverpool FC,3295,80000000.0,72000000.0,1.0,1.0,1.0,same_club
1374,José Reina,EPL,2019-20,Aston Villa,GK,12,1080,0,0,0,0,1,0.0,0.0,0.039,1.709,1.709,1,0,7825,Pepe Reina,1982-08-31,37.0,188.0,right,Goalkeeper,Goalkeeper,Spain,Spain,12,1080,0,0,405,Aston Villa,1170,1000000.0,650000.0,0.97,0.95,1.0,same_club
1374,José Reina,EPL,2019-20,Aston Villa,GK,12,1080,0,0,0,0,1,0.0,0.0,0.039,1.709,1.709,1,0,7825,Pepe Reina,1982-08-31,37.0,188.0,right,Goalkeeper,Goalkeeper,Spain,Spain,12,1080,0,0,405,Aston Villa,1170,1000000.0,650000.0,0.97,0.95,1.0,same_club
1545,Emil Krafth,EPL,2019-20,Newcastle United,D S,17,1024,0,0,1,4,1,0.353,0.353,0.703,1.796,0.74,0,0,184528,Emil Krafth,1994-08-02,25.08,184.0,right,Defender,Right-Back,Sweden,Sweden,17,1019,0,1,762,Newcastle United,1199,2500000.0,4000000.0,0.999,1.0,0.995,same_club
1651,Tom Heaton,EPL,2019-20,Aston Villa,GK,20,1797,0,0,0,0,0,0.0,0.0,0.0,2.095,2.095,0,0,34130,Tom Heaton,1986-04-15,33.38,188.0,right,Goalkeeper,Goalkeeper,England,England,20,1795,0,0,405,Aston Villa,1795,3000000.0,4800000.0,1.0,1.0,0.999,same_club
1652,Matthew Lowton,EPL,2019-20,Burnley,D,17,1530,0,0,1,1,11,0.014,0.014,1.275,3.158,2.133,2,0,102258,Matthew Lowton,1989-06-09,30.23,180.0,right,Defender,Right-Back,England,England,17,1530,0,1,1132,Burnley FC,1710,5000000.0,4000000.0,1.0,1.0,1.0,same_club
1677,Nathaniel Chalobah,EPL,2019-20,Watford,M S,22,915,0,0,1,9,9,0.499,0.499,1.616,2.397,1.414,1,0,128900,Nathaniel Chalobah,1994-12-12,24.72,185.0,right,Midfield,Defensive Midfield,England,Sierra Leone,22,926,0,1,1010,Watford FC,971,7000000.0,4800000.0,0.996,1.0,0.988,same_club
1699,Shkodran Mustafi,EPL,2019-20,Arsenal,D S,15,1208,0,0,1,11,3,0.568,0.568,0.576,4.5,3.967,2,0,88590,Shkodran Mustafi,1992-04-17,27.37,184.0,right,Defender,Centre-Back,Germany,Germany,15,1205,0,1,11,Arsenal FC,2073,25000000.0,12000000.0,0.999,1.0,0.998,same_club
1701,Borja Bastón,EPL,2019-20,Aston Villa,S,2,9,0,0,0,0,0,0.0,0.0,0.0,0.0,0.0,0,0,85324,Borja Bastón,1992-08-25,27.02,186.0,right,Attack,Centre-Forward,Spain,Spain,2,16,0,0,405,Aston Villa,48,2000000.0,3200000.0,0.977,1.0,0.922,same_club
1719,Javier Manquillo,EPL,2019-20,Newcastle United,D S,21,1598,0,0,1,1,5,0.036,0.036,0.263,3.059,2.839,5,0,162029,Javier Manquillo,1994-05-05,25.33,178.0,right,Defender,Right-Back,Spain,Spain,21,1599,0,1,762,Newcastle United,1779,5000000.0,4000000.0,1.0,1.0,0.999,same_club
1724,Isaac Success,EPL,2019-20,Watford,S,5,54,0,0,0,1,1,0.095,0.095,0.055,0.194,0.045,1,0,295331,Isaac Success,1996-01-07,23.65,182.0,right,Attack,Centre-Forward,Nigeria,Nigeria,5,65,0,0,1010,Watford FC,155,5000000.0,3200000.0,0.963,1.0,0.878,same_club
1725,Christian Kabasele,EPL,2019-20,Watford,D S,27,2261,0,0,2,9,5,0.825,0.825,0.639,2.304,2.278,1,2,81512,Christian Kabasele,1991-02-24,28.52,187.0,right,Defender,Centre-Back,Belgium,Zaire,27,2252,0,2,1010,Watford FC,2372,8000000.0,6500000.0,0.999,1.0,0.996,same_club
1729,Georges-Kévin Nkoudou,EPL,2019-20,Tottenham,S,1,1,0,0,0,1,0,0.056,0.056,0.0,0.056,0.0,0,0,215679,Georges-Kevin N'Koudou,1995-02-13,24.55,172.0,right,Attack,Left Winger,Cameroon,France,1,2,0,0,148,Tottenham Hotspur,1970,5000000.0,3500000.0,0.955,0.93,0.989,same_club
1731,Claudio Bravo,EPL,2019-20,Manchester City,GK S,4,347,0,0,0,0,0,0.0,0.0,0.0,0.704,0.704,0,0,40423,Claudio Bravo,1983-04-13,36.39,184.0,right,Goalkeeper,Goalkeeper,Chile,Chile,4,346,0,0,281,Manchester City,922,2500000.0,1200000.0,0.999,1.0,0.997,same_club
1734,Sofiane Boufal,EPL,2019-20,Southampton,M S,20,746,0,0,2,18,15,1.015,1.015,2.698,6.15,3.55,2,0,232271,Sofiane Boufal,1993-09-17,25.95,175.0,right,Midfield,Attacking Midfield,Morocco,France,20,760,0,2,180,Southampton FC,924,12000000.0,8000000.0,0.994,1.0,0.982,same_club
1739,Eric Bailly,EPL,2019-20,Manchester United,D S,4,142,0,0,0,0,0,0.0,0.0,0.0,0.518,0.518,0,0,286384,Eric Bailly,1994-04-12,25.39,187.0,right,Defender,Centre-Back,Cote d'Ivoire,Cote d'Ivoire,4,148,0,0,985,Manchester United,720,25000000.0,17500000.0,0.988,1.0,0.959,same_club
1747,Kevin Long,EPL,2019-20,Burnley,D S,8,560,0,0,0,2,0,0.106,0.106,0.0,0.851,0.758,0,0,111114,Kevin Long,1990-08-18,29.04,188.0,right,Defender,Centre-Back,Ireland,Ireland,8,562,0,0,1132,Burnley FC,742,2500000.0,1600000.0,0.999,1.0,0.996,same_club
1749,Rob Holding,EPL,2019-20,Arsenal,D S,8,576,0,0,0,2,0,0.109,0.109,0.0,0.444,0.444,1,0,253341,Rob Holding,1995-09-20,23.95,189.0,right,Defender,Centre-Back,England,England,8,581,0,0,11,Arsenal FC,1098,12000000.0,9500000.0,0.997,1.0,0.991,same_club
1750,Ainsley Maitland-Niles,EPL,2019-20,Arsenal,D S,20,1372,0,0,2,4,11,0.508,0.508,1.646,5.157,3.567,4,1,285845,Ainsley Maitland-Niles,1997-08-29,22.01,180.0,right,Defender,Right-Back,England,England,20,1383,0,2,11,Arsenal FC,1945,12000000.0,14500000.0,0.998,1.0,0.992,same_club
1760,Arthur Masuaku,EPL,2019-20,West Ham,D S,17,925,0,0,1,5,7,0.099,0.099,1.253,3.071,2.874,4,1,181380,Arthur Masuaku,1993-11-07,25.82,179.0,left,Defender,Left-Back,DR Congo,France,17,932,0,1,379,West Ham United,1022,7000000.0,6500000.0,0.998,1.0,0.992,same_club
1785,Nampalys Mendy,EPL,2019-20,Leicester,M S,7,295,0,0,0,1,3,0.014,0.014,0.089,1.877,1.789,0,0,111051,Nampalys Mendy,1992-06-23,27.19,168.0,right,Midfield,Defensive Midfield,Senegal,France,7,291,0,0,1003,Leicester City,368,8000000.0,5500000.0,0.996,1.0,0.986,same_club
1789,Lewis Cook,EPL,2019-20,Bournemouth,M S,27,1331,0,0,0,9,11,0.248,0.248,0.549,3.171,2.714,5,0,249089,Lewis Cook,1997-02-03,22.57,175.0,right,Midfield,Central Midfield,England,England,27,1345,0,0,989,AFC Bournemouth,1435,20000000.0,16000000.0,0.997,1.0,0.99,same_club
1823,Lucas Digne,EPL,2019-20,Everton,D M,35,3044,0,0,7,29,72,1.257,1.257,6.39,8.197,5.132,6,0,126664,Lucas Digne,1993-07-20,26.12,178.0,left,Defender,Left-Back,France,France,35,3036,0,7,29,Everton FC,3126,30000000.0,28000000.0,0.999,1.0,0.997,same_club
1883,Ravel Morrison,EPL,2019-20,Sheffield United,S,1,11,0,0,0,1,0,0.027,0.027,0.0,0.0,0.0,0,0,128907,Ravel Morrison,1993-02-02,26.58,175.0,right,Midfield,Attacking Midfield,Jamaica,England,1,12,0,0,350,Sheffield United,102,300000.0,600000.0,0.997,1.0,0.989,same_club
1950,Martín Montoya,EPL,2019-20,Brighton,D S,27,1912,0,0,1,8,21,1.434,1.434,1.942,6.853,4.16,5,0,68645,Martín Montoya,1991-04-14,28.38,175.0,right,Defender,Right-Back,Spain,Spain,27,1901,0,1,1237,Brighton & Hove Albion,1901,8000000.0,6500000.0,0.998,1.0,0.994,same_club
2132,Jota,EPL,2019-20,Aston Villa,F M S,10,328,0,0,1,6,4,0.264,0.264,0.568,1.559,0.849,0,0,176591,Jota Peleteiro,1991-06-16,28.21,178.0,left,Attack,Right Winger,Spain,Spain,10,332,0,1,405,Aston Villa,408,5000000.0,3500000.0,0.966,0.95,0.988,same_club
2190,Vicente Guaita,EPL,2019-20,Crystal Palace,GK,35,3150,0,0,0,0,0,0.0,0.0,0.0,1.856,1.856,1,0,64399,Vicente Guaita,1987-01-10,32.64,190.0,right,Goalkeeper,Goalkeeper,Spain,Spain,35,3150,0,0,873,Crystal Palace,3150,5000000.0,4000000.0,1.0,1.0,1.0,same_club
2344,Christian Atsu,EPL,2019-20,Newcastle United,M S,19,733,0,0,3,5,13,0.246,0.246,0.712,1.533,0.707,2,0,186997,Christian Atsu,1992-01-10,27.64,165.0,left,Attack,Left Winger,Ghana,Ghana,19,741,0,3,762,Newcastle United,949,6000000.0,4800000.0,0.997,1.0,0.989,same_club
2379,João Cancelo,EPL,2019-20,Manchester City,D S,17,1198,0,0,0,15,17,0.561,0.561,3.0,14.227,11.61,4,0,182712,João Cancelo,1994-05-27,25.26,182.0,right,Defender,Right-Back,Portugal,Portugal,17,1205,0,0,281,Manchester City,2062,55000000.0,36000000.0,0.998,1.0,0.994,same_club
2383,André Gomes,EPL,2019-20,Everton,M S,19,1457,0,0,1,5,11,0.207,0.207,1.105,5.09,3.943,6,0,221025,André Gomes,1993-07-30,26.09,190.0,right,Midfield,Central Midfield,Portugal,Portugal,19,1460,0,1,29,Everton FC,1460,28000000.0,22500000.0,0.999,1.0,0.998,same_club
2385,Mat Ryan,EPL,2019-20,Brighton,GK,38,3420,0,0,0,0,0,0.0,0.0,0.0,4.316,4.316,0,0,128969,Mathew Ryan,1992-04-08,27.4,184.0,right,Goalkeeper,Goalkeeper,Australia,Australia,38,3420,0,0,1237,Brighton & Hove Albion,3420,10000000.0,8000000.0,0.97,0.95,1.0,same_club
2390,Víctor Camarasa,EPL,2019-20,Crystal Palace,S,1,3,0,0,0,0,0,0.0,0.0,0.0,0.065,0.065,0,0,263856,Víctor Camarasa,1994-05-28,25.26,183.0,right,Midfield,Central Midfield,Spain,Spain,1,5,0,0,873,Crystal Palace,1304,10000000.0,4000000.0,0.993,1.0,0.978,same_club
2390,Víctor Camarasa,EPL,2019-20,Crystal Palace,S,1,3,0,0,0,0,0,0.0,0.0,0.0,0.065,0.065,0,0,263856,Víctor Camarasa,1994-05-28,25.26,183.0,right,Midfield,Central Midfield,Spain,Spain,1,5,0,0,873,Crystal Palace,1304,10000000.0,4000000.0,0.998,1.0,0.995,same_club
2446,Dani Ceballos,EPL,2019-20,Arsenal,M S,24,1722,0,0,2,13,28,0.47,0.47,1.576,8.663,7.353,1,0,319745,Dani Ceballos,1996-08-07,23.07,179.0,right,Midfield,Central Midfield,Spain,Spain,24,1700,0,2,11,Arsenal FC,2307,30000000.0,32000000.0,0.996,1.0,0.987,same_club
2509,Dimitri Foulquier,EPL,2019-20,Watford,M S,3,52,0,0,0,0,0,0.0,0.0,0.0,0.0,0.0,0,0,170472,Dimitri Foulquier,1993-03-23,26.44,183.0,right,Defender,Right-Back,Guadeloupe,France,3,58,0,0,1010,Watford FC,1678,3500000.0,2000000.0,0.98,1.0,0.933,same_club
2509,Dimitri Foulquier,EPL,2019-20,Watford,M S,3,52,0,0,0,0,0,0.0,0.0,0.0,0.0,0.0,0,0,170472,Dimitri Foulquier,1993-03-23,26.44,183.0,right,Defender,Right-Back,Guadeloupe,France,3,58,0,0,1010,Watford FC,1678,3500000.0,2000000.0,0.999,1.0,0.996,same_club
2673,Albian Ajeti,EPL,2019-20,West Ham,S,9,114,0,0,0,3,2,0.202,0.202,0.039,0.273,0.032,0,0,195906,Albian Ajeti,1997-02-26,22.51,181.0,right,Attack,Centre-Forward,Switzerland,Switzerland,9,132,0,0,379,West Ham United,418,7000000.0,4800000.0,0.959,1.0,0.864,same_club
2958,Oleksandr Zinchenko,EPL,2019-20,Manchester City,D S,19,1265,0,0,0,16,20,0.477,0.477,2.093,10.345,9.809,0,1,203853,Oleksandr Zinchenko,1996-12-15,22.71,175.0,left,Defender,Left-Back,Ukraine,Ukraine,19,1273,0,0,281,Manchester City,1567,20000000.0,24000000.0,0.998,1.0,0.994,same_club
3253,Frederic Guilbert,EPL,2019-20,Aston Villa,D S,25,2045,0,0,2,8,13,0.418,0.418,1.39,4.421,3.742,6,0,354352,Frédéric Guilbert,1994-12-24,24.69,178.0,right,Defender,Right-Back,France,France,25,2041,0,2,405,Aston Villa,2041,6000000.0,7000000.0,0.999,1.0,0.998,same_club
3357,Djibril Sidibe,EPL,2019-20,Everton,D M S,25,1806,0,0,4,12,19,0.302,0.302,2.565,7.775,5.019,3,0,161869,Djibril Sidibé,1992-07-29,27.09,183.0,right,Defender,Right-Back,France,France,25,1821,0,4,29,Everton FC,1911,15000000.0,9500000.0,0.998,1.0,0.992,same_club
3358,Ibrahim Amadou,EPL,2019-20,Norwich,D M S,11,757,0,0,0,6,1,0.593,0.593,0.05,1.246,1.151,1,0,205503,Ibrahim Amadou,1993-04-06,26.4,183.0,right,Midfield,Defensive Midfield,France,Cameroon,11,756,0,0,1123,Norwich City,1618,7000000.0,5500000.0,1.0,1.0,0.999,same_club
3358,Ibrahim Amadou,EPL,2019-20,Norwich,D M S,11,757,0,0,0,6,1,0.593,0.593,0.05,1.246,1.151,1,0,205503,Ibrahim Amadou,1993-04-06,26.4,183.0,right,Midfield,Defensive Midfield,France,Cameroon,11,756,0,0,1123,Norwich City,1618,7000000.0,5500000.0,0.994,1.0,0.98,same_club
3389,Benjamin Mendy,EPL,2019-20,Manchester City,D S,19,1508,0,0,3,10,21,0.317,0.317,1.626,10.95,10.008,3,0,157495,Benjamin Mendy,1994-07-17,25.13,185.0,left,Defender,Left-Back,France,France,19,1496,0,2,281,Manchester City,2204,35000000.0,28000000.0,0.998,1.0,0.992,same_club
3873,Ezequiel Schelotto,EPL,2019-20,Brighton,D S,8,362,0,0,0,4,0,0.255,0.255,0.0,0.499,0.245,1,0,119164,Ezequiel Schelotto,1989-05-23,30.28,187.0,right,Defender,Right-Back,Italy,Argentina,8,361,0,0,1237,Brighton & Hove Albion,451,3000000.0,1200000.0,0.999,1.0,0.997,same_club
4401,Emiliano Martinez,EPL,2019-20,Arsenal,GK S,9,771,0,0,0,0,0,0.0,0.0,0.0,0.908,0.908,2,0,111873,Emiliano Martínez,1992-09-02,27.0,195.0,right,Goalkeeper,Goalkeeper,Argentina,Argentina,9,770,0,0,11,Arsenal FC,1850,2000000.0,2800000.0,1.0,1.0,0.999,same_club
4441,Matthew James,EPL,2019-20,Leicester,S,1,3,0,0,0,0,0,0.0,0.0,0.0,0.0,0.0,0,0,73522,Matty James,1991-07-22,28.11,181.0,right,Midfield,Central Midfield,England,England,1,5,0,0,1003,Leicester City,5,1500000.0,1200000.0,0.963,0.95,0.978,same_club
4475,Jed Steer,EPL,2019-20,Aston Villa,GK,1,7,0,0,0,0,0,0.0,0.0,0.0,0.0,0.0,0,0,110867,Jed Steer,1992-09-23,26.94,183.0,left,Goalkeeper,Goalkeeper,England,England,1,8,0,0,405,Aston Villa,8,2000000.0,1200000.0,0.997,1.0,0.989,same_club
4764,Jean-Philippe Gbamin,EPL,2019-20,Everton,M S,2,135,0,0,0,0,0,0.0,0.0,0.0,0.0,0.0,0,0,182894,Jean-Philippe Gbamin,1995-09-25,23.93,186.0,right,Defender,Centre-Back,Cote d'Ivoire,Cote d'Ivoire,2,135,0,0,29,Everton FC,135,28000000.0,22500000.0,1.0,1.0,1.0,same_club
5043,Kiko Femenía,EPL,2019-20,Watford,D S,28,2253,0,0,0,5,18,0.122,0.122,1.201,3.485,2.783,5,0,76467,Kiko Femenía,1991-02-02,28.58,174.0,right,Defender,Right-Back,Spain,Spain,28,2241,0,1,1010,Watford FC,2241,5000000.0,4800000.0,0.998,1.0,0.995,same_club
5061,Kepa,EPL,2019-20,Chelsea,GK,33,2970,0,0,0,0,0,0.0,0.0,0.0,5.266,5.266,0,0,192279,Kepa Arrizabalaga,1994-10-03,24.91,188.0,right,Goalkeeper,Goalkeeper,Spain,Spain,33,2970,0,0,631,Chelsea FC,3720,60000000.0,32000000.0,0.97,0.95,1.0,same_club
5065,Diego Rico,EPL,2019-20,Bournemouth,D,27,2346,0,0,4,11,31,0.337,0.337,2.583,4.2,3.412,6,0,249513,Diego Rico,1993-02-23,26.52,183.0,left,Defender,Left-Back,Spain,Spain,27,2335,0,4,989,AFC Bournemouth,2413,9000000.0,8000000.0,0.999,1.0,0.995,same_club
5087,Roberto Jiménez,EPL,2019-20,West Ham,GK S,8,687,0,0,0,0,0,0.0,0.0,0.0,0.123,0.123,0,0,37403,Roberto,1986-02-10,33.56,192.0,right,Goalkeeper,Goalkeeper,Spain,Spain,8,686,0,0,379,West Ham United,1475,1500000.0,800000.0,0.97,0.95,0.999,same_club
5087,Roberto Jiménez,EPL,2019-20,West Ham,GK S,8,687,0,0,0,0,0,0.0,0.0,0.0,0.123,0.123,0,0,37403,Roberto,1986-02-10,33.56,192.0,right,Goalkeeper,Goalkeeper,Spain,Spain,8,686,0,0,379,West Ham United,1475,1500000.0,800000.0,0.97,0.95,0.999,same_club
5234,Jesús Vallejo,EPL,2019-20,Wolverhampton Wanderers,D S,2,163,0,0,0,0,0,0.0,0.0,0.0,0.058,0.058,1,0,251896,Jesús Vallejo,1997-01-05,22.65,184.0,right,Defender,Centre-Back,Spain,Spain,2,162,0,0,543,Wolverhampton Wanderers,1314,10000000.0,6000000.0,0.998,1.0,0.994,same_club
5234,Jesús Vallejo,EPL,2019-20,Wolverhampton Wanderers,D S,2,163,0,0,0,0,0,0.0,0.0,0.0,0.058,0.058,1,0,251896,Jesús Vallejo,1997-01-05,22.65,184.0,right,Defender,Centre-Back,Spain,Spain,2,162,0,0,543,Wolverhampton Wanderers,1314,10000000.0,6000000.0,0.997,1.0,0.99,same_club
5240,Ondrej Duda,EPL,2019-20,Norwich,M S,10,737,0,0,0,10,16,0.532,0.532,1.534,1.989,1.074,0,0,232418,Ondrej Duda,1994-12-05,24.74,180.0,right,Midfield,Central Midfield,Slovakia,Slovakia,10,729,0,0,1123,Norwich City,1397,17000000.0,10500000.0,0.997,1.0,0.989,same_club
5240,Ondrej Duda,EPL,2019-20,Norwich,M S,10,737,0,0,0,10,16,0.532,0.532,1.534,1.989,1.074,0,0,232418,Ondrej Duda,1994-12-05,24.74,180.0,right,Midfield,Central Midfield,Slovakia,Slovakia,10,729,0,0,1123,Norwich City,1397,17000000.0,10500000.0,0.995,1.0,0.983,same_club
5245,Bernardo,EPL,2019-20,Brighton,D S,14,678,0,0,0,7,4,0.454,0.454,0.94,2.12,1.334,1,0,364258,Bernardo,1995-05-14,24.3,186.0,left,Defender,Left-Back,Brazil,Brazil,14,678,0,0,1237,Brighton & Hove Albion,697,9000000.0,4800000.0,1.0,1.0,1.0,same_club
5261,Kevin Danso,EPL,2019-20,Southampton,D S,6,272,0,0,1,1,1,0.078,0.078,0.079,0.498,0.498,0,1,263236,Kevin Danso,1998-09-19,20.95,190.0,right,Defender,Centre-Back,Austria,Austria,6,276,0,1,180,Southampton FC,422,8000000.0,6300000.0,0.996,1.0,0.986,same_club
5544,Angus Gunn,EPL,2019-20,Southampton,GK,10,900,0,0,0,0,0,0.0,0.0,0.0,0.486,0.486,0,0,201574,Angus Gunn,1996-01-22,23.61,196.0,right,Goalkeeper,Goalkeeper,Scotland,England,10,900,0,0,180,Southampton FC,1170,10000000.0,6500000.0,1.0,1.0,1.0,same_club
5552,Nick Pope,EPL,2019-20,Burnley,GK,38,3420,0,0,0,0,3,0.0,0.0,0.2,2.25,2.088,1,0,192080,Nick Pope,1992-04-19,27.37,198.0,right,Goalkeeper,Goalkeeper,England,England,38,3420,0,0,1132,Burnley FC,3420,10000000.0,9500000.0,1.0,1.0,1.0,same_club
5567,Nathan Holland,EPL,2019-20,West Ham,S,2,24,0,0,0,1,0,0.01,0.01,0.0,0.01,0.0,0,0,337321,Nathan Holland,1998-06-19,21.2,176.0,right,Attack,Left Winger,England,England,2,31,0,0,379,West Ham United,164,,,0.977,1.0,0.922,same_club
5573,Domingos Quina,EPL,2019-20,Watford,S,4,9,0,0,0,1,0,0.021,0.021,0.0,0.021,0.0,0,0,391719,Domingos Quina,1999-11-18,19.79,173.0,right,Midfield,Central Midfield,Portugal,Guinea-Bissau,4,18,0,0,1010,Watford FC,184,5000000.0,3200000.0,0.97,1.0,0.9,same_club
5584,Aaron Wan-Bissaka,EPL,2019-20,Manchester United,D M S,35,3075,0,0,4,7,25,0.815,0.815,3.491,14.166,11.521,8,0,477758,Aaron Wan-Bissaka,1997-11-26,21.76,183.0,right,Defender,Right-Back,DR Congo,England,35,3072,0,4,985,Manchester United,3688,35000000.0,32000000.0,1.0,1.0,0.999,same_club
5598,Angel Gomes,EPL,2019-20,Manchester United,S,2,17,0,0,0,0,2,0.0,0.0,0.229,0.252,0.162,0,0,392770,Angel Gomes,2000-08-31,19.0,168.0,right,Midfield,Attacking Midfield,England,England,2,19,0,0,985,Manchester United,265,4000000.0,3600000.0,0.993,1.0,0.978,same_club
5602,Sam Surridge,EPL,2019-20,Bournemouth,S,4,20,0,0,0,2,1,0.897,0.897,0.066,0.486,0.0,0,0,398402,Sam Surridge,1998-07-28,21.1,190.0,right,Attack,Centre-Forward,England,England,4,25,0,0,989,AFC Bournemouth,26,,450000.0,0.983,1.0,0.944,same_club
5603,Aaron Ramsdale,EPL,2019-20,Bournemouth,GK,37,3330,0,0,1,0,2,0.0,0.0,0.531,2.167,1.636,0,0,427568,Aaron Ramsdale,1998-05-14,21.3,190.0,right,Goalkeeper,Goalkeeper,England,England,37,3330,0,1,989,AFC Bournemouth,3330,750000.0,12500000.0,1.0,1.0,1.0,same_club
5681,Giovani Lo Celso,EPL,2019-20,Tottenham,M S,28,1477,0,0,2,18,29,1.38,1.38,1.707,7.932,5.94,6,0,348795,Giovani Lo Celso,1996-04-09,23.39,177.0,left,Midfield,Attacking Midfield,Argentina,Argentina,28,1487,0,2,148,Tottenham Hotspur,2153,50000000.0,40000000.0,0.998,1.0,0.993,same_club
5759,Matteo Guendouzi,EPL,2019-20,Arsenal,M S,24,1744,0,0,1,11,12,0.53,0.53,1.063,6.532,5.212,6,0,465830,Mattéo Guendouzi,1999-04-14,20.38,185.0,right,Midfield,Central Midfield,France,France,24,1748,0,2,11,Arsenal FC,2354,35000000.0,40500000.0,0.999,1.0,0.998,same_club
6027,Jairo Riedewald,EPL,2019-20,Crystal Palace,D M S,17,747,0,0,0,3,2,0.047,0.047,0.211,1.325,1.193,0,0,241481,Jaïro Riedewald,1996-09-09,22.98,182.0,left,Midfield,Defensive Midfield,Netherlands,Netherlands,17,763,0,0,873,Crystal Palace,839,5000000.0,3200000.0,0.994,1.0,0.979,same_club
6044,Charlie Taylor,EPL,2019-20,Burnley,D S,24,1938,0,0,1,1,12,0.014,0.014,0.863,3.499,3.25,3,0,195633,Charlie Taylor,1993-09-18,25.95,183.0,left,Defender,Left-Back,England,England,24,1946,0,1,1132,Burnley FC,1991,7000000.0,4000000.0,0.999,1.0,0.996,same_club
6049,Solly March,EPL,2019-20,Brighton,D F M S,19,1132,0,0,1,20,13,1.467,1.467,1.107,4.376,2.265,2,0,209212,Solly March,1994-07-20,25.12,180.0,left,Attack,Right Winger,England,England,19,1146,0,1,1237,Brighton & Hove Albion,1146,8000000.0,6500000.0,0.996,1.0,0.988,same_club
6051,Dale Stephens,EPL,2019-20,Brighton,M S,33,2528,0,0,1,19,18,0.444,0.444,1.247,7.187,6.24,8,0,49755,Dale Stephens,1989-06-12,30.22,185.0,right,Midfield,Central Midfield,England,England,33,2529,0,1,1237,Brighton & Hove Albion,2619,6000000.0,4800000.0,1.0,1.0,1.0,same_club
6054,Ederson,EPL,2019-20,Manchester City,GK,35,3071,0,0,0,0,1,0.0,0.0,0.075,8.338,8.263,3,1,238223,Ederson,1993-08-17,26.04,188.0,left,Goalkeeper,Goalkeeper,Brazil,Brazil,35,3072,0,0,281,Manchester City,3837,70000000.0,56000000.0,1.0,1.0,1.0,same_club
6105,Gaëtan Bong,EPL,2019-20,Brighton,S,4,53,0,0,0,0,2,0.0,0.0,0.119,0.157,0.038,0,0,36291,Gaëtan Bong,1988-04-25,31.35,183.0,left,Defender,Left-Back,Cameroon,Cameroon,4,57,0,0,1237,Brighton & Hove Albion,128,2000000.0,800000.0,0.987,1.0,0.956,same_club
6249,Davinson Sánchez,EPL,2019-20,Tottenham,D S,29,2433,0,0,0,7,1,0.755,0.755,0.036,7.256,7.22,6,0,341429,Davinson Sánchez,1996-06-12,23.22,188.0,right,Defender,Centre-Back,Colombia,Colombia,29,2431,0,0,148,Tottenham Hotspur,3182,55000000.0,48000000.0,1.0,1.0,0.999,same_club
6306,Juan Foyth,EPL,2019-20,Tottenham,D S,4,67,0,0,0,0,1,0.0,0.0,0.024,0.099,0.099,1,0,480763,Juan Foyth,1998-01-12,21.63,187.0,right,Defender,Centre-Back,Argentina,Argentina,4,66,0,0,148,Tottenham Hotspur,263,15000000.0,13500000.0,0.997,1.0,0.989,same_club
6336,Bruno Jordao,EPL,2019-20,Wolverhampton Wanderers,S,1,1,0,0,0,0,1,0.0,0.0,0.046,0.0,0.0,0,0,415646,Bruno Jordão,1998-10-12,20.89,180.0,right,Midfield,Defensive Midfield,Portugal,Portugal,1,6,0,0,543,Wolverhampton Wanderers,18,1000000.0,2300000.0,0.983,1.0,0.944,same_club
6410,Jack Simpson,EPL,2019-20,Bournemouth,D S,4,237,0,0,0,1,1,0.012,0.012,0.035,0.047,0.0,0,0,419930,Jack Simpson,1996-12-18,22.7,190.0,left,Defender,Centre-Back,England,England,4,238,0,0,989,AFC Bournemouth,404,1500000.0,1200000.0,0.999,1.0,0.996,same_club
6424,Ben Johnson,EPL,2019-20,West Ham,D,3,270,0,0,0,1,1,0.015,0.015,0.029,0.423,0.423,0,0,468002,Ben Johnson,2000-01-24,19.6,184.0,right,Defender,Right-Back,England,England,3,270,0,0,379,West Ham United,270,,,1.0,1.0,1.0,same_club
6532,Martin Dubravka,EPL,2019-20,Newcastle United,GK,38,3420,0,0,0,0,0,0.0,0.0,0.0,2.557,2.557,0,0,74960,Martin Dúbravka,1989-01-15,30.63,191.0,right,Goalkeeper,Goalkeeper,Slovakia,CSSR,38,3420,0,0,762,Newcastle United,3510,7000000.0,5500000.0,1.0,1.0,1.0,same_club
6542,Jürgen Locadia,EPL,2019-20,Brighton,F S,2,84,0,0,0,2,0,0.4,0.4,0.0,0.102,0.044,0,0,166240,Jürgen Locadia,1993-11-07,25.82,193.0,right,Attack,Centre-Forward,Curacao,Netherlands,2,86,0,0,1237,Brighton & Hove Albion,675,12000000.0,8000000.0,0.993,1.0,0.978,same_club
6542,Jürgen Locadia,EPL,2019-20,Brighton,F S,2,84,0,0,0,2,0,0.4,0.4,0.0,0.102,0.044,0,0,166240,Jürgen Locadia,1993-11-07,25.82,193.0,right,Attack,Centre-Forward,Curacao,Netherlands,2,86,0,0,1237,Brighton & Hove Albion,675,12000000.0,8000000.0,0.997,1.0,0.991,same_club
6817,Fred,EPL,2019-20,Manchester United,M S,29,2147,0,0,0,40,35,1.592,1.592,2.314,12.033,9.727,8,0,191614,Fred,1993-03-05,26.49,170.0,both,Midfield,Central Midfield,Brazil,Brazil,29,2159,0,0,985,Manchester United,3186,30000000.0,17500000.0,0.998,1.0,0.994,same_club
6837,Ryan Sessegnon,EPL,2019-20,Tottenham,D M S,6,341,0,0,0,1,2,0.093,0.093,0.048,0.526,0.402,0,0,392775,Ryan Sessegnon,2000-05-18,19.29,178.0,left,Defender,Left-Back,England,England,6,342,0,0,148,Tottenham Hotspur,773,35000000.0,31500000.0,0.999,1.0,0.997,same_club
6849,Rui Patrício,EPL,2019-20,Wolverhampton Wanderers,GK,38,3420,0,0,0,0,0,0.0,0.0,0.0,2.798,2.798,0,0,45026,Rui Patrício,1988-02-15,31.54,190.0,left,Goalkeeper,Goalkeeper,Portugal,Portugal,38,3420,0,0,543,Wolverhampton Wanderers,4770,20000000.0,16000000.0,1.0,1.0,1.0,same_club
6850,Willy Boly,EPL,2019-20,Wolverhampton Wanderers,D,22,1980,0,0,1,5,7,0.233,0.233,1.025,4.821,3.925,1,1,142310,Willy Boly,1991-02-03,28.57,195.0,right,Defender,Centre-Back,Cote d'Ivoire,France,22,1980,0,1,543,Wolverhampton Wanderers,3150,12000000.0,14500000.0,1.0,1.0,1.0,same_club
6851,Conor Coady,EPL,2019-20,Wolverhampton Wanderers,D,38,3420,0,0,0,0,5,0.0,0.0,0.532,9.534,9.088,5,0,128901,Conor Coady,1993-02-25,26.51,185.0,right,Defender,Centre-Back,England,England,38,3420,0,0,543,Wolverhampton Wanderers,5130,10000000.0,14500000.0,1.0,1.0,1.0,same_club
6856,Rúben Vinagre,EPL,2019-20,Wolverhampton Wanderers,D S,16,625,0,0,0,5,4,0.288,0.288,0.619,2.434,1.959,1,0,357158,Rúben Vinagre,1999-04-09,20.4,174.0,left,Midfield,Left Midfield,Portugal,Portugal,16,645,0,0,543,Wolverhampton Wanderers,1638,7000000.0,9000000.0,0.991,1.0,0.969,same_club
6857,Morgan Gibbs-White,EPL,2019-20,Wolverhampton Wanderers,M S,7,119,0,0,0,2,3,0.072,0.072,0.071,0.306,0.193,0,0,429014,Morgan Gibbs-White,2000-01-27,19.59,171.0,right,Midfield,Attacking Midfield,England,England,7,126,0,0,543,Wolverhampton Wanderers,605,8000000.0,7200000.0,0.983,1.0,0.944,same_club
6891,Ryan Fredericks,EPL,2019-20,West Ham,D S,27,2236,0,0,3,3,22,0.127,0.127,2.988,6.535,5.443,7,0,140191,Ryan Fredericks,1992-10-10,26.89,181.0,right,Defender,Right-Back,England,England,27,2237,0,3,379,West Ham United,2280,5000000.0,4000000.0,1.0,1.0,1.0,same_club
6997,Ignacio Pussetto,EPL,2019-20,Watford,S,7,48,0,0,0,0,0,0.0,0.0,0.0,0.0,0.0,1,0,283528,Ignacio Pussetto,1995-12-21,23.7,180.0,right,Attack,Centre-Forward,Argentina,Argentina,7,67,0,0,1010,Watford FC,499,10000000.0,6500000.0,0.937,1.0,0.789,same_club
6997,Ignacio Pussetto,EPL,2019-20,Watford,S,7,48,0,0,0,0,0,0.0,0.0,0.0,0.0,0.0,1,0,283528,Ignacio Pussetto,1995-12-21,23.7,180.0,right,Attack,Centre-Forward,Argentina,Argentina,7,67,0,0,1010,Watford FC,499,10000000.0,6500000.0,0.987,1.0,0.958,same_club
7198,Oliver Skipp,EPL,2019-20,Tottenham,M S,7,70,0,0,0,0,0,0.0,0.0,0.0,0.0,0.0,0,0,406638,Oliver Skipp,2000-09-16,18.96,175.0,right,Midfield,Defensive Midfield,England,England,7,74,0,0,148,Tottenham Hotspur,223,5000000.0,7200000.0,0.987,1.0,0.956,same_club
7230,Emile Smith-Rowe,EPL,2019-20,Arsenal,M S,2,96,0,0,0,0,0,0.0,0.0,0.0,0.0,0.0,0,0,392765,Emile Smith Rowe,2000-07-28,19.09,182.0,right,Midfield,Attacking Midfield,England,England,2,97,0,0,11,Arsenal FC,332,4000000.0,2700000.0,0.997,1.0,0.99,same_club
7280,Yan Valery,EPL,2019-20,Southampton,D S,11,796,0,0,0,3,2,0.256,0.256,1.143,3.59,2.754,1,0,406008,Yan Valery,1999-02-22,20.52,185.0,right,Defender,Right-Back,Tunisia,France,11,784,0,0,180,Southampton FC,784,7000000.0,6300000.0,0.995,1.0,0.985,same_club
7281,Diogo Dalot,EPL,2019-20,Manchester United,D S,4,65,0,0,0,1,0,0.372,0.372,0.0,0.39,0.019,0,0,357147,Diogo Dalot,1999-03-18,20.46,184.0,right,Defender,Right-Back,Portugal,Portugal,4,66,0,0,985,Manchester United,578,20000000.0,18000000.0,0.997,1.0,0.989,same_club
7332,Max Kilman,EPL,2019-20,Wolverhampton Wanderers,D S,3,183,0,0,0,0,0,0.0,0.0,0.0,0.035,0.035,0,0,525247,Maximilian Kilman,1997-05-23,22.28,194.0,left,Defender,Centre-Back,England,England,3,184,0,0,543,Wolverhampton Wanderers,724,,800000.0,0.968,0.95,0.995,same_club
7382,Dan Burn,EPL,2019-20,Brighton,D S,34,2879,0,0,0,13,20,1.905,1.905,1.674,7.785,6.515,5,0,134270,Dan Burn,1992-05-09,27.31,201.0,left,Defender,Centre-Back,England,England,34,2881,0,0,1237,Brighton & Hove Albion,2881,3000000.0,4000000.0,1.0,1.0,0.999,same_club
7438,James Garner,EPL,2019-20,Manchester United,S,1,5,0,0,0,0,0,0.0,0.0,0.0,0.036,0.036,0,0,505219,James Garner,2001-03-13,18.47,182.0,right,Midfield,Defensive Midfield,England,England,1,8,0,0,985,Manchester United,291,,2700000.0,0.99,1.0,0.967,same_club
7439,Tahith Chong,EPL,2019-20,Manchester United,S,3,29,0,0,0,1,0,0.072,0.072,0.0,0.086,0.014,0,0,344830,Tahith Chong,1999-12-04,19.74,185.0,left,Midfield,Attacking Midfield,Curacao,Curacao,3,34,0,0,985,Manchester United,407,7000000.0,6300000.0,0.983,1.0,0.944,same_club
7546,Harvey Elliott,EPL,2019-20,Liverpool,S,2,5,0,0,0,0,0,0.0,0.0,0.0,0.0,0.0,0,0,565822,Harvey Elliott,2003-04-04,16.41,170.0,left,Midfield,Attacking Midfield,England,England,2,7,0,0,31,Liverpool FC,247,4000000.0,3600000.0,0.993,1.0,0.978,same_club
7582,Mark Travers,EPL,2019-20,Bournemouth,GK,1,90,0,0,0,0,0,0.0,0.0,0.0,0.02,0.02,0,0,357658,Mark Travers,1999-05-18,20.29,191.0,right,Goalkeeper,Goalkeeper,Ireland,Ireland,1,90,0,0,989,AFC Bournemouth,270,250000.0,250000.0,1.0,1.0,1.0,same_club
7602,Kelland Watts,EPL,2019-20,Newcastle United,S,1,12,0,0,0,0,0,0.0,0.0,0.0,0.0,0.0,0,0,484389,Kell Watts,1999-11-03,19.83,192.0,left,Defender,Centre-Back,England,England,1,16,0,0,762,Newcastle United,28,,,0.957,0.95,0.956,same_club
7688,Max Aarons,EPL,2019-20,Norwich,D,36,3240,0,0,1,14,23,0.651,0.651,3.895,10.055,7.378,7,0,471690,Max Aarons,2000-01-04,19.66,177.0,right,Defender,Right-Back,England,England,36,3240,0,2,1123,Norwich City,3488,8000000.0,20000000.0,1.0,1.0,1.0,same_club
7689,Ben Godfrey,EPL,2019-20,Norwich,D,30,2649,0,0,0,15,3,0.858,0.858,0.074,6.353,6.246,3,1,343475,Ben Godfrey,1998-01-15,21.63,184.0,right,Defender,Centre-Back,England,England,30,2646,0,0,1123,Norwich City,2886,6000000.0,11500000.0,1.0,1.0,0.999,same_club
7690,Grant Hanley,EPL,2019-20,Norwich,D S,15,1261,0,0,0,8,0,0.44,0.44,0.0,1.799,1.799,4,0,121385,Grant Hanley,1991-11-20,27.78,188.0,right,Defender,Centre-Back,Scotland,Scotland,15,1262,0,0,1123,Norwich City,1494,3000000.0,2000000.0,1.0,1.0,0.999,same_club
7692,Tom Trybull,EPL,2019-20,Norwich,M S,16,1159,0,0,0,11,3,0.444,0.444,0.15,3.488,3.333,2,0,93831,Tom Trybull,1993-03-09,26.48,183.0,right,Midfield,Defensive Midfield,Germany,Germany,16,1135,0,0,1123,Norwich City,1412,2000000.0,3200000.0,0.994,1.0,0.979,same_club
7694,Marco Stiepermann,EPL,2019-20,Norwich,M S,24,1201,0,0,0,19,12,1.294,1.294,0.937,5.159,3.413,6,0,45760,Marco Stiepermann,1991-02-09,28.56,190.0,left,Midfield,Attacking Midfield,Germany,Germany,24,1189,0,0,1123,Norwich City,1383,3500000.0,3200000.0,0.997,1.0,0.99,same_club
7702,Dean Henderson,EPL,2019-20,Sheffield United,GK,36,3240,0,0,0,1,1,0.033,0.033,0.022,0.294,0.294,2,0,258919,Dean Henderson,1997-03-12,22.47,188.0,right,Goalkeeper,Goalkeeper,England,England,36,3240,0,0,350,Sheffield United,3589,2500000.0,14500000.0,1.0,1.0,1.0,same_club
7704,Chris Basham,EPL,2019-20,Sheffield United,D,38,3275,0,0,1,6,13,0.33,0.33,1.312,4.456,4.019,4,0,52495,Chris Basham,1988-07-20,31.12,190.0,right,Defender,Centre-Back,England,England,38,3255,0,1,350,Sheffield United,3573,1000000.0,2400000.0,0.998,1.0,0.994,same_club
7705,Jack O&#039;Connell,EPL,2019-20,Sheffield United,D S,33,2913,0,0,1,14,16,0.829,0.829,3.558,7.514,6.322,4,0,212829,Jack O'Connell,1994-03-29,25.43,190.0,left,Defender,Centre-Back,England,England,33,2915,0,1,350,Sheffield United,3125,6500000.0,9500000.0,0.97,0.95,0.999,same_club
7713,Luke Freeman,EPL,2019-20,Sheffield United,M S,11,358,0,0,0,3,3,0.058,0.058,0.186,0.682,0.462,2,0,66923,Luke Freeman,1992-03-22,27.44,176.0,left,Midfield,Attacking Midfield,England,England,11,362,0,0,350,Sheffield United,638,3500000.0,2800000.0,0.997,1.0,0.989,same_club
7714,Ben Osborn,EPL,2019-20,Sheffield United,M S,13,586,0,0,0,3,7,0.195,0.195,0.888,2.333,1.589,0,0,218087,Ben Osborn,1994-08-05,25.07,176.0,left,Midfield,Central Midfield,England,England,13,591,0,0,350,Sheffield United,891,3000000.0,2000000.0,0.997,1.0,0.992,same_club
7715,Simon Moore,EPL,2019-20,Sheffield United,GK,2,180,0,0,0,0,0,0.0,0.0,0.0,0.029,0.029,0,0,123536,Simon Moore,1990-05-19,29.29,191.0,right,Goalkeeper,Goalkeeper,England,England,2,180,0,0,350,Sheffield United,180,350000.0,400000.0,1.0,1.0,1.0,same_club
7725,Jonathan Kodjia,EPL,2019-20,Aston Villa,S,6,96,0,0,0,2,1,0.159,0.159,0.082,0.328,0.087,1,0,88971,Jonathan Kodjia,1989-10-22,29.86,189.0,right,Attack,Centre-Forward,Cote d'Ivoire,France,6,111,0,0,405,Aston Villa,201,9000000.0,3300000.0,0.959,1.0,0.865,same_club
7727,Henri Lansbury,EPL,2019-20,Aston Villa,M S,10,186,0,0,0,2,2,0.053,0.053,0.066,0.462,0.361,0,0,44794,Henri Lansbury,1990-10-12,28.89,183.0,right,Midfield,Central Midfield,England,England,10,190,0,0,405,Aston Villa,280,1500000.0,1200000.0,0.994,1.0,0.979,same_club
7753,James Justin,EPL,2019-20,Leicester,D S,13,1005,0,0,1,7,12,0.268,0.268,1.08,4.534,3.332,1,0,413220,James Justin,1998-02-23,21.52,183.0,both,Defender,Right-Back,England,England,13,1010,0,1,1003,Leicester City,1280,4000000.0,3600000.0,0.999,1.0,0.995,same_club
7823,Jack Stacey,EPL,2019-20,Bournemouth,D S,19,1553,0,0,2,5,10,0.562,0.562,2.407,5.177,3.121,2,0,249356,Jack Stacey,1996-04-06,23.4,180.0,right,Defender,Right-Back,England,England,19,1550,0,2,989,AFC Bournemouth,1550,4000000.0,3200000.0,0.999,1.0,0.998,same_club
7988,Billy Gilmour,EPL,2019-20,Chelsea,M S,6,190,0,0,0,1,4,0.028,0.028,0.188,1.926,1.738,0,0,423744,Billy Gilmour,2001-06-11,18.22,170.0,right,Midfield,Defensive Midfield,Scotland,Scotland,6,192,0,0,631,Chelsea FC,349,,5400000.0,0.997,1.0,0.99,same_club
7990,Christoph Zimmermann,EPL,2019-20,Norwich,D S,17,1424,0,0,1,6,2,0.258,0.258,0.075,2.754,2.709,3,0,77812,Christoph Zimmermann,1993-01-12,26.63,194.0,right,Defender,Centre-Back,Germany,Germany,17,1431,0,1,1123,Norwich City,1611,3500000.0,2800000.0,0.999,1.0,0.995,same_club
8020,Steven Alzate,EPL,2019-20,Brighton,D M S,19,1175,0,0,0,13,14,1.058,1.058,0.815,3.49,1.868,1,0,476237,Steven Alzate,1998-09-08,20.98,180.0,right,Midfield,Central Midfield,Colombia,England,19,1183,0,0,1237,Brighton & Hove Albion,1273,,2300000.0,0.998,1.0,0.993,same_club
8021,Adam Idah,EPL,2019-20,Norwich,F S,12,197,0,0,0,6,1,0.826,0.826,0.015,0.856,0.014,0,0,434223,Adam Idah,2001-02-11,18.55,190.0,right,Attack,Centre-Forward,Ireland,Ireland,12,220,0,0,1123,Norwich City,356,,900000.0,0.969,1.0,0.895,same_club
8022,Michael McGovern,EPL,2019-20,Norwich,GK S,2,159,0,0,0,0,0,0.0,0.0,0.0,0.1,0.1,0,0,29391,Michael McGovern,1984-07-12,35.14,190.0,right,Goalkeeper,Goalkeeper,Northern Ireland,Northern Ireland,2,158,0,0,1123,Norwich City,248,350000.0,300000.0,0.998,1.0,0.994,same_club
8040,Marvelous Nakamba,EPL,2019-20,Aston Villa,M S,29,1836,0,0,0,7,12,0.132,0.132,0.548,4.797,4.297,5,0,324882,Marvelous Nakamba,1994-01-19,25.62,177.0,left,Midfield,Defensive Midfield,Zimbabwe,Zimbabwe,29,1835,0,0,405,Aston Villa,1915,6500000.0,8000000.0,1.0,1.0,0.999,same_club
8045,Eric Garcia,EPL,2019-20,Manchester City,D S,13,780,0,0,0,2,2,0.604,0.604,0.223,4.965,4.965,1,0,466794,Eric García,2001-01-09,18.64,183.0,right,Defender,Centre-Back,Spain,Spain,13,790,0,0,281,Manchester City,1150,,6300000.0,0.996,1.0,0.987,same_club
8046,Kieron Freeman,EPL,2019-20,Sheffield United,S,2,5,0,0,0,0,0,0.0,0.0,0.0,0.024,0.024,0,0,158703,Kieron Freeman,1992-03-21,27.45,178.0,right,Defender,Right-Back,Wales,England,2,6,0,0,350,Sheffield United,214,1500000.0,1200000.0,0.997,1.0,0.989,same_club
8061,Leon Clarke,EPL,2019-20,Sheffield United,S,2,29,0,0,0,1,0,0.428,0.428,0.0,0.488,0.06,0,0,36859,Leon Clarke,1985-02-10,34.55,188.0,right,Attack,Centre-Forward,England,England,2,33,0,0,350,Sheffield United,146,500000.0,300000.0,0.987,1.0,0.956,same_club
8066,Arnaut Danjuma Groeneveld,EPL,2019-20,Bournemouth,M S,14,614,0,0,0,13,5,1.049,1.049,0.164,1.205,0.269,0,0,355861,Arnaut Danjuma,1997-01-31,22.58,178.0,right,Attack,Left Winger,Netherlands,Nigeria,14,628,0,0,989,AFC Bournemouth,715,12000000.0,9500000.0,0.963,0.95,0.978,same_club
8067,Reece James,EPL,2019-20,Chelsea,D S,24,1512,0,0,2,18,25,0.819,0.819,3.181,7.33,6.209,1,0,472423,Reece James,1999-12-08,19.73,180.0,right,Defender,Right-Back,England,England,24,1513,0,2,631,Chelsea FC,2212,7000000.0,22500000.0,1.0,1.0,0.999,same_club
8080,Akin Famewo,EPL,2019-20,Norwich,S,1,1,0,0,0,0,0,0.0,0.0,0.0,0.0,0.0,0,0,425713,Akin Famewo,1998-11-09,20.81,188.0,left,Defender,Centre-Back,England,England,1,1,0,0,1123,Norwich City,1201,25000.0,25000.0,1.0,1.0,1.0,same_club
8082,David Martin,EPL,2019-20,West Ham,GK S,5,436,0,0,0,0,0,0.0,0.0,0.0,0.162,0.162,1,0,15930,David Martin,1986-01-22,33.61,188.0,right,Goalkeeper,Goalkeeper,England,England,5,435,0,0,379,West Ham United,435,250000.0,250000.0,0.999,1.0,0.998,same_club
8090,Lloyd Kelly,EPL,2019-20,Bournemouth,D S,8,634,0,0,0,1,1,0.036,0.036,0.138,0.654,0.516,2,0,480116,Lloyd Kelly,1998-10-06,20.9,189.0,left,Defender,Centre-Back,England,England,8,638,0,0,989,AFC Bournemouth,638,9000000.0,8000000.0,0.998,1.0,0.994,same_club
8145,Troy Parrott,EPL,2019-20,Tottenham,S,2,3,0,0,0,0,0,0.0,0.0,0.0,0.0,0.0,0,0,552655,Troy Parrott,2002-02-04,17.57,185.0,right,Attack,Centre-Forward,Ireland,Ireland,2,6,0,0,148,Tottenham Hotspur,30,,3600000.0,0.99,1.0,0.967,same_club
8150,Anthony Gordon,EPL,2019-20,Everton,M S,11,438,0,0,1,6,6,0.327,0.327,0.34,0.896,0.329,0,0,503733,Anthony Gordon,2001-02-24,18.52,183.0,right,Attack,Left Winger,England,England,11,440,0,1,29,Everton FC,440,,1300000.0,0.999,1.0,0.995,same_club
8204,Neco Williams,EPL,2019-20,Liverpool,D S,6,235,0,0,0,7,2,0.234,0.234,0.047,0.93,0.728,1,0,503680,Neco Williams,2001-04-13,18.38,183.0,right,Defender,Left-Back,Wales,Wales,6,230,0,0,31,Liverpool FC,590,,,0.994,1.0,0.979,same_club
8214,Tyrick Mitchell,EPL,2019-20,Crystal Palace,D S,4,186,0,0,0,0,4,0.0,0.0,0.19,0.506,0.454,1,0,730893,Tyrick Mitchell,1999-09-01,20.0,181.0,left,Defender,Left-Back,England,England,4,193,0,0,873,Crystal Palace,193,,,0.989,1.0,0.964,same_club
8216,Brandon Pierrick,EPL,2019-20,Crystal Palace,S,2,10,0,0,0,0,2,0.0,0.0,0.096,0.096,0.0,0,0,703470,Brandon Pierrick,2001-12-10,17.72,182.0,right,Attack,Left Winger,England,England,2,13,0,0,873,Crystal Palace,86,,,0.99,1.0,0.967,same_club
8222,Japhet Tanganga,EPL,2019-20,Tottenham,D,6,528,0,0,0,3,1,0.053,0.053,0.029,0.749,0.708,1,0,346478,Japhet Tanganga,1999-03-31,20.42,184.0,right,Defender,Centre-Back,England,England,6,526,0,0,148,Tottenham Hotspur,886,,7200000.0,0.999,1.0,0.996,same_club
8224,William Smallbone,EPL,2019-20,Southampton,M S,9,401,0,0,2,6,3,0.296,0.296,0.172,1.06,0.633,0,0,444211,Will Smallbone,2000-02-21,19.53,183.0,right,Midfield,Central Midfield,Ireland,England,9,392,0,2,180,Southampton FC,463,,,0.963,0.95,0.978,same_club
8226,Tariq Lamptey,EPL,2019-20,"Brighton,Chelsea",D M S,9,624,0,0,1,2,7,0.071,0.071,1.149,1.178,0.596,2,0,504148,Tariq Lamptey,2000-09-30,18.92,163.0,right,Defender,Right-Back,Ghana,England,9,621,0,1,"631,1237","Chelsea FC,Brighton & Hove Albion",636,,3200000.0,0.999,1.0,0.995,same_club
8235,Jeremy Ngakia,EPL,2019-20,West Ham,D,5,442,0,0,0,1,0,0.014,0.014,0.0,0.892,0.878,0,0,503795,Jeremy Ngakia,2000-09-07,18.98,184.0,right,Defender,Right-Back,DR Congo,England,5,441,0,0,379,West Ham United,441,,250000.0,0.999,1.0,0.998,same_club
8239,Takumi Minamino,EPL,2019-20,Liverpool,F S,10,233,0,0,0,8,1,0.838,0.838,0.016,1.212,0.431,0,0,165793,Takumi Minamino,1995-01-16,24.62,172.0,right,Attack,Left Winger,Japan,Japan,10,242,0,0,31,Liverpool FC,1004,5000000.0,10000000.0,0.989,1.0,0.963,same_club
8254,Indiana Vassilev,EPL,2019-20,Aston Villa,S,4,35,0,0,0,1,0,0.033,0.033,0.0,0.033,0.0,0,0,469860,Indiana Vassilev,2001-02-16,18.54,175.0,left,Attack,Right Winger,United States,United States,4,47,0,0,405,Aston Villa,57,,250000.0,0.96,1.0,0.867,same_club
8257,Gedson Fernandes,EPL,2019-20,Tottenham,S,7,51,0,0,0,1,2,0.02,0.02,0.092,0.268,0.156,0,0,337800,Gedson Fernandes,1999-01-09,20.64,183.0,right,Midfield,Central Midfield,Portugal,Sao Tome and Principe,7,62,0,0,148,Tottenham Hotspur,902,20000000.0,13500000.0,0.963,1.0,0.878,same_club
8272,João Pedro,EPL,2019-20,Watford,S,3,14,0,0,0,1,0,0.043,0.043,0.0,0.043,0.0,0,0,626724,João Pedro,2001-09-26,17.93,186.0,right,Attack,Centre-Forward,Brazil,Brazil,3,22,0,0,1010,Watford FC,148,20000000.0,18000000.0,0.973,1.0,0.911,same_club
8286,Jack Robinson,EPL,2019-20,Sheffield United,D,6,507,0,0,0,0,2,0.0,0.0,0.148,1.093,0.945,0,0,128909,Jack Robinson,1993-09-01,26.0,180.0,left,Defender,Centre-Back,England,England,6,505,0,0,350,Sheffield United,626,2500000.0,2000000.0,0.999,1.0,0.996,same_club
8323,Josh Brownhill,EPL,2019-20,Burnley,M S,10,808,0,0,0,6,3,0.318,0.318,0.122,2.099,1.891,2,0,293569,Josh Brownhill,1995-12-19,23.7,179.0,right,Midfield,Central Midfield,England,England,10,806,0,0,1132,Burnley FC,896,4500000.0,5500000.0,0.999,1.0,0.998,same_club
8379,Alexis Mac Allister,EPL,2019-20,Brighton,F M S,9,357,0,0,0,7,5,0.587,0.587,0.203,1.173,0.501,0,0,534033,Alexis Mac Allister,1998-12-24,20.69,176.0,right,Midfield,Central Midfield,Argentina,Argentina,9,352,0,0,1237,Brighton & Hove Albion,352,10000000.0,11000000.0,0.996,1.0,0.986,same_club
8380,Pablo Marí,EPL,2019-20,Arsenal,D,2,113,0,0,0,0,0,0.0,0.0,0.0,0.514,0.514,0,0,210178,Pablo Marí,1993-08-31,26.0,193.0,left,Defender,Centre-Back,Spain,Spain,,,,,,,,800000.0,4800000.0,,,,understat_id_carryover
8383,Faustino Anjorin,EPL,2019-20,Chelsea,S,1,19,0,0,0,1,0,0.017,0.017,0.0,0.017,0.0,0,0,433181,Tino Anjorin,2001-11-23,17.77,186.0,right,Midfield,Central Midfield,England,England,1,19,0,0,631,Chelsea FC,19,,2300000.0,0.97,0.95,1.0,same_club
8384,Armando Broja,EPL,2019-20,Chelsea,S,1,4,0,0,0,0,0,0.0,0.0,0.0,0.021,0.021,0,0,571743,Armando Broja,2001-09-10,17.97,191.0,right,Attack,Centre-Forward,Albania,England,1,4,0,0,631,Chelsea FC,4,,,1.0,1.0,1.0,same_club
8455,Josh Martin,EPL,2019-20,Norwich,S,5,25,0,0,0,1,0,0.106,0.106,0.0,0.106,0.0,0,0,547534,Josh Martin,2001-09-09,17.98,176.0,right,Attack,Left Winger,England,England,5,32,0,0,1123,Norwich City,32,,,0.977,1.0,0.922,same_club
8456,Nathan Tella,EPL,2019-20,Southampton,S,1,1,0,0,0,1,0,0.076,0.076,0.0,0.076,0.0,0,0,340322,Nathan Tella,1999-07-05,20.16,173.0,right,Attack,Right Winger,Nigeria,England,1,2,0,0,180,Southampton FC,2,,,0.997,1.0,0.989,same_club
8472,Richairo Zivkovic,EPL,2019-20,Sheffield United,S,5,95,0,0,0,1,2,0.064,0.064,0.138,0.206,0.206,0,0,252755,Richairo Zivkovic,1996-09-05,22.99,187.0,right,Attack,Centre-Forward,Curacao,Netherlands,5,106,0,0,350,Sheffield United,106,1700000.0,650000.0,0.969,1.0,0.896,same_club
8476,Jarrad Branthwaite,EPL,2019-20,Everton,D S,4,296,0,0,0,0,0,0.0,0.0,0.0,1.472,1.472,0,0,661053,Jarrad Branthwaite,2002-06-27,17.18,195.0,left,Defender,Centre-Back,England,England,4,299,0,0,29,Everton FC,479,,,0.997,1.0,0.99,same_club
8480,Max Thompson,EPL,2019-20,Burnley,S,1,1,0,0,0,0,0,0.0,0.0,0.0,0.0,0.0,0,0,598958,Max Thompson,2002-02-09,17.56,182.0,right,Attack,Right Winger,England,England,1,2,0,0,1132,Burnley FC,2,,,0.997,1.0,0.989,same_club
8493,Jake Vokins,EPL,2019-20,Southampton,D,1,90,0,0,0,1,1,0.013,0.013,0.097,0.502,0.489,0,0,421424,Jake Vokins,2000-03-17,19.46,180.0,left,Defender,Left-Back,England,England,1,90,0,0,180,Southampton FC,180,,,1.0,1.0,1.0,same_club
8496,Tommy Doyle,EPL,2019-20,Manchester City,S,1,13,0,0,0,1,0,0.078,0.078,0.0,0.078,0.0,0,0,433183,Tommy Doyle,2001-10-17,17.87,172.0,right,Midfield,Central Midfield,England,England,1,15,0,0,281,Manchester City,28,,,0.993,1.0,0.978,same_club
8518,Jordan Thomas,EPL,2019-20,Norwich,S,1,1,0,0,0,0,0,0.0,0.0,0.0,0.0,0.0,0,0,563306,Jordan Thomas,2001-01-02,18.66,179.0,right,Defender,Right-Back,England,England,1,1,0,0,1123,Norwich City,1,,,1.0,1.0,1.0,same_club
8562,Luke Thomas,EPL,2019-20,Leicester,D,3,270,0,0,1,0,9,0.0,0.0,0.63,1.379,1.268,0,0,505194,Luke Thomas,2001-06-10,18.23,181.0,left,Defender,Left-Back,England,England,3,268,0,1,1003,Leicester City,268,,,0.998,1.0,0.993,same_club
8563,George Hirst,EPL,2019-20,Leicester,S,2,5,0,0,0,3,0,0.101,0.101,0.0,0.021,0.0,0,0,420808,George Hirst,1999-02-15,20.54,191.0,right,Attack,Centre-Forward,Scotland,England,2,9,0,0,1003,Leicester City,9,500000.0,450000.0,0.987,1.0,0.956,same_club
2097,Lionel Messi,ESP,2019-20,Barcelona,F M S,33,2876,25,20,20,159,88,20.85,17.133,16.593,34.923,13.538,4,0,28003,Lionel Messi,1987-06-24,32.19,170.0,left,Attack,Right Winger,Argentina,Argentina,33,2880,25,22,131,FC Barcelona,3811,150000000.0,112000000.0,1.0,1.0,0.999,same_club
2370,Karim Benzema,ESP,2019-20,Real Madrid,F S,37,3176,21,16,8,124,59,21.251,17.535,8.153,31.533,10.846,0,0,18922,Karim Benzema,1987-12-19,31.7,185.0,right,Attack,Centre-Forward,France,France,37,3156,21,8,418,Real Madrid,3981,40000000.0,32000000.0,0.998,1.0,0.994,same_club
2120,Gerard Moreno,ESP,2019-20,Villarreal,F M S,35,2781,18,17,5,89,50,15.309,13.822,7.583,23.274,6.311,5,0,177467,Gerard Moreno,1992-04-07,27.4,180.0,left,Attack,Centre-Forward,Spain,Spain,35,2752,18,6,1050,Villarreal CF,2916,17500000.0,16000000.0,0.997,1.0,0.99,same_club
2098,Luis Suárez,ESP,2019-20,Barcelona,F S,28,1989,16,15,8,79,26,13.914,13.171,3.17,18.989,4.466,4,0,44352,Luis Suárez,1987-01-24,32.6,182.0,right,Attack,Centre-Forward,Uruguay,Uruguay,28,2001,16,8,131,FC Barcelona,2659,50000000.0,28000000.0,0.998,1.0,0.994,same_club
2400,Raúl García,ESP,2019-20,Athletic Club,F M S,35,2899,15,8,1,81,22,11.145,5.942,1.682,6.845,1.743,11,0,34601,Raúl García,1986-07-11,33.14,184.0,right,Attack,Centre-Forward,Spain,Spain,35,2877,15,1,621,Athletic Bilbao,3584,7500000.0,6000000.0,0.998,1.0,0.992,same_club
1109,Lucas Ocampos,ESP,2019-20,Sevilla,F M S,33,2775,14,9,3,85,24,12.395,8.679,3.778,15.107,5.216,8,1,189441,Lucas Ocampos,1994-07-11,25.14,178.0,right,Attack,Left Winger,Argentina,Argentina,33,2756,14,3,368,Sevilla FC,3576,15000000.0,32000000.0,0.998,1.0,0.993,same_club
2290,Iago Aspas,ESP,2019-20,Celta Vigo,F M,37,3283,14,9,3,84,57,14.935,9.732,4.865,16.322,6.632,9,0,72047,Iago Aspas,1987-08-01,32.08,176.0,left,Attack,Centre-Forward,Spain,Spain,37,3269,14,3,940,Celta de Vigo,3323,25000000.0,16000000.0,0.999,1.0,0.996,same_club
1235,Ante Budimir,ESP,2019-20,Mallorca,F S,35,2807,13,11,2,56,13,10.887,9.401,1.085,12.439,3.16,12,0,46413,Ante Budimir,1991-07-22,28.11,190.0,left,Attack,Centre-Forward,Croatia,Jugoslawien (SFR),35,2782,13,3,237,RCD Mallorca,2872,1400000.0,6000000.0,0.997,1.0,0.991,same_club
1804,Álvaro Morata,ESP,2019-20,Atletico Madrid,F S,34,2120,12,10,2,69,25,14.976,12.746,4.497,18.263,3.418,4,1,128223,Álvaro Morata,1992-10-23,26.86,189.0,right,Attack,Centre-Forward,Spain,Spain,34,2106,12,2,13,Atlético de Madrid,2801,50000000.0,36000000.0,0.998,1.0,0.993,same_club
866,Joselu,ESP,2019-20,Alaves,F S,36,2800,11,10,2,87,15,11.799,11.056,1.943,11.244,2.145,6,0,81999,Joselu,1990-03-27,29.43,191.0,right,Attack,Centre-Forward,Spain,Germany,36,2786,11,3,1108,Deportivo Alavés,2876,4000000.0,6000000.0,0.998,1.0,0.995,same_club
965,Santiago Cazorla,ESP,2019-20,Villarreal,M S,35,2472,11,3,9,49,71,8.852,2.906,7.985,20.045,13.103,3,0,15799,Santi Cazorla,1984-12-13,34.72,168.0,both,Midfield,Central Midfield,Spain,Spain,35,2457,11,10,1050,Villarreal CF,2815,4000000.0,3200000.0,0.968,0.95,0.994,same_club
1700,Lucas Pérez,ESP,2019-20,Alaves,F S,34,2519,11,6,5,48,63,9.51,5.794,6.675,11.496,3.728,4,0,73185,Lucas Pérez,1988-09-10,30.97,180.0,left,Attack,Centre-Forward,Spain,Spain,34,2500,11,5,1108,Deportivo Alavés,2500,4000000.0,12000000.0,0.998,1.0,0.992,same_club
2070,Carlos Fernández,ESP,2019-20,Granada,F M S,34,2165,11,10,3,47,20,9.813,9.07,2.914,13.352,2.694,8,0,216464,Carlos Fernández,1996-05-22,23.28,185.0,left,Attack,Centre-Forward,Spain,Spain,34,2196,11,4,16795,Granada CF,2706,2000000.0,3200000.0,0.996,1.0,0.986,same_club
2246,Sergio Ramos,ESP,2019-20,Real Madrid,D,35,3025,11,5,0,39,5,10.653,6.193,0.528,13.226,10.925,10,0,25557,Sergio Ramos,1986-03-30,33.42,184.0,right,Defender,Centre-Back,Spain,Spain,35,3015,11,1,418,Real Madrid,3828,25000000.0,14500000.0,0.999,1.0,0.997,same_club
2361,Willian José,ESP,2019-20,Real Sociedad,F S,37,2031,11,11,1,59,19,11.714,11.714,1.643,12.542,1.567,4,0,122155,Willian José,1991-11-23,27.77,186.0,right,Attack,Centre-Forward,Brazil,Brazil,37,2016,11,1,681,Real Sociedad,2162,30000000.0,24000000.0,0.998,1.0,0.993,same_club
2566,Roger,ESP,2019-20,Levante,F S,36,2291,11,7,1,57,25,10.07,7.097,2.755,11.976,3.127,4,1,212391,Roger Martí,1991-01-03,28.66,179.0,right,Attack,Centre-Forward,Spain,Spain,36,2272,11,1,3368,Levante UD,2306,10000000.0,8000000.0,0.968,0.95,0.992,same_club
7009,Jaime Mata,ESP,2019-20,Getafe,F S,34,2792,11,8,3,56,29,11.405,8.432,3.578,13.856,4.461,14,0,227961,Jaime Mata,1988-10-24,30.85,186.0,right,Attack,Centre-Forward,Spain,Spain,34,2761,11,4,3709,Getafe CF,3267,10000000.0,8000000.0,0.997,1.0,0.989,same_club
2234,Mikel Oyarzabal,ESP,2019-20,Real Sociedad,F M S,37,3086,10,6,11,62,51,8.038,5.065,8.173,16.719,6.107,4,0,351478,Mikel Oyarzabal,1997-04-21,22.36,181.0,left,Attack,Centre-Forward,Spain,Spain,37,3064,10,11,681,Real Sociedad,3673,50000000.0,48000000.0,0.998,1.0,0.993,same_club
4136,Ángel,ESP,2019-20,Getafe,F S,32,1352,10,9,3,53,18,8.195,7.452,2.513,9.775,3.323,6,0,51510,Ángel Rodríguez,1987-04-26,32.35,171.0,right,Attack,Centre-Forward,Spain,Spain,32,1390,10,3,3709,Getafe CF,1915,3000000.0,6000000.0,0.962,0.95,0.973,same_club
6124,Maxi Gómez,ESP,2019-20,Valencia,F S,33,2168,10,10,2,41,14,6.881,6.137,3.249,9.627,2.038,5,0,396894,Maxi Gómez,1996-08-14,23.05,186.0,right,Attack,Centre-Forward,Uruguay,Uruguay,33,2149,9,3,1049,Valencia CF,2824,40000000.0,32000000.0,0.964,1.0,0.991,same_club
6528,Loren Morón,ESP,2019-20,Real Betis,F S,36,2013,10,10,2,51,17,7.657,7.657,2.707,10.835,2.09,2,1,354741,Loren Morón,1993-12-30,25.67,185.0,right,Attack,Centre-Forward,Spain,Spain,36,2032,10,2,150,Real Betis Balompié,2202,10000000.0,16000000.0,0.997,1.0,0.991,same_club
2270,Antoine Griezmann,ESP,2019-20,Barcelona,F M S,35,2574,9,9,4,55,33,8.262,8.262,4.691,19.231,8.703,2,0,125781,Antoine Griezmann,1991-03-21,28.45,176.0,left,Attack,Second Striker,France,France,35,2559,9,4,131,FC Barcelona,3501,130000000.0,96000000.0,0.998,1.0,0.994,same_club
5232,Alexander Isak,ESP,2019-20,Real Sociedad,F S,37,1474,9,9,1,44,14,8.359,8.359,2.529,9.927,2.055,4,0,349066,Alexander Isak,1999-09-21,19.95,190.0,right,Attack,Centre-Forward,Sweden,Sweden,37,1499,9,1,681,Real Sociedad,2064,8000000.0,22500000.0,0.995,1.0,0.983,same_club
6570,Óscar Rodríguez,ESP,2019-20,Leganes,F M S,30,1937,9,7,2,62,31,4.917,3.431,2.929,6.632,2.816,5,1,284884,Óscar Rodríguez,1998-06-28,21.18,174.0,right,Midfield,Attacking Midfield,Spain,Spain,30,1925,9,2,1244,CD Leganés,2047,10000000.0,11000000.0,0.998,1.0,0.994,same_club
6955,Ezequiel Ávila,ESP,2019-20,Osasuna,F S,20,1597,9,9,2,70,22,8.28,8.28,3.99,12.755,2.018,6,0,167721,Chimy Ávila,1994-02-06,25.57,172.0,right,Attack,Centre-Forward,Argentina,Argentina,20,1592,9,3,331,CA Osasuna,1664,5000000.0,12000000.0,0.969,0.95,0.997,same_club
222,Arturo Vidal,ESP,2019-20,Barcelona,F M S,33,1645,8,8,2,25,23,5.743,5.743,3.448,15.895,8.083,4,0,37666,Arturo Vidal,1987-05-22,32.28,180.0,right,Midfield,Central Midfield,Chile,Chile,33,1664,8,2,131,FC Barcelona,2246,15000000.0,11000000.0,0.997,1.0,0.989,same_club
2148,Joaquín,ESP,2019-20,Real Betis,F M S,34,2090,8,6,3,34,61,6.193,3.964,5.542,12.628,5.559,4,0,7663,Joaquín,1981-07-21,38.11,181.0,right,Attack,Right Winger,Spain,Spain,34,2070,8,3,150,Real Betis Balompié,2136,2000000.0,1600000.0,0.997,1.0,0.99,same_club
2183,Rubén García,ESP,2019-20,Osasuna,F M S,30,2212,8,7,2,56,49,7.365,6.621,4.19,13.874,6.457,6,0,213260,Rubén García,1993-07-14,26.13,172.0,left,Attack,Right Winger,Spain,Spain,30,2198,8,2,331,CA Osasuna,2271,3500000.0,6000000.0,0.998,1.0,0.994,same_club
2252,Borja Mayoral,ESP,2019-20,Levante,F S,34,2147,8,8,2,48,24,10.319,10.319,3.678,17.214,4.928,2,0,298976,Borja Mayoral,1997-04-05,22.41,182.0,right,Attack,Centre-Forward,Spain,Spain,34,2146,8,2,3368,Levante UD,2248,4000000.0,3200000.0,1.0,1.0,1.0,same_club
2285,Fabián Orellana,ESP,2019-20,Eibar,F M S,29,2408,8,4,7,42,48,7.871,4.155,5.658,9.27,2.554,9,1,60890,Fabián Orellana,1986-01-27,33.59,168.0,right,Attack,Right Winger,Chile,Chile,29,2398,8,7,1533,SD Eibar,2578,2500000.0,1600000.0,0.999,1.0,0.996,same_club
2378,Daniel Parejo,ESP,2019-20,Valencia,M,35,3049,8,3,3,34,57,6.133,1.673,4.405,11.471,10.589,4,1,59561,Dani Parejo,1989-04-16,30.38,182.0,right,Midfield,Central Midfield,Spain,Spain,35,3030,8,3,1049,Valencia CF,4140,30000000.0,28000000.0,0.968,0.95,0.994,same_club
5169,Youssef En-Nesyri,ESP,2019-20,"Leganes,Sevilla",F S,36,2155,8,8,2,61,11,7.48,7.48,0.72,8.093,1.236,3,0,433049,Youssef En-Nesyri,1997-06-01,22.25,188.0,left,Attack,Centre-Forward,Morocco,Morocco,36,2175,8,2,"368,1244","Sevilla FC,CD Leganés",2566,12000000.0,12000000.0,0.997,1.0,0.991,same_club
5212,Sergi Guardiola,ESP,2019-20,Real Valladolid,F S,35,2676,8,8,2,57,17,6.84,6.096,2.086,10.76,3.728,6,0,256429,Sergi Guardiola,1991-05-29,28.26,185.0,left,Attack,Centre-Forward,Spain,Spain,35,2663,8,2,366,Real Valladolid CF,2716,5000000.0,4800000.0,0.999,1.0,0.995,same_club
2311,Roberto Soldado,ESP,2019-20,Granada,F S,33,2411,7,6,4,33,28,5.552,4.809,4.238,7.694,1.724,14,0,34870,Roberto Soldado,1985-05-27,34.26,180.0,right,Attack,Centre-Forward,Spain,Spain,33,2361,7,5,16795,Granada CF,2783,1000000.0,800000.0,0.994,1.0,0.979,same_club
3211,Martin Braithwaite,ESP,2019-20,"Barcelona,Leganes",F M S,35,2340,7,7,2,55,17,9.671,8.928,2.858,12.631,3.825,4,0,95732,Martin Braithwaite,1991-06-05,28.24,177.0,right,Attack,Centre-Forward,Denmark,Denmark,35,2337,7,1,"131,1244","FC Barcelona,CD Leganés",2533,8000000.0,9500000.0,1.0,1.0,0.999,same_club
3667,Nabil Fekir,ESP,2019-20,Real Betis,F M S,32,2678,7,6,4,102,41,6.815,6.071,2.716,10.877,4.979,6,2,203496,Nabil Fekir,1993-07-18,26.12,173.0,left,Midfield,Attacking Midfield,France,France,32,2649,7,7,150,Real Betis Balompié,2769,60000000.0,32000000.0,0.997,1.0,0.989,same_club
4226,Darwin Machís,ESP,2019-20,Granada,F M S,36,2108,7,6,6,72,40,6.886,6.143,4.003,9.982,2.956,5,0,211251,Darwin Machís,1993-02-07,26.56,170.0,right,Attack,Left Winger,Venezuela,Venezuela,36,2128,7,6,16795,Granada CF,2489,3000000.0,3200000.0,0.997,1.0,0.991,same_club
5093,Roberto Torres,ESP,2019-20,Osasuna,M S,36,2722,7,2,8,79,42,8.459,4.743,6.676,12.046,5.2,1,0,63056,Roberto Torres,1989-03-07,30.49,178.0,right,Midfield,Attacking Midfield,Spain,Spain,36,2722,7,8,331,CA Osasuna,2848,2000000.0,4000000.0,1.0,1.0,1.0,same_club
6118,Portu,ESP,2019-20,Real Sociedad,F M S,35,2393,7,7,8,41,35,6.184,5.441,5.506,12.195,2.536,5,0,99353,Portu,1992-05-21,27.28,167.0,right,Attack,Right Winger,Spain,Spain,35,2397,7,7,681,Real Sociedad,2648,10000000.0,16000000.0,0.999,1.0,0.998,same_club
6217,Enis Bardhi,ESP,2019-20,Levante,M S,30,2119,7,7,2,58,32,5.246,5.246,2.695,9.656,3.301,5,0,245014,Enis Bardhi,1995-07-02,24.17,172.0,right,Midfield,Attacking Midfield,North Macedonia,Macedonia,30,2114,7,3,3368,Levante UD,2184,15000000.0,12000000.0,0.999,1.0,0.998,same_club
7863,Antonio Puertas,ESP,2019-20,Granada,F M S,36,2569,7,7,3,44,19,7.172,7.172,3.936,11.956,3.093,7,0,262365,Antonio Puertas,1992-02-21,27.53,183.0,right,Attack,Right Winger,Spain,Spain,36,2553,7,4,16795,Granada CF,3103,2000000.0,2400000.0,0.998,1.0,0.994,same_club
7967,Anssumane Fati,ESP,2019-20,Barcelona,F M S,24,1022,7,7,1,33,18,3.728,3.728,2.462,8.803,3.984,2,1,466810,Ansu Fati,2002-10-31,16.84,178.0,right,Attack,Left Winger,Spain,Guinea-Bissau,24,1027,7,1,131,FC Barcelona,1378,,36000000.0,0.969,0.95,0.995,same_club
2266,Saúl Ñíguez,ESP,2019-20,Atletico Madrid,D M,35,3094,6,4,0,44,15,5.04,3.553,1.074,14.957,12.784,10,0,148928,Saúl Ñíguez,1994-11-21,24.78,184.0,left,Midfield,Central Midfield,Spain,Spain,35,3076,6,0,13,Atlético de Madrid,4246,90000000.0,72000000.0,0.998,1.0,0.994,same_club
2339,Charles,ESP,2019-20,Eibar,F S,30,1288,6,5,0,25,12,4.963,3.476,0.923,3.567,0.652,8,0,154059,Charles,1984-04-04,35.41,179.0,right,Attack,Centre-Forward,Brazil,Brazil,30,1294,6,1,1533,SD Eibar,1564,2000000.0,1200000.0,0.999,1.0,0.995,same_club
2384,Santi Mina,ESP,2019-20,Celta Vigo,F M S,34,1940,6,6,3,47,20,7.205,7.205,3.389,11.792,3.457,4,0,255653,Santi Mina,1995-12-07,23.73,181.0,right,Attack,Centre-Forward,Spain,Spain,34,1941,6,4,940,Celta de Vigo,2121,30000000.0,14500000.0,1.0,1.0,0.999,same_club
2399,Iñaki Williams,ESP,2019-20,Athletic Club,F M S,38,2987,6,5,1,48,26,7.774,6.288,2.484,11.87,4.03,3,0,255508,Iñaki Williams,1994-06-15,25.21,186.0,right,Attack,Right Winger,Ghana,Spain,38,2959,6,2,621,Athletic Bilbao,3629,50000000.0,40000000.0,0.997,1.0,0.991,same_club
2442,Kevin Gameiro,ESP,2019-20,Valencia,F S,29,1575,6,6,2,19,13,5.325,4.582,2.792,8.177,2.444,0,0,27389,Kévin Gameiro,1987-05-09,32.31,172.0,right,Attack,Centre-Forward,France,France,29,1582,6,2,1049,Valencia CF,2084,9000000.0,6500000.0,0.999,1.0,0.996,same_club
2571,Sergio Canales,ESP,2019-20,Real Betis,M,36,3177,6,3,6,52,79,6.674,3.702,5.887,13.784,8.092,5,0,66106,Sergio Canales,1991-02-16,28.54,175.0,left,Midfield,Attacking Midfield,Spain,Spain,36,3167,6,6,150,Real Betis Balompié,3257,25000000.0,20000000.0,0.999,1.0,0.997,same_club
5657,Karl Toko Ekambi,ESP,2019-20,Villarreal,F M S,18,990,6,6,2,39,9,7.854,7.854,1.562,11.423,2.736,0,0,315110,Karl Toko Ekambi,1992-09-14,26.96,182.0,right,Attack,Centre-Forward,Cameroon,France,18,995,6,2,1050,Villarreal CF,1884,17500000.0,14000000.0,0.998,1.0,0.995,same_club
5657,Karl Toko Ekambi,ESP,2019-20,Villarreal,F M S,18,990,6,6,2,39,9,7.854,7.854,1.562,11.423,2.736,0,0,315110,Karl Toko Ekambi,1992-09-14,26.96,182.0,right,Attack,Centre-Forward,Cameroon,France,18,995,6,2,1050,Villarreal CF,1884,17500000.0,14000000.0,0.995,1.0,0.984,same_club
6219,Enes Ünal,ESP,2019-20,Real Valladolid,F S,35,2322,6,4,2,60,27,9.368,7.138,2.856,11.586,2.628,4,0,251106,Enes Ünal,1997-05-10,22.31,187.0,right,Attack,Centre-Forward,Türkiye,Türkiye,35,2338,6,2,366,Real Valladolid CF,2503,5000000.0,4000000.0,0.998,1.0,0.993,same_club
7887,Luuk de Jong,ESP,2019-20,Sevilla,F S,35,2057,6,6,1,57,24,10.175,10.175,3.232,12.997,2.933,2,0,72522,Luuk de Jong,1990-08-27,29.01,188.0,right,Attack,Centre-Forward,Netherlands,Switzerland,35,2061,6,2,368,Sevilla FC,2705,12000000.0,9500000.0,0.999,1.0,0.998,same_club
7892,João Félix,ESP,2019-20,Atletico Madrid,F M S,27,1784,6,6,1,64,15,7.973,7.973,2.608,11.142,2.485,6,0,462250,João Félix,1999-11-10,19.81,179.0,right,Attack,Second Striker,Portugal,Portugal,27,1746,6,1,13,Atlético de Madrid,2483,70000000.0,81000000.0,0.994,1.0,0.979,same_club
802,Diego Costa,ESP,2019-20,Atletico Madrid,F S,23,1344,5,3,4,35,15,6.851,4.621,3.481,8.024,2.772,5,0,44779,Diego Costa,1988-10-07,30.9,186.0,right,Attack,Centre-Forward,Spain,Brazil,23,1350,5,4,13,Atlético de Madrid,1809,25000000.0,14500000.0,0.999,1.0,0.996,same_club
1732,Nolito,ESP,2019-20,"Celta Vigo,Sevilla",F M S,22,1222,5,4,1,37,16,4.147,3.404,1.087,6.396,2.392,0,1,70934,Nolito,1986-10-15,32.88,175.0,right,Attack,Left Winger,Spain,Spain,22,1224,5,2,"368,940","Sevilla FC,Celta de Vigo",1538,2000000.0,1600000.0,1.0,1.0,0.998,same_club
2106,Munir,ESP,2019-20,Sevilla,F S,21,1256,5,5,2,43,17,3.246,3.246,2.11,6.343,2.355,1,0,223725,Munir El Haddadi,1995-09-01,24.0,177.0,left,Midfield,Attacking Midfield,Morocco,Spain,21,1255,5,2,368,Sevilla FC,1757,10000000.0,9000000.0,0.97,0.95,0.999,same_club
2121,Salva Sevilla,ESP,2019-20,Mallorca,M S,35,2598,5,3,3,34,59,3.856,1.626,4.595,7.422,5.831,8,1,58799,Salva Sevilla,1984-03-18,35.46,178.0,right,Midfield,Central Midfield,Spain,Spain,35,2577,5,4,237,RCD Mallorca,2636,200000.0,200000.0,0.998,1.0,0.992,same_club
2155,Jorge Molina,ESP,2019-20,Getafe,F S,34,1879,5,3,3,32,24,6.394,4.908,3.74,9.538,1.465,6,1,57825,Jorge Molina,1982-04-22,37.36,188.0,right,Attack,Centre-Forward,Spain,Spain,34,1891,5,3,3709,Getafe CF,2279,2000000.0,1600000.0,0.998,1.0,0.994,same_club
2198,Moi Gómez,ESP,2019-20,Villarreal,F M S,37,2336,5,5,4,36,28,3.769,3.769,4.302,14.094,9.282,1,0,175449,Moi Gómez,1994-06-23,25.19,176.0,right,Midfield,Attacking Midfield,Spain,Spain,37,2330,5,7,1050,Villarreal CF,2587,5000000.0,4800000.0,0.999,1.0,0.997,same_club
2275,Ángel Correa,ESP,2019-20,Atletico Madrid,F M S,33,2065,5,5,6,43,28,7.239,7.239,4.68,16.052,5.65,5,0,266807,Ángel Correa,1995-03-09,24.48,171.0,right,Attack,Second Striker,Argentina,Argentina,33,2063,5,7,13,Atlético de Madrid,2821,35000000.0,32000000.0,1.0,1.0,0.999,same_club
2401,Muniain,ESP,2019-20,Athletic Club,M S,31,2409,5,5,2,27,38,3.635,3.635,2.285,8.801,4.398,4,1,54235,Iker Muniain,1992-12-19,26.7,169.0,right,Attack,Left Winger,Spain,Spain,31,2394,5,2,621,Athletic Bilbao,2961,15000000.0,14000000.0,0.998,1.0,0.994,same_club
5074,Kike García,ESP,2019-20,Eibar,F S,27,1776,5,5,1,58,10,5.887,5.887,1.01,6.588,1.244,2,0,93936,Kike García,1989-11-25,29.77,186.0,right,Attack,Centre-Forward,Spain,Spain,27,1774,5,1,1533,SD Eibar,1774,3000000.0,2400000.0,1.0,1.0,0.999,same_club
5304,Mikel Merino,ESP,2019-20,Real Sociedad,M S,36,3149,5,5,1,44,33,2.793,2.793,1.937,12.008,8.808,9,0,338424,Mikel Merino,1996-06-22,23.19,188.0,left,Midfield,Central Midfield,Spain,Spain,36,3144,5,1,681,Real Sociedad,3705,15000000.0,24000000.0,1.0,1.0,0.998,same_club
6954,Juan Camilo Hernández,ESP,2019-20,Mallorca,F M S,22,1506,5,5,1,45,17,3.835,3.835,1.751,7.174,2.541,3,1,459463,Cucho Hernández,1999-04-20,20.37,176.0,right,Attack,Centre-Forward,Colombia,Colombia,22,1492,5,1,237,RCD Mallorca,1575,10000000.0,6700000.0,0.967,0.95,0.991,same_club
7841,Dani Rodríguez,ESP,2019-20,Mallorca,F M S,37,3065,5,4,2,51,39,4.955,4.211,2.388,10.762,6.184,7,0,139435,Dani Rodríguez,1988-06-06,31.24,178.0,right,Midfield,Attacking Midfield,Spain,Spain,37,3047,5,5,237,RCD Mallorca,3056,700000.0,1200000.0,0.998,1.0,0.994,same_club
323,Adnan Januzaj,ESP,2019-20,Real Sociedad,F M S,24,1167,4,4,3,24,23,2.153,2.153,2.844,4.894,1.42,3,0,177847,Adnan Januzaj,1995-02-05,24.57,186.0,left,Attack,Right Winger,Belgium,Belgium,24,1164,4,3,681,Real Sociedad,1443,15000000.0,9500000.0,0.999,1.0,0.997,same_club
1857,David López,ESP,2019-20,Espanyol,D M S,32,2481,4,4,2,15,14,1.312,1.312,0.862,4.491,3.589,3,1,129444,David López,1989-10-09,29.89,185.0,right,Defender,Centre-Back,Spain,Spain,32,2463,4,2,714,RCD Espanyol Barcelona,2695,9000000.0,6000000.0,0.998,1.0,0.993,same_club
2079,Rubén Rochina,ESP,2019-20,Levante,F M S,28,1901,4,4,4,60,27,3.372,3.372,3.043,10.308,5.611,5,0,67548,Rubén Rochina,1991-03-23,28.44,182.0,left,Attack,Right Winger,Spain,Spain,28,1885,5,4,3368,Levante UD,1964,4000000.0,3200000.0,0.964,1.0,0.992,same_club
2100,Rafinha,ESP,2019-20,"Barcelona,Celta Vigo",F M S,32,2331,4,4,1,38,28,2.602,2.602,2.073,11.282,7.918,5,0,129473,Rafinha,1993-02-12,26.55,174.0,left,Midfield,Attacking Midfield,Brazil,Brazil,32,2306,4,1,"131,940","FC Barcelona,Celta de Vigo",2344,15000000.0,9500000.0,0.997,1.0,0.989,same_club
2186,Morales,ESP,2019-20,Levante,F M S,38,2539,4,4,2,41,34,5.152,5.152,4.518,11.408,2.64,3,0,252677,José Luis Morales,1987-07-23,32.11,180.0,right,Attack,Centre-Forward,Spain,Spain,38,2531,4,2,3368,Levante UD,2786,10000000.0,6500000.0,0.999,1.0,0.997,same_club
2248,Casemiro,ESP,2019-20,Real Madrid,M,35,3096,4,4,3,45,14,4.223,4.223,1.797,17.749,14.302,12,0,16306,Casemiro,1992-02-23,27.52,185.0,right,Midfield,Defensive Midfield,Brazil,Brazil,35,3091,4,3,418,Real Madrid,4081,60000000.0,64000000.0,1.0,1.0,0.998,same_club
2269,Koke,ESP,2019-20,Atletico Madrid,M S,32,2704,4,4,5,23,57,2.637,2.637,5.551,16.166,11.437,5,0,74229,Koke,1992-01-08,27.65,176.0,right,Midfield,Central Midfield,Spain,Spain,32,2700,4,5,13,Atlético de Madrid,3527,70000000.0,48000000.0,1.0,1.0,0.999,same_club
2369,Toni Kroos,ESP,2019-20,Real Madrid,M S,35,2661,4,4,5,57,61,3.342,3.342,5.651,18.132,13.865,2,0,31909,Toni Kroos,1990-01-04,29.66,183.0,right,Midfield,Central Midfield,Germany,East Germany (GDR),35,2656,4,5,418,Real Madrid,3569,60000000.0,48000000.0,0.999,1.0,0.998,same_club
2380,Paco Alcácer,ESP,2019-20,Villarreal,F S,13,931,4,4,1,26,9,3.687,3.687,1.593,5.896,1.725,1,0,126716,Paco Alcácer,1993-08-30,26.0,175.0,right,Attack,Centre-Forward,Spain,Spain,13,928,4,2,1050,Villarreal CF,1773,37000000.0,28000000.0,0.999,1.0,0.997,same_club
2380,Paco Alcácer,ESP,2019-20,Villarreal,F S,13,931,4,4,1,26,9,3.687,3.687,1.593,5.896,1.725,1,0,126716,Paco Alcácer,1993-08-30,26.0,175.0,right,Attack,Centre-Forward,Spain,Spain,13,928,4,2,1050,Villarreal CF,1773,37000000.0,28000000.0,1.0,1.0,1.0,same_club
2381,Rodrigo,ESP,2019-20,Valencia,F M S,27,1912,4,4,7,41,28,7.231,7.231,5.799,14.894,4.829,2,1,131505,Rodrigo,1991-03-06,28.49,182.0,left,Attack,Centre-Forward,Spain,Brazil,27,1890,4,9,1049,Valencia CF,2506,50000000.0,40000000.0,0.997,1.0,0.988,same_club
2517,Martin Odegaard,ESP,2019-20,Real Sociedad,M S,31,2545,4,4,6,50,62,3.284,3.284,6.727,11.995,8.068,3,0,316264,Martin Ødegaard,1998-12-17,20.71,178.0,left,Midfield,Attacking Midfield,Norway,Norway,31,2532,4,6,681,Real Sociedad,2934,15000000.0,45000000.0,0.926,0.88,0.995,same_club
4229,Raúl de Tomás,ESP,2019-20,Espanyol,F S,14,1064,4,3,0,35,6,5.341,4.597,0.314,6.015,1.736,5,0,162038,Raúl de Tomás,1994-10-17,24.87,180.0,right,Attack,Centre-Forward,Spain,Spain,14,1074,4,0,714,RCD Espanyol Barcelona,1966,20000000.0,16000000.0,0.997,1.0,0.991,same_club
5081,Edu Expósito,ESP,2019-20,Eibar,M S,35,2300,4,3,1,34,20,3.057,1.571,0.971,5.606,4.275,3,0,506248,Edu Expósito,1996-08-01,23.08,178.0,right,Midfield,Central Midfield,Spain,Spain,35,2311,4,1,1533,SD Eibar,2429,4000000.0,3200000.0,0.999,1.0,0.995,same_club
6441,Ferrán Torres,ESP,2019-20,Valencia,F M S,34,2276,4,4,5,33,24,4.022,4.022,5.062,11.733,3.482,5,0,398184,Ferran Torres,2000-02-29,19.5,183.0,right,Attack,Centre-Forward,Spain,Spain,34,2258,4,5,1049,Valencia CF,3106,20000000.0,45000000.0,0.998,1.0,0.992,same_club
6921,Óscar Plano,ESP,2019-20,Real Valladolid,F M S,36,2511,4,4,2,38,25,4.122,4.122,2.627,9.988,3.595,6,0,221309,Óscar Plano,1991-02-11,28.55,179.0,both,Attack,Right Winger,Spain,Spain,36,2512,4,4,366,Real Valladolid CF,2655,4000000.0,3200000.0,1.0,1.0,1.0,same_club
7398,Wu Lei,ESP,2019-20,Espanyol,F M S,33,1740,4,4,0,45,17,6.156,6.156,2.1,7.159,0.572,3,0,140436,Lei Wu,1991-11-19,27.78,174.0,right,Attack,Right Winger,China,China,33,1723,4,0,714,RCD Espanyol Barcelona,2674,10000000.0,8000000.0,0.997,1.0,0.99,same_club
7843,Lago Junior,ESP,2019-20,Mallorca,D F M S,35,2167,4,1,0,41,20,5.974,3.744,1.343,7.307,3.481,3,0,100722,Lago Júnior,1990-12-31,28.67,180.0,right,Attack,Left Winger,Cote d'Ivoire,Cote d'Ivoire,35,2191,4,0,237,RCD Mallorca,2191,2000000.0,3200000.0,0.997,1.0,0.989,same_club
8001,Takefusa Kubo,ESP,2019-20,Mallorca,F M S,35,2323,4,4,4,55,34,3.079,3.079,2.893,8.888,4.283,4,0,405398,Takefusa Kubo,2001-06-04,18.24,173.0,left,Attack,Right Winger,Japan,Japan,35,2308,4,5,237,RCD Mallorca,2398,2000000.0,13500000.0,0.998,1.0,0.994,same_club
1520,Éver Banega,ESP,2019-20,Sevilla,M S,33,2495,3,1,7,40,59,3.089,1.602,5.701,12.541,9.444,10,0,12249,Éver Banega,1988-06-29,31.17,174.0,right,Midfield,Central Midfield,Argentina,Argentina,33,2483,3,7,368,Sevilla FC,3057,15000000.0,7000000.0,0.999,1.0,0.995,same_club
1716,Bernardo,ESP,2019-20,Espanyol,D,26,2262,3,3,0,22,4,2.566,2.566,0.65,2.484,2.292,5,1,64598,Bernardo Espinosa,1989-07-11,30.14,192.0,right,Defender,Centre-Back,Colombia,Colombia,26,2261,3,0,714,RCD Espanyol Barcelona,2756,6000000.0,4800000.0,0.97,0.95,1.0,same_club
1836,Franco Vázquez,ESP,2019-20,Sevilla,F M S,31,1043,3,3,0,16,9,1.784,1.784,0.418,4.743,3.201,5,0,76163,Franco Vázquez,1989-02-22,30.52,187.0,left,Midfield,Attacking Midfield,Argentina,Argentina,31,1084,3,0,368,Sevilla FC,1546,15000000.0,9500000.0,0.989,1.0,0.962,same_club
2117,Marco Asensio,ESP,2019-20,Real Madrid,F S,9,327,3,3,1,8,8,1.313,1.313,1.658,2.903,0.321,0,0,296622,Marco Asensio,1996-01-21,23.61,182.0,left,Midfield,Attacking Midfield,Spain,Spain,9,334,3,1,418,Real Madrid,363,60000000.0,32000000.0,0.994,1.0,0.979,same_club
2125,Ander Capa,ESP,2019-20,Athletic Club,D S,35,2873,3,3,4,16,23,1.318,1.318,3.328,7.695,4.377,10,0,197545,Ander Capa,1992-02-08,27.56,175.0,right,Defender,Right-Back,Spain,Spain,35,2875,3,4,621,Athletic Bilbao,3340,3000000.0,6000000.0,1.0,1.0,0.999,same_club
2154,Álvaro Vadillo,ESP,2019-20,Granada,M S,22,1230,3,2,1,17,21,1.981,1.237,1.61,4.595,3.306,0,0,162074,Álvaro Vadillo,1994-09-12,24.97,180.0,right,Attack,Left Winger,Spain,Spain,22,1225,3,1,16795,Granada CF,1491,2000000.0,2400000.0,0.999,1.0,0.996,same_club
2250,Luka Modric,ESP,2019-20,Real Madrid,M S,31,2021,3,3,7,30,40,1.586,1.586,3.427,15.807,12.658,7,1,27992,Luka Modrić,1985-09-09,33.98,172.0,right,Midfield,Central Midfield,Croatia,Jugoslawien (SFR),31,1999,3,8,418,Real Madrid,2632,20000000.0,12000000.0,0.997,1.0,0.989,same_club
2328,Thomas Partey,ESP,2019-20,Atletico Madrid,M S,35,2544,3,3,0,32,20,1.962,1.962,1.044,11.53,9.072,13,0,230784,Thomas Partey,1993-06-13,26.22,185.0,right,Midfield,Defensive Midfield,Ghana,Ghana,35,2552,3,0,13,Atlético de Madrid,3572,50000000.0,40000000.0,0.999,1.0,0.997,same_club
2353,Pedro Bigas,ESP,2019-20,Eibar,D S,23,1783,3,3,0,8,2,0.934,0.934,0.106,2.236,1.861,2,0,203043,Pedro Bigas,1990-05-15,29.3,181.0,left,Defender,Centre-Back,Spain,Spain,23,1779,3,0,1533,SD Eibar,1824,3000000.0,1600000.0,0.999,1.0,0.998,same_club
2424,Óliver Torres,ESP,2019-20,Sevilla,F M S,28,1645,3,3,3,16,21,1.602,1.602,2.634,9.09,5.313,5,0,214775,Óliver Torres,1994-11-10,24.81,175.0,right,Midfield,Central Midfield,Spain,Spain,28,1604,3,3,368,Sevilla FC,2277,17000000.0,13500000.0,0.993,1.0,0.975,same_club
2453,Marc Bartra,ESP,2019-20,Real Betis,D M S,30,2533,3,3,1,23,5,1.887,1.887,1.574,7.656,6.777,8,0,99922,Marc Bartra,1991-01-15,28.63,184.0,right,Defender,Centre-Back,Spain,Spain,30,2526,3,1,150,Real Betis Balompié,2781,22000000.0,17500000.0,0.999,1.0,0.997,same_club
2511,Vitolo,ESP,2019-20,Atletico Madrid,F M S,28,1185,3,3,2,16,13,2.907,2.907,2.596,7.811,3.423,3,0,67082,Vitolo,1989-11-02,29.83,184.0,right,Attack,Left Winger,Spain,Spain,28,1220,3,2,13,Atlético de Madrid,1484,18000000.0,14500000.0,0.991,1.0,0.971,same_club
2518,Marcos Llorente,ESP,2019-20,Atletico Madrid,F M S,29,1382,3,3,3,14,16,1.72,1.72,2.329,6.121,2.934,4,0,282411,Marcos Llorente,1995-01-30,24.59,183.0,right,Defender,Right-Back,Spain,Spain,29,1365,3,4,13,Atlético de Madrid,1720,20000000.0,16000000.0,0.996,1.0,0.988,same_club
2537,Sandro Ramírez,ESP,2019-20,Real Valladolid,F M S,24,1310,3,3,1,44,12,4.643,3.9,1.801,6.142,1.158,2,0,199369,Sandro Ramírez,1995-07-09,24.15,174.0,right,Attack,Centre-Forward,Spain,Spain,24,1308,3,1,366,Real Valladolid CF,1465,4000000.0,3200000.0,1.0,1.0,0.998,same_club
2543,Borja Iglesias,ESP,2019-20,Real Betis,F S,35,1929,3,3,2,36,16,3.531,3.531,1.974,6.448,1.263,3,1,278359,Borja Iglesias,1993-01-17,26.62,187.0,right,Attack,Centre-Forward,Spain,Spain,35,1921,3,3,150,Real Betis Balompié,2313,28000000.0,14500000.0,0.999,1.0,0.996,same_club
5066,David Timor,ESP,2019-20,Getafe,D M S,22,941,3,3,0,19,4,0.72,0.72,0.234,1.771,1.505,4,0,158795,David Timor,1989-10-17,29.87,185.0,left,Midfield,Defensive Midfield,Spain,Spain,22,939,3,0,3709,Getafe CF,1414,1500000.0,1600000.0,0.999,1.0,0.998,same_club
5173,Asier Villalibre,ESP,2019-20,Athletic Club,F S,19,494,3,3,0,17,1,3.553,3.553,0.059,3.305,0.471,0,0,251897,Asier Villalibre,1997-09-30,21.92,182.0,left,Attack,Centre-Forward,Spain,Spain,19,522,3,0,621,Athletic Bilbao,733,2000000.0,3200000.0,0.984,1.0,0.946,same_club
6942,Arthur,ESP,2019-20,Barcelona,M S,21,1183,3,3,3,8,12,1.202,1.202,1.738,7.646,5.597,1,0,362842,Arthur Melo,1996-08-12,23.05,172.0,right,Midfield,Central Midfield,Brazil,Brazil,21,1185,3,3,131,FC Barcelona,1541,70000000.0,56000000.0,0.969,0.95,0.998,same_club
7008,Vinícius Júnior,ESP,2019-20,Real Madrid,F M S,29,1334,3,3,1,38,22,4.506,4.506,2.923,9.705,3.709,4,0,371998,Vinicius Junior,2000-07-12,19.14,176.0,right,Attack,Left Winger,Brazil,Brazil,29,1355,3,2,418,Real Madrid,1818,70000000.0,45000000.0,0.995,1.0,0.985,same_club
7208,Samuel Chukwueze,ESP,2019-20,Villarreal,F M S,37,2025,3,3,2,48,39,3.825,3.825,4.581,12.716,6.615,2,0,401922,Samuel Chukwueze,1999-05-22,20.28,172.0,left,Attack,Right Winger,Nigeria,Nigeria,37,2036,3,5,1050,Villarreal CF,2240,30000000.0,27000000.0,0.998,1.0,0.995,same_club
7349,Enric Gallego,ESP,2019-20,"Getafe,Osasuna",F S,19,1029,3,3,0,24,9,2.803,2.803,0.744,3.912,0.681,5,1,114060,Enric Gallego,1986-09-12,32.97,189.0,left,Attack,Centre-Forward,Spain,Spain,19,1042,3,0,"331,3709","CA Osasuna,Getafe CF",1293,3000000.0,1200000.0,0.996,1.0,0.988,same_club
7430,Emerson,ESP,2019-20,Real Betis,D S,33,2843,3,3,6,26,29,1.823,1.823,5.373,11.547,7.81,11,0,476344,Emerson Royal,1999-01-14,20.63,183.0,right,Defender,Right-Back,Brazil,Brazil,33,2840,3,6,150,Real Betis Balompié,2960,3000000.0,18000000.0,0.97,0.95,0.999,same_club
7856,Aridane Hernández,ESP,2019-20,Osasuna,D,29,2610,3,3,0,12,3,2.523,2.523,0.135,3.817,3.817,8,0,82503,Aridane Hernández,1989-03-23,30.44,188.0,right,Defender,Centre-Back,Spain,Spain,29,2610,3,0,331,CA Osasuna,2790,700000.0,3200000.0,1.0,1.0,1.0,same_club
7860,Domingos Duarte,ESP,2019-20,Granada,D S,36,3080,3,3,1,13,1,1.659,1.659,0.051,3.526,3.334,7,0,257376,Domingos Duarte,1995-03-10,24.48,192.0,right,Defender,Centre-Back,Portugal,Portugal,36,3086,3,1,16795,Granada CF,3351,2500000.0,4000000.0,0.999,1.0,0.998,same_club
44,Pablo De Blasis,ESP,2019-20,Eibar,D M S,30,1572,2,1,3,15,19,2.542,1.799,3.133,7.118,2.786,1,0,75446,Pablo de Blasis,1988-02-04,31.57,165.0,right,Midfield,Attacking Midfield,Argentina,Argentina,30,1591,2,3,1533,SD Eibar,1861,2000000.0,1400000.0,0.996,1.0,0.988,same_club
452,Takashi Inui,ESP,2019-20,Eibar,F M S,29,1965,2,2,3,39,20,3.514,3.514,2.128,8.225,3.359,2,0,98249,Takashi Inui,1988-06-02,31.25,169.0,right,Attack,Left Winger,Japan,Japan,29,1965,2,4,1533,SD Eibar,1965,4000000.0,2400000.0,1.0,1.0,1.0,same_club
495,Nacho Monreal,ESP,2019-20,Real Sociedad,D S,29,2397,2,2,0,18,13,2.55,2.55,1.86,7.369,6.181,3,0,43003,Nacho Monreal,1986-02-26,33.51,179.0,left,Defender,Left-Back,Spain,Spain,,,,,,,,8000000.0,3200000.0,,,,understat_id_carryover
565,Nyom,ESP,2019-20,Getafe,D M S,34,2453,2,2,0,13,9,1.042,1.042,0.923,4.918,4.079,13,1,111508,Allan Nyom,1988-05-10,31.31,189.0,right,Defender,Right-Back,Cameroon,France,34,2434,2,0,3709,Getafe CF,3245,3000000.0,3200000.0,0.998,1.0,0.992,same_club
615,Fernando,ESP,2019-20,Sevilla,M S,34,2648,2,2,3,15,10,2.828,2.828,0.459,7.777,7.067,13,0,51174,Fernando,1987-07-25,32.1,183.0,right,Midfield,Defensive Midfield,Brazil,Brazil,34,2657,2,3,368,Sevilla FC,3316,4500000.0,8000000.0,0.999,1.0,0.997,same_club
1125,Carlos Bacca,ESP,2019-20,Villarreal,F S,19,689,2,2,1,18,4,3.444,3.444,0.655,4.937,0.929,1,0,119235,Carlos Bacca,1986-09-08,32.98,181.0,right,Attack,Centre-Forward,Colombia,Colombia,19,684,2,2,1050,Villarreal CF,1042,5000000.0,2400000.0,0.998,1.0,0.993,same_club
1131,Rodrigo Ely,ESP,2019-20,Alaves,D S,25,2136,2,2,0,6,2,1.065,1.065,0.119,1.737,1.618,9,1,176140,Rodrigo Ely,1993-11-03,25.83,188.0,right,Defender,Centre-Back,Brazil,Brazil,25,2127,2,0,1108,Deportivo Alavés,2127,2000000.0,1600000.0,0.999,1.0,0.996,same_club
1421,Cristian Tello,ESP,2019-20,Real Betis,F M S,27,726,2,2,0,19,6,1.455,1.455,0.256,3.537,1.984,1,0,141834,Cristian Tello,1991-08-11,28.06,178.0,both,Attack,Left Winger,Spain,Spain,27,770,2,0,150,Real Betis Balompié,994,10000000.0,4800000.0,0.983,1.0,0.943,same_club
2093,Jordi Alba,ESP,2019-20,Barcelona,D M S,27,2182,2,2,5,7,30,1.48,1.48,4.905,16.453,13.489,7,0,69751,Jordi Alba,1989-03-21,30.45,170.0,left,Defender,Left-Back,Spain,Spain,27,2189,2,6,131,FC Barcelona,2819,50000000.0,40000000.0,0.999,1.0,0.997,same_club
2095,Sergio Busquets,ESP,2019-20,Barcelona,M S,33,2510,2,2,2,10,22,1.438,1.438,3.164,22.746,20.191,10,0,65230,Sergio Busquets,1988-07-16,31.13,189.0,right,Midfield,Defensive Midfield,Spain,Spain,33,2492,2,2,131,FC Barcelona,3265,50000000.0,28000000.0,0.998,1.0,0.993,same_club
2103,Aleix Vidal,ESP,2019-20,Alaves,F M S,29,2199,2,2,4,23,43,2.957,2.957,4.13,8.467,2.685,6,0,88490,Aleix Vidal,1989-08-21,30.03,177.0,right,Attack,Right Winger,Spain,Spain,29,2176,2,5,1108,Deportivo Alavés,2176,4000000.0,3500000.0,0.997,1.0,0.99,same_club
2122,Joan Jordán,ESP,2019-20,Sevilla,M S,34,2307,2,2,2,29,36,2.25,2.25,3.495,8.095,5.109,8,0,263727,Joan Jordán,1994-07-06,25.16,185.0,right,Midfield,Central Midfield,Spain,Spain,34,2267,2,2,368,Sevilla FC,3245,12000000.0,14500000.0,0.995,1.0,0.983,same_club
2166,Adrián Embarba,ESP,2019-20,Espanyol,F M S,18,1413,2,1,4,39,25,3.419,2.676,3.009,4.606,0.648,4,0,288318,Adrián Embarba,1992-05-07,27.32,173.0,right,Attack,Right Winger,Spain,Spain,18,1380,2,4,714,RCD Espanyol Barcelona,1436,4000000.0,5500000.0,0.993,1.0,0.977,same_club
2229,Yuri,ESP,2019-20,Athletic Club,D S,33,2849,2,2,1,35,29,1.39,1.39,2.571,6.51,4.119,7,0,61812,Yuri Berchiche,1990-02-10,29.56,181.0,left,Defender,Left-Back,Spain,Spain,33,2853,2,2,621,Athletic Bilbao,3467,20000000.0,16000000.0,0.97,0.95,0.999,same_club
2245,Raphael Varane,ESP,2019-20,Real Madrid,D,32,2822,2,2,1,11,6,1.181,1.181,0.339,10.079,9.584,2,0,164770,Raphaël Varane,1993-04-25,26.35,191.0,right,Defender,Centre-Back,France,France,32,2823,2,1,418,Real Madrid,3843,70000000.0,64000000.0,1.0,1.0,1.0,same_club
2251,Gareth Bale,ESP,2019-20,Real Madrid,F M S,16,1099,2,2,2,34,12,4.051,4.051,1.565,8.204,3.136,2,1,39381,Gareth Bale,1989-07-16,30.13,186.0,left,Attack,Right Winger,Wales,Wales,16,1092,2,2,418,Real Madrid,1260,60000000.0,32000000.0,0.998,1.0,0.994,same_club
2253,Lucas Vázquez,ESP,2019-20,Real Madrid,D F M S,18,834,2,2,1,10,17,1.412,1.412,1.563,7.374,5.005,1,0,221316,Lucas Vázquez,1991-07-01,28.17,173.0,right,Defender,Right-Back,Spain,Spain,18,842,2,2,418,Real Madrid,1032,25000000.0,16000000.0,0.997,1.0,0.99,same_club
2301,Manu Trigueros,ESP,2019-20,Villarreal,M S,29,1532,2,1,4,26,32,3.147,2.404,3.642,10.151,5.4,6,0,188854,Manu Trigueros,1991-10-17,27.87,178.0,right,Midfield,Central Midfield,Spain,Spain,29,1545,2,4,1050,Villarreal CF,1681,15000000.0,12000000.0,0.997,1.0,0.992,same_club
2305,Adrián,ESP,2019-20,Osasuna,F M S,26,1475,2,1,0,18,25,3.072,2.329,2.476,8.162,3.732,0,0,45383,Adrián López,1988-01-08,31.65,183.0,right,Attack,Centre-Forward,Spain,Spain,26,1451,2,0,331,CA Osasuna,1500,2500000.0,1400000.0,0.965,0.95,0.984,same_club
2368,Montoro,ESP,2019-20,Granada,M S,15,958,2,2,5,14,21,1.053,1.053,1.385,3.452,2.361,6,0,59551,Ángel Montoro,1988-06-25,31.18,180.0,right,Midfield,Central Midfield,Spain,Spain,15,972,2,5,16795,Granada CF,972,1500000.0,1200000.0,0.996,1.0,0.986,same_club
2478,Carlos Soler,ESP,2019-20,Valencia,M S,28,2098,2,2,0,18,15,1.829,1.829,1.396,9.682,7.147,4,0,372246,Carlos Soler,1997-01-02,22.66,180.0,right,Midfield,Central Midfield,Spain,Spain,28,2073,2,0,1049,Valencia CF,2856,50000000.0,40000000.0,0.996,1.0,0.988,same_club
2578,Javi Ontiveros,ESP,2019-20,Villarreal,F M S,30,854,2,2,1,48,8,2.044,2.044,1.402,4.534,2.137,2,0,298983,Javi Ontiveros,1997-09-09,21.98,175.0,right,Attack,Left Winger,Spain,Spain,30,875,2,2,1050,Villarreal CF,1245,6000000.0,7000000.0,0.993,1.0,0.976,same_club
2621,Sergi Darder,ESP,2019-20,Espanyol,F M S,36,2649,2,2,1,52,30,3.276,3.276,2.751,8.822,3.995,5,0,142021,Sergi Darder,1993-12-22,25.69,180.0,right,Midfield,Central Midfield,Spain,Spain,36,2660,2,1,714,RCD Espanyol Barcelona,3070,14000000.0,11000000.0,0.999,1.0,0.996,same_club
2925,Fedor Smolov,ESP,2019-20,Celta Vigo,F S,14,747,2,2,0,16,4,1.739,1.739,0.186,2.148,0.484,4,0,50355,Fedor Smolov,1990-02-09,29.56,187.0,right,Attack,Centre-Forward,Russia,UdSSR,14,749,2,0,940,Celta de Vigo,1964,11000000.0,7000000.0,0.999,1.0,0.997,same_club
4034,José Campaña,ESP,2019-20,Levante,M S,37,3161,2,2,7,44,73,2.397,2.397,6.071,16.492,12.493,2,1,120095,José Campaña,1993-05-31,26.25,179.0,right,Midfield,Central Midfield,Spain,Spain,37,3159,2,7,3368,Levante UD,3388,15000000.0,12000000.0,1.0,1.0,0.999,same_club
4051,Ramón Azeez,ESP,2019-20,Granada,M S,25,1348,2,2,0,20,6,2.059,2.059,0.211,4.888,3.129,3,0,131667,Ramon Azeez,1992-12-12,26.72,170.0,right,Midfield,Central Midfield,Nigeria,Nigeria,25,1354,2,0,16795,Granada CF,1675,800000.0,800000.0,0.999,1.0,0.996,same_club
4069,Fede Vico,ESP,2019-20,Granada,F M S,18,892,2,1,1,18,19,1.718,0.975,1.805,2.772,1.024,1,0,162079,Fede Vico,1994-07-04,25.16,179.0,left,Midfield,Attacking Midfield,Spain,Spain,18,891,2,1,16795,Granada CF,896,1500000.0,1200000.0,1.0,1.0,0.999,same_club
5050,Clement Lenglet,ESP,2019-20,Barcelona,D,28,2437,2,2,1,10,6,0.767,0.767,0.493,12.804,12.634,7,2,182904,Clément Lenglet,1995-06-17,24.21,186.0,left,Defender,Centre-Back,France,France,28,2428,2,1,131,FC Barcelona,3419,60000000.0,48000000.0,0.999,1.0,0.996,same_club
5075,Rubén Peña,ESP,2019-20,Villarreal,D M S,26,1906,2,2,2,6,18,1.079,1.079,1.829,9.395,6.962,5,0,238868,Rubén Peña,1991-07-18,28.12,170.0,right,Defender,Right-Back,Spain,Spain,26,1905,2,2,1050,Villarreal CF,2220,10000000.0,6500000.0,1.0,1.0,0.999,same_club
5086,Marc Roca,ESP,2019-20,Espanyol,M,35,3040,2,0,1,32,28,2.426,0.939,3.042,7.521,5.701,8,0,336869,Marc Roca,1996-11-26,22.76,184.0,left,Midfield,Defensive Midfield,Spain,Spain,35,3020,2,1,714,RCD Espanyol Barcelona,3635,30000000.0,16000000.0,0.998,1.0,0.993,same_club
5116,Pione Sisto,ESP,2019-20,Celta Vigo,F M S,21,869,2,2,0,30,9,1.583,1.583,0.484,2.632,0.801,2,0,252641,Pione Sisto,1995-02-04,24.57,172.0,right,Attack,Left Winger,Denmark,Uganda,21,886,2,0,940,Celta de Vigo,1011,8000000.0,4800000.0,0.994,1.0,0.981,same_club
5128,Oier,ESP,2019-20,Osasuna,M S,29,2328,2,2,1,18,14,2.269,2.269,0.945,8.439,6.455,12,1,63040,Oier Sanjurjo,1986-05-25,33.27,178.0,right,Midfield,Defensive Midfield,Spain,Spain,29,2330,2,1,331,CA Osasuna,2330,1200000.0,950000.0,0.97,0.95,0.999,same_club
5682,Gonçalo Guedes,ESP,2019-20,Valencia,F M S,21,1264,2,2,2,23,17,1.318,1.318,1.139,4.737,2.865,3,0,225122,Gonçalo Guedes,1996-11-29,22.75,179.0,right,Attack,Left Winger,Portugal,Portugal,21,1268,2,2,1049,Valencia CF,1489,40000000.0,22500000.0,0.999,1.0,0.997,same_club
5712,Diego Carlos,ESP,2019-20,Sevilla,D,35,3138,2,2,0,21,9,2.022,2.022,0.556,7.571,7.458,7,0,329145,Diego Carlos,1993-03-15,26.46,185.0,right,Defender,Centre-Back,Brazil,Brazil,35,3135,2,0,368,Sevilla FC,3961,13000000.0,32000000.0,1.0,1.0,0.999,same_club
6076,Nemanja Maksimovic,ESP,2019-20,Getafe,F M S,35,2903,2,2,0,34,14,3.239,3.239,0.647,7.38,4.492,5,0,273152,Nemanja Maksimovic,1995-01-26,24.6,189.0,right,Midfield,Central Midfield,Serbia,Yugoslavia (Republic),35,2898,2,0,3709,Getafe CF,3500,15000000.0,20000000.0,0.999,1.0,0.998,same_club
6168,Leandro Cabrera,ESP,2019-20,"Espanyol,Getafe",D,35,3064,2,2,1,11,9,2.16,2.16,1.323,5.199,4.369,5,0,102423,Leandro Cabrera,1991-06-17,28.21,190.0,left,Defender,Centre-Back,Uruguay,Uruguay,35,3060,2,1,"714,3709","RCD Espanyol Barcelona,Getafe CF",3316,5000000.0,8000000.0,1.0,1.0,0.999,same_club
6221,Pau Torres,ESP,2019-20,Villarreal,D S,34,2971,2,2,1,10,11,1.727,1.727,2.089,11.34,11.221,6,0,399776,Pau Torres,1997-01-16,22.62,192.0,left,Defender,Centre-Back,Spain,Spain,34,2971,2,1,1050,Villarreal CF,3092,4000000.0,16000000.0,1.0,1.0,1.0,same_club
6228,Luka Jovic,ESP,2019-20,Real Madrid,F S,17,410,2,2,1,14,5,2.749,2.749,1.591,4.316,1.367,2,0,257462,Luka Jović,1997-12-23,21.69,182.0,right,Attack,Centre-Forward,Serbia,Yugoslavia (Republic),17,422,2,1,418,Real Madrid,808,60000000.0,32000000.0,0.991,1.0,0.972,same_club
6241,Federico Valverde,ESP,2019-20,Real Madrid,F M S,33,1897,2,2,5,22,20,1.989,1.989,3.555,11.682,6.865,1,0,369081,Federico Valverde,1998-07-22,21.11,182.0,right,Midfield,Central Midfield,Uruguay,Uruguay,33,1905,2,5,418,Real Madrid,2714,20000000.0,54000000.0,0.999,1.0,0.996,same_club
6434,Franck Zambo,ESP,2019-20,Villarreal,M S,36,2582,2,2,0,30,17,2.946,2.946,0.616,13.371,11.305,6,0,354361,Frank Anguissa,1995-11-16,23.79,184.0,right,Midfield,Central Midfield,Cameroon,Cameroon,36,2582,2,2,1050,Villarreal CF,2833,25000000.0,20000000.0,,,,manual
6470,José Arnáiz,ESP,2019-20,"Leganes,Osasuna",F M S,26,1107,2,2,1,31,15,2.189,2.189,1.001,3.208,0.801,4,0,364603,José Manuel Arnáiz,1995-04-15,24.38,173.0,right,Attack,Left Winger,Spain,Spain,26,1119,2,1,"331,1244","CA Osasuna,CD Leganés",1276,2500000.0,2000000.0,0.967,0.95,0.989,same_club
6915,Kiko Olivas,ESP,2019-20,Real Valladolid,D S,35,2934,2,2,0,9,3,1.416,1.416,0.116,4.286,4.178,2,0,51667,Kiko Olivas,1988-08-21,31.03,184.0,right,Defender,Centre-Back,Spain,Spain,35,2942,2,0,366,Real Valladolid CF,2942,2000000.0,2000000.0,0.999,1.0,0.997,same_club
6917,Rubén Alcaraz,ESP,2019-20,Real Valladolid,M S,27,1922,2,2,2,33,16,2.063,2.063,0.826,6.024,4.368,10,0,247250,Rubén Alcaraz,1991-05-01,28.34,180.0,right,Midfield,Central Midfield,Spain,Spain,27,1926,2,2,366,Real Valladolid CF,2016,10000000.0,8000000.0,0.999,1.0,0.998,same_club
6953,Gonzalo Melero,ESP,2019-20,Levante,F M S,25,1235,2,1,1,18,12,3.043,2.3,1.994,5.694,2.851,4,0,162056,Gonzalo Melero,1994-01-02,25.66,183.0,right,Midfield,Central Midfield,Spain,Spain,25,1238,2,1,3368,Levante UD,1366,4000000.0,3200000.0,0.999,1.0,0.998,same_club
7187,Sergio Reguilón,ESP,2019-20,Sevilla,D S,31,2510,2,2,4,28,40,2.46,2.46,4.095,11.072,6.412,8,0,282429,Sergio Reguilón,1996-12-16,22.71,178.0,left,Defender,Left-Back,Spain,Spain,31,2510,2,4,368,Sevilla FC,3055,15000000.0,20000000.0,1.0,1.0,1.0,same_club
7233,Joaquín Fernández,ESP,2019-20,Real Valladolid,D M S,20,1662,2,2,0,10,4,0.607,0.607,0.091,1.817,1.759,9,0,221321,Joaquín Fernández,1996-05-31,23.25,190.0,right,Defender,Centre-Back,Spain,Spain,20,1660,2,0,366,Real Valladolid CF,1780,3000000.0,2400000.0,1.0,1.0,0.999,same_club
7313,Lee Kang-In,ESP,2019-20,Valencia,F M S,17,420,2,2,0,11,6,1.113,1.113,0.501,2.601,1.111,1,2,557149,Kang-in Lee,2001-02-19,18.53,174.0,left,Midfield,Attacking Midfield,"Korea, South","Korea, South",17,445,2,0,1049,Valencia CF,695,10000000.0,13500000.0,0.983,1.0,0.944,same_club
7350,Yangel Herrera,ESP,2019-20,Granada,M S,30,2398,2,2,3,33,18,1.59,1.59,2.106,6.917,4.225,14,0,378293,Yangel Herrera,1998-01-07,21.65,184.0,right,Midfield,Central Midfield,Venezuela,Venezuela,30,2375,2,3,16795,Granada CF,2832,2000000.0,9000000.0,0.997,1.0,0.99,same_club
7781,Frenkie de Jong,ESP,2019-20,Barcelona,M S,29,2126,2,2,2,4,25,1.282,1.282,2.786,13.434,10.861,1,1,326330,Frenkie de Jong,1997-05-12,22.31,181.0,right,Midfield,Central Midfield,Netherlands,Netherlands,29,2120,2,2,131,FC Barcelona,3225,85000000.0,72000000.0,0.999,1.0,0.997,same_club
7834,Manu Vallejo,ESP,2019-20,Valencia,F M S,11,403,2,2,0,8,4,1.936,1.936,0.656,3.14,0.608,0,0,527350,Manu Vallejo,1997-02-14,22.54,167.0,right,Attack,Second Striker,Spain,Spain,11,412,2,0,1049,Valencia CF,484,5000000.0,4800000.0,0.993,1.0,0.978,same_club
7861,Germán Sánchez,ESP,2019-20,Granada,D S,28,2299,2,2,0,10,5,1.297,1.297,0.473,3.368,3.033,10,1,95963,Germán Sánchez,1986-12-12,32.72,187.0,right,Defender,Centre-Back,Spain,Spain,28,2295,2,0,16795,Granada CF,2805,500000.0,650000.0,0.999,1.0,0.998,same_club
7872,Hernâni,ESP,2019-20,Levante,F M S,20,632,2,2,0,22,11,1.68,1.68,2.519,4.099,1.146,1,1,172142,Hernâni,1991-08-20,28.03,180.0,left,Attack,Left Winger,Portugal,Portugal,20,643,2,0,3368,Levante UD,887,2500000.0,2000000.0,0.995,1.0,0.983,same_club
8015,Rodrygo,ESP,2019-20,Real Madrid,F S,19,1027,2,2,0,16,14,3.102,3.102,1.342,6.609,4.279,0,0,412363,Rodrygo,2001-01-09,18.64,174.0,right,Attack,Right Winger,Brazil,Brazil,19,1023,2,0,418,Real Madrid,1428,40000000.0,45000000.0,0.999,1.0,0.996,same_club
8131,Iñigo Pérez,ESP,2019-20,Osasuna,D M S,22,1064,2,2,1,19,15,1.076,1.076,0.637,4.468,3.265,4,0,71579,Iñigo Pérez,1988-01-18,31.62,178.0,left,Midfield,Central Midfield,Spain,Spain,22,1073,2,1,331,CA Osasuna,1440,800000.0,475000.0,0.997,1.0,0.992,same_club
8316,Roger Assalé,ESP,2019-20,Leganes,F M S,14,488,2,2,1,11,6,1.338,1.338,1.074,3.464,1.199,1,0,263183,Roger Assalé,1993-11-13,25.8,167.0,right,Attack,Centre-Forward,Cote d'Ivoire,Cote d'Ivoire,14,524,2,3,1244,CD Leganés,1135,7500000.0,6000000.0,0.979,1.0,0.931,same_club
191,Chicharito,ESP,2019-20,Sevilla,F S,9,452,1,1,0,13,3,3.144,3.144,0.12,3.364,0.154,0,0,50935,Chicharito,1988-06-01,31.25,175.0,right,Attack,Centre-Forward,Mexico,Mexico,9,446,1,0,368,Sevilla FC,902,12000000.0,6800000.0,1.0,1.0,1.0,same_club
191,Chicharito,ESP,2019-20,Sevilla,F S,9,452,1,1,0,13,3,3.144,3.144,0.12,3.364,0.154,0,0,50935,Chicharito,1988-06-01,31.25,175.0,right,Attack,Centre-Forward,Mexico,Mexico,9,446,1,0,368,Sevilla FC,902,12000000.0,6800000.0,0.996,1.0,0.987,same_club
493,Gabriel,ESP,2019-20,Valencia,D S,33,2803,1,1,1,8,1,0.885,0.885,0.027,8.004,8.004,5,0,149498,Gabriel Paulista,1990-11-26,28.76,185.0,right,Defender,Centre-Back,Brazil,Brazil,33,2803,1,1,1049,Valencia CF,3643,20000000.0,17500000.0,0.97,0.95,1.0,same_club
689,Kenedy,ESP,2019-20,Getafe,M S,19,551,1,1,3,14,10,0.943,0.943,2.005,5.202,2.914,2,0,281404,Kenedy,1996-02-08,23.56,185.0,left,Attack,Left Winger,Brazil,Brazil,19,576,1,3,3709,Getafe CF,950,10000000.0,9500000.0,0.987,1.0,0.957,same_club
701,Eden Hazard,ESP,2019-20,Real Madrid,F M S,16,1101,1,1,3,19,21,2.413,2.413,3.068,8.583,4.437,0,0,50202,Eden Hazard,1991-01-07,28.65,175.0,right,Attack,Left Winger,Belgium,Belgium,16,1086,1,6,418,Real Madrid,1545,150000000.0,80000000.0,0.996,1.0,0.986,same_club
897,Juanmi,ESP,2019-20,Real Betis,M S,8,247,1,1,0,7,1,1.256,1.256,0.053,0.639,0.121,0,1,126737,Juanmi,1993-05-20,26.28,172.0,right,Attack,Left Winger,Spain,Spain,8,263,1,0,150,Real Betis Balompié,263,8000000.0,4000000.0,0.982,1.0,0.939,same_club
1129,Suso,ESP,2019-20,Sevilla,F M S,17,781,1,1,1,14,18,0.952,0.952,1.814,2.778,0.755,0,0,111961,Suso,1993-11-19,25.78,177.0,left,Midfield,Attacking Midfield,Spain,Spain,17,782,1,1,368,Sevilla FC,2636,40000000.0,17500000.0,1.0,1.0,0.999,same_club
1129,Suso,ESP,2019-20,Sevilla,F M S,17,781,1,1,1,14,18,0.952,0.952,1.814,2.778,0.755,0,0,111961,Suso,1993-11-19,25.78,177.0,left,Midfield,Attacking Midfield,Spain,Spain,17,782,1,1,368,Sevilla FC,2636,40000000.0,17500000.0,1.0,1.0,0.999,same_club
1508,Jeison Murillo,ESP,2019-20,Celta Vigo,D S,18,1530,1,1,0,9,2,0.345,0.345,0.129,1.484,1.378,5,0,131102,Jeison Murillo,1992-05-27,27.26,182.0,right,Defender,Centre-Back,Colombia,Colombia,18,1529,1,0,940,Celta de Vigo,2373,10000000.0,6500000.0,1.0,1.0,0.999,same_club
1508,Jeison Murillo,ESP,2019-20,Celta Vigo,D S,18,1530,1,1,0,9,2,0.345,0.345,0.129,1.484,1.378,5,0,131102,Jeison Murillo,1992-05-27,27.26,182.0,right,Defender,Centre-Back,Colombia,Colombia,18,1529,1,0,940,Celta de Vigo,2373,10000000.0,6500000.0,0.999,1.0,0.997,same_club
1516,Geoffrey Kondogbia,ESP,2019-20,Valencia,M S,27,1809,1,1,1,19,6,1.051,1.051,0.205,4.999,4.503,5,0,127189,Geoffrey Kondogbia,1993-02-15,26.54,188.0,left,Midfield,Defensive Midfield,Central African Republic,France,27,1806,1,1,1049,Valencia CF,2350,30000000.0,22500000.0,1.0,1.0,0.998,same_club
1588,Raúl Albiol,ESP,2019-20,Villarreal,D,36,3238,1,1,0,15,4,2.679,2.679,0.387,9.734,9.687,9,0,15452,Raúl Albiol,1985-09-04,33.99,190.0,right,Defender,Centre-Back,Spain,Spain,36,3238,1,0,1050,Villarreal CF,3448,5000000.0,3200000.0,1.0,1.0,1.0,same_club
1672,Jonathan Calleri,ESP,2019-20,Espanyol,F S,27,1823,1,1,3,47,17,4.01,4.01,2.641,7.06,1.638,4,1,284727,Jonathan Calleri,1993-09-23,25.94,181.0,right,Attack,Centre-Forward,Argentina,Argentina,27,1816,1,3,714,RCD Espanyol Barcelona,2063,9000000.0,6000000.0,0.999,1.0,0.996,same_club
1884,Facundo Roncaglia,ESP,2019-20,Osasuna,D S,16,1285,1,1,0,3,4,0.048,0.048,0.317,1.044,0.694,2,2,61546,Facundo Roncaglia,1987-02-10,32.56,179.0,right,Defender,Centre-Back,Argentina,Argentina,16,1280,1,0,331,CA Osasuna,1580,2500000.0,1400000.0,0.999,1.0,0.996,same_club
2064,Sergio Escudero,ESP,2019-20,Sevilla,D S,11,771,1,1,0,8,6,0.336,0.336,0.646,3.899,3.199,2,0,93935,Sergio Escudero,1989-09-02,30.0,176.0,left,Defender,Left-Back,Spain,Spain,11,773,1,0,368,Sevilla FC,1668,7500000.0,4800000.0,0.999,1.0,0.997,same_club
2065,Vicente Iborra,ESP,2019-20,Villarreal,M S,34,2689,1,1,2,21,10,3.526,3.526,1.095,12.989,10.062,10,0,65467,Vicente Iborra,1988-01-16,31.62,190.0,right,Midfield,Defensive Midfield,Spain,Spain,34,2659,1,2,1050,Villarreal CF,2808,9000000.0,6000000.0,0.997,1.0,0.989,same_club
2073,Coke,ESP,2019-20,Levante,D S,17,986,1,1,0,9,7,1.52,1.52,0.276,3.889,2.733,3,0,71905,Coke,1987-04-26,32.35,176.0,right,Defender,Right-Back,Spain,Spain,17,989,1,0,3368,Levante UD,1289,2000000.0,1200000.0,0.999,1.0,0.997,same_club
2080,Rubén Pérez,ESP,2019-20,Leganes,M S,26,2195,1,0,1,20,7,1.103,0.36,0.429,3.588,3.035,9,0,113045,Rubén Pérez,1989-04-26,30.35,178.0,right,Midfield,Defensive Midfield,Spain,Spain,26,2196,1,1,1244,CD Leganés,2376,7500000.0,6000000.0,1.0,1.0,1.0,same_club
2088,Edgar Méndez,ESP,2019-20,Alaves,M S,16,866,1,1,0,9,5,0.385,0.385,0.713,1.594,0.701,3,0,133794,Edgar Méndez,1990-01-02,29.66,187.0,right,Attack,Right Winger,Spain,Spain,16,866,1,0,1108,Deportivo Alavés,866,3000000.0,1600000.0,1.0,1.0,1.0,same_club
2089,Robert Ibáñez,ESP,2019-20,Osasuna,M S,14,529,1,1,0,8,4,1.253,1.253,0.286,2.253,1.677,3,0,242532,Rober Ibáñez,1993-03-22,26.44,175.0,right,Attack,Right Winger,Spain,Spain,14,534,1,0,331,CA Osasuna,795,1000000.0,800000.0,0.973,0.96,0.991,same_club
2092,Gerard Piqué,ESP,2019-20,Barcelona,D,35,3102,1,1,0,14,5,2.559,2.559,0.385,15.995,14.439,15,0,18944,Gerard Piqué,1987-02-02,32.58,194.0,right,Defender,Centre-Back,Spain,Spain,35,3096,1,0,131,FC Barcelona,3986,35000000.0,20000000.0,0.999,1.0,0.998,same_club
2094,Ivan Rakitic,ESP,2019-20,Barcelona,M S,31,1576,1,1,3,24,18,2.278,2.278,1.447,11.641,8.77,5,0,32467,Ivan Rakitic,1988-03-10,31.48,184.0,right,Midfield,Central Midfield,Croatia,Switzerland,31,1585,1,3,131,FC Barcelona,2113,40000000.0,20000000.0,0.998,1.0,0.994,same_club
2104,Sergi Roberto,ESP,2019-20,Barcelona,D M S,30,2346,1,1,2,6,25,0.654,0.654,1.868,12.843,11.5,7,0,85370,Sergi Roberto,1992-02-07,27.56,178.0,right,Midfield,Central Midfield,Spain,Spain,30,2341,1,2,131,FC Barcelona,3021,50000000.0,40000000.0,0.999,1.0,0.998,same_club
2112,Papakouly Diop,ESP,2019-20,Eibar,M S,30,2260,1,1,0,28,15,0.921,0.921,0.421,2.396,1.566,7,0,39907,Pape Diop,1986-03-19,33.45,180.0,right,Midfield,Defensive Midfield,Senegal,Senegal,30,2257,1,0,1533,SD Eibar,2257,1500000.0,1200000.0,0.97,0.95,0.999,same_club
2127,Iván Ramis,ESP,2019-20,Eibar,D S,7,463,1,1,0,4,1,0.205,0.205,0.081,0.478,0.397,1,0,26066,Iván Ramis,1984-10-25,34.85,189.0,right,Defender,Centre-Back,Spain,Spain,7,458,1,0,1533,SD Eibar,458,1000000.0,650000.0,0.997,1.0,0.989,same_club
2135,Sergi Enrich,ESP,2019-20,Eibar,F S,30,1873,1,1,4,28,11,3.037,3.037,2.283,4.639,0.944,6,0,81988,Sergi Enrich,1990-02-26,29.51,183.0,right,Attack,Centre-Forward,Spain,Spain,30,1871,1,4,1533,SD Eibar,1902,7500000.0,2400000.0,1.0,1.0,0.999,same_club
2163,Diego Llorente,ESP,2019-20,Real Sociedad,D S,29,2330,1,1,1,10,5,1.459,1.459,0.425,7.092,7.061,4,1,246291,Diego Llorente,1993-08-16,26.04,186.0,right,Defender,Centre-Back,Spain,Spain,29,2328,1,2,681,Real Sociedad,2418,25000000.0,20000000.0,1.0,1.0,0.999,same_club
2194,Damián Suárez,ESP,2019-20,Getafe,D M,30,2614,1,1,4,21,33,0.936,0.936,3.53,5.684,3.943,15,0,76746,Damián Suárez,1988-04-27,31.35,173.0,right,Defender,Right-Back,Uruguay,Uruguay,30,2598,1,4,3709,Getafe CF,2958,3500000.0,3200000.0,0.998,1.0,0.994,same_club
2197,Pedro León,ESP,2019-20,Eibar,F M S,31,1925,1,1,2,37,40,3.054,3.054,3.161,5.694,2.041,4,0,51587,Pedro León,1986-11-24,32.77,183.0,right,Attack,Right Winger,Spain,Spain,31,1906,1,3,1533,SD Eibar,1934,1800000.0,1400000.0,0.997,1.0,0.99,same_club
2218,Guerrero,ESP,2019-20,Leganes,F S,13,793,1,1,0,14,8,2.53,1.787,0.718,3.735,1.634,0,0,137704,Miguel Ángel Guerrero,1990-07-12,29.14,180.0,right,Attack,Second Striker,Spain,Spain,13,793,1,0,1244,CD Leganés,2199,2000000.0,1600000.0,1.0,1.0,1.0,same_club
2240,Esteban Granero,ESP,2019-20,Espanyol,M S,11,475,1,1,0,7,10,1.337,1.337,0.42,2.04,0.487,5,0,44065,Esteban Granero,1987-07-02,32.17,180.0,right,Midfield,Central Midfield,Spain,Spain,11,471,1,0,714,RCD Espanyol Barcelona,1242,3000000.0,2400000.0,0.997,1.0,0.992,same_club
2247,Nacho,ESP,2019-20,Real Madrid,D S,6,434,1,1,0,6,3,0.561,0.561,0.502,0.94,0.865,3,0,58884,Nacho Fernández,1990-01-18,29.62,180.0,right,Defender,Centre-Back,Spain,Spain,6,438,1,0,418,Real Madrid,686,25000000.0,12000000.0,0.967,0.95,0.991,same_club
2249,James Rodríguez,ESP,2019-20,Real Madrid,F M S,8,418,1,1,1,9,14,1.214,1.214,2.146,4.867,2.496,1,0,88103,James Rodríguez,1991-07-12,28.14,181.0,left,Midfield,Attacking Midfield,Colombia,Colombia,8,419,1,1,418,Real Madrid,728,50000000.0,32000000.0,0.999,1.0,0.998,same_club
2255,Isco,ESP,2019-20,Real Madrid,F M S,23,1185,1,1,2,23,23,2.38,2.38,2.241,7.431,4.885,2,0,85288,Isco,1992-04-21,27.36,176.0,right,Midfield,Attacking Midfield,Spain,Spain,23,1186,1,2,418,Real Madrid,1618,60000000.0,40000000.0,1.0,1.0,0.999,same_club
2257,Marcelo,ESP,2019-20,Real Madrid,D,15,1303,1,1,2,17,26,0.529,0.529,1.768,8.437,7.109,2,0,44501,Marcelo,1988-05-12,31.3,174.0,left,Defender,Left-Back,Brazil,Brazil,15,1299,1,4,418,Real Madrid,1855,25000000.0,16000000.0,0.999,1.0,0.997,same_club
2260,Daniel Carvajal,ESP,2019-20,Real Madrid,D,31,2745,1,1,5,20,41,2.796,2.796,5.442,18.387,14.077,11,0,138927,Daniel Carvajal,1992-01-11,27.64,173.0,right,Defender,Right-Back,Spain,Spain,31,2739,1,6,418,Real Madrid,3752,50000000.0,40000000.0,0.999,1.0,0.998,same_club
2272,Yannick Carrasco,ESP,2019-20,Atletico Madrid,M S,15,620,1,1,2,17,11,1.394,1.394,1.055,2.2,0.29,2,0,140776,Yannick Carrasco,1993-09-04,25.99,181.0,right,Attack,Left Winger,Belgium,Belgium,15,628,1,4,13,Atlético de Madrid,718,20000000.0,22500000.0,0.996,1.0,0.987,same_club
2284,Daniel Wass,ESP,2019-20,Valencia,D M S,35,2725,1,1,6,16,20,1.669,1.669,2.976,10.033,7.636,7,0,63463,Daniel Wass,1989-05-31,30.25,181.0,right,Midfield,Central Midfield,Denmark,Denmark,35,2732,1,6,1049,Valencia CF,3632,14000000.0,11000000.0,0.999,1.0,0.997,same_club
2289,Nemanja Radoja,ESP,2019-20,Levante,M S,26,1991,1,1,0,1,5,0.064,0.064,0.488,5.636,5.148,3,0,168959,Nemanja Radoja,1993-02-06,26.57,186.0,right,Midfield,Defensive Midfield,Serbia,Yugoslavia (Republic),26,1994,1,0,3368,Levante UD,2084,3000000.0,3200000.0,1.0,1.0,0.998,same_club
2308,Denis Suárez,ESP,2019-20,Celta Vigo,F M S,26,1646,1,1,5,20,42,2.076,1.333,5.195,6.597,2.595,3,0,165007,Denis Suárez,1994-01-06,25.65,176.0,right,Midfield,Attacking Midfield,Spain,Spain,26,1637,1,5,940,Celta de Vigo,1786,12000000.0,9500000.0,0.998,1.0,0.995,same_club
2314,Sidnei,ESP,2019-20,Real Betis,D,14,1184,1,1,0,5,1,0.37,0.37,0.042,3.829,3.618,0,0,27374,Sidnei,1989-08-23,30.02,184.0,right,Defender,Centre-Back,Brazil,Brazil,14,1177,1,0,150,Real Betis Balompié,1222,10000000.0,8000000.0,0.998,1.0,0.994,same_club
2356,Roque Mesa,ESP,2019-20,Leganes,M S,29,2017,1,1,3,27,28,1.408,1.408,2.12,6.648,3.81,11,0,202984,Roque Mesa,1989-06-07,30.23,172.0,right,Midfield,Central Midfield,Spain,Spain,29,2018,1,3,1244,CD Leganés,2075,7000000.0,5500000.0,1.0,1.0,1.0,same_club
2386,Rúben Vezo,ESP,2019-20,Levante,D,29,2610,1,1,0,12,3,1.49,1.49,0.688,5.683,5.647,4,0,257851,Rúben Vezo,1994-04-25,25.35,182.0,right,Defender,Centre-Back,Portugal,Portugal,29,2610,0,1,3368,Levante UD,2700,6000000.0,4800000.0,0.967,1.0,1.0,same_club
2388,Zouhair Feddal,ESP,2019-20,Real Betis,D S,17,1437,1,1,3,10,7,0.792,0.792,0.711,3.972,3.395,8,1,129386,Zouhair Feddal,1989-12-23,29.69,191.0,left,Defender,Centre-Back,Morocco,Morocco,17,1434,1,3,150,Real Betis Balompié,1554,5000000.0,4000000.0,0.999,1.0,0.998,same_club
2410,Aduriz,ESP,2019-20,Athletic Club,S,14,180,1,1,0,7,0,1.29,0.546,0.0,0.768,0.369,3,0,29124,Aritz Aduriz,1981-02-11,38.55,181.0,right,Attack,Centre-Forward,Spain,Spain,14,194,1,0,621,Athletic Bilbao,241,1000000.0,800000.0,0.978,1.0,0.928,same_club
2479,Toni Lato,ESP,2019-20,Osasuna,D M S,8,484,1,1,0,4,4,0.559,0.559,0.259,1.387,1.041,3,0,320271,Toni Lato,1997-11-21,21.78,171.0,left,Defender,Left-Back,Spain,Spain,8,473,1,0,331,CA Osasuna,474,5000000.0,1600000.0,0.993,1.0,0.977,same_club
2482,Tomás Pina,ESP,2019-20,Alaves,M S,20,1359,1,1,0,2,5,0.988,0.988,0.531,1.308,1.216,4,1,139895,Tomás Pina,1987-10-14,31.88,185.0,right,Midfield,Central Midfield,Spain,Spain,20,1351,1,1,1108,Deportivo Alavés,1351,2500000.0,2000000.0,0.998,1.0,0.994,same_club
2484,Iñigo Martínez,ESP,2019-20,Athletic Club,D,33,2970,1,1,1,27,10,2.4,2.4,0.71,4.053,3.359,10,0,158863,Iñigo Martínez,1991-05-17,28.29,182.0,left,Defender,Centre-Back,Spain,Spain,33,2970,1,1,621,Athletic Bilbao,3750,32000000.0,25500000.0,1.0,1.0,1.0,same_club
2494,Denis Cheryshev,ESP,2019-20,Valencia,M S,24,889,1,1,2,22,6,3.668,3.668,1.507,5.722,1.152,5,0,98322,Denis Cheryshev,1990-12-26,28.68,179.0,left,Attack,Left Winger,Russia,UdSSR,24,919,1,2,1049,Valencia CF,1202,6000000.0,4800000.0,0.99,1.0,0.967,same_club
2509,Dimitri Foulquier,ESP,2019-20,Granada,D M S,17,1111,1,1,0,5,6,0.418,0.418,0.405,1.567,0.744,4,0,170472,Dimitri Foulquier,1993-03-23,26.44,183.0,right,Defender,Right-Back,Guadeloupe,France,17,1115,1,0,16795,Granada CF,1678,3500000.0,2000000.0,0.98,1.0,0.933,same_club
2509,Dimitri Foulquier,ESP,2019-20,Granada,D M S,17,1111,1,1,0,5,6,0.418,0.418,0.405,1.567,0.744,4,0,170472,Dimitri Foulquier,1993-03-23,26.44,183.0,right,Defender,Right-Back,Guadeloupe,France,17,1115,1,0,16795,Granada CF,1678,3500000.0,2000000.0,0.999,1.0,0.996,same_club
2521,Alfonso,ESP,2019-20,Real Betis,D M S,21,1357,1,1,0,16,10,1.297,1.297,0.763,4.583,2.928,3,0,356197,Alfonso Pedraza,1996-04-09,23.39,184.0,left,Defender,Left-Back,Spain,Spain,21,1350,1,0,150,Real Betis Balompié,1350,22000000.0,9500000.0,0.968,0.95,0.995,same_club
2584,Raíllo,ESP,2019-20,Mallorca,D,32,2791,1,1,0,14,6,2.182,2.182,0.244,4.764,4.191,7,1,278296,Antonio Raíllo,1991-10-08,27.9,187.0,right,Defender,Centre-Back,Spain,Spain,32,2779,1,0,237,RCD Mallorca,2959,800000.0,2000000.0,0.999,1.0,0.996,same_club
2586,Anaitz Arbilla,ESP,2019-20,Eibar,D S,24,2006,1,1,0,14,6,0.632,0.632,0.266,2.793,2.583,5,0,71548,Anaitz Arbilla,1987-05-15,32.3,178.0,right,Defender,Centre-Back,Spain,Spain,24,2007,1,0,1533,SD Eibar,2007,2000000.0,1600000.0,1.0,1.0,1.0,same_club
3226,Ousmane Dembélé,ESP,2019-20,Barcelona,F M S,5,355,1,1,0,5,8,1.296,1.296,0.426,1.869,0.431,1,1,288230,Ousmane Dembélé,1997-05-15,22.3,179.0,both,Attack,Centre-Forward,France,France,5,358,1,0,131,FC Barcelona,494,100000000.0,56000000.0,0.997,1.0,0.992,same_club
3264,Mauro Arambarri,ESP,2019-20,Getafe,M S,35,3081,1,1,1,47,16,2.089,2.089,1.77,6.035,4.057,9,1,290249,Mauro Arambarri,1995-09-30,23.92,175.0,right,Midfield,Central Midfield,Uruguay,Uruguay,35,3072,1,1,3709,Getafe CF,3567,15000000.0,20000000.0,0.999,1.0,0.997,same_club
3424,Guido Carrillo,ESP,2019-20,Leganes,F S,24,1194,1,1,2,37,11,5.494,5.494,0.723,5.996,1.137,2,0,184672,Guido Carrillo,1991-05-25,28.27,187.0,right,Attack,Centre-Forward,Argentina,Argentina,24,1209,1,2,1244,CD Leganés,1509,7500000.0,4800000.0,0.996,1.0,0.988,same_club
4054,Pablo Hervías,ESP,2019-20,Real Valladolid,F M S,25,1000,1,1,0,19,14,0.659,0.659,1.128,0.848,0.36,1,0,142027,Pablo Hervías,1993-03-08,26.48,174.0,right,Attack,Right Winger,Spain,Spain,25,1011,1,0,366,Real Valladolid CF,1142,700000.0,650000.0,0.997,1.0,0.989,same_club
4076,Jason,ESP,2019-20,Getafe,M S,20,1191,1,1,4,27,24,2.011,2.011,2.819,2.928,0.575,5,0,263860,Jason Remeseiro,1994-07-06,25.16,178.0,right,Attack,Right Winger,Spain,Spain,20,1183,1,4,3709,Getafe CF,1413,5000000.0,4800000.0,0.968,0.95,0.993,same_club
4091,Unai López,ESP,2019-20,Athletic Club,M S,26,1835,1,1,4,28,34,0.852,0.852,3.406,4.606,3.263,6,0,192009,Unai López,1995-10-30,23.84,170.0,right,Midfield,Central Midfield,Spain,Spain,26,1803,1,4,621,Athletic Bilbao,1976,1500000.0,2400000.0,0.995,1.0,0.983,same_club
4208,Míchel,ESP,2019-20,Real Valladolid,M S,29,2212,1,0,2,13,29,1.217,0.474,2.056,5.671,4.313,6,0,65331,Míchel Herrero,1988-07-29,31.09,182.0,right,Midfield,Central Midfield,Spain,Spain,29,2189,1,2,366,Real Valladolid CF,2309,2000000.0,1600000.0,0.967,0.95,0.99,same_club
4515,Facundo Ferreyra,ESP,2019-20,Espanyol,F S,16,546,1,1,0,7,4,1.061,1.061,0.26,1.47,0.302,2,0,93795,Facundo Ferreyra,1991-03-14,28.47,183.0,right,Attack,Centre-Forward,Argentina,Argentina,16,567,1,0,714,RCD Espanyol Barcelona,1377,4000000.0,3200000.0,0.989,1.0,0.963,same_club
5044,Víctor Laguardia,ESP,2019-20,Alaves,D,31,2664,1,1,2,10,9,1.248,1.248,0.876,2.637,2.281,9,1,67080,Víctor Laguardia,1989-11-05,29.82,183.0,right,Defender,Centre-Back,Spain,Spain,31,2655,1,2,1108,Deportivo Alavés,2706,10000000.0,7000000.0,0.999,1.0,0.997,same_club
5047,Rubén Sobrino,ESP,2019-20,Valencia,F S,13,142,1,1,0,6,3,0.37,0.37,0.192,0.417,0.159,0,0,85383,Rubén Sobrino,1992-06-01,27.25,185.0,right,Attack,Centre-Forward,Spain,Spain,13,162,1,0,1049,Valencia CF,197,3000000.0,2400000.0,0.963,1.0,0.877,same_club
5058,Carles Aleñá,ESP,2019-20,"Barcelona,Real Betis",M S,21,891,1,1,0,13,4,1.338,1.338,0.073,2.945,2.159,2,0,284854,Carles Aleñá,1998-01-05,21.65,180.0,left,Midfield,Central Midfield,Spain,Spain,21,900,1,0,"131,150","FC Barcelona,Real Betis Balompié",1200,30000000.0,18000000.0,0.997,1.0,0.99,same_club
5095,Sergio León,ESP,2019-20,Levante,F S,22,652,1,1,0,22,2,2.805,2.805,0.036,3.767,0.963,2,0,145769,Sergio León,1989-01-06,30.65,176.0,right,Attack,Centre-Forward,Spain,Spain,22,661,1,0,3368,Levante UD,889,3000000.0,2400000.0,0.996,1.0,0.986,same_club
5110,Mariano,ESP,2019-20,Real Madrid,S,5,36,1,1,0,6,1,0.415,0.415,0.021,0.346,0.0,1,0,225020,Mariano Díaz,1993-08-01,26.08,180.0,right,Attack,Centre-Forward,Dominican Republic,Spain,5,42,1,0,418,Real Madrid,86,20000000.0,13000000.0,0.95,0.95,0.933,same_club
5117,Víctor Díaz,ESP,2019-20,Granada,D S,36,2893,1,1,5,16,29,0.797,0.797,4.779,7.776,4.842,4,0,58330,Víctor Díaz,1988-06-12,31.22,183.0,right,Defender,Right-Back,Spain,Spain,36,2885,1,6,16795,Granada CF,3124,1200000.0,1200000.0,0.999,1.0,0.997,same_club
5126,José Ángel,ESP,2019-20,Eibar,D S,28,2362,1,1,1,24,25,0.774,0.774,3.155,5.401,3.864,4,0,87469,Cote,1989-09-05,29.99,182.0,left,Defender,Left-Back,Spain,Spain,28,2361,1,1,1533,SD Eibar,2361,5000000.0,4000000.0,,,,manual
5129,Kenan Kodro,ESP,2019-20,Athletic Club,F M S,12,346,1,1,0,4,1,0.609,0.609,0.013,1.604,1.031,0,0,197126,Kenan Kodro,1993-08-19,26.03,188.0,right,Attack,Centre-Forward,Bosnia-Herzegovina,Spain,12,360,1,0,621,Athletic Bilbao,368,1000000.0,800000.0,0.988,1.0,0.961,same_club
5136,Estupiñán,ESP,2019-20,Osasuna,D S,36,2965,1,1,5,19,45,1.311,1.311,3.609,8.665,5.845,9,0,349599,Pervis Estupiñán,1998-01-21,21.61,175.0,left,Defender,Left-Back,Ecuador,Ecuador,36,2978,1,6,331,CA Osasuna,3278,2000000.0,6700000.0,0.999,1.0,0.996,same_club
5138,Alejandro Pozo,ESP,2019-20,"Mallorca,Sevilla",D S,22,1535,1,1,2,7,17,0.277,0.277,1.386,3.654,2.42,0,0,341272,Álex Pozo,1999-02-22,20.52,172.0,right,Attack,Right Winger,Spain,Spain,22,1532,1,2,"237,368","RCD Mallorca,Sevilla FC",2252,2500000.0,4500000.0,0.969,0.95,0.998,same_club
5141,Unai García,ESP,2019-20,Osasuna,D S,8,534,1,1,0,2,1,0.142,0.142,0.062,0.458,0.458,0,0,197122,Unai García,1992-02-03,27.58,186.0,right,Defender,Centre-Back,Spain,Spain,8,536,1,0,331,CA Osasuna,926,2000000.0,800000.0,0.999,1.0,0.996,same_club
5153,Kévin Rodrigues,ESP,2019-20,"Leganes,Real Sociedad",D M S,27,1937,1,1,2,24,33,1.101,1.101,3.003,4.205,1.227,4,1,206947,Kévin Rodrigues,1994-03-05,25.49,170.0,left,Defender,Left-Back,Portugal,France,27,1939,1,2,"681,1244","Real Sociedad,CD Leganés",1972,3000000.0,2400000.0,1.0,1.0,0.999,same_club
5159,Marc Cardona,ESP,2019-20,Osasuna,F S,19,701,1,1,2,12,10,1.877,1.877,1.069,3.108,0.24,1,0,443222,Marc Cardona,1995-07-08,24.15,182.0,right,Attack,Centre-Forward,Spain,Spain,19,704,1,2,331,CA Osasuna,957,1500000.0,1200000.0,0.999,1.0,0.996,same_club
5198,Martín Aguirregabiria,ESP,2019-20,Alaves,D M S,31,2090,1,1,1,3,10,0.697,0.697,0.697,2.86,1.698,5,1,483573,Martín Aguirregabiria,1996-05-10,23.31,178.0,right,Defender,Right-Back,Spain,Spain,31,2098,1,1,1108,Deportivo Alavés,2188,7500000.0,4800000.0,0.999,1.0,0.996,same_club
5256,Oliver Burke,ESP,2019-20,Alaves,F M S,31,1398,1,1,1,21,6,2.643,2.643,1.309,4.287,1.303,2,0,341317,Oliver Burke,1997-04-07,22.4,188.0,right,Attack,Centre-Forward,Scotland,Scotland,31,1421,1,2,1108,Deportivo Alavés,1439,10000000.0,4800000.0,0.995,1.0,0.984,same_club
6117,Pere Pons,ESP,2019-20,Alaves,M S,30,1031,1,1,1,4,6,0.258,0.258,0.896,1.392,0.284,3,0,242497,Pere Pons,1993-02-20,26.53,177.0,right,Midfield,Defensive Midfield,Spain,Spain,30,1069,1,2,1108,Deportivo Alavés,1159,4000000.0,3200000.0,0.989,1.0,0.964,same_club
6150,Iñigo Córdoba,ESP,2019-20,Athletic Club,M S,24,1480,1,1,4,28,12,2.316,2.316,1.653,5.713,2.895,4,0,251848,Iñigo Córdoba,1997-03-13,22.47,178.0,left,Attack,Left Winger,Spain,Spain,24,1450,1,4,621,Athletic Bilbao,1527,4000000.0,3200000.0,0.994,1.0,0.98,same_club
6163,Nélson Semedo,ESP,2019-20,Barcelona,D S,32,2097,1,1,2,8,12,0.675,0.675,2.263,9.916,8.582,2,0,231572,Nélson Semedo,1993-11-16,25.79,179.0,right,Defender,Right-Back,Portugal,Portugal,32,2094,1,4,131,FC Barcelona,2994,40000000.0,32000000.0,1.0,1.0,0.999,same_club
6215,Sergio Postigo,ESP,2019-20,Levante,D S,28,2378,1,1,1,6,10,1.137,1.137,0.846,4.893,4.138,6,0,158791,Sergio Postigo,1988-11-04,30.82,185.0,right,Defender,Centre-Back,Spain,Spain,28,2376,1,1,3368,Levante UD,2376,2500000.0,1600000.0,1.0,1.0,0.999,same_club
6225,Paulo Oliveira,ESP,2019-20,Eibar,D S,26,2086,1,1,0,12,2,1.361,1.361,0.3,1.817,1.547,5,1,139336,Paulo Oliveira,1992-01-08,27.65,187.0,right,Defender,Centre-Back,Portugal,Portugal,26,2090,1,0,1533,SD Eibar,2270,6000000.0,4800000.0,0.999,1.0,0.998,same_club
6233,Ferland Mendy,ESP,2019-20,Real Madrid,D S,25,1803,1,1,2,7,20,0.641,0.641,2.393,8.637,6.481,6,1,291417,Ferland Mendy,1995-06-08,24.23,180.0,left,Defender,Left-Back,France,France,25,1806,1,4,418,Real Madrid,2405,30000000.0,32000000.0,1.0,1.0,0.998,same_club
6433,Jules Koundé,ESP,2019-20,Sevilla,D S,29,2303,1,1,1,23,4,1.944,1.944,0.369,6.395,5.913,6,0,411975,Jules Koundé,1998-11-12,20.8,181.0,right,Defender,Right-Back,France,France,29,2307,1,1,368,Sevilla FC,3252,15000000.0,22500000.0,0.999,1.0,0.998,same_club
6485,Júnior Firpo,ESP,2019-20,Barcelona,D S,17,1016,1,1,1,4,10,0.61,0.61,0.493,4.387,3.643,5,0,374139,Junior Firpo,1996-08-22,23.03,184.0,left,Defender,Left-Back,Dominican Republic,Dominican Republic,17,1010,1,2,131,FC Barcelona,1397,25000000.0,20000000.0,0.998,1.0,0.994,same_club
6538,Oghenekaro Etebo,ESP,2019-20,Getafe,M S,10,578,1,1,0,9,3,0.8,0.8,0.52,2.36,1.111,4,0,409106,Peter Etebo,1995-11-09,23.81,174.0,right,Midfield,Defensive Midfield,Nigeria,Nigeria,10,574,1,0,3709,Getafe CF,595,5000000.0,4000000.0,0.968,0.95,0.993,same_club
6567,Jonathan Silva,ESP,2019-20,Leganes,D M S,33,2797,1,1,2,19,30,1.554,1.554,2.465,5.424,3.41,14,1,189453,Jonathan Silva,1994-06-29,25.17,178.0,left,Defender,Left-Back,Argentina,Argentina,33,2788,1,2,1244,CD Leganés,3025,3000000.0,3200000.0,0.999,1.0,0.997,same_club
6637,Hugo Duro,ESP,2019-20,Getafe,F S,12,364,1,1,1,5,3,0.601,0.601,0.195,0.24,0.034,3,0,573775,Hugo Duro,1999-11-10,19.81,177.0,left,Attack,Centre-Forward,Spain,Spain,12,374,1,2,3709,Getafe CF,535,2000000.0,1800000.0,0.992,1.0,0.973,same_club
6923,Mohammed Salisu,ESP,2019-20,Real Valladolid,D S,31,2731,1,1,1,7,2,1.196,1.196,0.157,2.222,2.185,4,0,563963,Mohammed Salisu,1999-04-17,20.38,188.0,left,Defender,Centre-Back,Ghana,Ghana,31,2726,1,1,366,Real Valladolid CF,2846,250000.0,11000000.0,0.999,1.0,0.998,same_club
6930,Néstor Araújo,ESP,2019-20,Celta Vigo,D S,34,2898,1,1,2,13,4,0.773,0.773,1.157,3.609,3.17,10,0,64134,Néstor Araújo,1991-08-29,28.01,188.0,right,Defender,Centre-Back,Mexico,Mexico,34,2891,1,2,940,Celta de Vigo,3092,8000000.0,5500000.0,0.999,1.0,0.998,same_club
6931,Fran Beltrán,ESP,2019-20,Celta Vigo,M S,28,1850,1,1,0,14,12,1.394,1.394,0.652,5.097,3.392,2,1,423444,Fran Beltrán,1999-02-03,20.57,165.0,right,Midfield,Central Midfield,Spain,Spain,28,1831,1,0,940,Celta de Vigo,2011,18000000.0,13500000.0,0.997,1.0,0.99,same_club
7119,Kenneth Omeruo,ESP,2019-20,Leganes,D S,23,1882,1,1,0,4,5,0.245,0.245,0.22,1.885,1.871,5,0,131708,Kenneth Omeruo,1993-10-17,25.87,185.0,right,Defender,Centre-Back,Nigeria,Nigeria,23,1878,1,0,1244,CD Leganés,1878,5000000.0,2400000.0,0.999,1.0,0.998,same_club
7134,Marc Cucurella,ESP,2019-20,Getafe,D M,37,3279,1,1,5,30,52,2.185,2.185,4.697,12.069,7.761,9,0,284857,Marc Cucurella,1998-07-22,21.11,173.0,left,Defender,Left-Back,Spain,Spain,37,3250,1,6,3709,Getafe CF,3749,10000000.0,18000000.0,0.997,1.0,0.991,same_club
7174,Adrià Pedrosa,ESP,2019-20,Espanyol,D M S,20,1069,1,1,0,12,5,1.373,1.373,0.208,3.311,1.861,3,0,501418,Adrià Pedrosa,1998-05-13,21.3,172.0,left,Defender,Left-Back,Spain,Spain,20,1082,1,0,714,RCD Espanyol Barcelona,1900,10000000.0,9000000.0,0.996,1.0,0.988,same_club
7217,Javier Avilés,ESP,2019-20,Leganes,F S,9,157,1,1,1,5,5,0.45,0.45,0.618,0.902,0.02,1,0,456938,Javier Avilés,1997-08-17,22.04,181.0,right,Attack,Right Winger,Spain,Spain,9,178,1,1,1244,CD Leganés,196,100000.0,100000.0,0.965,1.0,0.882,same_club
7276,Robin Le Normand,ESP,2019-20,Real Sociedad,D S,31,2382,1,1,0,13,5,1.378,1.378,0.22,5.343,5.251,6,0,351809,Robin Le Normand,1996-11-11,22.8,187.0,right,Defender,Centre-Back,Spain,France,31,2389,1,0,681,Real Sociedad,3109,4000000.0,12000000.0,0.999,1.0,0.997,same_club
7308,Ander Barrenetxea,ESP,2019-20,Real Sociedad,M S,17,414,1,1,0,15,9,1.024,1.024,0.562,1.645,0.496,1,0,616369,Ander Barrenetxea,2001-12-27,17.68,175.0,right,Attack,Left Winger,Spain,Spain,17,433,0,0,681,Real Sociedad,815,10000000.0,9000000.0,0.954,1.0,0.956,same_club
7338,Bryan Gil Salvatierra,ESP,2019-20,"Leganes,Sevilla",F M S,14,602,1,1,0,14,12,1.048,1.048,0.657,2.618,1.192,4,0,537382,Bryan Gil,2001-02-11,18.55,175.0,left,Attack,Left Winger,Spain,Spain,14,616,1,0,"368,1244","Sevilla FC,CD Leganés",810,10000000.0,9000000.0,0.963,0.95,0.977,same_club
7514,Lucas Olaza,ESP,2019-20,Celta Vigo,D,35,3148,1,1,3,18,36,0.801,0.801,4.1,8.236,5.542,5,0,216240,Lucas Olaza,1994-07-21,25.11,173.0,left,Defender,Left-Back,Uruguay,Uruguay,35,3145,1,5,940,Celta de Vigo,3250,3500000.0,3200000.0,1.0,1.0,0.999,same_club
7609,Carles Pérez,ESP,2019-20,Barcelona,F S,10,480,1,1,2,14,7,1.246,1.246,0.394,4.344,2.908,0,0,282810,Carles Pérez,1998-02-16,21.54,173.0,left,Attack,Right Winger,Spain,Spain,10,473,1,3,131,FC Barcelona,1386,1500000.0,9000000.0,0.996,1.0,0.985,same_club
7609,Carles Pérez,ESP,2019-20,Barcelona,F S,10,480,1,1,2,14,7,1.246,1.246,0.394,4.344,2.908,0,0,282810,Carles Pérez,1998-02-16,21.54,173.0,left,Attack,Right Winger,Spain,Spain,10,473,1,3,131,FC Barcelona,1386,1500000.0,9000000.0,0.995,1.0,0.982,same_club
7779,Oihan Sancet,ESP,2019-20,Athletic Club,M S,17,740,1,1,1,10,10,1.069,1.069,0.717,3.382,1.723,1,0,571020,Oihan Sancet,2000-04-25,19.35,188.0,right,Midfield,Attacking Midfield,Spain,Spain,17,742,1,1,621,Athletic Bilbao,766,1000000.0,2300000.0,0.999,1.0,0.997,same_club
7824,Gabriel Fernández,ESP,2019-20,Celta Vigo,F S,20,541,1,1,1,7,2,0.936,0.936,0.403,1.474,0.199,3,1,259930,Gabriel Fernández,1994-05-13,25.3,185.0,right,Attack,Centre-Forward,Uruguay,Uruguay,20,555,1,1,940,Celta de Vigo,765,3000000.0,2400000.0,0.992,1.0,0.975,same_club
7825,Iker Losada,ESP,2019-20,Celta Vigo,S,2,10,1,1,0,1,0,0.237,0.237,0.0,0.237,0.0,0,0,632741,Iker Losada,2001-08-01,18.08,175.0,right,Attack,Second Striker,Spain,Spain,2,11,1,0,940,Celta de Vigo,38,,300000.0,0.997,1.0,0.989,same_club
7839,Lumor Agbenyenu,ESP,2019-20,Mallorca,D S,23,1815,1,1,0,14,17,0.265,0.265,1.633,4.353,3.163,3,1,344393,Lumor Agbenyenu,1996-08-15,23.04,175.0,left,Defender,Left-Back,Ghana,Ghana,23,1809,1,0,237,RCD Mallorca,1899,1400000.0,1200000.0,0.999,1.0,0.997,same_club
7857,Jon Moncayola,ESP,2019-20,Osasuna,D M S,27,1484,1,1,0,13,11,0.689,0.689,0.546,4.028,2.994,4,0,552425,Jon Moncayola,1998-05-13,21.3,182.0,right,Midfield,Central Midfield,Spain,Spain,27,1491,1,0,331,CA Osasuna,1873,50000.0,2700000.0,0.999,1.0,0.995,same_club
7858,Juan Villar,ESP,2019-20,Osasuna,F S,10,227,1,0,0,5,3,1.118,0.375,0.177,2.025,1.51,1,0,85500,Juan Villar,1988-05-19,31.29,182.0,right,Attack,Right Winger,Spain,Spain,10,234,1,0,331,CA Osasuna,446,900000.0,650000.0,0.991,1.0,0.97,same_club
7871,Borja Sainz,ESP,2019-20,Alaves,M S,19,540,1,1,0,10,6,1.377,1.377,0.272,1.42,0.229,1,0,634461,Borja Sainz,2001-02-21,18.52,174.0,right,Attack,Left Winger,Spain,Spain,19,562,1,0,1108,Deportivo Alavés,634,,300000.0,0.988,1.0,0.961,same_club
7891,Renan Lodi,ESP,2019-20,Atletico Madrid,D S,32,2396,1,1,2,18,21,1.574,1.574,1.954,7.63,5.453,4,1,476352,Renan Lodi,1998-04-08,21.4,173.0,left,Defender,Left-Back,Brazil,Brazil,32,2399,1,2,13,Atlético de Madrid,3317,4000000.0,31500000.0,1.0,1.0,0.999,same_club
7921,Felipe,ESP,2019-20,Atletico Madrid,D S,25,2094,1,1,0,19,4,1.804,1.804,0.115,2.498,2.444,7,0,156501,Felipe,1989-05-16,30.29,190.0,right,Defender,Centre-Back,Brazil,Brazil,25,2100,1,0,13,Atlético de Madrid,3091,20000000.0,25500000.0,0.999,1.0,0.997,same_club
8029,Lisandro Magallán,ESP,2019-20,Alaves,D S,16,1196,1,1,1,6,4,1.018,1.018,0.387,0.864,0.784,4,0,66736,Lisandro Magallán,1993-09-27,25.93,185.0,right,Defender,Centre-Back,Argentina,Argentina,17,1197,1,1,1108,Deportivo Alavés,1293,6000000.0,4800000.0,1.0,1.0,0.999,same_club
8135,Esteban Burgos,ESP,2019-20,Eibar,D S,15,1112,1,1,0,3,2,0.667,0.667,0.101,0.285,0.21,3,0,337922,Esteban Burgos,1992-01-09,27.64,191.0,right,Defender,Centre-Back,Argentina,Argentina,15,1115,1,0,1533,SD Eibar,1205,1000000.0,725000.0,0.999,1.0,0.997,same_club
8267,Guido Rodríguez,ESP,2019-20,Real Betis,M S,14,947,1,1,0,12,3,0.827,0.827,0.072,2.577,2.247,5,0,342385,Guido Rodríguez,1994-04-12,25.39,185.0,right,Midfield,Defensive Midfield,Argentina,Argentina,14,936,1,0,150,Real Betis Balompié,1010,10000000.0,8000000.0,0.997,1.0,0.988,same_club
8271,Fernando Niño,ESP,2019-20,Villarreal,F S,5,79,1,1,0,1,0,0.078,0.078,0.0,0.244,0.166,1,0,627294,Fer Niño,2000-10-24,18.85,191.0,right,Attack,Centre-Forward,,,5,80,1,0,1050,Villarreal CF,126,,900000.0,0.967,0.95,0.989,same_club
8353,Antoñin,ESP,2019-20,Granada,F M S,8,168,1,1,0,3,2,0.873,0.873,0.096,0.983,0.094,2,0,610336,Antoñín,2000-04-16,19.38,182.0,right,Attack,Centre-Forward,Spain,Spain,8,176,1,0,16795,Granada CF,181,100000.0,1300000.0,0.986,1.0,0.955,same_club
8500,Víctor García,ESP,2019-20,Real Valladolid,M S,2,89,1,1,0,2,3,0.14,0.14,0.111,0.336,0.128,0,0,590690,Víctor García,1997-09-16,21.96,180.0,right,Attack,Right Winger,Spain,Spain,2,88,1,0,366,Real Valladolid CF,88,250000.0,250000.0,0.997,1.0,0.989,same_club
324,Adrián Ramos,ESP,2019-20,Granada,F M S,7,208,0,0,0,6,2,0.291,0.291,0.637,0.342,0.025,0,0,73782,Adrián Ramos,1986-01-22,33.61,185.0,right,Attack,Centre-Forward,Colombia,Colombia,7,222,0,0,16795,Granada CF,312,1000000.0,800000.0,0.981,1.0,0.937,same_club
497,Francis Coquelin,ESP,2019-20,Valencia,M S,26,1909,0,0,0,9,6,0.368,0.368,0.141,7.698,7.41,6,1,74869,Francis Coquelin,1991-05-13,28.3,177.0,right,Midfield,Defensive Midfield,France,France,26,1909,0,1,1049,Valencia CF,2579,17500000.0,19000000.0,1.0,1.0,1.0,same_club
584,Joel Robles,ESP,2019-20,Real Betis,GK,33,2887,0,0,0,0,0,0.0,0.0,0.0,3.876,3.876,3,1,101118,Joel Robles,1990-06-17,29.21,194.0,right,Goalkeeper,Goalkeeper,Spain,Spain,33,2888,0,0,150,Real Betis Balompié,2978,5000000.0,6000000.0,1.0,1.0,1.0,same_club
597,Ramiro Funes Mori,ESP,2019-20,Villarreal,D S,7,452,0,0,0,3,2,0.077,0.077,0.069,1.328,1.297,1,0,11111,Ramiro Funes Mori,1991-03-05,28.49,187.0,left,Defender,Centre-Back,Argentina,Argentina,7,452,0,0,1050,Villarreal CF,932,8000000.0,4800000.0,1.0,1.0,1.0,same_club
608,Alberto Moreno,ESP,2019-20,Villarreal,D S,18,1477,0,0,0,9,12,0.764,0.764,0.863,7.954,6.497,6,0,207917,Alberto Moreno,1992-07-05,27.16,171.0,left,Defender,Left-Back,Spain,Spain,18,1474,0,0,1050,Villarreal CF,1594,9000000.0,6000000.0,0.999,1.0,0.998,same_club
616,Jesús Navas,ESP,2019-20,Sevilla,D S,38,3370,0,0,7,11,62,0.255,0.255,8.177,16.593,10.8,4,0,15956,Jesús Navas,1985-11-21,33.78,170.0,right,Midfield,Right Midfield,Spain,Spain,38,3371,0,7,368,Sevilla FC,4150,4000000.0,3200000.0,1.0,1.0,1.0,same_club
626,Eliaquim Mangala,ESP,2019-20,Valencia,D,8,678,0,0,0,1,0,0.077,0.077,0.0,0.43,0.43,1,1,90681,Eliaquim Mangala,1991-02-13,28.55,187.0,left,Defender,Centre-Back,France,France,8,674,0,0,1049,Valencia CF,855,10000000.0,6000000.0,0.998,1.0,0.994,same_club
652,Kieran Trippier,ESP,2019-20,Atletico Madrid,D M S,25,1984,0,0,4,3,40,0.165,0.165,4.839,8.589,7.212,2,0,95810,Kieran Trippier,1990-09-19,28.95,173.0,right,Defender,Right-Back,England,England,25,1980,0,4,13,Atlético de Madrid,2731,35000000.0,28000000.0,0.999,1.0,0.998,same_club
680,Thibaut Courtois,ESP,2019-20,Real Madrid,GK,34,3060,0,0,0,1,0,0.071,0.071,0.0,3.708,3.708,1,0,108390,Thibaut Courtois,1992-05-11,27.31,199.0,left,Goalkeeper,Goalkeeper,Belgium,Belgium,34,3060,0,0,418,Real Madrid,3855,55000000.0,48000000.0,1.0,1.0,1.0,same_club
684,Abdul Rahman Baba,ESP,2019-20,Mallorca,D,2,108,0,0,0,1,0,0.044,0.044,0.0,0.144,0.1,1,0,224884,Abdul Rahman Baba,1994-07-02,25.17,179.0,left,Defender,Left-Back,Ghana,Ghana,2,109,0,0,237,RCD Mallorca,199,5000000.0,2400000.0,0.997,1.0,0.991,same_club
723,Ki Sung-yueng,ESP,2019-20,Mallorca,S,1,8,0,0,0,0,0,0.0,0.0,0.0,0.0,0.0,0,0,81796,Sung-yueng Ki,1989-01-24,30.6,188.0,right,Midfield,Defensive Midfield,"Korea, South","Korea, South",1,8,0,0,237,RCD Mallorca,181,6000000.0,2400000.0,0.998,1.0,0.993,same_club
723,Ki Sung-yueng,ESP,2019-20,Mallorca,S,1,8,0,0,0,0,0,0.0,0.0,0.0,0.0,0.0,0,0,81796,Sung-yueng Ki,1989-01-24,30.6,188.0,right,Midfield,Defensive Midfield,"Korea, South","Korea, South",1,8,0,0,237,RCD Mallorca,181,6000000.0,2400000.0,1.0,1.0,1.0,same_club
1254,Alessandro Florenzi,ESP,2019-20,Valencia,D M S,12,759,0,0,0,8,5,0.593,0.593,0.902,1.808,0.758,1,1,130365,Alessandro Florenzi,1991-03-11,28.48,173.0,right,Defender,Right-Back,Italy,Italy,12,754,0,0,1049,Valencia CF,2014,25000000.0,16000000.0,0.998,1.0,0.993,same_club
1254,Alessandro Florenzi,ESP,2019-20,Valencia,D M S,12,759,0,0,0,8,5,0.593,0.593,0.902,1.808,0.758,1,1,130365,Alessandro Florenzi,1991-03-11,28.48,173.0,right,Defender,Right-Back,Italy,Italy,12,754,0,0,1049,Valencia CF,2014,25000000.0,16000000.0,0.996,1.0,0.986,same_club
1297,Neto,ESP,2019-20,Barcelona,GK,2,180,0,0,0,0,0,0.0,0.0,0.0,0.78,0.78,0,0,111819,Neto,1989-07-19,30.12,190.0,right,Goalkeeper,Goalkeeper,Brazil,Brazil,2,180,0,0,131,FC Barcelona,450,18000000.0,14500000.0,1.0,1.0,1.0,same_club
1320,Federico Barba,ESP,2019-20,Real Valladolid,D,5,450,0,0,0,1,1,0.045,0.045,0.04,0.115,0.074,3,0,165873,Federico Barba,1993-09-01,26.0,187.0,left,Defender,Centre-Back,Italy,Italy,5,450,0,1,366,Real Valladolid CF,450,2000000.0,1200000.0,1.0,1.0,1.0,same_club
1436,Sebastián Cristóforo,ESP,2019-20,Eibar,M S,18,872,0,0,0,7,9,0.272,0.272,0.41,0.83,0.416,1,0,188157,Sebastián Cristóforo,1993-08-23,26.02,175.0,right,Midfield,Central Midfield,Uruguay,Uruguay,18,874,0,0,1533,SD Eibar,1054,1800000.0,1200000.0,0.999,1.0,0.998,same_club
1436,Sebastián Cristóforo,ESP,2019-20,Eibar,M S,18,872,0,0,0,7,9,0.272,0.272,0.41,0.83,0.416,1,0,188157,Sebastián Cristóforo,1993-08-23,26.02,175.0,right,Midfield,Central Midfield,Uruguay,Uruguay,18,874,0,0,1533,SD Eibar,1054,1800000.0,1200000.0,1.0,1.0,1.0,same_club
1618,Diego López,ESP,2019-20,Espanyol,GK,36,3233,0,0,0,0,1,0.0,0.0,0.028,1.751,1.722,3,1,34370,Diego López,1981-11-03,37.83,196.0,right,Goalkeeper,Goalkeeper,Spain,Spain,36,3233,0,0,714,RCD Espanyol Barcelona,4223,1000000.0,800000.0,1.0,1.0,1.0,same_club
1706,Antonio Barragán,ESP,2019-20,Real Betis,D S,12,639,0,0,1,2,8,0.133,0.133,0.426,4.223,3.986,3,0,32522,Antonio Barragán,1987-06-12,32.22,186.0,right,Defender,Right-Back,Spain,Spain,12,639,0,1,150,Real Betis Balompié,819,2000000.0,1600000.0,1.0,1.0,1.0,same_club
1837,Aleksandar Trajkovski,ESP,2019-20,Mallorca,M S,14,295,0,0,0,10,14,0.393,0.393,0.841,0.837,0.379,0,0,142920,Aleksandar Trajkovski,1992-09-05,26.99,179.0,right,Attack,Left Winger,North Macedonia,Macedonia,14,318,0,1,237,RCD Mallorca,489,2000000.0,1200000.0,0.978,1.0,0.928,same_club
1951,Sime Vrsaljko,ESP,2019-20,Atletico Madrid,D S,5,364,0,0,1,0,3,0.0,0.0,0.745,0.776,0.137,3,0,76061,Sime Vrsaljko,1992-01-10,27.64,181.0,right,Defender,Right-Back,Croatia,Croatia,5,363,0,1,13,Atlético de Madrid,482,20000000.0,12000000.0,0.999,1.0,0.997,same_club
2069,Daniel Carriço,ESP,2019-20,Sevilla,D S,11,849,0,0,0,6,1,1.1,1.1,0.049,1.744,1.657,3,0,37712,Daniel Carriço,1988-08-04,31.07,183.0,right,Defender,Centre-Back,Portugal,Portugal,11,848,0,0,368,Sevilla FC,938,3000000.0,2000000.0,1.0,1.0,0.999,same_club
2075,Andrés Fernández,ESP,2019-20,Villarreal,GK,4,360,0,0,1,0,1,0.0,0.0,0.212,0.912,0.699,1,0,57522,Andrés Fernández,1986-12-16,32.71,185.0,right,Goalkeeper,Goalkeeper,Spain,Spain,4,360,0,1,1050,Villarreal CF,840,1500000.0,800000.0,1.0,1.0,1.0,same_club
2090,Marc-André ter Stegen,ESP,2019-20,Barcelona,GK,36,3240,0,0,2,0,2,0.0,0.0,0.586,8.562,7.977,1,0,74857,Marc-André ter Stegen,1992-04-30,27.34,187.0,right,Goalkeeper,Goalkeeper,Germany,Germany,36,3240,0,2,131,FC Barcelona,4140,90000000.0,72000000.0,1.0,1.0,1.0,same_club
2105,Jordi Masip,ESP,2019-20,Real Valladolid,GK,35,3150,0,0,0,0,1,0.0,0.0,0.021,2.156,2.135,2,0,65263,Jordi Masip,1989-01-03,30.66,180.0,right,Goalkeeper,Goalkeeper,Spain,Spain,35,3150,0,0,366,Real Valladolid CF,3188,6000000.0,4800000.0,1.0,1.0,1.0,same_club
2108,Javi López,ESP,2019-20,Espanyol,D S,17,1395,0,0,0,3,10,0.073,0.073,0.898,3.585,3.454,3,1,72310,Javi López,1986-01-21,33.61,180.0,right,Defender,Right-Back,Spain,Spain,17,1388,0,0,714,RCD Espanyol Barcelona,2376,1000000.0,800000.0,0.998,1.0,0.995,same_club
2110,Rubén Duarte,ESP,2019-20,Alaves,D S,31,2664,0,0,1,19,13,1.066,1.066,1.164,3.903,3.176,11,0,177046,Rubén Duarte,1995-10-18,23.87,182.0,left,Defender,Centre-Back,Spain,Spain,31,2664,0,2,1108,Deportivo Alavés,2664,5000000.0,4800000.0,1.0,1.0,1.0,same_club
2113,Víctor Sánchez,ESP,2019-20,Espanyol,D M S,25,1693,0,0,1,10,23,0.337,0.337,0.986,3.84,3.392,8,1,63290,Víctor Sánchez,1987-09-08,31.98,174.0,right,Midfield,Central Midfield,Spain,Spain,25,1691,0,1,714,RCD Espanyol Barcelona,2242,3000000.0,2400000.0,1.0,1.0,0.999,same_club
2119,Rober Correa,ESP,2019-20,Eibar,D S,12,935,0,0,0,5,5,0.157,0.157,0.388,0.938,0.423,3,0,223890,Rober Correa,1992-09-20,26.95,180.0,right,Defender,Right-Back,Spain,Spain,12,932,0,0,1533,SD Eibar,1161,800000.0,475000.0,0.999,1.0,0.997,same_club
2123,Lluis López,ESP,2019-20,Espanyol,D S,4,299,0,0,0,2,0,0.172,0.172,0.0,0.35,0.35,1,0,262391,Lluís López,1997-03-05,22.49,182.0,right,Defender,Centre-Back,Spain,Spain,4,299,0,0,714,RCD Espanyol Barcelona,1289,300000.0,1200000.0,1.0,1.0,1.0,same_club
2128,David Juncà,ESP,2019-20,Celta Vigo,D,3,263,0,0,0,0,0,0.0,0.0,0.0,0.679,0.679,1,0,164055,David Juncà,1993-11-16,25.79,178.0,left,Defender,Left-Back,Spain,Spain,3,259,0,0,940,Celta de Vigo,259,1500000.0,1200000.0,0.995,1.0,0.985,same_club
2130,Dani García,ESP,2019-20,Athletic Club,M S,36,3021,0,0,1,14,14,0.771,0.771,1.188,4.974,4.637,11,0,178425,Dani García,1990-05-24,29.27,180.0,right,Midfield,Defensive Midfield,Spain,Spain,36,3027,0,1,621,Athletic Bilbao,3487,4000000.0,4800000.0,0.999,1.0,0.998,same_club
2141,Antonio Adán,ESP,2019-20,Atletico Madrid,S,1,23,0,0,0,0,0,0.0,0.0,0.0,0.04,0.04,0,0,44062,Antonio Adán,1987-05-13,32.3,190.0,left,Goalkeeper,Goalkeeper,Spain,Spain,1,24,0,0,13,Atlético de Madrid,144,1500000.0,800000.0,0.997,1.0,0.989,same_club
2149,Francisco Portillo,ESP,2019-20,Getafe,M S,16,340,0,0,2,3,8,0.187,0.187,1.523,1.844,0.709,3,0,138803,Francisco Portillo,1990-06-13,29.22,169.0,right,Attack,Right Winger,Spain,Spain,16,364,0,2,3709,Getafe CF,834,4000000.0,2800000.0,0.98,1.0,0.934,same_club
2157,Yoel,ESP,2019-20,Eibar,GK,3,270,0,0,0,0,0,0.0,0.0,0.0,0.27,0.27,0,0,58115,Yoel Rodríguez,1988-08-28,31.01,184.0,right,Goalkeeper,Goalkeeper,Spain,Spain,3,270,0,0,1533,SD Eibar,540,1500000.0,1200000.0,0.97,0.95,1.0,same_club
2158,Quini,ESP,2019-20,Granada,D S,10,710,0,0,0,10,7,0.233,0.233,0.162,1.23,0.92,2,0,223053,Quini,1989-09-24,29.94,178.0,right,Defender,Right-Back,Spain,Spain,10,698,0,0,16795,Granada CF,698,700000.0,550000.0,0.995,1.0,0.983,same_club
2161,Nacho,ESP,2019-20,Real Valladolid,D M S,23,1892,0,0,2,9,25,0.222,0.222,2.859,4.275,2.654,2,0,127554,Nacho Martínez,1989-03-07,30.49,174.0,left,Defender,Left-Back,Spain,Spain,23,1894,0,2,366,Real Valladolid CF,1984,5000000.0,4000000.0,0.97,0.95,0.999,same_club
2185,Deyverson,ESP,2019-20,Getafe,F S,5,210,0,0,1,5,2,0.674,0.674,0.402,1.105,0.081,2,0,243541,Deyverson,1991-05-08,28.32,187.0,left,Attack,Centre-Forward,Brazil,Brazil,5,204,0,1,3709,Getafe CF,331,4000000.0,4000000.0,0.991,1.0,0.971,same_club
2187,Toño,ESP,2019-20,Levante,D S,20,1601,0,0,2,2,18,0.049,0.049,2.09,4.319,2.887,2,0,125931,Toño García,1989-11-07,29.82,180.0,left,Defender,Left-Back,Spain,Spain,20,1590,0,2,3368,Levante UD,1635,1000000.0,725000.0,0.968,0.95,0.993,same_club
2188,Rubén Martínez,ESP,2019-20,Osasuna,GK S,19,1580,0,0,0,0,0,0.0,0.0,0.0,2.309,2.309,0,0,8184,Rubén Martínez,1984-06-22,35.19,187.0,right,Goalkeeper,Goalkeeper,Spain,Spain,19,1583,0,0,331,CA Osasuna,1583,700000.0,550000.0,0.999,1.0,0.998,same_club
2208,Iván Cuéllar,ESP,2019-20,Leganes,GK,27,2430,0,0,0,0,0,0.0,0.0,0.0,1.681,1.681,2,1,27493,Iván Cuéllar,1984-05-27,35.26,187.0,left,Goalkeeper,Goalkeeper,Spain,Spain,27,2430,0,0,1244,CD Leganés,2520,800000.0,650000.0,1.0,1.0,1.0,same_club
2212,Sergio Álvarez,ESP,2019-20,Eibar,D M S,18,1153,0,0,0,4,5,0.185,0.185,0.106,1.447,1.331,6,0,138935,Sergio Álvarez,1992-01-23,27.61,183.0,right,Midfield,Central Midfield,Spain,Spain,18,1149,0,0,1533,SD Eibar,1329,2500000.0,1600000.0,0.999,1.0,0.997,same_club
2226,Zaldúa,ESP,2019-20,Real Sociedad,D S,30,2570,0,0,2,8,17,0.255,0.255,1.42,7.714,6.348,6,1,197135,Joseba Zaldua,1992-06-24,27.19,174.0,right,Defender,Right-Back,Spain,Spain,30,2552,0,2,681,Real Sociedad,2822,10000000.0,12000000.0,0.998,1.0,0.993,same_club
2228,Aritz Elustondo,ESP,2019-20,Real Sociedad,D S,22,1500,0,0,1,9,4,0.875,0.875,1.19,3.648,3.496,5,0,229804,Aritz Elustondo,1994-03-28,25.43,180.0,right,Defender,Centre-Back,Spain,Spain,22,1503,0,1,681,Real Sociedad,1764,10000000.0,8000000.0,0.999,1.0,0.998,same_club
2230,David Zurutuza,ESP,2019-20,Real Sociedad,M S,5,155,0,0,0,0,0,0.0,0.0,0.0,0.0,0.0,0,0,59375,David Zurutuza,1986-07-19,33.12,186.0,right,Midfield,Central Midfield,Spain,France,5,155,0,0,681,Real Sociedad,155,2500000.0,1600000.0,1.0,1.0,1.0,same_club
2231,Markel Bergara,ESP,2019-20,Getafe,S,2,70,0,0,0,1,0,0.13,0.13,0.0,0.228,0.098,2,0,51426,Markel Bergara,1986-05-05,33.33,181.0,right,Midfield,Defensive Midfield,Spain,Spain,2,70,0,0,3709,Getafe CF,70,800000.0,500000.0,1.0,1.0,1.0,same_club
2232,Asier Illarramendi,ESP,2019-20,Real Sociedad,M,3,216,0,0,0,1,1,0.015,0.015,0.077,0.626,0.534,0,0,59344,Asier Illarramendi,1990-03-08,29.48,179.0,right,Midfield,Defensive Midfield,Spain,Spain,3,217,0,0,681,Real Sociedad,217,25000000.0,14500000.0,0.999,1.0,0.995,same_club
2241,Oier,ESP,2019-20,Espanyol,GK,2,180,0,0,0,0,0,0.0,0.0,0.0,0.256,0.256,0,0,8176,Oier Olazábal,1989-09-14,29.96,189.0,left,Goalkeeper,Goalkeeper,Spain,Spain,2,180,0,0,714,RCD Espanyol Barcelona,292,2500000.0,1600000.0,0.97,0.95,1.0,same_club
2261,Jan Oblak,ESP,2019-20,Atletico Madrid,GK,38,3397,0,0,0,0,0,0.0,0.0,0.0,3.375,3.375,0,0,121483,Jan Oblak,1993-01-07,26.65,188.0,right,Goalkeeper,Goalkeeper,Slovenia,Slovenia,38,3396,0,0,13,Atlético de Madrid,4446,100000000.0,80000000.0,1.0,1.0,1.0,same_club
2263,Stefan Savic,ESP,2019-20,Atletico Madrid,D,22,1980,0,0,0,3,2,0.111,0.111,0.047,4.697,4.651,6,0,107010,Stefan Savic,1991-01-08,28.65,187.0,right,Defender,Centre-Back,Montenegro,Jugoslawien (SFR),22,1980,0,0,13,Atlético de Madrid,2482,35000000.0,25500000.0,1.0,1.0,1.0,same_club
2277,Moyá,ESP,2019-20,Real Sociedad,GK,13,1170,0,0,0,0,0,0.0,0.0,0.0,3.042,3.042,0,0,26065,Miguel Ángel Moyá,1984-04-02,35.41,189.0,right,Goalkeeper,Goalkeeper,Spain,Spain,13,1170,0,0,681,Real Sociedad,1260,1500000.0,1200000.0,1.0,1.0,1.0,same_club
2278,Giménez,ESP,2019-20,Atletico Madrid,D S,21,1748,0,0,0,11,0,0.551,0.551,0.0,4.907,4.907,2,0,250845,José María Giménez,1995-01-20,24.61,186.0,right,Defender,Centre-Back,Uruguay,Uruguay,21,1753,0,0,13,Atlético de Madrid,2150,70000000.0,56000000.0,0.999,1.0,0.997,same_club
2279,Sergio Álvarez,ESP,2019-20,Celta Vigo,GK,2,180,0,0,0,0,0,0.0,0.0,0.0,0.228,0.228,1,0,45912,Sergio Álvarez,1986-08-03,33.08,179.0,right,Goalkeeper,Goalkeeper,Spain,Spain,2,180,0,0,940,Celta de Vigo,390,2000000.0,1200000.0,1.0,1.0,1.0,same_club
2281,Hugo Mallo,ESP,2019-20,Celta Vigo,D S,27,1958,0,0,1,6,11,0.439,0.439,0.55,3.742,3.036,6,0,119905,Hugo Mallo,1991-06-22,28.19,173.0,right,Defender,Right-Back,Spain,Spain,27,1963,0,1,940,Celta de Vigo,2118,15000000.0,7000000.0,0.999,1.0,0.997,same_club
2282,Sergi Gómez,ESP,2019-20,Sevilla,D S,13,707,0,0,0,3,1,0.177,0.177,0.02,1.91,1.868,4,0,92947,Sergi Gómez,1992-03-28,27.43,185.0,right,Defender,Centre-Back,Spain,Spain,13,713,0,0,368,Sevilla FC,1413,9000000.0,4000000.0,0.997,1.0,0.992,same_club
2287,John Guidetti,ESP,2019-20,Alaves,F S,5,86,0,0,0,2,1,0.132,0.132,0.031,0.137,0.069,0,0,98596,John Guidetti,1992-04-15,27.38,185.0,right,Attack,Centre-Forward,Sweden,Sweden,5,94,0,0,1108,Deportivo Alavés,151,3000000.0,1600000.0,0.974,1.0,0.915,same_club
2291,Pape Cheikh,ESP,2019-20,Celta Vigo,M S,16,582,0,0,1,2,5,0.04,0.04,0.369,1.496,1.4,4,1,336828,Pape Cheikh,1997-08-08,22.06,180.0,right,Midfield,Central Midfield,Senegal,Senegal,16,593,0,1,940,Celta de Vigo,834,7000000.0,5500000.0,0.994,1.0,0.981,same_club
2293,Rubén Blanco,ESP,2019-20,Celta Vigo,GK,33,2963,0,0,0,0,0,0.0,0.0,0.0,2.099,2.099,4,0,199321,Rubén Blanco,1995-07-25,24.1,188.0,right,Goalkeeper,Goalkeeper,Spain,Spain,33,2961,0,0,940,Celta de Vigo,3051,3000000.0,8000000.0,1.0,1.0,0.999,same_club
2294,Señé,ESP,2019-20,Mallorca,M S,6,139,0,0,0,1,3,0.122,0.122,0.062,0.464,0.33,0,0,161267,Josep Señé,1991-12-10,27.73,184.0,right,Midfield,Attacking Midfield,Spain,Spain,6,147,0,0,237,RCD Mallorca,255,250000.0,300000.0,0.984,1.0,0.946,same_club
2296,Mario,ESP,2019-20,Villarreal,D S,25,1962,0,0,2,15,19,1.101,1.101,1.303,5.531,3.812,2,0,73250,Mario Gaspar,1990-11-24,28.77,180.0,right,Defender,Right-Back,Spain,Spain,25,1961,0,2,1050,Villarreal CF,2216,10000000.0,6000000.0,0.97,0.95,0.999,same_club
2302,Bruno,ESP,2019-20,Villarreal,M S,7,240,0,0,0,1,0,0.379,0.379,0.0,2.19,1.811,1,0,44412,Bruno Soriano,1984-06-12,35.22,184.0,left,Midfield,Defensive Midfield,Spain,Spain,7,261,0,0,1050,Villarreal CF,261,800000.0,475000.0,0.946,0.95,0.92,same_club
2310,Alphonse Areola,ESP,2019-20,Real Madrid,GK,4,360,0,0,0,0,0,0.0,0.0,0.0,0.084,0.084,1,0,120629,Alphonse Areola,1993-02-27,26.51,195.0,right,Goalkeeper,Goalkeeper,France,France,4,360,0,0,418,Real Madrid,1125,17500000.0,13000000.0,1.0,1.0,1.0,same_club
2310,Alphonse Areola,ESP,2019-20,Real Madrid,GK,4,360,0,0,0,0,0,0.0,0.0,0.0,0.084,0.084,1,0,120629,Alphonse Areola,1993-02-27,26.51,195.0,right,Goalkeeper,Goalkeeper,France,France,4,360,0,0,418,Real Madrid,1125,17500000.0,13000000.0,1.0,1.0,1.0,same_club
2319,Faycal Fajr,ESP,2019-20,Getafe,M S,10,401,0,0,0,9,9,0.349,0.349,0.641,0.844,0.589,2,0,174344,Fayçal Fajr,1988-08-01,31.08,179.0,right,Midfield,Central Midfield,Morocco,France,10,402,0,0,3709,Getafe CF,931,4500000.0,3200000.0,0.999,1.0,0.998,same_club
2326,Rober,ESP,2019-20,Levante,D S,4,186,0,0,0,0,0,0.0,0.0,0.0,0.612,0.612,0,0,387129,Róber Pier,1995-02-16,24.54,182.0,right,Defender,Centre-Back,Spain,Spain,4,189,0,0,3368,Levante UD,189,2500000.0,1200000.0,0.965,0.95,0.984,same_club
2331,Roberto Rosales,ESP,2019-20,Leganes,D M S,25,1885,0,0,1,9,25,0.427,0.427,2.851,4.656,3.901,7,0,49500,Roberto Rosales,1988-11-20,30.78,174.0,right,Defender,Right-Back,Venezuela,Venezuela,25,1874,0,1,1244,CD Leganés,2174,2500000.0,1600000.0,0.998,1.0,0.994,same_club
2337,Recio,ESP,2019-20,Leganes,M S,25,1576,0,0,0,24,10,0.995,0.995,0.374,3.507,2.665,11,0,150948,Recio,1991-01-11,28.64,183.0,right,Midfield,Central Midfield,Spain,Spain,25,1572,0,0,1244,CD Leganés,1602,3000000.0,2400000.0,0.999,1.0,0.997,same_club
2346,Aarón,ESP,2019-20,Granada,GK,3,270,0,0,0,0,0,0.0,0.0,0.0,0.443,0.443,0,0,284430,Aarón Escandell,1995-09-27,23.93,186.0,right,Goalkeeper,Goalkeeper,Spain,Spain,3,270,0,0,16795,Granada CF,780,300000.0,300000.0,0.97,0.95,1.0,same_club
2362,Mubarak Wakaso,ESP,2019-20,Alaves,M S,16,1306,0,0,0,14,5,0.362,0.362,0.623,2.786,2.326,10,1,45639,Mubarak Wakaso,1990-07-25,29.1,171.0,left,Midfield,Central Midfield,Ghana,Ghana,16,1288,0,0,1108,Deportivo Alavés,1378,2500000.0,2000000.0,0.996,1.0,0.986,same_club
2382,Pablo Piatti,ESP,2019-20,Espanyol,S,3,47,0,0,0,3,0,0.122,0.122,0.0,0.122,0.0,0,0,56067,Pablo Piatti,1989-03-31,30.42,163.0,left,Attack,Left Winger,Argentina,Argentina,3,53,0,0,714,RCD Espanyol Barcelona,229,4000000.0,2400000.0,0.98,1.0,0.933,same_club
2390,Víctor Camarasa,ESP,2019-20,Alaves,M S,17,1306,0,0,1,9,14,0.278,0.278,2.24,4.189,3.46,1,0,263856,Víctor Camarasa,1994-05-28,25.26,183.0,right,Midfield,Central Midfield,Spain,Spain,17,1299,0,1,1108,Deportivo Alavés,1304,10000000.0,4000000.0,0.993,1.0,0.978,same_club
2390,Víctor Camarasa,ESP,2019-20,Alaves,M S,17,1306,0,0,1,9,14,0.278,0.278,2.24,4.189,3.46,1,0,263856,Víctor Camarasa,1994-05-28,25.26,183.0,right,Midfield,Central Midfield,Spain,Spain,17,1299,0,1,1108,Deportivo Alavés,1304,10000000.0,4000000.0,0.998,1.0,0.995,same_club
2394,Etxeita,ESP,2019-20,Getafe,D S,17,1447,0,0,0,6,2,0.3,0.3,0.032,0.361,0.329,7,0,71559,Xabi Etxeita,1987-10-31,31.84,186.0,right,Defender,Centre-Back,Spain,Spain,17,1447,0,0,3709,Getafe CF,1897,2000000.0,1400000.0,1.0,1.0,1.0,same_club
2395,San José,ESP,2019-20,Athletic Club,M S,9,350,0,0,0,5,1,0.516,0.516,0.024,1.019,0.932,2,0,52469,Mikel San José,1989-05-30,30.26,187.0,right,Midfield,Defensive Midfield,Spain,Spain,9,355,0,0,621,Athletic Bilbao,464,7500000.0,4800000.0,0.996,1.0,0.986,same_club
2396,Balenziaga,ESP,2019-20,Athletic Club,D S,9,568,0,0,0,3,0,0.067,0.067,0.0,1.044,0.992,1,0,85258,Mikel Balenziaga,1988-02-29,31.5,177.0,left,Defender,Left-Back,Spain,Spain,9,562,0,0,621,Athletic Bilbao,728,2000000.0,1600000.0,0.997,1.0,0.989,same_club
2397,Beñat,ESP,2019-20,Athletic Club,M S,11,381,0,0,0,5,10,0.12,0.12,0.68,0.644,0.502,0,0,40888,Beñat Etxebarria,1987-02-19,32.53,176.0,right,Midfield,Central Midfield,Spain,Spain,11,388,0,0,621,Athletic Bilbao,620,4000000.0,2400000.0,0.965,0.95,0.982,same_club
2398,Iturraspe,ESP,2019-20,Espanyol,M S,8,231,0,0,0,0,0,0.0,0.0,0.0,0.911,0.911,1,0,71571,Ander Iturraspe,1989-03-08,30.48,187.0,right,Midfield,Defensive Midfield,Spain,Spain,8,239,0,0,714,RCD Espanyol Barcelona,975,2500000.0,2000000.0,0.99,1.0,0.967,same_club
2403,Íñigo Lekue,ESP,2019-20,Athletic Club,D M S,14,606,0,0,1,3,8,0.142,0.142,0.712,1.903,1.163,0,0,255501,Iñigo Lekue,1993-05-04,26.33,180.0,right,Defender,Right-Back,Spain,Spain,14,617,0,1,621,Athletic Bilbao,935,2000000.0,1600000.0,0.995,1.0,0.982,same_club
2407,Iago Herrerín,ESP,2019-20,Athletic Club,GK S,5,425,0,0,0,0,0,0.0,0.0,0.0,0.035,0.035,0,0,71570,Iago Herrerín,1988-01-25,31.6,187.0,right,Goalkeeper,Goalkeeper,Spain,Spain,5,424,0,0,621,Athletic Bilbao,726,4000000.0,2800000.0,0.999,1.0,0.998,same_club
2409,Eraso,ESP,2019-20,Leganes,F M S,20,835,0,0,0,9,8,0.647,0.647,0.682,1.877,1.033,3,0,156814,Javi Eraso,1990-03-22,29.45,180.0,right,Midfield,Central Midfield,Spain,Spain,20,814,0,0,1244,CD Leganés,1140,1500000.0,1200000.0,0.992,1.0,0.975,same_club
2415,David Soria,ESP,2019-20,Getafe,GK,38,3420,0,0,0,0,0,0.0,0.0,0.0,2.097,2.097,2,0,226012,David Soria,1993-04-04,26.41,192.0,right,Goalkeeper,Goalkeeper,Spain,Spain,38,3420,0,0,3709,Getafe CF,3780,15000000.0,14500000.0,1.0,1.0,1.0,same_club
2417,Igor Zubeldia,ESP,2019-20,Real Sociedad,D M S,33,2639,0,0,1,14,5,0.404,0.404,0.403,5.971,5.777,9,0,355628,Igor Zubeldia,1997-03-30,22.42,181.0,right,Defender,Centre-Back,Spain,Spain,33,2639,0,1,681,Real Sociedad,3290,30000000.0,24000000.0,1.0,1.0,1.0,same_club
2418,Álvaro Odriozola,ESP,2019-20,Real Madrid,D,4,344,0,0,1,2,5,0.203,0.203,1.064,1.75,0.542,1,1,280730,Álvaro Odriozola,1995-12-14,23.72,175.0,right,Defender,Right-Back,Spain,Spain,4,344,0,1,418,Real Madrid,613,25000000.0,16000000.0,1.0,1.0,1.0,same_club
2418,Álvaro Odriozola,ESP,2019-20,Real Madrid,D,4,344,0,0,1,2,5,0.203,0.203,1.064,1.75,0.542,1,1,280730,Álvaro Odriozola,1995-12-14,23.72,175.0,right,Defender,Right-Back,Spain,Spain,4,344,0,1,418,Real Madrid,613,25000000.0,16000000.0,0.992,1.0,0.975,same_club
2432,Burgui,ESP,2019-20,Alaves,S,2,19,0,0,0,0,0,0.0,0.0,0.0,0.0,0.0,0,0,246277,Burgui,1993-10-29,25.84,186.0,right,Attack,Left Winger,Spain,Spain,2,20,0,0,1108,Deportivo Alavés,47,1500000.0,1200000.0,0.997,1.0,0.989,same_club
2435,Óscar Duarte,ESP,2019-20,Levante,D S,8,484,0,0,0,4,0,0.873,0.873,0.0,0.414,0.414,0,0,175323,Óscar Duarte,1989-06-03,30.25,186.0,right,Defender,Centre-Back,Costa Rica,Nicaragua,8,484,0,0,3368,Levante UD,574,1000000.0,725000.0,1.0,1.0,1.0,same_club
2437,Gonzalo Escalante,ESP,2019-20,Eibar,M S,23,1674,0,0,1,21,8,1.759,1.759,1.044,3.731,2.425,7,1,266795,Gonzalo Escalante,1993-03-27,26.43,182.0,right,Midfield,Central Midfield,Argentina,Argentina,23,1673,0,3,1533,SD Eibar,1718,4000000.0,3200000.0,1.0,1.0,0.999,same_club
2444,Bruno,ESP,2019-20,"Getafe,Levante",D S,8,631,0,0,0,1,0,0.016,0.016,0.0,1.234,1.234,1,0,188838,Bruno González,1990-05-24,29.27,184.0,right,Defender,Centre-Back,Spain,Spain,8,635,0,0,"3368,3709","Levante UD,Getafe CF",1099,2000000.0,1200000.0,0.968,0.95,0.994,same_club
2452,De Marcos,ESP,2019-20,Athletic Club,D M S,13,536,0,0,1,2,7,0.146,0.146,0.981,2.009,1.098,1,0,96718,Óscar de Marcos,1989-04-14,30.38,182.0,right,Defender,Right-Back,Spain,Spain,13,540,0,2,621,Athletic Bilbao,630,6000000.0,3200000.0,0.998,1.0,0.993,same_club
2460,Sergio Asenjo,ESP,2019-20,Villarreal,GK,34,3060,0,0,0,0,0,0.0,0.0,0.0,5.211,5.211,2,0,51710,Sergio Asenjo,1989-06-28,30.18,189.0,right,Goalkeeper,Goalkeeper,Spain,Spain,34,3060,0,0,1050,Villarreal CF,3060,12000000.0,9500000.0,1.0,1.0,1.0,same_club
2465,Lillo,ESP,2019-20,Osasuna,D S,4,194,0,0,0,1,1,0.045,0.045,0.245,0.825,0.534,2,0,62913,Lillo Castellano,1989-03-27,30.43,176.0,right,Defender,Right-Back,Spain,Spain,4,194,0,0,331,CA Osasuna,194,700000.0,550000.0,0.97,0.95,1.0,same_club
2475,Jaume,ESP,2019-20,Valencia,GK S,15,1324,0,0,0,0,1,0.0,0.0,0.005,1.842,1.837,1,0,227805,Jaume Doménech,1990-11-05,28.82,185.0,right,Goalkeeper,Goalkeeper,Spain,Spain,15,1323,0,0,1049,Valencia CF,1893,2500000.0,6000000.0,0.97,0.95,0.999,same_club
2483,Adrián Marín,ESP,2019-20,Alaves,D S,12,850,0,0,0,3,6,0.831,0.831,0.145,2.687,1.835,1,0,295414,Adrián Marín,1997-01-09,22.64,181.0,left,Defender,Left-Back,Spain,Spain,12,851,0,0,1108,Deportivo Alavés,941,800000.0,650000.0,1.0,1.0,0.999,same_club
2491,Ibai Gómez,ESP,2019-20,Athletic Club,M S,17,670,0,0,0,14,15,0.852,0.852,2.087,1.724,0.944,0,0,127837,Ibai Gómez,1989-11-11,29.8,178.0,right,Attack,Left Winger,Spain,Spain,17,690,0,0,621,Athletic Bilbao,871,4000000.0,3200000.0,0.991,1.0,0.971,same_club
2499,Sabin,ESP,2019-20,Leganes,F S,2,75,0,0,0,0,1,0.0,0.0,0.054,0.054,0.054,0,0,192736,Sabin Merino,1992-01-04,27.66,187.0,right,Attack,Centre-Forward,Spain,Spain,2,78,0,0,1244,CD Leganés,139,1000000.0,800000.0,0.96,0.95,0.967,same_club
2505,José Gayá,ESP,2019-20,Valencia,D S,24,1993,0,0,1,8,12,0.3,0.3,1.695,6.421,5.329,5,0,221322,José Gayà,1995-05-25,24.27,172.0,left,Defender,Left-Back,Spain,Spain,24,1989,0,1,1049,Valencia CF,2665,50000000.0,40000000.0,0.999,1.0,0.998,same_club
2519,Tejero,ESP,2019-20,Eibar,D S,18,1454,0,0,0,6,17,0.181,0.181,0.87,1.998,1.521,4,0,290273,Álvaro Tejero,1996-07-20,23.12,174.0,both,Defender,Right-Back,Spain,Spain,18,1449,0,0,1533,SD Eibar,1520,3000000.0,2400000.0,0.999,1.0,0.997,same_club
2532,Amath Diedhiou,ESP,2019-20,Getafe,S,7,43,0,0,0,0,0,0.0,0.0,0.0,0.306,0.306,0,0,339820,Amath Ndiaye,1996-07-16,23.13,173.0,right,Attack,Right Winger,Senegal,Senegal,7,60,0,0,3709,Getafe CF,60,4000000.0,2400000.0,0.759,0.692,0.811,same_club
2539,Jaume Costa,ESP,2019-20,Valencia,D S,19,1395,0,0,1,3,7,0.072,0.072,0.568,5.8,5.301,2,1,65318,Jaume Costa,1988-03-18,31.46,171.0,left,Defender,Left-Back,Spain,Spain,19,1389,0,1,1049,Valencia CF,1890,4000000.0,3200000.0,0.999,1.0,0.996,same_club
2555,Remiro,ESP,2019-20,Real Sociedad,GK,25,2250,0,0,0,1,1,0.085,0.085,0.016,1.802,1.785,0,0,212862,Álex Remiro,1995-03-24,24.44,192.0,right,Goalkeeper,Goalkeeper,Spain,Spain,25,2250,0,0,681,Real Sociedad,2880,1500000.0,12000000.0,1.0,1.0,1.0,same_club
2560,Cristiano Piccini,ESP,2019-20,Valencia,D S,2,73,0,0,0,1,0,0.126,0.126,0.0,0.023,0.023,0,0,163086,Cristiano Piccini,1992-09-26,26.93,189.0,right,Defender,Centre-Back,Italy,Italy,2,75,0,0,1049,Valencia CF,75,10000000.0,6000000.0,0.993,1.0,0.978,same_club
2587,Fabri,ESP,2019-20,Mallorca,GK,1,90,0,0,0,0,0,0.0,0.0,0.0,0.0,0.0,0,0,45882,Fabri,1987-12-31,31.67,184.0,,Goalkeeper,Goalkeeper,Spain,Spain,1,90,0,0,237,RCD Mallorca,360,4000000.0,1200000.0,1.0,1.0,1.0,same_club
3056,Ezequiel Garay,ESP,2019-20,Valencia,D,17,1439,0,0,0,7,3,0.728,0.728,0.087,5.549,5.477,2,0,35939,Ezequiel Garay,1986-10-10,32.89,188.0,right,Defender,Centre-Back,Argentina,Argentina,17,1438,0,0,1049,Valencia CF,1891,8000000.0,4800000.0,1.0,1.0,0.999,same_club
3061,Javi García,ESP,2019-20,Real Betis,M S,8,366,0,0,0,3,0,0.148,0.148,0.0,0.865,0.844,2,0,36350,Javi García,1987-02-08,32.56,187.0,right,Midfield,Defensive Midfield,Spain,Spain,8,374,0,0,150,Real Betis Balompié,464,2000000.0,1600000.0,0.994,1.0,0.979,same_club
3237,Aissa Mandi,ESP,2019-20,Real Betis,D,29,2584,0,0,0,11,7,2.123,2.123,0.595,7.264,7.017,9,0,80293,Aïssa Mandi,1991-10-22,27.86,184.0,right,Defender,Centre-Back,Algeria,France,29,2578,0,0,150,Real Betis Balompié,2668,16000000.0,16000000.0,0.999,1.0,0.998,same_club
3274,Maxime Gonalons,ESP,2019-20,Granada,M S,19,1516,0,0,0,6,8,0.17,0.17,1.216,2.282,1.803,7,0,60542,Maxime Gonalons,1989-03-10,30.48,187.0,right,Midfield,Defensive Midfield,France,France,19,1507,0,0,16795,Granada CF,2011,4000000.0,2800000.0,0.998,1.0,0.994,same_club
3354,Sébastien Corchia,ESP,2019-20,Espanyol,D,3,270,0,0,0,3,7,0.112,0.112,0.871,1.021,0.389,1,0,102744,Sébastien Corchia,1990-11-01,28.83,176.0,right,Defender,Right-Back,France,France,3,270,0,0,714,RCD Espanyol Barcelona,630,2000000.0,1600000.0,1.0,1.0,1.0,same_club
3358,Ibrahim Amadou,ESP,2019-20,Leganes,M S,10,788,0,0,0,5,1,0.713,0.713,0.02,1.441,0.791,2,0,205503,Ibrahim Amadou,1993-04-06,26.4,183.0,right,Midfield,Defensive Midfield,France,Cameroon,10,772,0,0,1244,CD Leganés,1618,7000000.0,5500000.0,1.0,1.0,0.999,same_club
3358,Ibrahim Amadou,ESP,2019-20,Leganes,M S,10,788,0,0,0,5,1,0.713,0.713,0.02,1.441,0.791,2,0,205503,Ibrahim Amadou,1993-04-06,26.4,183.0,right,Midfield,Defensive Midfield,France,Cameroon,10,772,0,0,1244,CD Leganés,1618,7000000.0,5500000.0,0.994,1.0,0.98,same_club
3362,Rony Lopes,ESP,2019-20,Sevilla,F S,5,135,0,0,0,2,0,0.161,0.161,0.0,0.184,0.164,0,0,174694,Rony Lopes,1995-12-28,23.68,174.0,left,Attack,Right Winger,Portugal,Brazil,5,133,0,0,368,Sevilla FC,684,25000000.0,10000000.0,0.996,1.0,0.985,same_club
3362,Rony Lopes,ESP,2019-20,Sevilla,F S,5,135,0,0,0,2,0,0.161,0.161,0.0,0.184,0.164,0,0,174694,Rony Lopes,1995-12-28,23.68,174.0,left,Attack,Right Winger,Portugal,Brazil,5,133,0,0,368,Sevilla FC,684,25000000.0,10000000.0,0.997,1.0,0.989,same_club
3425,Thomas Lemar,ESP,2019-20,Atletico Madrid,M S,22,912,0,0,0,11,7,0.525,0.525,0.296,2.957,2.55,2,0,205562,Thomas Lemar,1995-11-12,23.8,171.0,left,Midfield,Attacking Midfield,France,Guadeloupe,22,920,0,0,13,Atlético de Madrid,1147,40000000.0,24000000.0,0.997,1.0,0.991,same_club
3473,Yannis Salibur,ESP,2019-20,Mallorca,S,4,70,0,0,0,1,2,0.037,0.037,0.092,0.158,0.12,0,0,79893,Yannis Salibur,1991-01-24,28.6,177.0,left,Attack,Right Winger,France,France,4,78,0,0,237,RCD Mallorca,78,3500000.0,1200000.0,0.973,1.0,0.911,same_club
3567,Samuel Umtiti,ESP,2019-20,Barcelona,D S,13,943,0,0,0,0,0,0.0,0.0,0.0,3.963,3.963,6,0,126540,Samuel Umtiti,1993-11-14,25.8,182.0,left,Defender,Centre-Back,France,Cameroon,13,946,0,0,131,FC Barcelona,1316,45000000.0,32000000.0,0.999,1.0,0.997,same_club
3638,Hatem Ben Arfa,ESP,2019-20,Real Valladolid,F M S,5,161,0,0,0,2,1,0.045,0.045,0.028,0.128,0.111,1,0,18900,Hatem Ben Arfa,1987-03-07,32.49,179.0,left,Midfield,Attacking Midfield,France,France,5,158,0,0,366,Real Valladolid CF,158,6000000.0,4000000.0,0.994,1.0,0.981,same_club
3766,Kevin Soni,ESP,2019-20,Espanyol,S,1,3,0,0,0,0,0,0.0,0.0,0.0,0.0,0.0,0,0,353959,Kévin Soni,1998-04-17,21.37,183.0,left,Attack,Centre-Forward,Cameroon,Cameroon,1,3,0,0,714,RCD Espanyol Barcelona,3,300000.0,200000.0,1.0,1.0,1.0,same_club
3769,Gil Dias,ESP,2019-20,Granada,D M S,12,332,0,0,1,6,7,0.417,0.417,0.44,1.267,0.575,1,0,329723,Gil Dias,1996-09-28,22.92,186.0,left,Attack,Right Winger,Portugal,Portugal,12,351,0,1,16795,Granada CF,1426,2500000.0,3200000.0,0.984,1.0,0.946,same_club
3769,Gil Dias,ESP,2019-20,Granada,D M S,12,332,0,0,1,6,7,0.417,0.417,0.44,1.267,0.575,1,0,329723,Gil Dias,1996-09-28,22.92,186.0,left,Attack,Right Winger,Portugal,Portugal,12,351,0,1,16795,Granada CF,1426,2500000.0,3200000.0,1.0,1.0,0.999,same_club
4052,Ximo Navarro,ESP,2019-20,Alaves,D S,23,1917,0,0,0,7,3,0.242,0.242,0.151,1.254,1.042,8,0,184767,Ximo Navarro,1990-01-23,29.6,176.0,right,Defender,Right-Back,Spain,Spain,23,1906,0,0,1108,Deportivo Alavés,1906,3000000.0,2000000.0,0.998,1.0,0.994,same_club
4084,Naldo,ESP,2019-20,Espanyol,D S,18,1322,0,0,1,9,3,0.342,0.342,0.356,2.523,2.45,6,1,148666,Naldo,1988-08-25,31.02,188.0,right,Defender,Centre-Back,Brazil,Brazil,18,1332,0,1,714,RCD Espanyol Barcelona,2048,2000000.0,1600000.0,0.998,1.0,0.992,same_club
4107,Unai Bustinza,ESP,2019-20,Leganes,D M S,33,2706,0,0,1,6,16,0.427,0.427,1.389,5.77,4.681,8,0,156808,Unai Bustinza,1992-02-02,27.58,174.0,right,Defender,Centre-Back,Spain,Spain,33,2690,0,1,1244,CD Leganés,2870,4000000.0,3200000.0,0.998,1.0,0.994,same_club
4120,Álex Moreno,ESP,2019-20,Real Betis,D M S,31,2270,0,0,4,24,25,2.615,2.615,2.644,8.277,3.676,5,0,193098,Álex Moreno,1993-06-08,26.23,179.0,left,Defender,Left-Back,Spain,Spain,31,2267,0,4,150,Real Betis Balompié,2477,12000000.0,5500000.0,1.0,1.0,0.999,same_club
4130,Raúl Navas,ESP,2019-20,Osasuna,D S,9,715,0,0,0,0,2,0.0,0.0,0.063,0.976,0.946,2,0,142419,Raúl Navas,1988-05-11,31.31,187.0,right,Defender,Centre-Back,Spain,Spain,9,710,0,0,331,CA Osasuna,800,3000000.0,1200000.0,0.998,1.0,0.993,same_club
4131,Dídac Vilá,ESP,2019-20,Espanyol,D M S,30,2507,0,0,0,16,17,1.139,1.139,0.827,5.373,4.281,9,0,67090,Dídac Vilà,1989-06-09,30.23,185.0,left,Defender,Left-Back,Spain,Spain,30,2493,0,0,714,RCD Espanyol Barcelona,3341,4000000.0,3200000.0,0.998,1.0,0.994,same_club
4160,David Costas,ESP,2019-20,Celta Vigo,D S,6,329,0,0,0,1,0,0.06,0.06,0.0,0.758,0.758,1,0,276111,David Costas,1995-03-26,24.44,184.0,right,Defender,Centre-Back,Spain,Spain,6,335,0,0,940,Celta de Vigo,515,3000000.0,1600000.0,0.995,1.0,0.982,same_club
4168,Javi Muñoz,ESP,2019-20,Alaves,M,1,54,0,0,0,0,0,0.0,0.0,0.0,0.0,0.0,0,0,282421,Javi Muñoz,1995-02-28,24.51,177.0,right,Midfield,Central Midfield,Spain,Spain,1,53,0,0,1108,Deportivo Alavés,53,500000.0,325000.0,0.997,1.0,0.989,same_club
4183,Vitorino Antunes,ESP,2019-20,Getafe,S,1,4,0,0,0,0,0,0.0,0.0,0.0,0.0,0.0,0,0,44699,Antunes,1987-04-01,32.42,175.0,left,Defender,Left-Back,Portugal,Portugal,1,5,0,0,3709,Getafe CF,182,2500000.0,1600000.0,0.967,0.95,0.989,same_club
4188,Quique González,ESP,2019-20,Eibar,F S,15,471,0,0,1,10,6,0.666,0.666,0.353,1.057,0.116,0,0,79352,Quique González,1990-05-16,29.3,177.0,left,Attack,Centre-Forward,Spain,Spain,15,482,0,1,1533,SD Eibar,708,1500000.0,800000.0,0.993,1.0,0.977,same_club
4193,Aitor Fernández,ESP,2019-20,Levante,GK,36,3240,0,0,0,0,1,0.0,0.0,0.073,3.222,3.149,2,0,118997,Aitor Fernández,1991-05-03,28.33,182.0,right,Goalkeeper,Goalkeeper,Spain,Spain,36,3240,0,0,3368,Levante UD,3428,2500000.0,8000000.0,1.0,1.0,1.0,same_club
4202,Kevin,ESP,2019-20,Celta Vigo,D S,17,1348,0,0,0,1,6,0.012,0.012,0.324,2.568,2.474,6,0,221315,Kevin Vázquez,1993-03-23,26.44,175.0,right,Defender,Right-Back,Spain,Spain,17,1332,0,1,940,Celta de Vigo,1567,500000.0,800000.0,0.966,0.95,0.988,same_club
4771,Pablo Chavarria,ESP,2019-20,Mallorca,F S,13,170,0,0,0,5,2,0.719,0.719,0.11,0.818,0.099,1,0,118732,Pablo Chavarría,1988-01-02,31.66,185.0,right,Attack,Centre-Forward,Argentina,Argentina,13,199,0,0,237,RCD Mallorca,320,2500000.0,1200000.0,0.956,1.0,0.854,same_club
5033,Iván Villar,ESP,2019-20,Celta Vigo,GK S,4,277,0,0,0,0,0,0.0,0.0,0.0,0.063,0.063,0,0,297194,Iván Villar,1997-07-09,22.15,183.0,right,Goalkeeper,Goalkeeper,Spain,Spain,4,279,0,0,940,Celta de Vigo,279,300000.0,300000.0,0.998,1.0,0.993,same_club
5037,Darko Brasanac,ESP,2019-20,Osasuna,M S,31,2270,0,0,1,22,23,1.562,1.562,1.725,5.325,3.333,8,0,95641,Darko Brasanac,1992-02-12,27.55,178.0,right,Midfield,Central Midfield,Serbia,Jugoslawien (SFR),31,2249,0,1,331,CA Osasuna,2395,2000000.0,1600000.0,0.997,1.0,0.991,same_club
5038,Álex Alegría,ESP,2019-20,Mallorca,S,6,98,0,0,0,0,0,0.0,0.0,0.0,0.023,0.023,0,0,178187,Álex Alegría,1992-10-10,26.89,191.0,right,Attack,Centre-Forward,Spain,Spain,6,103,0,0,237,RCD Mallorca,158,800000.0,650000.0,0.985,1.0,0.951,same_club
5040,Álex Martínez,ESP,2019-20,Granada,S,1,12,0,0,0,1,0,0.075,0.075,0.0,0.061,0.061,0,0,186891,Álex Martínez,1990-08-12,29.05,176.0,left,Defender,Left-Back,Spain,Spain,1,14,0,0,16795,Granada CF,434,1000000.0,725000.0,0.993,1.0,0.978,same_club
5042,Fernando Pacheco,ESP,2019-20,Alaves,GK,27,2358,0,0,0,0,2,0.0,0.0,0.073,0.599,0.568,0,1,172015,Fernando Pacheco,1992-05-18,27.29,187.0,left,Goalkeeper,Goalkeeper,Spain,Spain,27,2359,0,0,1108,Deportivo Alavés,2359,15000000.0,14500000.0,1.0,1.0,1.0,same_club
5045,Manu García,ESP,2019-20,Alaves,M S,30,1963,0,0,0,19,3,2.03,2.03,0.211,2.6,1.52,9,1,76273,Manu García,1986-04-26,33.35,183.0,left,Midfield,Central Midfield,Spain,Spain,30,1968,0,0,1108,Deportivo Alavés,1968,2000000.0,1400000.0,0.999,1.0,0.997,same_club
5057,Jasper Cillessen,ESP,2019-20,Valencia,GK,24,2096,0,0,1,0,1,0.0,0.0,0.047,1.379,1.332,1,0,146227,Jasper Cillessen,1989-04-22,30.36,187.0,right,Goalkeeper,Goalkeeper,Netherlands,Netherlands,24,2097,0,1,1049,Valencia CF,2637,18000000.0,14500000.0,1.0,1.0,1.0,same_club
5062,Yeray Álvarez,ESP,2019-20,Athletic Club,D,32,2810,0,0,0,12,5,1.038,1.038,0.571,4.236,4.116,2,0,255488,Yeray Álvarez,1995-01-24,24.6,182.0,right,Defender,Centre-Back,Spain,Spain,32,2811,0,0,621,Athletic Bilbao,3381,25000000.0,24000000.0,1.0,1.0,1.0,same_club
5064,Dimitrios Siovas,ESP,2019-20,Leganes,D S,24,1927,0,0,0,12,3,1.047,1.047,0.1,2.063,1.866,6,0,52403,Dimitrios Siovas,1988-09-16,30.96,191.0,left,Defender,Centre-Back,Greece,Greece,24,1922,0,0,1244,CD Leganés,2012,6000000.0,4800000.0,0.999,1.0,0.997,same_club
5076,Cristian Rivera,ESP,2019-20,Leganes,M S,5,307,0,0,0,1,1,0.082,0.082,0.112,0.385,0.303,3,0,374077,Christian Rivera,1997-07-09,22.15,191.0,right,Midfield,Central Midfield,Spain,Spain,5,309,0,0,1244,CD Leganés,489,2500000.0,1600000.0,0.979,0.968,0.994,same_club
5077,Mikel Vesga,ESP,2019-20,Athletic Club,M S,20,1258,0,0,1,14,7,0.921,0.921,0.877,2.778,1.87,3,0,300168,Mikel Vesga,1993-04-08,26.4,191.0,left,Midfield,Defensive Midfield,Spain,Spain,20,1265,0,1,621,Athletic Bilbao,1772,4000000.0,2400000.0,0.998,1.0,0.994,same_club
5085,Marc Navarro,ESP,2019-20,Leganes,M S,4,223,0,0,0,5,1,0.198,0.198,0.017,0.28,0.082,1,0,335245,Marc Navarro,1995-07-02,24.17,188.0,right,Midfield,Right Midfield,Spain,Spain,4,219,0,0,1244,CD Leganés,243,2000000.0,1200000.0,0.995,1.0,0.982,same_club
5087,Roberto Jiménez,ESP,2019-20,Alaves,GK S,9,790,0,0,0,1,0,0.027,0.027,0.0,0.237,0.237,1,0,37403,Roberto,1986-02-10,33.56,192.0,right,Goalkeeper,Goalkeeper,Spain,Spain,9,789,0,0,1108,Deportivo Alavés,1475,1500000.0,800000.0,0.97,0.95,0.999,same_club
5087,Roberto Jiménez,ESP,2019-20,Alaves,GK S,9,790,0,0,0,1,0,0.027,0.027,0.0,0.237,0.237,1,0,37403,Roberto,1986-02-10,33.56,192.0,right,Goalkeeper,Goalkeeper,Spain,Spain,9,789,0,0,1108,Deportivo Alavés,1475,1500000.0,800000.0,0.97,0.95,0.999,same_club
5090,David García,ESP,2019-20,Osasuna,D S,32,2791,0,0,0,18,6,0.888,0.888,0.252,5.612,5.335,7,0,298589,David García,1994-02-14,25.54,186.0,both,Defender,Centre-Back,Spain,Spain,32,2792,0,0,331,CA Osasuna,2792,2000000.0,2400000.0,1.0,1.0,1.0,same_club
5101,Carlos Clerc,ESP,2019-20,Levante,D S,23,1833,0,0,2,4,8,0.365,0.365,1.748,3.759,1.792,4,0,193784,Carlos Clerc,1992-02-21,27.53,181.0,left,Defender,Left-Back,Spain,Spain,23,1846,0,2,3368,Levante UD,2101,2000000.0,2000000.0,0.998,1.0,0.993,same_club
5109,Rui Silva,ESP,2019-20,Granada,GK,35,3150,0,0,0,0,2,0.0,0.0,0.043,1.211,1.168,3,0,234811,Rui Silva,1994-02-07,25.56,191.0,left,Goalkeeper,Goalkeeper,Portugal,Portugal,35,3150,0,0,16795,Granada CF,3330,2500000.0,4000000.0,1.0,1.0,1.0,same_club
5114,Raúl García,ESP,2019-20,"Getafe,Real Valladolid",D M S,16,1265,0,0,1,8,11,0.222,0.222,0.498,1.43,0.981,2,0,139434,Raúl Carnero,1989-04-30,30.34,179.0,left,Defender,Left-Back,Spain,Spain,16,1260,0,1,"366,3709","Real Valladolid CF,Getafe CF",1665,1000000.0,800000.0,0.764,0.609,0.996,same_club
5124,Alberto Rodríguez,ESP,2019-20,Alaves,D S,6,233,0,0,0,0,0,0.0,0.0,0.0,0.508,0.508,1,0,,,,,,,,,,,,,,,,,,,,,,,
5130,Fran Mérida,ESP,2019-20,Osasuna,M S,23,1162,0,0,1,13,10,0.251,0.251,0.642,4.727,4.32,7,1,42920,Fran Mérida,1990-03-04,29.49,173.0,left,Midfield,Central Midfield,Spain,Spain,23,1159,0,1,331,CA Osasuna,1339,1500000.0,1200000.0,0.999,1.0,0.997,same_club
5134,Óscar Melendo,ESP,2019-20,Espanyol,F M S,24,1119,0,0,0,3,13,0.119,0.119,0.488,1.321,0.844,0,0,448344,Óscar Melendo,1997-08-23,22.02,167.0,left,Midfield,Attacking Midfield,Spain,Spain,24,1113,0,0,714,RCD Espanyol Barcelona,1963,10000000.0,6000000.0,0.998,1.0,0.995,same_club
5140,Kike Barja,ESP,2019-20,Osasuna,M S,8,310,0,0,1,6,4,0.769,0.769,1.033,1.894,0.112,0,0,298575,Kike Barja,1997-04-01,22.42,179.0,right,Attack,Right Winger,Spain,Spain,8,313,0,1,331,CA Osasuna,344,1500000.0,800000.0,0.997,1.0,0.99,same_club
5142,Luis Perea,ESP,2019-20,Osasuna,S,2,17,0,0,0,0,0,0.0,0.0,0.0,0.0,0.0,0,0,396328,Luis Perea,1997-08-25,22.02,191.0,right,Midfield,Defensive Midfield,Spain,Spain,2,19,0,0,331,CA Osasuna,19,500000.0,400000.0,0.993,1.0,0.978,same_club
5162,Nacho Vidal,ESP,2019-20,Osasuna,D M S,30,2330,0,0,0,17,22,0.909,0.909,2.151,7.329,5.178,5,0,216870,Nacho Vidal,1995-01-24,24.6,180.0,right,Defender,Right-Back,Spain,Spain,30,2332,0,0,331,CA Osasuna,2568,2000000.0,2400000.0,1.0,1.0,0.999,same_club
5172,Juan Pérez,ESP,2019-20,Osasuna,GK,2,180,0,0,0,0,0,0.0,0.0,0.0,0.333,0.333,0,0,298613,Juan Pérez,1996-07-15,23.13,191.0,right,Goalkeeper,Goalkeeper,Spain,Spain,2,180,0,0,331,CA Osasuna,480,200000.0,400000.0,1.0,1.0,1.0,same_club
5174,Caro,ESP,2019-20,Real Valladolid,GK,3,247,0,0,0,0,0,0.0,0.0,0.0,0.38,0.38,0,0,268946,José Antonio Caro,1994-05-03,25.33,184.0,left,Goalkeeper,Goalkeeper,Spain,Spain,3,245,0,0,366,Real Valladolid CF,297,400000.0,475000.0,0.998,1.0,0.992,same_club
5178,Antonio Moya,ESP,2019-20,Atletico Madrid,S,1,3,0,0,0,0,0,0.0,0.0,0.0,0.0,0.0,0,0,295065,Toni Moya,1998-03-20,21.45,185.0,right,Midfield,Central Midfield,Spain,Spain,1,3,0,0,13,Atlético de Madrid,3,300000.0,300000.0,0.97,0.95,1.0,same_club
5185,Unai Simón,ESP,2019-20,Athletic Club,GK,34,2991,0,0,0,0,0,0.0,0.0,0.0,1.887,1.887,2,1,262396,Unai Simón,1997-06-11,22.22,190.0,right,Goalkeeper,Goalkeeper,Spain,Spain,34,2992,0,0,621,Athletic Bilbao,3352,6000000.0,16000000.0,1.0,1.0,1.0,same_club
5201,Darío Poveda,ESP,2019-20,Atletico Madrid,S,1,6,0,0,0,1,1,0.07,0.07,0.125,0.194,0.0,0,0,399780,Darío Poveda,1997-03-13,22.47,187.0,right,Attack,Centre-Forward,Spain,Spain,1,7,0,0,13,Atlético de Madrid,7,250000.0,250000.0,0.997,1.0,0.989,same_club
5211,Wilfrid Kaptoum,ESP,2019-20,Real Betis,M S,5,192,0,0,0,3,1,0.062,0.062,0.034,0.158,0.062,1,0,256120,Wilfrid Kaptoum,1996-07-07,23.15,174.0,right,Midfield,Central Midfield,Cameroon,Cameroon,5,191,0,0,150,Real Betis Balompié,281,4000000.0,2400000.0,0.998,1.0,0.995,same_club
5234,Jesús Vallejo,ESP,2019-20,Granada,D S,11,621,0,0,0,1,0,0.078,0.078,0.0,0.951,0.951,1,0,251896,Jesús Vallejo,1997-01-05,22.65,184.0,right,Defender,Centre-Back,Spain,Spain,11,627,0,0,16795,Granada CF,1314,10000000.0,6000000.0,0.998,1.0,0.994,same_club
5234,Jesús Vallejo,ESP,2019-20,Granada,D S,11,621,0,0,0,1,0,0.078,0.078,0.0,0.951,0.951,1,0,251896,Jesús Vallejo,1997-01-05,22.65,184.0,right,Defender,Centre-Back,Spain,Spain,11,627,0,0,16795,Granada CF,1314,10000000.0,6000000.0,0.997,1.0,0.99,same_club
5642,Erick Cabaco,ESP,2019-20,"Getafe,Levante",D S,15,1077,0,0,0,5,2,0.274,0.274,0.072,1.582,1.498,4,0,302991,Erick Cabaco,1995-04-19,24.37,185.0,right,Defender,Centre-Back,Uruguay,Uruguay,15,1076,0,0,"3368,3709","Levante UD,Getafe CF",1188,4000000.0,4000000.0,1.0,1.0,0.999,same_club
5666,Mouctar Diakhaby,ESP,2019-20,Valencia,D S,21,1436,0,0,0,1,2,0.054,0.054,0.079,2.553,2.553,5,0,346289,Mouctar Diakhaby,1996-12-19,22.7,192.0,right,Defender,Centre-Back,Guinea,France,21,1441,0,0,1049,Valencia CF,2051,20000000.0,17500000.0,0.999,1.0,0.997,same_club
6004,Brandon,ESP,2019-20,Osasuna,F M S,8,406,0,0,1,8,4,1.086,1.086,0.491,1.932,0.96,4,0,251680,Brandon Thomas,1995-02-04,24.57,173.0,right,Attack,Left Winger,Spain,Spain,8,408,0,1,331,CA Osasuna,573,2000000.0,1200000.0,0.969,0.95,0.995,same_club
6017,Chidozie Awaziem,ESP,2019-20,Leganes,D M S,26,1988,0,0,0,11,5,0.591,0.591,0.263,1.969,1.84,9,0,358143,Chidozie Awaziem,1997-01-01,22.66,189.0,right,Defender,Centre-Back,Nigeria,Nigeria,26,1993,0,0,1244,CD Leganés,2293,3500000.0,4000000.0,0.999,1.0,0.997,same_club
6073,Guillermo Maripán,ESP,2019-20,Alaves,D,1,90,0,0,0,0,0,0.0,0.0,0.0,0.0,0.0,0,0,249730,Guillermo Maripán,1994-05-06,25.32,193.0,right,Defender,Centre-Back,Chile,Chile,1,90,0,0,1108,Deportivo Alavés,1846,15000000.0,11000000.0,1.0,1.0,1.0,same_club
6073,Guillermo Maripán,ESP,2019-20,Alaves,D,1,90,0,0,0,0,0,0.0,0.0,0.0,0.0,0.0,0,0,249730,Guillermo Maripán,1994-05-06,25.32,193.0,right,Defender,Centre-Back,Chile,Chile,1,90,0,0,1108,Deportivo Alavés,1846,15000000.0,11000000.0,1.0,1.0,0.999,same_club
6075,Antonio Sivera,ESP,2019-20,Alaves,GK,3,270,0,0,0,0,0,0.0,0.0,0.0,0.0,0.0,1,0,298197,Antonio Sivera,1996-08-11,23.06,185.0,right,Goalkeeper,Goalkeeper,Spain,Spain,3,270,0,0,1108,Deportivo Alavés,360,1500000.0,1200000.0,1.0,1.0,1.0,same_club
6120,Bono,ESP,2019-20,Sevilla,GK S,6,494,0,0,1,0,1,0.0,0.0,0.102,0.635,0.533,1,0,207834,Yassine Bounou,1991-04-05,28.41,192.0,left,Goalkeeper,Goalkeeper,Morocco,Canada,6,495,0,1,368,Sevilla FC,1575,5000000.0,4000000.0,0.927,0.88,0.998,same_club
6125,Stanislav Lobotka,ESP,2019-20,Celta Vigo,M,17,1396,0,0,0,8,9,0.573,0.573,0.291,4.342,3.54,1,0,192735,Stanislav Lobotka,1994-11-25,24.77,168.0,right,Midfield,Defensive Midfield,Slovakia,Slovakia,17,1390,0,0,940,Celta de Vigo,2209,25000000.0,16000000.0,0.999,1.0,0.996,same_club
6125,Stanislav Lobotka,ESP,2019-20,Celta Vigo,M,17,1396,0,0,0,8,9,0.573,0.573,0.291,4.342,3.54,1,0,192735,Stanislav Lobotka,1994-11-25,24.77,168.0,right,Midfield,Defensive Midfield,Slovakia,Slovakia,17,1390,0,0,940,Celta de Vigo,2209,25000000.0,16000000.0,0.999,1.0,0.996,same_club
6126,Ander Guevara,ESP,2019-20,Real Sociedad,M S,14,946,0,0,0,3,7,0.061,0.061,0.391,4.353,4.007,4,0,465967,Ander Guevara,1997-07-07,22.15,180.0,right,Midfield,Central Midfield,Spain,Spain,14,942,0,0,681,Real Sociedad,1221,2500000.0,6000000.0,0.999,1.0,0.996,same_club
6136,Mario Hermoso,ESP,2019-20,Atletico Madrid,D S,17,1236,0,0,0,3,2,0.391,0.391,0.098,3.29,3.185,3,1,281769,Mario Hermoso,1995-06-18,24.21,184.0,left,Defender,Centre-Back,Spain,Spain,17,1220,0,0,13,Atlético de Madrid,1691,25000000.0,20000000.0,0.996,1.0,0.987,same_club
6149,Unai Núñez,ESP,2019-20,Athletic Club,D S,20,1564,0,0,0,7,3,0.355,0.355,0.091,1.21,0.983,7,0,338285,Unai Núñez,1997-01-30,22.58,186.0,right,Defender,Centre-Back,Spain,Spain,20,1569,0,0,621,Athletic Bilbao,2054,15000000.0,16000000.0,0.999,1.0,0.997,same_club
6151,Djené Dakonam,ESP,2019-20,Getafe,D,34,3060,0,0,0,5,6,0.212,0.212,0.337,2.251,2.211,5,0,221150,Dakonam Djené,1991-12-31,27.67,178.0,right,Defender,Centre-Back,Togo,Togo,34,3060,0,0,3709,Getafe CF,3780,25000000.0,24000000.0,1.0,1.0,1.0,same_club
6164,Andrés Guardado,ESP,2019-20,Real Betis,M S,28,2071,0,0,3,12,26,0.888,0.888,2.234,8.848,6.301,8,0,20506,Andrés Guardado,1986-09-28,32.93,167.0,left,Midfield,Central Midfield,Mexico,Mexico,28,2058,0,3,150,Real Betis Balompié,2134,5000000.0,3200000.0,0.998,1.0,0.994,same_club
6216,Chema Rodríguez,ESP,2019-20,Getafe,D S,4,305,0,0,0,3,0,0.224,0.224,0.0,0.129,0.129,4,0,248330,Chema Rodríguez,1992-03-03,27.5,189.0,left,Defender,Centre-Back,Spain,Spain,4,308,0,0,3709,Getafe CF,308,2500000.0,1200000.0,0.997,1.0,0.99,same_club
6224,Marko Dmitrovic,ESP,2019-20,Eibar,GK,35,3150,0,0,0,1,1,0.271,0.271,0.024,1.592,1.296,3,0,94308,Marko Dmitrovic,1992-01-24,27.6,189.0,left,Goalkeeper,Goalkeeper,Serbia,Jugoslawien (SFR),35,3150,0,0,1533,SD Eibar,3150,10000000.0,9500000.0,1.0,1.0,1.0,same_club
6227,Brais Méndez,ESP,2019-20,Celta Vigo,F M S,31,1457,0,0,2,25,17,1.98,1.98,0.871,4.947,2.327,3,0,309110,Brais Méndez,1997-01-07,22.65,187.0,left,Midfield,Attacking Midfield,Spain,Spain,31,1473,0,2,940,Celta de Vigo,1640,20000000.0,12000000.0,0.997,1.0,0.989,same_club
6257,Juan Soriano,ESP,2019-20,Leganes,GK,11,990,0,0,0,1,0,0.57,0.57,0.0,0.56,0.56,2,0,251892,Juan Soriano,1997-08-23,22.02,185.0,right,Goalkeeper,Goalkeeper,Spain,Spain,11,990,0,0,1244,CD Leganés,1290,2500000.0,1600000.0,1.0,1.0,1.0,same_club
6325,Andoni Gorosabel,ESP,2019-20,Real Sociedad,D S,14,708,0,0,0,1,5,0.021,0.021,0.506,2.485,2.394,2,0,289255,Andoni Gorosabel,1996-08-04,23.07,174.0,right,Defender,Right-Back,Spain,Spain,14,713,0,0,681,Real Sociedad,1163,1500000.0,1600000.0,0.998,1.0,0.993,same_club
6368,Mathías Olivera,ESP,2019-20,Getafe,D M S,24,1879,0,0,1,6,10,0.74,0.74,0.9,2.012,1.193,5,1,376514,Mathías Olivera,1997-10-31,21.83,185.0,left,Defender,Left-Back,Uruguay,Uruguay,24,1872,0,1,3709,Getafe CF,2320,3000000.0,1600000.0,0.999,1.0,0.996,same_club
6421,Brahim Diaz,ESP,2019-20,Real Madrid,S,6,49,0,0,0,3,0,0.3,0.3,0.0,0.3,0.0,1,0,314678,Brahim Díaz,1999-08-03,20.08,170.0,both,Attack,Right Winger,Morocco,Spain,6,60,0,0,418,Real Madrid,207,17000000.0,13500000.0,0.963,1.0,0.878,same_club
6427,Aitor Ruibal,ESP,2019-20,Leganes,D M S,25,1216,0,0,0,16,12,0.705,0.705,1.891,3.461,1.504,4,0,378139,Aitor Ruibal,1996-03-22,23.44,176.0,right,Attack,Right Winger,Spain,Spain,25,1215,0,0,1244,CD Leganés,1601,1500000.0,950000.0,1.0,1.0,0.999,same_club
6495,Koke,ESP,2019-20,Levante,GK,2,180,0,0,0,0,0,0.0,0.0,0.0,0.051,0.051,0,0,299715,Koke Vegas,1995-09-27,23.93,188.0,right,Goalkeeper,Goalkeeper,Spain,Spain,2,180,0,0,3368,Levante UD,390,800000.0,550000.0,0.97,0.95,1.0,same_club
6592,Manuel Morlanes,ESP,2019-20,Villarreal,M S,9,247,0,0,1,0,6,0.0,0.0,0.544,1.817,1.366,0,0,335225,Manu Morlanes,1999-01-12,20.64,178.0,right,Midfield,Central Midfield,Spain,Spain,9,251,0,1,1050,Villarreal CF,573,2500000.0,1800000.0,0.965,0.95,0.984,same_club
6816,Jean-Clair Todibo,ESP,2019-20,Barcelona,D S,2,75,0,0,0,0,0,0.0,0.0,0.0,0.005,0.005,0,0,605184,Jean-Clair Todibo,1999-12-30,19.67,190.0,right,Defender,Centre-Back,France,French Guiana,2,77,0,0,131,FC Barcelona,666,8000000.0,9000000.0,0.993,1.0,0.978,same_club
6816,Jean-Clair Todibo,ESP,2019-20,Barcelona,D S,2,75,0,0,0,0,0,0.0,0.0,0.0,0.005,0.005,0,0,605184,Jean-Clair Todibo,1999-12-30,19.67,190.0,right,Defender,Centre-Back,France,French Guiana,2,77,0,0,131,FC Barcelona,666,8000000.0,9000000.0,0.994,1.0,0.978,same_club
6912,Pedro Porro,ESP,2019-20,Real Valladolid,D M S,13,731,0,0,0,1,4,0.015,0.015,0.151,2.713,2.603,1,0,553875,Pedro Porro,1999-09-13,19.97,173.0,right,Defender,Right-Back,Spain,Spain,13,734,0,0,366,Real Valladolid CF,926,10000000.0,9000000.0,0.999,1.0,0.996,same_club
6914,Javi Moyano,ESP,2019-20,Real Valladolid,D,26,2234,0,0,0,6,13,0.286,0.286,0.882,3.467,3.213,4,0,71204,Javi Moyano,1986-02-23,33.52,180.0,right,Defender,Right-Back,Spain,Spain,26,2231,0,0,366,Real Valladolid CF,2276,800000.0,650000.0,1.0,1.0,0.999,same_club
6916,Fernando Calero,ESP,2019-20,Espanyol,D S,15,1042,0,0,0,0,0,0.0,0.0,0.0,1.919,1.919,4,1,357884,Fernando Calero,1995-09-14,23.96,184.0,right,Defender,Centre-Back,Spain,Spain,15,1043,0,0,714,RCD Espanyol Barcelona,1853,10000000.0,4000000.0,1.0,1.0,0.999,same_club
6918,Anuar Mohamed,ESP,2019-20,Real Valladolid,M S,11,162,0,0,0,1,0,0.023,0.023,0.0,0.334,0.334,1,0,327126,Anuar,1995-01-15,24.63,173.0,right,Attack,Right Winger,Morocco,Spain,11,181,0,0,366,Real Valladolid CF,803,1500000.0,1200000.0,0.939,0.95,0.895,same_club
6919,Toni Villa,ESP,2019-20,Real Valladolid,M S,23,1381,0,0,1,19,11,1.091,1.091,1.683,3.854,1.305,4,0,337066,Toni Villa,1995-01-07,24.65,172.0,right,Attack,Left Winger,Spain,Spain,23,1362,0,1,366,Real Valladolid CF,1432,4000000.0,3200000.0,0.996,1.0,0.986,same_club
6922,Antoñito,ESP,2019-20,Real Valladolid,D M S,15,1030,0,0,0,1,9,0.045,0.045,0.921,1.463,0.749,1,0,62144,Antoñito,1987-12-24,31.69,175.0,right,Defender,Right-Back,Spain,Spain,15,1028,0,0,366,Real Valladolid CF,1073,2000000.0,800000.0,0.999,1.0,0.998,same_club
6924,Miguel De la Fuente,ESP,2019-20,Real Valladolid,F S,7,228,0,0,0,2,1,0.075,0.075,0.036,0.081,0.0,1,0,480883,Miguel de la Fuente,1999-09-03,19.99,182.0,right,Attack,Centre-Forward,Spain,Spain,7,231,0,0,366,Real Valladolid CF,296,250000.0,350000.0,0.996,1.0,0.987,same_club
6925,Samuel Pérez,ESP,2019-20,Real Valladolid,S,1,23,0,0,0,0,0,0.0,0.0,0.0,0.024,0.024,0,0,363541,Samuel Pérez,1997-04-26,22.35,188.0,right,Goalkeeper,Goalkeeper,Spain,Spain,1,25,0,0,366,Real Valladolid CF,25,250000.0,250000.0,0.993,1.0,0.978,same_club
6926,William Carvalho,ESP,2019-20,Real Betis,M S,13,896,0,0,0,6,9,0.314,0.314,0.606,4.152,3.591,6,1,100131,William Carvalho,1992-04-07,27.4,189.0,right,Midfield,Defensive Midfield,Portugal,Angola,13,894,0,0,150,Real Betis Balompié,894,25000000.0,16000000.0,0.999,1.0,0.998,same_club
6932,Okay Yokuslu,ESP,2019-20,Celta Vigo,M S,26,1994,0,0,2,12,10,0.412,0.412,1.17,4.686,3.499,6,0,137616,Okay Yokuşlu,1994-03-09,25.48,190.0,right,Midfield,Defensive Midfield,Türkiye,Türkiye,26,1976,0,2,940,Celta de Vigo,1976,12000000.0,6000000.0,0.997,1.0,0.991,same_club
6939,Luca Sangalli,ESP,2019-20,Real Sociedad,M S,11,370,0,0,1,6,9,0.514,0.514,0.699,1.835,0.994,0,0,289286,Luca Sangalli,1995-02-10,24.56,167.0,right,Midfield,Central Midfield,Spain,Spain,11,371,0,1,681,Real Sociedad,561,4000000.0,2400000.0,0.999,1.0,0.997,same_club
6949,Jorge Miramón,ESP,2019-20,Levante,D S,32,2431,0,0,3,10,25,0.685,0.685,2.631,8.172,6.819,4,1,228917,Jorge Miramón,1989-06-02,30.25,175.0,right,Defender,Right-Back,Spain,Spain,32,2429,0,3,3368,Levante UD,2429,3000000.0,2800000.0,1.0,1.0,0.999,same_club
6970,Tomás Vaclik,ESP,2019-20,Sevilla,GK,33,2926,0,0,0,0,0,0.0,0.0,0.0,1.718,1.718,0,0,64000,Tomáš Vaclík,1989-03-29,30.43,189.0,right,Goalkeeper,Goalkeeper,Czech Republic,CSSR,33,2925,0,0,368,Sevilla FC,3285,18000000.0,14500000.0,1.0,1.0,1.0,same_club
6987,Filip Bradaric,ESP,2019-20,Celta Vigo,M S,14,696,0,0,0,4,3,0.465,0.465,0.05,1.12,1.061,2,1,238486,Filip Bradaric,1992-01-11,27.64,186.0,right,Midfield,Defensive Midfield,Croatia,Croatia,14,708,0,0,940,Celta de Vigo,708,4500000.0,3200000.0,0.995,1.0,0.983,same_club
7113,Santiago Arias,ESP,2019-20,Atletico Madrid,D S,14,1076,0,0,1,6,11,0.525,0.525,1.997,4.246,3.009,1,0,120443,Santiago Arias,1992-01-13,27.63,177.0,right,Defender,Right-Back,Colombia,Colombia,14,1076,0,1,13,Atlético de Madrid,1395,18000000.0,12000000.0,1.0,1.0,1.0,same_club
7155,Nikola Vukcevic,ESP,2019-20,Levante,M S,30,1593,0,0,2,4,7,0.159,0.159,0.259,2.711,2.614,11,0,151470,Nikola Vukcevic,1991-12-13,27.72,187.0,left,Midfield,Defensive Midfield,Montenegro,Jugoslawien (SFR),30,1574,0,2,3368,Levante UD,1708,2500000.0,2400000.0,0.996,1.0,0.988,same_club
7165,Rodrigo Tarín,ESP,2019-20,Leganes,D S,14,953,0,0,0,2,0,0.139,0.139,0.0,0.96,0.96,1,0,203617,Rodri Tarín,1996-07-05,23.16,183.0,right,Defender,Centre-Back,Spain,Spain,14,951,0,0,1244,CD Leganés,1341,2000000.0,1200000.0,0.969,0.95,0.998,same_club
7175,Näis Djouahra,ESP,2019-20,Real Sociedad,S,2,24,0,0,1,1,2,0.06,0.06,0.163,0.475,0.345,0,0,594926,Naïs Djouahra,1999-11-23,19.77,172.0,right,Attack,Left Winger,France,France,2,27,0,1,681,Real Sociedad,27,150000.0,200000.0,0.99,1.0,0.967,same_club
7195,Roberto López,ESP,2019-20,Real Sociedad,S,3,42,0,0,1,0,1,0.0,0.0,0.035,0.12,0.085,0,0,569866,Roberto López,2000-04-24,19.35,179.0,left,Midfield,Attacking Midfield,Spain,Spain,3,49,0,1,681,Real Sociedad,49,1000000.0,900000.0,0.977,1.0,0.922,same_club
7245,Javi Sánchez,ESP,2019-20,Real Valladolid,D S,8,499,0,0,1,3,1,0.25,0.25,0.071,0.46,0.46,1,0,340853,Javi Sánchez,1997-03-14,22.47,189.0,right,Defender,Centre-Back,Spain,Spain,8,496,0,1,366,Real Valladolid CF,586,2000000.0,1200000.0,0.998,1.0,0.994,same_club
7306,Aihen Muñoz,ESP,2019-20,Real Sociedad,D S,15,980,0,0,0,0,1,0.0,0.0,0.094,3.081,2.987,1,0,517842,Aihen Muñoz,1997-08-16,22.04,175.0,left,Defender,Left-Back,Spain,Spain,15,979,0,0,681,Real Sociedad,1328,7500000.0,4000000.0,1.0,1.0,0.999,same_club
7315,Pipa,ESP,2019-20,Espanyol,D M S,7,468,0,0,0,1,4,0.532,0.532,0.205,0.897,0.27,2,0,423166,Pipa,1998-01-26,21.6,176.0,right,Defender,Right-Back,Spain,Spain,7,472,0,0,714,RCD Espanyol Barcelona,912,300000.0,450000.0,0.997,1.0,0.992,same_club
7354,Diego Lainez,ESP,2019-20,Real Betis,F M S,15,314,0,0,0,6,4,0.174,0.174,0.212,1.078,0.734,0,0,371174,Diego Lainez,2000-06-09,19.23,167.0,left,Attack,Right Winger,Mexico,Mexico,15,338,0,0,150,Real Betis Balompié,572,14000000.0,9000000.0,0.979,1.0,0.929,same_club
7380,Víctor Campuzano,ESP,2019-20,Espanyol,F S,20,863,0,0,0,16,2,1.086,1.086,0.107,1.633,0.58,2,0,394285,Víctor Campuzano,1997-05-31,22.25,174.0,left,Attack,Centre-Forward,Spain,Spain,20,868,0,0,714,RCD Espanyol Barcelona,1312,300000.0,2400000.0,0.998,1.0,0.994,same_club
7492,Xavier Quintillá,ESP,2019-20,Villarreal,D S,19,1572,0,0,2,3,19,0.212,0.212,2.484,8.509,6.896,6,0,204102,Xavi Quintillà,1996-08-23,23.02,177.0,left,Defender,Left-Back,Spain,Spain,19,1573,0,2,1050,Villarreal CF,1853,1000000.0,4000000.0,0.97,0.95,0.999,same_club
7525,Waldo Rubio,ESP,2019-20,Real Valladolid,F M S,21,871,0,0,2,17,16,0.503,0.503,1.22,2.396,0.802,6,0,404688,Waldo Rubio,1995-08-17,24.04,183.0,right,Attack,Left Winger,Spain,Spain,21,875,0,2,366,Real Valladolid CF,1136,1000000.0,800000.0,0.999,1.0,0.995,same_club
7526,Martín Zubimendi,ESP,2019-20,Real Sociedad,M S,9,563,0,0,0,4,5,0.054,0.054,0.201,1.613,1.436,3,0,423440,Martín Zubimendi,1999-02-02,20.58,181.0,right,Midfield,Defensive Midfield,Spain,Spain,9,571,0,0,681,Real Sociedad,661,100000.0,250000.0,0.996,1.0,0.986,same_club
7528,Sergio Camello,ESP,2019-20,Atletico Madrid,S,2,21,0,0,0,0,0,0.0,0.0,0.0,0.0,0.0,0,0,505674,Sergio Camello,2001-02-10,18.55,182.0,right,Attack,Centre-Forward,Spain,Spain,2,23,0,0,13,Atlético de Madrid,45,2500000.0,2300000.0,0.993,1.0,0.978,same_club
7547,Moussa Wagué,ESP,2019-20,Barcelona,D,1,90,0,0,0,0,0,0.0,0.0,0.0,0.046,0.046,0,0,364240,Moussa Wagué,1998-10-04,20.91,177.0,right,Defender,Right-Back,Senegal,Senegal,1,90,0,0,131,FC Barcelona,379,5000000.0,6700000.0,1.0,1.0,1.0,same_club
7547,Moussa Wagué,ESP,2019-20,Barcelona,D,1,90,0,0,0,0,0,0.0,0.0,0.0,0.046,0.046,0,0,364240,Moussa Wagué,1998-10-04,20.91,177.0,right,Defender,Right-Back,Senegal,Senegal,1,90,0,0,131,FC Barcelona,379,5000000.0,6700000.0,0.986,1.0,0.955,same_club
7548,Riqui Puig,ESP,2019-20,Barcelona,M S,11,509,0,0,2,8,10,0.707,0.707,1.816,5.034,2.82,1,0,331511,Riqui Puig,1999-08-13,20.05,169.0,right,Midfield,Central Midfield,Spain,Spain,11,507,0,2,131,FC Barcelona,578,10000000.0,9000000.0,0.999,1.0,0.996,same_club
7555,Miguel Marí,ESP,2019-20,Eibar,S,1,2,0,0,0,0,0,0.0,0.0,0.0,0.0,0.0,0,0,398738,Miguel Marí,1997-06-30,22.17,185.0,right,Midfield,Central Midfield,Spain,Spain,1,5,0,0,1533,SD Eibar,247,250000.0,250000.0,0.99,1.0,0.967,same_club
7584,Paulino De la Fuente,ESP,2019-20,Alaves,S,3,65,0,0,0,0,0,0.0,0.0,0.0,0.0,0.0,0,0,261502,Paulino de la Fuente,1997-06-27,22.18,184.0,left,Attack,Right Winger,Spain,Spain,3,73,0,0,1108,Deportivo Alavés,73,100000.0,250000.0,0.973,1.0,0.911,same_club
7586,Álex Collado,ESP,2019-20,Barcelona,S,1,3,0,0,0,0,0,0.0,0.0,0.0,0.0,0.0,0,0,282722,Álex Collado,1999-04-22,20.36,177.0,left,Midfield,Attacking Midfield,Spain,Spain,1,5,0,0,131,FC Barcelona,5,1000000.0,4500000.0,0.993,1.0,0.978,same_club
7605,Manuel Sánchez,ESP,2019-20,Atletico Madrid,D S,5,330,0,0,0,0,4,0.0,0.0,0.229,1.513,1.284,1,0,618809,Manu Sánchez,2000-08-24,19.02,171.0,left,Defender,Left-Back,Spain,Spain,5,326,0,0,13,Atlético de Madrid,446,,2700000.0,0.966,0.95,0.988,same_club
7780,Gaizka Larrazabal,ESP,2019-20,Athletic Club,M S,10,243,0,0,0,3,1,0.083,0.083,0.112,0.052,0.0,0,0,439465,Gaizka Larrazabal,1997-12-17,21.71,181.0,right,Defender,Right-Back,Spain,Spain,10,244,0,0,621,Athletic Bilbao,326,300000.0,2000000.0,0.999,1.0,0.996,same_club
7826,Joseph Aidoo,ESP,2019-20,Celta Vigo,D S,32,2483,0,0,1,10,3,1.258,1.258,0.705,4.632,3.81,4,0,358250,Joseph Aidoo,1995-09-29,23.92,181.0,right,Defender,Centre-Back,Ghana,Ghana,32,2500,0,1,940,Celta de Vigo,2620,4000000.0,6500000.0,0.998,1.0,0.993,same_club
7827,Sergio Bermejo,ESP,2019-20,Celta Vigo,S,1,4,0,0,0,0,0,0.0,0.0,0.0,0.0,0.0,0,0,372051,Sergio Bermejo,1997-08-17,22.04,170.0,left,Attack,Right Winger,Spain,Spain,1,4,0,0,940,Celta de Vigo,94,200000.0,200000.0,1.0,1.0,1.0,same_club
7828,Jorge Sáenz,ESP,2019-20,Celta Vigo,D S,7,370,0,0,0,0,0,0.0,0.0,0.0,1.018,1.018,3,1,340339,Jorge Sáenz,1996-11-17,22.79,188.0,right,Defender,Centre-Back,Spain,Spain,7,370,0,0,940,Celta de Vigo,543,3000000.0,1600000.0,1.0,1.0,1.0,same_club
7829,Eder Militão,ESP,2019-20,Real Madrid,D S,15,1011,0,0,0,2,2,0.051,0.051,0.153,2.114,1.961,3,0,401530,Éder Militão,1998-01-18,21.62,186.0,right,Defender,Centre-Back,Brazil,Brazil,15,1019,0,0,418,Real Madrid,1469,50000000.0,36000000.0,0.998,1.0,0.992,same_club
7836,Manolo Reina,ESP,2019-20,Mallorca,GK,36,3240,0,0,0,0,0,0.0,0.0,0.0,4.832,4.832,4,0,29051,Manolo Reina,1985-04-01,34.42,186.0,right,Goalkeeper,Goalkeeper,Spain,Spain,36,3240,0,0,237,RCD Mallorca,3240,300000.0,300000.0,1.0,1.0,1.0,same_club
7837,Joan Sastre,ESP,2019-20,Mallorca,D S,19,1357,0,0,2,16,16,0.445,0.445,1.965,4.675,3.227,4,0,350364,Joan Sastre,1997-04-30,22.34,174.0,right,Defender,Right-Back,Spain,Spain,19,1360,0,2,237,RCD Mallorca,1490,2000000.0,1600000.0,0.999,1.0,0.998,same_club
7838,Martin Valjent,ESP,2019-20,Mallorca,D,36,3192,0,0,0,15,5,0.44,0.44,0.924,4.994,4.869,6,0,277384,Martin Valjent,1995-12-11,23.72,187.0,right,Defender,Centre-Back,Slovakia,Slovakia,36,3185,0,0,237,RCD Mallorca,3275,1500000.0,2400000.0,0.999,1.0,0.998,same_club
7840,Iddrisu Baba,ESP,2019-20,Mallorca,D M S,36,2946,0,0,0,15,6,0.843,0.843,0.137,7.052,6.843,6,0,442805,Iddrisu Baba,1996-01-22,23.61,182.0,right,Midfield,Central Midfield,Ghana,Ghana,36,2915,0,0,237,RCD Mallorca,3095,500000.0,2000000.0,0.997,1.0,0.989,same_club
7842,Aleix Febas,ESP,2019-20,Mallorca,F M S,29,1708,0,0,3,8,21,0.377,0.377,1.58,5.005,3.286,4,0,217144,Aleix Febas,1996-02-02,23.58,172.0,right,Midfield,Central Midfield,Spain,Spain,29,1699,0,3,237,RCD Mallorca,1960,4000000.0,2800000.0,0.998,1.0,0.995,same_club
7844,Xisco Campos,ESP,2019-20,Mallorca,D S,9,462,0,0,1,4,3,0.189,0.189,0.29,0.29,0.082,1,0,70946,Xisco Campos,1982-03-10,37.48,180.0,right,Defender,Centre-Back,Spain,Spain,9,469,0,1,237,RCD Mallorca,649,100000.0,100000.0,0.996,1.0,0.985,same_club
7845,Aleksander Sedlar,ESP,2019-20,Mallorca,D S,12,811,0,0,0,1,1,0.036,0.036,0.03,1.144,1.114,3,1,237499,Aleksandar Sedlar,1991-12-13,27.72,180.0,right,Defender,Centre-Back,Serbia,Jugoslawien (SFR),12,813,0,0,237,RCD Mallorca,993,900000.0,650000.0,0.969,0.95,0.998,same_club
7846,Miquel Parera,ESP,2019-20,Mallorca,GK,1,90,0,0,0,0,0,0.0,0.0,0.0,0.022,0.022,0,0,242301,Miquel Parera,1996-05-18,23.29,182.0,right,Goalkeeper,Goalkeeper,Spain,Spain,1,90,0,0,237,RCD Mallorca,90,300000.0,300000.0,1.0,1.0,1.0,same_club
7847,Fran Gámez,ESP,2019-20,Mallorca,D S,23,1768,0,0,1,14,13,0.641,0.641,0.997,3.778,2.935,6,0,442816,Fran Gámez,1991-07-27,28.1,174.0,right,Defender,Right-Back,Spain,Spain,23,1766,0,1,237,RCD Mallorca,1906,500000.0,650000.0,1.0,1.0,0.999,same_club
7859,Sergio Herrera,ESP,2019-20,Osasuna,GK S,19,1658,0,0,0,0,1,0.0,0.0,0.026,0.498,0.473,2,1,248738,Sergio Herrera,1993-06-05,26.24,192.0,right,Goalkeeper,Goalkeeper,Spain,Spain,19,1655,0,0,331,CA Osasuna,1655,500000.0,1200000.0,0.999,1.0,0.998,same_club
7862,Yan Eteki,ESP,2019-20,Granada,M S,28,1512,0,0,0,7,4,0.324,0.324,0.145,2.67,2.422,4,0,297784,Yan Eteki,1997-08-26,22.02,182.0,right,Midfield,Defensive Midfield,Cameroon,Cameroon,28,1524,0,0,16795,Granada CF,1805,1000000.0,800000.0,0.998,1.0,0.992,same_club
7864,Carlos Neva,ESP,2019-20,Granada,D S,26,2230,0,0,1,8,10,1.081,1.081,1.512,6.143,4.528,2,0,448844,Carlos Neva,1996-06-12,23.22,174.0,left,Defender,Left-Back,Spain,Spain,26,2210,0,1,16795,Granada CF,2475,200000.0,800000.0,0.997,1.0,0.991,same_club
7870,Luis Rioja,ESP,2019-20,Alaves,M S,28,1646,0,0,0,9,15,0.432,0.432,2.039,2.595,0.769,3,0,278837,Luis Rioja,1993-10-16,25.88,176.0,left,Attack,Right Winger,Spain,Spain,28,1639,0,0,1108,Deportivo Alavés,1702,1500000.0,2000000.0,0.999,1.0,0.996,same_club
7886,Matías Vargas,ESP,2019-20,Espanyol,F M S,21,1003,0,0,3,21,17,1.212,1.212,2.345,4.492,1.683,1,0,376211,Matías Vargas,1997-05-08,22.32,168.0,right,Attack,Left Winger,Argentina,Argentina,21,1019,0,3,714,RCD Espanyol Barcelona,1819,11000000.0,9000000.0,0.995,1.0,0.984,same_club
7888,Nemanja Gudelj,ESP,2019-20,Sevilla,D M S,24,1173,0,0,0,7,2,0.279,0.279,0.128,2.902,2.59,6,0,74294,Nemanja Gudelj,1991-11-16,27.79,187.0,right,Midfield,Defensive Midfield,Serbia,Jugoslawien (SFR),24,1202,0,0,368,Sevilla FC,2216,6500000.0,5500000.0,0.993,1.0,0.976,same_club
7889,Dani Martín,ESP,2019-20,Real Betis,GK S,6,531,0,0,0,0,1,0.0,0.0,0.032,0.333,0.301,0,0,335221,Dani Martín,1998-07-08,21.15,187.0,right,Goalkeeper,Goalkeeper,Spain,Spain,6,530,0,0,150,Real Betis Balompié,740,600000.0,2700000.0,0.999,1.0,0.998,same_club
7893,Héctor Herrera,ESP,2019-20,Atletico Madrid,M S,21,1111,0,0,2,14,21,0.631,0.631,2.395,4.988,3.611,1,0,122043,Héctor Herrera,1990-04-19,29.37,183.0,right,Midfield,Central Midfield,Mexico,Mexico,21,1120,0,2,13,Atlético de Madrid,1531,22000000.0,16000000.0,0.998,1.0,0.992,same_club
7894,Ivan Saponjic,ESP,2019-20,Atletico Madrid,S,2,2,0,0,0,1,0,0.324,0.324,0.0,0.324,0.0,0,0,274347,Ivan Saponjic,1997-08-02,22.08,190.0,right,Attack,Centre-Forward,Serbia,Yugoslavia (Republic),2,4,0,0,13,Atlético de Madrid,64,900000.0,1200000.0,0.993,1.0,0.978,same_club
7896,José Antonio Martínez,ESP,2019-20,Granada,D S,20,1186,0,0,1,2,1,0.053,0.053,0.025,2.038,2.038,0,0,311287,José Antonio Martínez,1993-02-12,26.55,191.0,left,Defender,Centre-Back,Spain,Spain,20,1187,0,1,16795,Granada CF,1474,1200000.0,1200000.0,1.0,1.0,0.999,same_club
7905,Fede San Emeterio,ESP,2019-20,Real Valladolid,M S,25,1755,0,0,0,3,6,0.037,0.037,0.455,5.015,4.562,4,0,307519,Fede San Emeterio,1997-03-16,22.46,176.0,right,Midfield,Central Midfield,Spain,Spain,25,1751,0,0,366,Real Valladolid CF,1897,5000000.0,3200000.0,0.999,1.0,0.998,same_club
7916,Pol Lozano,ESP,2019-20,Espanyol,M S,5,165,0,0,0,0,0,0.0,0.0,0.0,0.175,0.175,0,1,412045,Pol Lozano,1999-10-06,19.9,176.0,right,Midfield,Central Midfield,Spain,Spain,5,171,0,0,714,RCD Espanyol Barcelona,747,250000.0,1300000.0,0.989,1.0,0.965,same_club
7917,Marc Pedraza,ESP,2019-20,Mallorca,M S,3,135,0,0,0,0,0,0.0,0.0,0.0,0.054,0.054,0,0,72319,Marc Pedraza,1987-02-06,32.57,184.0,,Midfield,Central Midfield,Spain,Spain,3,131,0,0,237,RCD Mallorca,234,400000.0,300000.0,0.991,1.0,0.97,same_club
8002,Rodrigo Riquelme,ESP,2019-20,Atletico Madrid,S,1,8,0,0,0,1,0,0.021,0.021,0.0,0.021,0.0,0,0,461617,Rodrigo Riquelme,2000-04-02,19.41,174.0,right,Attack,Left Winger,Spain,Spain,1,12,0,0,13,Atlético de Madrid,30,,2300000.0,0.987,1.0,0.956,same_club
8014,Abdón Prats,ESP,2019-20,Mallorca,S,20,224,0,0,0,11,1,1.756,1.013,0.017,0.434,0.121,1,0,177452,Abdón Prats,1992-12-07,26.73,181.0,left,Attack,Centre-Forward,Spain,Spain,20,258,0,0,237,RCD Mallorca,383,800000.0,650000.0,0.96,1.0,0.868,same_club
8041,Ismael Gutiérrez,ESP,2019-20,Real Betis,M S,3,82,0,0,0,0,0,0.0,0.0,0.0,0.0,0.0,1,0,630990,Ismael Gutiérrez,2000-08-07,19.07,178.0,right,Midfield,Central Midfield,Spain,Spain,3,83,0,0,150,Real Betis Balompié,154,,900000.0,0.997,1.0,0.989,same_club
8042,Raul García,ESP,2019-20,Real Betis,S,3,14,0,0,0,0,0,0.0,0.0,0.0,0.0,0.0,0,0,631002,Raúl García,2000-11-03,18.83,192.0,right,Attack,Centre-Forward,Spain,Spain,3,16,0,0,150,Real Betis Balompié,16,,,0.993,1.0,0.978,same_club
8051,Ismail Köybasi,ESP,2019-20,Granada,D M S,4,231,0,0,0,1,0,0.045,0.045,0.0,0.262,0.262,1,0,74641,İsmail Köybaşı,1989-07-10,30.14,179.0,left,Defender,Left-Back,Türkiye,Türkiye,4,230,0,0,16795,Granada CF,324,500000.0,325000.0,0.976,0.963,0.996,same_club
8058,Thierry Correia,ESP,2019-20,Valencia,D S,4,257,0,0,0,1,2,0.017,0.017,0.141,1.45,1.351,0,0,367466,Thierry Correia,1999-03-09,20.48,176.0,right,Defender,Right-Back,Portugal,Portugal,4,259,0,0,1049,Valencia CF,939,400000.0,2700000.0,0.998,1.0,0.992,same_club
8073,Aridai Cabrera,ESP,2019-20,Mallorca,S,2,32,0,0,0,1,0,0.039,0.039,0.0,0.039,0.0,0,0,76032,Aridai Cabrera,1988-09-26,30.93,168.0,right,Attack,Right Winger,Spain,Spain,2,35,0,0,237,RCD Mallorca,110,400000.0,325000.0,0.99,1.0,0.967,same_club
8086,Víctor Gómez,ESP,2019-20,Espanyol,D M S,18,1265,0,0,0,5,11,0.165,0.165,0.589,1.948,1.442,2,0,495601,Víctor Gómez,2000-04-01,19.42,171.0,right,Defender,Right-Back,Spain,Spain,18,1268,0,0,714,RCD Espanyol Barcelona,1453,300000.0,2300000.0,0.999,1.0,0.998,same_club
8091,Ronald Araújo,ESP,2019-20,Barcelona,D S,6,230,0,0,0,1,0,0.393,0.393,0.0,0.464,0.464,0,1,480267,Ronald Araujo,1999-03-07,20.49,192.0,right,Defender,Centre-Back,Uruguay,Uruguay,6,236,0,0,131,FC Barcelona,236,1500000.0,4500000.0,0.992,1.0,0.975,same_club
8107,Jorge De Frutos,ESP,2019-20,Real Valladolid,S,3,53,0,0,0,1,1,0.05,0.05,0.098,0.05,0.0,0,0,455181,Jorge de Frutos,1997-02-20,22.53,173.0,right,Attack,Right Winger,Spain,Spain,3,56,0,0,366,Real Valladolid CF,252,5000000.0,2000000.0,0.99,1.0,0.967,same_club
8140,Munas Dabbur,ESP,2019-20,Sevilla,S,2,18,0,0,0,2,0,0.113,0.113,0.0,0.296,0.183,0,0,145866,Munas Dabbur,1992-05-14,27.3,182.0,right,Attack,Centre-Forward,Israel,Israel,2,24,0,0,368,Sevilla FC,1246,15000000.0,8000000.0,0.98,1.0,0.933,same_club
8140,Munas Dabbur,ESP,2019-20,Sevilla,S,2,18,0,0,0,2,0,0.113,0.113,0.0,0.296,0.183,0,0,145866,Munas Dabbur,1992-05-14,27.3,182.0,right,Attack,Centre-Forward,Israel,Israel,2,24,0,0,368,Sevilla FC,1246,15000000.0,8000000.0,0.995,1.0,0.983,same_club
8142,Edgar González,ESP,2019-20,Real Betis,M S,10,696,0,0,0,6,0,0.978,0.978,0.0,2.046,2.046,3,0,401624,Edgar González,1997-04-01,22.42,192.0,right,Defender,Centre-Back,Spain,Spain,10,687,0,0,150,Real Betis Balompié,896,300000.0,800000.0,0.996,1.0,0.987,same_club
8149,Vicente Esquerdo,ESP,2019-20,Valencia,S,3,10,0,0,0,0,0,0.0,0.0,0.0,0.0,0.0,0,0,599263,Vicente Esquerdo,1999-01-02,20.66,180.0,left,Midfield,Attacking Midfield,Spain,Spain,3,12,0,0,1049,Valencia CF,97,100000.0,300000.0,0.993,1.0,0.978,same_club
8159,Florent Poulolo,ESP,2019-20,Getafe,S,1,1,0,0,0,0,0,0.0,0.0,0.0,0.0,0.0,0,0,600151,Florent Poulolo,1997-01-02,22.66,189.0,,Defender,Centre-Back,Martinique,Martinique,1,1,0,0,3709,Getafe CF,91,,150000.0,1.0,1.0,1.0,same_club
8183,Pablo Martínez,ESP,2019-20,Levante,S,5,24,0,0,0,1,0,0.086,0.086,0.0,0.0,0.0,0,0,568835,Pablo Martínez,1998-02-22,21.52,182.0,right,Midfield,Central Midfield,Spain,Spain,5,29,0,0,3368,Levante UD,160,250000.0,250000.0,0.983,1.0,0.944,same_club
8184,Eliseo,ESP,2019-20,Levante,D,1,77,0,0,0,0,0,0.0,0.0,0.0,0.116,0.116,0,1,396115,Eliseo Falcón,1997-02-11,22.55,186.0,right,Defender,Centre-Back,Spain,Spain,1,74,0,0,3368,Levante UD,284,100000.0,300000.0,0.96,0.95,0.967,same_club
8195,Gonzalo Pereira,ESP,2019-20,Levante,S,1,9,0,0,0,0,0,0.0,0.0,0.0,0.0,0.0,0,0,536152,Gonzalo Pereira,1997-02-14,22.54,182.0,right,Defender,Centre-Back,Spain,Spain,1,12,0,0,3368,Levante UD,102,100000.0,300000.0,0.99,1.0,0.967,same_club
8203,Mario Rodríguez,ESP,2019-20,Granada,S,1,1,0,0,0,0,0,0.0,0.0,0.0,0.0,0.0,0,0,251888,Mario Rodríguez,1997-03-03,22.5,180.0,,Attack,Left Winger,Spain,Spain,1,1,0,0,16795,Granada CF,91,100000.0,200000.0,1.0,1.0,1.0,same_club
8209,Miguel Ángel Atienza,ESP,2019-20,Eibar,S,3,27,0,0,0,2,0,0.072,0.072,0.0,0.188,0.129,0,0,480955,Miguel Atienza,1999-05-27,20.27,186.0,right,Midfield,Central Midfield,Spain,Spain,3,28,0,0,1533,SD Eibar,50,150000.0,150000.0,0.967,0.95,0.989,same_club
8212,Juan Hernández,ESP,2019-20,Celta Vigo,F S,5,85,0,0,0,1,2,0.034,0.034,0.154,0.833,0.645,0,0,349873,Juan Hernández,1994-12-06,24.74,177.0,left,Attack,Right Winger,Spain,Spain,5,85,0,0,940,Celta de Vigo,303,500000.0,650000.0,1.0,1.0,1.0,same_club
8230,German Valera,ESP,2019-20,Atletico Madrid,S,1,2,0,0,0,0,1,0.0,0.0,0.091,0.0,0.0,0,0,548188,Germán Valera,2002-03-16,17.46,170.0,left,Attack,Left Winger,Spain,Spain,1,3,0,0,13,Atlético de Madrid,3,,1800000.0,0.997,1.0,0.989,same_club
8263,Javi Martínez,ESP,2019-20,Osasuna,S,1,6,0,0,0,0,0,0.0,0.0,0.0,0.0,0.0,0,0,471474,Javi Martínez,1999-12-22,19.69,181.0,right,Midfield,Attacking Midfield,Spain,Spain,1,9,0,0,331,CA Osasuna,17,200000.0,200000.0,0.99,1.0,0.967,same_club
8266,Óscar Clemente,ESP,2019-20,Atletico Madrid,S,1,2,0,0,0,0,0,0.0,0.0,0.0,0.0,0.0,0,0,396340,Óscar Clemente,1999-03-26,20.44,176.0,left,Midfield,Attacking Midfield,Spain,Spain,1,3,0,0,13,Atlético de Madrid,3,250000.0,900000.0,0.997,1.0,0.989,same_club
8306,Sofian Chakla,ESP,2019-20,Villarreal,D,2,180,0,0,0,1,0,0.054,0.054,0.0,0.108,0.108,1,0,236956,Soufiane Chakla,1993-09-02,26.0,188.0,right,Defender,Centre-Back,Morocco,Morocco,2,180,0,0,1050,Villarreal CF,225,250000.0,800000.0,0.97,0.95,1.0,same_club
8307,Ljubomir Fejsa,ESP,2019-20,Alaves,M S,13,810,0,0,0,1,1,0.012,0.012,0.014,0.809,0.782,2,0,46110,Ljubomir Fejsa,1988-08-14,31.05,183.0,right,Midfield,Defensive Midfield,Serbia,Jugoslawien (SFR),13,791,0,0,1108,Deportivo Alavés,1143,8000000.0,2800000.0,0.993,1.0,0.977,same_club
8320,Leonardo Koutris,ESP,2019-20,Mallorca,D S,2,93,0,0,0,0,1,0.0,0.0,0.138,0.676,0.538,0,0,187530,Leonardo Koutris,1995-07-23,24.11,175.0,left,Defender,Left-Back,Greece,Brazil,2,93,0,0,237,RCD Mallorca,660,6000000.0,3500000.0,1.0,1.0,1.0,same_club
8329,Unai Vencedor,ESP,2019-20,Athletic Club,M,1,75,0,0,0,1,1,0.06,0.06,0.015,0.033,0.033,1,0,610083,Unai Vencedor,2000-11-15,18.79,176.0,right,Midfield,Central Midfield,Spain,Spain,1,74,0,0,621,Athletic Bilbao,142,300000.0,1800000.0,0.997,1.0,0.989,same_club
8334,Hugo Guillamón,ESP,2019-20,Valencia,D S,6,492,0,0,0,0,0,0.0,0.0,0.0,0.772,0.772,3,0,495629,Hugo Guillamón,2000-01-31,19.58,178.0,right,Midfield,Defensive Midfield,Spain,Spain,6,495,0,0,1049,Valencia CF,495,200000.0,200000.0,0.998,1.0,0.994,same_club
8390,Rafa Soares,ESP,2019-20,Eibar,D M,6,446,0,0,0,0,7,0.0,0.0,0.237,0.803,0.662,1,0,198006,Rafa Soares,1995-05-09,24.31,177.0,left,Defender,Left-Back,Portugal,Portugal,6,437,0,0,1533,SD Eibar,1550,3500000.0,2400000.0,0.994,1.0,0.98,same_club
8412,José Luis Rodríguez,ESP,2019-20,Alaves,S,1,16,0,0,0,1,0,0.021,0.021,0.0,0.021,0.0,0,0,425028,José Luis Rodríguez,1998-06-19,21.2,180.0,left,Attack,Left Winger,Panama,Panama,1,21,0,0,1108,Deportivo Alavés,21,500000.0,450000.0,0.983,1.0,0.944,same_club
8413,Javier López,ESP,2019-20,Alaves,D,1,90,0,0,0,0,0,0.0,0.0,0.0,0.059,0.059,0,0,568158,Javi López,2002-03-25,17.44,183.0,left,Defender,Left-Back,Spain,Spain,1,90,0,0,1108,Deportivo Alavés,90,,250000.0,0.97,0.95,1.0,same_club
8414,Mahmoud Abdallahi,ESP,2019-20,Alaves,M S,3,144,0,0,0,0,0,0.0,0.0,0.0,0.13,0.13,1,0,615636,Abdallahi Mahmoud,2000-05-04,19.33,187.0,right,Midfield,Central Midfield,Mauritania,Mauritania,3,150,0,0,1108,Deportivo Alavés,150,,100000.0,0.988,1.0,0.96,same_club
8415,Jacobo González,ESP,2019-20,Celta Vigo,D S,2,84,0,0,0,0,0,0.0,0.0,0.0,0.137,0.137,1,0,340870,Jacobo González,1997-03-25,22.44,179.0,right,Attack,Right Winger,Spain,Spain,2,83,0,0,940,Celta de Vigo,83,150000.0,200000.0,0.997,1.0,0.989,same_club
8417,Álex Baena,ESP,2019-20,Villarreal,S,1,10,0,0,0,0,0,0.0,0.0,0.0,0.0,0.0,0,0,548111,Álex Baena,2001-07-20,18.12,172.0,right,Attack,Left Winger,Spain,Spain,1,14,0,0,1050,Villarreal CF,41,,200000.0,0.987,1.0,0.956,same_club
8419,Matheus Fernandes,ESP,2019-20,Real Valladolid,M S,3,169,0,0,0,3,1,0.629,0.629,0.01,0.22,0.11,0,0,351892,Matheus Fernandes,1998-06-30,21.17,183.0,right,Midfield,Defensive Midfield,Brazil,Brazil,3,166,0,0,366,Real Valladolid CF,166,4000000.0,3200000.0,0.995,1.0,0.982,same_club
8423,Jon Pacheco Dozagarat,ESP,2019-20,Real Sociedad,D,1,82,0,0,0,0,0,0.0,0.0,0.0,0.29,0.29,0,0,580560,Jon Pacheco,2001-01-08,18.64,184.0,left,Defender,Centre-Back,Spain,Spain,1,78,0,0,681,Real Sociedad,78,,200000.0,0.957,0.95,0.956,same_club
8424,Aimar Oroz,ESP,2019-20,Osasuna,S,1,7,0,0,0,0,0,0.0,0.0,0.0,0.0,0.0,0,0,634131,Aimar Oroz,2001-11-27,17.76,177.0,right,Midfield,Attacking Midfield,Spain,Spain,1,10,0,0,331,CA Osasuna,10,,100000.0,0.99,1.0,0.967,same_club
8425,Giorgi Kochorashvili,ESP,2019-20,Levante,S,1,1,0,0,0,0,0,0.0,0.0,0.0,0.0,0.0,0,0,405564,Giorgi Kochorashvili,1999-06-29,20.18,178.0,right,Midfield,Central Midfield,Georgia,Georgia,1,1,0,0,3368,Levante UD,1,150000.0,100000.0,1.0,1.0,1.0,same_club
8429,Luka Romero,ESP,2019-20,Mallorca,S,1,5,0,0,0,0,0,0.0,0.0,0.0,0.0,0.0,0,0,769063,Luka Romero,2004-11-18,14.78,169.0,left,Attack,Right Winger,Argentina,Mexico,1,7,0,0,237,RCD Mallorca,7,,,0.993,1.0,0.978,same_club
8461,Nicolás Melamed,ESP,2019-20,Espanyol,M S,6,178,0,0,0,4,4,0.125,0.125,0.854,0.956,0.857,1,0,570421,Nico Melamed,2001-04-11,18.39,173.0,right,Attack,Left Winger,Spain,Spain,6,180,0,0,714,RCD Espanyol Barcelona,214,,300000.0,0.967,0.95,0.989,same_club
8470,Kike Pérez,ESP,2019-20,Real Valladolid,M S,6,210,0,0,0,5,4,0.382,0.382,0.126,0.889,0.412,1,0,527698,Kike Pérez,1997-02-14,22.54,184.0,left,Midfield,Central Midfield,Spain,Spain,6,216,0,0,366,Real Valladolid CF,230,250000.0,250000.0,0.992,1.0,0.972,same_club
8507,Manuel Garrido,ESP,2019-20,Leganes,F S,4,122,0,0,0,1,0,0.479,0.479,0.0,0.597,0.118,1,0,789328,Manu Garrido,2000-10-06,18.9,190.0,right,Attack,Centre-Forward,Spain,Spain,4,116,0,0,1244,CD Leganés,116,,,0.955,0.95,0.951,same_club
8509,Joan Monterde,ESP,2019-20,Levante,S,1,1,0,0,0,0,0,0.0,0.0,0.0,0.0,0.0,0,0,445631,Joan Monterde,1997-12-18,21.7,168.0,right,Attack,Right Winger,Spain,Spain,1,8,0,0,3368,Levante UD,8,200000.0,250000.0,0.977,1.0,0.922,same_club
8525,Álex Blesa,ESP,2019-20,Levante,S,1,1,0,0,0,0,0,0.0,0.0,0.0,0.886,0.886,0,0,611198,Álex Blesa,2002-01-15,17.63,180.0,left,Midfield,Attacking Midfield,Spain,Spain,1,1,0,0,3368,Levante UD,1,100000.0,100000.0,1.0,1.0,1.0,same_club
8531,Adrià Guerrero,ESP,2019-20,Valencia,D S,2,125,0,0,0,0,0,0.0,0.0,0.0,0.14,0.14,1,0,282724,Adrián Guerrero,1998-01-28,21.59,175.0,left,Midfield,Left Midfield,Spain,Spain,2,127,0,0,1049,Valencia CF,127,150000.0,250000.0,0.975,0.966,0.984,same_club
8554,Rafael Obrador,ESP,2019-20,Mallorca,S,1,1,0,0,0,0,0,0.0,0.0,0.0,0.0,0.0,0,0,646747,Rafa Obrador,2004-02-24,15.52,181.0,left,Defender,Left-Back,Spain,Spain,1,3,0,0,237,RCD Mallorca,3,,,0.963,0.95,0.978,same_club
227,Robert Lewandowski,GER,2019-20,Bayern Munich,F,31,2763,34,29,4,138,36,31.197,27.408,7.271,39.65,9.744,5,0,38253,Robert Lewandowski,1988-08-21,31.03,186.0,right,Attack,Centre-Forward,Poland,Poland,31,2761,34,4,27,Bayern Munich,4134,65000000.0,56000000.0,1.0,1.0,0.999,same_club
65,Timo Werner,GER,2019-20,RasenBallsport Leipzig,F M S,34,2825,28,25,8,123,53,23.448,21.175,9.676,35.586,7.972,4,0,170527,Timo Werner,1996-03-06,23.49,180.0,right,Attack,Centre-Forward,Germany,Germany,34,2808,28,8,23826,RB Leipzig,3589,65000000.0,64000000.0,0.998,1.0,0.994,same_club
6345,Jadon Sancho,GER,2019-20,Borussia Dortmund,F M S,32,2284,17,17,16,52,69,10.752,10.752,11.468,28.82,11.866,2,0,401173,Jadon Sancho,2000-03-25,19.44,180.0,right,Attack,Left Winger,England,England,32,2292,17,17,16,Borussia Dortmund,3277,100000000.0,117000000.0,0.999,1.0,0.997,same_club
7052,Wout Weghorst,GER,2019-20,Wolfsburg,F S,32,2736,16,12,3,85,37,17.838,14.807,2.214,19.158,5.004,7,0,228645,Wout Weghorst,1992-08-07,27.07,197.0,right,Attack,Centre-Forward,Netherlands,Netherlands,32,2740,16,3,82,VfL Wolfsburg,3711,20000000.0,21500000.0,1.0,1.0,0.999,same_club
7060,Rouwen Hennings,GER,2019-20,Fortuna Duesseldorf,F S,32,2458,15,11,0,73,22,11.297,8.266,1.059,8.533,1.145,4,0,16311,Rouwen Hennings,1987-08-28,32.01,180.0,left,Attack,Centre-Forward,Germany,Germany,32,2459,15,0,38,Fortuna Düsseldorf,2879,1500000.0,2000000.0,1.0,1.0,1.0,same_club
48,Jhon Córdoba,GER,2019-20,FC Cologne,F S,29,2015,13,13,2,60,25,8.335,8.335,2.022,12.444,3.328,5,0,185245,Jhon Córdoba,1993-05-11,26.31,186.0,right,Attack,Centre-Forward,Colombia,Colombia,29,2004,13,2,3,1.FC Köln,2154,6500000.0,9500000.0,0.998,1.0,0.995,same_club
306,Florian Niederlechner,GER,2019-20,Augsburg,F M S,33,2762,13,12,6,78,29,14.085,12.57,5.858,17.58,1.624,1,0,152963,Florian Niederlechner,1990-10-24,28.85,187.0,right,Attack,Centre-Forward,Germany,Germany,33,2731,13,8,167,FC Augsburg,2821,3500000.0,8000000.0,0.997,1.0,0.989,same_club
1275,Robin Quaison,GER,2019-20,Mainz 05,F M S,32,2631,13,12,2,71,28,11.197,10.439,2.761,13.351,3.495,2,0,206542,Robin Quaison,1993-10-09,25.89,183.0,right,Attack,Centre-Forward,Sweden,Sweden,32,2611,13,2,39,1.FSV Mainz 05,2701,8000000.0,10500000.0,0.998,1.0,0.992,same_club
8260,Erling Haaland,GER,2019-20,Borussia Dortmund,F S,15,1061,13,13,2,33,9,8.889,8.889,1.526,11.366,2.985,0,0,418560,Erling Haaland,2000-07-21,19.11,195.0,left,Attack,Centre-Forward,Norway,England,15,1063,13,3,16,Borussia Dortmund,1662,5000000.0,72000000.0,0.999,1.0,0.998,same_club
956,Andrej Kramaric,GER,2019-20,Hoffenheim,F M S,19,1411,12,10,2,44,28,9.899,8.383,4.024,11.398,2.766,3,0,46580,Andrej Kramaric,1991-06-19,28.2,177.0,right,Attack,Second Striker,Croatia,Jugoslawien (SFR),19,1423,12,4,533,TSG 1899 Hoffenheim,1513,38000000.0,30500000.0,0.997,1.0,0.992,same_club
993,Serge Gnabry,GER,2019-20,Bayern Munich,F M S,31,2221,12,12,10,95,54,14.172,14.172,12.499,33.75,12.323,0,0,159471,Serge Gnabry,1995-07-14,24.13,176.0,right,Attack,Second Striker,Germany,Germany,31,2203,12,11,27,Bayern Munich,3346,60000000.0,72000000.0,0.998,1.0,0.992,same_club
5220,Kai Havertz,GER,2019-20,Bayer Leverkusen,F M S,30,2467,12,11,6,59,58,10.059,9.302,8.284,23.021,9.871,3,0,309400,Kai Havertz,1999-06-11,20.22,193.0,left,Attack,Centre-Forward,Germany,Germany,30,2463,12,6,15,Bayer 04 Leverkusen,3797,90000000.0,81000000.0,1.0,1.0,0.998,same_club
6170,André Silva,GER,2019-20,Eintracht Frankfurt,F S,25,1575,12,11,3,54,32,11.538,10.78,4.555,14.233,1.55,1,0,198008,André Silva,1995-11-06,23.82,186.0,right,Attack,Centre-Forward,Portugal,Portugal,25,1580,12,4,24,Eintracht Frankfurt,2567,22000000.0,16000000.0,0.999,1.0,0.997,same_club
6170,André Silva,GER,2019-20,Eintracht Frankfurt,F S,25,1575,12,11,3,54,32,11.538,10.78,4.555,14.233,1.55,1,0,198008,André Silva,1995-11-06,23.82,186.0,right,Attack,Centre-Forward,Portugal,Portugal,25,1580,12,4,24,Eintracht Frankfurt,2567,22000000.0,16000000.0,0.997,1.0,0.989,same_club
7880,Sebastian Andersson,GER,2019-20,Union Berlin,F S,33,2705,12,11,1,64,23,13.026,11.51,1.822,11.694,3.058,5,0,147573,Sebastian Andersson,1991-07-15,28.13,190.0,right,Attack,Centre-Forward,Sweden,Sweden,33,2692,12,3,89,1.FC Union Berlin,2873,2000000.0,4800000.0,0.999,1.0,0.995,same_club
319,Marco Reus,GER,2019-20,Borussia Dortmund,F M S,19,1505,11,10,5,47,22,9.105,8.347,3.134,16.013,6.055,1,0,35207,Marco Reus,1989-05-31,30.25,180.0,right,Midfield,Attacking Midfield,Germany,Germany,19,1502,11,6,16,Borussia Dortmund,2120,50000000.0,32000000.0,0.999,1.0,0.998,same_club
4248,Nils Petersen,GER,2019-20,Freiburg,F M S,34,2415,11,10,2,55,34,8.717,7.959,3.729,12.844,3.048,1,0,42936,Nils Petersen,1988-12-06,30.74,188.0,right,Attack,Centre-Forward,Germany,East Germany (GDR),34,2431,11,2,60,SC Freiburg,2608,8000000.0,6500000.0,0.998,1.0,0.993,same_club
83,Kevin Volland,GER,2019-20,Bayer Leverkusen,D F M S,27,2060,10,10,7,77,34,11.828,11.828,5.832,22.597,6.918,3,0,82009,Kevin Volland,1992-07-30,27.09,179.0,left,Midfield,Attacking Midfield,Germany,Germany,27,2050,10,8,15,Bayer 04 Leverkusen,3018,30000000.0,28000000.0,0.999,1.0,0.995,same_club
1236,Patrik Schick,GER,2019-20,RasenBallsport Leipzig,F S,22,1313,10,10,2,53,20,8.024,8.024,2.906,8.005,1.839,3,0,242086,Patrik Schick,1996-01-24,23.6,191.0,left,Attack,Centre-Forward,Czech Republic,Czech Republic,22,1302,10,2,23826,RB Leipzig,1631,15000000.0,20000000.0,0.997,1.0,0.992,same_club
3310,Alassane Pléa,GER,2019-20,Borussia M.Gladbach,F M S,27,2159,10,10,10,77,39,12.699,11.941,8.42,19.668,4.573,0,2,167329,Alassane Pléa,1993-03-10,26.48,181.0,right,Attack,Centre-Forward,France,France,27,2140,10,10,18,Borussia Mönchengladbach,2453,30000000.0,24000000.0,0.997,1.0,0.991,same_club
5992,Marcus Thuram,GER,2019-20,Borussia M.Gladbach,F M S,31,2225,10,10,8,57,31,11.054,11.054,7.945,19.86,4.331,3,0,318528,Marcus Thuram,1997-08-06,22.07,192.0,right,Attack,Centre-Forward,France,Italy,31,2228,10,8,18,Borussia Mönchengladbach,2901,9000000.0,22500000.0,1.0,1.0,0.999,same_club
208,Lars Stindl,GER,2019-20,Borussia M.Gladbach,F M S,25,1436,9,7,3,34,27,7.677,6.161,3.878,14.309,6.692,4,0,48298,Lars Stindl,1988-08-26,31.01,181.0,right,Midfield,Attacking Midfield,Germany,Germany,25,1433,9,3,18,Borussia Mönchengladbach,1712,10000000.0,6500000.0,0.999,1.0,0.998,same_club
5248,Marcel Sabitzer,GER,2019-20,RasenBallsport Leipzig,D F M S,32,2510,9,9,7,70,60,6.578,6.578,5.928,19.51,11.217,4,0,106987,Marcel Sabitzer,1994-03-17,25.46,178.0,right,Midfield,Central Midfield,Austria,Austria,32,2506,9,8,23826,RB Leipzig,3558,25000000.0,32000000.0,1.0,1.0,0.998,same_club
135,Yuya Osako,GER,2019-20,Werder Bremen,F M S,28,1879,8,8,2,45,29,6.274,6.274,1.929,10.336,3.48,2,0,108650,Yuya Osako,1990-05-18,29.29,184.0,right,Attack,Centre-Forward,Japan,Japan,28,1858,8,2,86,SV Werder Bremen,2058,5000000.0,3500000.0,0.997,1.0,0.989,same_club
158,Bas Dost,GER,2019-20,Eintracht Frankfurt,F S,24,1480,8,8,2,32,19,7.224,7.224,1.983,10.67,2.633,2,0,56331,Bas Dost,1989-05-31,30.25,196.0,right,Attack,Centre-Forward,Netherlands,Netherlands,24,1476,8,2,24,Eintracht Frankfurt,1855,17000000.0,6500000.0,0.999,1.0,0.997,same_club
224,Thomas Müller,GER,2019-20,Bayern Munich,M S,33,2258,8,8,20,53,83,8.575,8.575,15.506,36.357,18.292,5,0,58358,Thomas Müller,1989-09-13,29.97,185.0,right,Attack,Second Striker,Germany,Germany,33,2261,8,21,27,Bayern Munich,3499,35000000.0,25500000.0,1.0,1.0,0.999,same_club
267,Philipp Max,GER,2019-20,Augsburg,D M,31,2722,8,7,6,36,59,3.457,2.7,5.474,10.658,5.777,5,0,111275,Philipp Max,1993-09-30,25.92,177.0,left,Defender,Left-Back,Germany,Germany,31,2714,8,6,167,FC Augsburg,2714,17000000.0,13500000.0,0.999,1.0,0.997,same_club
488,Philippe Coutinho,GER,2019-20,Bayern Munich,M S,23,1420,8,7,6,58,30,9.069,8.311,4.277,19.347,8.967,0,0,80444,Philippe Coutinho,1992-06-12,27.22,172.0,right,Midfield,Attacking Midfield,Brazil,Brazil,23,1414,8,6,27,Bayern Munich,2146,90000000.0,56000000.0,0.999,1.0,0.996,same_club
2668,Martin Hinteregger,GER,2019-20,Eintracht Frankfurt,D S,31,2721,8,8,1,45,7,4.827,4.827,1.469,8.395,7.302,8,0,85789,Martin Hinteregger,1992-09-07,26.98,184.0,left,Defender,Centre-Back,Austria,Austria,31,2721,8,2,24,Eintracht Frankfurt,4259,16000000.0,14500000.0,1.0,1.0,1.0,same_club
3455,Raphael Guerreiro,GER,2019-20,Borussia Dortmund,D M S,29,2343,8,8,2,40,38,5.235,5.235,3.176,17.548,13.019,3,0,170986,Raphaël Guerreiro,1993-12-22,25.69,170.0,left,Defender,Left-Back,Portugal,France,29,2339,8,3,16,Borussia Dortmund,2962,25000000.0,28000000.0,0.999,1.0,0.998,same_club
5356,Breel Embolo,GER,2019-20,Borussia M.Gladbach,F M S,28,1544,8,8,5,46,21,9.813,9.055,4.304,15.362,5.058,4,0,237662,Breel Embolo,1997-02-14,22.54,184.0,right,Attack,Centre-Forward,Switzerland,Cameroon,28,1552,8,8,18,Borussia Mönchengladbach,1903,14000000.0,13000000.0,0.998,1.0,0.995,same_club
6475,Lucas Höler,GER,2019-20,Freiburg,F M S,34,2502,8,8,2,52,31,9.119,8.361,2.403,11.835,3.139,4,0,248999,Lucas Höler,1994-07-10,25.14,184.0,right,Attack,Centre-Forward,Germany,Germany,34,2495,8,5,60,SC Freiburg,2582,3000000.0,3200000.0,0.999,1.0,0.997,same_club
6523,Milot Rashica,GER,2019-20,Werder Bremen,F M S,28,2295,8,6,5,73,40,6.465,4.192,2.693,8.432,4.147,2,0,291739,Milot Rashica,1996-06-28,23.18,178.0,right,Attack,Right Winger,Kosovo,Yugoslavia (Republic),28,2277,8,7,86,SV Werder Bremen,2621,20000000.0,28000000.0,0.998,1.0,0.992,same_club
29,Vedad Ibisevic,GER,2019-20,Hertha Berlin,F S,25,1270,7,6,2,28,12,6.342,5.585,2.823,9.176,1.573,4,0,21175,Vedad Ibisevic,1984-08-06,35.07,188.0,right,Attack,Centre-Forward,Bosnia-Herzegovina,Jugoslawien (SFR),25,1260,7,3,44,Hertha BSC,1368,2000000.0,1200000.0,0.998,1.0,0.992,same_club
213,Thorgan Hazard,GER,2019-20,Borussia Dortmund,F M S,33,2405,7,7,13,50,57,5.94,5.94,7.815,22.703,11.461,3,0,102226,Thorgan Hazard,1993-03-29,26.43,175.0,right,Midfield,Attacking Midfield,Belgium,Belgium,33,2392,7,13,16,Borussia Dortmund,3096,38000000.0,32000000.0,0.998,1.0,0.995,same_club
294,Gian-Luca Waldschmidt,GER,2019-20,Freiburg,F S,23,1273,7,4,1,43,12,5.223,2.95,1.633,6.184,2.108,3,0,196095,Luca Waldschmidt,1996-05-19,23.29,181.0,left,Attack,Centre-Forward,Germany,Germany,23,1267,7,3,60,SC Freiburg,1387,12000000.0,16000000.0,0.969,0.95,0.995,same_club
307,Suat Serdar,GER,2019-20,Schalke 04,M S,20,1609,7,7,0,36,11,3.162,3.162,0.913,6.012,2.284,2,0,261905,Suat Serdar,1997-04-11,22.39,184.0,right,Midfield,Central Midfield,Germany,Germany,20,1604,7,0,33,FC Schalke 04,1684,13000000.0,20000000.0,0.999,1.0,0.997,same_club
5706,Dodi Lukebakio,GER,2019-20,Hertha Berlin,F M S,30,2050,7,7,6,40,36,7.522,7.522,5.296,14.563,4.884,2,0,303259,Dodi Lukébakio,1997-09-24,21.94,184.0,left,Attack,Right Winger,Belgium,Belgium,30,2045,7,7,44,Hertha BSC,2200,18000000.0,17000000.0,0.999,1.0,0.998,same_club
6045,Davy Klaassen,GER,2019-20,Werder Bremen,M,33,2946,7,6,5,45,40,7.191,4.918,3.006,12.366,5.733,7,0,182932,Davy Klaassen,1993-02-21,26.52,179.0,right,Midfield,Central Midfield,Netherlands,Netherlands,33,2941,7,6,86,SV Werder Bremen,3301,22000000.0,12000000.0,0.999,1.0,0.998,same_club
6338,Lucas Alario,GER,2019-20,Bayer Leverkusen,F S,24,1156,7,6,1,49,13,7.566,6.808,1.535,8.95,1.976,6,0,193782,Lucas Alario,1992-10-08,26.9,185.0,right,Attack,Centre-Forward,Argentina,Argentina,24,1163,7,3,15,Bayer 04 Leverkusen,1912,17000000.0,13500000.0,0.998,1.0,0.994,same_club
7051,Gonçalo Paciência,GER,2019-20,Eintracht Frankfurt,F S,23,1274,7,6,3,51,22,7.4,6.642,3.385,9.74,1.357,4,0,181547,Gonçalo Paciência,1994-08-01,25.08,184.0,right,Attack,Centre-Forward,Portugal,Portugal,23,1277,7,4,24,Eintracht Frankfurt,2235,6000000.0,12000000.0,0.999,1.0,0.998,same_club
7422,Christoph Baumgartner,GER,2019-20,Hoffenheim,F M S,26,1499,7,7,2,56,18,9.308,9.308,2.263,11.337,1.616,3,0,324278,Christoph Baumgartner,1999-08-01,20.08,180.0,right,Midfield,Attacking Midfield,Austria,Austria,26,1494,7,4,533,TSG 1899 Hoffenheim,1603,500000.0,5400000.0,0.999,1.0,0.997,same_club
7879,Marius Bülter,GER,2019-20,Union Berlin,D F M S,32,2357,7,7,1,41,26,3.442,3.442,3.825,7.674,1.809,1,0,116088,Marius Bülter,1993-03-29,26.43,188.0,right,Attack,Left Winger,Germany,Germany,32,2333,7,1,89,1.FC Union Berlin,2529,400000.0,2400000.0,0.997,1.0,0.99,same_club
98,Kenan Karaman,GER,2019-20,Fortuna Duesseldorf,F M S,20,1367,6,6,1,32,21,4.224,4.224,1.874,5.586,0.502,4,0,119557,Kenan Karaman,1994-03-05,25.49,189.0,right,Attack,Right Winger,Turkey,Germany,20,1358,6,1,38,Fortuna Düsseldorf,1432,2500000.0,2000000.0,0.998,1.0,0.993,same_club
335,Leon Goretzka,GER,2019-20,Bayern Munich,M S,24,1521,6,6,5,40,20,5.848,5.848,3.093,18.594,12.219,2,0,153084,Leon Goretzka,1995-02-06,24.57,189.0,right,Midfield,Central Midfield,Germany,Germany,24,1513,6,9,27,Bayern Munich,2475,50000000.0,40000000.0,0.998,1.0,0.995,same_club
420,Patrick Herrmann,GER,2019-20,Borussia M.Gladbach,F M S,27,1454,6,6,6,40,27,6.845,6.845,4.826,14.836,4.426,4,0,32711,Patrick Herrmann,1991-02-12,28.55,179.0,right,Attack,Right Winger,Germany,Germany,27,1451,6,8,18,Borussia Mönchengladbach,1669,4500000.0,5200000.0,0.999,1.0,0.998,same_club
2676,Erik Thommy,GER,2019-20,Fortuna Duesseldorf,D F M S,34,2264,6,6,4,61,38,3.994,3.994,4.896,11.12,4.91,3,0,156779,Erik Thommy,1994-08-20,25.03,175.0,right,Midfield,Attacking Midfield,Germany,Germany,34,2268,6,5,38,Fortuna Düsseldorf,2515,3000000.0,4500000.0,0.999,1.0,0.998,same_club
5717,Amine Harit,GER,2019-20,Schalke 04,F M S,25,2117,6,5,4,29,44,3.072,2.315,3.341,9.375,4.974,3,0,372711,Amine Harit,1997-06-18,22.2,180.0,right,Attack,Left Winger,Morocco,France,25,2108,6,4,33,FC Schalke 04,2408,10000000.0,24000000.0,0.999,1.0,0.996,same_club
6271,Ihlas Bebou,GER,2019-20,Hoffenheim,F M S,32,2085,6,6,1,35,31,4.253,4.253,2.929,9.962,3.806,1,0,237164,Ihlas Bebou,1994-04-23,25.36,185.0,right,Attack,Centre-Forward,Togo,Togo,32,2095,6,3,533,TSG 1899 Hoffenheim,2366,12000000.0,8000000.0,0.999,1.0,0.995,same_club
6484,Renato Steffen,GER,2019-20,Wolfsburg,D F M S,27,1600,6,6,3,29,25,4.363,4.363,2.785,9.012,2.555,6,0,194638,Renato Steffen,1991-11-03,27.83,170.0,left,Attack,Right Winger,Switzerland,Switzerland,27,1590,6,3,82,VfL Wolfsburg,2213,5000000.0,4000000.0,0.998,1.0,0.994,same_club
7791,Sebastiaan Bornauw,GER,2019-20,FC Cologne,D,28,2450,6,6,0,18,6,3.2,3.2,0.545,4.571,4.221,5,1,338629,Sebastiaan Bornauw,1999-03-22,20.45,191.0,right,Defender,Centre-Back,Belgium,Belgium,28,2449,6,0,3,1.FC Köln,2629,4000000.0,11000000.0,1.0,1.0,1.0,same_club
7810,Ruben Vargas,GER,2019-20,Augsburg,M S,33,2549,6,6,1,60,23,6.762,6.762,3.85,13.098,4.666,8,0,345886,Rubén Vargas,1998-08-05,21.07,179.0,right,Attack,Left Winger,Switzerland,Switzerland,33,2538,6,2,167,FC Augsburg,2538,4000000.0,9000000.0,0.999,1.0,0.996,same_club
81,Jonathan Schmid,GER,2019-20,Freiburg,D M S,33,2840,5,5,1,43,27,2.997,2.997,2.661,6.39,3.289,1,0,70285,Jonathan Schmid,1990-06-22,29.19,179.0,right,Defender,Right-Back,France,France,33,2840,5,2,60,SC Freiburg,3050,5000000.0,4000000.0,1.0,1.0,1.0,same_club
88,Mark Uth,GER,2019-20,"FC Cologne,Schalke 04",F M S,23,1534,5,4,5,51,33,7.83,5.556,4.841,10.109,4.252,5,0,112935,Mark Uth,1991-08-24,28.02,185.0,left,Attack,Centre-Forward,Germany,Germany,23,1517,5,6,"3,33","1.FC Köln,FC Schalke 04",1607,12000000.0,6000000.0,0.997,1.0,0.989,same_club
320,Jonas Hofmann,GER,2019-20,Borussia M.Gladbach,M S,24,1638,5,5,3,23,34,4.098,4.098,2.986,13.323,8.324,3,0,7161,Jonas Hofmann,1992-07-14,27.13,176.0,right,Midfield,Attacking Midfield,Germany,Germany,24,1632,5,3,18,Borussia Mönchengladbach,1944,9000000.0,7000000.0,0.999,1.0,0.996,same_club
359,Timothy Chandler,GER,2019-20,Eintracht Frankfurt,D M S,22,1202,5,5,1,20,12,1.82,1.82,1.429,5.012,2.593,4,0,49723,Timothy Chandler,1990-03-29,29.43,187.0,right,Defender,Right-Back,United States,Germany,22,1215,5,1,24,Eintracht Frankfurt,1577,4000000.0,2400000.0,0.997,1.0,0.989,same_club
2380,Paco Alcácer,GER,2019-20,Borussia Dortmund,F S,11,527,5,5,1,16,5,4.216,4.216,0.942,5.379,0.569,0,0,126716,Paco Alcácer,1993-08-30,26.0,175.0,right,Attack,Centre-Forward,Spain,Spain,11,527,5,1,16,Borussia Dortmund,1773,37000000.0,28000000.0,0.999,1.0,0.997,same_club
2380,Paco Alcácer,GER,2019-20,Borussia Dortmund,F S,11,527,5,5,1,16,5,4.216,4.216,0.942,5.379,0.569,0,0,126716,Paco Alcácer,1993-08-30,26.0,175.0,right,Attack,Centre-Forward,Spain,Spain,11,527,5,1,16,Borussia Dortmund,1773,37000000.0,28000000.0,1.0,1.0,1.0,same_club
3300,Christopher Nkunku,GER,2019-20,RasenBallsport Leipzig,D F M S,32,1918,5,5,13,52,73,8.301,8.301,9.999,21.608,8.681,2,0,344381,Christopher Nkunku,1997-11-14,21.8,177.0,right,Attack,Centre-Forward,France,France,32,1925,5,15,23826,RB Leipzig,2599,12000000.0,28000000.0,0.999,1.0,0.996,same_club
3349,Ramy Bensebaini,GER,2019-20,Borussia M.Gladbach,D S,19,1450,5,3,3,23,12,3.931,2.416,2.621,8.486,5.592,6,1,284732,Ramy Bensebaini,1995-04-16,24.38,187.0,left,Defender,Centre-Back,Algeria,Algeria,19,1449,5,4,18,Borussia Mönchengladbach,1769,8000000.0,9500000.0,1.0,1.0,0.999,same_club
3363,Benjamin Pavard,GER,2019-20,Bayern Munich,D S,32,2788,5,5,4,24,19,1.887,1.887,3.504,20.34,19.161,5,0,353366,Benjamin Pavard,1996-03-28,23.43,186.0,right,Defender,Centre-Back,France,France,32,2790,4,5,27,Bayern Munich,3978,30000000.0,28000000.0,0.966,1.0,0.999,same_club
5197,Achraf Hakimi,GER,2019-20,Borussia Dortmund,D M S,33,2709,5,5,10,38,36,5.067,5.067,5.511,24.144,16.294,5,0,398073,Achraf Hakimi,1998-11-04,20.82,180.0,right,Defender,Right-Back,Morocco,Spain,33,2717,5,10,16,Borussia Dortmund,3573,30000000.0,54000000.0,0.999,1.0,0.997,same_club
5221,Leon Bailey,GER,2019-20,Bayer Leverkusen,D F M S,22,1098,5,5,3,29,21,4.442,4.442,2.539,7.952,2.309,0,2,387626,Leon Bailey,1997-08-09,22.06,178.0,left,Attack,Right Winger,Jamaica,Jamaica,22,1092,5,3,15,Bayer 04 Leverkusen,1467,40000000.0,29500000.0,0.998,1.0,0.995,same_club
5231,Florian Kainz,GER,2019-20,FC Cologne,M S,28,1564,5,4,6,41,46,4.312,3.554,6.8,10.075,3.816,5,0,106270,Florian Kainz,1992-10-24,26.85,176.0,both,Midfield,Attacking Midfield,Austria,Austria,28,1563,5,7,3,1.FC Köln,1683,3000000.0,2400000.0,1.0,1.0,0.999,same_club
5249,Emil Forsberg,GER,2019-20,RasenBallsport Leipzig,M S,22,1147,5,3,2,26,27,3.511,1.996,2.689,8.254,4.601,1,0,111078,Emil Forsberg,1991-10-23,27.86,177.0,right,Attack,Left Winger,Sweden,Sweden,22,1141,5,2,23826,RB Leipzig,1752,25000000.0,22500000.0,0.998,1.0,0.995,same_club
5250,Yussuf Poulsen,GER,2019-20,RasenBallsport Leipzig,F S,22,1218,5,5,6,33,18,6.612,6.612,2.243,12.964,5.634,2,0,157635,Yussuf Poulsen,1994-06-15,25.21,192.0,right,Attack,Centre-Forward,Denmark,Denmark,22,1219,5,7,23826,RB Leipzig,2063,35000000.0,24000000.0,1.0,1.0,0.999,same_club
6556,Moussa Diaby,GER,2019-20,Bayer Leverkusen,F M S,28,1761,5,5,5,41,35,4.79,4.79,6.149,14.221,4.192,3,0,395516,Moussa Diaby,1999-07-07,20.15,170.0,left,Attack,Right Winger,France,France,28,1770,5,5,15,Bayer 04 Leverkusen,2554,12000000.0,27000000.0,0.998,1.0,0.995,same_club
7080,Matheus Cunha,GER,2019-20,"Hertha Berlin,RasenBallsport Leipzig",F M S,21,1011,5,5,1,51,12,5.392,5.392,1.524,8.433,2.676,3,0,517894,Matheus Cunha,1999-05-27,20.27,183.0,right,Attack,Centre-Forward,Brazil,Brazil,21,1018,5,3,"44,23826","Hertha BSC,RB Leipzig",1104,15000000.0,13500000.0,0.998,1.0,0.993,same_club
7799,Sven Michel,GER,2019-20,Paderborn,F S,29,1358,5,5,1,42,20,5.7,5.7,1.649,8.141,2.485,7,0,186988,Sven Michel,1990-07-15,29.13,177.0,left,Attack,Left Winger,Germany,Germany,29,1368,5,1,127,SC Paderborn 07,1420,1250000.0,1000000.0,0.998,1.0,0.993,same_club
7800,Streli Mamba,GER,2019-20,Paderborn,F S,24,1537,5,5,2,23,10,4.574,4.574,0.877,7.315,1.864,5,0,161060,Streli Mamba,1994-06-17,25.21,177.0,right,Attack,Centre-Forward,Germany,Germany,24,1527,5,2,127,SC Paderborn 07,1700,550000.0,1600000.0,0.998,1.0,0.993,same_club
7822,Dennis Srbeny,GER,2019-20,Paderborn,F M S,17,1135,5,5,1,28,7,2.265,2.265,0.666,3.278,0.541,2,0,159239,Dennis Srbeny,1994-05-05,25.33,190.0,right,Attack,Centre-Forward,Germany,Germany,17,1127,5,2,127,SC Paderborn 07,1168,1250000.0,800000.0,0.96,1.0,0.867,same_club
7822,Dennis Srbeny,GER,2019-20,Paderborn,F M S,17,1135,5,5,1,28,7,2.265,2.265,0.666,3.278,0.541,2,0,159239,Dennis Srbeny,1994-05-05,25.33,190.0,right,Attack,Centre-Forward,Germany,Germany,17,1127,5,2,127,SC Paderborn 07,1168,1250000.0,800000.0,0.998,1.0,0.993,same_club
7883,Marcus Ingvartsen,GER,2019-20,Union Berlin,F M S,28,1728,5,4,2,45,10,3.814,3.056,1.297,4.89,1.34,4,0,269878,Marcus Ingvartsen,1996-01-04,23.66,187.0,left,Attack,Centre-Forward,Denmark,Denmark,28,1727,5,3,89,1.FC Union Berlin,2063,1500000.0,1600000.0,1.0,1.0,0.999,same_club
7900,Sargis Adamyan,GER,2019-20,Hoffenheim,F M S,15,739,5,5,1,21,6,5.758,5.758,0.708,5.669,0.508,1,0,125614,Sargis Adamyan,1993-05-23,26.28,184.0,right,Attack,Centre-Forward,Armenia,Armenia,15,745,5,2,533,TSG 1899 Hoffenheim,835,3000000.0,4000000.0,0.998,1.0,0.992,same_club
64,Filip Kostic,GER,2019-20,Eintracht Frankfurt,D M,33,2962,4,4,11,88,78,5.68,5.68,11.79,20.711,11.336,4,0,161011,Filip Kostić,1992-11-01,26.83,184.0,left,Midfield,Left Midfield,Serbia,Yugoslavia (Republic),33,2959,4,12,24,Eintracht Frankfurt,4570,22000000.0,32000000.0,1.0,1.0,0.999,same_club
118,Levin Öztunali,GER,2019-20,Mainz 05,F M S,27,1780,4,4,3,35,26,2.502,2.502,2.944,7.713,3.501,1,0,168543,Levin Öztunali,1996-03-15,23.46,184.0,right,Midfield,Central Midfield,Germany,Germany,27,1781,4,4,39,1.FSV Mainz 05,1781,3500000.0,2800000.0,1.0,1.0,0.999,same_club
131,Jonas Hector,GER,2019-20,FC Cologne,D M S,29,2436,4,4,2,30,26,1.915,1.915,3.207,6.547,4.253,9,0,108537,Jonas Hector,1990-05-27,29.26,185.0,left,Defender,Left-Back,Germany,Germany,29,2435,4,3,3,1.FC Köln,2645,10000000.0,6800000.0,1.0,1.0,1.0,same_club
137,Anthony Modeste,GER,2019-20,FC Cologne,F M S,27,1118,4,4,1,35,3,3.514,3.514,0.663,4.318,0.372,1,0,50512,Anthony Modeste,1988-04-14,31.38,188.0,right,Attack,Centre-Forward,France,France,27,1131,4,1,3,1.FC Köln,1296,7000000.0,3200000.0,0.997,1.0,0.989,same_club
153,Maximilian Arnold,GER,2019-20,Wolfsburg,M S,33,2832,4,4,8,63,70,2.464,2.464,6.82,11.73,8.443,8,0,117674,Maximilian Arnold,1994-05-27,25.26,184.0,left,Midfield,Central Midfield,Germany,Germany,33,2826,4,9,82,VfL Wolfsburg,3826,15000000.0,14500000.0,0.999,1.0,0.998,same_club
186,Karim Bellarabi,GER,2019-20,Bayer Leverkusen,D F M S,26,1437,4,4,6,55,27,6.826,6.826,5.37,14.962,5.217,2,0,61087,Karim Bellarabi,1990-04-08,29.4,184.0,right,Attack,Right Winger,Germany,Germany,26,1424,4,8,15,Bayer 04 Leverkusen,2236,15000000.0,12000000.0,0.997,1.0,0.991,same_club
226,Kingsley Coman,GER,2019-20,Bayern Munich,F M S,24,1507,4,4,3,37,32,5.285,5.285,5.06,16.031,7.477,2,0,243714,Kingsley Coman,1996-06-13,23.22,181.0,right,Attack,Left Winger,France,France,24,1506,4,4,27,Bayern Munich,2434,50000000.0,40000000.0,1.0,1.0,0.999,same_club
262,Leonardo Bittencourt,GER,2019-20,"Hoffenheim,Werder Bremen",D F M S,29,1913,4,4,2,43,32,2.668,2.668,1.878,6.091,2.428,7,0,93844,Leonardo Bittencourt,1993-12-19,25.7,171.0,right,Midfield,Central Midfield,Germany,Germany,29,1899,4,2,"86,533","SV Werder Bremen,TSG 1899 Hoffenheim",2100,7000000.0,4800000.0,0.998,1.0,0.993,same_club
448,Ivan Perisic,GER,2019-20,Bayern Munich,F M S,22,1197,4,4,3,40,21,4.254,4.254,3.378,13.401,7.339,1,0,42460,Ivan Perišić,1989-02-02,30.58,186.0,both,Attack,Left Winger,Croatia,Jugoslawien (SFR),22,1203,4,6,27,Bayern Munich,1757,30000000.0,17500000.0,0.999,1.0,0.995,same_club
1669,Marko Grujic,GER,2019-20,Hertha Berlin,M,29,2432,4,4,1,36,11,4.779,4.779,0.626,11.464,8.208,9,0,222813,Marko Grujić,1996-04-13,23.38,191.0,right,Midfield,Defensive Midfield,Serbia,Yugoslavia (Republic),29,2419,4,1,44,Hertha BSC,2629,20000000.0,14500000.0,0.998,1.0,0.995,same_club
2631,Karim Onisiwo,GER,2019-20,Mainz 05,F M S,32,1728,4,4,6,41,31,4.739,4.739,3.733,9.809,2.011,3,0,119234,Karim Onisiwo,1992-03-17,27.46,188.0,right,Attack,Centre-Forward,Austria,Austria,32,1723,4,7,39,1.FSV Mainz 05,1813,3500000.0,3500000.0,0.999,1.0,0.997,same_club
3059,Axel Witsel,GER,2019-20,Borussia Dortmund,M S,28,2240,4,4,5,31,15,2.624,2.624,3.983,13.797,9.649,4,0,35047,Axel Witsel,1989-01-12,30.63,186.0,right,Midfield,Defensive Midfield,Belgium,Belgium,28,2245,4,5,16,Borussia Dortmund,3216,32000000.0,21500000.0,0.999,1.0,0.998,same_club
4468,Dedryck Boyata,GER,2019-20,Hertha Berlin,D,28,2442,4,4,1,16,2,2.018,2.018,0.851,6.245,6.218,8,1,88262,Dedryck Boyata,1990-11-28,28.76,188.0,right,Defender,Centre-Back,Belgium,Belgium,28,2439,4,1,44,Hertha BSC,2559,2000000.0,8000000.0,1.0,1.0,0.999,same_club
5266,Vincenzo Grifo,GER,2019-20,"Freiburg,Hoffenheim",F M S,27,1640,4,3,8,49,41,3.192,2.434,6.504,8.499,3.619,1,1,185077,Vincenzo Grifo,1993-04-07,26.4,180.0,right,Attack,Left Winger,Italy,Germany,27,1635,4,9,"60,533","SC Freiburg,TSG 1899 Hoffenheim",1771,9000000.0,5500000.0,0.999,1.0,0.997,same_club
6098,Niclas Füllkrug,GER,2019-20,Werder Bremen,F S,8,396,4,4,1,17,3,1.392,1.392,0.576,2.416,0.877,2,0,75489,Niclas Füllkrug,1993-02-09,26.56,189.0,right,Attack,Centre-Forward,Germany,Germany,8,401,4,1,86,SV Werder Bremen,430,8000000.0,3500000.0,0.996,1.0,0.988,same_club
6296,Abdelhamid Sabiri,GER,2019-20,Paderborn,M S,24,1028,4,3,1,43,7,3.469,2.711,0.233,1.645,0.886,6,0,340394,Abdelhamid Sabiri,1996-11-28,22.76,186.0,right,Midfield,Attacking Midfield,Morocco,Morocco,24,1035,4,1,127,SC Paderborn 07,1125,1500000.0,1700000.0,0.998,1.0,0.993,same_club
6357,Marco Richter,GER,2019-20,Augsburg,M S,31,2304,4,4,3,64,21,4.513,4.513,1.927,10.423,4.622,2,0,279009,Marco Richter,1997-11-24,21.77,176.0,right,Midfield,Attacking Midfield,Germany,Germany,31,2289,4,3,167,FC Augsburg,2375,7000000.0,8000000.0,0.998,1.0,0.993,same_club
6542,Jürgen Locadia,GER,2019-20,Hoffenheim,F S,11,522,4,3,0,20,3,3.327,2.57,0.054,3.286,1.086,1,0,166240,Jürgen Locadia,1993-11-07,25.82,193.0,right,Attack,Centre-Forward,Curacao,Netherlands,11,527,4,1,533,TSG 1899 Hoffenheim,675,12000000.0,8000000.0,0.993,1.0,0.978,same_club
6542,Jürgen Locadia,GER,2019-20,Hoffenheim,F S,11,522,4,3,0,20,3,3.327,2.57,0.054,3.286,1.086,1,0,166240,Jürgen Locadia,1993-11-07,25.82,193.0,right,Attack,Centre-Forward,Curacao,Netherlands,11,527,4,1,533,TSG 1899 Hoffenheim,675,12000000.0,8000000.0,0.997,1.0,0.991,same_club
7059,Benito Raman,GER,2019-20,Schalke 04,F M S,25,1627,4,4,3,34,15,4.217,4.217,1.898,6.409,0.482,2,0,112930,Benito Raman,1994-11-07,24.82,172.0,right,Attack,Centre-Forward,Belgium,Belgium,25,1611,4,4,33,FC Schalke 04,1781,12000000.0,8000000.0,0.997,1.0,0.99,same_club
7065,Florian Neuhaus,GER,2019-20,Borussia M.Gladbach,M S,30,2356,4,4,2,57,30,6.46,6.46,3.148,20.55,12.685,6,0,278332,Florian Neuhaus,1997-03-16,22.46,185.0,right,Midfield,Central Midfield,Germany,Germany,30,2361,4,2,18,Borussia Mönchengladbach,2917,22000000.0,17500000.0,0.999,1.0,0.998,same_club
7073,Pierre Kunde,GER,2019-20,Mainz 05,M S,28,1884,4,4,0,39,10,2.322,2.322,1.349,6.434,3.742,6,0,339829,Pierre Kunde,1995-07-26,24.1,180.0,right,Midfield,Central Midfield,Cameroon,Cameroon,28,1874,4,1,39,1.FSV Mainz 05,1874,10000000.0,8000000.0,0.998,1.0,0.995,same_club
7090,Krzysztof Piatek,GER,2019-20,Hertha Berlin,F M S,15,904,4,2,1,25,11,4.913,3.398,2.026,5.102,1.338,2,0,327757,Krzysztof Piatek,1995-07-01,24.17,183.0,right,Attack,Centre-Forward,Poland,Poland,15,907,4,1,44,Hertha BSC,2371,40000000.0,21500000.0,0.999,1.0,0.997,same_club
7090,Krzysztof Piatek,GER,2019-20,Hertha Berlin,F M S,15,904,4,2,1,25,11,4.913,3.398,2.026,5.102,1.338,2,0,327757,Krzysztof Piatek,1995-07-01,24.17,183.0,right,Attack,Centre-Forward,Poland,Poland,15,907,4,1,44,Hertha BSC,2371,40000000.0,21500000.0,0.997,1.0,0.992,same_club
7107,Jean-Paul Boëtius,GER,2019-20,Mainz 05,F M S,28,2272,4,4,5,36,36,3.685,3.685,2.968,10.245,4.832,5,0,182574,Jean-Paul Boëtius,1994-03-22,25.45,178.0,right,Midfield,Attacking Midfield,Netherlands,Netherlands,28,2271,4,5,39,1.FSV Mainz 05,2361,6000000.0,4800000.0,1.0,1.0,1.0,same_club
7122,Javairo Dilrosun,GER,2019-20,Hertha Berlin,F M S,23,1313,4,4,2,19,12,2.077,2.077,1.649,5.501,2.552,2,0,315125,Javairô Dilrosun,1998-06-22,21.19,175.0,left,Attack,Right Winger,Netherlands,Netherlands,23,1312,4,2,44,Hertha BSC,1447,12000000.0,14500000.0,1.0,1.0,0.999,same_club
7295,Joshua Sargent,GER,2019-20,Werder Bremen,F M S,28,1412,4,4,2,30,11,3.967,3.967,1.424,5.669,1.066,2,0,393325,Josh Sargent,2000-02-20,19.53,185.0,right,Attack,Centre-Forward,United States,United States,28,1420,4,4,86,SV Werder Bremen,1619,4000000.0,6700000.0,0.968,0.95,0.994,same_club
7867,Robert Skov,GER,2019-20,Hoffenheim,D F M S,31,2620,4,4,7,62,55,5.244,5.244,7.45,11.267,4.362,4,0,270393,Robert Skov,1996-05-20,23.28,185.0,left,Midfield,Left Midfield,Denmark,Spain,31,2612,4,9,533,TSG 1899 Hoffenheim,2908,13000000.0,10500000.0,0.999,1.0,0.997,same_club
8044,Joshua Zirkzee,GER,2019-20,Bayern Munich,F S,9,288,4,4,0,11,1,2.659,2.659,0.023,3.871,1.63,0,0,435648,Joshua Zirkzee,2001-05-22,18.28,193.0,right,Attack,Centre-Forward,Netherlands,Netherlands,9,294,4,1,27,Bayern Munich,312,1000000.0,6300000.0,0.994,1.0,0.98,same_club
8140,Munas Dabbur,GER,2019-20,Hoffenheim,F M S,14,786,4,4,0,24,8,3.943,3.943,0.921,4.589,1.323,4,0,145866,Munas Dabbur,1992-05-14,27.3,182.0,right,Attack,Centre-Forward,Israel,Israel,14,773,4,1,533,TSG 1899 Hoffenheim,1246,15000000.0,8000000.0,0.98,1.0,0.933,same_club
8140,Munas Dabbur,GER,2019-20,Hoffenheim,F M S,14,786,4,4,0,24,8,3.943,3.943,0.921,4.589,1.323,4,0,145866,Munas Dabbur,1992-05-14,27.3,182.0,right,Attack,Centre-Forward,Israel,Israel,14,773,4,1,533,TSG 1899 Hoffenheim,1246,15000000.0,8000000.0,0.995,1.0,0.983,same_club
27,Vladimir Darida,GER,2019-20,Hertha Berlin,M S,28,2267,3,3,4,43,49,3.077,3.077,4.51,12.354,6.046,6,1,179643,Vladimír Darida,1990-08-08,29.07,172.0,right,Midfield,Central Midfield,Czech Republic,CSSR,28,2264,3,5,44,Hertha BSC,2474,4000000.0,4500000.0,1.0,1.0,0.999,same_club
60,Christian Gentner,GER,2019-20,Union Berlin,M S,31,2463,3,3,2,35,27,2.832,2.832,2.143,8.818,5.069,4,0,19112,Christian Gentner,1985-08-14,34.05,189.0,right,Midfield,Central Midfield,Germany,Germany,31,2452,3,3,89,1.FC Union Berlin,2628,1500000.0,800000.0,0.999,1.0,0.996,same_club
119,Anthony Ujah,GER,2019-20,Union Berlin,F M S,24,948,3,3,2,19,10,2.211,2.211,1.145,3.209,0.252,0,0,142281,Anthony Ujah,1990-10-14,28.88,180.0,right,Attack,Centre-Forward,Nigeria,Nigeria,24,943,3,2,89,1.FC Union Berlin,1182,1500000.0,1200000.0,0.998,1.0,0.995,same_club
223,Joshua Kimmich,GER,2019-20,Bayern Munich,D M S,33,2827,3,3,8,25,77,1.03,1.03,8.447,30.937,28.059,7,0,161056,Joshua Kimmich,1995-02-08,24.56,177.0,right,Midfield,Defensive Midfield,Germany,Germany,33,2821,4,9,27,Bayern Munich,4354,70000000.0,64000000.0,0.966,1.0,0.998,same_club
228,Sebastian Rode,GER,2019-20,Eintracht Frankfurt,M S,29,1970,3,3,3,13,23,0.958,0.958,1.591,7.128,5.728,6,0,44466,Sebastian Rode,1990-10-11,28.89,179.0,right,Midfield,Central Midfield,Germany,Germany,29,1947,3,3,24,Eintracht Frankfurt,3066,3000000.0,4000000.0,0.996,1.0,0.988,same_club
229,Thiago Alcántara,GER,2019-20,Bayern Munich,M S,24,1773,3,3,0,18,20,2.583,2.583,1.097,19.607,16.872,7,0,60444,Thiago Alcántara,1991-04-11,28.39,174.0,right,Midfield,Central Midfield,Spain,Italy,24,1770,3,0,27,Bayern Munich,2976,70000000.0,48000000.0,0.999,1.0,0.998,same_club
261,Julian Brandt,GER,2019-20,Borussia Dortmund,F M S,33,2222,3,3,7,34,39,3.649,3.649,5.633,22.386,14.677,0,0,187492,Julian Brandt,1996-05-02,23.33,185.0,right,Midfield,Attacking Midfield,Germany,Germany,33,2209,3,8,16,Borussia Dortmund,2877,50000000.0,40000000.0,0.998,1.0,0.994,same_club
422,Mario Götze,GER,2019-20,Borussia Dortmund,F S,15,513,3,2,0,8,11,2.172,1.414,1.471,3.154,1.178,0,0,74842,Mario Götze,1992-06-03,27.24,176.0,right,Midfield,Attacking Midfield,Germany,Germany,15,515,3,0,16,Borussia Dortmund,611,25000000.0,10500000.0,0.999,1.0,0.996,same_club
426,Daniel Ginczek,GER,2019-20,Wolfsburg,F S,18,781,3,3,1,24,9,3.852,3.852,1.678,4.848,0.595,2,0,79501,Daniel Ginczek,1991-04-13,28.39,191.0,right,Attack,Centre-Forward,Germany,Germany,18,767,3,3,82,VfL Wolfsburg,923,12000000.0,9000000.0,0.995,1.0,0.982,same_club
983,Kevin Mbabu,GER,2019-20,Wolfsburg,D S,20,1694,3,3,1,11,16,1.882,1.882,2.599,4.884,4.038,4,0,183321,Kevin Mbabu,1995-04-19,24.37,184.0,right,Defender,Right-Back,Switzerland,Switzerland,20,1694,3,2,82,VfL Wolfsburg,2115,10000000.0,6500000.0,1.0,1.0,1.0,same_club
2655,Alfred Finnbogason,GER,2019-20,Augsburg,F S,21,951,3,2,1,18,19,5.906,5.149,2.662,6.309,2.041,1,0,90024,Alfred Finnbogason,1989-02-01,30.58,184.0,right,Attack,Centre-Forward,Iceland,Iceland,21,965,3,2,167,FC Augsburg,965,15000000.0,5500000.0,0.996,1.0,0.985,same_club
5254,Marcel Halstenberg,GER,2019-20,RasenBallsport Leipzig,D S,29,2526,3,3,3,31,36,2.444,2.444,4.261,13.555,11.856,4,1,70243,Marcel Halstenberg,1991-09-27,27.93,188.0,left,Defender,Left-Back,Germany,Germany,29,2522,3,3,23826,RB Leipzig,3218,22000000.0,17500000.0,1.0,1.0,0.998,same_club
5353,Josip Brekalo,GER,2019-20,Wolfsburg,F M S,30,1671,3,3,4,42,48,3.578,3.578,5.029,10.957,4.12,0,0,293169,Josip Brekalo,1998-06-23,21.19,175.0,right,Attack,Left Winger,Croatia,Croatia,30,1676,3,4,82,VfL Wolfsburg,2499,10000000.0,13500000.0,0.999,1.0,0.997,same_club
5358,Lukas Klostermann,GER,2019-20,RasenBallsport Leipzig,D M,31,2655,3,3,1,12,16,3.489,3.489,3.352,13.82,10.806,1,0,215599,Lukas Klostermann,1996-06-03,23.24,189.0,right,Defender,Centre-Back,Germany,Germany,31,2645,3,1,23826,RB Leipzig,3634,30000000.0,28000000.0,0.999,1.0,0.996,same_club
5360,Weston McKennie,GER,2019-20,Schalke 04,D M S,28,2075,3,3,0,32,19,2.402,2.402,2.875,5.271,2.907,8,0,332697,Weston McKennie,1998-08-28,21.01,180.0,right,Midfield,Central Midfield,United States,United States,28,2077,3,0,33,FC Schalke 04,2331,20000000.0,20000000.0,1.0,1.0,0.999,same_club
5659,Nordi Mukiele,GER,2019-20,RasenBallsport Leipzig,D M S,25,1795,3,3,1,22,14,2.805,2.805,1.557,10.044,7.229,1,0,348026,Nordi Mukiele,1997-11-01,21.83,187.0,right,Defender,Right-Back,France,France,25,1783,3,3,23826,RB Leipzig,2660,15000000.0,20000000.0,0.998,1.0,0.993,same_club
5735,Jean-Philippe Mateta,GER,2019-20,Mainz 05,F S,18,1062,3,2,1,35,6,5.567,4.809,1.283,6.354,1.862,0,1,420002,Jean-Philippe Mateta,1997-06-28,22.18,192.0,right,Attack,Centre-Forward,France,France,18,1057,3,1,39,1.FSV Mainz 05,1057,22000000.0,17500000.0,0.999,1.0,0.995,same_club
6090,Simon Terodde,GER,2019-20,FC Cologne,F M S,23,779,3,3,1,35,8,6.091,6.091,0.946,5.44,1.087,4,0,36284,Simon Terodde,1988-03-02,31.5,192.0,right,Attack,Centre-Forward,Germany,Germany,23,802,3,1,3,1.FC Köln,881,3500000.0,2400000.0,0.991,1.0,0.971,same_club
7067,Paulinho,GER,2019-20,Bayer Leverkusen,M S,13,280,3,3,2,9,7,2.256,2.256,1.229,4.514,2.22,1,0,428791,Paulinho,2000-07-15,19.13,177.0,right,Attack,Second Striker,Brazil,Brazil,13,293,3,2,15,Bayer 04 Leverkusen,450,15000000.0,13500000.0,0.987,1.0,0.956,same_club
7309,Ahmed Kutucu,GER,2019-20,Schalke 04,F S,25,636,3,3,2,16,6,1.722,1.722,0.32,3.061,1.133,2,0,452084,Ahmed Kutucu,2000-03-01,19.5,181.0,right,Attack,Left Winger,Türkiye,Germany,25,661,3,3,33,FC Schalke 04,743,4500000.0,5400000.0,0.989,1.0,0.962,same_club
7345,Alphonso Davies,GER,2019-20,Bayern Munich,D S,29,2228,3,3,5,12,36,2.369,2.369,4.26,25.4,21.067,2,1,424204,Alphonso Davies,2000-11-02,18.83,183.0,left,Defender,Left-Back,Canada,Ghana,29,2234,3,4,27,Bayern Munich,3422,10000000.0,45000000.0,0.999,1.0,0.997,same_club
7376,Ozan Kabak,GER,2019-20,Schalke 04,D S,26,1769,3,3,1,11,3,1.684,1.684,0.303,1.534,1.444,4,0,361260,Ozan Kabak,2000-03-25,19.44,187.0,right,Defender,Centre-Back,Türkiye,Türkiye,26,1775,3,1,33,FC Schalke 04,1939,15000000.0,29000000.0,0.999,1.0,0.997,same_club
7789,Dominick Drexler,GER,2019-20,FC Cologne,M S,27,1575,3,3,4,19,27,2.061,2.061,3.497,6.589,3.011,5,0,53400,Dominick Drexler,1990-05-26,29.27,183.0,right,Midfield,Attacking Midfield,Germany,Germany,27,1585,3,4,3,1.FC Köln,1740,4000000.0,3200000.0,0.998,1.0,0.994,same_club
7802,Ben Zolinski,GER,2019-20,Paderborn,F M S,28,1211,3,3,2,19,14,3.061,3.061,1.253,5.438,2.034,3,0,93841,Ben Zolinski,1992-05-03,27.33,181.0,right,Attack,Right Winger,Germany,Germany,28,1207,3,2,127,SC Paderborn 07,1289,750000.0,725000.0,0.999,1.0,0.997,same_club
8292,Dani Olmo,GER,2019-20,RasenBallsport Leipzig,F M S,12,767,3,3,1,21,9,1.923,1.923,1.214,5.222,2.787,1,0,293385,Dani Olmo,1998-05-07,21.32,179.0,right,Midfield,Attacking Midfield,Spain,Spain,12,752,3,1,23826,RB Leipzig,1835,15000000.0,31500000.0,0.994,1.0,0.98,same_club
38,Daniel Brosinski,GER,2019-20,Mainz 05,D S,26,1694,2,1,4,23,55,2.15,1.392,5.686,6.431,2.965,3,0,43984,Daniel Brosinski,1988-07-17,31.12,178.0,right,Defender,Right-Back,Germany,Germany,26,1705,2,4,39,1.FSV Mainz 05,1795,2500000.0,2000000.0,0.998,1.0,0.994,same_club
42,Julian Baumgartlinger,GER,2019-20,Bayer Leverkusen,M S,27,1798,2,2,2,17,17,2.151,2.151,1.741,9.86,7.853,4,0,34787,Julian Baumgartlinger,1988-01-02,31.66,184.0,right,Midfield,Defensive Midfield,,,27,1791,2,2,15,Bayer 04 Leverkusen,2406,3500000.0,2400000.0,0.999,1.0,0.996,same_club
74,Pavel Kaderábek,GER,2019-20,Hoffenheim,D M S,30,2477,2,2,7,27,39,3.04,3.04,4.747,9.321,5.046,2,0,143798,Pavel Kaderabek,1992-04-25,27.35,182.0,right,Midfield,Right Midfield,Czech Republic,CSSR,30,2476,2,7,533,TSG 1899 Hoffenheim,2776,20000000.0,13500000.0,1.0,1.0,1.0,same_club
84,Ermin Bicakcic,GER,2019-20,Hoffenheim,D S,21,1175,2,2,0,7,2,0.406,0.406,0.082,3.27,3.143,0,0,51676,Ermin Bicakcic,1990-01-24,29.6,185.0,right,Defender,Centre-Back,Bosnia-Herzegovina,Jugoslawien (SFR),21,1171,2,0,533,TSG 1899 Hoffenheim,1261,4000000.0,2800000.0,0.999,1.0,0.997,same_club
96,Salif Sané,GER,2019-20,Schalke 04,D M S,15,1123,2,2,1,9,2,0.768,0.768,0.918,2.475,1.921,4,0,126534,Salif Sané,1990-08-25,29.02,196.0,right,Defender,Centre-Back,Senegal,France,15,1125,2,1,33,FC Schalke 04,1215,12000000.0,9500000.0,0.999,1.0,0.998,same_club
110,Theodor Gebre Selassie,GER,2019-20,Werder Bremen,D M,28,2429,2,2,2,12,18,0.742,0.742,1.129,6.019,4.594,2,0,60632,Theodor Gebre Selassie,1986-12-24,32.69,182.0,right,Defender,Right-Back,Czech Republic,CSSR,28,2429,2,3,86,SV Werder Bremen,2609,2500000.0,1400000.0,1.0,1.0,1.0,same_club
140,Yannick Gerhardt,GER,2019-20,Wolfsburg,M S,18,800,2,2,0,11,6,2.131,2.131,0.114,3.926,2.213,1,0,119277,Yannick Gerhardt,1994-03-13,25.47,184.0,left,Midfield,Central Midfield,Germany,Germany,18,814,2,0,82,VfL Wolfsburg,1453,10000000.0,6800000.0,0.995,1.0,0.983,same_club
157,Daniel Caligiuri,GER,2019-20,Schalke 04,D F M S,28,2306,2,1,2,44,38,2.925,2.167,2.98,4.576,2.034,5,0,38410,Daniel Caligiuri,1988-01-15,31.63,182.0,right,Attack,Right Winger,Italy,Germany,28,2301,2,4,33,FC Schalke 04,2466,6500000.0,4000000.0,0.999,1.0,0.998,same_club
188,Kevin Kampl,GER,2019-20,RasenBallsport Leipzig,M S,11,677,2,2,2,5,10,0.283,0.283,2.754,8.29,6.848,1,0,53418,Kevin Kampl,1990-10-09,28.9,178.0,right,Midfield,Central Midfield,Slovenia,Germany,11,677,2,2,23826,RB Leipzig,966,22000000.0,17500000.0,1.0,1.0,1.0,same_club
194,Admir Mehmedi,GER,2019-20,Wolfsburg,F M S,21,1206,2,2,2,22,19,1.537,1.537,2.167,6.113,3.069,0,0,66058,Admir Mehmedi,1991-03-16,28.46,183.0,right,Attack,Second Striker,Switzerland,Jugoslawien (SFR),21,1205,2,2,82,VfL Wolfsburg,1631,10000000.0,8000000.0,1.0,1.0,0.999,same_club
206,Oscar Wendt,GER,2019-20,Borussia M.Gladbach,D M S,25,1674,2,2,2,9,22,1.13,1.13,2.603,6.403,4.224,3,0,19305,Oscar Wendt,1985-10-24,33.85,181.0,left,Defender,Left-Back,Sweden,Sweden,25,1676,2,2,18,Borussia Mönchengladbach,2167,2000000.0,1200000.0,1.0,1.0,0.999,same_club
254,Steven Zuber,GER,2019-20,Hoffenheim,D M S,14,758,2,2,0,10,4,1.476,0.718,0.23,1.419,0.633,1,0,68033,Steven Zuber,1991-08-17,28.04,182.0,right,Attack,Left Winger,Switzerland,Switzerland,14,751,2,0,533,TSG 1899 Hoffenheim,913,7000000.0,4500000.0,0.997,1.0,0.991,same_club
283,David Abraham,GER,2019-20,Eintracht Frankfurt,D S,20,1692,2,2,0,7,2,1.301,1.301,0.103,4.944,4.429,2,1,58178,David Abraham,1986-07-15,33.13,188.0,right,Defender,Centre-Back,Argentina,Argentina,20,1691,2,0,24,Eintracht Frankfurt,3176,2500000.0,1200000.0,1.0,1.0,0.999,same_club
311,Sven Bender,GER,2019-20,Bayer Leverkusen,D,33,2728,2,2,1,18,3,1.773,1.773,0.179,10.707,10.543,3,0,29993,Sven Bender,1989-04-27,30.35,186.0,right,Midfield,Defensive Midfield,Germany,Germany,33,2730,2,1,15,Bayer 04 Leverkusen,3881,9000000.0,7000000.0,1.0,1.0,0.999,same_club
347,Kaan Ayhan,GER,2019-20,Fortuna Duesseldorf,D,31,2734,2,2,3,29,19,2.361,2.361,2.416,5.234,4.536,10,0,119031,Kaan Ayhan,1994-11-10,24.81,185.0,right,Midfield,Defensive Midfield,Türkiye,Germany,31,2733,2,3,38,Fortuna Düsseldorf,3063,9000000.0,7000000.0,1.0,1.0,1.0,same_club
370,Marvin Friedrich,GER,2019-20,Union Berlin,D,31,2790,2,2,0,28,2,1.882,1.882,0.049,2.461,2.417,9,1,196231,Marvin Friedrich,1995-12-13,23.72,193.0,right,Defender,Centre-Back,Germany,Germany,31,2790,2,1,89,1.FC Union Berlin,3060,3000000.0,2800000.0,1.0,1.0,1.0,same_club
417,Tin Jedvaj,GER,2019-20,Augsburg,D M S,31,2641,2,2,0,14,7,1.44,1.44,0.181,2.322,2.139,6,0,206386,Tin Jedvaj,1995-11-28,23.76,185.0,right,Defender,Centre-Back,Croatia,Croatia,31,2642,2,0,167,FC Augsburg,2642,7500000.0,7000000.0,1.0,1.0,1.0,same_club
421,Lars Bender,GER,2019-20,Bayer Leverkusen,D M S,18,1377,2,2,1,14,18,0.779,0.779,1.304,6.173,4.99,3,0,30059,Lars Bender,1989-04-27,30.35,185.0,right,Midfield,Defensive Midfield,Germany,Germany,18,1372,2,1,15,Bayer 04 Leverkusen,2044,9000000.0,7000000.0,0.999,1.0,0.996,same_club
436,Andre Hoffmann,GER,2019-20,Fortuna Duesseldorf,D S,29,2438,2,2,1,14,2,1.2,1.2,0.566,2.492,2.209,7,0,85164,Andre Hoffmann,1993-02-28,26.51,190.0,right,Defender,Centre-Back,Germany,Germany,29,2430,2,1,38,Fortuna Düsseldorf,2640,2500000.0,2400000.0,0.999,1.0,0.997,same_club
604,Emre Can,GER,2019-20,Borussia Dortmund,D M S,12,956,2,2,0,16,3,1.137,1.137,0.304,5.29,4.678,5,0,119296,Emre Can,1994-01-12,25.63,186.0,right,Defender,Centre-Back,Germany,Germany,12,958,2,1,16,Borussia Dortmund,1417,40000000.0,24000000.0,0.999,1.0,0.998,same_club
604,Emre Can,GER,2019-20,Borussia Dortmund,D M S,12,956,2,2,0,16,3,1.137,1.137,0.304,5.29,4.678,5,0,119296,Emre Can,1994-01-12,25.63,186.0,right,Defender,Centre-Back,Germany,Germany,12,958,2,1,16,Borussia Dortmund,1417,40000000.0,24000000.0,0.995,1.0,0.982,same_club
1084,Jonjoe Kenny,GER,2019-20,Schalke 04,D,31,2732,2,2,3,12,15,1.165,1.165,1.154,5.363,4.135,5,0,258883,Jonjoe Kenny,1997-03-15,22.46,176.0,right,Defender,Right-Back,England,England,31,2724,2,3,33,FC Schalke 04,2994,5000000.0,9500000.0,0.999,1.0,0.997,same_club
1277,Roland Sallai,GER,2019-20,Freiburg,F M S,21,1170,2,2,0,34,12,3.173,3.173,0.915,4.278,1.704,2,0,332798,Roland Sallai,1997-05-22,22.28,183.0,right,Defender,Right-Back,Hungary,Hungary,21,1170,2,1,60,SC Freiburg,1293,4500000.0,3500000.0,1.0,1.0,1.0,same_club
4243,Christian Günter,GER,2019-20,Freiburg,D M,34,3036,2,2,8,32,80,1.206,1.206,8.441,9.718,5.429,2,0,93707,Christian Günter,1993-02-28,26.51,184.0,left,Defender,Left-Back,Germany,Germany,34,3031,2,10,60,SC Freiburg,3241,9000000.0,9500000.0,1.0,1.0,0.998,same_club
4271,Janik Haberer,GER,2019-20,Freiburg,D F M S,26,1725,2,2,2,13,18,0.645,0.645,1.532,6.214,4.896,3,1,177779,Janik Haberer,1994-04-02,25.42,187.0,right,Midfield,Central Midfield,Germany,Germany,26,1725,2,2,60,SC Freiburg,1815,10000000.0,8000000.0,1.0,1.0,1.0,same_club
5242,Stefan Ilsanker,GER,2019-20,"Eintracht Frankfurt,RasenBallsport Leipzig",D M S,18,1250,2,2,1,12,7,2.024,2.024,0.758,3.981,3.789,6,0,40074,Stefan Ilsanker,1989-05-18,30.29,189.0,right,Midfield,Defensive Midfield,Austria,Austria,18,1256,2,1,"24,23826","Eintracht Frankfurt,RB Leipzig",1703,4500000.0,2400000.0,0.999,1.0,0.995,same_club
5625,Kwon Chang-Hoon,GER,2019-20,Freiburg,F M S,23,656,2,2,0,15,13,2.065,2.065,1.17,4.473,1.797,0,0,259350,Chang-hoon Kwon,1994-06-30,25.17,173.0,left,Attack,Right Winger,"Korea, South","Korea, South",23,666,2,1,60,SC Freiburg,666,5500000.0,3200000.0,0.995,1.0,0.985,same_club
6096,Sergio Córdova,GER,2019-20,Augsburg,F S,16,354,2,2,1,5,4,1.147,1.147,0.886,2.11,0.077,0,0,377387,Sergio Córdova,1997-08-09,22.06,188.0,right,Attack,Centre-Forward,Venezuela,Venezuela,16,360,2,1,167,FC Augsburg,360,2000000.0,1600000.0,0.995,1.0,0.983,same_club
6109,Konrad Laimer,GER,2019-20,RasenBallsport Leipzig,D M S,29,2133,2,2,6,10,14,0.801,0.801,2.372,11.603,9.922,6,1,223967,Konrad Laimer,1997-05-27,22.26,180.0,right,Defender,Right-Back,Austria,Austria,29,2122,2,6,23826,RB Leipzig,3061,17000000.0,24000000.0,0.998,1.0,0.995,same_club
6145,Daichi Kamada,GER,2019-20,Eintracht Frankfurt,F M S,28,1970,2,2,4,46,38,6.371,6.371,3.511,13.206,5.603,5,0,356141,Daichi Kamada,1996-08-05,23.07,180.0,right,Midfield,Attacking Midfield,Japan,Japan,28,1972,2,6,24,Eintracht Frankfurt,3382,4500000.0,8000000.0,1.0,1.0,0.999,same_club
6147,Denis Zakaria,GER,2019-20,Borussia M.Gladbach,D M S,23,1945,2,2,2,23,11,2.57,2.57,1.477,10.453,7.161,7,0,334526,Denis Zakaria,1996-11-20,22.78,189.0,right,Midfield,Defensive Midfield,Switzerland,Switzerland,23,1947,2,2,18,Borussia Mönchengladbach,2667,20000000.0,36000000.0,1.0,1.0,0.999,same_club
7043,Eduard Löwen,GER,2019-20,"Augsburg,Hertha Berlin",M S,23,955,2,2,1,15,12,0.888,0.888,0.999,1.856,1.094,0,0,260655,Eduard Löwen,1997-01-28,22.59,188.0,right,Midfield,Central Midfield,Germany,Germany,23,976,2,1,"44,167","Hertha BSC,FC Augsburg",976,7000000.0,5500000.0,0.994,1.0,0.978,same_club
7394,Rabbi Matondo,GER,2019-20,Schalke 04,F M S,20,1174,2,2,0,23,12,2.618,2.618,0.755,3.955,0.912,1,0,404384,Rabbi Matondo,2000-09-09,18.98,175.0,right,Attack,Left Winger,Wales,England,20,1169,2,0,33,FC Schalke 04,1252,9000000.0,8000000.0,0.999,1.0,0.996,same_club
7784,Joao Victor,GER,2019-20,Wolfsburg,F M S,32,1637,2,2,2,29,14,4.583,4.583,2.176,8.529,2.471,4,0,381724,Victor Sá,1994-03-27,25.43,178.0,both,Attack,Left Winger,Brazil,Brazil,32,1631,2,2,82,VfL Wolfsburg,2208,3000000.0,3500000.0,0.879,0.8,0.996,same_club
7795,Kai Pröger,GER,2019-20,Paderborn,F M S,31,2070,2,2,6,51,41,3.129,3.129,3.847,5.931,1.619,0,0,223572,Kai Pröger,1992-05-15,27.3,177.0,right,Attack,Right Winger,Germany,Germany,31,2079,2,7,127,SC Paderborn 07,2222,800000.0,1400000.0,0.999,1.0,0.996,same_club
7796,Klaus Gjasula,GER,2019-20,Paderborn,D M S,29,2311,2,2,1,14,28,1.889,1.132,1.295,5.116,3.642,17,0,57598,Klaus Gjasula,1989-12-14,29.71,190.0,both,Midfield,Defensive Midfield,Albania,Albania,29,2294,2,2,127,SC Paderborn 07,2490,750000.0,725000.0,0.998,1.0,0.993,same_club
7801,Cauly Oliveira Souza,GER,2019-20,Paderborn,F M S,13,720,2,2,0,14,10,1.405,1.405,0.588,2.324,0.916,0,0,162812,Cauly,1995-09-15,23.96,175.0,both,Midfield,Attacking Midfield,Brazil,Brazil,13,718,2,0,127,SC Paderborn 07,1031,1000000.0,1400000.0,0.969,0.95,0.997,same_club
7813,Jeremiah St. Juste,GER,2019-20,Mainz 05,D M S,25,2118,2,2,2,12,5,0.593,0.593,1.216,4.643,4.121,7,0,288253,Jeremiah St. Juste,1996-10-19,22.87,186.0,right,Defender,Centre-Back,Netherlands,Netherlands,25,2115,2,2,39,1.FSV Mainz 05,2228,7500000.0,7000000.0,1.0,1.0,0.999,same_club
7881,Sebastian Polter,GER,2019-20,Union Berlin,F S,13,322,2,0,2,9,10,1.903,0.388,1.03,1.571,0.49,1,1,60957,Sebastian Polter,1991-04-01,28.42,192.0,right,Attack,Centre-Forward,Germany,Germany,13,326,2,2,89,1.FC Union Berlin,326,2250000.0,1600000.0,0.996,1.0,0.988,same_club
8078,Sebastian Schonlau,GER,2019-20,Paderborn,D M,23,2070,2,2,0,12,4,1.144,1.144,0.147,3.427,3.286,2,0,213751,Sebastian Schonlau,1994-08-05,25.07,188.0,both,Defender,Centre-Back,Germany,Germany,23,2070,2,0,127,SC Paderborn 07,2160,1500000.0,1600000.0,1.0,1.0,1.0,same_club
8146,Ismail Jakobs,GER,2019-20,FC Cologne,D F M,20,1696,2,2,2,18,12,2.628,2.628,1.085,5.275,2.031,4,0,375137,Ismail Jakobs,1999-08-17,20.04,184.0,left,Defender,Left-Back,Senegal,Germany,20,1678,2,2,3,1.FC Köln,1678,100000.0,2700000.0,0.997,1.0,0.989,same_club
8303,Marin Pongracic,GER,2019-20,Wolfsburg,D,11,934,2,2,0,5,0,1.664,1.664,0.0,2.804,2.804,4,1,282144,Marin Pongracic,1997-09-11,21.97,193.0,right,Defender,Centre-Back,Croatia,Germany,11,930,2,0,82,VfL Wolfsburg,1065,7500000.0,7000000.0,0.999,1.0,0.996,same_club
26,Salomon Kalou,GER,2019-20,Hertha Berlin,F S,5,144,1,1,0,5,1,1.096,1.096,0.698,2.572,0.777,0,0,7971,Salomon Kalou,1985-08-05,34.07,184.0,right,Attack,Left Winger,Cote d'Ivoire,Cote d'Ivoire,5,143,1,0,44,Hertha BSC,281,3000000.0,1600000.0,0.998,1.0,0.993,same_club
28,Mitchell Weiser,GER,2019-20,Bayer Leverkusen,D M S,18,1165,1,1,0,7,5,1.739,1.739,0.263,5.072,3.954,3,0,119211,Mitchell Weiser,1994-04-21,25.36,177.0,right,Defender,Right-Back,Germany,Germany,18,1171,1,0,15,Bayer 04 Leverkusen,1899,14000000.0,8000000.0,0.998,1.0,0.995,same_club
82,Nadiem Amiri,GER,2019-20,Bayer Leverkusen,D M S,30,1855,1,1,2,42,54,2.271,2.271,6.07,11.075,6.082,3,0,232454,Nadiem Amiri,1996-10-27,22.84,180.0,right,Midfield,Central Midfield,Germany,Germany,30,1857,1,5,15,Bayer 04 Leverkusen,2562,17000000.0,16000000.0,1.0,1.0,0.999,same_club
90,Sebastian Rudy,GER,2019-20,Hoffenheim,D M S,32,2744,1,1,3,25,53,0.987,0.987,5.195,11.828,7.862,9,0,57051,Sebastian Rudy,1990-02-28,29.51,180.0,right,Midfield,Defensive Midfield,Germany,Germany,32,2739,1,3,533,TSG 1899 Hoffenheim,2994,9000000.0,5200000.0,0.999,1.0,0.998,same_club
125,Maximilian Eggestein,GER,2019-20,Werder Bremen,D M,32,2858,1,1,3,45,31,2.612,2.612,2.155,8.74,4.608,6,0,190284,Maximilian Eggestein,1996-12-08,22.73,181.0,right,Midfield,Central Midfield,Germany,Germany,32,2856,1,3,86,SV Werder Bremen,3216,30000000.0,13000000.0,1.0,1.0,0.999,same_club
161,Robin Knoche,GER,2019-20,Wolfsburg,D S,21,1592,1,1,0,4,3,0.291,0.291,0.167,3.7,3.7,2,0,94201,Robin Knoche,1992-05-22,27.28,189.0,right,Defender,Centre-Back,Germany,Germany,21,1593,1,0,82,VfL Wolfsburg,2439,8000000.0,6500000.0,1.0,1.0,0.999,same_club
171,Michael Gregoritsch,GER,2019-20,"Augsburg,Schalke 04",F M S,20,1144,1,1,1,28,15,4.052,4.052,1.239,5.305,0.878,2,0,120205,Michael Gregoritsch,1994-04-18,25.37,193.0,left,Attack,Centre-Forward,Austria,Austria,20,1134,1,1,"33,167","FC Schalke 04,FC Augsburg",1324,12000000.0,5500000.0,0.997,1.0,0.991,same_club
212,Nico Elvedi,GER,2019-20,Borussia M.Gladbach,D S,32,2622,1,1,0,9,1,0.67,0.67,0.045,10.479,10.479,5,0,192635,Nico Elvedi,1996-09-30,22.92,189.0,right,Defender,Centre-Back,Switzerland,Switzerland,32,2619,1,0,18,Borussia Mönchengladbach,3249,30000000.0,28000000.0,1.0,1.0,0.999,same_club
249,Danny da Costa,GER,2019-20,Eintracht Frankfurt,D M S,19,1389,1,1,4,17,22,1.511,1.511,3.847,8.529,4.604,0,0,85906,Danny da Costa,1993-07-13,26.14,187.0,right,Defender,Centre-Back,Germany,Germany,19,1388,1,5,24,Eintracht Frankfurt,2497,15000000.0,8000000.0,1.0,1.0,0.999,same_club
251,Benjamin Hübner,GER,2019-20,Hoffenheim,D,25,2085,1,1,4,27,8,2.36,2.36,2.522,6.045,4.983,4,2,52348,Benjamin Hübner,1989-07-04,30.16,193.0,left,Defender,Centre-Back,Germany,Germany,25,2075,1,3,533,TSG 1899 Hoffenheim,2285,7000000.0,4800000.0,0.999,1.0,0.995,same_club
252,Alfredo Morales,GER,2019-20,Fortuna Duesseldorf,M S,27,1715,1,1,2,20,9,0.844,0.844,0.751,2.493,1.347,6,0,58500,Alfredo Morales,1990-05-12,29.31,183.0,right,Midfield,Central Midfield,United States,Germany,27,1726,1,3,38,Fortuna Düsseldorf,2146,2500000.0,2800000.0,0.998,1.0,0.994,same_club
268,Daniel Baier,GER,2019-20,Augsburg,M S,23,1952,1,1,0,16,10,0.443,0.443,1.005,3.819,2.478,6,0,4018,Daniel Baier,1984-05-18,35.29,176.0,right,Midfield,Defensive Midfield,Germany,Germany,23,1946,1,0,167,FC Augsburg,2036,800000.0,400000.0,0.999,1.0,0.997,same_club
310,Lukasz Piszczek,GER,2019-20,Borussia Dortmund,D S,29,2112,1,1,3,8,14,0.342,0.342,2.298,13.674,12.738,3,0,25727,Lukasz Piszczek,1985-06-03,34.25,184.0,right,Defender,Right-Back,Poland,Poland,29,2111,1,3,16,Borussia Dortmund,2733,3000000.0,2000000.0,1.0,1.0,1.0,same_club
312,Neven Subotic,GER,2019-20,Union Berlin,D,23,1977,1,1,0,13,6,1.045,1.045,0.768,2.246,2.133,1,1,40995,Neven Subotic,1988-12-10,30.72,193.0,right,Defender,Centre-Back,Germany,Jugoslawien (SFR),23,1971,1,0,89,1.FC Union Berlin,1971,4000000.0,2000000.0,0.999,1.0,0.997,same_club
313,Marcel Schmelzer,GER,2019-20,Borussia Dortmund,S,7,55,1,1,1,2,2,0.661,0.661,0.191,0.315,0.019,0,0,35208,Marcel Schmelzer,1988-01-22,31.61,180.0,left,Defender,Left-Back,Germany,East Germany (GDR),7,61,1,1,16,Borussia Dortmund,62,2500000.0,1400000.0,0.98,1.0,0.933,same_club
315,Matthias Ginter,GER,2019-20,Borussia M.Gladbach,D,31,2782,1,1,1,17,8,2.116,2.116,1.556,12.175,10.794,2,0,124502,Matthias Ginter,1994-01-19,25.62,189.0,right,Defender,Centre-Back,Germany,Germany,31,2781,1,2,18,Borussia Mönchengladbach,3231,35000000.0,28000000.0,1.0,1.0,1.0,same_club
360,Ádám Szalai,GER,2019-20,Mainz 05,F S,27,1117,1,1,1,30,14,4.374,4.374,1.514,5.172,1.006,1,0,39106,Ádám Szalai,1987-12-09,31.73,193.0,right,Attack,Centre-Forward,Hungary,Hungary,27,1139,1,1,39,1.FSV Mainz 05,1213,3000000.0,1600000.0,0.994,1.0,0.981,same_club
368,Konstantinos Stafylidis,GER,2019-20,Hoffenheim,D S,7,388,1,1,0,4,5,0.071,0.071,0.351,0.723,0.664,0,0,148967,Konstantinos Stafylidis,1993-12-02,25.75,178.0,left,Defender,Left-Back,Greece,Greece,7,397,1,0,533,TSG 1899 Hoffenheim,397,3000000.0,2400000.0,0.993,1.0,0.977,same_club
372,Julian Weigl,GER,2019-20,Borussia Dortmund,D M S,13,1027,1,1,0,9,4,0.233,0.233,0.351,2.779,2.571,4,0,196792,Julian Weigl,1995-09-08,23.98,186.0,right,Midfield,Defensive Midfield,Germany,Germany,13,1021,1,0,16,Borussia Dortmund,3100,25000000.0,18500000.0,0.998,1.0,0.994,same_club
373,Mats Hummels,GER,2019-20,Borussia Dortmund,D,31,2588,1,1,3,22,9,1.486,1.486,2.114,15.735,14.867,6,1,39728,Mats Hummels,1988-12-16,30.71,191.0,right,Defender,Centre-Back,Germany,Germany,31,2583,1,3,16,Borussia Dortmund,3483,35000000.0,24000000.0,0.999,1.0,0.998,same_club
391,David Alaba,GER,2019-20,Bayern Munich,D S,28,2501,1,1,1,19,19,0.832,0.832,2.056,20.728,18.932,0,0,59016,David Alaba,1992-06-24,27.19,180.0,left,Defender,Centre-Back,Austria,Austria,28,2498,1,1,27,Bayern Munich,3693,55000000.0,52000000.0,1.0,1.0,0.999,same_club
412,André Hahn,GER,2019-20,Augsburg,F M S,15,695,1,1,0,16,9,2.307,1.549,0.456,3.067,1.199,4,1,42783,André Hahn,1990-08-13,29.05,185.0,right,Attack,Right Winger,Germany,Germany,15,699,1,0,167,FC Augsburg,789,3500000.0,1600000.0,0.998,1.0,0.994,same_club
418,Niklas Stark,GER,2019-20,Hertha Berlin,D M S,21,1738,1,1,0,10,4,0.847,0.847,0.442,4.36,3.945,8,0,162434,Niklas Stark,1995-04-14,24.38,190.0,right,Defender,Centre-Back,Germany,Germany,21,1736,1,0,44,Hertha BSC,2066,20000000.0,16000000.0,1.0,1.0,0.999,same_club
419,Maximilian Mittelstädt,GER,2019-20,Hertha Berlin,D M S,26,1884,1,1,3,22,22,0.847,0.847,1.824,6.2,4.329,4,0,282660,Maximilian Mittelstädt,1997-03-18,22.46,180.0,left,Defender,Left-Back,Germany,Germany,26,1884,1,4,44,Hertha BSC,2025,11000000.0,11000000.0,1.0,1.0,1.0,same_club
433,Nico Schulz,GER,2019-20,Borussia Dortmund,D S,11,592,1,1,0,6,3,0.37,0.37,0.1,1.476,1.02,0,0,85867,Nico Schulz,1993-04-01,26.42,180.0,left,Defender,Left-Back,Germany,Germany,11,592,1,0,16,Borussia Dortmund,1165,25000000.0,16000000.0,1.0,1.0,1.0,same_club
454,Charles Aránguiz,GER,2019-20,Bayer Leverkusen,M S,27,2129,1,1,3,16,23,1.156,1.156,2.372,13.425,11.702,2,0,89701,Charles Aránguiz,1989-04-17,30.37,172.0,right,Midfield,Central Midfield,Chile,Chile,27,2126,1,3,15,Bayer 04 Leverkusen,3115,15000000.0,12000000.0,1.0,1.0,0.999,same_club
1040,Angelino,GER,2019-20,RasenBallsport Leipzig,D M S,13,1092,1,1,2,5,20,0.848,0.848,2.47,6.441,4.981,2,0,277179,Angeliño,1997-01-04,22.66,171.0,left,Defender,Left-Back,Spain,Spain,13,1095,1,2,23826,RB Leipzig,2237,16000000.0,17500000.0,0.996,1.0,0.988,same_club
1040,Angelino,GER,2019-20,RasenBallsport Leipzig,D M S,13,1092,1,1,2,5,20,0.848,0.848,2.47,6.441,4.981,2,0,277179,Angeliño,1997-01-04,22.66,171.0,left,Defender,Left-Back,Spain,Spain,13,1095,1,2,23826,RB Leipzig,2237,16000000.0,17500000.0,0.999,1.0,0.997,same_club
1673,Edimilson Fernandes,GER,2019-20,Mainz 05,D M S,24,1486,1,1,0,23,8,0.735,0.735,0.394,2.779,1.945,5,1,247555,Edimilson Fernandes,1996-04-15,23.38,187.0,right,Midfield,Defensive Midfield,Switzerland,Switzerland,24,1490,1,0,39,1.FSV Mainz 05,1580,8000000.0,5500000.0,0.999,1.0,0.997,same_club
2210,Jorge Meré,GER,2019-20,FC Cologne,D S,11,606,1,1,0,3,2,0.953,0.953,0.095,1.685,1.685,4,1,286779,Jorge Meré,1997-04-17,22.37,182.0,right,Defender,Centre-Back,Spain,Spain,11,615,1,0,3,1.FC Köln,825,10000000.0,4800000.0,0.996,1.0,0.985,same_club
2624,Djibril Sow,GER,2019-20,Eintracht Frankfurt,M S,29,1732,1,1,3,21,25,1.682,1.682,2.393,8.516,5.85,2,0,212723,Djibril Sow,1997-02-06,22.57,183.0,right,Midfield,Central Midfield,Switzerland,Switzerland,29,1738,1,3,24,Eintracht Frankfurt,2683,9000000.0,9500000.0,0.999,1.0,0.997,same_club
2629,Matthias Zimmermann,GER,2019-20,Fortuna Duesseldorf,D M S,34,2931,1,1,2,16,25,0.484,0.484,2.349,6.346,5.052,4,0,86848,Matthias Zimmermann,1992-06-16,27.21,177.0,right,Defender,Right-Back,Germany,Germany,34,2925,1,3,38,Fortuna Düsseldorf,3250,5000000.0,4000000.0,0.999,1.0,0.998,same_club
2659,Noah Joel Sarenren Bazee,GER,2019-20,Augsburg,M S,10,383,1,1,0,4,5,1.072,1.072,0.356,1.353,0.339,1,0,283001,Noah Joel Sarenren Bazee,1996-08-21,23.03,183.0,right,Attack,Right Winger,,,10,378,1,0,167,FC Augsburg,378,1250000.0,725000.0,0.996,1.0,0.987,same_club
2693,Marius Wolf,GER,2019-20,Hertha Berlin,D F M S,21,1415,1,1,3,14,19,1.039,1.039,2.172,5.376,2.736,1,1,193900,Marius Wolf,1995-05-27,24.27,188.0,right,Defender,Right-Back,Germany,Germany,21,1412,1,3,44,Hertha BSC,1616,8000000.0,6500000.0,0.999,1.0,0.998,same_club
3216,Marcel Tisserand,GER,2019-20,Wolfsburg,D S,15,1210,1,1,1,8,4,0.852,0.852,0.329,3.681,3.44,6,1,170463,Marcel Tisserand,1993-01-10,26.64,190.0,right,Defender,Centre-Back,DR Congo,France,15,1205,1,1,82,VfL Wolfsburg,1905,4500000.0,6000000.0,0.999,1.0,0.996,same_club
3339,Jérôme Roussillon,GER,2019-20,Wolfsburg,D S,29,2376,1,1,1,19,24,1.062,1.062,3.04,9.557,6.063,4,0,127076,Jérôme Roussillon,1993-01-06,26.65,175.0,left,Defender,Left-Back,Guadeloupe,France,29,2368,1,1,82,VfL Wolfsburg,2866,20000000.0,16000000.0,0.999,1.0,0.997,same_club
3347,Ellyes Skhiri,GER,2019-20,FC Cologne,M S,32,2684,1,1,3,25,20,2.006,2.006,2.527,7.469,5.02,4,0,290587,Ellyes Skhiri,1995-05-10,24.31,185.0,right,Midfield,Defensive Midfield,Tunisia,France,32,2674,1,3,3,1.FC Köln,2764,12000000.0,6800000.0,0.999,1.0,0.996,same_club
3388,Karim Rekik,GER,2019-20,Hertha Berlin,D,14,1260,1,1,0,5,3,0.525,0.525,0.654,1.926,1.529,0,0,182579,Karim Rekik,1994-12-02,24.75,186.0,left,Defender,Centre-Back,Netherlands,Netherlands,14,1260,1,0,44,Hertha BSC,1470,15000000.0,9500000.0,1.0,1.0,1.0,same_club
3431,Almamy Touré,GER,2019-20,Eintracht Frankfurt,D M S,19,1500,1,1,3,15,22,1.836,1.836,2.677,5.07,2.77,2,0,216181,Almamy Touré,1996-04-28,23.34,183.0,right,Defender,Centre-Back,,,19,1494,1,3,24,Eintracht Frankfurt,2370,6500000.0,6500000.0,0.999,1.0,0.996,same_club
3603,Corentin Tolisso,GER,2019-20,Bayern Munich,M S,13,632,1,1,2,15,13,1.248,1.248,1.761,8.434,6.477,0,0,190393,Corentin Tolisso,1994-08-03,25.08,181.0,right,Midfield,Central Midfield,France,France,13,638,1,2,27,Bayern Munich,1398,40000000.0,25500000.0,0.997,1.0,0.991,same_club
4250,Nicolas Höfler,GER,2019-20,Freiburg,M S,32,2788,1,1,0,26,16,2.59,2.59,0.391,7.49,5.369,9,0,55099,Nicolas Höfler,1990-03-09,29.48,181.0,right,Midfield,Defensive Midfield,Germany,Germany,32,2785,1,0,60,SC Freiburg,2905,4000000.0,3500000.0,1.0,1.0,0.999,same_club
4258,Uwe Hünemeier,GER,2019-20,Paderborn,D S,16,1200,1,0,0,12,6,1.41,0.652,0.224,1.01,0.823,5,1,10503,Uwe Hünemeier,1986-01-09,33.64,189.0,right,Defender,Centre-Back,Germany,Germany,16,1209,1,0,127,SC Paderborn 07,1329,400000.0,325000.0,0.998,1.0,0.993,same_club
4268,Christian Strohdiek,GER,2019-20,Paderborn,D,16,1363,1,1,2,8,11,1.364,1.364,1.615,1.433,0.734,3,0,48081,Christian Strohdiek,1988-01-22,31.61,192.0,right,Defender,Centre-Back,Germany,Germany,16,1364,1,2,127,SC Paderborn 07,1484,600000.0,475000.0,1.0,1.0,0.999,same_club
4280,Davie Selke,GER,2019-20,"Hertha Berlin,Werder Bremen",F S,30,1399,1,1,1,31,11,3.506,3.506,0.776,5.117,1.139,6,0,178459,Davie Selke,1995-01-20,24.61,195.0,right,Attack,Centre-Forward,Germany,Germany,30,1415,1,1,"44,86","Hertha BSC,SV Werder Bremen",1617,18000000.0,8000000.0,0.997,1.0,0.989,same_club
5238,Jordan Torunarigha,GER,2019-20,Hertha Berlin,D S,18,1460,1,1,1,2,8,0.619,0.619,0.732,3.959,2.957,3,0,227110,Jordan Torunarigha,1997-08-07,22.07,191.0,left,Defender,Centre-Back,Nigeria,Germany,18,1461,1,0,44,Hertha BSC,1638,10000000.0,6500000.0,1.0,1.0,0.999,same_club
5257,Willi Orban,GER,2019-20,RasenBallsport Leipzig,D S,12,846,1,1,0,7,3,0.731,0.731,0.073,4.842,4.683,0,0,93740,Willi Orbán,1992-11-03,26.83,186.0,right,Defender,Centre-Back,Hungary,Germany,12,853,1,0,23826,RB Leipzig,1247,20000000.0,16000000.0,0.998,1.0,0.992,same_club
5270,Gerrit Holtmann,GER,2019-20,Paderborn,D M S,24,1061,1,1,0,24,14,1.092,1.092,1.549,3.246,0.932,1,1,190289,Gerrit Holtmann,1995-03-25,24.44,185.0,left,Attack,Left Winger,Philippines,Germany,24,1064,1,0,127,SC Paderborn 07,1200,1500000.0,1200000.0,0.999,1.0,0.997,same_club
5273,Kerem Demirbay,GER,2019-20,Bayer Leverkusen,F M S,25,1580,1,1,5,30,41,3.182,3.182,4.525,11.656,8.764,2,1,125858,Kerem Demirbay,1993-07-03,26.16,183.0,left,Midfield,Central Midfield,Germany,Germany,25,1578,1,5,15,Bayer 04 Leverkusen,2728,32000000.0,24000000.0,1.0,1.0,0.999,same_club
5292,Manuel Gulde,GER,2019-20,Freiburg,D S,17,1378,1,1,0,14,5,1.129,1.129,0.156,3.459,3.207,0,0,45683,Manuel Gulde,1991-02-12,28.55,184.0,right,Defender,Centre-Back,Germany,Germany,17,1372,1,0,60,SC Freiburg,1372,4000000.0,2400000.0,0.999,1.0,0.996,same_club
5340,Marco Friedl,GER,2019-20,Werder Bremen,D M S,27,2195,1,1,3,11,20,0.984,0.984,1.525,4.982,3.808,9,0,156990,Marco Friedl,1998-03-16,21.46,187.0,left,Defender,Centre-Back,Austria,Austria,27,2185,1,3,86,SV Werder Bremen,2410,2500000.0,3200000.0,0.999,1.0,0.995,same_club
5989,Moussa Niakhate,GER,2019-20,Mainz 05,D,33,2970,1,1,2,12,12,1.051,1.051,0.887,5.568,5.403,7,0,291200,Moussa Niakhaté,1996-03-08,23.48,190.0,left,Defender,Centre-Back,Senegal,France,33,2970,1,2,39,1.FSV Mainz 05,3060,14000000.0,11000000.0,1.0,1.0,1.0,same_club
6084,Johannes Eggestein,GER,2019-20,Werder Bremen,F M S,14,502,1,1,0,15,6,0.653,0.653,0.356,1.63,0.781,1,1,251303,Johannes Eggestein,1998-05-08,21.32,183.0,right,Attack,Centre-Forward,Germany,Germany,14,504,1,0,86,SV Werder Bremen,549,10000000.0,4500000.0,0.999,1.0,0.996,same_club
6103,Dan-Axel Zagadou,GER,2019-20,Borussia Dortmund,D S,15,977,1,1,1,4,6,0.198,0.198,0.681,5.477,4.901,1,0,344598,Dan-Axel Zagadou,1999-06-03,20.25,196.0,left,Defender,Centre-Back,France,France,15,980,1,1,16,Borussia Dortmund,1421,28000000.0,31500000.0,0.999,1.0,0.997,same_club
6148,Michaël Cuisance,GER,2019-20,Bayern Munich,M S,9,300,1,1,0,12,5,0.658,0.658,0.175,3.153,2.604,1,0,344600,Michaël Cuisance,1999-08-16,20.04,181.0,left,Midfield,Central Midfield,France,France,9,304,1,1,27,Bayern Munich,313,5000000.0,8000000.0,0.996,1.0,0.987,same_club
6229,William,GER,2019-20,Wolfsburg,D,16,1366,1,1,1,18,15,1.559,1.559,2.064,5.263,2.23,0,0,341710,William,1995-04-03,24.41,171.0,right,Defender,Right-Back,Brazil,Brazil,16,1366,1,1,82,VfL Wolfsburg,1862,7000000.0,11000000.0,1.0,1.0,1.0,same_club
6273,Robin Koch,GER,2019-20,Freiburg,D M S,32,2708,1,1,0,35,12,4.199,4.199,1.287,5.81,3.903,3,0,328784,Robin Koch,1996-07-17,23.12,192.0,right,Defender,Centre-Back,Germany,Germany,32,2708,1,0,60,SC Freiburg,2807,10000000.0,14500000.0,1.0,1.0,1.0,same_club
6476,Mohamed Dräger,GER,2019-20,Paderborn,D M S,18,1462,1,1,3,14,15,0.762,0.762,1.115,2.799,1.188,2,0,192167,Mohamed Dräger,1996-06-25,23.18,181.0,right,Defender,Right-Back,Tunisia,Germany,18,1457,1,3,127,SC Paderborn 07,1457,2000000.0,1600000.0,0.999,1.0,0.997,same_club
6708,Bote Baku,GER,2019-20,Mainz 05,D M S,30,2341,1,1,3,22,29,0.964,0.964,3.71,10.096,6.469,5,1,327251,Ridle Baku,1998-04-08,21.4,176.0,right,Defender,Right-Back,Germany,Germany,30,2350,1,3,39,1.FSV Mainz 05,2425,3500000.0,5000000.0,0.969,0.95,0.996,same_club
7024,Kasim Nuhu,GER,2019-20,Fortuna Duesseldorf,D S,13,995,1,1,0,6,2,1.382,1.382,0.127,1.36,1.304,0,0,,,,,,,,,,,,,,,,,,,,,,,
7049,Evan Ndicka,GER,2019-20,Eintracht Frankfurt,D S,22,1729,1,1,1,10,8,0.656,0.656,0.897,6.969,6.002,3,0,371149,Evan Ndicka,1999-08-20,20.03,192.0,left,Defender,Centre-Back,Cote d'Ivoire,France,22,1724,1,1,24,Eintracht Frankfurt,2759,25000000.0,22500000.0,0.999,1.0,0.997,same_club
7054,Steven Skrzybski,GER,2019-20,Fortuna Duesseldorf,F M S,11,529,1,1,2,14,6,1.237,1.237,0.3,1.522,0.08,0,0,93827,Steven Skrzybski,1992-11-18,26.78,174.0,right,Attack,Centre-Forward,Germany,Germany,11,528,1,2,38,Fortuna Düsseldorf,633,3500000.0,1600000.0,0.999,1.0,0.998,same_club
7056,Niko Gießelmann,GER,2019-20,Fortuna Duesseldorf,D S,25,2060,1,1,1,14,22,0.479,0.479,1.714,4.315,3.101,6,0,72792,Niko Gießelmann,1991-09-26,27.93,182.0,left,Defender,Left-Back,Germany,Germany,25,2056,1,1,38,Fortuna Düsseldorf,2356,4000000.0,2800000.0,0.999,1.0,0.998,same_club
7079,Marcelo Saracchi,GER,2019-20,RasenBallsport Leipzig,D S,4,173,1,1,0,4,4,0.354,0.354,0.504,1.433,0.631,1,0,373916,Marcelo Saracchi,1998-04-23,21.36,172.0,left,Defender,Left-Back,Uruguay,Uruguay,4,177,1,0,23826,RB Leipzig,1500,10000000.0,9000000.0,0.993,1.0,0.977,same_club
7108,Jonathan Burkardt,GER,2019-20,Mainz 05,F M S,8,244,1,1,0,7,1,0.806,0.806,0.098,0.929,0.152,0,0,333647,Jonathan Burkardt,2000-07-11,19.14,181.0,right,Attack,Centre-Forward,Germany,Germany,8,250,1,0,39,1.FSV Mainz 05,265,1750000.0,1800000.0,0.993,1.0,0.976,same_club
7197,Fredrik Jensen,GER,2019-20,Augsburg,F M S,10,449,1,1,0,6,2,0.545,0.545,0.224,0.994,0.29,0,0,249157,Fredrik Jensen,1997-09-09,21.98,183.0,right,Midfield,Attacking Midfield,Finland,Finland,10,454,1,1,167,FC Augsburg,477,2500000.0,2000000.0,0.997,1.0,0.989,same_club
7783,Xaver Schlager,GER,2019-20,Wolfsburg,F M S,23,1736,1,1,2,32,15,1.204,1.204,2.294,6.203,3.041,4,0,223979,Xaver Schlager,1997-09-28,21.92,174.0,left,Midfield,Central Midfield,Austria,Austria,23,1731,1,2,82,VfL Wolfsburg,2088,15000000.0,12000000.0,0.999,1.0,0.997,same_club
7785,Kingsley Ehizibue,GER,2019-20,FC Cologne,D M S,31,2352,1,1,1,12,15,1.166,1.166,1.337,5.754,3.999,6,1,272812,Kingsley Ehizibue,1995-05-25,24.27,189.0,right,Defender,Right-Back,Netherlands,Germany,31,2338,1,1,3,1.FC Köln,2449,2000000.0,2000000.0,0.998,1.0,0.994,same_club
7786,Rafael Czichos,GER,2019-20,FC Cologne,D,26,2210,1,1,1,13,7,2.403,2.403,0.891,4.089,3.78,2,1,84150,Rafael Czichos,1990-05-14,29.3,187.0,left,Defender,Centre-Back,Germany,Saudi Arabia,26,2210,1,2,3,1.FC Köln,2330,2000000.0,1700000.0,1.0,1.0,1.0,same_club
7794,Jamilu Collins,GER,2019-20,Paderborn,D,30,2670,1,1,2,19,19,1.905,1.147,1.19,6.266,4.652,7,1,254934,Jamilu Collins,1994-08-05,25.07,183.0,left,Defender,Left-Back,Nigeria,Nigeria,30,2669,1,2,127,SC Paderborn 07,2767,1500000.0,2400000.0,1.0,1.0,1.0,same_club
7797,Sebastian Vasiliadis,GER,2019-20,Paderborn,M,32,2812,1,1,1,37,27,1.289,1.289,2.331,5.872,3.796,10,0,333516,Sebastian Vasiliadis,1997-10-04,21.91,177.0,right,Midfield,Central Midfield,Greece,Germany,32,2812,1,1,127,SC Paderborn 07,2932,3500000.0,3200000.0,1.0,1.0,1.0,same_club
7798,Christopher Antwi-Adjei,GER,2019-20,Paderborn,D F M S,34,2470,1,1,2,46,43,3.625,3.625,4.125,11.428,4.318,2,0,289182,Christopher Antwi-Adjei,1994-02-07,25.56,174.0,right,Attack,Left Winger,Ghana,Germany,34,2473,1,2,127,SC Paderborn 07,2683,1500000.0,1600000.0,1.0,1.0,0.999,same_club
7814,Taiwo Awoniyi,GER,2019-20,Mainz 05,F M S,12,461,1,1,0,14,5,2.814,2.814,0.699,4.071,0.743,1,0,295313,Taiwo Awoniyi,1997-08-12,22.05,183.0,right,Attack,Centre-Forward,Nigeria,Nigeria,12,476,1,0,39,1.FSV Mainz 05,476,4500000.0,3200000.0,0.991,1.0,0.968,same_club
7831,Stefan Lainer,GER,2019-20,Borussia M.Gladbach,D M,31,2717,1,1,3,15,36,1.948,1.948,4.174,15.14,12.122,9,0,85791,Stefan Lainer,1992-08-27,27.01,175.0,right,Defender,Right-Back,Austria,Austria,31,2713,1,3,18,Borussia Mönchengladbach,3433,12500000.0,14500000.0,1.0,1.0,0.999,same_club
7877,Robert Andrich,GER,2019-20,Union Berlin,M,30,2588,1,1,2,49,32,2.305,2.305,1.877,8.147,4.798,11,1,159088,Robert Andrich,1994-09-22,24.94,187.0,right,Midfield,Defensive Midfield,Germany,Germany,30,2579,1,3,89,1.FC Union Berlin,2873,600000.0,2400000.0,0.999,1.0,0.997,same_club
7878,Suleiman Abdullahi,GER,2019-20,Union Berlin,M S,6,146,1,1,0,6,1,0.733,0.733,0.598,0.792,0.18,1,0,356118,Suleiman Abdullahi,1996-12-10,22.72,185.0,right,Attack,Centre-Forward,Nigeria,Nigeria,6,153,1,0,89,1.FC Union Berlin,153,2000000.0,1400000.0,0.986,1.0,0.954,same_club
7897,Louis Schaub,GER,2019-20,FC Cologne,M S,9,633,1,1,1,9,11,0.692,0.692,0.775,2.63,1.58,0,0,147485,Louis Schaub,1994-12-29,24.67,177.0,left,Midfield,Right Midfield,Austria,Germany,9,626,1,1,3,1.FC Köln,690,4000000.0,3200000.0,0.997,1.0,0.989,same_club
7986,Lucas Ribeiro,GER,2019-20,Hoffenheim,S,2,62,1,1,0,1,0,0.623,0.623,0.0,0.0,0.0,1,0,605893,Lucas Ribeiro,1999-01-19,20.62,190.0,right,Defender,Centre-Back,Brazil,Brazil,2,63,1,0,533,TSG 1899 Hoffenheim,82,3000000.0,2300000.0,0.997,1.0,0.989,same_club
7996,Michael Parensen,GER,2019-20,Union Berlin,D S,9,621,1,1,0,3,1,0.91,0.91,0.579,0.77,0.74,4,0,18533,Michael Parensen,1986-06-24,33.19,180.0,left,Defender,Centre-Back,Germany,Germany,9,625,1,0,89,1.FC Union Berlin,909,250000.0,250000.0,0.998,1.0,0.994,same_club
8065,Iago,GER,2019-20,Augsburg,D M S,10,665,1,1,1,2,5,0.723,0.723,0.468,1.154,0.09,0,0,520468,Iago,1997-03-23,22.44,181.0,left,Defender,Left-Back,Brazil,Brazil,10,671,1,1,167,FC Augsburg,671,2000000.0,4000000.0,0.997,1.0,0.991,same_club
8397,Florian Wirtz,GER,2019-20,Bayer Leverkusen,F M S,7,359,1,1,0,4,3,0.311,0.311,0.485,1.35,1.006,0,0,598577,Florian Wirtz,2003-05-03,16.33,177.0,right,Midfield,Attacking Midfield,Germany,Germany,7,367,1,0,15,Bayer 04 Leverkusen,480,,,0.993,1.0,0.978,same_club
8,Jérôme Gondorf,GER,2019-20,Freiburg,M,2,124,0,0,0,2,1,0.04,0.04,0.039,0.465,0.408,1,0,77108,Jérôme Gondorf,1988-06-26,31.18,176.0,right,Midfield,Central Midfield,Germany,Germany,2,122,0,0,60,SC Freiburg,284,1500000.0,600000.0,0.995,1.0,0.984,same_club
19,Rune Jarstein,GER,2019-20,Hertha Berlin,GK,29,2547,0,0,0,0,1,0.0,0.0,0.084,3.631,3.547,1,1,24112,Rune Jarstein,1984-09-29,34.92,192.0,right,Goalkeeper,Goalkeeper,Norway,Norway,29,2548,0,0,44,Hertha BSC,2758,2000000.0,800000.0,1.0,1.0,1.0,same_club
21,Sebastian Langkamp,GER,2019-20,Werder Bremen,D S,5,310,0,0,0,4,0,0.214,0.214,0.0,0.489,0.489,3,0,39094,Sebastian Langkamp,1988-01-15,31.63,191.0,right,Defender,Centre-Back,Germany,Germany,5,314,0,0,86,SV Werder Bremen,404,2000000.0,800000.0,0.996,1.0,0.987,same_club
22,John Brooks,GER,2019-20,Wolfsburg,D,25,2229,0,0,1,13,6,0.909,0.909,1.352,4.395,4.132,4,0,124732,John Brooks,1993-01-28,26.59,194.0,left,Defender,Centre-Back,United States,Germany,25,2226,0,1,82,VfL Wolfsburg,2776,15000000.0,12000000.0,1.0,1.0,0.999,same_club
23,Marvin Plattenhardt,GER,2019-20,Hertha Berlin,D M,17,1400,0,0,5,4,26,0.344,0.344,2.775,5.182,4.159,1,0,89592,Marvin Plattenhardt,1992-01-26,27.6,181.0,left,Defender,Left-Back,,,17,1398,0,5,44,Hertha BSC,1587,10000000.0,5500000.0,1.0,1.0,0.999,same_club
24,Per Skjelbred,GER,2019-20,Hertha Berlin,M S,24,1644,0,0,0,1,2,0.016,0.016,0.065,6.388,6.308,4,0,18918,Per Ciljan Skjelbred,1987-06-16,32.21,175.0,right,Midfield,Central Midfield,Norway,Norway,24,1637,0,0,44,Hertha BSC,1757,1750000.0,1400000.0,0.969,0.95,0.996,same_club
43,Danny Latza,GER,2019-20,Mainz 05,M S,23,1383,0,0,2,16,20,1.116,1.116,2.038,5.261,3.099,7,0,39025,Danny Latza,1989-12-07,29.73,179.0,right,Midfield,Central Midfield,Germany,Germany,23,1374,0,3,39,1.FSV Mainz 05,1437,4000000.0,2800000.0,0.998,1.0,0.993,same_club
45,Yunus Malli,GER,2019-20,Union Berlin,F M S,13,686,0,0,1,12,6,1.246,1.246,0.854,3.057,1.1,1,0,85352,Yunus Mallı,1992-02-24,27.52,179.0,right,Midfield,Attacking Midfield,Türkiye,Germany,13,676,0,1,89,1.FC Union Berlin,726,5000000.0,2800000.0,0.967,0.952,0.985,same_club
49,Christian Clemens,GER,2019-20,FC Cologne,S,1,14,0,0,0,0,1,0.0,0.0,0.061,0.0,0.0,0,0,44713,Christian Clemens,1991-08-04,28.08,180.0,right,Attack,Right Winger,Germany,Germany,1,15,0,0,3,1.FC Köln,15,1750000.0,1400000.0,0.997,1.0,0.989,same_club
51,Jannik Huth,GER,2019-20,Paderborn,GK,6,540,0,0,0,0,0,0.0,0.0,0.0,0.185,0.185,0,0,160954,Jannik Huth,1994-04-15,25.38,185.0,right,Goalkeeper,Goalkeeper,Germany,Germany,6,540,0,0,127,SC Paderborn 07,750,300000.0,600000.0,1.0,1.0,1.0,same_club
52,Alexander Hack,GER,2019-20,Mainz 05,D S,14,798,0,0,0,8,4,0.643,0.643,0.132,1.911,1.815,2,0,126281,Alexander Hack,1993-09-08,25.98,193.0,left,Defender,Centre-Back,Germany,Germany,14,803,0,0,39,1.FSV Mainz 05,803,2500000.0,1000000.0,0.998,1.0,0.994,same_club
62,Lukas Rupp,GER,2019-20,Hoffenheim,M S,7,344,0,0,0,5,1,0.181,0.181,0.082,1.147,0.922,0,0,82863,Lukas Rupp,1991-01-08,28.65,178.0,right,Midfield,Central Midfield,Germany,Germany,7,341,0,0,533,TSG 1899 Hoffenheim,1321,2500000.0,2400000.0,0.999,1.0,0.997,same_club
62,Lukas Rupp,GER,2019-20,Hoffenheim,M S,7,344,0,0,0,5,1,0.181,0.181,0.082,1.147,0.922,0,0,82863,Lukas Rupp,1991-01-08,28.65,178.0,right,Midfield,Central Midfield,Germany,Germany,7,341,0,0,533,TSG 1899 Hoffenheim,1321,2500000.0,2400000.0,0.997,1.0,0.991,same_club
63,Alexandru Maxim,GER,2019-20,Mainz 05,S,5,108,0,0,0,3,5,0.105,0.105,0.558,1.202,0.667,1,0,129513,Alexandru Maxim,1990-07-08,29.15,177.0,right,Midfield,Attacking Midfield,Romania,Romania,5,113,0,0,39,1.FSV Mainz 05,1433,2000000.0,1600000.0,0.987,1.0,0.956,same_club
69,Carlos Gruezo,GER,2019-20,Augsburg,M S,11,894,0,0,1,6,3,0.158,0.158,0.174,1.944,1.665,3,0,189475,Carlos Gruezo,1995-04-19,24.37,176.0,right,Midfield,Defensive Midfield,Ecuador,Ecuador,11,888,0,1,167,FC Augsburg,978,2000000.0,1600000.0,0.998,1.0,0.993,same_club
73,Oliver Baumann,GER,2019-20,Hoffenheim,GK,30,2700,0,0,0,0,1,0.0,0.0,0.032,2.263,2.231,1,0,55089,Oliver Baumann,1990-06-02,29.25,187.0,right,Goalkeeper,Goalkeeper,Germany,Germany,30,2700,0,0,533,TSG 1899 Hoffenheim,2820,8000000.0,5500000.0,1.0,1.0,1.0,same_club
75,Niklas Süle,GER,2019-20,Bayern Munich,D,8,641,0,0,1,6,2,0.581,0.581,0.525,3.622,3.52,1,0,166601,Niklas Süle,1995-09-03,23.99,195.0,right,Defender,Centre-Back,Germany,Germany,8,642,0,1,27,Bayern Munich,1152,60000000.0,48000000.0,1.0,1.0,0.998,same_club
79,Tobias Strobl,GER,2019-20,Borussia M.Gladbach,D M S,10,616,0,0,0,1,4,0.015,0.015,0.308,3.5,3.409,1,0,57845,Tobias Strobl,1990-05-12,29.31,188.0,right,Midfield,Defensive Midfield,Germany,Germany,10,613,0,0,18,Borussia Mönchengladbach,793,7000000.0,3500000.0,0.999,1.0,0.995,same_club
108,Manuel Schmiedebach,GER,2019-20,Union Berlin,M S,5,178,0,0,0,0,0,0.0,0.0,0.0,0.122,0.122,0,0,41507,Manuel Schmiedebach,1988-12-05,30.74,171.0,right,Midfield,Defensive Midfield,Germany,Germany,5,178,0,0,89,1.FC Union Berlin,255,1000000.0,650000.0,1.0,1.0,1.0,same_club
109,Felix Wiedwald,GER,2019-20,Eintracht Frankfurt,GK,3,270,0,0,0,0,0,0.0,0.0,0.0,0.057,0.057,0,0,44594,Felix Wiedwald,1990-03-15,29.46,190.0,right,Goalkeeper,Goalkeeper,Germany,Germany,3,270,0,0,24,Eintracht Frankfurt,540,600000.0,475000.0,1.0,1.0,1.0,same_club
114,Philipp Bargfrede,GER,2019-20,Werder Bremen,M S,15,585,0,0,0,5,2,0.154,0.154,0.065,1.709,1.491,1,1,42033,Philipp Bargfrede,1989-03-03,30.5,174.0,right,Midfield,Defensive Midfield,Germany,Germany,15,584,0,0,86,SV Werder Bremen,652,2500000.0,1200000.0,0.999,1.0,0.998,same_club
115,Fin Bartels,GER,2019-20,Werder Bremen,F S,14,310,0,0,0,7,5,0.232,0.232,0.239,0.626,0.201,2,0,36207,Fin Bartels,1987-02-07,32.56,176.0,right,Attack,Right Winger,Germany,Germany,14,327,0,0,86,SV Werder Bremen,328,1500000.0,800000.0,0.984,1.0,0.948,same_club
116,Florian Grillitsch,GER,2019-20,Hoffenheim,D M S,31,2423,0,0,3,17,18,1.108,1.108,2.567,10.513,8.101,3,0,195736,Florian Grillitsch,1995-08-07,24.07,186.0,right,Midfield,Defensive Midfield,Austria,Austria,31,2411,0,3,533,TSG 1899 Hoffenheim,2618,22000000.0,20000000.0,0.999,1.0,0.995,same_club
120,Felix Kroos,GER,2019-20,Union Berlin,M S,15,351,0,0,0,5,0,0.347,0.347,0.0,1.398,1.108,1,0,31910,Felix Kroos,1991-03-12,28.47,184.0,right,Midfield,Central Midfield,Germany,Germany,15,372,0,0,89,1.FC Union Berlin,380,800000.0,650000.0,0.983,1.0,0.944,same_club
122,Claudio Pizarro,GER,2019-20,Werder Bremen,S,18,185,0,0,0,4,5,0.434,0.434,0.506,1.099,0.333,0,0,532,Claudio Pizarro,1978-10-03,40.91,184.0,right,Attack,Centre-Forward,Peru,Peru,18,214,0,0,86,SV Werder Bremen,239,500000.0,400000.0,0.959,1.0,0.864,same_club
127,Timo Horn,GER,2019-20,FC Cologne,GK,34,3060,0,0,0,1,1,0.116,0.116,0.299,3.515,3.1,0,0,84938,Timo Horn,1993-05-12,26.31,192.0,left,Goalkeeper,Goalkeeper,Germany,Germany,34,3060,0,0,3,1.FC Köln,3270,6000000.0,4000000.0,1.0,1.0,1.0,same_club
129,Dominique Heintz,GER,2019-20,Freiburg,D S,28,2432,0,0,1,4,4,0.172,0.172,0.23,5.12,4.976,2,0,110036,Dominique Heintz,1993-08-15,26.05,188.0,left,Defender,Centre-Back,Germany,Germany,28,2434,0,1,60,SC Freiburg,2644,7500000.0,8000000.0,1.0,1.0,0.999,same_club
133,Kevin Vogt,GER,2019-20,"Hoffenheim,Werder Bremen",D M,25,2082,0,0,0,1,6,0.295,0.295,0.802,6.119,5.926,5,0,84435,Kevin Vogt,1991-09-23,27.94,194.0,right,Defender,Centre-Back,Germany,Germany,25,2071,0,0,"86,533","SV Werder Bremen,TSG 1899 Hoffenheim",2363,12000000.0,8000000.0,0.998,1.0,0.995,same_club
134,Marcel Risse,GER,2019-20,FC Cologne,S,6,122,0,0,2,1,6,0.048,0.048,1.027,0.378,0.313,1,0,51176,Marcel Risse,1989-12-17,29.71,183.0,right,Attack,Right Winger,Germany,Germany,6,128,0,2,3,1.FC Köln,183,1500000.0,1200000.0,0.986,1.0,0.953,same_club
150,Josuha Guilavogui,GER,2019-20,Wolfsburg,D M S,25,2068,0,0,1,24,9,1.006,1.006,0.949,5.899,5.091,5,1,93704,Josuha Guilavogui,1990-09-19,28.95,188.0,right,Midfield,Defensive Midfield,France,France,25,2063,0,1,82,VfL Wolfsburg,2618,12000000.0,11000000.0,0.999,1.0,0.998,same_club
159,Koen Casteels,GER,2019-20,Wolfsburg,GK,26,2340,0,0,0,0,1,0.0,0.0,0.024,3.916,3.892,1,0,108880,Koen Casteels,1992-06-25,27.18,197.0,left,Goalkeeper,Goalkeeper,Belgium,Belgium,26,2340,0,0,82,VfL Wolfsburg,2910,13000000.0,10500000.0,1.0,1.0,1.0,same_club
183,Jonathan Tah,GER,2019-20,Bayer Leverkusen,D S,25,2091,0,0,1,6,5,0.35,0.35,0.198,10.62,10.587,4,1,196357,Jonathan Tah,1996-02-11,23.55,195.0,right,Defender,Centre-Back,Germany,Germany,25,2090,0,1,15,Bayer 04 Leverkusen,3138,40000000.0,29500000.0,1.0,1.0,1.0,same_club
184,Ömer Toprak,GER,2019-20,Werder Bremen,D S,10,717,0,0,0,4,1,0.371,0.371,0.085,1.41,1.25,2,0,43512,Ömer Toprak,1989-07-21,30.11,187.0,right,Defender,Centre-Back,Türkiye,Germany,10,718,0,0,86,SV Werder Bremen,899,5000000.0,3500000.0,1.0,1.0,0.999,same_club
185,Wendell,GER,2019-20,Bayer Leverkusen,D S,24,1906,0,0,2,10,15,0.226,0.226,1.11,9.423,8.488,4,1,228433,Wendell,1993-07-20,26.12,176.0,left,Defender,Left-Back,Brazil,Brazil,24,1907,0,3,15,Bayer 04 Leverkusen,2645,20000000.0,13500000.0,1.0,1.0,0.999,same_club
187,Christoph Kramer,GER,2019-20,Borussia M.Gladbach,M S,22,1457,0,0,0,10,9,0.321,0.321,0.452,7.629,6.995,4,0,82097,Christoph Kramer,1991-02-19,28.53,191.0,right,Midfield,Defensive Midfield,Germany,Germany,22,1464,0,0,18,Borussia Mönchengladbach,1784,10000000.0,7000000.0,0.999,1.0,0.995,same_club
199,Yann Sommer,GER,2019-20,Borussia M.Gladbach,GK,34,3060,0,0,0,0,0,0.0,0.0,0.0,6.602,6.602,0,0,42205,Yann Sommer,1988-12-17,30.7,183.0,right,Goalkeeper,Goalkeeper,Switzerland,Switzerland,34,3060,0,0,18,Borussia Mönchengladbach,3780,12000000.0,9500000.0,1.0,1.0,1.0,same_club
201,Tony Jantschke,GER,2019-20,Borussia M.Gladbach,D S,17,1018,0,0,0,4,7,0.668,0.668,1.097,4.434,3.929,6,0,47587,Tony Jantschke,1990-04-07,29.4,177.0,right,Defender,Right-Back,Germany,East Germany (GDR),17,1013,0,0,18,Borussia Mönchengladbach,1131,3000000.0,2400000.0,0.999,1.0,0.995,same_club
202,Håvard Nordtveit,GER,2019-20,Hoffenheim,D S,11,693,0,0,1,2,1,0.444,0.444,0.355,0.951,0.596,2,0,42234,Havard Nordtveit,1990-06-21,29.2,188.0,right,Defender,Centre-Back,Norway,Norway,11,698,0,1,533,TSG 1899 Hoffenheim,788,4000000.0,1600000.0,0.998,1.0,0.993,same_club
205,Mahmoud Dahoud,GER,2019-20,Borussia Dortmund,M S,12,556,0,0,1,12,8,0.931,0.931,0.866,3.381,2.413,1,0,191422,Mahmoud Dahoud,1996-01-01,23.67,178.0,right,Midfield,Central Midfield,Syria,Syria,12,557,0,1,16,Borussia Dortmund,585,14000000.0,6500000.0,0.999,1.0,0.998,same_club
207,Ibrahima Traoré,GER,2019-20,Borussia M.Gladbach,M S,7,144,0,0,1,4,3,0.315,0.315,0.762,1.444,0.54,0,0,47285,Ibrahima Traoré,1988-04-21,31.36,171.0,left,Attack,Right Winger,Guinea,France,7,148,0,1,18,Borussia Mönchengladbach,148,2000000.0,800000.0,0.992,1.0,0.973,same_club
210,Raffael,GER,2019-20,Borussia M.Gladbach,S,8,51,0,0,0,8,4,1.142,1.142,0.131,1.545,0.471,0,0,19819,Raffael,1985-03-28,34.43,174.0,right,Attack,Second Striker,Brazil,Brazil,8,60,0,0,18,Borussia Mönchengladbach,125,2500000.0,1200000.0,0.97,1.0,0.9,same_club
217,Manuel Neuer,GER,2019-20,Bayern Munich,GK,33,2970,0,0,0,0,0,0.0,0.0,0.0,9.845,9.845,0,0,17259,Manuel Neuer,1986-03-27,33.43,193.0,right,Goalkeeper,Goalkeeper,Germany,Germany,33,2970,0,0,27,Bayern Munich,4590,18000000.0,14500000.0,1.0,1.0,1.0,same_club
220,Jérôme Boateng,GER,2019-20,Bayern Munich,D S,24,1813,0,0,2,6,5,0.23,0.23,1.417,13.059,12.668,5,1,26485,Jérôme Boateng,1988-09-03,30.99,192.0,right,Defender,Centre-Back,Germany,Germany,24,1802,0,2,27,Bayern Munich,2806,20000000.0,12000000.0,0.998,1.0,0.994,same_club
225,Javi Martínez,GER,2019-20,Bayern Munich,D M S,16,665,0,0,0,1,2,0.131,0.131,0.096,5.988,5.955,3,1,44017,Javi Martínez,1988-09-02,31.0,189.0,right,Midfield,Defensive Midfield,Spain,Spain,16,670,0,0,27,Bayern Munich,1016,27000000.0,13000000.0,0.998,1.0,0.993,same_club
231,Sven Ulreich,GER,2019-20,Bayern Munich,GK,1,90,0,0,0,0,0,0.0,0.0,0.0,1.06,1.06,0,0,40680,Sven Ulreich,1988-08-03,31.08,192.0,right,Goalkeeper,Goalkeeper,Germany,Germany,1,90,0,0,27,Bayern Munich,90,4500000.0,3500000.0,1.0,1.0,1.0,same_club
241,Mathew Leckie,GER,2019-20,Hertha Berlin,M S,7,178,0,0,0,2,0,0.087,0.087,0.0,0.708,0.708,0,0,126214,Mathew Leckie,1991-02-04,28.57,181.0,right,Attack,Left Winger,Australia,Australia,7,189,0,0,44,Hertha BSC,294,3500000.0,2200000.0,0.983,1.0,0.942,same_club
263,Marwin Hitz,GER,2019-20,Borussia Dortmund,GK S,4,287,0,0,0,0,0,0.0,0.0,0.0,0.207,0.207,0,0,59238,Marwin Hitz,1987-09-18,31.95,194.0,right,Goalkeeper,Goalkeeper,Switzerland,Switzerland,4,290,0,0,16,Borussia Dortmund,650,2500000.0,2000000.0,0.997,1.0,0.99,same_club
269,Dominik Kohr,GER,2019-20,Eintracht Frankfurt,M S,26,1453,0,0,3,29,18,1.476,1.476,1.355,6.578,4.651,5,1,118847,Dominik Kohr,1994-01-31,25.58,183.0,right,Defender,Centre-Back,Germany,Germany,26,1452,0,3,24,Eintracht Frankfurt,2300,4000000.0,6800000.0,1.0,1.0,0.999,same_club
270,Alexander Esswein,GER,2019-20,Hertha Berlin,D S,7,203,0,0,0,2,3,0.052,0.052,1.24,1.954,1.264,1,0,45662,Alexander Esswein,1990-03-25,29.44,182.0,right,Attack,Right Winger,Germany,Germany,7,208,0,0,44,Hertha BSC,253,1000000.0,800000.0,0.993,1.0,0.976,same_club
276,Dong-Won Ji,GER,2019-20,Mainz 05,M S,4,99,0,0,0,0,0,0.0,0.0,0.0,0.0,0.0,1,0,164265,Dong-won Ji,1991-05-28,28.26,187.0,right,Attack,Centre-Forward,"Korea, South","Korea, South",4,100,0,0,39,1.FSV Mainz 05,100,1750000.0,1400000.0,0.997,1.0,0.99,same_club
281,Lukas Hradecky,GER,2019-20,Bayer Leverkusen,GK,34,3060,0,0,0,0,0,0.0,0.0,0.0,5.58,5.58,1,0,48015,Lukas Hradecky,1989-11-24,29.77,192.0,right,Goalkeeper,Goalkeeper,Finland,CSSR,34,3060,0,0,15,Bayer 04 Leverkusen,4500,8000000.0,8000000.0,1.0,1.0,1.0,same_club
282,Makoto Hasebe,GER,2019-20,Eintracht Frankfurt,D M S,23,1967,0,0,0,0,9,0.0,0.0,0.346,7.357,7.226,3,0,39259,Makoto Hasebe,1984-01-18,35.62,180.0,right,Defender,Centre-Back,Japan,Japan,23,1966,0,0,24,Eintracht Frankfurt,3345,1000000.0,800000.0,1.0,1.0,0.999,same_club
285,Bastian Oczipka,GER,2019-20,Schalke 04,D S,34,3011,0,0,5,9,42,0.247,0.247,2.867,6.225,5.647,4,0,53437,Bastian Oczipka,1989-01-12,30.63,185.0,left,Defender,Left-Back,Germany,Germany,34,3015,0,5,33,FC Schalke 04,3405,4000000.0,3200000.0,1.0,1.0,0.999,same_club
290,Mijat Gacinovic,GER,2019-20,Eintracht Frankfurt,F M S,23,1048,0,0,1,25,13,2.928,2.928,1.226,6.501,2.833,2,0,215864,Mijat Gacinovic,1995-02-08,24.56,175.0,right,Midfield,Attacking Midfield,Serbia,Yugoslavia (Republic),23,1047,0,1,24,Eintracht Frankfurt,1653,11000000.0,7000000.0,1.0,1.0,0.999,same_club
309,Roman Bürki,GER,2019-20,Borussia Dortmund,GK,31,2773,0,0,0,0,0,0.0,0.0,0.0,5.156,5.156,0,0,59027,Roman Bürki,1990-11-14,28.8,187.0,right,Goalkeeper,Goalkeeper,Switzerland,Switzerland,31,2770,0,0,16,Borussia Dortmund,3490,14000000.0,11000000.0,1.0,1.0,0.999,same_club
327,Fabian Johnson,GER,2019-20,Borussia M.Gladbach,D M S,6,275,0,0,0,0,2,0.0,0.0,0.559,0.778,0.347,0,0,31041,Fabian Johnson,1987-12-11,31.72,183.0,right,Attack,Left Winger,United States,Germany,6,272,0,0,18,Borussia Mönchengladbach,299,3000000.0,1600000.0,0.997,1.0,0.989,same_club
350,Felix Klaus,GER,2019-20,Wolfsburg,F M S,23,645,0,0,1,19,13,2.614,2.614,1.586,3.725,0.298,0,1,89591,Felix Klaus,1992-09-13,26.97,179.0,right,Attack,Right Winger,Germany,Germany,23,659,0,2,82,VfL Wolfsburg,850,3000000.0,2400000.0,0.994,1.0,0.979,same_club
363,Thomas Pledl,GER,2019-20,Fortuna Duesseldorf,S,5,77,0,0,0,1,1,0.027,0.027,0.123,0.15,0.123,0,0,131561,Thomas Pledl,1994-05-23,25.28,174.0,right,Attack,Right Winger,Germany,Germany,5,85,0,0,38,Fortuna Düsseldorf,159,1000000.0,800000.0,0.973,1.0,0.911,same_club
367,Jan Morávek,GER,2019-20,Augsburg,M S,11,458,0,0,1,2,5,0.043,0.043,0.642,0.812,0.127,1,0,63022,Jan Moravek,1989-11-01,29.83,180.0,right,Midfield,Central Midfield,Czech Republic,CSSR,11,467,0,1,167,FC Augsburg,467,750000.0,600000.0,0.994,1.0,0.981,same_club
379,Markus Suttner,GER,2019-20,Fortuna Duesseldorf,D M S,21,1335,0,0,1,15,14,0.47,0.47,0.612,3.499,2.905,3,0,31514,Markus Suttner,1987-04-16,32.38,179.0,left,Defender,Left-Back,Austria,Austria,21,1339,0,1,38,Fortuna Düsseldorf,1459,1500000.0,800000.0,0.999,1.0,0.997,same_club
390,Fabian Reese,GER,2019-20,Schalke 04,F S,2,85,0,0,0,3,2,0.124,0.124,0.557,0.681,0.111,0,0,227102,Fabian Reese,1997-11-29,21.75,187.0,right,Attack,Left Winger,Germany,Germany,2,86,0,0,33,FC Schalke 04,86,600000.0,600000.0,0.997,1.0,0.989,same_club
403,Lukas Klünter,GER,2019-20,Hertha Berlin,D M S,23,1870,0,0,2,2,11,0.263,0.263,1.699,4.59,2.778,5,0,282577,Lukas Klünter,1996-05-26,23.27,184.0,right,Defender,Right-Back,Germany,Germany,23,1876,0,2,44,Hertha BSC,1906,3000000.0,4000000.0,0.999,1.0,0.997,same_club
407,Martin Harnik,GER,2019-20,Werder Bremen,S,2,2,0,0,0,0,0,0.0,0.0,0.0,0.0,0.0,1,0,31159,Martin Harnik,1987-06-10,32.23,185.0,right,Attack,Right Winger,Austria,Germany,2,8,0,0,86,SV Werder Bremen,8,2000000.0,1000000.0,0.98,1.0,0.933,same_club
427,Marco Höger,GER,2019-20,FC Cologne,M S,15,664,0,0,0,1,5,0.079,0.079,0.13,1.517,1.386,2,0,55510,Marco Höger,1989-09-16,29.96,182.0,right,Midfield,Defensive Midfield,Germany,Germany,15,673,0,0,3,1.FC Köln,728,2000000.0,1400000.0,0.996,1.0,0.987,same_club
434,Thomas Kraft,GER,2019-20,Hertha Berlin,GK,4,360,0,0,0,0,0,0.0,0.0,0.0,0.141,0.141,1,0,39732,Thomas Kraft,1988-07-22,31.11,187.0,right,Goalkeeper,Goalkeeper,Germany,Germany,4,360,0,0,44,Hertha BSC,480,750000.0,600000.0,1.0,1.0,1.0,same_club
443,Peter Pekarík,GER,2019-20,Hertha Berlin,D M,9,772,0,0,0,3,7,0.1,0.1,1.461,3.901,3.284,2,0,51100,Peter Pekarík,1986-10-30,32.84,177.0,right,Defender,Right-Back,Slovakia,CSSR,9,770,0,2,44,Hertha BSC,770,800000.0,400000.0,0.999,1.0,0.997,same_club
449,Robin Zentner,GER,2019-20,Mainz 05,GK,22,1937,0,0,0,0,1,0.0,0.0,0.072,1.444,1.373,1,0,160963,Robin Zentner,1994-10-28,24.84,194.0,right,Goalkeeper,Goalkeeper,Germany,Germany,22,1935,0,0,39,1.FSV Mainz 05,1935,1000000.0,3200000.0,1.0,1.0,0.999,same_club
451,Matija Nastasic,GER,2019-20,Schalke 04,D S,16,1363,0,0,0,12,1,1.169,1.169,0.172,2.365,2.152,2,0,143559,Matija Nastasić,1993-03-28,26.43,187.0,left,Defender,Centre-Back,Serbia,Yugoslavia (Republic),16,1364,0,0,33,FC Schalke 04,1665,18000000.0,13000000.0,1.0,1.0,0.999,same_club
543,Reece Oxford,GER,2019-20,Augsburg,M S,12,351,0,0,0,2,0,0.052,0.052,0.0,0.189,0.137,0,0,314295,Reece Oxford,1998-12-16,20.71,190.0,right,Defender,Centre-Back,England,England,12,369,0,0,167,FC Augsburg,369,4000000.0,2300000.0,0.985,1.0,0.951,same_club
1303,Stephan Lichtsteiner,GER,2019-20,Augsburg,D S,20,1357,0,0,1,2,8,0.028,0.028,0.54,2.797,2.508,3,1,2865,Stephan Lichtsteiner,1984-01-16,35.62,182.0,right,Defender,Right-Back,Switzerland,Switzerland,20,1346,0,1,167,FC Augsburg,1346,1500000.0,800000.0,0.998,1.0,0.992,same_club
1350,Jonathan de Guzmán,GER,2019-20,Eintracht Frankfurt,S,8,64,0,0,1,1,4,0.032,0.032,0.608,0.708,0.601,1,0,31067,Jonathan de Guzmán,1987-09-13,31.97,173.0,right,Midfield,Central Midfield,Netherlands,Canada,8,79,0,1,24,Eintracht Frankfurt,193,2500000.0,1200000.0,0.95,1.0,0.833,same_club
1852,Ante Rebic,GER,2019-20,Eintracht Frankfurt,F,1,90,0,0,0,2,3,0.123,0.123,0.228,0.9,0.607,1,0,187587,Ante Rebić,1993-09-21,25.94,185.0,right,Attack,Left Winger,Croatia,Croatia,1,90,0,0,24,Eintracht Frankfurt,2061,40000000.0,24000000.0,1.0,1.0,1.0,same_club
1852,Ante Rebic,GER,2019-20,Eintracht Frankfurt,F,1,90,0,0,0,2,3,0.123,0.123,0.228,0.9,0.607,1,0,187587,Ante Rebić,1993-09-21,25.94,185.0,right,Attack,Left Winger,Croatia,Croatia,1,90,0,0,24,Eintracht Frankfurt,2061,40000000.0,24000000.0,0.996,1.0,0.986,same_club
1936,Niklas Moisander,GER,2019-20,Werder Bremen,D,22,1980,0,0,0,14,5,0.787,0.787,0.385,4.982,4.901,3,1,5017,Niklas Moisander,1985-09-29,33.92,183.0,left,Defender,Centre-Back,Finland,Finland,22,1980,0,1,86,SV Werder Bremen,2250,2000000.0,1200000.0,1.0,1.0,1.0,same_club
2276,Lucas Hernández,GER,2019-20,Bayern Munich,D S,19,906,0,0,1,3,4,0.49,0.49,1.127,6.021,4.81,3,0,281963,Lucas Hernández,1996-02-14,23.55,184.0,left,Defender,Left-Back,France,France,19,914,0,1,27,Bayern Munich,1120,70000000.0,56000000.0,0.997,1.0,0.991,same_club
2418,Álvaro Odriozola,GER,2019-20,Bayern Munich,D S,3,157,0,0,0,0,3,0.0,0.0,0.7,1.56,0.86,0,0,280730,Álvaro Odriozola,1995-12-14,23.72,175.0,right,Defender,Right-Back,Spain,Spain,3,153,0,0,27,Bayern Munich,613,25000000.0,16000000.0,1.0,1.0,1.0,same_club
2418,Álvaro Odriozola,GER,2019-20,Bayern Munich,D S,3,157,0,0,0,0,3,0.0,0.0,0.7,1.56,0.86,0,0,280730,Álvaro Odriozola,1995-12-14,23.72,175.0,right,Defender,Right-Back,Spain,Spain,3,153,0,0,27,Bayern Munich,613,25000000.0,16000000.0,0.992,1.0,0.975,same_club
2456,Omar Mascarell,GER,2019-20,Schalke 04,M,23,2036,0,0,1,10,10,0.382,0.382,1.183,5.384,4.931,4,0,142031,Omar Mascarell,1993-02-02,26.58,181.0,right,Midfield,Defensive Midfield,Equatorial Guinea,Spain,23,2029,0,1,33,FC Schalke 04,2329,8000000.0,11000000.0,0.999,1.0,0.997,same_club
2611,Philipp Lienhart,GER,2019-20,Freiburg,D S,22,1818,0,0,1,7,2,0.749,0.749,0.581,3.514,2.357,3,0,225657,Philipp Lienhart,1996-07-11,23.14,189.0,right,Defender,Centre-Back,Austria,Austria,22,1816,0,1,60,SC Freiburg,1947,4000000.0,9000000.0,1.0,1.0,0.999,same_club
2633,Julian Schieber,GER,2019-20,Augsburg,S,2,33,0,0,0,1,0,0.061,0.061,0.0,0.061,0.0,1,0,58124,Julian Schieber,,,186.0,left,Attack,Centre-Forward,Germany,Germany,2,40,0,0,167,FC Augsburg,44,750000.0,600000.0,0.977,1.0,0.922,same_club
2638,Alessandro Schöpf,GER,2019-20,Schalke 04,M S,22,1417,0,0,1,15,11,1.296,1.296,1.078,4.151,2.361,3,0,118397,Alessandro Schöpf,1994-02-07,25.56,178.0,right,Midfield,Central Midfield,Austria,Austria,22,1427,0,1,33,FC Schalke 04,1727,5000000.0,4000000.0,0.998,1.0,0.993,same_club
2639,Alexander Nübel,GER,2019-20,Schalke 04,GK,26,2319,0,0,0,0,0,0.0,0.0,0.0,1.684,1.684,1,1,195778,Alexander Nübel,1996-09-30,22.92,193.0,right,Goalkeeper,Goalkeeper,Germany,Germany,26,2316,0,0,33,FC Schalke 04,2616,12000000.0,9500000.0,1.0,1.0,0.999,same_club
2640,Erik Durm,GER,2019-20,Eintracht Frankfurt,D M S,9,511,0,0,0,14,4,0.537,0.537,0.141,1.616,1.059,0,0,93922,Erik Durm,1992-05-12,27.3,183.0,right,Defender,Right-Back,Germany,Germany,9,511,0,0,24,Eintracht Frankfurt,822,2000000.0,1600000.0,1.0,1.0,1.0,same_club
2642,Nuri Sahin,GER,2019-20,Werder Bremen,M,16,1268,0,0,3,12,28,0.427,0.427,2.632,4.326,3.6,3,1,31095,Nuri Sahin,1988-09-05,30.99,180.0,left,Midfield,Defensive Midfield,Turkey,Germany,16,1261,0,3,86,SV Werder Bremen,1351,2500000.0,1200000.0,0.998,1.0,0.994,same_club
2665,Jeffrey Gouweleeuw,GER,2019-20,Augsburg,D S,21,1643,0,0,1,0,5,0.0,0.0,0.208,3.551,3.343,5,0,106405,Jeffrey Gouweleeuw,1991-07-10,28.15,188.0,right,Defender,Centre-Back,Netherlands,Netherlands,21,1643,0,1,167,FC Augsburg,1643,12000000.0,9500000.0,1.0,1.0,1.0,same_club
2691,Milos Veljkovic,GER,2019-20,Werder Bremen,D S,24,2066,0,0,1,7,5,0.541,0.541,0.795,4.734,4.414,7,0,202228,Milos Veljkovic,1995-09-26,23.93,188.0,right,Defender,Centre-Back,Serbia,Switzerland,24,2055,0,1,86,SV Werder Bremen,2235,8000000.0,5200000.0,0.998,1.0,0.995,same_club
2702,Marlon Ritter,GER,2019-20,Paderborn,M S,11,426,0,0,1,9,10,0.338,0.338,0.876,1.843,1.032,3,0,151636,Marlon Ritter,1994-10-15,24.88,173.0,right,Midfield,Central Midfield,Germany,Germany,11,431,0,1,127,SC Paderborn 07,431,500000.0,400000.0,0.997,1.0,0.988,same_club
3224,Gelson Fernandes,GER,2019-20,Eintracht Frankfurt,M S,11,787,0,0,0,0,2,0.0,0.0,0.157,1.798,1.658,3,1,20081,Gelson Fernandes,1986-09-02,33.0,180.0,right,Midfield,Defensive Midfield,Switzerland,Cape Verde,11,778,0,0,24,Eintracht Frankfurt,1356,1500000.0,1200000.0,0.997,1.0,0.989,same_club
3286,Kevin Trapp,GER,2019-20,Eintracht Frankfurt,GK,22,1980,0,0,0,0,0,0.0,0.0,0.0,2.255,2.255,1,0,45672,Kevin Trapp,1990-07-08,29.15,189.0,right,Goalkeeper,Goalkeeper,Germany,Germany,22,1980,0,0,24,Eintracht Frankfurt,3060,10000000.0,8000000.0,1.0,1.0,1.0,same_club
3290,Benjamin Stambouli,GER,2019-20,Schalke 04,D,9,810,0,0,0,0,0,0.0,0.0,0.0,0.838,0.838,2,0,127160,Benjamin Stambouli,1990-08-13,29.05,180.0,right,Midfield,Defensive Midfield,France,France,9,810,0,0,33,FC Schalke 04,900,10000000.0,9500000.0,1.0,1.0,1.0,same_club
3443,Babacar Gueye,GER,2019-20,Paderborn,F S,3,108,0,0,0,2,2,0.636,0.636,0.105,0.023,0.0,0,0,342364,Babacar Gueye,1994-12-31,24.67,193.0,right,Attack,Centre-Forward,Senegal,Senegal,3,109,0,0,127,SC Paderborn 07,109,750000.0,475000.0,0.997,1.0,0.991,same_club
3517,Ronael Pierre Gabriel,GER,2019-20,Mainz 05,D,8,584,0,0,1,2,3,0.054,0.054,0.542,0.952,0.371,3,0,410185,Ronaël Pierre-Gabriel,1998-06-13,21.22,177.0,right,Defender,Right-Back,France,France,8,578,0,1,39,1.FSV Mainz 05,578,4000000.0,3600000.0,0.997,1.0,0.99,same_club
3715,Mamadou Doucouré,GER,2019-20,Borussia M.Gladbach,S,2,2,0,0,0,0,0,0.0,0.0,0.0,0.0,0.0,0,0,340480,Mamadou Doucouré,1998-05-21,21.28,183.0,left,Defender,Centre-Back,France,Senegal,2,2,0,0,18,Borussia Mönchengladbach,2,500000.0,450000.0,1.0,1.0,1.0,same_club
3834,Ishak Belfodil,GER,2019-20,Hoffenheim,F M S,5,268,0,0,0,9,5,0.883,0.883,0.274,1.111,0.26,0,0,111039,Ishak Belfodil,1992-01-12,27.64,192.0,right,Attack,Centre-Forward,Algeria,Algeria,5,269,0,0,533,TSG 1899 Hoffenheim,269,15000000.0,12000000.0,0.999,1.0,0.996,same_club
4246,Mike Frantz,GER,2019-20,Freiburg,M S,18,329,0,0,1,4,7,0.388,0.388,0.927,1.329,0.903,2,0,30942,Mike Frantz,1986-10-14,32.88,182.0,right,Midfield,Defensive Midfield,Germany,Germany,18,343,0,1,60,SC Freiburg,500,1000000.0,650000.0,0.988,1.0,0.959,same_club
4255,Stefanos Kapino,GER,2019-20,Werder Bremen,GK,1,90,0,0,0,0,0,0.0,0.0,0.0,0.468,0.468,0,0,68410,Stefanos Kapino,1994-03-18,25.46,196.0,right,Goalkeeper,Goalkeeper,Greece,Greece,1,90,0,0,86,SV Werder Bremen,90,1000000.0,800000.0,1.0,1.0,1.0,same_club
4302,Marcel Sobottka,GER,2019-20,Fortuna Duesseldorf,M S,18,696,0,0,1,7,2,0.336,0.336,0.136,0.565,0.261,2,0,119044,Marcel Sobottka,1994-04-25,25.35,185.0,right,Midfield,Defensive Midfield,Germany,Germany,18,698,0,1,38,Fortuna Düsseldorf,836,3500000.0,2800000.0,0.999,1.0,0.997,same_club
4336,Raphael Framberger,GER,2019-20,Augsburg,D S,18,1170,0,0,2,1,5,0.101,0.101,0.848,3.072,2.149,3,0,146163,Raphael Framberger,1995-09-06,23.99,179.0,right,Defender,Right-Back,Germany,Germany,18,1173,0,2,167,FC Augsburg,1173,1000000.0,1200000.0,0.999,1.0,0.997,same_club
4340,Grischa Prömel,GER,2019-20,Union Berlin,M S,16,918,0,0,0,11,5,1.059,1.059,0.197,1.559,0.44,2,0,234029,Grischa Prömel,1995-01-09,24.64,184.0,right,Midfield,Central Midfield,Germany,Germany,16,919,0,0,89,1.FC Union Berlin,1108,2000000.0,1600000.0,1.0,1.0,0.999,same_club
4358,Leopold Zingerle,GER,2019-20,Paderborn,GK,28,2520,0,0,0,0,0,0.0,0.0,0.0,3.363,3.363,1,0,160971,Leopold Zingerle,1994-04-10,25.39,182.0,right,Goalkeeper,Goalkeeper,Germany,Germany,28,2520,0,0,127,SC Paderborn 07,2520,1000000.0,1200000.0,1.0,1.0,1.0,same_club
4510,Lewis Baker,GER,2019-20,Fortuna Duesseldorf,M S,8,555,0,0,0,12,7,0.498,0.498,0.434,0.697,0.415,1,0,198589,Lewis Baker,1995-04-25,24.35,182.0,right,Midfield,Central Midfield,England,England,8,547,0,0,38,Fortuna Düsseldorf,651,4000000.0,2800000.0,0.996,1.0,0.986,same_club
5133,Aarón Martín,GER,2019-20,Mainz 05,D M S,22,1804,0,0,0,9,32,0.294,0.294,3.251,3.658,2.195,2,0,251878,Aarón Martín,1997-04-22,22.36,178.0,left,Defender,Left-Back,Spain,Spain,22,1795,0,0,39,1.FSV Mainz 05,1885,20000000.0,10500000.0,0.999,1.0,0.995,same_club
5219,Aleksandar Dragovic,GER,2019-20,Bayer Leverkusen,D S,15,1030,0,0,0,2,2,0.815,0.815,0.067,2.597,2.423,5,1,59032,Aleksandar Dragovic,1991-03-06,28.49,186.0,right,Defender,Centre-Back,Austria,Austria,15,1029,0,0,15,Bayer 04 Leverkusen,1555,9000000.0,5200000.0,1.0,1.0,0.999,same_club
5222,Joel Pohjanpalo,GER,2019-20,Bayer Leverkusen,S,1,1,0,0,0,0,0,0.0,0.0,0.0,0.0,0.0,0,0,173491,Joel Pohjanpalo,1994-09-13,24.97,186.0,right,Attack,Centre-Forward,Finland,Finland,1,1,0,0,15,Bayer 04 Leverkusen,1,1000000.0,800000.0,1.0,1.0,1.0,same_club
5228,Renato Sanches,GER,2019-20,Bayern Munich,S,1,2,0,0,0,0,0,0.0,0.0,0.0,0.0,0.0,0,0,258027,Renato Sanches,1997-08-18,22.04,176.0,right,Midfield,Central Midfield,Portugal,Portugal,1,5,0,0,27,Bayern Munich,1693,18000000.0,16000000.0,1.0,1.0,0.999,same_club
5228,Renato Sanches,GER,2019-20,Bayern Munich,S,1,2,0,0,0,0,0,0.0,0.0,0.0,0.0,0.0,0,0,258027,Renato Sanches,1997-08-18,22.04,176.0,right,Midfield,Central Midfield,Portugal,Portugal,1,5,0,0,27,Bayern Munich,1693,18000000.0,16000000.0,0.99,1.0,0.967,same_club
5230,Thomas Delaney,GER,2019-20,Borussia Dortmund,M,11,843,0,0,0,3,1,0.512,0.512,0.016,4.665,4.209,4,0,91849,Thomas Delaney,1991-09-03,27.99,182.0,left,Midfield,Central Midfield,Denmark,Denmark,11,834,0,0,16,Borussia Dortmund,1079,27000000.0,17500000.0,0.997,1.0,0.989,same_club
5235,Aymen Barkok,GER,2019-20,Fortuna Duesseldorf,M S,3,79,0,0,0,0,0,0.0,0.0,0.0,0.0,0.0,0,0,315332,Aymen Barkok,1998-05-21,21.28,189.0,right,Midfield,Attacking Midfield,Morocco,Germany,3,77,0,0,38,Fortuna Düsseldorf,196,2000000.0,1300000.0,0.993,1.0,0.978,same_club
5240,Ondrej Duda,GER,2019-20,Hertha Berlin,M S,7,459,0,0,1,7,5,0.505,0.505,0.247,0.923,0.653,2,0,232418,Ondrej Duda,1994-12-05,24.74,180.0,right,Midfield,Central Midfield,Slovakia,Slovakia,7,451,0,1,44,Hertha BSC,1397,17000000.0,10500000.0,0.997,1.0,0.989,same_club
5240,Ondrej Duda,GER,2019-20,Hertha Berlin,M S,7,459,0,0,1,7,5,0.505,0.505,0.247,0.923,0.653,2,0,232418,Ondrej Duda,1994-12-05,24.74,180.0,right,Midfield,Central Midfield,Slovakia,Slovakia,7,451,0,1,44,Hertha BSC,1397,17000000.0,10500000.0,0.995,1.0,0.983,same_club
5241,Péter Gulácsi,GER,2019-20,RasenBallsport Leipzig,GK,32,2880,0,0,1,0,2,0.0,0.0,0.306,6.498,6.191,0,0,57071,Péter Gulácsi,1990-05-06,29.32,193.0,right,Goalkeeper,Goalkeeper,Hungary,Hungary,32,2880,0,2,23826,RB Leipzig,3754,12000000.0,9500000.0,1.0,1.0,1.0,same_club
5243,Dayotchanculle Upamecano,GER,2019-20,RasenBallsport Leipzig,D S,28,2360,0,0,1,13,9,1.717,1.717,1.089,10.983,10.534,6,1,344695,Dayot Upamecano,1998-10-27,20.85,186.0,right,Defender,Centre-Back,France,France,28,2360,0,2,23826,RB Leipzig,3183,30000000.0,45000000.0,0.97,0.95,1.0,same_club
5246,Diego Demme,GER,2019-20,RasenBallsport Leipzig,M S,17,1217,0,0,0,4,11,0.735,0.735,0.776,8.177,6.777,3,0,82070,Diego Demme,1991-11-21,27.78,170.0,right,Midfield,Defensive Midfield,Germany,Germany,17,1213,0,0,23826,RB Leipzig,3171,17000000.0,13500000.0,0.999,1.0,0.997,same_club
5246,Diego Demme,GER,2019-20,RasenBallsport Leipzig,M S,17,1217,0,0,0,4,11,0.735,0.735,0.776,8.177,6.777,3,0,82070,Diego Demme,1991-11-21,27.78,170.0,right,Midfield,Defensive Midfield,Germany,Germany,17,1213,0,0,23826,RB Leipzig,3171,17000000.0,13500000.0,0.998,1.0,0.994,same_club
5251,Rani Khedira,GER,2019-20,Augsburg,D M,32,2668,0,0,2,9,11,0.382,0.382,1.802,7.156,5.797,8,0,124410,Rani Khedira,1994-01-27,25.59,188.0,right,Midfield,Defensive Midfield,Tunisia,Germany,32,2657,0,2,167,FC Augsburg,2680,10000000.0,8000000.0,0.999,1.0,0.996,same_club
5253,Benno Schmitz,GER,2019-20,FC Cologne,D S,18,1159,0,0,0,2,15,0.093,0.093,1.037,2.783,2.403,1,0,160968,Benno Schmitz,1994-11-17,24.79,182.0,right,Defender,Right-Back,Germany,Germany,18,1158,0,0,3,1.FC Köln,1229,1000000.0,800000.0,1.0,1.0,0.999,same_club
5258,László Bénes,GER,2019-20,Borussia M.Gladbach,M S,22,895,0,0,4,23,27,1.128,1.128,3.978,5.574,3.544,3,0,243188,László Bénes,1997-09-09,21.98,181.0,left,Midfield,Central Midfield,Slovakia,Slovakia,22,892,0,4,18,Borussia Mönchengladbach,1258,1500000.0,8000000.0,0.999,1.0,0.997,same_club
5259,Georg Teigl,GER,2019-20,Augsburg,D S,3,107,0,0,0,1,0,0.073,0.073,0.0,0.0,0.0,0,0,81698,Georg Teigl,1991-02-09,28.56,183.0,right,Defender,Right-Back,Austria,Austria,3,109,0,0,167,FC Augsburg,199,700000.0,550000.0,0.994,1.0,0.982,same_club
5260,Andreas Luthe,GER,2019-20,Augsburg,GK,10,900,0,0,0,0,0,0.0,0.0,0.0,0.165,0.165,0,0,41323,Andreas Luthe,1987-03-10,32.48,195.0,right,Goalkeeper,Goalkeeper,Germany,Germany,10,900,0,0,167,FC Augsburg,900,700000.0,400000.0,1.0,1.0,1.0,same_club
5262,Alexander Schwolow,GER,2019-20,Freiburg,GK,24,2092,0,0,0,0,0,0.0,0.0,0.0,1.946,1.946,0,0,93763,Alexander Schwolow,1992-06-02,27.25,190.0,right,Goalkeeper,Goalkeeper,Germany,Germany,24,2092,0,0,60,SC Freiburg,2212,9000000.0,7000000.0,1.0,1.0,1.0,same_club
5263,Lukas Kübler,GER,2019-20,Freiburg,D S,5,214,0,0,0,2,0,0.077,0.077,0.0,0.56,0.501,1,0,93604,Lukas Kübler,1992-08-30,27.0,182.0,right,Defender,Right-Back,Germany,Germany,5,210,0,0,60,SC Freiburg,210,2500000.0,2000000.0,0.994,1.0,0.981,same_club
5265,Amir Abrashi,GER,2019-20,Freiburg,M S,13,667,0,0,0,4,4,0.498,0.498,0.081,1.569,1.026,3,0,66005,Amir Abrashi,1990-03-27,29.43,172.0,right,Midfield,Defensive Midfield,Albania,Switzerland,13,662,0,0,60,SC Freiburg,662,2500000.0,1600000.0,0.998,1.0,0.993,same_club
5293,Rafal Gikiewicz,GER,2019-20,Union Berlin,GK,33,2970,0,0,0,2,2,0.834,0.834,0.166,2.589,2.423,0,0,78339,Rafał Gikiewicz,1987-10-26,31.85,190.0,right,Goalkeeper,Goalkeeper,Poland,Poland,33,2970,0,0,89,1.FC Union Berlin,3330,1000000.0,1200000.0,0.979,0.966,1.0,same_club
5298,Arne Maier,GER,2019-20,Hertha Berlin,M S,14,522,0,0,0,6,10,0.183,0.183,0.442,1.998,1.72,0,0,296397,Arne Maier,1999-01-08,20.65,186.0,right,Midfield,Central Midfield,Germany,Germany,14,529,0,0,44,Hertha BSC,634,24000000.0,15500000.0,0.996,1.0,0.987,same_club
5300,Gian-Luca Itter,GER,2019-20,Freiburg,S,3,28,0,0,0,0,0,0.0,0.0,0.0,0.244,0.244,0,0,296378,Luca Itter,1999-01-05,20.65,183.0,left,Defender,Left-Back,Germany,Germany,3,32,0,0,60,SC Freiburg,32,2000000.0,1800000.0,0.957,0.95,0.956,same_club
5302,Guido Burgstaller,GER,2019-20,Schalke 04,F S,21,1220,0,0,1,35,8,3.985,3.985,0.968,5.033,1.391,3,0,49239,Guido Burgstaller,1989-04-29,30.34,187.0,right,Attack,Centre-Forward,Austria,Austria,21,1233,0,2,33,FC Schalke 04,1419,5500000.0,2400000.0,0.997,1.0,0.989,same_club
5323,Bernard Tekpetey,GER,2019-20,Fortuna Duesseldorf,F M S,9,450,0,0,1,12,5,0.429,0.429,0.263,0.773,0.262,4,0,422380,Bernard Tekpetey,1997-09-03,21.99,172.0,right,Attack,Right Winger,Ghana,Ghana,9,450,0,1,38,Fortuna Düsseldorf,496,2500000.0,1600000.0,1.0,1.0,1.0,same_club
5327,Jeffrey Bruma,GER,2019-20,"Mainz 05,Wolfsburg",D,17,1488,0,0,0,16,0,1.646,1.646,0.0,1.003,0.971,4,0,88721,Jeffrey Bruma,1991-11-13,27.8,189.0,right,Defender,Centre-Back,Netherlands,Netherlands,17,1485,0,0,"39,82","1.FSV Mainz 05,VfL Wolfsburg",1955,2500000.0,3200000.0,0.999,1.0,0.998,same_club
5328,Florian Müller,GER,2019-20,Mainz 05,GK S,13,1123,0,0,0,0,0,0.0,0.0,0.0,0.54,0.54,0,0,284769,Florian Müller,1997-11-13,21.8,190.0,left,Goalkeeper,Goalkeeper,Germany,Germany,13,1125,0,0,39,1.FSV Mainz 05,1215,10000000.0,2400000.0,0.999,1.0,0.998,same_club
5329,Stefan Posch,GER,2019-20,Hoffenheim,D S,28,2327,0,0,0,25,5,2.477,2.477,0.675,6.493,5.879,9,0,223974,Stefan Posch,1997-05-14,22.3,188.0,right,Defender,Centre-Back,Austria,Austria,28,2316,0,1,533,TSG 1899 Hoffenheim,2526,5500000.0,11000000.0,0.999,1.0,0.995,same_club
5355,Jacob Bruun Larsen,GER,2019-20,"Borussia Dortmund,Hoffenheim",F M S,15,443,0,0,2,4,14,0.224,0.224,2.346,3.04,1.107,0,0,293281,Jacob Bruun Larsen,1998-09-19,20.95,183.0,right,Attack,Left Winger,Denmark,Denmark,15,457,0,2,"16,533","Borussia Dortmund,TSG 1899 Hoffenheim",621,15000000.0,11000000.0,0.991,1.0,0.969,same_club
5556,Ademola Lookman,GER,2019-20,RasenBallsport Leipzig,F S,11,281,0,0,0,11,7,1.185,1.185,0.984,3.108,1.042,0,0,406040,Ademola Lookman,1997-10-20,21.86,174.0,right,Attack,Left Winger,Nigeria,England,11,300,0,0,23826,RB Leipzig,378,20000000.0,13500000.0,0.981,1.0,0.937,same_club
5673,Simon Falette,GER,2019-20,Eintracht Frankfurt,D,1,90,0,0,0,0,1,0.0,0.0,0.019,0.366,0.346,0,0,170927,Simon Falette,1992-02-19,27.53,185.0,left,Defender,Centre-Back,Guinea,France,1,90,0,0,24,Eintracht Frankfurt,804,4000000.0,2400000.0,1.0,1.0,1.0,same_club
6030,Zanka,GER,2019-20,Fortuna Duesseldorf,D S,9,489,0,0,1,0,1,0.0,0.0,0.073,0.668,0.668,1,0,52059,Zanka,1990-04-23,29.36,189.0,right,Defender,Centre-Back,Denmark,Denmark,9,495,0,1,38,Fortuna Düsseldorf,1939,5000000.0,2400000.0,0.996,1.0,0.988,same_club
6081,Dennis Geiger,GER,2019-20,Hoffenheim,M S,21,1142,0,0,3,12,30,0.917,0.917,2.06,4.906,3.467,3,0,251309,Dennis Geiger,1998-06-10,21.23,173.0,right,Midfield,Central Midfield,Germany,Germany,21,1138,0,3,533,TSG 1899 Hoffenheim,1301,8500000.0,11000000.0,0.999,1.0,0.996,same_club
6082,Jiri Pavlenka,GER,2019-20,Werder Bremen,GK,33,2970,0,0,0,0,1,0.0,0.0,0.034,2.96,2.926,1,0,260053,Jiri Pavlenka,1992-04-14,27.38,196.0,right,Goalkeeper,Goalkeeper,Czech Republic,CSSR,33,2970,0,0,86,SV Werder Bremen,3330,12000000.0,6500000.0,1.0,1.0,1.0,same_club
6083,Ludwig Augustinsson,GER,2019-20,Werder Bremen,D M S,12,925,0,0,1,5,18,0.132,0.132,1.728,3.361,1.869,2,0,170646,Ludwig Augustinsson,1994-04-21,25.36,181.0,left,Defender,Left-Back,Sweden,Sweden,12,924,0,1,86,SV Werder Bremen,1014,12000000.0,9500000.0,1.0,1.0,0.999,same_club
6097,Florian Hübner,GER,2019-20,Union Berlin,D S,11,848,0,0,0,6,5,1.395,1.395,0.374,1.889,1.26,2,0,85822,Florian Hübner,1991-03-01,28.5,193.0,right,Defender,Centre-Back,Germany,Germany,11,849,0,0,89,1.FC Union Berlin,849,1750000.0,1400000.0,1.0,1.0,0.999,same_club
6100,Felix Uduokhai,GER,2019-20,Augsburg,D S,26,1954,0,0,0,4,5,0.149,0.149,0.216,2.168,2.129,3,0,278343,Felix Uduokhai,1997-09-09,21.98,193.0,left,Defender,Centre-Back,Germany,Germany,26,1961,0,0,167,FC Augsburg,1991,3500000.0,6800000.0,0.999,1.0,0.996,same_club
6110,Yvon Mvogo,GER,2019-20,RasenBallsport Leipzig,GK,2,180,0,0,0,0,0,0.0,0.0,0.0,0.662,0.662,0,0,147051,Yvon Mvogo,1994-06-06,25.24,190.0,right,Goalkeeper,Goalkeeper,Switzerland,Cameroon,2,180,0,0,23826,RB Leipzig,476,3000000.0,2400000.0,1.0,1.0,1.0,same_club
6190,Dawid Kownacki,GER,2019-20,Fortuna Duesseldorf,F M S,20,1084,0,0,0,27,12,2.767,2.767,0.818,4.257,1.517,4,0,208167,Dawid Kownacki,1997-03-14,22.47,186.0,right,Attack,Centre-Forward,Poland,Poland,20,1089,0,0,38,Fortuna Düsseldorf,1179,9000000.0,4800000.0,0.999,1.0,0.995,same_club
6289,Santiago Ascacibar,GER,2019-20,Hertha Berlin,M S,8,631,0,0,1,2,2,0.022,0.022,0.042,0.561,0.524,2,0,423436,Santiago Ascacíbar,1997-02-25,22.51,169.0,right,Midfield,Defensive Midfield,Argentina,Argentina,8,633,0,1,44,Hertha BSC,963,12000000.0,8000000.0,0.999,1.0,0.997,same_club
6292,Tomas Koubek,GER,2019-20,Augsburg,GK,24,2160,0,0,0,0,1,0.0,0.0,0.03,2.561,2.532,2,0,146714,Tomas Koubek,1992-08-26,27.01,197.0,right,Goalkeeper,Goalkeeper,Czech Republic,CSSR,24,2160,0,0,167,FC Augsburg,2340,6000000.0,3500000.0,1.0,1.0,1.0,same_club
6316,Panagiotis Retsos,GER,2019-20,Bayer Leverkusen,D S,3,114,0,0,0,0,1,0.0,0.0,0.026,0.256,0.23,0,0,324351,Panagiotis Retsos,1998-08-09,21.06,186.0,right,Defender,Centre-Back,Greece,South Africa,3,114,0,0,15,Bayer 04 Leverkusen,286,13000000.0,8000000.0,1.0,1.0,1.0,same_club
6321,Moritz Nicolas,GER,2019-20,Union Berlin,GK,1,90,0,0,0,0,0,0.0,0.0,0.0,0.0,0.0,0,0,284270,Moritz Nicolas,1997-10-21,21.86,193.0,right,Goalkeeper,Goalkeeper,Germany,Germany,1,90,0,0,89,1.FC Union Berlin,90,150000.0,150000.0,1.0,1.0,1.0,same_club
6326,Ibrahima Konaté,GER,2019-20,RasenBallsport Leipzig,D S,8,562,0,0,0,1,1,0.051,0.051,0.044,4.367,4.367,2,0,357119,Ibrahima Konaté,1999-05-25,20.27,194.0,right,Defender,Centre-Back,France,France,8,567,0,0,23826,RB Leipzig,771,45000000.0,40500000.0,0.997,1.0,0.991,same_club
6327,Kevin Akpoguma,GER,2019-20,Hoffenheim,D F S,18,1131,0,0,0,2,2,0.085,0.085,0.087,2.902,2.815,2,0,160241,Kevin Akpoguma,1995-04-19,24.37,192.0,right,Defender,Centre-Back,Nigeria,Germany,18,1137,0,0,533,TSG 1899 Hoffenheim,1227,6500000.0,4800000.0,0.998,1.0,0.995,same_club
6356,Kwasi Okyere Wriedt,GER,2019-20,Bayern Munich,S,1,11,0,0,0,1,0,0.023,0.023,0.0,0.023,0.0,0,0,154819,Kwasi Wriedt,1994-07-10,25.14,188.0,left,Attack,Centre-Forward,Ghana,Germany,1,13,0,0,27,Bayern Munich,13,800000.0,800000.0,0.963,0.95,0.978,same_club
6369,Ethan Ampadu,GER,2019-20,RasenBallsport Leipzig,S,3,73,0,0,0,1,0,0.055,0.055,0.0,0.892,0.892,0,0,392771,Ethan Ampadu,2000-09-14,18.96,182.0,right,Midfield,Defensive Midfield,Wales,England,3,78,0,0,23826,RB Leipzig,277,10000000.0,9000000.0,0.983,1.0,0.944,same_club
6445,Elvis Rexhbecaj,GER,2019-20,FC Cologne,M S,13,619,0,0,3,13,9,1.373,1.373,1.731,4.395,1.42,3,0,280575,Elvis Rexhbecaj,1997-11-01,21.83,182.0,left,Midfield,Central Midfield,Kosovo,Yugoslavia (Republic),13,619,0,4,3,1.FC Köln,730,8000000.0,4000000.0,1.0,1.0,1.0,same_club
6490,Manuel Akanji,GER,2019-20,Borussia Dortmund,D S,29,2309,0,0,1,8,3,0.805,0.805,0.468,11.961,11.793,2,0,284730,Manuel Akanji,1995-07-19,24.12,188.0,right,Defender,Centre-Back,Switzerland,Switzerland,29,2309,0,1,16,Borussia Dortmund,3193,40000000.0,20000000.0,1.0,1.0,1.0,same_club
6513,Dennis Smarsch,GER,2019-20,Hertha Berlin,GK S,2,151,0,0,0,0,0,0.0,0.0,0.0,0.65,0.65,0,0,342966,Dennis Smarsch,1999-01-14,20.63,195.0,both,Goalkeeper,Goalkeeper,Germany,Germany,2,150,0,0,44,Hertha BSC,150,200000.0,350000.0,0.998,1.0,0.993,same_club
6544,Lukas Nmecha,GER,2019-20,Wolfsburg,M S,6,123,0,0,0,3,1,0.392,0.392,0.072,0.557,0.093,1,0,314288,Lukas Nmecha,1998-12-14,20.71,185.0,right,Attack,Centre-Forward,Germany,Germany,6,128,0,0,82,VfL Wolfsburg,360,1000000.0,3600000.0,0.988,1.0,0.961,same_club
6557,Louis Beyer,GER,2019-20,Borussia M.Gladbach,S,3,102,0,0,0,0,0,0.0,0.0,0.0,0.408,0.408,1,0,403898,Jordan Beyer,2000-05-19,19.29,187.0,right,Defender,Centre-Back,Germany,Germany,3,109,0,0,18,Borussia Mönchengladbach,199,2500000.0,2300000.0,0.951,0.95,0.936,same_club
6816,Jean-Clair Todibo,GER,2019-20,Schalke 04,D S,8,371,0,0,0,3,1,0.128,0.128,0.023,1.146,1.123,2,0,605184,Jean-Clair Todibo,1999-12-30,19.67,190.0,right,Defender,Centre-Back,France,French Guiana,8,363,0,0,33,FC Schalke 04,666,8000000.0,9000000.0,0.993,1.0,0.978,same_club
6816,Jean-Clair Todibo,GER,2019-20,Schalke 04,D S,8,371,0,0,0,3,1,0.128,0.128,0.023,1.146,1.123,2,0,605184,Jean-Clair Todibo,1999-12-30,19.67,190.0,right,Defender,Centre-Back,France,French Guiana,8,363,0,0,33,FC Schalke 04,666,8000000.0,9000000.0,0.994,1.0,0.978,same_club
7028,Dennis Jastrzembski,GER,2019-20,Paderborn,M S,6,174,0,0,0,2,2,0.311,0.311,0.148,0.478,0.019,0,0,358870,Dennis Jastrzembski,2000-02-20,19.53,180.0,left,Attack,Left Winger,Germany,Germany,6,174,0,1,127,SC Paderborn 07,174,800000.0,450000.0,1.0,1.0,1.0,same_club
7029,Pascal Köpke,GER,2019-20,Hertha Berlin,F S,4,120,0,0,0,6,0,1.296,1.296,0.0,1.256,0.0,0,0,193877,Pascal Köpke,1995-09-03,23.99,178.0,right,Attack,Centre-Forward,Germany,Germany,4,119,0,0,44,Hertha BSC,196,1500000.0,650000.0,0.997,1.0,0.992,same_club
7044,Kevin Möhwald,GER,2019-20,Werder Bremen,S,1,74,0,0,0,3,0,0.061,0.061,0.0,0.05,0.0,0,0,94137,Kevin Möhwald,1993-07-03,26.16,182.0,right,Midfield,Central Midfield,Germany,Germany,1,73,0,0,86,SV Werder Bremen,118,4000000.0,2800000.0,0.997,1.0,0.989,same_club
7047,Mark Flekken,GER,2019-20,Freiburg,GK,10,900,0,0,0,0,0,0.0,0.0,0.0,0.933,0.933,0,0,125714,Mark Flekken,1993-06-13,26.22,195.0,both,Goalkeeper,Goalkeeper,Netherlands,Netherlands,10,900,0,0,60,SC Freiburg,990,600000.0,950000.0,1.0,1.0,1.0,same_club
7048,Frederik Rönnow,GER,2019-20,Eintracht Frankfurt,GK,9,810,0,0,0,0,0,0.0,0.0,0.0,1.031,1.031,0,0,107775,Frederik Rönnow,1992-08-04,27.07,188.0,right,Goalkeeper,Goalkeeper,Denmark,Denmark,9,810,0,0,24,Eintracht Frankfurt,1350,1500000.0,2400000.0,1.0,1.0,1.0,same_club
7050,Lucas Torró,GER,2019-20,Eintracht Frankfurt,M S,7,332,0,0,0,6,2,0.115,0.115,0.03,0.566,0.499,3,1,213670,Lucas Torró,1994-07-19,25.12,190.0,right,Midfield,Defensive Midfield,Spain,Spain,7,330,0,0,24,Eintracht Frankfurt,703,6000000.0,2400000.0,0.998,1.0,0.994,same_club
7053,Pavao Pervan,GER,2019-20,Wolfsburg,GK,8,720,0,0,0,0,0,0.0,0.0,0.0,0.307,0.307,0,0,51977,Pavao Pervan,1987-11-13,31.8,194.0,both,Goalkeeper,Goalkeeper,Austria,Jugoslawien (SFR),8,720,0,0,82,VfL Wolfsburg,1260,800000.0,650000.0,1.0,1.0,1.0,same_club
7057,Jean Zimmer,GER,2019-20,Fortuna Duesseldorf,D F M S,17,713,0,0,0,9,13,0.45,0.45,1.165,0.981,0.507,2,0,118196,Jean Zimmer,1993-12-06,25.74,173.0,right,Defender,Right-Back,Germany,Germany,17,716,0,0,38,Fortuna Düsseldorf,800,2750000.0,1600000.0,0.999,1.0,0.996,same_club
7058,Kevin Stöger,GER,2019-20,Fortuna Duesseldorf,M S,17,1269,0,0,4,21,26,0.648,0.648,2.215,5.223,3.613,3,0,106872,Kevin Stöger,1993-08-27,26.01,175.0,left,Midfield,Attacking Midfield,Austria,Austria,17,1269,0,5,38,Fortuna Düsseldorf,1434,5000000.0,4000000.0,1.0,1.0,1.0,same_club
7062,Robin Bormuth,GER,2019-20,Fortuna Duesseldorf,D S,3,181,0,0,0,0,0,0.0,0.0,0.0,0.275,0.275,0,0,283286,Robin Bormuth,1995-09-19,23.95,190.0,right,Defender,Centre-Back,Germany,Germany,3,181,0,0,38,Fortuna Düsseldorf,181,1750000.0,1200000.0,1.0,1.0,1.0,same_club
7106,Philipp Mwene,GER,2019-20,Mainz 05,D,4,322,0,0,0,0,2,0.0,0.0,0.143,0.844,0.844,1,0,127573,Phillipp Mwene,1994-01-29,25.59,170.0,right,Defender,Left-Back,Austria,Austria,4,315,0,0,39,1.FSV Mainz 05,315,1500000.0,800000.0,0.971,0.963,0.978,same_club
7109,Leandro Barreiro Martins,GER,2019-20,Mainz 05,M S,18,941,0,0,2,8,6,0.421,0.421,0.248,2.325,1.791,4,0,357233,Leandro Barreiro,2000-01-03,19.66,174.0,right,Midfield,Central Midfield,Luxembourg,Luxembourg,18,937,0,2,39,1.FSV Mainz 05,937,500000.0,3200000.0,0.969,0.95,0.996,same_club
7140,Adam Bodzek,GER,2019-20,Fortuna Duesseldorf,M S,28,2023,0,0,0,9,8,0.698,0.698,0.271,2.535,1.792,10,0,20778,Adam Bodzek,1985-09-07,33.98,184.0,right,Midfield,Defensive Midfield,Poland,Poland,28,2018,0,0,38,Fortuna Düsseldorf,2077,400000.0,325000.0,0.999,1.0,0.998,same_club
7178,Valon Berisha,GER,2019-20,Fortuna Duesseldorf,M S,13,959,0,0,1,12,14,0.881,0.881,0.666,2.778,1.492,1,0,145115,Valon Berisha,1993-02-07,26.56,176.0,right,Midfield,Central Midfield,Kosovo,Sweden,13,948,0,1,38,Fortuna Düsseldorf,1227,7000000.0,4000000.0,0.997,1.0,0.989,same_club
7178,Valon Berisha,GER,2019-20,Fortuna Duesseldorf,M S,13,959,0,0,1,12,14,0.881,0.881,0.666,2.778,1.492,1,0,145115,Valon Berisha,1993-02-07,26.56,176.0,right,Midfield,Central Midfield,Kosovo,Sweden,13,948,0,1,38,Fortuna Düsseldorf,1227,7000000.0,4000000.0,0.987,1.0,0.956,same_club
7180,Michael Lang,GER,2019-20,Werder Bremen,D M S,9,542,0,0,0,5,3,0.253,0.253,0.456,2.003,1.717,0,0,51346,Michael Lang,1991-02-08,28.56,185.0,right,Defender,Right-Back,Switzerland,Switzerland,9,543,0,0,86,SV Werder Bremen,633,4500000.0,950000.0,0.999,1.0,0.998,same_club
7255,Oliver Fink,GER,2019-20,Fortuna Duesseldorf,F M S,14,675,0,0,1,8,11,0.459,0.459,0.345,1.318,0.765,2,0,11268,Oliver Fink,1982-06-06,37.24,187.0,right,Midfield,Central Midfield,Germany,Germany,14,675,0,3,38,Fortuna Düsseldorf,766,250000.0,250000.0,1.0,1.0,1.0,same_club
7266,Leon Dajaku,GER,2019-20,Bayern Munich,S,2,11,0,0,0,0,0,0.0,0.0,0.0,0.366,0.366,0,0,483974,Leon Dajaku,2001-04-12,18.39,180.0,right,Attack,Left Winger,Germany,Germany,2,11,0,0,27,Bayern Munich,11,300000.0,2300000.0,1.0,1.0,1.0,same_club
7286,Juan Miranda,GER,2019-20,Schalke 04,D S,11,785,0,0,0,5,12,0.145,0.145,0.602,1.024,0.543,2,0,341227,Juan Miranda,2000-01-19,19.62,185.0,left,Defender,Left-Back,Spain,Spain,11,781,0,0,33,FC Schalke 04,811,5000000.0,4000000.0,0.998,1.0,0.995,same_club
7318,Torben Müsel,GER,2019-20,Borussia M.Gladbach,S,1,1,0,0,0,0,0,0.0,0.0,0.0,0.0,0.0,0,0,368860,Torben Müsel,1999-07-25,20.1,185.0,right,Midfield,Attacking Midfield,Germany,Germany,1,1,0,0,18,Borussia Mönchengladbach,1,350000.0,325000.0,1.0,1.0,1.0,same_club
7325,Benjamin Goller,GER,2019-20,Werder Bremen,F S,10,272,0,0,0,2,2,0.126,0.126,0.088,0.393,0.207,0,0,388058,Benjamin Goller,1999-01-01,20.67,180.0,right,Attack,Right Winger,Germany,Germany,10,281,0,0,86,SV Werder Bremen,297,400000.0,725000.0,0.99,1.0,0.968,same_club
7352,Tyler Adams,GER,2019-20,RasenBallsport Leipzig,D M S,14,955,0,0,0,7,7,0.367,0.367,0.664,4.396,3.72,0,0,332705,Tyler Adams,1999-02-14,20.54,175.0,right,Midfield,Defensive Midfield,United States,United States,14,956,0,0,23826,RB Leipzig,1034,13000000.0,11500000.0,1.0,1.0,0.999,same_club
7401,Keven Schlotterbeck,GER,2019-20,Union Berlin,D,23,1941,0,0,0,12,1,0.927,0.927,0.015,1.69,1.606,6,1,413843,Keven Schlotterbeck,1997-04-28,22.34,188.0,left,Defender,Centre-Back,Germany,Germany,23,1943,0,0,89,1.FC Union Berlin,2303,1000000.0,2800000.0,1.0,1.0,0.999,same_club
7485,Nico Schlotterbeck,GER,2019-20,Freiburg,D S,13,370,0,0,0,3,3,0.203,0.203,0.139,0.968,0.84,0,0,388198,Nico Schlotterbeck,1999-12-01,19.75,191.0,left,Defender,Centre-Back,Germany,Germany,13,372,0,0,60,SC Freiburg,462,300000.0,4000000.0,0.998,1.0,0.995,same_club
7486,Leonardo Balerdi,GER,2019-20,Borussia Dortmund,D S,7,125,0,0,0,0,0,0.0,0.0,0.0,0.142,0.142,1,0,575998,Leonardo Balerdi,1999-01-26,20.6,188.0,right,Defender,Centre-Back,Argentina,Argentina,7,128,0,0,16,Borussia Dortmund,135,14000000.0,7200000.0,0.993,1.0,0.977,same_club
7501,Amadou Haidara,GER,2019-20,RasenBallsport Leipzig,M S,19,732,0,0,1,19,11,0.718,0.718,2.053,6.488,4.932,1,0,402008,Amadou Haidara,1998-01-31,21.58,178.0,right,Midfield,Central Midfield,Mali,Mali,19,745,0,2,23826,RB Leipzig,1092,20000000.0,15500000.0,0.995,1.0,0.983,same_club
7522,Nassim Boujellab,GER,2019-20,Schalke 04,F M S,11,406,0,0,0,6,4,0.372,0.372,0.119,0.507,0.158,2,0,346332,Nassim Boujellab,1999-06-20,20.2,182.0,both,Midfield,Central Midfield,Morocco,Germany,11,416,0,0,33,FC Schalke 04,540,1500000.0,900000.0,0.993,1.0,0.976,same_club
7569,Brandon Borrello,GER,2019-20,Freiburg,F M S,7,304,0,0,0,7,2,0.307,0.307,0.149,0.464,0.104,0,0,293592,Brandon Borrello,1995-07-25,24.1,178.0,right,Attack,Centre-Forward,Australia,Australia,7,298,0,0,60,SC Freiburg,409,800000.0,950000.0,0.994,1.0,0.98,same_club
7777,Sarpreet Singh,GER,2019-20,Bayern Munich,M S,2,69,0,0,0,1,0,0.054,0.054,0.0,0.275,0.221,0,0,350357,Sarpreet Singh,1999-02-20,20.53,180.0,left,Midfield,Attacking Midfield,New Zealand,New Zealand,2,72,0,0,27,Bayern Munich,72,750000.0,900000.0,0.99,1.0,0.967,same_club
7787,Birger Verstraete,GER,2019-20,FC Cologne,M S,9,667,0,0,1,7,10,0.306,0.306,0.879,1.283,1.127,3,0,234193,Birger Verstraete,1994-04-16,25.38,174.0,right,Midfield,Defensive Midfield,Belgium,Belgium,9,664,0,1,3,1.FC Köln,784,4000000.0,3200000.0,0.999,1.0,0.996,same_club
7788,Kingsley Schindler,GER,2019-20,FC Cologne,F M S,13,853,0,0,2,13,10,0.871,0.871,1.39,3.538,1.981,0,0,153678,Kingsley Schindler,1993-07-12,26.14,183.0,right,Attack,Right Winger,Ghana,Germany,13,850,0,2,3,1.FC Köln,986,3000000.0,1600000.0,0.999,1.0,0.996,same_club
7790,Darko Churlinov,GER,2019-20,FC Cologne,S,1,19,0,0,0,0,1,0.0,0.0,0.028,0.0,0.0,0,0,386786,Darko Churlinov,2000-07-11,19.14,180.0,right,Attack,Left Winger,North Macedonia,Macedonia,1,20,0,0,3,1.FC Köln,20,400000.0,675000.0,0.997,1.0,0.989,same_club
7792,Lasse Sobiech,GER,2019-20,FC Cologne,D,1,90,0,0,0,0,1,0.0,0.0,0.038,0.038,0.0,1,0,79503,Lasse Sobiech,1991-01-18,28.62,196.0,right,Defender,Centre-Back,Germany,Germany,1,90,0,0,3,1.FC Köln,630,2000000.0,950000.0,1.0,1.0,1.0,same_club
7793,Matthias Bader,GER,2019-20,FC Cologne,S,1,10,0,0,0,0,0,0.0,0.0,0.0,0.0,0.0,0,0,237162,Matthias Bader,1997-06-17,22.21,176.0,right,Defender,Right-Back,Germany,Germany,1,11,0,0,3,1.FC Köln,20,500000.0,400000.0,0.997,1.0,0.989,same_club
7804,Laurent Jans,GER,2019-20,Paderborn,D S,22,1586,0,0,1,8,10,0.118,0.118,0.855,2.779,2.28,2,0,163724,Laurent Jans,1992-08-05,27.07,178.0,right,Defender,Right-Back,Luxembourg,Luxembourg,22,1575,0,1,127,SC Paderborn 07,1782,700000.0,550000.0,0.998,1.0,0.993,same_club
7805,Khiry Shelton,GER,2019-20,Paderborn,S,2,29,0,0,0,0,0,0.0,0.0,0.0,0.109,0.109,0,0,354609,Khiry Shelton,1993-06-26,26.18,191.0,,Attack,Centre-Forward,United States,United States,2,31,0,0,127,SC Paderborn 07,71,500000.0,400000.0,0.993,1.0,0.978,same_club
7807,Luca Kilian,GER,2019-20,Paderborn,D S,15,1263,0,0,0,1,2,0.036,0.036,0.19,1.931,1.741,1,0,384553,Luca Kilian,1999-09-01,20.0,192.0,right,Defender,Centre-Back,Germany,Germany,15,1261,0,0,127,SC Paderborn 07,1351,200000.0,1300000.0,1.0,1.0,0.998,same_club
7808,Marek Suchy,GER,2019-20,Augsburg,D S,7,390,0,0,0,2,0,0.072,0.072,0.0,0.497,0.497,1,0,34542,Marek Suchy,1988-03-29,31.43,183.0,right,Defender,Centre-Back,Czech Republic,CSSR,7,396,0,0,167,FC Augsburg,486,2250000.0,1400000.0,0.995,1.0,0.985,same_club
7809,Mads Pedersen,GER,2019-20,Augsburg,D S,2,92,0,0,1,0,2,0.0,0.0,0.639,0.905,0.266,0,0,288429,Mads Pedersen,1996-09-01,23.0,178.0,left,Defender,Left-Back,Denmark,Denmark,2,95,0,1,167,FC Augsburg,162,900000.0,725000.0,0.991,1.0,0.968,same_club
7811,Lino Tempelmann,GER,2019-20,Freiburg,M,1,33,0,0,0,1,0,0.022,0.022,0.0,0.022,0.0,0,0,378883,Lino Tempelmann,1999-02-02,20.58,174.0,right,Midfield,Central Midfield,Germany,Germany,1,34,0,0,60,SC Freiburg,34,200000.0,525000.0,0.997,1.0,0.989,same_club
7812,Niclas Thiede,GER,2019-20,Freiburg,S,1,68,0,0,0,0,0,0.0,0.0,0.0,0.052,0.052,0,0,348778,Niclas Thiede,1999-04-14,20.38,186.0,both,Goalkeeper,Goalkeeper,Germany,Germany,1,68,0,0,60,SC Freiburg,68,50000.0,200000.0,1.0,1.0,1.0,same_club
7815,Christian Groß,GER,2019-20,Werder Bremen,D M S,14,873,0,0,0,3,2,0.21,0.21,0.126,1.407,1.373,2,0,58396,Christian Groß,1989-02-08,30.56,182.0,both,Midfield,Defensive Midfield,Germany,Germany,14,870,0,0,86,SV Werder Bremen,960,200000.0,300000.0,0.999,1.0,0.997,same_club
7817,Zack Steffen,GER,2019-20,Fortuna Duesseldorf,GK,17,1530,0,0,0,0,1,0.0,0.0,0.037,0.473,0.436,0,0,221624,Zack Steffen,1995-04-02,24.42,191.0,right,Goalkeeper,Goalkeeper,United States,United States,17,1530,0,0,38,Fortuna Düsseldorf,1650,5000000.0,6000000.0,1.0,1.0,1.0,same_club
7818,Florian Kastenmeier,GER,2019-20,Fortuna Duesseldorf,GK,17,1530,0,0,0,0,2,0.0,0.0,0.298,1.765,1.467,0,0,255294,Florian Kastenmeier,1997-06-28,22.18,192.0,right,Goalkeeper,Goalkeeper,Germany,Germany,17,1530,0,0,38,Fortuna Düsseldorf,1830,100000.0,650000.0,1.0,1.0,1.0,same_club
7819,Kelvin Ofori,GER,2019-20,Fortuna Duesseldorf,S,2,31,0,0,0,1,0,0.023,0.023,0.0,0.023,0.0,0,0,687035,Kelvin Ofori,2001-07-27,18.1,172.0,left,Midfield,Attacking Midfield,Ghana,Ghana,2,36,0,0,38,Fortuna Düsseldorf,244,300000.0,300000.0,0.983,1.0,0.944,same_club
7832,Keanan Bennetts,GER,2019-20,Borussia M.Gladbach,S,1,1,0,0,0,0,0,0.0,0.0,0.0,0.0,0.0,0,0,321096,Keanan Bennetts,1999-03-09,20.48,181.0,left,Midfield,Left Midfield,Germany,England,1,1,0,0,18,Borussia Mönchengladbach,1,2000000.0,1300000.0,1.0,1.0,1.0,same_club
7833,Münir Mercan,GER,2019-20,Schalke 04,M S,5,70,0,0,0,0,1,0.0,0.0,0.069,0.027,0.027,0,0,388820,Levent Mercan,2000-12-10,18.72,176.0,left,Defender,Left-Back,Türkiye,Germany,5,68,0,0,33,FC Schalke 04,96,75000.0,900000.0,0.963,0.95,0.978,same_club
7866,Dejan Joveljic,GER,2019-20,Eintracht Frankfurt,F S,4,146,0,0,0,0,0,0.0,0.0,0.0,0.033,0.033,1,0,336382,Dejan Joveljić,1999-08-07,20.07,183.0,right,Attack,Centre-Forward,Serbia,Bosnia-Herzegovina,4,148,0,0,24,Eintracht Frankfurt,753,4000000.0,3600000.0,0.996,1.0,0.986,same_club
7868,Diadie Samassékou,GER,2019-20,Hoffenheim,M S,21,1305,0,0,1,6,9,0.13,0.13,1.168,2.969,2.247,4,0,315604,Diadié Samassékou,1996-01-11,23.64,177.0,right,Midfield,Defensive Midfield,Mali,Mali,21,1309,0,1,533,TSG 1899 Hoffenheim,1309,20000000.0,12000000.0,0.999,1.0,0.997,same_club
7869,Philipp Pentke,GER,2019-20,Hoffenheim,GK,4,360,0,0,0,0,1,0.0,0.0,0.025,0.6,0.575,1,0,8246,Philipp Pentke,1985-05-01,34.34,191.0,right,Goalkeeper,Goalkeeper,Germany,East Germany (GDR),4,360,0,0,533,TSG 1899 Hoffenheim,540,300000.0,300000.0,1.0,1.0,1.0,same_club
7875,Christopher Trimmel,GER,2019-20,Union Berlin,D M,32,2864,0,0,8,5,67,0.086,0.086,7.395,4.504,3.419,6,0,75921,Christopher Trimmel,1987-02-24,32.52,189.0,right,Defender,Right-Back,Austria,Austria,32,2864,0,11,89,1.FC Union Berlin,3060,600000.0,550000.0,1.0,1.0,1.0,same_club
7876,Christopher Lenz,GER,2019-20,Union Berlin,D M,26,2271,0,0,3,14,24,0.598,0.598,2.885,5.491,2.83,2,0,159844,Christopher Lenz,1994-09-22,24.94,180.0,left,Defender,Left-Back,Germany,Germany,26,2269,0,3,89,1.FC Union Berlin,2610,500000.0,2200000.0,1.0,1.0,0.999,same_club
7882,Sheraldo Becker,GER,2019-20,Union Berlin,M S,13,534,0,0,2,6,8,0.226,0.226,0.938,1.336,0.697,1,0,188888,Sheraldo Becker,1995-02-09,24.56,180.0,right,Attack,Left Winger,Suriname,Netherlands,13,535,0,2,89,1.FC Union Berlin,595,1250000.0,1000000.0,0.999,1.0,0.998,same_club
7884,Ken Reichel,GER,2019-20,Union Berlin,D M S,7,536,0,0,0,5,2,0.22,0.22,0.625,1.128,0.752,0,0,16831,Ken Reichel,1986-12-19,32.7,185.0,left,Defender,Left-Back,Germany,Germany,7,534,0,0,89,1.FC Union Berlin,534,600000.0,400000.0,0.999,1.0,0.996,same_club
7885,Joshua Mees,GER,2019-20,Union Berlin,M S,15,294,0,0,1,9,4,0.421,0.421,0.275,0.751,0.285,1,0,196815,Joshua Mees,1996-04-15,23.38,180.0,both,Attack,Left Winger,Germany,Germany,15,314,0,1,89,1.FC Union Berlin,432,1000000.0,800000.0,0.981,1.0,0.936,same_club
7899,Daley Sinkgraven,GER,2019-20,Bayer Leverkusen,D S,13,916,0,0,1,0,9,0.0,0.0,0.647,3.436,3.291,1,0,215099,Daley Sinkgraven,1995-07-04,24.16,179.0,left,Defender,Left-Back,Netherlands,Netherlands,13,912,0,1,15,Bayer 04 Leverkusen,1525,3000000.0,4800000.0,0.999,1.0,0.996,same_club
7903,Markus Schubert,GER,2019-20,Schalke 04,GK S,9,738,0,0,0,0,1,0.0,0.0,0.017,1.168,1.151,0,0,296741,Markus Schubert,1998-06-12,21.22,184.0,right,Goalkeeper,Goalkeeper,Germany,Germany,9,741,0,0,33,FC Schalke 04,831,1000000.0,1800000.0,0.999,1.0,0.996,same_club
7918,Daishawn Redan,GER,2019-20,Hertha Berlin,S,1,16,0,0,0,1,0,0.128,0.128,0.0,0.128,0.0,0,0,361081,Daishawn Redan,2001-02-02,18.58,176.0,right,Attack,Centre-Forward,Suriname,Netherlands,1,20,0,0,44,Hertha BSC,355,4000000.0,3600000.0,0.987,1.0,0.956,same_club
7995,Akaki Gogia,GER,2019-20,Union Berlin,F S,3,116,0,0,0,1,4,0.018,0.018,0.309,0.309,0.0,0,0,92472,Akaki Gogia,1992-01-18,27.62,178.0,right,Attack,Right Winger,Germany,Georgia,3,121,0,0,89,1.FC Union Berlin,121,1250000.0,1000000.0,0.988,1.0,0.959,same_club
7997,Julian Ryerson,GER,2019-20,Union Berlin,D S,14,347,0,0,0,2,1,0.599,0.599,0.135,0.994,0.26,2,0,370789,Julian Ryerson,1997-11-17,21.79,183.0,right,Defender,Right-Back,Norway,Norway,14,357,0,1,89,1.FC Union Berlin,538,500000.0,400000.0,0.992,1.0,0.972,same_club
8048,Luc Ihorst,GER,2019-20,Werder Bremen,S,1,8,0,0,0,0,0,0.0,0.0,0.0,0.028,0.028,0,0,447730,Luc Ihorst,2000-03-07,19.49,190.0,both,Attack,Centre-Forward,Germany,Germany,1,10,0,0,86,SV Werder Bremen,10,150000.0,150000.0,0.993,1.0,0.978,same_club
8053,Nana Ampomah,GER,2019-20,Fortuna Duesseldorf,F M S,12,495,0,0,0,15,7,0.594,0.594,0.243,1.239,0.595,1,0,429086,Nana Ampomah,1996-01-02,23.66,175.0,right,Attack,Left Winger,Ghana,Ghana,12,499,0,0,38,Fortuna Düsseldorf,711,2500000.0,2000000.0,0.998,1.0,0.992,same_club
8070,Mateu Morey,GER,2019-20,Borussia Dortmund,D S,5,196,0,0,1,2,1,0.52,0.52,0.295,1.445,0.629,0,0,388513,Mateu Morey,2000-03-02,19.5,173.0,right,Defender,Right-Back,Spain,Spain,5,195,0,1,16,Borussia Dortmund,195,300000.0,900000.0,0.998,1.0,0.995,same_club
8083,Noah Katterbach,GER,2019-20,FC Cologne,D S,18,1319,0,0,0,3,9,0.101,0.101,0.253,2.56,2.39,2,0,469949,Noah Katterbach,2001-04-13,18.38,180.0,left,Defender,Left-Back,Germany,Germany,18,1319,0,0,3,1.FC Köln,1409,100000.0,6300000.0,1.0,1.0,1.0,same_club
8092,Tom Krauß,GER,2019-20,RasenBallsport Leipzig,S,1,1,0,0,0,0,0,0.0,0.0,0.0,0.0,0.0,0,0,405687,Tom Krauß,2001-06-22,18.19,182.0,right,Midfield,Defensive Midfield,Germany,Germany,1,3,0,0,23826,RB Leipzig,3,300000.0,300000.0,0.993,1.0,0.978,same_club
8114,Tobias Raschl,GER,2019-20,Borussia Dortmund,S,1,23,0,0,0,0,0,0.0,0.0,0.0,0.0,0.0,0,0,384745,Tobias Raschl,2000-02-21,19.53,177.0,right,Midfield,Central Midfield,Germany,Germany,1,25,0,0,16,Borussia Dortmund,25,800000.0,900000.0,0.993,1.0,0.978,same_club
8117,Nick Woltemade,GER,2019-20,Werder Bremen,F S,5,86,0,0,0,1,2,0.023,0.023,0.061,0.033,0.0,0,0,455661,Nick Woltemade,2002-02-14,17.54,198.0,right,Attack,Centre-Forward,Germany,Germany,5,90,0,0,86,SV Werder Bremen,91,,325000.0,0.987,1.0,0.956,same_club
8137,Maximilian Beier,GER,2019-20,Hoffenheim,S,6,93,0,0,0,5,1,1.0,1.0,0.055,1.589,0.534,1,0,578392,Maximilian Beier,2002-10-17,16.87,185.0,right,Attack,Centre-Forward,Germany,Germany,6,104,0,0,533,TSG 1899 Hoffenheim,104,,300000.0,0.968,1.0,0.894,same_club
8148,Timo Becker,GER,2019-20,Schalke 04,D M S,10,336,0,0,0,4,4,0.188,0.188,0.238,1.138,0.944,0,0,282349,Timo Becker,1997-03-25,22.44,190.0,right,Defender,Centre-Back,Germany,Germany,10,334,0,0,33,FC Schalke 04,421,125000.0,650000.0,0.998,1.0,0.994,same_club
8171,Hannes Wolf,GER,2019-20,RasenBallsport Leipzig,S,5,45,0,0,0,0,1,0.0,0.0,0.018,0.042,0.024,0,0,321070,Hannes Wolf,1999-04-16,20.38,179.0,left,Attack,Right Winger,Austria,Austria,5,53,0,0,23826,RB Leipzig,53,12000000.0,11000000.0,0.973,1.0,0.911,same_club
8191,Giovanni Reyna,GER,2019-20,Borussia Dortmund,F M S,15,339,0,0,1,4,5,0.226,0.226,0.977,3.928,3.268,2,0,504215,Giovanni Reyna,2002-11-13,16.8,187.0,right,Midfield,Attacking Midfield,United States,England,15,344,0,1,16,Borussia Dortmund,409,,13500000.0,0.996,1.0,0.985,same_club
8192,Melayro Bogarde,GER,2019-20,Hoffenheim,D S,2,49,0,0,0,1,0,0.042,0.042,0.0,0.0,0.0,1,0,476915,Melayro Bogarde,2002-05-28,17.26,186.0,right,Midfield,Defensive Midfield,Suriname,Netherlands,2,50,0,0,533,TSG 1899 Hoffenheim,50,,,0.997,1.0,0.989,same_club
8205,Jan Thielmann,GER,2019-20,FC Cologne,M S,12,556,0,0,1,8,3,0.284,0.284,0.12,0.499,0.135,2,0,472249,Jan Thielmann,2002-05-26,17.27,178.0,right,Attack,Right Winger,Germany,Germany,12,557,0,1,3,1.FC Köln,557,,2300000.0,0.999,1.0,0.998,same_club
8206,Yannik Keitel,GER,2019-20,Freiburg,M S,3,178,0,0,0,2,1,0.071,0.071,0.221,0.461,0.198,0,0,342039,Yannik Keitel,2000-02-15,19.54,186.0,both,Midfield,Defensive Midfield,Germany,Germany,3,175,0,0,60,SC Freiburg,175,75000.0,450000.0,0.995,1.0,0.983,same_club
8207,Oliver Batista Meier,GER,2019-20,Bayern Munich,S,1,12,0,0,0,0,0,0.0,0.0,0.0,0.0,0.0,0,0,406614,Oliver Batista Meier,2001-02-16,18.54,178.0,right,Attack,Right Winger,Germany,Germany,1,12,0,0,27,Bayern Munich,12,1000000.0,900000.0,1.0,1.0,1.0,same_club
8213,Paulo Otávio,GER,2019-20,Wolfsburg,D S,5,378,0,0,1,3,9,0.085,0.085,0.766,1.054,0.452,3,0,221611,Paulo Otávio,1994-11-23,24.77,173.0,left,Defender,Left-Back,Brazil,Brazil,5,380,0,1,82,VfL Wolfsburg,684,1000000.0,800000.0,0.998,1.0,0.995,same_club
8274,Samúel Kári Fridjónsson,GER,2019-20,Paderborn,M S,5,187,0,0,0,0,0,0.0,0.0,0.0,0.288,0.288,1,0,240408,Samúel Fridjónsson,1996-02-22,23.52,186.0,right,Midfield,Central Midfield,Iceland,Iceland,5,190,0,0,127,SC Paderborn 07,190,300000.0,400000.0,0.965,0.95,0.984,same_club
8299,Toni Leistner,GER,2019-20,FC Cologne,D S,13,1006,0,0,0,3,2,0.38,0.38,0.048,2.36,2.343,3,0,86916,Toni Leistner,1990-08-19,29.03,190.0,right,Defender,Centre-Back,,,13,1013,0,0,3,1.FC Köln,1103,2500000.0,2000000.0,0.998,1.0,0.993,same_club
8301,Antony Evans,GER,2019-20,Paderborn,M S,6,148,0,0,0,2,4,0.032,0.032,0.616,0.656,0.035,0,0,374283,Antony Evans,1998-09-23,20.94,186.0,right,Midfield,Attacking Midfield,England,England,6,155,0,0,127,SC Paderborn 07,155,,350000.0,0.986,1.0,0.955,same_club
8317,Edmond Tapsoba,GER,2019-20,Bayer Leverkusen,D S,14,1058,0,0,0,3,1,0.203,0.203,0.092,4.677,4.573,2,0,564545,Edmond Tapsoba,1999-02-02,20.58,194.0,right,Defender,Centre-Back,Burkina Faso,Burkina Faso,14,1057,0,0,15,Bayer 04 Leverkusen,4343,350000.0,18000000.0,1.0,1.0,0.999,same_club
8325,Exequiel Palacios,GER,2019-20,Bayer Leverkusen,M S,3,176,0,0,0,5,3,0.237,0.237,0.12,0.876,0.56,0,0,401578,Exequiel Palacios,1998-10-05,20.91,177.0,right,Midfield,Central Midfield,Argentina,Argentina,3,177,0,0,15,Bayer 04 Leverkusen,433,20000000.0,22500000.0,0.998,1.0,0.994,same_club
8335,Mamoudou Karamoko,GER,2019-20,Wolfsburg,S,1,7,0,0,0,0,0,0.0,0.0,0.0,0.107,0.107,0,0,646782,Mamoudou Karamoko,1999-06-08,20.23,188.0,right,Attack,Centre-Forward,France,France,1,8,0,0,82,VfL Wolfsburg,8,25000.0,200000.0,0.997,1.0,0.989,same_club
8337,Luca Horn,GER,2019-20,Wolfsburg,S,1,3,0,0,0,0,0,0.0,0.0,0.0,0.0,0.0,0,0,329814,Luca Horn,1998-12-19,20.7,177.0,left,Midfield,Left Midfield,Germany,Germany,1,5,0,0,82,VfL Wolfsburg,5,50000.0,150000.0,0.993,1.0,0.978,same_club
8341,Lazar Samardzic,GER,2019-20,Hertha Berlin,S,3,37,0,0,0,0,0,0.0,0.0,0.0,0.0,0.0,0,0,528833,Lazar Samardžić,2002-02-24,17.52,184.0,left,Midfield,Attacking Midfield,Serbia,Germany,3,32,0,0,44,Hertha BSC,32,,500000.0,0.983,1.0,0.944,same_club
8378,Malick Thiaw,GER,2019-20,Schalke 04,S,4,70,0,0,0,1,0,0.008,0.008,0.0,0.113,0.105,0,0,521964,Malick Thiaw,2001-08-08,18.06,194.0,right,Defender,Centre-Back,Germany,Germany,4,74,0,0,33,FC Schalke 04,74,,,0.987,1.0,0.956,same_club
8393,Omar Marmoush,GER,2019-20,Wolfsburg,S,5,68,0,0,0,1,0,0.069,0.069,0.0,0.321,0.252,0,0,445939,Omar Marmoush,1999-02-07,20.56,183.0,right,Attack,Centre-Forward,Egypt,Egypt,5,76,0,0,82,VfL Wolfsburg,104,25000.0,125000.0,0.973,1.0,0.911,same_club
8394,Ilay Elmkies,GER,2019-20,Hoffenheim,S,1,1,0,0,0,0,0,0.0,0.0,0.0,0.0,0.0,0,0,443752,Ilay Elmkies,2000-03-10,19.48,172.0,right,Midfield,Central Midfield,Israel,Israel,1,1,0,0,533,TSG 1899 Hoffenheim,1,25000.0,525000.0,1.0,1.0,1.0,same_club
8396,Jessic Ngankam,GER,2019-20,Hertha Berlin,S,4,73,0,0,1,0,2,0.0,0.0,0.668,0.715,0.047,0,0,448177,Jessic Ngankam,2000-07-20,19.12,184.0,right,Attack,Centre-Forward,Germany,Germany,4,82,0,1,44,Hertha BSC,82,150000.0,300000.0,0.97,1.0,0.9,same_club
8403,Jan-Luca Rumpf,GER,2019-20,Paderborn,D,1,90,0,0,0,1,0,0.108,0.108,0.0,0.011,0.011,0,0,379961,Jan-Luca Rumpf,1999-07-08,20.15,190.0,right,Defender,Centre-Back,Germany,Germany,1,90,0,0,127,SC Paderborn 07,90,150000.0,150000.0,1.0,1.0,1.0,same_club
8406,Can Bozdogan,GER,2019-20,Schalke 04,M,3,237,0,0,0,4,1,0.071,0.071,0.012,0.129,0.058,0,1,406609,Can Bozdogan,2001-04-05,18.41,174.0,left,Midfield,Central Midfield,Germany,Germany,3,237,0,0,33,FC Schalke 04,237,,,1.0,1.0,1.0,same_club
8407,Tim Lemperle,GER,2019-20,FC Cologne,S,1,14,0,0,0,1,0,0.061,0.061,0.0,0.0,0.0,0,0,553285,Tim Lemperle,2002-02-05,17.57,187.0,right,Attack,Centre-Forward,Germany,Germany,1,15,0,0,3,1.FC Köln,15,,,0.997,1.0,0.989,same_club
8418,Jamal Musiala,GER,2019-20,Bayern Munich,S,1,1,0,0,0,0,0,0.0,0.0,0.0,0.0,0.0,0,0,580195,Jamal Musiala,2003-02-26,16.51,184.0,right,Midfield,Attacking Midfield,Germany,Germany,1,2,0,0,27,Bayern Munich,2,,1000000.0,0.997,1.0,0.989,same_club
8421,Jonas Hofmann,GER,2019-20,Schalke 04,S,1,1,0,0,0,0,0,0.0,0.0,0.0,0.0,0.0,0,0,227085,Jonas Hofmann,1997-02-07,22.56,173.0,right,Midfield,Defensive Midfield,Germany,Germany,1,2,0,0,33,FC Schalke 04,2,200000.0,175000.0,0.997,1.0,0.989,same_club
8430,Chris Richards,GER,2019-20,Bayern Munich,S,1,5,0,0,0,0,0,0.0,0.0,0.0,0.0,0.0,0,0,578539,Chris Richards,2000-03-28,19.43,189.0,right,Defender,Centre-Back,United States,United States,1,6,0,0,27,Bayern Munich,6,1500000.0,1800000.0,0.997,1.0,0.989,same_club
8502,Dennis Borkowski,GER,2019-20,RasenBallsport Leipzig,S,1,5,0,0,0,0,0,0.0,0.0,0.0,0.0,0.0,0,0,467426,Dennis Borkowski,2002-01-26,17.6,184.0,right,Attack,Left Winger,Germany,Germany,1,8,0,0,23826,RB Leipzig,8,,,0.99,1.0,0.967,same_club
1209,Ciro Immobile,ITA,2019-20,Lazio,F S,37,3179,36,22,9,142,59,28.109,16.689,5.733,23.458,3.74,8,0,105521,Ciro Immobile,1990-02-20,29.53,185.0,right,Attack,Centre-Forward,Italy,Italy,37,3176,36,8,398,Società Sportiva Lazio S.p.A.,3685,40000000.0,40000000.0,1.0,1.0,0.999,same_club
2371,Cristiano Ronaldo,ITA,2019-20,Juventus,F,33,2920,31,19,5,208,51,29.432,19.535,6.067,26.554,7.225,3,0,8198,Cristiano Ronaldo,1985-02-05,34.57,185.0,right,Attack,Centre-Forward,Portugal,Portugal,33,2919,31,6,506,Juventus FC,4081,90000000.0,60000000.0,1.0,1.0,1.0,same_club
594,Romelu Lukaku,ITA,2019-20,Inter,F S,36,2985,23,17,2,99,53,20.794,16.227,5.125,23.886,5.317,2,0,96341,Romelu Lukaku,1993-05-13,26.3,190.0,left,Attack,Centre-Forward,Belgium,Belgium,36,2983,23,2,46,Inter Milan,4189,75000000.0,68000000.0,1.0,1.0,0.999,same_club
6980,Francesco Caputo,ITA,2019-20,Sassuolo,F S,36,2940,21,19,7,73,53,14.315,12.793,5.517,20.526,4.791,3,0,84765,Francesco Caputo,1987-08-06,32.07,181.0,right,Attack,Centre-Forward,Italy,Italy,36,2937,21,7,6574,US Sassuolo,3027,4000000.0,5500000.0,1.0,1.0,0.999,same_club
1148,Duván Zapata,ITA,2019-20,Atalanta,F S,28,2047,18,17,6,89,38,15.833,15.072,5.764,21.968,4.951,1,0,73794,Duván Zapata,1991-04-01,28.42,188.0,right,Attack,Centre-Forward,Colombia,Colombia,28,2036,18,7,800,Atalanta BC,2359,40000000.0,36000000.0,0.998,1.0,0.995,same_club
1229,Luis Muriel,ITA,2019-20,Atalanta,F S,34,1225,18,12,1,77,36,13.169,7.84,4.702,15.925,5.698,1,0,119228,Luis Muriel,1991-04-16,28.38,180.0,right,Attack,Centre-Forward,Colombia,Colombia,34,1245,18,1,800,Atalanta BC,1554,13000000.0,15000000.0,0.995,1.0,0.984,same_club
1592,João Pedro,ITA,2019-20,Cagliari,F M S,36,3170,18,14,4,87,34,13.588,9.02,3.443,17.576,6.634,6,0,129129,João Pedro,1992-03-09,27.48,174.0,right,Attack,Centre-Forward,Italy,Brazil,36,3157,18,4,1390,Cagliari Calcio,3264,8000000.0,12000000.0,0.999,1.0,0.996,same_club
1253,Edin Dzeko,ITA,2019-20,Roma,F S,35,2857,16,16,7,122,54,21.15,21.15,6.021,29.799,8.128,4,0,28396,Edin Dzeko,1986-03-17,33.46,192.0,right,Attack,Centre-Forward,Bosnia-Herzegovina,Jugoslawien (SFR),35,2853,16,11,12,Associazione Sportiva Roma,3539,14000000.0,11000000.0,1.0,1.0,0.999,same_club
1186,Andrea Belotti,ITA,2019-20,Torino,F S,36,3010,15,8,4,104,42,16.828,10.738,5.02,15.491,3.162,4,0,167727,Andrea Belotti,1993-12-20,25.7,181.0,right,Attack,Centre-Forward,Italy,Italy,36,3010,16,3,416,Torino FC,3764,35000000.0,32000000.0,0.967,1.0,1.0,same_club
1426,Josip Ilicic,ITA,2019-20,Atalanta,F M S,26,1682,15,15,5,81,53,10.302,10.302,7.095,23.532,10.623,1,1,80351,Josip Ilicic,1988-01-29,31.59,190.0,left,Midfield,Attacking Midfield,Slovenia,Jugoslawien (SFR),26,1672,15,8,800,Atalanta BC,2234,17000000.0,17500000.0,0.998,1.0,0.994,same_club
1612,Domenico Berardi,ITA,2019-20,Sassuolo,F M S,31,2521,14,12,10,119,59,10.254,7.97,7.873,18.357,6.442,6,1,177843,Domenico Berardi,1994-08-01,25.08,183.0,left,Attack,Right Winger,Italy,Italy,31,2502,14,10,6574,US Sassuolo,2592,20000000.0,19000000.0,0.998,1.0,0.992,same_club
7006,Lautaro Martínez,ITA,2019-20,Inter,F S,35,2487,14,12,3,125,31,15.721,13.437,3.143,19.059,5.423,8,1,406625,Lautaro Martínez,1997-08-22,22.03,174.0,right,Attack,Centre-Forward,Argentina,Argentina,35,2466,14,5,46,Inter Milan,3595,30000000.0,64000000.0,0.997,1.0,0.992,same_club
7973,Marco Mancosu,ITA,2019-20,Lecce,F M S,33,2456,14,5,2,85,32,15.52,7.146,3.371,11.122,3.336,3,0,51736,Marco Mancosu,1988-08-22,31.03,177.0,right,Midfield,Attacking Midfield,Italy,Italy,33,2442,14,2,1005,US Lecce,2442,1400000.0,2000000.0,0.998,1.0,0.994,same_club
1102,Giovanni Simeone,ITA,2019-20,Cagliari,F S,37,2951,12,12,3,86,18,12.279,12.279,3.0,16.308,2.713,4,0,282388,Giovanni Simeone,1995-07-05,24.16,180.0,right,Attack,Centre-Forward,Argentina,Argentina,37,2937,12,4,1390,Cagliari Calcio,2937,20000000.0,13500000.0,0.999,1.0,0.995,same_club
1493,Andrea Petagna,ITA,2019-20,SPAL 2013,F S,36,3038,12,7,1,110,36,13.447,8.118,3.087,13.112,4.879,5,0,199258,Andrea Petagna,1995-06-30,24.17,190.0,left,Attack,Centre-Forward,Italy,Italy,36,3033,12,1,2722,SPAL,3123,20000000.0,14500000.0,1.0,1.0,0.998,same_club
6156,Andreas Cornelius,ITA,2019-20,Parma Calcio 1913,F S,26,1482,12,12,3,46,21,7.529,7.529,1.618,10.615,1.952,1,0,203412,Andreas Cornelius,1993-03-16,26.46,193.0,left,Attack,Centre-Forward,Denmark,Denmark,26,1490,12,4,130,Parma Calcio 1913,1535,3000000.0,8000000.0,0.998,1.0,0.995,same_club
1136,Gianluca Lapadula,ITA,2019-20,Lecce,F S,25,1808,11,9,0,60,23,9.834,8.311,1.239,9.271,2.106,8,1,130394,Gianluca Lapadula,1990-02-07,29.56,178.0,left,Attack,Centre-Forward,Peru,Italy,25,1785,11,0,1005,US Lecce,1965,5000000.0,4800000.0,0.996,1.0,0.987,same_club
1230,Fabio Quagliarella,ITA,2019-20,Sampdoria,F M S,28,2302,11,6,3,100,37,12.695,8.127,3.764,11.539,2.545,2,0,22328,Fabio Quagliarella,1983-01-31,36.58,180.0,right,Attack,Centre-Forward,,,28,2284,11,5,1038,UC Sampdoria,2374,2500000.0,1600000.0,0.998,1.0,0.992,same_club
1294,Paulo Dybala,ITA,2019-20,Juventus,F M S,33,2187,11,10,6,100,69,9.31,8.549,7.191,19.917,9.563,5,0,206050,Paulo Dybala,1993-11-15,25.79,177.0,left,Attack,Second Striker,Argentina,Argentina,33,2165,11,11,506,Juventus FC,2910,85000000.0,72000000.0,0.997,1.0,0.99,same_club
1383,Manolo Gabbiadini,ITA,2019-20,Sampdoria,F M S,33,2043,11,10,1,86,39,7.863,7.102,3.541,11.279,2.912,2,0,112343,Manolo Gabbiadini,1991-11-26,27.76,186.0,left,Attack,Centre-Forward,Italy,Italy,33,2038,11,2,1038,UC Sampdoria,2049,12000000.0,9500000.0,0.999,1.0,0.998,same_club
1583,Arkadiusz Milik,ITA,2019-20,Napoli,F S,26,1754,11,11,0,68,21,11.056,11.056,1.773,14.796,3.904,5,0,191891,Arkadiusz Milik,1994-02-28,25.51,186.0,left,Attack,Centre-Forward,Poland,Poland,26,1749,11,0,6195,SSC Napoli,2109,40000000.0,32000000.0,0.999,1.0,0.997,same_club
1852,Ante Rebic,ITA,2019-20,AC Milan,F M S,26,1417,11,11,3,42,32,7.493,7.493,3.82,13.793,3.681,5,0,187587,Ante Rebić,1993-09-21,25.94,185.0,right,Attack,Left Winger,Croatia,Croatia,26,1397,11,3,5,AC Milan,2061,40000000.0,24000000.0,1.0,1.0,1.0,same_club
1852,Ante Rebic,ITA,2019-20,AC Milan,F M S,26,1417,11,11,3,42,32,7.493,7.493,3.82,13.793,3.681,5,0,187587,Ante Rebić,1993-09-21,25.94,185.0,right,Attack,Left Winger,Croatia,Croatia,26,1397,11,3,5,AC Milan,2061,40000000.0,24000000.0,0.996,1.0,0.986,same_club
3544,Jeremie Boga,ITA,2019-20,Sassuolo,F M S,34,2536,11,11,2,57,34,4.567,4.567,3.225,11.071,5.215,0,0,216569,Jérémie Boga,1997-01-03,22.66,172.0,right,Attack,Left Winger,Cote d'Ivoire,France,34,2525,11,4,6574,US Sassuolo,2610,6000000.0,16000000.0,0.999,1.0,0.996,same_club
1433,Federico Chiesa,ITA,2019-20,Fiorentina,D F M S,34,2668,10,9,6,111,48,12.351,10.828,5.569,19.515,6.01,7,0,341092,Federico Chiesa,1997-10-25,21.85,175.0,right,Attack,Right Winger,Italy,Italy,34,2649,10,9,430,ACF Fiorentina,2821,60000000.0,48000000.0,0.998,1.0,0.993,same_club
1741,Zlatan Ibrahimovic,ITA,2019-20,AC Milan,F S,18,1371,10,8,5,66,26,11.417,9.134,3.83,14.2,5.174,1,0,3455,Zlatan Ibrahimović,1981-10-03,37.91,195.0,right,Attack,Centre-Forward,Sweden,Sweden,18,1364,10,5,5,AC Milan,1509,3500000.0,2800000.0,0.998,1.0,0.995,same_club
1903,Kevin Lasagna,ITA,2019-20,Udinese,F S,36,2578,10,10,1,78,23,10.628,10.628,2.275,13.446,1.986,1,0,131951,Kevin Lasagna,1992-08-10,27.06,186.0,left,Attack,Centre-Forward,Italy,Italy,36,2572,10,1,410,Udinese Calcio,2797,7500000.0,5500000.0,0.999,1.0,0.998,same_club
6691,Dejan Kulusevski,ITA,2019-20,Parma Calcio 1913,F M S,36,2954,10,9,8,62,77,7.267,6.506,8.435,20.104,7.623,3,0,431755,Dejan Kulusevski,2000-04-25,19.35,186.0,left,Midfield,Attacking Midfield,Sweden,Sweden,36,2937,10,9,130,Parma Calcio 1913,3065,1000000.0,31500000.0,0.998,1.0,0.994,same_club
189,Hakan Calhanoglu,ITA,2019-20,AC Milan,F M S,35,2749,9,8,9,101,69,7.682,6.92,8.012,19.855,8.757,6,0,126414,Hakan Çalhanoğlu,1994-02-08,25.56,178.0,right,Midfield,Defensive Midfield,Türkiye,Germany,35,2717,9,9,5,AC Milan,2932,20000000.0,14500000.0,0.997,1.0,0.988,same_club
317,Henrikh Mkhitaryan,ITA,2019-20,Roma,M S,22,1538,9,9,5,43,27,6.188,6.188,3.264,13.575,5.561,4,0,55735,Henrikh Mkhitaryan,1989-01-21,30.61,177.0,both,Midfield,Central Midfield,Armenia,UdSSR,22,1533,9,5,12,Associazione Sportiva Roma,1943,25000000.0,20000000.0,0.995,1.0,0.982,same_club
317,Henrikh Mkhitaryan,ITA,2019-20,Roma,M S,22,1538,9,9,5,43,27,6.188,6.188,3.264,13.575,5.561,4,0,55735,Henrikh Mkhitaryan,1989-01-21,30.61,177.0,both,Midfield,Central Midfield,Armenia,UdSSR,22,1533,9,5,12,Associazione Sportiva Roma,1943,25000000.0,20000000.0,0.999,1.0,0.997,same_club
1115,Goran Pandev,ITA,2019-20,Genoa,F M S,34,1673,9,9,1,37,22,6.468,6.468,2.305,13.507,5.405,4,1,12563,Goran Pandev,1983-07-27,36.1,184.0,left,Attack,Second Striker,North Macedonia,Jugoslawien (SFR),34,1682,9,3,252,Genoa CFC,1701,400000.0,325000.0,0.998,1.0,0.995,same_club
1134,Mario Pasalic,ITA,2019-20,Atalanta,F M S,35,2443,9,9,5,58,42,10.015,10.015,4.55,21.759,11.893,6,0,205938,Mario Pašalić,1995-02-09,24.56,188.0,right,Midfield,Central Midfield,Croatia,Germany,35,2424,9,5,800,Atalanta BC,3207,10000000.0,16000000.0,0.998,1.0,0.992,same_club
1384,Dries Mertens,ITA,2019-20,Napoli,F S,31,1688,9,9,7,75,53,6.454,6.454,5.916,14.291,4.191,5,0,56416,Dries Mertens,1987-05-06,32.32,169.0,right,Attack,Second Striker,Belgium,Belgium,31,1688,9,9,6195,SSC Napoli,2488,25000000.0,20000000.0,1.0,1.0,1.0,same_club
1809,Joaquín Correa,ITA,2019-20,Lazio,F M S,30,2007,9,9,2,78,33,9.575,8.814,3.161,13.526,3.954,0,0,227081,Joaquín Correa,1994-08-13,25.05,188.0,right,Attack,Second Striker,Argentina,Argentina,30,2005,9,4,398,Società Sportiva Lazio S.p.A.,2383,20000000.0,30500000.0,1.0,1.0,0.999,same_club
2116,Felipe Caicedo,ITA,2019-20,Lazio,F S,30,1427,9,9,2,30,23,6.389,5.628,2.829,10.128,2.429,7,0,37834,Felipe Caicedo,1988-09-05,30.99,183.0,left,Attack,Centre-Forward,Ecuador,Ecuador,30,1412,9,5,398,Società Sportiva Lazio S.p.A.,1945,3000000.0,4800000.0,0.997,1.0,0.989,same_club
6155,Robin Gosens,ITA,2019-20,Atalanta,D M S,34,2638,9,9,7,52,39,6.423,6.423,3.621,18.245,10.978,3,0,273132,Robin Gosens,1994-07-05,25.16,183.0,left,Defender,Left-Back,Germany,Germany,34,2628,9,8,800,Atalanta BC,3372,8000000.0,20000000.0,0.999,1.0,0.996,same_club
6512,Musa Barrow,ITA,2019-20,"Atalanta,Bologna",D F M S,25,1529,9,8,4,76,38,7.55,6.028,4.19,10.51,2.856,1,0,486624,Musa Barrow,1998-11-14,20.8,184.0,right,Attack,Left Winger,The Gambia,The Gambia,25,1538,9,5,"800,1025","Atalanta BC,Bologna Football Club 1909",1540,5000000.0,11000000.0,0.998,1.0,0.994,same_club
1293,Gonzalo Higuaín,ITA,2019-20,Juventus,F S,32,1866,8,8,4,75,38,10.087,10.087,4.925,15.303,3.57,2,0,39153,Gonzalo Higuaín,1987-12-10,31.73,184.0,right,Attack,Centre-Forward,Argentina,France,32,1867,8,4,506,Juventus FC,2643,35000000.0,25500000.0,1.0,1.0,0.999,same_club
1393,Lorenzo Insigne,ITA,2019-20,Napoli,F M S,37,2852,8,3,6,120,85,13.023,9.217,7.669,22.409,11.924,1,0,133964,Lorenzo Insigne,1991-06-04,28.24,163.0,right,Attack,Left Winger,Italy,Italy,37,2821,8,6,6195,SSC Napoli,3513,65000000.0,48000000.0,0.997,1.0,0.989,same_club
1763,Stefano Okaka,ITA,2019-20,Udinese,F S,33,2435,8,8,2,57,25,8.24,8.24,1.909,13.801,5.277,10,0,35249,Stefano Okaka,1989-08-09,30.06,186.0,right,Attack,Centre-Forward,Italy,Italy,33,2422,8,2,410,Udinese Calcio,2422,5000000.0,3200000.0,0.998,1.0,0.995,same_club
3065,Domenico Criscito,ITA,2019-20,Genoa,D S,26,2049,8,0,0,24,22,7.908,0.295,1.347,6.057,5.297,7,0,44136,Domenico Criscito,1986-12-30,32.67,183.0,left,Defender,Left-Back,Italy,Italy,26,2056,8,0,252,Genoa CFC,2236,4000000.0,2400000.0,0.999,1.0,0.997,same_club
6160,Riccardo Orsolini,ITA,2019-20,Bologna,F M S,37,2718,8,8,6,91,55,9.521,9.521,8.78,18.863,7.016,3,0,368482,Riccardo Orsolini,1997-01-24,22.6,186.0,left,Attack,Right Winger,Italy,Italy,37,2693,8,8,1025,Bologna Football Club 1909,2873,15000000.0,20000000.0,0.997,1.0,0.991,same_club
7947,Ruslan Malinovskiy,ITA,2019-20,Atalanta,F M S,34,1500,8,8,3,79,46,4.235,3.473,4.679,13.986,9.396,5,1,207877,Ruslan Malinovskyi,1993-05-04,26.33,181.0,left,Midfield,Central Midfield,Ukraine,Ukraine,34,1521,8,5,800,Atalanta BC,1862,12500000.0,11000000.0,0.963,0.944,0.986,same_club
8035,Samuel Di Carmine,ITA,2019-20,Verona,F M S,22,1319,8,7,0,31,6,6.504,4.981,0.994,6.708,2.032,3,0,45389,Samuel Di Carmine,1988-09-29,30.92,187.0,right,Attack,Centre-Forward,Italy,Italy,22,1299,8,0,276,Hellas Verona,1299,1700000.0,1400000.0,0.995,1.0,0.985,same_club
621,Aleksandar Kolarov,ITA,2019-20,Roma,D S,32,2728,7,5,4,72,56,6.698,3.653,4.556,17.207,14.0,6,0,46156,Aleksandar Kolarov,1985-11-10,33.81,187.0,left,Defender,Left-Back,Serbia,Jugoslawien (SFR),32,2730,7,4,12,Associazione Sportiva Roma,3501,8000000.0,6500000.0,1.0,1.0,0.999,same_club
952,Gastón Ramírez,ITA,2019-20,Sampdoria,F M S,26,1414,7,4,2,40,33,5.948,3.664,2.851,5.485,2.063,5,0,123742,Gastón Ramírez,1990-12-02,28.75,183.0,left,Midfield,Attacking Midfield,Uruguay,Uruguay,26,1399,7,2,1038,UC Sampdoria,1469,10000000.0,6500000.0,0.997,1.0,0.989,same_club
1145,Rodrigo de Paul,ITA,2019-20,Udinese,M S,34,2831,7,7,6,85,77,5.402,5.402,9.779,18.013,7.945,5,1,255901,Rodrigo De Paul,1994-05-24,25.27,178.0,right,Midfield,Central Midfield,Argentina,Argentina,34,2828,7,6,410,Udinese Calcio,2917,25000000.0,20000000.0,1.0,1.0,0.999,same_club
1448,Erick Pulgar,ITA,2019-20,Fiorentina,M S,37,2936,7,0,6,32,83,7.338,1.248,5.608,12.478,10.302,9,0,215616,Erick Pulgar,1994-01-15,25.63,188.0,right,Midfield,Defensive Midfield,Chile,Chile,37,2946,7,6,430,ACF Fiorentina,3306,10000000.0,12000000.0,0.999,1.0,0.997,same_club
1491,Alejandro Gomez,ITA,2019-20,Atalanta,F M S,36,2879,7,7,16,95,101,8.437,8.437,10.008,26.195,15.413,2,0,20005,Papu Gómez,1988-02-15,31.54,167.0,right,Attack,Left Winger,Argentina,Argentina,36,2860,7,16,800,Atalanta BC,3610,16000000.0,13000000.0,0.878,0.8,0.993,same_club
1518,Rodrigo Palacio,ITA,2019-20,Bologna,F M S,35,2528,7,7,3,60,53,8.727,8.727,5.03,17.938,6.077,5,0,39099,Rodrigo Palacio,1982-02-05,37.57,176.0,right,Attack,Centre-Forward,Argentina,Argentina,35,2520,7,3,1025,Bologna Football Club 1909,2604,500000.0,400000.0,0.999,1.0,0.997,same_club
1543,Sergej Milinkovic-Savic,ITA,2019-20,Lazio,M S,37,3038,7,7,4,87,47,5.316,5.316,4.622,15.962,9.449,9,0,266302,Sergej Milinković-Savić,1995-02-27,24.51,192.0,right,Midfield,Central Midfield,Serbia,Spain,37,3039,7,6,398,Società Sportiva Lazio S.p.A.,3526,65000000.0,64000000.0,1.0,1.0,1.0,same_club
1642,Simone Zaza,ITA,2019-20,Torino,F S,24,1633,7,7,1,49,12,6.065,6.065,1.7,8.538,1.597,7,0,96828,Simone Zaza,1991-06-25,28.19,186.0,left,Attack,Centre-Forward,Italy,Italy,24,1638,6,2,416,Torino FC,2181,10000000.0,7000000.0,0.966,1.0,0.997,same_club
1943,Gervinho,ITA,2019-20,Parma Calcio 1913,F S,31,2290,7,7,4,57,24,9.286,8.525,2.789,13.858,3.078,3,0,33481,Gervinho,1987-05-27,32.27,179.0,right,Attack,Left Winger,Cote d'Ivoire,Cote d'Ivoire,31,2282,7,4,130,Parma Calcio 1913,2358,9000000.0,5500000.0,0.999,1.0,0.997,same_club
7013,Matteo Pessina,ITA,2019-20,Verona,F M S,35,2495,7,7,0,30,22,5.356,5.356,1.76,11.804,6.361,7,0,332179,Matteo Pessina,1997-04-21,22.36,187.0,left,Midfield,Central Midfield,Italy,Italy,35,2486,7,0,276,Hellas Verona,2486,1500000.0,6500000.0,0.999,1.0,0.996,same_club
7961,Alfredo Donnarumma,ITA,2019-20,Brescia,F S,31,1694,7,5,2,42,14,7.066,5.543,1.395,6.796,1.582,1,0,130485,Alfredo Donnarumma,1990-11-30,28.75,180.0,right,Attack,Centre-Forward,Italy,Italy,31,1681,7,2,19,Brescia Calcio,1764,4000000.0,4800000.0,0.998,1.0,0.992,same_club
7993,Ernesto Torregrossa,ITA,2019-20,Brescia,F M S,25,1858,7,5,3,64,21,8.128,6.605,2.774,11.083,4.833,8,0,159883,Ernesto Torregrossa,1992-06-28,27.18,184.0,left,Attack,Centre-Forward,Venezuela,Italy,25,1852,7,3,19,Brescia Calcio,1972,3000000.0,2400000.0,0.999,1.0,0.997,same_club
677,Jordan Veretout,ITA,2019-20,Roma,M S,33,2638,6,1,0,29,41,4.739,0.932,3.503,14.684,13.022,6,0,164771,Jordan Veretout,1993-03-01,26.5,177.0,right,Midfield,Central Midfield,France,France,33,2633,6,0,12,Associazione Sportiva Roma,3215,20000000.0,20000000.0,0.999,1.0,0.998,same_club
1123,Juraj Kucka,ITA,2019-20,Parma Calcio 1913,F M S,26,1938,6,4,3,48,19,4.681,3.158,2.706,8.555,3.775,5,1,74943,Juraj Kucka,1987-02-26,32.51,186.0,right,Midfield,Central Midfield,Slovakia,CSSR,26,1932,6,3,130,Parma Calcio 1913,2049,5000000.0,4000000.0,0.999,1.0,0.997,same_club
1219,Luis Alberto,ITA,2019-20,Lazio,F M,36,3131,6,5,15,99,106,7.026,6.264,10.833,21.288,10.857,5,0,128220,Luis Alberto,1992-09-28,26.92,183.0,right,Midfield,Attacking Midfield,Spain,Spain,36,3122,6,16,398,Società Sportiva Lazio S.p.A.,3396,28000000.0,44000000.0,0.999,1.0,0.997,same_club
1251,Radja Nainggolan,ITA,2019-20,Cagliari,F M S,26,2110,6,6,7,65,49,2.724,2.724,6.222,12.184,5.837,5,0,41982,Radja Nainggolan,1988-05-04,31.33,177.0,right,Midfield,Central Midfield,,,26,2083,6,6,1390,Cagliari Calcio,2279,28000000.0,16000000.0,0.996,1.0,0.987,same_club
2019,Federico Bonazzoli,ITA,2019-20,Sampdoria,F S,19,736,6,6,0,43,11,3.772,3.772,0.76,3.839,0.431,1,0,241527,Federico Bonazzoli,1997-05-21,22.28,185.0,left,Attack,Centre-Forward,Italy,Italy,19,741,6,0,1038,UC Sampdoria,741,1500000.0,1600000.0,0.998,1.0,0.993,same_club
2217,Antonio Sanabria,ITA,2019-20,Genoa,F S,24,1406,6,6,2,41,15,4.875,4.875,1.842,6.264,0.916,3,0,234523,Antonio Sanabria,1996-03-04,23.49,180.0,right,Attack,Centre-Forward,Paraguay,Paraguay,24,1392,6,3,252,Genoa CFC,1392,9000000.0,6500000.0,0.997,1.0,0.99,same_club
2547,Theo Hernández,ITA,2019-20,AC Milan,D S,33,2835,6,6,3,50,42,5.762,5.762,4.89,18.631,13.167,10,0,339808,Theo Hernández,1997-10-06,21.9,184.0,left,Defender,Left-Back,France,France,33,2818,6,5,5,AC Milan,3099,15000000.0,32000000.0,0.998,1.0,0.994,same_club
5091,Alex Berenguer,ITA,2019-20,Torino,F M S,29,1842,6,6,2,40,35,3.475,3.475,3.479,9.005,4.258,4,0,338425,Álex Berenguer,1995-07-04,24.16,175.0,right,Attack,Left Winger,Spain,Spain,29,1827,6,2,416,Torino FC,2439,6000000.0,4800000.0,0.998,1.0,0.992,same_club
6686,Nicolo Zaniolo,ITA,2019-20,Roma,F M S,26,1493,6,6,2,47,24,4.455,4.455,4.967,11.158,3.349,8,0,392085,Nicolò Zaniolo,1999-07-02,20.17,190.0,left,Attack,Second Striker,Italy,Italy,26,1504,6,2,12,Associazione Sportiva Roma,2007,40000000.0,45000000.0,0.998,1.0,0.993,same_club
7084,Dusan Vlahovic,ITA,2019-20,Fiorentina,F S,30,1469,6,5,0,65,10,7.294,6.532,1.007,7.428,0.981,4,1,357498,Dušan Vlahović,2000-01-28,19.59,190.0,left,Attack,Centre-Forward,Serbia,Yugoslavia (Republic),30,1519,6,1,430,ACF Fiorentina,1803,1500000.0,16000000.0,0.99,1.0,0.967,same_club
7091,Christian Kouamé,ITA,2019-20,"Fiorentina,Genoa",F M S,18,1209,6,6,3,32,19,3.002,3.002,1.252,4.116,0.98,1,0,337725,Christian Kouamé,1997-12-06,21.74,193.0,right,Attack,Centre-Forward,Cote d'Ivoire,Cote d'Ivoire,18,1214,6,5,"252,430","Genoa CFC,ACF Fiorentina",1287,15000000.0,17500000.0,0.999,1.0,0.996,same_club
7193,Rafael Leão,ITA,2019-20,AC Milan,F M S,31,1359,6,6,1,45,31,5.374,5.374,2.768,9.594,3.669,0,0,357164,Rafael Leão,1999-06-10,20.23,188.0,right,Attack,Left Winger,Portugal,Portugal,31,1396,6,2,5,AC Milan,1478,15000000.0,20000000.0,0.992,1.0,0.973,same_club
1170,Gianluca Caprari,ITA,2019-20,"Parma Calcio 1913,Sampdoria",F M S,30,1232,5,4,0,39,24,3.634,2.873,2.112,6.653,2.64,3,1,146752,Gianluca Caprari,1993-07-30,26.09,171.0,right,Attack,Second Striker,Italy,Italy,30,1252,5,0,"130,1038","Parma Calcio 1913,UC Sampdoria",1395,10000000.0,6500000.0,0.995,1.0,0.984,same_club
1233,Filip Djuricic,ITA,2019-20,Sassuolo,M S,29,1654,5,5,5,42,38,3.36,3.36,4.332,10.897,4.633,6,0,94307,Filip Djuricic,1992-01-30,27.59,181.0,right,Midfield,Attacking Midfield,Serbia,Jugoslawien (SFR),29,1643,5,6,6574,US Sassuolo,1675,1500000.0,2000000.0,0.998,1.0,0.993,same_club
1425,Nikola Kalinic,ITA,2019-20,Roma,F S,15,551,5,5,1,19,7,4.823,4.823,0.611,5.971,0.864,1,0,36371,Nikola Kalinic,1988-01-05,31.66,187.0,both,Attack,Centre-Forward,Croatia,Jugoslawien (SFR),15,567,5,1,12,Associazione Sportiva Roma,853,10000000.0,6800000.0,0.992,1.0,0.972,same_club
1517,Antonio Candreva,ITA,2019-20,Inter,D M S,32,2013,5,5,7,42,47,2.594,2.594,5.413,11.705,6.841,5,0,25488,Antonio Candreva,1987-02-28,32.51,180.0,right,Midfield,Right Midfield,Italy,Italy,32,2002,5,8,46,Inter Milan,2538,5000000.0,5500000.0,0.998,1.0,0.995,same_club
1539,Diego Perotti,ITA,2019-20,Roma,M S,21,874,5,1,3,15,22,4.193,1.148,3.19,3.975,0.859,3,1,54984,Diego Perotti,1988-07-26,31.1,179.0,right,Attack,Left Winger,Argentina,Argentina,21,875,5,3,12,Associazione Sportiva Roma,1132,12000000.0,6500000.0,1.0,1.0,0.999,same_club
1810,Roberto Soriano,ITA,2019-20,Bologna,M,29,2495,5,5,5,37,54,4.644,4.644,5.537,16.128,8.326,4,2,63186,Roberto Soriano,1991-02-08,28.56,182.0,right,Midfield,Attacking Midfield,Italy,Germany,29,2480,5,8,1025,Bologna Football Club 1909,2570,7000000.0,6500000.0,0.998,1.0,0.994,same_club
1817,Mario Balotelli,ITA,2019-20,Brescia,F S,19,1417,5,5,0,72,9,7.285,7.285,0.447,7.32,2.622,6,1,45146,Mario Balotelli,1990-08-12,29.05,189.0,right,Attack,Centre-Forward,Italy,Italy,19,1410,5,0,19,Brescia Calcio,1410,20000000.0,5500000.0,0.999,1.0,0.995,same_club
3978,Marco Faraoni,ITA,2019-20,Verona,D M,36,3234,5,5,3,41,34,4.463,4.463,3.797,10.614,4.488,5,0,73926,Davide Faraoni,1991-10-25,27.85,180.0,right,Defender,Right-Back,Italy,Italy,36,3229,5,3,276,Hellas Verona,3317,900000.0,3200000.0,0.97,0.95,0.998,same_club
4895,Andrea Pinamonti,ITA,2019-20,Genoa,F S,32,2251,5,4,1,52,15,6.895,5.373,0.597,8.083,3.348,1,0,315865,Andrea Pinamonti,1999-05-19,20.29,185.0,right,Attack,Centre-Forward,Italy,Italy,32,2241,5,2,252,Genoa CFC,2421,10000000.0,13500000.0,0.999,1.0,0.996,same_club
6174,Nikola Milenkovic,ITA,2019-20,Fiorentina,D S,37,3257,5,5,0,29,8,2.193,2.193,0.216,7.379,7.03,9,0,413507,Nikola Milenković,1997-10-12,21.89,195.0,right,Defender,Centre-Back,Serbia,Yugoslavia (Republic),37,3257,5,0,430,ACF Fiorentina,3617,30000000.0,24000000.0,1.0,1.0,1.0,same_club
498,Alexis Sánchez,ITA,2019-20,Inter,F S,22,906,4,3,8,22,33,4.832,4.071,3.228,8.911,3.477,2,1,40433,Alexis Sánchez,1988-12-19,30.7,169.0,right,Attack,Second Striker,Chile,Chile,22,918,4,9,46,Inter Milan,1392,35000000.0,16000000.0,0.996,1.0,0.987,same_club
631,Ashley Young,ITA,2019-20,Inter,D M S,18,1181,4,4,4,15,21,1.019,1.019,3.807,7.105,3.707,1,0,14086,Ashley Young,1985-07-09,34.15,175.0,both,Defender,Right-Back,England,England,18,1186,4,4,46,Inter Milan,2905,5000000.0,3200000.0,0.999,1.0,0.997,same_club
631,Ashley Young,ITA,2019-20,Inter,D M S,18,1181,4,4,4,15,21,1.019,1.019,3.807,7.105,3.707,1,0,14086,Ashley Young,1985-07-09,34.15,175.0,both,Defender,Right-Back,England,England,18,1186,4,4,46,Inter Milan,2905,5000000.0,3200000.0,0.999,1.0,0.996,same_club
1226,Karol Linetty,ITA,2019-20,Sampdoria,M S,28,2029,4,4,3,32,27,1.793,1.793,2.26,8.296,5.27,4,0,225873,Karol Linetty,1995-02-02,24.58,175.0,right,Midfield,Central Midfield,Poland,Poland,28,2021,4,3,1038,UC Sampdoria,2196,15000000.0,11000000.0,0.999,1.0,0.996,same_club
1246,Kostas Manolas,ITA,2019-20,Napoli,D S,26,2182,4,4,0,17,2,2.243,2.243,0.048,7.329,7.268,2,0,104752,Konstantinos Manolas,1991-06-14,28.22,185.0,right,Defender,Centre-Back,Greece,Greece,26,2178,4,0,6195,SSC Napoli,2988,45000000.0,32000000.0,0.969,0.95,0.998,same_club
1340,Roberto Inglese,ITA,2019-20,Parma Calcio 1913,F S,17,749,4,4,0,24,6,4.846,4.085,0.262,4.437,0.785,1,0,159337,Roberto Inglese,1991-11-12,27.8,186.0,right,Attack,Centre-Forward,Italy,Italy,17,764,4,0,130,Parma Calcio 1913,899,15000000.0,12000000.0,0.994,1.0,0.98,same_club
1382,José Callejón,ITA,2019-20,Napoli,D F M S,33,2180,4,4,7,42,63,5.425,5.425,6.226,14.939,7.379,2,0,61253,José Callejón,1987-02-11,32.55,178.0,right,Attack,Right Winger,Spain,Spain,33,2176,4,7,6195,SSC Napoli,3001,20000000.0,9500000.0,0.999,1.0,0.998,same_club
1489,Franck Kessié,ITA,2019-20,AC Milan,M S,35,2920,4,2,1,39,30,3.941,2.419,2.438,16.675,13.31,3,0,294808,Franck Kessié,1996-12-19,22.7,183.0,right,Midfield,Central Midfield,Cote d'Ivoire,Cote d'Ivoire,35,2909,4,1,5,AC Milan,3095,33000000.0,20000000.0,0.999,1.0,0.996,same_club
1492,Jasmin Kurtic,ITA,2019-20,"Parma Calcio 1913,SPAL 2013",F M S,36,3080,4,4,1,70,50,3.367,3.367,3.885,10.395,6.437,10,0,85825,Jasmin Kurtic,1989-01-10,30.64,186.0,right,Midfield,Central Midfield,Slovenia,Jugoslawien (SFR),36,3078,4,1,"130,2722","Parma Calcio 1913,SPAL",3279,6000000.0,3500000.0,1.0,1.0,0.999,same_club
1496,Roberto Gagliardini,ITA,2019-20,Inter,M S,24,1814,4,4,2,34,19,5.304,5.304,1.837,12.452,8.631,5,0,197471,Roberto Gagliardini,1994-04-07,25.4,188.0,right,Midfield,Central Midfield,Italy,Italy,24,1806,4,3,46,Inter Milan,2341,15000000.0,12000000.0,0.999,1.0,0.996,same_club
1515,Cristian Ansaldi,ITA,2019-20,Torino,D M S,27,1769,4,4,4,29,33,1.307,1.307,3.711,7.12,4.21,9,0,55854,Cristian Ansaldi,1986-09-20,32.95,181.0,both,Defender,Left-Back,Argentina,Argentina,27,1771,4,4,416,Torino FC,2176,5000000.0,4000000.0,1.0,1.0,0.999,same_club
1523,Danilo D&#039;Ambrosio,ITA,2019-20,Inter,D M S,22,1398,4,4,0,7,7,2.063,2.063,0.877,8.621,6.617,6,0,55769,Danilo D'Ambrosio,1988-09-09,30.98,180.0,right,Defender,Centre-Back,Italy,Italy,22,1399,4,0,46,Inter Milan,2096,13000000.0,10500000.0,0.97,0.95,0.999,same_club
1541,Stefan de Vrij,ITA,2019-20,Inter,D S,34,2830,4,4,3,20,10,1.864,1.864,0.987,8.795,8.509,5,0,111196,Stefan de Vrij,1992-02-05,27.57,189.0,right,Defender,Centre-Back,Netherlands,Netherlands,34,2828,4,3,46,Inter Milan,3906,50000000.0,48000000.0,1.0,1.0,0.999,same_club
1826,Nicola Sansone,ITA,2019-20,Bologna,F M S,33,2268,4,1,3,80,45,9.303,6.258,5.476,15.767,9.115,6,0,82048,Nicola Sansone,1991-09-10,27.98,174.0,right,Attack,Left Winger,Italy,Germany,33,2272,4,4,1025,Bologna Football Club 1909,2278,7500000.0,6000000.0,0.999,1.0,0.998,same_club
1847,Giampaolo Pazzini,ITA,2019-20,Verona,F S,15,273,4,1,0,13,4,4.099,1.815,0.188,2.248,0.245,0,0,19447,Giampaolo Pazzini,1984-08-02,35.08,180.0,right,Attack,Centre-Forward,Italy,Italy,15,297,4,0,276,Hellas Verona,312,500000.0,325000.0,0.976,1.0,0.919,same_club
1979,Filippo Falco,ITA,2019-20,Lecce,F M S,30,2022,4,4,6,56,51,2.782,2.782,4.186,9.231,5.43,0,0,70689,Filippo Falco,1992-02-11,27.55,171.0,left,Attack,Right Winger,Italy,Italy,30,2021,4,6,1005,US Lecce,2098,2500000.0,3200000.0,1.0,1.0,1.0,same_club
4918,Patrick Cutrone,ITA,2019-20,Fiorentina,F S,19,831,4,4,1,21,6,4.319,4.319,1.465,6.422,0.667,1,0,265078,Patrick Cutrone,1998-01-03,21.66,183.0,right,Attack,Centre-Forward,Italy,Italy,19,840,4,2,430,ACF Fiorentina,1631,28000000.0,15500000.0,0.996,1.0,0.986,same_club
4918,Patrick Cutrone,ITA,2019-20,Fiorentina,F S,19,831,4,4,1,21,6,4.319,4.319,1.465,6.422,0.667,1,0,265078,Patrick Cutrone,1998-01-03,21.66,183.0,right,Attack,Centre-Forward,Italy,Italy,19,840,4,2,430,ACF Fiorentina,1631,28000000.0,15500000.0,0.997,1.0,0.989,same_club
6212,Mattia Bani,ITA,2019-20,Bologna,D S,27,2219,4,4,0,16,2,3.583,3.583,0.078,4.673,4.583,11,1,176139,Mattia Bani,1993-12-10,25.72,188.0,right,Defender,Centre-Back,Italy,Italy,27,2211,4,0,1025,Bologna Football Club 1909,2211,2500000.0,2400000.0,0.999,1.0,0.996,same_club
6963,Justin Kluivert,ITA,2019-20,Roma,F M S,22,1539,4,4,1,34,21,2.77,2.77,1.024,7.512,4.072,4,1,330659,Justin Kluivert,1999-05-05,20.33,173.0,both,Midfield,Attacking Midfield,Netherlands,Netherlands,22,1524,4,2,12,Associazione Sportiva Roma,2131,20000000.0,22500000.0,0.997,1.0,0.99,same_club
6986,Hamed Junior Traore,ITA,2019-20,Sassuolo,M S,31,1570,4,4,1,46,30,5.592,5.592,1.8,9.359,3.015,3,0,391065,Hamed Traoré,2000-02-16,19.54,177.0,right,Attack,Left Winger,Cote d'Ivoire,Cote d'Ivoire,31,1571,4,1,6574,US Sassuolo,1751,14000000.0,13500000.0,0.97,0.95,0.999,same_club
7090,Krzysztof Piatek,ITA,2019-20,AC Milan,F S,18,1199,4,1,0,48,16,7.516,5.232,1.686,7.394,1.327,1,0,327757,Krzysztof Piatek,1995-07-01,24.17,183.0,right,Attack,Centre-Forward,Poland,Poland,18,1189,4,0,5,AC Milan,2371,40000000.0,21500000.0,0.999,1.0,0.997,same_club
7090,Krzysztof Piatek,ITA,2019-20,AC Milan,F S,18,1199,4,1,0,48,16,7.516,5.232,1.686,7.394,1.327,1,0,327757,Krzysztof Piatek,1995-07-01,24.17,183.0,right,Attack,Centre-Forward,Poland,Poland,18,1189,4,0,5,AC Milan,2371,40000000.0,21500000.0,0.997,1.0,0.992,same_club
7902,Matthijs de Ligt,ITA,2019-20,Juventus,D S,29,2454,4,4,0,18,3,3.014,3.014,0.207,9.591,9.46,5,0,326031,Matthijs de Ligt,1999-08-12,20.05,189.0,right,Defender,Centre-Back,Netherlands,Netherlands,29,2449,4,1,506,Juventus FC,3349,75000000.0,67500000.0,0.999,1.0,0.998,same_club
7999,Hirving Lozano,ITA,2019-20,Napoli,F M S,26,996,4,4,1,34,20,3.851,3.851,2.129,6.457,2.113,3,0,316889,Hirving Lozano,1995-07-30,24.09,175.0,right,Attack,Left Winger,Mexico,Mexico,26,1021,4,1,6195,SSC Napoli,1780,40000000.0,28000000.0,0.993,1.0,0.976,same_club
329,Franck Ribéry,ITA,2019-20,Fiorentina,F M S,21,1466,3,3,3,24,35,2.819,2.819,3.182,7.405,3.692,3,0,22068,Franck Ribéry,1983-04-07,36.4,170.0,right,Attack,Left Winger,France,France,21,1424,3,3,430,ACF Fiorentina,1424,4000000.0,3200000.0,0.991,1.0,0.971,same_club
504,Aaron Ramsey,ITA,2019-20,Juventus,M S,24,1049,3,3,1,28,20,2.571,2.571,1.207,6.556,3.481,2,0,50057,Aaron Ramsey,1990-12-26,28.68,178.0,right,Midfield,Central Midfield,Wales,Wales,24,1050,3,1,506,Juventus FC,1384,40000000.0,28000000.0,1.0,1.0,0.999,same_club
628,Chris Smalling,ITA,2019-20,Roma,D S,30,2562,3,3,2,19,10,2.245,2.245,0.674,8.961,8.672,2,0,103427,Chris Smalling,1989-11-22,29.77,194.0,right,Defender,Centre-Back,England,England,30,2566,3,2,12,Associazione Sportiva Roma,3196,20000000.0,16000000.0,1.0,1.0,0.998,same_club
737,Fabio Borini,ITA,2019-20,"AC Milan,Verona",D F M S,16,879,3,2,0,41,7,3.033,2.272,0.443,3.864,1.445,2,1,96754,Fabio Borini,1991-03-29,28.43,180.0,right,Attack,Left Winger,Italy,Italy,16,882,3,0,"5,276","AC Milan,Hellas Verona",882,7000000.0,4000000.0,0.999,1.0,0.997,same_club
1098,Miguel Veloso,ITA,2019-20,Verona,D M S,34,2824,3,3,4,36,58,2.098,2.098,5.468,10.975,9.225,6,0,43848,Miguel Veloso,1986-05-11,33.31,180.0,left,Midfield,Defensive Midfield,Portugal,Portugal,34,2817,3,5,276,Hellas Verona,2937,1000000.0,800000.0,0.999,1.0,0.998,same_club
1106,Darko Lazovic,ITA,2019-20,Verona,D M S,38,3261,3,3,7,36,53,2.876,2.876,8.619,17.809,9.878,4,0,70411,Darko Lazović,1990-09-15,28.96,181.0,right,Midfield,Left Midfield,Serbia,Jugoslawien (SFR),38,3248,3,7,276,Hellas Verona,3315,3000000.0,4000000.0,0.999,1.0,0.996,same_club
1121,Giacomo Bonaventura,ITA,2019-20,AC Milan,F M S,29,1310,3,3,5,44,25,3.867,3.867,2.315,10.242,4.954,2,0,57280,Giacomo Bonaventura,1989-08-22,30.03,180.0,right,Midfield,Attacking Midfield,Italy,Italy,29,1327,3,6,5,AC Milan,1530,20000000.0,9500000.0,0.996,1.0,0.987,same_club
1144,Seko Fofana,ITA,2019-20,Udinese,M S,32,2257,3,3,7,46,50,3.39,3.39,3.611,12.285,6.625,4,0,182893,Seko Fofana,1995-05-07,24.32,185.0,right,Midfield,Central Midfield,Cote d'Ivoire,France,32,2252,3,7,410,Udinese Calcio,2422,13000000.0,9500000.0,0.999,1.0,0.998,same_club
1272,Ilija Nestorovski,ITA,2019-20,Udinese,F S,28,1246,3,3,1,35,17,4.31,4.31,1.29,7.814,2.722,4,0,54581,Ilija Nestorovski,1990-03-12,29.47,182.0,left,Attack,Centre-Forward,North Macedonia,Jugoslawien (SFR),28,1249,3,1,410,Udinese Calcio,1363,4000000.0,2800000.0,0.999,1.0,0.998,same_club
1287,Leonardo Bonucci,ITA,2019-20,Juventus,D,35,3091,3,3,0,23,11,4.169,4.169,0.6,12.238,11.824,9,0,39983,Leonardo Bonucci,1987-05-01,32.34,189.0,right,Defender,Centre-Back,Italy,Italy,35,3085,3,0,506,Juventus FC,4165,28000000.0,20000000.0,0.999,1.0,0.998,same_club
1290,Miralem Pjanic,ITA,2019-20,Juventus,M S,30,2312,3,3,6,21,56,0.894,0.894,3.371,13.518,12.056,10,0,44162,Miralem Pjanić,1990-04-02,29.42,181.0,right,Midfield,Central Midfield,Bosnia-Herzegovina,Jugoslawien (SFR),30,2285,3,8,506,Juventus FC,3350,70000000.0,52000000.0,0.996,1.0,0.988,same_club
1434,Khouma Babacar,ITA,2019-20,Lecce,F S,25,1435,3,3,0,49,16,7.007,5.484,1.397,5.656,0.989,4,0,124902,Khouma Babacar,1993-03-17,26.46,185.0,right,Attack,Centre-Forward,Senegal,Senegal,25,1428,3,3,1005,US Lecce,1428,8000000.0,5200000.0,0.999,1.0,0.995,same_club
1465,Stefano Sensi,ITA,2019-20,Inter,M S,12,737,3,3,2,29,14,1.621,1.621,1.509,5.32,3.583,2,0,216179,Stefano Sensi,1995-08-05,24.07,168.0,right,Midfield,Central Midfield,Italy,Italy,12,727,3,4,46,Inter Milan,1012,18000000.0,24000000.0,0.996,1.0,0.986,same_club
1468,Gregoire Defrel,ITA,2019-20,Sassuolo,F M S,17,975,3,2,3,20,10,3.121,2.36,1.49,6.108,2.463,1,0,163222,Grégoire Defrel,1991-06-17,28.21,179.0,left,Attack,Centre-Forward,France,France,17,978,3,3,6574,US Sassuolo,978,12000000.0,9500000.0,0.999,1.0,0.997,same_club
1511,Marcelo Brozovic,ITA,2019-20,Inter,M S,32,2709,3,3,6,55,39,3.437,3.437,2.788,16.859,13.572,9,0,156617,Marcelo Brozović,1992-11-16,26.79,181.0,both,Midfield,Defensive Midfield,Croatia,Croatia,32,2703,3,5,46,Inter Milan,3865,50000000.0,48000000.0,0.999,1.0,0.998,same_club
1569,Valerio Verre,ITA,2019-20,Verona,F M S,32,1797,3,1,2,41,28,5.79,4.268,2.761,9.623,3.799,4,0,162961,Valerio Verre,1994-01-11,25.64,181.0,both,Midfield,Attacking Midfield,Italy,Italy,32,1784,3,2,276,Hellas Verona,1851,3500000.0,3200000.0,0.998,1.0,0.993,same_club
1728,Fernando Llorente,ITA,2019-20,Napoli,F S,17,476,3,3,1,33,10,4.708,4.708,1.104,5.939,1.355,1,0,35564,Fernando Llorente,1985-02-26,34.51,195.0,right,Attack,Centre-Forward,Spain,Spain,17,492,3,1,6195,SSC Napoli,668,3500000.0,4000000.0,0.99,1.0,0.967,same_club
1896,Riccardo Gagliolo,ITA,2019-20,Parma Calcio 1913,D S,32,2629,3,3,2,30,21,2.48,2.48,2.351,8.158,5.265,7,0,240786,Riccardo Gagliolo,1990-04-28,29.34,180.0,left,Defender,Centre-Back,Sweden,Italy,32,2603,3,2,130,Parma Calcio 1913,2865,3000000.0,2400000.0,0.997,1.0,0.99,same_club
2143,Germán Pezzella,ITA,2019-20,Fiorentina,D,33,2836,3,3,1,34,8,3.262,3.262,1.087,4.768,3.976,12,0,113133,Germán Pezzella,1991-06-27,28.18,187.0,right,Defender,Centre-Back,Argentina,Argentina,33,2832,3,2,430,ACF Fiorentina,2902,18000000.0,14500000.0,1.0,1.0,0.999,same_club
2447,Fabián,ITA,2019-20,Napoli,M S,33,2698,3,3,6,71,51,2.837,2.837,4.629,20.456,15.537,2,0,350219,Fabián Ruiz,1996-04-03,23.41,188.0,left,Midfield,Central Midfield,Spain,Spain,33,2689,3,6,6195,SSC Napoli,3671,50000000.0,48000000.0,0.969,0.95,0.997,same_club
3899,Mattia Valoti,ITA,2019-20,SPAL 2013,F M S,27,1535,3,3,1,31,24,3.309,3.309,1.693,6.939,4.094,7,0,167741,Mattia Valoti,1993-09-06,25.98,187.0,right,Midfield,Central Midfield,Italy,Italy,27,1533,3,2,2722,SPAL,1643,1000000.0,800000.0,1.0,1.0,0.999,same_club
5718,Mariusz Stepinski,ITA,2019-20,Verona,F M S,21,672,3,3,1,17,3,3.202,3.202,0.149,4.009,1.141,3,1,210363,Mariusz Stępiński,1995-05-12,24.31,183.0,right,Attack,Centre-Forward,Poland,Poland,21,697,3,1,276,Hellas Verona,876,4000000.0,3000000.0,0.989,1.0,0.964,same_club
6162,Cengiz Ünder,ITA,2019-20,Roma,M S,18,870,3,3,0,27,27,2.563,2.563,2.83,7.682,2.956,2,0,341647,Cengiz Ünder,1997-07-14,22.13,173.0,left,Attack,Right Winger,Türkiye,Türkiye,18,873,3,0,12,Associazione Sportiva Roma,1152,35000000.0,24000000.0,0.999,1.0,0.997,same_club
6192,Fabio Lucioni,ITA,2019-20,Lecce,D,36,3132,3,3,0,14,3,2.089,2.089,0.127,5.38,5.232,8,1,160561,Fabio Lucioni,1987-09-25,31.93,185.0,left,Defender,Centre-Back,Italy,Italy,36,3133,3,0,1005,US Lecce,3223,900000.0,725000.0,1.0,1.0,1.0,same_club
6578,Jhon Chancellor,ITA,2019-20,Brescia,D,26,2249,3,3,0,13,0,2.395,2.395,0.0,2.303,1.337,3,0,213614,Jhon Chancellor,1992-01-02,27.66,197.0,right,Defender,Centre-Back,Venezuela,Venezuela,26,2245,3,0,19,Brescia Calcio,2365,700000.0,1400000.0,0.999,1.0,0.998,same_club
6960,Bremer,ITA,2019-20,Torino,D,27,2289,3,3,1,14,5,1.71,1.71,0.65,4.677,4.548,2,2,516716,Bremer,1997-03-18,22.46,188.0,right,Defender,Centre-Back,Brazil,Brazil,27,2277,3,1,416,Torino FC,3019,2000000.0,3500000.0,0.998,1.0,0.995,same_club
6978,Giovanni Di Lorenzo,ITA,2019-20,Napoli,D,33,2970,3,3,3,20,30,2.961,2.961,2.474,14.568,12.292,5,0,169880,Giovanni Di Lorenzo,1993-08-04,26.08,183.0,right,Defender,Right-Back,Italy,Italy,33,2970,3,4,6195,SSC Napoli,4140,9000000.0,16000000.0,1.0,1.0,1.0,same_club
7909,Gaetano Castrovilli,ITA,2019-20,Fiorentina,M S,33,2708,3,3,2,49,36,3.247,3.247,2.468,9.937,5.469,10,0,303116,Gaetano Castrovilli,1997-02-17,22.54,187.0,right,Midfield,Central Midfield,Italy,Italy,33,2684,3,2,430,ACF Fiorentina,2864,1800000.0,20000000.0,0.997,1.0,0.991,same_club
7970,Marco Calderoni,ITA,2019-20,Lecce,D S,26,2072,3,3,2,23,19,0.545,0.545,1.801,4.462,3.107,7,0,75327,Marco Calderoni,1989-02-18,30.53,183.0,left,Defender,Left-Back,Italy,Italy,26,2067,3,2,1005,US Lecce,2157,700000.0,800000.0,0.999,1.0,0.998,same_club
1089,Juan Cuadrado,ITA,2019-20,Juventus,D F M S,33,2647,2,2,5,20,44,1.274,1.274,4.429,17.137,13.498,7,1,91970,Juan Cuadrado,1988-05-26,31.27,176.0,right,Midfield,Right Midfield,Colombia,Colombia,33,2651,2,6,506,Juventus FC,3441,18000000.0,14500000.0,1.0,1.0,0.998,same_club
1117,Andrea Poli,ITA,2019-20,Bologna,M S,28,1932,2,2,0,25,16,1.912,1.912,1.588,9.987,7.108,5,0,44834,Andrea Poli,1989-09-29,29.92,182.0,right,Midfield,Central Midfield,Italy,Italy,28,1926,2,0,1025,Bologna Football Club 1909,2047,3000000.0,2400000.0,0.999,1.0,0.997,same_club
1140,Danilo,ITA,2019-20,Bologna,D,30,2651,2,2,0,8,5,0.818,0.818,0.285,7.097,6.736,9,1,32816,Danilo,1984-05-10,35.31,185.0,right,Defender,Centre-Back,Brazil,Brazil,30,2642,2,0,1025,Bologna Football Club 1909,2732,800000.0,550000.0,0.999,1.0,0.997,same_club
1146,Jakub Jankto,ITA,2019-20,Sampdoria,M S,30,2117,2,2,4,42,44,2.233,2.233,4.086,9.041,4.405,8,0,319160,Jakub Jankto,1996-01-19,23.62,184.0,left,Midfield,Left Midfield,Czech Republic,Czech Republic,30,2102,2,5,1038,UC Sampdoria,2192,12000000.0,9500000.0,0.998,1.0,0.993,same_club
1164,Cristiano Biraghi,ITA,2019-20,Inter,D M S,26,1582,2,2,6,9,31,0.549,0.549,4.196,7.667,4.971,3,0,124555,Cristiano Biraghi,1992-09-01,27.0,185.0,left,Defender,Left-Back,Italy,Italy,26,1579,2,6,46,Inter Milan,2122,10000000.0,9500000.0,0.999,1.0,0.998,same_club
1185,Iago Falque,ITA,2019-20,"Genoa,Torino",F M S,14,635,2,0,1,18,11,3.016,0.732,0.749,2.37,1.577,0,0,59340,Iago Falque,1990-01-04,29.66,174.0,left,Attack,Right Winger,Spain,Spain,14,619,2,1,"252,416","Genoa CFC,Torino FC",694,17500000.0,6500000.0,0.992,1.0,0.975,same_club
1313,Riccardo Saponara,ITA,2019-20,"Genoa,Lecce",F M S,17,1130,2,2,4,31,35,1.947,1.947,2.924,6.842,3.905,3,0,88909,Riccardo Saponara,1991-12-21,27.7,183.0,right,Midfield,Attacking Midfield,Italy,Italy,17,1119,2,5,"252,1005","Genoa CFC,US Lecce",1148,8500000.0,2400000.0,0.997,1.0,0.99,same_club
1333,Lucas Castro,ITA,2019-20,"Cagliari,SPAL 2013",M S,22,1025,2,2,0,24,16,1.446,1.446,1.179,3.561,1.607,2,0,105892,Lucas Castro,1989-04-09,30.4,182.0,right,Midfield,Attacking Midfield,Argentina,Argentina,22,1031,2,0,"1390,2722","Cagliari Calcio,SPAL",1150,6000000.0,3200000.0,0.998,1.0,0.994,same_club
1379,Allan,ITA,2019-20,Napoli,M S,23,1287,2,2,1,12,15,0.572,0.572,1.048,3.854,2.776,3,0,126422,Allan,1991-01-08,28.65,175.0,right,Midfield,Defensive Midfield,Brazil,Brazil,23,1281,2,1,6195,SSC Napoli,1756,60000000.0,32000000.0,0.999,1.0,0.995,same_club
1386,Piotr Zielinski,ITA,2019-20,Napoli,M S,37,2934,2,2,4,78,53,4.021,4.021,4.058,20.254,14.875,4,0,181136,Piotr Zielinski,1994-05-20,25.28,180.0,both,Midfield,Central Midfield,Poland,Poland,37,2926,2,4,6195,SSC Napoli,3875,40000000.0,32000000.0,0.999,1.0,0.997,same_club
1412,Daniele Dessena,ITA,2019-20,Brescia,M S,24,1894,2,2,0,18,3,1.229,1.229,0.357,3.189,2.558,5,1,29962,Daniele Dessena,1987-05-10,32.31,182.0,right,Midfield,Central Midfield,Italy,Italy,24,1877,2,2,19,Brescia Calcio,1877,500000.0,400000.0,0.997,1.0,0.991,same_club
1422,Borja Valero,ITA,2019-20,Inter,M S,19,919,2,2,0,11,10,2.069,2.069,1.515,5.881,3.309,4,0,40372,Borja Valero,1985-01-12,34.63,175.0,right,Midfield,Central Midfield,Spain,Spain,19,924,2,0,46,Inter Milan,1348,2500000.0,1200000.0,0.998,1.0,0.995,same_club
1423,Matías Vecino,ITA,2019-20,Inter,M S,20,1282,2,2,2,28,14,3.587,3.587,0.944,7.42,3.112,4,0,143812,Matías Vecino,1991-08-24,28.02,187.0,right,Midfield,Central Midfield,Uruguay,Uruguay,20,1281,2,1,46,Inter Milan,1699,23000000.0,18500000.0,1.0,1.0,0.999,same_club
1445,Simone Verdi,ITA,2019-20,Torino,F M S,33,2101,2,2,6,53,47,3.457,3.457,4.032,7.948,4.794,4,0,130360,Simone Verdi,1992-07-12,27.14,174.0,both,Midfield,Attacking Midfield,Italy,Italy,33,2088,2,7,416,Torino FC,2208,23000000.0,13000000.0,0.998,1.0,0.994,same_club
1449,Federico Di Francesco,ITA,2019-20,SPAL 2013,D F S,20,1091,2,2,0,25,18,1.95,1.95,0.916,5.686,3.255,4,0,38607,Federico Di Francesco,1994-06-14,25.22,171.0,right,Attack,Left Winger,Italy,Italy,20,1084,2,1,2722,SPAL,1163,4500000.0,4000000.0,0.998,1.0,0.994,same_club
1463,Francesco Acerbi,ITA,2019-20,Lazio,D,36,3171,2,2,2,15,8,2.15,2.15,1.844,9.874,7.956,4,0,131075,Francesco Acerbi,1988-02-10,31.56,192.0,left,Defender,Centre-Back,Italy,Italy,36,3166,2,2,398,Società Sportiva Lazio S.p.A.,3976,12000000.0,12000000.0,1.0,1.0,0.998,same_club
1471,Lorenzo Pellegrini,ITA,2019-20,Roma,M S,27,2138,2,2,9,58,65,4.582,4.582,8.632,16.342,9.023,6,1,286297,Lorenzo Pellegrini,1996-06-19,23.2,186.0,right,Midfield,Attacking Midfield,Italy,Italy,27,2106,1,11,12,Associazione Sportiva Roma,2514,35000000.0,32000000.0,0.962,1.0,0.985,same_club
1473,Matteo Politano,ITA,2019-20,"Inter,Napoli",F M S,26,1000,2,2,2,34,27,2.655,2.655,2.6,7.49,4.587,1,0,165895,Matteo Politano,1993-08-03,26.08,171.0,left,Attack,Right Winger,Italy,Italy,26,999,2,2,"46,6195","Inter Milan,SSC Napoli",1198,30000000.0,22500000.0,1.0,1.0,0.999,same_club
1474,Alfred Duncan,ITA,2019-20,"Fiorentina,Sassuolo",D M S,26,1741,2,2,6,28,18,1.709,1.709,1.672,7.893,5.248,5,0,184894,Alfred Duncan,1993-03-10,26.48,178.0,left,Midfield,Central Midfield,Ghana,Ghana,26,1736,2,6,"430,6574","ACF Fiorentina,US Sassuolo",1826,17000000.0,13500000.0,0.999,1.0,0.997,same_club
1484,Rafael Toloi,ITA,2019-20,Atalanta,D S,33,2604,2,2,6,27,17,3.0,3.0,2.579,14.913,12.556,11,0,72441,Rafael Tolói,1990-10-10,28.89,185.0,right,Defender,Centre-Back,Italy,Brazil,33,2605,2,7,800,Atalanta BC,3235,11000000.0,12000000.0,1.0,1.0,1.0,same_club
1488,Remo Freuler,ITA,2019-20,Atalanta,F M S,31,2361,2,2,2,19,26,1.721,1.721,2.775,15.876,12.612,3,0,148252,Remo Freuler,1992-04-15,27.38,181.0,right,Midfield,Central Midfield,Switzerland,Switzerland,31,2344,2,2,800,Atalanta BC,3058,20000000.0,20000000.0,0.998,1.0,0.993,same_club
1502,Marco D&#039;Alessandro,ITA,2019-20,SPAL 2013,D F M S,15,791,2,2,0,6,13,0.668,0.668,1.144,2.661,1.783,0,1,99232,Marco D'Alessandro,1991-02-17,28.54,173.0,right,Attack,Right Winger,Italy,Italy,15,786,2,0,2722,SPAL,876,2000000.0,1600000.0,0.968,0.95,0.994,same_club
1550,Luca Ceppitelli,ITA,2019-20,Cagliari,D S,16,1252,2,2,0,5,2,0.732,0.732,0.055,2.552,2.508,5,0,102745,Luca Ceppitelli,1989-08-11,30.06,186.0,both,Defender,Centre-Back,Italy,Italy,16,1249,2,0,1390,Cagliari Calcio,1339,2500000.0,2800000.0,0.999,1.0,0.998,same_club
1567,Bruno Peres,ITA,2019-20,Roma,D S,16,1064,2,2,2,14,12,0.899,0.899,1.999,6.889,4.164,3,0,148751,Bruno Peres,1990-03-01,29.5,178.0,right,Defender,Right-Back,Brazil,Brazil,16,1059,2,3,12,Associazione Sportiva Roma,1174,4000000.0,2000000.0,0.999,1.0,0.995,same_club
1605,Diego Farias,ITA,2019-20,Lecce,F M S,18,803,2,2,0,23,12,1.809,1.809,2.144,4.697,2.349,3,1,83877,Diego Farias,1990-05-10,29.31,172.0,right,Attack,Left Winger,Brazil,Brazil,18,817,2,1,1005,US Lecce,838,4500000.0,3500000.0,0.995,1.0,0.983,same_club
1710,Marten de Roon,ITA,2019-20,Atalanta,D M S,35,2709,2,2,5,31,33,1.371,1.371,1.728,16.459,15.131,12,0,133179,Marten de Roon,1991-03-29,28.43,186.0,right,Midfield,Defensive Midfield,Netherlands,Netherlands,35,2717,2,5,800,Atalanta BC,3571,24000000.0,19000000.0,0.999,1.0,0.997,same_club
1927,Berat Gjimshiti,ITA,2019-20,Atalanta,D S,34,2800,2,2,1,21,13,1.854,1.854,1.409,10.982,10.456,5,0,165513,Berat Djimsiti,1993-02-19,26.53,190.0,right,Defender,Centre-Back,Albania,Switzerland,34,2790,2,1,800,Atalanta BC,3390,7500000.0,12000000.0,0.937,0.897,0.996,same_club
1958,Mattia Zaccagni,ITA,2019-20,Verona,F M S,34,2141,2,2,5,27,33,4.572,4.572,4.36,13.046,5.947,5,0,283735,Mattia Zaccagni,1995-06-16,24.21,177.0,right,Attack,Left Winger,Italy,Italy,34,2125,2,9,276,Hellas Verona,2178,1300000.0,5500000.0,0.998,1.0,0.993,same_club
1998,Francesco Cassata,ITA,2019-20,Genoa,D M S,24,1459,2,2,0,13,9,1.16,1.16,0.816,4.947,3.14,9,2,301236,Francesco Cassata,1997-07-16,22.13,183.0,right,Midfield,Central Midfield,Italy,Italy,24,1468,2,0,252,Genoa CFC,1675,3500000.0,2400000.0,0.998,1.0,0.994,same_club
2244,Danilo,ITA,2019-20,Juventus,D S,22,1438,2,2,0,14,15,0.97,0.97,0.885,7.36,5.983,2,1,145707,Danilo,1991-07-15,28.13,184.0,right,Defender,Centre-Back,Brazil,Brazil,22,1441,2,0,506,Juventus FC,2152,20000000.0,16000000.0,0.999,1.0,0.998,same_club
2303,Samu Castillejo,ITA,2019-20,AC Milan,F M S,22,1220,2,2,3,31,43,4.449,4.449,4.004,9.089,2.442,3,0,195171,Samu Castillejo,1995-01-18,24.62,182.0,left,Attack,Right Winger,Spain,Spain,22,1216,2,3,5,AC Milan,1479,18000000.0,11000000.0,0.999,1.0,0.997,same_club
3951,Kevin Bonifazi,ITA,2019-20,"SPAL 2013,Torino",D S,17,1445,2,2,0,8,2,1.235,1.235,0.105,2.506,2.394,2,0,247377,Kevin Bonifazi,1996-05-19,23.29,187.0,right,Defender,Centre-Back,Italy,Italy,17,1440,2,0,"416,2722","Torino FC,SPAL",1760,5500000.0,4000000.0,0.999,1.0,0.997,same_club
4733,José Luis Palomino,ITA,2019-20,Atalanta,D S,30,2480,2,2,1,16,6,3.241,3.241,1.392,10.06,8.822,5,0,125020,José Luis Palomino,1990-01-05,29.65,188.0,left,Defender,Centre-Back,Argentina,Argentina,30,2483,2,1,800,Atalanta BC,3066,10000000.0,8000000.0,1.0,1.0,0.999,same_club
4906,Alberto Cerri,ITA,2019-20,"Cagliari,SPAL 2013",F S,19,652,2,2,0,18,9,1.742,1.742,0.659,3.027,1.115,2,0,197751,Alberto Cerri,1996-04-16,23.38,194.0,right,Attack,Centre-Forward,Italy,Italy,19,656,2,0,"1390,2722","Cagliari Calcio,SPAL",830,6000000.0,3500000.0,0.998,1.0,0.994,same_club
4939,Alessandro Bastoni,ITA,2019-20,Inter,D S,25,1923,2,2,0,8,12,1.333,1.333,0.74,9.133,7.914,7,1,315853,Alessandro Bastoni,1999-04-13,20.39,190.0,left,Defender,Centre-Back,Italy,Italy,25,1922,2,0,46,Inter Milan,2560,15000000.0,31500000.0,1.0,1.0,0.999,same_club
6176,Adam Marusic,ITA,2019-20,Lazio,D S,15,939,2,2,1,11,7,1.805,1.805,0.657,3.79,1.976,3,0,239802,Adam Marusic,1992-10-17,26.87,185.0,right,Defender,Right-Back,Montenegro,Yugoslavia (Republic),15,939,2,1,398,Società Sportiva Lazio S.p.A.,939,7000000.0,5500000.0,1.0,1.0,1.0,same_club
6208,Antonin Barak,ITA,2019-20,"Lecce,Udinese",M S,24,1546,2,2,1,38,21,3.646,3.646,1.743,8.123,3.14,1,0,272261,Antonín Barák,1994-12-03,24.74,190.0,left,Midfield,Attacking Midfield,Czech Republic,Czech Republic,24,1558,2,1,"410,1005","Udinese Calcio,US Lecce",1739,12000000.0,8000000.0,0.998,1.0,0.992,same_club
6841,Ken Sema,ITA,2019-20,Udinese,D M S,32,2484,2,2,1,17,39,0.587,0.587,4.253,7.627,4.527,6,0,252345,Ken Sema,1993-09-30,25.92,180.0,left,Defender,Left-Back,Sweden,Sweden,32,2467,2,1,410,Udinese Calcio,2529,3500000.0,4000000.0,0.998,1.0,0.993,same_club
6989,Simone Iacoponi,ITA,2019-20,Parma Calcio 1913,D S,36,3051,2,2,0,9,2,1.16,1.16,0.065,4.799,4.104,7,0,59699,Simone Iacoponi,1987-04-30,32.34,180.0,right,Defender,Centre-Back,Italy,Italy,36,3054,2,0,130,Parma Calcio 1913,3170,1000000.0,1200000.0,1.0,1.0,0.999,same_club
7500,Giacomo Raspadori,ITA,2019-20,Sassuolo,F M S,11,249,2,2,0,11,5,1.305,1.305,0.202,1.798,0.406,0,0,405885,Giacomo Raspadori,2000-02-18,19.53,172.0,right,Attack,Second Striker,Italy,Italy,11,257,2,0,6574,US Sassuolo,352,500000.0,625000.0,0.991,1.0,0.969,same_club
7935,Lasse Schöne,ITA,2019-20,Genoa,M S,32,2450,2,2,3,35,41,3.535,2.773,3.845,8.915,4.614,5,0,34784,Lasse Schöne,1986-05-27,33.26,178.0,right,Midfield,Defensive Midfield,Denmark,Denmark,32,2433,2,3,252,Genoa CFC,2649,3000000.0,2000000.0,0.998,1.0,0.993,same_club
7950,Mert Müldür,ITA,2019-20,Sassuolo,D S,24,1262,2,2,1,13,10,0.861,0.861,0.46,5.389,4.529,4,0,353922,Mert Müldür,1999-04-03,20.41,184.0,right,Defender,Right-Back,Türkiye,Austria,24,1270,2,3,6574,US Sassuolo,1360,3000000.0,4500000.0,0.998,1.0,0.994,same_club
7953,Nahitan Nández,ITA,2019-20,Cagliari,D M S,35,2901,2,2,3,26,36,1.774,1.774,4.507,12.519,8.009,14,0,315063,Nahitan Nández,1995-12-28,23.68,172.0,right,Midfield,Right Midfield,Uruguay,Uruguay,35,2901,2,4,1390,Cagliari Calcio,3002,18000000.0,21000000.0,1.0,1.0,1.0,same_club
7959,Nikolas Spalek,ITA,2019-20,Brescia,F M S,25,1615,2,2,1,25,18,3.31,3.31,2.18,5.761,1.785,5,0,243239,Nikolas Spalek,1997-02-12,22.55,171.0,right,Attack,Right Winger,Slovakia,Slovakia,25,1589,2,1,19,Brescia Calcio,1709,2500000.0,2000000.0,0.995,1.0,0.984,same_club
7962,Jaromir Zmrhal,ITA,2019-20,Brescia,M S,21,1108,2,2,0,14,9,1.583,1.583,0.47,2.962,1.265,0,0,235413,Jaromir Zmrhal,1993-08-02,26.08,189.0,left,Midfield,Left Midfield,Czech Republic,Czech Republic,21,1122,2,0,19,Brescia Calcio,1199,3250000.0,2400000.0,0.996,1.0,0.988,same_club
7972,Andrea La Mantia,ITA,2019-20,Lecce,F M S,12,541,2,2,0,21,7,3.506,3.506,0.671,4.666,0.624,1,0,134983,Andrea La Mantia,1991-05-06,28.32,190.0,right,Attack,Centre-Forward,Italy,Italy,12,551,2,0,1005,US Lecce,620,2500000.0,2000000.0,0.995,1.0,0.982,same_club
193,Giulio Donati,ITA,2019-20,Lecce,D,20,1766,1,1,0,9,24,0.255,0.255,1.937,5.808,4.837,4,0,88684,Giulio Donati,1990-02-05,29.57,178.0,right,Defender,Right-Back,Italy,Italy,20,1762,1,0,1005,US Lecce,1762,1500000.0,800000.0,0.999,1.0,0.998,same_club
257,Jeremy Toljan,ITA,2019-20,Sassuolo,D S,29,2192,1,1,2,8,28,0.639,0.639,2.454,7.365,6.213,8,0,129674,Jeremy Toljan,1994-08-08,25.07,182.0,right,Defender,Right-Back,Germany,Germany,29,2187,1,2,6574,US Sassuolo,2277,3000000.0,3500000.0,0.999,1.0,0.998,same_club
393,Douglas Costa,ITA,2019-20,Juventus,F M S,23,770,1,1,4,18,30,0.657,0.657,4.144,6.053,3.415,1,0,75615,Douglas Costa,1990-09-14,28.96,172.0,left,Attack,Right Winger,Brazil,Brazil,23,792,1,5,506,Juventus FC,1084,38000000.0,24000000.0,0.992,1.0,0.972,same_club
542,Pedro Obiang,ITA,2019-20,Sassuolo,M S,25,1660,1,1,1,22,16,1.551,1.551,0.842,7.155,5.688,10,0,101213,Pedro Obiang,1992-03-27,27.43,186.0,right,Midfield,Central Midfield,Equatorial Guinea,Spain,25,1669,1,1,6574,US Sassuolo,1849,7000000.0,5500000.0,0.998,1.0,0.995,same_club
557,Matteo Darmian,ITA,2019-20,Parma Calcio 1913,D M S,33,2681,1,1,1,8,12,0.883,0.883,0.885,6.121,5.015,6,0,54906,Matteo Darmian,1989-12-02,29.75,183.0,right,Defender,Right-Back,Italy,Italy,33,2685,1,1,130,Parma Calcio 1913,2686,10000000.0,6500000.0,1.0,1.0,0.999,same_club
646,Christian Eriksen,ITA,2019-20,Inter,M S,17,699,1,1,2,24,22,2.946,2.946,2.652,7.065,3.541,0,0,69633,Christian Eriksen,1992-02-14,27.55,182.0,right,Midfield,Attacking Midfield,Denmark,Denmark,17,701,1,2,46,Inter Milan,2644,100000000.0,68000000.0,0.995,1.0,0.984,same_club
646,Christian Eriksen,ITA,2019-20,Inter,M S,17,699,1,1,2,24,22,2.946,2.946,2.652,7.065,3.541,0,0,69633,Christian Eriksen,1992-02-14,27.55,182.0,right,Midfield,Attacking Midfield,Denmark,Denmark,17,701,1,2,46,Inter Milan,2644,100000000.0,68000000.0,0.999,1.0,0.997,same_club
1000,Federico Fazio,ITA,2019-20,Roma,D S,16,1218,1,1,0,4,1,0.334,0.334,0.063,6.161,6.161,2,1,45314,Federico Fazio,1987-03-17,32.46,195.0,right,Defender,Centre-Back,Argentina,Argentina,16,1214,1,0,12,Associazione Sportiva Roma,1765,6000000.0,3200000.0,0.999,1.0,0.997,same_club
1096,Armando Izzo,ITA,2019-20,Torino,D S,31,2690,1,1,0,12,16,0.681,0.681,0.918,7.347,6.706,5,2,32113,Armando Izzo,1992-03-02,27.5,183.0,right,Defender,Centre-Back,Italy,Italy,31,2689,1,0,416,Torino FC,3207,20000000.0,16000000.0,1.0,1.0,1.0,same_club
1099,Tomás Rincón,ITA,2019-20,Torino,M S,32,2718,1,1,3,16,28,1.144,1.144,1.218,7.957,6.426,10,0,75942,Tomás Rincón,1988-01-13,31.63,175.0,right,Midfield,Defensive Midfield,Venezuela,Venezuela,32,2706,1,4,416,Torino FC,3107,8000000.0,5500000.0,0.999,1.0,0.996,same_club
1119,Alessio Romagnoli,ITA,2019-20,AC Milan,D,35,3091,1,1,0,15,11,1.256,1.256,1.758,10.243,9.948,4,0,197747,Alessio Romagnoli,1995-01-12,24.64,185.0,left,Defender,Centre-Back,Italy,Italy,35,3092,1,0,5,AC Milan,3482,50000000.0,36000000.0,1.0,1.0,1.0,same_club
1129,Suso,ITA,2019-20,AC Milan,F M S,16,1363,1,1,2,31,42,1.068,1.068,3.784,6.322,3.553,2,0,111961,Suso,1993-11-19,25.78,177.0,left,Midfield,Attacking Midfield,Spain,Spain,16,1361,1,2,5,AC Milan,2636,40000000.0,17500000.0,1.0,1.0,0.999,same_club
1129,Suso,ITA,2019-20,AC Milan,F M S,16,1363,1,1,2,31,42,1.068,1.068,3.784,6.322,3.553,2,0,111961,Suso,1993-11-19,25.78,177.0,left,Midfield,Attacking Midfield,Spain,Spain,16,1361,1,2,5,AC Milan,2636,40000000.0,17500000.0,1.0,1.0,0.999,same_club
1133,Cristian Zapata,ITA,2019-20,Genoa,D S,20,1712,1,1,0,12,6,0.667,0.667,0.91,3.6,3.519,4,0,34344,Cristian Zapata,1986-09-30,32.92,187.0,right,Defender,Centre-Back,Colombia,Colombia,20,1717,1,0,252,Genoa CFC,1860,2000000.0,1600000.0,0.999,1.0,0.997,same_club
1142,Samir,ITA,2019-20,Udinese,D S,21,1540,1,1,0,5,5,1.066,1.066,0.328,2.038,1.835,3,0,255744,Samir Caetano,1994-12-05,24.74,184.0,left,Defender,Centre-Back,Brazil,Brazil,21,1542,1,0,410,Udinese Calcio,1632,6000000.0,4000000.0,0.97,0.95,0.999,same_club
1168,Bryan Cristante,ITA,2019-20,Roma,D M S,26,1601,1,1,3,29,20,1.338,1.338,1.35,11.038,9.504,7,1,199248,Bryan Cristante,1995-03-03,24.5,186.0,right,Midfield,Defensive Midfield,Italy,Italy,26,1613,1,3,12,Associazione Sportiva Roma,2217,25000000.0,20000000.0,0.998,1.0,0.993,same_club
1183,Marco Benassi,ITA,2019-20,Fiorentina,M S,18,965,1,1,1,20,16,1.045,1.045,1.388,3.402,1.371,1,0,201040,Marco Benassi,1994-09-08,24.98,184.0,right,Midfield,Central Midfield,Italy,Italy,18,977,1,1,430,ACF Fiorentina,1321,20000000.0,11000000.0,0.996,1.0,0.988,same_club
1206,Danilo Cataldi,ITA,2019-20,Lazio,M S,21,552,1,1,0,10,12,0.4,0.4,0.769,2.467,2.266,3,0,199733,Danilo Cataldi,1994-08-06,25.07,180.0,right,Midfield,Defensive Midfield,Italy,Italy,21,578,1,0,398,Società Sportiva Lazio S.p.A.,926,4000000.0,3200000.0,0.987,1.0,0.955,same_club
1207,Marco Parolo,ITA,2019-20,Lazio,M S,29,1693,1,1,0,17,8,0.872,0.872,0.377,3.776,2.91,8,0,84545,Marco Parolo,1985-01-25,34.6,184.0,right,Midfield,Central Midfield,Italy,Italy,29,1692,1,0,398,Società Sportiva Lazio S.p.A.,2346,3000000.0,1600000.0,1.0,1.0,0.999,same_club
1264,Edoardo Goldaniga,ITA,2019-20,Genoa,D S,13,772,1,1,0,6,6,1.507,1.507,0.36,1.316,1.04,4,0,242940,Edoardo Goldaniga,1993-11-02,25.83,193.0,right,Defender,Centre-Back,Italy,Italy,13,783,1,0,252,Genoa CFC,903,2000000.0,1600000.0,0.996,1.0,0.986,same_club
1289,Alex Sandro,ITA,2019-20,Juventus,D S,29,2385,1,1,3,16,34,0.677,0.677,2.541,11.94,10.264,4,0,79960,Alex Sandro,1991-01-26,28.6,180.0,left,Defender,Left-Back,Brazil,Brazil,29,2386,1,3,506,Juventus FC,3466,45000000.0,40000000.0,1.0,1.0,1.0,same_club
1296,Stefano Sturaro,ITA,2019-20,Genoa,D F M S,16,1259,1,1,2,18,11,2.033,2.033,1.35,4.491,1.509,7,0,167859,Stefano Sturaro,1993-03-09,26.48,181.0,right,Midfield,Central Midfield,Italy,Italy,16,1250,1,4,252,Genoa CFC,1285,10000000.0,8000000.0,0.998,1.0,0.993,same_club
1375,Elseid Hysaj,ITA,2019-20,Napoli,D S,20,1485,1,1,2,5,21,0.228,0.228,1.665,6.82,6.029,3,0,200056,Elseid Hysaj,1994-02-02,25.58,182.0,right,Defender,Right-Back,Albania,Albania,20,1485,1,2,6195,SSC Napoli,1693,23000000.0,13000000.0,1.0,1.0,1.0,same_club
1377,Nikola Maksimovic,ITA,2019-20,Napoli,D S,22,1800,1,1,1,4,9,0.601,0.601,0.551,5.381,5.347,2,0,124715,Nikola Maksimović,1991-11-25,27.77,193.0,right,Defender,Centre-Back,Serbia,Jugoslawien (SFR),22,1798,1,1,6195,SSC Napoli,2338,17000000.0,13500000.0,1.0,1.0,0.999,same_club
1380,Amadou Diawara,ITA,2019-20,Roma,M S,22,1533,1,0,1,10,16,0.972,0.211,0.464,7.107,6.651,4,0,355501,Amadou Diawara,1997-07-17,22.12,183.0,right,Midfield,Defensive Midfield,Guinea,Guinea,22,1523,1,1,12,Associazione Sportiva Roma,2137,15000000.0,18500000.0,0.998,1.0,0.993,same_club
1390,Marko Rog,ITA,2019-20,Cagliari,M S,30,2345,1,1,1,30,31,1.842,1.842,1.774,8.123,5.511,10,0,317482,Marko Rog,1995-07-19,24.12,180.0,right,Midfield,Central Midfield,Croatia,Croatia,30,2329,1,1,1390,Cagliari Calcio,2444,6000000.0,12000000.0,0.998,1.0,0.993,same_club
1397,Fabio Pisacane,ITA,2019-20,Cagliari,D M S,30,2455,1,1,0,7,4,0.834,0.834,0.176,4.005,3.915,6,1,101922,Fabio Pisacane,1986-01-28,33.59,178.0,right,Defender,Centre-Back,Italy,Italy,30,2445,1,0,1390,Cagliari Calcio,2541,700000.0,1200000.0,0.999,1.0,0.996,same_club
1409,Nicolò Barella,ITA,2019-20,Inter,M S,27,2018,1,1,4,24,23,1.701,1.701,2.067,11.318,8.646,11,0,255942,Nicolò Barella,1997-02-07,22.56,175.0,right,Midfield,Central Midfield,Italy,Italy,27,2013,1,5,46,Inter Milan,3085,36000000.0,36000000.0,0.999,1.0,0.998,same_club
1424,Federico Bernardeschi,ITA,2019-20,Juventus,F M S,29,1591,1,1,1,50,35,4.681,4.681,3.653,10.563,4.679,6,0,197300,Federico Bernardeschi,1994-02-16,25.54,183.0,left,Attack,Right Winger,Italy,Italy,29,1575,1,1,506,Juventus FC,1971,45000000.0,28000000.0,0.997,1.0,0.99,same_club
1430,Milan Badelj,ITA,2019-20,Fiorentina,M S,22,1608,1,1,0,15,21,0.928,0.928,0.844,5.609,4.174,1,1,40633,Milan Badelj,1989-02-25,30.51,186.0,right,Midfield,Defensive Midfield,Croatia,Jugoslawien (SFR),22,1593,1,0,430,ACF Fiorentina,1739,9000000.0,2400000.0,0.997,1.0,0.991,same_club
1444,Blerim Dzemaili,ITA,2019-20,Bologna,M S,14,697,1,1,1,16,20,0.457,0.457,1.589,3.595,2.452,2,0,9967,Blerim Dzemaili,1986-04-12,33.39,180.0,right,Midfield,Central Midfield,Switzerland,Jugoslawien (SFR),14,696,1,1,1025,Bologna Football Club 1909,696,1000000.0,800000.0,1.0,1.0,0.999,same_club
1446,Sergio Floccari,ITA,2019-20,SPAL 2013,F S,24,920,1,1,0,18,9,1.048,1.048,0.479,2.096,0.92,3,0,30638,Sergio Floccari,1981-11-12,37.8,180.0,right,Attack,Centre-Forward,Italy,Italy,24,929,1,0,2722,SPAL,1107,300000.0,300000.0,0.997,1.0,0.99,same_club
1447,Ladislav Krejci,ITA,2019-20,Bologna,D S,14,1041,1,1,0,3,9,0.593,0.593,1.475,3.618,2.724,1,0,140206,Ladislav Krejci,1992-07-05,27.16,179.0,left,Midfield,Left Midfield,Czech Republic,CSSR,14,1051,1,0,1025,Bologna Football Club 1909,1119,2750000.0,2200000.0,0.997,1.0,0.99,same_club
1500,Leonardo Spinazzola,ITA,2019-20,Roma,D S,24,1551,1,1,2,14,22,1.145,1.145,3.873,6.774,4.168,2,0,118689,Leonardo Spinazzola,1993-03-25,26.44,186.0,right,Defender,Left-Back,Italy,Italy,24,1548,1,3,12,Associazione Sportiva Roma,2161,15000000.0,14500000.0,0.999,1.0,0.998,same_club
1504,Alberto Grassi,ITA,2019-20,Parma Calcio 1913,M S,16,620,1,1,1,8,5,0.296,0.296,0.246,0.725,0.411,6,0,197473,Alberto Grassi,1995-03-07,24.49,183.0,right,Midfield,Defensive Midfield,Italy,Italy,16,637,1,2,130,Parma Calcio 1913,660,7000000.0,5500000.0,0.992,1.0,0.973,same_club
1537,Sasa Lukic,ITA,2019-20,Torino,M S,30,1843,1,1,0,17,13,1.272,1.272,0.491,5.053,3.531,5,1,245056,Saša Lukić,1996-08-13,23.05,182.0,right,Midfield,Central Midfield,Serbia,Yugoslavia (Republic),30,1857,1,0,416,Torino FC,2280,4000000.0,3200000.0,0.998,1.0,0.992,same_club
1542,Stefan Radu,ITA,2019-20,Lazio,D S,29,2333,1,1,0,4,13,0.093,0.093,0.537,7.944,7.394,8,0,44420,Stefan Radu,1986-10-22,32.86,183.0,left,Defender,Left-Back,Romania,Romania,29,2315,1,0,398,Società Sportiva Lazio S.p.A.,2475,5000000.0,4000000.0,0.998,1.0,0.992,same_club
1574,Davide Calabria,ITA,2019-20,AC Milan,D S,25,1627,1,1,1,13,13,0.498,0.498,0.712,5.596,4.906,2,2,262523,Davide Calabria,1996-12-06,22.74,176.0,right,Defender,Right-Back,Italy,Italy,25,1623,1,1,5,AC Milan,1801,20000000.0,9500000.0,0.999,1.0,0.998,same_club
1576,Giorgio Chiellini,ITA,2019-20,Juventus,D S,4,205,1,1,0,1,0,0.528,0.528,0.0,1.659,1.659,0,0,29260,Giorgio Chiellini,1984-08-14,35.05,187.0,left,Defender,Centre-Back,Italy,Italy,4,201,1,0,506,Juventus FC,201,7500000.0,4000000.0,0.994,1.0,0.98,same_club
1595,Bastos,ITA,2019-20,Lazio,D S,16,752,1,1,0,7,0,0.662,0.662,0.0,2.587,2.472,4,0,195810,Bastos,1991-03-27,28.43,184.0,right,Defender,Centre-Back,Angola,Angola,16,756,1,0,398,Società Sportiva Lazio S.p.A.,1286,4000000.0,3200000.0,0.998,1.0,0.995,same_club
1603,Simone Missiroli,ITA,2019-20,SPAL 2013,M S,34,2794,1,1,0,12,18,0.631,0.631,1.145,6.658,5.127,7,0,35747,Simone Missiroli,1986-05-23,33.28,191.0,right,Midfield,Central Midfield,Italy,Italy,34,2799,1,2,2722,SPAL,2979,2000000.0,1200000.0,0.999,1.0,0.998,same_club
1634,Alessandro Deiola,ITA,2019-20,"Cagliari,Lecce",M S,11,709,1,1,1,9,8,0.31,0.31,0.277,1.718,1.317,3,0,235931,Alessandro Deiola,1995-08-01,24.08,190.0,right,Midfield,Central Midfield,Italy,Italy,11,719,1,1,"1005,1390","US Lecce,Cagliari Calcio",809,1200000.0,950000.0,0.996,1.0,0.986,same_club
1819,Kevin-Prince Boateng,ITA,2019-20,Fiorentina,F S,14,591,1,1,0,18,7,1.138,1.138,0.296,2.351,1.207,2,0,16922,Kevin-Prince Boateng,1987-03-06,32.49,186.0,right,Midfield,Attacking Midfield,Ghana,Germany,14,596,1,0,430,ACF Fiorentina,1285,7000000.0,3200000.0,0.997,1.0,0.992,same_club
1849,Rômulo,ITA,2019-20,"Brescia,Genoa",M S,23,1749,1,1,3,17,17,1.791,1.791,1.391,6.934,4.271,3,0,121756,Rômulo,1987-05-22,32.28,178.0,right,Midfield,Central Midfield,Italy,Brazil,23,1744,1,3,"19,252","Brescia Calcio,Genoa CFC",1755,2500000.0,1000000.0,0.999,1.0,0.997,same_club
1942,Martín Cáceres,ITA,2019-20,Fiorentina,D,27,2357,1,1,0,12,15,1.782,1.782,0.493,6.4,4.719,8,1,54935,Martín Cáceres,1987-04-07,32.4,180.0,right,Defender,Centre-Back,Uruguay,Uruguay,27,2358,1,0,430,ACF Fiorentina,2480,1500000.0,1200000.0,1.0,1.0,1.0,same_club
2010,Simone Edera,ITA,2019-20,Torino,F M S,13,385,1,1,1,15,6,1.307,1.307,0.872,2.095,0.708,2,1,340070,Simone Edera,1997-01-09,22.64,174.0,left,Attack,Right Winger,Italy,Italy,13,394,1,1,416,Torino FC,394,1000000.0,800000.0,0.993,1.0,0.977,same_club
2264,Diego Godín,ITA,2019-20,Inter,D S,23,1632,1,1,1,11,10,0.774,0.774,1.016,6.47,5.616,5,0,54928,Diego Godín,1986-02-16,33.54,187.0,right,Defender,Centre-Back,Uruguay,Uruguay,23,1630,1,1,46,Inter Milan,2800,20000000.0,8000000.0,1.0,1.0,0.999,same_club
3276,Rachid Ghezzal,ITA,2019-20,Fiorentina,F M S,19,817,1,1,0,11,17,0.49,0.49,1.263,3.327,2.366,5,0,118287,Rachid Ghezzal,1992-05-09,27.31,182.0,left,Attack,Right Winger,Algeria,France,19,825,1,0,430,ACF Fiorentina,905,8000000.0,5500000.0,0.997,1.0,0.99,same_club
3291,Adrien Rabiot,ITA,2019-20,Juventus,M S,28,1912,1,1,1,20,14,1.595,1.595,1.638,9.15,6.954,5,1,182913,Adrien Rabiot,1995-04-03,24.41,191.0,left,Midfield,Central Midfield,France,France,28,1915,1,1,506,Juventus FC,2476,35000000.0,25500000.0,1.0,1.0,0.998,same_club
3340,Bryan Dabo,ITA,2019-20,SPAL 2013,M S,16,1127,1,1,4,8,12,0.996,0.996,0.907,3.945,3.036,4,0,149446,Bryan Dabo,1992-02-18,27.53,187.0,right,Midfield,Central Midfield,Burkina Faso,France,16,1124,1,4,2722,SPAL,1210,3500000.0,2000000.0,0.999,1.0,0.997,same_club
3356,Adama Soumaoro,ITA,2019-20,Genoa,D S,8,638,1,1,0,1,2,0.597,0.597,0.064,0.412,0.379,2,0,126673,Adama Soumaoro,1992-06-18,27.2,187.0,right,Defender,Centre-Back,France,France,8,638,1,0,252,Genoa CFC,1141,10000000.0,8000000.0,0.999,1.0,0.995,same_club
3356,Adama Soumaoro,ITA,2019-20,Genoa,D S,8,638,1,1,0,1,2,0.597,0.597,0.064,0.412,0.379,2,0,126673,Adama Soumaoro,1992-06-18,27.2,187.0,right,Defender,Centre-Back,France,France,8,638,1,0,252,Genoa CFC,1141,10000000.0,8000000.0,1.0,1.0,1.0,same_club
3387,Nicolas N&#039;Koulou,ITA,2019-20,Torino,D S,31,2688,1,1,0,10,2,0.73,0.73,0.039,6.662,6.433,3,1,60577,Nicolas N'Koulou,1990-03-27,29.43,184.0,right,Defender,Centre-Back,Cameroon,Cameroon,31,2692,1,0,416,Torino FC,3275,20000000.0,11000000.0,0.97,0.95,0.999,same_club
3857,Andrea Tabanelli,ITA,2019-20,Lecce,M S,13,960,1,1,0,11,5,0.922,0.922,0.134,2.951,2.093,4,0,134369,Andrea Tabanelli,1990-02-02,29.58,192.0,right,Midfield,Central Midfield,Italy,Italy,13,966,1,0,1005,US Lecce,993,600000.0,725000.0,0.998,1.0,0.994,same_club
3893,Lukas Haraslin,ITA,2019-20,Sassuolo,F M S,11,376,1,1,0,10,1,0.764,0.764,0.069,1.503,0.788,1,0,239941,Lukas Haraslin,1996-05-26,23.27,182.0,right,Attack,Left Winger,Slovakia,Slovakia,11,378,1,0,6574,US Sassuolo,554,2000000.0,1600000.0,0.998,1.0,0.995,same_club
4912,Paolo Faragò,ITA,2019-20,Cagliari,D M S,21,1324,1,1,1,13,14,1.743,1.743,0.53,5.648,4.804,3,0,167796,Paolo Faragò,1993-02-12,26.55,187.0,right,Midfield,Central Midfield,Italy,Italy,21,1338,1,1,1390,Cagliari Calcio,1428,5000000.0,4000000.0,0.997,1.0,0.99,same_club
4957,Alessandro Semprini,ITA,2019-20,Brescia,D S,12,618,1,1,0,2,7,0.811,0.811,0.276,1.429,0.458,2,0,315843,Alessandro Semprini,1998-02-24,21.52,183.0,right,Defender,Right-Back,Italy,Italy,12,627,1,0,19,Brescia Calcio,627,200000.0,200000.0,0.996,1.0,0.986,same_club
5246,Diego Demme,ITA,2019-20,Napoli,M S,15,909,1,1,0,4,9,0.475,0.475,0.397,4.804,4.056,6,0,82070,Diego Demme,1991-11-21,27.78,170.0,right,Midfield,Defensive Midfield,Germany,Germany,15,904,1,0,6195,SSC Napoli,3171,17000000.0,13500000.0,0.999,1.0,0.997,same_club
5246,Diego Demme,ITA,2019-20,Napoli,M S,15,909,1,1,0,4,9,0.475,0.475,0.397,4.804,4.056,6,0,82070,Diego Demme,1991-11-21,27.78,170.0,right,Midfield,Defensive Midfield,Germany,Germany,15,904,1,0,6195,SSC Napoli,3171,17000000.0,13500000.0,0.998,1.0,0.994,same_club
5700,Yann Karamoh,ITA,2019-20,Parma Calcio 1913,F M S,14,568,1,1,1,11,11,0.476,0.476,1.224,2.069,0.596,0,0,324804,Yann Karamoh,1998-07-08,21.15,184.0,right,Attack,Left Winger,France,Cote d'Ivoire,14,569,1,1,130,Parma Calcio 1913,583,10000000.0,9000000.0,0.999,1.0,0.998,same_club
5910,Zan Majer,ITA,2019-20,Lecce,M S,27,1663,1,1,1,19,20,1.534,1.534,1.321,6.173,3.769,7,0,180805,Zan Majer,1992-07-25,27.1,180.0,right,Midfield,Central Midfield,Slovenia,Slovenia,27,1669,1,2,1005,US Lecce,1791,600000.0,1600000.0,0.999,1.0,0.996,same_club
6021,Lukas Lerager,ITA,2019-20,Genoa,M S,21,1379,1,1,1,15,11,0.938,0.938,2.007,5.407,3.674,5,0,167105,Lukas Lerager,1993-07-12,26.14,188.0,right,Midfield,Defensive Midfield,Denmark,Denmark,21,1386,1,1,252,Genoa CFC,1476,6000000.0,4000000.0,0.998,1.0,0.995,same_club
6157,Timothy Castagne,ITA,2019-20,Atalanta,D M S,27,1762,1,1,2,17,21,1.976,1.976,2.669,10.487,7.808,4,0,262226,Timothy Castagne,1995-12-05,23.74,185.0,right,Defender,Right-Back,Belgium,Belgium,27,1765,1,3,800,Atalanta BC,2158,18000000.0,16000000.0,0.999,1.0,0.998,same_club
6159,Gianluca Mancini,ITA,2019-20,Roma,D M S,32,2747,1,1,0,21,12,2.842,2.842,0.772,7.155,5.951,14,1,256448,Gianluca Mancini,1996-04-17,23.37,190.0,right,Defender,Centre-Back,Italy,Italy,32,2741,1,1,12,Associazione Sportiva Roma,3520,22000000.0,22500000.0,0.999,1.0,0.998,same_club
6177,Luiz Felipe,ITA,2019-20,Lazio,D S,26,2026,1,1,1,8,4,0.531,0.531,0.486,6.17,5.678,6,0,457931,Luiz Felipe,1997-03-22,22.44,187.0,right,Defender,Centre-Back,Italy,Brazil,26,2029,1,1,398,Società Sportiva Lazio S.p.A.,2360,10000000.0,16000000.0,1.0,1.0,0.999,same_club
6203,Eddie Salcedo,ITA,2019-20,Verona,F M S,17,666,1,1,0,21,8,1.923,1.923,1.669,3.03,0.431,0,0,459661,Eddie Salcedo,2001-10-01,17.92,184.0,right,Attack,Centre-Forward,Italy,Italy,17,677,1,0,276,Hellas Verona,677,2000000.0,8000000.0,0.995,1.0,0.984,same_club
6211,Mehdi Leris,ITA,2019-20,Sampdoria,F M S,15,480,1,1,1,13,10,0.768,0.768,1.127,1.243,0.934,0,0,348601,Mehdi Léris,1998-05-23,21.28,186.0,right,Attack,Right Winger,Algeria,France,15,499,1,1,1038,UC Sampdoria,589,2500000.0,2300000.0,0.989,1.0,0.962,same_club
6262,Jens Stryger Larsen,ITA,2019-20,Udinese,D S,33,2805,1,1,3,12,24,1.228,1.228,2.216,8.114,5.912,5,0,69646,Jens Stryger,1991-02-21,28.53,182.0,right,Defender,Right-Back,Denmark,Denmark,33,2795,1,3,410,Udinese Calcio,2930,4000000.0,2800000.0,0.969,0.95,0.996,same_club
6312,Rogerio,ITA,2019-20,Sassuolo,D S,15,1033,1,1,1,11,12,0.366,0.366,0.665,2.702,2.35,6,0,401527,Rogério,1998-01-13,21.63,178.0,left,Defender,Left-Back,Brazil,Brazil,15,1020,1,1,6574,US Sassuolo,1142,10000000.0,6300000.0,0.996,1.0,0.987,same_club
6324,Marash Kumbulla,ITA,2019-20,Verona,D,25,1965,1,1,0,9,2,1.44,1.44,0.067,2.78,2.713,5,1,371371,Marash Kumbulla,2000-02-08,19.56,191.0,right,Defender,Centre-Back,Albania,Italy,25,1958,1,0,276,Hellas Verona,2078,75000.0,22500000.0,0.999,1.0,0.996,same_club
6387,Luca Gagliano,ITA,2019-20,Cagliari,F S,2,54,1,1,1,2,1,0.646,0.646,0.032,0.677,0.0,0,0,396682,Luca Gagliano,2000-07-14,19.13,182.0,left,Attack,Centre-Forward,Italy,Italy,2,51,1,1,1390,Cagliari Calcio,51,50000.0,200000.0,0.99,1.0,0.967,same_club
6806,Rodrigo Becão,ITA,2019-20,Udinese,D S,29,2210,1,1,1,7,2,0.58,0.58,0.521,5.102,4.334,8,0,410158,Rodrigo Becão,1996-01-19,23.62,191.0,right,Defender,Centre-Back,Brazil,Brazil,29,2212,1,1,410,Udinese Calcio,2236,7000000.0,4800000.0,1.0,1.0,0.999,same_club
6972,Federico Santander,ITA,2019-20,Bologna,F S,24,732,1,0,0,25,13,4.476,3.715,0.826,3.61,1.116,6,0,99180,Federico Santander,1991-06-04,28.24,187.0,right,Attack,Centre-Forward,Paraguay,Paraguay,24,758,1,0,1025,Bologna Football Club 1909,776,6000000.0,4000000.0,0.99,1.0,0.966,same_club
6974,Mattias Svanberg,ITA,2019-20,Bologna,M S,25,1045,1,1,2,38,19,1.997,1.997,1.28,5.506,3.156,2,0,342405,Mattias Svanberg,1999-01-05,20.65,186.0,right,Midfield,Central Midfield,Sweden,Sweden,25,1050,1,1,1025,Bologna Football Club 1909,1154,4000000.0,5000000.0,0.999,1.0,0.995,same_club
6981,Ismael Bennacer,ITA,2019-20,AC Milan,M S,31,2499,1,1,0,15,29,1.055,1.055,1.528,15.132,13.485,14,0,351816,Ismaël Bennacer,1997-12-01,21.75,175.0,left,Midfield,Defensive Midfield,Algeria,France,31,2488,1,0,5,AC Milan,2878,12000000.0,17500000.0,0.999,1.0,0.996,same_club
6990,Antonino Barillà,ITA,2019-20,Parma Calcio 1913,D M S,26,1709,1,1,2,17,15,1.126,1.126,2.08,5.633,3.445,6,0,39828,Antonino Barillà,1988-04-01,31.42,180.0,left,Midfield,Central Midfield,Italy,Italy,26,1693,1,3,130,Parma Calcio 1913,1936,1000000.0,1200000.0,0.997,1.0,0.991,same_club
6993,Mattia Sprocati,ITA,2019-20,Parma Calcio 1913,F S,20,571,1,1,0,14,8,0.65,0.65,0.366,1.03,0.26,0,0,199274,Mattia Sprocati,1993-04-28,26.34,178.0,both,Attack,Right Winger,Italy,Italy,20,574,1,0,130,Parma Calcio 1913,664,1500000.0,1400000.0,0.998,1.0,0.995,same_club
6997,Ignacio Pussetto,ITA,2019-20,Udinese,F M S,12,320,1,1,0,10,8,0.828,0.828,0.357,1.521,0.598,1,0,283528,Ignacio Pussetto,1995-12-21,23.7,180.0,right,Attack,Centre-Forward,Argentina,Argentina,12,334,1,0,410,Udinese Calcio,499,10000000.0,6500000.0,0.937,1.0,0.789,same_club
6997,Ignacio Pussetto,ITA,2019-20,Udinese,F M S,12,320,1,1,0,10,8,0.828,0.828,0.357,1.521,0.598,1,0,283528,Ignacio Pussetto,1995-12-21,23.7,180.0,right,Attack,Centre-Forward,Argentina,Argentina,12,334,1,0,410,Udinese Calcio,499,10000000.0,6500000.0,0.987,1.0,0.958,same_club
7002,Giangiacomo Magnani,ITA,2019-20,"Brescia,Sassuolo",D S,10,245,1,1,0,4,2,0.886,0.886,0.094,0.154,0.06,3,0,310458,Giangiacomo Magnani,1995-10-04,23.91,192.0,right,Defender,Centre-Back,Italy,Italy,10,254,1,0,"19,6574","Brescia Calcio,US Sassuolo",349,5000000.0,3200000.0,0.989,1.0,0.965,same_club
7003,Mehdi Bourabia,ITA,2019-20,Sassuolo,M S,17,911,1,1,2,10,5,0.234,0.234,0.455,4.094,3.89,5,1,131731,Mehdi Bourabia,1991-08-07,28.07,183.0,right,Midfield,Central Midfield,Morocco,France,17,921,1,2,6574,US Sassuolo,1025,4000000.0,2800000.0,0.997,1.0,0.989,same_club
7218,Cristian Romero,ITA,2019-20,Genoa,D,30,2593,1,1,1,15,10,1.01,1.01,0.424,5.638,5.346,13,1,355915,Cristian Romero,1998-04-27,21.35,185.0,right,Defender,Centre-Back,Argentina,Argentina,30,2580,1,2,252,Genoa CFC,2880,15000000.0,13500000.0,0.998,1.0,0.995,same_club
7263,Musa Juwara,ITA,2019-20,Bologna,M S,7,141,1,1,0,6,4,0.296,0.296,0.146,1.331,1.042,1,0,562030,Musa Juwara,2001-12-26,17.68,170.0,left,Attack,Right Winger,The Gambia,The Gambia,7,148,1,0,1025,Bologna Football Club 1909,238,500000.0,800000.0,0.986,1.0,0.953,same_club
7289,Amin Younes,ITA,2019-20,Napoli,M S,9,154,1,1,0,7,5,0.84,0.84,0.755,2.227,1.331,1,0,96167,Amin Younes,1993-08-06,26.07,168.0,right,Attack,Left Winger,,,9,169,1,0,6195,SSC Napoli,180,8000000.0,6000000.0,0.973,1.0,0.911,same_club
7416,Merih Demiral,ITA,2019-20,Juventus,D S,6,415,1,1,1,2,1,0.124,0.124,0.419,1.265,1.265,1,0,340879,Merih Demiral,1998-03-05,21.49,190.0,right,Defender,Centre-Back,Türkiye,Türkiye,6,418,1,1,506,Juventus FC,598,15000000.0,27000000.0,0.998,1.0,0.993,same_club
7417,Christian Oliva,ITA,2019-20,Cagliari,M S,11,461,1,1,1,3,2,0.134,0.134,0.169,1.478,1.175,1,0,563812,Christian Oliva,1996-06-01,23.25,178.0,right,Midfield,Defensive Midfield,Uruguay,Uruguay,11,463,1,1,1390,Cagliari Calcio,643,5000000.0,4000000.0,0.999,1.0,0.996,same_club
7472,Wilfried Stephane Singo,ITA,2019-20,Torino,D S,4,127,1,1,0,2,3,0.125,0.125,0.102,0.979,0.795,0,0,648779,Wilfried Singo,2000-12-25,18.68,182.0,right,Defender,Right-Back,Cote d'Ivoire,Cote d'Ivoire,4,131,1,0,416,Torino FC,150,125000.0,150000.0,0.961,0.95,0.969,same_club
7609,Carles Pérez,ITA,2019-20,Roma,M S,14,553,1,1,3,21,10,1.226,1.226,1.414,4.881,3.715,2,0,282810,Carles Pérez,1998-02-16,21.54,173.0,left,Attack,Right Winger,Spain,Spain,14,563,1,3,12,Associazione Sportiva Roma,1386,1500000.0,9000000.0,0.996,1.0,0.985,same_club
7609,Carles Pérez,ITA,2019-20,Roma,M S,14,553,1,1,3,21,10,1.226,1.226,1.414,4.881,3.715,2,0,282810,Carles Pérez,1998-02-16,21.54,173.0,left,Attack,Right Winger,Spain,Spain,14,563,1,3,12,Associazione Sportiva Roma,1386,1500000.0,9000000.0,0.995,1.0,0.982,same_club
7912,Eljif Elmas,ITA,2019-20,Napoli,F M S,26,1110,1,1,1,23,15,2.125,2.125,1.158,4.687,2.669,7,0,400489,Eljif Elmas,1999-09-24,19.94,184.0,right,Midfield,Attacking Midfield,North Macedonia,Macedonia,26,1128,1,1,6195,SSC Napoli,1499,10000000.0,15500000.0,0.995,1.0,0.984,same_club
7923,Pawel Dawidowicz,ITA,2019-20,Verona,D S,15,692,1,1,0,4,0,0.535,0.535,0.0,2.106,2.106,2,2,248732,Paweł Dawidowicz,1995-05-20,24.28,189.0,both,Defender,Centre-Back,Poland,Poland,15,690,1,0,276,Hellas Verona,690,2000000.0,1600000.0,0.98,0.968,0.997,same_club
7927,Sofyan Amrabat,ITA,2019-20,Verona,M S,34,2940,1,0,1,19,29,2.142,1.381,2.273,9.348,6.553,10,2,287579,Sofyan Amrabat,1996-08-21,23.03,185.0,right,Midfield,Defensive Midfield,Morocco,Netherlands,34,2928,1,2,276,Hellas Verona,3009,3000000.0,14500000.0,0.999,1.0,0.996,same_club
7931,Takehiro Tomiyasu,ITA,2019-20,Bologna,D,29,2538,1,1,3,19,18,1.088,1.088,1.658,8.024,6.781,8,0,331560,Takehiro Tomiyasu,1998-11-05,20.82,187.0,right,Defender,Centre-Back,Japan,Japan,29,2532,1,3,1025,Bologna Football Club 1909,2622,9000000.0,13500000.0,0.999,1.0,0.998,same_club
7932,Stefano Denswil,ITA,2019-20,Bologna,D S,26,2243,1,1,1,11,9,1.192,1.192,0.435,5.303,5.096,5,1,182923,Stefano Denswil,1993-05-07,26.32,188.0,left,Defender,Centre-Back,Suriname,Netherlands,26,2241,0,1,1025,Bologna Football Club 1909,2421,6000000.0,4800000.0,0.966,1.0,0.999,same_club
7934,Andreas Skov Olsen,ITA,2019-20,Bologna,M S,26,727,1,1,0,20,8,1.962,1.962,0.327,3.45,1.503,2,0,432982,Andreas Skov Olsen,1999-12-29,19.67,187.0,left,Attack,Right Winger,Denmark,Denmark,26,748,1,0,1025,Bologna Football Club 1909,748,8000000.0,6700000.0,0.992,1.0,0.972,same_club
7937,Julian Chabot,ITA,2019-20,Sampdoria,D S,8,566,1,1,0,1,0,0.051,0.051,0.0,1.255,1.255,1,1,303219,Jeff Chabot,1998-02-12,21.55,195.0,left,Defender,Centre-Back,Germany,Germany,8,570,1,0,1038,UC Sampdoria,660,3500000.0,3200000.0,0.968,0.95,0.993,same_club
7939,Morten Thorsby,ITA,2019-20,Sampdoria,D M S,24,1882,1,1,1,18,20,1.702,1.702,0.933,4.571,3.686,7,1,226524,Morten Thorsby,1996-05-05,23.32,188.0,right,Midfield,Central Midfield,Norway,Norway,24,1867,1,1,1038,UC Sampdoria,1957,2500000.0,2000000.0,0.998,1.0,0.992,same_club
7942,Bobby Adekanye,ITA,2019-20,Lazio,S,11,159,1,1,0,5,3,1.598,1.598,0.202,2.155,0.943,1,0,331514,Bobby Adekanye,1999-02-14,20.54,175.0,left,Attack,Right Winger,Netherlands,Nigeria,11,179,1,0,398,Società Sportiva Lazio S.p.A.,366,600000.0,525000.0,0.966,1.0,0.888,same_club
7944,Gabriel Strefezza,ITA,2019-20,SPAL 2013,D F M S,32,2117,1,1,2,53,26,2.386,2.386,1.982,6.916,3.142,7,1,457673,Gabriel Strefezza,1997-04-18,22.37,168.0,right,Attack,Right Winger,Brazil,Brazil,32,2114,1,2,2722,SPAL,2204,300000.0,2000000.0,1.0,1.0,0.999,same_club
7954,Daniele Ragatzu,ITA,2019-20,Cagliari,F M S,13,290,1,1,0,9,8,0.78,0.78,0.483,1.57,0.641,1,0,66360,Daniele Ragatzu,1991-09-21,27.95,172.0,right,Attack,Second Striker,Italy,Italy,13,304,1,0,1390,Cagliari Calcio,393,400000.0,325000.0,0.986,1.0,0.954,same_club
7956,Andrea Cistana,ITA,2019-20,Brescia,D,21,1838,1,1,0,6,3,0.338,0.338,0.164,2.151,2.123,7,1,337381,Andrea Cistana,1997-04-01,22.42,185.0,right,Defender,Centre-Back,Italy,Italy,21,1840,1,0,19,Brescia Calcio,1840,2500000.0,6500000.0,1.0,1.0,0.999,same_club
7957,Dimitri Bisoli,ITA,2019-20,Brescia,M S,25,2156,1,1,1,25,19,2.54,2.54,2.394,5.015,2.484,6,0,163216,Dimitri Bisoli,1994-03-25,25.44,180.0,right,Midfield,Central Midfield,Italy,Italy,25,2155,1,1,19,Brescia Calcio,2275,3500000.0,2800000.0,1.0,1.0,1.0,same_club
7958,Sandro Tonali,ITA,2019-20,Brescia,M S,35,3034,1,1,7,28,67,0.94,0.94,6.356,8.699,7.522,9,0,397033,Sandro Tonali,2000-05-08,19.32,181.0,right,Midfield,Defensive Midfield,Italy,Italy,35,3018,1,7,19,Brescia Calcio,3109,25000000.0,31500000.0,0.998,1.0,0.995,same_club
7969,Sebastiano Esposito,ITA,2019-20,Inter,F S,7,191,1,0,0,11,4,1.77,1.009,0.199,1.095,0.035,1,0,538918,Sebastiano Esposito,2002-07-02,17.17,183.0,right,Attack,Second Striker,Italy,Italy,7,194,1,0,46,Inter Milan,301,,9000000.0,0.995,1.0,0.985,same_club
7977,Evgen Shakhov,ITA,2019-20,Lecce,F M S,24,1074,1,1,2,14,13,1.03,1.03,2.038,5.77,3.979,3,0,58970,Yevgen Shakhov,1990-11-30,28.75,189.0,right,Midfield,Central Midfield,Ukraine,UdSSR,24,1079,1,3,1005,US Lecce,1079,2000000.0,1600000.0,0.969,0.95,0.995,same_club
8010,Kevin Agudelo,ITA,2019-20,"Fiorentina,Genoa",F M S,13,730,1,1,1,14,14,1.299,1.299,1.738,5.557,2.834,3,1,587458,Kevin Agudelo,1998-11-14,20.8,178.0,left,Midfield,Attacking Midfield,Colombia,Colombia,13,730,1,1,"252,430","Genoa CFC,ACF Fiorentina",891,250000.0,2700000.0,1.0,1.0,1.0,same_club
8059,Biagio Meccariello,ITA,2019-20,Lecce,D S,14,758,1,1,0,5,5,0.199,0.199,0.116,2.778,2.625,2,0,124002,Biagio Meccariello,1991-03-27,28.43,187.0,right,Defender,Centre-Back,Italy,Italy,14,766,1,0,1005,US Lecce,766,600000.0,550000.0,0.997,1.0,0.99,same_club
8127,Amad Diallo Traore,ITA,2019-20,Atalanta,S,3,17,1,1,0,1,1,0.045,0.045,0.074,0.16,0.115,0,0,536835,Amad Diallo,2002-07-11,17.14,173.0,left,Attack,Right Winger,Cote d'Ivoire,Cote d'Ivoire,3,24,1,0,800,Atalanta BC,24,,,0.947,0.95,0.922,same_club
8289,Gastón Pereiro,ITA,2019-20,Cagliari,F M S,10,337,1,1,0,14,2,0.621,0.621,0.132,1.213,0.721,3,0,264116,Gastón Pereiro,1995-06-11,24.22,188.0,left,Midfield,Attacking Midfield,Uruguay,Uruguay,10,345,1,0,1390,Cagliari Calcio,691,12000000.0,8000000.0,0.993,1.0,0.977,same_club
8297,Alexis Saelemaekers,ITA,2019-20,AC Milan,M S,13,677,1,1,0,9,7,0.645,0.645,0.563,3.986,3.004,2,1,381950,Alexis Saelemaekers,1999-06-27,20.18,180.0,right,Midfield,Right Midfield,Belgium,Belgium,13,682,1,1,5,AC Milan,1862,3500000.0,6300000.0,0.998,1.0,0.993,same_club
8309,Kristoffer Askildsen,ITA,2019-20,Sampdoria,S,4,62,1,1,0,1,2,0.011,0.011,0.149,0.296,0.136,0,1,574495,Kristoffer Askildsen,2001-01-09,18.64,190.0,right,Midfield,Central Midfield,Norway,Norway,4,73,1,0,1038,UC Sampdoria,73,,1000000.0,0.963,1.0,0.878,same_club
8387,Andrea Papetti,ITA,2019-20,Brescia,D S,11,920,1,1,0,2,1,0.075,0.075,0.07,0.636,0.566,5,0,503619,Andrea Papetti,2002-07-03,17.16,186.0,right,Defender,Centre-Back,Italy,Italy,11,917,1,0,19,Brescia Calcio,917,,500000.0,0.999,1.0,0.997,same_club
265,Ragnar Klavan,ITA,2019-20,Cagliari,D S,31,2350,0,0,0,4,5,0.187,0.187,0.655,4.581,4.19,4,0,26669,Ragnar Klavan,1985-10-30,33.84,187.0,left,Defender,Centre-Back,Estonia,UdSSR,31,2352,0,0,1390,Cagliari Calcio,2532,1500000.0,1200000.0,1.0,1.0,0.999,same_club
308,Ricardo Rodríguez,ITA,2019-20,AC Milan,D,5,390,0,0,0,1,1,0.014,0.014,0.059,1.394,1.38,0,0,86784,Ricardo Rodríguez,1992-08-25,27.02,182.0,left,Defender,Left-Back,Switzerland,Switzerland,5,387,0,0,5,AC Milan,835,17000000.0,5500000.0,0.998,1.0,0.992,same_club
411,Albin Ekdal,ITA,2019-20,Sampdoria,M S,32,2381,0,0,2,16,23,1.265,1.265,1.435,6.252,4.475,8,0,49275,Albin Ekdal,1989-07-28,30.09,186.0,right,Midfield,Defensive Midfield,Sweden,Sweden,32,2388,0,4,1038,UC Sampdoria,2408,5000000.0,3200000.0,0.999,1.0,0.997,same_club
475,Lucas Leiva,ITA,2019-20,Lazio,M S,25,1837,0,0,1,10,19,0.438,0.438,1.798,9.585,8.626,8,1,41414,Lucas Leiva,1987-01-09,32.64,179.0,right,Midfield,Defensive Midfield,Brazil,Brazil,25,1816,0,1,398,Società Sportiva Lazio S.p.A.,2143,9000000.0,6000000.0,0.997,1.0,0.989,same_club
505,David Ospina,ITA,2019-20,Napoli,GK,17,1469,0,0,0,0,0,0.0,0.0,0.0,2.683,2.683,0,0,73396,David Ospina,1988-08-31,31.0,183.0,right,Goalkeeper,Goalkeeper,Colombia,Colombia,17,1470,0,0,6195,SSC Napoli,2010,4000000.0,2800000.0,1.0,1.0,0.999,same_club
541,Victor Moses,ITA,2019-20,Inter,M S,12,413,0,0,3,5,9,0.274,0.274,2.356,3.84,1.779,1,0,59866,Victor Moses,1990-12-12,28.72,177.0,right,Midfield,Right Midfield,Nigeria,Nigeria,12,417,0,5,46,Inter Milan,1232,11000000.0,6800000.0,0.997,1.0,0.99,same_club
570,Valon Behrami,ITA,2019-20,Genoa,M S,17,1123,0,0,0,5,0,0.194,0.194,0.0,1.891,1.739,2,1,21905,Valon Behrami,1985-04-19,34.37,184.0,right,Midfield,Defensive Midfield,Switzerland,Jugoslawien (SFR),17,1109,0,0,252,Genoa CFC,1174,1000000.0,475000.0,0.996,1.0,0.988,same_club
604,Emre Can,ITA,2019-20,Juventus,M S,8,274,0,0,0,7,3,0.798,0.798,0.118,1.623,1.049,2,0,119296,Emre Can,1994-01-12,25.63,186.0,right,Defender,Centre-Back,Germany,Germany,8,279,0,0,506,Juventus FC,1417,40000000.0,24000000.0,0.999,1.0,0.998,same_club
604,Emre Can,ITA,2019-20,Juventus,M S,8,274,0,0,0,7,3,0.798,0.798,0.118,1.623,1.049,2,0,119296,Emre Can,1994-01-12,25.63,186.0,right,Defender,Centre-Back,Germany,Germany,8,279,0,0,506,Juventus FC,1417,40000000.0,24000000.0,0.995,1.0,0.982,same_club
694,Asmir Begovic,ITA,2019-20,AC Milan,GK S,2,126,0,0,0,0,0,0.0,0.0,0.0,0.604,0.604,0,0,33873,Asmir Begovic,1987-06-20,32.2,199.0,right,Goalkeeper,Goalkeeper,Bosnia-Herzegovina,Jugoslawien (SFR),2,128,0,0,5,AC Milan,578,7000000.0,2400000.0,0.995,1.0,0.984,same_club
716,Alberto Paloschi,ITA,2019-20,"Cagliari,SPAL 2013",F S,17,631,0,0,0,13,7,1.666,1.666,0.306,1.103,0.187,0,0,68306,Alberto Paloschi,1990-01-04,29.66,183.0,right,Attack,Centre-Forward,Italy,Italy,17,638,0,0,"1390,2722","Cagliari Calcio,SPAL",818,2000000.0,1200000.0,0.997,1.0,0.989,same_club
725,Ola Aina,ITA,2019-20,Torino,D M S,32,2074,0,0,2,12,22,0.405,0.405,2.258,7.156,5.393,8,0,236490,Ola Aina,1996-10-08,22.9,184.0,right,Defender,Right-Back,Nigeria,England,32,2075,0,2,416,Torino FC,2348,10000000.0,8000000.0,1.0,1.0,1.0,same_club
845,Maya Yoshida,ITA,2019-20,Sampdoria,D S,14,1185,0,0,1,5,4,0.146,0.146,0.128,1.24,1.132,1,0,81789,Maya Yoshida,1988-08-24,31.02,189.0,right,Defender,Centre-Back,Japan,Japan,14,1186,0,1,1038,UC Sampdoria,1834,7000000.0,4000000.0,0.998,1.0,0.995,same_club
845,Maya Yoshida,ITA,2019-20,Sampdoria,D S,14,1185,0,0,1,5,4,0.146,0.146,0.128,1.24,1.132,1,0,81789,Maya Yoshida,1988-08-24,31.02,189.0,right,Defender,Centre-Back,Japan,Japan,14,1186,0,1,1038,UC Sampdoria,1834,7000000.0,4000000.0,1.0,1.0,0.999,same_club
861,Giannelli Imbula,ITA,2019-20,Lecce,M S,3,124,0,0,0,0,0,0.0,0.0,0.0,0.147,0.147,0,0,130756,Giannelli Imbula,1992-09-12,26.97,186.0,left,Midfield,Defensive Midfield,DR Congo,Belgium,3,129,0,0,1005,US Lecce,249,5000000.0,2400000.0,0.988,1.0,0.961,same_club
1093,Mattia Perin,ITA,2019-20,Genoa,GK,21,1890,0,0,0,0,2,0.0,0.0,0.091,0.837,0.746,1,0,110923,Mattia Perin,1992-11-10,26.81,188.0,right,Goalkeeper,Goalkeeper,Italy,Italy,21,1890,0,0,252,Genoa CFC,1890,13000000.0,8000000.0,1.0,1.0,1.0,same_club
1100,Diego Laxalt,ITA,2019-20,"AC Milan,Torino",D M S,20,722,0,0,1,6,7,0.318,0.318,0.381,1.895,1.365,4,0,230552,Diego Laxalt,1993-02-07,26.56,178.0,left,Defender,Left-Back,Uruguay,Uruguay,20,758,0,1,"5,416","AC Milan,Torino FC",1031,12000000.0,5500000.0,0.986,1.0,0.953,same_club
1104,Leonardo Pavoletti,ITA,2019-20,Cagliari,F S,2,45,0,0,0,2,0,0.071,0.071,0.0,0.397,0.373,0,0,64793,Leonardo Pavoletti,1988-11-26,30.76,188.0,right,Attack,Centre-Forward,Italy,Italy,2,46,0,0,1390,Cagliari Calcio,136,12000000.0,4800000.0,0.997,1.0,0.989,same_club
1114,Davide Biraschi,ITA,2019-20,Genoa,D M S,24,1985,0,0,1,7,7,0.382,0.382,0.482,4.286,3.789,3,1,199927,Davide Biraschi,1994-07-02,25.17,182.0,right,Defender,Centre-Back,Italy,Italy,24,1971,0,1,252,Genoa CFC,2151,4500000.0,3200000.0,0.998,1.0,0.993,same_club
1116,Gianluigi Donnarumma,ITA,2019-20,AC Milan,GK,36,3204,0,0,0,0,0,0.0,0.0,0.0,5.801,5.801,3,0,315858,Gianluigi Donnarumma,1999-02-25,20.51,196.0,right,Goalkeeper,Goalkeeper,Italy,Italy,36,3202,0,0,5,AC Milan,3502,55000000.0,49500000.0,1.0,1.0,0.999,same_club
1120,Mattia De Sciglio,ITA,2019-20,Juventus,D S,9,467,0,0,0,1,2,0.022,0.022,0.127,2.278,2.257,1,0,88682,Mattia De Sciglio,1992-10-20,26.86,183.0,right,Defender,Right-Back,Italy,Italy,9,470,0,0,506,Juventus FC,774,14000000.0,9500000.0,0.998,1.0,0.994,same_club
1122,Manuel Locatelli,ITA,2019-20,Sassuolo,M S,33,2628,0,0,5,32,51,1.265,1.265,4.255,14.153,11.418,9,0,265088,Manuel Locatelli,1998-01-08,21.65,185.0,right,Midfield,Defensive Midfield,Italy,Italy,33,2595,0,4,6574,US Sassuolo,2671,12000000.0,15500000.0,0.996,1.0,0.987,same_club
1132,Gabriel,ITA,2019-20,Lecce,GK,34,2997,0,0,0,0,0,0.0,0.0,0.0,3.119,3.119,4,0,79242,Gabriel,1992-09-27,26.93,194.0,right,Goalkeeper,Goalkeeper,Brazil,Brazil,34,2997,0,0,1005,US Lecce,3087,1000000.0,800000.0,1.0,1.0,1.0,same_club
1141,Felipe,ITA,2019-20,SPAL 2013,D S,15,993,0,0,0,6,1,1.001,1.001,0.012,2.131,1.958,5,0,17127,Felipe,1984-07-31,35.09,188.0,left,Defender,Centre-Back,Brazil,Brazil,15,996,0,0,2722,SPAL,1086,500000.0,325000.0,0.999,1.0,0.997,same_club
1150,Emmanuel Badu,ITA,2019-20,Verona,M S,10,218,0,0,0,0,1,0.0,0.0,0.03,0.232,0.202,2,0,108484,Emmanuel Badu,1990-12-02,28.75,173.0,right,Midfield,Central Midfield,Ghana,Ghana,10,225,0,0,276,Hellas Verona,225,1500000.0,950000.0,0.991,1.0,0.969,same_club
1165,Gastón Brugman,ITA,2019-20,Parma Calcio 1913,M S,23,1476,0,0,2,10,12,0.247,0.247,1.325,4.092,3.393,5,0,131109,Gastón Brugman,1992-09-07,26.98,175.0,right,Midfield,Defensive Midfield,Uruguay,Uruguay,23,1464,0,2,130,Parma Calcio 1913,1644,2500000.0,2000000.0,0.998,1.0,0.992,same_club
1178,Davide Zappacosta,ITA,2019-20,Roma,D S,9,431,0,0,1,4,7,0.681,0.681,0.759,3.179,1.828,0,0,173859,Davide Zappacosta,1992-06-11,27.22,182.0,right,Midfield,Right Midfield,Italy,Italy,9,447,0,1,12,Associazione Sportiva Roma,447,15000000.0,12000000.0,0.989,1.0,0.964,same_club
1180,Luca Rossettini,ITA,2019-20,Lecce,D S,26,2265,0,0,2,4,4,0.138,0.138,0.957,3.566,3.241,5,0,60128,Luca Rossettini,1985-05-09,34.31,187.0,right,Defender,Centre-Back,Italy,Italy,26,2262,0,2,1005,US Lecce,2352,500000.0,400000.0,1.0,1.0,0.999,same_club
1181,Antonio Barreca,ITA,2019-20,Genoa,D M S,18,1105,0,0,1,6,4,0.155,0.155,0.758,2.128,1.272,0,0,241889,Antonio Barreca,1995-03-18,24.46,180.0,left,Defender,Left-Back,Italy,Italy,18,1094,0,1,252,Genoa CFC,1214,7000000.0,3200000.0,0.997,1.0,0.99,same_club
1182,Daniele Baselli,ITA,2019-20,Torino,M,16,1307,0,0,2,7,18,0.769,0.769,0.857,3.141,2.321,3,0,134883,Daniele Baselli,1992-03-12,27.47,182.0,right,Midfield,Central Midfield,Italy,Italy,16,1288,0,2,416,Torino FC,1693,10000000.0,7500000.0,0.996,1.0,0.985,same_club
1184,Mirko Valdifiori,ITA,2019-20,SPAL 2013,M S,22,1402,0,0,3,4,37,0.077,0.077,2.186,2.891,2.535,5,0,84903,Mirko Valdifiori,1986-04-21,33.36,185.0,right,Midfield,Defensive Midfield,Italy,Italy,22,1396,0,3,2722,SPAL,1396,500000.0,400000.0,0.999,1.0,0.996,same_club
1193,Lorenzo De Silvestri,ITA,2019-20,Torino,D M S,29,2268,0,0,0,22,19,2.479,2.479,1.606,6.28,3.122,2,0,33571,Lorenzo De Silvestri,1988-05-23,31.27,187.0,right,Defender,Right-Back,Italy,Italy,29,2250,0,0,416,Torino FC,2984,4000000.0,2800000.0,0.998,1.0,0.992,same_club
1195,Daniele Padelli,ITA,2019-20,Inter,GK,3,270,0,0,0,0,0,0.0,0.0,0.0,0.349,0.349,0,0,27807,Daniele Padelli,1985-10-25,33.85,191.0,right,Goalkeeper,Goalkeeper,Italy,Italy,3,270,0,0,46,Inter Milan,540,800000.0,650000.0,1.0,1.0,1.0,same_club
1204,Patric,ITA,2019-20,Lazio,D S,21,1688,0,0,0,6,5,0.139,0.139,0.117,7.625,7.464,2,1,126729,Patric,1993-04-17,26.37,184.0,right,Defender,Centre-Back,Spain,Spain,21,1677,0,0,398,Società Sportiva Lazio S.p.A.,1797,1800000.0,6500000.0,0.998,1.0,0.993,same_club
1205,Senad Lulic,ITA,2019-20,Lazio,D,20,1595,0,0,2,15,21,1.365,1.365,1.916,6.485,5.022,6,0,61449,Senad Lulic,1986-01-18,33.62,183.0,right,Midfield,Left Midfield,Bosnia-Herzegovina,Jugoslawien (SFR),20,1582,0,2,398,Società Sportiva Lazio S.p.A.,1909,4000000.0,2800000.0,0.998,1.0,0.992,same_club
1212,Alessandro Murgia,ITA,2019-20,SPAL 2013,M S,25,1759,0,0,1,24,30,2.279,2.279,1.906,3.739,1.434,3,0,289061,Alessandro Murgia,1996-08-09,23.06,185.0,right,Midfield,Central Midfield,Italy,Italy,25,1753,0,1,2722,SPAL,1958,5000000.0,2800000.0,0.999,1.0,0.997,same_club
1214,Thomas Strakosha,ITA,2019-20,Lazio,GK,38,3420,0,0,0,0,2,0.0,0.0,0.124,5.913,5.789,2,0,222209,Thomas Strakosha,1995-03-19,24.45,193.0,right,Goalkeeper,Goalkeeper,Albania,Greece,38,3420,0,0,398,Società Sportiva Lazio S.p.A.,3960,20000000.0,20000000.0,1.0,1.0,1.0,same_club
1221,Jacopo Sala,ITA,2019-20,SPAL 2013,D S,16,840,0,0,0,15,7,0.443,0.443,0.155,1.36,0.907,1,0,96806,Jacopo Sala,1991-12-05,27.74,181.0,right,Midfield,Central Midfield,Italy,Italy,16,852,0,0,2722,SPAL,852,1600000.0,1200000.0,0.996,1.0,0.986,same_club
1223,Milan Skriniar,ITA,2019-20,Inter,D S,32,2622,0,0,0,13,9,0.59,0.59,0.572,10.212,9.636,7,1,204069,Milan Škriniar,1995-02-11,24.55,187.0,right,Defender,Centre-Back,Slovakia,Slovakia,32,2628,0,2,46,Inter Milan,3399,60000000.0,48000000.0,0.999,1.0,0.998,same_club
1224,Vasco Regini,ITA,2019-20,"Parma Calcio 1913,Sampdoria",D S,5,218,0,0,0,0,1,0.0,0.0,0.149,0.883,0.883,0,0,72274,Vasco Regini,1990-09-09,28.98,185.0,left,Defender,Left-Back,Italy,Italy,5,223,0,0,"130,1038","Parma Calcio 1913,UC Sampdoria",268,1400000.0,725000.0,0.993,1.0,0.978,same_club
1225,Edgar Barreto,ITA,2019-20,Sampdoria,M S,2,92,0,0,0,1,0,0.017,0.017,0.0,0.103,0.103,0,0,16120,Édgar Barreto,1984-07-15,35.13,180.0,right,Midfield,Central Midfield,Paraguay,Paraguay,2,90,0,0,1038,UC Sampdoria,90,1000000.0,400000.0,0.993,1.0,0.978,same_club
1238,Luca Cigarini,ITA,2019-20,Cagliari,M S,22,1598,0,0,4,7,43,0.309,0.309,3.239,5.445,4.419,6,1,33218,Luca Cigarini,1986-06-20,33.2,175.0,right,Midfield,Defensive Midfield,Italy,Italy,22,1604,0,4,1390,Cagliari Calcio,1604,800000.0,800000.0,0.999,1.0,0.996,same_club
1244,Wojciech Szczesny,ITA,2019-20,Juventus,GK,29,2594,0,0,0,0,0,0.0,0.0,0.0,3.668,3.668,1,0,44058,Wojciech Szczesny,1990-04-18,29.37,195.0,right,Goalkeeper,Goalkeeper,Poland,Poland,29,2592,0,0,506,Juventus FC,3312,35000000.0,32000000.0,1.0,1.0,0.999,same_club
1247,Juan Jesus,ITA,2019-20,Roma,D S,4,136,0,0,0,0,0,0.0,0.0,0.0,1.618,1.618,2,0,121985,Juan Jesus,1991-06-10,28.23,185.0,left,Defender,Centre-Back,Brazil,Brazil,4,138,0,0,12,Associazione Sportiva Roma,228,9000000.0,4000000.0,0.996,1.0,0.986,same_club
1254,Alessandro Florenzi,ITA,2019-20,Roma,D M S,14,1017,0,0,1,14,12,0.429,0.429,1.917,5.736,4.385,5,0,130365,Alessandro Florenzi,1991-03-11,28.48,173.0,right,Defender,Right-Back,Italy,Italy,14,1003,0,1,12,Associazione Sportiva Roma,2014,25000000.0,16000000.0,0.998,1.0,0.993,same_club
1254,Alessandro Florenzi,ITA,2019-20,Roma,D M S,14,1017,0,0,1,14,12,0.429,0.429,1.917,5.736,4.385,5,0,130365,Alessandro Florenzi,1991-03-11,28.48,173.0,right,Defender,Right-Back,Italy,Italy,14,1003,0,1,12,Associazione Sportiva Roma,2014,25000000.0,16000000.0,0.996,1.0,0.986,same_club
1265,Thiago Cionek,ITA,2019-20,SPAL 2013,D S,28,2156,0,0,1,11,16,0.451,0.451,1.371,6.527,5.701,11,0,79510,Thiago Cionek,1986-04-21,33.36,183.0,right,Defender,Centre-Back,Poland,Brazil,28,2165,0,2,2722,SPAL,2345,800000.0,475000.0,0.999,1.0,0.996,same_club
1273,Mato Jajalo,ITA,2019-20,Udinese,M S,26,1658,0,0,0,16,12,0.344,0.344,0.46,4.802,4.34,6,1,47513,Mato Jajalo,1988-05-25,31.27,182.0,right,Midfield,Defensive Midfield,Bosnia-Herzegovina,Jugoslawien (SFR),26,1651,0,0,410,Udinese Calcio,1831,1000000.0,800000.0,0.999,1.0,0.996,same_club
1274,Andrea Rispoli,ITA,2019-20,Lecce,D S,28,1894,0,0,0,13,17,0.789,0.789,1.348,5.776,4.738,6,0,74448,Andrea Rispoli,1988-09-29,30.92,188.0,right,Defender,Right-Back,Italy,Italy,28,1904,0,0,1005,US Lecce,1994,1000000.0,800000.0,0.998,1.0,0.995,same_club
1281,Giuseppe Pezzella,ITA,2019-20,"Parma Calcio 1913,Udinese",D S,23,994,0,0,0,2,4,0.055,0.055,0.148,1.437,1.301,2,0,336960,Giuseppe Pezzella,1997-11-29,21.75,187.0,left,Defender,Left-Back,Italy,Italy,23,1029,0,0,"130,410","Parma Calcio 1913,Udinese Calcio",1209,3000000.0,2400000.0,0.99,1.0,0.966,same_club
1285,Gianluigi Buffon,ITA,2019-20,Juventus,GK,9,810,0,0,0,0,1,0.0,0.0,0.027,1.618,1.591,0,0,5023,Gianluigi Buffon,1978-01-28,41.59,192.0,right,Goalkeeper,Goalkeeper,Italy,Italy,9,810,0,0,506,Juventus FC,1350,1000000.0,1000000.0,1.0,1.0,1.0,same_club
1292,Sami Khedira,ITA,2019-20,Juventus,M S,12,692,0,0,1,12,8,1.461,1.461,0.423,3.186,1.919,3,0,29401,Sami Khedira,1987-04-04,32.41,189.0,right,Midfield,Central Midfield,Germany,Germany,12,685,0,1,506,Juventus FC,978,7000000.0,5500000.0,0.997,1.0,0.99,same_club
1301,Daniele Rugani,ITA,2019-20,Juventus,D S,10,676,0,0,0,6,0,0.224,0.224,0.0,1.517,1.503,2,0,162959,Daniele Rugani,1994-07-29,25.09,190.0,right,Defender,Centre-Back,Italy,Italy,10,688,0,0,506,Juventus FC,1048,22000000.0,12000000.0,0.995,1.0,0.983,same_club
1302,Emil Audero,ITA,2019-20,Sampdoria,GK,36,3240,0,0,0,0,0,0.0,0.0,0.0,2.137,2.137,1,0,256339,Emil Audero,1997-01-18,22.62,192.0,right,Goalkeeper,Goalkeeper,Indonesia,Indonesia,36,3240,0,0,1038,UC Sampdoria,3420,15000000.0,12000000.0,1.0,1.0,1.0,same_club
1305,Lukasz Skorupski,ITA,2019-20,Bologna,GK,37,3330,0,0,0,0,1,0.0,0.0,0.022,2.961,2.961,2,0,80894,Lukasz Skorupski,1991-05-05,28.33,188.0,right,Goalkeeper,Goalkeeper,Poland,Poland,37,3330,0,0,1025,Bologna Football Club 1909,3420,7000000.0,5500000.0,1.0,1.0,1.0,same_club
1306,Vincent Laurini,ITA,2019-20,Parma Calcio 1913,D S,15,898,0,0,2,1,6,0.017,0.017,0.473,3.364,2.896,4,0,94936,Vincent Laurini,1989-06-10,30.23,173.0,right,Defender,Right-Back,France,France,15,885,0,2,130,Parma Calcio 1913,1129,1500000.0,1100000.0,0.996,1.0,0.986,same_club
1311,Rade Krunic,ITA,2019-20,AC Milan,M S,15,515,0,0,1,6,8,0.48,0.48,1.094,3.462,2.285,3,0,259953,Rade Krunic,1993-10-07,25.9,184.0,right,Midfield,Defensive Midfield,Bosnia-Herzegovina,Bosnia-Herzegovina,15,530,0,1,5,AC Milan,710,8000000.0,6500000.0,0.992,1.0,0.972,same_club
1324,Federico Dimarco,ITA,2019-20,"Inter,Verona",D S,16,527,0,0,3,14,12,0.856,0.856,1.501,3.098,2.264,1,0,198116,Federico Dimarco,1997-11-10,21.81,175.0,left,Defender,Left-Back,Italy,Italy,16,539,0,3,"46,276","Inter Milan,Hellas Verona",617,5000000.0,4000000.0,0.993,1.0,0.978,same_club
1329,Fabrizio Cacciatore,ITA,2019-20,Cagliari,D S,16,1155,0,0,0,3,5,0.363,0.363,0.573,3.154,3.093,1,1,85605,Fabrizio Cacciatore,1986-10-08,32.9,182.0,right,Defender,Right-Back,Italy,Italy,16,1155,0,0,1390,Cagliari Calcio,1245,800000.0,700000.0,1.0,1.0,1.0,same_club
1336,Valter Birsa,ITA,2019-20,Cagliari,M S,13,419,0,0,0,3,11,0.122,0.122,0.699,1.002,0.845,1,0,26105,Valter Birsa,1986-08-07,33.07,184.0,left,Midfield,Attacking Midfield,Slovenia,Jugoslawien (SFR),13,425,0,0,1390,Cagliari Calcio,476,2000000.0,1200000.0,0.996,1.0,0.986,same_club
1341,Ivan Radovanovic,ITA,2019-20,Genoa,D M S,19,1325,0,0,1,16,15,1.037,1.037,0.83,3.552,2.938,3,0,46105,Ivan Radovanovic,1988-08-29,31.01,187.0,right,Midfield,Defensive Midfield,Serbia,Jugoslawien (SFR),19,1317,0,1,252,Genoa CFC,1523,3000000.0,2000000.0,0.998,1.0,0.994,same_club
1354,Gianmarco Ferrari,ITA,2019-20,Sassuolo,D S,23,1892,0,0,1,12,8,1.421,1.421,0.95,5.369,5.223,5,0,277167,Gian Marco Ferrari,1992-05-15,27.3,189.0,left,Defender,Centre-Back,Italy,Italy,23,1896,0,2,6574,US Sassuolo,1986,14000000.0,8000000.0,0.982,0.971,0.998,same_club
1355,Bruno Martella,ITA,2019-20,Brescia,D M S,24,1253,0,0,0,10,15,0.344,0.344,1.537,3.159,2.071,3,0,164108,Bruno Martella,1992-08-14,27.05,184.0,left,Defender,Left-Back,Italy,Italy,24,1264,0,0,19,Brescia Calcio,1264,1800000.0,1300000.0,0.997,1.0,0.991,same_club
1370,Federico Ceccherini,ITA,2019-20,Fiorentina,D S,15,823,0,0,0,4,1,0.215,0.215,0.024,1.929,1.929,3,0,163639,Federico Ceccherini,1992-05-11,27.31,187.0,right,Defender,Centre-Back,Italy,Italy,15,832,0,0,430,ACF Fiorentina,1012,3500000.0,2800000.0,0.997,1.0,0.989,same_club
1374,José Reina,ITA,2019-20,AC Milan,GK,1,90,0,0,0,0,0,0.0,0.0,0.0,0.023,0.023,0,0,7825,Pepe Reina,1982-08-31,37.0,188.0,right,Goalkeeper,Goalkeeper,Spain,Spain,1,90,0,0,5,AC Milan,1170,1000000.0,650000.0,0.97,0.95,1.0,same_club
1374,José Reina,ITA,2019-20,AC Milan,GK,1,90,0,0,0,0,0,0.0,0.0,0.0,0.023,0.023,0,0,7825,Pepe Reina,1982-08-31,37.0,188.0,right,Goalkeeper,Goalkeeper,Spain,Spain,1,90,0,0,5,AC Milan,1170,1000000.0,650000.0,0.97,0.95,1.0,same_club
1376,Kalidou Koulibaly,ITA,2019-20,Napoli,D S,25,2110,0,0,0,14,10,0.785,0.785,0.435,9.785,9.437,7,1,93128,Kalidou Koulibaly,1991-06-20,28.2,186.0,right,Defender,Centre-Back,Senegal,France,25,2108,0,0,6195,SSC Napoli,2918,75000000.0,56000000.0,1.0,1.0,0.999,same_club
1387,Faouzi Ghoulam,ITA,2019-20,Napoli,D S,9,361,0,0,1,4,8,0.186,0.186,1.308,2.135,1.491,2,0,126656,Faouzi Ghoulam,1991-02-01,28.58,184.0,left,Defender,Left-Back,Algeria,France,9,370,0,1,6195,SSC Napoli,370,23000000.0,9500000.0,0.993,1.0,0.976,same_club
1392,Luigi Sepe,ITA,2019-20,Parma Calcio 1913,GK,34,3060,0,0,0,0,2,0.0,0.0,0.828,4.302,3.474,1,0,99254,Luigi Sepe,1991-05-08,28.32,185.0,left,Goalkeeper,Goalkeeper,Italy,Italy,34,3060,0,0,130,Parma Calcio 1913,3150,5000000.0,4000000.0,1.0,1.0,1.0,same_club
1394,Lorenzo Tonelli,ITA,2019-20,Sampdoria,D,9,707,0,0,0,5,0,0.117,0.117,0.0,0.888,0.827,4,0,111347,Lorenzo Tonelli,1990-01-17,29.62,183.0,right,Defender,Centre-Back,Italy,Italy,9,705,0,0,1038,UC Sampdoria,705,7000000.0,2800000.0,0.999,1.0,0.997,same_club
1395,Vlad Chiriches,ITA,2019-20,Sassuolo,D S,9,713,0,0,0,2,0,0.059,0.059,0.0,1.64,1.64,0,0,123261,Vlad Chiricheș,1989-11-14,29.8,184.0,right,Midfield,Defensive Midfield,Romania,Romania,9,708,0,0,6574,US Sassuolo,708,4500000.0,4800000.0,0.998,1.0,0.993,same_club
1398,Bartosz Salamon,ITA,2019-20,SPAL 2013,D S,7,329,0,0,0,0,0,0.0,0.0,0.0,0.601,0.601,1,0,71019,Bartosz Salamon,1991-05-01,28.34,194.0,right,Defender,Centre-Back,Poland,Poland,7,341,0,0,2722,SPAL,366,800000.0,400000.0,0.989,1.0,0.965,same_club
1399,Bruno Alves,ITA,2019-20,Parma Calcio 1913,D S,33,2679,0,0,0,24,7,0.913,0.913,0.532,4.636,4.17,4,0,13121,Bruno Alves,1981-11-27,37.76,189.0,right,Defender,Centre-Back,Portugal,Portugal,33,2670,0,0,130,Parma Calcio 1913,2760,1000000.0,800000.0,0.999,1.0,0.997,same_club
1400,Nicola Murru,ITA,2019-20,Sampdoria,D M S,28,2261,0,0,0,8,17,0.356,0.356,0.901,3.615,2.77,4,1,171399,Nicola Murru,1994-12-16,24.71,180.0,left,Defender,Left-Back,Italy,Italy,28,2261,0,0,1038,UC Sampdoria,2351,7000000.0,5200000.0,1.0,1.0,1.0,same_club
1401,Panagiotis Tachtsidis,ITA,2019-20,Lecce,M S,28,2016,0,0,2,27,23,0.699,0.699,1.115,7.605,6.53,5,1,62415,Panagiotis Tachtsidis,1991-02-15,28.54,193.0,left,Midfield,Defensive Midfield,Greece,Greece,28,2003,0,2,1005,US Lecce,2066,1200000.0,950000.0,0.998,1.0,0.994,same_club
1410,Rafael,ITA,2019-20,Cagliari,GK S,6,451,0,0,0,0,0,0.0,0.0,0.0,0.766,0.766,0,0,84467,Rafael,1982-03-03,37.5,187.0,right,Goalkeeper,Goalkeeper,Brazil,Brazil,6,453,0,0,1390,Cagliari Calcio,494,200000.0,200000.0,0.999,1.0,0.996,same_club
1420,Maximiliano Olivera,ITA,2019-20,Fiorentina,S,1,8,0,0,0,1,0,0.016,0.016,0.0,0.32,0.32,0,0,179757,Maximiliano Olivera,1992-03-05,27.49,182.0,left,Defender,Left-Back,Uruguay,Uruguay,1,8,0,0,430,ACF Fiorentina,8,800000.0,800000.0,1.0,1.0,1.0,same_club
1431,Sebastien De Maio,ITA,2019-20,Udinese,D S,21,1506,0,0,0,9,0,1.688,1.688,0.0,3.452,3.329,1,0,56830,Sebastien De Maio,1987-03-05,32.49,190.0,right,Defender,Centre-Back,France,France,21,1503,0,0,410,Udinese Calcio,1683,1000000.0,725000.0,0.999,1.0,0.998,same_club
1435,Nenad Tomovic,ITA,2019-20,SPAL 2013,D S,23,1763,0,0,1,10,9,0.768,0.768,0.384,2.123,1.275,5,1,47085,Nenad Tomovic,1987-08-30,32.01,183.0,right,Defender,Centre-Back,Serbia,Jugoslawien (SFR),23,1756,0,1,2722,SPAL,1911,600000.0,475000.0,0.999,1.0,0.996,same_club
1436,Sebastián Cristóforo,ITA,2019-20,Fiorentina,M,1,90,0,0,0,0,3,0.0,0.0,0.196,0.188,0.188,0,0,188157,Sebastián Cristóforo,1993-08-23,26.02,175.0,right,Midfield,Central Midfield,Uruguay,Uruguay,1,90,0,0,430,ACF Fiorentina,1054,1800000.0,1200000.0,0.999,1.0,0.998,same_club
1436,Sebastián Cristóforo,ITA,2019-20,Fiorentina,M,1,90,0,0,0,0,3,0.0,0.0,0.196,0.188,0.188,0,0,188157,Sebastián Cristóforo,1993-08-23,26.02,175.0,right,Midfield,Central Midfield,Uruguay,Uruguay,1,90,0,0,430,ACF Fiorentina,1054,1800000.0,1200000.0,1.0,1.0,1.0,same_club
1437,Ângelo Da Costa,ITA,2019-20,Bologna,GK,1,90,0,0,0,0,0,0.0,0.0,0.0,0.03,0.03,0,0,82693,Angelo da Costa,1983-11-12,35.8,186.0,right,Goalkeeper,Goalkeeper,Brazil,Brazil,1,90,0,0,1025,Bologna Football Club 1909,180,200000.0,200000.0,1.0,1.0,1.0,same_club
1454,Alex Ferrari,ITA,2019-20,Sampdoria,D S,12,1005,0,0,0,4,2,0.284,0.284,0.616,0.878,0.864,4,0,197491,Alex Ferrari,1994-07-01,25.17,191.0,right,Defender,Centre-Back,Italy,Italy,12,1005,0,0,1038,UC Sampdoria,1050,1500000.0,2000000.0,1.0,1.0,1.0,same_club
1458,Ibrahima Mbaye,ITA,2019-20,Bologna,D S,20,1510,0,0,3,6,8,0.494,0.494,1.304,3.798,3.362,5,0,207715,Ibrahima Mbaye,1994-11-19,24.78,188.0,right,Defender,Right-Back,Senegal,Senegal,20,1507,0,4,1025,Bologna Football Club 1909,1597,3000000.0,2400000.0,0.999,1.0,0.998,same_club
1460,Andrea Consigli,ITA,2019-20,Sassuolo,GK,31,2790,0,0,0,0,4,0.0,0.0,0.562,2.741,2.179,1,0,35865,Andrea Consigli,1987-01-27,32.59,189.0,right,Goalkeeper,Goalkeeper,Italy,Italy,31,2790,0,0,6574,US Sassuolo,2880,4000000.0,2800000.0,1.0,1.0,1.0,same_club
1461,Pol Lirola,ITA,2019-20,Fiorentina,D S,35,2663,0,0,2,24,35,1.246,1.246,3.423,9.758,6.597,4,0,298975,Pol Lirola,1997-08-13,22.05,183.0,right,Defender,Right-Back,Spain,Spain,35,2654,0,2,430,ACF Fiorentina,2935,13000000.0,9500000.0,0.999,1.0,0.997,same_club
1464,Federico Peluso,ITA,2019-20,Sassuolo,D S,23,1512,0,0,2,8,4,0.538,0.538,0.949,2.837,2.8,5,1,21763,Federico Peluso,1984-01-20,35.61,188.0,left,Defender,Left-Back,Italy,Italy,23,1513,0,2,6574,US Sassuolo,1603,500000.0,400000.0,1.0,1.0,0.999,same_club
1466,Francesco Magnanelli,ITA,2019-20,Sassuolo,M S,22,1389,0,0,0,9,13,0.254,0.254,0.428,4.071,3.662,5,0,7093,Francesco Magnanelli,1984-11-12,34.8,181.0,right,Midfield,Defensive Midfield,Italy,Italy,22,1393,0,0,6574,US Sassuolo,1393,800000.0,650000.0,0.999,1.0,0.997,same_club
1472,Alessandro Matri,ITA,2019-20,Brescia,S,8,62,0,0,0,6,3,0.286,0.286,0.276,0.709,0.178,1,1,40660,Alessandro Matri,1984-08-19,35.03,183.0,right,Attack,Centre-Forward,Italy,Italy,8,83,0,0,19,Brescia Calcio,83,300000.0,300000.0,0.93,1.0,0.767,same_club
1475,Claud Adjapong,ITA,2019-20,Verona,D M S,5,222,0,0,0,3,0,0.167,0.167,0.0,0.268,0.101,0,0,337716,Claud Adjapong,1998-05-06,21.32,180.0,right,Defender,Right-Back,Italy,Italy,5,228,0,0,276,Hellas Verona,228,3500000.0,2700000.0,0.992,1.0,0.974,same_club
1476,Cristian Dell&#039;Orco,ITA,2019-20,Lecce,D S,14,1010,0,0,1,0,7,0.0,0.0,0.245,2.907,2.757,0,1,240244,Cristian Dell'Orco,1994-02-10,25.56,183.0,left,Defender,Left-Back,Italy,Italy,14,1008,0,1,1005,US Lecce,1111,1000000.0,650000.0,0.969,0.95,0.998,same_club
1477,Luca Mazzitelli,ITA,2019-20,Sassuolo,S,1,9,0,0,0,0,0,0.0,0.0,0.0,0.054,0.054,0,0,226025,Luca Mazzitelli,1995-11-15,23.79,184.0,right,Midfield,Central Midfield,Italy,Italy,1,11,0,0,6574,US Sassuolo,69,3500000.0,2400000.0,0.993,1.0,0.978,same_club
1480,Gianluca Pegolo,ITA,2019-20,Sassuolo,GK,5,450,0,0,0,0,0,0.0,0.0,0.0,0.197,0.197,0,0,21872,Gianluca Pegolo,1981-03-25,38.44,183.0,left,Goalkeeper,Goalkeeper,Italy,Italy,5,450,0,0,6574,US Sassuolo,450,150000.0,150000.0,1.0,1.0,1.0,same_club
1483,Etrit Berisha,ITA,2019-20,SPAL 2013,GK,26,2340,0,0,0,0,0,0.0,0.0,0.0,1.94,1.94,1,0,77825,Etrit Berisha,1989-03-10,30.48,195.0,left,Goalkeeper,Goalkeeper,Albania,Jugoslawien (SFR),26,2340,0,0,2722,SPAL,2610,3000000.0,2400000.0,1.0,1.0,1.0,same_club
1485,Andrea Masiello,ITA,2019-20,"Atalanta,Genoa",D,22,1880,0,0,1,7,6,0.333,0.333,0.884,4.677,4.298,5,0,34198,Andrea Masiello,1986-02-05,33.57,184.0,right,Defender,Centre-Back,Italy,Italy,22,1872,0,1,"252,800","Genoa CFC,Atalanta BC",2149,1000000.0,1200000.0,0.999,1.0,0.996,same_club
1486,Mattia Caldara,ITA,2019-20,Atalanta,D S,14,963,0,0,1,5,1,0.109,0.109,0.559,3.551,3.551,1,0,197470,Mattia Caldara,1994-05-05,25.33,187.0,right,Defender,Centre-Back,Italy,Italy,14,959,0,1,800,Atalanta BC,1291,20000000.0,11000000.0,0.999,1.0,0.996,same_club
1487,Andrea Conti,ITA,2019-20,AC Milan,D S,23,1734,0,0,2,1,11,0.013,0.013,1.65,7.932,6.889,8,0,111227,Andrea Conti,1994-03-02,25.5,184.0,right,Defender,Right-Back,Italy,Italy,23,1727,0,2,5,AC Milan,2025,15000000.0,12000000.0,0.999,1.0,0.996,same_club
1497,Ervin Zukanovic,ITA,2019-20,SPAL 2013,D S,3,201,0,0,0,2,0,0.024,0.024,0.0,0.327,0.317,1,0,44059,Ervin Zukanovic,1987-02-11,32.55,188.0,left,Defender,Centre-Back,Bosnia-Herzegovina,Jugoslawien (SFR),3,203,0,0,2722,SPAL,203,1500000.0,950000.0,0.997,1.0,0.99,same_club
1501,Marco Sportiello,ITA,2019-20,Atalanta,GK S,6,526,0,0,0,0,0,0.0,0.0,0.0,1.117,1.117,0,0,199976,Marco Sportiello,1992-05-10,27.31,192.0,right,Goalkeeper,Goalkeeper,Italy,Italy,6,525,0,0,800,Atalanta BC,705,4000000.0,2000000.0,0.999,1.0,0.998,same_club
1505,Samir Handanovic,ITA,2019-20,Inter,GK,35,3150,0,0,0,0,2,0.0,0.0,0.167,4.896,4.821,2,0,28021,Samir Handanovic,1984-07-14,35.13,193.0,right,Goalkeeper,Goalkeeper,,,35,3150,0,0,46,Inter Milan,4320,6000000.0,4800000.0,1.0,1.0,1.0,same_club
1508,Jeison Murillo,ITA,2019-20,Sampdoria,D S,10,662,0,0,0,3,2,0.098,0.098,0.046,0.436,0.39,1,1,131102,Jeison Murillo,1992-05-27,27.26,182.0,right,Defender,Centre-Back,Colombia,Colombia,10,664,0,0,1038,UC Sampdoria,2373,10000000.0,6500000.0,1.0,1.0,0.999,same_club
1508,Jeison Murillo,ITA,2019-20,Sampdoria,D S,10,662,0,0,0,3,2,0.098,0.098,0.046,0.436,0.39,1,1,131102,Jeison Murillo,1992-05-27,27.26,182.0,right,Defender,Centre-Back,Colombia,Colombia,10,664,0,0,1038,UC Sampdoria,2373,10000000.0,6500000.0,0.999,1.0,0.997,same_club
1509,Davide Santon,ITA,2019-20,Roma,D S,15,610,0,0,0,2,1,0.075,0.075,0.03,1.745,1.695,4,0,84344,Davide Santon,1991-01-02,28.66,187.0,right,Defender,Left-Back,Italy,Italy,15,615,0,0,12,Associazione Sportiva Roma,974,5000000.0,4000000.0,0.998,1.0,0.992,same_club
1510,Gary Medel,ITA,2019-20,Bologna,D M S,23,1810,0,0,0,5,10,0.123,0.123,0.468,5.371,5.217,10,1,60889,Gary Medel,1987-08-03,32.08,171.0,right,Midfield,Defensive Midfield,Chile,Chile,23,1796,0,0,1025,Bologna Football Club 1909,2015,3750000.0,2400000.0,0.998,1.0,0.992,same_club
1522,Andrea Ranocchia,ITA,2019-20,Inter,D S,7,524,0,0,0,4,1,0.236,0.236,0.052,2.598,2.584,3,0,44327,Andrea Ranocchia,1988-02-16,31.54,195.0,right,Defender,Centre-Back,Italy,Italy,7,526,0,0,46,Inter Milan,888,3000000.0,2400000.0,0.999,1.0,0.996,same_club
1546,Federico Mattiello,ITA,2019-20,Cagliari,D M S,18,926,0,0,1,7,8,0.192,0.192,1.106,2.205,1.875,3,0,200194,Federico Mattiello,1995-07-14,24.13,184.0,right,Defender,Right-Back,Italy,Italy,18,925,0,1,1390,Cagliari Calcio,925,2500000.0,1600000.0,1.0,1.0,0.999,same_club
1555,Bartlomiej Dragowski,ITA,2019-20,Fiorentina,GK,31,2790,0,0,0,0,0,0.0,0.0,0.0,2.772,2.772,1,0,208166,Bartłomiej Drągowski,1997-08-19,22.03,191.0,right,Goalkeeper,Goalkeeper,Poland,Poland,31,2790,0,0,430,ACF Fiorentina,2880,10000000.0,11000000.0,0.985,0.974,1.0,same_club
1563,Jordan Lukaku,ITA,2019-20,Lazio,D S,13,362,0,0,2,2,10,0.067,0.067,0.556,1.019,0.563,2,0,140804,Jordan Lukaku,1994-07-25,25.1,180.0,left,Defender,Left-Back,Belgium,Belgium,13,386,0,2,398,Società Sportiva Lazio S.p.A.,386,6000000.0,4000000.0,0.981,1.0,0.938,same_club
1579,Daniele Gastaldello,ITA,2019-20,Brescia,D S,8,384,0,0,0,1,2,0.053,0.053,0.141,0.774,0.655,1,0,7096,Daniele Gastaldello,1983-06-25,36.19,187.0,right,Defender,Centre-Back,Italy,Italy,8,389,0,0,19,Brescia Calcio,389,300000.0,300000.0,0.996,1.0,0.987,same_club
1580,Mattia Destro,ITA,2019-20,"Bologna,Genoa",F S,13,324,0,0,0,12,3,1.392,1.392,0.896,1.843,0.007,2,0,88683,Mattia Destro,1991-03-20,28.45,182.0,right,Attack,Centre-Forward,Italy,Italy,13,329,0,0,"252,1025","Genoa CFC,Bologna Football Club 1909",472,3500000.0,2400000.0,0.995,1.0,0.985,same_club
1587,Kwadwo Asamoah,ITA,2019-20,Inter,D M S,8,639,0,0,1,3,11,0.148,0.148,0.317,2.339,1.95,1,0,63531,Kwadwo Asamoah,1988-12-09,30.73,173.0,left,Midfield,Left Midfield,Ghana,Ghana,8,639,0,1,46,Inter Milan,899,13000000.0,6500000.0,1.0,1.0,1.0,same_club
1589,Lucas Biglia,ITA,2019-20,AC Milan,M S,14,669,0,0,1,6,6,0.309,0.309,0.227,3.05,2.703,4,0,26721,Lucas Biglia,1986-01-30,33.59,178.0,right,Midfield,Defensive Midfield,Argentina,Argentina,14,683,0,1,5,AC Milan,683,6000000.0,2800000.0,0.994,1.0,0.98,same_club
1604,Artur Ionita,ITA,2019-20,Cagliari,D M S,34,1883,0,0,2,17,19,0.753,0.753,0.98,4.559,3.258,6,0,98888,Artur Ioniță,1990-08-17,29.04,184.0,both,Midfield,Central Midfield,Moldova,UdSSR,34,1892,0,2,1390,Cagliari Calcio,2151,4500000.0,3500000.0,0.999,1.0,0.995,same_club
1609,Antonio Mirante,ITA,2019-20,Roma,GK,5,450,0,0,0,0,0,0.0,0.0,0.0,0.855,0.855,0,0,22141,Antonio Mirante,1983-07-08,36.15,193.0,right,Goalkeeper,Goalkeeper,Italy,Italy,5,450,0,0,12,Associazione Sportiva Roma,602,800000.0,650000.0,1.0,1.0,1.0,same_club
1624,Fabio Depaoli,ITA,2019-20,Sampdoria,D M S,29,1846,0,0,1,26,30,0.906,0.906,2.301,4.806,2.665,7,0,324282,Fabio Depaoli,1997-04-24,22.35,182.0,right,Defender,Right-Back,Italy,Italy,29,1852,0,2,1038,UC Sampdoria,1852,5000000.0,4000000.0,0.999,1.0,0.997,same_club
1631,Luca Zanimacchia,ITA,2019-20,Juventus,F S,2,116,0,0,0,2,2,0.025,0.025,0.071,0.175,0.11,0,0,407265,Luca Zanimacchia,1998-07-19,21.12,178.0,right,Attack,Right Winger,Italy,Italy,2,119,0,0,506,Juventus FC,119,275000.0,250000.0,0.992,1.0,0.975,same_club
1639,Sebastiano Luperto,ITA,2019-20,Napoli,D S,9,521,0,0,0,1,2,0.012,0.012,0.071,2.057,2.012,2,0,278531,Sebastiano Luperto,1996-09-06,22.98,191.0,left,Defender,Centre-Back,Italy,Italy,9,524,0,0,6195,SSC Napoli,727,4000000.0,4000000.0,0.998,1.0,0.994,same_club
1641,Andrea Bertolacci,ITA,2019-20,Sampdoria,M S,12,546,0,0,0,4,2,0.101,0.101,0.083,0.732,0.548,3,0,99227,Andrea Bertolacci,1991-01-11,28.64,179.0,left,Midfield,Central Midfield,Italy,Italy,12,536,0,0,1038,UC Sampdoria,536,3000000.0,2400000.0,0.995,1.0,0.982,same_club
1645,Marko Pajac,ITA,2019-20,Genoa,D M S,11,759,0,0,0,7,12,0.251,0.251,2.344,3.945,3.009,1,0,190634,Marko Pajac,1993-05-11,26.31,185.0,left,Defender,Left-Back,Croatia,Croatia,11,759,0,0,252,Genoa CFC,849,1500000.0,1200000.0,1.0,1.0,1.0,same_club
1792,Mário Rui,ITA,2019-20,Napoli,D S,24,1976,0,0,2,31,34,0.96,0.96,4.041,12.074,9.697,9,0,87884,Mário Rui,1991-05-27,28.27,168.0,left,Defender,Left-Back,Portugal,Portugal,24,1969,0,2,6195,SSC Napoli,2848,12000000.0,12000000.0,0.999,1.0,0.996,same_club
1830,Ionut Radu,ITA,2019-20,Genoa,GK,17,1530,0,0,1,0,1,0.0,0.0,0.067,0.992,0.925,1,0,303657,Ionuț Radu,1997-05-28,22.26,188.0,right,Goalkeeper,Goalkeeper,Romania,Romania,17,1530,0,1,252,Genoa CFC,1740,15000000.0,9500000.0,1.0,1.0,1.0,same_club
1841,Pierluigi Gollini,ITA,2019-20,Atalanta,GK,33,2884,0,0,0,0,0,0.0,0.0,0.0,7.292,7.292,3,0,244192,Pierluigi Gollini,1995-03-18,24.46,194.0,right,Goalkeeper,Goalkeeper,Italy,Italy,33,2885,0,0,800,Atalanta BC,3605,6000000.0,13000000.0,1.0,1.0,1.0,same_club
1846,Luca Siligardi,ITA,2019-20,Parma Calcio 1913,F M S,12,313,0,0,1,11,4,0.904,0.904,0.145,1.771,0.836,0,0,86079,Luca Siligardi,1988-01-26,31.6,180.0,left,Attack,Right Winger,Italy,Italy,12,331,0,1,130,Parma Calcio 1913,511,800000.0,550000.0,0.984,1.0,0.946,same_club
1892,Alex Meret,ITA,2019-20,Napoli,GK S,22,1951,0,0,0,0,0,0.0,0.0,0.0,4.155,4.155,0,0,240414,Alex Meret,1997-03-22,22.44,190.0,left,Goalkeeper,Goalkeeper,Italy,Italy,22,1950,0,0,6195,SSC Napoli,2580,25000000.0,28000000.0,1.0,1.0,0.999,same_club
1894,Simone Colombi,ITA,2019-20,Parma Calcio 1913,GK,4,360,0,0,0,0,0,0.0,0.0,0.0,0.022,0.022,0,0,57285,Simone Colombi,1991-07-01,28.17,188.0,right,Goalkeeper,Goalkeeper,Italy,Italy,4,360,0,0,130,Parma Calcio 1913,540,800000.0,650000.0,1.0,1.0,1.0,same_club
1898,Stefano Sabelli,ITA,2019-20,Brescia,D M,36,3177,0,0,3,14,41,0.485,0.485,4.368,8.466,6.065,5,0,167491,Stefano Sabelli,1993-01-13,26.63,176.0,right,Defender,Right-Back,Italy,Italy,36,3169,0,3,19,Brescia Calcio,3289,1700000.0,1600000.0,0.999,1.0,0.997,same_club
1926,Boris Radunovic,ITA,2019-20,Verona,GK,3,270,0,0,0,0,0,0.0,0.0,0.0,0.187,0.187,1,0,258482,Boris Radunović,1996-05-26,23.27,194.0,right,Goalkeeper,Goalkeeper,Serbia,Yugoslavia (Republic),3,270,0,0,276,Hellas Verona,270,900000.0,475000.0,1.0,1.0,1.0,same_club
1956,Mohamed Fares,ITA,2019-20,SPAL 2013,D M S,8,426,0,0,0,7,3,0.211,0.211,0.941,1.69,0.739,2,0,287700,Mohamed Fares,1996-02-15,23.54,183.0,left,Defender,Left-Back,Algeria,France,8,423,0,0,2722,SPAL,423,6000000.0,4800000.0,0.998,1.0,0.993,same_club
1997,Andrea Favilli,ITA,2019-20,Genoa,F S,20,635,0,0,0,14,7,1.803,1.803,0.995,3.104,0.819,4,0,340151,Andrea Favilli,1997-05-17,22.29,191.0,right,Attack,Centre-Forward,Italy,Italy,20,652,0,0,252,Genoa CFC,789,6000000.0,4500000.0,0.992,1.0,0.974,same_club
2003,Antonio La Gumina,ITA,2019-20,Sampdoria,F S,5,184,0,0,0,4,2,0.229,0.229,0.082,0.291,0.015,0,0,287876,Antonino La Gumina,1996-03-06,23.49,182.0,right,Attack,Centre-Forward,Italy,Italy,5,186,0,0,1038,UC Sampdoria,308,6000000.0,3800000.0,0.98,0.971,0.989,same_club
2022,Samir Ujkani,ITA,2019-20,Torino,GK,1,90,0,0,0,0,0,0.0,0.0,0.0,0.744,0.744,0,0,42744,Samir Ujkani,1988-07-05,31.16,186.0,right,Goalkeeper,Goalkeeper,Kosovo,Jugoslawien (SFR),1,90,0,0,416,Torino FC,90,200000.0,200000.0,1.0,1.0,1.0,same_club
2040,Paolo Ghiglione,ITA,2019-20,Genoa,D M S,25,1715,0,0,5,23,23,1.872,1.872,2.503,5.672,2.738,4,0,313477,Paolo Ghiglione,1997-02-02,22.58,191.0,right,Defender,Right-Back,Italy,Italy,25,1718,0,5,252,Genoa CFC,1928,1000000.0,3200000.0,0.999,1.0,0.998,same_club
2043,Kastriot Dermaku,ITA,2019-20,Parma Calcio 1913,D S,16,1017,0,0,0,3,1,0.596,0.596,0.088,3.558,3.019,2,0,163647,Kastriot Dermaku,1992-01-15,27.63,194.0,right,Defender,Centre-Back,Albania,Italy,16,1023,0,0,130,Parma Calcio 1913,1211,600000.0,800000.0,0.998,1.0,0.994,same_club
2058,Filippo Romagna,ITA,2019-20,Sassuolo,D S,18,1476,0,0,0,2,3,0.084,0.084,0.146,6.198,6.184,3,0,256678,Filippo Romagna,1997-05-26,22.27,186.0,right,Defender,Centre-Back,Italy,Italy,18,1476,0,0,6574,US Sassuolo,1476,6000000.0,4800000.0,1.0,1.0,1.0,same_club
2107,Pau López,ITA,2019-20,Roma,GK,32,2880,0,0,0,0,0,0.0,0.0,0.0,3.532,3.532,3,0,286415,Pau López,1994-12-13,24.72,189.0,left,Goalkeeper,Goalkeeper,Spain,Spain,32,2880,0,0,12,Associazione Sportiva Roma,3718,20000000.0,19000000.0,1.0,1.0,1.0,same_club
2216,Jony,ITA,2019-20,Lazio,D M S,24,1184,0,0,1,11,17,0.278,0.278,1.839,3.796,2.278,4,0,228761,Jony,1991-07-09,28.15,179.0,left,Attack,Left Winger,Spain,Spain,24,1178,0,1,398,Società Sportiva Lazio S.p.A.,1661,10000000.0,6800000.0,0.998,1.0,0.995,same_club
2495,Mateo Musacchio,ITA,2019-20,AC Milan,D S,18,1466,0,0,0,5,11,0.294,0.294,0.745,3.521,3.283,4,1,45653,Mateo Musacchio,1990-08-26,29.02,182.0,right,Defender,Centre-Back,Argentina,Argentina,18,1466,0,0,5,AC Milan,1466,15000000.0,9000000.0,1.0,1.0,1.0,same_club
2810,Salvatore Bocchetti,ITA,2019-20,Verona,D S,5,306,0,0,0,0,0,0.0,0.0,0.0,1.061,1.061,2,0,42678,Salvatore Bocchetti,1986-11-30,32.75,186.0,left,Defender,Centre-Back,Italy,Italy,5,302,0,0,276,Hellas Verona,302,1500000.0,800000.0,0.996,1.0,0.987,same_club
3295,Javier Pastore,ITA,2019-20,Roma,M S,11,510,0,0,1,16,5,2.404,2.404,0.596,3.604,1.217,0,0,55215,Javier Pastore,1989-06-20,30.2,187.0,right,Midfield,Attacking Midfield,Argentina,Argentina,11,512,0,1,12,Associazione Sportiva Roma,795,15000000.0,8000000.0,0.999,1.0,0.996,same_club
3296,Blaise Matuidi,ITA,2019-20,Juventus,D M S,35,2217,0,0,2,14,19,0.775,0.775,1.891,10.157,8.26,2,0,33923,Blaise Matuidi,1987-04-09,32.4,175.0,left,Midfield,Central Midfield,France,France,35,2231,0,2,506,Juventus FC,2885,22000000.0,10500000.0,0.998,1.0,0.994,same_club
3301,Salvatore Sirigu,ITA,2019-20,Torino,GK,36,3240,0,0,0,0,2,0.0,0.0,0.07,2.146,2.137,4,0,25508,Salvatore Sirigu,1987-01-12,32.64,192.0,right,Goalkeeper,Goalkeeper,Italy,Italy,36,3240,0,0,416,Torino FC,4020,7500000.0,6500000.0,1.0,1.0,1.0,same_club
3515,Valentin Eysseric,ITA,2019-20,"Fiorentina,Verona",F M S,9,383,0,0,0,7,10,0.266,0.266,0.514,1.823,1.369,3,0,126687,Valentin Eysseric,1992-03-25,27.44,181.0,right,Midfield,Attacking Midfield,France,France,9,391,0,0,"276,430","Hellas Verona,ACF Fiorentina",391,3000000.0,1200000.0,0.994,1.0,0.98,same_club
3550,Koffi Djidji,ITA,2019-20,Torino,D S,17,834,0,0,0,0,1,0.0,0.0,0.019,1.232,1.212,1,0,183031,Koffi Djidji,1992-11-30,26.75,184.0,right,Defender,Centre-Back,Cote d'Ivoire,France,17,848,0,0,416,Torino FC,1006,5000000.0,3200000.0,0.995,1.0,0.983,same_club
3632,Kevin Malcuit,ITA,2019-20,Napoli,D S,4,254,0,0,0,2,2,0.056,0.056,0.164,1.179,1.003,0,0,126711,Kévin Malcuit,1991-07-31,28.09,178.0,right,Defender,Right-Back,France,France,4,256,0,0,6195,SSC Napoli,403,16000000.0,12000000.0,0.998,1.0,0.992,same_club
3739,Soualiho Meité,ITA,2019-20,Torino,M S,33,2182,0,0,2,23,22,1.062,1.062,1.463,5.72,4.042,5,0,164913,Soualiho Meïté,1994-03-17,25.46,187.0,right,Midfield,Defensive Midfield,France,France,33,2193,0,2,416,Torino FC,2740,13000000.0,7000000.0,0.998,1.0,0.995,same_club
3821,Rolando Mandragora,ITA,2019-20,Udinese,M S,26,2059,0,0,2,55,34,3.422,3.422,3.925,9.123,4.526,2,0,308279,Rolando Mandragora,1997-06-29,22.17,183.0,left,Midfield,Defensive Midfield,Italy,Italy,26,2053,0,3,410,Udinese Calcio,2224,15000000.0,12000000.0,0.999,1.0,0.997,same_club
3888,Antonio Rosati,ITA,2019-20,Torino,GK,1,90,0,0,0,0,0,0.0,0.0,0.0,0.034,0.034,0,0,6442,Antonio Rosati,1983-06-26,36.18,195.0,right,Goalkeeper,Goalkeeper,Italy,Italy,1,90,0,0,416,Torino FC,90,200000.0,200000.0,1.0,1.0,1.0,same_club
3925,Gabriele Moncini,ITA,2019-20,SPAL 2013,F S,4,150,0,0,0,3,2,0.615,0.615,0.029,0.54,0.0,0,0,238977,Gabriele Moncini,1996-04-26,23.35,183.0,right,Attack,Centre-Forward,Italy,Italy,4,154,0,0,2722,SPAL,227,2000000.0,1400000.0,0.992,1.0,0.974,same_club
3927,Alessio Cragno,ITA,2019-20,Cagliari,GK,16,1440,0,0,0,0,1,0.0,0.0,0.021,2.264,2.243,1,0,12907,Alessio Cragno,1994-06-28,25.18,184.0,right,Goalkeeper,Goalkeeper,Italy,Italy,16,1440,0,0,1390,Cagliari Calcio,1440,20000000.0,16000000.0,1.0,1.0,1.0,same_club
4699,Simon Kjaer,ITA,2019-20,"AC Milan,Atalanta",D S,20,1531,0,0,0,7,0,0.522,0.522,0.0,7.858,7.858,4,0,48859,Simon Kjær,1989-03-26,30.43,191.0,right,Defender,Centre-Back,Denmark,Denmark,20,1534,0,0,"5,800","AC Milan,Atalanta BC",2006,8000000.0,5200000.0,0.939,0.9,0.998,same_club
4907,Bartosz Bereszynski,ITA,2019-20,Sampdoria,D M S,28,2414,0,0,0,16,9,0.334,0.334,0.482,4.961,4.682,10,0,144143,Bartosz Bereszyński,1992-07-12,27.14,183.0,right,Defender,Right-Back,Poland,Poland,28,2405,0,0,1038,UC Sampdoria,2495,10000000.0,6500000.0,0.999,1.0,0.996,same_club
4920,Matteo Gabbia,ITA,2019-20,AC Milan,D S,9,683,0,0,0,4,1,0.161,0.161,0.016,3.774,3.754,1,0,323167,Matteo Gabbia,1999-10-21,19.86,185.0,right,Defender,Centre-Back,Italy,Italy,9,678,0,0,5,AC Milan,686,500000.0,2700000.0,0.998,1.0,0.993,same_club
4933,Leonardo Morosini,ITA,2019-20,Brescia,S,3,23,0,0,0,0,0,0.0,0.0,0.0,0.0,0.0,0,0,240415,Leonardo Morosini,1995-10-13,23.89,175.0,right,Attack,Second Striker,Italy,Italy,3,23,0,0,19,Brescia Calcio,23,1500000.0,800000.0,1.0,1.0,1.0,same_club
4940,Francesco Rossi,ITA,2019-20,Atalanta,S,1,10,0,0,0,0,0,0.0,0.0,0.0,0.0,0.0,0,0,126634,Francesco Rossi,1991-04-27,28.35,193.0,right,Goalkeeper,Goalkeeper,Italy,Italy,1,10,0,0,800,Atalanta BC,10,100000.0,100000.0,1.0,1.0,1.0,same_club
4941,Hans Hateboer,ITA,2019-20,Atalanta,D M S,32,2346,0,0,4,19,43,2.242,2.242,4.375,15.86,12.005,10,0,275303,Hans Hateboer,1994-01-09,25.64,187.0,right,Defender,Right-Back,Netherlands,Netherlands,32,2353,0,5,800,Atalanta BC,3035,15000000.0,12000000.0,0.999,1.0,0.997,same_club
4970,Luca Pellegrini,ITA,2019-20,Cagliari,D M S,24,1925,0,0,5,14,21,0.667,0.667,2.318,5.068,3.451,10,0,346567,Luca Pellegrini,1999-03-07,20.49,178.0,left,Defender,Left-Back,Italy,Italy,24,1912,0,6,1390,Cagliari Calcio,1912,5000000.0,13500000.0,0.998,1.0,0.993,same_club
4984,Wladimiro Falcone,ITA,2019-20,Sampdoria,GK,2,180,0,0,0,0,0,0.0,0.0,0.0,0.252,0.252,1,0,238537,Wladimiro Falcone,1995-04-12,24.39,195.0,right,Goalkeeper,Goalkeeper,Italy,Italy,2,180,0,0,1038,UC Sampdoria,180,175000.0,150000.0,1.0,1.0,1.0,same_club
5015,Giacomo Vrioni,ITA,2019-20,Juventus,S,1,9,0,0,0,1,0,0.128,0.128,0.0,0.0,0.0,0,0,363178,Giacomo Vrioni,1998-10-15,20.88,188.0,left,Attack,Centre-Forward,Albania,Italy,1,11,0,0,506,Juventus FC,47,500000.0,450000.0,0.993,1.0,0.978,same_club
5028,Gianluca Frabotta,ITA,2019-20,Juventus,D,1,90,0,0,0,1,0,0.039,0.039,0.0,0.058,0.019,0,0,386755,Gianluca Frabotta,1999-06-24,20.19,187.0,left,Defender,Left-Back,Italy,Italy,1,90,0,0,506,Juventus FC,90,100000.0,75000.0,1.0,1.0,1.0,same_club
5056,Marlon Santos,ITA,2019-20,Sassuolo,D S,23,1816,0,0,0,4,10,0.916,0.916,0.478,6.0,5.726,7,0,273236,Marlon,1995-09-07,23.98,182.0,right,Defender,Centre-Back,Brazil,Brazil,23,1818,0,0,6574,US Sassuolo,1818,10000000.0,6500000.0,0.97,0.95,0.999,same_club
5226,Walace,ITA,2019-20,Udinese,M S,20,1129,0,0,0,11,9,0.484,0.484,0.57,3.894,3.157,2,0,323954,Walace,1995-04-04,24.41,188.0,right,Midfield,Defensive Midfield,Brazil,Brazil,20,1136,0,0,410,Udinese Calcio,1221,8500000.0,4800000.0,0.998,1.0,0.994,same_club
5509,Hernani,ITA,2019-20,Parma Calcio 1913,M S,32,2424,0,0,4,35,27,1.007,1.007,2.026,7.343,5.833,10,0,181768,Hernani,1994-03-27,25.43,188.0,both,Midfield,Central Midfield,Brazil,Brazil,32,2422,0,4,130,Parma Calcio 1913,2579,3500000.0,3200000.0,1.0,1.0,0.999,same_club
5699,Dalbert,ITA,2019-20,Fiorentina,D M S,31,2501,0,0,5,18,38,0.714,0.714,3.651,7.131,3.972,8,1,312862,Dalbert,1993-09-08,25.98,181.0,left,Defender,Left-Back,Brazil,Brazil,31,2489,0,8,430,ACF Fiorentina,2751,10000000.0,9500000.0,0.999,1.0,0.995,same_club
5812,Davide Riccardi,ITA,2019-20,Lecce,S,1,18,0,0,0,0,0,0.0,0.0,0.0,0.0,0.0,0,0,286259,Davide Riccardi,1996-04-09,23.39,186.0,right,Defender,Centre-Back,Italy,Italy,1,19,0,0,1005,US Lecce,199,150000.0,150000.0,0.997,1.0,0.989,same_club
5996,Adrien Tameze,ITA,2019-20,Atalanta,M S,7,201,0,0,0,0,3,0.0,0.0,0.179,2.024,1.845,0,0,157507,Adrien Tamèze,1994-02-04,25.57,182.0,right,Midfield,Defensive Midfield,France,France,7,207,0,0,800,Atalanta BC,734,8000000.0,4800000.0,0.998,1.0,0.992,same_club
5996,Adrien Tameze,ITA,2019-20,Atalanta,M S,7,201,0,0,0,0,3,0.0,0.0,0.179,2.024,1.845,0,0,157507,Adrien Tamèze,1994-02-04,25.57,182.0,right,Midfield,Defensive Midfield,France,France,7,207,0,0,800,Atalanta BC,734,8000000.0,4800000.0,0.991,1.0,0.971,same_club
6107,Carlo Pinsoglio,ITA,2019-20,Juventus,S,1,16,0,0,0,0,0,0.0,0.0,0.0,0.031,0.031,0,0,75411,Carlo Pinsoglio,1990-03-16,29.46,194.0,left,Goalkeeper,Goalkeeper,Italy,Italy,1,18,0,0,506,Juventus FC,18,500000.0,400000.0,0.993,1.0,0.978,same_club
6108,Rodrigo Bentancur,ITA,2019-20,Juventus,M S,30,2198,0,0,7,16,44,0.649,0.649,3.675,11.604,10.132,9,0,354362,Rodrigo Bentancur,1997-06-25,22.18,187.0,right,Midfield,Defensive Midfield,Uruguay,Uruguay,30,2199,0,8,506,Juventus FC,3095,35000000.0,40000000.0,1.0,1.0,1.0,same_club
6125,Stanislav Lobotka,ITA,2019-20,Napoli,M S,14,749,0,0,0,2,6,0.08,0.08,0.178,5.624,5.527,0,0,192735,Stanislav Lobotka,1994-11-25,24.77,168.0,right,Midfield,Defensive Midfield,Slovakia,Slovakia,14,752,0,0,6195,SSC Napoli,2209,25000000.0,16000000.0,0.999,1.0,0.996,same_club
6125,Stanislav Lobotka,ITA,2019-20,Napoli,M S,14,749,0,0,0,2,6,0.08,0.08,0.178,5.624,5.527,0,0,192735,Stanislav Lobotka,1994-11-25,24.77,168.0,right,Midfield,Defensive Midfield,Slovakia,Slovakia,14,752,0,0,6195,SSC Napoli,2209,25000000.0,16000000.0,0.999,1.0,0.996,same_club
6132,Marco Silvestri,ITA,2019-20,Verona,GK,35,3150,0,0,0,0,1,0.0,0.0,0.016,1.523,1.507,2,0,85528,Marco Silvestri,1991-03-02,28.5,191.0,right,Goalkeeper,Goalkeeper,Italy,Italy,35,3150,0,0,276,Hellas Verona,3270,800000.0,4800000.0,1.0,1.0,1.0,same_club
6170,André Silva,ITA,2019-20,AC Milan,F,1,62,0,0,0,2,0,0.161,0.161,0.0,0.127,0.037,1,0,198008,André Silva,1995-11-06,23.82,186.0,right,Attack,Centre-Forward,Portugal,Portugal,1,61,0,0,5,AC Milan,2567,22000000.0,16000000.0,0.999,1.0,0.997,same_club
6170,André Silva,ITA,2019-20,AC Milan,F,1,62,0,0,0,2,0,0.161,0.161,0.0,0.127,0.037,1,0,198008,André Silva,1995-11-06,23.82,186.0,right,Attack,Centre-Forward,Portugal,Portugal,1,61,0,0,5,AC Milan,2567,22000000.0,16000000.0,0.997,1.0,0.989,same_club
6179,Francesco Vicari,ITA,2019-20,SPAL 2013,D S,34,2909,0,0,0,8,2,0.175,0.175,0.11,3.909,3.89,4,0,240158,Francesco Vicari,1994-08-03,25.08,190.0,right,Defender,Centre-Back,Italy,Italy,34,2901,0,0,2722,SPAL,3171,5000000.0,4000000.0,0.999,1.0,0.997,same_club
6180,Manuel Lazzari,ITA,2019-20,Lazio,D M S,32,2567,0,0,3,15,35,1.272,1.272,3.351,8.141,4.415,6,0,331401,Manuel Lazzari,1993-11-29,25.75,174.0,right,Defender,Right-Back,Italy,Italy,32,2555,0,4,398,Società Sportiva Lazio S.p.A.,3275,18000000.0,14500000.0,0.999,1.0,0.995,same_club
6191,Lorenzo Venuti,ITA,2019-20,Fiorentina,D M S,16,858,0,0,1,4,8,0.224,0.224,0.611,2.694,2.37,4,0,240219,Lorenzo Venuti,1995-04-12,24.39,179.0,right,Defender,Right-Back,Italy,Italy,16,826,0,2,430,ACF Fiorentina,895,2000000.0,1600000.0,0.989,1.0,0.963,same_club
6206,Bram Nuytinck,ITA,2019-20,Udinese,D,26,2231,0,0,0,6,6,0.237,0.237,0.827,5.229,5.177,2,0,104597,Bram Nuytinck,1990-05-04,29.33,191.0,left,Defender,Centre-Back,Netherlands,Netherlands,26,2229,0,0,410,Udinese Calcio,2409,3500000.0,2800000.0,1.0,1.0,0.999,same_club
6247,Mirko Antonucci,ITA,2019-20,Roma,S,2,87,0,0,0,3,1,0.197,0.197,0.05,0.341,0.156,1,0,315852,Mirko Antonucci,1999-03-11,20.48,178.0,both,Attack,Right Winger,Italy,Italy,2,81,0,0,12,Associazione Sportiva Roma,280,500000.0,900000.0,0.98,1.0,0.933,same_club
6252,Lyanco,ITA,2019-20,Torino,D S,17,1193,0,0,0,5,1,0.194,0.194,0.232,1.737,1.336,5,0,379807,Lyanco,1997-02-01,22.58,187.0,right,Defender,Centre-Back,Brazil,Brazil,17,1181,0,0,416,Torino FC,1189,8000000.0,6500000.0,0.997,1.0,0.99,same_club
6282,Emiliano Rigoni,ITA,2019-20,Sampdoria,F M S,8,423,0,0,1,7,15,1.591,1.591,0.919,2.227,0.379,2,0,282544,Emiliano Rigoni,1993-02-04,26.57,182.0,both,Attack,Right Winger,Argentina,Argentina,8,430,0,1,1038,UC Sampdoria,1053,8000000.0,6000000.0,0.995,1.0,0.984,same_club
6303,Marvin Zeegelaar,ITA,2019-20,Udinese,D S,13,596,0,0,1,0,5,0.0,0.0,0.803,2.239,1.598,3,0,92899,Marvin Zeegelaar,1990-08-12,29.05,186.0,left,Defender,Left-Back,,,13,591,0,1,410,Udinese Calcio,591,2500000.0,1200000.0,0.997,1.0,0.992,same_club
6352,Valentino Lazaro,ITA,2019-20,Inter,D S,6,324,0,0,1,3,9,0.108,0.108,0.966,1.436,0.83,2,0,186368,Valentino Lazaro,1996-03-24,23.44,181.0,right,Midfield,Right Midfield,Austria,Austria,6,323,0,1,46,Inter Milan,1092,17000000.0,15000000.0,0.988,1.0,0.96,same_club
6352,Valentino Lazaro,ITA,2019-20,Inter,D S,6,324,0,0,1,3,9,0.108,0.108,0.966,1.436,0.83,2,0,186368,Valentino Lazaro,1996-03-24,23.44,181.0,right,Midfield,Right Midfield,Austria,Austria,6,323,0,1,46,Inter Milan,1092,17000000.0,15000000.0,0.999,1.0,0.997,same_club
6375,Andrea Danzi,ITA,2019-20,Verona,S,1,1,0,0,0,0,0,0.0,0.0,0.0,0.0,0.0,0,0,319171,Andrea Danzi,1999-02-25,20.51,175.0,right,Midfield,Defensive Midfield,Italy,Italy,1,1,0,0,276,Hellas Verona,1,500000.0,450000.0,1.0,1.0,1.0,same_club
6388,Riccardo Ladinetti,ITA,2019-20,Cagliari,M S,3,126,0,0,0,0,3,0.0,0.0,0.071,0.045,0.028,0,0,459452,Riccardo Ladinetti,2000-12-20,18.7,182.0,right,Midfield,Defensive Midfield,Italy,Italy,3,127,0,0,1390,Cagliari Calcio,127,150000.0,350000.0,0.998,1.0,0.992,same_club
6412,Raoul Bellanova,ITA,2019-20,Atalanta,S,1,17,0,0,0,2,0,0.132,0.132,0.0,0.547,0.513,0,0,357992,Raoul Bellanova,2000-05-17,19.29,188.0,right,Midfield,Right Midfield,Italy,Italy,1,17,0,0,800,Atalanta BC,80,1000000.0,900000.0,1.0,1.0,1.0,same_club
6412,Raoul Bellanova,ITA,2019-20,Atalanta,S,1,17,0,0,0,2,0,0.132,0.132,0.0,0.547,0.513,0,0,357992,Raoul Bellanova,2000-05-17,19.29,188.0,right,Midfield,Right Midfield,Italy,Italy,1,17,0,0,800,Atalanta BC,80,1000000.0,900000.0,1.0,1.0,1.0,same_club
6460,Vincenzo Millico,ITA,2019-20,Torino,S,11,185,0,0,0,6,3,0.129,0.129,0.251,0.65,0.313,0,0,390159,Vincenzo Millico,2000-08-12,19.05,174.0,right,Attack,Left Winger,Italy,Italy,11,206,0,0,416,Torino FC,299,1000000.0,1800000.0,0.969,1.0,0.898,same_club
6517,Charalampos Lykogiannis,ITA,2019-20,Cagliari,D M S,20,1341,0,0,1,14,8,0.62,0.62,1.324,2.798,1.924,4,0,136514,Charalampos Lykogiannis,1993-10-22,25.86,191.0,left,Defender,Left-Back,Greece,Greece,20,1339,0,1,1390,Cagliari Calcio,1609,1500000.0,1200000.0,1.0,1.0,0.999,same_club
6546,Jawad El Yamiq,ITA,2019-20,Genoa,D S,3,192,0,0,0,2,2,0.088,0.088,0.025,0.215,0.194,1,0,235412,Jawad El Yamiq,1992-02-29,27.5,193.0,right,Defender,Centre-Back,Morocco,Morocco,3,197,0,0,252,Genoa CFC,264,800000.0,650000.0,0.992,1.0,0.975,same_club
6572,Guilherme Arana,ITA,2019-20,Atalanta,S,4,69,0,0,0,0,1,0.0,0.0,0.04,0.328,0.328,0,0,346766,Guilherme Arana,1997-04-14,22.38,176.0,left,Defender,Left-Back,Brazil,Brazil,4,75,0,0,800,Atalanta BC,75,3000000.0,2200000.0,0.98,1.0,0.933,same_club
6672,Riccardo Sottil,ITA,2019-20,Fiorentina,D F S,18,484,0,0,0,16,5,1.091,1.091,0.459,2.403,0.93,3,0,386455,Riccardo Sottil,1999-06-03,20.25,180.0,right,Attack,Left Winger,Italy,Italy,18,505,0,0,430,ACF Fiorentina,611,1500000.0,3600000.0,0.988,1.0,0.958,same_club
6696,Luca Ranieri,ITA,2019-20,Fiorentina,D S,3,233,0,0,0,3,5,0.058,0.058,0.241,0.81,0.569,0,1,346561,Luca Ranieri,1999-04-23,20.36,187.0,left,Defender,Centre-Back,Italy,Italy,3,232,0,0,430,ACF Fiorentina,412,2000000.0,1800000.0,0.999,1.0,0.996,same_club
6701,Federico Brancolini,ITA,2019-20,Fiorentina,S,1,3,0,0,0,0,0,0.0,0.0,0.0,0.0,0.0,0,0,451154,Federico Brancolini,2001-07-14,18.13,192.0,right,Goalkeeper,Goalkeeper,Italy,Italy,1,5,0,0,430,ACF Fiorentina,5,100000.0,300000.0,0.993,1.0,0.978,same_club
6704,Kingsley Michael,ITA,2019-20,Bologna,M,1,79,0,0,0,0,1,0.0,0.0,0.135,0.246,0.246,0,0,401920,Kingsley Michael,1999-08-26,20.02,176.0,right,Midfield,Central Midfield,,,1,77,0,0,1025,Bologna Football Club 1909,167,1000000.0,900000.0,0.993,1.0,0.978,same_club
6706,Ndary Adopo,ITA,2019-20,Torino,S,2,2,0,0,0,0,0,0.0,0.0,0.0,0.0,0.0,0,0,564305,Michel Adopo,2000-07-19,19.12,187.0,right,Midfield,Central Midfield,France,France,2,3,0,0,416,Torino FC,3,150000.0,200000.0,0.967,0.95,0.989,same_club
6750,Gonzalo Villar,ITA,2019-20,Roma,M S,9,283,0,0,0,2,2,1.071,1.071,0.047,3.029,2.392,3,0,398163,Gonzalo Villar,1998-03-23,21.44,181.0,right,Midfield,Central Midfield,Spain,Spain,9,293,0,0,12,Associazione Sportiva Roma,375,300000.0,2700000.0,0.99,1.0,0.966,same_club
6962,Robin Olsen,ITA,2019-20,Cagliari,GK,17,1530,0,0,0,0,0,0.0,0.0,0.0,0.385,0.385,0,1,75458,Robin Olsen,1990-01-08,29.65,196.0,right,Goalkeeper,Goalkeeper,Sweden,Sweden,17,1525,0,0,1390,Cagliari Calcio,1705,7500000.0,6500000.0,0.999,1.0,0.997,same_club
6966,Daniel Fuzato,ITA,2019-20,Roma,GK,1,90,0,0,0,0,0,0.0,0.0,0.0,0.0,0.0,0,0,438682,Daniel Fuzato,1997-07-04,22.16,190.0,right,Goalkeeper,Goalkeeper,Brazil,Brazil,1,90,0,0,12,Associazione Sportiva Roma,90,100000.0,400000.0,1.0,1.0,1.0,same_club
6971,Mitchell Dijks,ITA,2019-20,Bologna,D S,13,1017,0,0,0,0,11,0.0,0.0,0.911,2.87,2.516,4,0,187245,Mitchell Dijks,1993-02-09,26.56,194.0,left,Defender,Left-Back,Netherlands,Netherlands,13,1007,0,0,1025,Bologna Football Club 1909,1097,2000000.0,4000000.0,0.997,1.0,0.99,same_club
6973,Nehuén Paz,ITA,2019-20,"Bologna,Lecce",D S,16,960,0,0,1,4,1,0.248,0.248,0.042,1.559,1.559,5,0,284724,Nehuén Paz,1993-04-28,26.34,192.0,left,Defender,Centre-Back,Argentina,Argentina,16,962,0,1,"1005,1025","US Lecce,Bologna Football Club 1909",1052,400000.0,325000.0,0.999,1.0,0.998,same_club
6976,Demba Thiam,ITA,2019-20,SPAL 2013,GK,2,180,0,0,0,0,0,0.0,0.0,0.0,0.09,0.09,0,0,435406,Demba Thiam,1998-03-05,21.49,202.0,right,Goalkeeper,Goalkeeper,Senegal,Senegal,2,180,0,0,2722,SPAL,180,100000.0,100000.0,1.0,1.0,1.0,same_club
6977,Pietro Terracciano,ITA,2019-20,Fiorentina,GK,7,627,0,0,0,0,1,0.0,0.0,0.017,0.557,0.541,0,0,96254,Pietro Terracciano,1990-03-08,29.48,193.0,right,Goalkeeper,Goalkeeper,Italy,Italy,7,625,0,0,430,ACF Fiorentina,895,800000.0,400000.0,0.999,1.0,0.997,same_club
6996,William Troost-Ekong,ITA,2019-20,Udinese,D S,30,2578,0,0,0,6,3,1.027,1.027,0.134,4.149,4.053,5,0,192875,William Troost-Ekong,1993-09-01,26.0,191.0,right,Defender,Centre-Back,Nigeria,Netherlands,30,2577,0,0,410,Udinese Calcio,2667,4000000.0,3200000.0,1.0,1.0,1.0,same_club
6998,Lukasz Teodorczyk,ITA,2019-20,Udinese,F S,14,194,0,0,1,4,4,0.316,0.316,0.884,1.445,0.331,1,0,157849,Lukasz Teodorczyk,1991-06-03,28.25,188.0,right,Attack,Centre-Forward,Poland,Poland,14,211,0,1,410,Udinese Calcio,346,3000000.0,1700000.0,0.976,1.0,0.919,same_club
7000,Hidde ter Avest,ITA,2019-20,Udinese,D S,20,654,0,0,0,2,8,0.121,0.121,0.473,3.149,2.915,1,0,258519,Hidde ter Avest,1997-05-20,22.28,182.0,right,Defender,Right-Back,Netherlands,Netherlands,20,676,0,0,410,Udinese Calcio,839,2000000.0,1600000.0,0.99,1.0,0.967,same_club
7001,Nicholas Opoku,ITA,2019-20,Udinese,D S,7,483,0,0,0,3,4,0.077,0.077,0.148,0.688,0.613,1,1,396516,Nicholas Opoku,1997-08-11,22.06,190.0,right,Defender,Centre-Back,Ghana,Ghana,7,482,0,0,410,Udinese Calcio,1350,1000000.0,800000.0,1.0,1.0,1.0,same_club
7001,Nicholas Opoku,ITA,2019-20,Udinese,D S,7,483,0,0,0,3,4,0.077,0.077,0.148,0.688,0.613,1,1,396516,Nicholas Opoku,1997-08-11,22.06,190.0,right,Defender,Centre-Back,Ghana,Ghana,7,482,0,0,410,Udinese Calcio,1350,1000000.0,800000.0,0.999,1.0,0.998,same_club
7014,Arkadiusz Reca,ITA,2019-20,SPAL 2013,D S,25,1941,0,0,2,19,26,1.701,1.701,2.108,4.71,3.256,2,0,268178,Arkadiusz Reca,1995-06-17,24.21,187.0,left,Midfield,Left Midfield,Poland,Poland,25,1930,0,2,2722,SPAL,1999,3500000.0,2400000.0,0.998,1.0,0.994,same_club
7089,Gabriele Corbo,ITA,2019-20,Bologna,D S,2,117,0,0,0,0,0,0.0,0.0,0.0,0.093,0.093,1,0,423614,Gabriele Corbo,2000-01-11,19.64,186.0,right,Defender,Centre-Back,Italy,Italy,2,121,0,0,1025,Bologna Football Club 1909,211,800000.0,725000.0,0.99,1.0,0.967,same_club
7092,Koray Günter,ITA,2019-20,Verona,D S,32,2740,0,0,0,6,2,0.151,0.151,0.045,6.282,6.222,7,0,115763,Koray Günter,1994-08-16,25.04,185.0,right,Defender,Centre-Back,Germany,Germany,32,2735,0,0,276,Hellas Verona,2767,1000000.0,2400000.0,0.999,1.0,0.998,same_club
7095,Juan Musso,ITA,2019-20,Udinese,GK,38,3420,0,0,0,0,2,0.0,0.0,0.043,4.35,4.307,1,0,242359,Juan Musso,1994-05-06,25.32,193.0,right,Goalkeeper,Goalkeeper,Argentina,Argentina,38,3420,0,0,410,Udinese Calcio,3510,10000000.0,12000000.0,1.0,1.0,1.0,same_club
7096,Omar Colley,ITA,2019-20,Sampdoria,D S,31,2772,0,0,1,24,8,3.218,3.218,0.736,4.455,3.72,10,0,174733,Omar Colley,1992-10-24,26.85,191.0,left,Defender,Centre-Back,The Gambia,The Gambia,31,2771,0,1,1038,UC Sampdoria,2861,8000000.0,5500000.0,1.0,1.0,1.0,same_club
7097,Ronaldo Vieira,ITA,2019-20,Sampdoria,M S,27,1823,0,0,1,31,24,1.397,1.397,0.883,5.864,4.453,11,1,434676,Ronaldo Vieira,1998-07-19,21.12,178.0,right,Midfield,Central Midfield,Guinea-Bissau,Guinea-Bissau,27,1820,0,1,1038,UC Sampdoria,2000,5000000.0,6300000.0,1.0,1.0,0.998,same_club
7178,Valon Berisha,ITA,2019-20,Lazio,S,3,26,0,0,0,0,0,0.0,0.0,0.0,0.126,0.126,0,0,145115,Valon Berisha,1993-02-07,26.56,176.0,right,Midfield,Central Midfield,Kosovo,Sweden,3,30,0,0,398,Società Sportiva Lazio S.p.A.,1227,7000000.0,4000000.0,0.997,1.0,0.989,same_club
7178,Valon Berisha,ITA,2019-20,Lazio,S,3,26,0,0,0,0,0,0.0,0.0,0.0,0.126,0.126,0,0,145115,Valon Berisha,1993-02-07,26.56,176.0,right,Midfield,Central Midfield,Kosovo,Sweden,3,30,0,0,398,Società Sportiva Lazio S.p.A.,1227,7000000.0,4000000.0,0.987,1.0,0.956,same_club
7210,Gianmarco Cangiano,ITA,2019-20,Bologna,S,3,13,0,0,0,0,0,0.0,0.0,0.0,0.0,0.0,0,0,496270,Gianmarco Cangiano,2001-11-16,17.79,176.0,right,Attack,Left Winger,Italy,Italy,3,18,0,0,1025,Bologna Football Club 1909,18,,500000.0,0.983,1.0,0.944,same_club
7227,Matteo Scozzarella,ITA,2019-20,Parma Calcio 1913,M S,16,944,0,0,3,4,14,0.108,0.108,0.754,1.593,1.403,2,0,85208,Matteo Scozzarella,1988-06-05,31.24,170.0,right,Midfield,Defensive Midfield,Italy,Italy,16,926,0,3,130,Parma Calcio 1913,996,800000.0,800000.0,0.994,1.0,0.981,same_club
7284,Marco Brescianini,ITA,2019-20,AC Milan,S,1,22,0,0,0,0,0,0.0,0.0,0.0,0.0,0.0,0,0,459128,Marco Brescianini,2000-01-20,19.61,188.0,left,Midfield,Central Midfield,Italy,Italy,1,24,0,0,5,AC Milan,24,50000.0,100000.0,0.993,1.0,0.978,same_club
7365,Lucas Paquetá,ITA,2019-20,AC Milan,M S,24,1090,0,0,1,33,18,1.985,1.985,1.661,6.497,3.661,7,0,444523,Lucas Paquetá,1997-08-27,22.01,183.0,left,Midfield,Attacking Midfield,Brazil,Brazil,24,1100,0,1,5,AC Milan,1200,35000000.0,22500000.0,0.997,1.0,0.991,same_club
7375,Roberto Piccoli,ITA,2019-20,Atalanta,S,1,16,0,0,0,1,1,0.415,0.415,0.034,0.547,0.098,0,0,432092,Roberto Piccoli,2001-01-27,18.59,190.0,right,Attack,Centre-Forward,Italy,Italy,1,16,0,0,800,Atalanta BC,16,,1000000.0,1.0,1.0,1.0,same_club
7411,Nicolo Rovella,ITA,2019-20,Genoa,M S,2,106,0,0,0,1,0,0.019,0.019,0.0,0.082,0.082,0,0,525704,Nicolò Rovella,2001-12-04,17.74,179.0,right,Midfield,Defensive Midfield,Italy,Italy,2,105,0,0,252,Genoa CFC,108,,800000.0,0.997,1.0,0.991,same_club
7413,Ibañez,ITA,2019-20,Roma,D S,9,617,0,0,0,3,3,0.593,0.593,0.116,3.41,3.348,2,0,524481,Roger Ibañez,1998-11-23,20.77,186.0,right,Defender,Centre-Back,Brazil,Brazil,9,616,0,0,12,Associazione Sportiva Roma,725,3000000.0,1800000.0,1.0,1.0,0.998,same_club
7473,Marko Jankovic,ITA,2019-20,SPAL 2013,M S,6,107,0,0,0,1,1,0.066,0.066,0.052,0.084,0.018,1,0,222223,Marko Jankovic,1995-07-09,24.15,172.0,left,Midfield,Central Midfield,Montenegro,Yugoslavia (Republic),6,111,0,0,2722,SPAL,257,1800000.0,1200000.0,0.989,1.0,0.964,same_club
7581,Simone Muratore,ITA,2019-20,Juventus,M S,4,167,0,0,0,4,4,0.047,0.047,0.143,0.476,0.409,0,0,297648,Simone Muratore,1998-05-30,21.26,186.0,right,Midfield,Central Midfield,Italy,Italy,4,165,0,0,506,Juventus FC,166,125000.0,125000.0,0.996,1.0,0.988,same_club
7611,Nicolò Armini,ITA,2019-20,Lazio,S,1,1,0,0,0,0,0,0.0,0.0,0.0,0.0,0.0,0,0,421775,Nicolò Armini,2001-03-07,18.49,185.0,right,Defender,Centre-Back,Italy,Italy,1,2,0,0,398,Società Sportiva Lazio S.p.A.,2,,200000.0,0.997,1.0,0.989,same_club
7627,Andrea Ghion,ITA,2019-20,Sassuolo,S,3,39,0,0,0,1,3,0.056,0.056,0.117,0.314,0.258,0,0,390163,Andrea Ghion,2000-02-23,19.52,174.0,right,Midfield,Defensive Midfield,Italy,Italy,3,45,0,0,6574,US Sassuolo,45,100000.0,200000.0,0.98,1.0,0.933,same_club
7910,Szymon Zurkowski,ITA,2019-20,Fiorentina,S,2,7,0,0,0,1,0,0.102,0.102,0.0,0.102,0.0,0,0,387234,Szymon Żurkowski,1997-09-25,21.93,185.0,right,Midfield,Central Midfield,Poland,Poland,2,10,0,0,430,ACF Fiorentina,10,4000000.0,3000000.0,0.99,1.0,0.967,same_club
7911,Aleksa Terzic,ITA,2019-20,Fiorentina,S,2,5,0,0,0,0,0,0.0,0.0,0.0,0.0,0.0,0,0,404260,Aleksa Terzic,1999-08-17,20.04,184.0,left,Defender,Left-Back,Serbia,Yugoslavia (Republic),2,7,0,0,430,ACF Fiorentina,105,1500000.0,1300000.0,0.993,1.0,0.978,same_club
7919,Léo Duarte,ITA,2019-20,AC Milan,D S,6,400,0,0,0,3,0,0.243,0.243,0.0,1.068,0.996,2,0,312678,Léo Duarte,1996-07-17,23.12,183.0,right,Defender,Centre-Back,Brazil,Brazil,6,403,0,0,5,AC Milan,403,8000000.0,6000000.0,0.998,1.0,0.993,same_club
7924,Amir Rrahmani,ITA,2019-20,Verona,D,36,3229,0,0,1,43,15,3.46,3.46,1.055,6.377,5.365,5,0,257732,Amir Rrahmani,1994-02-24,25.52,192.0,right,Defender,Centre-Back,Kosovo,Yugoslavia (Republic),36,3229,0,1,276,Hellas Verona,3349,1500000.0,9500000.0,1.0,1.0,1.0,same_club
7925,Liam Henderson,ITA,2019-20,Verona,M S,4,193,0,0,0,3,2,0.049,0.049,0.373,0.035,0.0,1,0,193867,Liam Henderson,1996-04-25,23.35,183.0,right,Midfield,Central Midfield,Scotland,Scotland,4,195,0,0,276,Hellas Verona,315,1400000.0,1100000.0,0.997,1.0,0.99,same_club
7926,Gennaro Tutino,ITA,2019-20,Verona,F S,6,226,0,0,0,3,0,0.44,0.44,0.0,0.621,0.181,0,0,202979,Gennaro Tutino,1996-08-20,23.03,177.0,right,Attack,Centre-Forward,Italy,Italy,6,224,0,0,276,Hellas Verona,344,2500000.0,2000000.0,0.997,1.0,0.991,same_club
7929,Alan Empereur,ITA,2019-20,Verona,D S,13,845,0,0,0,2,1,0.034,0.034,0.057,1.359,1.359,3,0,169179,Alan Empereur,1994-03-10,25.48,186.0,left,Defender,Centre-Back,Brazil,Brazil,13,854,0,0,276,Hellas Verona,974,500000.0,400000.0,0.997,1.0,0.989,same_club
7933,Jerdy Schouten,ITA,2019-20,Bologna,M S,19,1087,0,0,0,7,9,0.153,0.153,0.315,3.658,3.356,6,1,347900,Jerdy Schouten,1997-01-12,22.63,185.0,right,Midfield,Defensive Midfield,Netherlands,Netherlands,19,1082,0,1,1025,Bologna Football Club 1909,1127,2000000.0,3200000.0,0.999,1.0,0.995,same_club
7936,Filip Jagiello,ITA,2019-20,Genoa,M S,11,555,0,0,2,5,12,0.271,0.271,0.935,1.824,1.187,0,0,242813,Filip Jagiełło,1997-08-08,22.06,179.0,right,Midfield,Attacking Midfield,Poland,Poland,11,554,0,2,252,Genoa CFC,625,1500000.0,1200000.0,0.953,0.923,0.998,same_club
7938,Tommaso Augello,ITA,2019-20,Sampdoria,D S,17,1131,0,0,2,0,18,0.0,0.0,1.089,3.208,2.701,2,0,284595,Tommaso Augello,1994-08-30,25.0,180.0,left,Defender,Left-Back,Italy,Italy,17,1132,0,2,1038,UC Sampdoria,1222,1000000.0,800000.0,1.0,1.0,0.999,same_club
7940,Denis Vavro,ITA,2019-20,Lazio,D S,11,292,0,0,0,3,0,0.114,0.114,0.0,0.739,0.739,0,0,239962,Denis Vavro,1996-04-10,23.39,189.0,right,Defender,Centre-Back,Slovakia,Slovakia,11,318,0,0,398,Società Sportiva Lazio S.p.A.,835,6000000.0,6500000.0,0.975,1.0,0.918,same_club
7941,André Anderson,ITA,2019-20,Lazio,S,6,49,0,0,0,5,2,0.204,0.204,0.126,0.276,0.056,0,0,601577,André Anderson,1999-09-23,19.94,180.0,right,Midfield,Attacking Midfield,Italy,Brazil,6,56,0,0,398,Società Sportiva Lazio S.p.A.,85,900000.0,725000.0,0.977,1.0,0.922,same_club
7943,Igor Julio,ITA,2019-20,"Fiorentina,SPAL 2013",D S,26,1948,0,0,1,5,7,0.142,0.142,1.104,4.775,3.8,9,0,380350,Igor Julio,1998-02-07,21.56,188.0,left,Defender,Centre-Back,Brazil,Brazil,26,1950,0,1,"430,2722","ACF Fiorentina,SPAL",2147,1500000.0,4500000.0,1.0,1.0,0.999,same_club
7945,Karlo Letica,ITA,2019-20,SPAL 2013,GK,10,900,0,0,0,0,1,0.0,0.0,0.035,1.539,1.504,1,0,318707,Karlo Letica,1997-02-11,22.55,201.0,right,Goalkeeper,Goalkeeper,Croatia,Croatia,10,900,0,0,2722,SPAL,900,1800000.0,1000000.0,1.0,1.0,1.0,same_club
7951,Alessandro Tripaldelli,ITA,2019-20,Sassuolo,D S,2,133,0,0,0,0,0,0.0,0.0,0.0,0.019,0.019,0,0,357176,Alessandro Tripaldelli,1999-02-09,20.56,182.0,left,Defender,Left-Back,Italy,Italy,2,135,0,0,6574,US Sassuolo,193,500000.0,450000.0,0.996,1.0,0.985,same_club
7952,Simone Pinna,ITA,2019-20,Cagliari,D,1,90,0,0,0,0,2,0.0,0.0,0.065,0.489,0.424,1,0,303187,Simone Pinna,1997-10-17,21.87,,right,Defender,Right-Back,Italy,Italy,1,90,0,0,1390,Cagliari Calcio,174,175000.0,200000.0,1.0,1.0,1.0,same_club
7955,Jesse Joronen,ITA,2019-20,Brescia,GK,29,2610,0,0,0,0,1,0.0,0.0,0.023,1.591,1.568,1,0,131758,Jesse Joronen,1993-03-21,26.45,197.0,right,Goalkeeper,Goalkeeper,Finland,Finland,29,2610,0,0,19,Brescia Calcio,2730,2500000.0,4000000.0,1.0,1.0,1.0,same_club
7960,Florian Aye,ITA,2019-20,Brescia,F M S,22,1377,0,0,0,24,9,2.631,2.631,1.331,2.923,0.557,2,1,372713,Florian Ayé,1997-01-19,22.61,184.0,right,Attack,Centre-Forward,France,France,22,1381,0,1,19,Brescia Calcio,1418,4000000.0,1600000.0,0.999,1.0,0.997,same_club
7963,Massimiliano Mangraviti,ITA,2019-20,Brescia,D S,13,984,0,0,0,3,2,0.472,0.472,0.111,1.056,1.04,2,0,395805,Massimiliano Mangraviti,1998-01-24,21.6,188.0,left,Defender,Centre-Back,Italy,Italy,13,974,0,0,19,Brescia Calcio,974,125000.0,200000.0,0.997,1.0,0.99,same_club
7964,Enrico Alfonso,ITA,2019-20,Brescia,GK,4,279,0,0,0,0,0,0.0,0.0,0.0,0.242,0.242,0,0,34334,Enrico Alfonso,1988-05-04,31.33,191.0,right,Goalkeeper,Goalkeeper,Italy,Italy,4,280,0,0,19,Brescia Calcio,280,600000.0,475000.0,0.999,1.0,0.996,same_club
7965,Luca Tremolada,ITA,2019-20,Brescia,S,1,13,0,0,0,0,0,0.0,0.0,0.0,0.0,0.0,0,0,88713,Luca Tremolada,1991-11-25,27.77,176.0,left,Midfield,Attacking Midfield,Italy,Italy,1,14,0,0,19,Brescia Calcio,39,900000.0,725000.0,0.997,1.0,0.989,same_club
7966,Felipe Curcio,ITA,2019-20,Brescia,S,1,1,0,0,0,0,0,0.0,0.0,0.0,0.0,0.0,0,0,331467,Felipe Curcio,1993-08-06,26.07,185.0,left,Defender,Left-Back,Brazil,Brazil,1,4,0,0,19,Brescia Calcio,47,400000.0,300000.0,0.99,1.0,0.967,same_club
7971,Jacopo Petriccione,ITA,2019-20,Lecce,M S,31,2155,0,0,5,18,41,0.462,0.462,1.736,7.436,6.037,10,0,218067,Jacopo Petriccione,1995-02-22,24.52,176.0,right,Midfield,Defensive Midfield,Italy,Italy,31,2141,0,5,1005,US Lecce,2289,2000000.0,2400000.0,0.998,1.0,0.994,same_club
7974,Romario Benzar,ITA,2019-20,Lecce,D S,3,98,0,0,0,0,2,0.0,0.0,0.094,0.367,0.351,0,0,164231,Romario Benzar,1992-03-26,27.43,180.0,right,Defender,Right-Back,Romania,Romania,3,97,0,0,1005,US Lecce,155,2500000.0,1400000.0,0.997,1.0,0.99,same_club
7978,Edgaras Dubickas,ITA,2019-20,Lecce,S,1,1,0,0,0,0,0,0.0,0.0,0.0,0.0,0.0,0,0,395295,Edgaras Dubickas,1998-07-09,21.15,185.0,right,Attack,Centre-Forward,Lithuania,Lithuania,1,2,0,0,1005,US Lecce,92,100000.0,75000.0,0.997,1.0,0.989,same_club
7979,Brayan Vera,ITA,2019-20,Lecce,D S,8,142,0,0,1,4,3,0.101,0.101,0.155,0.191,0.159,0,0,642967,Brayan Vera,1999-01-15,20.63,180.0,left,Defender,Centre-Back,Colombia,Colombia,8,149,0,1,1005,US Lecce,239,100000.0,450000.0,0.986,1.0,0.953,same_club
7994,Ales Mateju,ITA,2019-20,Brescia,D S,31,2545,0,0,1,6,9,0.271,0.271,0.931,3.275,2.494,8,1,242078,Ales Mateju,1996-06-03,23.24,185.0,right,Defender,Right-Back,Czech Republic,Czech Republic,31,2548,0,1,19,Brescia Calcio,2668,1700000.0,1500000.0,1.0,1.0,0.999,same_club
8007,Yildirim Mert Cetin,ITA,2019-20,Roma,D S,6,248,0,0,0,3,0,0.487,0.487,0.0,0.304,0.304,2,1,391498,Mert Çetin,1997-01-01,22.66,189.0,right,Defender,Centre-Back,Türkiye,Türkiye,6,255,0,0,12,Associazione Sportiva Roma,255,250000.0,1600000.0,0.962,0.95,0.973,same_club
8008,Mauro Vigorito,ITA,2019-20,Lecce,GK S,5,423,0,0,0,0,0,0.0,0.0,0.0,0.748,0.748,1,0,88595,Mauro Vigorito,1990-05-22,29.28,187.0,right,Goalkeeper,Goalkeeper,Italy,Italy,5,423,0,0,1005,US Lecce,513,600000.0,650000.0,1.0,1.0,1.0,same_club
8027,Peter Ankersen,ITA,2019-20,Genoa,D M S,19,1043,0,0,1,13,7,0.375,0.375,0.605,3.689,2.92,2,0,146889,Peter Ankersen,1990-09-22,28.94,180.0,right,Defender,Right-Back,Denmark,Denmark,19,1062,0,1,252,Genoa CFC,1062,3000000.0,2000000.0,0.995,1.0,0.982,same_club
8030,Sebastian Walukiewicz,ITA,2019-20,Cagliari,D S,14,1172,0,0,0,1,3,0.018,0.018,0.058,0.975,0.943,1,0,345458,Sebastian Walukiewicz,2000-04-05,19.41,188.0,right,Defender,Right-Back,Poland,Poland,14,1167,0,0,1390,Cagliari Calcio,1347,4000000.0,3600000.0,0.999,1.0,0.996,same_club
8034,Georgios Kyriakopoulos,ITA,2019-20,Sassuolo,D S,26,1622,0,0,1,21,8,0.603,0.603,0.57,7.304,6.632,4,0,311178,Georgios Kyriakopoulos,1996-02-05,23.57,186.0,left,Defender,Left-Back,Greece,Greece,26,1639,0,3,6574,US Sassuolo,1819,600000.0,2400000.0,0.997,1.0,0.99,same_club
8036,Luigi Vitale,ITA,2019-20,Verona,S,2,33,0,0,0,0,0,0.0,0.0,0.0,0.0,0.0,0,0,80158,Luigi Vitale,1987-10-05,31.91,180.0,left,Defender,Left-Back,Italy,Italy,2,39,0,0,276,Hellas Verona,92,600000.0,325000.0,0.98,1.0,0.933,same_club
8063,Georgi Tunjov,ITA,2019-20,SPAL 2013,M S,10,275,0,0,0,6,3,0.254,0.254,0.046,0.54,0.494,0,0,363610,Georgi Tunjov,2001-04-17,18.37,186.0,left,Midfield,Central Midfield,Estonia,Estonia,10,281,0,0,2722,SPAL,371,,350000.0,0.994,1.0,0.979,same_club
8101,Stefano Turati,ITA,2019-20,Sassuolo,GK,2,180,0,0,0,0,0,0.0,0.0,0.0,0.492,0.492,0,0,543666,Stefano Turati,2001-09-05,17.99,188.0,right,Goalkeeper,Goalkeeper,Italy,Italy,2,180,0,0,6574,US Sassuolo,180,,300000.0,1.0,1.0,1.0,same_club
8102,Stefano Piccinini,ITA,2019-20,Sassuolo,S,1,6,0,0,0,0,1,0.0,0.0,0.028,0.043,0.015,0,0,602607,Stefano Piccinini,2002-12-31,16.67,186.0,right,Defender,Centre-Back,Italy,Italy,1,8,0,0,6574,US Sassuolo,94,,,0.993,1.0,0.978,same_club
8105,Gonzalo Maroni,ITA,2019-20,Sampdoria,M S,5,174,0,0,1,5,10,0.947,0.185,0.419,0.698,0.324,0,0,441385,Gonzalo Maroni,1999-03-18,20.46,170.0,right,Midfield,Attacking Midfield,Argentina,Argentina,5,181,0,1,1038,UC Sampdoria,276,5000000.0,4500000.0,0.988,1.0,0.961,same_club
8110,Pedro,ITA,2019-20,Fiorentina,S,4,51,0,0,0,5,1,0.279,0.279,0.019,0.356,0.059,0,0,432895,Pedro,1997-06-20,22.2,185.0,right,Attack,Centre-Forward,Brazil,Brazil,4,59,0,0,430,ACF Fiorentina,59,18000000.0,12000000.0,0.973,1.0,0.911,same_club
8111,Lucas,ITA,2019-20,Verona,S,2,21,0,0,0,1,0,0.023,0.023,0.0,0.038,0.016,0,0,538063,Lucas Felippe,2000-05-03,19.33,178.0,left,Midfield,Central Midfield,Brazil,Brazil,2,25,0,0,276,Hellas Verona,25,75000.0,75000.0,0.957,0.95,0.956,same_club
8113,Marco Olivieri,ITA,2019-20,Juventus,S,3,23,0,0,0,1,0,0.041,0.041,0.0,0.072,0.031,0,0,346562,Marco Olivieri,1999-06-30,20.17,177.0,right,Attack,Left Winger,Italy,Italy,3,27,0,0,506,Juventus FC,33,175000.0,200000.0,0.987,1.0,0.956,same_club
8120,Sinan Gümüs,ITA,2019-20,Genoa,F S,3,97,0,0,0,3,0,0.176,0.176,0.0,0.198,0.022,0,0,196524,Sinan Gümüş,1994-01-15,25.63,179.0,left,Attack,Right Winger,Türkiye,Germany,3,95,0,0,252,Genoa CFC,825,1300000.0,950000.0,0.994,1.0,0.979,same_club
8121,Emanuele Ndoj,ITA,2019-20,Brescia,M S,18,529,0,0,0,9,7,1.567,1.567,0.24,1.963,0.246,2,0,287717,Emanuele Ndoj,1996-11-20,22.78,189.0,right,Midfield,Central Midfield,Albania,Italy,18,549,0,1,19,Brescia Calcio,549,3000000.0,2400000.0,0.989,1.0,0.964,same_club
8124,Andri Fannar Baldursson,ITA,2019-20,Bologna,S,7,121,0,0,0,2,1,0.076,0.076,0.054,0.657,0.581,0,0,464446,Andri Fannar Baldursson,2002-01-10,17.64,187.0,right,Midfield,Defensive Midfield,Iceland,Iceland,7,136,0,0,1025,Bologna Football Club 1909,136,,,0.967,1.0,0.89,same_club
8129,Riccardo Calafiori,ITA,2019-20,Roma,D,1,62,0,0,0,0,0,0.0,0.0,0.0,0.0,0.0,0,0,502821,Riccardo Calafiori,2002-05-19,17.29,188.0,left,Defender,Left-Back,Italy,Italy,1,60,0,1,12,Associazione Sportiva Roma,60,,,0.993,1.0,0.978,same_club
8133,Lorenzo Andrenacci,ITA,2019-20,Brescia,GK S,6,531,0,0,0,0,0,0.0,0.0,0.0,0.167,0.167,0,0,234880,Lorenzo Andrenacci,1995-01-02,24.66,188.0,right,Goalkeeper,Goalkeeper,Italy,Italy,6,530,0,0,19,Brescia Calcio,530,100000.0,100000.0,0.999,1.0,0.998,same_club
8144,Denilho Cleonise,ITA,2019-20,Genoa,S,4,39,0,0,0,1,0,0.084,0.084,0.0,0.084,0.0,2,0,582131,Denilho Cleonise,2001-12-08,17.73,179.0,left,Attack,Right Winger,Netherlands,Netherlands,4,43,0,0,252,Genoa CFC,112,,1000000.0,0.987,1.0,0.956,same_club
8156,Jacopo Da Riva,ITA,2019-20,Atalanta,S,1,1,0,0,0,0,1,0.0,0.0,0.018,0.018,0.0,0,0,430503,Jacopo Da Riva,2000-10-27,18.84,187.0,both,Midfield,Central Midfield,Italy,Italy,1,1,0,0,800,Atalanta BC,9,75000.0,200000.0,1.0,1.0,1.0,same_club
8161,Ebrima Colley,ITA,2019-20,Atalanta,S,5,75,0,0,1,6,2,0.574,0.574,0.548,1.269,0.42,1,0,567217,Ebrima Colley,2000-02-01,19.58,180.0,right,Attack,Left Winger,The Gambia,The Gambia,5,79,0,1,800,Atalanta BC,79,300000.0,800000.0,0.987,1.0,0.956,same_club
8163,Daniel Maldini,ITA,2019-20,AC Milan,S,2,24,0,0,0,0,0,0.0,0.0,0.0,0.0,0.0,0,0,539134,Daniel Maldini,2001-10-11,17.89,188.0,right,Midfield,Attacking Midfield,Italy,Italy,2,26,0,0,5,AC Milan,26,,300000.0,0.993,1.0,0.978,same_club
8165,Lucien Agoume,ITA,2019-20,Inter,S,3,58,0,0,0,0,1,0.0,0.0,0.103,0.75,0.647,1,0,569384,Lucien Agoumé,2002-02-09,17.56,185.0,right,Midfield,Defensive Midfield,France,Cameroon,3,65,0,0,46,Inter Milan,65,3500000.0,3200000.0,0.977,1.0,0.922,same_club
8170,Marco Ballarini,ITA,2019-20,Udinese,S,1,1,0,0,0,0,0,0.0,0.0,0.0,0.0,0.0,0,0,465279,Marco Ballarini,2001-03-28,18.43,186.0,right,Midfield,Central Midfield,Italy,Italy,1,1,0,0,410,Udinese Calcio,1,,50000.0,1.0,1.0,1.0,same_club
8197,Ilario Monterisi,ITA,2019-20,Lecce,S,1,1,0,0,0,0,0,0.0,0.0,0.0,0.0,0.0,0,0,550116,Ilario Monterisi,2001-12-19,17.7,190.0,right,Defender,Centre-Back,Italy,Italy,1,2,0,0,1005,US Lecce,2,,75000.0,0.997,1.0,0.989,same_club
8199,Mattia Viviani,ITA,2019-20,Brescia,M S,8,330,0,0,0,3,2,0.069,0.069,0.36,0.504,0.369,0,0,403845,Mattia Viviani,2000-09-04,18.99,183.0,right,Midfield,Defensive Midfield,Italy,Italy,8,342,0,0,19,Brescia Calcio,371,400000.0,350000.0,0.989,1.0,0.965,same_club
8232,Andrea Carboni,ITA,2019-20,Cagliari,D S,7,372,0,0,0,1,0,0.021,0.021,0.0,0.256,0.256,3,2,481834,Andrea Carboni,2001-02-04,18.57,187.0,left,Defender,Centre-Back,Italy,Italy,7,371,0,0,1390,Cagliari Calcio,371,,300000.0,0.999,1.0,0.997,same_club
8245,Lorenzo Pirola,ITA,2019-20,Inter,S,1,10,0,0,0,0,0,0.0,0.0,0.0,0.031,0.031,0,0,487834,Lorenzo Pirola,2002-02-20,17.53,188.0,left,Defender,Centre-Back,Italy,Italy,1,10,0,0,46,Inter Milan,10,,900000.0,1.0,1.0,1.0,same_club
8252,Nicolás Domínguez,ITA,2019-20,Bologna,M S,16,689,0,0,1,10,11,0.317,0.317,0.99,1.939,1.109,1,0,497291,Nicolás Domínguez,1998-06-28,21.18,179.0,right,Midfield,Central Midfield,Argentina,Argentina,16,696,0,1,1025,Bologna Football Club 1909,696,12500000.0,15500000.0,0.997,1.0,0.99,same_club
8259,Djavan Anderson,ITA,2019-20,Lazio,D M S,6,171,0,0,0,1,0,0.075,0.075,0.0,0.193,0.118,1,0,215089,Djavan Anderson,1995-04-21,24.36,178.0,right,Defender,Right-Back,Suriname,Netherlands,6,167,0,0,398,Società Sportiva Lazio S.p.A.,196,300000.0,300000.0,0.993,1.0,0.977,same_club
8269,Birkir Bjarnason,ITA,2019-20,Brescia,M S,13,803,0,0,1,8,6,0.323,0.323,1.501,2.013,0.364,1,0,34453,Birkir Bjarnason,1988-05-27,31.26,184.0,right,Midfield,Central Midfield,Iceland,Iceland,13,805,0,1,19,Brescia Calcio,805,1500000.0,800000.0,0.999,1.0,0.998,same_club
8270,Simon Skrabb,ITA,2019-20,Brescia,F M S,10,252,0,0,0,3,2,0.09,0.09,0.519,1.246,0.637,1,0,187047,Simon Skrabb,1995-01-19,24.62,174.0,right,Attack,Right Winger,Finland,Finland,10,252,0,0,19,Brescia Calcio,744,700000.0,2000000.0,1.0,1.0,1.0,same_club
8296,Christian Dalle Mura,ITA,2019-20,Fiorentina,S,1,1,0,0,0,0,0,0.0,0.0,0.0,0.0,0.0,0,0,487829,Christian Dalle Mura,2002-02-02,17.58,185.0,left,Defender,Centre-Back,Italy,Italy,1,1,0,0,430,ACF Fiorentina,1,,,1.0,1.0,1.0,same_club
8298,Lennart Czyborra,ITA,2019-20,Atalanta,S,1,16,0,0,0,0,0,0.0,0.0,0.0,0.0,0.0,0,0,309393,Lennart Czyborra,1999-05-03,20.33,181.0,left,Midfield,Left Midfield,Germany,Germany,1,16,0,0,800,Atalanta BC,1848,750000.0,3200000.0,1.0,1.0,1.0,same_club
8331,Dion Ruffo Luci,ITA,2019-20,Bologna,S,1,1,0,0,0,0,0,0.0,0.0,0.0,0.0,0.0,0,0,537488,Dion Ruffo Luci,2001-07-12,18.14,179.0,right,Midfield,Central Midfield,Italy,Italy,1,1,0,0,1025,Bologna Football Club 1909,1,,100000.0,1.0,1.0,1.0,same_club
8332,Federico Bonini,ITA,2019-20,Bologna,S,1,4,0,0,0,0,0,0.0,0.0,0.0,0.0,0.0,0,0,530552,Federico Bonini,2001-08-06,18.07,185.0,left,Defender,Left-Back,Italy,Italy,1,6,0,0,1025,Bologna Football Club 1909,6,50000.0,250000.0,0.993,1.0,0.978,same_club
8333,Daouda Peeters,ITA,2019-20,Juventus,S,1,11,0,0,0,0,0,0.0,0.0,0.0,0.0,0.0,0,0,365451,Daouda Peeters,1999-01-26,20.6,185.0,right,Midfield,Defensive Midfield,Belgium,Guinea,1,14,0,0,506,Juventus FC,14,50000.0,100000.0,0.99,1.0,0.967,same_club
8388,Jaume Cuellar,ITA,2019-20,SPAL 2013,F S,2,69,0,0,0,0,0,0.0,0.0,0.0,0.27,0.27,0,0,466808,Jaume Cuéllar,2001-08-23,18.02,180.0,both,Attack,Left Winger,Bolivia,Spain,2,71,0,0,2722,SPAL,73,,100000.0,0.993,1.0,0.978,same_club
8467,Christian Celesia,ITA,2019-20,Torino,S,1,1,0,0,0,0,1,0.0,0.0,0.136,0.136,0.0,0,0,562287,Christian Celesia,2002-01-22,17.61,183.0,left,Defender,Centre-Back,Italy,Italy,1,1,0,0,416,Torino FC,1,,,1.0,1.0,1.0,same_club
8475,Bosko Sutalo,ITA,2019-20,Atalanta,D S,7,281,0,0,0,1,1,0.044,0.044,0.059,1.146,1.146,1,0,431698,Bosko Sutalo,2000-01-01,19.67,188.0,right,Defender,Centre-Back,Croatia,Croatia,7,278,0,0,800,Atalanta BC,488,100000.0,3200000.0,0.997,1.0,0.989,same_club
8478,Lorenzo Colombo,ITA,2019-20,AC Milan,S,1,5,0,0,0,0,1,0.0,0.0,0.035,0.035,0.0,0,0,487843,Lorenzo Colombo,2002-03-08,17.48,183.0,left,Attack,Centre-Forward,Italy,Italy,1,8,0,0,5,AC Milan,16,,,0.99,1.0,0.967,same_club
8479,Andrea Ghezzi,ITA,2019-20,Brescia,S,5,23,0,0,0,2,0,0.171,0.171,0.0,0.171,0.0,0,0,536460,Andrea Ghezzi,2001-02-03,18.57,178.0,right,Attack,Right Winger,Italy,Italy,5,32,0,0,19,Brescia Calcio,32,,150000.0,0.97,1.0,0.9,same_club
8487,Martin Palumbo,ITA,2019-20,Udinese,S,1,1,0,0,0,0,0,0.0,0.0,0.0,0.0,0.0,0,0,617170,Martin Palumbo,2002-03-05,17.49,183.0,left,Midfield,Central Midfield,Norway,Norway,1,1,0,0,410,Udinese Calcio,1,,,1.0,1.0,1.0,same_club
8491,Luca Falbo,ITA,2019-20,Lazio,S,1,1,0,0,0,0,0,0.0,0.0,0.0,0.0,0.0,0,0,457236,Luca Falbo,2000-02-21,19.53,,left,Defender,Left-Back,Italy,Italy,1,1,0,0,398,Società Sportiva Lazio S.p.A.,16,50000.0,100000.0,1.0,1.0,1.0,same_club
8492,Felice D&#039;Amico,ITA,2019-20,Sampdoria,S,2,2,0,0,0,1,0,0.058,0.058,0.0,0.058,0.0,0,0,392500,Felice D'Amico,2000-08-22,19.03,175.0,right,Midfield,Attacking Midfield,Italy,Italy,2,2,0,0,1038,UC Sampdoria,2,200000.0,250000.0,0.97,0.95,1.0,same_club
8522,Matteo Lovato,ITA,2019-20,Verona,S,1,7,0,0,0,0,0,0.0,0.0,0.0,0.0,0.0,0,0,459655,Matteo Lovato,2000-02-14,19.55,188.0,right,Defender,Centre-Back,Italy,Italy,1,8,0,0,276,Hellas Verona,8,75000.0,150000.0,0.997,1.0,0.989,same_club
8540,Giacomo Manzari,ITA,2019-20,Sassuolo,S,3,10,0,0,0,0,0,0.0,0.0,0.0,0.0,0.0,0,0,459953,Giacomo Manzari,2000-09-21,18.94,178.0,left,Attack,Left Winger,Italy,Italy,3,14,0,0,6574,US Sassuolo,14,125000.0,100000.0,0.987,1.0,0.956,same_club
8553,Federico Marigosu,ITA,2019-20,Cagliari,S,2,16,0,0,0,0,0,0.0,0.0,0.0,0.034,0.034,0,0,459504,Federico Marigosu,2001-04-21,18.36,176.0,right,Midfield,Attacking Midfield,Italy,Italy,2,22,0,0,1390,Cagliari Calcio,22,,250000.0,0.98,1.0,0.933,same_club
8584,Raul Moro,ITA,2019-20,Lazio,S,1,1,0,0,0,0,0,0.0,0.0,0.0,0.0,0.0,0,0,624942,Raúl Moro,2002-12-05,16.74,169.0,right,Attack,Left Winger,Spain,Spain,1,1,0,0,398,Società Sportiva Lazio S.p.A.,1,,,1.0,1.0,1.0,same_club
8591,Krisztofer Horváth,ITA,2019-20,SPAL 2013,S,3,35,0,0,0,1,1,0.014,0.014,0.01,0.134,0.12,0,0,543736,Krisztofer Horváth,2002-01-08,17.65,185.0,right,Midfield,Attacking Midfield,Hungary,Hungary,3,41,0,0,2722,SPAL,41,50000.0,50000.0,0.98,1.0,0.933,same_club
8592,Jakub Iskra,ITA,2019-20,SPAL 2013,S,2,72,0,0,0,1,0,0.066,0.066,0.0,0.301,0.235,0,0,498043,Jakub Iskra,2002-08-13,17.05,183.0,right,Defender,Right-Back,Poland,Poland,2,77,0,0,2722,SPAL,77,,,0.983,1.0,0.944,same_club
3210,Wissam Ben Yedder,FRA,2019-20,Monaco,F S,26,2195,18,15,4,64,45,14.885,12.605,6.423,20.998,4.121,0,0,146854,Wissam Ben Yedder,1990-08-12,29.05,170.0,both,Attack,Centre-Forward,France,France,26,2171,18,7,162,AS Monaco,2171,40000000.0,40000000.0,0.997,1.0,0.989,same_club
3423,Kylian Mbappe-Lottin,FRA,2019-20,Paris Saint Germain,F S,20,1522,18,18,5,88,40,16.572,16.572,10.575,29.428,6.045,0,0,342229,Kylian Mbappé,1998-12-20,20.7,180.0,right,Attack,Centre-Forward,France,France,20,1515,18,7,583,Paris Saint-Germain,2257,200000000.0,180000000.0,0.969,0.95,0.995,same_club
7142,Moussa Dembele,FRA,2019-20,Lyon,F S,27,2184,16,12,2,56,21,11.4,7.6,1.684,9.376,1.701,3,0,229004,Moussa Dembélé,1996-07-12,23.14,187.0,right,Attack,Centre-Forward,France,France,27,2189,16,2,1041,Olympique Lyon,2810,27000000.0,40000000.0,0.999,1.0,0.998,same_club
5322,Victor Osimhen,FRA,2019-20,Lille,F S,27,2294,13,11,4,86,21,15.814,13.534,3.068,14.645,0.242,4,0,401923,Victor Osimhen,1998-12-29,20.67,186.0,right,Attack,Centre-Forward,Nigeria,Nigeria,27,2289,13,5,1082,LOSC Lille,2739,13000000.0,27000000.0,0.999,1.0,0.998,same_club
1513,Mauro Icardi,FRA,2019-20,Paris Saint Germain,F S,20,1263,12,12,2,36,11,11.457,11.457,2.156,17.381,4.947,0,0,68863,Mauro Icardi,1993-02-19,26.53,181.0,right,Attack,Centre-Forward,Argentina,Argentina,20,1269,12,3,583,Paris Saint-Germain,1749,80000000.0,60000000.0,0.999,1.0,0.995,same_club
2099,Neymar,FRA,2019-20,Paris Saint Germain,F M,15,1325,12,8,6,70,38,14.725,10.925,5.246,21.303,7.206,2,1,68290,Neymar,1992-02-05,27.57,175.0,right,Midfield,Attacking Midfield,Brazil,Brazil,15,1322,13,6,583,Paris Saint-Germain,1907,180000000.0,128000000.0,0.966,1.0,0.998,same_club
5769,Habib Diallo,FRA,2019-20,Metz,F,26,2214,12,11,3,76,24,9.168,6.888,1.975,8.555,0.788,2,1,344888,Habib Diallo,1995-06-18,24.21,186.0,right,Attack,Centre-Forward,Senegal,Senegal,26,2200,12,3,347,FC Metz,2200,6000000.0,12000000.0,0.998,1.0,0.994,same_club
7716,Darío Benedetto,FRA,2019-20,Marseille,F S,26,2142,11,11,0,61,20,9.784,9.024,1.545,10.924,2.126,4,0,92693,Darío Benedetto,1990-05-17,29.29,175.0,right,Attack,Centre-Forward,Argentina,Argentina,26,2115,11,1,244,Olympique Marseille,2115,12500000.0,12000000.0,0.996,1.0,0.987,same_club
8025,Kasper Dolberg,FRA,2019-20,Nice,F S,23,1908,11,11,3,42,12,8.633,8.633,2.382,10.746,2.41,2,0,283196,Kasper Dolberg,1997-10-06,21.9,187.0,right,Attack,Centre-Forward,Denmark,Denmark,23,1896,11,3,417,OGC Nice,2101,18000000.0,16000000.0,0.998,1.0,0.994,same_club
3781,Denis Bouanga,FRA,2019-20,Saint-Etienne,D F M S,26,2049,10,7,3,77,18,9.675,7.395,1.838,9.813,1.775,4,0,236045,Denis Bouanga,1994-11-11,24.8,180.0,right,Attack,Left Winger,Gabon,France,26,2046,10,3,618,AS Saint-Étienne,2292,6000000.0,8000000.0,1.0,1.0,0.999,same_club
536,Dimitri Payet,FRA,2019-20,Marseille,F M,22,1951,9,6,4,63,87,5.863,3.583,6.862,11.007,6.138,5,1,37647,Dimitri Payet,1987-03-29,32.43,175.0,right,Midfield,Attacking Midfield,France,Réunion,22,1937,9,4,244,Olympique Marseille,1937,12500000.0,10000000.0,0.998,1.0,0.993,same_club
555,Memphis Depay,FRA,2019-20,Lyon,F M S,13,1032,9,8,2,48,25,4.571,3.811,2.699,5.408,0.859,0,0,167850,Memphis Depay,1994-02-13,25.55,178.0,right,Attack,Centre-Forward,Netherlands,Netherlands,13,1021,9,2,1041,Olympique Lyon,1615,45000000.0,44000000.0,0.997,1.0,0.989,same_club
1126,M&#039;Baye Niang,FRA,2019-20,Rennes,F M S,26,2137,9,9,0,66,10,7.957,6.437,0.475,7.743,1.556,2,0,157501,M'Baye Niang,1994-12-19,24.7,188.0,right,Attack,Centre-Forward,Senegal,France,26,2134,10,2,273,Stade Rennais FC,2514,12000000.0,12000000.0,0.936,0.95,0.999,same_club
1682,Islam Slimani,FRA,2019-20,Monaco,F S,18,1285,9,8,7,53,32,9.753,8.993,4.191,15.541,4.606,4,1,174915,Islam Slimani,1988-06-18,31.2,188.0,right,Attack,Centre-Forward,Algeria,Algeria,18,1286,9,7,162,AS Monaco,1286,5000000.0,6500000.0,1.0,1.0,0.999,same_club
3530,Andy Delort,FRA,2019-20,Montpellier,F,26,2292,9,9,3,84,38,11.82,10.3,4.78,12.496,1.789,5,0,122797,Andy Delort,1991-10-09,27.9,181.0,right,Attack,Centre-Forward,Algeria,France,26,2286,9,3,969,Montpellier HSC,2286,12500000.0,10500000.0,0.999,1.0,0.997,same_club
3738,Serhou Guirassy,FRA,2019-20,Amiens,F,23,1932,9,6,2,45,15,8.717,5.676,1.046,7.093,2.163,6,0,270541,Serhou Guirassy,1996-03-12,23.47,187.0,right,Attack,Centre-Forward,Guinea,France,23,1928,9,1,1416,Amiens SC,1928,3500000.0,8000000.0,0.999,1.0,0.998,same_club
3553,Ángel Di María,FRA,2019-20,Paris Saint Germain,F M S,26,2016,8,7,14,74,77,8.4,6.88,13.906,29.716,13.951,2,0,45320,Ángel Di María,1988-02-14,31.55,178.0,left,Attack,Right Winger,Argentina,Argentina,26,2005,8,14,583,Paris Saint-Germain,2784,40000000.0,32000000.0,0.998,1.0,0.995,same_club
3795,Adrien Hunou,FRA,2019-20,Rennes,F M S,23,1203,8,7,1,28,14,8.383,7.623,1.322,7.027,1.519,2,0,203507,Adrien Hunou,1994-01-19,25.62,179.0,right,Attack,Centre-Forward,France,France,23,1209,8,1,273,Stade Rennais FC,1434,6000000.0,4800000.0,0.999,1.0,0.995,same_club
6905,Ludovic Ajorque,FRA,2019-20,Strasbourg,F S,26,2082,8,7,4,50,16,6.46,5.7,3.361,10.182,2.23,3,0,283994,Ludovic Ajorque,1994-02-25,25.51,196.0,left,Attack,Centre-Forward,France,Réunion,26,2069,8,4,667,RC Strasbourg Alsace,2460,4000000.0,6800000.0,0.998,1.0,0.994,same_club
690,Loïc Remy,FRA,2019-20,Lille,F S,20,965,7,7,0,28,8,4.668,4.668,0.419,7.156,2.661,2,0,45121,Loïc Rémy,1987-01-02,32.66,185.0,right,Attack,Centre-Forward,France,France,20,964,7,0,1082,LOSC Lille,1171,3000000.0,2000000.0,1.0,1.0,0.999,same_club
3477,Jimmy Briand,FRA,2019-20,Bordeaux,F S,22,1528,7,6,1,28,18,5.498,4.737,0.927,4.835,0.278,1,0,18909,Jimmy Briand,1985-08-02,34.08,181.0,right,Attack,Centre-Forward,France,France,22,1527,7,1,40,FC Girondins Bordeaux,1527,2500000.0,1600000.0,1.0,1.0,0.999,same_club
3549,Adrien Thomasson,FRA,2019-20,Strasbourg,F M S,25,2089,7,7,1,49,39,4.978,4.978,3.325,12.835,5.112,4,0,215977,Adrien Thomasson,1993-12-10,25.72,175.0,right,Midfield,Central Midfield,France,France,25,2082,8,1,667,RC Strasbourg Alsace,2363,8000000.0,6500000.0,0.966,1.0,0.997,same_club
4768,Wylan Cyprien,FRA,2019-20,Nice,M,20,1776,7,2,3,58,37,6.098,2.298,3.499,6.756,5.735,1,1,182889,Wylan Cyprien,1995-01-28,24.59,180.0,right,Midfield,Central Midfield,France,Guadeloupe,20,1774,7,3,417,OGC Nice,1774,14000000.0,14500000.0,1.0,1.0,0.999,same_club
7224,Boulaye Dia,FRA,2019-20,Reims,F M S,24,1818,7,6,1,38,29,5.637,4.877,2.921,7.844,1.947,0,0,626913,Boulaye Dia,1996-11-16,22.79,180.0,right,Attack,Centre-Forward,Senegal,France,24,1818,7,1,1421,Stade Reims,1818,2000000.0,4500000.0,1.0,1.0,1.0,same_club
3244,Nicolas de Preville,FRA,2019-20,Bordeaux,F M S,24,2013,6,5,4,46,45,5.164,4.403,4.76,7.623,3.212,4,0,122116,Nicolas de Préville,1991-01-08,28.65,182.0,right,Attack,Centre-Forward,France,France,24,2002,6,4,40,FC Girondins Bordeaux,2002,4000000.0,5500000.0,0.998,1.0,0.995,same_club
3561,Romain Hamouma,FRA,2019-20,Saint-Etienne,F M S,14,870,6,6,1,20,17,3.433,3.433,1.788,4.39,1.106,1,1,98349,Romain Hamouma,1987-03-29,32.43,179.0,right,Attack,Centre-Forward,France,France,14,866,6,2,618,AS Saint-Étienne,1173,2500000.0,2000000.0,0.999,1.0,0.995,same_club
3746,Gaetan Laborde,FRA,2019-20,Montpellier,F M S,28,2269,6,6,5,64,24,8.41,8.41,3.182,11.886,3.719,1,0,181378,Gaëtan Laborde,1994-05-03,25.33,181.0,left,Attack,Centre-Forward,France,France,28,2251,6,5,969,Montpellier HSC,2251,10000000.0,8000000.0,0.998,1.0,0.992,same_club
4801,Rachid Alioui,FRA,2019-20,Angers,F S,28,1562,6,6,1,58,18,5.216,5.216,1.239,7.326,2.456,1,0,193130,Rachid Alioui,1992-06-18,27.2,186.0,right,Attack,Centre-Forward,Morocco,France,28,1562,6,1,1420,Angers SCO,1562,4000000.0,4000000.0,1.0,1.0,1.0,same_club
5587,Josh Maja,FRA,2019-20,Bordeaux,F S,21,703,6,6,2,18,11,3.471,3.471,1.269,5.036,0.782,0,0,453824,Josh Maja,1998-12-27,20.68,181.0,right,Attack,Centre-Forward,Nigeria,England,21,724,6,2,40,FC Girondins Bordeaux,724,1700000.0,6300000.0,0.991,1.0,0.971,same_club
5677,Florent Mollet,FRA,2019-20,Montpellier,M S,25,1687,6,6,3,46,43,3.129,3.129,5.025,7.264,3.295,5,0,222859,Florent Mollet,1991-11-19,27.78,175.0,right,Midfield,Attacking Midfield,France,France,25,1688,6,3,969,Montpellier HSC,1688,9000000.0,7000000.0,1.0,1.0,0.999,same_club
5724,Irvin Cardona,FRA,2019-20,Brest,F M S,21,1449,6,6,3,50,18,5.23,5.23,2.571,7.758,1.707,3,0,342226,Irvin Cardona,1997-08-08,22.06,185.0,right,Attack,Right Winger,Malta,France,21,1450,6,3,3911,Stade Brestois 29,1450,1500000.0,4800000.0,1.0,1.0,0.999,same_club
6863,Téji Savanier,FRA,2019-20,Montpellier,M S,19,1543,6,4,2,31,28,2.46,0.94,2.142,4.348,3.595,5,0,127156,Téji Savanier,1991-12-22,27.69,172.0,right,Midfield,Attacking Midfield,France,France,19,1532,6,2,969,Montpellier HSC,1532,12000000.0,9500000.0,0.998,1.0,0.993,same_club
7746,Hwang Ui-Jo,FRA,2019-20,Bordeaux,F M S,24,1646,6,6,2,36,6,3.934,3.934,0.961,4.676,1.326,2,0,260166,Ui-jo Hwang,1992-08-28,27.01,185.0,both,Midfield,Attacking Midfield,"Korea, South","Korea, South",24,1638,6,2,40,FC Girondins Bordeaux,1638,1600000.0,2400000.0,0.999,1.0,0.995,same_club
7747,Mama Baldé,FRA,2019-20,Dijon,F M S,24,1695,6,6,2,51,22,4.816,4.816,3.336,8.579,2.093,2,0,325223,Mama Baldé,1995-11-06,23.82,176.0,right,Attack,Centre-Forward,Guinea-Bissau,Guinea-Bissau,24,1681,6,2,2969,Dijon FCO,1681,2500000.0,3200000.0,0.998,1.0,0.992,same_club
3463,Romain Philippoteaux,FRA,2019-20,Nimes,F M S,27,2006,5,5,2,31,22,2.524,2.524,1.447,5.871,2.521,3,0,255220,Romain Philippoteaux,1988-03-02,31.5,170.0,,Midfield,Right Midfield,France,France,27,2001,5,2,1160,Nîmes Olympique,2001,1000000.0,800000.0,0.999,1.0,0.998,same_club
3475,Ludovic Blas,FRA,2019-20,Nantes,F M S,24,1872,5,5,1,46,24,3.834,3.834,1.496,7.404,3.137,0,0,288225,Ludovic Blas,1997-12-31,21.67,180.0,left,Midfield,Right Midfield,France,France,24,1858,5,1,995,FC Nantes,1858,5000000.0,8000000.0,0.998,1.0,0.993,same_club
3696,Morgan Sanson,FRA,2019-20,Marseille,M S,27,2214,5,5,4,39,31,4.179,4.179,3.448,9.741,3.555,5,0,174094,Morgan Sanson,1994-08-18,25.04,180.0,right,Midfield,Central Midfield,France,France,27,2186,5,5,244,Olympique Marseille,2186,28000000.0,22500000.0,0.996,1.0,0.987,same_club
5619,Pierre Lees-Melou,FRA,2019-20,Nice,M S,26,2251,5,5,5,54,33,4.23,4.23,3.913,10.183,4.078,5,0,377393,Pierre Lees-Melou,1993-05-25,26.27,185.0,right,Midfield,Defensive Midfield,France,France,26,2253,5,6,417,OGC Nice,2253,8000000.0,8000000.0,1.0,1.0,0.999,same_club
5622,Júlio Tavares,FRA,2019-20,Dijon,F M S,23,1991,5,4,2,50,33,6.829,6.069,1.946,8.748,1.916,0,0,216426,Julio Tavarès,1988-11-19,30.78,187.0,both,Attack,Centre-Forward,Cape Verde,Cape Verde,23,1997,5,2,2969,Dijon FCO,1997,3000000.0,2200000.0,0.999,1.0,0.997,same_club
5676,Opa Nguette,FRA,2019-20,Metz,F M S,26,1875,5,5,2,27,20,2.507,2.507,1.182,6.05,2.604,1,0,205587,Opa Nguette,1994-07-08,25.15,182.0,right,Attack,Left Winger,Senegal,France,26,1840,5,2,347,FC Metz,1840,2000000.0,2800000.0,0.994,1.0,0.981,same_club
6487,John Mendoza,FRA,2019-20,Amiens,F M S,15,1104,5,5,0,23,10,3.325,3.325,0.592,5.358,1.663,2,0,131101,Stiven Mendoza,1992-06-27,27.18,171.0,left,Attack,Left Winger,Colombia,Colombia,15,1102,5,0,1416,Amiens SC,1102,3000000.0,3500000.0,0.969,0.95,0.998,same_club
7160,Nemanja Radonjic,FRA,2019-20,Marseille,F M S,21,862,5,5,1,30,14,3.576,3.576,1.405,5.68,0.852,3,0,245078,Nemanja Radonjic,1996-02-15,23.54,182.0,right,Attack,Left Winger,Serbia,Yugoslavia (Republic),21,877,5,1,244,Olympique Marseille,877,5000000.0,6500000.0,0.995,1.0,0.983,same_club
7169,Moses Simon,FRA,2019-20,Nantes,F M S,26,2182,5,5,5,43,35,6.361,6.361,4.835,11.009,1.495,2,0,274862,Moses Simon,1995-07-12,24.14,168.0,right,Attack,Left Winger,Nigeria,Nigeria,26,2182,5,5,995,FC Nantes,2182,3000000.0,6500000.0,1.0,1.0,1.0,same_club
7484,Stephy Mavididi,FRA,2019-20,Dijon,F M S,24,1400,5,5,1,26,9,3.3,3.3,0.888,6.022,2.81,0,0,340328,Stephy Mavididi,1998-05-31,21.25,182.0,right,Attack,Left Winger,England,England,24,1392,5,1,2969,Dijon FCO,1392,550000.0,3600000.0,0.998,1.0,0.994,same_club
8026,Raphinha,FRA,2019-20,Rennes,F M S,22,1702,5,4,3,43,43,5.35,4.59,4.739,10.565,3.799,4,0,411295,Raphinha,1996-12-14,22.71,176.0,left,Attack,Left Winger,Brazil,Brazil,22,1693,5,3,273,Stade Rennais FC,2417,8000000.0,16000000.0,0.998,1.0,0.995,same_club
1210,Keita,FRA,2019-20,Monaco,F M S,21,875,4,4,1,27,5,4.378,4.378,0.607,7.589,2.814,4,0,238752,Keita Baldé,1995-03-08,24.48,178.0,both,Attack,Left Winger,Senegal,Spain,21,853,4,4,162,AS Monaco,853,25000000.0,16000000.0,0.962,0.95,0.975,same_club
2199,Pablo Sarabia,FRA,2019-20,Paris Saint Germain,F M S,21,1159,4,4,3,33,19,3.91,3.91,4.027,11.397,4.98,1,0,74230,Pablo Sarabia,1992-05-11,27.31,174.0,left,Midfield,Attacking Midfield,Spain,Spain,21,1164,4,4,583,Paris Saint-Germain,1661,40000000.0,28000000.0,0.999,1.0,0.996,same_club
3243,Gaëtan Charbonnier,FRA,2019-20,Brest,F M S,26,2071,4,4,5,50,32,6.551,5.031,2.839,10.035,3.039,5,0,93678,Gaëtan Charbonnier,1988-12-27,30.68,188.0,right,Attack,Centre-Forward,France,France,26,2068,4,5,3911,Stade Brestois 29,2068,2500000.0,2000000.0,1.0,1.0,0.999,same_club
3265,Pablo,FRA,2019-20,Bordeaux,D,25,2174,4,4,0,17,2,1.795,1.795,0.082,3.732,3.672,2,0,149577,Pablo,1991-06-21,28.2,188.0,right,Defender,Centre-Back,Brazil,Brazil,25,2175,4,0,40,FC Girondins Bordeaux,2175,10000000.0,8000000.0,1.0,1.0,1.0,same_club
3278,Maxwel Cornet,FRA,2019-20,Lyon,D F M S,22,1320,4,4,3,24,28,1.968,1.968,3.17,6.216,1.888,1,0,234781,Maxwel Cornet,1996-09-27,22.93,179.0,left,Attack,Left Winger,Cote d'Ivoire,Cote d'Ivoire,22,1329,4,3,1041,Olympique Lyon,1879,15000000.0,10500000.0,0.998,1.0,0.993,same_club
3294,Edinson Cavani,FRA,2019-20,Paris Saint Germain,F S,14,593,4,3,1,28,10,9.334,8.574,1.093,8.842,1.365,2,0,48280,Edinson Cavani,1987-02-14,32.54,184.0,right,Attack,Centre-Forward,Uruguay,Uruguay,14,602,4,2,583,Paris Saint-Germain,822,40000000.0,20000000.0,0.996,1.0,0.985,same_club
5800,Lebo Mothiba,FRA,2019-20,Strasbourg,F S,21,1045,4,4,3,28,10,5.593,5.593,1.647,8.072,1.417,0,0,427161,Lebo Mothiba,1996-01-28,23.59,182.0,right,Attack,Centre-Forward,South Africa,South Africa,21,1046,3,3,667,RC Strasbourg Alsace,1062,7000000.0,4000000.0,0.966,1.0,0.999,same_club
5980,Stéphane Bahoken,FRA,2019-20,Angers,F S,20,908,4,3,0,19,11,3.373,2.613,0.509,4.093,1.086,3,0,170953,Stéphane Bahoken,1992-05-28,27.26,185.0,right,Attack,Centre-Forward,Cameroon,France,20,907,4,0,1420,Angers SCO,907,8000000.0,4500000.0,1.0,1.0,0.999,same_club
6232,Kalifa Coulibaly,FRA,2019-20,Nantes,F S,21,1613,4,4,0,48,13,5.409,5.409,0.586,7.458,2.178,1,0,184935,Kalifa Coulibaly,1991-08-21,28.03,197.0,right,Attack,Centre-Forward,Mali,Mali,21,1616,4,0,995,FC Nantes,1616,5000000.0,4000000.0,0.999,1.0,0.998,same_club
6864,Renaud Ripart,FRA,2019-20,Nimes,D F M S,24,2042,4,2,2,48,20,5.403,3.882,2.008,5.098,0.996,0,0,234802,Renaud Ripart,1993-03-14,26.47,181.0,right,Attack,Right Winger,,,24,2031,4,2,1160,Nîmes Olympique,2031,4000000.0,3200000.0,0.998,1.0,0.995,same_club
6884,Remi Oudin,FRA,2019-20,"Bordeaux,Reims",F M S,26,1980,4,4,3,49,26,5.082,5.082,3.843,8.788,1.936,1,0,399543,Rémi Oudin,1996-11-18,22.78,186.0,left,Midfield,Attacking Midfield,France,France,26,1964,4,3,"40,1421","FC Girondins Bordeaux,Stade Reims",1964,11000000.0,9000000.0,0.998,1.0,0.992,same_club
7012,Gelson Martins,FRA,2019-20,Monaco,D F M S,21,1692,4,4,1,28,27,4.735,4.735,3.683,11.693,5.249,3,1,257448,Gelson Martins,1995-05-11,24.31,173.0,right,Attack,Right Winger,Portugal,Cape Verde,21,1682,4,1,162,AS Monaco,1682,28000000.0,20000000.0,0.998,1.0,0.994,same_club
7737,Efthymios Koulouris,FRA,2019-20,Toulouse,F S,24,1544,4,4,2,38,17,4.235,4.235,0.996,6.032,2.07,1,0,242638,Efthymios Koulouris,1996-03-06,23.49,186.0,right,Attack,Centre-Forward,Greece,Greece,24,1544,4,2,415,FC Toulouse,1544,5000000.0,2400000.0,1.0,1.0,1.0,same_club
8023,Mounir Chouiar,FRA,2019-20,Dijon,F M S,20,1513,4,4,0,39,44,3.249,3.249,3.687,5.269,1.929,3,1,355641,Mounir Chouiar,1999-01-23,20.61,177.0,right,Attack,Left Winger,Morocco,France,20,1514,4,0,2969,Dijon FCO,1514,1000000.0,7200000.0,1.0,1.0,0.999,same_club
339,Eric Maxim Choupo-Moting,FRA,2019-20,Paris Saint Germain,F M S,9,453,3,3,1,18,6,2.58,2.58,0.795,3.794,0.797,0,0,45660,Eric-Maxim Choupo-Moting,1989-03-23,30.44,191.0,right,Attack,Centre-Forward,Cameroon,Germany,9,451,3,1,583,Paris Saint-Germain,577,5000000.0,4000000.0,0.999,1.0,0.996,same_club
464,Max Gradel,FRA,2019-20,Toulouse,F M S,21,1655,3,1,2,39,17,5.14,2.86,2.065,5.912,2.601,4,0,28140,Max Gradel,1987-11-30,31.75,175.0,right,Attack,Left Winger,Cote d'Ivoire,Cote d'Ivoire,21,1641,3,2,415,FC Toulouse,1641,8000000.0,4000000.0,0.997,1.0,0.992,same_club
734,Wahbi Khazri,FRA,2019-20,Saint-Etienne,F M S,16,1168,3,2,2,45,19,3.613,2.853,1.448,5.146,1.452,4,0,103565,Wahbi Khazri,1991-02-08,28.56,176.0,right,Attack,Left Winger,Tunisia,France,16,1154,3,2,618,AS Saint-Étienne,1402,16000000.0,7000000.0,0.996,1.0,0.988,same_club
1056,Jeff Reine-Adelaide,FRA,2019-20,"Angers,Lyon",M S,15,884,3,3,2,6,12,1.628,1.628,1.337,4.93,2.241,3,0,326300,Jeff Reine-Adélaïde,1998-01-17,21.62,184.0,right,Midfield,Attacking Midfield,France,France,15,869,3,4,"1041,1420","Olympique Lyon,Angers SCO",1195,11000000.0,22500000.0,0.995,1.0,0.983,same_club
2897,Aleksandr Golovin,FRA,2019-20,Monaco,M S,25,2055,3,3,4,38,47,3.494,3.494,4.79,11.831,6.7,4,1,263918,Aleksandr Golovin,1996-05-30,23.26,178.0,right,Midfield,Attacking Midfield,Russia,Russia,25,2070,3,4,162,AS Monaco,2070,25000000.0,20000000.0,0.998,1.0,0.993,same_club
3297,Marquinhos,FRA,2019-20,Paris Saint Germain,D M S,19,1467,3,3,1,11,4,2.366,2.366,0.828,15.953,15.516,1,0,181767,Marquinhos,1994-05-14,25.3,183.0,right,Defender,Centre-Back,Brazil,Brazil,19,1474,3,1,583,Paris Saint-Germain,2522,65000000.0,52000000.0,0.999,1.0,0.995,same_club
3344,Casimir Ninga,FRA,2019-20,Angers,F M S,16,671,3,3,1,30,12,2.833,2.833,1.214,5.589,2.252,1,1,392810,Casimir Ninga,1993-05-17,26.29,186.0,right,Attack,Centre-Forward,Chad,Chad,16,678,3,1,1420,Angers SCO,678,3000000.0,2400000.0,0.997,1.0,0.99,same_club
3446,Yoann Court,FRA,2019-20,Brest,F M S,23,1475,3,3,7,33,17,1.536,1.536,3.372,4.627,1.807,6,0,60525,Yoann Court,1990-01-14,29.63,172.0,left,Attack,Left Winger,France,France,23,1472,3,7,3911,Stade Brestois 29,1472,1000000.0,1600000.0,0.999,1.0,0.998,same_club
3580,Alexandre Mendy,FRA,2019-20,Brest,F S,20,894,3,3,1,29,6,3.942,3.182,0.289,4.863,1.577,2,1,290561,Alexandre Mendy,1994-03-20,25.45,184.0,right,Attack,Centre-Forward,Guinea-Bissau,France,20,897,3,1,3911,Stade Brestois 29,897,2250000.0,1800000.0,0.999,1.0,0.997,same_club
3674,Abdoulaye Touré,FRA,2019-20,Nantes,M S,27,2223,3,1,0,34,17,2.546,1.026,1.065,6.639,5.639,3,0,181382,Abdoulaye Touré,1994-03-03,25.5,188.0,right,Midfield,Defensive Midfield,Guinea,France,27,2220,3,0,995,FC Nantes,2220,10000000.0,8000000.0,1.0,1.0,0.999,same_club
3713,Samuel Grandsir,FRA,2019-20,Brest,F M S,24,1505,3,3,1,27,20,2.275,2.275,1.842,5.9,2.454,0,0,432772,Samuel Grandsir,1996-08-14,23.05,170.0,right,Attack,Right Winger,France,France,24,1500,3,1,3911,Stade Brestois 29,1500,3000000.0,2400000.0,0.999,1.0,0.997,same_club
4402,Yaya Sanogo,FRA,2019-20,Toulouse,F S,15,910,3,2,1,26,8,3.119,2.359,0.304,2.913,0.666,1,0,127194,Yaya Sanogo,1993-01-27,26.59,194.0,right,Attack,Centre-Forward,France,France,15,909,3,1,415,FC Toulouse,909,2500000.0,2000000.0,1.0,1.0,0.999,same_club
5228,Renato Sanches,FRA,2019-20,Lille,M S,19,1483,3,3,1,30,35,1.981,1.981,2.741,7.417,5.07,3,0,258027,Renato Sanches,1997-08-18,22.04,176.0,right,Midfield,Central Midfield,Portugal,Portugal,19,1482,3,1,1082,LOSC Lille,1693,18000000.0,16000000.0,1.0,1.0,0.999,same_club
5228,Renato Sanches,FRA,2019-20,Lille,M S,19,1483,3,3,1,30,35,1.981,1.981,2.741,7.417,5.07,3,0,258027,Renato Sanches,1997-08-18,22.04,176.0,right,Midfield,Central Midfield,Portugal,Portugal,19,1482,3,1,1082,LOSC Lille,1693,18000000.0,16000000.0,0.99,1.0,0.967,same_club
5624,Yunis Abdelhamid,FRA,2019-20,Reims,D,28,2520,3,3,0,19,5,1.821,1.821,0.505,3.103,2.921,0,0,199704,Yunis Abdelhamid,1987-09-28,31.93,190.0,left,Defender,Centre-Back,Morocco,France,28,2520,3,0,1421,Stade Reims,2520,2500000.0,2000000.0,1.0,1.0,1.0,same_club
5635,Faitout Maouassa,FRA,2019-20,Rennes,D,23,1831,3,3,1,12,13,0.473,0.473,0.937,4.239,3.497,3,0,357072,Faitout Maouassa,1998-07-06,21.16,170.0,left,Defender,Left-Back,France,France,23,1807,3,1,273,Stade Rennais FC,2152,8000000.0,8000000.0,0.996,1.0,0.987,same_club
5661,Jonathan Ikone,FRA,2019-20,Lille,F M S,28,2114,3,2,6,36,31,4.292,3.532,4.077,9.891,3.805,6,0,324690,Jonathan Ikoné,1998-05-02,21.33,175.0,left,Attack,Right Winger,France,France,28,2087,3,6,1082,LOSC Lille,2329,15000000.0,36000000.0,0.996,1.0,0.987,same_club
5733,Houssem Aouar,FRA,2019-20,Lyon,M S,25,1976,3,3,4,46,23,3.451,3.451,1.991,9.329,5.669,3,0,395693,Houssem Aouar,1998-06-30,21.17,175.0,right,Midfield,Attacking Midfield,Algeria,France,25,1963,3,3,1041,Olympique Lyon,2678,45000000.0,49500000.0,0.998,1.0,0.993,same_club
5988,Ibrahima Niane,FRA,2019-20,Metz,F S,21,938,3,2,0,30,9,2.281,1.52,0.19,2.41,0.957,0,0,490417,Ibrahima Niane,1999-03-11,20.48,187.0,right,Attack,Centre-Forward,Senegal,Senegal,21,946,3,0,347,FC Metz,946,3500000.0,3200000.0,0.997,1.0,0.992,same_club
5998,Christophe Herelle,FRA,2019-20,Nice,D S,15,1118,3,3,0,6,2,1.241,1.241,0.155,4.591,4.204,3,1,170544,Christophe Hérelle,1992-08-22,27.03,191.0,right,Defender,Centre-Back,Martinique,France,15,1104,3,0,417,OGC Nice,1104,9000000.0,5500000.0,0.996,1.0,0.987,same_club
6238,Ignatius Ganago,FRA,2019-20,Nice,F M S,26,1230,3,3,1,17,13,1.922,1.922,0.976,3.799,2.309,0,0,531949,Ignatius Ganago,1999-02-16,20.54,176.0,right,Attack,Centre-Forward,Cameroon,Cameroon,26,1231,3,1,417,OGC Nice,1231,3000000.0,3600000.0,1.0,1.0,0.999,same_club
6762,Yacine Adli,FRA,2019-20,Bordeaux,M S,21,1008,3,3,3,17,19,0.738,0.738,2.11,3.79,1.752,3,0,395236,Yacine Adli,2000-07-29,19.09,186.0,right,Midfield,Defensive Midfield,Algeria,France,21,1018,3,3,40,FC Girondins Bordeaux,1018,5500000.0,6300000.0,0.997,1.0,0.99,same_club
7064,Farid El Melali,FRA,2019-20,Angers,M S,8,303,3,3,0,6,1,1.478,1.478,0.069,3.489,1.957,0,0,425400,Farid El Melali,1997-07-13,22.14,168.0,both,Attack,Left Winger,Algeria,Algeria,8,306,3,0,1420,Angers SCO,306,800000.0,1600000.0,0.997,1.0,0.99,same_club
7734,Cristian Battocchio,FRA,2019-20,Brest,M S,24,1394,3,3,1,20,19,1.728,0.968,1.473,3.607,2.13,1,0,129868,Cristian Battocchio,1992-02-10,27.56,169.0,right,Midfield,Central Midfield,Italy,Argentina,24,1390,3,1,3911,Stade Brestois 29,1390,1500000.0,1700000.0,0.999,1.0,0.997,same_club
7773,Zinedine Ferhat,FRA,2019-20,Nimes,F M S,26,2251,3,3,4,45,51,4.157,4.157,5.518,8.648,2.764,1,0,232895,Zinedine Ferhat,1993-03-01,26.5,180.0,right,Attack,Right Winger,Algeria,Algeria,26,2249,3,4,1160,Nîmes Olympique,2249,2000000.0,2800000.0,1.0,1.0,0.999,same_club
7776,Kévin Denkey,FRA,2019-20,Nimes,F S,17,576,3,3,1,20,5,2.054,2.054,0.46,2.472,0.348,1,0,482072,Kévin Denkey,2000-11-30,18.75,181.0,right,Attack,Centre-Forward,Togo,Togo,17,597,3,1,1160,Nîmes Olympique,597,300000.0,1800000.0,0.989,1.0,0.965,same_club
8294,El Bilal Touré,FRA,2019-20,Reims,F S,7,462,3,1,0,11,4,2.945,1.425,0.162,1.236,0.163,2,0,649016,El Bilal Touré,2001-10-03,17.91,185.0,right,Attack,Left Winger,Mali,Cote d'Ivoire,7,457,3,0,1421,Stade Reims,457,150000.0,2300000.0,0.997,1.0,0.989,same_club
1256,Kevin Strootman,FRA,2019-20,Marseille,M S,25,1401,2,1,3,11,12,1.893,1.133,0.683,5.168,4.515,7,0,68864,Kevin Strootman,1990-02-13,29.55,186.0,left,Midfield,Central Midfield,Netherlands,Netherlands,25,1409,2,3,244,Olympique Marseille,1409,20000000.0,8000000.0,0.998,1.0,0.994,same_club
1524,Stevan Jovetic,FRA,2019-20,Monaco,F M S,9,465,2,2,0,22,6,1.29,1.29,0.424,1.941,0.897,2,1,46104,Stevan Jovetić,1989-11-02,29.83,183.0,right,Attack,Second Striker,Montenegro,Jugoslawien (SFR),9,474,2,0,162,AS Monaco,474,10000000.0,6500000.0,0.994,1.0,0.981,same_club
2549,Gaël Kakuta,FRA,2019-20,Amiens,F M S,24,2021,2,2,5,44,27,2.66,2.66,2.654,7.333,3.33,4,0,74297,Gaël Kakuta,1991-06-21,28.2,174.0,left,Midfield,Attacking Midfield,DR Congo,France,24,2010,2,5,1416,Amiens SC,2010,2000000.0,2800000.0,0.998,1.0,0.995,same_club
2782,Moussa Doumbia,FRA,2019-20,Reims,F M S,26,1755,2,1,1,43,25,3.077,2.317,1.817,7.129,3.509,5,1,316137,Moussa Doumbia,1994-08-15,25.05,173.0,right,Attack,Left Winger,Mali,Cote d'Ivoire,26,1733,2,1,1421,Stade Reims,1733,2000000.0,2000000.0,0.996,1.0,0.987,same_club
3118,Damien Le Tallec,FRA,2019-20,Montpellier,D M,28,2471,2,2,0,15,6,0.908,0.908,0.381,4.381,3.553,3,0,59950,Damien Le Tallec,1990-04-19,29.37,186.0,right,Midfield,Defensive Midfield,France,France,28,2462,2,0,969,Montpellier HSC,2462,4000000.0,3200000.0,0.999,1.0,0.996,same_club
3223,Benjamin André,FRA,2019-20,Lille,M S,26,2047,2,2,1,14,15,0.764,0.764,1.041,6.909,6.328,7,0,84301,Benjamin André,1990-08-03,29.08,180.0,right,Midfield,Defensive Midfield,France,France,26,2056,2,1,1082,LOSC Lille,2462,10000000.0,8000000.0,0.999,1.0,0.996,same_club
3259,Adam Ounas,FRA,2019-20,Nice,F M S,16,1139,2,2,4,21,25,2.113,2.113,3.145,6.16,1.784,2,1,400485,Adam Ounas,1996-11-11,22.8,172.0,left,Attack,Right Winger,Algeria,France,16,1132,2,4,417,OGC Nice,1132,10000000.0,8000000.0,0.998,1.0,0.994,same_club
3309,Valère Germain,FRA,2019-20,Marseille,F M S,25,1324,2,2,4,20,13,1.453,1.453,2.679,5.494,2.79,1,0,60540,Valère Germain,1990-04-17,29.37,181.0,right,Attack,Centre-Forward,France,France,25,1347,2,5,244,Olympique Marseille,1347,7000000.0,4000000.0,0.995,1.0,0.983,same_club
3373,Pablo Martinez,FRA,2019-20,Nimes,D,26,2340,2,2,1,13,4,0.897,0.897,0.654,2.651,2.418,3,1,282900,Pablo Martínez,1989-02-21,30.52,182.0,left,Defender,Centre-Back,France,France,26,2340,2,1,1160,Nîmes Olympique,2340,3500000.0,2500000.0,1.0,1.0,1.0,same_club
3461,Majeed Waris,FRA,2019-20,Strasbourg,F M S,7,372,2,2,1,6,5,1.321,1.321,0.619,2.838,1.626,1,0,146805,Majeed Waris,1991-09-19,27.95,172.0,right,Attack,Second Striker,Ghana,Ghana,7,371,2,1,667,RC Strasbourg Alsace,371,3500000.0,2400000.0,0.999,1.0,0.997,same_club
3490,Thomas Mangani,FRA,2019-20,Angers,M S,24,1876,2,2,2,29,49,1.671,1.671,3.012,6.049,3.788,0,0,18934,Thomas Mangani,1987-04-29,32.34,183.0,left,Midfield,Central Midfield,France,France,24,1874,2,2,1420,Angers SCO,1874,2000000.0,1600000.0,1.0,1.0,0.999,same_club
3512,Nolan Roux,FRA,2019-20,Nimes,F,7,603,2,2,0,18,9,1.223,1.223,0.436,1.633,0.173,0,0,81460,Nolan Roux,1988-03-01,31.5,182.0,right,Attack,Centre-Forward,France,France,7,588,2,0,1160,Nîmes Olympique,588,2000000.0,1200000.0,0.993,1.0,0.975,same_club
3536,Jean-Victor Makengo,FRA,2019-20,Toulouse,F M S,19,984,2,2,0,14,11,0.738,0.738,0.645,3.38,2.522,1,0,322305,Jean-Victor Makengo,1998-06-12,21.22,177.0,left,Midfield,Attacking Midfield,France,France,19,987,2,0,415,FC Toulouse,987,4000000.0,3600000.0,0.999,1.0,0.997,same_club
3721,Romain Del Castillo,FRA,2019-20,Rennes,F M S,21,1249,2,1,5,28,22,2.605,1.845,3.346,7.958,5.25,2,0,353399,Romain Del Castillo,1996-03-29,23.43,172.0,left,Attack,Right Winger,France,France,21,1242,2,5,273,Stade Rennais FC,1426,3500000.0,4800000.0,0.998,1.0,0.994,same_club
3729,Hassane Kamara,FRA,2019-20,Reims,D M S,23,1708,2,2,0,31,12,1.711,1.711,0.569,5.463,3.497,5,0,290017,Hassane Kamara,1994-03-05,25.49,170.0,left,Defender,Left-Back,Cote d'Ivoire,France,23,1705,2,0,1421,Stade Reims,1705,700000.0,4800000.0,0.999,1.0,0.998,same_club
3740,Lucas Deaux,FRA,2019-20,Nimes,M S,17,1356,2,2,1,15,15,1.406,1.406,1.162,4.23,3.03,2,0,57372,Lucas Deaux,1988-12-26,30.68,188.0,right,Midfield,Defensive Midfield,France,France,17,1338,2,1,1160,Nîmes Olympique,1338,2500000.0,1400000.0,0.996,1.0,0.987,same_club
3741,Paul Lasne,FRA,2019-20,Brest,M S,19,1226,2,2,1,13,16,0.738,0.738,1.851,4.216,2.064,1,0,93726,Paul Lasne,1989-01-16,30.62,186.0,left,Midfield,Defensive Midfield,France,France,19,1224,2,1,3911,Stade Brestois 29,1224,2500000.0,1700000.0,1.0,1.0,0.998,same_club
3743,Lucas Tousart,FRA,2019-20,Lyon,M S,24,1765,2,2,2,28,10,1.83,1.83,0.57,5.281,3.563,5,0,353948,Lucas Tousart,1997-04-29,22.34,184.0,right,Midfield,Central Midfield,France,France,24,1762,2,2,1041,Olympique Lyon,2366,20000000.0,16000000.0,0.999,1.0,0.998,same_club
3799,Wesley Said,FRA,2019-20,Toulouse,F M S,23,1152,2,2,1,25,12,3.407,3.407,2.431,6.131,0.702,2,0,182916,Wesley Saïd,1995-04-19,24.37,171.0,right,Attack,Second Striker,France,France,23,1161,2,1,415,FC Toulouse,1161,6000000.0,4000000.0,0.998,1.0,0.992,same_club
4670,Moussa Konate,FRA,2019-20,Amiens,F S,12,601,2,2,0,13,2,1.997,1.236,0.051,0.818,0.095,0,0,192774,Moussa Konaté,1993-04-03,26.41,183.0,right,Attack,Centre-Forward,Senegal,Senegal,12,609,2,0,1416,Amiens SC,609,7000000.0,4000000.0,0.996,1.0,0.987,same_club
4773,Benjamin Bourigeaud,FRA,2019-20,Rennes,F M S,25,1905,2,2,2,42,27,2.378,2.378,2.104,6.233,4.221,5,0,266359,Benjamin Bourigeaud,1994-01-14,25.63,178.0,right,Midfield,Central Midfield,France,France,25,1904,2,3,273,Stade Rennais FC,2345,12000000.0,12000000.0,1.0,1.0,0.999,same_club
4828,Mathias Autret,FRA,2019-20,Brest,F M S,23,1227,2,2,3,27,29,1.832,1.832,3.114,4.667,1.717,3,0,138171,Mathias Autret,1991-03-01,28.5,179.0,right,Midfield,Attacking Midfield,,,23,1225,2,3,3911,Stade Brestois 29,1225,2000000.0,2000000.0,1.0,1.0,0.998,same_club
5623,Lois Diony,FRA,2019-20,Saint-Etienne,F S,12,669,2,2,0,15,6,1.418,1.418,0.256,1.295,0.398,1,0,126552,Loïs Diony,1992-12-20,26.7,183.0,right,Attack,Centre-Forward,France,France,12,670,2,0,618,AS Saint-Étienne,743,5000000.0,2400000.0,1.0,1.0,0.999,same_club
5647,Arnaud Souquet,FRA,2019-20,Montpellier,D M S,24,2011,2,2,0,14,12,0.501,0.501,0.799,4.233,3.442,6,0,111058,Arnaud Souquet,1992-02-12,27.55,179.0,right,Defender,Right-Back,France,France,24,2015,2,0,969,Montpellier HSC,2015,3500000.0,4000000.0,0.999,1.0,0.998,same_club
5655,Flavien Tait,FRA,2019-20,Rennes,F M S,17,874,2,2,2,14,18,1.311,1.311,1.338,3.803,1.364,0,1,202278,Flavien Tait,1993-02-02,26.58,176.0,right,Midfield,Central Midfield,France,France,17,883,2,3,273,Stade Rennais FC,1291,8000000.0,4800000.0,0.997,1.0,0.99,same_club
5657,Karl Toko Ekambi,FRA,2019-20,Lyon,F S,8,547,2,2,1,13,10,2.116,2.116,1.193,4.36,1.661,2,0,315110,Karl Toko Ekambi,1992-09-14,26.96,182.0,right,Attack,Centre-Forward,Cameroon,France,8,538,2,1,1041,Olympique Lyon,1884,17500000.0,14000000.0,0.998,1.0,0.995,same_club
5657,Karl Toko Ekambi,FRA,2019-20,Lyon,F S,8,547,2,2,1,13,10,2.116,2.116,1.193,4.36,1.661,2,0,315110,Karl Toko Ekambi,1992-09-14,26.96,182.0,right,Attack,Centre-Forward,Cameroon,France,8,538,2,1,1041,Olympique Lyon,1884,17500000.0,14000000.0,0.995,1.0,0.984,same_club
5757,Farid Boulaya,FRA,2019-20,Metz,F S,19,814,2,2,1,24,22,1.938,1.938,1.688,3.227,0.603,1,1,202318,Farid Boulaya,1993-02-25,26.51,180.0,right,Midfield,Attacking Midfield,Algeria,France,19,819,2,1,347,FC Metz,819,2000000.0,1400000.0,0.998,1.0,0.994,same_club
5787,Aaron Leya Iseka,FRA,2019-20,Toulouse,F S,22,746,2,1,0,26,4,4.96,3.44,0.134,4.286,1.813,2,0,289587,Aaron Leya Iseka,1997-11-15,21.79,183.0,right,Attack,Centre-Forward,Belgium,Belgium,22,765,2,0,415,FC Toulouse,765,3000000.0,2000000.0,0.993,1.0,0.975,same_club
5975,Kenny Lala,FRA,2019-20,Strasbourg,D M S,25,2032,2,0,1,19,29,3.082,1.562,2.126,7.429,5.224,1,0,174196,Kenny Lala,1991-10-03,27.91,178.0,right,Defender,Right-Back,France,France,25,2040,2,1,667,RC Strasbourg Alsace,2258,14000000.0,9500000.0,0.999,1.0,0.996,same_club
5978,Dmitri Lienard,FRA,2019-20,Strasbourg,M S,22,1491,2,2,3,34,33,1.766,1.766,3.497,6.758,4.356,3,0,314940,Dimitri Liénard,1988-02-13,31.55,181.0,left,Midfield,Left Midfield,France,France,22,1490,2,3,667,RC Strasbourg Alsace,1821,2000000.0,1600000.0,0.979,0.966,0.999,same_club
6012,Luiz Araujo,FRA,2019-20,Lille,F M S,21,793,2,2,1,24,12,0.978,0.978,1.777,3.038,0.484,1,0,435485,Luiz Araújo,1996-06-02,23.25,175.0,left,Attack,Right Winger,Brazil,Brazil,21,808,2,1,1082,LOSC Lille,1083,7000000.0,5500000.0,0.994,1.0,0.981,same_club
6058,Bakaye Dibassy,FRA,2019-20,Amiens,D,22,1868,2,2,0,5,2,1.322,1.322,0.053,1.743,1.622,5,1,410059,Bakaye Dibassy,1989-08-11,30.06,183.0,left,Defender,Centre-Back,Mali,France,22,1870,2,0,1416,Amiens SC,1870,3000000.0,2000000.0,1.0,1.0,0.999,same_club
6060,Otávio,FRA,2019-20,Bordeaux,M,25,2217,2,2,3,22,8,0.65,0.65,0.795,5.202,4.514,6,0,312314,Otávio,1994-05-04,25.33,173.0,right,Midfield,Defensive Midfield,Brazil,Brazil,25,2213,2,3,40,FC Girondins Bordeaux,2213,7000000.0,6500000.0,0.999,1.0,0.998,same_club
6073,Guillermo Maripán,FRA,2019-20,Monaco,D,20,1757,2,2,0,12,1,1.875,1.875,0.052,4.788,4.695,2,0,249730,Guillermo Maripán,1994-05-06,25.32,193.0,right,Defender,Centre-Back,Chile,Chile,20,1756,2,0,162,AS Monaco,1846,15000000.0,11000000.0,1.0,1.0,1.0,same_club
6073,Guillermo Maripán,FRA,2019-20,Monaco,D,20,1757,2,2,0,12,1,1.875,1.875,0.052,4.788,4.695,2,0,249730,Guillermo Maripán,1994-05-06,25.32,193.0,right,Defender,Centre-Back,Chile,Chile,20,1756,2,0,162,AS Monaco,1846,15000000.0,11000000.0,1.0,1.0,0.999,same_club
6089,Chadrac Akolo,FRA,2019-20,Amiens,M S,15,532,2,2,1,9,6,1.217,1.217,1.352,2.739,0.249,1,0,247459,Chadrac Akolo,1995-04-01,24.42,172.0,right,Attack,Centre-Forward,DR Congo,Zaire,15,540,2,1,1416,Amiens SC,540,2000000.0,1600000.0,0.996,1.0,0.985,same_club
6869,Antonin Bobichon,FRA,2019-20,"Angers,Nimes",M S,13,840,2,2,1,22,9,1.113,1.113,0.514,1.996,0.814,0,0,344575,Antonin Bobichon,1995-09-14,23.96,178.0,right,Midfield,Central Midfield,France,France,13,833,2,1,"1160,1420","Nîmes Olympique,Angers SCO",833,5000000.0,2800000.0,0.997,1.0,0.992,same_club
7268,Bafode Diakite,FRA,2019-20,Toulouse,D,16,1368,2,2,0,10,1,2.45,2.45,0.039,2.873,2.873,1,1,463605,Bafodé Diakité,2001-01-06,18.65,184.0,right,Defender,Centre-Back,France,France,16,1368,1,0,415,FC Toulouse,1368,2000000.0,7200000.0,0.967,1.0,1.0,same_club
7278,Imran Louza,FRA,2019-20,Nantes,M S,24,2014,2,2,2,35,35,1.645,1.645,3.635,9.316,5.228,4,0,635336,Imrân Louza,1999-05-01,20.34,178.0,left,Midfield,Central Midfield,Morocco,France,24,2012,2,2,995,FC Nantes,2012,300000.0,7200000.0,1.0,1.0,0.999,same_club
7557,Yassin Benrahou,FRA,2019-20,"Bordeaux,Nimes",F M S,15,926,2,2,5,26,26,2.342,2.342,3.091,3.121,1.076,1,0,344599,Yassine Benrahou,1999-01-24,20.6,172.0,left,Midfield,Attacking Midfield,Morocco,France,15,928,2,4,"40,1160","FC Girondins Bordeaux,Nîmes Olympique",928,250000.0,2700000.0,0.98,0.968,0.998,same_club
7729,Julien Faussurier,FRA,2019-20,Brest,D,22,1980,2,2,3,10,27,0.783,0.783,1.56,4.331,2.488,1,0,78917,Julien Faussurier,1987-01-14,32.63,173.0,right,Defender,Right-Back,France,France,22,1980,2,3,3911,Stade Brestois 29,1980,1000000.0,800000.0,1.0,1.0,1.0,same_club
7767,John Boye,FRA,2019-20,Metz,D,24,2118,2,2,0,7,1,1.664,1.664,0.059,1.961,1.961,6,0,85585,John Boye,1987-04-23,32.36,184.0,right,Defender,Centre-Back,Ghana,Ghana,24,2115,2,0,347,FC Metz,2115,1000000.0,800000.0,1.0,1.0,0.999,same_club
7981,Nianzou Kouassi,FRA,2019-20,Paris Saint Germain,D M S,6,454,2,2,0,2,3,0.454,0.454,0.359,4.54,4.45,1,0,538996,Tanguy Nianzou,2002-06-07,17.23,191.0,right,Defender,Centre-Back,France,France,6,452,2,0,583,Paris Saint-Germain,528,,11000000.0,0.969,0.95,0.996,same_club
8071,Jhonder Cádiz,FRA,2019-20,Dijon,F M S,17,780,2,2,2,31,10,2.275,2.275,1.057,2.94,0.41,3,0,271256,Jhonder Cádiz,1995-07-29,24.09,190.0,right,Attack,Centre-Forward,Venezuela,Venezuela,17,792,2,2,2969,Dijon FCO,792,2000000.0,2400000.0,0.995,1.0,0.985,same_club
8318,Moussa Koné,FRA,2019-20,Nimes,F S,5,133,2,2,0,7,1,1.546,1.546,0.059,1.361,0.0,0,0,364239,Moussa Koné,1996-12-30,22.67,175.0,right,Attack,Centre-Forward,Senegal,Senegal,5,137,2,0,1160,Nîmes Olympique,327,3500000.0,2800000.0,0.991,1.0,0.971,same_club
148,Dante,FRA,2019-20,Nice,D,21,1890,1,1,0,18,7,1.554,1.554,0.151,5.459,5.411,7,0,16136,Dante,1983-10-18,35.87,188.0,left,Defender,Centre-Back,Brazil,Brazil,21,1890,1,0,417,OGC Nice,1890,1500000.0,800000.0,1.0,1.0,1.0,same_club
552,Ander Herrera,FRA,2019-20,Paris Saint Germain,D M S,8,546,1,1,1,6,9,0.575,0.575,0.78,5.789,5.469,0,0,99343,Ander Herrera,1989-08-14,30.05,182.0,right,Midfield,Central Midfield,Spain,Spain,8,547,1,1,583,Paris Saint-Germain,934,25000000.0,16000000.0,0.999,1.0,0.998,same_club
668,Idrissa Gueye,FRA,2019-20,Paris Saint Germain,M S,20,1658,1,1,2,11,23,1.46,1.46,2.73,20.513,18.062,2,0,126665,Idrissa Gueye,1989-09-26,29.93,174.0,right,Midfield,Defensive Midfield,Senegal,Senegal,20,1654,1,2,583,Paris Saint-Germain,2221,25000000.0,24000000.0,0.999,1.0,0.998,same_club
695,Bertrand Traoré,FRA,2019-20,Lyon,F M S,23,1252,1,1,3,36,25,3.682,3.682,3.046,6.684,1.605,6,0,131996,Bertrand Traoré,1995-09-06,23.99,181.0,left,Attack,Right Winger,Burkina Faso,Burkina Faso,23,1251,1,3,1041,Olympique Lyon,1480,15000000.0,9500000.0,1.0,1.0,0.999,same_club
728,Lamine Koné,FRA,2019-20,Strasbourg,D S,18,1470,1,1,0,8,4,0.691,0.691,0.432,2.316,2.194,4,0,57420,Lamine Koné,1989-02-01,30.58,188.0,right,Defender,Centre-Back,Cote d'Ivoire,France,18,1474,1,0,667,RC Strasbourg Alsace,1993,3000000.0,2200000.0,0.999,1.0,0.997,same_club
834,José Fonte,FRA,2019-20,Lille,D,25,2206,1,1,1,16,6,1.801,1.801,0.493,5.947,5.115,4,0,33829,José Fonte,1983-12-22,35.69,191.0,right,Defender,Centre-Back,Portugal,Portugal,25,2205,1,1,1082,LOSC Lille,2565,2000000.0,1200000.0,1.0,1.0,1.0,same_club
961,Jordan Amavi,FRA,2019-20,Marseille,D S,26,2161,1,1,1,15,12,0.859,0.859,1.094,4.822,4.248,9,0,241229,Jordan Amavi,1994-03-09,25.48,176.0,left,Defender,Left-Back,France,France,26,2163,1,1,244,Olympique Marseille,2163,8000000.0,9500000.0,1.0,1.0,0.999,same_club
967,Mathieu Debuchy,FRA,2019-20,Saint-Etienne,D S,21,1772,1,1,1,13,13,1.092,1.092,1.154,3.602,2.919,2,0,27306,Mathieu Debuchy,1985-07-28,34.09,177.0,right,Defender,Centre-Back,France,France,21,1770,1,1,618,AS Saint-Étienne,2100,3000000.0,2000000.0,1.0,1.0,0.999,same_club
1248,Leandro Paredes,FRA,2019-20,Paris Saint Germain,M S,17,796,1,1,0,18,4,0.472,0.472,0.184,9.101,8.794,2,0,166237,Leandro Paredes,1994-06-29,25.17,182.0,right,Midfield,Defensive Midfield,Argentina,Argentina,17,807,0,1,583,Paris Saint-Germain,1190,35000000.0,20000000.0,0.963,1.0,0.986,same_club
1270,Haitam Aleesami,FRA,2019-20,Amiens,D M S,22,1920,1,1,1,2,14,0.395,0.395,1.54,3.468,2.388,4,0,230166,Haitam Aleesami,1991-07-31,28.09,183.0,left,Defender,Centre-Back,Norway,Norway,22,1916,1,1,1416,Amiens SC,1916,1500000.0,1200000.0,0.999,1.0,0.998,same_club
1800,Kamil Glik,FRA,2019-20,Monaco,D,23,2070,1,1,0,12,2,1.746,1.746,0.101,5.702,5.661,5,0,46552,Kamil Glik,1988-02-03,31.58,190.0,right,Defender,Centre-Back,Poland,Poland,23,2070,1,0,162,AS Monaco,2070,8000000.0,4800000.0,1.0,1.0,1.0,same_club
2242,Rubén Pardo,FRA,2019-20,Bordeaux,M S,6,178,1,1,0,2,1,0.146,0.146,0.045,0.663,0.472,0,0,99352,Rubén Pardo,1992-10-22,26.86,182.0,right,Midfield,Central Midfield,Spain,Spain,6,186,1,0,40,FC Girondins Bordeaux,276,4000000.0,2400000.0,0.987,1.0,0.957,same_club
2674,Thilo Kehrer,FRA,2019-20,Paris Saint Germain,D S,7,477,1,1,0,3,2,0.226,0.226,0.367,4.617,4.185,0,0,228948,Thilo Kehrer,1996-09-21,22.94,186.0,both,Defender,Centre-Back,Germany,Germany,7,479,1,0,583,Paris Saint-Germain,944,35000000.0,28000000.0,0.999,1.0,0.996,same_club
3221,Pedro Mendes,FRA,2019-20,Montpellier,D,16,1382,1,1,0,9,2,1.38,1.38,0.05,2.636,2.525,8,1,72857,Pedro Mendes,1990-10-01,28.92,186.0,right,Defender,Centre-Back,Portugal,Switzerland,16,1377,1,0,969,Montpellier HSC,1377,6000000.0,4800000.0,0.999,1.0,0.996,same_club
3271,Jérémy Morel,FRA,2019-20,Rennes,D S,21,1805,1,1,0,13,8,1.13,1.13,0.599,2.827,2.262,2,0,23960,Jérémy Morel,1984-04-02,35.41,172.0,left,Defender,Centre-Back,Madagascar,France,21,1806,1,1,273,Stade Rennais FC,2166,250000.0,250000.0,1.0,1.0,0.999,same_club
3298,Layvin Kurzawa,FRA,2019-20,Paris Saint Germain,D S,14,850,1,1,0,6,2,0.947,0.947,0.459,6.463,5.978,4,0,126710,Layvin Kurzawa,1992-09-04,26.99,182.0,left,Defender,Left-Back,France,France,14,856,1,1,583,Paris Saint-Germain,1057,17500000.0,12000000.0,0.998,1.0,0.993,same_club
3308,Mathieu Bodmer,FRA,2019-20,Amiens,S,9,68,1,1,0,4,0,0.25,0.25,0.0,0.734,0.57,1,0,27305,Mathieu Bodmer,1982-11-22,36.77,190.0,right,Midfield,Defensive Midfield,France,France,9,80,1,0,1416,Amiens SC,80,250000.0,250000.0,0.96,1.0,0.867,same_club
3322,Alexander Djiku,FRA,2019-20,Strasbourg,D M S,25,2058,1,1,1,20,6,2.919,2.919,0.384,6.562,6.293,6,0,250844,Alexander Djiku,1994-08-09,25.06,182.0,right,Defender,Centre-Back,Ghana,France,25,2062,1,1,667,RC Strasbourg Alsace,2512,8000000.0,6500000.0,0.999,1.0,0.998,same_club
3333,Francois Kamano,FRA,2019-20,Bordeaux,D M S,11,642,1,1,0,5,5,0.864,0.864,0.361,1.685,0.461,1,0,333802,François Kamano,1996-05-02,23.33,175.0,right,Attack,Left Winger,Guinea,Guinea,11,647,1,0,40,FC Girondins Bordeaux,647,15000000.0,8000000.0,0.998,1.0,0.992,same_club
3343,Ryad Boudebouz,FRA,2019-20,Saint-Etienne,F M S,24,1606,1,0,4,26,42,1.842,1.082,3.878,4.808,2.628,0,0,77826,Ryad Boudebouz,1990-02-19,29.53,177.0,left,Midfield,Attacking Midfield,Algeria,France,24,1602,1,4,618,AS Saint-Étienne,1740,6000000.0,2800000.0,0.999,1.0,0.998,same_club
3356,Adama Soumaoro,FRA,2019-20,Lille,D S,6,412,1,1,0,4,0,1.232,1.232,0.0,0.933,0.933,0,0,126673,Adama Soumaoro,1992-06-18,27.2,187.0,right,Defender,Centre-Back,France,France,6,414,1,0,1082,LOSC Lille,1141,10000000.0,8000000.0,0.999,1.0,0.995,same_club
3356,Adama Soumaoro,FRA,2019-20,Lille,D S,6,412,1,1,0,4,0,1.232,1.232,0.0,0.933,0.933,0,0,126673,Adama Soumaoro,1992-06-18,27.2,187.0,right,Defender,Centre-Back,France,France,6,414,1,0,1082,LOSC Lille,1141,10000000.0,8000000.0,1.0,1.0,1.0,same_club
3393,Bouna Sarr,FRA,2019-20,Marseille,D F M S,27,2184,1,1,3,28,14,2.124,2.124,1.963,8.316,5.193,3,0,190685,Bouna Sarr,1992-01-31,27.58,178.0,right,Defender,Right-Back,Senegal,France,27,2168,1,3,244,Olympique Marseille,2168,6000000.0,6500000.0,0.998,1.0,0.993,same_club
3429,Tiemoué Bakayoko,FRA,2019-20,Monaco,M,20,1726,1,1,2,24,10,1.914,1.914,1.31,7.901,6.005,4,1,182618,Tiemoué Bakayoko,1994-08-17,25.04,189.0,right,Midfield,Defensive Midfield,France,France,20,1722,1,2,162,AS Monaco,1722,35000000.0,25500000.0,0.999,1.0,0.998,same_club
3488,Romain Thomas,FRA,2019-20,Angers,D,27,2342,1,1,2,8,5,0.749,0.749,0.173,3.689,3.671,4,0,57467,Romain Thomas,1988-06-12,31.22,193.0,right,Defender,Centre-Back,France,France,27,2342,1,1,1420,Angers SCO,2342,3000000.0,2400000.0,1.0,1.0,1.0,same_club
3495,Pierrick Capelle,FRA,2019-20,Angers,D F M S,24,1746,1,1,2,36,26,2.296,2.296,2.446,6.248,2.232,7,0,214532,Pierrick Capelle,1987-04-15,32.38,181.0,left,Midfield,Central Midfield,France,France,24,1747,1,2,1420,Angers SCO,1747,2000000.0,1600000.0,1.0,1.0,0.999,same_club
3542,Damien Da Silva,FRA,2019-20,Rennes,D,25,2246,1,1,1,5,4,0.543,0.543,1.099,5.234,4.917,3,0,57370,Damien Da Silva,1988-05-17,31.29,184.0,right,Defender,Centre-Back,France,France,25,2245,1,2,273,Stade Rennais FC,2605,5000000.0,4000000.0,1.0,1.0,1.0,same_club
3560,Renaud Cohade,FRA,2019-20,Metz,M S,12,772,1,1,0,8,8,0.367,0.367,0.75,2.43,1.965,3,0,18955,Renaud Cohade,1984-09-29,34.92,181.0,right,Midfield,Central Midfield,France,France,12,766,1,0,347,FC Metz,766,1000000.0,400000.0,0.998,1.0,0.992,same_club
3566,Christophe Jallet,FRA,2019-20,Amiens,D S,12,852,1,1,1,3,12,0.065,0.065,0.465,1.622,1.268,0,0,28335,Christophe Jallet,1983-10-31,35.84,178.0,right,Defender,Right-Back,France,France,12,855,1,1,1416,Amiens SC,855,500000.0,250000.0,0.999,1.0,0.996,same_club
3568,Clément Grenier,FRA,2019-20,Rennes,M S,11,850,1,1,0,7,12,0.556,0.556,0.648,2.612,1.836,2,0,72479,Clément Grenier,1991-01-07,28.65,186.0,right,Midfield,Central Midfield,,,11,843,1,0,273,Stade Rennais FC,1291,7500000.0,5500000.0,0.998,1.0,0.992,same_club
3691,Robert Beric,FRA,2019-20,Saint-Etienne,F S,11,408,1,1,0,7,4,1.446,1.446,0.231,1.653,0.281,0,0,91415,Robert Beric,1991-06-17,28.21,188.0,right,Attack,Centre-Forward,Slovenia,Jugoslawien (SFR),11,409,1,0,618,AS Saint-Étienne,721,5000000.0,2400000.0,0.999,1.0,0.998,same_club
3695,Adama Traoré,FRA,2019-20,"Metz,Monaco",F M S,17,1042,1,1,4,17,36,1.362,1.362,2.277,3.35,1.859,1,0,262608,Adama Traoré,1995-06-28,24.18,178.0,left,Midfield,Attacking Midfield,Mali,Mali,17,1034,1,4,"162,347","AS Monaco,FC Metz",1034,2200000.0,2400000.0,0.998,1.0,0.992,same_club
3749,Jonathan Bamba,FRA,2019-20,Lille,M S,26,1952,1,0,4,48,37,5.234,2.954,2.534,7.023,2.618,1,0,292818,Jonathan Bamba,1996-03-26,23.43,175.0,right,Attack,Left Winger,Cote d'Ivoire,France,26,1942,1,5,1082,LOSC Lille,2222,17000000.0,16000000.0,0.998,1.0,0.995,same_club
3786,Mathieu Cafaro,FRA,2019-20,Reims,M S,13,933,1,0,2,36,15,2.412,1.652,2.096,2.784,1.107,1,1,399383,Mathieu Cafaro,1997-03-25,22.44,175.0,right,Attack,Right Winger,France,France,13,931,1,2,1421,Stade Reims,931,7500000.0,6000000.0,0.999,1.0,0.998,same_club
3965,Arturo Calabresi,FRA,2019-20,Amiens,D,21,1879,1,1,1,6,6,0.545,0.545,1.227,4.098,2.777,5,0,240897,Arturo Calabresi,1996-03-17,23.46,186.0,right,Defender,Centre-Back,Italy,Italy,21,1879,1,1,1416,Amiens SC,1879,1800000.0,2200000.0,1.0,1.0,1.0,same_club
4242,Stefan Mitrovic,FRA,2019-20,Strasbourg,D,23,2058,1,1,1,5,4,0.31,0.31,0.758,3.968,3.952,4,0,143029,Stefan Mitrovic,1990-05-22,29.28,189.0,right,Defender,Centre-Back,Serbia,Jugoslawien (SFR),23,2054,1,1,667,RC Strasbourg Alsace,2504,3500000.0,2200000.0,0.999,1.0,0.998,same_club
4403,Mehdi Abeid,FRA,2019-20,Nantes,M S,25,1819,1,1,2,33,27,1.295,1.295,1.056,6.45,5.354,5,0,111036,Mehdi Abeid,1992-08-06,27.07,178.0,right,Midfield,Central Midfield,Algeria,France,25,1817,1,2,995,FC Nantes,1817,1750000.0,2000000.0,1.0,1.0,0.999,same_club
4765,Loïck Landre,FRA,2019-20,Nimes,D S,11,929,1,1,0,6,2,1.172,1.172,0.058,2.01,1.912,2,0,164912,Loïck Landre,1992-05-05,27.32,182.0,right,Defender,Centre-Back,France,France,11,929,1,0,1160,Nîmes Olympique,929,3500000.0,1600000.0,1.0,1.0,1.0,same_club
4811,Jean Eudes Aholou,FRA,2019-20,Saint-Etienne,M S,11,636,1,1,1,10,4,0.69,0.69,0.224,1.776,1.277,3,1,178313,Jean-Eudes Aholou,1994-03-20,25.45,186.0,left,Midfield,Defensive Midfield,Cote d'Ivoire,Cote d'Ivoire,11,634,1,1,618,AS Saint-Étienne,878,7000000.0,4000000.0,0.999,1.0,0.997,same_club
4849,Sada Thioub,FRA,2019-20,Angers,F M S,23,1494,1,1,2,14,25,0.779,0.779,2.131,5.28,3.305,3,0,290593,Sada Thioub,1995-06-01,24.25,179.0,right,Attack,Right Winger,Senegal,France,23,1507,1,2,1420,Angers SCO,1507,5500000.0,2800000.0,0.997,1.0,0.991,same_club
5611,Martin Terrier,FRA,2019-20,Lyon,F M S,23,1183,1,1,2,17,16,1.26,1.26,1.496,5.412,3.461,0,0,442891,Martin Terrier,1997-03-04,22.49,184.0,right,Attack,Left Winger,France,France,23,1197,1,2,1041,Olympique Lyon,1437,15000000.0,10500000.0,0.996,1.0,0.988,same_club
5613,Gabriel,FRA,2019-20,Lille,D M S,24,2087,1,1,0,17,3,1.039,1.039,0.138,5.258,5.037,3,0,435338,Gabriel,1997-12-19,21.7,190.0,left,Defender,Centre-Back,Brazil,Brazil,24,2087,1,0,1082,LOSC Lille,2627,4000000.0,17500000.0,1.0,1.0,1.0,same_club
5620,Romain Amalfitano,FRA,2019-20,Dijon,D M S,26,1690,1,1,1,11,12,0.314,0.314,1.28,4.331,3.226,5,0,137841,Romain Amalfitano,1989-08-27,30.01,175.0,right,Midfield,Central Midfield,France,France,26,1693,1,1,2969,Dijon FCO,1693,2000000.0,1600000.0,0.999,1.0,0.998,same_club
5621,Frederic Sammaritano,FRA,2019-20,Dijon,F M S,10,527,1,1,2,9,20,0.442,0.442,1.388,1.248,0.57,0,0,80173,Frédéric Sammaritano,1986-03-23,33.44,162.0,right,Midfield,Attacking Midfield,France,France,10,520,1,2,2969,Dijon FCO,520,500000.0,325000.0,0.996,1.0,0.987,same_club
5648,Malang Sarr,FRA,2019-20,Nice,D S,19,1448,1,1,0,4,2,0.439,0.439,0.06,4.138,4.078,2,0,344596,Malang Sarr,1999-01-23,20.61,183.0,left,Defender,Centre-Back,France,France,19,1452,1,0,417,OGC Nice,1452,18000000.0,16000000.0,0.999,1.0,0.997,same_club
5650,Patrick Burner,FRA,2019-20,Nice,D S,20,1436,1,1,1,7,7,0.337,0.337,0.826,3.667,3.113,4,1,444725,Patrick Burner,1996-04-11,23.39,170.0,right,Defender,Right-Back,Martinique,Martinique,20,1433,1,1,417,OGC Nice,1433,3500000.0,3200000.0,0.999,1.0,0.998,same_club
5654,Baptiste Santamaria,FRA,2019-20,Angers,M,28,2507,1,1,1,35,13,1.205,1.205,1.336,6.379,5.393,1,0,285323,Baptiste Santamaria,1995-03-09,24.48,183.0,right,Midfield,Defensive Midfield,France,France,28,2506,1,1,1420,Angers SCO,2506,6000000.0,7000000.0,1.0,1.0,1.0,same_club
5684,Arnaud Nordin,FRA,2019-20,Saint-Etienne,F M S,18,896,1,1,0,13,11,0.921,0.921,0.621,2.493,1.378,2,0,324811,Arnaud Nordin,1998-06-17,21.21,170.0,both,Attack,Right Winger,France,France,18,906,1,0,618,AS Saint-Étienne,1280,3500000.0,4500000.0,0.997,1.0,0.989,same_club
5686,Digbo Maiga,FRA,2019-20,Metz,M,26,2285,1,1,2,29,12,1.096,1.096,1.008,4.175,3.061,7,0,293944,Habib Maïga,1996-01-01,23.67,181.0,right,Midfield,Defensive Midfield,Cote d'Ivoire,Cote d'Ivoire,26,2271,1,2,347,FC Metz,2271,1000000.0,2800000.0,0.968,0.95,0.994,same_club
5728,Hamza Mendyl,FRA,2019-20,Dijon,D S,18,1439,1,1,1,10,7,0.492,0.492,0.75,3.205,2.442,7,1,447221,Hamza Mendyl,1997-10-21,21.86,179.0,left,Defender,Left-Back,Morocco,Morocco,18,1442,1,0,2969,Dijon FCO,1442,4000000.0,2800000.0,0.999,1.0,0.998,same_club
5736,Myziane Maolida,FRA,2019-20,Nice,F M S,18,660,1,1,2,15,13,1.672,1.672,1.124,4.534,2.131,0,0,371142,Myziane Maolida,1999-02-14,20.54,181.0,right,Attack,Left Winger,Comoros,France,18,670,1,2,417,OGC Nice,670,8000000.0,7200000.0,0.996,1.0,0.985,same_club
5752,Alexis Claude Maurice,FRA,2019-20,Nice,F M S,22,1641,1,1,1,38,20,3.042,3.042,1.492,7.013,3.753,2,0,384593,Alexis Claude-Maurice,1998-06-06,21.24,176.0,right,Midfield,Attacking Midfield,France,France,22,1633,1,1,417,OGC Nice,1633,7500000.0,8000000.0,0.999,1.0,0.995,same_club
5767,Fousseni Diabate,FRA,2019-20,Amiens,M S,20,1218,1,1,3,7,13,0.734,0.734,1.478,3.248,1.422,3,0,364861,Fousseni Diabaté,1995-10-18,23.87,178.0,left,Attack,Right Winger,Mali,France,20,1197,1,3,1416,Amiens SC,1197,3000000.0,2200000.0,0.995,1.0,0.983,same_club
5777,Arnaud Lusamba,FRA,2019-20,Nice,F M S,15,989,1,1,2,6,18,0.516,0.516,1.6,3.548,2.05,1,0,272631,Arnaud Lusamba,1997-01-04,22.66,180.0,right,Midfield,Central Midfield,DR Congo,France,15,984,1,2,417,OGC Nice,984,2000000.0,2400000.0,0.998,1.0,0.995,same_club
5789,Boubacar Kamara,FRA,2019-20,Marseille,D M,24,2142,1,1,2,15,7,0.51,0.51,0.295,5.76,5.551,7,1,394327,Boubacar Kamara,1999-11-23,19.77,184.0,right,Midfield,Defensive Midfield,France,France,24,2141,1,2,244,Olympique Marseille,2141,18000000.0,27000000.0,1.0,1.0,1.0,same_club
5977,Joia Nuno Da Costa,FRA,2019-20,Strasbourg,F S,14,512,1,1,0,18,5,1.308,1.308,0.148,1.749,0.379,4,0,306166,Nuno da Costa,1991-02-10,28.56,182.0,right,Attack,Centre-Forward,Cape Verde,Cape Verde,14,519,1,0,667,RC Strasbourg Alsace,782,5000000.0,1600000.0,0.966,0.95,0.987,same_club
5996,Adrien Tameze,FRA,2019-20,Nice,M S,8,523,1,1,0,5,7,0.844,0.844,0.649,2.385,1.468,2,0,157507,Adrien Tamèze,1994-02-04,25.57,182.0,right,Midfield,Defensive Midfield,France,France,8,519,1,0,417,OGC Nice,734,8000000.0,4800000.0,0.998,1.0,0.992,same_club
5996,Adrien Tameze,FRA,2019-20,Nice,M S,8,523,1,1,0,5,7,0.844,0.844,0.649,2.385,1.468,2,0,157507,Adrien Tamèze,1994-02-04,25.57,182.0,right,Midfield,Defensive Midfield,France,France,8,519,1,0,417,OGC Nice,734,8000000.0,4800000.0,0.991,1.0,0.971,same_club
6019,Angelo Fulgini,FRA,2019-20,Angers,F M S,20,1594,1,1,1,35,26,2.63,2.63,2.181,5.66,2.376,1,1,250013,Angelo Fulgini,1996-08-20,23.03,183.0,right,Midfield,Attacking Midfield,New Caledonia,Cote d'Ivoire,20,1584,1,1,1420,Angers SCO,1584,5000000.0,4000000.0,0.998,1.0,0.994,same_club
6061,Quentin Boisgard,FRA,2019-20,Toulouse,D F M S,20,1163,1,1,1,17,17,0.768,0.768,1.7,1.933,0.812,1,0,412671,Quentin Boisgard,1997-03-17,22.46,175.0,right,Midfield,Attacking Midfield,France,France,20,1150,1,1,415,FC Toulouse,1150,250000.0,1600000.0,0.997,1.0,0.989,same_club
6112,Andrei Girotto,FRA,2019-20,Nantes,D M,25,2182,1,1,0,22,3,0.803,0.803,0.611,3.358,3.273,4,1,270051,Andrei Girotto,1992-02-17,27.54,186.0,right,Defender,Centre-Back,Brazil,Brazil,25,2179,1,1,995,FC Nantes,2179,3000000.0,4000000.0,1.0,1.0,0.999,same_club
6128,Kévin Zohi,FRA,2019-20,Strasbourg,F M S,17,520,1,1,1,16,3,1.627,1.627,0.773,3.276,0.936,1,0,524929,Kévin Zohi,1996-12-19,22.7,180.0,right,Attack,Right Winger,Mali,Cote d'Ivoire,17,526,1,1,667,RC Strasbourg Alsace,791,2000000.0,1600000.0,0.997,1.0,0.989,same_club
6239,Junior Sambia,FRA,2019-20,Montpellier,D M S,17,563,1,1,1,13,4,0.483,0.483,0.187,1.607,1.162,3,1,335147,Junior Sambia,1996-09-07,22.98,185.0,right,Defender,Right-Back,France,France,17,581,1,1,969,Montpellier HSC,581,4000000.0,2800000.0,0.991,1.0,0.969,same_club
6264,Mathieu Dossevi,FRA,2019-20,Toulouse,F M S,26,1771,1,1,2,24,50,1.711,1.711,5.062,5.749,2.548,0,0,77828,Mathieu Dossevi,1988-02-12,31.55,174.0,right,Attack,Right Winger,Togo,France,26,1758,1,1,415,FC Toulouse,1758,2500000.0,1200000.0,0.998,1.0,0.993,same_club
6280,Racine Coly,FRA,2019-20,Nice,D M S,10,659,1,1,0,6,1,1.473,1.473,0.059,0.952,0.924,1,2,323379,Racine Coly,1995-12-08,23.73,185.0,left,Defender,Centre-Back,Senegal,Senegal,10,654,1,0,417,OGC Nice,1496,2500000.0,2000000.0,0.998,1.0,0.992,same_club
6281,Bongani Zungu,FRA,2019-20,Amiens,M S,21,977,1,1,0,7,2,0.19,0.19,0.328,2.237,1.81,4,0,240892,Bongani Zungu,1992-10-09,26.89,184.0,right,Midfield,Central Midfield,South Africa,South Africa,21,986,0,1,1416,Amiens SC,986,2500000.0,1600000.0,0.964,1.0,0.991,same_club
6307,Suk Hyun-Jun,FRA,2019-20,Reims,F S,13,247,1,1,1,11,3,0.91,0.91,0.63,1.497,0.022,3,0,129990,Hyun-jun Suk,1991-06-29,28.18,190.0,right,Attack,Centre-Forward,"Korea, South","Korea, South",13,252,1,1,1421,Stade Reims,252,3500000.0,1600000.0,0.994,1.0,0.98,same_club
6314,Joachim Andersen,FRA,2019-20,Lyon,D S,18,1531,1,1,0,10,4,1.026,1.026,0.116,4.204,4.07,3,0,260827,Joachim Andersen,1996-05-31,23.25,192.0,right,Defender,Centre-Back,Denmark,Denmark,18,1531,1,0,1041,Olympique Lyon,1922,25000000.0,16000000.0,1.0,1.0,1.0,same_club
6380,Anthony Caci,FRA,2019-20,Strasbourg,D,8,696,1,1,5,4,13,0.454,0.454,1.847,4.879,3.597,0,0,453016,Anthony Caci,1997-07-01,22.17,184.0,both,Defender,Right-Back,France,France,8,693,1,4,667,RC Strasbourg Alsace,693,3000000.0,3200000.0,0.999,1.0,0.996,same_club
6861,Anthony Briancon,FRA,2019-20,Nimes,D S,22,1736,1,1,0,18,3,1.677,1.677,0.597,2.308,1.859,0,2,190338,Anthony Briançon,1994-11-29,24.76,185.0,right,Defender,Centre-Back,France,France,22,1738,1,0,1160,Nîmes Olympique,1738,5000000.0,3200000.0,1.0,1.0,0.999,same_club
6862,Florian Miguel,FRA,2019-20,Nimes,D S,24,2072,1,1,0,18,14,1.003,1.003,1.061,4.478,3.099,6,1,347594,Florian Miguel,1996-09-01,23.0,179.0,left,Defender,Left-Back,France,France,24,2060,1,0,1160,Nîmes Olympique,2060,1500000.0,1600000.0,0.998,1.0,0.994,same_club
6866,Theo Valls,FRA,2019-20,Nimes,M S,23,1682,1,1,1,25,25,0.797,0.797,1.973,4.257,2.084,1,1,341396,Théo Valls,1995-12-18,23.7,178.0,left,Midfield,Central Midfield,France,France,23,1641,1,1,1160,Nîmes Olympique,1641,2500000.0,2000000.0,0.993,1.0,0.976,same_club
6874,Yann Gboho,FRA,2019-20,Rennes,F S,8,219,1,1,1,3,5,0.303,0.303,0.206,0.655,0.146,1,0,463613,Yann Gboho,2001-01-14,18.63,178.0,right,Attack,Left Winger,France,Cote d'Ivoire,8,223,1,1,273,Stade Rennais FC,369,150000.0,2700000.0,0.995,1.0,0.982,same_club
6878,Youcef Atal,FRA,2019-20,Nice,D F M S,13,1007,1,1,1,19,10,1.216,1.216,1.238,3.347,1.812,4,0,416108,Youcef Atal,1996-05-17,23.29,176.0,right,Defender,Right-Back,Algeria,Algeria,13,1006,1,2,417,OGC Nice,1006,20000000.0,20000000.0,1.0,1.0,0.999,same_club
6883,Xavier Chavalerin,FRA,2019-20,Reims,M,24,2149,1,1,3,19,41,0.729,0.729,3.342,4.461,2.542,6,0,118278,Xavier Chavalerin,1991-03-07,28.49,179.0,left,Midfield,Central Midfield,France,France,24,2148,1,3,1421,Stade Reims,2148,4000000.0,4000000.0,1.0,1.0,1.0,same_club
6885,Axel Disasi,FRA,2019-20,Reims,D,27,2430,1,1,0,15,5,2.395,2.395,0.395,3.03,2.642,3,0,386047,Axel Disasi,1998-03-11,21.48,191.0,right,Defender,Centre-Back,France,France,27,2430,1,0,1421,Stade Reims,2430,400000.0,7200000.0,1.0,1.0,1.0,same_club
6897,Juan Ferney Otero,FRA,2019-20,Amiens,F M S,18,1216,1,1,2,19,9,1.67,1.67,1.871,5.452,2.235,0,1,332305,Juan Otero,1995-05-26,24.27,182.0,right,Attack,Right Winger,Colombia,Colombia,18,1206,1,2,1416,Amiens SC,1206,4000000.0,2400000.0,0.968,0.95,0.992,same_club
6902,Toma Basic,FRA,2019-20,Bordeaux,M S,15,999,1,1,3,17,23,1.014,1.014,3.219,1.896,0.617,4,0,334835,Toma Bašić,1996-11-25,22.77,190.0,left,Midfield,Central Midfield,Croatia,Croatia,15,993,1,3,40,FC Girondins Bordeaux,993,5000000.0,4800000.0,0.998,1.0,0.994,same_club
6935,Naif Aguerd,FRA,2019-20,Dijon,D,11,958,1,1,0,4,0,0.272,0.272,0.0,1.943,1.934,2,0,361914,Nayef Aguerd,1996-03-30,23.42,190.0,left,Defender,Centre-Back,Morocco,Morocco,12,1048,1,0,2969,Dijon FCO,1048,1500000.0,2400000.0,0.944,0.95,0.914,same_club
6945,Youssouf Fofana,FRA,2019-20,"Monaco,Strasbourg",M S,20,1639,1,1,2,21,13,1.037,1.037,0.946,4.92,3.082,1,0,569598,Youssouf Fofana,1999-01-10,20.64,185.0,right,Midfield,Defensive Midfield,France,France,20,1622,1,2,"162,667","AS Monaco,RC Strasbourg Alsace",1867,5000000.0,11000000.0,0.997,1.0,0.99,same_club
6947,Samuel Kalu,FRA,2019-20,Bordeaux,D M S,20,1366,1,1,1,39,10,2.703,2.703,1.457,4.687,0.896,4,0,424051,Samuel Kalu,1997-08-26,22.02,177.0,right,Attack,Right Winger,Nigeria,Nigeria,20,1360,1,1,40,FC Girondins Bordeaux,1360,10000000.0,6500000.0,0.999,1.0,0.996,same_club
7007,Duje Caleta-Car,FRA,2019-20,Marseille,D S,23,1885,1,1,1,15,6,1.268,1.268,0.746,2.492,2.084,6,0,238266,Duje Caleta-Car,1996-09-17,22.95,193.0,right,Defender,Centre-Back,Croatia,Croatia,23,1884,1,1,244,Olympique Marseille,1884,15000000.0,20000000.0,1.0,1.0,0.999,same_club
7069,Saman Ghoddos,FRA,2019-20,Amiens,F M S,5,224,1,1,0,6,5,0.749,0.749,0.44,1.432,0.667,1,0,204294,Saman Ghoddos,1993-09-06,25.98,176.0,right,Midfield,Attacking Midfield,Iran,Sweden,5,230,1,0,1416,Amiens SC,230,5000000.0,3200000.0,0.992,1.0,0.974,same_club
7118,Anthony Limbombe,FRA,2019-20,Nantes,M S,4,150,1,1,0,2,2,0.542,0.542,0.076,0.615,0.073,0,0,140803,Anthony Limbombe,1994-07-15,25.13,177.0,right,Attack,Left Winger,Belgium,Belgium,4,151,1,0,995,FC Nantes,435,6000000.0,4000000.0,0.998,1.0,0.993,same_club
7359,Eduardo Camavinga,FRA,2019-20,Rennes,M S,25,2122,1,1,2,15,7,0.901,0.901,0.779,6.441,4.952,4,0,640428,Eduardo Camavinga,2002-11-10,16.81,182.0,left,Midfield,Central Midfield,France,Angola,25,2113,1,2,273,Stade Rennais FC,2354,4000000.0,37500000.0,0.999,1.0,0.996,same_club
7570,Moreto Cassamã,FRA,2019-20,Reims,M,7,594,1,1,1,4,8,0.109,0.109,0.712,0.954,0.882,3,0,290746,Moreto Cassamá,1998-02-16,21.54,165.0,right,Midfield,Central Midfield,Guinea-Bissau,Guinea-Bissau,7,594,0,1,1421,Stade Reims,594,350000.0,1300000.0,0.967,1.0,1.0,same_club
7589,Wesley Fofana,FRA,2019-20,Saint-Etienne,D S,14,1213,1,1,0,6,2,0.825,0.825,0.036,0.914,0.75,4,0,475411,Wesley Fofana,2000-12-17,18.7,188.0,right,Defender,Centre-Back,France,France,14,1215,1,0,618,AS Saint-Étienne,1395,,5400000.0,1.0,1.0,0.998,same_club
7687,Jean Lucas,FRA,2019-20,Lyon,M S,11,175,1,1,0,6,2,0.581,0.581,0.154,0.985,0.348,3,0,578872,Jean Lucas,1998-06-22,21.19,181.0,right,Midfield,Central Midfield,Brazil,Brazil,11,192,1,0,1041,Olympique Lyon,195,1000000.0,4500000.0,0.973,1.0,0.911,same_club
7730,Jean-Charles Castelletto,FRA,2019-20,Brest,D,22,1842,1,1,0,3,4,0.861,0.861,0.117,2.353,2.343,3,1,182875,Jean-Charles Castelletto,1995-01-26,24.6,186.0,both,Defender,Centre-Back,Cameroon,France,22,1840,1,0,3911,Stade Brestois 29,1840,1500000.0,2400000.0,1.0,1.0,0.999,same_club
7731,Denys Bain,FRA,2019-20,Brest,D S,15,1267,1,1,0,3,0,1.124,1.124,0.0,2.66,2.66,3,1,184575,Denys Bain,1993-07-02,26.17,181.0,both,Defender,Centre-Back,France,France,15,1268,1,0,3911,Stade Brestois 29,1268,1500000.0,2000000.0,1.0,1.0,0.999,same_club
7733,Ferris N&#039;Goma,FRA,2019-20,Brest,S,4,19,1,0,0,2,0,0.786,0.026,0.0,0.026,0.0,1,0,127192,Ferris N'Goma,1993-06-15,26.21,175.0,both,Midfield,Central Midfield,France,France,4,22,1,0,3911,Stade Brestois 29,22,700000.0,550000.0,0.96,0.95,0.967,same_club
7743,Pereira Lage,FRA,2019-20,Angers,M S,25,1549,1,1,3,35,22,1.523,1.523,2.446,5.256,2.626,2,0,424072,Mathias Pereira Lage,1996-11-30,22.75,180.0,right,Attack,Left Winger,Portugal,France,25,1543,1,2,1420,Angers SCO,1543,1500000.0,2800000.0,0.999,1.0,0.996,same_club
7745,Loris Benito,FRA,2019-20,Bordeaux,D S,23,1899,1,1,0,12,17,0.659,0.659,0.878,3.923,3.558,5,0,119085,Loris Benito,1992-01-07,27.65,186.0,left,Defender,Centre-Back,Switzerland,Switzerland,23,1896,1,0,40,FC Girondins Bordeaux,1896,4000000.0,3200000.0,1.0,1.0,0.998,same_club
7751,Miguel Trauco,FRA,2019-20,Saint-Etienne,D M S,19,1483,1,1,2,11,9,0.709,0.709,0.866,2.282,0.892,6,0,177690,Miguel Trauco,1992-08-25,27.02,175.0,left,Defender,Left-Back,Peru,Peru,19,1478,1,2,618,AS Saint-Étienne,1568,1750000.0,1600000.0,0.999,1.0,0.997,same_club
7756,Yusuf Yazici,FRA,2019-20,Lille,F M S,18,836,1,0,4,21,24,2.171,1.411,2.627,3.868,1.97,0,1,386726,Yusuf Yazıcı,1997-01-29,22.59,183.0,left,Midfield,Attacking Midfield,Türkiye,Türkiye,18,842,1,4,1082,LOSC Lille,1212,13000000.0,13000000.0,0.943,0.909,0.993,same_club
7760,Abdoul Kader Bamba,FRA,2019-20,Nantes,M S,27,1469,1,1,3,19,37,1.919,1.919,4.367,8.647,4.734,5,0,560725,Abdoul Kader Bamba,1994-04-25,25.35,177.0,right,Attack,Right Winger,France,France,27,1468,1,3,995,FC Nantes,1468,,1600000.0,1.0,1.0,0.999,same_club
7968,Nicolas Isimat-Mirin,FRA,2019-20,Toulouse,D,14,1260,1,1,0,4,1,0.727,0.727,0.052,1.16,1.16,4,0,147846,Nicolas Isimat-Mirin,1991-11-15,27.79,187.0,right,Defender,Centre-Back,France,France,14,1260,1,0,415,FC Toulouse,1260,1250000.0,1200000.0,1.0,1.0,1.0,same_club
8004,Dereck Kutesa,FRA,2019-20,Reims,F M S,14,507,1,1,0,5,5,0.279,0.279,0.322,0.795,0.287,0,0,237669,Dereck Kutesa,1997-12-06,21.74,177.0,right,Attack,Left Winger,Switzerland,Switzerland,14,521,1,0,1421,Stade Reims,521,1750000.0,1400000.0,0.992,1.0,0.973,same_club
8151,Hianga&#039;a M&#039;Bock,FRA,2019-20,Brest,M S,2,141,1,1,0,4,1,0.169,0.169,0.027,0.355,0.159,0,0,684062,Hianga'a Mbock,1999-12-28,19.68,186.0,right,Midfield,Central Midfield,France,France,2,140,1,0,3911,Stade Brestois 29,140,,725000.0,0.926,0.88,0.993,same_club
8177,Jack Lahne,FRA,2019-20,Amiens,S,1,5,1,1,0,1,0,0.293,0.293,0.0,0.293,0.0,0,0,493674,Jack Lahne,2001-10-24,17.85,174.0,right,Attack,Centre-Forward,Sweden,Zambia,1,8,1,0,1416,Amiens SC,8,1000000.0,900000.0,0.99,1.0,0.967,same_club
92,Hiroki Sakai,FRA,2019-20,Marseille,D S,21,1621,0,0,0,2,14,0.096,0.096,1.568,5.178,4.424,3,0,83002,Hiroki Sakai,1990-04-12,29.39,185.0,right,Defender,Right-Back,Japan,Japan,21,1621,0,0,244,Olympique Marseille,1621,8000000.0,5500000.0,1.0,1.0,1.0,same_club
93,Marcelo,FRA,2019-20,Lyon,D,17,1509,0,0,0,8,1,0.554,0.554,0.02,4.072,4.072,4,0,52920,Marcelo,1987-05-20,32.28,191.0,right,Defender,Centre-Back,Brazil,Brazil,17,1505,0,0,1041,Olympique Lyon,2229,7000000.0,2800000.0,0.999,1.0,0.997,same_club
152,Julian Draxler,FRA,2019-20,Paris Saint Germain,M S,11,681,0,0,4,13,12,1.282,1.282,1.634,8.084,5.724,5,0,85148,Julian Draxler,1993-09-20,25.95,185.0,right,Attack,Left Winger,Germany,Germany,11,685,0,5,583,Paris Saint-Germain,750,35000000.0,24000000.0,0.998,1.0,0.994,same_club
387,Luiz Gustavo,FRA,2019-20,Marseille,M S,3,185,0,0,0,2,2,0.141,0.141,0.124,0.33,0.33,0,0,10471,Luiz Gustavo,1987-07-23,32.11,187.0,left,Midfield,Defensive Midfield,Brazil,Brazil,3,189,0,0,244,Olympique Marseille,2709,10000000.0,5500000.0,0.994,1.0,0.979,same_club
414,Juan Bernat,FRA,2019-20,Paris Saint Germain,D M S,18,1402,0,0,4,6,14,0.627,0.627,3.39,13.48,11.782,5,0,126719,Juan Bernat,1993-03-01,26.5,170.0,left,Defender,Left-Back,Spain,Spain,18,1390,0,5,583,Paris Saint-Germain,2355,15000000.0,16000000.0,0.997,1.0,0.991,same_club
435,Benjamin Henrichs,FRA,2019-20,Monaco,D M S,13,892,0,0,0,10,6,0.828,0.828,0.603,3.165,2.402,2,0,202591,Benjamin Henrichs,1997-02-23,22.52,185.0,right,Defender,Right-Back,Germany,Germany,13,890,0,0,162,AS Monaco,890,15000000.0,12000000.0,0.999,1.0,0.998,same_club
494,Laurent Koscielny,FRA,2019-20,Bordeaux,D,25,2183,0,0,0,3,2,0.26,0.26,0.029,2.204,2.191,3,0,76277,Laurent Koscielny,1985-09-10,33.97,186.0,right,Defender,Centre-Back,France,France,25,2184,0,0,40,FC Girondins Bordeaux,2184,8000000.0,4000000.0,1.0,1.0,1.0,same_club
516,Yohan Cabaye,FRA,2019-20,Saint-Etienne,M S,15,869,0,0,1,11,8,0.447,0.447,0.313,1.007,0.684,3,0,29434,Yohan Cabaye,1986-01-14,33.63,173.0,right,Midfield,Central Midfield,France,France,15,862,0,1,618,AS Saint-Étienne,927,2000000.0,800000.0,0.998,1.0,0.992,same_club
686,Cesc Fàbregas,FRA,2019-20,Monaco,M S,18,938,0,0,3,9,23,0.474,0.474,2.293,7.098,5.117,1,1,8806,Cesc Fàbregas,1987-05-04,32.33,179.0,right,Midfield,Central Midfield,Spain,Spain,18,935,0,3,162,AS Monaco,935,15000000.0,6500000.0,0.999,1.0,0.997,same_club
732,Yann M&#039;Vila,FRA,2019-20,Saint-Etienne,D M S,23,1936,0,0,2,9,10,0.601,0.601,1.026,3.592,2.749,1,0,60573,Yann M'Vila,1990-06-29,29.17,183.0,right,Midfield,Defensive Midfield,France,France,23,1941,0,2,618,AS Saint-Étienne,2381,10000000.0,6000000.0,0.969,0.95,0.997,same_club
942,Florian Thauvin,FRA,2019-20,Marseille,S,2,13,0,0,0,3,0,0.425,0.425,0.0,0.425,0.0,0,0,184892,Florian Thauvin,1993-01-26,26.6,181.0,left,Attack,Right Winger,France,France,2,20,0,0,244,Olympique Marseille,20,45000000.0,32000000.0,0.977,1.0,0.922,same_club
1039,Jason Denayer,FRA,2019-20,Lyon,D S,25,2137,0,0,1,5,3,0.739,0.739,0.116,5.067,4.913,0,0,277114,Jason Denayer,1995-06-28,24.18,184.0,right,Defender,Centre-Back,Belgium,Belgium,25,2134,0,1,1041,Olympique Lyon,2915,12500000.0,12000000.0,1.0,1.0,0.999,same_club
1159,Molla Wagué,FRA,2019-20,Nantes,D S,9,683,0,0,0,2,1,0.151,0.151,0.072,0.998,0.925,1,1,129893,Molla Wagué,1991-02-21,28.53,191.0,right,Defender,Centre-Back,Mali,France,9,682,0,0,995,FC Nantes,682,1000000.0,800000.0,1.0,1.0,0.999,same_club
1326,Assane Diousse,FRA,2019-20,Saint-Etienne,M S,4,115,0,0,0,1,1,0.031,0.031,0.067,0.399,0.368,1,0,287635,Assane Dioussé,1997-09-20,21.95,175.0,left,Midfield,Defensive Midfield,Senegal,Senegal,4,117,0,0,618,AS Saint-Étienne,194,4500000.0,2400000.0,0.995,1.0,0.983,same_club
1327,Matheus Pereira,FRA,2019-20,Dijon,F M S,10,468,0,0,0,10,11,0.674,0.674,0.458,1.87,1.025,4,0,323934,Matheus Pereira,1998-02-25,21.51,183.0,left,Midfield,Central Midfield,Brazil,Brazil,10,467,0,0,2969,Dijon FCO,467,450000.0,1300000.0,0.999,1.0,0.998,same_club
1416,Ciprian Tatarusanu,FRA,2019-20,Lyon,GK,2,180,0,0,0,0,0,0.0,0.0,0.0,0.053,0.053,0,0,55282,Ciprian Tatarusanu,1986-02-09,33.56,198.0,right,Goalkeeper,Goalkeeper,Romania,Romania,2,180,0,0,1041,Olympique Lyon,180,2500000.0,1200000.0,1.0,1.0,1.0,same_club
1455,Alfred Gomis,FRA,2019-20,Dijon,GK,19,1630,0,0,0,0,0,0.0,0.0,0.0,2.323,2.323,0,0,163568,Alfred Gomis,1993-09-05,25.99,196.0,right,Goalkeeper,Goalkeeper,Senegal,Senegal,19,1620,0,0,2969,Dijon FCO,1620,2000000.0,2400000.0,0.998,1.0,0.994,same_club
1627,Eddy Gnahore,FRA,2019-20,Amiens,M S,17,1137,0,0,0,6,6,0.828,0.828,0.517,2.982,2.365,2,1,168933,Eddy Gnahoré,1993-11-14,25.8,188.0,right,Midfield,Defensive Midfield,France,France,17,1135,0,0,1416,Amiens SC,1135,4000000.0,2000000.0,0.999,1.0,0.998,same_club
1670,Steve Mandanda,FRA,2019-20,Marseille,GK,27,2370,0,0,0,0,0,0.0,0.0,0.0,0.853,0.853,1,0,23951,Steve Mandanda,1985-03-28,34.43,187.0,right,Goalkeeper,Goalkeeper,France,Zaire,27,2371,0,0,244,Olympique Marseille,2371,2500000.0,2400000.0,1.0,1.0,1.0,same_club
1720,Didier Ndong,FRA,2019-20,Dijon,D M,27,2394,0,0,2,19,16,0.862,0.862,1.364,6.052,5.245,5,0,210081,Didier Ndong,1994-06-17,25.21,179.0,right,Midfield,Central Midfield,Gabon,Gabon,27,2389,0,4,2969,Dijon FCO,2389,4000000.0,3200000.0,0.999,1.0,0.998,same_club
1752,Fabio,FRA,2019-20,Nantes,D,10,834,0,0,0,3,7,0.047,0.047,0.368,2.046,1.908,4,0,61891,Fábio,1990-07-09,29.15,172.0,right,Defender,Right-Back,Brazil,Brazil,10,835,0,0,995,FC Nantes,835,2500000.0,2200000.0,1.0,1.0,0.999,same_club
1784,Jérémy Pied,FRA,2019-20,Lille,D,5,450,0,0,0,2,2,0.074,0.074,0.17,0.728,0.654,2,0,60583,Jérémy Pied,1989-02-23,30.52,173.0,right,Defender,Right-Back,France,France,5,450,0,0,1082,LOSC Lille,540,2500000.0,2000000.0,1.0,1.0,1.0,same_club
1920,Gabriel Silva,FRA,2019-20,Saint-Etienne,D S,4,233,0,0,0,0,1,0.0,0.0,0.024,0.132,0.132,0,0,114340,Gabriel Silva,1991-05-13,28.3,179.0,left,Defender,Left-Back,Brazil,Brazil,4,230,0,0,618,AS Saint-Étienne,351,2500000.0,1600000.0,0.996,1.0,0.987,same_club
1932,Sanjin Prcic,FRA,2019-20,Strasbourg,M S,3,74,0,0,0,1,0,0.031,0.031,0.0,0.235,0.204,0,0,125783,Sanjin Prcic,1993-11-20,25.78,181.0,right,Midfield,Central Midfield,Bosnia-Herzegovina,France,3,77,0,0,667,RC Strasbourg Alsace,77,4000000.0,1600000.0,0.99,1.0,0.967,same_club
1944,William Vainqueur,FRA,2019-20,Toulouse,M,21,1738,0,0,0,17,9,0.426,0.426,0.425,3.272,2.725,8,0,47893,William Vainqueur,1988-11-19,30.78,179.0,right,Midfield,Defensive Midfield,France,France,21,1722,0,0,415,FC Toulouse,1722,1250000.0,1000000.0,0.997,1.0,0.991,same_club
2063,Timothée Kolodziejczak,FRA,2019-20,Saint-Etienne,D S,15,1301,0,0,0,3,7,0.175,0.175,0.314,2.543,2.311,6,0,84085,Timothée Kolodziejczak,1991-10-01,27.92,183.0,left,Defender,Centre-Back,France,France,15,1305,0,0,618,AS Saint-Étienne,1845,6000000.0,4800000.0,0.999,1.0,0.997,same_club
2072,Sergio Rico,FRA,2019-20,Paris Saint Germain,GK,2,180,0,0,0,0,0,0.0,0.0,0.0,0.725,0.725,0,0,207302,Sergio Rico,1993-09-01,26.0,196.0,right,Goalkeeper,Goalkeeper,Spain,Spain,2,180,0,0,583,Paris Saint-Germain,371,12000000.0,8000000.0,1.0,1.0,1.0,same_club
2083,Rene Krhin,FRA,2019-20,Nantes,D M S,8,328,0,0,0,1,0,0.014,0.014,0.0,0.715,0.715,0,0,73092,Rene Krhin,1990-05-21,29.28,189.0,right,Midfield,Defensive Midfield,Slovenia,Jugoslawien (SFR),8,327,0,0,995,FC Nantes,327,2000000.0,1200000.0,0.999,1.0,0.997,same_club
2225,Gerónimo Rulli,FRA,2019-20,Montpellier,GK,25,2250,0,0,0,0,0,0.0,0.0,0.0,2.936,2.936,0,0,229604,Gerónimo Rulli,1992-05-20,27.28,189.0,right,Goalkeeper,Goalkeeper,Argentina,Argentina,25,2250,0,0,969,Montpellier HSC,2250,10000000.0,8000000.0,1.0,1.0,1.0,same_club
2243,Keylor Navas,FRA,2019-20,Paris Saint Germain,GK,21,1890,0,0,0,0,0,0.0,0.0,0.0,6.879,6.879,0,0,79422,Keylor Navas,1986-12-15,32.71,185.0,right,Goalkeeper,Goalkeeper,Costa Rica,Costa Rica,21,1890,0,0,583,Paris Saint-Germain,2689,10000000.0,8000000.0,1.0,1.0,1.0,same_club
2256,Jesé,FRA,2019-20,Paris Saint Germain,S,1,1,0,0,0,0,0,0.0,0.0,0.0,0.0,0.0,0,0,134936,Jesé,1993-02-26,26.51,178.0,right,Attack,Left Winger,,,1,1,0,0,583,Paris Saint-Germain,688,5000000.0,3200000.0,1.0,1.0,1.0,same_club
2310,Alphonse Areola,FRA,2019-20,Paris Saint Germain,GK,3,270,0,0,0,0,0,0.0,0.0,0.0,0.573,0.573,0,0,120629,Alphonse Areola,1993-02-27,26.51,195.0,right,Goalkeeper,Goalkeeper,France,France,3,270,0,0,583,Paris Saint-Germain,1125,17500000.0,13000000.0,1.0,1.0,1.0,same_club
2310,Alphonse Areola,FRA,2019-20,Paris Saint Germain,GK,3,270,0,0,0,0,0,0.0,0.0,0.0,0.573,0.573,0,0,120629,Alphonse Areola,1993-02-27,26.51,195.0,right,Goalkeeper,Goalkeeper,France,France,3,270,0,0,583,Paris Saint-Germain,1125,17500000.0,13000000.0,1.0,1.0,1.0,same_club
2387,Danilo,FRA,2019-20,Nice,D M S,16,1119,0,0,0,5,10,0.328,0.328,0.361,5.981,5.79,4,0,273438,Danilo Barbosa,1996-02-28,23.51,183.0,right,Midfield,Defensive Midfield,Brazil,Brazil,16,1120,0,0,417,OGC Nice,1120,8000000.0,6500000.0,0.97,0.95,0.999,same_club
2413,Steven N&#039;Zonzi,FRA,2019-20,Rennes,M S,5,383,0,0,0,2,0,0.059,0.059,0.0,2.186,2.168,0,0,73734,Steven Nzonzi,1988-12-15,30.71,196.0,right,Midfield,Defensive Midfield,France,France,5,385,0,0,273,Stade Rennais FC,1672,23000000.0,11000000.0,0.926,0.88,0.995,same_club
2430,Álvaro González,FRA,2019-20,Marseille,D S,20,1630,0,0,0,13,3,0.786,0.786,0.527,1.264,1.218,4,1,183647,Álvaro González,1990-01-08,29.65,182.0,right,Defender,Centre-Back,Spain,Spain,20,1629,0,0,244,Olympique Marseille,1629,8000000.0,6500000.0,1.0,1.0,0.999,same_club
2713,Petar Skuletic,FRA,2019-20,Montpellier,F S,5,97,0,0,0,5,1,0.963,0.203,0.06,0.15,0.0,0,0,58295,Petar Skuletic,1990-06-29,29.17,193.0,left,Attack,Centre-Forward,Serbia,Jugoslawien (SFR),5,101,0,0,969,Montpellier HSC,227,1000000.0,650000.0,0.988,1.0,0.96,same_club
3201,Alban Lafont,FRA,2019-20,Nantes,GK,27,2430,0,0,0,0,0,0.0,0.0,0.0,1.429,1.429,3,0,357117,Alban Lafont,1999-01-23,20.61,196.0,right,Goalkeeper,Goalkeeper,Cote d'Ivoire,Burkina Faso,27,2430,0,0,995,FC Nantes,2430,17000000.0,11000000.0,1.0,1.0,1.0,same_club
3207,Alexis Blin,FRA,2019-20,Amiens,D M S,24,1844,0,0,1,2,7,0.058,0.058,0.712,2.21,2.148,4,0,236041,Alexis Blin,1996-09-16,22.96,186.0,right,Midfield,Defensive Midfield,France,France,24,1845,0,1,1416,Amiens SC,1845,5000000.0,4000000.0,1.0,1.0,0.999,same_club
3217,Mauro Goicoechea,FRA,2019-20,Toulouse,GK,2,180,0,0,0,0,0,0.0,0.0,0.0,0.057,0.057,0,0,72578,Mauro Goicoechea,1988-03-27,31.43,186.0,right,Goalkeeper,Goalkeeper,Uruguay,Uruguay,2,180,0,0,415,FC Toulouse,180,800000.0,475000.0,1.0,1.0,1.0,same_club
3218,Benoit Costil,FRA,2019-20,Bordeaux,GK,28,2520,0,0,0,0,0,0.0,0.0,0.0,1.563,1.563,1,0,22628,Benoît Costil,1987-07-03,32.16,188.0,right,Goalkeeper,Goalkeeper,France,France,,,,,,,,5500000.0,4000000.0,,,,understat_id_carryover
3227,Ludovic Baal,FRA,2019-20,Brest,D S,11,820,0,0,0,2,14,0.15,0.15,0.698,1.571,1.182,1,0,39913,Ludovic Baal,1986-05-24,33.27,176.0,left,Defender,Left-Back,French Guiana,French Guiana,11,825,0,0,3911,Stade Brestois 29,825,500000.0,325000.0,0.998,1.0,0.994,same_club
3239,Hamari Traore,FRA,2019-20,Rennes,D,27,2415,0,0,5,23,34,0.942,0.942,2.882,7.949,4.852,7,0,297070,Hamari Traoré,1992-01-27,27.59,175.0,right,Defender,Right-Back,Mali,Mali,27,2413,0,5,273,Stade Rennais FC,2773,6000000.0,4800000.0,1.0,1.0,0.999,same_club
3251,Paul Bernardoni,FRA,2019-20,Nimes,GK,25,2203,0,0,0,0,0,0.0,0.0,0.0,1.512,1.512,0,0,318507,Paul Bernardoni,1997-04-18,22.37,193.0,left,Goalkeeper,Goalkeeper,France,France,25,2204,0,0,1160,Nîmes Olympique,2204,9000000.0,5500000.0,1.0,1.0,1.0,same_club
3269,Anthony Lopes,FRA,2019-20,Lyon,GK,26,2340,0,0,0,0,1,0.0,0.0,0.174,2.684,2.509,1,0,60561,Anthony Lopes,1990-10-01,28.92,184.0,left,Goalkeeper,Goalkeeper,Portugal,France,26,2340,0,0,1041,Olympique Lyon,3240,25000000.0,17500000.0,1.0,1.0,1.0,same_club
3270,Rafael,FRA,2019-20,Lyon,D M S,13,701,0,0,0,5,3,0.105,0.105,0.446,1.345,1.218,3,0,61892,Rafael,1990-07-09,29.15,172.0,right,Defender,Right-Back,Brazil,Brazil,13,701,0,0,1041,Olympique Lyon,774,9000000.0,5500000.0,1.0,1.0,1.0,same_club
3275,Jordan Ferri,FRA,2019-20,Montpellier,M S,16,1166,0,0,0,11,22,0.429,0.429,1.222,2.427,1.923,1,1,118284,Jordan Ferri,1992-03-12,27.47,173.0,right,Midfield,Central Midfield,France,France,16,1154,0,0,969,Montpellier HSC,1154,4000000.0,2800000.0,0.997,1.0,0.99,same_club
3288,Thiago Silva,FRA,2019-20,Paris Saint Germain,D S,21,1586,0,0,0,6,0,0.223,0.223,0.0,14.536,14.536,1,0,29241,Thiago Silva,1984-09-22,34.94,181.0,right,Defender,Centre-Back,Brazil,Brazil,21,1574,0,0,583,Paris Saint-Germain,2394,10000000.0,4800000.0,0.998,1.0,0.992,same_club
3299,Jean-Kevin Augustin,FRA,2019-20,Monaco,F S,10,252,0,0,0,7,0,0.566,0.566,0.0,0.839,0.319,0,0,264956,Jean-Kévin Augustin,1997-06-16,22.21,179.0,right,Attack,Centre-Forward,France,France,10,262,0,0,162,AS Monaco,262,16000000.0,9500000.0,0.989,1.0,0.962,same_club
3306,Remi Walter,FRA,2019-20,Nice,M,1,57,0,0,0,0,1,0.0,0.0,0.035,0.145,0.11,0,0,215686,Rémi Walter,1995-04-26,24.35,174.0,left,Midfield,Central Midfield,France,France,1,54,0,0,417,OGC Nice,436,3500000.0,1600000.0,0.99,1.0,0.967,same_club
3314,Franck Honorat,FRA,2019-20,Saint-Etienne,D M S,12,848,0,0,3,5,13,0.098,0.098,1.733,3.242,1.481,1,0,229006,Franck Honorat,1996-08-11,23.06,180.0,right,Attack,Right Winger,France,France,12,850,0,3,618,AS Saint-Étienne,985,2000000.0,1600000.0,0.999,1.0,0.998,same_club
3337,Hilton,FRA,2019-20,Montpellier,D,28,2514,0,0,2,13,13,1.149,1.149,1.293,4.54,3.927,2,0,4811,Hilton,1977-09-13,41.97,180.0,right,Defender,Centre-Back,Brazil,Brazil,28,2511,0,2,969,Montpellier HSC,2511,100000.0,100000.0,1.0,1.0,0.999,same_club
3338,Daniel Congré,FRA,2019-20,Montpellier,D S,24,1946,0,0,1,9,3,1.567,1.567,0.572,3.477,2.946,4,0,22386,Daniel Congré,1985-04-05,34.41,185.0,right,Defender,Centre-Back,France,France,24,1942,0,1,969,Montpellier HSC,1942,750000.0,400000.0,0.999,1.0,0.998,same_club
3346,Jonas Martin,FRA,2019-20,"Rennes,Strasbourg",M S,6,360,0,0,0,3,5,0.889,0.129,0.228,1.177,1.105,1,0,127142,Jonas Martin,1990-04-09,29.4,184.0,right,Midfield,Defensive Midfield,France,France,6,358,0,0,"273,667","Stade Rennais FC,RC Strasbourg Alsace",977,5000000.0,2800000.0,0.998,1.0,0.994,same_club
3362,Rony Lopes,FRA,2019-20,Monaco,M,1,83,0,0,0,2,0,0.109,0.109,0.0,0.469,0.36,0,0,174694,Rony Lopes,1995-12-28,23.68,174.0,left,Attack,Right Winger,Portugal,Brazil,1,82,0,0,162,AS Monaco,684,25000000.0,10000000.0,0.996,1.0,0.985,same_club
3362,Rony Lopes,FRA,2019-20,Monaco,M,1,83,0,0,0,2,0,0.109,0.109,0.0,0.469,0.36,0,0,174694,Rony Lopes,1995-12-28,23.68,174.0,left,Attack,Right Winger,Portugal,Brazil,1,82,0,0,162,AS Monaco,684,25000000.0,10000000.0,0.997,1.0,0.989,same_club
3366,Yassine Benzia,FRA,2019-20,Dijon,M S,3,178,0,0,0,4,4,0.112,0.112,0.348,1.108,0.692,0,0,187847,Yassine Benzia,1994-09-08,24.98,178.0,right,Midfield,Attacking Midfield,Algeria,France,3,175,0,0,2969,Dijon FCO,478,1500000.0,1600000.0,0.995,1.0,0.983,same_club
3367,Youssouf Kone,FRA,2019-20,Lyon,D S,11,824,0,0,0,3,9,0.036,0.036,0.37,1.664,1.42,1,1,274484,Youssouf Koné,1995-07-05,24.16,174.0,left,Defender,Left-Back,Mali,Mali,11,821,0,0,1041,Olympique Lyon,1213,5000000.0,6500000.0,0.999,1.0,0.996,same_club
3370,Issiaga Sylla,FRA,2019-20,Toulouse,D,28,2520,0,0,2,21,25,0.757,0.757,1.964,4.475,2.916,2,0,220878,Issiaga Sylla,1994-01-01,25.66,180.0,left,Defender,Left-Back,Guinea,Guinea,28,2520,0,2,415,FC Toulouse,2520,3500000.0,2800000.0,1.0,1.0,1.0,same_club
3383,Kévin Mayi,FRA,2019-20,Brest,S,2,2,0,0,0,0,0,0.0,0.0,0.0,0.0,0.0,0,0,198473,Kevin Mayi,1993-01-14,26.63,182.0,right,Attack,Centre-Forward,Gabon,France,2,3,0,0,3911,Stade Brestois 29,3,700000.0,550000.0,0.997,1.0,0.989,same_club
3391,Jacques-Alaixys Romao,FRA,2019-20,Reims,M S,22,1793,0,0,0,12,12,0.581,0.581,0.577,3.32,2.563,7,2,40014,Alaixys Romao,1984-01-18,35.62,180.0,right,Midfield,Defensive Midfield,Togo,France,22,1785,0,0,1421,Stade Reims,1785,500000.0,325000.0,0.969,0.95,0.996,same_club
3395,Yohann Pelé,FRA,2019-20,Marseille,GK S,2,150,0,0,0,0,0,0.0,0.0,0.0,0.026,0.026,0,0,6270,Yohann Pelé,1982-11-04,36.82,196.0,right,Goalkeeper,Goalkeeper,France,France,2,149,0,0,244,Olympique Marseille,149,500000.0,250000.0,0.998,1.0,0.993,same_club
3399,Youssouf Sabaly,FRA,2019-20,Bordeaux,D S,12,914,0,0,1,6,12,0.307,0.307,1.291,2.019,1.006,1,0,135492,Youssouf Sabaly,1993-03-05,26.49,173.0,right,Defender,Right-Back,Senegal,France,12,914,0,1,40,FC Girondins Bordeaux,914,10000000.0,8000000.0,1.0,1.0,1.0,same_club
3412,Léo Dubois,FRA,2019-20,Lyon,D M S,16,1348,0,0,0,5,13,0.135,0.135,1.148,3.509,2.612,3,0,236400,Léo Dubois,1994-09-14,24.96,178.0,right,Defender,Right-Back,France,France,16,1347,0,0,1041,Olympique Lyon,2106,13500000.0,12000000.0,1.0,1.0,0.999,same_club
3445,Corentin Jean,FRA,2019-20,Toulouse,S,1,4,0,0,0,0,0,0.0,0.0,0.0,0.025,0.025,0,0,20463,Corentin Jean,1995-07-15,24.13,170.0,right,Attack,Centre-Forward,France,France,1,6,0,0,415,FC Toulouse,6,2500000.0,1600000.0,0.993,1.0,0.978,same_club
3451,Benjamin Lecomte,FRA,2019-20,Monaco,GK,28,2520,0,0,0,0,0,0.0,0.0,0.0,3.931,3.931,1,0,127181,Benjamin Lecomte,1991-04-26,28.35,186.0,left,Goalkeeper,Goalkeeper,France,France,28,2520,0,1,162,AS Monaco,2520,17000000.0,11000000.0,1.0,1.0,1.0,same_club
3460,Benjamin Jeannot,FRA,2019-20,Dijon,M,2,170,0,0,0,5,0,0.22,0.22,0.0,0.317,0.098,0,0,111048,Benjamin Jeannot,1992-01-22,27.61,183.0,right,Attack,Centre-Forward,France,France,2,168,0,0,2969,Dijon FCO,168,2500000.0,1000000.0,0.996,1.0,0.988,same_club
3466,Marvin Gakpa,FRA,2019-20,Metz,F M S,13,438,0,0,0,14,11,0.566,0.566,0.722,1.255,0.446,0,0,170976,Marvin Gakpa,1993-11-01,25.83,182.0,right,Midfield,Central Midfield,France,France,13,464,0,0,347,FC Metz,464,1000000.0,800000.0,0.983,1.0,0.944,same_club
3479,Marcus Coco,FRA,2019-20,Nantes,F,1,14,0,0,0,0,0,0.0,0.0,0.0,0.0,0.0,0,0,353365,Marcus Coco,1996-06-24,23.19,184.0,right,Defender,Right-Back,Guadeloupe,Guadeloupe,1,15,0,0,995,FC Nantes,15,3000000.0,2400000.0,0.997,1.0,0.989,same_club
3486,Vincent Manceau,FRA,2019-20,Angers,D,22,1980,0,0,0,8,13,0.232,0.232,1.163,4.529,3.34,1,0,83132,Vincent Manceau,1989-07-10,30.14,176.0,right,Defender,Centre-Back,France,France,21,1890,0,0,1420,Angers SCO,1890,2500000.0,1700000.0,0.986,1.0,0.955,same_club
3487,Ismael Traoré,FRA,2019-20,Angers,D,23,2055,0,0,0,9,4,0.651,0.651,0.203,2.973,2.947,4,0,57216,Ismaël Traoré,1986-08-18,33.04,184.0,right,Defender,Centre-Back,Cote d'Ivoire,France,23,2053,0,0,1420,Angers SCO,2053,1500000.0,1200000.0,1.0,1.0,0.999,same_club
3502,Denis Petric,FRA,2019-20,Nantes,GK,1,90,0,0,0,0,0,0.0,0.0,0.0,0.0,0.0,0,0,28356,Denis Petric,1988-05-24,31.27,186.0,right,Goalkeeper,Goalkeeper,Slovenia,Jugoslawien (SFR),1,90,0,0,995,FC Nantes,90,400000.0,250000.0,1.0,1.0,1.0,same_club
3503,Stéphane Ruffier,FRA,2019-20,Saint-Etienne,GK,22,1980,0,0,0,0,0,0.0,0.0,0.0,1.328,1.328,1,0,39910,Stéphane Ruffier,1986-09-27,32.93,188.0,right,Goalkeeper,Goalkeeper,France,France,22,1980,0,0,618,AS Saint-Étienne,2340,3500000.0,2400000.0,1.0,1.0,1.0,same_club
3507,Vincent Pajot,FRA,2019-20,"Angers,Metz",M S,13,631,0,0,4,9,13,0.356,0.356,1.454,1.278,0.915,0,1,126699,Vincent Pajot,1990-08-19,29.03,180.0,right,Midfield,Defensive Midfield,France,France,13,632,0,4,"347,1420","FC Metz,Angers SCO",632,2500000.0,1600000.0,1.0,1.0,0.998,same_club
3514,Benjamin Corgnet,FRA,2019-20,Strasbourg,M S,6,256,0,0,0,4,1,0.476,0.476,0.119,0.633,0.306,0,0,154171,Benjamin Corgnet,1987-04-06,32.41,179.0,right,Midfield,Attacking Midfield,France,France,6,260,0,0,667,RC Strasbourg Alsace,337,800000.0,400000.0,0.995,1.0,0.985,same_club
3518,Jessy Moulin,FRA,2019-20,Saint-Etienne,GK,5,450,0,0,0,0,0,0.0,0.0,0.0,0.312,0.312,0,0,33925,Jessy Moulin,1986-01-13,33.63,184.0,right,Goalkeeper,Goalkeeper,France,France,5,450,0,0,618,AS Saint-Étienne,630,250000.0,250000.0,1.0,1.0,1.0,same_club
3521,Dennis Appiah,FRA,2019-20,Nantes,D S,19,1609,0,0,0,1,8,0.045,0.045,0.294,4.444,4.12,2,0,111038,Dennis Appiah,1992-06-09,27.23,179.0,right,Defender,Right-Back,France,France,19,1606,0,0,995,FC Nantes,1606,1500000.0,1400000.0,0.999,1.0,0.998,same_club
3552,Marco Verratti,FRA,2019-20,Paris Saint Germain,M S,20,1483,0,0,5,2,27,0.203,0.203,3.509,19.049,17.735,6,0,102558,Marco Verratti,1992-11-05,26.82,165.0,right,Midfield,Central Midfield,Italy,Italy,20,1482,0,5,583,Paris Saint-Germain,2159,75000000.0,60000000.0,1.0,1.0,0.999,same_club
3563,Florent Balmont,FRA,2019-20,Dijon,M S,11,400,0,0,0,7,2,0.13,0.13,0.021,1.094,1.013,1,0,5348,Florent Balmont,1980-02-02,39.58,168.0,right,Midfield,Central Midfield,France,France,11,397,0,0,2969,Dijon FCO,397,250000.0,250000.0,0.998,1.0,0.992,same_club
3576,Maxime Poundje,FRA,2019-20,Bordeaux,S,2,2,0,0,0,0,0,0.0,0.0,0.0,0.066,0.066,0,0,126528,Maxime Poundjé,1992-08-16,27.04,179.0,left,Defender,Left-Back,France,France,2,3,0,0,40,FC Girondins Bordeaux,3,5000000.0,2400000.0,0.997,1.0,0.989,same_club
3581,Jemerson,FRA,2019-20,Monaco,D M,13,1065,0,0,0,0,2,0.0,0.0,0.331,3.832,3.832,2,1,258254,Jemerson,1992-08-24,27.02,184.0,right,Defender,Centre-Back,Brazil,Brazil,13,1060,0,0,162,AS Monaco,1060,10000000.0,4800000.0,0.999,1.0,0.995,same_club
3590,Souleymane Camara,FRA,2019-20,Montpellier,S,13,136,0,0,0,3,5,0.227,0.227,0.819,0.993,0.072,0,0,5303,Souleymane Camara,1982-12-22,36.69,174.0,right,Attack,Right Winger,Senegal,Senegal,13,151,0,0,969,Montpellier HSC,151,250000.0,200000.0,0.97,1.0,0.901,same_club
3591,Dimitry Bertaud,FRA,2019-20,Montpellier,GK,3,196,0,0,0,0,0,0.0,0.0,0.0,0.032,0.032,0,1,371816,Dimitry Bertaud,1998-06-06,21.24,183.0,right,Goalkeeper,Goalkeeper,DR Congo,France,3,197,0,0,969,Montpellier HSC,197,500000.0,900000.0,0.998,1.0,0.995,same_club
3592,Steven Moreira,FRA,2019-20,Toulouse,D S,17,1391,0,0,0,6,15,0.185,0.185,1.092,2.718,1.792,3,2,203517,Steven Moreira,1994-08-13,25.05,178.0,right,Defender,Right-Back,Cape Verde,France,17,1390,0,0,415,FC Toulouse,1390,1250000.0,1200000.0,1.0,1.0,0.999,same_club
3599,Presnel Kimpembe,FRA,2019-20,Paris Saint Germain,D S,16,1219,0,0,0,6,1,0.349,0.349,0.036,12.748,12.733,6,0,282041,Presnel Kimpembe,1995-08-13,24.05,183.0,left,Defender,Centre-Back,France,France,16,1224,0,0,583,Paris Saint-Germain,2124,30000000.0,28000000.0,0.999,1.0,0.996,same_club
3602,Stoppila Sunzu,FRA,2019-20,Metz,D S,17,1348,0,0,0,4,1,0.56,0.56,0.01,0.557,0.547,2,1,82324,Stoppila Sunzu,1989-06-22,30.19,192.0,right,Defender,Centre-Back,Zambia,Zambia,17,1352,0,0,347,FC Metz,1352,2000000.0,1200000.0,0.999,1.0,0.997,same_club
3626,Mexer,FRA,2019-20,Bordeaux,D S,19,1488,0,0,2,9,5,0.305,0.305,0.249,1.625,1.516,5,0,127610,Mexer,1988-09-08,30.98,188.0,right,Defender,Centre-Back,Mozambique,Mozambique,19,1490,0,2,40,FC Girondins Bordeaux,1490,4000000.0,3200000.0,1.0,1.0,0.999,same_club
3652,Enock Kwateng,FRA,2019-20,Bordeaux,D S,14,996,0,0,1,4,6,0.221,0.221,0.248,1.54,1.478,4,0,288241,Enock Kwateng,1997-04-09,22.4,181.0,right,Defender,Right-Back,France,France,14,985,0,1,40,FC Girondins Bordeaux,985,4000000.0,3200000.0,0.997,1.0,0.989,same_club
3655,Charles Traore,FRA,2019-20,Nantes,D,20,1749,0,0,1,5,9,0.091,0.091,0.315,4.128,3.81,3,0,394906,Charles Traoré,1992-01-01,27.67,180.0,left,Defender,Left-Back,Mali,France,20,1742,0,1,995,FC Nantes,1742,3000000.0,2400000.0,0.999,1.0,0.996,same_club
3657,Kevin N&#039;Doram,FRA,2019-20,Metz,M S,20,1643,0,0,0,9,7,0.184,0.184,0.294,2.602,2.338,2,0,342209,Kévin N'Doram,1996-01-22,23.61,184.0,right,Midfield,Defensive Midfield,France,France,20,1646,0,0,347,FC Metz,1646,4000000.0,2800000.0,0.969,0.95,0.998,same_club
3665,Nicolas Lemaitre,FRA,2019-20,Reims,GK,1,90,0,0,0,0,0,0.0,0.0,0.0,0.0,0.0,0,0,373939,Nicolas Lemaître,1997-01-12,22.63,189.0,left,Goalkeeper,Goalkeeper,France,France,1,90,0,0,1421,Stade Reims,90,250000.0,325000.0,1.0,1.0,1.0,same_club
3670,Nicolas Pallois,FRA,2019-20,Nantes,D,21,1890,0,0,0,13,2,0.948,0.948,0.066,3.848,3.789,10,0,139279,Nicolas Pallois,1987-09-19,31.95,189.0,left,Defender,Centre-Back,France,France,21,1890,0,0,995,FC Nantes,1890,2500000.0,2000000.0,1.0,1.0,1.0,same_club
3673,Valentin Rongier,FRA,2019-20,"Marseille,Nantes",M S,26,2069,0,0,3,41,37,2.484,1.724,2.672,7.31,4.711,3,0,332889,Valentin Rongier,1994-12-07,24.73,173.0,right,Midfield,Central Midfield,France,France,26,2063,0,3,"244,995","Olympique Marseille,FC Nantes",2063,15000000.0,16000000.0,0.999,1.0,0.997,same_club
3677,Wesley Lautoa,FRA,2019-20,Dijon,D M S,23,1886,0,0,1,9,9,0.499,0.499,0.483,4.255,4.083,3,0,154199,Wesley Lautoa,1987-08-25,32.02,184.0,left,Defender,Centre-Back,Neukaledonien,France,23,1872,0,1,2969,Dijon FCO,1872,2000000.0,1400000.0,0.998,1.0,0.993,same_club
3682,Jordan Siebatcheu,FRA,2019-20,Rennes,F S,14,429,0,0,1,10,5,0.574,0.574,0.323,0.798,0.046,3,0,355369,Jordan,1996-04-26,23.35,191.0,right,Attack,Centre-Forward,United States,United States,14,435,0,1,273,Stade Rennais FC,631,6000000.0,3500000.0,0.966,0.95,0.986,same_club
3689,Loic Perrin,FRA,2019-20,Saint-Etienne,D S,21,1719,0,0,0,5,4,0.605,0.605,0.155,1.344,1.179,5,0,22390,Loïc Perrin,1985-08-07,34.07,181.0,right,Defender,Centre-Back,France,France,21,1713,0,0,618,AS Saint-Étienne,2073,2000000.0,1200000.0,0.999,1.0,0.997,same_club
3694,Joris Gnagnon,FRA,2019-20,Rennes,D S,19,1269,0,0,1,9,4,0.456,0.456,1.176,3.971,3.63,2,0,378954,Joris Gnagnon,1997-01-13,22.63,182.0,right,Defender,Centre-Back,France,France,19,1278,0,1,273,Stade Rennais FC,1818,6000000.0,4800000.0,0.998,1.0,0.993,same_club
3701,Gautier Lloris,FRA,2019-20,Nice,D,3,270,0,0,0,0,0,0.0,0.0,0.0,0.588,0.588,1,0,249636,Gautier Lloris,1995-07-18,24.12,191.0,left,Defender,Centre-Back,France,France,3,270,0,0,417,OGC Nice,270,150000.0,325000.0,1.0,1.0,1.0,same_club
3737,Mike Maignan,FRA,2019-20,Lille,GK,28,2520,0,0,0,1,0,0.008,0.008,0.0,3.112,3.112,0,0,182906,Mike Maignan,1995-07-03,24.16,191.0,right,Goalkeeper,Goalkeeper,France,French Guiana,28,2520,0,0,1082,LOSC Lille,3042,17500000.0,17500000.0,1.0,1.0,1.0,same_club
3744,Ludovic Butelle,FRA,2019-20,Angers,GK,26,2340,0,0,0,0,1,0.0,0.0,0.059,0.661,0.602,0,0,12029,Ludovic Butelle,1983-04-03,36.41,188.0,left,Goalkeeper,Goalkeeper,France,France,26,2340,0,0,1420,Angers SCO,2340,500000.0,250000.0,1.0,1.0,1.0,same_club
3747,Boschilia,FRA,2019-20,Monaco,M S,5,127,0,0,0,5,0,0.156,0.156,0.0,0.501,0.385,0,0,288496,Boschilia,1996-03-05,23.49,173.0,left,Midfield,Attacking Midfield,Brazil,Brazil,5,129,0,0,162,AS Monaco,129,7500000.0,2800000.0,0.995,1.0,0.984,same_club
3769,Gil Dias,FRA,2019-20,Monaco,D M S,14,1055,0,0,0,17,13,1.084,1.084,1.882,7.543,5.476,3,0,329723,Gil Dias,1996-09-28,22.92,186.0,left,Attack,Right Winger,Portugal,Portugal,14,1056,0,0,162,AS Monaco,1426,2500000.0,3200000.0,0.984,1.0,0.946,same_club
3769,Gil Dias,FRA,2019-20,Monaco,D M S,14,1055,0,0,0,17,13,1.084,1.084,1.882,7.543,5.476,3,0,329723,Gil Dias,1996-09-28,22.92,186.0,left,Attack,Right Winger,Portugal,Portugal,14,1056,0,0,162,AS Monaco,1426,2500000.0,3200000.0,1.0,1.0,0.999,same_club
3770,Quentin Cornette,FRA,2019-20,Amiens,M S,13,327,0,0,2,3,3,0.098,0.098,1.091,1.192,0.029,0,0,238630,Quentin Cornette,1994-01-17,25.62,172.0,right,Attack,Right Winger,France,France,13,342,0,2,1416,Amiens SC,342,300000.0,300000.0,0.987,1.0,0.956,same_club
3772,Maxime Lopez,FRA,2019-20,Marseille,F M S,23,1113,0,0,3,10,18,0.704,0.704,0.845,3.693,2.577,2,0,290862,Maxime Lopez,1997-12-04,21.74,167.0,right,Midfield,Defensive Midfield,France,France,23,1112,0,3,244,Olympique Marseille,1112,15000000.0,12000000.0,1.0,1.0,0.999,same_club
3785,Kelvin Adou,FRA,2019-20,Toulouse,D S,20,1625,0,0,2,8,7,0.32,0.32,0.586,1.776,1.126,3,0,344072,Kelvin Amian,1998-02-08,21.56,180.0,right,Defender,Right-Back,France,France,20,1631,0,2,415,FC Toulouse,1631,5000000.0,5400000.0,0.816,0.696,0.996,same_club
3788,Jeremy Gelin,FRA,2019-20,Rennes,D M S,14,919,0,0,0,4,2,0.224,0.224,0.043,1.445,1.42,1,0,288237,Jérémy Gélin,1997-04-24,22.35,183.0,right,Midfield,Defensive Midfield,France,France,14,923,0,0,273,Stade Rennais FC,1013,6000000.0,4800000.0,0.999,1.0,0.996,same_club
3789,Mickael Le Bihan,FRA,2019-20,Nice,F S,2,95,0,0,1,2,1,0.074,0.074,0.787,0.223,0.185,1,0,139018,Mickaël Le Bihan,1990-05-16,29.3,184.0,right,Attack,Centre-Forward,France,France,2,99,0,1,417,OGC Nice,99,900000.0,725000.0,0.988,1.0,0.96,same_club
3962,Anastasios Donis,FRA,2019-20,Reims,F M S,15,596,0,0,0,15,6,1.446,1.446,0.246,1.776,0.184,1,0,243606,Anastasios Donis,1996-08-29,23.01,178.0,right,Attack,Left Winger,Greece,England,15,607,0,0,1421,Stade Reims,607,4000000.0,2000000.0,0.995,1.0,0.982,same_club
4501,Thierry Ambrose,FRA,2019-20,Metz,F M S,18,511,0,0,0,23,11,0.947,0.947,0.41,1.614,0.641,1,0,265763,Thierry Ambrose,1997-03-28,22.43,178.0,right,Attack,Centre-Forward,Guadeloupe,France,18,540,0,0,347,FC Metz,540,2000000.0,1600000.0,0.984,1.0,0.946,same_club
4769,Pierrick Valdivia,FRA,2019-20,Nimes,M S,2,73,0,0,0,0,0,0.0,0.0,0.0,0.209,0.209,0,0,60607,Pierrick Valdivia,1988-04-18,31.37,186.0,left,Midfield,Central Midfield,France,France,2,68,0,0,1160,Nîmes Olympique,68,600000.0,475000.0,0.983,1.0,0.944,same_club
4804,Abdou Diallo,FRA,2019-20,Paris Saint Germain,D S,16,1206,0,0,1,5,4,0.935,0.935,0.49,6.206,5.716,4,0,229005,Abdou Diallo,1996-05-04,23.33,186.0,left,Defender,Centre-Back,Senegal,France,16,1203,0,1,583,Paris Saint-Germain,1402,35000000.0,28000000.0,0.999,1.0,0.998,same_club
4830,Bilal Boutobba,FRA,2019-20,Montpellier,S,1,2,0,0,0,0,0,0.0,0.0,0.0,0.072,0.072,0,0,344151,Bilal Boutobba,1998-08-29,21.01,172.0,left,Attack,Right Winger,France,France,1,4,0,0,969,Montpellier HSC,4,500000.0,450000.0,0.993,1.0,0.978,same_club
4865,Roli Pereira De Sa,FRA,2019-20,Nantes,S,1,2,0,0,0,1,2,0.01,0.01,0.133,0.026,0.01,0,0,243737,Roli Pereira de Sa,1996-12-10,22.72,178.0,right,Midfield,Attacking Midfield,France,France,1,5,0,0,995,FC Nantes,5,100000.0,150000.0,0.99,1.0,0.967,same_club
4883,Bruno Ecuele Manga,FRA,2019-20,Dijon,D,28,2520,0,0,0,17,5,1.605,1.605,0.209,4.156,4.147,2,0,60990,Bruno Ecuele Manga,1988-07-16,31.13,186.0,right,Defender,Centre-Back,Gabon,Gabon,28,2520,0,0,2969,Dijon FCO,2520,3000000.0,2200000.0,1.0,1.0,1.0,same_club
5036,Riza Durmisi,FRA,2019-20,Nice,D S,4,161,0,0,0,1,0,0.049,0.049,0.0,0.16,0.16,0,0,135208,Riza Durmisi,1994-01-08,25.65,173.0,left,Defender,Left-Back,Denmark,Denmark,4,160,0,0,417,OGC Nice,160,4000000.0,2000000.0,0.998,1.0,0.994,same_club
5071,Nicolás Gaitán,FRA,2019-20,Lille,S,4,43,0,0,0,0,1,0.0,0.0,0.024,0.024,0.0,0,0,75442,Nico Gaitán,1988-02-23,31.52,174.0,left,Midfield,Attacking Midfield,Argentina,Argentina,4,50,0,0,1082,LOSC Lille,50,5000000.0,3200000.0,0.905,0.88,0.922,same_club
5105,Victorien Angban,FRA,2019-20,Metz,M S,20,1022,0,0,0,4,3,0.064,0.064,0.044,2.767,2.691,0,0,178314,Victorien Angban,1996-09-29,22.92,180.0,right,Midfield,Central Midfield,Cote d'Ivoire,Cote d'Ivoire,20,1022,0,0,347,FC Metz,1022,1250000.0,2800000.0,1.0,1.0,1.0,same_club
5418,Vukasin Jovanovic,FRA,2019-20,Bordeaux,D S,9,568,0,0,1,0,3,0.0,0.0,0.485,1.394,1.306,4,0,264140,Vukasin Jovanovic,1996-05-17,23.29,188.0,right,Defender,Centre-Back,Serbia,Yugoslavia (Republic),9,569,0,1,40,FC Girondins Bordeaux,569,3000000.0,2400000.0,0.999,1.0,0.998,same_club
5614,Baptiste Reynet,FRA,2019-20,Toulouse,GK S,23,2034,0,0,0,0,1,0.0,0.0,0.062,2.617,2.617,1,0,190786,Baptiste Reynet,1990-10-28,28.84,185.0,right,Goalkeeper,Goalkeeper,France,France,23,2034,0,0,415,FC Toulouse,2034,5000000.0,2400000.0,1.0,1.0,1.0,same_club
5633,Youssef Ait Bennasser,FRA,2019-20,Bordeaux,M S,12,531,0,0,1,2,4,0.034,0.034,0.124,1.53,1.393,1,0,265569,Youssef Aït Bennasser,1996-07-07,23.15,184.0,right,Midfield,Defensive Midfield,Morocco,France,12,534,0,1,40,FC Girondins Bordeaux,534,10000000.0,4800000.0,0.998,1.0,0.994,same_club
5645,Paul Delecroix,FRA,2019-20,Metz,GK S,2,135,0,0,0,0,0,0.0,0.0,0.0,0.047,0.047,0,0,81543,Paul Delecroix,1988-10-14,30.88,184.0,right,Goalkeeper,Goalkeeper,France,France,2,135,0,0,347,FC Metz,135,600000.0,400000.0,1.0,1.0,1.0,same_club
5651,Bassem Srarfi,FRA,2019-20,Nice,F S,3,131,0,0,0,2,1,0.102,0.102,0.047,0.227,0.145,1,0,401836,Bassem Srarfi,1997-06-25,22.18,176.0,left,Attack,Right Winger,Tunisia,Tunisia,3,132,0,0,417,OGC Nice,196,3000000.0,1600000.0,0.998,1.0,0.992,same_club
5652,Walter Benítez,FRA,2019-20,Nice,GK,26,2340,0,0,0,0,0,0.0,0.0,0.0,4.424,4.424,0,0,296802,Walter Benítez,1993-01-19,26.61,191.0,right,Goalkeeper,Goalkeeper,Argentina,Argentina,26,2340,0,0,417,OGC Nice,2340,10000000.0,8000000.0,1.0,1.0,1.0,same_club
5662,Isaac Mbenza,FRA,2019-20,Amiens,M S,3,86,0,0,0,4,3,0.174,0.174,0.143,0.211,0.0,0,0,260806,Isaac Mbenza,1996-03-08,23.48,188.0,right,Attack,Right Winger,Belgium,France,3,83,0,0,1416,Amiens SC,83,5000000.0,5500000.0,0.99,1.0,0.967,same_club
5663,Keagan Dolly,FRA,2019-20,Montpellier,M S,6,139,0,0,0,4,4,0.084,0.084,0.176,0.244,0.08,1,0,234006,Keagan Dolly,1993-01-22,26.61,170.0,left,Attack,Left Winger,South Africa,South Africa,6,143,0,0,969,Montpellier HSC,143,1300000.0,950000.0,0.992,1.0,0.972,same_club
5668,Théo Pellenard,FRA,2019-20,Angers,D S,8,451,0,0,0,0,7,0.0,0.0,0.221,1.001,0.951,1,0,238716,Théo Pellenard,1994-03-04,25.49,184.0,left,Defender,Centre-Back,France,France,8,451,0,0,1420,Angers SCO,451,2000000.0,1200000.0,1.0,1.0,1.0,same_club
5680,Thomas Meunier,FRA,2019-20,Paris Saint Germain,D S,16,1240,0,0,2,4,19,0.479,0.479,2.699,11.685,10.518,3,0,100986,Thomas Meunier,1991-09-12,27.97,190.0,right,Defender,Right-Back,Belgium,Belgium,16,1243,0,2,583,Paris Saint-Germain,1773,30000000.0,24000000.0,0.999,1.0,0.998,same_club
5692,Fouad Chafik,FRA,2019-20,Dijon,D S,20,1531,0,0,2,7,22,0.137,0.137,1.488,4.133,2.915,1,0,216499,Fouad Chafik,1986-10-16,32.88,183.0,right,Defender,Right-Back,Morocco,France,20,1531,0,2,2969,Dijon FCO,1531,800000.0,650000.0,1.0,1.0,1.0,same_club
5704,Xeka,FRA,2019-20,Lille,M S,17,702,0,0,0,9,8,1.182,1.182,0.977,3.139,1.942,4,0,290256,Xeka,1994-11-10,24.81,185.0,both,Midfield,Central Midfield,Portugal,Portugal,17,706,0,0,1082,LOSC Lille,823,10000000.0,7000000.0,0.998,1.0,0.994,same_club
5708,Fernando Marçal,FRA,2019-20,Lyon,D,11,833,0,0,1,4,12,0.091,0.091,1.372,2.907,1.845,1,2,137745,Marçal,1989-02-19,30.53,178.0,left,Defender,Left-Back,Brazil,Brazil,11,832,0,1,1041,Olympique Lyon,1340,5000000.0,2400000.0,0.97,0.95,0.999,same_club
5713,Lucas Lima,FRA,2019-20,Nantes,D F M,3,270,0,0,0,4,5,0.099,0.099,0.164,0.4,0.353,0,0,182323,Lucas Lima,1991-10-10,27.89,179.0,left,Defender,Left-Back,Brazil,Brazil,3,270,0,0,995,FC Nantes,270,6500000.0,5500000.0,1.0,1.0,1.0,same_club
5722,Ibrahim Sangare,FRA,2019-20,Toulouse,M,25,2177,0,0,1,22,26,1.662,1.662,1.199,6.355,4.543,8,0,375885,Ibrahim Sangaré,1997-12-02,21.75,191.0,right,Midfield,Defensive Midfield,Cote d'Ivoire,Cote d'Ivoire,25,2177,0,1,415,FC Toulouse,2177,15000000.0,9500000.0,1.0,1.0,1.0,same_club
5725,Jordan Marié,FRA,2019-20,Dijon,M S,8,182,0,0,0,1,3,0.016,0.016,0.536,0.779,0.599,0,0,231025,Jordan Marié,1991-09-29,27.92,177.0,right,Midfield,Central Midfield,France,France,8,196,0,0,2969,Dijon FCO,196,1500000.0,800000.0,0.979,1.0,0.929,same_club
5731,Mateo Pavlovic,FRA,2019-20,Angers,D S,11,809,0,0,0,7,1,0.814,0.814,0.31,0.652,0.601,3,0,69436,Mateo Pavlovic,1990-06-09,29.23,198.0,right,Defender,Centre-Back,Croatia,Jugoslawien (SFR),11,809,0,0,1420,Angers SCO,809,1750000.0,1200000.0,1.0,1.0,1.0,same_club
5732,Abdoulaye Bamba,FRA,2019-20,Angers,D S,7,551,0,0,0,1,3,0.019,0.019,0.16,0.696,0.677,2,0,62351,Abdoulaye Bamba,1990-04-25,29.35,182.0,right,Defender,Centre-Back,Cote d'Ivoire,Cote d'Ivoire,8,643,0,0,1420,Angers SCO,643,3000000.0,2000000.0,0.957,1.0,0.857,same_club
5737,Saif-Eddine Khaoui,FRA,2019-20,Marseille,S,7,86,0,0,0,5,2,0.233,0.233,0.141,0.477,0.129,1,0,270411,Saîf-Eddine Khaoui,1995-04-27,24.35,180.0,left,Midfield,Attacking Midfield,Tunisia,France,7,99,0,0,244,Olympique Marseille,99,3500000.0,2000000.0,0.961,1.0,0.869,same_club
5742,Hugo Magnetti,FRA,2019-20,Brest,M S,8,227,0,0,0,6,4,0.187,0.187,0.151,0.359,0.136,1,0,474662,Hugo Magnetti,1998-05-30,21.26,180.0,right,Midfield,Central Midfield,France,France,8,232,0,0,3911,Stade Brestois 29,232,150000.0,525000.0,0.994,1.0,0.978,same_club
5745,Matthieu Udol,FRA,2019-20,Metz,D S,13,1103,0,0,1,3,7,0.447,0.447,0.379,1.575,0.771,3,0,344886,Matthieu Udol,1996-03-20,23.45,178.0,left,Defender,Left-Back,France,France,13,1102,0,1,347,FC Metz,1102,400000.0,1200000.0,1.0,1.0,0.999,same_club
5760,Sami Benamar,FRA,2019-20,Nimes,S,2,11,0,0,0,0,0,0.0,0.0,0.0,0.0,0.0,0,0,524318,Sami Ben Amar,1998-03-02,21.5,184.0,right,Attack,Centre-Forward,Morocco,France,2,13,0,0,1160,Nîmes Olympique,13,150000.0,350000.0,0.825,0.72,0.978,same_club
5766,Romain Salin,FRA,2019-20,Rennes,GK,4,360,0,0,0,0,0,0.0,0.0,0.0,0.391,0.391,0,0,23974,Romain Salin,1984-07-29,35.09,186.0,left,Goalkeeper,Goalkeeper,France,France,4,360,0,0,273,Stade Rennais FC,540,200000.0,200000.0,1.0,1.0,1.0,same_club
5770,James Edward Lea Siliki,FRA,2019-20,Rennes,M S,20,1074,0,0,0,15,8,1.025,1.025,0.584,3.539,2.737,4,0,346291,James Léa Siliki,1996-06-12,23.22,183.0,left,Midfield,Central Midfield,Cameroon,France,20,1078,0,0,273,Stade Rennais FC,1341,4000000.0,4800000.0,0.969,0.95,0.996,same_club
5773,Zaydou Youssef,FRA,2019-20,Saint-Etienne,M S,16,1063,0,0,0,8,9,0.729,0.729,0.418,3.152,2.118,4,0,471582,Zaydou Youssouf,1999-07-11,20.14,182.0,left,Midfield,Central Midfield,Comoros,France,16,1074,0,0,618,AS Saint-Étienne,1541,4000000.0,7200000.0,0.935,0.897,0.99,same_club
5803,Fode Toure,FRA,2019-20,Monaco,D S,21,1672,0,0,0,5,17,0.434,0.434,1.725,5.067,3.111,4,0,296422,Fodé Ballo-Touré,1997-01-03,22.66,182.0,left,Defender,Left-Back,Senegal,France,21,1678,0,0,162,AS Monaco,1678,12000000.0,6500000.0,0.969,0.95,0.996,same_club
5947,Mihailo Ristic,FRA,2019-20,Montpellier,D M S,18,793,0,0,2,8,12,0.278,0.278,0.55,1.477,0.72,1,0,271455,Mihailo Ristic,1995-10-31,23.84,180.0,left,Defender,Left-Back,Serbia,Bosnia-Herzegovina,18,804,0,2,969,Montpellier HSC,804,800000.0,800000.0,0.996,1.0,0.986,same_club
5957,Régis Gurtner,FRA,2019-20,Amiens,GK,28,2520,0,0,0,0,1,0.0,0.0,0.073,0.806,0.733,0,0,39918,Régis Gurtner,1986-12-08,32.73,182.0,right,Goalkeeper,Goalkeeper,France,France,28,2520,0,0,1416,Amiens SC,2520,1750000.0,1000000.0,1.0,1.0,1.0,same_club
5960,Prince,FRA,2019-20,Amiens,D,3,270,0,0,0,0,0,0.0,0.0,0.0,0.084,0.084,0,0,171410,Prince Gouano,1993-12-24,25.69,186.0,right,Defender,Centre-Back,France,France,3,270,0,0,1416,Amiens SC,270,7000000.0,4800000.0,0.97,0.95,1.0,same_club
5963,Thomas Monconduit,FRA,2019-20,Amiens,M S,19,1379,0,0,0,11,10,0.416,0.416,0.293,1.499,1.14,8,0,127182,Thomas Monconduit,1991-02-10,28.56,184.0,right,Midfield,Defensive Midfield,France,France,19,1369,0,0,1416,Amiens SC,1369,3500000.0,2000000.0,0.998,1.0,0.993,same_club
5973,Kenny Tete,FRA,2019-20,Lyon,D S,18,1055,0,0,1,7,12,0.601,0.601,1.472,4.352,3.683,1,0,206746,Kenny Tete,1995-10-09,23.9,180.0,right,Defender,Right-Back,Netherlands,Netherlands,18,1063,0,0,1041,Olympique Lyon,1205,8000000.0,5500000.0,0.998,1.0,0.992,same_club
5982,Ihsan Sacko,FRA,2019-20,Nice,F S,3,153,0,0,0,0,2,0.0,0.0,0.455,1.04,0.585,0,0,412095,Ihsan Sacko,1997-07-19,22.12,183.0,right,Attack,Centre-Forward,France,France,3,145,0,0,417,OGC Nice,145,2000000.0,1600000.0,0.984,1.0,0.948,same_club
5984,Alexandre Oukidja,FRA,2019-20,Metz,GK,27,2385,0,0,0,0,2,0.0,0.0,0.05,1.233,1.182,3,0,56809,Alexandre Oukidja,1988-07-19,31.12,184.0,right,Goalkeeper,Goalkeeper,Algeria,France,27,2385,0,0,347,FC Metz,2385,2000000.0,1600000.0,1.0,1.0,1.0,same_club
5985,Jeremy Grimm,FRA,2019-20,Strasbourg,S,1,1,0,0,0,0,0,0.0,0.0,0.0,0.0,0.0,0,0,56294,Jérémy Grimm,1987-03-27,32.43,181.0,right,Midfield,Defensive Midfield,France,France,1,1,0,0,667,RC Strasbourg Alsace,1,500000.0,250000.0,1.0,1.0,1.0,same_club
6000,Tristan Dingome,FRA,2019-20,Reims,M S,15,910,0,0,1,9,11,0.437,0.437,0.966,2.67,1.413,1,0,126683,Tristan Dingomé,1991-02-17,28.54,174.0,left,Midfield,Central Midfield,Cameroon,France,15,900,0,1,1421,Stade Reims,900,2500000.0,1600000.0,0.997,1.0,0.989,same_club
6006,Ruben Aguilar,FRA,2019-20,Monaco,D M S,19,1057,0,0,2,6,18,0.219,0.219,2.005,3.816,2.337,2,2,203746,Ruben Aguilar,1993-04-26,26.35,172.0,right,Defender,Right-Back,France,France,19,1067,0,2,162,AS Monaco,1067,8000000.0,6500000.0,0.997,1.0,0.991,same_club
6007,Nicolas Cozza,FRA,2019-20,Montpellier,D S,7,556,0,0,0,1,0,0.085,0.085,0.0,0.684,0.684,1,0,485965,Nicolas Cozza,1999-01-08,20.65,181.0,left,Defender,Centre-Back,France,France,7,556,0,0,969,Montpellier HSC,556,4000000.0,3600000.0,1.0,1.0,1.0,same_club
6011,Thiago Mendes,FRA,2019-20,Lyon,M S,22,1822,0,0,6,26,22,0.769,0.769,1.508,7.159,5.969,2,1,135617,Thiago Mendes,1992-03-15,27.46,177.0,right,Midfield,Defensive Midfield,Brazil,Brazil,22,1817,0,6,1041,Olympique Lyon,2277,25000000.0,16000000.0,0.999,1.0,0.997,same_club
6013,Thiago Maia,FRA,2019-20,Lille,S,3,39,0,0,0,0,1,0.0,0.0,0.028,0.028,0.0,0,0,294873,Thiago Maia,1997-03-23,22.44,179.0,left,Midfield,Defensive Midfield,Brazil,Brazil,3,45,0,0,1082,LOSC Lille,111,4000000.0,3200000.0,0.98,1.0,0.933,same_club
6018,Samuel Moutoussamy,FRA,2019-20,Nantes,D M S,17,506,0,0,0,5,7,0.345,0.345,0.635,1.607,0.997,0,0,353403,Samuel Moutoussamy,1996-08-12,23.05,176.0,left,Midfield,Central Midfield,DR Congo,France,17,514,0,0,995,FC Nantes,514,5000000.0,3200000.0,0.995,1.0,0.984,same_club
6059,Jonathan Cafu,FRA,2019-20,Bordeaux,D S,3,200,0,0,0,1,2,0.041,0.041,0.115,0.93,0.84,0,0,347100,Jonathan Cafu,1991-07-10,28.15,175.0,right,Attack,Right Winger,Brazil,Brazil,3,201,0,0,40,FC Girondins Bordeaux,201,2000000.0,1400000.0,0.999,1.0,0.995,same_club
6070,Moussa Sylla,FRA,2019-20,Monaco,S,1,7,0,0,0,0,1,0.0,0.0,0.075,0.0,0.0,0,0,460655,Moussa Sylla,1999-11-25,19.77,181.0,right,Attack,Right Winger,France,France,1,8,0,0,162,AS Monaco,8,4000000.0,2700000.0,0.997,1.0,0.989,same_club
6251,Wilfried Kanga,FRA,2019-20,Angers,S,4,58,0,0,0,3,2,0.325,0.325,0.095,0.394,0.076,0,0,395523,Wilfried Kanga,1998-02-21,21.52,189.0,right,Attack,Centre-Forward,Cote d'Ivoire,France,4,65,0,0,1420,Angers SCO,65,1500000.0,900000.0,0.977,1.0,0.922,same_club
6293,Gerzino Nyamsi,FRA,2019-20,Rennes,S,4,107,0,0,0,0,0,0.0,0.0,0.0,0.164,0.164,0,0,378953,Gerzino Nyamsi,1997-01-22,22.61,195.0,right,Defender,Centre-Back,Cameroon,France,4,115,0,0,273,Stade Rennais FC,295,800000.0,1600000.0,0.979,1.0,0.93,same_club
6310,Boubakary Soumare,FRA,2019-20,Lille,M S,20,1220,0,0,0,1,12,0.01,0.01,0.64,2.122,1.885,0,2,344605,Boubakary Soumaré,1999-02-27,20.51,188.0,right,Midfield,Defensive Midfield,France,France,20,1215,0,0,1082,LOSC Lille,1743,7500000.0,24500000.0,0.999,1.0,0.996,same_club
6318,Lionel Carole,FRA,2019-20,Strasbourg,D M S,18,1278,0,0,0,5,14,0.14,0.14,0.824,2.873,2.406,3,0,11530,Lionel Carole,1991-04-12,28.39,180.0,left,Defender,Left-Back,France,France,18,1272,0,0,667,RC Strasbourg Alsace,1722,3000000.0,2000000.0,0.999,1.0,0.995,same_club
6398,Yannis Clementia,FRA,2019-20,Nice,GK,2,180,0,0,0,0,0,0.0,0.0,0.0,0.198,0.198,0,0,549318,Yannis Clementia,1997-07-05,22.16,188.0,right,Goalkeeper,Goalkeeper,Martinique,Martinique,2,180,0,0,417,OGC Nice,180,500000.0,950000.0,1.0,1.0,1.0,same_club
6401,Amine Gouiri,FRA,2019-20,Lyon,S,1,1,0,0,0,0,0,0.0,0.0,0.0,0.0,0.0,0,0,418659,Amine Gouiri,2000-02-16,19.54,180.0,right,Attack,Centre-Forward,Algeria,France,1,1,0,0,1041,Olympique Lyon,8,4500000.0,4000000.0,1.0,1.0,1.0,same_club
6412,Raoul Bellanova,FRA,2019-20,Bordeaux,D,1,63,0,0,0,0,0,0.0,0.0,0.0,0.021,0.021,0,0,357992,Raoul Bellanova,2000-05-17,19.29,188.0,right,Midfield,Right Midfield,Italy,Italy,1,63,0,0,40,FC Girondins Bordeaux,80,1000000.0,900000.0,1.0,1.0,1.0,same_club
6412,Raoul Bellanova,FRA,2019-20,Bordeaux,D,1,63,0,0,0,0,0,0.0,0.0,0.0,0.021,0.021,0,0,357992,Raoul Bellanova,2000-05-17,19.29,188.0,right,Midfield,Right Midfield,Italy,Italy,1,63,0,0,40,FC Girondins Bordeaux,80,1000000.0,900000.0,1.0,1.0,1.0,same_club
6436,Stanley N&#039;Soki,FRA,2019-20,Nice,D S,17,1269,0,0,1,4,7,0.491,0.491,0.648,4.502,4.423,3,0,371141,Stanley Nsoki,1999-04-09,20.4,184.0,left,Defender,Centre-Back,France,France,17,1272,0,1,417,OGC Nice,1272,8500000.0,11000000.0,0.927,0.88,0.998,same_club
6452,Mahdi Camara,FRA,2019-20,Saint-Etienne,M S,12,898,0,0,0,6,3,0.225,0.225,0.163,1.503,1.156,0,1,324795,Mahdi Camara,1998-06-30,21.17,176.0,right,Midfield,Central Midfield,France,France,12,900,0,0,618,AS Saint-Étienne,1025,300000.0,1000000.0,0.999,1.0,0.998,same_club
6464,Adrien Silva,FRA,2019-20,Monaco,M S,22,1206,0,0,2,14,15,0.569,0.569,2.193,4.763,4.412,7,0,56810,Adrien Silva,1989-03-15,30.46,175.0,right,Midfield,Central Midfield,Portugal,France,22,1216,0,2,162,AS Monaco,1216,13000000.0,8000000.0,0.998,1.0,0.992,same_club
6500,Romain Perraud,FRA,2019-20,Brest,D S,20,1668,0,0,1,22,16,0.931,0.931,0.93,3.981,2.699,1,0,318523,Romain Perraud,1997-09-22,21.94,173.0,left,Defender,Left-Back,France,France,20,1669,0,1,3911,Stade Brestois 29,1669,1500000.0,2000000.0,1.0,1.0,0.999,same_club
6501,Andy Pelmard,FRA,2019-20,Nice,D S,10,760,0,0,0,2,0,0.039,0.039,0.0,0.888,0.867,1,0,494236,Andy Pelmard,2000-03-12,19.47,183.0,right,Defender,Centre-Back,Madagascar,France,10,766,0,0,417,OGC Nice,766,,3600000.0,0.998,1.0,0.992,same_club
6560,Aurelien Tchouameni,FRA,2019-20,"Bordeaux,Monaco",M S,18,1160,0,0,1,14,8,0.703,0.703,0.611,2.4,1.924,6,0,413112,Aurélien Tchouaméni,2000-01-27,19.59,188.0,right,Midfield,Defensive Midfield,France,France,18,1175,0,1,"40,162","FC Girondins Bordeaux,AS Monaco",1175,7000000.0,15500000.0,0.996,1.0,0.987,same_club
6601,Timothy Weah,FRA,2019-20,Lille,M S,3,88,0,0,0,1,1,0.037,0.037,0.335,0.402,0.03,1,0,370846,Timothy Weah,2000-02-22,19.52,183.0,right,Midfield,Right Midfield,United States,United States,3,84,0,0,1082,LOSC Lille,84,6000000.0,7200000.0,0.987,1.0,0.956,same_club
6618,Oumar Solet,FRA,2019-20,Lyon,S,1,5,0,0,0,0,0,0.0,0.0,0.0,0.0,0.0,0,0,463665,Oumar Solet,2000-02-07,19.56,192.0,right,Defender,Centre-Back,France,France,1,8,0,0,1041,Olympique Lyon,8,1000000.0,900000.0,0.99,1.0,0.967,same_club
6623,Abdallah Ndour,FRA,2019-20,Strasbourg,D S,6,374,0,0,0,0,6,0.0,0.0,0.179,0.698,0.545,0,1,232854,Abdallah Ndour,1993-12-20,25.7,186.0,left,Defender,Left-Back,Senegal,Senegal,6,373,0,0,667,RC Strasbourg Alsace,553,600000.0,475000.0,0.999,1.0,0.997,same_club
6674,Rayan Ait Nouri,FRA,2019-20,Angers,D S,17,1293,0,0,2,4,9,0.238,0.238,0.641,3.649,3.352,3,0,578391,Rayan Aït-Nouri,2001-06-06,18.24,180.0,left,Defender,Left-Back,Algeria,France,17,1286,0,3,1420,Angers SCO,1286,500000.0,15500000.0,0.998,1.0,0.995,same_club
6712,Enzo Loiodice,FRA,2019-20,Dijon,M S,5,186,0,0,0,3,0,0.089,0.089,0.0,0.491,0.402,0,0,581781,Enzo Loiodice,2000-11-27,18.76,177.0,left,Midfield,Central Midfield,France,France,5,189,0,0,2969,Dijon FCO,189,5500000.0,4000000.0,0.995,1.0,0.984,same_club
6734,Ambroise Oyongo,FRA,2019-20,Montpellier,D M,21,1831,0,0,0,10,13,0.431,0.431,0.662,3.324,2.496,3,0,184922,Ambroise Oyongo,1991-06-22,28.19,176.0,left,Defender,Left-Back,Cameroon,Cameroon,21,1825,0,0,969,Montpellier HSC,1825,4000000.0,2800000.0,0.999,1.0,0.997,same_club
6736,Ibrahima Diallo,FRA,2019-20,Brest,M S,19,1563,0,0,1,5,10,0.078,0.078,0.685,2.888,2.344,2,0,413032,Ibrahima Diallo,1999-03-08,20.48,179.0,right,Midfield,Defensive Midfield,France,France,19,1563,0,1,3911,Stade Brestois 29,1563,2500000.0,9000000.0,1.0,1.0,1.0,same_club
6845,Percy Ruiz,FRA,2019-20,Nantes,D S,3,182,0,0,0,0,1,0.0,0.0,0.022,0.182,0.161,1,0,606447,Percy Prado,1996-01-14,23.63,175.0,right,Defender,Right-Back,Peru,Peru,3,184,0,0,995,FC Nantes,184,,300000.0,0.797,0.667,0.989,same_club
6860,Sofiane Alakouch,FRA,2019-20,Nimes,D,17,1416,0,0,0,9,11,0.827,0.827,0.361,3.473,2.476,3,0,434358,Sofiane Alakouch,1998-07-29,21.09,175.0,right,Defender,Right-Back,Morocco,France,17,1405,0,0,1160,Nîmes Olympique,1405,5000000.0,3200000.0,0.998,1.0,0.992,same_club
6868,Gaetan Paquiez,FRA,2019-20,Nimes,D M S,21,1534,0,0,0,5,5,0.186,0.186,0.549,2.164,1.912,4,1,412092,Gaëtan Paquiez,1994-02-15,25.54,182.0,right,Defender,Right-Back,France,France,21,1533,0,0,1160,Nîmes Olympique,1533,1000000.0,800000.0,1.0,1.0,0.999,same_club
6872,Mehmet Zeki Çelik,FRA,2019-20,Lille,D,23,2070,0,0,2,5,15,0.307,0.307,1.845,7.11,6.066,4,0,251075,Zeki Çelik,1997-02-17,22.54,180.0,right,Defender,Right-Back,Türkiye,Türkiye,23,2070,0,3,1082,LOSC Lille,2610,17000000.0,16000000.0,0.97,0.95,1.0,same_club
6875,Rúnar Alex Rúnarsson,FRA,2019-20,Dijon,GK S,11,890,0,0,0,0,0,0.0,0.0,0.0,1.081,1.081,0,0,205657,Rúnar Alex Rúnarsson,1995-02-18,24.53,186.0,right,Goalkeeper,Goalkeeper,Iceland,Iceland,11,900,0,0,2969,Dijon FCO,900,3000000.0,1200000.0,0.997,1.0,0.989,same_club
6876,Senou Coulibaly,FRA,2019-20,Dijon,D S,10,668,0,0,0,5,1,0.601,0.601,0.019,1.169,1.15,0,0,596240,Senou Coulibaly,1994-09-04,24.99,193.0,right,Defender,Centre-Back,Mali,France,9,579,0,0,2969,Dijon FCO,579,1000000.0,800000.0,0.96,1.0,0.867,same_club
6877,Jules Keita,FRA,2019-20,Dijon,M S,3,153,0,0,0,3,1,0.123,0.123,0.34,0.538,0.075,0,0,402117,Jules Keita,1998-07-20,21.12,168.0,right,Attack,Left Winger,Guinea,Guinea,3,157,0,0,2969,Dijon FCO,157,2000000.0,1300000.0,0.992,1.0,0.975,same_club
6880,Edouard Mendy,FRA,2019-20,Rennes,GK,24,2160,0,0,0,0,0,0.0,0.0,0.0,2.858,2.858,1,0,442531,Edouard Mendy,1992-03-01,27.5,194.0,right,Goalkeeper,Goalkeeper,Senegal,France,24,2160,0,0,273,Stade Rennais FC,2435,9000000.0,7000000.0,1.0,1.0,1.0,same_club
6882,Ghislain Konan,FRA,2019-20,Reims,D S,16,1331,0,0,1,2,12,0.024,0.024,1.096,2.824,2.625,0,1,422850,Ghislain Konan,1995-12-27,23.68,176.0,left,Defender,Left-Back,Cote d'Ivoire,Cote d'Ivoire,16,1333,0,1,1421,Stade Reims,1333,5000000.0,5500000.0,1.0,1.0,0.998,same_club
6888,William Saliba,FRA,2019-20,Saint-Etienne,D S,12,991,0,0,0,3,1,0.158,0.158,0.058,0.597,0.577,0,0,495666,William Saliba,2001-03-24,18.44,192.0,right,Defender,Centre-Back,France,France,12,991,0,0,618,AS Saint-Étienne,1171,12000000.0,22500000.0,1.0,1.0,1.0,same_club
6895,Jordan Lefort,FRA,2019-20,Amiens,D S,10,842,0,0,1,3,3,0.114,0.114,0.161,0.739,0.682,2,0,192492,Jordan Lefort,1993-08-09,26.06,184.0,left,Defender,Centre-Back,Mauritania,France,10,840,0,1,1416,Amiens SC,840,3000000.0,1600000.0,0.999,1.0,0.998,same_club
6898,Cheick Timite,FRA,2019-20,Amiens,M S,3,115,0,0,0,3,1,0.109,0.109,0.084,0.193,0.014,0,0,424709,Cheick Timite,1997-11-20,21.78,180.0,right,Attack,Right Winger,Cote d'Ivoire,Cote d'Ivoire,3,116,0,0,1416,Amiens SC,116,2000000.0,1200000.0,0.997,1.0,0.991,same_club
6903,Matz Sels,FRA,2019-20,Strasbourg,GK,27,2430,0,0,0,0,0,0.0,0.0,0.0,2.82,2.82,0,0,127202,Matz Sels,1992-02-26,27.51,188.0,right,Goalkeeper,Goalkeeper,Belgium,Belgium,27,2430,0,0,667,RC Strasbourg Alsace,2925,7000000.0,6500000.0,1.0,1.0,1.0,same_club
6904,Ibrahima Sissoko,FRA,2019-20,Strasbourg,M S,23,1595,0,0,1,16,14,0.756,0.756,0.769,4.146,3.433,5,0,372712,Ibrahima Sissoko,1997-10-27,21.85,193.0,right,Midfield,Defensive Midfield,Mali,France,23,1599,0,1,667,RC Strasbourg Alsace,1809,6500000.0,4800000.0,0.999,1.0,0.997,same_club
6906,Moataz Zemzemi,FRA,2019-20,Strasbourg,S,1,17,0,0,0,1,1,0.023,0.023,0.027,0.05,0.0,0,0,422893,Moataz Zemzemi,1999-08-07,20.07,186.0,left,Midfield,Left Midfield,Tunisia,Tunisia,1,22,0,0,667,RC Strasbourg Alsace,22,250000.0,250000.0,0.983,1.0,0.944,same_club
6907,Colin Dagba,FRA,2019-20,Paris Saint Germain,D S,10,666,0,0,0,2,7,0.058,0.058,0.784,5.202,4.936,1,0,460629,Colin Dagba,1998-09-09,20.98,170.0,right,Defender,Right-Back,France,France,10,666,0,0,583,Paris Saint-Germain,756,12000000.0,16000000.0,1.0,1.0,1.0,same_club
6936,Thomas Basila,FRA,2019-20,Nantes,D S,7,406,0,0,0,1,1,0.05,0.05,0.329,0.53,0.53,1,0,344592,Thomas Basila,1999-04-30,20.34,187.0,right,Defender,Centre-Back,France,France,7,411,0,0,995,FC Nantes,411,500000.0,1800000.0,0.996,1.0,0.988,same_club
6946,Sergi Palencia,FRA,2019-20,Saint-Etienne,D M,6,475,0,0,0,1,2,0.064,0.064,0.1,0.483,0.343,2,0,268176,Sergi Palencia,1996-03-23,23.44,172.0,right,Defender,Right-Back,Spain,Spain,6,471,0,0,618,AS Saint-Étienne,561,6000000.0,2800000.0,0.997,1.0,0.992,same_club
7001,Nicholas Opoku,FRA,2019-20,Amiens,D,7,630,0,0,0,1,0,0.023,0.023,0.0,0.393,0.393,1,0,396516,Nicholas Opoku,1997-08-11,22.06,190.0,right,Defender,Centre-Back,Ghana,Ghana,7,630,0,0,1416,Amiens SC,1350,1000000.0,800000.0,1.0,1.0,1.0,same_club
7001,Nicholas Opoku,FRA,2019-20,Amiens,D,7,630,0,0,0,1,0,0.023,0.023,0.0,0.393,0.393,1,0,396516,Nicholas Opoku,1997-08-11,22.06,190.0,right,Defender,Centre-Back,Ghana,Ghana,7,630,0,0,1416,Amiens SC,1350,1000000.0,800000.0,0.999,1.0,0.998,same_club
7103,Agustín Rogel,FRA,2019-20,Toulouse,D S,10,859,0,0,0,4,2,0.281,0.281,0.146,0.74,0.74,0,0,456535,Agustín Rogel,1997-10-17,21.87,191.0,right,Defender,Centre-Back,Uruguay,Uruguay,10,858,0,0,415,FC Toulouse,858,1000000.0,1400000.0,1.0,1.0,0.999,same_club
7151,Thomas Foket,FRA,2019-20,Reims,D,27,2430,0,0,1,8,21,0.545,0.545,1.267,6.621,5.324,3,0,215114,Thomas Foket,1994-09-25,24.93,177.0,right,Defender,Right-Back,Belgium,Belgium,27,2430,0,1,1421,Stade Reims,2430,6000000.0,4800000.0,1.0,1.0,1.0,same_club
7157,Lucas Buades,FRA,2019-20,Nimes,F S,6,116,0,0,0,0,0,0.0,0.0,0.0,0.0,0.0,0,0,531960,Lucas Buades,1997-12-28,21.68,181.0,right,Midfield,Right Midfield,France,France,6,118,0,0,1160,Nîmes Olympique,118,150000.0,300000.0,0.995,1.0,0.983,same_club
7176,Mickaël Alphonse,FRA,2019-20,Dijon,D S,17,1376,0,0,1,8,8,0.253,0.253,0.459,2.393,1.961,2,0,172153,Mickaël Alphonse,1989-07-12,30.14,182.0,right,Defender,Right-Back,Guadeloupe,France,17,1377,0,1,2969,Dijon FCO,1377,900000.0,725000.0,1.0,1.0,0.999,same_club
7189,Rafik Guitane,FRA,2019-20,Rennes,S,2,13,0,0,0,0,1,0.0,0.0,0.018,0.0,0.0,0,0,394328,Rafik Guitane,1999-05-26,20.27,170.0,left,Attack,Right Winger,Algeria,France,2,14,0,0,273,Stade Rennais FC,85,5000000.0,2700000.0,0.997,1.0,0.989,same_club
7223,Kalidou Sidibe,FRA,2019-20,Toulouse,S,4,83,0,0,0,0,0,0.0,0.0,0.0,0.155,0.155,0,0,629585,Kalidou Sidibé,1999-01-28,20.59,200.0,right,Midfield,Defensive Midfield,France,France,4,86,0,0,415,FC Toulouse,86,3500000.0,2700000.0,0.99,1.0,0.967,same_club
7229,Florian Chabrolle,FRA,2019-20,Marseille,S,1,14,0,0,0,0,0,0.0,0.0,0.0,0.0,0.0,0,0,418662,Florian Chabrolle,1998-04-07,21.4,171.0,right,Midfield,Attacking Midfield,,,1,17,0,0,244,Olympique Marseille,17,150000.0,250000.0,0.99,1.0,0.967,same_club
7240,Benoit Badiashile Mukinayi,FRA,2019-20,Monaco,D,16,1417,0,0,0,10,2,0.367,0.367,0.14,4.562,4.545,0,0,463603,Benoît Badiashile,2001-03-26,18.43,194.0,left,Defender,Centre-Back,France,France,16,1413,0,0,162,AS Monaco,1413,9000000.0,18000000.0,0.969,0.95,0.997,same_club
7247,Jonathan Panzo,FRA,2019-20,Monaco,D S,2,103,0,0,0,1,0,0.075,0.075,0.0,0.027,0.027,0,0,392777,Jonathan Panzo,2000-10-25,18.85,188.0,left,Defender,Centre-Back,England,England,2,106,0,0,162,AS Monaco,1510,3000000.0,2700000.0,0.992,1.0,0.972,same_club
7265,Kephren Thuram,FRA,2019-20,Nice,M S,14,590,0,0,0,1,3,0.065,0.065,0.121,2.653,2.571,1,0,463618,Khéphren Thuram,2001-03-26,18.43,192.0,right,Midfield,Central Midfield,France,Italy,14,589,0,0,417,OGC Nice,589,500000.0,3600000.0,0.979,0.966,0.998,same_club
7292,Thody Elie Youan,FRA,2019-20,Nantes,F S,5,164,0,0,0,3,1,0.3,0.3,0.03,0.359,0.042,0,0,465715,Élie Youan,1999-04-07,20.4,183.0,right,Attack,Left Winger,France,France,5,162,0,0,995,FC Nantes,162,250000.0,725000.0,0.966,0.95,0.988,same_club
7293,Matis Carvalho,FRA,2019-20,Montpellier,S,1,72,0,0,0,0,0,0.0,0.0,0.0,0.0,0.0,0,0,478346,Matis Carvalho,1999-04-28,20.34,186.0,left,Goalkeeper,Goalkeeper,Portugal,France,1,71,0,0,969,Montpellier HSC,71,150000.0,150000.0,0.997,1.0,0.989,same_club
7316,Charles Nathan Abi,FRA,2019-20,Saint-Etienne,F S,15,609,0,0,0,5,7,0.287,0.287,1.333,1.763,0.143,2,0,418658,Charles Abi,2000-04-12,19.39,189.0,left,Attack,Centre-Forward,France,France,15,617,0,0,618,AS Saint-Étienne,648,500000.0,1300000.0,0.966,0.95,0.987,same_club
7328,Maxence Caqueret,FRA,2019-20,Lyon,M S,8,569,0,0,0,4,6,0.167,0.167,0.274,1.776,1.588,2,0,395237,Maxence Caqueret,2000-02-15,19.54,174.0,right,Midfield,Central Midfield,France,France,8,570,0,1,1041,Olympique Lyon,840,500000.0,7200000.0,0.999,1.0,0.998,same_club
7329,Eddy Sylvestre,FRA,2019-20,Nice,S,1,33,0,0,0,0,0,0.0,0.0,0.0,0.05,0.05,0,0,629566,Eddy Sylvestre,1999-08-29,20.01,173.0,left,Midfield,Central Midfield,France,France,1,36,0,0,417,OGC Nice,36,,300000.0,0.99,1.0,0.967,same_club
7353,Gen Shoji,FRA,2019-20,Toulouse,D,1,48,0,0,0,0,0,0.0,0.0,0.0,0.065,0.065,0,0,164277,Gen Shoji,1992-12-11,26.72,182.0,right,Defender,Centre-Back,Japan,Japan,1,45,0,0,415,FC Toulouse,45,3500000.0,2400000.0,0.99,1.0,0.967,same_club
7358,Souleyman Doumbia,FRA,2019-20,"Angers,Rennes",D,6,540,0,0,1,0,5,0.0,0.0,0.271,0.786,0.651,2,0,296356,Souleyman Doumbia,1996-09-24,22.93,178.0,left,Defender,Left-Back,Cote d'Ivoire,France,6,540,0,1,"273,1420","Stade Rennais FC,Angers SCO",712,3000000.0,1600000.0,1.0,1.0,1.0,same_club
7369,Mathías Suárez,FRA,2019-20,Montpellier,M,1,64,0,0,0,0,0,0.0,0.0,0.0,0.0,0.0,0,0,294895,Mathías Suárez,1996-06-24,23.19,182.0,right,Defender,Right-Back,,,1,61,0,0,969,Montpellier HSC,61,1500000.0,1000000.0,0.99,1.0,0.967,same_club
7397,Arbër Zeneli,FRA,2019-20,Reims,S,1,2,0,0,0,0,0,0.0,0.0,0.0,0.0,0.0,0,0,222876,Arbër Zeneli,1995-02-25,24.51,176.0,right,Attack,Left Winger,Kosovo,Sweden,1,5,0,0,1421,Stade Reims,5,6000000.0,4000000.0,0.99,1.0,0.967,same_club
7425,Josué Homawoo,FRA,2019-20,Nantes,S,1,40,0,0,0,0,0,0.0,0.0,0.0,0.104,0.104,0,0,655143,Josué Homawoo,1997-11-12,21.8,191.0,left,Defender,Centre-Back,Togo,Togo,1,45,0,0,995,FC Nantes,45,150000.0,150000.0,0.983,1.0,0.944,same_club
7432,Reinildo,FRA,2019-20,Lille,D S,16,1110,0,0,0,2,6,0.038,0.038,0.312,2.39,2.177,4,0,240692,Reinildo Mandava,1994-01-21,25.61,180.0,left,Defender,Left-Back,Mozambique,Mozambique,16,1108,0,0,1082,LOSC Lille,1288,600000.0,2400000.0,0.969,0.95,0.998,same_club
7482,Kouadio Kone,FRA,2019-20,Toulouse,M S,13,871,0,0,0,9,5,0.19,0.19,0.118,0.751,0.523,3,1,624690,Manu Koné,2001-05-17,18.29,185.0,right,Midfield,Central Midfield,France,France,13,875,0,0,415,FC Toulouse,875,,5400000.0,0.969,0.95,0.995,same_club
7498,Lyle Foster,FRA,2019-20,Monaco,F S,2,60,0,0,0,2,0,0.274,0.274,0.0,0.285,0.011,0,0,467623,Lyle Foster,2000-09-03,18.99,185.0,right,Attack,Centre-Forward,South Africa,South Africa,2,61,0,0,162,AS Monaco,1002,1000000.0,1300000.0,0.997,1.0,0.989,same_club
7511,Sacha Boey,FRA,2019-20,Rennes,D S,5,166,0,0,0,1,2,0.057,0.057,0.082,0.322,0.241,0,0,475413,Sacha Boey,2000-09-13,18.97,178.0,right,Defender,Right-Back,France,France,5,169,0,1,273,Stade Rennais FC,394,250000.0,1300000.0,0.995,1.0,0.982,same_club
7512,Ibrahim Cisse,FRA,2019-20,Angers,D,1,64,0,0,0,0,1,0.0,0.0,0.082,0.082,0.082,1,0,341393,Ibrahim Cissé,1996-05-02,23.33,185.0,right,Defender,Centre-Back,France,France,1,61,0,0,1420,Angers SCO,61,600000.0,475000.0,0.99,1.0,0.967,same_club
7519,Albert-Nicolas Lottin,FRA,2019-20,Bordeaux,M,1,46,0,0,0,0,0,0.0,0.0,0.0,0.551,0.551,0,0,540659,Albert Lottin,2001-08-29,18.01,181.0,right,Midfield,Defensive Midfield,France,France,1,45,0,0,40,FC Girondins Bordeaux,45,500000.0,450000.0,0.967,0.95,0.989,same_club
7540,Theo Sainte Luce,FRA,2019-20,Nimes,S,3,18,0,0,0,0,0,0.0,0.0,0.0,0.0,0.0,0,0,537127,Théo Sainte-Luce,1998-10-20,20.87,176.0,left,Defender,Left-Back,France,France,3,21,0,0,1160,Nîmes Olympique,21,150000.0,300000.0,0.99,1.0,0.967,same_club
7541,Timothee Nkada,FRA,2019-20,Reims,S,8,135,0,0,0,2,2,0.093,0.093,0.165,0.274,0.016,1,0,522788,Timothé Nkada,1999-07-20,20.12,180.0,right,Attack,Centre-Forward,France,France,8,140,0,0,1421,Stade Reims,140,150000.0,300000.0,0.967,0.963,0.964,same_club
7547,Moussa Wagué,FRA,2019-20,Nice,D S,5,189,0,0,2,1,5,0.046,0.046,0.921,1.165,0.277,0,0,364240,Moussa Wagué,1998-10-04,20.91,177.0,right,Defender,Right-Back,Senegal,Senegal,5,198,0,2,417,OGC Nice,379,5000000.0,6700000.0,1.0,1.0,1.0,same_club
7547,Moussa Wagué,FRA,2019-20,Nice,D S,5,189,0,0,2,1,5,0.046,0.046,0.921,1.165,0.277,0,0,364240,Moussa Wagué,1998-10-04,20.91,177.0,right,Defender,Right-Back,Senegal,Senegal,5,198,0,2,417,OGC Nice,379,5000000.0,6700000.0,0.986,1.0,0.955,same_club
7551,Mohamed Simakan,FRA,2019-20,Strasbourg,D M S,19,1506,0,0,0,9,10,0.378,0.378,0.591,4.659,4.477,4,0,666234,Mohamed Simakan,2000-05-03,19.33,187.0,right,Defender,Centre-Back,France,France,19,1503,0,0,667,RC Strasbourg Alsace,1859,,7200000.0,0.999,1.0,0.998,same_club
7568,Bilal Benkhedim,FRA,2019-20,Saint-Etienne,M S,3,129,0,0,0,1,3,0.481,0.481,0.213,0.635,0.008,0,0,609692,Bilal Benkhedim,2001-04-20,18.37,175.0,right,Midfield,Attacking Midfield,Algeria,France,3,130,0,0,618,AS Saint-Étienne,165,,,0.998,1.0,0.992,same_club
7577,Loïc Mbe Soh,FRA,2019-20,Paris Saint Germain,D,1,62,0,0,0,0,0,0.0,0.0,0.0,0.142,0.142,0,0,463610,Loïc Mbe Soh,2001-06-13,18.22,187.0,right,Defender,Centre-Back,France,Cameroon,1,59,0,0,583,Paris Saint-Germain,59,3000000.0,4500000.0,0.99,1.0,0.967,same_club
7578,Arthur Zagre,FRA,2019-20,Paris Saint Germain,S,1,22,0,0,0,0,0,0.0,0.0,0.0,0.573,0.573,0,0,536477,Arthur Zagré,2001-10-04,17.91,168.0,left,Defender,Left-Back,Burkina Faso,France,1,24,0,0,583,Paris Saint-Germain,24,,6300000.0,0.993,1.0,0.978,same_club
7612,Nathan N&#039;Goumou Minpol,FRA,2019-20,Toulouse,S,1,7,0,0,0,0,0,0.0,0.0,0.0,0.0,0.0,0,0,629588,Nathan Ngoumou,2000-03-14,19.47,185.0,right,Attack,Right Winger,Cameroon,France,1,9,0,0,415,FC Toulouse,9,300000.0,450000.0,0.921,0.88,0.978,same_club
7613,Moussa Diarra,FRA,2019-20,Toulouse,D,1,90,0,0,0,0,0,0.0,0.0,0.0,0.051,0.051,0,0,694509,Moussa Diarra,2000-11-10,18.81,185.0,left,Defender,Centre-Back,Mali,France,1,90,0,0,415,FC Toulouse,90,,350000.0,1.0,1.0,1.0,same_club
7614,Lucas Perrin,FRA,2019-20,Marseille,D,4,360,0,0,0,3,0,0.523,0.523,0.0,1.029,0.57,2,0,352392,Lucas Perrin,1998-11-19,20.78,188.0,right,Defender,Centre-Back,France,France,4,360,0,0,244,Olympique Marseille,360,300000.0,1800000.0,1.0,1.0,1.0,same_club
7717,Isaac Lihadji,FRA,2019-20,Marseille,S,2,22,0,0,0,0,0,0.0,0.0,0.0,0.107,0.107,0,0,557610,Isaac Lihadji,2002-04-10,17.39,177.0,left,Attack,Right Winger,France,France,2,23,0,0,244,Olympique Marseille,23,,3200000.0,0.997,1.0,0.989,same_club
7718,Predrag Rajkovic,FRA,2019-20,Reims,GK,27,2430,0,0,0,0,1,0.0,0.0,0.01,1.626,1.616,1,0,190263,Predrag Rajković,1995-10-31,23.84,191.0,right,Goalkeeper,Goalkeeper,Serbia,Yugoslavia (Republic),27,2430,0,0,1421,Stade Reims,2430,3500000.0,5500000.0,1.0,1.0,1.0,same_club
7719,Nathanael Mbuku,FRA,2019-20,Reims,F M S,11,394,0,0,0,8,3,0.479,0.479,0.161,1.074,0.479,0,0,557614,Nathanaël Mbuku,2002-03-16,17.46,170.0,left,Attack,Left Winger,DR Congo,France,11,391,0,0,1421,Stade Reims,391,,3600000.0,0.998,1.0,0.992,same_club
7720,Sambou Sissoko,FRA,2019-20,Reims,S,3,25,0,0,0,0,0,0.0,0.0,0.0,0.0,0.0,0,0,522791,Sambou Sissoko,1999-04-27,20.35,178.0,right,Midfield,Defensive Midfield,France,France,3,29,0,0,1421,Stade Reims,29,500000.0,450000.0,0.987,1.0,0.956,same_club
7728,Gautier Larsonneur,FRA,2019-20,Brest,GK,27,2400,0,0,0,0,1,0.0,0.0,0.01,1.904,1.893,2,0,357047,Gautier Larsonneur,1997-02-23,22.52,181.0,right,Goalkeeper,Goalkeeper,France,France,27,2398,0,0,3911,Stade Brestois 29,2398,4000000.0,5500000.0,1.0,1.0,0.999,same_club
7732,Haris Belkebla,FRA,2019-20,Brest,M S,23,1816,0,0,0,7,9,0.754,0.754,0.409,4.14,3.023,4,0,138055,Haris Belkebla,1994-01-28,25.59,177.0,right,Midfield,Central Midfield,Algeria,France,23,1816,0,0,3911,Stade Brestois 29,1816,1000000.0,1200000.0,1.0,1.0,1.0,same_club
7735,Donovan Léon,FRA,2019-20,Brest,GK S,2,120,0,0,0,0,0,0.0,0.0,0.0,0.551,0.551,0,0,170911,Donovan Léon,1992-11-03,26.83,187.0,right,Goalkeeper,Goalkeeper,French Guiana,French Guiana,2,122,0,0,3911,Stade Brestois 29,122,250000.0,325000.0,0.995,1.0,0.984,same_club
7736,Brendan Chardonnet,FRA,2019-20,Brest,D S,12,822,0,0,0,5,2,0.271,0.271,0.109,0.952,0.923,4,0,250779,Brendan Chardonnet,1994-12-22,24.69,181.0,right,Defender,Centre-Back,France,France,12,822,0,0,3911,Stade Brestois 29,822,800000.0,650000.0,1.0,1.0,1.0,same_club
7739,Joris Chotard,FRA,2019-20,Montpellier,M S,20,1244,0,0,1,9,11,0.161,0.161,0.366,3.737,3.431,3,1,624037,Joris Chotard,2001-09-24,17.94,179.0,right,Midfield,Defensive Midfield,France,France,20,1251,0,1,969,Montpellier HSC,1251,,6300000.0,0.998,1.0,0.994,same_club
7741,Madih Talal,FRA,2019-20,Amiens,S,2,18,0,0,0,0,0,0.0,0.0,0.0,0.0,0.0,0,0,518860,Madih Talal,1997-08-17,22.04,178.0,right,Midfield,Attacking Midfield,France,France,2,17,0,0,1416,Amiens SC,17,300000.0,300000.0,0.997,1.0,0.989,same_club
7744,Danijel Petkovic,FRA,2019-20,Angers,GK,2,180,0,0,0,0,0,0.0,0.0,0.0,0.043,0.043,1,0,188930,Danijel Petkovic,1993-05-25,26.27,196.0,right,Goalkeeper,Goalkeeper,Montenegro,Yugoslavia (Republic),2,180,0,0,1420,Angers SCO,180,700000.0,725000.0,1.0,1.0,1.0,same_club
7748,Bryan Soumaré,FRA,2019-20,Dijon,M S,12,374,0,0,0,6,5,0.289,0.289,0.494,0.817,0.101,0,0,644563,Bryan Soumaré,1999-02-11,20.55,180.0,left,Midfield,Attacking Midfield,France,France,12,380,0,0,2969,Dijon FCO,380,150000.0,725000.0,0.995,1.0,0.984,same_club
7749,Rayan Philippe,FRA,2019-20,Dijon,S,1,27,0,0,0,1,0,0.045,0.045,0.0,0.045,0.0,0,0,694507,Rayan Philippe,2000-10-23,18.86,182.0,left,Attack,Right Winger,France,France,1,29,0,0,2969,Dijon FCO,29,,,0.993,1.0,0.978,same_club
7750,Harold Moukoudi,FRA,2019-20,Saint-Etienne,D,11,990,0,0,0,3,0,0.212,0.212,0.0,0.586,0.586,3,0,272636,Harold Moukoudi,1997-11-27,21.76,191.0,right,Defender,Centre-Back,Cameroon,France,11,990,0,0,618,AS Saint-Étienne,1182,3000000.0,3200000.0,1.0,1.0,1.0,same_club
7754,Tiago Djaló,FRA,2019-20,Lille,D,8,668,0,0,0,0,1,0.0,0.0,0.012,2.026,2.026,1,0,420465,Tiago Djaló,2000-04-09,19.39,190.0,right,Defender,Centre-Back,Portugal,Portugal,8,664,0,0,1082,LOSC Lille,931,175000.0,4500000.0,0.998,1.0,0.994,same_club
7755,Domagoj Bradaric,FRA,2019-20,Lille,D S,18,1418,0,0,1,5,17,0.409,0.409,1.28,3.569,2.821,1,0,357796,Domagoj Bradarić,1999-12-10,19.73,178.0,left,Defender,Left-Back,Croatia,Croatia,18,1420,0,1,1082,LOSC Lille,1751,1000000.0,5800000.0,1.0,1.0,0.999,same_club
7758,Cheikh Niasse,FRA,2019-20,Lille,S,1,13,0,0,0,0,0,0.0,0.0,0.0,0.066,0.066,0,0,644032,Cheikh Niasse,2000-01-19,19.62,188.0,right,Midfield,Defensive Midfield,Senegal,Senegal,1,14,0,0,1082,LOSC Lille,14,150000.0,150000.0,0.997,1.0,0.989,same_club
7759,Abou Ouattara,FRA,2019-20,Lille,S,1,7,0,0,0,0,0,0.0,0.0,0.0,0.0,0.0,0,0,443263,Abou Ouattara,1999-12-26,19.68,177.0,right,Attack,Right Winger,Burkina Faso,Cote d'Ivoire,1,7,0,0,1082,LOSC Lille,278,100000.0,100000.0,1.0,1.0,1.0,same_club
7762,Jean-Ricner Bellegarde,FRA,2019-20,Strasbourg,F M S,24,1515,0,0,0,18,21,0.77,0.77,1.0,4.855,3.815,2,0,450050,Jean-Ricner Bellegarde,1998-06-27,21.18,170.0,right,Midfield,Central Midfield,Haiti,France,24,1499,0,1,667,RC Strasbourg Alsace,1660,1500000.0,3600000.0,0.997,1.0,0.989,same_club
7763,Fabien Centonze,FRA,2019-20,Metz,D,28,2520,0,0,3,9,22,0.597,0.597,2.102,4.262,2.011,3,0,384859,Fabien Centonze,1996-01-16,23.62,182.0,right,Defender,Right-Back,France,France,28,2520,0,3,347,FC Metz,2520,1500000.0,4000000.0,1.0,1.0,1.0,same_club
7764,Mamadou Fofana,FRA,2019-20,Metz,D M S,20,1589,0,0,0,11,5,0.366,0.366,0.183,1.875,1.723,4,0,402004,Mamadou Fofana,1998-01-21,21.61,186.0,both,Defender,Centre-Back,Mali,Mali,20,1587,0,0,347,FC Metz,1587,2000000.0,3200000.0,1.0,1.0,0.999,same_club
7765,Thomas Delaine,FRA,2019-20,Metz,D M S,16,1254,0,0,0,6,12,0.209,0.209,0.499,2.011,1.484,4,0,170961,Thomas Delaine,1992-03-24,27.44,180.0,left,Defender,Left-Back,France,France,16,1254,0,0,347,FC Metz,1254,1500000.0,1200000.0,1.0,1.0,1.0,same_club
7766,Manuel Cabit,FRA,2019-20,Metz,D,3,270,0,0,1,0,2,0.0,0.0,0.61,0.723,0.71,2,0,127075,Manuel Cabit,1993-06-03,26.25,180.0,left,Defender,Left-Back,Martinique,Martinique,3,270,0,1,347,FC Metz,270,800000.0,650000.0,1.0,1.0,1.0,same_club
7772,Marcin Bulka,FRA,2019-20,Paris Saint Germain,GK,1,90,0,0,0,0,0,0.0,0.0,0.0,0.0,0.0,0,0,465955,Marcin Bulka,1999-10-04,19.91,199.0,right,Goalkeeper,Goalkeeper,Poland,Poland,1,90,0,0,583,Paris Saint-Germain,90,,900000.0,1.0,1.0,1.0,same_club
7774,Haris Duljevic,FRA,2019-20,Nimes,F M S,14,502,0,0,3,14,11,0.439,0.439,1.124,3.128,1.782,0,0,184473,Haris Duljevic,1993-11-16,25.79,185.0,right,Attack,Left Winger,Bosnia-Herzegovina,Bosnia-Herzegovina,14,514,0,3,1160,Nîmes Olympique,514,800000.0,800000.0,0.993,1.0,0.977,same_club
7775,Lucas Lionel Dias,FRA,2019-20,Nimes,GK S,4,317,0,0,0,0,0,0.0,0.0,0.0,0.0,0.0,0,0,476079,Lucas Dias,1999-05-22,20.28,187.0,right,Goalkeeper,Goalkeeper,France,France,4,316,0,0,1160,Nîmes Olympique,316,150000.0,625000.0,0.969,0.95,0.997,same_club
7830,Cristian Benavente Bristol,FRA,2019-20,Nantes,M S,12,340,0,0,1,4,7,0.404,0.404,0.86,1.463,0.819,0,0,232859,Cristian Benavente,1994-05-19,25.29,173.0,both,Midfield,Attacking Midfield,Peru,Spain,12,347,0,1,995,FC Nantes,347,5500000.0,3200000.0,0.964,0.95,0.98,same_club
7850,Henry Onyekuru,FRA,2019-20,Monaco,M S,4,167,0,0,1,1,1,0.117,0.117,0.114,0.521,0.289,0,0,380415,Henry Onyekuru,1997-06-05,22.24,175.0,right,Attack,Left Winger,Nigeria,Nigeria,4,160,0,1,162,AS Monaco,897,13000000.0,8000000.0,0.987,1.0,0.958,same_club
7851,Mathieu Goncalves,FRA,2019-20,Toulouse,D S,4,317,0,0,0,0,0,0.0,0.0,0.0,0.396,0.396,1,0,463608,Mathieu Gonçalves,2001-06-08,18.23,178.0,left,Defender,Left-Back,France,France,4,314,0,0,415,FC Toulouse,314,150000.0,900000.0,0.997,1.0,0.991,same_club
7852,Sidy Sarr,FRA,2019-20,Nimes,M S,22,1125,0,0,2,21,11,1.235,1.235,1.784,3.501,1.922,6,0,364233,Sidy Sarr,1996-06-05,23.24,196.0,left,Midfield,Defensive Midfield,Senegal,Senegal,22,1159,0,2,1160,Nîmes Olympique,1159,600000.0,1600000.0,0.991,1.0,0.971,same_club
7853,Vlatko Stojanovski,FRA,2019-20,Nimes,F S,6,104,0,0,0,2,3,0.245,0.245,0.09,0.336,0.0,0,0,345041,Vlatko Stojanovski,1997-04-23,22.36,186.0,right,Attack,Centre-Forward,North Macedonia,Macedonia,6,119,0,0,1160,Nîmes Olympique,119,500000.0,400000.0,0.962,1.0,0.874,same_club
7854,Ibrahim Cisse,FRA,2019-20,Nice,S,2,36,0,0,0,1,0,0.054,0.054,0.0,0.0,0.0,0,0,696598,Ibrahim Cissé,1999-01-11,20.64,190.0,right,Defender,Centre-Back,Cote d'Ivoire,Cote d'Ivoire,2,49,0,0,417,OGC Nice,139,,450000.0,0.957,1.0,0.856,same_club
7907,Gaëtan Belaud,FRA,2019-20,Brest,D S,7,582,0,0,0,3,2,0.054,0.054,0.135,0.992,0.948,0,0,103060,Gaëtan Belaud,1986-09-16,32.96,177.0,right,Defender,Right-Back,France,France,7,581,0,0,3911,Stade Brestois 29,581,900000.0,400000.0,0.999,1.0,0.998,same_club
7908,Marshall Munetsi,FRA,2019-20,Reims,M S,17,819,0,0,2,4,5,0.174,0.174,0.745,1.251,0.824,3,0,414908,Marshall Munetsi,1996-06-22,23.19,188.0,right,Midfield,Central Midfield,Zimbabwe,Zimbabwe,17,830,0,2,1421,Stade Reims,830,550000.0,800000.0,0.996,1.0,0.987,same_club
7913,Lamine Fomba,FRA,2019-20,Nimes,M S,20,1363,0,0,0,14,10,1.436,1.436,0.497,2.81,1.201,5,0,391376,Lamine Fomba,1998-01-26,21.6,188.0,right,Midfield,Defensive Midfield,France,France,20,1375,0,0,1160,Nîmes Olympique,1375,2500000.0,3600000.0,0.997,1.0,0.991,same_club
7915,Adrien Lebeau,FRA,2019-20,Strasbourg,S,2,7,0,0,0,0,0,0.0,0.0,0.0,0.0,0.0,0,0,395674,Adrien Lebeau,1999-07-08,20.15,175.0,right,Attack,Second Striker,France,France,2,12,0,0,667,RC Strasbourg Alsace,12,,,0.983,1.0,0.944,same_club
7980,Adil Aouchiche,FRA,2019-20,Paris Saint Germain,M,1,67,0,0,0,0,0,0.0,0.0,0.0,0.099,0.099,0,0,569385,Adil Aouchiche,2002-07-15,17.13,181.0,right,Midfield,Attacking Midfield,Algeria,France,1,65,0,0,583,Paris Saint-Germain,65,,5400000.0,0.993,1.0,0.978,same_club
7998,Ngonda Muzinga,FRA,2019-20,Dijon,D,6,540,0,0,0,0,2,0.0,0.0,0.033,0.539,0.506,1,0,426790,Ngonda Muzinga,1994-12-31,24.67,182.0,left,Defender,Left-Back,DR Congo,Congo,6,540,0,0,2969,Dijon FCO,540,300000.0,400000.0,1.0,1.0,1.0,same_club
8003,Dario Maresic,FRA,2019-20,Reims,D,1,90,0,0,0,0,0,0.0,0.0,0.0,0.251,0.251,0,0,307807,Dario Maresic,1999-09-29,19.92,183.0,both,Defender,Centre-Back,Austria,Austria,1,90,0,0,1421,Stade Reims,90,3000000.0,2700000.0,1.0,1.0,1.0,same_club
8013,Aurélien Chedjou,FRA,2019-20,Amiens,D,22,1973,0,0,0,8,3,0.383,0.383,0.356,2.08,2.067,2,1,45624,Aurélien Chedjou,1985-06-20,34.2,184.0,right,Defender,Centre-Back,Cameroon,Cameroon,22,1973,0,0,1416,Amiens SC,2154,400000.0,325000.0,1.0,1.0,1.0,same_club
8024,Antoine Valerio,FRA,2019-20,Nimes,M S,5,81,0,0,0,0,0,0.0,0.0,0.0,0.029,0.029,0,0,707317,Antoine Valério,1999-12-11,19.72,185.0,left,Midfield,Central Midfield,France,France,5,85,0,0,1160,Nîmes Olympique,85,,,0.987,1.0,0.956,same_club
8037,Marley Aké,FRA,2019-20,Marseille,S,9,78,0,0,0,3,0,0.137,0.137,0.0,0.743,0.657,1,0,682032,Marley Aké,2001-01-05,18.65,178.0,right,Attack,Left Winger,France,France,9,90,0,0,244,Olympique Marseille,90,150000.0,1300000.0,0.96,1.0,0.867,same_club
8049,Jean-Kevin Duverne,FRA,2019-20,Brest,D S,14,1175,0,0,0,2,1,0.139,0.139,0.024,2.255,2.159,0,0,344864,Jean-Kévin Duverne,1997-07-12,22.14,184.0,right,Defender,Centre-Back,Haiti,France,14,1177,0,0,3911,Stade Brestois 29,1177,2000000.0,1600000.0,0.999,1.0,0.998,same_club
8050,Hichem Boudaoui,FRA,2019-20,Nice,F M S,9,501,0,0,2,4,7,0.832,0.832,1.145,2.549,0.715,2,1,560593,Hicham Boudaoui,1999-09-23,19.94,175.0,right,Midfield,Central Midfield,Algeria,Algeria,9,491,1,2,417,OGC Nice,491,1400000.0,3600000.0,0.931,0.95,0.98,same_club
8057,Stefan Bajic,FRA,2019-20,Saint-Etienne,GK,1,90,0,0,0,0,0,0.0,0.0,0.0,0.071,0.071,0,0,465836,Stefan Bajic,2001-12-23,17.69,188.0,right,Goalkeeper,Goalkeeper,France,France,1,90,0,0,618,AS Saint-Étienne,90,150000.0,300000.0,1.0,1.0,1.0,same_club
8094,Mathis Cherki,FRA,2019-20,Lyon,M S,6,135,0,0,0,3,1,0.247,0.247,0.096,0.388,0.062,0,0,607223,Rayan Cherki,2003-08-17,16.04,177.0,both,Midfield,Attacking Midfield,France,France,6,139,0,0,1041,Olympique Lyon,171,,18000000.0,0.961,0.95,0.971,same_club
8098,Wesley Moustache,FRA,2019-20,Nantes,D,1,50,0,0,0,0,0,0.0,0.0,0.0,0.149,0.149,0,0,466910,Wesley Moustache,1999-02-26,20.51,177.0,left,Defender,Left-Back,France,France,1,45,0,0,995,FC Nantes,45,150000.0,150000.0,0.983,1.0,0.944,same_club
8118,Bastian Badu,FRA,2019-20,Montpellier,S,1,7,0,0,0,1,0,0.02,0.02,0.0,0.02,0.0,0,0,591197,Bastian Badu,2000-02-02,19.58,188.0,left,Attack,Centre-Forward,France,France,1,8,0,0,969,Montpellier HSC,8,,350000.0,0.997,1.0,0.989,same_club
8141,Clement Vidal,FRA,2019-20,Montpellier,D,1,90,0,0,0,1,0,0.084,0.084,0.0,0.016,0.016,1,0,569388,Clément Vidal,2000-06-18,19.2,181.0,right,Defender,Centre-Back,France,France,1,90,0,0,969,Montpellier HSC,90,150000.0,450000.0,1.0,1.0,1.0,same_club
8155,Ahmad Toure Ngouyamsa Nounchili,FRA,2019-20,Dijon,S,1,55,0,0,0,0,0,0.0,0.0,0.0,0.404,0.404,1,0,723416,Ahmad Ngouyamsa,2000-12-21,18.69,176.0,right,Defender,Right-Back,Cameroon,Cameroon,1,54,0,0,2969,Dijon FCO,54,,,0.967,0.95,0.989,same_club
8168,Edmilson Indjai Correia,FRA,2019-20,Saint-Etienne,S,4,38,0,0,0,0,2,0.0,0.0,0.098,0.098,0.0,0,0,728311,Edmilson Correia,2000-06-06,19.24,,,Attack,Centre-Forward,Guinea-Bissau,Guinea-Bissau,4,45,0,0,618,AS Saint-Étienne,45,,,0.947,0.95,0.922,same_club
8175,Zinédine Ould Khaled,FRA,2019-20,Angers,M,1,62,0,0,0,0,0,0.0,0.0,0.0,0.0,0.0,0,0,650104,Zinédine Ould Khaled,2000-01-14,19.63,195.0,right,Midfield,Defensive Midfield,France,France,1,60,0,0,1420,Angers SCO,60,,150000.0,0.993,1.0,0.978,same_club
8182,Lucas Da Cunha,FRA,2019-20,Rennes,M S,2,73,0,0,0,2,2,0.061,0.061,0.138,0.289,0.119,0,0,495667,Lucas Da Cunha,2001-06-09,18.23,174.0,left,Midfield,Central Midfield,France,France,2,72,0,0,273,Stade Rennais FC,174,,1800000.0,0.997,1.0,0.989,same_club
8187,Georges Mikautadze,FRA,2019-20,Metz,S,1,5,0,0,0,1,0,0.022,0.022,0.0,0.022,0.0,0,0,729814,Georges Mikautadze,2000-10-31,18.83,176.0,right,Attack,Centre-Forward,Georgia,France,1,7,0,0,347,FC Metz,7,,,0.993,1.0,0.978,same_club
8189,Lucas Valls,FRA,2019-20,Nimes,S,1,8,0,0,0,0,0,0.0,0.0,0.0,0.0,0.0,0,0,729818,Luca Valls,1998-09-25,20.93,182.0,left,Midfield,Central Midfield,France,France,1,10,0,0,1160,Nîmes Olympique,10,,,0.965,0.952,0.978,same_club
8190,Melvin Bard,FRA,2019-20,Lyon,S,1,42,0,0,0,0,2,0.0,0.0,0.041,0.168,0.144,0,0,532775,Melvin Bard,2000-11-06,18.82,173.0,left,Defender,Left-Back,France,France,1,45,0,0,1041,Olympique Lyon,45,,,0.99,1.0,0.967,same_club
8211,Amine Adli,FRA,2019-20,Toulouse,S,4,35,0,0,0,0,2,0.0,0.0,0.055,0.032,0.017,1,0,532776,Amine Adli,2000-05-10,19.31,180.0,left,Attack,Left Winger,Morocco,France,4,42,0,0,415,FC Toulouse,42,,300000.0,0.977,1.0,0.922,same_club
8240,Ruben Gabrielsen,FRA,2019-20,Toulouse,D,8,656,0,0,0,4,1,0.218,0.218,0.014,0.524,0.51,0,1,107662,Ruben Gabrielsen,1992-03-10,27.48,187.0,both,Defender,Centre-Back,Norway,Norway,8,657,0,0,415,FC Toulouse,1137,800000.0,800000.0,1.0,1.0,0.998,same_club
8244,Dylan Bronn,FRA,2019-20,Metz,D,9,810,0,0,0,2,0,0.078,0.078,0.0,0.283,0.283,1,0,450417,Dylan Bronn,1995-06-19,24.2,186.0,right,Defender,Centre-Back,Tunisia,France,9,810,0,0,347,FC Metz,1071,7000000.0,4000000.0,1.0,1.0,1.0,same_club
8248,Maxence Rivera,FRA,2019-20,Saint-Etienne,S,1,24,0,0,0,1,0,0.054,0.054,0.0,0.067,0.014,0,0,735700,Maxence Rivera,2002-05-30,17.26,168.0,right,Attack,Left Winger,France,France,1,24,0,0,618,AS Saint-Étienne,24,,150000.0,1.0,1.0,1.0,same_club
8249,Renaud Emond,FRA,2019-20,Nantes,F S,6,290,0,0,0,4,2,0.979,0.979,0.063,1.011,0.554,1,0,168471,Renaud Emond,1991-12-05,27.74,185.0,right,Attack,Centre-Forward,Belgium,Belgium,6,291,0,0,995,FC Nantes,1552,3500000.0,3500000.0,0.999,1.0,0.997,same_club
8253,Lovre Kalinic,FRA,2019-20,Toulouse,GK,4,306,0,0,0,0,0,0.0,0.0,0.0,0.037,0.037,0,0,46405,Lovre Kalinic,1990-04-03,29.41,201.0,left,Goalkeeper,Goalkeeper,Croatia,Jugoslawien (SFR),4,306,0,0,415,FC Toulouse,306,6500000.0,2800000.0,1.0,1.0,1.0,same_club
8276,Yun Il-Lok,FRA,2019-20,Montpellier,M S,5,115,0,0,0,2,3,0.503,0.503,0.46,0.991,0.028,0,0,131480,Il-lok Yun,1992-03-07,27.49,178.0,right,Attack,Left Winger,"Korea, South","Korea, South",5,119,0,0,969,Montpellier HSC,119,1250000.0,900000.0,0.99,1.0,0.966,same_club
8277,Thibaut Vargas,FRA,2019-20,Montpellier,M S,3,151,0,0,0,0,2,0.0,0.0,0.103,0.658,0.617,0,0,627463,Thibaut Vargas,2000-05-22,19.28,175.0,both,Defender,Right-Back,France,France,3,152,0,0,969,Montpellier HSC,152,,250000.0,0.998,1.0,0.993,same_club
8278,Papa Ndiaga Yade,FRA,2019-20,Metz,S,2,2,0,0,0,0,0,0.0,0.0,0.0,0.0,0.0,0,0,568702,Papa Ndiaga Yade,2000-01-05,19.66,185.0,left,Attack,Left Winger,Mauritania,Senegal,2,3,0,0,347,FC Metz,3,,250000.0,0.997,1.0,0.989,same_club
8293,Adil Taoui,FRA,2019-20,Toulouse,S,2,19,0,0,0,1,0,0.064,0.064,0.0,0.046,0.046,0,0,463617,Adil Taoui,2001-08-10,18.06,179.0,right,Attack,Left Winger,France,France,2,23,0,0,415,FC Toulouse,23,150000.0,250000.0,0.987,1.0,0.956,same_club
8310,Mitchel Bakker,FRA,2019-20,Paris Saint Germain,D,1,90,0,0,0,0,0,0.0,0.0,0.0,1.433,1.433,1,0,361065,Mitchel Bakker,2000-06-20,19.2,189.0,left,Midfield,Left Midfield,Netherlands,Netherlands,1,90,0,0,583,Paris Saint-Germain,90,500000.0,900000.0,1.0,1.0,1.0,same_club
8311,Janis Antiste,FRA,2019-20,Toulouse,S,1,10,0,0,0,1,0,0.046,0.046,0.0,0.046,0.0,0,0,538974,Janis Antiste,2002-08-18,17.04,183.0,right,Attack,Centre-Forward,Martinique,France,1,11,0,0,415,FC Toulouse,11,,,0.997,1.0,0.989,same_club
8312,Kaj Sierhuis,FRA,2019-20,Reims,F,1,12,0,0,0,0,0,0.0,0.0,0.0,0.039,0.039,0,0,315283,Kaj Sierhuis,1998-04-27,21.35,180.0,right,Attack,Centre-Forward,Netherlands,Greece,1,13,0,0,1421,Stade Reims,1219,1250000.0,2700000.0,0.997,1.0,0.989,same_club
8314,Yvann Maçon,FRA,2019-20,Saint-Etienne,D,2,100,0,0,0,1,0,0.013,0.013,0.0,0.233,0.22,1,0,580747,Yvann Maçon,1998-10-01,20.92,176.0,right,Defender,Right-Back,Guadeloupe,Guadeloupe,2,96,0,0,618,AS Saint-Étienne,96,50000.0,525000.0,0.988,1.0,0.96,same_club
8327,Bruno Guimarães,FRA,2019-20,Lyon,M,3,270,0,0,0,2,5,0.075,0.075,0.366,1.125,1.04,1,0,520624,Bruno Guimarães,1997-11-16,21.79,182.0,right,Midfield,Central Midfield,Brazil,Brazil,3,270,0,0,1041,Olympique Lyon,565,5000000.0,28000000.0,1.0,1.0,1.0,same_club
8330,Jean Onana,FRA,2019-20,Lille,M,1,80,0,0,0,1,1,0.013,0.013,0.059,0.194,0.122,0,0,656441,Jean Onana,2000-01-08,19.65,189.0,right,Midfield,Defensive Midfield,Cameroon,Cameroon,1,80,0,0,1082,LOSC Lille,80,50000.0,50000.0,1.0,1.0,1.0,same_club
