understat_player_id,player,league,season,team,position_understat,games,minutes,goals,non_penalty_goals,assists,shots,key_passes,xg,npxg,xa,xg_chain,xg_buildup,yellow_cards,red_cards,tm_player_id,tm_name,date_of_birth,age_on_sep_1,height_cm,foot,tm_position,tm_sub_position,citizenship,country_of_birth,tm_league_games,tm_league_minutes,tm_league_goals,tm_league_assists,tm_club_ids,tm_club_names,tm_all_competition_minutes,market_value_start_eur,market_value_end_eur,match_score,match_name_similarity,match_minutes_similarity,match_method
647,Harry Kane,EPL,2016-17,Tottenham,F M S,30,2556,29,24,7,110,41,19.82,15.253,5.554,21.947,4.126,3,0,132098,Harry Kane,1993-07-28,23.1,188.0,right,Attack,Centre-Forward,England,England,30,2536,29,7,148,Tottenham Hotspur,3154,40000000.0,60000000.0,0.998,1.0,0.992,same_club
594,Romelu Lukaku,EPL,2016-17,Everton,F S,37,3271,25,24,6,110,47,16.665,15.904,5.441,21.252,3.97,3,0,96341,Romelu Lukaku,1993-05-13,23.3,190.0,left,Attack,Centre-Forward,Belgium,Belgium,37,3267,25,6,29,Everton FC,3357,40000000.0,50000000.0,1.0,1.0,0.999,same_club
498,Alexis Sánchez,EPL,2016-17,Arsenal,F M S,38,3233,24,22,10,129,78,17.724,15.441,8.988,27.141,9.087,6,0,40433,Alexis Sánchez,1988-12-19,27.7,169.0,right,Attack,Second Striker,Chile,Chile,38,3224,24,11,11,Arsenal FC,4230,55000000.0,65000000.0,0.999,1.0,0.997,same_club
619,Sergio Agüero,EPL,2016-17,Manchester City,F S,31,2408,20,16,3,139,31,22.673,18.867,4.666,25.352,5.027,4,1,26399,Sergio Agüero,1988-06-02,28.25,173.0,right,Attack,Centre-Forward,Argentina,Argentina,31,2406,20,4,281,Manchester City,3485,60000000.0,65000000.0,1.0,1.0,0.999,same_club
802,Diego Costa,EPL,2016-17,Chelsea,F,35,3101,20,20,7,111,42,15.432,14.671,4.912,22.003,6.566,10,0,44779,Diego Costa,1988-10-07,27.9,186.0,right,Attack,Centre-Forward,Spain,Brazil,35,3090,20,8,631,Chelsea FC,3401,45000000.0,50000000.0,0.999,1.0,0.996,same_club
645,Dele Alli,EPL,2016-17,Tottenham,F M S,37,3060,18,17,7,94,52,14.709,13.947,4.574,25.154,8.974,4,0,207929,Dele Alli,1996-04-11,20.39,188.0,right,Midfield,Attacking Midfield,England,England,37,3044,18,9,148,Tottenham Hotspur,4014,20000000.0,45000000.0,0.998,1.0,0.995,same_club
1741,Zlatan Ibrahimovic,EPL,2016-17,Manchester United,F S,28,2435,17,15,5,115,48,14.638,12.354,5.118,20.057,6.22,7,0,3455,Zlatan Ibrahimović,1981-10-03,34.91,195.0,right,Attack,Centre-Forward,Sweden,Sweden,28,2437,17,5,985,Manchester United,3453,12000000.0,10000000.0,1.0,1.0,0.999,same_club
465,Joshua King,EPL,2016-17,Bournemouth,F M S,36,2734,16,14,2,67,30,10.912,8.628,2.409,12.562,3.412,1,0,91059,Joshua King,1992-01-15,24.63,180.0,right,Attack,Centre-Forward,Norway,Norway,36,2720,16,2,989,AFC Bournemouth,2720,4000000.0,8000000.0,0.998,1.0,0.995,same_club
701,Eden Hazard,EPL,2016-17,Chelsea,F M,36,3050,16,14,5,77,88,11.033,8.749,6.441,20.609,9.108,3,0,50202,Eden Hazard,1991-01-07,25.65,175.0,right,Attack,Left Winger,Belgium,Belgium,36,3005,16,5,631,Chelsea FC,3300,65000000.0,75000000.0,0.996,1.0,0.985,same_club
606,Christian Benteke,EPL,2016-17,Crystal Palace,F,36,3153,15,13,2,105,32,17.356,14.311,2.059,13.203,4.111,10,0,50201,Christian Benteke,1990-12-03,25.75,190.0,right,Attack,Centre-Forward,Belgium,Zaire,36,3137,15,2,873,Crystal Palace,3209,27000000.0,28000000.0,0.998,1.0,0.995,same_club
735,Jermain Defoe,EPL,2016-17,Sunderland,F,37,3324,15,10,2,99,20,13.648,9.842,1.37,11.51,2.291,1,0,3875,Jermain Defoe,1982-10-07,33.9,171.0,right,Attack,Centre-Forward,England,England,37,3323,15,2,289,Sunderland AFC,3440,6500000.0,5000000.0,1.0,1.0,1.0,same_club
1728,Fernando Llorente,EPL,2016-17,Swansea,F S,33,2462,15,15,1,51,26,8.029,8.029,2.091,8.601,2.96,2,0,35564,Fernando Llorente,1985-02-26,31.51,195.0,right,Attack,Centre-Forward,Spain,Spain,33,2454,15,1,2288,Swansea City,2482,6000000.0,6000000.0,0.999,1.0,0.997,same_club
453,Son Heung-Min,EPL,2016-17,Tottenham,F M S,34,2069,14,14,6,80,43,7.765,7.765,4.696,14.949,4.282,2,0,91845,Heung-min Son,1992-07-08,24.15,183.0,both,Attack,Left Winger,"Korea, South","Korea, South",34,2070,14,8,148,Tottenham Hotspur,2976,25000000.0,30000000.0,1.0,1.0,1.0,same_club
488,Philippe Coutinho,EPL,2016-17,Liverpool,F M S,31,2265,13,13,7,106,65,8.868,8.868,6.259,18.206,8.191,2,0,80444,Philippe Coutinho,1992-06-12,24.22,172.0,right,Midfield,Attacking Midfield,Brazil,Brazil,31,2244,13,7,31,Liverpool FC,2354,35000000.0,45000000.0,0.997,1.0,0.991,same_club
755,Jamie Vardy,EPL,2016-17,Leicester,F S,35,2822,13,13,5,53,31,9.947,9.947,4.676,14.123,2.787,2,1,197838,Jamie Vardy,1987-01-11,29.64,179.0,right,Attack,Centre-Forward,England,England,35,2809,13,6,1003,Leicester City,3778,20000000.0,15000000.0,0.999,1.0,0.995,same_club
838,Sadio Mané,EPL,2016-17,Liverpool,F S,27,2257,13,13,5,57,43,9.481,9.481,4.445,20.189,9.526,4,0,200512,Sadio Mané,1992-04-10,24.39,175.0,right,Attack,Left Winger,Senegal,Senegal,27,2247,13,6,31,Liverpool FC,2247,30000000.0,40000000.0,0.999,1.0,0.996,same_club
502,Olivier Giroud,EPL,2016-17,Arsenal,F S,29,1170,12,12,3,39,17,6.999,6.999,2.012,9.584,1.825,2,0,82442,Olivier Giroud,1986-09-30,29.92,192.0,left,Attack,Centre-Forward,France,France,29,1194,12,4,11,Arsenal FC,1756,25000000.0,22000000.0,0.994,1.0,0.98,same_club
482,Roberto Firmino,EPL,2016-17,Liverpool,F S,35,3077,11,11,7,100,78,10.365,10.365,7.853,24.931,11.649,5,0,131789,Roberto Firmino,1991-10-02,24.92,181.0,right,Attack,Centre-Forward,Brazil,Brazil,35,3069,11,10,31,Liverpool FC,3149,35000000.0,38000000.0,0.999,1.0,0.997,same_club
503,Theo Walcott,EPL,2016-17,Arsenal,F M S,28,1944,10,10,2,62,13,9.901,9.14,2.526,11.123,2.424,1,0,33713,Theo Walcott,1989-03-16,27.46,175.0,both,Attack,Right Winger,England,England,28,1924,10,2,11,Arsenal FC,2466,22000000.0,20000000.0,0.997,1.0,0.99,same_club
574,Troy Deeney,EPL,2016-17,Watford,F S,37,2940,10,7,4,42,40,8.594,6.31,3.11,9.318,2.082,7,0,65477,Troy Deeney,1988-06-29,28.18,184.0,right,Attack,Centre-Forward,England,England,37,2942,10,4,1010,Watford FC,3045,11000000.0,11000000.0,1.0,1.0,0.999,same_club
1661,Sam Vokes,EPL,2016-17,Burnley,F S,37,2030,10,8,3,57,15,8.347,6.825,1.529,7.93,1.694,0,0,48078,Sam Vokes,1989-10-21,26.86,186.0,right,Attack,Centre-Forward,Wales,England,37,2055,10,3,1132,Burnley FC,2398,4000000.0,4500000.0,0.996,1.0,0.988,same_club
531,Michail Antonio,EPL,2016-17,West Ham,D F M,29,2451,9,9,3,77,31,9.79,9.79,3.39,13.229,3.04,4,1,104124,Michail Antonio,1990-03-28,26.43,180.0,right,Attack,Centre-Forward,Jamaica,England,29,2440,9,6,379,West Ham United,2862,9000000.0,18000000.0,0.999,1.0,0.996,same_club
687,Pedro,EPL,2016-17,Chelsea,F M S,35,2178,9,9,9,59,42,5.991,5.991,5.527,16.252,6.785,6,0,65278,Pedro,1987-07-28,29.1,167.0,both,Attack,Right Winger,Spain,Spain,35,2151,9,10,631,Chelsea FC,2536,23000000.0,28000000.0,0.996,1.0,0.988,same_club
714,Gylfi Sigurdsson,EPL,2016-17,Swansea,F M S,38,3329,9,6,13,116,79,8.569,6.286,8.269,10.746,3.826,2,0,90466,Gylfi Sigurdsson,1989-09-08,26.98,186.0,right,Midfield,Attacking Midfield,Iceland,Iceland,38,3327,9,13,2288,Swansea City,3417,17000000.0,25000000.0,1.0,1.0,0.999,same_club
1660,Andre Gray,EPL,2016-17,Burnley,F S,32,2279,9,7,3,47,19,7.565,6.042,1.472,7.82,2.106,2,0,120565,Andre Gray,1991-06-26,25.19,178.0,right,Attack,Centre-Forward,Jamaica,England,32,2268,9,3,1132,Burnley FC,2443,10000000.0,10000000.0,0.999,1.0,0.995,same_club
1715,Álvaro Negredo,EPL,2016-17,Middlesbrough,F S,36,2891,9,7,4,69,26,8.803,7.281,4.1,11.964,2.791,5,0,18644,Álvaro Negredo,1985-08-20,31.03,186.0,left,Attack,Centre-Forward,Spain,Spain,36,2879,9,4,641,Middlesbrough FC,3037,7500000.0,7500000.0,0.999,1.0,0.996,same_club
486,Adam Lallana,EPL,2016-17,Liverpool,F M S,31,2371,8,8,7,50,42,4.507,4.507,4.112,16.63,10.077,3,0,43530,Adam Lallana,1988-05-10,28.31,172.0,both,Midfield,Attacking Midfield,England,England,31,2348,8,7,31,Liverpool FC,2363,19000000.0,25000000.0,0.997,1.0,0.99,same_club
499,Mesut Özil,EPL,2016-17,Arsenal,M S,33,2856,8,8,9,40,100,5.607,5.607,8.07,22.843,14.728,2,0,35664,Mesut Özil,1988-10-15,27.88,180.0,left,Midfield,Attacking Midfield,Germany,Germany,33,2847,8,11,11,Arsenal FC,3746,50000000.0,50000000.0,0.999,1.0,0.997,same_club
535,Manuel Lanzini,EPL,2016-17,West Ham,F M S,35,2727,8,6,2,69,57,6.072,4.549,4.007,13.376,8.287,9,0,135853,Manuel Lanzini,1993-02-15,23.54,170.0,right,Midfield,Attacking Midfield,Argentina,Argentina,35,2714,8,2,379,West Ham United,2772,10000000.0,15000000.0,0.999,1.0,0.995,same_club
646,Christian Eriksen,EPL,2016-17,Tottenham,M,36,3181,8,8,15,133,112,8.865,8.865,11.741,22.943,10.891,0,0,69633,Christian Eriksen,1992-02-14,24.55,182.0,right,Midfield,Attacking Midfield,Denmark,Denmark,36,3167,8,16,148,Tottenham Hotspur,3978,31000000.0,40000000.0,0.999,1.0,0.996,same_club
700,Willian,EPL,2016-17,Chelsea,F M S,34,1509,8,8,2,44,51,3.757,3.757,3.064,9.141,4.566,3,0,52769,Willian,1988-08-09,28.06,175.0,right,Attack,Left Winger,Brazil,Brazil,34,1530,8,2,631,Chelsea FC,1907,32000000.0,32000000.0,0.996,1.0,0.986,same_club
813,Salomón Rondón,EPL,2016-17,West Bromwich Albion,F S,38,2902,8,8,2,93,26,9.358,9.358,2.852,13.402,2.578,2,0,80197,Salomón Rondón,1989-09-16,26.96,186.0,right,Attack,Centre-Forward,Venezuela,Venezuela,38,2896,8,2,984,West Bromwich Albion,2986,17000000.0,15000000.0,0.999,1.0,0.998,same_club
463,Junior Stanislas,EPL,2016-17,Bournemouth,M S,21,1489,7,5,5,43,22,4.848,3.326,3.855,7.382,4.268,1,0,87672,Junior Stanislas,1989-11-26,26.77,183.0,right,Attack,Left Winger,England,England,21,1475,7,5,989,AFC Bournemouth,1475,4000000.0,4500000.0,0.997,1.0,0.991,same_club
484,Divock Origi,EPL,2016-17,Liverpool,F S,34,1450,7,7,3,37,16,5.524,5.524,1.602,7.651,1.966,0,0,148368,Divock Origi,1995-04-18,21.37,189.0,right,Attack,Centre-Forward,Belgium,Belgium,34,1460,7,4,31,Liverpool FC,1730,11000000.0,12000000.0,0.998,1.0,0.993,same_club
489,James Milner,EPL,2016-17,Liverpool,D M,36,3170,7,0,3,36,56,7.355,1.266,3.951,14.359,12.456,5,0,3333,James Milner,1986-01-04,30.66,175.0,right,Midfield,Central Midfield,England,England,36,3159,7,3,31,Liverpool FC,3159,15000000.0,12000000.0,0.999,1.0,0.997,same_club
522,Wilfried Zaha,EPL,2016-17,Crystal Palace,F M S,35,3033,7,7,9,49,38,5.57,5.57,4.541,12.498,3.012,8,0,145988,Wilfried Zaha,1992-11-10,23.81,180.0,right,Attack,Left Winger,Cote d'Ivoire,Cote d'Ivoire,35,3025,7,11,873,Crystal Palace,3025,9000000.0,18000000.0,0.999,1.0,0.997,same_club
537,Andy Carroll,EPL,2016-17,West Ham,F S,18,1318,7,7,1,39,14,4.522,4.522,1.722,6.553,3.01,3,0,48066,Andy Carroll,1989-01-06,27.65,193.0,left,Attack,Centre-Forward,England,England,18,1314,7,1,379,West Ham United,1580,10000000.0,10000000.0,0.999,1.0,0.997,same_club
572,Etienne Capoue,EPL,2016-17,Watford,M,37,3231,7,7,1,50,37,3.717,3.717,1.509,6.283,2.68,5,0,63494,Étienne Capoue,1988-07-11,28.14,189.0,right,Midfield,Defensive Midfield,France,France,37,3213,7,1,1010,Watford FC,3303,9000000.0,9000000.0,0.998,1.0,0.994,same_club
618,Raheem Sterling,EPL,2016-17,Manchester City,F M S,33,2532,7,7,6,64,46,8.106,8.106,5.496,18.463,6.755,7,0,134425,Raheem Sterling,1994-12-08,21.73,170.0,right,Attack,Right Winger,England,Jamaica,33,2515,7,10,281,Manchester City,3601,45000000.0,45000000.0,0.998,1.0,0.993,same_club
790,Nathan Redmond,EPL,2016-17,Southampton,F M S,37,2917,7,7,1,83,57,4.818,4.818,5.892,15.178,6.43,2,1,129078,Nathan Redmond,1994-03-06,22.49,173.0,right,Attack,Right Winger,England,England,37,2908,7,1,180,Southampton FC,3339,10000000.0,15000000.0,0.999,1.0,0.997,same_club
872,Peter Crouch,EPL,2016-17,Stoke,F S,27,1319,7,7,2,37,17,5.875,5.875,3.204,7.919,1.762,3,0,4072,Peter Crouch,1981-01-30,35.59,201.0,right,Attack,Centre-Forward,England,England,27,1335,7,3,512,Stoke City,1425,1500000.0,1500000.0,0.996,1.0,0.988,same_club
1682,Islam Slimani,EPL,2016-17,Leicester,F S,23,1275,7,6,4,35,17,6.824,6.063,2.067,7.707,2.083,1,0,174915,Islam Slimani,1988-06-18,28.21,188.0,right,Attack,Centre-Forward,Algeria,Algeria,23,1279,7,4,1003,Leicester City,1759,22000000.0,25000000.0,0.999,1.0,0.997,same_club
1691,Robert Snodgrass,EPL,2016-17,"Hull,West Ham",F M S,35,2563,7,5,5,50,61,4.384,2.861,4.325,5.553,3.433,2,0,22614,Robert Snodgrass,1987-09-07,28.99,182.0,left,Attack,Right Winger,Scotland,Scotland,35,2550,7,5,"379,3008","West Ham United,Hull City",2640,5000000.0,8000000.0,0.998,1.0,0.995,same_club
5543,Gabriel Jesus,EPL,2016-17,Manchester City,F M S,10,649,7,6,4,24,10,7.244,6.483,1.891,8.801,1.132,2,0,363205,Gabriel Jesus,1997-04-03,19.41,175.0,right,Attack,Centre-Forward,Brazil,Brazil,10,651,7,4,281,Manchester City,741,16000000.0,30000000.0,0.999,1.0,0.997,same_club
447,Kevin De Bruyne,EPL,2016-17,Manchester City,F M S,36,2893,6,6,18,86,103,6.772,6.011,15.889,28.543,15.754,4,0,88755,Kevin De Bruyne,1991-06-28,25.18,181.0,right,Midfield,Attacking Midfield,Belgium,Belgium,36,2884,6,19,281,Manchester City,3877,60000000.0,65000000.0,0.999,1.0,0.997,same_club
468,Callum Wilson,EPL,2016-17,Bournemouth,F S,20,1382,6,3,0,31,8,5.366,3.082,0.55,4.325,0.891,0,0,123682,Callum Wilson,1992-02-27,24.51,180.0,right,Attack,Centre-Forward,England,England,20,1367,6,1,989,AFC Bournemouth,1412,9000000.0,10000000.0,0.997,1.0,0.989,same_club
480,Joe Allen,EPL,2016-17,Stoke,M S,36,2942,6,6,2,40,28,5.682,5.682,4.653,13.037,6.203,9,0,51452,Joe Allen,1990-03-14,26.47,170.0,right,Midfield,Central Midfield,Wales,Wales,36,2936,6,3,512,Stoke City,2981,12000000.0,15000000.0,0.999,1.0,0.998,same_club
554,Juan Mata,EPL,2016-17,Manchester United,F M S,25,1641,6,6,3,40,45,5.665,5.665,4.54,11.835,6.035,3,0,44068,Juan Mata,1988-04-28,28.34,170.0,left,Midfield,Attacking Midfield,Spain,Spain,25,1628,6,3,985,Manchester United,2545,31000000.0,30000000.0,0.998,1.0,0.992,same_club
699,Gary Cahill,EPL,2016-17,Chelsea,D S,37,3299,6,6,0,24,5,3.297,3.297,0.171,7.968,7.805,5,0,27511,Gary Cahill,1985-12-19,30.7,193.0,right,Defender,Centre-Back,England,England,37,3298,6,0,631,Chelsea FC,3535,16000000.0,16000000.0,1.0,1.0,1.0,same_club
711,Leroy Fer,EPL,2016-17,Swansea,D M S,34,2393,6,6,2,36,18,5.206,5.206,1.055,7.08,4.93,9,0,63342,Leroy Fer,1990-01-05,26.66,188.0,right,Midfield,Defensive Midfield,Netherlands,Netherlands,34,2404,6,2,2288,Swansea City,2494,8000000.0,8000000.0,0.999,1.0,0.995,same_club
713,André Ayew,EPL,2016-17,West Ham,F M S,25,1432,6,6,3,33,15,7.654,7.654,2.367,9.077,1.352,1,0,45403,André Ayew,1989-12-17,26.71,175.0,left,Attack,Centre-Forward,Ghana,France,25,1442,6,3,379,West Ham United,1442,18000000.0,18000000.0,0.998,1.0,0.993,same_club
750,Riyad Mahrez,EPL,2016-17,Leicester,F M S,36,2859,6,3,3,76,52,8.951,5.145,6.248,12.871,4.793,4,0,171424,Riyad Mahrez,1991-02-21,25.53,179.0,left,Attack,Right Winger,Algeria,France,36,2834,6,4,1003,Leicester City,3766,30000000.0,30000000.0,0.997,1.0,0.991,same_club
771,Georginio Wijnaldum,EPL,2016-17,Liverpool,M S,36,2981,6,6,9,60,43,5.565,5.565,5.297,18.881,10.875,2,0,49499,Georginio Wijnaldum,1990-11-11,25.81,175.0,right,Midfield,Central Midfield,Netherlands,Netherlands,36,2978,6,9,31,Liverpool FC,3068,22000000.0,28000000.0,1.0,1.0,0.999,same_club
806,Gareth McAuley,EPL,2016-17,West Bromwich Albion,D,36,3150,6,6,1,16,6,3.692,3.692,0.378,2.104,1.773,5,0,40567,Gareth McAuley,1979-12-05,36.74,191.0,right,Defender,Centre-Back,Northern Ireland,Northern Ireland,36,3143,6,1,984,West Bromwich Albion,3233,1000000.0,1000000.0,0.999,1.0,0.998,same_club
826,Benik Afobe,EPL,2016-17,Bournemouth,F S,31,1436,6,6,3,39,23,8.922,8.161,1.828,8.775,1.264,1,0,110858,Benik Afobe,1993-02-12,23.55,183.0,right,Attack,Centre-Forward,DR Congo,England,31,1454,6,3,989,AFC Bournemouth,1454,9000000.0,10000000.0,0.996,1.0,0.988,same_club
848,Charlie Austin,EPL,2016-17,Southampton,F S,15,946,6,4,1,37,8,6.621,5.099,1.62,6.864,1.563,1,0,129627,Charlie Austin,1989-07-05,27.16,188.0,right,Attack,Centre-Forward,England,England,15,939,6,1,180,Southampton FC,1146,13000000.0,13000000.0,0.998,1.0,0.993,same_club
865,Marko Arnautovic,EPL,2016-17,Stoke,F M,32,2742,6,6,5,60,50,9.196,8.435,7.13,17.068,4.322,9,1,41384,Marko Arnautovic,1989-04-19,27.37,192.0,both,Attack,Centre-Forward,Austria,Austria,32,2725,6,5,512,Stoke City,2815,12000000.0,15000000.0,0.998,1.0,0.994,same_club
1621,Marcos Alonso,EPL,2016-17,Chelsea,M S,31,2696,6,6,3,46,24,4.147,4.147,3.147,13.074,8.175,2,0,112515,Marcos Alonso,1990-12-28,25.68,188.0,left,Defender,Centre-Back,Spain,Spain,31,2694,6,3,631,Chelsea FC,3144,9000000.0,25000000.0,1.0,1.0,0.999,same_club
1621,Marcos Alonso,EPL,2016-17,Chelsea,M S,31,2696,6,6,3,46,24,4.147,4.147,3.147,13.074,8.175,2,0,112515,Marcos Alonso,1990-12-28,25.68,188.0,left,Defender,Centre-Back,Spain,Spain,31,2694,6,3,631,Chelsea FC,3144,9000000.0,25000000.0,1.0,1.0,1.0,same_club
4422,Ashley Barnes,EPL,2016-17,Burnley,F S,28,1788,6,4,2,44,21,6.592,5.07,2.388,6.559,0.566,6,1,63200,Ashley Barnes,1989-10-30,26.84,185.0,right,Attack,Centre-Forward,England,England,28,1777,6,3,1132,Burnley FC,1832,2000000.0,2500000.0,0.998,1.0,0.994,same_club
337,Leroy Sané,EPL,2016-17,Manchester City,F M S,26,1793,5,5,3,33,35,5.821,5.821,5.705,14.745,6.493,4,0,192565,Leroy Sané,1996-01-11,20.64,183.0,left,Attack,Right Winger,Germany,Germany,26,1787,5,5,281,Manchester City,2444,30000000.0,35000000.0,0.999,1.0,0.997,same_club
556,Marcus Rashford,EPL,2016-17,Manchester United,F M S,32,1687,5,5,1,44,20,6.274,6.274,1.992,9.406,3.628,3,0,258923,Marcus Rashford,1997-10-31,18.84,185.0,right,Attack,Left Winger,England,England,32,1703,5,2,985,Manchester United,2759,7000000.0,18000000.0,0.997,1.0,0.991,same_club
592,Ross Barkley,EPL,2016-17,Everton,F M S,36,2922,5,5,8,89,84,6.936,6.936,7.259,16.262,8.149,5,0,131978,Ross Barkley,1993-12-05,22.74,189.0,right,Midfield,Central Midfield,England,England,36,2907,5,9,29,Everton FC,2982,22000000.0,25000000.0,0.998,1.0,0.995,same_club
604,Emre Can,EPL,2016-17,Liverpool,M S,32,2360,5,5,2,45,32,3.214,3.214,2.09,12.055,7.729,6,0,119296,Emre Can,1994-01-12,22.64,186.0,right,Defender,Centre-Back,Germany,Germany,32,2368,5,2,31,Liverpool FC,2447,18000000.0,15000000.0,0.999,1.0,0.997,same_club
629,Wayne Rooney,EPL,2016-17,Manchester United,F M S,25,1538,5,4,5,52,36,7.07,6.309,3.006,11.363,3.487,8,0,3332,Wayne Rooney,1985-10-24,30.86,176.0,right,Attack,Centre-Forward,England,England,25,1540,5,5,985,Manchester United,2168,35000000.0,15000000.0,1.0,1.0,0.999,same_club
633,James McArthur,EPL,2016-17,Crystal Palace,M S,29,2034,5,5,3,23,16,1.698,1.698,2.349,5.477,2.691,5,0,41416,James McArthur,1987-10-07,28.9,178.0,both,Midfield,Central Midfield,Scotland,Scotland,29,2009,5,3,873,Crystal Palace,2034,7000000.0,7000000.0,0.996,1.0,0.988,same_club
648,Nacer Chadli,EPL,2016-17,West Bromwich Albion,F M S,31,2169,5,4,5,47,33,5.81,5.049,4.269,9.243,3.258,2,0,59631,Nacer Chadli,1989-08-02,27.08,187.0,right,Attack,Left Winger,Belgium,Belgium,31,2149,5,5,984,West Bromwich Albion,2161,13000000.0,15000000.0,0.997,1.0,0.991,same_club
686,Cesc Fàbregas,EPL,2016-17,Chelsea,M S,29,1294,5,5,12,26,62,2.81,2.81,7.849,11.545,6.13,8,0,8806,Cesc Fàbregas,1987-05-04,29.33,179.0,right,Midfield,Central Midfield,Spain,Spain,29,1328,5,12,631,Chelsea FC,1652,45000000.0,35000000.0,0.992,1.0,0.974,same_club
730,Patrick van Aanholt,EPL,2016-17,"Crystal Palace,Sunderland",D F M S,32,2493,5,5,1,34,37,3.478,3.478,2.138,5.739,2.415,3,0,52119,Patrick van Aanholt,1990-08-29,26.01,176.0,left,Defender,Left-Back,Netherlands,Netherlands,32,2497,5,1,"289,873","Sunderland AFC,Crystal Palace",2677,6000000.0,9000000.0,1.0,1.0,0.998,same_club
844,Jay Rodriguez,EPL,2016-17,Southampton,F S,24,866,5,5,2,33,7,4.764,4.764,0.514,4.88,0.51,0,0,53360,Jay Rodríguez,1989-07-29,27.09,185.0,right,Attack,Centre-Forward,England,England,24,882,5,2,180,Southampton FC,1184,13000000.0,10000000.0,0.995,1.0,0.982,same_club
878,Yaya Touré,EPL,2016-17,Manchester City,M S,25,1955,5,3,0,32,19,3.703,2.18,1.115,11.302,10.285,4,0,13091,Yaya Touré,1983-05-13,33.31,188.0,right,Midfield,Central Midfield,Cote d'Ivoire,Cote d'Ivoire,25,1948,5,0,281,Manchester City,2502,16000000.0,8000000.0,0.999,1.0,0.996,same_club
990,James Morrison,EPL,2016-17,West Bromwich Albion,M S,31,1736,5,5,2,23,23,2.479,2.479,1.377,6.912,3.572,3,0,27614,James Morrison,1986-05-25,30.27,183.0,right,Midfield,Central Midfield,Scotland,England,31,1734,5,2,984,West Bromwich Albion,1824,5000000.0,5000000.0,1.0,1.0,0.999,same_club
1678,Michy Batshuayi,EPL,2016-17,Chelsea,F S,20,221,5,5,1,17,1,3.765,3.765,0.028,4.593,1.314,0,0,179184,Michy Batshuayi,1993-10-02,22.92,185.0,right,Attack,Centre-Forward,Belgium,Belgium,20,238,5,1,631,Chelsea FC,482,25000000.0,25000000.0,0.979,1.0,0.929,same_club
1740,Paul Pogba,EPL,2016-17,Manchester United,M S,30,2606,5,5,4,92,57,6.506,6.506,5.59,16.903,9.889,7,0,122153,Paul Pogba,1993-03-15,23.47,191.0,both,Midfield,Central Midfield,France,France,30,2610,5,4,985,Manchester United,3991,70000000.0,75000000.0,1.0,1.0,0.998,same_club
317,Henrikh Mkhitaryan,EPL,2016-17,Manchester United,F M S,24,1347,4,4,1,32,29,2.706,2.706,3.524,8.493,4.656,1,0,55735,Henrikh Mkhitaryan,1989-01-21,27.61,177.0,both,Midfield,Central Midfield,Armenia,UdSSR,24,1349,4,1,985,Manchester United,2384,37000000.0,35000000.0,1.0,1.0,0.999,same_club
459,Charlie Daniels,EPL,2016-17,Bournemouth,D,34,3060,4,4,3,19,29,1.608,1.608,2.166,9.366,7.033,1,0,61819,Charlie Daniels,1986-09-07,29.98,178.0,left,Defender,Left-Back,England,England,34,3060,4,3,989,AFC Bournemouth,3060,2500000.0,3000000.0,1.0,1.0,1.0,same_club
516,Yohan Cabaye,EPL,2016-17,Crystal Palace,M S,32,2138,4,4,3,40,34,3.425,2.664,2.889,6.461,3.457,7,0,29434,Yohan Cabaye,1986-01-14,30.63,173.0,right,Midfield,Central Midfield,France,France,32,2133,4,3,873,Crystal Palace,2178,18000000.0,15000000.0,0.999,1.0,0.998,same_club
553,Anthony Martial,EPL,2016-17,Manchester United,F M S,25,1558,4,4,6,42,25,3.312,3.312,3.671,8.69,2.486,2,0,182877,Anthony Martial,1995-12-05,20.74,184.0,right,Attack,Centre-Forward,France,France,25,1560,4,6,985,Manchester United,2310,32000000.0,30000000.0,1.0,1.0,0.999,same_club
585,Seamus Coleman,EPL,2016-17,Everton,D M,26,2317,4,4,3,18,17,1.378,1.378,2.76,10.483,8.168,3,0,68390,Séamus Coleman,1988-10-11,27.89,177.0,right,Defender,Right-Back,Ireland,Ireland,26,2317,4,4,29,Everton FC,2407,17000000.0,17000000.0,1.0,1.0,1.0,same_club
595,Kevin Mirallas,EPL,2016-17,Everton,F M S,35,2100,4,4,6,61,43,3.547,3.547,3.731,9.559,4.927,2,0,33639,Kevin Mirallas,1987-10-05,28.91,182.0,right,Midfield,Attacking Midfield,Belgium,Belgium,35,2080,4,7,29,Everton FC,2108,13000000.0,13000000.0,0.997,1.0,0.99,same_club
599,Oumar Niasse,EPL,2016-17,Hull,F S,17,1083,4,4,1,26,10,3.605,3.605,0.808,4.443,0.243,3,1,209781,Oumar Niasse,1990-04-18,26.37,182.0,right,Attack,Centre-Forward,Senegal,Senegal,17,1095,4,1,3008,Hull City,1123,12000000.0,9000000.0,0.997,1.0,0.989,same_club
617,David Silva,EPL,2016-17,Manchester City,F M S,34,2775,4,4,7,48,82,6.242,6.242,8.12,25.775,15.932,6,0,35518,David Silva,1986-01-08,30.65,170.0,left,Midfield,Attacking Midfield,Spain,Spain,34,2768,4,8,281,Manchester City,3647,33000000.0,30000000.0,0.999,1.0,0.997,same_club
620,Kelechi Iheanacho,EPL,2016-17,Manchester City,F S,20,515,4,4,3,22,13,4.74,4.74,2.534,7.545,2.492,0,0,295330,Kelechi Iheanacho,1996-10-03,19.91,185.0,left,Attack,Centre-Forward,Nigeria,Nigeria,20,527,4,3,281,Manchester City,732,7000000.0,15000000.0,0.993,1.0,0.977,same_club
804,Craig Dawson,EPL,2016-17,West Bromwich Albion,D,37,3281,4,4,0,21,21,2.965,2.965,1.098,3.422,2.816,10,0,121477,Craig Dawson,1990-05-06,26.32,188.0,right,Defender,Centre-Back,England,England,37,3278,4,1,984,West Bromwich Albion,3368,6000000.0,6000000.0,1.0,1.0,0.999,same_club
836,Victor Wanyama,EPL,2016-17,Tottenham,M S,36,3021,4,4,1,40,32,4.788,4.788,2.036,11.889,9.315,10,0,77760,Victor Wanyama,1991-06-25,25.19,184.0,right,Midfield,Defensive Midfield,Kenya,Kenya,36,3015,4,1,148,Tottenham Hotspur,3871,15000000.0,25000000.0,0.999,1.0,0.998,same_club
843,James Ward-Prowse,EPL,2016-17,Southampton,M S,30,1886,4,4,4,42,43,4.646,4.646,2.891,8.679,4.274,4,0,181579,James Ward-Prowse,1994-11-01,21.83,177.0,right,Midfield,Central Midfield,England,England,30,1884,4,4,180,Southampton FC,2522,11000000.0,15000000.0,1.0,1.0,0.999,same_club
863,Jonathan Walters,EPL,2016-17,Stoke,F M S,23,1278,4,3,2,25,12,4.317,3.556,0.891,4.777,1.005,1,0,3306,Jonathan Walters,1983-09-20,32.95,183.0,right,Attack,Right Winger,Ireland,England,23,1296,4,2,512,Stoke City,1296,3500000.0,2500000.0,0.996,1.0,0.986,same_club
888,Xherdan Shaqiri,EPL,2016-17,Stoke,F M,21,1721,4,4,2,48,41,2.623,2.623,4.275,8.981,5.188,2,0,86792,Xherdan Shaqiri,1991-10-10,24.9,169.0,left,Midfield,Attacking Midfield,Switzerland,Jugoslawien (SFR),21,1709,4,2,512,Stoke City,1781,15000000.0,15000000.0,0.998,1.0,0.993,same_club
1383,Manolo Gabbiadini,EPL,2016-17,Southampton,F S,11,737,4,4,0,29,6,3.822,3.061,0.34,2.857,0.247,1,0,112343,Manolo Gabbiadini,1991-11-26,24.77,186.0,left,Attack,Centre-Forward,Italy,Italy,11,730,4,0,180,Southampton FC,1505,17000000.0,15000000.0,0.997,1.0,0.991,same_club
1383,Manolo Gabbiadini,EPL,2016-17,Southampton,F S,11,737,4,4,0,29,6,3.822,3.061,0.34,2.857,0.247,1,0,112343,Manolo Gabbiadini,1991-11-26,24.77,186.0,left,Attack,Centre-Forward,Italy,Italy,11,730,4,0,180,Southampton FC,1505,17000000.0,15000000.0,0.998,1.0,0.994,same_club
1698,Abel Hernández,EPL,2016-17,Hull,F S,24,1439,4,4,3,39,13,4.707,4.707,1.044,7.333,2.236,0,0,76608,Abel Hernández,1990-08-08,26.07,185.0,left,Attack,Centre-Forward,Uruguay,Uruguay,24,1428,4,3,3008,Hull City,1544,8000000.0,8000000.0,0.998,1.0,0.992,same_club
1709,Cristhian Stuani,EPL,2016-17,Middlesbrough,F M S,23,1369,4,4,0,21,7,2.807,2.807,0.528,3.413,0.597,4,0,59323,Cristhian Stuani,1986-10-12,29.89,184.0,right,Attack,Centre-Forward,Uruguay,Uruguay,23,1362,4,0,641,Middlesbrough FC,1580,4000000.0,3500000.0,0.998,1.0,0.995,same_club
1710,Marten de Roon,EPL,2016-17,Middlesbrough,M S,33,2779,4,4,0,29,11,2.814,2.814,0.711,6.816,5.117,8,0,133179,Marten de Roon,1991-03-29,25.43,186.0,right,Midfield,Defensive Midfield,Netherlands,Netherlands,33,2777,4,0,641,Middlesbrough FC,2957,10000000.0,10000000.0,1.0,1.0,0.999,same_club
1727,Alfie Mawson,EPL,2016-17,Swansea,D,27,2430,4,4,0,23,4,2.047,2.047,0.392,1.699,1.668,1,0,287431,Alfie Mawson,1994-01-19,22.62,189.0,right,Defender,Centre-Back,England,England,27,2430,4,0,2288,Swansea City,2430,1000000.0,6000000.0,1.0,1.0,1.0,same_club
1732,Nolito,EPL,2016-17,Manchester City,F M S,19,786,4,4,2,32,13,3.989,3.989,1.406,8.056,3.641,3,1,70934,Nolito,1986-10-15,29.88,175.0,right,Attack,Left Winger,Spain,Spain,19,778,4,2,281,Manchester City,1280,18000000.0,12000000.0,0.997,1.0,0.99,same_club
1737,Matt Phillips,EPL,2016-17,West Bromwich Albion,F M S,27,2208,4,4,8,47,33,2.854,2.854,4.393,6.104,1.342,2,0,77274,Matt Phillips,1991-03-13,25.47,183.0,right,Attack,Right Winger,Scotland,England,27,2195,4,8,984,West Bromwich Albion,2285,6000000.0,9000000.0,0.998,1.0,0.994,same_club
1763,Stefano Okaka,EPL,2016-17,Watford,F S,19,941,4,4,0,27,14,2.621,2.621,1.358,3.958,0.974,5,0,35249,Stefano Okaka,1989-08-09,27.06,186.0,right,Attack,Centre-Forward,Italy,Italy,19,955,4,0,1010,Watford FC,1045,6500000.0,6000000.0,0.996,1.0,0.985,same_club
314,Ilkay Gündogan,EPL,2016-17,Manchester City,M S,10,717,3,3,1,16,12,1.921,1.921,0.976,6.541,4.148,0,0,53622,İlkay Gündoğan,1990-10-24,25.86,180.0,right,Midfield,Central Midfield,Germany,Germany,10,710,3,1,281,Manchester City,1230,30000000.0,30000000.0,0.997,1.0,0.99,same_club
483,Daniel Sturridge,EPL,2016-17,Liverpool,F S,20,757,3,3,1,40,14,4.347,4.347,1.636,7.815,3.21,1,0,47082,Daniel Sturridge,1989-09-01,27.0,182.0,left,Attack,Centre-Forward,England,England,20,769,3,2,31,Liverpool FC,897,25000000.0,20000000.0,0.995,1.0,0.984,same_club
500,Alex Iwobi,EPL,2016-17,Arsenal,M S,26,1471,3,3,3,39,26,3.227,3.227,2.215,9.353,5.632,1,0,242631,Alex Iwobi,1996-05-03,20.33,183.0,right,Attack,Left Winger,Nigeria,Nigeria,26,1462,3,3,11,Arsenal FC,2055,4000000.0,10000000.0,0.998,1.0,0.994,same_club
512,Scott Dann,EPL,2016-17,Crystal Palace,D S,23,1746,3,3,1,21,6,1.393,1.393,0.916,2.083,2.051,2,0,62688,Scott Dann,1987-02-14,29.55,194.0,right,Defender,Centre-Back,England,England,23,1744,3,1,873,Crystal Palace,1744,5000000.0,5000000.0,1.0,1.0,0.999,same_club
530,James Tomkins,EPL,2016-17,Crystal Palace,D S,24,1984,3,3,0,14,2,4.003,4.003,0.101,2.613,2.555,4,0,61592,James Tomkins,1989-03-29,27.43,192.0,right,Defender,Centre-Back,England,England,24,1976,3,0,873,Crystal Palace,2094,7000000.0,7000000.0,0.999,1.0,0.996,same_club
533,Mark Noble,EPL,2016-17,West Ham,M S,30,2422,3,2,0,25,24,3.652,2.13,1.43,7.117,5.723,10,0,31835,Mark Noble,1987-05-08,29.32,180.0,right,Midfield,Central Midfield,England,England,30,2398,3,0,379,West Ham United,2700,7000000.0,7000000.0,0.997,1.0,0.99,same_club
539,Enner Valencia,EPL,2016-17,"Everton,West Ham",F M S,24,907,3,3,1,31,7,4.101,4.101,0.873,5.447,1.148,1,0,139503,Enner Valencia,1989-11-04,26.83,177.0,right,Attack,Centre-Forward,Ecuador,Ecuador,24,921,3,2,"29,379","Everton FC,West Ham United",1270,10000000.0,10000000.0,0.995,1.0,0.985,same_club
541,Victor Moses,EPL,2016-17,Chelsea,M S,34,2519,3,3,2,45,28,4.046,4.046,2.633,9.635,5.143,4,0,59866,Victor Moses,1990-12-12,25.72,177.0,right,Midfield,Right Midfield,Nigeria,Nigeria,34,2498,3,3,631,Chelsea FC,2835,7000000.0,18000000.0,0.997,1.0,0.992,same_club
579,Nathan Aké,EPL,2016-17,"Bournemouth,Chelsea",D S,12,826,3,3,1,7,4,2.19,2.19,1.006,4.438,2.881,1,0,177476,Nathan Aké,1995-02-18,21.54,180.0,left,Defender,Centre-Back,Netherlands,Netherlands,12,831,3,1,"631,989","Chelsea FC,AFC Bournemouth",1101,5000000.0,8000000.0,0.998,1.0,0.994,same_club
587,Phil Jagielka,EPL,2016-17,Everton,D S,27,2252,3,3,2,14,5,1.269,1.269,0.703,5.039,4.974,4,1,13520,Phil Jagielka,1982-08-17,34.04,180.0,right,Defender,Centre-Back,England,England,27,2251,3,1,29,Everton FC,2251,3500000.0,2000000.0,1.0,1.0,1.0,same_club
612,Vincent Kompany,EPL,2016-17,Manchester City,D S,11,826,3,3,0,9,2,0.69,0.69,0.575,2.478,2.434,5,0,9594,Vincent Kompany,1986-04-10,30.4,190.0,right,Defender,Centre-Back,Belgium,Belgium,11,823,3,0,281,Manchester City,1033,30000000.0,22000000.0,0.999,1.0,0.996,same_club
719,Wayne Routledge,EPL,2016-17,Swansea,F M S,27,1957,3,3,1,19,25,3.783,3.783,2.055,6.516,1.785,1,0,14066,Wayne Routledge,1985-01-07,31.65,170.0,right,Attack,Left Winger,England,England,27,1928,3,1,2288,Swansea City,1955,3000000.0,2500000.0,0.996,1.0,0.985,same_club
754,Shinji Okazaki,EPL,2016-17,Leicester,F M S,30,1594,3,3,1,29,14,2.965,2.965,1.24,5.196,2.084,1,0,79642,Shinji Okazaki,,,175.0,right,Attack,Centre-Forward,Japan,Japan,30,1572,3,1,1003,Leicester City,2107,10000000.0,7000000.0,0.996,1.0,0.986,same_club
775,Andros Townsend,EPL,2016-17,Crystal Palace,F M S,36,2542,3,3,4,56,51,3.332,3.332,5.834,9.207,2.9,4,0,61842,Andros Townsend,1991-07-16,25.13,181.0,left,Attack,Right Winger,England,England,36,2527,3,6,873,Crystal Palace,2731,11000000.0,12000000.0,0.998,1.0,0.994,same_club
818,Victor Anichebe,EPL,2016-17,Sunderland,F M S,18,1212,3,3,0,30,11,2.427,2.427,0.715,3.632,0.885,2,0,39532,Victor Anichebe,1988-04-23,28.36,190.0,right,Attack,Centre-Forward,Nigeria,Nigeria,18,1216,3,1,289,Sunderland AFC,1216,2000000.0,1500000.0,0.999,1.0,0.997,same_club
839,Shane Long,EPL,2016-17,Southampton,F S,32,1231,3,3,1,41,14,5.245,4.484,1.569,7.211,1.565,2,0,37304,Shane Long,1987-01-22,29.61,180.0,both,Attack,Centre-Forward,Ireland,Ireland,32,1249,3,2,180,Southampton FC,1836,10000000.0,9000000.0,0.996,1.0,0.986,same_club
840,Dusan Tadic,EPL,2016-17,Southampton,F M S,33,2457,3,2,5,63,66,6.76,5.238,5.703,13.268,6.237,4,0,36139,Dušan Tadić,1988-11-20,27.78,181.0,left,Attack,Right Winger,Serbia,Jugoslawien (SFR),33,2426,3,6,180,Southampton FC,2848,17000000.0,17000000.0,0.996,1.0,0.987,same_club
871,Bojan,EPL,2016-17,Stoke,F M S,9,474,3,1,0,10,4,2.817,0.533,0.155,1.277,0.653,1,0,44675,Bojan Krkic,1990-08-28,26.01,173.0,right,Attack,Second Striker,Spain,Spain,9,475,3,0,512,Stoke City,1150,10000000.0,5000000.0,0.969,0.95,0.998,same_club
871,Bojan,EPL,2016-17,Stoke,F M S,9,474,3,1,0,10,4,2.817,0.533,0.155,1.277,0.653,1,0,44675,Bojan Krkic,1990-08-28,26.01,173.0,right,Attack,Second Striker,Spain,Spain,9,475,3,0,512,Stoke City,1150,10000000.0,5000000.0,0.97,0.95,0.998,same_club
904,Chris Brunt,EPL,2016-17,West Bromwich Albion,D M S,31,2478,3,3,4,38,40,1.591,1.591,4.867,6.07,3.576,5,0,36814,Chris Brunt,1984-12-14,31.72,187.0,left,Midfield,Central Midfield,Northern Ireland,Northern Ireland,31,2478,3,4,984,West Bromwich Albion,2478,4000000.0,4000000.0,1.0,1.0,1.0,same_club
1674,Sofiane Feghouli,EPL,2016-17,West Ham,F M S,21,1034,3,3,3,20,19,2.854,2.854,1.552,6.191,2.454,1,1,57162,Sofiane Feghouli,1989-12-26,26.68,177.0,right,Midfield,Defensive Midfield,Algeria,France,21,1040,3,3,379,West Ham United,1307,14000000.0,12000000.0,0.998,1.0,0.994,same_club
1683,Ryan Fraser,EPL,2016-17,Bournemouth,D M S,28,1774,3,3,5,24,32,2.112,2.112,3.622,6.437,2.631,3,0,146795,Ryan Fraser,1994-02-24,22.52,163.0,right,Attack,Left Winger,Scotland,Scotland,28,1767,3,8,989,AFC Bournemouth,1767,500000.0,5000000.0,0.999,1.0,0.996,same_club
1690,Sam Clucas,EPL,2016-17,Hull,D M S,37,3195,3,3,1,42,15,2.779,2.779,1.541,7.732,4.406,9,1,122223,Sam Clucas,1990-09-25,25.94,178.0,left,Midfield,Central Midfield,England,England,37,3190,3,1,3008,Hull City,3370,1500000.0,2500000.0,1.0,1.0,0.998,same_club
1738,Hal Robson-Kanu,EPL,2016-17,West Bromwich Albion,F S,29,654,3,3,2,16,9,1.939,1.939,0.802,2.593,0.511,3,0,65976,Hal Robson-Kanu,1989-05-21,27.28,183.0,left,Attack,Centre-Forward,Wales,England,29,681,3,1,984,West Bromwich Albion,703,2000000.0,2500000.0,0.988,1.0,0.96,same_club
1744,Michael Dawson,EPL,2016-17,Hull,D S,22,1718,3,3,0,12,4,0.688,0.688,0.242,1.765,1.688,4,0,9988,Michael Dawson,1983-11-18,32.79,189.0,right,Defender,Centre-Back,England,England,22,1721,3,0,3008,Hull City,1791,3500000.0,2500000.0,0.999,1.0,0.998,same_club
204,Granit Xhaka,EPL,2016-17,Arsenal,M S,32,2492,2,2,2,34,35,0.905,0.905,2.115,13.469,12.1,5,2,111455,Granit Xhaka,1992-09-27,23.93,183.0,left,Midfield,Defensive Midfield,Switzerland,Switzerland,32,2486,2,2,11,Arsenal FC,3416,35000000.0,35000000.0,0.999,1.0,0.998,same_club
458,Steve Cook,EPL,2016-17,Bournemouth,D,38,3420,2,2,0,29,3,1.655,1.655,0.484,6.486,6.174,5,0,90836,Steve Cook,1991-04-19,25.37,185.0,right,Defender,Centre-Back,England,England,38,3420,2,1,989,AFC Bournemouth,3420,5000000.0,5000000.0,1.0,1.0,1.0,same_club
462,Dan Gosling,EPL,2016-17,Bournemouth,M S,27,1336,2,2,0,16,10,1.457,1.457,0.777,5.839,4.333,6,0,44983,Dan Gosling,1990-02-01,26.58,180.0,right,Midfield,Central Midfield,England,England,27,1357,2,0,989,AFC Bournemouth,1391,3000000.0,3000000.0,0.995,1.0,0.985,same_club
466,Marc Pugh,EPL,2016-17,Bournemouth,D M S,21,1345,2,2,2,18,19,1.602,1.602,1.879,4.169,2.352,1,0,36939,Marc Pugh,1987-04-02,29.42,180.0,right,Attack,Left Winger,England,England,21,1332,2,3,989,AFC Bournemouth,1422,2000000.0,2000000.0,0.997,1.0,0.99,same_club
494,Laurent Koscielny,EPL,2016-17,Arsenal,D,33,2828,2,2,0,9,3,1.33,1.33,0.198,7.75,7.706,4,1,76277,Laurent Koscielny,1985-09-10,30.98,186.0,right,Defender,Centre-Back,France,France,33,2823,2,1,11,Arsenal FC,3675,22000000.0,22000000.0,0.999,1.0,0.998,same_club
501,Danny Welbeck,EPL,2016-17,Arsenal,F M S,16,743,2,2,2,19,5,3.465,3.465,1.159,4.501,0.683,0,0,67063,Danny Welbeck,1990-11-26,25.77,185.0,right,Attack,Centre-Forward,England,England,16,747,2,2,11,Arsenal FC,934,17000000.0,15000000.0,0.998,1.0,0.995,same_club
508,Calum Chambers,EPL,2016-17,"Arsenal,Middlesbrough",D,25,2250,2,2,1,8,6,0.84,0.84,0.608,3.607,3.128,4,0,215118,Calum Chambers,1995-01-20,21.62,182.0,right,Defender,Centre-Back,England,England,25,2250,2,1,"11,641","Arsenal FC,Middlesbrough FC",2430,12000000.0,14000000.0,1.0,1.0,1.0,same_club
519,Connor Wickham,EPL,2016-17,Crystal Palace,F M S,8,406,2,2,0,10,0,1.09,1.09,0.0,1.275,0.348,1,0,95435,Connor Wickham,1993-03-31,23.42,189.0,right,Attack,Centre-Forward,England,England,8,411,2,0,873,Crystal Palace,411,6000000.0,6000000.0,0.996,1.0,0.988,same_club
529,Winston Reid,EPL,2016-17,West Ham,D,30,2595,2,2,2,11,8,0.813,0.813,0.939,3.415,3.277,8,1,37526,Winston Reid,1988-07-03,28.16,191.0,right,Defender,Centre-Back,New Zealand,New Zealand,30,2590,2,3,379,West Ham United,2950,10000000.0,10000000.0,0.999,1.0,0.998,same_club
536,Dimitri Payet,EPL,2016-17,West Ham,F M S,18,1520,2,2,6,55,74,3.223,3.223,5.917,6.662,2.993,2,0,37647,Dimitri Payet,1987-03-29,29.43,175.0,right,Midfield,Attacking Midfield,France,Réunion,18,1515,2,7,379,West Ham United,2796,30000000.0,26000000.0,0.999,1.0,0.997,same_club
536,Dimitri Payet,EPL,2016-17,West Ham,F M S,18,1520,2,2,6,55,74,3.223,3.223,5.917,6.662,2.993,2,0,37647,Dimitri Payet,1987-03-29,29.43,175.0,right,Midfield,Attacking Midfield,France,Réunion,18,1515,2,7,379,West Ham United,2796,30000000.0,26000000.0,0.999,1.0,0.996,same_club
568,José Holebas,EPL,2016-17,Watford,D M,33,2917,2,2,4,28,36,0.924,0.924,2.918,5.529,4.063,14,0,41112,Jose Cholevas,1984-06-27,32.18,184.0,left,Defender,Left-Back,Greece,Germany,33,2910,2,4,1010,Watford FC,2910,2000000.0,2000000.0,0.927,0.88,0.998,same_club
588,Leighton Baines,EPL,2016-17,Everton,D M,32,2827,2,0,3,15,46,2.751,0.467,2.685,12.141,10.554,4,0,13507,Leighton Baines,1984-12-11,31.72,170.0,left,Defender,Left-Back,England,England,32,2821,2,4,29,Everton FC,2911,13000000.0,12000000.0,0.999,1.0,0.998,same_club
590,Gareth Barry,EPL,2016-17,Everton,M S,33,2109,2,2,1,17,28,0.862,0.862,1.347,7.231,6.294,10,0,3291,Gareth Barry,1981-02-23,35.52,184.0,left,Midfield,Defensive Midfield,England,England,33,2113,2,1,29,Everton FC,2203,2000000.0,1500000.0,0.999,1.0,0.998,same_club
602,Dejan Lovren,EPL,2016-17,Liverpool,D,29,2559,2,2,1,15,7,1.137,1.137,0.444,7.754,7.697,6,0,37838,Dejan Lovren,1989-07-05,27.16,188.0,right,Defender,Centre-Back,Croatia,Jugoslawien (SFR),29,2554,2,1,31,Liverpool FC,2554,15000000.0,17000000.0,0.999,1.0,0.998,same_club
614,Fernandinho,EPL,2016-17,Manchester City,D M S,32,2752,2,2,1,36,33,3.294,3.294,2.466,16.815,13.909,4,2,26267,Fernandinho,1985-05-04,31.33,179.0,right,Midfield,Defensive Midfield,Brazil,Brazil,32,2755,2,1,281,Manchester City,3683,28000000.0,18000000.0,1.0,1.0,0.999,same_club
622,Wilfried Bony,EPL,2016-17,Stoke,F S,10,702,2,2,0,21,7,2.463,2.463,0.836,3.35,0.92,1,0,81808,Wilfried Bony,1988-12-10,27.73,183.0,right,Attack,Centre-Forward,Cote d'Ivoire,Cote d'Ivoire,10,690,2,0,512,Stoke City,690,22000000.0,18000000.0,0.995,1.0,0.983,same_club
641,Danny Rose,EPL,2016-17,Tottenham,D M,18,1538,2,2,2,23,26,0.899,0.899,1.346,4.799,3.439,8,0,50174,Danny Rose,1990-07-02,26.17,173.0,left,Defender,Left-Back,England,England,18,1533,2,3,148,Tottenham Hotspur,1803,14000000.0,28000000.0,0.999,1.0,0.997,same_club
643,Eric Dier,EPL,2016-17,Tottenham,D M S,36,3045,2,2,0,23,14,1.587,1.587,0.749,10.803,10.072,6,0,175722,Eric Dier,1994-01-15,22.63,191.0,right,Defender,Centre-Back,England,England,36,3044,2,0,148,Tottenham Hotspur,4024,18000000.0,25000000.0,1.0,1.0,1.0,same_club
655,James Collins,EPL,2016-17,West Ham,D S,22,1649,2,2,0,11,4,1.056,1.056,0.196,1.334,1.154,3,0,12691,James Collins,1983-08-23,33.03,188.0,right,Defender,Centre-Back,Wales,Wales,22,1654,2,0,379,West Ham United,1683,2000000.0,2000000.0,0.999,1.0,0.997,same_club
736,Younes Kaboul,EPL,2016-17,"Sunderland,Watford",D,23,1919,2,2,0,12,2,1.417,1.417,0.068,0.762,0.65,2,0,27114,Younès Kaboul,1986-01-04,30.66,192.0,right,Defender,Centre-Back,France,France,23,1915,2,0,"289,1010","Sunderland AFC,Watford FC",2065,2500000.0,2500000.0,0.999,1.0,0.998,same_club
737,Fabio Borini,EPL,2016-17,Sunderland,F M S,24,1739,2,2,0,33,15,2.045,2.045,0.592,3.136,1.012,5,0,96754,Fabio Borini,1991-03-29,25.43,180.0,right,Attack,Left Winger,Italy,Italy,24,1741,2,0,289,Sunderland AFC,1911,6000000.0,5000000.0,1.0,1.0,0.999,same_club
747,Robert Huth,EPL,2016-17,Leicester,D,33,2932,2,2,2,26,6,2.03,2.03,1.555,3.803,2.953,9,0,2998,Robert Huth,1984-08-18,32.04,,,Defender,Centre-Back,Germany,East Germany (GDR),33,2929,2,2,1003,Leicester City,3918,6000000.0,5000000.0,1.0,1.0,0.999,same_club
749,Christian Fuchs,EPL,2016-17,Leicester,D S,36,3108,2,2,4,21,38,1.351,1.351,3.467,6.172,4.742,10,0,6636,Christian Fuchs,1986-04-07,30.4,187.0,left,Defender,Left-Back,Austria,Austria,36,3103,2,4,1003,Leicester City,4051,6000000.0,6000000.0,1.0,1.0,0.998,same_club
753,Marc Albrighton,EPL,2016-17,Leicester,D M S,33,2449,2,2,6,21,47,1.283,1.283,4.638,6.397,2.811,5,0,61560,Marc Albrighton,1989-11-18,26.79,175.0,right,Midfield,Right Midfield,,,33,2424,2,6,1003,Leicester City,3524,6000000.0,6000000.0,0.997,1.0,0.99,same_club
764,Daryl Janmaat,EPL,2016-17,Watford,D M S,27,1620,2,2,1,26,13,1.47,1.47,1.548,3.838,2.39,2,0,60744,Daryl Janmaat,1989-07-22,27.11,185.0,right,Defender,Centre-Back,Netherlands,Netherlands,27,1616,2,1,1010,Watford FC,1637,7500000.0,7000000.0,0.999,1.0,0.998,same_club
798,Martin Olsson,EPL,2016-17,Swansea,D S,15,1252,2,2,0,9,7,0.702,0.702,0.396,3.122,2.286,2,0,38073,Martin Olsson,1988-05-17,28.29,178.0,left,Defender,Left-Back,Sweden,Sweden,15,1253,2,0,2288,Swansea City,1343,3500000.0,5000000.0,1.0,1.0,0.999,same_club
807,Jonny Evans,EPL,2016-17,West Bromwich Albion,D M S,31,2635,2,2,1,9,7,1.806,1.806,0.333,3.056,3.042,8,0,42412,Jonny Evans,1988-01-03,28.66,188.0,both,Defender,Centre-Back,Northern Ireland,Northern Ireland,31,2638,2,1,984,West Bromwich Albion,2638,6000000.0,7000000.0,1.0,1.0,0.999,same_club
809,Darren Fletcher,EPL,2016-17,West Bromwich Albion,M S,38,3242,2,2,3,20,23,1.875,1.875,1.745,6.902,4.337,0,0,3547,Darren Fletcher,1984-02-01,32.58,184.0,right,Midfield,Central Midfield,Scotland,Scotland,38,3235,2,3,984,West Bromwich Albion,3325,2000000.0,2000000.0,0.999,1.0,0.998,same_club
835,Ryan Bertrand,EPL,2016-17,Southampton,D,28,2509,2,2,4,19,28,0.666,0.666,2.694,8.266,6.509,3,0,40611,Ryan Bertrand,1989-08-05,27.07,179.0,left,Defender,Left-Back,England,England,28,2508,2,5,180,Southampton FC,2688,14000000.0,20000000.0,1.0,1.0,1.0,same_club
952,Gastón Ramírez,EPL,2016-17,Middlesbrough,F M S,24,1561,2,2,3,32,31,3.114,3.114,3.007,7.361,3.585,8,1,123742,Gastón Ramírez,1990-12-02,25.75,183.0,left,Midfield,Attacking Midfield,Uruguay,Uruguay,24,1549,2,3,641,Middlesbrough FC,1591,5000000.0,6000000.0,0.998,1.0,0.992,same_club
965,Santiago Cazorla,EPL,2016-17,Arsenal,M S,8,621,2,0,2,8,10,1.669,0.147,0.803,3.282,2.771,2,0,15799,Santi Cazorla,1984-12-13,31.72,168.0,both,Midfield,Central Midfield,Spain,Spain,8,619,2,2,11,Arsenal FC,856,20000000.0,12000000.0,0.969,0.95,0.997,same_club
966,Alex Oxlade-Chamberlain,EPL,2016-17,Arsenal,M S,29,1564,2,2,7,28,32,2.44,2.44,4.47,10.298,5.44,1,0,143424,Alex Oxlade-Chamberlain,1993-08-15,23.05,180.0,right,Midfield,Central Midfield,England,England,29,1562,2,7,11,Arsenal FC,2371,20000000.0,22000000.0,1.0,1.0,0.999,same_club
1042,Tom Davies,EPL,2016-17,Everton,M S,24,1540,2,2,3,14,13,1.399,1.399,1.967,6.801,3.664,4,0,314210,Tom Davies,1998-06-30,18.17,180.0,right,Midfield,Central Midfield,England,England,24,1543,2,3,29,Everton FC,1633,,8000000.0,0.999,1.0,0.998,same_club
1126,M&#039;Baye Niang,EPL,2016-17,Watford,F M S,16,1278,2,2,2,32,9,1.274,1.274,1.852,3.64,1.714,2,0,157501,M'Baye Niang,1994-12-19,21.7,188.0,right,Attack,Centre-Forward,Senegal,France,16,1254,2,2,1010,Watford FC,2378,12000000.0,15000000.0,0.964,0.95,0.981,same_club
1126,M&#039;Baye Niang,EPL,2016-17,Watford,F M S,16,1278,2,2,2,32,9,1.274,1.274,1.852,3.64,1.714,2,0,157501,M'Baye Niang,1994-12-19,21.7,188.0,right,Attack,Centre-Forward,Senegal,France,16,1254,2,2,1010,Watford FC,2378,12000000.0,15000000.0,0.969,0.95,0.997,same_club
1522,Andrea Ranocchia,EPL,2016-17,Hull,D S,16,1330,2,2,2,8,3,0.823,0.823,0.587,2.503,1.837,2,0,44327,Andrea Ranocchia,1988-02-16,28.54,195.0,right,Defender,Centre-Back,Italy,Italy,16,1329,2,2,3008,Hull City,2056,6000000.0,5000000.0,1.0,1.0,0.999,same_club
1522,Andrea Ranocchia,EPL,2016-17,Hull,D S,16,1330,2,2,2,8,3,0.823,0.823,0.587,2.503,1.837,2,0,44327,Andrea Ranocchia,1988-02-16,28.54,195.0,right,Defender,Centre-Back,Italy,Italy,16,1329,2,2,3008,Hull City,2056,6000000.0,5000000.0,0.998,1.0,0.995,same_club
1653,Michael Keane,EPL,2016-17,Burnley,D,35,3150,2,2,1,23,8,1.458,1.458,0.995,1.362,1.161,4,0,118534,Michael Keane,1993-01-11,23.64,188.0,right,Defender,Centre-Back,England,England,35,3150,2,1,1132,Burnley FC,3510,8000000.0,18000000.0,1.0,1.0,1.0,same_club
1656,George Boyd,EPL,2016-17,Burnley,M S,36,2866,2,2,1,34,17,1.477,1.477,2.145,4.606,1.893,3,0,45623,George Boyd,1985-10-02,30.92,186.0,left,Attack,Left Winger,Scotland,England,36,2845,2,1,1132,Burnley FC,3005,4000000.0,4000000.0,0.998,1.0,0.993,same_club
1681,Ahmed Musa,EPL,2016-17,Leicester,F M S,21,733,2,2,0,17,7,1.406,1.406,1.215,3.769,1.518,1,0,168337,Ahmed Musa,1992-10-14,23.88,171.0,right,Attack,Left Winger,Nigeria,Nigeria,21,753,2,0,1003,Leicester City,1263,18000000.0,17000000.0,0.992,1.0,0.973,same_club
1687,Harry Maguire,EPL,2016-17,Hull,D S,29,2311,2,2,2,34,11,1.973,1.973,0.842,5.049,4.071,5,0,177907,Harry Maguire,1993-03-05,23.49,194.0,right,Defender,Centre-Back,England,England,29,2307,2,2,3008,Hull City,2387,2500000.0,8000000.0,0.999,1.0,0.998,same_club
1694,Adama Diomande,EPL,2016-17,Hull,D F M S,22,1149,2,2,0,23,13,2.538,2.538,0.663,3.56,0.947,1,0,93145,Adama Diomande,1990-02-14,26.55,183.0,right,Attack,Centre-Forward,Norway,Norway,22,1169,2,0,3008,Hull City,1348,1500000.0,1500000.0,0.995,1.0,0.983,same_club
1699,Shkodran Mustafi,EPL,2016-17,Arsenal,D,26,2274,2,2,2,24,9,1.101,1.101,0.972,8.296,8.044,11,0,88590,Shkodran Mustafi,1992-04-17,24.38,184.0,right,Defender,Centre-Back,Germany,Germany,26,2275,2,2,11,Arsenal FC,3310,20000000.0,30000000.0,1.0,1.0,1.0,same_club
1699,Shkodran Mustafi,EPL,2016-17,Arsenal,D,26,2274,2,2,2,24,9,1.101,1.101,0.972,8.296,8.044,11,0,88590,Shkodran Mustafi,1992-04-17,24.38,184.0,right,Defender,Centre-Back,Germany,Germany,26,2275,2,2,11,Arsenal FC,3310,20000000.0,30000000.0,0.993,1.0,0.978,same_club
1723,Roberto Pereyra,EPL,2016-17,Watford,F M S,13,1044,2,2,2,9,15,1.378,1.378,1.7,4.252,2.073,2,1,112302,Roberto Pereyra,1991-01-07,25.65,182.0,both,Midfield,Central Midfield,Argentina,Argentina,13,1040,2,3,1010,Watford FC,1040,16000000.0,15000000.0,0.999,1.0,0.996,same_club
1725,Christian Kabasele,EPL,2016-17,Watford,D M S,16,767,2,2,0,7,3,1.666,1.666,0.101,0.331,0.2,1,0,81512,Christian Kabasele,1991-02-24,25.52,187.0,right,Defender,Centre-Back,Belgium,Zaire,16,767,2,0,1010,Watford FC,857,6000000.0,5500000.0,1.0,1.0,1.0,same_club
1730,Vincent Janssen,EPL,2016-17,Tottenham,F S,27,815,2,1,2,30,16,4.417,3.656,1.254,3.793,0.896,0,0,207015,Vincent Janssen,1994-06-15,22.21,185.0,left,Attack,Centre-Forward,Netherlands,Netherlands,27,832,2,2,148,Tottenham Hotspur,1190,14000000.0,13000000.0,0.994,1.0,0.98,same_club
1746,Jeff Hendrick,EPL,2016-17,Burnley,M S,32,2698,2,2,1,31,13,1.313,1.313,0.654,2.778,1.842,6,1,148262,Jeff Hendrick,1992-01-31,24.59,185.0,right,Midfield,Central Midfield,Ireland,Ireland,32,2695,2,1,1132,Burnley FC,2823,5000000.0,6000000.0,1.0,1.0,0.999,same_club
4406,Lazar Markovic,EPL,2016-17,Hull,M,12,1024,2,2,0,12,8,2.221,2.221,0.446,3.597,1.063,4,0,144303,Lazar Markovic,1994-03-02,22.5,175.0,right,Attack,Right Winger,Serbia,Yugoslavia (Republic),12,1012,2,0,3008,Hull City,1620,14000000.0,10000000.0,0.996,1.0,0.988,same_club
5545,Wilfred Ndidi,EPL,2016-17,Leicester,M,17,1523,2,2,1,31,6,1.846,1.846,0.98,2.946,1.897,0,0,274839,Wilfred Ndidi,1996-12-16,19.71,183.0,right,Midfield,Defensive Midfield,Nigeria,Nigeria,17,1522,2,1,1003,Leicester City,4821,6000000.0,14000000.0,1.0,1.0,0.999,same_club
5549,Luka Milivojevic,EPL,2016-17,Crystal Palace,M,14,1230,2,0,0,14,5,1.987,0.465,0.643,2.552,1.911,4,0,74300,Luka Milivojevic,1991-04-07,25.4,186.0,right,Midfield,Defensive Midfield,Serbia,Jugoslawien (SFR),14,1227,2,0,873,Crystal Palace,3505,7000000.0,10000000.0,0.999,1.0,0.998,same_club
332,Joel Matip,EPL,2016-17,Liverpool,D S,29,2453,1,1,0,25,10,3.102,3.102,0.512,7.159,6.879,3,0,82105,Joel Matip,1991-08-08,25.07,195.0,right,Defender,Centre-Back,Cameroon,Germany,29,2456,1,0,31,Liverpool FC,2456,18000000.0,25000000.0,1.0,1.0,0.999,same_club
492,Héctor Bellerín,EPL,2016-17,Arsenal,D M S,33,2496,1,1,4,22,28,2.273,2.273,3.571,12.359,7.49,4,0,191217,Héctor Bellerín,1995-03-19,21.46,178.0,right,Defender,Right-Back,Spain,Spain,33,2499,1,4,11,Arsenal FC,3234,18000000.0,30000000.0,1.0,1.0,0.999,same_club
504,Aaron Ramsey,EPL,2016-17,Arsenal,M S,23,1212,1,1,4,42,23,3.506,3.506,4.432,11.132,5.294,3,0,50057,Aaron Ramsey,1990-12-26,25.68,178.0,right,Midfield,Central Midfield,Wales,Wales,23,1229,1,5,11,Arsenal FC,1926,35000000.0,35000000.0,0.996,1.0,0.986,same_club
517,Joe Ledley,EPL,2016-17,Crystal Palace,M S,18,1169,1,1,0,3,6,0.133,0.133,0.148,1.958,1.718,1,0,34409,Joe Ledley,1987-01-23,29.61,183.0,left,Midfield,Central Midfield,Wales,Wales,18,1161,1,0,873,Crystal Palace,1380,4000000.0,3500000.0,0.998,1.0,0.993,same_club
518,Yannick Bolasie,EPL,2016-17,"Crystal Palace,Everton",F M S,14,1056,1,1,4,27,20,1.22,1.22,4.774,6.78,1.357,3,0,75471,Yannick Bolasie,1989-05-24,27.27,185.0,right,Attack,Centre-Forward,DR Congo,France,14,1052,1,4,"29,873","Everton FC,Crystal Palace",1052,14000000.0,20000000.0,0.999,1.0,0.996,same_club
532,Cheikhou Kouyaté,EPL,2016-17,West Ham,D M,31,2738,1,1,0,21,9,1.053,1.053,0.316,4.682,3.997,3,0,66934,Cheikhou Kouyaté,1989-12-21,26.7,189.0,right,Midfield,Defensive Midfield,Senegal,Senegal,31,2728,1,0,379,West Ham United,2987,12000000.0,12000000.0,0.999,1.0,0.996,same_club
542,Pedro Obiang,EPL,2016-17,West Ham,M S,22,1778,1,1,1,9,6,0.384,0.384,0.473,5.1,4.389,7,0,101213,Pedro Obiang,1992-03-27,24.43,186.0,right,Midfield,Central Midfield,Equatorial Guinea,Spain,22,1766,1,1,379,West Ham United,2137,8000000.0,9000000.0,0.998,1.0,0.993,same_club
548,Daley Blind,EPL,2016-17,Manchester United,D S,23,1827,1,1,2,9,27,0.433,0.433,2.053,7.497,6.478,2,0,12282,Daley Blind,1990-03-09,26.48,180.0,left,Defender,Centre-Back,Netherlands,Netherlands,23,1829,1,2,985,Manchester United,2980,22000000.0,22000000.0,1.0,1.0,0.999,same_club
550,Marcos Rojo,EPL,2016-17,Manchester United,D S,21,1658,1,1,0,14,5,1.027,1.027,0.274,4.781,4.356,5,0,93176,Marcos Rojo,1990-03-20,26.45,186.0,left,Defender,Centre-Back,Argentina,Argentina,21,1660,1,0,985,Manchester United,2694,19000000.0,18000000.0,1.0,1.0,0.999,same_club
551,Morgan Schneiderlin,EPL,2016-17,"Everton,Manchester United",M S,17,1067,1,1,0,8,6,0.705,0.705,0.129,5.678,5.116,2,0,56818,Morgan Schneiderlin,1989-11-08,26.81,186.0,right,Midfield,Defensive Midfield,France,France,17,1070,1,0,"29,985","Everton FC,Manchester United",1207,28000000.0,22000000.0,0.999,1.0,0.997,same_club
552,Ander Herrera,EPL,2016-17,Manchester United,M S,31,2466,1,1,6,38,36,1.434,1.434,3.995,14.327,10.754,5,1,99343,Ander Herrera,1989-08-14,27.05,182.0,right,Midfield,Central Midfield,Spain,Spain,31,2467,1,6,985,Manchester United,3451,28000000.0,30000000.0,1.0,1.0,1.0,same_club
558,Jesse Lingard,EPL,2016-17,Manchester United,F M S,25,1384,1,1,2,37,29,3.758,3.758,2.2,10.839,5.958,3,0,141660,Jesse Lingard,1992-12-15,23.71,174.0,right,Midfield,Attacking Midfield,England,England,25,1366,1,2,985,Manchester United,2026,6000000.0,12000000.0,0.996,1.0,0.987,same_club
566,Sebastian Prödl,EPL,2016-17,Watford,D S,33,2774,1,1,1,22,10,1.848,1.848,0.871,3.043,2.432,10,1,37981,Sebastian Prödl,1987-06-21,29.2,194.0,right,Defender,Centre-Back,Austria,Austria,33,2772,1,2,1010,Watford FC,2846,4000000.0,4000000.0,1.0,1.0,0.999,same_club
567,Miguel Britos,EPL,2016-17,Watford,D,27,2291,1,1,2,18,7,2.007,2.007,1.575,2.36,2.034,6,2,76799,Miguel Britos,1985-07-17,31.13,189.0,left,Defender,Centre-Back,Uruguay,Uruguay,27,2284,1,2,1010,Watford FC,2464,3500000.0,3500000.0,0.999,1.0,0.997,same_club
573,Odion Ighalo,EPL,2016-17,Watford,F M S,18,1292,1,1,1,37,11,3.474,3.474,0.642,4.638,0.904,1,0,62121,Odion Ighalo,1989-06-16,27.21,181.0,right,Attack,Centre-Forward,Nigeria,Nigeria,18,1292,1,1,1010,Watford FC,1382,12000000.0,7000000.0,1.0,1.0,1.0,same_club
589,James McCarthy,EPL,2016-17,Everton,M S,12,608,1,1,1,6,5,0.46,0.46,0.25,2.298,1.606,2,0,45333,James McCarthy,1990-11-12,25.8,180.0,right,Midfield,Central Midfield,Ireland,Scotland,12,613,1,1,29,Everton FC,613,17000000.0,15000000.0,0.998,1.0,0.992,same_club
605,Jordan Henderson,EPL,2016-17,Liverpool,M,24,2122,1,1,4,17,32,0.797,0.797,2.579,12.209,10.577,8,0,61651,Jordan Henderson,1990-06-17,26.21,182.0,right,Midfield,Defensive Midfield,England,England,24,2118,1,4,31,Liverpool FC,2118,28000000.0,28000000.0,0.999,1.0,0.998,same_club
610,Pablo Zabaleta,EPL,2016-17,Manchester City,D M S,20,1055,1,1,1,7,11,0.695,0.695,0.455,6.212,5.195,2,0,20007,Pablo Zabaleta,1985-01-16,31.62,176.0,right,Defender,Right-Back,Argentina,Argentina,20,1059,1,1,281,Manchester City,1935,10000000.0,7000000.0,0.999,1.0,0.996,same_club
611,Nicolás Otamendi,EPL,2016-17,Manchester City,D S,30,2588,1,1,1,15,6,1.055,1.055,1.16,11.596,11.425,9,0,54781,Nicolás Otamendi,1988-02-12,28.55,182.0,right,Defender,Centre-Back,Argentina,Argentina,30,2592,1,2,281,Manchester City,3702,32000000.0,30000000.0,1.0,1.0,0.998,same_club
613,Gaël Clichy,EPL,2016-17,Manchester City,D M S,25,2127,1,1,0,2,16,0.033,0.033,0.93,13.329,12.413,2,0,7449,Gaël Clichy,1985-07-26,31.1,176.0,left,Defender,Left-Back,France,France,25,2125,1,0,281,Manchester City,2998,9000000.0,7000000.0,1.0,1.0,0.999,same_club
621,Aleksandar Kolarov,EPL,2016-17,Manchester City,D S,29,2532,1,1,1,32,15,1.023,1.023,1.057,13.292,12.658,6,0,46156,Aleksandar Kolarov,1985-11-10,30.81,187.0,left,Defender,Left-Back,Serbia,Jugoslawien (SFR),29,2533,1,1,281,Manchester City,3406,11000000.0,10000000.0,1.0,1.0,1.0,same_club
627,Antonio Valencia,EPL,2016-17,Manchester United,D M S,28,2488,1,1,3,9,31,1.851,1.851,2.627,12.043,9.902,5,0,33544,Antonio Valencia,1985-08-04,31.08,180.0,right,Defender,Right-Back,Ecuador,Ecuador,28,2483,1,3,985,Manchester United,3414,8000000.0,10000000.0,0.999,1.0,0.998,same_club
628,Chris Smalling,EPL,2016-17,Manchester United,D S,18,1212,1,1,1,7,3,0.404,0.404,0.639,2.615,2.544,0,0,103427,Chris Smalling,1989-11-22,26.78,194.0,right,Defender,Centre-Back,England,England,18,1215,1,1,985,Manchester United,2252,20000000.0,18000000.0,0.999,1.0,0.998,same_club
630,Marouane Fellaini,EPL,2016-17,Manchester United,M S,28,1591,1,1,0,23,18,2.173,2.173,0.663,6.072,4.515,9,1,39679,Marouane Fellaini,1987-11-22,28.78,194.0,right,Midfield,Central Midfield,Belgium,Belgium,28,1599,1,0,985,Manchester United,2624,15000000.0,12000000.0,0.998,1.0,0.995,same_club
634,Fraizer Campbell,EPL,2016-17,Crystal Palace,S,12,125,1,1,0,4,1,0.442,0.442,0.051,0.51,0.133,0,0,42411,Fraizer Campbell,1987-09-13,28.97,172.0,right,Attack,Centre-Forward,England,England,12,154,1,0,873,Crystal Palace,234,2500000.0,2000000.0,0.944,1.0,0.812,same_club
639,Toby Alderweireld,EPL,2016-17,Tottenham,D,30,2610,1,1,0,28,6,1.997,1.997,0.327,8.037,7.413,1,0,42710,Toby Alderweireld,1989-03-02,27.5,187.0,right,Defender,Centre-Back,Belgium,Belgium,30,2603,1,0,148,Tottenham Hotspur,3325,27000000.0,35000000.0,0.999,1.0,0.997,same_club
642,Mousa Dembélé,EPL,2016-17,Tottenham,M S,30,2085,1,1,1,15,25,0.57,0.57,0.976,9.286,8.624,5,0,19368,Mousa Dembélé,1987-07-16,29.13,185.0,left,Midfield,Central Midfield,Belgium,Belgium,30,2065,1,2,148,Tottenham Hotspur,2503,18000000.0,18000000.0,0.997,1.0,0.99,same_club
644,Erik Lamela,EPL,2016-17,Tottenham,M S,9,590,1,1,1,18,18,1.802,1.04,1.2,2.418,1.157,1,0,111630,Erik Lamela,1992-03-04,24.5,184.0,left,Attack,Right Winger,Argentina,Argentina,9,593,1,1,148,Tottenham Hotspur,825,26000000.0,25000000.0,0.998,1.0,0.995,same_club
649,Ryan Mason,EPL,2016-17,Hull,M S,16,931,1,1,0,17,8,0.605,0.605,0.329,1.443,0.778,4,0,61834,Ryan Mason,1991-06-13,25.22,175.0,right,Midfield,Central Midfield,England,England,16,928,1,0,3008,Hull City,1018,7500000.0,8500000.0,0.999,1.0,0.997,same_club
653,Tom Carroll,EPL,2016-17,"Swansea,Tottenham",M S,18,1395,1,1,2,9,16,0.289,0.289,1.548,3.707,3.034,1,0,121279,Tom Carroll,1992-05-28,24.26,177.0,left,Midfield,Central Midfield,England,England,18,1390,1,2,"148,2288","Tottenham Hotspur,Swansea City",1390,5000000.0,6000000.0,0.999,1.0,0.996,same_club
656,Diafra Sakho,EPL,2016-17,West Ham,F S,4,183,1,1,0,3,1,0.602,0.602,0.057,0.142,0.023,0,0,120610,Diafra Sakho,1989-12-24,26.69,184.0,right,Attack,Centre-Forward,Senegal,Senegal,4,181,1,0,379,West Ham United,181,12000000.0,10000000.0,0.997,1.0,0.989,same_club
660,Ben Davies,EPL,2016-17,Tottenham,D M S,23,1729,1,1,3,13,29,0.43,0.43,2.615,7.04,5.678,1,0,192765,Ben Davies,1993-04-24,23.36,181.0,left,Defender,Centre-Back,Wales,Wales,23,1735,1,3,148,Tottenham Hotspur,2513,9000000.0,12000000.0,0.999,1.0,0.997,same_club
668,Idrissa Gueye,EPL,2016-17,Everton,M S,33,2700,1,1,1,25,25,1.989,1.989,2.14,13.021,10.614,11,0,126665,Idrissa Gueye,1989-09-26,26.93,174.0,right,Midfield,Defensive Midfield,Senegal,Senegal,33,2686,1,2,29,Everton FC,2686,9000000.0,18000000.0,0.998,1.0,0.995,same_club
671,Rudy Gestede,EPL,2016-17,Middlesbrough,F S,16,514,1,1,0,15,11,1.292,1.292,0.778,2.298,0.3,3,0,39908,Rudy Gestede,1988-10-10,27.89,193.0,right,Attack,Centre-Forward,Benin,France,16,525,1,0,641,Middlesbrough FC,727,7000000.0,7000000.0,0.994,1.0,0.979,same_club
672,Jordan Ayew,EPL,2016-17,Swansea,F M S,14,858,1,1,3,12,6,1.022,1.022,1.837,2.999,0.797,1,0,108354,Jordan Ayew,1991-09-11,24.97,182.0,right,Attack,Centre-Forward,Ghana,France,14,864,1,3,2288,Swansea City,864,7500000.0,7500000.0,0.998,1.0,0.993,same_club
681,César Azpilicueta,EPL,2016-17,Chelsea,D M,38,3420,1,1,4,18,22,0.643,0.643,1.676,12.989,11.41,4,0,57500,César Azpilicueta,1989-08-28,27.01,178.0,right,Defender,Centre-Back,Spain,Spain,38,3420,1,5,631,Chelsea FC,3798,20000000.0,30000000.0,1.0,1.0,1.0,same_club
697,Nemanja Matic,EPL,2016-17,Chelsea,M S,35,2699,1,1,7,20,26,1.133,1.133,3.058,10.87,9.142,4,0,74683,Nemanja Matić,1988-08-01,28.08,194.0,left,Midfield,Defensive Midfield,Serbia,Jugoslawien (SFR),35,2697,1,7,631,Chelsea FC,2938,32000000.0,35000000.0,1.0,1.0,0.999,same_club
707,Angel Rangel,EPL,2016-17,Swansea,D S,18,811,1,1,0,5,7,0.241,0.241,0.695,2.64,2.448,1,0,66550,Ángel Rangel,1982-11-28,33.76,188.0,right,Defender,Right-Back,Spain,Spain,18,824,1,0,2288,Swansea City,847,1500000.0,1000000.0,0.995,1.0,0.984,same_club
709,Ashley Williams,EPL,2016-17,Everton,D S,36,3156,1,1,3,15,10,1.358,1.358,1.208,7.199,6.827,7,1,67355,Ashley Williams,1984-08-23,32.02,183.0,right,Defender,Centre-Back,Wales,England,36,3159,1,3,29,Everton FC,3249,8000000.0,8000000.0,1.0,1.0,0.999,same_club
718,Kyle Naughton,EPL,2016-17,Swansea,D,31,2722,1,1,0,20,23,0.569,0.569,1.828,7.304,5.372,5,0,66219,Kyle Naughton,1988-11-17,27.79,181.0,right,Defender,Right-Back,England,England,31,2718,1,0,2288,Swansea City,2808,5000000.0,5000000.0,1.0,1.0,0.999,same_club
728,Lamine Koné,EPL,2016-17,Sunderland,D S,30,2544,1,1,0,17,2,1.971,1.971,0.52,1.057,1.057,4,0,57420,Lamine Koné,1989-02-01,27.58,188.0,right,Defender,Centre-Back,Cote d'Ivoire,France,30,2545,1,0,289,Sunderland AFC,2545,6000000.0,7000000.0,1.0,1.0,1.0,same_club
734,Wahbi Khazri,EPL,2016-17,Sunderland,F M S,21,824,1,1,0,23,21,1.139,1.139,1.916,2.093,0.476,6,0,103565,Wahbi Khazri,1991-02-08,25.56,176.0,right,Attack,Left Winger,Tunisia,France,21,839,1,0,289,Sunderland AFC,839,9000000.0,7000000.0,0.995,1.0,0.982,same_club
742,Billy Jones,EPL,2016-17,Sunderland,D M S,27,2273,1,1,0,15,29,1.838,1.838,2.116,3.738,2.061,8,0,36866,Billy Jones,1987-03-24,29.44,182.0,right,Defender,Right-Back,England,England,27,2271,1,0,289,Sunderland AFC,2361,1500000.0,1500000.0,1.0,1.0,0.999,same_club
748,Wes Morgan,EPL,2016-17,Leicester,D,27,2430,1,1,0,14,4,1.866,1.866,0.131,2.103,2.012,3,0,10003,Wes Morgan,1984-01-21,32.61,185.0,right,Defender,Centre-Back,Jamaica,England,27,2430,1,1,1003,Leicester City,3504,3500000.0,3000000.0,1.0,1.0,1.0,same_club
751,N&#039;Golo Kanté,EPL,2016-17,Chelsea,M,35,3141,1,1,1,27,22,2.168,2.168,1.875,14.049,11.896,9,0,225083,N'Golo Kanté,1991-03-29,25.43,168.0,right,Midfield,Defensive Midfield,France,France,35,3139,1,1,631,Chelsea FC,3436,30000000.0,50000000.0,0.97,0.95,0.999,same_club
752,Daniel Drinkwater,EPL,2016-17,Leicester,M S,29,2466,1,1,1,31,15,1.144,1.144,1.122,6.519,5.174,6,0,73491,Danny Drinkwater,1990-03-05,26.49,178.0,right,Midfield,Central Midfield,England,England,29,2467,1,1,1003,Leicester City,3623,10000000.0,9000000.0,0.97,0.95,1.0,same_club
756,Leonardo Ulloa,EPL,2016-17,Leicester,F S,16,412,1,1,0,11,2,1.9,1.9,0.103,1.474,0.631,0,0,54890,Leonardo Ulloa,1986-07-26,30.1,188.0,right,Attack,Centre-Forward,Argentina,Argentina,16,435,1,0,1003,Leicester City,591,8000000.0,6000000.0,0.984,1.0,0.947,same_club
759,Daniel Amartey,EPL,2016-17,Leicester,D M S,24,1651,1,1,1,14,15,0.83,0.83,0.558,2.941,2.099,3,0,214056,Daniel Amartey,1994-12-21,21.7,186.0,right,Defender,Centre-Back,Ghana,Ghana,24,1666,1,1,1003,Leicester City,2168,5000000.0,5000000.0,0.997,1.0,0.991,same_club
762,Demarai Gray,EPL,2016-17,Leicester,F M S,30,1015,1,1,3,27,17,0.984,0.984,1.788,3.552,1.221,2,0,292417,Demarai Gray,1996-06-28,20.18,183.0,right,Attack,Left Winger,Jamaica,England,30,1037,1,4,1003,Leicester City,1553,6000000.0,9000000.0,0.994,1.0,0.979,same_club
782,Ben Chilwell,EPL,2016-17,Leicester,D S,12,686,1,1,0,7,2,0.668,0.668,0.371,2.742,1.728,2,0,316125,Ben Chilwell,1996-12-21,19.7,180.0,left,Defender,Left-Back,England,England,12,696,1,0,1003,Leicester City,1221,2500000.0,2500000.0,0.996,1.0,0.986,same_club
784,Andy King,EPL,2016-17,Leicester,M S,23,1439,1,1,0,14,6,0.611,0.611,0.242,3.631,3.12,4,0,56872,Andy King,1988-10-29,27.84,184.0,right,Midfield,Central Midfield,Wales,England,23,1446,1,0,1003,Leicester City,2042,3500000.0,3000000.0,0.999,1.0,0.995,same_club
789,Robbie Brady,EPL,2016-17,Burnley,M S,14,710,1,1,2,19,16,0.769,0.769,1.606,1.502,0.322,1,0,128229,Robbie Brady,1992-01-14,24.63,176.0,left,Midfield,Left Midfield,Ireland,Ireland,14,716,1,2,1132,Burnley FC,806,8000000.0,10000000.0,0.997,1.0,0.992,same_club
814,James McClean,EPL,2016-17,West Bromwich Albion,F M S,34,1444,1,1,2,23,19,1.491,1.491,2.329,3.11,1.208,9,0,85935,James McClean,1989-04-22,27.36,180.0,left,Midfield,Left Midfield,Ireland,Northern Ireland,34,1465,1,2,984,West Bromwich Albion,1555,3000000.0,3000000.0,0.996,1.0,0.986,same_club
822,Patrick Bamford,EPL,2016-17,"Burnley,Middlesbrough",F S,14,294,1,1,0,7,1,1.143,1.143,0.088,1.46,0.839,1,0,183334,Patrick Bamford,1993-09-05,22.99,185.0,left,Attack,Centre-Forward,England,England,14,315,1,0,"641,1132","Middlesbrough FC,Burnley FC",385,5000000.0,5000000.0,0.98,1.0,0.933,same_club
825,Adam Smith,EPL,2016-17,Bournemouth,D M S,36,3094,1,1,5,26,30,1.389,1.389,4.811,10.947,7.342,6,0,61841,Adam Smith,1991-04-29,25.34,174.0,right,Defender,Right-Back,England,England,36,3099,1,5,989,AFC Bournemouth,3099,2000000.0,5000000.0,1.0,1.0,0.998,same_club
833,Virgil van Dijk,EPL,2016-17,Southampton,D,21,1857,1,1,0,17,6,1.366,1.366,0.476,4.357,4.199,3,1,139208,Virgil van Dijk,1991-07-08,25.15,195.0,right,Defender,Centre-Back,Netherlands,Netherlands,21,1854,1,0,180,Southampton FC,2484,12000000.0,30000000.0,1.0,1.0,0.998,same_club
837,Jordy Clasie,EPL,2016-17,Southampton,M S,16,1038,1,1,1,12,5,0.525,0.525,0.323,4.124,3.718,3,0,104223,Jordy Clasie,1991-06-27,25.18,169.0,right,Midfield,Defensive Midfield,Netherlands,Netherlands,16,1026,1,1,180,Southampton FC,1368,11000000.0,10000000.0,0.997,1.0,0.988,same_club
842,Oriol Romeu,EPL,2016-17,Southampton,M,35,3071,1,1,0,28,17,1.811,1.811,1.178,11.352,10.563,11,0,66100,Oriol Romeu,1991-09-24,24.94,183.0,right,Midfield,Defensive Midfield,Spain,Spain,35,3072,1,1,180,Southampton FC,3596,5000000.0,10000000.0,1.0,1.0,1.0,same_club
845,Maya Yoshida,EPL,2016-17,Southampton,D,23,2070,1,1,0,15,4,1.9,1.9,0.177,3.729,2.917,2,0,81789,Maya Yoshida,1988-08-24,28.02,189.0,right,Defender,Centre-Back,Japan,Japan,23,2070,1,1,180,Southampton FC,2790,4000000.0,5000000.0,1.0,1.0,1.0,same_club
860,Marc Muniesa,EPL,2016-17,Stoke,D S,10,644,1,1,0,6,4,0.234,0.234,0.086,0.975,0.7,2,0,74228,Marc Muniesa,1992-03-27,24.43,180.0,left,Defender,Centre-Back,Spain,Spain,10,648,1,0,512,Stoke City,648,3500000.0,3000000.0,0.998,1.0,0.994,same_club
868,Mame Biram Diouf,EPL,2016-17,Stoke,D F M S,27,1381,1,1,2,20,10,2.909,2.909,1.308,4.55,1.88,3,0,62049,Mame Diouf,1987-12-16,28.71,185.0,right,Attack,Centre-Forward,Senegal,Senegal,27,1382,1,2,512,Stoke City,1382,8000000.0,7000000.0,0.97,0.95,0.999,same_club
873,Charlie Adam,EPL,2016-17,Stoke,M S,24,1504,1,0,3,40,29,2.73,1.969,2.479,7.21,4.998,7,0,28990,Charlie Adam,1985-12-10,30.73,185.0,left,Midfield,Central Midfield,Scotland,Scotland,24,1495,1,4,512,Stoke City,1540,4500000.0,3500000.0,0.998,1.0,0.994,same_club
876,Fabian Delph,EPL,2016-17,Manchester City,M S,7,216,1,1,0,6,2,0.226,0.226,0.361,1.549,1.313,1,0,50362,Fabian Delph,1989-11-21,26.78,174.0,left,Midfield,Central Midfield,England,England,7,220,1,0,281,Manchester City,517,10000000.0,8000000.0,0.995,1.0,0.982,same_club
881,Harry Arter,EPL,2016-17,Bournemouth,M S,35,2963,1,1,4,54,32,3.233,2.472,2.122,12.483,9.376,11,1,55742,Harry Arter,1989-12-28,26.68,177.0,left,Midfield,Central Midfield,Ireland,England,35,2960,1,4,989,AFC Bournemouth,2960,2000000.0,2500000.0,1.0,1.0,0.999,same_club
886,Ryan Shawcross,EPL,2016-17,Stoke,D,35,3150,1,1,1,20,5,1.242,1.242,0.223,3.548,3.426,6,0,45861,Ryan Shawcross,1987-10-04,28.91,191.0,right,Defender,Centre-Back,England,England,35,3150,1,2,512,Stoke City,3240,11000000.0,11000000.0,1.0,1.0,1.0,same_club
917,John Terry,EPL,2016-17,Chelsea,D S,9,489,1,1,0,8,2,1.541,1.541,0.54,0.536,0.467,1,0,3160,John Terry,1980-12-07,35.73,187.0,right,Defender,Centre-Back,England,England,9,492,1,0,631,Chelsea FC,739,2500000.0,1000000.0,0.998,1.0,0.994,same_club
920,Matthew Pennington,EPL,2016-17,Everton,D S,3,180,1,1,0,1,1,0.638,0.638,0.174,0.213,0.039,0,0,220755,Matthew Pennington,1994-10-06,21.91,185.0,right,Defender,Centre-Back,England,England,3,180,1,0,29,Everton FC,180,,500000.0,1.0,1.0,1.0,same_club
971,Harry Winks,EPL,2016-17,Tottenham,M S,21,455,1,1,1,6,8,1.023,1.023,0.669,2.755,1.609,1,0,249126,Harry Winks,1996-02-02,20.58,178.0,right,Midfield,Defensive Midfield,England,England,21,478,1,1,148,Tottenham Hotspur,1118,,4000000.0,0.986,1.0,0.952,same_club
1654,Ben Mee,EPL,2016-17,Burnley,D,34,3018,1,1,0,16,6,0.895,0.895,0.232,2.827,2.772,5,0,74810,Ben Mee,1989-09-21,26.95,180.0,left,Defender,Centre-Back,England,England,34,3015,1,1,1132,Burnley FC,3105,3500000.0,6000000.0,1.0,1.0,0.999,same_club
1655,Stephen Ward,EPL,2016-17,Burnley,D,37,3233,1,1,1,7,22,1.378,1.378,2.214,5.216,3.245,5,0,34691,Stephen Ward,1985-08-20,31.03,184.0,left,Defender,Left-Back,Ireland,Ireland,37,3232,1,1,1132,Burnley FC,3322,1000000.0,1500000.0,1.0,1.0,1.0,same_club
1657,Steven Defour,EPL,2016-17,Burnley,M S,21,1088,1,1,3,8,23,0.494,0.494,1.183,1.621,1.012,1,0,33866,Steven Defour,1988-04-15,28.38,175.0,right,Midfield,Defensive Midfield,Belgium,Belgium,21,1078,1,3,1132,Burnley FC,1632,6000000.0,6000000.0,0.997,1.0,0.991,same_club
1658,Dean Marney,EPL,2016-17,Burnley,M,21,1779,1,1,2,12,5,0.269,0.269,0.539,1.747,1.483,7,0,4055,Dean Marney,1984-01-31,32.59,183.0,right,Midfield,Central Midfield,England,England,21,1770,1,2,1132,Burnley FC,1770,1000000.0,1000000.0,0.998,1.0,0.995,same_club
1659,Scott Arfield,EPL,2016-17,Burnley,M S,31,2118,1,1,0,44,34,2.94,2.94,1.879,4.72,1.768,3,0,55291,Scott Arfield,1988-11-01,27.83,178.0,right,Midfield,Central Midfield,Canada,Scotland,31,2107,1,1,1132,Burnley FC,2327,3000000.0,3000000.0,0.998,1.0,0.995,same_club
1663,Johann Berg Gudmundsson,EPL,2016-17,Burnley,M S,20,988,1,1,2,17,15,0.614,0.614,1.21,1.571,0.464,1,0,89231,Jóhann Berg Gudmundsson,1990-10-27,25.85,186.0,left,Attack,Right Winger,Iceland,Iceland,20,995,1,2,1132,Burnley FC,1177,2500000.0,2500000.0,0.998,1.0,0.993,same_club
1672,Jonathan Calleri,EPL,2016-17,West Ham,F S,16,526,1,1,0,16,7,2.452,2.452,0.413,3.114,0.448,0,0,284727,Jonathan Calleri,1993-09-23,22.94,181.0,right,Attack,Centre-Forward,Argentina,Argentina,16,536,1,0,379,West Ham United,660,10000000.0,8000000.0,0.994,1.0,0.981,same_club
1676,David Luiz,EPL,2016-17,Chelsea,D,33,2959,1,1,0,31,10,1.413,1.413,1.363,7.602,6.939,6,0,46741,David Luiz,1987-04-22,29.36,189.0,right,Defender,Centre-Back,Brazil,Brazil,33,2956,1,0,631,Chelsea FC,3544,28000000.0,30000000.0,1.0,1.0,0.999,same_club
1676,David Luiz,EPL,2016-17,Chelsea,D,33,2959,1,1,0,31,10,1.413,1.413,1.363,7.602,6.939,6,0,46741,David Luiz,1987-04-22,29.36,189.0,right,Defender,Centre-Back,Brazil,Brazil,33,2956,1,0,631,Chelsea FC,3544,28000000.0,30000000.0,0.996,1.0,0.988,same_club
1688,Andrew Robertson,EPL,2016-17,Hull,D M S,33,2741,1,1,2,7,19,0.245,0.245,1.393,5.089,3.743,5,0,234803,Andrew Robertson,1994-03-11,22.48,178.0,left,Defender,Left-Back,Scotland,Scotland,33,2736,1,2,3008,Hull City,2916,7000000.0,7000000.0,0.999,1.0,0.998,same_club
1689,Jake Livermore,EPL,2016-17,"Hull,West Bromwich Albion",D M S,37,2989,1,1,1,33,20,1.567,1.567,1.689,5.262,3.036,5,1,61832,Jake Livermore,1989-11-14,26.8,180.0,right,Midfield,Defensive Midfield,England,England,37,2977,1,1,"984,3008","West Bromwich Albion,Hull City",3067,4500000.0,7000000.0,0.999,1.0,0.996,same_club
1692,Shaun Maloney,EPL,2016-17,Hull,M S,9,269,1,1,2,3,4,1.063,1.063,0.603,0.958,0.469,0,0,9508,Shaun Maloney,1983-01-24,33.6,171.0,right,Midfield,Attacking Midfield,Scotland,Malaysia,9,278,1,2,3008,Hull City,298,1500000.0,1000000.0,0.99,1.0,0.968,same_club
1693,David Meyler,EPL,2016-17,Hull,D M S,20,943,1,1,0,8,6,0.508,0.508,0.506,1.661,1.364,2,0,68183,David Meyler,1989-05-29,27.26,189.0,right,Midfield,Central Midfield,Ireland,Ireland,20,954,1,0,3008,Hull City,1106,2500000.0,2000000.0,0.997,1.0,0.988,same_club
1695,Tom Huddlestone,EPL,2016-17,Hull,M S,31,2025,1,0,0,21,19,1.234,0.473,1.097,7.11,6.005,5,1,13465,Tom Huddlestone,1986-12-28,29.68,188.0,right,Midfield,Defensive Midfield,England,England,31,2024,1,1,3008,Hull City,2204,5000000.0,5000000.0,1.0,1.0,1.0,same_club
1700,Lucas Pérez,EPL,2016-17,Arsenal,F M S,11,254,1,1,0,9,7,0.938,0.938,0.573,2.217,0.982,0,0,73185,Lucas Pérez,1988-09-10,27.98,180.0,left,Attack,Centre-Forward,Spain,Spain,11,265,1,0,11,Arsenal FC,786,12000000.0,15000000.0,0.988,1.0,0.958,same_club
1700,Lucas Pérez,EPL,2016-17,Arsenal,F M S,11,254,1,1,0,9,7,0.938,0.938,0.573,2.217,0.982,0,0,73185,Lucas Pérez,1988-09-10,27.98,180.0,left,Attack,Centre-Forward,Spain,Spain,11,265,1,0,11,Arsenal FC,786,12000000.0,15000000.0,1.0,1.0,1.0,same_club
1701,Borja Bastón,EPL,2016-17,Swansea,F S,18,526,1,1,0,15,5,2.287,2.287,0.22,2.8,0.951,0,0,85324,Borja Bastón,1992-08-25,24.02,186.0,right,Attack,Centre-Forward,Spain,Spain,18,546,1,0,2288,Swansea City,608,5000000.0,10000000.0,0.989,1.0,0.963,same_club
1702,Mike van der Hoorn,EPL,2016-17,Swansea,D S,8,659,1,1,0,4,0,1.317,1.317,0.0,1.217,0.789,1,0,187105,Mike van der Hoorn,1992-10-15,23.88,190.0,right,Defender,Centre-Back,Netherlands,Netherlands,8,661,1,1,2288,Swansea City,751,2500000.0,2000000.0,0.999,1.0,0.997,same_club
1707,Ben Gibson,EPL,2016-17,Middlesbrough,D,38,3420,1,1,1,15,3,0.812,0.812,0.586,5.15,5.047,4,0,128904,Ben Gibson,1993-01-15,23.63,185.0,left,Defender,Centre-Back,England,England,38,3420,1,1,641,Middlesbrough FC,3600,2000000.0,8000000.0,1.0,1.0,1.0,same_club
1712,Stewart Downing,EPL,2016-17,Middlesbrough,D F M S,30,2214,1,1,3,29,29,2.14,2.14,2.294,6.375,3.31,1,0,4063,Stewart Downing,1984-07-22,32.11,180.0,left,Attack,Left Winger,England,England,30,2212,1,3,641,Middlesbrough FC,2420,6000000.0,3500000.0,1.0,1.0,0.999,same_club
1718,Daniel Ayala,EPL,2016-17,Middlesbrough,D S,14,913,1,1,0,10,0,1.211,1.211,0.0,1.189,1.189,3,0,78966,Daniel Ayala,1990-11-07,25.82,190.0,right,Defender,Centre-Back,Spain,Spain,14,916,1,0,641,Middlesbrough FC,1065,2000000.0,2000000.0,0.999,1.0,0.997,same_club
1719,Javier Manquillo,EPL,2016-17,Sunderland,D S,20,1423,1,1,0,3,4,0.492,0.492,0.194,0.92,0.692,2,0,162029,Javier Manquillo,1994-05-05,22.33,178.0,right,Defender,Right-Back,Spain,Spain,20,1428,1,0,289,Sunderland AFC,1608,5000000.0,4000000.0,0.999,1.0,0.996,same_club
1720,Didier Ndong,EPL,2016-17,Sunderland,M S,31,2519,1,1,0,16,16,0.763,0.763,1.234,6.01,4.343,5,0,210081,Didier Ndong,1994-06-17,22.21,179.0,right,Midfield,Central Midfield,Gabon,Gabon,31,2519,1,1,289,Sunderland AFC,2639,5000000.0,10000000.0,1.0,1.0,1.0,same_club
1720,Didier Ndong,EPL,2016-17,Sunderland,M S,31,2519,1,1,0,16,16,0.763,0.763,1.234,6.01,4.343,5,0,210081,Didier Ndong,1994-06-17,22.21,179.0,right,Midfield,Central Midfield,Gabon,Gabon,31,2519,1,1,289,Sunderland AFC,2639,5000000.0,10000000.0,0.997,1.0,0.992,same_club
1722,Juan Zuñiga,EPL,2016-17,Watford,D M S,21,804,1,1,0,6,5,0.547,0.547,0.243,2.741,2.164,1,0,37941,Camilo Zúñiga,1985-12-14,30.72,172.0,right,Defender,Right-Back,Colombia,Colombia,21,814,1,1,1010,Watford FC,814,1000000.0,1500000.0,0.966,0.95,0.988,same_club
1724,Isaac Success,EPL,2016-17,Watford,M S,19,463,1,1,1,14,5,1.247,1.247,0.357,1.445,0.088,2,0,295331,Isaac Success,1996-01-07,20.65,182.0,right,Attack,Centre-Forward,Nigeria,Nigeria,19,504,1,1,1010,Watford FC,504,4000000.0,4000000.0,0.976,1.0,0.919,same_club
1726,Abdoulaye Doucouré,EPL,2016-17,Watford,M S,20,1349,1,1,0,22,11,1.882,1.882,0.421,3.586,2.149,4,0,127187,Abdoulaye Doucouré,1993-01-01,23.67,183.0,right,Midfield,Attacking Midfield,Mali,France,20,1359,1,0,1010,Watford FC,1539,6000000.0,6000000.0,0.998,1.0,0.993,same_club
1734,Sofiane Boufal,EPL,2016-17,Southampton,F M S,24,1090,1,1,0,25,23,1.115,1.115,1.286,4.48,2.599,5,0,232271,Sofiane Boufal,1993-09-17,22.96,175.0,right,Midfield,Attacking Midfield,Morocco,France,24,1101,1,0,180,Southampton FC,1153,13000000.0,15000000.0,0.997,1.0,0.99,same_club
1743,Bruno Martins Indi,EPL,2016-17,Stoke,D,35,3149,1,1,0,18,2,1.619,1.619,0.128,4.197,4.109,5,0,112052,Bruno Martins Indi,1992-02-08,24.56,185.0,left,Defender,Centre-Back,Netherlands,Portugal,35,3147,1,0,512,Stoke City,3237,10000000.0,11000000.0,1.0,1.0,0.999,same_club
2144,Alfred N&#039;Diaye,EPL,2016-17,Hull,M,15,1286,1,1,0,10,4,1.191,1.191,0.139,1.703,1.086,7,0,77737,Alfred N'Diaye,1990-03-06,26.49,189.0,right,Midfield,Defensive Midfield,Senegal,France,15,1278,1,0,3008,Hull City,1841,8000000.0,5000000.0,0.968,0.95,0.994,same_club
2144,Alfred N&#039;Diaye,EPL,2016-17,Hull,M,15,1286,1,1,0,10,4,1.191,1.191,0.139,1.703,1.086,7,0,77737,Alfred N'Diaye,1990-03-06,26.49,189.0,right,Midfield,Defensive Midfield,Senegal,France,15,1278,1,0,3008,Hull City,1841,8000000.0,5000000.0,0.967,0.95,0.991,same_club
4430,Joey Barton,EPL,2016-17,Burnley,M S,14,1104,1,1,0,12,8,0.412,0.412,0.62,2.63,2.049,4,0,3292,Joey Barton,1982-09-02,34.0,180.0,right,Midfield,Central Midfield,England,England,14,1104,1,0,1132,Burnley FC,1873,1500000.0,1000000.0,1.0,1.0,1.0,same_club
5542,Grant Leadbitter,EPL,2016-17,Middlesbrough,M S,13,707,1,1,0,13,8,0.756,0.756,0.292,1.618,0.844,1,0,13796,Grant Leadbitter,1986-01-07,30.65,177.0,right,Midfield,Central Midfield,England,England,13,707,1,0,641,Middlesbrough FC,1043,2000000.0,2000000.0,1.0,1.0,1.0,same_club
5555,Dominic Calvert-Lewin,EPL,2016-17,Everton,F M S,11,340,1,1,0,7,0,1.245,1.245,0.0,1.389,0.222,1,0,306024,Dominic Calvert-Lewin,1997-03-16,19.46,189.0,right,Attack,Centre-Forward,England,England,11,345,1,0,29,Everton FC,345,1000000.0,3500000.0,0.996,1.0,0.986,same_club
5556,Ademola Lookman,EPL,2016-17,Everton,F S,8,289,1,1,0,16,0,1.142,1.142,0.0,1.49,0.449,0,0,406040,Ademola Lookman,1997-10-20,18.87,174.0,right,Attack,Left Winger,Nigeria,England,8,290,1,0,29,Everton FC,563,500000.0,5000000.0,0.999,1.0,0.997,same_club
5597,Josh Harrop,EPL,2016-17,Manchester United,F,1,90,1,1,0,2,1,0.144,0.144,0.017,0.368,0.224,0,0,289844,Josh Harrop,1995-12-15,20.71,175.0,right,Midfield,Attacking Midfield,England,England,1,90,1,0,985,Manchester United,90,,,1.0,1.0,1.0,same_club
37,Loris Karius,EPL,2016-17,Liverpool,GK,10,900,0,0,0,0,0,0.0,0.0,0.0,1.901,1.901,0,0,85864,Loris Karius,1993-06-22,23.2,191.0,right,Goalkeeper,Goalkeeper,Germany,Germany,10,900,0,0,31,Liverpool FC,1170,9000000.0,8000000.0,1.0,1.0,1.0,same_club
91,Ron-Robert Zieler,EPL,2016-17,Leicester,GK S,9,752,0,0,0,0,0,0.0,0.0,0.0,0.571,0.571,0,0,21327,Ron-Robert Zieler,1989-02-12,27.55,188.0,right,Goalkeeper,Goalkeeper,Germany,Germany,9,753,0,0,1003,Leicester City,1053,8000000.0,7000000.0,1.0,1.0,0.999,same_club
202,Håvard Nordtveit,EPL,2016-17,West Ham,D M S,16,955,0,0,1,7,4,0.133,0.133,0.75,1.644,0.876,2,0,42234,Havard Nordtveit,1990-06-21,26.2,188.0,right,Defender,Centre-Back,Norway,Norway,16,956,0,1,379,West Ham United,1271,6000000.0,5000000.0,1.0,1.0,0.999,same_club
232,Jan Kirchhoff,EPL,2016-17,Sunderland,M S,7,435,0,0,0,3,1,0.234,0.234,0.075,0.446,0.359,1,0,49734,Jan Kirchhoff,1990-10-01,25.92,195.0,right,Defender,Centre-Back,Germany,Germany,7,437,0,1,289,Sunderland AFC,437,3000000.0,3000000.0,0.999,1.0,0.995,same_club
265,Ragnar Klavan,EPL,2016-17,Liverpool,D S,20,1402,0,0,0,4,3,0.192,0.192,0.18,3.925,3.904,3,0,26669,Ragnar Klavan,1985-10-30,30.84,187.0,left,Defender,Centre-Back,Estonia,UdSSR,20,1408,0,0,31,Liverpool FC,1498,4000000.0,3500000.0,0.999,1.0,0.996,same_club
323,Adnan Januzaj,EPL,2016-17,Sunderland,F M S,25,1632,0,0,3,27,34,1.524,1.524,2.468,4.483,1.65,3,1,177847,Adnan Januzaj,1995-02-05,21.57,186.0,left,Attack,Right Winger,Belgium,Belgium,25,1630,0,3,289,Sunderland AFC,1810,7000000.0,7000000.0,1.0,1.0,0.999,same_club
343,Pierre-Emile Højbjerg,EPL,2016-17,Southampton,M S,22,1296,0,0,0,28,16,1.365,1.365,0.622,5.603,4.261,2,0,167799,Pierre-Emile Højbjerg,1995-08-05,21.08,185.0,right,Midfield,Defensive Midfield,Denmark,Denmark,22,1299,0,0,180,Southampton FC,1891,8000000.0,8000000.0,0.999,1.0,0.998,same_club
455,Artur Boruc,EPL,2016-17,Bournemouth,GK,35,3150,0,0,0,0,1,0.0,0.0,0.023,2.69,2.667,2,0,15220,Artur Boruc,1980-02-20,36.53,193.0,right,Goalkeeper,Goalkeeper,Poland,Poland,35,3150,0,0,989,AFC Bournemouth,3150,1000000.0,1000000.0,1.0,1.0,1.0,same_club
456,Simon Francis,EPL,2016-17,Bournemouth,D,34,2945,0,0,1,7,19,0.165,0.165,1.568,7.804,7.318,4,1,13573,Simon Francis,1985-02-16,31.54,191.0,right,Defender,Right-Back,England,England,34,2940,0,1,989,AFC Bournemouth,2940,2500000.0,2500000.0,0.999,1.0,0.998,same_club
460,Andrew Surman,EPL,2016-17,Bournemouth,M S,22,1803,0,0,1,8,11,0.512,0.512,0.436,5.605,5.299,1,1,29975,Andrew Surman,1986-08-20,30.03,178.0,left,Midfield,Central Midfield,England,South Africa,22,1802,0,2,989,AFC Bournemouth,1892,2000000.0,2000000.0,1.0,1.0,0.999,same_club
464,Max Gradel,EPL,2016-17,Bournemouth,S,11,107,0,0,0,5,1,0.288,0.288,0.138,0.459,0.091,3,0,28140,Max Gradel,1987-11-30,28.76,175.0,right,Attack,Left Winger,Cote d'Ivoire,Cote d'Ivoire,11,125,0,0,989,AFC Bournemouth,125,9000000.0,7000000.0,0.957,1.0,0.856,same_club
467,Lewis Grabban,EPL,2016-17,Bournemouth,S,3,51,0,0,1,1,1,0.074,0.074,0.089,0.303,0.139,0,0,35413,Lewis Grabban,1988-01-12,28.64,183.0,right,Attack,Centre-Forward,Jamaica,England,3,57,0,1,989,AFC Bournemouth,147,3000000.0,3000000.0,0.98,1.0,0.933,same_club
469,Adam Federici,EPL,2016-17,Bournemouth,GK,2,180,0,0,0,0,0,0.0,0.0,0.0,0.426,0.426,1,0,4233,Adam Federici,1985-01-31,31.58,188.0,right,Goalkeeper,Goalkeeper,Australia,Australia,2,180,0,0,989,AFC Bournemouth,270,1000000.0,1000000.0,1.0,1.0,1.0,same_club
475,Lucas Leiva,EPL,2016-17,Liverpool,D M S,24,1097,0,0,3,8,6,0.789,0.789,0.654,3.26,2.935,4,0,41414,Lucas Leiva,1987-01-09,29.65,179.0,right,Midfield,Defensive Midfield,Brazil,Brazil,24,1105,0,3,31,Liverpool FC,1375,10000000.0,7000000.0,0.998,1.0,0.993,same_club
477,Brad Smith,EPL,2016-17,Bournemouth,D S,5,274,0,0,0,2,2,0.091,0.091,0.075,0.922,0.847,1,0,175745,Brad Smith,1994-04-09,22.4,178.0,left,Defender,Left-Back,Australia,Australia,5,272,0,0,989,AFC Bournemouth,346,2000000.0,2000000.0,0.998,1.0,0.993,same_club
479,Kevin Stewart,EPL,2016-17,Liverpool,S,4,15,0,0,0,0,0,0.0,0.0,0.0,0.242,0.242,0,0,200782,Kevin Stewart,1993-09-07,22.98,182.0,,Midfield,Defensive Midfield,Jamaica,England,4,18,0,0,31,Liverpool FC,198,1000000.0,1000000.0,0.99,1.0,0.967,same_club
481,Jordon Ibe,EPL,2016-17,Bournemouth,F M S,25,1067,0,0,0,15,18,0.843,0.843,1.052,3.202,1.825,0,0,195652,Jordon Ibe,1995-12-08,20.73,176.0,right,Attack,Right Winger,England,England,25,1058,0,0,989,AFC Bournemouth,1148,10000000.0,8000000.0,0.997,1.0,0.992,same_club
485,Mamadou Sakho,EPL,2016-17,Crystal Palace,D,8,688,0,0,0,2,4,0.136,0.136,0.274,1.615,1.574,0,0,47713,Mamadou Sakho,1990-02-13,26.55,187.0,left,Defender,Centre-Back,France,France,8,687,0,0,873,Crystal Palace,687,18000000.0,15000000.0,1.0,1.0,0.999,same_club
487,Simon Mignolet,EPL,2016-17,Liverpool,GK,28,2520,0,0,0,0,0,0.0,0.0,0.0,2.741,2.741,0,0,50219,Simon Mignolet,1988-03-06,28.49,193.0,right,Goalkeeper,Goalkeeper,Belgium,Belgium,28,2520,0,0,31,Liverpool FC,2520,12000000.0,12000000.0,1.0,1.0,1.0,same_club
490,Jon Flanagan,EPL,2016-17,Burnley,D S,6,360,0,0,0,0,1,0.0,0.0,0.056,0.432,0.376,2,0,145922,Jon Flanagan,1993-01-01,23.67,181.0,right,Defender,Right-Back,England,England,6,359,0,0,1132,Burnley FC,629,5000000.0,3500000.0,0.999,1.0,0.997,same_club
491,Petr Cech,EPL,2016-17,Arsenal,GK,35,3097,0,0,0,0,0,0.0,0.0,0.0,5.056,5.056,2,0,5658,Petr Cech,1982-05-20,34.29,196.0,left,Goalkeeper,Goalkeeper,Czech Republic,CSSR,35,3098,0,0,11,Arsenal FC,3308,12000000.0,7000000.0,1.0,1.0,1.0,same_club
493,Gabriel,EPL,2016-17,Arsenal,D S,19,1517,0,0,0,9,4,0.391,0.391,0.269,3.95,3.645,6,0,149498,Gabriel Paulista,1990-11-26,25.77,185.0,right,Defender,Centre-Back,Brazil,Brazil,19,1516,0,0,11,Arsenal FC,1947,12000000.0,13000000.0,0.97,0.95,0.999,same_club
495,Nacho Monreal,EPL,2016-17,Arsenal,D M S,36,3152,0,0,2,12,12,1.133,1.133,1.931,11.073,9.217,5,0,43003,Nacho Monreal,1986-02-26,30.51,179.0,left,Defender,Left-Back,Spain,Spain,36,3153,0,2,11,Arsenal FC,3798,15000000.0,13000000.0,1.0,1.0,1.0,same_club
496,Mohamed Elneny,EPL,2016-17,Arsenal,M S,14,693,0,0,1,15,4,0.553,0.553,0.132,2.463,2.088,1,0,160438,Mohamed Elneny,1992-07-11,24.14,179.0,right,Midfield,Defensive Midfield,Egypt,Egypt,14,694,0,1,11,Arsenal FC,821,8500000.0,10000000.0,1.0,1.0,0.999,same_club
497,Francis Coquelin,EPL,2016-17,Arsenal,M S,29,1799,0,0,0,14,15,0.772,0.772,0.673,9.351,8.483,5,0,74869,Francis Coquelin,1991-05-13,25.31,177.0,right,Midfield,Defensive Midfield,France,France,29,1785,0,0,11,Arsenal FC,2249,13000000.0,15000000.0,0.998,1.0,0.992,same_club
505,David Ospina,EPL,2016-17,Arsenal,GK S,2,143,0,0,0,0,0,0.0,0.0,0.0,0.028,0.028,0,0,73396,David Ospina,1988-08-31,28.0,183.0,right,Goalkeeper,Goalkeeper,Colombia,Colombia,2,142,0,0,11,Arsenal FC,1222,8000000.0,7000000.0,0.998,1.0,0.993,same_club
507,Per Mertesacker,EPL,2016-17,Arsenal,S,1,35,0,0,0,0,0,0.0,0.0,0.0,0.0,0.0,0,0,6710,Per Mertesacker,1984-09-29,31.92,200.0,right,Defender,Centre-Back,Germany,Germany,1,37,0,0,11,Arsenal FC,127,10000000.0,6000000.0,0.993,1.0,0.978,same_club
509,Wayne Hennessey,EPL,2016-17,Crystal Palace,GK,29,2610,0,0,0,0,3,0.0,0.0,0.09,1.622,1.581,1,0,45494,Wayne Hennessey,1987-01-24,29.6,198.0,right,Goalkeeper,Goalkeeper,Wales,Wales,29,2610,0,0,873,Crystal Palace,2700,4000000.0,4000000.0,1.0,1.0,1.0,same_club
510,Joel Ward,EPL,2016-17,Crystal Palace,D M,38,3420,0,0,1,14,11,0.939,0.939,0.865,4.74,3.518,7,0,92572,Joel Ward,1989-10-29,26.84,186.0,right,Defender,Right-Back,England,England,38,3418,0,1,873,Crystal Palace,3688,5000000.0,5000000.0,1.0,1.0,0.999,same_club
511,Damien Delaney,EPL,2016-17,Crystal Palace,D S,30,1999,0,0,2,5,6,0.214,0.214,1.695,1.637,1.109,8,0,36861,Damien Delaney,1981-07-20,35.12,190.0,left,Defender,Centre-Back,Ireland,Ireland,30,2007,0,2,873,Crystal Palace,2159,1500000.0,1000000.0,0.999,1.0,0.996,same_club
513,Pape Souaré,EPL,2016-17,Crystal Palace,D,3,270,0,0,0,2,2,0.018,0.018,0.15,0.333,0.176,0,0,125868,Pape Souaré,1990-06-06,26.24,178.0,left,Defender,Left-Back,Senegal,Senegal,3,270,0,0,873,Crystal Palace,270,6500000.0,6000000.0,1.0,1.0,1.0,same_club
514,Jason Puncheon,EPL,2016-17,Crystal Palace,M S,36,3099,0,0,5,45,60,1.794,1.794,5.027,6.893,4.81,9,0,47995,Jason Puncheon,1986-06-18,30.21,173.0,left,Midfield,Central Midfield,England,England,36,3096,0,5,873,Crystal Palace,3123,5000000.0,5500000.0,1.0,1.0,0.999,same_club
515,Mile Jedinak,EPL,2016-17,Crystal Palace,M,1,90,0,0,0,0,2,0.0,0.0,0.068,0.111,0.111,0,0,28336,Mile Jedinak,1984-08-03,32.08,187.0,right,Midfield,Defensive Midfield,Australia,Australia,1,90,0,0,873,Crystal Palace,167,5000000.0,4500000.0,1.0,1.0,1.0,same_club
520,Bakary Sako,EPL,2016-17,Crystal Palace,S,7,121,0,0,0,4,1,0.131,0.131,0.09,0.137,0.088,0,0,46791,Bakary Sako,1988-04-26,28.35,183.0,left,Attack,Left Winger,,,7,136,0,0,873,Crystal Palace,136,8000000.0,6000000.0,0.967,1.0,0.89,same_club
524,Adrian Mariappa,EPL,2016-17,Watford,D S,7,556,0,0,0,2,1,0.124,0.124,0.084,0.466,0.466,0,0,38145,Adrian Mariappa,1986-10-03,29.91,179.0,right,Defender,Centre-Back,Jamaica,England,7,561,0,0,1010,Watford FC,651,2000000.0,1000000.0,0.997,1.0,0.991,same_club
525,Martin Kelly,EPL,2016-17,Crystal Palace,D S,29,2145,0,0,2,3,8,0.239,0.239,0.527,2.817,2.51,4,0,78959,Martin Kelly,1990-04-27,26.35,191.0,right,Defender,Right-Back,England,England,29,2129,0,2,873,Crystal Palace,2399,3500000.0,3000000.0,0.998,1.0,0.993,same_club
526,Lee Chung-yong,EPL,2016-17,Crystal Palace,M S,15,463,0,0,1,4,7,0.251,0.251,0.907,0.84,0.303,0,0,81801,Chung-yong Lee,1988-07-02,28.17,180.0,right,Attack,Right Winger,"Korea, South","Korea, South",15,466,0,1,873,Crystal Palace,736,1500000.0,1500000.0,0.998,1.0,0.994,same_club
527,Adrián,EPL,2016-17,West Ham,GK,16,1440,0,0,0,0,1,0.0,0.0,0.027,0.471,0.444,1,0,71271,Adrián San Miguel,1987-01-03,29.66,190.0,right,Goalkeeper,Goalkeeper,Spain,Spain,16,1440,0,0,379,West Ham United,1620,9000000.0,8000000.0,0.97,0.95,1.0,same_club
528,Angelo Ogbonna,EPL,2016-17,West Ham,D,20,1757,0,0,0,3,6,0.07,0.07,0.27,3.345,3.131,2,0,48002,Angelo Ogbonna,1988-05-23,28.28,191.0,left,Defender,Centre-Back,Italy,Italy,20,1755,0,0,379,West Ham United,2025,9000000.0,9000000.0,1.0,1.0,0.999,same_club
534,Aaron Cresswell,EPL,2016-17,West Ham,D M S,26,2124,0,0,2,11,17,0.586,0.586,2.379,5.245,3.411,2,1,92571,Aaron Cresswell,1989-12-15,26.71,170.0,left,Defender,Left-Back,England,England,26,2120,0,2,379,West Ham United,2210,12000000.0,12000000.0,0.999,1.0,0.998,same_club
540,Darren Randolph,EPL,2016-17,West Ham,GK,22,1980,0,0,0,0,0,0.0,0.0,0.0,0.702,0.702,1,0,51321,Darren Randolph,1987-05-12,29.31,187.0,right,Goalkeeper,Goalkeeper,Ireland,Ireland,22,1980,0,0,379,West Ham United,2250,1500000.0,2500000.0,1.0,1.0,1.0,same_club
545,Kieran Gibbs,EPL,2016-17,Arsenal,D M S,11,701,0,0,1,5,10,0.328,0.328,0.664,2.308,1.574,3,0,44792,Kieran Gibbs,1989-09-26,26.93,181.0,left,Defender,Left-Back,England,England,11,703,0,1,11,Arsenal FC,1348,13000000.0,10000000.0,0.999,1.0,0.997,same_club
546,David de Gea,EPL,2016-17,Manchester United,GK,35,3150,0,0,0,0,0,0.0,0.0,0.0,4.725,4.725,2,0,59377,David de Gea,1990-11-07,25.82,192.0,right,Goalkeeper,Goalkeeper,Spain,Spain,35,3150,0,0,985,Manchester United,3600,40000000.0,40000000.0,1.0,1.0,1.0,same_club
549,Timothy Fosu-Mensah,EPL,2016-17,Manchester United,D S,4,95,0,0,0,1,0,0.032,0.032,0.0,0.264,0.232,0,0,315131,Timothy Fosu-Mensah,1998-01-02,18.66,185.0,right,Defender,Right-Back,Netherlands,Netherlands,4,96,0,0,985,Manchester United,271,1000000.0,2500000.0,0.997,1.0,0.99,same_club
555,Memphis Depay,EPL,2016-17,Manchester United,S,4,13,0,0,0,0,0,0.0,0.0,0.0,0.011,0.011,1,0,167850,Memphis Depay,1994-02-13,22.55,178.0,right,Attack,Centre-Forward,Netherlands,Netherlands,4,20,0,0,985,Manchester United,1223,25000000.0,19000000.0,0.977,1.0,0.922,same_club
555,Memphis Depay,EPL,2016-17,Manchester United,S,4,13,0,0,0,0,0,0.0,0.0,0.0,0.011,0.011,1,0,167850,Memphis Depay,1994-02-13,22.55,178.0,right,Attack,Centre-Forward,Netherlands,Netherlands,4,20,0,0,985,Manchester United,1223,25000000.0,19000000.0,0.989,1.0,0.963,same_club
557,Matteo Darmian,EPL,2016-17,Manchester United,D S,18,1333,0,0,0,2,2,0.091,0.091,0.401,5.31,4.91,3,0,54906,Matteo Darmian,1989-12-02,26.75,183.0,right,Defender,Right-Back,Italy,Italy,18,1333,0,0,985,Manchester United,2143,15000000.0,12000000.0,1.0,1.0,1.0,same_club
559,Paddy McNair,EPL,2016-17,Sunderland,M S,9,359,0,0,0,1,3,0.072,0.072,0.188,0.906,0.718,0,0,167268,Paddy McNair,1995-04-27,21.35,189.0,right,Defender,Centre-Back,Northern Ireland,Northern Ireland,9,354,0,0,289,Sunderland AFC,354,4000000.0,4000000.0,0.996,1.0,0.986,same_club
560,Sergio Romero,EPL,2016-17,Manchester United,GK,2,180,0,0,0,0,0,0.0,0.0,0.0,0.115,0.115,0,0,30690,Sergio Romero,1987-02-22,29.52,192.0,right,Goalkeeper,Goalkeeper,Argentina,Argentina,2,180,0,0,985,Manchester United,1550,5000000.0,6000000.0,1.0,1.0,1.0,same_club
564,Heurelho Gomes,EPL,2016-17,Watford,GK,38,3339,0,0,0,0,1,0.0,0.0,0.04,0.729,0.729,1,0,19059,Heurelho Gomes,1981-02-15,35.54,191.0,right,Goalkeeper,Goalkeeper,Brazil,Brazil,38,3339,0,0,1010,Watford FC,3387,1000000.0,1000000.0,1.0,1.0,1.0,same_club
565,Nyom,EPL,2016-17,West Bromwich Albion,D S,32,2640,0,0,2,6,11,0.282,0.282,0.914,3.619,2.735,8,0,111508,Allan Nyom,1988-05-10,28.31,189.0,right,Defender,Right-Back,Cameroon,France,32,2637,0,2,984,West Bromwich Albion,2637,4000000.0,4500000.0,1.0,1.0,0.999,same_club
570,Valon Behrami,EPL,2016-17,Watford,D M S,27,2056,0,0,0,6,5,0.186,0.186,0.417,2.385,1.827,7,0,21905,Valon Behrami,1985-04-19,31.37,184.0,right,Midfield,Defensive Midfield,Switzerland,Jugoslawien (SFR),27,2036,0,0,1010,Watford FC,2036,2500000.0,2500000.0,0.997,1.0,0.99,same_club
571,Ben Watson,EPL,2016-17,Watford,S,4,46,0,0,0,0,0,0.0,0.0,0.0,0.464,0.464,0,1,14081,Ben Watson,1985-07-09,31.15,178.0,right,Midfield,Central Midfield,England,England,4,51,0,0,1010,Watford FC,141,1500000.0,1000000.0,0.983,1.0,0.944,same_club
575,Nordin Amrabat,EPL,2016-17,Watford,D F M S,29,2120,0,0,3,29,30,1.055,1.055,2.759,6.156,2.711,4,0,55619,Nordin Amrabat,1987-03-31,29.42,178.0,right,Attack,Right Winger,Morocco,Netherlands,29,2100,0,3,1010,Watford FC,2100,4500000.0,4500000.0,0.997,1.0,0.991,same_club
577,Ikechi Anya,EPL,2016-17,Watford,S,1,5,0,0,0,0,0,0.0,0.0,0.0,0.0,0.0,0,0,107427,Ikechi Anya,1988-01-03,28.66,166.0,both,Midfield,Left Midfield,Scotland,Scotland,1,9,0,0,1010,Watford FC,129,4000000.0,4000000.0,0.987,1.0,0.956,same_club
580,Costel Pantilimon,EPL,2016-17,Watford,S,2,81,0,0,0,0,0,0.0,0.0,0.0,0.052,0.052,0,0,47659,Costel Pantilimon,1987-02-01,29.58,203.0,right,Goalkeeper,Goalkeeper,Romania,Romania,2,81,0,0,1010,Watford FC,213,4500000.0,3000000.0,1.0,1.0,1.0,same_club
581,Craig Cathcart,EPL,2016-17,Watford,D M S,15,1154,0,0,1,3,4,0.144,0.144,0.718,1.769,1.672,3,0,59606,Craig Cathcart,1989-02-06,27.57,189.0,right,Defender,Centre-Back,Northern Ireland,Northern Ireland,15,1161,0,1,1010,Watford FC,1177,4000000.0,4000000.0,0.998,1.0,0.994,same_club
583,Adlène Guédioura,EPL,2016-17,"Middlesbrough,Watford",M S,17,854,0,0,1,19,8,0.499,0.499,0.659,2.039,1.621,2,0,74768,Adlène Guédioura,1985-11-12,30.8,178.0,right,Midfield,Central Midfield,Algeria,France,17,857,0,1,"641,1010","Middlesbrough FC,Watford FC",947,1000000.0,1000000.0,0.999,1.0,0.996,same_club
584,Joel Robles,EPL,2016-17,Everton,GK S,20,1735,0,0,1,0,1,0.0,0.0,0.085,1.578,1.493,2,0,101118,Joel Robles,1990-06-17,26.21,194.0,right,Goalkeeper,Goalkeeper,Spain,Spain,20,1736,0,1,29,Everton FC,1826,5000000.0,5000000.0,1.0,1.0,0.999,same_club
586,John Stones,EPL,2016-17,Manchester City,D S,27,2011,0,0,0,13,4,1.464,1.464,0.232,7.781,7.582,1,0,186590,John Stones,1994-05-28,22.26,188.0,right,Defender,Centre-Back,England,England,27,2013,0,0,281,Manchester City,3080,28000000.0,35000000.0,1.0,1.0,0.999,same_club
591,Gerard Deulofeu,EPL,2016-17,Everton,F M S,11,452,0,0,0,7,10,0.682,0.682,0.479,2.9,2.003,1,0,129476,Gerard Deulofeu,1994-03-13,22.47,177.0,right,Attack,Centre-Forward,Spain,Spain,11,457,0,0,29,Everton FC,1975,9000000.0,12000000.0,0.997,1.0,0.989,same_club
591,Gerard Deulofeu,EPL,2016-17,Everton,F M S,11,452,0,0,0,7,10,0.682,0.682,0.479,2.9,2.003,1,0,129476,Gerard Deulofeu,1994-03-13,22.47,177.0,right,Attack,Centre-Forward,Spain,Spain,11,457,0,0,29,Everton FC,1975,9000000.0,12000000.0,0.999,1.0,0.997,same_club
593,Aaron Lennon,EPL,2016-17,Everton,F M S,11,511,0,0,1,5,6,0.275,0.275,0.53,2.019,1.774,0,0,14221,Aaron Lennon,1987-04-16,29.38,165.0,right,Attack,Right Winger,England,England,11,509,0,1,29,Everton FC,509,6000000.0,5000000.0,0.999,1.0,0.996,same_club
596,Tom Cleverley,EPL,2016-17,"Everton,Watford",M S,27,1839,0,0,2,10,28,0.743,0.743,1.71,4.138,2.689,4,0,73484,Tom Cleverley,1989-08-12,27.06,175.0,right,Midfield,Central Midfield,England,England,27,1845,0,2,"29,1010","Everton FC,Watford FC",1845,9000000.0,8000000.0,0.999,1.0,0.997,same_club
597,Ramiro Funes Mori,EPL,2016-17,Everton,D S,23,1530,0,0,1,12,4,0.763,0.763,0.981,5.031,4.419,0,0,11111,Ramiro Funes Mori,1991-03-05,25.49,187.0,left,Defender,Centre-Back,Argentina,Argentina,23,1539,0,1,29,Everton FC,1629,12000000.0,12000000.0,0.998,1.0,0.994,same_club
598,Bryan Oviedo,EPL,2016-17,"Everton,Sunderland",D,16,1325,0,0,0,4,10,0.131,0.131,0.901,2.698,1.968,4,0,124983,Bryan Oviedo,1990-02-18,26.54,172.0,left,Defender,Left-Back,Costa Rica,Costa Rica,16,1326,0,0,"29,289","Everton FC,Sunderland AFC",1326,3000000.0,2500000.0,1.0,1.0,0.999,same_club
601,Arouna Koné,EPL,2016-17,Everton,S,6,62,0,0,0,3,1,0.114,0.114,0.022,0.154,0.018,0,0,8552,Arouna Koné,1983-11-11,32.81,181.0,right,Attack,Centre-Forward,Cote d'Ivoire,Cote d'Ivoire,6,72,0,0,29,Everton FC,87,2500000.0,1500000.0,0.967,1.0,0.889,same_club
603,Nathaniel Clyne,EPL,2016-17,Liverpool,D,37,3326,0,0,2,26,45,1.434,1.434,4.597,14.72,11.414,0,0,85177,Nathaniel Clyne,1991-04-05,25.41,175.0,right,Defender,Right-Back,England,England,37,3324,0,2,31,Liverpool FC,3324,21000000.0,21000000.0,1.0,1.0,0.999,same_club
608,Alberto Moreno,EPL,2016-17,Liverpool,D S,12,282,0,0,1,3,5,0.21,0.21,0.307,2.126,1.916,1,0,207917,Alberto Moreno,1992-07-05,24.16,171.0,left,Defender,Left-Back,Spain,Spain,12,298,0,1,31,Liverpool FC,568,15000000.0,10000000.0,0.984,1.0,0.946,same_club
615,Fernando,EPL,2016-17,Manchester City,D M S,15,547,0,0,0,2,3,0.104,0.104,0.16,2.999,2.799,3,0,51174,Fernando,1987-07-25,29.11,183.0,right,Midfield,Defensive Midfield,Brazil,Brazil,15,559,0,0,281,Manchester City,923,16000000.0,10000000.0,0.994,1.0,0.979,same_club
616,Jesús Navas,EPL,2016-17,Manchester City,D F M S,24,1053,0,0,0,8,21,0.23,0.23,2.43,7.422,5.563,2,0,15956,Jesús Navas,1985-11-21,30.78,170.0,right,Midfield,Right Midfield,Spain,Spain,24,1057,0,2,281,Manchester City,1618,20000000.0,12000000.0,0.999,1.0,0.996,same_club
624,Willy Caballero,EPL,2016-17,Manchester City,GK S,17,1450,0,0,0,0,0,0.0,0.0,0.0,2.995,2.995,0,0,19948,Willy Caballero,1981-09-28,34.93,186.0,right,Goalkeeper,Goalkeeper,Argentina,Argentina,17,1451,0,0,281,Manchester City,2113,2000000.0,1500000.0,1.0,1.0,0.999,same_club
625,Bacary Sagna,EPL,2016-17,Manchester City,D S,17,1341,0,0,1,4,8,0.072,0.072,0.69,5.571,5.356,2,0,26764,Bacary Sagna,1983-02-14,33.55,176.0,right,Defender,Right-Back,France,France,17,1345,0,1,281,Manchester City,1849,8000000.0,4000000.0,0.999,1.0,0.997,same_club
631,Ashley Young,EPL,2016-17,Manchester United,D M S,12,757,0,0,1,5,11,0.254,0.254,0.871,2.62,1.906,2,0,14086,Ashley Young,1985-07-09,31.15,175.0,both,Defender,Right-Back,England,England,12,758,0,1,985,Manchester United,1350,10000000.0,5000000.0,1.0,1.0,0.999,same_club
632,Jordon Mutch,EPL,2016-17,Crystal Palace,S,4,42,0,0,0,0,1,0.0,0.0,0.019,0.094,0.075,0,0,57207,Jordon Mutch,1991-12-02,24.75,184.0,right,Midfield,Central Midfield,England,England,4,50,0,0,873,Crystal Palace,205,4000000.0,3000000.0,0.973,1.0,0.911,same_club
637,Hugo Lloris,EPL,2016-17,Tottenham,GK,34,3004,0,0,0,0,2,0.0,0.0,0.045,4.16,4.116,0,0,17965,Hugo Lloris,1986-12-26,29.68,188.0,left,Goalkeeper,Goalkeeper,France,France,34,3005,0,0,148,Tottenham Hotspur,3815,24000000.0,24000000.0,1.0,1.0,1.0,same_club
638,Kyle Walker,EPL,2016-17,Tottenham,D M S,33,2710,0,0,5,19,39,0.689,0.689,3.702,11.032,7.576,8,0,95424,Kyle Walker,1990-05-28,26.26,183.0,right,Defender,Right-Back,England,England,33,2704,0,5,148,Tottenham Hotspur,3176,15000000.0,30000000.0,0.999,1.0,0.998,same_club
640,Jan Vertonghen,EPL,2016-17,Tottenham,D,33,2902,0,0,0,14,7,0.59,0.59,0.314,9.541,9.191,5,0,43250,Jan Vertonghen,1987-04-24,29.36,189.0,left,Defender,Centre-Back,Belgium,Belgium,33,2897,0,0,148,Tottenham Hotspur,3707,23000000.0,28000000.0,0.999,1.0,0.998,same_club
650,Kevin Wimmer,EPL,2016-17,Tottenham,D S,5,357,0,0,0,0,1,0.0,0.0,0.036,0.98,0.98,3,0,122675,Kevin Wimmer,1992-11-15,23.79,187.0,left,Defender,Centre-Back,Austria,Austria,5,356,0,0,148,Tottenham Hotspur,597,7000000.0,7000000.0,0.999,1.0,0.997,same_club
651,Michel Vorm,EPL,2016-17,Tottenham,GK S,5,416,0,0,0,0,0,0.0,0.0,0.0,0.257,0.257,0,0,26276,Michel Vorm,1983-10-20,32.87,183.0,right,Goalkeeper,Goalkeeper,Netherlands,Netherlands,5,415,0,0,148,Tottenham Hotspur,775,5000000.0,4000000.0,0.999,1.0,0.998,same_club
652,Kieran Trippier,EPL,2016-17,Tottenham,D M S,12,561,0,0,5,3,14,0.079,0.079,2.761,3.441,1.761,1,0,95810,Kieran Trippier,1990-09-19,25.95,173.0,right,Defender,Right-Back,England,England,12,566,0,5,148,Tottenham Hotspur,1286,6000000.0,10000000.0,0.997,1.0,0.991,same_club
654,Michael Carrick,EPL,2016-17,Manchester United,M S,23,1607,0,0,0,8,12,0.211,0.211,0.574,4.909,4.236,2,0,3878,Michael Carrick,1981-07-28,35.1,189.0,right,Midfield,Defensive Midfield,England,England,23,1599,0,0,985,Manchester United,2294,3000000.0,1500000.0,0.999,1.0,0.995,same_club
661,Josh Onomah,EPL,2016-17,Tottenham,S,5,11,0,0,0,1,0,0.087,0.087,0.0,0.11,0.024,0,0,243589,Josh Onomah,1997-04-27,19.35,185.0,right,Midfield,Central Midfield,England,England,5,18,0,0,148,Tottenham Hotspur,97,2000000.0,2500000.0,0.977,1.0,0.922,same_club
662,Brad Guzan,EPL,2016-17,Middlesbrough,GK,10,900,0,0,0,0,0,0.0,0.0,0.0,0.505,0.505,0,0,39471,Brad Guzan,1984-09-09,31.98,193.0,left,Goalkeeper,Goalkeeper,United States,United States,10,900,0,0,641,Middlesbrough FC,1170,2500000.0,1000000.0,1.0,1.0,1.0,same_club
664,Joleon Lescott,EPL,2016-17,Sunderland,D S,2,120,0,0,0,0,0,0.0,0.0,0.0,0.011,0.011,0,0,4241,Joleon Lescott,1982-08-16,34.05,191.0,left,Defender,Centre-Back,England,England,2,123,0,0,289,Sunderland AFC,483,1000000.0,1000000.0,0.993,1.0,0.976,same_club
669,Ashley Westwood,EPL,2016-17,Burnley,M S,9,549,0,0,0,2,5,0.032,0.032,0.151,0.826,0.706,3,0,91317,Ashley Westwood,1990-04-01,26.42,174.0,right,Midfield,Defensive Midfield,England,England,9,550,0,0,1132,Burnley FC,640,4000000.0,4000000.0,0.999,1.0,0.998,same_club
680,Thibaut Courtois,EPL,2016-17,Chelsea,GK,36,3240,0,0,0,0,0,0.0,0.0,0.0,3.577,3.577,1,0,108390,Thibaut Courtois,1992-05-11,24.31,199.0,left,Goalkeeper,Goalkeeper,Belgium,Belgium,36,3240,0,0,631,Chelsea FC,3510,35000000.0,40000000.0,1.0,1.0,1.0,same_club
682,Branislav Ivanovic,EPL,2016-17,Chelsea,D S,13,578,0,0,0,7,3,0.324,0.324,0.186,2.446,2.267,2,0,36827,Branislav Ivanovic,1984-02-22,32.53,185.0,right,Defender,Right-Back,Serbia,Jugoslawien (SFR),13,584,0,0,631,Chelsea FC,1619,10000000.0,5000000.0,0.997,1.0,0.99,same_club
688,Ruben Loftus-Cheek,EPL,2016-17,Chelsea,S,6,23,0,0,0,1,0,0.138,0.138,0.0,0.244,0.106,0,0,202886,Ruben Loftus-Cheek,1996-01-23,20.61,191.0,right,Midfield,Central Midfield,England,England,6,32,0,0,631,Chelsea FC,196,5000000.0,5000000.0,0.97,1.0,0.9,same_club
689,Kenedy,EPL,2016-17,"Chelsea,Watford",M S,2,91,0,0,0,3,1,0.158,0.158,0.042,0.178,0.0,0,0,281404,Kenedy,1996-02-08,20.56,185.0,left,Attack,Left Winger,Brazil,Brazil,2,90,0,0,"631,1010","Chelsea FC,Watford FC",109,8000000.0,7000000.0,0.997,1.0,0.989,same_club
690,Loïc Remy,EPL,2016-17,Crystal Palace,F S,5,121,0,0,0,6,2,0.353,0.353,0.082,0.434,0.041,0,0,45121,Loïc Rémy,1987-01-02,29.66,185.0,right,Attack,Centre-Forward,France,France,5,131,0,0,873,Crystal Palace,284,9000000.0,9000000.0,0.977,1.0,0.924,same_club
692,Oscar,EPL,2016-17,Chelsea,M S,9,457,0,0,1,12,15,0.491,0.491,1.235,3.436,2.497,1,0,85314,Oscar,1991-09-09,24.98,180.0,right,Midfield,Attacking Midfield,Brazil,Brazil,9,457,0,1,631,Chelsea FC,457,35000000.0,22000000.0,1.0,1.0,1.0,same_club
694,Asmir Begovic,EPL,2016-17,Chelsea,GK,2,180,0,0,0,0,0,0.0,0.0,0.0,0.026,0.026,0,0,33873,Asmir Begovic,1987-06-20,29.2,199.0,right,Goalkeeper,Goalkeeper,Bosnia-Herzegovina,Jugoslawien (SFR),2,180,0,0,631,Chelsea FC,450,10000000.0,8000000.0,1.0,1.0,1.0,same_club
706,Lukasz Fabianski,EPL,2016-17,Swansea,GK,37,3330,0,0,0,0,0,0.0,0.0,0.0,2.204,2.204,1,0,29692,Lukasz Fabianski,1985-04-18,31.37,190.0,right,Goalkeeper,Goalkeeper,Poland,Poland,37,3330,0,0,2288,Swansea City,3330,9000000.0,9000000.0,1.0,1.0,1.0,same_club
708,Federico Fernández,EPL,2016-17,Swansea,D,27,2430,0,0,2,15,3,1.651,1.651,0.796,3.939,3.8,7,0,85475,Federico Fernández,1989-02-21,27.53,190.0,right,Defender,Centre-Back,Argentina,Argentina,27,2430,0,2,2288,Swansea City,2520,9000000.0,9000000.0,1.0,1.0,1.0,same_club
710,Neil Taylor,EPL,2016-17,Swansea,D,11,923,0,0,0,4,2,0.055,0.055,0.05,1.757,1.686,1,0,67416,Neil Taylor,1989-02-07,27.56,176.0,left,Defender,Left-Back,Wales,Wales,11,922,0,0,2288,Swansea City,922,6000000.0,6000000.0,1.0,1.0,0.999,same_club
712,Jack Cork,EPL,2016-17,Swansea,M S,30,2233,0,0,0,18,13,1.332,1.332,1.221,5.689,4.599,7,0,40613,Jack Cork,1989-06-25,27.19,185.0,right,Midfield,Defensive Midfield,England,England,30,2233,0,0,2288,Swansea City,2323,5000000.0,5000000.0,1.0,1.0,1.0,same_club
715,Jefferson Montero,EPL,2016-17,Swansea,F M S,13,359,0,0,1,4,10,0.176,0.176,1.265,1.747,0.809,0,0,77932,Jefferson Montero,1989-09-01,27.0,170.0,right,Attack,Left Winger,Ecuador,Ecuador,13,375,0,1,2288,Swansea City,375,5500000.0,4500000.0,0.987,1.0,0.957,same_club
720,Modou Barrow,EPL,2016-17,Swansea,F M S,18,1165,0,0,2,15,21,0.885,0.885,2.249,4.228,2.098,1,0,189070,Modou Barrow,1992-10-13,23.89,176.0,left,Attack,Left Winger,The Gambia,The Gambia,18,1149,0,2,2288,Swansea City,1149,3000000.0,3000000.0,0.996,1.0,0.986,same_club
721,Jordi Amat,EPL,2016-17,Swansea,D S,17,1409,0,0,0,7,2,0.827,0.827,0.041,2.99,2.935,5,0,85289,Jordi Amat,1992-03-21,24.45,185.0,right,Defender,Centre-Back,Indonesia,Spain,17,1408,0,0,2288,Swansea City,1408,2500000.0,2500000.0,1.0,1.0,0.999,same_club
722,Kristoffer Nordfeldt,EPL,2016-17,Swansea,GK,1,90,0,0,0,0,0,0.0,0.0,0.0,0.085,0.085,0,0,75890,Kristoffer Nordfeldt,1989-06-23,27.19,190.0,right,Goalkeeper,Goalkeeper,Sweden,Sweden,1,90,0,0,2288,Swansea City,180,2500000.0,1500000.0,1.0,1.0,1.0,same_club
723,Ki Sung-yueng,EPL,2016-17,Swansea,M S,23,1286,0,0,1,9,12,0.316,0.316,0.423,2.508,2.078,3,0,81796,Sung-yueng Ki,1989-01-24,27.6,188.0,right,Midfield,Defensive Midfield,"Korea, South","Korea, South",23,1287,0,1,2288,Swansea City,1377,7500000.0,7000000.0,1.0,1.0,0.999,same_club
725,Ola Aina,EPL,2016-17,Chelsea,S,3,20,0,0,0,1,0,0.041,0.041,0.0,0.068,0.027,0,0,236490,Ola Aina,1996-10-08,19.9,184.0,right,Defender,Right-Back,Nigeria,England,3,24,0,0,631,Chelsea FC,57,500000.0,1000000.0,0.987,1.0,0.956,same_club
726,Vito Mannone,EPL,2016-17,Sunderland,GK,9,810,0,0,0,0,0,0.0,0.0,0.0,0.0,0.0,0,0,33781,Vito Mannone,1988-03-02,28.5,188.0,right,Goalkeeper,Goalkeeper,Italy,Italy,9,810,0,0,289,Sunderland AFC,990,2500000.0,2500000.0,1.0,1.0,1.0,same_club
729,John O&#039;Shea,EPL,2016-17,Sunderland,D M S,28,2162,0,0,1,3,1,0.173,0.173,0.479,1.365,1.365,5,0,3540,John O'Shea,1981-04-30,35.34,192.0,right,Defender,Centre-Back,Ireland,Ireland,28,2160,0,1,289,Sunderland AFC,2166,1000000.0,1000000.0,0.97,0.95,0.999,same_club
733,Jack Rodwell,EPL,2016-17,Sunderland,M S,20,1497,0,0,1,19,8,1.153,1.153,0.731,2.177,0.723,4,0,57079,Jack Rodwell,1991-03-11,25.48,188.0,right,Midfield,Defensive Midfield,England,England,20,1493,0,1,289,Sunderland AFC,1583,7000000.0,5000000.0,0.999,1.0,0.997,same_club
738,Lee Cattermole,EPL,2016-17,Sunderland,M,8,652,0,0,0,4,2,0.07,0.07,0.026,0.444,0.392,4,0,37363,Lee Cattermole,1988-03-21,28.45,178.0,right,Midfield,Defensive Midfield,England,England,8,640,0,0,289,Sunderland AFC,640,3500000.0,3000000.0,0.994,1.0,0.982,same_club
740,Sebastian Larsson,EPL,2016-17,Sunderland,M S,21,1472,0,0,1,16,23,0.714,0.714,1.948,2.191,1.437,4,1,31720,Sebastian Larsson,1985-06-06,31.24,178.0,right,Midfield,Central Midfield,Sweden,Sweden,21,1471,0,1,289,Sunderland AFC,1645,2500000.0,2500000.0,1.0,1.0,0.999,same_club
741,Jordan Pickford,EPL,2016-17,Sunderland,GK,29,2610,0,0,0,0,4,0.0,0.0,0.541,1.377,0.836,0,0,130164,Jordan Pickford,1994-03-07,22.49,185.0,left,Goalkeeper,Goalkeeper,England,England,29,2610,0,0,289,Sunderland AFC,2610,1000000.0,15000000.0,1.0,1.0,1.0,same_club
745,Kasper Schmeichel,EPL,2016-17,Leicester,GK,30,2668,0,0,0,0,0,0.0,0.0,0.0,0.95,0.95,1,0,16911,Kasper Schmeichel,1986-11-05,29.82,189.0,right,Goalkeeper,Goalkeeper,Denmark,Denmark,30,2667,0,0,1003,Leicester City,3657,8000000.0,10000000.0,1.0,1.0,1.0,same_club
746,Danny Simpson,EPL,2016-17,Leicester,D S,35,2994,0,0,2,2,11,0.107,0.107,0.839,4.836,4.296,12,0,37442,Danny Simpson,1987-01-04,29.66,176.0,right,Defender,Right-Back,England,England,35,2990,0,2,1003,Leicester City,3773,5000000.0,5000000.0,1.0,1.0,0.999,same_club
757,Jeffrey Schlupp,EPL,2016-17,"Crystal Palace,Leicester",D M S,19,1129,0,0,0,3,6,0.104,0.104,0.394,2.762,2.626,0,0,157506,Jeffrey Schlupp,1992-12-23,23.69,178.0,left,Midfield,Left Midfield,Ghana,Germany,19,1137,0,1,"873,1003","Crystal Palace,Leicester City",1361,8000000.0,8000000.0,0.998,1.0,0.993,same_club
760,Marcin Wasilewski,EPL,2016-17,Leicester,D,1,90,0,0,0,0,0,0.0,0.0,0.0,0.0,0.0,0,0,16947,Marcin Wasilewski,1980-06-09,36.23,186.0,right,Defender,Centre-Back,Poland,Poland,1,90,0,0,1003,Leicester City,320,500000.0,50000.0,1.0,1.0,1.0,same_club
772,Moussa Sissoko,EPL,2016-17,Tottenham,F M S,25,878,0,0,2,17,21,0.865,0.865,1.04,4.679,3.227,3,0,46001,Moussa Sissoko,1989-08-16,27.04,187.0,right,Midfield,Central Midfield,France,France,25,903,0,3,148,Tottenham Hotspur,1309,18000000.0,20000000.0,0.992,1.0,0.972,same_club
781,Jeremain Lens,EPL,2016-17,Sunderland,S,2,64,0,0,0,3,2,0.127,0.127,0.19,0.53,0.26,0,0,38497,Jeremain Lens,1987-11-24,28.77,178.0,right,Attack,Right Winger,Netherlands,Netherlands,2,68,0,0,289,Sunderland AFC,2604,11000000.0,11000000.0,0.987,1.0,0.956,same_club
783,Nathan Dyer,EPL,2016-17,Swansea,F M S,8,203,0,0,1,3,3,0.087,0.087,0.129,0.292,0.175,0,0,37011,Nathan Dyer,1987-11-29,28.76,165.0,right,Attack,Right Winger,England,England,8,211,0,1,2288,Swansea City,274,4000000.0,3500000.0,0.989,1.0,0.962,same_club
795,Dieumerci Mbokani,EPL,2016-17,Hull,F S,12,765,0,0,1,14,8,1.55,1.55,0.451,1.696,0.379,0,0,44624,Dieumerci Mbokani,1985-11-22,30.78,185.0,right,Attack,Centre-Forward,DR Congo,Zaire,12,763,0,2,3008,Hull City,763,7000000.0,5000000.0,0.999,1.0,0.997,same_club
803,Ben Foster,EPL,2016-17,West Bromwich Albion,GK,38,3420,0,0,0,1,2,0.032,0.032,0.092,0.668,0.668,2,0,13572,Ben Foster,1983-04-03,33.42,193.0,left,Goalkeeper,Goalkeeper,England,England,38,3420,0,0,984,West Bromwich Albion,3420,4000000.0,4000000.0,1.0,1.0,1.0,same_club
805,Jonas Olsson,EPL,2016-17,West Bromwich Albion,D,7,593,0,0,0,3,0,0.195,0.195,0.0,0.744,0.744,3,0,25248,Jonas Olsson,1983-03-10,33.48,193.0,left,Defender,Centre-Back,Sweden,Sweden,7,591,0,0,984,West Bromwich Albion,669,1500000.0,1100000.0,0.999,1.0,0.997,same_club
808,Claudio Yacob,EPL,2016-17,West Bromwich Albion,M S,33,2416,0,0,0,9,6,0.628,0.628,0.318,2.957,2.637,9,0,45330,Claudio Yacob,1987-07-18,29.13,182.0,right,Midfield,Defensive Midfield,Argentina,Argentina,33,2422,0,0,984,West Bromwich Albion,2512,4000000.0,4000000.0,0.999,1.0,0.998,same_club
811,Saido Berahino,EPL,2016-17,"Stoke,West Bromwich Albion",F S,17,974,0,0,0,19,5,2.908,2.908,0.57,3.663,1.16,1,0,128897,Saido Berahino,1993-08-04,23.08,180.0,right,Attack,Centre-Forward,Burundi,Burundi,17,966,0,0,"512,984","Stoke City,West Bromwich Albion",966,15000000.0,15000000.0,0.998,1.0,0.992,same_club
812,Craig Gardner,EPL,2016-17,West Bromwich Albion,M S,9,207,0,0,1,2,10,0.109,0.109,1.541,0.449,0.312,1,0,37171,Craig Gardner,1986-11-25,29.77,176.0,right,Midfield,Central Midfield,England,England,9,213,0,1,984,West Bromwich Albion,213,3500000.0,3500000.0,0.992,1.0,0.972,same_club
816,Rickie Lambert,EPL,2016-17,West Bromwich Albion,S,1,9,0,0,0,2,1,0.173,0.173,0.135,0.173,0.0,0,0,49655,Rickie Lambert,1982-02-16,34.54,187.0,right,Attack,Centre-Forward,England,England,1,12,0,0,984,West Bromwich Albion,81,2500000.0,1500000.0,0.99,1.0,0.967,same_club
830,Leon Britton,EPL,2016-17,Swansea,M,16,1201,0,0,0,0,2,0.0,0.0,0.062,2.623,2.607,3,0,40043,Leon Britton,1982-09-16,33.96,167.0,right,Midfield,Central Midfield,England,England,16,1177,0,0,2288,Swansea City,1177,1500000.0,1000000.0,0.994,1.0,0.98,same_club
831,Fraser Forster,EPL,2016-17,Southampton,GK,38,3420,0,0,0,0,1,0.0,0.0,0.345,3.663,3.663,3,0,52570,Fraser Forster,1988-03-17,28.46,201.0,right,Goalkeeper,Goalkeeper,England,England,38,3420,0,0,180,Southampton FC,3960,15000000.0,15000000.0,1.0,1.0,1.0,same_club
832,Cuco Martina,EPL,2016-17,Southampton,D S,9,595,0,0,0,1,5,0.035,0.035,0.224,1.144,0.909,0,0,91251,Cuco Martina,1989-09-25,26.93,185.0,right,Defender,Centre-Back,Curacao,Netherlands,9,591,0,0,180,Southampton FC,1221,2000000.0,2000000.0,0.998,1.0,0.993,same_club
834,José Fonte,EPL,2016-17,"Southampton,West Ham",D,33,2937,0,0,0,17,8,0.818,0.818,0.396,6.175,6.015,4,0,33829,José Fonte,1983-12-22,32.7,191.0,right,Defender,Centre-Back,Portugal,Portugal,33,2935,0,0,"180,379","Southampton FC,West Ham United",2935,6000000.0,7000000.0,1.0,1.0,0.999,same_club
846,Maarten Stekelenburg,EPL,2016-17,Everton,GK,19,1685,0,0,0,0,0,0.0,0.0,0.0,1.205,1.205,2,0,4311,Maarten Stekelenburg,1982-09-22,33.94,197.0,right,Goalkeeper,Goalkeeper,,,19,1684,0,0,29,Everton FC,1684,1000000.0,2000000.0,1.0,1.0,0.999,same_club
847,Cédric Soares,EPL,2016-17,Southampton,D,30,2524,0,0,3,20,39,0.652,0.652,3.075,9.597,7.324,7,0,112988,Cédric Soares,1991-08-31,25.0,171.0,right,Defender,Right-Back,Portugal,Germany,30,2520,0,3,180,Southampton FC,2610,12000000.0,15000000.0,1.0,1.0,0.998,same_club
856,Jack Butland,EPL,2016-17,Stoke,GK,5,450,0,0,0,0,0,0.0,0.0,0.0,1.255,1.255,0,0,128899,Jack Butland,1993-03-10,23.48,196.0,right,Goalkeeper,Goalkeeper,England,England,5,450,0,0,512,Stoke City,450,9000000.0,15000000.0,1.0,1.0,1.0,same_club
857,Phil Bardsley,EPL,2016-17,Stoke,D S,15,1177,0,0,0,11,9,0.209,0.209,1.05,3.435,2.362,4,1,15773,Phil Bardsley,1985-06-28,31.18,180.0,right,Defender,Right-Back,Scotland,England,15,1171,0,0,512,Stoke City,1171,1500000.0,1500000.0,0.998,1.0,0.995,same_club
858,Philipp Wollscheid,EPL,2016-17,Stoke,D,2,180,0,0,0,1,0,0.014,0.014,0.0,0.126,0.126,1,0,53173,Philipp Wollscheid,1989-03-06,27.49,,,Defender,Centre-Back,Germany,Germany,2,180,0,0,512,Stoke City,721,7500000.0,2500000.0,1.0,1.0,1.0,same_club
858,Philipp Wollscheid,EPL,2016-17,Stoke,D,2,180,0,0,0,1,0,0.014,0.014,0.0,0.126,0.126,1,0,53173,Philipp Wollscheid,1989-03-06,27.49,,,Defender,Centre-Back,Germany,Germany,2,180,0,0,512,Stoke City,721,7500000.0,2500000.0,1.0,1.0,1.0,same_club
859,Geoff Cameron,EPL,2016-17,Stoke,D M S,19,1626,0,0,1,11,10,1.254,1.254,0.835,6.054,4.397,1,0,31642,Geoff Cameron,1985-07-11,31.14,190.0,right,Defender,Centre-Back,United States,United States,19,1628,0,1,512,Stoke City,1628,3000000.0,3000000.0,1.0,1.0,0.999,same_club
861,Giannelli Imbula,EPL,2016-17,Stoke,M S,12,800,0,0,0,9,5,0.335,0.335,0.291,1.724,1.284,1,0,130756,Giannelli Imbula,1992-09-12,23.97,186.0,left,Midfield,Defensive Midfield,DR Congo,Belgium,12,796,0,0,512,Stoke City,841,18000000.0,12000000.0,0.998,1.0,0.995,same_club
862,Glenn Whelan,EPL,2016-17,Stoke,M S,30,2285,0,0,1,6,21,0.108,0.108,1.352,9.217,8.183,5,0,12124,Glenn Whelan,1984-01-13,32.64,180.0,right,Midfield,Defensive Midfield,Ireland,Ireland,30,2278,0,1,512,Stoke City,2278,3000000.0,2500000.0,0.999,1.0,0.997,same_club
864,Ibrahim Afellay,EPL,2016-17,Stoke,M S,12,363,0,0,0,6,1,0.652,0.652,0.326,1.303,0.959,0,0,15760,Ibrahim Afellay,1986-04-02,30.42,181.0,right,Midfield,Attacking Midfield,Netherlands,Netherlands,12,377,0,0,512,Stoke City,467,5000000.0,3000000.0,0.989,1.0,0.963,same_club
877,Samir Nasri,EPL,2016-17,Manchester City,S,1,13,0,0,0,3,1,0.536,0.536,0.107,0.922,0.279,0,0,18935,Samir Nasri,1987-06-26,29.19,177.0,right,Midfield,Attacking Midfield,France,France,1,15,0,0,281,Manchester City,2415,15000000.0,16000000.0,0.993,1.0,0.978,same_club
877,Samir Nasri,EPL,2016-17,Manchester City,S,1,13,0,0,0,3,1,0.536,0.536,0.107,0.922,0.279,0,0,18935,Samir Nasri,1987-06-26,29.19,177.0,right,Midfield,Attacking Midfield,France,France,1,15,0,0,281,Manchester City,2415,15000000.0,16000000.0,0.999,1.0,0.997,same_club
879,Jonathan Leko,EPL,2016-17,West Bromwich Albion,S,9,99,0,0,1,0,2,0.0,0.0,0.142,0.249,0.12,0,0,314266,Jonathan Leko,1999-04-24,17.36,182.0,right,Attack,Right Winger,England,DR Congo,9,111,0,1,984,West Bromwich Albion,111,1500000.0,1500000.0,0.968,1.0,0.892,same_club
883,Steven Davis,EPL,2016-17,Southampton,M S,32,2643,0,0,3,31,32,2.513,2.513,2.834,13.408,10.168,3,0,28973,Steven Davis,1985-01-01,31.67,172.0,right,Midfield,Central Midfield,Northern Ireland,Northern Ireland,32,2644,0,3,180,Southampton FC,2766,6000000.0,6000000.0,1.0,1.0,1.0,same_club
884,Matt Targett,EPL,2016-17,Southampton,D,5,373,0,0,0,2,5,0.076,0.076,0.291,0.585,0.411,0,0,250478,Matt Targett,1995-09-18,20.96,183.0,left,Defender,Left-Back,England,England,5,374,0,0,180,Southampton FC,554,3000000.0,3000000.0,0.999,1.0,0.997,same_club
887,Erik Pieters,EPL,2016-17,Stoke,D M S,36,3151,0,0,1,9,18,0.765,0.765,1.561,9.094,7.222,4,0,43763,Erik Pieters,1988-08-07,28.07,183.0,left,Defender,Centre-Back,Netherlands,Netherlands,36,3151,0,1,512,Stoke City,3241,7000000.0,7000000.0,1.0,1.0,1.0,same_club
889,Shay Given,EPL,2016-17,Stoke,GK,5,450,0,0,0,0,0,0.0,0.0,0.0,0.332,0.332,1,0,3146,Shay Given,1976-04-20,40.37,185.0,right,Goalkeeper,Goalkeeper,Ireland,Ireland,5,450,0,0,512,Stoke City,450,500000.0,250000.0,1.0,1.0,1.0,same_club
892,Stephen Kingsley,EPL,2016-17,Swansea,D S,13,1038,0,0,0,4,4,0.103,0.103,0.145,1.183,1.049,0,0,184398,Stephen Kingsley,1994-07-23,22.11,178.0,left,Defender,Left-Back,Scotland,Scotland,13,1036,0,0,2288,Swansea City,1103,500000.0,750000.0,0.999,1.0,0.998,same_club
895,Mathieu Flamini,EPL,2016-17,Crystal Palace,M S,10,272,0,0,0,1,1,0.033,0.033,0.079,0.112,0.0,0,0,17396,Mathieu Flamini,1984-03-07,32.49,178.0,right,Midfield,Defensive Midfield,France,France,10,269,0,0,873,Crystal Palace,539,4000000.0,2000000.0,0.997,1.0,0.989,same_club
896,Jay Fulton,EPL,2016-17,Swansea,M S,11,700,0,0,0,3,3,0.086,0.086,0.075,1.192,1.053,2,0,171260,Jay Fulton,1994-04-04,22.41,185.0,right,Midfield,Central Midfield,Scotland,England,11,692,0,0,2288,Swansea City,692,250000.0,500000.0,0.997,1.0,0.989,same_club
900,Adama Traoré,EPL,2016-17,Middlesbrough,F M S,27,1530,0,0,1,11,18,0.95,0.95,1.444,3.724,1.46,1,0,204103,Adama Traoré,1996-01-25,20.6,178.0,right,Attack,Right Winger,Spain,Spain,27,1537,0,1,641,Middlesbrough FC,1790,7000000.0,8000000.0,0.999,1.0,0.995,same_club
902,Sam Byram,EPL,2016-17,West Ham,D M S,18,1237,0,0,1,8,7,0.257,0.257,0.923,5.037,4.578,5,1,236953,Sam Byram,1993-09-16,22.96,183.0,right,Defender,Left-Back,England,England,18,1248,0,1,379,West Ham United,1608,4500000.0,4500000.0,0.997,1.0,0.991,same_club
909,Brendan Galloway,EPL,2016-17,West Bromwich Albion,D,3,251,0,0,0,2,1,0.084,0.084,0.074,0.929,0.844,0,0,208244,Brendan Galloway,1996-03-17,20.46,186.0,left,Defender,Left-Back,Zimbabwe,Zimbabwe,3,248,0,0,984,West Bromwich Albion,316,3000000.0,3000000.0,0.996,1.0,0.988,same_club
910,Harrison Reed,EPL,2016-17,Southampton,M S,3,62,0,0,0,0,0,0.0,0.0,0.0,0.129,0.129,0,0,226973,Harrison Reed,1995-01-27,21.6,181.0,right,Midfield,Central Midfield,England,England,3,62,0,0,180,Southampton FC,286,1500000.0,1000000.0,1.0,1.0,1.0,same_club
919,Duncan Watmore,EPL,2016-17,Sunderland,F M S,14,1044,0,0,2,16,11,0.955,0.955,1.677,3.742,1.881,1,0,248045,Duncan Watmore,1994-03-08,22.49,175.0,right,Attack,Right Winger,England,England,14,1029,0,3,289,Sunderland AFC,1029,2500000.0,3000000.0,0.996,1.0,0.986,same_club
921,Darron Gibson,EPL,2016-17,Sunderland,M S,12,647,0,0,0,6,2,0.136,0.136,0.042,0.521,0.455,4,0,42413,Darron Gibson,1987-10-25,28.85,183.0,right,Midfield,Central Midfield,Ireland,Northern Ireland,12,641,0,0,289,Sunderland AFC,641,1500000.0,1500000.0,0.997,1.0,0.991,same_club
924,Steven Pienaar,EPL,2016-17,Sunderland,F M S,15,815,0,0,0,4,7,0.752,0.752,0.166,2.166,1.421,5,1,4321,Steven Pienaar,1982-03-17,34.46,170.0,both,Midfield,Left Midfield,South Africa,South Africa,15,808,0,0,289,Sunderland AFC,808,1500000.0,1000000.0,0.997,1.0,0.991,same_club
934,Axel Tuanzebe,EPL,2016-17,Manchester United,D M,4,307,0,0,0,2,1,0.04,0.04,0.055,0.272,0.248,0,0,342046,Axel Tuanzebe,1997-11-14,18.8,188.0,right,Defender,Centre-Back,DR Congo,DR Congo,4,305,0,0,985,Manchester United,327,,1000000.0,0.998,1.0,0.993,same_club
935,Kurt Zouma,EPL,2016-17,Chelsea,D S,9,241,0,0,1,1,1,0.041,0.041,0.574,0.0,0.0,0,0,157509,Kurt Zouma,1994-10-27,21.85,190.0,right,Defender,Centre-Back,France,France,9,246,0,1,631,Chelsea FC,517,17000000.0,15000000.0,0.994,1.0,0.98,same_club
938,Carl Jenkinson,EPL,2016-17,Arsenal,D,1,84,0,0,0,0,0,0.0,0.0,0.0,0.012,0.012,0,0,126321,Carl Jenkinson,1992-02-08,24.56,185.0,right,Defender,Right-Back,England,England,1,83,0,0,11,Arsenal FC,254,9000000.0,5000000.0,0.997,1.0,0.989,same_club
939,Mauro Zárate,EPL,2016-17,Watford,F M,3,217,0,0,0,8,4,0.314,0.314,0.089,0.488,0.158,0,0,26456,Mauro Zárate,1987-03-18,29.46,175.0,right,Attack,Centre-Forward,Argentina,Argentina,3,206,0,1,1010,Watford FC,483,3000000.0,2000000.0,0.985,1.0,0.949,same_club
939,Mauro Zárate,EPL,2016-17,Watford,F M,3,217,0,0,0,8,4,0.314,0.314,0.089,0.488,0.158,0,0,26456,Mauro Zárate,1987-03-18,29.46,175.0,right,Attack,Centre-Forward,Argentina,Argentina,3,206,0,1,1010,Watford FC,483,3000000.0,2000000.0,0.977,1.0,0.922,same_club
944,Glen Johnson,EPL,2016-17,Stoke,D M S,23,1952,0,0,0,8,11,0.46,0.46,1.469,6.955,5.459,1,0,3881,Glen Johnson,1984-08-23,32.02,182.0,both,Defender,Right-Back,England,England,23,1955,0,0,512,Stoke City,2045,7000000.0,5000000.0,1.0,1.0,0.998,same_club
945,Marc Wilson,EPL,2016-17,West Bromwich Albion,D S,4,258,0,0,0,1,2,0.014,0.014,0.12,0.099,0.099,3,0,30456,Marc Wilson,1987-08-17,29.04,188.0,both,Defender,Centre-Back,Ireland,Northern Ireland,4,256,0,0,984,West Bromwich Albion,346,3000000.0,2500000.0,0.998,1.0,0.992,same_club
951,Phil Jones,EPL,2016-17,Manchester United,D,18,1588,0,0,0,3,2,0.107,0.107,0.217,4.599,4.381,2,0,117996,Phil Jones,1992-02-21,24.53,185.0,right,Defender,Centre-Back,England,England,18,1585,0,0,985,Manchester United,1952,14000000.0,14000000.0,0.999,1.0,0.998,same_club
967,Mathieu Debuchy,EPL,2016-17,Arsenal,D,1,15,0,0,0,0,0,0.0,0.0,0.0,0.0,0.0,0,0,27306,Mathieu Debuchy,1985-07-28,31.1,177.0,right,Defender,Centre-Back,France,France,1,16,0,0,11,Arsenal FC,16,7500000.0,3500000.0,0.997,1.0,0.989,same_club
972,Jerome Sinclair,EPL,2016-17,Watford,F S,5,110,0,0,0,1,1,0.058,0.058,0.024,0.024,0.0,0,0,236513,Jerome Sinclair,1996-09-20,19.95,181.0,right,Attack,Centre-Forward,England,England,5,114,0,0,1010,Watford FC,281,1500000.0,1500000.0,0.989,1.0,0.965,same_club
974,Yohan Benalouane,EPL,2016-17,Leicester,D,11,925,0,0,0,4,2,0.355,0.355,0.065,0.287,0.165,4,0,50477,Yohan Benalouane,1987-03-28,29.43,185.0,right,Defender,Centre-Back,Tunisia,France,11,921,0,0,1003,Leicester City,1266,2000000.0,1000000.0,0.999,1.0,0.996,same_club
976,Baily Cargill,EPL,2016-17,Bournemouth,S,1,8,0,0,0,0,0,0.0,0.0,0.0,0.0,0.0,0,0,293450,Baily Cargill,1995-07-05,21.16,189.0,left,Defender,Centre-Back,England,England,1,12,0,0,989,AFC Bournemouth,12,250000.0,250000.0,0.987,1.0,0.956,same_club
985,Mason Holgate,EPL,2016-17,Everton,D M S,18,1378,0,0,1,6,9,0.32,0.32,1.573,5.162,4.277,2,0,348623,Mason Holgate,1996-10-22,19.86,187.0,right,Defender,Centre-Back,Jamaica,England,18,1371,0,1,29,Everton FC,1416,1000000.0,5000000.0,0.998,1.0,0.995,same_club
1006,Luke Shaw,EPL,2016-17,Manchester United,D S,11,702,0,0,1,6,10,0.193,0.193,1.012,3.495,3.073,1,0,183288,Luke Shaw,1995-07-12,21.14,178.0,left,Defender,Left-Back,England,England,11,691,0,2,985,Manchester United,1240,21000000.0,20000000.0,0.995,1.0,0.984,same_club
1013,Sam Field,EPL,2016-17,West Bromwich Albion,M S,8,278,0,0,0,1,3,0.05,0.05,0.109,0.326,0.167,2,0,387331,Sam Field,1998-05-08,18.32,191.0,left,Midfield,Defensive Midfield,England,England,8,276,0,0,984,West Bromwich Albion,276,,250000.0,0.998,1.0,0.993,same_club
1017,Matej Vydra,EPL,2016-17,Watford,S,1,1,0,0,0,0,0,0.0,0.0,0.0,0.0,0.0,0,0,101500,Matej Vydra,1992-05-01,24.34,180.0,right,Attack,Centre-Forward,Czech Republic,CSSR,1,2,0,0,1010,Watford FC,79,6000000.0,6000000.0,0.997,1.0,0.989,same_club
1024,Tyrone Mings,EPL,2016-17,Bournemouth,D S,7,511,0,0,0,1,1,0.033,0.033,0.261,0.846,0.585,0,0,253677,Tyrone Mings,1993-03-13,23.47,196.0,left,Defender,Centre-Back,England,England,7,506,0,0,989,AFC Bournemouth,596,6000000.0,5000000.0,0.997,1.0,0.99,same_club
1027,Lynden Gooch,EPL,2016-17,Sunderland,M S,11,357,0,0,0,3,4,0.331,0.331,0.256,0.711,0.38,3,0,307781,Lynden Gooch,1995-12-24,20.69,173.0,right,Attack,Right Winger,United States,United States,11,364,0,0,289,Sunderland AFC,364,500000.0,750000.0,0.994,1.0,0.981,same_club
1036,Jack Wilshere,EPL,2016-17,"Arsenal,Bournemouth",M S,29,1955,0,0,2,27,34,2.166,2.166,2.823,8.226,4.711,4,0,74223,Jack Wilshere,1992-01-01,24.67,172.0,left,Midfield,Central Midfield,England,England,29,1950,0,2,"11,989","Arsenal FC,AFC Bournemouth",1950,23000000.0,18000000.0,0.999,1.0,0.997,same_club
1039,Jason Denayer,EPL,2016-17,Sunderland,D M S,24,1885,0,0,0,6,2,0.263,0.263,0.144,2.56,2.306,2,0,277114,Jason Denayer,1995-06-28,21.18,184.0,right,Defender,Centre-Back,Belgium,Belgium,24,1879,0,0,289,Sunderland AFC,2059,4000000.0,4000000.0,0.999,1.0,0.997,same_club
1046,George Honeyman,EPL,2016-17,Sunderland,M S,5,229,0,0,0,2,2,0.374,0.374,0.123,0.691,0.195,1,0,218140,George Honeyman,1994-09-08,21.98,173.0,right,Midfield,Attacking Midfield,England,England,5,233,0,0,289,Sunderland AFC,323,250000.0,250000.0,0.995,1.0,0.983,same_club
1047,Will Keane,EPL,2016-17,Hull,F S,5,282,0,0,0,4,3,0.237,0.237,0.137,0.352,0.08,0,0,118535,Will Keane,1993-01-11,23.64,188.0,right,Attack,Centre-Forward,Ireland,England,5,282,0,0,3008,Hull City,282,1500000.0,1500000.0,1.0,1.0,1.0,same_club
1048,Donald Love,EPL,2016-17,Sunderland,D S,12,598,0,0,1,2,4,0.05,0.05,0.385,1.3,0.966,1,0,179451,Donald Love,1994-12-02,21.75,178.0,right,Defender,Right-Back,Scotland,England,12,607,0,1,289,Sunderland AFC,760,1000000.0,1000000.0,0.996,1.0,0.985,same_club
1050,Ryan Allsop,EPL,2016-17,Bournemouth,GK,1,90,0,0,0,0,0,0.0,0.0,0.0,0.0,0.0,0,0,111073,Ryan Allsop,1992-06-17,24.21,189.0,right,Goalkeeper,Goalkeeper,England,England,1,90,0,0,989,AFC Bournemouth,90,250000.0,250000.0,1.0,1.0,1.0,same_club
1055,Aleix García,EPL,2016-17,Manchester City,M S,4,72,0,0,0,0,1,0.0,0.0,0.013,1.431,1.431,0,0,261504,Aleix García,1997-06-28,19.18,173.0,right,Midfield,Central Midfield,Spain,Spain,4,76,0,0,281,Manchester City,188,,1000000.0,0.987,1.0,0.956,same_club
1070,Sullay Kaikai,EPL,2016-17,Crystal Palace,S,1,21,0,0,0,0,0,0.0,0.0,0.0,0.0,0.0,0,0,244130,Sullay Kaikai,1995-08-26,21.02,182.0,right,Attack,Left Winger,Sierra Leone,England,1,23,0,0,873,Crystal Palace,123,250000.0,250000.0,0.993,1.0,0.978,same_club
1071,Papy Djilobodji,EPL,2016-17,Sunderland,D S,18,1579,0,0,0,8,1,0.379,0.379,0.081,0.939,0.858,4,1,136610,Papy Djilobodji,1988-12-01,27.75,193.0,left,Defender,Centre-Back,Senegal,Senegal,18,1577,0,0,289,Sunderland AFC,1757,4500000.0,5000000.0,1.0,1.0,0.999,same_club
1084,Jonjoe Kenny,EPL,2016-17,Everton,S,1,11,0,0,0,0,0,0.0,0.0,0.0,0.0,0.0,0,0,258883,Jonjoe Kenny,1997-03-15,19.47,176.0,right,Defender,Right-Back,England,England,1,12,0,0,29,Everton FC,12,,250000.0,0.997,1.0,0.989,same_club
1642,Simone Zaza,EPL,2016-17,West Ham,F S,8,460,0,0,0,16,8,0.958,0.958,0.329,1.211,0.121,2,0,96828,Simone Zaza,1991-06-25,25.19,186.0,left,Attack,Centre-Forward,Italy,Italy,8,460,0,0,379,West Ham United,1836,15000000.0,15000000.0,1.0,1.0,1.0,same_club
1642,Simone Zaza,EPL,2016-17,West Ham,F S,8,460,0,0,0,16,8,0.958,0.958,0.329,1.211,0.121,2,0,96828,Simone Zaza,1991-06-25,25.19,186.0,left,Attack,Centre-Forward,Italy,Italy,8,460,0,0,379,West Ham United,1836,15000000.0,15000000.0,0.999,1.0,0.998,same_club
1651,Tom Heaton,EPL,2016-17,Burnley,GK,35,3150,0,0,0,0,3,0.0,0.0,0.14,0.798,0.743,1,0,34130,Tom Heaton,1986-04-15,30.38,188.0,right,Goalkeeper,Goalkeeper,England,England,35,3150,0,0,1132,Burnley FC,3240,3000000.0,4000000.0,1.0,1.0,1.0,same_club
1652,Matthew Lowton,EPL,2016-17,Burnley,D,36,3240,0,0,2,6,31,0.512,0.512,1.819,4.558,2.78,9,0,102258,Matthew Lowton,1989-06-09,27.23,180.0,right,Defender,Right-Back,England,England,36,3240,0,2,1132,Burnley FC,3240,1500000.0,2500000.0,1.0,1.0,1.0,same_club
1662,Aiden O&#039;Neill,EPL,2016-17,Burnley,S,3,83,0,0,0,1,0,0.059,0.059,0.0,0.059,0.0,0,0,385918,Aiden O'Neill,1998-07-04,18.16,180.0,right,Midfield,Defensive Midfield,Australia,Australia,3,83,0,0,1132,Burnley FC,84,,100000.0,0.97,0.95,1.0,same_club
1664,Lukas Jutkiewicz,EPL,2016-17,Burnley,S,2,9,0,0,0,0,0,0.0,0.0,0.0,0.0,0.0,0,0,33507,Lukas Jutkiewicz,1989-03-28,27.43,185.0,left,Attack,Centre-Forward,England,England,2,11,0,0,1132,Burnley FC,127,1000000.0,1500000.0,0.993,1.0,0.978,same_club
1665,James Tarkowski,EPL,2016-17,Burnley,D S,19,536,0,0,0,5,4,0.611,0.611,0.372,0.637,0.427,1,0,173504,James Tarkowski,1992-11-19,23.78,185.0,right,Defender,Centre-Back,England,England,19,556,0,0,1132,Burnley FC,916,2000000.0,2000000.0,0.989,1.0,0.964,same_club
1667,Paul Robinson,EPL,2016-17,Burnley,GK,3,270,0,0,0,0,0,0.0,0.0,0.0,0.051,0.051,0,0,3630,Paul Robinson,1979-10-15,36.88,193.0,right,Goalkeeper,Goalkeeper,England,England,3,270,0,0,1132,Burnley FC,270,250000.0,250000.0,1.0,1.0,1.0,same_club
1668,Michael Kightly,EPL,2016-17,Burnley,M S,5,96,0,0,0,1,0,0.082,0.082,0.0,0.0,0.0,0,0,25366,Michael Kightly,1986-01-24,30.6,173.0,right,Attack,Left Winger,England,England,5,103,0,0,1132,Burnley FC,222,1500000.0,1000000.0,0.98,1.0,0.932,same_club
1669,Marko Grujic,EPL,2016-17,Liverpool,S,5,31,0,0,0,4,1,0.21,0.21,0.03,0.309,0.134,1,0,222813,Marko Grujić,1996-04-13,20.39,191.0,right,Midfield,Defensive Midfield,Serbia,Yugoslavia (Republic),5,39,0,0,31,Liverpool FC,39,5000000.0,5000000.0,0.973,1.0,0.911,same_club
1670,Steve Mandanda,EPL,2016-17,Crystal Palace,GK,9,810,0,0,0,0,0,0.0,0.0,0.0,0.548,0.548,0,0,23951,Steve Mandanda,1985-03-28,31.43,187.0,right,Goalkeeper,Goalkeeper,France,Zaire,9,810,0,0,873,Crystal Palace,810,10000000.0,8000000.0,1.0,1.0,1.0,same_club
1671,Ezekiel Fryers,EPL,2016-17,Crystal Palace,S,8,164,0,0,1,0,2,0.0,0.0,0.375,0.437,0.063,0,0,141655,Zeki Fryers,1992-09-09,23.98,185.0,left,Defender,Left-Back,England,England,8,182,0,1,873,Crystal Palace,376,2500000.0,1500000.0,0.94,0.95,0.901,same_club
1673,Edimilson Fernandes,EPL,2016-17,West Ham,M S,28,948,0,0,0,20,6,0.635,0.635,0.286,3.281,2.648,4,0,247555,Edimilson Fernandes,1996-04-15,20.38,187.0,right,Midfield,Defensive Midfield,Switzerland,Switzerland,28,985,0,0,379,West Ham United,1075,4500000.0,5000000.0,0.989,1.0,0.962,same_club
1675,Ashley Fletcher,EPL,2016-17,West Ham,F S,16,329,0,0,0,9,4,1.037,1.037,0.336,1.523,0.228,2,0,289846,Ashley Fletcher,1995-10-02,20.92,185.0,right,Attack,Centre-Forward,England,England,16,354,0,0,379,West Ham United,402,500000.0,1000000.0,0.979,1.0,0.929,same_club
1677,Nathaniel Chalobah,EPL,2016-17,Chelsea,M S,10,152,0,0,1,1,4,0.038,0.038,0.676,1.44,1.319,2,0,128900,Nathaniel Chalobah,1994-12-12,21.72,185.0,right,Midfield,Defensive Midfield,England,Sierra Leone,10,159,0,1,631,Chelsea FC,429,3300000.0,5000000.0,0.987,1.0,0.956,same_club
1680,Luis Hernández,EPL,2016-17,Leicester,D S,4,327,0,0,0,0,4,0.0,0.0,0.217,1.186,1.021,1,0,62945,Luis Hernández,1989-04-14,27.38,182.0,right,Defender,Centre-Back,Spain,Spain,4,326,0,0,1003,Leicester City,2392,3500000.0,3000000.0,0.999,1.0,0.997,same_club
1680,Luis Hernández,EPL,2016-17,Leicester,D S,4,327,0,0,0,0,4,0.0,0.0,0.217,1.186,1.021,1,0,62945,Luis Hernández,1989-04-14,27.38,182.0,right,Defender,Centre-Back,Spain,Spain,4,326,0,0,1003,Leicester City,2392,3500000.0,3000000.0,1.0,1.0,1.0,same_club
1684,David Marshall,EPL,2016-17,Hull,GK,16,1440,0,0,0,0,0,0.0,0.0,0.0,0.511,0.511,0,0,9500,David Marshall,1985-03-05,31.49,187.0,right,Goalkeeper,Goalkeeper,Scotland,Scotland,16,1440,0,0,3008,Hull City,1440,2500000.0,3000000.0,1.0,1.0,1.0,same_club
1685,Ahmed Elmohamady,EPL,2016-17,Hull,D M S,33,2509,0,0,2,9,26,0.219,0.219,1.854,4.17,3.268,3,1,66333,Ahmed Elmohamady,1987-09-09,28.98,182.0,right,Defender,Right-Back,Egypt,Egypt,33,2519,0,2,3008,Hull City,2519,4000000.0,4000000.0,0.999,1.0,0.996,same_club
1686,Curtis Davies,EPL,2016-17,Hull,D S,26,2153,0,0,2,10,2,0.727,0.727,1.025,1.031,1.031,4,0,18227,Curtis Davies,1985-03-15,31.47,188.0,right,Defender,Centre-Back,England,England,26,2137,0,2,3008,Hull City,2147,3500000.0,2500000.0,0.998,1.0,0.993,same_club
1696,Markus Henriksen,EPL,2016-17,Hull,M S,15,623,0,0,0,3,3,0.125,0.125,0.196,0.505,0.246,1,0,122011,Markus Henriksen,1992-07-25,24.1,187.0,right,Defender,Centre-Back,Norway,Norway,15,633,0,0,3008,Hull City,1255,5000000.0,5000000.0,0.995,1.0,0.984,same_club
1697,Eldin Jakupovic,EPL,2016-17,Hull,GK,22,1980,0,0,0,0,0,0.0,0.0,0.0,0.652,0.652,0,0,2857,Eldin Jakupovic,1984-10-02,31.92,191.0,right,Goalkeeper,Goalkeeper,Switzerland,Jugoslawien (SFR),22,1980,0,0,3008,Hull City,2160,500000.0,1000000.0,1.0,1.0,1.0,same_club
1703,Gökhan Töre,EPL,2016-17,West Ham,F M S,5,245,0,0,1,5,6,0.288,0.288,1.118,1.281,0.124,0,0,82130,Gökhan Töre,1992-01-20,24.62,176.0,left,Attack,Right Winger,Türkiye,Germany,5,239,0,1,379,West Ham United,404,14000000.0,12000000.0,0.993,1.0,0.976,same_club
1704,Álvaro Arbeloa,EPL,2016-17,West Ham,D S,3,258,0,0,0,1,2,0.018,0.018,0.095,0.268,0.228,3,0,28260,Álvaro Arbeloa,1983-01-17,33.62,184.0,right,Defender,Right-Back,Spain,Spain,3,256,0,0,379,West Ham United,256,2000000.0,1500000.0,0.998,1.0,0.992,same_club
1705,Víctor Valdés,EPL,2016-17,Middlesbrough,GK,28,2520,0,0,0,0,0,0.0,0.0,0.0,2.234,2.234,1,0,7589,Víctor Valdés,1982-01-14,34.63,183.0,right,Goalkeeper,Goalkeeper,Spain,Spain,28,2520,0,0,641,Middlesbrough FC,2520,2500000.0,2000000.0,1.0,1.0,1.0,same_club
1706,Antonio Barragán,EPL,2016-17,Middlesbrough,D,26,2195,0,0,0,3,9,0.085,0.085,0.753,6.09,5.331,5,0,32522,Antonio Barragán,1987-06-12,29.22,186.0,right,Defender,Right-Back,Spain,Spain,26,2196,0,0,641,Middlesbrough FC,2286,3500000.0,3000000.0,1.0,1.0,1.0,same_club
1708,George Friend,EPL,2016-17,Middlesbrough,D M S,24,1956,0,0,2,15,11,0.623,0.623,1.15,5.089,4.462,4,0,77544,George Friend,1987-10-19,28.87,188.0,left,Defender,Left-Back,England,England,24,1960,0,3,641,Middlesbrough FC,2059,1500000.0,1500000.0,0.999,1.0,0.998,same_club
1711,Adam Forshaw,EPL,2016-17,Middlesbrough,M S,34,2711,0,0,1,28,28,1.341,1.341,2.229,7.79,5.232,4,0,121257,Adam Forshaw,1991-10-08,24.9,175.0,right,Midfield,Central Midfield,England,England,34,2700,0,2,641,Middlesbrough FC,2700,2250000.0,3000000.0,0.999,1.0,0.996,same_club
1713,Viktor Fischer,EPL,2016-17,Middlesbrough,F M S,13,434,0,0,3,12,7,0.823,0.823,1.548,1.808,0.534,0,0,95755,Viktor Fischer,1994-06-09,22.23,181.0,right,Attack,Left Winger,Denmark,Denmark,13,438,0,3,641,Middlesbrough FC,571,5000000.0,5000000.0,0.997,1.0,0.991,same_club
1714,Jordan Rhodes,EPL,2016-17,Middlesbrough,F S,6,207,0,0,0,6,2,0.646,0.646,0.089,0.735,0.04,0,0,48950,Jordan Rhodes,1990-02-05,26.57,185.0,right,Attack,Centre-Forward,Scotland,England,6,208,0,0,641,Middlesbrough FC,208,10000000.0,10000000.0,0.999,1.0,0.995,same_club
1716,Bernardo,EPL,2016-17,Middlesbrough,D S,11,978,0,0,0,2,0,0.022,0.022,0.0,1.668,1.654,2,0,64598,Bernardo Espinosa,1989-07-11,27.14,192.0,right,Defender,Centre-Back,Colombia,Colombia,11,975,0,0,641,Middlesbrough FC,1295,2500000.0,2500000.0,0.969,0.95,0.997,same_club
1717,Adam Clayton,EPL,2016-17,Middlesbrough,M S,34,2807,0,0,2,11,20,0.315,0.315,1.288,5.897,4.715,10,0,73067,Adam Clayton,1989-01-14,27.63,175.0,right,Midfield,Central Midfield,England,England,34,2806,0,2,641,Middlesbrough FC,3138,2500000.0,3000000.0,1.0,1.0,1.0,same_club
1729,Georges-Kévin Nkoudou,EPL,2016-17,Tottenham,S,8,43,0,0,0,2,0,0.063,0.063,0.0,0.263,0.2,0,0,215679,Georges-Kevin N'Koudou,1995-02-13,21.55,172.0,right,Attack,Left Winger,Cameroon,France,8,50,0,0,148,Tottenham Hotspur,213,7000000.0,7000000.0,0.935,0.93,0.922,same_club
1731,Claudio Bravo,EPL,2016-17,Manchester City,GK,22,1970,0,0,0,0,0,0.0,0.0,0.0,3.066,3.066,0,0,40423,Claudio Bravo,1983-04-13,33.39,184.0,right,Goalkeeper,Goalkeeper,Chile,Chile,22,1969,0,0,281,Manchester City,2952,15000000.0,8000000.0,1.0,1.0,0.999,same_club
1731,Claudio Bravo,EPL,2016-17,Manchester City,GK,22,1970,0,0,0,0,0,0.0,0.0,0.0,3.066,3.066,0,0,40423,Claudio Bravo,1983-04-13,33.39,184.0,right,Goalkeeper,Goalkeeper,Chile,Chile,22,1969,0,0,281,Manchester City,2952,15000000.0,8000000.0,1.0,1.0,1.0,same_club
1733,Sam McQueen,EPL,2016-17,Southampton,D S,13,599,0,0,0,1,2,0.028,0.028,0.529,1.408,1.344,0,0,226968,Sam McQueen,1995-02-06,21.57,181.0,left,Defender,Left-Back,England,England,13,608,0,1,180,Southampton FC,1058,250000.0,750000.0,0.996,1.0,0.985,same_club
1735,Jack Stephens,EPL,2016-17,Southampton,D S,17,1468,0,0,1,4,4,0.351,0.351,0.919,3.621,2.579,1,0,163744,Jack Stephens,1994-01-27,22.6,185.0,right,Defender,Centre-Back,England,England,17,1469,0,1,180,Southampton FC,1739,250000.0,3500000.0,1.0,1.0,0.999,same_club
1736,Oliver McBurnie,EPL,2016-17,Swansea,S,5,69,0,0,0,2,2,0.078,0.078,0.105,0.23,0.143,0,0,298477,Oli McBurnie,1996-06-04,20.24,188.0,right,Attack,Centre-Forward,Scotland,England,5,76,0,0,2288,Swansea City,76,250000.0,250000.0,0.947,0.95,0.922,same_club
1739,Eric Bailly,EPL,2016-17,Manchester United,D S,25,2066,0,0,0,6,1,0.306,0.306,0.029,4.138,4.012,4,0,286384,Eric Bailly,1994-04-12,22.39,187.0,right,Defender,Centre-Back,Cote d'Ivoire,Cote d'Ivoire,25,2060,0,0,985,Manchester United,3141,20000000.0,30000000.0,0.999,1.0,0.997,same_club
1742,Lee Grant,EPL,2016-17,Stoke,GK,28,2520,0,0,0,0,0,0.0,0.0,0.0,3.763,3.763,1,0,13460,Lee Grant,1983-01-27,33.6,193.0,right,Goalkeeper,Goalkeeper,England,England,28,2520,0,0,512,Stoke City,2610,500000.0,1000000.0,1.0,1.0,1.0,same_club
1745,Josh Tymon,EPL,2016-17,Hull,D M S,5,331,0,0,0,0,1,0.0,0.0,0.013,0.776,0.763,1,0,419929,Josh Tymon,1999-05-22,17.28,180.0,left,Defender,Left-Back,England,England,5,325,0,0,3008,Hull City,342,,1000000.0,0.995,1.0,0.982,same_club
1747,Kevin Long,EPL,2016-17,Burnley,D,3,270,0,0,0,1,0,0.025,0.025,0.0,0.096,0.096,0,0,111114,Kevin Long,1990-08-18,26.04,188.0,right,Defender,Centre-Back,Ireland,Ireland,3,270,0,0,1132,Burnley FC,270,250000.0,500000.0,1.0,1.0,1.0,same_club
1748,Lys Mousset,EPL,2016-17,Bournemouth,F S,11,254,0,0,0,10,3,1.524,1.524,0.089,2.513,1.03,0,0,291422,Lys Mousset,1996-02-08,20.56,186.0,right,Attack,Centre-Forward,France,France,11,265,0,0,989,AFC Bournemouth,355,5000000.0,4000000.0,0.988,1.0,0.958,same_club
1749,Rob Holding,EPL,2016-17,Arsenal,D,9,810,0,0,0,5,3,0.557,0.557,0.105,2.722,2.608,3,0,253341,Rob Holding,1995-09-20,20.95,189.0,right,Defender,Centre-Back,England,England,9,810,0,0,11,Arsenal FC,1291,1500000.0,7000000.0,1.0,1.0,1.0,same_club
1750,Ainsley Maitland-Niles,EPL,2016-17,Arsenal,S,1,1,0,0,0,0,0,0.0,0.0,0.0,0.0,0.0,0,0,285845,Ainsley Maitland-Niles,1997-08-29,19.01,180.0,right,Defender,Right-Back,England,England,1,1,0,0,11,Arsenal FC,197,750000.0,750000.0,1.0,1.0,1.0,same_club
1752,Fabio,EPL,2016-17,Middlesbrough,D M S,24,1856,0,0,0,5,16,0.147,0.147,0.731,3.589,3.011,8,0,61891,Fábio,1990-07-09,26.15,172.0,right,Defender,Right-Back,Brazil,Brazil,24,1850,0,0,641,Middlesbrough FC,2148,3000000.0,2000000.0,0.999,1.0,0.997,same_club
1753,David Nugent,EPL,2016-17,Middlesbrough,S,4,36,0,0,0,0,0,0.0,0.0,0.0,0.09,0.09,0,0,33963,David Nugent,1985-05-02,31.33,180.0,right,Attack,Centre-Forward,England,England,4,40,0,0,641,Middlesbrough FC,78,3500000.0,3000000.0,0.987,1.0,0.956,same_club
1754,Joel Asoro,EPL,2016-17,Sunderland,S,1,7,0,0,0,0,0,0.0,0.0,0.0,0.0,0.0,0,0,375391,Joel Asoro,1999-04-27,17.35,176.0,right,Attack,Right Winger,Sweden,Sweden,1,9,0,0,289,Sunderland AFC,19,,,0.993,1.0,0.978,same_club
1757,Nsue,EPL,2016-17,Middlesbrough,D M,4,326,0,0,0,2,2,0.123,0.123,0.068,1.404,1.305,0,0,59558,Emilio Nsue,1989-09-30,26.92,181.0,right,Defender,Right-Back,Equatorial Guinea,Spain,4,322,0,0,641,Middlesbrough FC,322,2000000.0,1750000.0,0.996,1.0,0.988,same_club
1760,Arthur Masuaku,EPL,2016-17,West Ham,D M S,13,969,0,0,1,4,7,0.047,0.047,0.948,2.628,2.491,1,0,181380,Arthur Masuaku,1993-11-07,22.82,179.0,left,Defender,Left-Back,DR Congo,France,13,971,0,1,379,West Ham United,1001,7000000.0,7000000.0,0.999,1.0,0.998,same_club
1762,Ovie Ejaria,EPL,2016-17,Liverpool,S,2,3,0,0,0,0,0,0.0,0.0,0.0,0.113,0.113,0,0,337284,Ovie Ejaria,1997-11-18,18.79,188.0,right,Attack,Left Winger,England,England,2,6,0,0,31,Liverpool FC,245,,500000.0,0.99,1.0,0.967,same_club
1764,Ramadan Sobhi,EPL,2016-17,Stoke,M S,17,840,0,0,1,4,9,0.595,0.595,1.487,3.717,2.291,2,0,312017,Ramadan Sobhi,1997-01-23,19.61,183.0,right,Attack,Left Winger,Egypt,Egypt,17,849,0,2,512,Stoke City,849,1500000.0,5000000.0,0.997,1.0,0.989,same_club
1765,Jonathan Benteke,EPL,2016-17,Crystal Palace,S,1,5,0,0,0,1,0,0.022,0.022,0.0,0.022,0.0,0,0,273773,Jonathan Benteke,1995-04-28,21.35,186.0,right,Attack,Centre-Forward,Belgium,Belgium,1,6,0,0,873,Crystal Palace,6,400000.0,400000.0,0.997,1.0,0.989,same_club
1776,Jarrod Bowen,EPL,2016-17,Hull,M S,7,168,0,0,0,3,0,0.319,0.319,0.0,0.416,0.096,0,0,314875,Jarrod Bowen,1996-12-20,19.7,176.0,left,Attack,Right Winger,England,England,7,179,0,0,3008,Hull City,179,,250000.0,0.982,1.0,0.939,same_club
1777,Julien Ngoy,EPL,2016-17,Stoke,S,5,39,0,0,0,2,1,0.127,0.127,0.092,0.22,0.0,0,0,286005,Julien Ngoy,1997-11-02,18.83,185.0,right,Attack,Centre-Forward,Belgium,Belgium,5,44,0,0,512,Stoke City,62,,,0.983,1.0,0.944,same_club
1782,Albert Adomah,EPL,2016-17,Middlesbrough,M S,2,119,0,0,0,4,1,0.384,0.384,0.09,1.373,0.923,0,0,83430,Albert Adomah,1987-12-13,28.72,185.0,right,Attack,Right Winger,Ghana,England,2,121,0,0,641,Middlesbrough FC,198,2000000.0,2500000.0,0.995,1.0,0.983,same_club
1784,Jérémy Pied,EPL,2016-17,Southampton,D S,4,119,0,0,0,3,1,0.097,0.097,0.071,0.515,0.418,0,0,60583,Jérémy Pied,1989-02-23,27.52,173.0,right,Defender,Right-Back,France,France,4,126,0,0,180,Southampton FC,126,3500000.0,3500000.0,0.983,1.0,0.944,same_club
1785,Nampalys Mendy,EPL,2016-17,Leicester,M,4,277,0,0,0,0,2,0.0,0.0,0.13,0.166,0.113,1,0,111051,Nampalys Mendy,1992-06-23,24.19,168.0,right,Midfield,Defensive Midfield,Senegal,France,4,271,0,0,1003,Leicester City,659,12000000.0,10000000.0,0.994,1.0,0.978,same_club
1787,David Jones,EPL,2016-17,Burnley,M,1,88,0,0,0,0,0,0.0,0.0,0.0,0.0,0.0,1,0,24634,David Jones,1984-11-04,31.82,183.0,left,Midfield,Central Midfield,England,England,1,87,0,0,1132,Burnley FC,177,2000000.0,1500000.0,0.997,1.0,0.989,same_club
1789,Lewis Cook,EPL,2016-17,Bournemouth,M S,6,432,0,0,2,5,6,0.1,0.1,0.474,2.257,1.767,1,0,249089,Lewis Cook,1997-02-03,19.58,175.0,right,Midfield,Central Midfield,England,England,6,431,0,1,989,AFC Bournemouth,447,5000000.0,6000000.0,0.999,1.0,0.998,same_club
1791,Trent Alexander-Arnold,EPL,2016-17,Liverpool,D S,7,165,0,0,0,3,1,0.204,0.204,0.03,0.278,0.043,0,0,314353,Trent Alexander-Arnold,1998-10-07,17.9,180.0,right,Defender,Right-Back,England,England,7,165,0,0,31,Liverpool FC,345,,1500000.0,1.0,1.0,1.0,same_club
1942,Martín Cáceres,EPL,2016-17,Southampton,D,1,90,0,0,0,1,0,0.026,0.026,0.0,0.176,0.176,0,0,54935,Martín Cáceres,1987-04-07,29.4,180.0,right,Defender,Centre-Back,Uruguay,Uruguay,1,90,0,0,180,Southampton FC,90,5000000.0,4000000.0,1.0,1.0,1.0,same_club
3231,Kamil Grosicki,EPL,2016-17,Hull,M S,15,1145,0,0,3,29,23,2.035,2.035,3.488,4.849,0.582,1,0,37920,Kamil Grosicki,1988-06-08,28.23,180.0,right,Attack,Left Winger,Poland,Poland,15,1147,0,5,3008,Hull City,2136,4500000.0,7000000.0,0.999,1.0,0.998,same_club
3231,Kamil Grosicki,EPL,2016-17,Hull,M S,15,1145,0,0,3,29,23,2.035,2.035,3.488,4.849,0.582,1,0,37920,Kamil Grosicki,1988-06-08,28.23,180.0,right,Attack,Left Winger,Poland,Poland,15,1147,0,5,3008,Hull City,2136,4500000.0,7000000.0,0.998,1.0,0.993,same_club
4401,Emiliano Martinez,EPL,2016-17,Arsenal,GK,2,180,0,0,0,0,0,0.0,0.0,0.0,0.165,0.165,0,0,111873,Emiliano Martínez,1992-09-02,24.0,195.0,right,Goalkeeper,Goalkeeper,Argentina,Argentina,2,180,0,0,11,Arsenal FC,180,1500000.0,1000000.0,1.0,1.0,1.0,same_club
4441,Matthew James,EPL,2016-17,Leicester,S,1,1,0,0,0,0,0,0.0,0.0,0.0,0.0,0.0,0,0,73522,Matty James,1991-07-22,25.11,181.0,right,Midfield,Central Midfield,England,England,1,1,0,0,1003,Leicester City,1,1500000.0,1500000.0,0.97,0.95,1.0,same_club
5548,Andrew Eleftheriou,EPL,2016-17,Watford,S,1,52,0,0,0,0,1,0.0,0.0,0.049,0.0,0.0,0,0,476532,Andrew Eleftheriou,1997-11-08,18.81,172.0,right,Defender,Right-Back,England,England,1,51,0,0,1010,Watford FC,51,,,0.997,1.0,0.989,same_club
5550,Evandro,EPL,2016-17,Hull,M S,11,581,0,0,0,3,11,0.121,0.121,0.704,0.633,0.359,1,0,53359,Evandro,1986-08-23,30.03,179.0,right,Midfield,Attacking Midfield,Brazil,Brazil,11,576,0,0,3008,Hull City,751,2000000.0,2000000.0,0.997,1.0,0.991,same_club
5551,Omar Elabdellaoui,EPL,2016-17,Hull,D M S,8,616,0,0,0,0,4,0.0,0.0,0.112,0.981,0.935,0,0,121404,Omar Elabdellaoui,1991-12-05,24.74,179.0,right,Defender,Right-Back,Norway,Norway,8,616,0,0,3008,Hull City,1021,6000000.0,5000000.0,1.0,1.0,1.0,same_club
5553,Declan Rice,EPL,2016-17,West Ham,S,1,1,0,0,0,0,0,0.0,0.0,0.0,0.077,0.077,0,0,357662,Declan Rice,1999-01-14,17.63,188.0,right,Midfield,Central Midfield,England,England,1,1,0,0,379,West Ham United,1,,,1.0,1.0,1.0,same_club
5554,Luciano Narsingh,EPL,2016-17,Swansea,F S,13,400,0,0,3,2,7,0.176,0.176,0.697,1.523,0.782,0,0,72462,Luciano Narsingh,1990-09-13,25.97,175.0,right,Midfield,Attacking Midfield,Netherlands,Netherlands,13,410,0,3,2288,Swansea City,1585,5000000.0,5000000.0,0.993,1.0,0.976,same_club
5557,Ben Woodburn,EPL,2016-17,Liverpool,M S,5,83,0,0,0,2,0,0.075,0.075,0.0,0.081,0.019,0,0,344015,Ben Woodburn,1999-10-15,16.88,174.0,right,Midfield,Attacking Midfield,Wales,England,5,83,0,0,31,Liverpool FC,338,,1500000.0,1.0,1.0,1.0,same_club
5558,Brandon Mason,EPL,2016-17,Watford,D S,2,111,0,0,0,0,0,0.0,0.0,0.0,0.0,0.0,0,0,479942,Brandon Mason,1997-09-30,18.92,173.0,left,Defender,Left-Back,England,England,2,112,0,0,1010,Watford FC,292,,,0.997,1.0,0.991,same_club
5559,Dion Pereira,EPL,2016-17,Watford,S,2,19,0,0,0,0,1,0.0,0.0,0.043,0.043,0.0,0,0,499604,Dion Pereira,1999-03-25,17.44,180.0,left,Attack,Left Winger,Antigua and Barbuda,England,2,23,0,0,1010,Watford FC,23,,,0.987,1.0,0.956,same_club
5560,Scott McTominay,EPL,2016-17,Manchester United,M S,2,94,0,0,0,1,1,0.036,0.036,0.155,0.266,0.111,1,0,315969,Scott McTominay,1996-12-08,19.73,193.0,right,Midfield,Central Midfield,Scotland,England,2,96,0,0,985,Manchester United,96,,,0.994,1.0,0.979,same_club
5563,Daniel Agyei,EPL,2016-17,Burnley,S,3,20,0,0,0,2,0,0.098,0.098,0.0,0.098,0.0,0,0,367195,Dan Agyei,1997-06-01,19.25,183.0,left,Attack,Right Winger,Ghana,England,3,23,0,0,1132,Burnley FC,23,,75000.0,0.96,0.95,0.967,same_club
5565,Josh Sims,EPL,2016-17,Southampton,F S,7,199,0,0,1,5,2,0.563,0.563,0.855,1.812,0.771,0,0,286919,Josh Sims,1997-03-28,19.43,174.0,right,Attack,Right Winger,England,England,7,206,0,1,180,Southampton FC,524,,500000.0,0.99,1.0,0.966,same_club
5571,Filip Lesniak,EPL,2016-17,Tottenham,S,1,3,0,0,1,0,1,0.0,0.0,0.085,0.266,0.181,0,0,186383,Filip Lesniak,1996-05-14,20.3,176.0,left,Midfield,Defensive Midfield,Slovakia,Slovakia,1,4,0,1,148,Tottenham Hotspur,11,100000.0,100000.0,0.997,1.0,0.989,same_club
5574,Demetri Mitchell,EPL,2016-17,Manchester United,D,1,90,0,0,0,0,2,0.0,0.0,0.057,0.181,0.181,0,0,258886,Demetri Mitchell,1997-01-11,19.64,179.0,left,Defender,Left-Back,,,1,90,0,0,985,Manchester United,90,,,1.0,1.0,1.0,same_club
5575,Joel Pereira,EPL,2016-17,Manchester United,GK,1,90,0,0,0,0,0,0.0,0.0,0.0,0.212,0.212,0,0,192611,Joel Pereira,1996-06-28,20.18,189.0,right,Goalkeeper,Goalkeeper,Portugal,Switzerland,1,90,0,0,985,Manchester United,910,,100000.0,1.0,1.0,1.0,same_club
5576,James Husband,EPL,2016-17,Middlesbrough,D,1,62,0,0,0,0,0,0.0,0.0,0.0,0.157,0.157,0,0,167393,James Husband,1994-01-03,22.66,179.0,left,Defender,Left-Back,England,England,1,59,0,0,641,Middlesbrough FC,59,500000.0,500000.0,0.99,1.0,0.967,same_club
5586,Michael Folivi,EPL,2016-17,Watford,S,1,6,0,0,0,0,0,0.0,0.0,0.0,0.0,0.0,0,0,479939,Michael Folivi,1998-02-25,18.52,180.0,right,Attack,Centre-Forward,England,England,1,9,0,0,1010,Watford FC,9,,,0.99,1.0,0.967,same_club
5598,Angel Gomes,EPL,2016-17,Manchester United,S,1,1,0,0,0,0,0,0.0,0.0,0.0,0.0,0.0,0,0,392770,Angel Gomes,2000-08-31,16.0,168.0,right,Midfield,Attacking Midfield,England,England,1,2,0,0,985,Manchester United,2,,,0.997,1.0,0.989,same_club
5601,Matt Worthington,EPL,2016-17,Bournemouth,S,1,14,0,0,0,0,0,0.0,0.0,0.0,0.0,0.0,0,0,493607,Matt Worthington,1997-12-18,18.7,,,Midfield,Central Midfield,England,England,1,16,0,0,989,AFC Bournemouth,16,,,0.993,1.0,0.978,same_club
2097,Lionel Messi,ESP,2016-17,Barcelona,F M S,34,2832,37,31,9,179,79,26.885,21.682,13.955,42.525,18.134,6,0,28003,Lionel Messi,1987-06-24,29.19,170.0,left,Attack,Right Winger,Argentina,Argentina,34,2832,37,12,131,FC Barcelona,4452,120000000.0,120000000.0,1.0,1.0,1.0,same_club
2098,Luis Suárez,ESP,2016-17,Barcelona,F S,35,2870,29,29,13,120,62,23.781,23.781,11.04,39.092,9.213,8,0,44352,Luis Suárez,1987-01-24,29.6,182.0,right,Attack,Centre-Forward,Uruguay,Uruguay,35,2862,28,15,131,FC Barcelona,4302,90000000.0,90000000.0,0.966,1.0,0.997,same_club
2371,Cristiano Ronaldo,ESP,2016-17,Real Madrid,F M,29,2546,25,19,6,162,31,25.414,19.468,4.591,29.575,8.661,4,0,8198,Cristiano Ronaldo,1985-02-05,31.57,185.0,right,Attack,Centre-Forward,Portugal,Portugal,29,2544,25,6,418,Real Madrid,4126,110000000.0,100000000.0,1.0,1.0,0.999,same_club
2290,Iago Aspas,ESP,2016-17,Celta Vigo,F M S,32,2317,19,13,3,78,50,13.99,9.531,5.444,15.566,3.666,8,1,72047,Iago Aspas,1987-08-01,29.09,176.0,left,Attack,Centre-Forward,Spain,Spain,32,2319,19,4,940,Celta de Vigo,3608,10000000.0,18000000.0,1.0,1.0,0.999,same_club
2270,Antoine Griezmann,ESP,2016-17,Atletico Madrid,F M,36,3072,16,16,8,88,56,11.523,10.037,7.356,23.415,8.286,3,0,125781,Antoine Griezmann,1991-03-21,25.45,176.0,left,Attack,Second Striker,France,France,36,3067,16,8,13,Atlético de Madrid,4559,80000000.0,80000000.0,1.0,1.0,0.998,same_club
2410,Aduriz,ESP,2016-17,Athletic Club,F S,32,2464,16,11,1,85,24,15.07,11.353,1.627,13.694,2.126,8,1,29124,Aritz Aduriz,1981-02-11,35.55,181.0,right,Attack,Centre-Forward,Spain,Spain,32,2429,16,3,621,Athletic Bilbao,3187,3000000.0,1000000.0,0.996,1.0,0.986,same_club
1804,Álvaro Morata,ESP,2016-17,Real Madrid,F S,26,1326,15,15,4,55,17,9.518,9.518,3.837,15.497,3.972,8,0,128223,Álvaro Morata,1992-10-23,23.86,189.0,right,Attack,Centre-Forward,Spain,Spain,26,1332,15,5,418,Real Madrid,1874,40000000.0,40000000.0,0.999,1.0,0.995,same_club
2537,Sandro Ramírez,ESP,2016-17,Malaga,F S,30,2321,14,14,3,92,31,6.998,6.255,2.998,9.066,2.075,4,0,199369,Sandro Ramírez,1995-07-09,21.15,174.0,right,Attack,Centre-Forward,Spain,Spain,30,2312,14,5,1084,Málaga CF,2402,5000000.0,10000000.0,0.999,1.0,0.996,same_club
2099,Neymar,ESP,2016-17,Barcelona,F M,30,2652,13,12,11,105,91,14.176,13.432,10.67,30.411,12.35,6,1,68290,Neymar,1992-02-05,24.57,175.0,right,Midfield,Attacking Midfield,Brazil,Brazil,30,2653,13,14,131,FC Barcelona,3972,100000000.0,100000000.0,1.0,1.0,1.0,same_club
2120,Gerard Moreno,ESP,2016-17,Espanyol,F M,37,3286,13,13,4,82,32,8.475,7.732,2.629,10.779,3.07,6,0,177467,Gerard Moreno,1992-04-07,24.4,180.0,left,Attack,Centre-Forward,Spain,Spain,37,3280,13,4,714,RCD Espanyol Barcelona,3370,3500000.0,8000000.0,0.999,1.0,0.998,same_club
2150,Rubén Castro,ESP,2016-17,Real Betis,F M S,35,2786,13,11,3,117,27,13.728,12.242,2.31,14.289,2.272,3,0,25316,Rubén Castro,1981-06-27,35.18,169.0,right,Attack,Centre-Forward,Spain,Spain,35,2782,13,3,150,Real Betis Balompié,2805,2000000.0,1000000.0,1.0,1.0,0.999,same_club
2361,Willian José,ESP,2016-17,Real Sociedad,F S,28,2081,12,9,4,69,20,7.886,5.656,2.385,9.13,3.774,4,0,122155,Willian José,1991-11-23,24.77,186.0,right,Attack,Centre-Forward,Brazil,Brazil,28,2080,12,4,681,Real Sociedad,2541,3000000.0,12000000.0,1.0,1.0,1.0,same_club
2442,Kevin Gameiro,ESP,2016-17,Atletico Madrid,F S,31,1713,12,11,5,50,21,11.326,10.582,4.333,14.979,1.762,0,0,27389,Kévin Gameiro,1987-05-09,29.32,172.0,right,Attack,Centre-Forward,France,France,31,1717,12,5,13,Atlético de Madrid,2363,20000000.0,24000000.0,0.999,1.0,0.998,same_club
4068,Florin Andone,ESP,2016-17,Deportivo La Coruna,F S,37,2908,12,12,2,100,16,11.384,11.384,1.517,12.347,1.067,6,0,177065,Florin Andone,1993-04-11,23.39,181.0,right,Attack,Centre-Forward,Romania,Romania,37,2902,12,3,897,Deportivo de La Coruña,3022,2500000.0,5000000.0,0.999,1.0,0.998,same_club
897,Juanmi,ESP,2016-17,Real Sociedad,F M S,35,1836,11,11,0,48,7,7.297,7.297,0.783,7.863,1.201,6,1,126737,Juanmi,1993-05-20,23.29,172.0,right,Attack,Left Winger,Spain,Spain,35,1832,11,1,681,Real Sociedad,2099,5000000.0,10000000.0,0.999,1.0,0.998,same_club
2135,Sergi Enrich,ESP,2016-17,Eibar,F S,38,2826,11,11,7,64,36,8.228,8.228,4.6,13.362,3.489,5,0,81988,Sergi Enrich,1990-02-26,26.51,183.0,right,Attack,Centre-Forward,Spain,Spain,38,2829,11,7,1533,SD Eibar,2872,4000000.0,10000000.0,1.0,1.0,0.999,same_club
2306,Cédric Bakambu,ESP,2016-17,Villarreal,F S,26,1573,11,11,1,49,12,8.286,8.286,2.653,12.781,2.588,5,0,127048,Cédric Bakambu,1991-04-11,25.39,182.0,right,Attack,Centre-Forward,DR Congo,France,26,1567,10,2,1050,Villarreal CF,2024,20000000.0,16000000.0,0.966,1.0,0.996,same_club
2370,Karim Benzema,ESP,2016-17,Real Madrid,F S,29,1927,11,11,5,69,38,13.519,13.519,3.07,19.215,5.196,0,0,18922,Karim Benzema,1987-12-19,28.7,185.0,right,Attack,Centre-Forward,France,France,29,1914,11,5,418,Real Madrid,3239,60000000.0,60000000.0,0.998,1.0,0.993,same_club
3210,Wissam Ben Yedder,ESP,2016-17,Sevilla,F M S,31,1669,11,10,4,44,26,7.922,7.179,2.788,12.621,3.581,0,0,146854,Wissam Ben Yedder,1990-08-12,26.06,170.0,both,Attack,Centre-Forward,France,France,31,1669,11,5,368,Sevilla FC,2269,9000000.0,15000000.0,1.0,1.0,1.0,same_club
1819,Kevin-Prince Boateng,ESP,2016-17,Las Palmas,F M S,28,1995,10,10,4,76,21,7.9,7.9,2.04,10.073,1.711,10,2,16922,Kevin-Prince Boateng,1987-03-06,29.49,186.0,right,Midfield,Attacking Midfield,Ghana,Germany,28,1992,10,5,472,UD Las Palmas,2009,1000000.0,5000000.0,1.0,1.0,0.998,same_club
2197,Pedro León,ESP,2016-17,Eibar,M S,37,3010,10,9,5,85,85,8.72,6.49,8.077,14.919,5.858,6,0,51587,Pedro León,1986-11-24,29.77,183.0,right,Attack,Right Winger,Spain,Spain,37,3011,10,6,1533,SD Eibar,3108,4000000.0,5000000.0,1.0,1.0,1.0,same_club
2255,Isco,ESP,2016-17,Real Madrid,F M S,30,1638,10,10,8,32,37,4.494,4.494,5.062,18.531,11.63,4,0,85288,Isco,1992-04-21,24.36,176.0,right,Midfield,Attacking Midfield,Spain,Spain,30,1636,10,8,418,Real Madrid,2338,35000000.0,40000000.0,1.0,1.0,0.999,same_club
2272,Yannick Carrasco,ESP,2016-17,Atletico Madrid,F M S,35,2270,10,10,4,85,34,7.763,7.02,3.406,12.585,4.025,5,0,140776,Yannick Carrasco,1993-09-04,22.99,181.0,right,Attack,Left Winger,Belgium,Belgium,35,2269,10,4,13,Atlético de Madrid,3434,25000000.0,40000000.0,1.0,1.0,1.0,same_club
2382,Pablo Piatti,ESP,2016-17,Espanyol,F M,30,2360,10,9,10,41,41,5.008,4.265,4.69,8.652,3.982,8,0,56067,Pablo Piatti,1989-03-31,27.42,163.0,left,Attack,Left Winger,Argentina,Argentina,30,2355,10,11,714,RCD Espanyol Barcelona,2445,6000000.0,6000000.0,0.999,1.0,0.998,same_club
2400,Raúl García,ESP,2016-17,Athletic Club,F M S,36,2893,10,7,4,96,33,8.901,6.672,5.855,13.5,4.409,11,0,34601,Raúl García,1986-07-11,30.14,184.0,right,Attack,Centre-Forward,Spain,Spain,36,2884,10,4,621,Athletic Bilbao,3738,12000000.0,12000000.0,0.999,1.0,0.997,same_club
5095,Sergio León,ESP,2016-17,Osasuna,F M S,33,2407,10,9,0,72,7,6.785,6.042,0.452,6.774,1.365,4,0,145769,Sergio León,1989-01-06,27.65,176.0,right,Attack,Centre-Forward,Spain,Spain,33,2402,10,2,331,CA Osasuna,2666,1500000.0,3500000.0,0.999,1.0,0.998,same_club
1810,Roberto Soriano,ESP,2016-17,Villarreal,M S,33,2477,9,9,5,41,28,5.281,5.281,3.67,13.583,6.338,8,1,63186,Roberto Soriano,1991-02-08,25.56,182.0,right,Midfield,Attacking Midfield,Italy,Germany,33,2467,9,7,1050,Villarreal CF,3098,14000000.0,16000000.0,0.999,1.0,0.996,same_club
2340,Duje Cop,ESP,2016-17,Sporting Gijon,F S,31,2276,9,6,3,67,22,8.942,5.969,3.167,9.636,1.513,6,0,46415,Duje Cop,1990-02-01,26.58,184.0,right,Attack,Centre-Forward,Croatia,Jugoslawien (SFR),31,2281,9,3,2448,Sporting Gijón,2281,4000000.0,3500000.0,0.999,1.0,0.998,same_club
2416,Carlos Vela,ESP,2016-17,Real Sociedad,F M S,35,2564,9,6,2,63,67,10.126,7.153,4.709,12.274,4.647,6,0,35773,Carlos Vela,1989-03-01,27.5,177.0,left,Attack,Right Winger,Mexico,Mexico,35,2568,9,3,681,Real Sociedad,2830,15000000.0,15000000.0,1.0,1.0,0.998,same_club
1826,Nicola Sansone,ESP,2016-17,Villarreal,F M S,32,2130,8,7,3,47,20,7.412,6.669,2.344,11.043,2.992,7,0,82048,Nicola Sansone,1991-09-10,24.98,174.0,right,Attack,Left Winger,Italy,Germany,32,2131,8,4,1050,Villarreal CF,2720,12000000.0,16000000.0,1.0,1.0,1.0,same_club
2094,Ivan Rakitic,ESP,2016-17,Barcelona,M S,32,2348,8,8,5,48,26,4.221,4.221,2.431,18.086,14.997,5,0,32467,Ivan Rakitic,1988-03-10,28.48,184.0,right,Midfield,Central Midfield,Croatia,Switzerland,32,2344,7,6,131,FC Barcelona,3524,50000000.0,45000000.0,0.966,1.0,0.998,same_club
2199,Pablo Sarabia,ESP,2016-17,Sevilla,D M S,34,2128,8,7,8,43,48,4.876,4.133,4.996,13.13,8.154,10,0,74230,Pablo Sarabia,1992-05-11,24.31,174.0,left,Midfield,Attacking Midfield,Spain,Spain,34,2132,8,9,368,Sevilla FC,2812,5000000.0,15000000.0,0.999,1.0,0.998,same_club
2214,Carlos Carmona,ESP,2016-17,Sporting Gijon,F M S,25,1870,8,8,2,34,25,3.962,3.962,1.228,6.328,2.433,5,0,71394,Carlos Carmona,1987-07-05,29.16,178.0,right,Attack,Right Winger,Spain,Spain,25,1866,8,3,2448,Sporting Gijón,2016,1500000.0,2000000.0,0.999,1.0,0.998,same_club
2233,Xabi Prieto,ESP,2016-17,Real Sociedad,M S,38,2824,8,7,6,34,48,5.269,4.526,4.516,13.963,7.416,2,0,15693,Xabi Prieto,1983-08-29,33.01,187.0,right,Midfield,Central Midfield,Spain,Spain,38,2824,8,6,681,Real Sociedad,3227,4000000.0,3000000.0,1.0,1.0,1.0,same_club
2249,James Rodríguez,ESP,2016-17,Real Madrid,F M S,22,1174,8,8,6,32,44,5.613,5.613,6.064,13.336,6.606,1,0,88103,James Rodríguez,1991-07-12,25.14,181.0,left,Midfield,Attacking Midfield,Colombia,Colombia,22,1182,8,6,418,Real Madrid,1825,70000000.0,50000000.0,0.998,1.0,0.993,same_club
2271,Fernando Torres,ESP,2016-17,Atletico Madrid,F S,31,1417,8,7,5,45,20,8.836,7.35,3.376,10.938,2.14,3,0,7767,Fernando Torres,1984-03-20,32.45,186.0,right,Attack,Centre-Forward,Spain,Spain,31,1418,8,6,13,Atlético de Madrid,2200,10000000.0,4000000.0,1.0,1.0,0.999,same_club
5068,Alexander Szymanowski,ESP,2016-17,Leganes,F M S,28,2045,8,7,2,42,28,4.517,3.031,2.112,5.744,2.15,1,0,217728,Alexander Szymanowski,1988-10-13,27.89,174.0,left,Attack,Left Winger,Argentina,Argentina,28,2039,8,2,1244,CD Leganés,2039,2000000.0,5000000.0,0.999,1.0,0.997,same_club
1836,Franco Vázquez,ESP,2016-17,Sevilla,F M S,30,2106,7,7,3,54,32,5.291,5.291,4.644,15.317,7.176,8,0,76163,Franco Vázquez,1989-02-22,27.52,187.0,left,Midfield,Attacking Midfield,Argentina,Argentina,30,2092,7,2,368,Sevilla FC,2670,15000000.0,18000000.0,0.998,1.0,0.993,same_club
2065,Vicente Iborra,ESP,2016-17,Sevilla,D M S,31,1452,7,6,2,31,15,6.257,5.514,1.974,8.205,3.402,9,0,65467,Vicente Iborra,1988-01-16,28.63,190.0,right,Midfield,Defensive Midfield,Spain,Spain,31,1469,7,2,368,Sevilla FC,2377,9000000.0,9000000.0,0.997,1.0,0.988,same_club
2133,Adrián,ESP,2016-17,Eibar,M S,28,1542,7,2,1,43,12,7.819,4.103,0.825,6.837,2.476,3,0,44073,Adrián González,1988-05-25,28.27,184.0,left,Midfield,Central Midfield,Spain,Spain,28,1533,7,1,1533,SD Eibar,1791,3000000.0,3000000.0,0.968,0.95,0.994,same_club
2185,Deyverson,ESP,2016-17,Alaves,F S,32,2582,7,7,1,56,26,9.149,9.149,2.015,11.031,1.511,14,0,243541,Deyverson,1991-05-08,25.32,187.0,left,Attack,Centre-Forward,Brazil,Brazil,32,2581,7,1,1108,Deportivo Alavés,2867,3500000.0,5000000.0,1.0,1.0,1.0,same_club
2246,Sergio Ramos,ESP,2016-17,Real Madrid,D,28,2492,7,7,0,35,6,4.616,4.616,0.29,10.44,10.235,8,1,25557,Sergio Ramos,1986-03-30,30.43,184.0,right,Defender,Centre-Back,Spain,Spain,28,2489,7,0,418,Real Madrid,3988,40000000.0,40000000.0,1.0,1.0,0.999,same_club
2251,Gareth Bale,ESP,2016-17,Real Madrid,F S,19,1428,7,7,2,64,22,7.643,7.643,2.725,11.901,6.169,3,1,39381,Gareth Bale,1989-07-16,27.13,186.0,left,Attack,Right Winger,Wales,Wales,19,1427,7,4,418,Real Madrid,1936,90000000.0,80000000.0,1.0,1.0,0.999,same_club
2358,Jonathan Viera,ESP,2016-17,Las Palmas,F M S,31,2595,7,3,7,66,82,6.87,3.897,7.334,14.044,8.259,4,0,153238,Jonathan Viera,1989-10-21,26.86,171.0,right,Midfield,Attacking Midfield,Spain,Spain,31,2585,7,8,472,UD Las Palmas,2676,6000000.0,10000000.0,0.999,1.0,0.996,same_club
2401,Muniain,ESP,2016-17,Athletic Club,M S,35,2418,7,7,2,41,38,4.317,4.317,1.848,8.943,3.631,5,0,54235,Iker Muniain,1992-12-19,23.7,169.0,right,Attack,Left Winger,Spain,Spain,35,2413,7,4,621,Athletic Bilbao,3150,14000000.0,15000000.0,0.999,1.0,0.998,same_club
5074,Kike García,ESP,2016-17,Eibar,F M S,24,1540,7,7,1,26,11,4.044,4.044,0.969,6.008,1.711,8,0,93936,Kike García,1989-11-25,26.77,186.0,right,Attack,Centre-Forward,Spain,Spain,24,1538,7,3,1533,SD Eibar,1635,1500000.0,3000000.0,1.0,1.0,0.999,same_club
5093,Roberto Torres,ESP,2016-17,Osasuna,M S,32,2314,7,4,3,64,62,6.158,2.442,4.697,7.228,4.338,7,0,63056,Roberto Torres,1989-03-07,27.49,178.0,right,Midfield,Attacking Midfield,Spain,Spain,32,2313,7,5,331,CA Osasuna,2412,2000000.0,3000000.0,1.0,1.0,1.0,same_club
5129,Kenan Kodro,ESP,2016-17,Osasuna,F M S,28,1461,7,7,1,39,12,5.723,5.723,0.56,6.804,1.712,4,0,197126,Kenan Kodro,1993-08-19,23.04,188.0,right,Attack,Centre-Forward,Bosnia-Herzegovina,Spain,28,1467,7,1,331,CA Osasuna,1541,400000.0,3000000.0,0.999,1.0,0.996,same_club
1524,Stevan Jovetic,ESP,2016-17,Sevilla,F S,21,1207,6,6,4,58,22,6.761,6.018,2.95,9.399,3.499,4,0,46104,Stevan Jovetić,1989-11-02,26.83,183.0,right,Attack,Second Striker,Montenegro,Jugoslawien (SFR),21,1204,6,4,368,Sevilla FC,1451,14000000.0,10000000.0,0.999,1.0,0.998,same_club
1524,Stevan Jovetic,ESP,2016-17,Sevilla,F S,21,1207,6,6,4,58,22,6.761,6.018,2.95,9.399,3.499,4,0,46104,Stevan Jovetić,1989-11-02,26.83,183.0,right,Attack,Second Striker,Montenegro,Jugoslawien (SFR),21,1204,6,4,368,Sevilla FC,1451,14000000.0,10000000.0,0.987,1.0,0.956,same_club
1642,Simone Zaza,ESP,2016-17,Valencia,F S,20,1373,6,6,1,60,12,6.623,6.623,0.854,7.985,1.95,7,0,96828,Simone Zaza,1991-06-25,25.19,186.0,left,Attack,Centre-Forward,Italy,Italy,20,1376,6,1,1049,Valencia CF,1836,15000000.0,15000000.0,1.0,1.0,1.0,same_club
1642,Simone Zaza,ESP,2016-17,Valencia,F S,20,1373,6,6,1,60,12,6.623,6.623,0.854,7.985,1.95,7,0,96828,Simone Zaza,1991-06-25,25.19,186.0,left,Attack,Centre-Forward,Italy,Italy,20,1376,6,1,1049,Valencia CF,1836,15000000.0,15000000.0,0.999,1.0,0.998,same_club
2100,Rafinha,ESP,2016-17,Barcelona,F M S,18,1079,6,6,2,25,14,2.799,2.799,2.006,12.843,10.107,1,0,129473,Rafinha,1993-02-12,23.55,174.0,left,Midfield,Attacking Midfield,Brazil,Brazil,18,1074,6,2,131,FC Barcelona,1567,12000000.0,15000000.0,0.999,1.0,0.995,same_club
2106,Munir,ESP,2016-17,"Barcelona,Valencia",F M S,34,2048,6,6,3,48,24,4.846,4.846,1.969,8.405,3.164,3,1,223725,Munir El Haddadi,1995-09-01,21.0,177.0,left,Midfield,Attacking Midfield,Morocco,Spain,34,2054,6,3,"131,1049","FC Barcelona,Valencia CF",2392,10000000.0,9000000.0,0.969,0.95,0.997,same_club
2274,Luciano Vietto,ESP,2016-17,Sevilla,F S,21,1314,6,6,3,31,16,5.301,5.301,3.067,8.654,2.214,3,0,214316,Luciano Vietto,1993-12-05,22.74,173.0,right,Attack,Centre-Forward,Argentina,Argentina,21,1309,6,4,368,Sevilla FC,1892,14000000.0,12000000.0,0.999,1.0,0.996,same_club
2304,Leo Baptistao,ESP,2016-17,Espanyol,F M S,21,1434,6,6,4,34,14,4.493,4.493,2.138,6.636,1.166,1,0,221899,Léo Baptistão,1992-08-26,24.02,183.0,right,Attack,Centre-Forward,Brazil,Brazil,21,1428,6,6,714,RCD Espanyol Barcelona,1451,3500000.0,4000000.0,0.999,1.0,0.996,same_club
2335,Pablo Fornals,ESP,2016-17,Malaga,M S,32,2677,6,6,2,41,37,2.398,2.398,2.604,9.689,6.671,6,0,357885,Pablo Fornals,1996-02-22,20.53,178.0,right,Midfield,Central Midfield,Spain,Spain,32,2673,6,3,1084,Málaga CF,2853,3000000.0,10000000.0,1.0,1.0,0.999,same_club
2380,Paco Alcácer,ESP,2016-17,"Barcelona,Valencia",F S,21,937,6,6,3,27,12,6.055,6.055,3.057,9.727,2.913,1,0,126716,Paco Alcácer,1993-08-30,23.01,175.0,right,Attack,Centre-Forward,Spain,Spain,21,939,6,3,"131,1049","FC Barcelona,Valencia CF",1387,25000000.0,18000000.0,0.999,1.0,0.998,same_club
2384,Santi Mina,ESP,2016-17,Valencia,F M S,29,1399,6,6,2,32,18,6.066,6.066,1.427,9.076,4.092,2,0,255653,Santi Mina,1995-12-07,20.74,181.0,right,Attack,Centre-Forward,Spain,Spain,29,1405,6,3,1049,Valencia CF,1574,7000000.0,6000000.0,0.999,1.0,0.996,same_club
2466,Celso Borges,ESP,2016-17,Deportivo La Coruna,M S,34,2723,6,4,0,41,19,5.953,3.724,1.544,7.599,4.873,5,0,81532,Celso Borges,1988-05-27,28.27,183.0,right,Midfield,Central Midfield,Costa Rica,Costa Rica,34,2724,6,0,897,Deportivo de La Coruña,2855,3500000.0,5000000.0,1.0,1.0,1.0,same_club
2511,Vitolo,ESP,2016-17,Sevilla,D F M S,30,2329,6,6,6,32,47,5.785,5.785,3.925,13.508,4.701,5,1,67082,Vitolo,1989-11-02,26.83,184.0,right,Attack,Left Winger,Spain,Spain,30,2336,6,7,368,Sevilla FC,3393,15000000.0,25000000.0,0.999,1.0,0.997,same_club
866,Joselu,ESP,2016-17,Deportivo La Coruna,F S,20,884,5,5,1,30,6,2.653,2.653,0.212,3.023,1.053,7,0,81999,Joselu,1990-03-27,26.43,191.0,right,Attack,Centre-Forward,Spain,Germany,20,892,5,1,897,Deportivo de La Coruña,1184,6000000.0,3500000.0,0.997,1.0,0.991,same_club
922,Andreas Pereira,ESP,2016-17,Granada,F M S,35,2833,5,5,3,75,52,4.385,4.385,3.722,6.914,2.746,10,1,203394,Andreas Pereira,1996-01-01,20.67,178.0,right,Midfield,Central Midfield,Brazil,Belgium,35,2832,5,3,16795,Granada CF,2881,2000000.0,5000000.0,1.0,1.0,1.0,same_club
1935,Marko Livaja,ESP,2016-17,Las Palmas,F S,25,1450,5,5,3,26,20,2.684,2.684,1.736,4.687,1.284,12,1,95438,Marko Livaja,1993-08-26,23.02,184.0,right,Attack,Centre-Forward,Croatia,Croatia,25,1447,5,4,472,UD Las Palmas,1537,3000000.0,2500000.0,0.999,1.0,0.998,same_club
2218,Guerrero,ESP,2016-17,Leganes,F S,31,2147,5,4,1,43,19,5.251,4.508,1.611,6.351,1.784,3,0,137704,Miguel Ángel Guerrero,1990-07-12,26.14,180.0,right,Attack,Second Striker,Spain,Spain,31,2148,5,1,1244,CD Leganés,2283,1200000.0,1500000.0,1.0,1.0,1.0,same_club
2301,Manu Trigueros,ESP,2016-17,Villarreal,M S,37,3051,5,5,1,46,43,2.829,2.829,3.448,13.079,8.479,4,0,188854,Manu Trigueros,1991-10-17,24.88,178.0,right,Midfield,Central Midfield,Spain,Spain,37,3042,5,1,1050,Villarreal CF,3684,7000000.0,15000000.0,0.999,1.0,0.997,same_club
2302,Bruno,ESP,2016-17,Villarreal,M S,34,2984,5,1,2,18,23,5.622,1.905,1.615,11.398,10.291,5,0,44412,Bruno Soriano,1984-06-12,32.22,184.0,left,Midfield,Defensive Midfield,Spain,Spain,34,2984,5,2,1050,Villarreal CF,3961,8000000.0,5000000.0,0.97,0.95,1.0,same_club
2354,Mauricio Lemos,ESP,2016-17,Las Palmas,D M S,23,1861,5,5,0,19,3,0.874,0.874,0.273,2.275,2.083,6,0,303140,Mauricio Lemos,1995-12-28,20.68,187.0,right,Defender,Centre-Back,Uruguay,Uruguay,23,1850,5,0,472,UD Las Palmas,1975,4000000.0,10000000.0,0.998,1.0,0.994,same_club
2378,Daniel Parejo,ESP,2016-17,Valencia,M,36,3198,5,2,7,50,66,6.928,3.212,5.878,14.959,10.918,12,0,59561,Dani Parejo,1989-04-16,27.38,182.0,right,Midfield,Central Midfield,Spain,Spain,36,3195,5,10,1049,Valencia CF,3420,18000000.0,15000000.0,0.97,0.95,0.999,same_club
2381,Rodrigo,ESP,2016-17,Valencia,F M S,19,1404,5,5,3,31,22,4.672,4.672,2.659,8.308,2.051,1,0,131505,Rodrigo,1991-03-06,25.49,182.0,left,Attack,Centre-Forward,Spain,Brazil,19,1419,5,4,1049,Valencia CF,1588,9000000.0,7500000.0,0.997,1.0,0.989,same_club
2399,Iñaki Williams,ESP,2016-17,Athletic Club,F M S,38,2804,5,5,6,67,37,6.779,6.779,3.628,13.893,4.176,4,0,255508,Iñaki Williams,1994-06-15,22.21,186.0,right,Attack,Right Winger,Ghana,Spain,38,2802,5,8,621,Athletic Bilbao,3623,20000000.0,25000000.0,1.0,1.0,0.999,same_club
2491,Ibai Gómez,ESP,2016-17,Alaves,F M S,29,1838,5,5,2,51,36,2.874,2.874,3.562,6.659,3.076,2,0,127837,Ibai Gómez,1989-11-11,26.81,178.0,right,Attack,Left Winger,Spain,Spain,29,1828,5,3,1108,Deportivo Alavés,2112,1500000.0,2000000.0,0.998,1.0,0.995,same_club
2630,Artem Kravets,ESP,2016-17,Granada,F S,26,1379,5,5,2,40,12,6.437,6.437,1.233,5.861,0.828,2,0,58405,Artem Kravets,1989-06-03,27.25,189.0,right,Attack,Centre-Forward,Ukraine,UdSSR,26,1378,5,2,16795,Granada CF,1378,2500000.0,2500000.0,1.0,1.0,0.999,same_club
4536,Nani,ESP,2016-17,Valencia,F M S,25,1868,5,4,7,68,39,5.386,4.643,6.07,10.342,3.475,6,0,33706,Nani,1986-11-17,29.79,177.0,both,Attack,Left Winger,Portugal,Portugal,25,1846,5,8,1049,Valencia CF,1930,15000000.0,10000000.0,0.996,1.0,0.988,same_club
5067,Gabriel Pires,ESP,2016-17,Leganes,F M S,34,2757,5,5,2,56,35,3.849,3.849,3.03,7.858,3.43,9,0,167291,Gabriel Pires,1993-09-18,22.95,187.0,left,Midfield,Defensive Midfield,Brazil,Brazil,34,2772,5,2,1244,CD Leganés,2907,2000000.0,4000000.0,0.998,1.0,0.995,same_club
5154,Mehdi Carcela-González,ESP,2016-17,Granada,F M S,22,1755,5,5,1,30,16,2.031,2.031,1.462,4.185,0.97,6,0,42714,Mehdi Carcela-González,1989-07-01,27.17,179.0,left,Attack,Right Winger,Morocco,Belgium,22,1753,5,1,16795,Granada CF,1775,5000000.0,3000000.0,1.0,1.0,0.999,same_club
324,Adrián Ramos,ESP,2016-17,Granada,F S,14,1133,4,4,1,22,16,2.524,2.524,0.752,3.784,0.999,4,0,73782,Adrián Ramos,1986-01-22,30.61,185.0,right,Attack,Centre-Forward,Colombia,Colombia,14,1130,4,1,16795,Granada CF,1799,6000000.0,5000000.0,0.999,1.0,0.997,same_club
324,Adrián Ramos,ESP,2016-17,Granada,F S,14,1133,4,4,1,22,16,2.524,2.524,0.752,3.784,0.999,4,0,73782,Adrián Ramos,1986-01-22,30.61,185.0,right,Attack,Centre-Forward,Colombia,Colombia,14,1130,4,1,16795,Granada CF,1799,6000000.0,5000000.0,0.999,1.0,0.997,same_club
1644,Giuseppe Rossi,ESP,2016-17,Celta Vigo,F S,18,789,4,4,1,25,11,2.756,2.756,1.076,4.317,1.337,1,0,19104,Giuseppe Rossi,1987-02-01,29.58,173.0,left,Attack,Centre-Forward,Italy,United States,18,791,4,1,940,Celta de Vigo,1316,7500000.0,4000000.0,0.999,1.0,0.997,same_club
1644,Giuseppe Rossi,ESP,2016-17,Celta Vigo,F S,18,789,4,4,1,25,11,2.756,2.756,1.076,4.317,1.337,1,0,19104,Giuseppe Rossi,1987-02-01,29.58,173.0,left,Attack,Centre-Forward,Italy,United States,18,791,4,1,940,Celta de Vigo,1316,7500000.0,4000000.0,0.997,1.0,0.989,same_club
1809,Joaquín Correa,ESP,2016-17,Sevilla,F M S,26,1306,4,4,0,34,12,2.796,2.796,0.997,5.887,2.479,6,0,227081,Joaquín Correa,1994-08-13,22.05,188.0,right,Attack,Second Striker,Argentina,Argentina,26,1312,4,1,368,Sevilla FC,1762,10000000.0,10000000.0,0.999,1.0,0.995,same_club
2088,Edgar Méndez,ESP,2016-17,Alaves,F M S,27,1614,4,3,1,43,19,5.433,4.689,1.321,7.25,2.011,6,0,133794,Edgar Méndez,1990-01-02,26.66,187.0,right,Attack,Right Winger,Spain,Spain,27,1617,4,1,1108,Deportivo Alavés,1931,1500000.0,2000000.0,0.999,1.0,0.998,same_club
2217,Antonio Sanabria,ESP,2016-17,Real Betis,F S,22,1491,4,4,1,37,6,3.482,3.482,0.523,4.277,1.129,2,0,234523,Antonio Sanabria,1996-03-04,20.5,180.0,right,Attack,Centre-Forward,Paraguay,Paraguay,22,1498,4,1,150,Real Betis Balompié,1652,7500000.0,5000000.0,0.999,1.0,0.995,same_club
2223,Carlos Castro,ESP,2016-17,Sporting Gijon,F S,25,1010,4,4,1,16,12,2.927,2.927,1.363,4.472,0.293,1,0,277093,Carlos Castro,1995-06-01,21.25,177.0,left,Attack,Centre-Forward,Spain,Spain,25,1013,4,1,2448,Sporting Gijón,1058,2000000.0,1800000.0,0.999,1.0,0.997,same_club
2248,Casemiro,ESP,2016-17,Real Madrid,M S,25,1711,4,4,0,15,9,3.205,3.205,0.43,10.852,9.816,9,0,16306,Casemiro,1992-02-23,24.52,185.0,right,Midfield,Defensive Midfield,Brazil,Brazil,25,1707,4,0,418,Real Madrid,3313,20000000.0,30000000.0,0.999,1.0,0.998,same_club
2266,Saúl Ñíguez,ESP,2016-17,Atletico Madrid,D M S,33,2545,4,4,3,47,25,2.977,2.977,2.89,11.809,7.161,8,0,148928,Saúl Ñíguez,1994-11-21,21.78,184.0,left,Midfield,Central Midfield,Spain,Spain,33,2543,4,3,13,Atlético de Madrid,4013,35000000.0,40000000.0,1.0,1.0,0.999,same_club
2269,Koke,ESP,2016-17,Atletico Madrid,M,36,3172,4,4,8,27,72,2.544,2.544,5.957,19.328,14.522,6,1,74229,Koke,1992-01-08,24.65,176.0,right,Midfield,Central Midfield,Spain,Spain,36,3172,4,8,13,Atlético de Madrid,4694,60000000.0,60000000.0,1.0,1.0,1.0,same_club
2275,Ángel Correa,ESP,2016-17,Atletico Madrid,F M S,31,1215,4,4,8,37,23,5.157,5.157,3.791,10.943,4.11,6,0,266807,Ángel Correa,1995-03-09,21.48,171.0,right,Attack,Second Striker,Argentina,Argentina,31,1213,4,8,13,Atlético de Madrid,1921,9000000.0,18000000.0,1.0,1.0,0.998,same_club
2287,John Guidetti,ESP,2016-17,Celta Vigo,F S,23,1078,4,3,1,19,13,2.643,1.9,0.943,3.517,1.062,8,0,98596,John Guidetti,1992-04-15,24.38,185.0,right,Attack,Centre-Forward,Sweden,Sweden,23,1066,4,2,940,Celta de Vigo,2272,8000000.0,8000000.0,0.997,1.0,0.989,same_club
2311,Roberto Soldado,ESP,2016-17,Villarreal,F,10,753,4,3,3,17,14,2.942,2.199,2.473,5.278,1.324,6,0,34870,Roberto Soldado,1985-05-27,31.27,180.0,right,Attack,Centre-Forward,Spain,Spain,10,746,4,3,1050,Villarreal CF,812,16000000.0,8000000.0,0.997,1.0,0.991,same_club
2323,Oriol Riera,ESP,2016-17,Osasuna,F S,22,1471,4,4,1,38,20,3.237,3.237,1.585,4.236,1.125,3,0,71671,Oriol Riera,1986-07-03,30.17,186.0,right,Attack,Centre-Forward,Spain,Spain,22,1464,4,1,331,CA Osasuna,1644,1500000.0,1500000.0,0.999,1.0,0.995,same_club
2336,Ignacio Camacho,ESP,2016-17,Malaga,M,35,3147,4,4,2,40,14,1.993,1.993,0.797,6.563,5.07,15,0,58874,Ignacio Camacho,1990-05-04,26.33,182.0,right,Midfield,Defensive Midfield,Spain,Spain,35,3146,4,2,1084,Málaga CF,3146,10000000.0,10000000.0,1.0,1.0,1.0,same_club
2353,Pedro Bigas,ESP,2016-17,Las Palmas,D S,32,2654,4,4,1,18,5,1.217,1.217,0.572,5.908,5.508,4,1,203043,Pedro Bigas,1990-05-15,26.3,181.0,left,Defender,Centre-Back,Spain,Spain,32,2651,4,1,472,UD Las Palmas,2696,3000000.0,5000000.0,1.0,1.0,0.999,same_club
2357,Nabil El Zhar,ESP,2016-17,"Las Palmas,Leganes",F M S,26,1677,4,4,4,32,19,4.165,4.165,1.959,7.052,1.576,2,0,37917,Nabil El Zhar,1986-08-27,30.02,170.0,both,Attack,Right Winger,Morocco,France,26,1670,4,4,"472,1244","UD Las Palmas,CD Leganés",1850,1500000.0,2000000.0,0.999,1.0,0.996,same_club
2359,Tana,ESP,2016-17,Las Palmas,F M S,32,2214,4,4,4,25,44,1.945,1.945,2.922,9.041,6.23,4,0,223068,Tana,1990-09-20,25.95,169.0,left,Midfield,Attacking Midfield,Spain,Spain,32,2211,4,4,472,UD Las Palmas,2391,3500000.0,3500000.0,1.0,1.0,0.999,same_club
2395,San José,ESP,2016-17,Athletic Club,M S,35,2695,4,4,1,27,15,3.781,3.781,2.026,7.308,4.229,9,0,52469,Mikel San José,1989-05-30,27.26,187.0,right,Midfield,Defensive Midfield,Spain,Spain,35,2666,4,2,621,Athletic Bilbao,3350,10000000.0,12000000.0,0.997,1.0,0.989,same_club
3056,Ezequiel Garay,ESP,2016-17,Valencia,D,27,2340,4,4,0,11,4,2.384,2.384,0.193,4.065,3.828,7,0,35939,Ezequiel Garay,1986-10-10,29.89,188.0,right,Defender,Centre-Back,Argentina,Argentina,27,2340,3,0,1049,Valencia CF,2880,20000000.0,15000000.0,0.967,1.0,1.0,same_club
5069,Luciano Neves,ESP,2016-17,Leganes,F M S,25,1169,4,3,2,24,12,4.009,3.265,1.197,5.294,1.614,3,0,223560,Luciano,1993-05-18,23.29,181.0,left,Attack,Centre-Forward,Brazil,Brazil,25,1169,4,2,1244,CD Leganés,1252,4000000.0,2500000.0,0.97,0.95,1.0,same_club
5176,Ryan Babel,ESP,2016-17,Deportivo La Coruna,F M S,11,554,4,4,1,13,3,1.97,1.227,0.233,1.721,0.795,3,0,16135,Ryan Babel,1986-12-19,29.7,185.0,right,Attack,Left Winger,Netherlands,Netherlands,11,560,4,1,897,Deportivo de La Coruña,2728,5000000.0,5000000.0,0.997,1.0,0.989,same_club
452,Takashi Inui,ESP,2016-17,Eibar,M S,28,2097,3,3,2,44,22,2.706,2.706,2.399,7.525,2.961,5,0,98249,Takashi Inui,1988-06-02,28.25,169.0,right,Attack,Left Winger,Japan,Japan,28,2090,3,4,1533,SD Eibar,2160,3000000.0,3000000.0,0.999,1.0,0.997,same_club
576,Mario Suárez,ESP,2016-17,Valencia,D M S,21,1501,3,3,0,11,5,1.502,1.502,0.276,3.884,3.544,3,0,37337,Mario Suárez,1987-02-24,29.52,189.0,right,Defender,Centre-Back,Spain,Spain,21,1499,3,0,1049,Valencia CF,1769,8500000.0,6000000.0,1.0,1.0,0.999,same_club
582,Jurado,ESP,2016-17,Espanyol,M S,31,2458,3,3,3,35,28,2.86,2.86,2.012,5.351,1.703,1,0,28261,José Manuel Jurado,1986-06-29,30.18,176.0,right,Midfield,Attacking Midfield,Spain,Spain,31,2460,3,4,714,RCD Espanyol Barcelona,2550,3500000.0,3500000.0,1.0,1.0,0.999,same_club
1857,David López,ESP,2016-17,Espanyol,D M,36,3240,3,3,2,17,12,1.816,1.816,0.842,3.92,3.136,3,0,129444,David López,1989-10-09,26.9,185.0,right,Defender,Centre-Back,Spain,Spain,36,3240,3,2,714,RCD Espanyol Barcelona,3330,6500000.0,6500000.0,1.0,1.0,1.0,same_club
2102,Arda Turan,ESP,2016-17,Barcelona,F M S,18,1246,3,3,3,14,27,3.121,3.121,3.285,14.109,8.684,1,0,21369,Arda Turan,1987-01-30,29.59,177.0,right,Attack,Left Winger,Turkey,Turkey,18,1244,3,3,131,FC Barcelona,1847,30000000.0,24000000.0,1.0,1.0,0.998,same_club
2115,Hernán Pérez,ESP,2016-17,Espanyol,M S,32,1798,3,3,1,26,16,1.463,1.463,0.887,2.962,0.999,8,0,73636,Hernán Pérez,1989-02-25,27.52,180.0,right,Attack,Right Winger,Paraguay,Paraguay,32,1796,3,0,714,RCD Espanyol Barcelona,1908,3500000.0,3000000.0,1.0,1.0,0.999,same_club
2117,Marco Asensio,ESP,2016-17,Real Madrid,F M S,23,1079,3,3,2,26,23,3.639,3.639,3.584,10.354,4.042,0,0,296622,Marco Asensio,1996-01-21,20.61,182.0,left,Midfield,Attacking Midfield,Spain,Spain,23,1078,3,2,418,Real Madrid,1919,12000000.0,20000000.0,1.0,1.0,0.999,same_club
2127,Iván Ramis,ESP,2016-17,Eibar,D S,22,1723,3,3,0,10,0,0.953,0.953,0.0,2.621,2.613,5,0,26066,Iván Ramis,1984-10-25,31.85,189.0,right,Defender,Centre-Back,Spain,Spain,22,1721,3,0,1533,SD Eibar,1721,1200000.0,1000000.0,1.0,1.0,0.999,same_club
2148,Joaquín,ESP,2016-17,Real Betis,F M S,28,1680,3,3,4,27,35,2.77,2.77,1.901,8.077,5.061,2,0,7663,Joaquín,1981-07-21,35.12,181.0,right,Attack,Right Winger,Spain,Spain,28,1678,3,4,150,Real Betis Balompié,1704,1000000.0,500000.0,1.0,1.0,0.999,same_club
2168,Bebé,ESP,2016-17,Eibar,M S,20,684,3,3,2,23,9,0.975,0.975,0.673,1.472,0.327,2,0,153427,Bebé,1990-07-12,26.14,190.0,right,Attack,Left Winger,Cape Verde,Portugal,20,683,3,3,1533,SD Eibar,1204,3000000.0,2500000.0,1.0,1.0,0.999,same_club
2229,Yuri,ESP,2016-17,Real Sociedad,D,35,3089,3,3,2,41,23,1.52,1.52,1.49,9.511,7.406,9,0,61812,Yuri Berchiche,1990-02-10,26.56,181.0,left,Defender,Left-Back,Spain,Spain,35,3090,3,4,681,Real Sociedad,3630,3000000.0,10000000.0,0.97,0.95,1.0,same_club
2230,David Zurutuza,ESP,2016-17,Real Sociedad,M S,31,2512,3,3,1,25,14,1.806,1.806,0.624,6.463,4.697,7,1,59375,David Zurutuza,1986-07-19,30.12,186.0,right,Midfield,Central Midfield,Spain,France,31,2504,3,1,681,Real Sociedad,3015,2000000.0,3000000.0,0.999,1.0,0.997,same_club
2238,Jon Bautista,ESP,2016-17,Real Sociedad,F S,12,302,3,3,0,13,0,1.149,1.149,0.0,1.332,0.313,0,0,289236,Jon Bautista,1995-07-03,21.17,180.0,right,Attack,Centre-Forward,Spain,Spain,12,304,3,0,681,Real Sociedad,314,300000.0,5000000.0,0.998,1.0,0.993,same_club
2256,Jesé,ESP,2016-17,Las Palmas,F M S,16,1157,3,2,1,34,15,3.679,2.936,1.413,4.782,0.934,5,0,134936,Jesé,1993-02-26,23.51,178.0,right,Attack,Left Winger,,,16,1163,3,1,472,UD Las Palmas,1442,14000000.0,7500000.0,0.998,1.0,0.995,same_club
2256,Jesé,ESP,2016-17,Las Palmas,F M S,16,1157,3,2,1,34,15,3.679,2.936,1.413,4.782,0.934,5,0,134936,Jesé,1993-02-26,23.51,178.0,right,Attack,Left Winger,,,16,1163,3,1,472,UD Las Palmas,1442,14000000.0,7500000.0,0.993,1.0,0.977,same_club
2264,Diego Godín,ESP,2016-17,Atletico Madrid,D S,31,2705,3,3,1,29,7,2.86,2.86,0.869,4.687,3.852,10,1,54928,Diego Godín,1986-02-16,30.54,187.0,right,Defender,Centre-Back,Uruguay,Uruguay,31,2706,3,1,13,Atlético de Madrid,4028,40000000.0,38000000.0,1.0,1.0,1.0,same_club
2265,Filipe Luis,ESP,2016-17,Atletico Madrid,D,34,3011,3,3,6,25,34,2.307,2.307,2.912,12.975,11.386,5,0,21725,Filipe Luís,1985-08-09,31.06,182.0,left,Defender,Left-Back,Brazil,Brazil,34,3009,3,6,13,Atlético de Madrid,4239,25000000.0,18000000.0,1.0,1.0,0.999,same_club
2284,Daniel Wass,ESP,2016-17,Celta Vigo,M S,32,2393,3,3,4,41,47,3.164,3.164,5.044,9.634,4.813,3,0,63463,Daniel Wass,1989-05-31,27.26,181.0,right,Midfield,Central Midfield,Denmark,Denmark,32,2394,3,4,940,Celta de Vigo,3722,10000000.0,10000000.0,1.0,1.0,1.0,same_club
2285,Fabián Orellana,ESP,2016-17,"Celta Vigo,Valencia",F M S,23,1668,3,3,3,26,28,2.562,2.562,2.726,7.784,3.823,5,1,60890,Fabián Orellana,1986-01-27,30.6,168.0,right,Attack,Right Winger,Chile,Chile,23,1665,3,3,"940,1049","Celta de Vigo,Valencia CF",1774,6000000.0,3000000.0,0.999,1.0,0.998,same_club
2320,Pedro Mosquera,ESP,2016-17,Deportivo La Coruna,M S,23,1557,3,3,0,10,5,1.818,1.818,0.14,3.261,2.442,7,0,44069,Pedro Mosquera,1988-04-21,28.36,184.0,left,Midfield,Central Midfield,Spain,Spain,23,1557,3,0,897,Deportivo de La Coruña,1863,6000000.0,4000000.0,1.0,1.0,1.0,same_club
2337,Recio,ESP,2016-17,Malaga,M S,18,1361,3,2,2,15,15,2.238,1.494,0.944,4.294,3.014,9,0,150948,Recio,1991-01-11,25.64,183.0,right,Midfield,Central Midfield,Spain,Spain,18,1359,3,2,1084,Málaga CF,1359,5000000.0,3500000.0,1.0,1.0,0.999,same_club
2339,Charles,ESP,2016-17,Malaga,F S,21,1135,3,3,1,38,8,4.078,4.078,0.666,5.35,1.589,5,0,154059,Charles,1984-04-04,32.41,179.0,right,Attack,Centre-Forward,Brazil,Brazil,21,1137,3,1,1084,Málaga CF,1137,2500000.0,1500000.0,0.999,1.0,0.998,same_club
2360,Momo,ESP,2016-17,Las Palmas,F M S,23,1237,3,2,0,11,18,2.439,1.695,0.981,4.564,2.609,3,0,25319,Momo,1982-07-15,34.13,178.0,left,Attack,Left Winger,Spain,Spain,23,1240,3,0,472,UD Las Palmas,1328,300000.0,100000.0,0.999,1.0,0.998,same_club
2369,Toni Kroos,ESP,2016-17,Real Madrid,M S,29,2503,3,3,12,33,80,1.735,1.735,8.08,17.438,13.11,6,0,31909,Toni Kroos,1990-01-04,26.66,183.0,right,Midfield,Central Midfield,Germany,East Germany (GDR),29,2500,3,12,418,Real Madrid,4170,55000000.0,70000000.0,1.0,1.0,0.999,same_club
2383,André Gomes,ESP,2016-17,Barcelona,M S,30,1589,3,3,1,19,12,2.429,2.429,1.041,9.641,7.393,3,0,221025,André Gomes,1993-07-30,23.09,190.0,right,Midfield,Central Midfield,Portugal,Portugal,30,1593,3,2,131,FC Barcelona,2655,30000000.0,25000000.0,0.999,1.0,0.997,same_club
2390,Víctor Camarasa,ESP,2016-17,Alaves,F M S,31,2510,3,3,1,31,27,4.208,4.208,3.741,9.632,2.946,4,0,263856,Víctor Camarasa,1994-05-28,22.26,183.0,right,Midfield,Central Midfield,Spain,Spain,31,2507,3,1,1108,Deportivo Alavés,2804,3000000.0,5000000.0,1.0,1.0,0.999,same_club
2441,Reyes,ESP,2016-17,Espanyol,F M S,21,868,3,2,4,14,18,1.402,0.659,1.352,1.292,0.624,1,0,7717,José Antonio Reyes,1983-09-01,33.0,176.0,left,Attack,Right Winger,Spain,Spain,21,865,3,4,714,RCD Espanyol Barcelona,921,2000000.0,800000.0,0.999,1.0,0.997,same_club
2478,Carlos Soler,ESP,2016-17,Valencia,M S,23,1722,3,3,1,28,19,1.938,1.938,2.116,9.162,5.732,4,1,372246,Carlos Soler,1997-01-02,19.66,180.0,right,Midfield,Central Midfield,Spain,Spain,23,1724,3,1,1049,Valencia CF,1846,250000.0,7500000.0,1.0,1.0,0.999,same_club
2484,Iñigo Martínez,ESP,2016-17,Real Sociedad,D,34,3001,3,3,2,41,13,1.845,1.845,1.389,5.102,4.447,9,1,158863,Iñigo Martínez,1991-05-17,25.3,182.0,left,Defender,Centre-Back,Spain,Spain,34,2999,3,3,681,Real Sociedad,3539,15000000.0,20000000.0,1.0,1.0,0.999,same_club
2504,Douglas,ESP,2016-17,Sporting Gijon,D M S,21,1726,3,3,0,15,21,0.949,0.949,1.716,4.98,3.565,6,0,58426,Douglas,1990-08-06,26.07,171.0,right,Defender,Right-Back,Brazil,Brazil,21,1718,3,0,2448,Sporting Gijón,1813,1000000.0,1500000.0,0.999,1.0,0.995,same_club
5038,Álex Alegría,ESP,2016-17,Real Betis,F S,25,1439,3,3,2,45,8,2.979,2.979,1.161,5.145,2.22,2,0,178187,Álex Alegría,1992-10-10,23.89,191.0,right,Attack,Centre-Forward,Spain,Spain,25,1431,3,2,150,Real Betis Balompié,1611,700000.0,2000000.0,0.998,1.0,0.994,same_club
5045,Manu García,ESP,2016-17,Alaves,M S,25,2017,3,2,1,24,9,2.753,2.01,0.416,4.723,3.123,6,0,76273,Manu García,1986-04-26,30.35,183.0,left,Midfield,Central Midfield,Spain,Spain,25,1988,3,1,1108,Deportivo Alavés,2440,800000.0,1500000.0,0.996,1.0,0.986,same_club
5051,Gabriel Mercado,ESP,2016-17,Sevilla,D S,29,2186,3,3,1,13,5,2.171,2.171,0.688,4.04,3.592,10,0,45319,Gabriel Mercado,1987-03-18,29.46,180.0,right,Defender,Centre-Back,Argentina,Argentina,29,2186,3,1,368,Sevilla FC,3103,4500000.0,5000000.0,1.0,1.0,1.0,same_club
5060,Aleksandar Katai,ESP,2016-17,Alaves,F M S,20,763,3,3,3,22,15,3.124,3.124,1.782,4.507,1.157,3,1,139915,Aleksandar Katai,1991-02-06,25.57,182.0,right,Midfield,Attacking Midfield,Serbia,Jugoslawien (SFR),20,770,3,3,1108,Deportivo Alavés,1789,2750000.0,2000000.0,0.997,1.0,0.991,same_club
5071,Nicolás Gaitán,ESP,2016-17,Atletico Madrid,M S,23,1019,3,3,2,10,21,1.86,1.86,2.242,7.218,3.877,1,0,75442,Nico Gaitán,1988-02-23,28.52,174.0,left,Midfield,Attacking Midfield,Argentina,Argentina,23,1020,3,3,13,Atlético de Madrid,1707,25000000.0,20000000.0,0.928,0.88,0.999,same_club
5080,Emre Colak,ESP,2016-17,Deportivo La Coruna,F M S,33,2484,3,3,6,42,71,3.265,2.522,5.46,7.995,3.597,5,0,77707,Emre Çolak,1991-05-20,25.29,169.0,left,Midfield,Attacking Midfield,Turkey,Turkey,33,2477,3,8,897,Deportivo de La Coruña,2629,3250000.0,7500000.0,0.999,1.0,0.997,same_club
5115,Christian Santos,ESP,2016-17,Alaves,F S,21,825,3,1,1,21,6,3.389,1.903,1.381,4.179,1.418,2,0,50487,Christian Santos,1988-03-24,28.44,184.0,left,Attack,Centre-Forward,Venezuela,Venezuela,21,830,3,1,1108,Deportivo Alavés,1370,2000000.0,1500000.0,0.998,1.0,0.994,same_club
5116,Pione Sisto,ESP,2016-17,Celta Vigo,F M S,30,1662,3,3,3,29,14,2.048,2.048,0.735,4.963,2.504,1,0,252641,Pione Sisto,1995-02-04,21.57,172.0,right,Attack,Left Winger,Denmark,Uganda,30,1665,3,4,940,Celta de Vigo,3362,6000000.0,5000000.0,0.999,1.0,0.998,same_club
5145,Michael Santos,ESP,2016-17,Malaga,F M S,14,741,3,2,0,20,9,3.212,1.726,0.653,2.893,0.631,3,0,178107,Michael Santos,1993-03-13,23.47,174.0,right,Attack,Centre-Forward,Uruguay,Uruguay,14,738,3,0,1084,Málaga CF,918,4000000.0,2500000.0,0.999,1.0,0.996,same_club
626,Eliaquim Mangala,ESP,2016-17,Valencia,D,30,2645,2,2,0,10,3,2.636,2.636,0.089,6.493,5.211,11,1,90681,Eliaquim Mangala,1991-02-13,25.55,187.0,left,Defender,Centre-Back,France,France,30,2646,2,0,1049,Valencia CF,2886,23000000.0,15000000.0,1.0,1.0,1.0,same_club
691,Alexandre Pato,ESP,2016-17,Villarreal,F S,14,886,2,2,1,28,7,5.214,4.471,0.538,7.226,2.851,0,0,37579,Alexandre Pato,1989-09-02,27.0,180.0,right,Attack,Centre-Forward,Brazil,Brazil,14,883,2,3,1050,Villarreal CF,1599,5000000.0,6000000.0,0.999,1.0,0.997,same_club
877,Samir Nasri,ESP,2016-17,Sevilla,F M S,23,1848,2,2,3,25,37,3.6,2.856,3.966,9.75,5.385,7,0,18935,Samir Nasri,1987-06-26,29.19,177.0,right,Midfield,Attacking Midfield,France,France,23,1843,2,3,368,Sevilla FC,2415,15000000.0,16000000.0,0.993,1.0,0.978,same_club
877,Samir Nasri,ESP,2016-17,Sevilla,F M S,23,1848,2,2,3,25,37,3.6,2.856,3.966,9.75,5.385,7,0,18935,Samir Nasri,1987-06-26,29.19,177.0,right,Midfield,Attacking Midfield,France,France,23,1843,2,3,368,Sevilla FC,2415,15000000.0,16000000.0,0.999,1.0,0.997,same_club
1808,Nenad Krsticic,ESP,2016-17,Alaves,F M S,14,752,2,2,0,3,7,0.483,0.483,0.567,1.009,0.621,3,0,56790,Nenad Krsticic,1990-07-03,26.17,182.0,left,Midfield,Central Midfield,Serbia,Jugoslawien (SFR),14,747,2,0,1108,Deportivo Alavés,1266,2000000.0,1000000.0,0.998,1.0,0.993,same_club
1884,Facundo Roncaglia,ESP,2016-17,Celta Vigo,D S,32,2720,2,2,0,19,7,1.139,1.139,0.358,5.654,4.61,7,1,61546,Facundo Roncaglia,1987-02-10,29.56,179.0,right,Defender,Centre-Back,Argentina,Argentina,32,2716,2,0,940,Celta de Vigo,3943,4000000.0,5000000.0,1.0,1.0,0.999,same_club
1891,Guilherme,ESP,2016-17,Deportivo La Coruna,M S,30,2284,2,2,1,29,11,2.529,2.529,0.326,5.174,4.15,6,0,115382,Guilherme,1991-04-05,25.41,178.0,right,Midfield,Defensive Midfield,Qatar,Brazil,30,2281,2,1,897,Deportivo de La Coruña,2481,2500000.0,4000000.0,1.0,1.0,0.999,same_club
1950,Martín Montoya,ESP,2016-17,Valencia,D S,29,2229,2,2,1,11,13,1.182,1.182,0.977,6.784,6.077,8,0,68645,Martín Montoya,1991-04-14,25.39,175.0,right,Defender,Right-Back,Spain,Spain,29,2220,2,1,1049,Valencia CF,2400,3000000.0,10000000.0,0.999,1.0,0.996,same_club
2057,Ezequiel Ponce,ESP,2016-17,Granada,F M S,25,1121,2,2,0,38,9,4.413,3.67,0.447,3.104,0.937,4,1,296783,Ezequiel Ponce,1997-03-29,19.43,181.0,right,Attack,Centre-Forward,Argentina,Argentina,25,1126,2,1,16795,Granada CF,1306,4300000.0,2500000.0,0.999,1.0,0.996,same_club
2081,Isaac Cuenca,ESP,2016-17,Granada,D F M S,25,1739,2,2,0,17,20,0.984,0.984,1.024,3.199,1.807,4,0,176285,Isaac Cuenca,1991-04-27,25.35,178.0,right,Attack,Left Winger,Spain,Spain,25,1739,2,0,16795,Granada CF,1829,2000000.0,1500000.0,1.0,1.0,1.0,same_club
2084,Fran Rico,ESP,2016-17,Eibar,M S,17,1225,2,2,1,13,9,0.713,0.713,0.425,3.445,2.868,5,0,63689,Fran Rico,1987-08-03,29.08,178.0,right,Midfield,Central Midfield,Spain,Spain,17,1226,2,1,1533,SD Eibar,1447,3000000.0,2500000.0,1.0,1.0,0.999,same_club
2085,Lombán,ESP,2016-17,Granada,D S,21,1840,2,2,0,10,4,2.064,2.064,0.065,1.3,1.251,6,0,63723,David Lombán,1987-06-05,29.24,185.0,right,Defender,Centre-Back,Spain,Spain,21,1841,1,0,16795,Granada CF,2021,3000000.0,2500000.0,0.967,1.0,0.999,same_club
2089,Robert Ibáñez,ESP,2016-17,Leganes,M S,5,166,2,2,1,8,2,0.729,0.729,0.139,0.896,0.133,0,0,242532,Rober Ibáñez,1993-03-22,23.45,175.0,right,Attack,Right Winger,Spain,Spain,5,167,2,1,1244,CD Leganés,167,1500000.0,1500000.0,0.974,0.96,0.994,same_club
2092,Gerard Piqué,ESP,2016-17,Barcelona,D,25,2193,2,2,0,20,3,3.522,3.522,0.78,15.208,12.701,6,0,18944,Gerard Piqué,1987-02-02,29.58,194.0,right,Defender,Centre-Back,Spain,Spain,25,2192,2,0,131,FC Barcelona,3563,40000000.0,40000000.0,1.0,1.0,1.0,same_club
2103,Aleix Vidal,ESP,2016-17,Barcelona,D S,6,474,2,2,2,9,5,1.054,1.054,1.134,3.607,3.024,0,0,88490,Aleix Vidal,1989-08-21,27.03,177.0,right,Attack,Right Winger,Spain,Spain,6,475,2,2,131,FC Barcelona,887,7500000.0,7500000.0,0.999,1.0,0.998,same_club
2116,Felipe Caicedo,ESP,2016-17,Espanyol,F S,27,1276,2,2,1,15,5,2.009,1.266,0.739,2.288,0.688,3,1,37834,Felipe Caicedo,1988-09-05,27.99,183.0,left,Attack,Centre-Forward,Ecuador,Ecuador,27,1283,2,2,714,RCD Espanyol Barcelona,1418,5000000.0,3000000.0,0.998,1.0,0.995,same_club
2163,Diego Llorente,ESP,2016-17,Malaga,D M S,25,2032,2,2,0,10,3,1.799,1.799,0.181,1.515,1.402,2,1,246291,Diego Llorente,1993-08-16,23.04,186.0,right,Defender,Centre-Back,Spain,Spain,25,2029,2,0,1084,Málaga CF,2209,5000000.0,7500000.0,1.0,1.0,0.999,same_club
2165,Jozabed,ESP,2016-17,Celta Vigo,F M S,19,1096,2,2,2,16,17,1.073,1.073,1.442,4.092,2.281,2,0,207924,Jozabed Sánchez,1991-03-08,25.49,180.0,right,Midfield,Central Midfield,Spain,Spain,19,1095,2,2,940,Celta de Vigo,1298,5000000.0,3500000.0,0.97,0.95,0.999,same_club
2196,Álvaro Medrán,ESP,2016-17,Valencia,M S,16,946,2,2,0,13,9,0.985,0.985,0.62,5.129,3.658,3,0,253839,Álvaro Medrán,1994-03-15,22.47,177.0,right,Midfield,Central Midfield,Spain,Spain,16,948,2,0,1049,Valencia CF,1279,1000000.0,2500000.0,0.999,1.0,0.998,same_club
2198,Moi Gómez,ESP,2016-17,Sporting Gijon,M S,26,1886,2,1,5,21,35,1.646,0.903,3.24,5.965,3.723,5,0,175449,Moi Gómez,1994-06-23,22.19,176.0,right,Midfield,Attacking Midfield,Spain,Spain,26,1883,2,5,2448,Sporting Gijón,1883,2500000.0,3000000.0,1.0,1.0,0.998,same_club
2212,Sergio Álvarez,ESP,2016-17,Sporting Gijon,M S,36,3010,2,2,1,16,20,2.117,2.117,1.835,7.373,5.687,9,0,138935,Sergio Álvarez,1992-01-23,24.61,183.0,right,Midfield,Central Midfield,Spain,Spain,36,3007,2,1,2448,Sporting Gijón,3007,2500000.0,3000000.0,1.0,1.0,0.999,same_club
2213,Nacho Cases,ESP,2016-17,Sporting Gijon,M S,21,1472,2,2,1,11,10,1.035,1.035,0.86,3.351,2.415,5,0,89473,Nacho Cases,1987-12-22,28.7,175.0,left,Midfield,Central Midfield,Spain,Spain,21,1469,2,1,2448,Sporting Gijón,1642,2200000.0,1500000.0,0.999,1.0,0.998,same_club
2216,Jony,ESP,2016-17,Malaga,M S,24,1253,2,1,1,31,21,2.727,1.983,1.53,3.733,1.414,3,0,228761,Jony,1991-07-09,25.15,179.0,left,Attack,Left Winger,Spain,Spain,24,1250,2,1,1084,Málaga CF,1372,3500000.0,2500000.0,0.999,1.0,0.998,same_club
2234,Mikel Oyarzabal,ESP,2016-17,Real Sociedad,F M S,38,2730,2,2,7,57,34,4.904,4.904,5.168,11.026,3.675,0,0,351478,Mikel Oyarzabal,1997-04-21,19.36,181.0,left,Attack,Centre-Forward,Spain,Spain,38,2723,2,8,681,Real Sociedad,3171,8000000.0,15000000.0,0.999,1.0,0.997,same_club
2247,Nacho,ESP,2016-17,Real Madrid,D S,28,2301,2,2,3,8,9,1.606,1.606,1.444,11.015,10.274,5,0,58884,Nacho Fernández,1990-01-18,26.62,180.0,right,Defender,Centre-Back,Spain,Spain,28,2302,2,3,418,Real Madrid,3199,5000000.0,15000000.0,0.97,0.95,1.0,same_club
2253,Lucas Vázquez,ESP,2016-17,Real Madrid,F M S,33,1369,2,2,7,30,42,5.262,5.262,6.27,15.428,6.852,4,0,221316,Lucas Vázquez,1991-07-01,25.17,173.0,right,Defender,Right-Back,Spain,Spain,33,1384,2,9,418,Real Madrid,2280,10000000.0,15000000.0,0.997,1.0,0.989,same_club
2257,Marcelo,ESP,2016-17,Real Madrid,D S,30,2274,2,2,10,25,44,2.019,2.019,7.602,18.483,12.463,2,0,44501,Marcelo,1988-05-12,28.31,174.0,left,Defender,Left-Back,Brazil,Brazil,30,2277,2,10,418,Real Madrid,3878,30000000.0,38000000.0,1.0,1.0,0.999,same_club
2258,Pepe,ESP,2016-17,Real Madrid,D,13,1080,2,2,1,5,5,0.419,0.419,1.196,7.228,6.94,1,0,14132,Pepe,1983-02-26,33.51,187.0,right,Defender,Centre-Back,Portugal,Brazil,13,1081,2,1,418,Real Madrid,1460,6000000.0,3000000.0,1.0,1.0,0.999,same_club
2281,Hugo Mallo,ESP,2016-17,Celta Vigo,D M S,23,1988,2,2,1,13,11,0.458,0.458,0.57,3.781,2.989,10,1,119905,Hugo Mallo,1991-06-22,25.2,173.0,right,Defender,Right-Back,Spain,Spain,23,1988,2,1,940,Celta de Vigo,3638,7500000.0,8000000.0,1.0,1.0,1.0,same_club
2303,Samu Castillejo,ESP,2016-17,Villarreal,M S,33,2047,2,2,3,32,36,2.571,2.571,4.51,9.698,4.975,2,0,195171,Samu Castillejo,1995-01-18,21.62,182.0,left,Attack,Right Winger,Spain,Spain,33,2051,2,3,1050,Villarreal CF,2603,5000000.0,7000000.0,0.999,1.0,0.998,same_club
2305,Adrián,ESP,2016-17,Villarreal,F M S,15,678,2,2,1,10,8,2.234,2.234,0.56,3.578,1.598,0,0,45383,Adrián López,1988-01-08,28.65,183.0,right,Attack,Centre-Forward,Spain,Spain,15,676,2,1,1050,Villarreal CF,1065,4000000.0,3500000.0,0.969,0.95,0.997,same_club
2307,Jonathan dos Santos,ESP,2016-17,Villarreal,M S,34,2204,2,2,3,41,43,3.546,3.546,4.577,12.195,6.136,4,0,60445,Jonathan dos Santos,1990-04-26,26.35,172.0,right,Midfield,Defensive Midfield,Mexico,Mexico,34,2207,2,3,1050,Villarreal CF,3078,6000000.0,8000000.0,1.0,1.0,0.999,same_club
2343,Juanpi,ESP,2016-17,Malaga,F M S,22,1476,2,2,0,41,33,2.232,2.232,2.591,4.158,1.709,4,1,256680,Juanpi,1994-01-24,22.6,176.0,left,Midfield,Attacking Midfield,Venezuela,Venezuela,22,1474,2,0,1084,Málaga CF,1612,3000000.0,2500000.0,1.0,1.0,0.999,same_club
2363,Vicente Gómez,ESP,2016-17,Las Palmas,M S,29,2327,2,2,0,24,12,2.123,2.123,0.6,6.897,5.579,3,0,153236,Vicente Gómez,1988-08-31,28.0,187.0,left,Midfield,Defensive Midfield,Spain,Spain,29,2321,2,1,472,UD Las Palmas,2411,2500000.0,3500000.0,0.999,1.0,0.997,same_club
2365,Sergio Araujo,ESP,2016-17,Las Palmas,F S,11,528,2,2,1,17,7,2.461,2.461,0.55,3.952,0.975,2,0,110366,Sergio Araujo,1992-01-28,24.59,180.0,right,Attack,Centre-Forward,Argentina,Argentina,11,528,2,1,472,UD Las Palmas,1712,2000000.0,2000000.0,1.0,1.0,1.0,same_club
2388,Zouhair Feddal,ESP,2016-17,Alaves,D,27,2247,2,2,1,11,7,1.61,1.61,0.921,3.751,3.409,6,2,129386,Zouhair Feddal,1989-12-23,26.69,191.0,left,Defender,Centre-Back,Morocco,Morocco,27,2245,2,1,1108,Deportivo Alavés,2785,1500000.0,3000000.0,1.0,1.0,0.999,same_club
2402,Borja Viguera,ESP,2016-17,"Athletic Club,Sporting Gijon",F M S,17,764,2,2,1,12,8,1.246,1.246,0.877,2.138,0.052,2,0,61344,Borja Viguera,1987-03-26,29.44,184.0,right,Attack,Centre-Forward,Spain,Spain,17,764,2,1,"621,2448","Athletic Bilbao,Sporting Gijón",944,1500000.0,1500000.0,1.0,1.0,1.0,same_club
2403,Íñigo Lekue,ESP,2016-17,Athletic Club,D M S,25,1574,2,2,1,19,15,1.508,1.508,0.89,4.397,2.275,1,0,255501,Iñigo Lekue,1993-05-04,23.33,180.0,right,Defender,Right-Back,Spain,Spain,25,1573,2,1,621,Athletic Bilbao,1979,3000000.0,4000000.0,1.0,1.0,0.999,same_club
2413,Steven N&#039;Zonzi,ESP,2016-17,Sevilla,M S,35,3068,2,2,3,32,21,2.669,2.669,1.991,16.132,13.663,6,0,73734,Steven Nzonzi,1988-12-15,27.71,196.0,right,Midfield,Defensive Midfield,France,France,35,3067,2,3,368,Sevilla FC,4087,20000000.0,30000000.0,0.928,0.88,1.0,same_club
2419,Cabral,ESP,2016-17,Celta Vigo,D,25,2179,2,2,1,19,2,1.62,1.62,0.553,3.86,3.569,6,0,30677,Gustavo Cabral,1985-10-14,30.88,184.0,right,Defender,Centre-Back,Argentina,Argentina,25,2179,2,1,940,Celta de Vigo,3992,6000000.0,4000000.0,1.0,1.0,1.0,same_club
2432,Burgui,ESP,2016-17,Sporting Gijon,F M S,32,1999,2,2,4,50,32,2.688,2.688,3.032,7.609,3.016,6,0,246277,Burgui,1993-10-29,22.84,186.0,right,Attack,Left Winger,Spain,Spain,32,1994,2,4,2448,Sporting Gijón,2103,1000000.0,1500000.0,0.999,1.0,0.997,same_club
2437,Gonzalo Escalante,ESP,2016-17,Eibar,M S,30,2022,2,2,1,25,8,1.435,1.435,0.366,3.14,2.252,10,1,266795,Gonzalo Escalante,1993-03-27,23.43,182.0,right,Midfield,Central Midfield,Argentina,Argentina,30,2020,2,3,1533,SD Eibar,2402,3500000.0,5000000.0,1.0,1.0,0.999,same_club
2446,Dani Ceballos,ESP,2016-17,Real Betis,F M S,30,2334,2,2,2,37,39,1.493,1.493,2.29,8.333,6.191,8,0,319745,Dani Ceballos,1996-08-07,20.07,179.0,right,Midfield,Central Midfield,Spain,Spain,30,2336,2,2,150,Real Betis Balompié,2426,6000000.0,10000000.0,1.0,1.0,0.999,same_club
2457,Roberto Canella,ESP,2016-17,Sporting Gijon,D,20,1759,2,2,1,11,14,0.641,0.641,0.846,4.472,3.522,4,0,57785,Roberto Canella,1988-02-07,28.57,179.0,left,Defender,Left-Back,Spain,Spain,20,1756,2,1,2448,Sporting Gijón,1936,1000000.0,1500000.0,0.999,1.0,0.998,same_club
2471,Víctor Rodríguez,ESP,2016-17,Sporting Gijon,F M S,25,1377,2,2,1,27,23,2.017,2.017,1.062,2.957,0.8,1,0,129753,Víctor Rodríguez,1989-07-23,27.11,167.0,right,Midfield,Attacking Midfield,Spain,Spain,25,1378,2,2,2448,Sporting Gijón,1546,3000000.0,1500000.0,1.0,1.0,0.999,same_club
2498,Aymeric Laporte,ESP,2016-17,Athletic Club,D,33,2865,2,2,0,17,6,2.205,2.205,0.611,4.01,3.7,10,0,176553,Aymeric Laporte,1994-05-27,22.27,191.0,left,Defender,Centre-Back,Spain,France,33,2865,2,0,621,Athletic Bilbao,3765,25000000.0,25000000.0,1.0,1.0,1.0,same_club
2525,Juankar,ESP,2016-17,Malaga,D M S,28,2058,2,2,4,15,23,2.162,2.162,2.859,5.689,2.077,8,1,126625,Juankar,1990-03-30,26.43,179.0,left,Defender,Left-Back,Spain,Spain,28,2068,2,4,1084,Málaga CF,2158,1800000.0,2500000.0,0.999,1.0,0.995,same_club
2549,Gaël Kakuta,ESP,2016-17,Deportivo La Coruna,M S,10,547,2,2,1,11,5,1.071,1.071,0.749,2.68,1.086,0,0,74297,Gaël Kakuta,1991-06-21,25.2,174.0,left,Midfield,Attacking Midfield,DR Congo,France,10,542,2,1,897,Deportivo de La Coruña,542,2200000.0,1000000.0,0.997,1.0,0.991,same_club
2560,Cristiano Piccini,ESP,2016-17,Real Betis,D M S,23,1742,2,2,3,15,17,0.999,0.999,2.455,4.52,2.825,5,2,163086,Cristiano Piccini,1992-09-26,23.93,189.0,right,Defender,Centre-Back,Italy,Italy,23,1742,2,3,150,Real Betis Balompié,1922,700000.0,3000000.0,1.0,1.0,1.0,same_club
2572,Alexis,ESP,2016-17,Alaves,D S,24,1814,2,2,1,7,1,1.076,1.076,0.019,3.413,3.348,10,1,7781,Alexis Ruano,1985-08-04,31.08,183.0,right,Defender,Centre-Back,Spain,Spain,24,1817,2,1,1108,Deportivo Alavés,2088,1000000.0,1500000.0,0.97,0.95,0.998,same_club
2578,Javi Ontiveros,ESP,2016-17,Malaga,M S,18,824,2,2,3,23,16,1.403,1.403,1.972,3.771,0.86,4,0,298983,Javi Ontiveros,1997-09-09,18.98,175.0,right,Attack,Left Winger,Spain,Spain,18,827,2,3,1084,Málaga CF,956,,3000000.0,0.999,1.0,0.996,same_club
3237,Aissa Mandi,ESP,2016-17,Real Betis,D M S,26,2219,2,2,1,13,4,1.061,1.061,0.269,5.329,4.94,4,0,80293,Aïssa Mandi,1991-10-22,24.86,184.0,right,Defender,Centre-Back,Algeria,France,26,2217,2,1,150,Real Betis Balompié,2374,4500000.0,6000000.0,1.0,1.0,0.999,same_club
3346,Jonas Martin,ESP,2016-17,Real Betis,F M S,20,1152,2,2,0,9,9,1.16,1.16,0.353,2.523,1.254,5,0,127142,Jonas Martin,1990-04-09,26.4,184.0,right,Midfield,Defensive Midfield,France,France,20,1156,2,0,150,Real Betis Balompié,1243,3000000.0,2500000.0,0.999,1.0,0.997,same_club
3432,Lacina Traoré,ESP,2016-17,Sporting Gijon,F S,8,465,2,2,0,20,4,3.837,3.093,0.317,3.365,0.34,2,0,69006,Lacina Traore,1990-05-20,26.29,203.0,left,Attack,Centre-Forward,Cote d'Ivoire,Cote d'Ivoire,8,463,2,0,2448,Sporting Gijón,1844,4000000.0,2500000.0,0.999,1.0,0.996,same_club
3544,Jeremie Boga,ESP,2016-17,Granada,F M S,26,1448,2,2,1,29,13,2.162,2.162,0.902,3.676,1.519,0,0,216569,Jérémie Boga,1997-01-03,19.66,172.0,right,Attack,Left Winger,Cote d'Ivoire,France,26,1452,2,1,16795,Granada CF,1482,2000000.0,2500000.0,0.999,1.0,0.997,same_club
4091,Unai López,ESP,2016-17,Leganes,M S,23,1164,2,2,0,12,11,0.642,0.642,0.474,1.424,0.717,2,0,192009,Unai López,1995-10-30,20.84,170.0,right,Midfield,Central Midfield,Spain,Spain,23,1166,2,0,1244,CD Leganés,1256,1500000.0,2000000.0,0.999,1.0,0.998,same_club
4119,Alberto Bueno,ESP,2016-17,"Granada,Leganes",F M S,24,930,2,2,3,19,20,1.499,1.499,1.936,2.009,0.382,0,0,45335,Alberto Bueno,1988-03-20,28.45,178.0,right,Attack,Second Striker,Spain,Spain,24,932,2,3,"1244,16795","CD Leganés,Granada CF",1112,4000000.0,2000000.0,0.999,1.0,0.998,same_club
5034,Rafa Navarro,ESP,2016-17,Real Betis,D S,18,1275,2,2,2,7,11,0.775,0.775,1.347,5.574,3.684,4,0,351746,Rafa Navarro,1994-02-24,22.52,173.0,right,Defender,Right-Back,Spain,Spain,18,1289,2,2,150,Real Betis Balompié,1289,400000.0,1500000.0,0.997,1.0,0.989,same_club
5044,Víctor Laguardia,ESP,2016-17,Alaves,D S,26,2148,2,2,1,10,7,1.531,1.531,0.686,2.716,1.998,6,0,67080,Víctor Laguardia,1989-11-05,26.82,183.0,right,Defender,Centre-Back,Spain,Spain,26,2149,2,1,1108,Deportivo Alavés,2517,1500000.0,3000000.0,1.0,1.0,1.0,same_club
5047,Rubén Sobrino,ESP,2016-17,Alaves,F M S,11,500,2,2,1,12,3,1.904,1.904,0.523,3.352,0.924,1,0,85383,Rubén Sobrino,1992-06-01,24.25,185.0,right,Attack,Centre-Forward,Spain,Spain,11,501,2,1,1108,Deportivo Alavés,769,400000.0,500000.0,0.999,1.0,0.998,same_club
5055,Mateo García,ESP,2016-17,Las Palmas,F M S,19,718,2,2,0,8,10,0.976,0.976,0.489,2.109,0.945,0,0,441287,Mateo García,1996-09-10,19.98,172.0,left,Attack,Right Winger,Argentina,Argentina,19,719,2,0,472,UD Las Palmas,1001,400000.0,1200000.0,1.0,1.0,0.999,same_club
5066,David Timor,ESP,2016-17,Leganes,D M S,24,1876,2,2,1,17,23,0.612,0.612,1.381,2.815,1.964,7,1,158795,David Timor,1989-10-17,26.87,185.0,left,Midfield,Defensive Midfield,Spain,Spain,24,1875,2,1,1244,CD Leganés,1965,1000000.0,2000000.0,1.0,1.0,0.999,same_club
5085,Marc Navarro,ESP,2016-17,Espanyol,D S,12,788,2,2,1,16,5,1.698,1.698,0.346,1.647,0.678,0,0,335245,Marc Navarro,1995-07-02,21.17,188.0,right,Midfield,Right Midfield,Spain,Spain,12,789,2,2,714,RCD Espanyol Barcelona,789,100000.0,1000000.0,1.0,1.0,0.999,same_club
5102,Jhon Steven Mondragón,ESP,2016-17,Osasuna,D S,5,430,2,2,0,4,0,0.373,0.373,0.0,0.168,0.168,0,0,298602,Jhon Mondragón,1994-10-15,21.88,180.0,right,Defender,Centre-Back,Colombia,Colombia,5,429,2,0,331,CA Osasuna,429,50000.0,800000.0,0.969,0.95,0.998,same_club
5111,Ganso,ESP,2016-17,Sevilla,M S,10,483,2,2,1,11,7,1.354,1.354,0.932,4.354,2.521,0,0,67920,Ganso,1989-10-12,26.89,184.0,left,Midfield,Attacking Midfield,Brazil,Brazil,10,485,2,1,368,Sevilla FC,863,10000000.0,5000000.0,0.999,1.0,0.996,same_club
5113,Santos Borré,ESP,2016-17,Villarreal,F S,17,341,2,2,1,11,7,0.872,0.872,1.284,2.978,1.117,0,0,323831,Rafael Borré,1995-09-15,20.96,174.0,right,Attack,Centre-Forward,Colombia,Colombia,17,345,2,1,1050,Villarreal CF,1110,1000000.0,2000000.0,0.967,0.95,0.988,same_club
177,Marcelo Díaz,ESP,2016-17,Celta Vigo,M S,26,1636,1,1,2,12,15,0.577,0.577,0.655,5.976,5.743,5,0,83895,Marcelo Díaz,1986-12-30,29.67,167.0,right,Midfield,Defensive Midfield,Chile,Chile,26,1643,1,2,940,Celta de Vigo,2610,2500000.0,2500000.0,0.999,1.0,0.996,same_club
396,Hiroshi Kiyotake,ESP,2016-17,Sevilla,D M S,4,288,1,1,2,2,6,0.617,0.617,1.122,1.402,0.82,0,0,86175,Hiroshi Kiyotake,1989-11-12,26.8,172.0,right,Midfield,Attacking Midfield,Japan,Japan,4,286,1,2,368,Sevilla FC,691,6000000.0,5000000.0,0.998,1.0,0.993,same_club
670,Carles Gil,ESP,2016-17,Deportivo La Coruna,M S,23,1406,1,1,4,17,23,1.448,1.448,1.682,5.628,3.393,7,0,127987,Carles Gil,1992-11-22,23.78,171.0,left,Midfield,Attacking Midfield,Spain,Spain,23,1411,1,4,897,Deportivo de La Coruña,1501,3500000.0,2500000.0,0.999,1.0,0.996,same_club
1131,Rodrigo Ely,ESP,2016-17,Alaves,D S,10,789,1,1,0,8,2,0.838,0.838,0.077,2.204,1.68,4,0,176140,Rodrigo Ely,1993-11-03,22.83,188.0,right,Defender,Centre-Back,Brazil,Brazil,10,788,1,0,1108,Deportivo Alavés,878,1500000.0,2000000.0,1.0,1.0,0.999,same_club
1680,Luis Hernández,ESP,2016-17,Malaga,D,19,1679,1,1,1,4,9,0.613,0.613,0.343,3.759,3.519,3,0,62945,Luis Hernández,1989-04-14,27.38,182.0,right,Defender,Centre-Back,Spain,Spain,19,1679,1,1,1084,Málaga CF,2392,3500000.0,3000000.0,0.999,1.0,0.997,same_club
1680,Luis Hernández,ESP,2016-17,Malaga,D,19,1679,1,1,1,4,9,0.613,0.613,0.343,3.759,3.519,3,0,62945,Luis Hernández,1989-04-14,27.38,182.0,right,Defender,Centre-Back,Spain,Spain,19,1679,1,1,1084,Málaga CF,2392,3500000.0,3000000.0,1.0,1.0,1.0,same_club
1700,Lucas Pérez,ESP,2016-17,Deportivo La Coruna,F,1,90,1,0,1,3,3,0.855,0.111,0.576,0.13,0.04,0,0,73185,Lucas Pérez,1988-09-10,27.98,180.0,left,Attack,Centre-Forward,Spain,Spain,1,90,1,1,897,Deportivo de La Coruña,786,12000000.0,15000000.0,0.988,1.0,0.958,same_club
1700,Lucas Pérez,ESP,2016-17,Deportivo La Coruna,F,1,90,1,0,1,3,3,0.855,0.111,0.576,0.13,0.04,0,0,73185,Lucas Pérez,1988-09-10,27.98,180.0,left,Attack,Centre-Forward,Spain,Spain,1,90,1,1,897,Deportivo de La Coruña,786,12000000.0,15000000.0,1.0,1.0,1.0,same_club
2062,Nico Pareja,ESP,2016-17,Sevilla,D,27,2173,1,1,1,9,6,0.459,0.459,0.909,6.655,6.1,6,1,41281,Nicolás Pareja,1984-01-19,32.62,181.0,right,Defender,Centre-Back,Argentina,Argentina,27,2165,1,1,368,Sevilla FC,2825,1500000.0,1000000.0,0.969,0.95,0.996,same_club
2070,Carlos Fernández,ESP,2016-17,Sevilla,F S,3,87,1,1,0,3,0,1.629,1.629,0.0,0.063,0.0,0,0,216464,Carlos Fernández,1996-05-22,20.28,185.0,left,Attack,Centre-Forward,Spain,Spain,3,88,1,0,368,Sevilla FC,88,700000.0,1000000.0,0.997,1.0,0.989,same_club
2077,Jean-Sylvain Babin,ESP,2016-17,Sporting Gijon,D S,22,1714,1,1,1,9,4,0.871,0.871,0.228,1.857,1.694,2,0,45256,Jean-Sylvain Babin,1986-10-14,29.88,181.0,right,Defender,Centre-Back,Martinique,France,22,1716,1,1,2448,Sporting Gijón,1896,3500000.0,1500000.0,1.0,1.0,0.999,same_club
2091,Javier Mascherano,ESP,2016-17,Barcelona,D S,25,1916,1,0,3,10,16,1.421,0.678,1.897,10.654,10.085,6,0,19981,Javier Mascherano,1984-06-08,32.23,174.0,right,Midfield,Defensive Midfield,Argentina,Argentina,25,1917,1,3,131,FC Barcelona,3013,15000000.0,8000000.0,1.0,1.0,0.999,same_club
2093,Jordi Alba,ESP,2016-17,Barcelona,D M S,26,1964,1,1,6,6,23,0.362,0.362,3.678,15.256,12.985,4,0,69751,Jordi Alba,1989-03-21,27.45,170.0,left,Defender,Left-Back,Spain,Spain,26,1966,1,6,131,FC Barcelona,2971,35000000.0,32000000.0,1.0,1.0,0.999,same_club
2101,Jeremy Mathieu,ESP,2016-17,Barcelona,D S,13,1039,1,1,0,5,2,0.571,0.571,0.031,5.458,5.439,0,0,5404,Jérémy Mathieu,1983-10-29,32.84,189.0,left,Defender,Left-Back,France,France,13,1039,1,0,131,FC Barcelona,1145,10000000.0,3000000.0,1.0,1.0,1.0,same_club
2113,Víctor Sánchez,ESP,2016-17,Espanyol,D M S,26,2282,1,1,1,9,17,0.258,0.258,1.049,4.049,3.681,8,0,63290,Víctor Sánchez,1987-09-08,28.98,174.0,right,Midfield,Central Midfield,Spain,Spain,26,2281,1,1,714,RCD Espanyol Barcelona,2288,3500000.0,4000000.0,1.0,1.0,1.0,same_club
2130,Dani García,ESP,2016-17,Eibar,M,36,3191,1,1,1,20,23,0.354,0.354,0.834,7.877,7.078,9,1,178425,Dani García,1990-05-24,26.28,180.0,right,Midfield,Defensive Midfield,Spain,Spain,36,3185,1,1,1533,SD Eibar,3272,4000000.0,5000000.0,0.999,1.0,0.998,same_club
2142,Álvaro Cejudo,ESP,2016-17,Real Betis,D M S,17,800,1,1,1,16,12,0.729,0.729,1.254,3.278,1.72,9,0,72779,Álvaro Cejudo,1984-01-29,32.59,176.0,right,Attack,Second Striker,Spain,Spain,17,805,1,1,150,Real Betis Balompié,805,1500000.0,1500000.0,0.998,1.0,0.994,same_club
2143,Germán Pezzella,ESP,2016-17,Real Betis,D,36,3102,1,1,0,17,7,1.122,1.122,0.507,3.789,3.423,10,0,113133,Germán Pezzella,1991-06-27,25.18,187.0,right,Defender,Centre-Back,Argentina,Argentina,36,3103,1,0,150,Real Betis Balompié,3193,3000000.0,6000000.0,1.0,1.0,1.0,same_club
2145,Petros,ESP,2016-17,Real Betis,M S,32,2147,1,1,2,12,23,0.648,0.648,1.355,6.128,5.097,8,1,200558,Petros,1989-05-29,27.26,182.0,right,Midfield,Defensive Midfield,Brazil,Brazil,32,2143,1,3,150,Real Betis Balompié,2210,5000000.0,3500000.0,0.999,1.0,0.998,same_club
2232,Asier Illarramendi,ESP,2016-17,Real Sociedad,M S,34,3003,1,1,2,19,31,0.583,0.583,1.804,9.753,8.793,13,0,59344,Asier Illarramendi,1990-03-08,26.49,179.0,right,Midfield,Defensive Midfield,Spain,Spain,34,3004,1,3,681,Real Sociedad,3454,15000000.0,15000000.0,1.0,1.0,1.0,same_club
2236,Diego Reyes,ESP,2016-17,Espanyol,D S,34,2885,1,1,0,10,1,0.93,0.93,0.007,2.371,2.342,2,0,131090,Diego Reyes,1992-09-19,23.95,192.0,right,Defender,Centre-Back,Mexico,Mexico,34,2889,1,0,714,RCD Espanyol Barcelona,2979,4000000.0,6000000.0,1.0,1.0,0.999,same_club
2242,Rubén Pardo,ESP,2016-17,"Real Betis,Real Sociedad",M S,19,1441,1,1,0,18,13,0.71,0.71,0.737,4.037,3.288,2,0,99352,Rubén Pardo,1992-10-22,23.86,182.0,right,Midfield,Central Midfield,Spain,Spain,19,1431,1,0,"150,681","Real Betis Balompié,Real Sociedad",1511,7500000.0,4000000.0,0.998,1.0,0.993,same_club
2244,Danilo,ESP,2016-17,Real Madrid,D,17,1490,1,1,2,11,18,0.565,0.565,2.011,9.482,7.699,2,0,145707,Danilo,1991-07-15,25.13,184.0,right,Defender,Centre-Back,Brazil,Brazil,17,1488,1,2,418,Real Madrid,2087,18000000.0,16000000.0,1.0,1.0,0.999,same_club
2245,Raphael Varane,ESP,2016-17,Real Madrid,D,23,1930,1,1,2,12,7,0.692,0.692,1.41,6.411,5.969,1,0,164770,Raphaël Varane,1993-04-25,23.35,191.0,right,Defender,Centre-Back,France,France,23,1927,1,2,418,Real Madrid,3382,30000000.0,35000000.0,1.0,1.0,0.998,same_club
2250,Luka Modric,ESP,2016-17,Real Madrid,M S,25,1898,1,1,2,20,33,1.006,1.006,4.52,14.712,11.512,2,0,27992,Luka Modrić,1985-09-09,30.98,172.0,right,Midfield,Central Midfield,Croatia,Jugoslawien (SFR),25,1892,1,2,418,Real Madrid,3304,50000000.0,40000000.0,0.999,1.0,0.997,same_club
2254,Mateo Kovacic,ESP,2016-17,Real Madrid,M S,27,1688,1,1,3,14,17,0.902,0.902,2.231,12.305,10.03,2,0,51471,Mateo Kovacic,1994-05-06,22.32,178.0,right,Midfield,Central Midfield,Croatia,Austria,27,1688,1,3,418,Real Madrid,2155,20000000.0,25000000.0,1.0,1.0,1.0,same_club
2263,Stefan Savic,ESP,2016-17,Atletico Madrid,D S,32,2727,1,1,1,3,4,0.269,0.269,0.148,4.684,4.607,5,1,107010,Stefan Savic,1991-01-08,25.65,187.0,right,Defender,Centre-Back,Montenegro,Jugoslawien (SFR),32,2727,1,1,13,Atlético de Madrid,4186,20000000.0,30000000.0,1.0,1.0,1.0,same_club
2273,Tiago,ESP,2016-17,Atletico Madrid,M S,12,448,1,1,0,5,1,0.665,0.665,0.034,2.317,1.727,2,0,8538,Tiago Mendes,1981-05-02,35.33,183.0,right,Midfield,Central Midfield,Portugal,Portugal,12,450,1,0,13,Atlético de Madrid,556,2000000.0,1000000.0,0.969,0.95,0.996,same_club
2286,Pablo Hernández,ESP,2016-17,Celta Vigo,M S,26,1897,1,1,0,13,10,1.221,1.221,0.671,7.548,6.007,9,1,91763,Pablo Hernández,1986-10-24,29.86,184.0,left,Midfield,Central Midfield,Chile,Argentina,26,1897,1,0,940,Celta de Vigo,3570,6000000.0,6000000.0,1.0,1.0,1.0,same_club
2288,Theo Bongonda,ESP,2016-17,Celta Vigo,F M S,30,2176,1,1,3,32,19,2.43,2.43,2.29,7.876,3.851,3,0,280701,Théo Bongonda,1995-11-20,20.78,176.0,left,Attack,Right Winger,DR Congo,Belgium,30,2170,1,3,940,Celta de Vigo,2898,2500000.0,3000000.0,0.999,1.0,0.997,same_club
2289,Nemanja Radoja,ESP,2016-17,Celta Vigo,M S,31,2425,1,1,0,9,9,0.739,0.739,1.045,5.167,4.044,3,0,168959,Nemanja Radoja,1993-02-06,23.57,186.0,right,Midfield,Defensive Midfield,Serbia,Yugoslavia (Republic),31,2420,1,1,940,Celta de Vigo,4003,3500000.0,8000000.0,0.999,1.0,0.998,same_club
2291,Pape Cheikh,ESP,2016-17,Celta Vigo,M S,16,558,1,1,0,1,5,0.112,0.112,0.132,1.023,0.779,3,0,336828,Pape Cheikh,1997-08-08,19.07,180.0,right,Midfield,Central Midfield,Senegal,Senegal,16,562,1,0,940,Celta de Vigo,676,500000.0,800000.0,0.998,1.0,0.993,same_club
2298,Víctor Ruiz,ESP,2016-17,Villarreal,D S,28,2368,1,1,1,5,6,1.285,1.285,1.132,4.838,4.362,4,2,62920,Víctor Ruiz,1989-01-25,27.6,184.0,left,Defender,Centre-Back,Spain,Spain,28,2367,1,1,1050,Villarreal CF,3077,8000000.0,14000000.0,1.0,1.0,1.0,same_club
2308,Denis Suárez,ESP,2016-17,Barcelona,M S,26,1178,1,1,3,14,15,1.296,1.296,2.357,9.714,7.172,1,0,165007,Denis Suárez,1994-01-06,22.65,176.0,right,Midfield,Attacking Midfield,Spain,Spain,26,1183,1,4,131,FC Barcelona,1789,15000000.0,18000000.0,0.999,1.0,0.996,same_club
2314,Sidnei,ESP,2016-17,Deportivo La Coruna,D,29,2494,1,1,0,13,3,1.345,1.345,0.344,2.025,2.002,2,0,27374,Sidnei,1989-08-23,27.03,184.0,right,Defender,Centre-Back,Brazil,Brazil,29,2491,1,0,897,Deportivo de La Coruña,2761,6000000.0,6000000.0,1.0,1.0,0.999,same_club
2317,Álex Bergantiños,ESP,2016-17,Deportivo La Coruna,D M S,8,551,1,1,0,3,4,0.152,0.152,0.091,1.195,1.13,2,0,72189,Álex Bergantiños,1985-06-07,31.24,176.0,right,Midfield,Defensive Midfield,Spain,Spain,8,552,1,0,897,Deportivo de La Coruña,627,3000000.0,1000000.0,0.999,1.0,0.998,same_club
2328,Thomas Partey,ESP,2016-17,Atletico Madrid,D M S,16,628,1,1,2,8,11,1.942,1.198,1.275,4.956,3.264,5,0,230784,Thomas Partey,1993-06-13,23.22,185.0,right,Midfield,Defensive Midfield,Ghana,Ghana,16,629,1,2,13,Atlético de Madrid,990,5000000.0,4500000.0,1.0,1.0,0.998,same_club
2331,Roberto Rosales,ESP,2016-17,Malaga,D M,32,2861,1,1,2,19,39,0.518,0.518,2.355,6.772,5.306,4,1,49500,Roberto Rosales,1988-11-20,27.78,174.0,right,Defender,Right-Back,Venezuela,Venezuela,32,2861,1,2,1084,Málaga CF,3041,5000000.0,5000000.0,1.0,1.0,1.0,same_club
2333,Raúl Albentosa,ESP,2016-17,Deportivo La Coruna,D S,27,2333,1,1,1,10,4,0.638,0.638,1.183,2.394,2.358,10,1,77026,Raúl Albentosa,1988-09-07,27.98,192.0,right,Defender,Centre-Back,Spain,Spain,27,2336,1,1,897,Deportivo de La Coruña,2516,3500000.0,3000000.0,1.0,1.0,0.999,same_club
2342,Gonzalo Castro,ESP,2016-17,Malaga,F M S,29,1797,1,1,3,31,39,2.376,2.376,2.538,7.259,3.999,4,1,28171,Chory Castro,1984-09-14,31.96,178.0,left,Attack,Left Winger,Uruguay,Uruguay,29,1792,1,3,1084,Málaga CF,1903,2500000.0,1500000.0,0.879,0.8,0.997,same_club
2345,Duda,ESP,2016-17,Malaga,M S,16,363,1,1,2,6,11,0.769,0.769,1.19,1.567,0.794,3,0,7782,Duda,1980-06-27,36.18,175.0,left,Midfield,Left Midfield,Portugal,Portugal,16,378,1,2,1084,Málaga CF,489,500000.0,100000.0,0.988,1.0,0.96,same_club
2352,David García,ESP,2016-17,Las Palmas,D S,22,1638,1,1,1,11,2,1.071,1.071,0.177,3.728,3.538,6,0,44012,David García,1982-02-25,34.52,183.0,right,Defender,Centre-Back,Spain,Spain,22,1647,1,1,472,UD Las Palmas,1917,300000.0,100000.0,0.998,1.0,0.995,same_club
2356,Roque Mesa,ESP,2016-17,Las Palmas,M S,35,3039,1,1,2,23,19,0.986,0.986,2.029,10.557,8.858,14,0,202984,Roque Mesa,1989-06-07,27.24,172.0,right,Midfield,Central Midfield,Spain,Spain,35,3039,1,3,472,UD Las Palmas,3107,7500000.0,12000000.0,1.0,1.0,1.0,same_club
2362,Mubarak Wakaso,ESP,2016-17,Granada,M S,11,871,1,1,1,17,7,0.387,0.387,0.266,1.289,1.007,6,1,45639,Mubarak Wakaso,1990-07-25,26.11,171.0,left,Midfield,Central Midfield,Ghana,Ghana,11,870,1,1,16795,Granada CF,2159,2000000.0,1000000.0,1.0,1.0,0.999,same_club
2377,Javi Fuego,ESP,2016-17,Espanyol,M S,31,2564,1,1,0,8,6,0.373,0.373,0.624,2.665,1.922,8,1,56134,Javi Fuego,1984-01-04,32.66,182.0,right,Midfield,Defensive Midfield,Spain,Spain,31,2566,1,0,714,RCD Espanyol Barcelona,2656,4000000.0,1500000.0,1.0,1.0,0.999,same_club
2379,João Cancelo,ESP,2016-17,Valencia,D F M S,35,2431,1,1,4,22,22,0.958,0.958,2.334,6.586,4.476,5,1,182712,João Cancelo,1994-05-27,22.27,182.0,right,Defender,Right-Back,Portugal,Portugal,35,2425,1,4,1049,Valencia CF,2695,15000000.0,20000000.0,0.999,1.0,0.998,same_club
2396,Balenziaga,ESP,2016-17,Athletic Club,D,33,2851,1,1,1,10,18,0.387,0.387,1.595,5.969,4.807,3,1,85258,Mikel Balenziaga,1988-02-29,28.51,177.0,left,Defender,Left-Back,Spain,Spain,33,2851,1,1,621,Athletic Bilbao,3660,5000000.0,5000000.0,1.0,1.0,1.0,same_club
2397,Beñat,ESP,2016-17,Athletic Club,M S,32,2420,1,1,5,35,72,1.656,1.656,5.665,7.917,5.964,9,0,40888,Beñat Etxebarria,1987-02-19,29.53,176.0,right,Midfield,Central Midfield,Spain,Spain,32,2443,1,5,621,Athletic Bilbao,2999,6000000.0,8000000.0,0.967,0.95,0.991,same_club
2405,Markel Susaeta,ESP,2016-17,Athletic Club,M S,26,1100,1,1,2,16,28,2.058,2.058,2.44,4.383,1.398,4,0,54245,Markel Susaeta,1987-12-14,28.72,179.0,right,Attack,Right Winger,Spain,Spain,26,1102,1,2,621,Athletic Bilbao,1473,10000000.0,7500000.0,0.999,1.0,0.998,same_club
2406,Mikel Rico,ESP,2016-17,Athletic Club,M S,18,461,1,1,0,10,4,0.382,0.382,0.624,1.688,0.756,4,0,51474,Mikel Rico,1984-11-04,31.82,178.0,right,Midfield,Central Midfield,Spain,Spain,18,469,1,0,621,Athletic Bilbao,715,3500000.0,2000000.0,0.995,1.0,0.983,same_club
2430,Álvaro González,ESP,2016-17,"Espanyol,Villarreal",D S,25,2062,1,1,1,10,3,1.023,1.023,0.803,5.473,5.439,8,0,183647,Álvaro González,1990-01-08,26.65,182.0,right,Defender,Centre-Back,Spain,Spain,25,2063,1,1,"714,1050","RCD Espanyol Barcelona,Villarreal CF",2834,4000000.0,6000000.0,1.0,1.0,1.0,same_club
2436,Antonio Luna,ESP,2016-17,Eibar,D S,26,2117,1,1,5,3,24,0.684,0.684,2.379,5.241,3.353,3,0,126516,Antonio Luna,1991-03-17,25.46,178.0,left,Defender,Left-Back,Spain,Spain,26,2117,1,5,1533,SD Eibar,2222,700000.0,2000000.0,1.0,1.0,1.0,same_club
2444,Bruno,ESP,2016-17,Real Betis,D S,16,1331,1,1,0,3,3,0.194,0.194,0.349,2.055,1.992,9,0,188838,Bruno González,1990-05-24,26.28,184.0,right,Defender,Centre-Back,Spain,Spain,16,1330,1,0,150,Real Betis Balompié,1446,3000000.0,2500000.0,0.97,0.95,0.999,same_club
2452,De Marcos,ESP,2016-17,Athletic Club,D S,27,2152,1,1,4,10,24,0.775,0.775,3.094,8.413,6.384,3,0,96718,Óscar de Marcos,1989-04-14,27.38,182.0,right,Defender,Right-Back,Spain,Spain,27,2149,1,4,621,Athletic Bilbao,2588,8000000.0,8000000.0,1.0,1.0,0.999,same_club
2499,Sabin,ESP,2016-17,Athletic Club,F M S,13,442,1,1,1,16,3,1.296,1.296,0.191,1.411,0.114,2,0,192736,Sabin Merino,1992-01-04,24.66,187.0,right,Attack,Centre-Forward,Spain,Spain,13,437,1,1,621,Athletic Bilbao,669,3000000.0,2000000.0,0.967,0.95,0.989,same_club
2502,Claudio Beauvue,ESP,2016-17,Celta Vigo,F S,13,652,1,1,2,19,8,2.734,2.734,1.181,4.395,0.704,1,0,58818,Claudio Beauvue,1988-04-16,28.38,175.0,right,Attack,Centre-Forward,Guadeloupe,Guadeloupe,13,652,1,2,940,Celta de Vigo,750,4000000.0,3000000.0,1.0,1.0,1.0,same_club
2505,José Gayá,ESP,2016-17,Valencia,D S,27,2090,1,1,2,14,24,0.877,0.877,3.098,6.456,4.068,4,0,221322,José Gayà,1995-05-25,21.27,172.0,left,Defender,Left-Back,Spain,Spain,27,2089,1,3,1049,Valencia CF,2215,18000000.0,18000000.0,1.0,1.0,1.0,same_club
2538,Zakaria Bakkali,ESP,2016-17,Valencia,F S,18,265,1,1,0,6,11,1.193,1.193,1.039,2.319,0.193,2,0,203378,Zakaria Bakkali,1996-01-26,20.6,170.0,right,Attack,Left Winger,Belgium,Belgium,18,276,1,1,1049,Valencia CF,401,3000000.0,2000000.0,0.988,1.0,0.96,same_club
2539,Jaume Costa,ESP,2016-17,Villarreal,D S,31,2681,1,1,3,8,21,0.755,0.755,2.469,10.193,8.523,12,1,65318,Jaume Costa,1988-03-18,28.46,171.0,left,Defender,Left-Back,Spain,Spain,31,2681,1,3,1050,Villarreal CF,3064,6000000.0,9000000.0,1.0,1.0,1.0,same_club
2547,Theo Hernández,ESP,2016-17,Alaves,D M S,32,2725,1,1,3,27,21,1.052,1.052,3.817,6.848,4.701,12,1,339808,Theo Hernández,1997-10-06,18.9,184.0,left,Defender,Left-Back,France,France,32,2726,1,4,1108,Deportivo Alavés,3201,1000000.0,15000000.0,1.0,1.0,1.0,same_club
2600,Fontàs,ESP,2016-17,Celta Vigo,D,17,1462,1,1,1,3,2,0.592,0.592,0.106,2.462,2.442,6,1,65237,Andreu Fontàs,1989-11-14,26.8,186.0,left,Defender,Centre-Back,Spain,Spain,17,1462,1,1,940,Celta de Vigo,2221,3000000.0,2500000.0,1.0,1.0,1.0,same_club
3419,Elderson Echiéjilé,ESP,2016-17,Sporting Gijon,D S,3,197,1,1,0,2,0,0.088,0.088,0.0,0.46,0.38,0,0,59938,Elderson,1988-01-20,28.62,185.0,left,Defender,Left-Back,Nigeria,Nigeria,3,197,1,0,2448,Sporting Gijón,901,2000000.0,1000000.0,0.97,0.95,1.0,same_club
3567,Samuel Umtiti,ESP,2016-17,Barcelona,D S,25,2131,1,1,0,6,0,1.18,1.18,0.0,13.929,13.863,4,0,126540,Samuel Umtiti,1993-11-14,22.8,182.0,left,Defender,Centre-Back,France,Cameroon,25,2132,1,0,131,FC Barcelona,3729,25000000.0,30000000.0,1.0,1.0,1.0,same_club
4037,Pablo Insúa,ESP,2016-17,Leganes,D S,29,1899,1,1,0,7,2,0.401,0.401,0.078,0.986,0.889,3,0,171362,Pablo Insua,1993-09-09,22.98,187.0,right,Defender,Centre-Back,Spain,Spain,29,1901,1,0,1244,CD Leganés,1991,2000000.0,3000000.0,1.0,1.0,0.999,same_club
4130,Raúl Navas,ESP,2016-17,Real Sociedad,D S,32,2798,1,1,1,26,10,1.278,1.278,0.988,6.228,5.776,5,0,142419,Raúl Navas,1988-05-11,28.31,187.0,right,Defender,Centre-Back,Spain,Spain,32,2798,1,1,681,Real Sociedad,3068,800000.0,5000000.0,1.0,1.0,1.0,same_club
4162,Gaizka Toquero,ESP,2016-17,Alaves,D F M S,23,1235,1,1,1,9,15,0.925,0.925,1.271,2.575,1.177,4,0,71840,Gaizka Toquero,1984-08-09,32.06,182.0,right,Attack,Right Winger,Spain,Spain,23,1253,1,1,1108,Deportivo Alavés,1532,500000.0,500000.0,0.996,1.0,0.986,same_club
4226,Darwin Machís,ESP,2016-17,Leganes,F M S,27,1039,1,1,3,36,11,3.023,3.023,0.978,3.854,0.321,1,0,211251,Darwin Machís,1993-02-07,23.56,170.0,right,Attack,Left Winger,Venezuela,Venezuela,27,1045,1,3,1244,CD Leganés,1222,800000.0,1000000.0,0.998,1.0,0.994,same_club
5031,Álvaro Lemos,ESP,2016-17,Celta Vigo,D M,5,440,1,1,0,3,1,0.124,0.124,0.037,0.527,0.366,2,0,230222,Álvaro Lemos,1993-03-30,23.43,177.0,right,Defender,Right-Back,Spain,Spain,5,439,1,0,940,Celta de Vigo,724,400000.0,500000.0,0.999,1.0,0.998,same_club
5032,Andrew Hjulsager,ESP,2016-17,Celta Vigo,M S,7,263,1,1,0,9,6,0.383,0.383,0.54,1.597,0.797,0,0,167798,Andrew Hjulsager,1995-01-15,21.63,175.0,right,Midfield,Central Midfield,Denmark,Denmark,7,259,1,0,940,Celta de Vigo,2535,900000.0,1200000.0,0.995,1.0,0.985,same_club
5036,Riza Durmisi,ESP,2016-17,Real Betis,D M,27,2388,1,1,4,22,47,0.946,0.946,4.335,6.157,3.567,4,0,135208,Riza Durmisi,1994-01-08,22.65,173.0,left,Defender,Left-Back,Denmark,Denmark,27,2388,1,4,150,Real Betis Balompié,2568,1500000.0,6000000.0,1.0,1.0,1.0,same_club
5037,Darko Brasanac,ESP,2016-17,Real Betis,M S,25,1632,1,1,1,15,16,1.46,1.46,1.08,4.718,2.638,7,0,95641,Darko Brasanac,1992-02-12,24.55,178.0,right,Midfield,Central Midfield,Serbia,Jugoslawien (SFR),25,1629,1,1,150,Real Betis Balompié,1910,2500000.0,4000000.0,0.999,1.0,0.998,same_club
5064,Dimitrios Siovas,ESP,2016-17,Leganes,D,16,1394,1,1,0,9,3,1.152,1.152,0.147,1.78,1.641,4,0,52403,Dimitrios Siovas,1988-09-16,27.96,191.0,left,Defender,Centre-Back,Greece,Greece,16,1392,1,0,1244,CD Leganés,1522,3000000.0,2000000.0,1.0,1.0,0.999,same_club
5065,Diego Rico,ESP,2016-17,Leganes,D M,25,2222,1,1,0,16,14,0.637,0.637,1.151,3.23,1.925,6,0,249513,Diego Rico,1993-02-23,23.52,183.0,left,Defender,Left-Back,Spain,Spain,25,2222,1,0,1244,CD Leganés,2222,800000.0,2000000.0,1.0,1.0,1.0,same_club
5073,Florian Lejeune,ESP,2016-17,Eibar,D S,34,2969,1,1,1,28,7,2.555,2.555,0.566,4.164,3.856,6,1,127108,Florian Lejeune,1991-05-20,25.29,190.0,right,Defender,Centre-Back,France,France,34,2971,1,1,1533,SD Eibar,3196,1500000.0,5000000.0,1.0,1.0,0.999,same_club
5075,Rubén Peña,ESP,2016-17,Eibar,F M S,28,1043,1,1,0,23,5,1.733,1.733,0.248,3.762,1.92,3,0,238868,Rubén Peña,1991-07-18,25.13,170.0,right,Defender,Right-Back,Spain,Spain,28,1051,1,0,1533,SD Eibar,1517,800000.0,1500000.0,0.998,1.0,0.992,same_club
5077,Mikel Vesga,ESP,2016-17,"Athletic Club,Sporting Gijon",M S,23,1696,1,1,1,14,4,0.427,0.427,0.488,4.144,3.539,7,0,300168,Mikel Vesga,1993-04-08,23.4,191.0,left,Midfield,Defensive Midfield,Spain,Spain,23,1695,1,1,"621,2448","Athletic Bilbao,Sporting Gijón",1875,800000.0,1500000.0,1.0,1.0,0.999,same_club
5090,David García,ESP,2016-17,Osasuna,D S,25,2189,1,1,0,9,2,0.427,0.427,0.08,3.613,3.568,8,0,298589,David García,1994-02-14,22.55,186.0,both,Defender,Centre-Back,Spain,Spain,25,2190,1,0,331,CA Osasuna,2370,1500000.0,1800000.0,1.0,1.0,1.0,same_club
5091,Alex Berenguer,ESP,2016-17,Osasuna,D M S,29,2118,1,1,6,16,27,0.575,0.575,3.103,4.361,2.102,3,0,338425,Álex Berenguer,1995-07-04,21.16,175.0,right,Attack,Left Winger,Spain,Spain,29,2118,1,8,331,CA Osasuna,2253,500000.0,6000000.0,1.0,1.0,1.0,same_club
5092,Goran Causic,ESP,2016-17,Osasuna,M S,26,2007,1,1,2,14,14,0.517,0.517,0.973,2.961,1.743,4,0,94304,Goran Causic,1992-05-05,24.33,180.0,right,Midfield,Central Midfield,Serbia,Yugoslavia (Republic),26,2004,1,2,331,CA Osasuna,2139,2000000.0,1500000.0,1.0,1.0,0.999,same_club
5098,Olavide,ESP,2016-17,Osasuna,D M S,14,488,1,1,0,4,3,0.84,0.84,0.237,1.357,0.417,3,0,298607,Miguel Olavide,1996-04-05,20.41,180.0,left,Attack,Right Winger,Spain,Spain,14,488,1,0,331,CA Osasuna,592,400000.0,400000.0,1.0,1.0,1.0,same_club
5101,Carlos Clerc,ESP,2016-17,Osasuna,D M S,25,1948,1,1,0,7,21,0.864,0.864,0.949,4.851,4.132,2,0,193784,Carlos Clerc,1992-02-21,24.53,181.0,left,Defender,Left-Back,Spain,Spain,25,1947,1,0,331,CA Osasuna,2037,800000.0,1000000.0,1.0,1.0,0.999,same_club
5104,Sverrir Ingi Ingason,ESP,2016-17,Granada,D,17,1472,1,1,0,5,3,0.873,0.873,0.064,0.742,0.686,7,0,137648,Sverrir Ingi Ingason,1993-08-05,23.07,188.0,right,Defender,Centre-Back,Iceland,Iceland,17,1473,1,0,16795,Granada CF,3266,1000000.0,1200000.0,1.0,1.0,0.999,same_club
5110,Mariano,ESP,2016-17,Real Madrid,S,8,113,1,1,1,5,5,0.329,0.329,0.416,0.583,0.096,0,0,225020,Mariano Díaz,1993-08-01,23.09,180.0,right,Attack,Centre-Forward,Dominican Republic,Spain,8,114,1,1,418,Real Madrid,302,2000000.0,5000000.0,0.967,0.95,0.991,same_club
5117,Víctor Díaz,ESP,2016-17,Leganes,D S,23,1811,1,1,1,15,11,1.538,1.538,0.748,2.244,1.178,6,0,58330,Víctor Díaz,1988-06-12,28.22,183.0,right,Defender,Right-Back,Spain,Spain,23,1811,1,1,1244,CD Leganés,1991,800000.0,1200000.0,1.0,1.0,1.0,same_club
5119,Martín Mantovani,ESP,2016-17,Leganes,D S,31,2701,1,1,0,15,2,1.446,1.446,0.09,2.24,2.021,10,0,73180,Martín Mantovani,1984-07-07,32.15,185.0,right,Defender,Centre-Back,Argentina,Argentina,31,2699,1,0,1244,CD Leganés,2789,800000.0,800000.0,1.0,1.0,0.999,same_club
5120,Nano,ESP,2016-17,Eibar,F S,6,159,1,1,0,7,2,1.515,1.515,0.234,1.623,0.016,0,0,305956,Nano Mesa,1995-02-05,21.57,178.0,right,Attack,Centre-Forward,Spain,Spain,6,157,1,0,1533,SD Eibar,524,800000.0,700000.0,0.966,0.95,0.987,same_club
5130,Fran Mérida,ESP,2016-17,Osasuna,M S,15,810,1,1,0,16,7,0.99,0.99,0.525,2.87,2.448,5,0,42920,Fran Mérida,1990-03-04,26.5,173.0,left,Midfield,Central Midfield,Spain,Spain,15,810,1,0,331,CA Osasuna,922,1000000.0,1000000.0,1.0,1.0,1.0,same_club
5169,Youssef En-Nesyri,ESP,2016-17,Malaga,S,13,309,1,1,1,15,3,1.247,1.247,0.568,1.656,0.0,2,0,433049,Youssef En-Nesyri,1997-06-01,19.25,188.0,left,Attack,Centre-Forward,Morocco,Morocco,13,324,1,1,1084,Málaga CF,375,,1000000.0,0.986,1.0,0.954,same_club
5170,Felipe Gutiérrez,ESP,2016-17,Real Betis,M S,14,758,1,1,0,7,15,0.262,0.262,0.738,2.211,1.891,3,0,133089,Felipe Gutiérrez,1990-10-08,25.9,175.0,left,Midfield,Central Midfield,Chile,Chile,14,753,1,0,150,Real Betis Balompié,850,4000000.0,3000000.0,0.998,1.0,0.993,same_club
5205,Miguel Flaño,ESP,2016-17,Osasuna,D,12,1037,1,1,0,6,1,0.832,0.832,0.097,1.731,1.076,3,0,35600,Miguel Flaño,1984-08-19,32.04,177.0,right,Defender,Centre-Back,Spain,Spain,12,1035,1,0,331,CA Osasuna,1035,800000.0,400000.0,0.999,1.0,0.998,same_club
55,Przemyslaw Tyton,ESP,2016-17,Deportivo La Coruna,GK S,13,1123,0,0,0,0,1,0.0,0.0,0.017,0.513,0.496,1,0,33210,Przemyslaw Tyton,1987-01-04,29.66,195.0,right,Goalkeeper,Goalkeeper,Poland,Poland,13,1125,0,0,897,Deportivo de La Coruña,1125,1000000.0,1000000.0,0.999,1.0,0.998,same_club
112,Alejandro Gálvez,ESP,2016-17,Eibar,D S,19,1327,0,0,0,5,3,0.335,0.335,0.097,1.304,1.231,3,0,128488,Alejandro Gálvez,1989-06-06,27.24,190.0,right,Defender,Centre-Back,Spain,Spain,19,1328,0,0,1533,SD Eibar,1823,2500000.0,2500000.0,1.0,1.0,0.999,same_club
623,Martín Demichelis,ESP,2016-17,"Espanyol,Malaga",D S,12,771,0,0,0,4,1,0.284,0.284,0.075,0.892,0.892,3,0,2963,Martín Demichelis,1980-12-20,35.7,184.0,right,Defender,Centre-Back,Argentina,Argentina,12,773,0,0,"714,1084","RCD Espanyol Barcelona,Málaga CF",773,1000000.0,200000.0,0.999,1.0,0.997,same_club
777,Emmanuel Rivière,ESP,2016-17,Osasuna,F M S,15,798,0,0,1,16,4,1.338,1.338,0.218,1.736,0.551,3,1,61637,Emmanuel Rivière,1990-03-03,26.5,182.0,right,Attack,Centre-Forward,Martinique,Martinique,15,803,0,1,331,CA Osasuna,897,3500000.0,1500000.0,0.998,1.0,0.994,same_club
980,Franck Tabanou,ESP,2016-17,Granada,D,6,373,0,0,0,2,0,0.13,0.13,0.0,0.186,0.056,3,0,66413,Franck Tabanou,1989-01-30,27.59,178.0,left,Defender,Left-Back,France,France,6,367,0,0,16795,Granada CF,457,3500000.0,2000000.0,0.995,1.0,0.984,same_club
1548,Adalberto Peñaranda,ESP,2016-17,Malaga,F S,3,173,0,0,0,0,1,0.0,0.0,0.042,1.227,1.227,1,0,308801,Adalberto Peñaranda,1997-05-31,19.26,186.0,right,Attack,Left Winger,Venezuela,Venezuela,3,171,0,0,1084,Málaga CF,355,4000000.0,3000000.0,0.997,1.0,0.988,same_club
1548,Adalberto Peñaranda,ESP,2016-17,Malaga,F S,3,173,0,0,0,0,1,0.0,0.0,0.042,1.227,1.227,1,0,308801,Adalberto Peñaranda,1997-05-31,19.26,186.0,right,Attack,Left Winger,Venezuela,Venezuela,3,171,0,0,1084,Málaga CF,355,4000000.0,3000000.0,1.0,1.0,1.0,same_club
1561,Panagiotis Kone,ESP,2016-17,Granada,S,2,41,0,0,0,0,0,0.0,0.0,0.0,0.036,0.036,0,0,19636,Panagiotis Kone,1987-07-26,29.1,182.0,right,Midfield,Central Midfield,Greece,Albania,2,42,0,0,16795,Granada CF,342,3500000.0,1500000.0,0.997,1.0,0.989,same_club
1561,Panagiotis Kone,ESP,2016-17,Granada,S,2,41,0,0,0,0,0,0.0,0.0,0.0,0.036,0.036,0,0,19636,Panagiotis Kone,1987-07-26,29.1,182.0,right,Midfield,Central Midfield,Greece,Albania,2,42,0,0,16795,Granada CF,342,3500000.0,1500000.0,0.997,1.0,0.99,same_club
1618,Diego López,ESP,2016-17,Espanyol,GK,35,3114,0,0,0,0,0,0.0,0.0,0.0,1.042,1.042,3,0,34370,Diego López,1981-11-03,34.83,196.0,right,Goalkeeper,Goalkeeper,Spain,Spain,35,3113,0,0,714,RCD Espanyol Barcelona,3113,1500000.0,1000000.0,1.0,1.0,1.0,same_club
1699,Shkodran Mustafi,ESP,2016-17,Valencia,S,1,43,0,0,0,1,0,0.061,0.061,0.0,0.138,0.077,0,0,88590,Shkodran Mustafi,1992-04-17,24.38,184.0,right,Defender,Centre-Back,Germany,Germany,1,45,0,0,1049,Valencia CF,3310,20000000.0,30000000.0,1.0,1.0,1.0,same_club
1699,Shkodran Mustafi,ESP,2016-17,Valencia,S,1,43,0,0,0,1,0,0.061,0.061,0.0,0.138,0.077,0,0,88590,Shkodran Mustafi,1992-04-17,24.38,184.0,right,Defender,Centre-Back,Germany,Germany,1,45,0,0,1049,Valencia CF,3310,20000000.0,30000000.0,0.993,1.0,0.978,same_club
1731,Claudio Bravo,ESP,2016-17,Barcelona,GK,1,90,0,0,0,0,0,0.0,0.0,0.0,1.152,1.152,0,0,40423,Claudio Bravo,1983-04-13,33.39,184.0,right,Goalkeeper,Goalkeeper,Chile,Chile,1,90,0,0,131,FC Barcelona,2952,15000000.0,8000000.0,1.0,1.0,0.999,same_club
1731,Claudio Bravo,ESP,2016-17,Barcelona,GK,1,90,0,0,0,0,0,0.0,0.0,0.0,1.152,1.152,0,0,40423,Claudio Bravo,1983-04-13,33.39,184.0,right,Goalkeeper,Goalkeeper,Chile,Chile,1,90,0,0,131,FC Barcelona,2952,15000000.0,8000000.0,1.0,1.0,1.0,same_club
1806,Alberto Brignoli,ESP,2016-17,Leganes,S,1,61,0,0,0,0,0,0.0,0.0,0.0,0.0,0.0,0,0,146799,Alberto Brignoli,1991-08-19,25.04,188.0,left,Goalkeeper,Goalkeeper,Italy,Italy,1,60,0,0,1244,CD Leganés,150,1200000.0,1000000.0,0.997,1.0,0.989,same_club
1823,Lucas Digne,ESP,2016-17,Barcelona,D M S,17,1177,0,0,0,5,10,0.574,0.574,0.931,6.961,6.099,3,0,126664,Lucas Digne,1993-07-20,23.12,178.0,left,Defender,Left-Back,France,France,17,1175,0,0,131,FC Barcelona,1853,16000000.0,16000000.0,0.999,1.0,0.998,same_club
1920,Gabriel Silva,ESP,2016-17,Granada,D S,12,974,0,0,0,1,4,0.016,0.016,0.194,0.674,0.611,3,0,114340,Gabriel Silva,1991-05-13,25.31,179.0,left,Defender,Left-Back,Brazil,Brazil,12,977,0,0,16795,Granada CF,1299,3000000.0,2500000.0,0.999,1.0,0.997,same_club
1920,Gabriel Silva,ESP,2016-17,Granada,D S,12,974,0,0,0,1,4,0.016,0.016,0.194,0.674,0.611,3,0,114340,Gabriel Silva,1991-05-13,25.31,179.0,left,Defender,Left-Back,Brazil,Brazil,12,977,0,0,16795,Granada CF,1299,3000000.0,2500000.0,0.997,1.0,0.991,same_club
1934,Gastón Silva,ESP,2016-17,Granada,D S,22,1747,0,0,0,6,7,0.201,0.201,0.162,1.483,1.296,6,0,189452,Gastón Silva,1994-03-05,22.49,185.0,left,Defender,Left-Back,Uruguay,Uruguay,22,1748,0,0,16795,Granada CF,1838,1800000.0,1200000.0,1.0,1.0,0.999,same_club
1951,Sime Vrsaljko,ESP,2016-17,Atletico Madrid,D S,14,921,0,0,0,3,5,0.157,0.157,0.509,3.119,2.748,2,0,76061,Sime Vrsaljko,1992-01-10,24.64,181.0,right,Defender,Right-Back,Croatia,Croatia,14,923,0,0,13,Atlético de Madrid,1795,16000000.0,16000000.0,0.999,1.0,0.998,same_club
1987,Zdravko Kuzmanovic,ESP,2016-17,Malaga,M S,4,219,0,0,0,4,1,0.18,0.18,0.061,0.342,0.253,1,0,25441,Zdravko Kuzmanovic,1987-09-22,28.94,186.0,right,Midfield,Central Midfield,Serbia,Switzerland,4,216,0,0,1084,Málaga CF,216,2000000.0,1000000.0,0.996,1.0,0.986,same_club
2006,Alessio Cerci,ESP,2016-17,Atletico Madrid,S,1,13,0,0,0,0,0,0.0,0.0,0.0,0.0,0.0,0,0,21748,Alessio Cerci,1987-07-23,29.11,180.0,left,Attack,Right Winger,Italy,Italy,1,14,0,0,13,Atlético de Madrid,43,7000000.0,4000000.0,0.997,1.0,0.989,same_club
2063,Timothée Kolodziejczak,ESP,2016-17,Sevilla,D S,5,328,0,0,0,3,1,0.044,0.044,0.134,0.755,0.729,1,0,84085,Timothée Kolodziejczak,1991-10-01,24.92,183.0,left,Defender,Centre-Back,France,France,5,329,0,0,368,Sevilla FC,704,7000000.0,6000000.0,0.999,1.0,0.997,same_club
2063,Timothée Kolodziejczak,ESP,2016-17,Sevilla,D S,5,328,0,0,0,3,1,0.044,0.044,0.134,0.755,0.729,1,0,84085,Timothée Kolodziejczak,1991-10-01,24.92,183.0,left,Defender,Centre-Back,France,France,5,329,0,0,368,Sevilla FC,704,7000000.0,6000000.0,0.997,1.0,0.989,same_club
2064,Sergio Escudero,ESP,2016-17,Sevilla,D M S,26,2283,0,0,3,33,23,1.54,1.54,2.932,11.057,8.031,7,0,93935,Sergio Escudero,1989-09-02,27.0,176.0,left,Defender,Left-Back,Spain,Spain,26,2281,0,3,368,Sevilla FC,3238,2500000.0,7500000.0,1.0,1.0,0.999,same_club
2069,Daniel Carriço,ESP,2016-17,Sevilla,D,6,459,0,0,0,0,1,0.0,0.0,0.021,1.099,1.078,2,0,37712,Daniel Carriço,1988-08-04,28.08,183.0,right,Defender,Centre-Back,Portugal,Portugal,6,454,0,0,368,Sevilla FC,628,6000000.0,2000000.0,0.997,1.0,0.989,same_club
2071,Diego González,ESP,2016-17,Sevilla,S,3,29,0,0,0,0,0,0.0,0.0,0.0,0.0,0.0,0,0,349836,Diego González,1995-01-28,21.59,185.0,right,Defender,Centre-Back,Spain,Spain,3,31,0,0,368,Sevilla FC,215,800000.0,1500000.0,0.993,1.0,0.978,same_club
2072,Sergio Rico,ESP,2016-17,Sevilla,GK,35,3150,0,0,0,0,0,0.0,0.0,0.0,4.548,4.548,0,0,207302,Sergio Rico,1993-09-01,23.0,196.0,right,Goalkeeper,Goalkeeper,Spain,Spain,35,3150,0,0,368,Sevilla FC,4260,15000000.0,20000000.0,1.0,1.0,1.0,same_club
2075,Andrés Fernández,ESP,2016-17,Villarreal,GK S,15,1316,0,0,0,0,0,0.0,0.0,0.0,1.759,1.759,2,0,57522,Andrés Fernández,1986-12-16,29.71,185.0,right,Goalkeeper,Goalkeeper,Spain,Spain,15,1315,0,0,1050,Villarreal CF,1765,1500000.0,1500000.0,1.0,1.0,0.999,same_club
2080,Rubén Pérez,ESP,2016-17,Leganes,M S,30,2334,0,0,1,19,17,0.372,0.372,0.672,2.311,1.929,11,0,113045,Rubén Pérez,1989-04-26,27.35,178.0,right,Midfield,Defensive Midfield,Spain,Spain,30,2316,0,1,1244,CD Leganés,2496,2500000.0,2500000.0,0.998,1.0,0.992,same_club
2083,Rene Krhin,ESP,2016-17,Granada,M S,12,940,0,0,0,2,3,0.092,0.092,0.147,0.529,0.405,0,0,73092,Rene Krhin,1990-05-21,26.28,189.0,right,Midfield,Defensive Midfield,Slovenia,Jugoslawien (SFR),12,937,0,0,16795,Granada CF,937,2500000.0,1500000.0,0.999,1.0,0.997,same_club
2087,David Barral,ESP,2016-17,Granada,F S,8,307,0,0,1,10,4,0.516,0.516,1.847,1.449,0.23,1,0,20346,David Barral,1983-05-10,33.31,180.0,right,Attack,Centre-Forward,Spain,Spain,8,310,0,1,16795,Granada CF,539,800000.0,600000.0,0.997,1.0,0.99,same_club
2090,Marc-André ter Stegen,ESP,2016-17,Barcelona,GK,36,3240,0,0,0,0,0,0.0,0.0,0.0,7.599,7.599,1,0,74857,Marc-André ter Stegen,1992-04-30,24.34,187.0,right,Goalkeeper,Goalkeeper,Germany,Germany,36,3240,0,0,131,FC Barcelona,4140,15000000.0,25000000.0,1.0,1.0,1.0,same_club
2095,Sergio Busquets,ESP,2016-17,Barcelona,M,33,2696,0,0,3,4,14,0.136,0.136,0.627,20.819,20.248,9,0,65230,Sergio Busquets,1988-07-16,28.13,189.0,right,Midfield,Defensive Midfield,Spain,Spain,33,2693,0,3,131,FC Barcelona,3928,60000000.0,60000000.0,1.0,1.0,0.999,same_club
2096,Andrés Iniesta,ESP,2016-17,Barcelona,M S,23,1326,0,0,3,18,25,0.672,0.672,3.604,11.456,8.645,2,0,7600,Andrés Iniesta,1984-05-11,32.31,171.0,both,Midfield,Central Midfield,Spain,Spain,23,1331,0,3,131,FC Barcelona,2291,30000000.0,20000000.0,0.999,1.0,0.996,same_club
2104,Sergi Roberto,ESP,2016-17,Barcelona,D F M S,32,2380,0,0,6,16,35,0.901,0.901,4.108,16.456,13.495,5,0,85370,Sergi Roberto,1992-02-07,24.57,178.0,right,Midfield,Central Midfield,Spain,Spain,32,2382,0,6,131,FC Barcelona,3568,20000000.0,25000000.0,1.0,1.0,0.999,same_club
2108,Javi López,ESP,2016-17,Espanyol,D S,19,1527,0,0,1,1,5,0.039,0.039,0.533,1.558,0.986,3,0,72310,Javi López,1986-01-21,30.61,180.0,right,Defender,Right-Back,Spain,Spain,19,1524,0,1,714,RCD Espanyol Barcelona,1614,3000000.0,2000000.0,0.999,1.0,0.998,same_club
2110,Rubén Duarte,ESP,2016-17,Espanyol,D S,3,103,0,0,0,0,0,0.0,0.0,0.0,0.0,0.0,1,0,177046,Rubén Duarte,1995-10-18,20.87,182.0,left,Defender,Centre-Back,Spain,Spain,3,101,0,0,714,RCD Espanyol Barcelona,257,2000000.0,1000000.0,0.994,1.0,0.981,same_club
2111,Víctor Álvarez,ESP,2016-17,Espanyol,D S,4,200,0,0,0,0,0,0.0,0.0,0.0,0.026,0.026,2,0,99355,Víctor Álvarez,1993-03-14,23.47,180.0,left,Defender,Left-Back,Spain,Spain,4,202,0,0,714,RCD Espanyol Barcelona,292,2500000.0,1000000.0,0.997,1.0,0.99,same_club
2112,Papakouly Diop,ESP,2016-17,Espanyol,M S,18,894,0,0,0,4,2,0.131,0.131,0.112,0.746,0.58,6,0,39907,Pape Diop,1986-03-19,30.46,180.0,right,Midfield,Defensive Midfield,Senegal,Senegal,18,898,0,0,714,RCD Espanyol Barcelona,981,3000000.0,1500000.0,0.969,0.95,0.996,same_club
2121,Salva Sevilla,ESP,2016-17,Espanyol,M S,6,268,0,0,0,1,1,0.02,0.02,0.022,0.284,0.265,1,0,58799,Salva Sevilla,1984-03-18,32.46,178.0,right,Midfield,Central Midfield,Spain,Spain,6,269,0,0,714,RCD Espanyol Barcelona,348,1200000.0,500000.0,0.999,1.0,0.996,same_club
2125,Ander Capa,ESP,2016-17,Eibar,D S,31,2550,0,0,3,9,30,0.285,0.285,2.879,5.56,3.685,8,1,197545,Ander Capa,1992-02-08,24.56,175.0,right,Defender,Right-Back,Spain,Spain,31,2553,0,3,1533,SD Eibar,3013,4000000.0,5000000.0,1.0,1.0,0.999,same_club
2126,Mauro Dos Santos,ESP,2016-17,Eibar,D S,11,761,0,0,0,2,0,0.08,0.08,0.0,0.426,0.426,1,0,55240,Mauro dos Santos,1989-07-07,27.15,188.0,right,Defender,Centre-Back,Argentina,Argentina,11,761,0,0,1533,SD Eibar,1211,4000000.0,2000000.0,1.0,1.0,1.0,same_club
2128,David Juncà,ESP,2016-17,Eibar,D S,9,684,0,0,2,4,6,0.148,0.148,0.484,1.238,0.716,1,0,164055,David Juncà,1993-11-16,22.79,178.0,left,Defender,Left-Back,Spain,Spain,9,683,0,2,1533,SD Eibar,874,3000000.0,1500000.0,1.0,1.0,0.999,same_club
2131,Keko,ESP,2016-17,Malaga,F M S,22,1052,0,0,3,18,18,1.325,1.325,2.241,4.506,1.796,6,0,66112,Keko Gontán,1991-12-27,24.68,174.0,right,Missing,,Spain,Spain,22,1053,0,3,1084,Málaga CF,1053,4000000.0,3000000.0,0.97,0.95,0.999,same_club
2132,Jota,ESP,2016-17,Eibar,M S,5,203,0,0,0,3,2,0.173,0.173,0.137,0.235,0.037,0,0,176591,Jota Peleteiro,1991-06-16,25.21,178.0,left,Attack,Right Winger,Spain,Spain,5,203,0,0,1533,SD Eibar,437,1200000.0,1200000.0,0.97,0.95,1.0,same_club
2137,Aleksandar Pantic,ESP,2016-17,Alaves,D S,2,155,0,0,0,1,0,0.056,0.056,0.0,0.0,0.0,1,0,167093,Aleksandar Pantic,1992-04-11,24.39,188.0,right,Defender,Centre-Back,Serbia,Jugoslawien (SFR),2,154,0,1,1108,Deportivo Alavés,1864,1500000.0,2000000.0,0.998,1.0,0.994,same_club
2138,Asier Riesgo,ESP,2016-17,Eibar,GK,16,1251,0,0,0,0,0,0.0,0.0,0.0,0.518,0.518,0,2,23338,Asier Riesgo,1983-10-06,32.91,185.0,right,Goalkeeper,Goalkeeper,Spain,Spain,16,1254,0,0,1533,SD Eibar,1344,1000000.0,1000000.0,0.999,1.0,0.998,same_club
2141,Antonio Adán,ESP,2016-17,Real Betis,GK,37,3330,0,0,0,0,0,0.0,0.0,0.0,3.194,3.194,5,0,44062,Antonio Adán,1987-05-13,29.31,190.0,left,Goalkeeper,Goalkeeper,Spain,Spain,37,3330,0,0,150,Real Betis Balompié,3330,6000000.0,8000000.0,1.0,1.0,1.0,same_club
2144,Alfred N&#039;Diaye,ESP,2016-17,Villarreal,M S,7,110,0,0,1,1,1,0.064,0.064,0.126,0.343,0.154,1,0,77737,Alfred N'Diaye,1990-03-06,26.49,189.0,right,Midfield,Defensive Midfield,Senegal,France,7,111,0,1,1050,Villarreal CF,1841,8000000.0,5000000.0,0.968,0.95,0.994,same_club
2144,Alfred N&#039;Diaye,ESP,2016-17,Villarreal,M S,7,110,0,0,1,1,1,0.064,0.064,0.126,0.343,0.154,1,0,77737,Alfred N'Diaye,1990-03-06,26.49,189.0,right,Midfield,Defensive Midfield,Senegal,France,7,111,0,1,1050,Villarreal CF,1841,8000000.0,5000000.0,0.967,0.95,0.991,same_club
2146,Xavi Torres,ESP,2016-17,Sporting Gijon,M S,17,855,0,0,0,5,3,0.585,0.585,0.168,1.078,1.027,6,0,65301,Xavi Torres,1986-11-21,29.78,179.0,right,Midfield,Defensive Midfield,Spain,Spain,17,858,0,0,2448,Sporting Gijón,1038,1500000.0,1000000.0,0.999,1.0,0.997,same_club
2147,Charly Musonda,ESP,2016-17,Real Betis,M S,8,270,0,0,1,6,8,0.226,0.226,0.903,2.395,1.484,2,0,177862,Charly Musonda Jr.,1996-10-15,19.88,173.0,right,Attack,Left Winger,Belgium,Belgium,8,275,0,1,150,Real Betis Balompié,275,5000000.0,5000000.0,0.965,0.95,0.982,same_club
2156,Dani Giménez,ESP,2016-17,Real Betis,GK,1,90,0,0,0,0,0,0.0,0.0,0.0,0.114,0.114,0,0,71801,Dani Giménez,1983-07-30,33.09,185.0,right,Goalkeeper,Goalkeeper,Spain,Spain,1,90,0,0,150,Real Betis Balompié,270,400000.0,300000.0,1.0,1.0,1.0,same_club
2157,Yoel,ESP,2016-17,Eibar,GK S,25,2119,0,0,0,0,2,0.0,0.0,0.028,0.445,0.418,1,1,58115,Yoel Rodríguez,1988-08-28,28.01,184.0,right,Goalkeeper,Goalkeeper,Spain,Spain,25,2117,0,0,1533,SD Eibar,2567,1000000.0,2500000.0,0.97,0.95,0.999,same_club
2159,Tito,ESP,2016-17,"Granada,Leganes",D M S,23,1876,0,0,3,7,11,0.498,0.498,1.258,2.71,1.853,4,0,128295,Tito,1985-07-11,31.14,174.0,right,Defender,Right-Back,Spain,Spain,23,1878,0,3,"1244,16795","CD Leganés,Granada CF",1878,2500000.0,2500000.0,1.0,1.0,0.999,same_club
2174,Diego Mariño,ESP,2016-17,Sporting Gijon,GK,2,180,0,0,0,0,1,0.0,0.0,0.02,0.558,0.538,0,0,59349,Diego Mariño,1990-05-09,26.32,185.0,right,Goalkeeper,Goalkeeper,Spain,Spain,2,180,0,0,2448,Sporting Gijón,360,1500000.0,800000.0,1.0,1.0,1.0,same_club
2176,Carl Medjani,ESP,2016-17,Leganes,D M S,8,595,0,0,0,3,2,0.111,0.111,0.081,0.385,0.314,2,0,8060,Carl Medjani,1985-05-15,31.3,184.0,right,Midfield,Defensive Midfield,Algeria,France,8,594,0,0,1244,CD Leganés,1658,1800000.0,1400000.0,0.999,1.0,0.998,same_club
2191,Vigaray,ESP,2016-17,Alaves,D S,19,944,0,0,3,2,7,0.074,0.074,1.488,2.774,1.272,1,0,263627,Carlos Vigaray,1994-09-07,21.98,185.0,right,Defender,Right-Back,Spain,Spain,19,942,0,3,1108,Deportivo Alavés,1409,600000.0,1000000.0,0.999,1.0,0.998,same_club
2200,Álvaro Vázquez,ESP,2016-17,Espanyol,F M S,10,313,0,0,1,5,4,0.181,0.181,0.133,0.223,0.067,0,0,141835,Álvaro Vázquez,1991-04-27,25.35,182.0,right,Attack,Centre-Forward,Spain,Spain,10,313,0,1,714,RCD Espanyol Barcelona,313,3000000.0,1500000.0,1.0,1.0,1.0,same_club
2208,Iván Cuéllar,ESP,2016-17,Sporting Gijon,GK,36,3240,0,0,0,0,1,0.0,0.0,0.066,1.058,0.992,5,0,27493,Iván Cuéllar,1984-05-27,32.27,187.0,left,Goalkeeper,Goalkeeper,Spain,Spain,36,3240,0,0,2448,Sporting Gijón,3240,1500000.0,800000.0,1.0,1.0,1.0,same_club
2209,Alberto Lora,ESP,2016-17,Sporting Gijon,D S,7,373,0,0,0,3,0,0.032,0.032,0.0,0.14,0.133,0,1,57816,Alberto Lora,1987-03-25,29.44,164.0,right,Midfield,Central Midfield,Spain,Spain,7,376,0,0,2448,Sporting Gijón,376,3000000.0,1000000.0,0.998,1.0,0.992,same_club
2210,Jorge Meré,ESP,2016-17,Sporting Gijon,D,31,2775,0,0,0,8,3,0.405,0.405,0.156,2.721,2.648,7,1,286779,Jorge Meré,1997-04-17,19.38,182.0,right,Defender,Centre-Back,Spain,Spain,31,2774,0,0,2448,Sporting Gijón,2864,5000000.0,6000000.0,1.0,1.0,1.0,same_club
2211,Isma López,ESP,2016-17,Sporting Gijon,D M S,27,1728,0,0,3,12,15,1.879,1.136,1.338,4.097,2.477,5,0,54231,Isma López,1990-01-29,26.59,180.0,left,Defender,Left-Back,Spain,Spain,27,1730,0,3,2448,Sporting Gijón,1730,2500000.0,2500000.0,1.0,1.0,0.999,same_club
2215,Alen Halilovic,ESP,2016-17,Las Palmas,M S,18,634,0,0,2,17,15,0.643,0.643,1.1,2.455,1.105,2,0,226074,Alen Halilovic,1996-06-18,20.21,169.0,left,Midfield,Attacking Midfield,Croatia,Croatia,18,645,0,2,472,UD Las Palmas,809,10000000.0,4000000.0,0.995,1.0,0.983,same_club
2215,Alen Halilovic,ESP,2016-17,Las Palmas,M S,18,634,0,0,2,17,15,0.643,0.643,1.1,2.455,1.105,2,0,226074,Alen Halilovic,1996-06-18,20.21,169.0,left,Midfield,Attacking Midfield,Croatia,Croatia,18,645,0,2,472,UD Las Palmas,809,10000000.0,4000000.0,0.991,1.0,0.971,same_club
2220,Rachid,ESP,2016-17,Sporting Gijon,M S,8,495,0,0,0,5,3,0.17,0.17,0.127,0.936,0.792,3,0,246877,Rachid Aït-Atmane,1993-01-04,23.66,190.0,right,Midfield,Central Midfield,Algeria,France,8,497,0,0,2448,Sporting Gijón,497,1500000.0,1000000.0,0.969,0.95,0.996,same_club
2225,Gerónimo Rulli,ESP,2016-17,Real Sociedad,GK,38,3420,0,0,0,0,2,0.0,0.0,0.32,2.886,2.566,4,0,229604,Gerónimo Rulli,1992-05-20,24.28,189.0,right,Goalkeeper,Goalkeeper,Argentina,Argentina,38,3420,0,0,681,Real Sociedad,3960,8000000.0,14000000.0,1.0,1.0,1.0,same_club
2226,Zaldúa,ESP,2016-17,Real Sociedad,D S,14,1106,0,0,1,7,10,0.21,0.21,0.608,2.132,1.651,1,1,197135,Joseba Zaldua,1992-06-24,24.19,174.0,right,Defender,Right-Back,Spain,Spain,14,1107,0,1,681,Real Sociedad,1377,1500000.0,1500000.0,1.0,1.0,0.999,same_club
2227,Mikel González,ESP,2016-17,Real Sociedad,D S,9,668,0,0,0,1,0,0.03,0.03,0.0,0.297,0.297,2,0,35560,Mikel González,1985-09-24,30.94,190.0,right,Defender,Centre-Back,Spain,Spain,9,665,0,0,681,Real Sociedad,845,2000000.0,1000000.0,0.999,1.0,0.996,same_club
2228,Aritz Elustondo,ESP,2016-17,Real Sociedad,D S,9,456,0,0,0,4,1,0.102,0.102,0.08,0.731,0.651,0,1,229804,Aritz Elustondo,1994-03-28,22.43,180.0,right,Defender,Centre-Back,Spain,Spain,9,461,0,0,681,Real Sociedad,716,5000000.0,2500000.0,0.997,1.0,0.989,same_club
2231,Markel Bergara,ESP,2016-17,Real Sociedad,M S,6,284,0,0,0,0,1,0.0,0.0,0.027,0.083,0.083,0,0,51426,Markel Bergara,1986-05-05,30.33,181.0,right,Midfield,Defensive Midfield,Spain,Spain,6,286,0,0,681,Real Sociedad,286,2500000.0,1500000.0,0.998,1.0,0.993,same_club
2237,Héctor,ESP,2016-17,"Granada,Real Sociedad",D M S,17,1163,0,0,2,6,8,0.183,0.183,0.599,2.286,1.543,2,0,221986,Héctor Hernández,1991-05-23,25.28,171.0,left,Defender,Left-Back,Spain,Spain,17,1163,0,2,"681,16795","Real Sociedad,Granada CF",1163,600000.0,600000.0,0.97,0.95,1.0,same_club
2240,Esteban Granero,ESP,2016-17,Real Sociedad,M S,19,689,0,0,1,10,14,0.411,0.411,1.16,2.375,1.931,4,1,44065,Esteban Granero,1987-07-02,29.17,180.0,right,Midfield,Central Midfield,Spain,Spain,19,692,0,1,681,Real Sociedad,738,2500000.0,2000000.0,0.999,1.0,0.996,same_club
2243,Keylor Navas,ESP,2016-17,Real Madrid,GK,27,2430,0,0,0,0,1,0.0,0.0,0.031,5.53,5.5,2,0,79422,Keylor Navas,1986-12-15,29.71,185.0,right,Goalkeeper,Goalkeeper,Costa Rica,Costa Rica,27,2430,0,0,418,Real Madrid,3750,20000000.0,18000000.0,1.0,1.0,1.0,same_club
2259,Kiko Casilla,ESP,2016-17,Real Madrid,GK,11,990,0,0,0,0,0,0.0,0.0,0.0,3.429,3.429,0,0,27486,Kiko Casilla,1986-10-02,29.92,190.0,right,Goalkeeper,Goalkeeper,Spain,Spain,11,990,0,0,418,Real Madrid,1726,6000000.0,6000000.0,1.0,1.0,1.0,same_club
2260,Daniel Carvajal,ESP,2016-17,Real Madrid,D S,23,2015,0,0,4,9,35,0.404,0.404,3.524,12.021,9.282,11,0,138927,Daniel Carvajal,1992-01-11,24.64,173.0,right,Defender,Right-Back,Spain,Spain,23,2014,0,5,418,Real Madrid,3549,25000000.0,32000000.0,1.0,1.0,1.0,same_club
2261,Jan Oblak,ESP,2016-17,Atletico Madrid,GK,30,2650,0,0,0,0,0,0.0,0.0,0.0,3.149,3.149,1,0,121483,Jan Oblak,1993-01-07,23.65,188.0,right,Goalkeeper,Goalkeeper,Slovenia,Slovenia,30,2651,0,0,13,Atlético de Madrid,3641,35000000.0,40000000.0,1.0,1.0,1.0,same_club
2262,Juanfran,ESP,2016-17,Atletico Madrid,D S,23,1980,0,0,2,3,16,0.045,0.045,2.129,8.113,6.618,2,0,16635,Juanfran Torres,1985-01-09,31.64,181.0,right,Defender,Right-Back,Spain,Spain,23,1978,0,2,13,Atlético de Madrid,3010,16000000.0,12000000.0,0.97,0.95,0.999,same_club
2267,Augusto Fernández,ESP,2016-17,Atletico Madrid,M S,3,142,0,0,0,0,0,0.0,0.0,0.0,0.211,0.211,0,0,39151,Augusto Fernández,1986-04-10,30.4,177.0,right,Midfield,Central Midfield,Argentina,Argentina,3,144,0,0,13,Atlético de Madrid,144,8000000.0,4000000.0,0.996,1.0,0.986,same_club
2268,Gabi,ESP,2016-17,Atletico Madrid,M S,34,2900,0,0,0,25,24,1.229,0.486,1.664,12.556,12.078,9,0,22969,Gabi,1983-07-10,33.15,181.0,right,Midfield,Central Midfield,Spain,Spain,34,2896,0,0,13,Atlético de Madrid,4210,10000000.0,3000000.0,1.0,1.0,0.999,same_club
2276,Lucas Hernández,ESP,2016-17,Atletico Madrid,D S,15,1253,0,0,0,1,0,0.048,0.048,0.0,2.947,2.947,2,0,281963,Lucas Hernández,1996-02-14,20.55,184.0,left,Defender,Left-Back,France,France,15,1253,0,0,13,Atlético de Madrid,1914,10000000.0,15000000.0,1.0,1.0,1.0,same_club
2277,Moyá,ESP,2016-17,Atletico Madrid,GK S,9,770,0,0,0,0,0,0.0,0.0,0.0,0.105,0.105,0,0,26065,Miguel Ángel Moyá,1984-04-02,32.42,189.0,right,Goalkeeper,Goalkeeper,Spain,Spain,9,769,0,0,13,Atlético de Madrid,1579,4000000.0,2000000.0,1.0,1.0,0.999,same_club
2278,Giménez,ESP,2016-17,Atletico Madrid,D M S,17,1009,0,0,0,13,5,0.794,0.794,0.381,1.901,1.662,5,0,250845,José María Giménez,1995-01-20,21.62,186.0,right,Defender,Centre-Back,Uruguay,Uruguay,17,1012,0,0,13,Atlético de Madrid,1994,30000000.0,28000000.0,0.999,1.0,0.997,same_club
2279,Sergio Álvarez,ESP,2016-17,Celta Vigo,GK,26,2340,0,0,1,0,1,0.0,0.0,0.177,0.791,0.791,0,0,45912,Sergio Álvarez,1986-08-03,30.08,179.0,right,Goalkeeper,Goalkeeper,Spain,Spain,26,2340,0,1,940,Celta de Vigo,3990,3500000.0,5000000.0,1.0,1.0,1.0,same_club
2280,Jonny,ESP,2016-17,Celta Vigo,D S,30,2202,0,0,3,13,17,0.794,0.794,2.161,8.374,6.65,8,0,175446,Jonny Otto,1994-03-03,22.5,175.0,both,Defender,Right-Back,Spain,Spain,30,2207,0,3,940,Celta de Vigo,3947,6000000.0,8000000.0,0.969,0.95,0.998,same_club
2282,Sergi Gómez,ESP,2016-17,Celta Vigo,D S,25,1903,0,0,0,3,3,0.202,0.202,0.16,1.398,1.179,2,2,92947,Sergi Gómez,1992-03-28,24.43,185.0,right,Defender,Centre-Back,Spain,Spain,25,1906,0,0,940,Celta de Vigo,2474,5000000.0,6000000.0,1.0,1.0,0.998,same_club
2283,Planas,ESP,2016-17,Celta Vigo,D S,12,949,0,0,0,2,12,0.057,0.057,0.661,2.723,2.367,3,0,66099,Carles Planas,1991-03-04,25.5,175.0,left,Defender,Left-Back,Spain,Spain,12,949,0,0,940,Celta de Vigo,1129,2000000.0,1500000.0,1.0,1.0,1.0,same_club
2293,Rubén Blanco,ESP,2016-17,Celta Vigo,GK,11,990,0,0,0,0,0,0.0,0.0,0.0,0.518,0.518,2,0,199321,Rubén Blanco,1995-07-25,21.11,188.0,right,Goalkeeper,Goalkeeper,Spain,Spain,11,990,0,0,940,Celta de Vigo,1350,1000000.0,1500000.0,1.0,1.0,1.0,same_club
2294,Señé,ESP,2016-17,Celta Vigo,F M S,13,663,0,0,2,15,5,0.773,0.773,0.339,1.287,0.408,1,0,161267,Josep Señé,1991-12-10,24.73,184.0,right,Midfield,Attacking Midfield,Spain,Spain,13,668,0,2,940,Celta de Vigo,1161,400000.0,500000.0,0.998,1.0,0.993,same_club
2296,Mario,ESP,2016-17,Villarreal,D,36,3240,0,0,3,34,23,1.716,1.716,2.673,12.403,10.155,6,0,73250,Mario Gaspar,1990-11-24,25.77,180.0,right,Defender,Right-Back,Spain,Spain,36,3240,0,3,1050,Villarreal CF,3787,12000000.0,16000000.0,0.97,0.95,1.0,same_club
2297,Daniele Bonera,ESP,2016-17,Villarreal,D,6,540,0,0,0,0,1,0.0,0.0,0.057,2.333,2.333,2,0,5856,Daniele Bonera,1981-05-31,35.26,183.0,right,Defender,Centre-Back,Italy,Italy,6,540,0,0,1050,Villarreal CF,900,500000.0,200000.0,1.0,1.0,1.0,same_club
2299,Antonio Rukavina,ESP,2016-17,Villarreal,D S,4,271,0,0,0,1,2,0.035,0.035,0.249,0.748,0.464,2,0,27924,Antonio Rukavina,1984-01-26,32.6,177.0,right,Defender,Right-Back,Serbia,Jugoslawien (SFR),4,271,0,0,1050,Villarreal CF,991,2000000.0,1500000.0,1.0,1.0,1.0,same_club
2300,Samu García,ESP,2016-17,Leganes,M S,11,527,0,0,1,8,6,0.464,0.464,0.433,1.099,0.331,0,0,208890,Samu García,1990-07-13,26.14,177.0,right,Attack,Right Winger,Spain,Spain,11,528,0,1,1244,CD Leganés,1432,3000000.0,2000000.0,0.999,1.0,0.998,same_club
2309,Nahuel,ESP,2016-17,Real Betis,S,10,146,0,0,0,1,1,0.065,0.065,0.039,0.338,0.273,0,1,263843,Matías Nahuel,1996-11-22,19.78,172.0,right,Attack,Left Winger,Spain,Argentina,10,146,0,0,150,Real Betis Balompié,146,4000000.0,1500000.0,1.0,1.0,1.0,same_club
2313,Laure,ESP,2016-17,Deportivo La Coruna,D S,7,426,0,0,0,0,2,0.0,0.0,0.152,0.407,0.255,0,1,57876,Laure,1985-03-22,31.45,171.0,right,Defender,Right-Back,Spain,Spain,7,425,0,0,897,Deportivo de La Coruña,425,2000000.0,500000.0,0.999,1.0,0.998,same_club
2315,Alejandro Arribas,ESP,2016-17,Deportivo La Coruna,D S,23,1906,0,0,0,13,1,0.777,0.777,0.016,2.563,2.412,7,0,137174,Alejandro Arribas,1989-05-01,27.34,182.0,right,Defender,Centre-Back,Spain,Spain,23,1907,0,0,897,Deportivo de La Coruña,2177,3000000.0,3000000.0,1.0,1.0,0.999,same_club
2316,Juanfran,ESP,2016-17,Deportivo La Coruna,D,34,2963,0,0,6,24,49,0.812,0.812,5.015,7.584,4.092,2,1,64411,Juanfran Moreno,1988-09-11,27.97,179.0,right,Defender,Right-Back,Spain,Spain,34,2962,0,7,897,Deportivo de La Coruña,3322,3500000.0,5000000.0,0.97,0.95,1.0,same_club
2318,Fede Cartabia,ESP,2016-17,Valencia,F M S,4,151,0,0,0,2,0,0.149,0.149,0.0,0.168,0.019,0,0,242548,Fede Cartabia,1993-01-20,23.61,169.0,left,Attack,Right Winger,Argentina,Argentina,4,152,0,0,1049,Valencia CF,872,2500000.0,1500000.0,0.998,1.0,0.993,same_club
2319,Faycal Fajr,ESP,2016-17,Deportivo La Coruna,M S,24,1204,0,0,2,20,25,1.875,1.132,2.458,2.552,1.122,2,1,174344,Fayçal Fajr,1988-08-01,28.08,179.0,right,Midfield,Central Midfield,Morocco,France,25,1203,0,2,897,Deportivo de La Coruña,1293,4000000.0,2000000.0,1.0,1.0,0.999,same_club
2330,Guillermo Ochoa,ESP,2016-17,Granada,GK,38,3420,0,0,0,0,2,0.0,0.0,0.101,1.589,1.488,2,0,29559,Guillermo Ochoa,1985-07-13,31.14,185.0,right,Goalkeeper,Goalkeeper,Mexico,Mexico,38,3420,0,0,16795,Granada CF,3510,3000000.0,3000000.0,1.0,1.0,1.0,same_club
2332,Weligton,ESP,2016-17,Malaga,D,1,90,0,0,0,0,0,0.0,0.0,0.0,0.028,0.028,1,0,22550,Weligton,1979-08-26,37.02,186.0,left,Defender,Centre-Back,Brazil,Brazil,1,90,0,0,1084,Málaga CF,90,800000.0,500000.0,1.0,1.0,1.0,same_club
2334,Miguel Torres,ESP,2016-17,Malaga,D S,22,1562,0,0,0,4,5,0.217,0.217,0.27,2.06,1.976,4,0,45305,Miguel Torres,1986-01-28,30.59,184.0,right,Defender,Right-Back,Spain,Spain,22,1565,0,0,1084,Málaga CF,1655,2000000.0,2000000.0,0.999,1.0,0.998,same_club
2347,Federico Ricca,ESP,2016-17,Malaga,D S,21,1628,0,0,1,11,11,0.585,0.585,0.486,3.068,2.64,6,0,285322,Federico Ricca,1994-12-01,21.75,179.0,left,Defender,Centre-Back,Uruguay,Uruguay,21,1618,0,1,1084,Málaga CF,1618,2500000.0,2500000.0,0.998,1.0,0.994,same_club
2348,Carlos Kameni,ESP,2016-17,Malaga,GK,35,3150,0,0,0,0,1,0.0,0.0,0.02,1.891,1.871,2,0,7914,Carlos Kameni,1984-02-18,32.54,186.0,right,Goalkeeper,Goalkeeper,Cameroon,Cameroon,35,3150,0,0,1084,Málaga CF,3150,5000000.0,2000000.0,1.0,1.0,1.0,same_club
2351,Raúl Lizoain,ESP,2016-17,Las Palmas,GK,13,1170,0,0,0,0,0,0.0,0.0,0.0,0.565,0.565,2,0,167228,Raúl Lizoain,1991-01-27,25.6,188.0,left,Goalkeeper,Goalkeeper,Spain,Spain,13,1170,0,0,472,UD Las Palmas,1530,400000.0,800000.0,1.0,1.0,1.0,same_club
2355,Dani Castellano,ESP,2016-17,Las Palmas,D S,27,2108,0,0,1,9,12,0.41,0.41,0.903,5.703,4.72,2,0,64363,Dani Castellano,1987-11-02,28.83,179.0,left,Defender,Left-Back,Spain,Spain,27,2110,0,2,472,UD Las Palmas,2290,2000000.0,4000000.0,1.0,1.0,0.999,same_club
2364,David Simón,ESP,2016-17,Las Palmas,D S,16,1320,0,0,1,11,14,0.76,0.76,0.894,2.688,1.545,3,0,228584,David Simón,1988-12-16,27.71,179.0,right,Defender,Right-Back,Spain,Spain,16,1321,0,1,472,UD Las Palmas,1591,2000000.0,1500000.0,1.0,1.0,0.999,same_club
2367,Javi Varas,ESP,2016-17,Las Palmas,GK,25,2250,0,0,0,0,0,0.0,0.0,0.0,1.858,1.858,0,0,58341,Javi Varas,1982-09-10,33.98,182.0,right,Goalkeeper,Goalkeeper,Spain,Spain,25,2250,0,0,472,UD Las Palmas,2250,800000.0,400000.0,1.0,1.0,1.0,same_club
2368,Montoro,ESP,2016-17,Las Palmas,M S,17,1109,0,0,0,4,6,0.069,0.069,0.229,2.258,2.203,1,0,59551,Ángel Montoro,1988-06-25,28.19,180.0,right,Midfield,Central Midfield,Spain,Spain,17,1106,0,0,472,UD Las Palmas,1310,800000.0,1000000.0,0.999,1.0,0.997,same_club
2373,Diego Alves,ESP,2016-17,Valencia,GK,33,2970,0,0,0,0,1,0.0,0.0,0.305,3.698,3.393,4,0,42373,Diego Alves,1985-06-24,31.19,187.0,left,Goalkeeper,Goalkeeper,Brazil,Brazil,33,2970,0,0,1049,Valencia CF,2970,4000000.0,5000000.0,1.0,1.0,1.0,same_club
2374,Aymen Abdennour,ESP,2016-17,Valencia,D S,13,877,0,0,0,2,2,0.505,0.505,0.036,1.573,1.551,4,0,108830,Aymen Abdennour,1989-08-06,27.07,187.0,left,Defender,Centre-Back,Tunisia,Tunisia,13,878,0,0,1049,Valencia CF,968,10000000.0,6000000.0,1.0,1.0,0.999,same_club
2375,Guilherme Siqueira,ESP,2016-17,Valencia,D M S,10,546,0,0,1,0,4,0.0,0.0,0.549,1.228,0.827,2,0,44373,Guilherme Siqueira,1986-04-28,30.35,182.0,left,Defender,Left-Back,Brazil,Brazil,10,542,0,1,1049,Valencia CF,632,3000000.0,1500000.0,0.998,1.0,0.993,same_club
2376,Enzo Pérez,ESP,2016-17,Valencia,M S,27,2203,0,0,1,11,10,0.408,0.408,0.458,7.055,6.339,14,1,56066,Enzo Pérez,1986-02-22,30.52,178.0,right,Midfield,Defensive Midfield,Argentina,Argentina,27,2197,0,1,1049,Valencia CF,2300,12000000.0,8000000.0,0.999,1.0,0.997,same_club
2385,Mat Ryan,ESP,2016-17,Valencia,GK,2,180,0,0,0,0,0,0.0,0.0,0.0,0.052,0.052,0,0,128969,Mathew Ryan,1992-04-08,24.4,184.0,right,Goalkeeper,Goalkeeper,Australia,Australia,2,180,0,0,1049,Valencia CF,1260,4000000.0,3500000.0,0.97,0.95,1.0,same_club
2386,Rúben Vezo,ESP,2016-17,"Granada,Valencia",D S,19,1536,0,0,1,7,7,0.665,0.665,0.228,0.696,0.598,2,1,257851,Rúben Vezo,1994-04-25,22.35,182.0,right,Defender,Centre-Back,Portugal,Portugal,19,1534,0,1,"1049,16795","Valencia CF,Granada CF",1624,2000000.0,1500000.0,1.0,1.0,0.999,same_club
2392,Gorka Iraizoz,ESP,2016-17,Athletic Club,GK S,16,1405,0,0,0,0,0,0.0,0.0,0.0,0.58,0.58,0,0,7874,Gorka Iraizoz,1981-03-06,35.49,191.0,right,Goalkeeper,Goalkeeper,Spain,Spain,16,1404,0,0,621,Athletic Bilbao,2034,1500000.0,500000.0,1.0,1.0,0.999,same_club
2393,Eneko Bóveda,ESP,2016-17,Athletic Club,D S,19,1558,0,0,0,2,2,0.053,0.053,0.17,1.819,1.633,1,0,89313,Eneko Bóveda,1988-12-14,27.72,182.0,right,Defender,Centre-Back,Spain,Spain,19,1559,0,0,621,Athletic Bilbao,1839,2500000.0,3000000.0,1.0,1.0,0.999,same_club
2394,Etxeita,ESP,2016-17,Athletic Club,D S,10,708,0,0,0,2,0,0.162,0.162,0.0,1.261,1.261,2,0,71559,Xabi Etxeita,1987-10-31,28.84,186.0,right,Defender,Centre-Back,Spain,Spain,10,712,0,0,621,Athletic Bilbao,1172,4000000.0,2500000.0,0.998,1.0,0.994,same_club
2398,Iturraspe,ESP,2016-17,Athletic Club,M S,24,1146,0,0,1,4,11,0.164,0.164,0.727,2.328,2.188,3,0,71571,Ander Iturraspe,1989-03-08,27.49,187.0,right,Midfield,Defensive Midfield,Spain,Spain,24,1152,0,1,621,Athletic Bilbao,1589,5000000.0,5000000.0,0.998,1.0,0.995,same_club
2404,Elustondo,ESP,2016-17,Athletic Club,D S,2,104,0,0,0,1,3,0.407,0.407,0.518,0.624,0.132,0,0,47647,Gorka Elustondo,1987-03-18,29.46,184.0,right,Midfield,Central Midfield,Spain,Spain,2,104,0,0,621,Athletic Bilbao,255,2000000.0,1000000.0,1.0,1.0,1.0,same_club
2407,Iago Herrerín,ESP,2016-17,Leganes,GK,21,1825,0,0,0,0,0,0.0,0.0,0.0,0.741,0.741,0,1,71570,Iago Herrerín,1988-01-25,28.6,187.0,right,Goalkeeper,Goalkeeper,Spain,Spain,21,1827,0,0,1244,CD Leganés,2367,2500000.0,3000000.0,1.0,1.0,0.999,same_club
2409,Eraso,ESP,2016-17,Athletic Club,M S,7,373,0,0,1,5,8,0.286,0.286,0.933,1.69,0.859,2,0,156814,Javi Eraso,1990-03-22,26.45,180.0,right,Midfield,Central Midfield,Spain,Spain,7,377,0,1,621,Athletic Bilbao,673,1500000.0,1500000.0,0.997,1.0,0.989,same_club
2412,Adil Rami,ESP,2016-17,Sevilla,D,21,1784,0,0,0,11,2,0.775,0.775,0.105,2.53,2.407,3,1,51118,Adil Rami,1985-12-27,30.68,191.0,right,Defender,Centre-Back,France,France,21,1786,0,0,368,Sevilla FC,2845,7000000.0,5000000.0,1.0,1.0,0.999,same_club
2415,David Soria,ESP,2016-17,Sevilla,GK,1,90,0,0,0,0,0,0.0,0.0,0.0,0.064,0.064,0,0,226012,David Soria,1993-04-04,23.41,192.0,right,Goalkeeper,Goalkeeper,Spain,Spain,1,90,0,0,368,Sevilla FC,270,2000000.0,1500000.0,1.0,1.0,1.0,same_club
2417,Igor Zubeldia,ESP,2016-17,Real Sociedad,M S,4,254,0,0,0,2,1,0.032,0.032,0.021,0.369,0.369,1,0,355628,Igor Zubeldia,1997-03-30,19.43,181.0,right,Defender,Centre-Back,Spain,Spain,4,254,0,0,681,Real Sociedad,254,350000.0,350000.0,1.0,1.0,1.0,same_club
2418,Álvaro Odriozola,ESP,2016-17,Real Sociedad,D,15,1285,0,0,4,1,15,0.022,0.022,1.781,3.29,2.803,0,0,280730,Álvaro Odriozola,1995-12-14,20.72,175.0,right,Defender,Right-Back,Spain,Spain,15,1286,0,5,681,Real Sociedad,1301,300000.0,7500000.0,1.0,1.0,0.999,same_club
2422,Javi Márquez,ESP,2016-17,Granada,M S,7,397,0,0,0,11,3,0.311,0.311,0.077,0.317,0.171,2,0,72315,Javi Márquez,1986-05-11,30.31,179.0,left,Midfield,Central Midfield,Spain,Spain,7,396,0,1,16795,Granada CF,565,2000000.0,1000000.0,0.999,1.0,0.997,same_club
2423,Matías Kranevitter,ESP,2016-17,Sevilla,D M S,21,1277,0,0,0,3,3,0.066,0.066,0.116,2.722,2.671,6,0,240900,Matías Kranevitter,1993-05-21,23.28,179.0,right,Midfield,Defensive Midfield,Argentina,Argentina,21,1283,0,0,368,Sevilla FC,1972,6000000.0,6000000.0,0.999,1.0,0.995,same_club
2429,Hernán,ESP,2016-17,Las Palmas,M S,10,283,0,0,0,7,1,0.244,0.244,0.019,0.291,0.155,1,1,176133,Hernán Santana,1990-08-26,26.02,180.0,right,Midfield,Central Midfield,Spain,Spain,10,288,0,0,472,UD Las Palmas,567,900000.0,800000.0,0.965,0.95,0.983,same_club
2434,Michael Ciani,ESP,2016-17,Espanyol,S,1,54,0,0,0,0,0,0.0,0.0,0.0,0.0,0.0,0,0,12906,Michaël Ciani,1984-04-06,32.41,189.0,right,Defender,Centre-Back,France,France,1,53,0,0,714,RCD Espanyol Barcelona,2221,800000.0,500000.0,0.997,1.0,0.989,same_club
2434,Michael Ciani,ESP,2016-17,Espanyol,S,1,54,0,0,0,0,0,0.0,0.0,0.0,0.0,0.0,0,0,12906,Michaël Ciani,1984-04-06,32.41,189.0,right,Defender,Centre-Back,France,France,1,53,0,0,714,RCD Espanyol Barcelona,2221,800000.0,500000.0,1.0,1.0,1.0,same_club
2435,Óscar Duarte,ESP,2016-17,Espanyol,D S,15,1122,0,0,0,6,2,0.362,0.362,0.056,0.541,0.46,4,0,175323,Óscar Duarte,1989-06-03,27.25,186.0,right,Defender,Centre-Back,Costa Rica,Nicaragua,15,1124,0,0,714,RCD Espanyol Barcelona,1304,2000000.0,2000000.0,0.999,1.0,0.998,same_club
2440,Mariano,ESP,2016-17,Sevilla,D M S,31,2641,0,0,2,9,37,0.389,0.389,2.939,10.708,8.902,9,0,54155,Mariano,1986-06-23,30.19,177.0,right,Defender,Right-Back,Brazil,Brazil,31,2643,0,2,368,Sevilla FC,3617,7000000.0,8000000.0,1.0,1.0,0.999,same_club
2443,Michael Krohn-Dehli,ESP,2016-17,Sevilla,M,2,172,0,0,0,3,1,0.183,0.183,0.05,1.301,1.192,0,0,18006,Michael Krohn-Dehli,1983-06-06,33.24,171.0,both,Midfield,Central Midfield,Denmark,Denmark,2,172,0,0,368,Sevilla FC,172,3500000.0,1500000.0,1.0,1.0,1.0,same_club
2447,Fabián,ESP,2016-17,Real Betis,M S,4,153,0,0,0,1,1,0.01,0.01,0.043,0.411,0.358,0,0,350219,Fabián Ruiz,1996-04-03,20.41,188.0,left,Midfield,Central Midfield,Spain,Spain,4,156,0,0,150,Real Betis Balompié,160,500000.0,500000.0,0.964,0.95,0.981,same_club
2460,Sergio Asenjo,ESP,2016-17,Villarreal,GK,24,2104,0,0,0,0,0,0.0,0.0,0.0,0.715,0.715,0,0,51710,Sergio Asenjo,1989-06-28,27.18,189.0,right,Goalkeeper,Goalkeeper,Spain,Spain,24,2105,0,0,1050,Villarreal CF,2735,4000000.0,7500000.0,1.0,1.0,1.0,same_club
2461,Aythami,ESP,2016-17,Las Palmas,D S,11,839,0,0,0,4,1,0.717,0.717,0.043,1.978,1.978,3,1,44735,Aythami Artiles,1986-04-02,30.42,185.0,right,Defender,Centre-Back,Spain,Spain,11,836,0,0,472,UD Las Palmas,1196,2000000.0,1000000.0,0.969,0.95,0.996,same_club
2465,Lillo,ESP,2016-17,Sporting Gijon,D S,25,2139,0,0,0,5,8,0.158,0.158,0.369,1.478,1.186,6,1,62913,Lillo Castellano,1989-03-27,27.43,176.0,right,Defender,Right-Back,Spain,Spain,25,2137,0,0,2448,Sporting Gijón,2227,1000000.0,1800000.0,0.97,0.95,0.999,same_club
2467,Fernando Navarro,ESP,2016-17,Deportivo La Coruna,D S,25,2048,0,0,0,4,13,0.086,0.086,0.606,3.266,2.797,6,0,7593,Fernando Navarro,1982-06-25,34.19,176.0,left,Defender,Left-Back,Spain,Spain,25,2051,0,0,897,Deportivo de La Coruña,2141,1000000.0,500000.0,1.0,1.0,0.999,same_club
2468,Óscar,ESP,2016-17,Deportivo La Coruna,S,1,1,0,0,0,0,0,0.0,0.0,0.0,0.0,0.0,0,0,413502,Óscar Pinchi,1996-01-17,20.62,171.0,right,Attack,Left Winger,Spain,Spain,1,1,0,0,897,Deportivo de La Coruña,39,,,0.97,0.95,1.0,same_club
2474,Aderlan Santos,ESP,2016-17,Valencia,D S,12,1000,0,0,0,2,0,0.14,0.14,0.0,0.703,0.703,1,0,159142,Aderllan Santos,1989-04-09,27.4,193.0,right,Defender,Centre-Back,Brazil,Brazil,12,1001,0,0,1049,Valencia CF,1141,5000000.0,3500000.0,0.979,0.966,0.999,same_club
2475,Jaume,ESP,2016-17,Valencia,GK,3,270,0,0,0,0,0,0.0,0.0,0.0,1.059,1.059,0,0,227805,Jaume Doménech,1990-11-05,25.82,185.0,right,Goalkeeper,Goalkeeper,Spain,Spain,3,270,0,0,1049,Valencia CF,630,4000000.0,2500000.0,0.97,0.95,1.0,same_club
2476,Sito,ESP,2016-17,Valencia,S,1,1,0,0,0,0,0,0.0,0.0,0.0,0.0,0.0,0,0,320259,Sito,1996-11-18,19.79,180.0,left,Attack,Left Winger,Spain,Spain,1,1,0,0,1049,Valencia CF,1,300000.0,200000.0,1.0,1.0,1.0,same_club
2479,Toni Lato,ESP,2016-17,Valencia,D S,8,477,0,0,1,0,5,0.0,0.0,1.24,3.956,2.9,2,0,320271,Toni Lato,1997-11-21,18.78,171.0,left,Defender,Left-Back,Spain,Spain,8,481,0,1,1049,Valencia CF,571,200000.0,3000000.0,0.998,1.0,0.992,same_club
2483,Adrián Marín,ESP,2016-17,Leganes,D S,13,914,0,0,0,7,6,0.227,0.227,0.296,1.224,0.817,3,0,295414,Adrián Marín,1997-01-09,19.64,181.0,left,Defender,Left-Back,Spain,Spain,13,913,0,0,1244,CD Leganés,1003,1000000.0,1000000.0,1.0,1.0,0.999,same_club
2492,Sergi Samper,ESP,2016-17,Granada,M S,22,1267,0,0,1,6,6,0.247,0.247,0.542,2.132,1.616,6,0,181112,Sergi Samper,1995-01-20,21.62,181.0,right,Midfield,Defensive Midfield,Spain,Spain,22,1268,0,1,16795,Granada CF,1360,5000000.0,3500000.0,1.0,1.0,0.999,same_club
2494,Denis Cheryshev,ESP,2016-17,Villarreal,M S,11,330,0,0,0,7,3,0.437,0.437,0.314,0.628,0.101,1,0,98322,Denis Cheryshev,1990-12-26,25.68,179.0,left,Attack,Left Winger,Russia,UdSSR,11,335,0,0,1050,Villarreal CF,769,7000000.0,3000000.0,0.996,1.0,0.985,same_club
2495,Mateo Musacchio,ESP,2016-17,Villarreal,D,23,2067,0,0,2,8,4,1.015,1.015,0.192,3.034,2.981,6,0,45653,Mateo Musacchio,1990-08-26,26.02,182.0,right,Defender,Centre-Back,Argentina,Argentina,23,2067,0,2,1050,Villarreal CF,2646,15000000.0,18000000.0,1.0,1.0,1.0,same_club
2496,Rodri,ESP,2016-17,Villarreal,M S,23,825,0,0,1,8,2,0.198,0.198,0.532,6.027,5.492,1,0,357565,Rodri,1996-06-22,20.19,190.0,right,Midfield,Defensive Midfield,Spain,Spain,23,837,0,1,1050,Villarreal CF,1389,500000.0,2500000.0,0.996,1.0,0.986,same_club
2497,Dani Ndi,ESP,2016-17,Sporting Gijon,M S,6,149,0,0,0,3,2,0.153,0.153,0.039,0.17,0.073,0,0,322917,Dani Ndi,1995-08-18,21.04,179.0,right,Midfield,Attacking Midfield,Cameroon,Cameroon,6,149,0,0,2448,Sporting Gijón,149,700000.0,500000.0,1.0,1.0,1.0,same_club
2500,Luisinho,ESP,2016-17,Deportivo La Coruna,D M S,26,1908,0,0,2,12,12,0.412,0.412,1.146,2.721,1.466,6,0,56777,Luísinho,1985-05-05,31.33,171.0,left,Defender,Left-Back,Portugal,Portugal,26,1908,0,2,897,Deportivo de La Coruña,2268,1800000.0,1800000.0,1.0,1.0,1.0,same_club
2503,Germán Lux,ESP,2016-17,Deportivo La Coruna,GK,25,2207,0,0,0,0,0,0.0,0.0,0.0,0.385,0.385,5,0,19979,Germán Lux,1982-07-06,34.16,185.0,right,Goalkeeper,Goalkeeper,Argentina,Argentina,25,2205,0,0,897,Deportivo de La Coruña,2205,1000000.0,800000.0,1.0,1.0,0.999,same_club
2509,Dimitri Foulquier,ESP,2016-17,Granada,D S,22,1873,0,0,2,3,9,0.07,0.07,1.19,3.255,1.995,5,0,170472,Dimitri Foulquier,1993-03-23,23.44,183.0,right,Defender,Right-Back,Guadeloupe,France,22,1868,0,2,16795,Granada CF,1868,2500000.0,2000000.0,0.999,1.0,0.997,same_club
2512,Carlos Martínez,ESP,2016-17,Real Sociedad,D,10,871,0,0,2,1,7,0.019,0.019,0.593,2.943,2.373,2,0,58074,Carlos Martínez,1986-04-09,30.4,189.0,right,Defender,Right-Back,Spain,Spain,10,869,0,2,681,Real Sociedad,959,1500000.0,1000000.0,0.999,1.0,0.998,same_club
2518,Marcos Llorente,ESP,2016-17,Alaves,M S,32,2803,0,0,2,14,19,0.256,0.256,0.87,8.015,7.265,5,0,282411,Marcos Llorente,1995-01-30,21.59,183.0,right,Defender,Right-Back,Spain,Spain,32,2805,0,2,1108,Deportivo Alavés,3300,800000.0,15000000.0,1.0,1.0,0.999,same_club
2519,Tejero,ESP,2016-17,Real Madrid,S,1,1,0,0,0,0,0,0.0,0.0,0.0,0.0,0.0,0,0,290273,Álvaro Tejero,1996-07-20,20.12,174.0,both,Defender,Right-Back,Spain,Spain,1,2,0,0,418,Real Madrid,92,300000.0,300000.0,0.997,1.0,0.989,same_club
2530,Didier Digard,ESP,2016-17,Osasuna,M,3,193,0,0,0,1,1,0.012,0.012,0.058,0.07,0.0,1,0,52345,Didier Digard,1986-07-12,30.14,183.0,right,Midfield,Defensive Midfield,France,France,3,194,0,0,331,CA Osasuna,194,1500000.0,800000.0,0.998,1.0,0.995,same_club
2545,Fuentes,ESP,2016-17,Osasuna,D S,17,1292,0,0,1,1,5,0.16,0.16,1.097,1.476,0.242,5,0,126252,Juan Rafael Fuentes,1990-01-05,26.66,178.0,left,Defender,Left-Back,Spain,Spain,17,1289,0,1,331,CA Osasuna,1548,1500000.0,1200000.0,0.999,1.0,0.998,same_club
2564,Uche,ESP,2016-17,Granada,D M S,31,2389,0,0,0,13,25,0.3,0.3,1.227,4.112,3.292,12,2,262689,Uche Agbo,1995-12-04,20.74,186.0,right,Midfield,Defensive Midfield,Nigeria,Nigeria,31,2375,0,0,16795,Granada CF,2465,350000.0,3000000.0,0.968,0.95,0.994,same_club
2570,Nacho Gil,ESP,2016-17,Valencia,S,2,3,0,0,0,0,0,0.0,0.0,0.0,0.0,0.0,0,0,336731,Nacho Gil,1995-09-09,20.98,170.0,right,Attack,Left Winger,Spain,Spain,2,3,0,0,1049,Valencia CF,3,250000.0,300000.0,1.0,1.0,1.0,same_club
2571,Sergio Canales,ESP,2016-17,Real Sociedad,F M S,31,986,0,0,4,20,35,1.0,1.0,2.976,5.374,3.219,2,0,66106,Sergio Canales,1991-02-16,25.54,175.0,left,Midfield,Attacking Midfield,Spain,Spain,31,990,0,4,681,Real Sociedad,1249,3000000.0,3000000.0,0.999,1.0,0.996,same_club
2581,Asdrúbal,ESP,2016-17,Las Palmas,S,3,28,0,0,0,0,1,0.0,0.0,0.03,0.03,0.0,0,0,274771,Asdrúbal Padrón,1991-03-13,25.47,173.0,right,Attack,Centre-Forward,Spain,Spain,3,30,0,0,472,UD Las Palmas,288,300000.0,300000.0,0.963,0.95,0.978,same_club
2586,Anaitz Arbilla,ESP,2016-17,Eibar,D S,22,1574,0,0,2,9,10,0.24,0.24,1.363,4.158,2.966,5,0,71548,Anaitz Arbilla,1987-05-15,29.3,178.0,right,Defender,Centre-Back,Spain,Spain,22,1572,0,2,1533,SD Eibar,1662,1500000.0,1500000.0,1.0,1.0,0.999,same_club
2589,Rafa Mir,ESP,2016-17,Valencia,S,2,4,0,0,0,1,0,0.078,0.078,0.0,0.078,0.0,0,0,361254,Rafa Mir,1997-06-18,19.21,191.0,right,Attack,Centre-Forward,Spain,Spain,2,5,0,0,1049,Valencia CF,100,300000.0,500000.0,0.997,1.0,0.989,same_club
2622,Javi Castellano,ESP,2016-17,Las Palmas,S,5,91,0,0,0,0,1,0.0,0.0,0.011,0.011,0.0,0,0,65489,Javi Castellano,1987-11-02,28.83,181.0,right,Midfield,Central Midfield,Spain,Spain,5,94,0,0,472,UD Las Palmas,255,400000.0,400000.0,0.99,1.0,0.968,same_club
3279,Bakary Koné,ESP,2016-17,Malaga,D,7,604,0,0,0,1,1,0.111,0.111,0.022,0.497,0.475,1,1,57186,Bakary Koné,1988-04-27,28.35,188.0,right,Defender,Centre-Back,Burkina Faso,Burkina Faso,7,603,0,0,1084,Málaga CF,603,1500000.0,800000.0,1.0,1.0,0.998,same_club
3301,Salvatore Sirigu,ESP,2016-17,"Osasuna,Sevilla",GK,20,1798,0,0,0,0,1,0.0,0.0,0.013,0.71,0.697,1,1,25508,Salvatore Sirigu,1987-01-12,29.64,192.0,right,Goalkeeper,Goalkeeper,Italy,Italy,20,1799,0,0,"331,368","CA Osasuna,Sevilla FC",1889,8000000.0,4000000.0,1.0,1.0,0.999,same_club
3609,Matthieu Saunier,ESP,2016-17,Granada,D,16,1309,0,0,1,0,2,0.0,0.0,0.343,0.883,0.863,4,0,93759,Matthieu Saunier,1990-02-07,26.57,181.0,right,Defender,Centre-Back,France,France,16,1310,0,1,16795,Granada CF,1378,1000000.0,1200000.0,1.0,1.0,0.999,same_club
3633,Fábio Coentrão,ESP,2016-17,Real Madrid,D S,3,169,0,0,1,1,2,0.055,0.055,0.866,1.44,1.385,0,0,33648,Fábio Coentrão,1988-03-11,28.48,179.0,left,Defender,Left-Back,Portugal,Portugal,3,169,0,1,418,Real Madrid,297,10000000.0,5000000.0,1.0,1.0,1.0,same_club
4036,José Rodríguez,ESP,2016-17,Malaga,M,6,460,0,0,0,2,7,0.596,0.596,0.191,1.632,0.89,0,1,165012,José Rodríguez,1994-12-16,21.71,180.0,right,Midfield,Central Midfield,Spain,Spain,6,456,0,0,1084,Málaga CF,735,2250000.0,1000000.0,0.997,1.0,0.991,same_club
4036,José Rodríguez,ESP,2016-17,Malaga,M,6,460,0,0,0,2,7,0.596,0.596,0.191,1.632,0.89,0,1,165012,José Rodríguez,1994-12-16,21.71,180.0,right,Midfield,Central Midfield,Spain,Spain,6,456,0,0,1084,Málaga CF,735,2250000.0,1000000.0,0.997,1.0,0.989,same_club
4042,Míchel Macedo,ESP,2016-17,Las Palmas,D S,25,2085,0,0,4,10,15,0.376,0.376,2.499,6.766,5.331,5,0,77262,Michel Macedo,1990-02-15,26.54,177.0,right,Defender,Right-Back,Brazil,Brazil,25,2086,0,4,472,UD Las Palmas,2149,600000.0,2500000.0,1.0,1.0,1.0,same_club
4107,Unai Bustinza,ESP,2016-17,Leganes,D S,22,1790,0,0,1,13,8,0.662,0.662,0.841,1.988,1.494,10,0,156808,Unai Bustinza,1992-02-02,24.58,174.0,right,Defender,Centre-Back,Spain,Spain,22,1790,0,1,1244,CD Leganés,1790,300000.0,1000000.0,1.0,1.0,1.0,same_club
4160,David Costas,ESP,2016-17,Celta Vigo,D,1,90,0,0,1,0,1,0.0,0.0,0.058,0.106,0.047,1,0,276111,David Costas,1995-03-26,21.44,184.0,right,Defender,Centre-Back,Spain,Spain,1,90,0,1,940,Celta de Vigo,270,1000000.0,1000000.0,1.0,1.0,1.0,same_club
4163,Luis Martins,ESP,2016-17,Granada,M S,2,74,0,0,0,0,3,0.0,0.0,0.182,0.335,0.153,0,0,187896,Luís Martins,1992-06-10,24.23,177.0,left,Defender,Left-Back,Portugal,Portugal,2,73,0,0,16795,Granada CF,1183,300000.0,500000.0,0.997,1.0,0.989,same_club
4182,Gaztañaga,ESP,2016-17,Real Sociedad,S,2,24,0,0,0,1,0,0.018,0.018,0.0,0.018,0.0,1,0,66110,Jon Gaztañaga,1991-06-28,25.18,181.0,right,Midfield,Central Midfield,Spain,Spain,2,24,0,0,681,Real Sociedad,40,700000.0,500000.0,1.0,1.0,1.0,same_club
4185,Erik Morán,ESP,2016-17,Leganes,M S,12,952,0,0,1,4,7,0.105,0.105,0.855,3.417,3.112,7,0,67542,Erik Morán,1991-05-25,25.27,187.0,right,Midfield,Defensive Midfield,Spain,Spain,12,953,0,1,1244,CD Leganés,980,1000000.0,1000000.0,1.0,1.0,0.999,same_club
5033,Iván Villar,ESP,2016-17,Celta Vigo,GK,1,90,0,0,0,0,0,0.0,0.0,0.0,0.0,0.0,0,0,297194,Iván Villar,1997-07-09,19.15,183.0,right,Goalkeeper,Goalkeeper,Spain,Spain,1,90,0,0,940,Celta de Vigo,90,250000.0,300000.0,1.0,1.0,1.0,same_club
5035,Alin Tosca,ESP,2016-17,Real Betis,D,17,1505,0,0,0,3,1,0.185,0.185,0.065,1.276,1.208,2,0,148004,Alin Toșca,1992-03-14,24.47,181.0,left,Defender,Centre-Back,Romania,Romania,17,1503,0,0,150,Real Betis Balompié,2313,1800000.0,2000000.0,1.0,1.0,0.999,same_club
5039,Ryan Donk,ESP,2016-17,Real Betis,D M S,16,852,0,0,1,3,5,0.231,0.231,0.807,1.035,0.693,3,0,38414,Ryan Donk,1986-03-30,30.43,192.0,right,Defender,Centre-Back,Suriname,Netherlands,16,854,0,1,150,Real Betis Balompié,1027,2000000.0,2000000.0,0.999,1.0,0.998,same_club
5040,Álex Martínez,ESP,2016-17,Real Betis,D S,14,967,0,0,0,8,10,0.417,0.417,1.538,2.439,0.977,2,0,186891,Álex Martínez,1990-08-12,26.06,176.0,left,Defender,Left-Back,Spain,Spain,14,957,0,0,150,Real Betis Balompié,957,800000.0,1000000.0,0.997,1.0,0.99,same_club
5041,Benito Ramírez,ESP,2016-17,Las Palmas,S,2,13,0,0,0,0,0,0.0,0.0,0.0,0.0,0.0,0,0,282672,Benito Ramírez,1995-07-11,21.14,179.0,left,Attack,Left Winger,Spain,Spain,2,14,0,0,472,UD Las Palmas,14,,,0.997,1.0,0.989,same_club
5042,Fernando Pacheco,ESP,2016-17,Alaves,GK,36,3240,0,0,0,0,1,0.0,0.0,0.034,1.073,1.039,1,0,172015,Fernando Pacheco,1992-05-18,24.29,187.0,left,Goalkeeper,Goalkeeper,Spain,Spain,36,3240,0,0,1108,Deportivo Alavés,3510,1000000.0,5000000.0,1.0,1.0,1.0,same_club
5043,Kiko Femenía,ESP,2016-17,Alaves,D S,31,2501,0,0,2,5,19,0.224,0.224,2.471,6.054,4.565,6,0,76467,Kiko Femenía,1991-02-02,25.58,174.0,right,Defender,Right-Back,Spain,Spain,31,2503,0,2,1108,Deportivo Alavés,2987,1000000.0,4000000.0,1.0,1.0,0.999,same_club
5046,Óscar Romero,ESP,2016-17,Alaves,M S,13,521,0,0,1,24,15,0.879,0.879,1.172,3.141,2.31,3,0,217886,Óscar Romero,1992-07-04,24.16,176.0,left,Midfield,Attacking Midfield,Paraguay,Paraguay,13,528,0,1,1108,Deportivo Alavés,545,7000000.0,5000000.0,0.996,1.0,0.987,same_club
5048,Daniel Torres,ESP,2016-17,Alaves,M S,21,1438,0,0,0,7,4,0.57,0.57,0.111,3.905,3.662,7,0,93142,Dani Torres,1989-11-15,26.8,183.0,right,Midfield,Defensive Midfield,Colombia,Colombia,21,1437,0,0,1108,Deportivo Alavés,1797,3000000.0,2000000.0,0.97,0.95,0.999,same_club
5049,Adrià Ortolá,ESP,2016-17,Alaves,GK,2,180,0,0,0,0,1,0.0,0.0,0.02,0.212,0.192,0,0,142033,Adrián Ortolá,1993-08-20,23.03,187.0,left,Goalkeeper,Goalkeeper,Spain,Spain,2,180,0,0,1108,Deportivo Alavés,720,300000.0,800000.0,0.976,0.96,1.0,same_club
5050,Clement Lenglet,ESP,2016-17,Sevilla,D S,17,1360,0,0,0,1,2,0.093,0.093,0.336,5.63,5.294,2,0,182904,Clément Lenglet,1995-06-17,21.21,186.0,left,Defender,Centre-Back,France,France,17,1357,0,0,368,Sevilla FC,3122,2500000.0,7500000.0,0.999,1.0,0.998,same_club
5050,Clement Lenglet,ESP,2016-17,Sevilla,D S,17,1360,0,0,0,1,2,0.093,0.093,0.336,5.63,5.294,2,0,182904,Clément Lenglet,1995-06-17,21.21,186.0,left,Defender,Centre-Back,France,France,17,1357,0,0,368,Sevilla FC,3122,2500000.0,7500000.0,1.0,1.0,1.0,same_club
5052,Walter Montoya,ESP,2016-17,Sevilla,F S,4,109,0,0,0,2,1,0.057,0.057,0.021,0.078,0.017,0,0,267420,Walter Montoya,1993-07-21,23.12,173.0,right,Midfield,Central Midfield,Argentina,Argentina,4,110,0,0,368,Sevilla FC,110,2400000.0,3000000.0,0.997,1.0,0.991,same_club
5054,Hélder Lopes,ESP,2016-17,Las Palmas,D S,15,1228,0,0,1,6,9,0.101,0.101,0.571,2.656,2.328,4,0,171068,Hélder Lopes,1989-01-04,27.66,179.0,left,Defender,Left-Back,Portugal,Portugal,15,1231,0,1,472,UD Las Palmas,1366,2000000.0,1500000.0,0.999,1.0,0.998,same_club
5056,Marlon Santos,ESP,2016-17,Barcelona,D,2,180,0,0,0,0,0,0.0,0.0,0.0,1.88,1.88,0,0,273236,Marlon,1995-09-07,20.99,182.0,right,Defender,Centre-Back,Brazil,Brazil,2,180,0,0,131,FC Barcelona,198,3500000.0,5000000.0,0.97,0.95,1.0,same_club
5057,Jasper Cillessen,ESP,2016-17,Barcelona,GK,1,90,0,0,0,0,0,0.0,0.0,0.0,0.227,0.227,0,0,146227,Jasper Cillessen,1989-04-22,27.36,187.0,right,Goalkeeper,Goalkeeper,Netherlands,Netherlands,1,90,0,0,131,FC Barcelona,1440,12000000.0,9000000.0,1.0,1.0,1.0,same_club
5058,Carles Aleñá,ESP,2016-17,Barcelona,S,3,39,0,0,0,1,0,0.058,0.058,0.0,0.791,0.734,1,0,284854,Carles Aleñá,1998-01-05,18.66,180.0,left,Midfield,Central Midfield,Spain,Spain,3,40,0,0,131,FC Barcelona,116,1000000.0,5000000.0,0.997,1.0,0.989,same_club
5059,Denys Boyko,ESP,2016-17,Malaga,GK,3,270,0,0,0,0,0,0.0,0.0,0.0,0.422,0.422,0,0,91931,Denys Boyko,1988-01-29,28.59,197.0,right,Goalkeeper,Goalkeeper,Ukraine,UdSSR,3,270,0,0,1084,Málaga CF,450,2500000.0,1000000.0,1.0,1.0,1.0,same_club
5061,Kepa,ESP,2016-17,Athletic Club,GK,23,2015,0,0,0,0,1,0.0,0.0,0.045,0.955,0.909,1,0,192279,Kepa Arrizabalaga,1994-10-03,21.91,188.0,right,Goalkeeper,Goalkeeper,Spain,Spain,23,2016,0,0,621,Athletic Bilbao,2016,1500000.0,8000000.0,0.97,0.95,1.0,same_club
5062,Yeray Álvarez,ESP,2016-17,Athletic Club,D S,26,2270,0,0,0,13,7,1.221,1.221,0.345,3.598,3.472,3,0,255488,Yeray Álvarez,1995-01-24,21.6,182.0,right,Defender,Centre-Back,Spain,Spain,26,2270,0,1,621,Athletic Bilbao,3008,1000000.0,15000000.0,1.0,1.0,1.0,same_club
5063,Saborit,ESP,2016-17,Athletic Club,D S,9,455,0,0,0,5,1,0.301,0.301,0.022,0.601,0.36,1,0,85372,Enric Saborit,1992-04-27,24.35,187.0,left,Defender,Centre-Back,Spain,Spain,9,460,0,0,621,Athletic Bilbao,833,300000.0,500000.0,0.997,1.0,0.989,same_club
5070,Nereo Champagne,ESP,2016-17,Leganes,GK,4,360,0,0,0,0,0,0.0,0.0,0.0,0.11,0.11,1,0,19958,Nereo Champagne,1985-01-20,31.61,188.0,right,Goalkeeper,Goalkeeper,Argentina,Argentina,4,360,0,0,1244,CD Leganés,360,400000.0,400000.0,1.0,1.0,1.0,same_club
5076,Cristian Rivera,ESP,2016-17,Eibar,M S,17,705,0,0,0,6,4,0.102,0.102,0.178,1.154,0.914,3,0,374077,Christian Rivera,1997-07-09,19.15,191.0,right,Midfield,Central Midfield,Spain,Spain,17,712,0,0,1533,SD Eibar,1147,500000.0,1000000.0,0.978,0.968,0.99,same_club
5078,Fernando Amorebieta,ESP,2016-17,Sporting Gijon,D S,27,2222,0,0,1,9,5,0.652,0.652,0.583,3.586,3.003,17,0,35548,Fernando Amorebieta,1985-03-29,31.43,191.0,left,Defender,Centre-Back,Venezuela,Venezuela,27,2221,0,1,2448,Sporting Gijón,2221,2000000.0,1500000.0,1.0,1.0,1.0,same_club
5079,Erik Exposito,ESP,2016-17,Las Palmas,F,2,167,0,0,0,1,1,0.073,0.073,0.013,0.097,0.01,0,0,483461,Erik Expósito,1996-06-23,20.19,190.0,left,Attack,Centre-Forward,Spain,Spain,2,167,0,0,472,UD Las Palmas,167,,,1.0,1.0,1.0,same_club
5081,Edu Expósito,ESP,2016-17,Deportivo La Coruna,M,1,46,0,0,0,1,1,0.017,0.017,0.054,0.054,0.054,0,0,506248,Edu Expósito,1996-08-01,20.08,178.0,right,Midfield,Central Midfield,Spain,Spain,1,45,0,0,897,Deportivo de La Coruña,45,,,0.997,1.0,0.989,same_club
5082,Ola John,ESP,2016-17,Deportivo La Coruna,M S,11,341,0,0,1,8,9,0.314,0.314,1.138,1.42,0.289,1,0,124550,Ola John,1992-05-19,24.29,179.0,right,Attack,Left Winger,Netherlands,Liberia,11,347,0,1,897,Deportivo de La Coruña,347,5000000.0,2500000.0,0.995,1.0,0.983,same_club
5083,Marlos Moreno,ESP,2016-17,Deportivo La Coruna,F M S,19,792,0,0,0,24,10,1.08,1.08,0.436,2.566,1.15,0,0,345654,Marlos Moreno,1996-09-20,19.95,173.0,right,Attack,Left Winger,Colombia,Colombia,18,793,0,0,897,Deportivo de La Coruña,1071,1000000.0,1000000.0,1.0,1.0,0.999,same_club
5084,Bruno Gama,ESP,2016-17,Deportivo La Coruna,M S,22,1461,0,0,0,27,20,1.25,1.25,1.038,3.809,2.217,3,0,15568,Bruno Gama,1987-11-15,28.8,175.0,right,Attack,Left Winger,Portugal,Portugal,22,1451,0,1,897,Deportivo de La Coruña,1553,2000000.0,1500000.0,0.998,1.0,0.993,same_club
5086,Marc Roca,ESP,2016-17,Espanyol,M S,25,1314,0,0,1,13,7,0.915,0.915,0.649,2.578,1.176,4,0,336869,Marc Roca,1996-11-26,19.76,184.0,left,Midfield,Defensive Midfield,Spain,Spain,25,1317,0,1,714,RCD Espanyol Barcelona,1407,250000.0,2000000.0,0.999,1.0,0.998,same_club
5087,Roberto Jiménez,ESP,2016-17,Espanyol,GK S,4,306,0,0,0,0,0,0.0,0.0,0.0,0.028,0.028,0,0,37403,Roberto,1986-02-10,30.56,192.0,right,Goalkeeper,Goalkeeper,Spain,Spain,4,307,0,0,714,RCD Espanyol Barcelona,487,3000000.0,2000000.0,0.969,0.95,0.997,same_club
5088,Buñuel,ESP,2016-17,Osasuna,D M S,15,1030,0,0,0,6,11,0.237,0.237,1.083,4.147,3.108,3,0,374081,Aitor Buñuel,1998-02-10,18.56,172.0,right,Defender,Right-Back,Spain,Spain,15,1027,0,0,331,CA Osasuna,1387,300000.0,600000.0,0.999,1.0,0.997,same_club
5089,Nikola Vujadinovic,ESP,2016-17,Osasuna,D,10,789,0,0,0,5,2,0.41,0.41,0.038,1.128,1.09,0,0,58474,Nikola Vujadinovic,1986-07-31,30.09,192.0,left,Defender,Centre-Back,Montenegro,Jugoslawien (SFR),10,789,0,0,331,CA Osasuna,789,500000.0,400000.0,1.0,1.0,1.0,same_club
5094,Fausto,ESP,2016-17,Osasuna,M S,19,1239,0,0,0,8,6,0.405,0.405,0.518,1.764,1.04,8,0,174859,Fausto Tienza,1990-01-08,26.65,183.0,right,Midfield,Central Midfield,Spain,Spain,19,1234,0,0,331,CA Osasuna,1486,300000.0,600000.0,0.969,0.95,0.996,same_club
5096,De las Cuevas,ESP,2016-17,Osasuna,M S,28,1794,0,0,1,22,30,1.291,1.291,1.608,4.882,3.166,3,0,54774,Miguel de las Cuevas,1986-06-19,30.2,175.0,right,Attack,Right Winger,Spain,Spain,28,1797,0,1,331,CA Osasuna,1932,1000000.0,1000000.0,0.999,1.0,0.998,same_club
5097,Javier Flaño,ESP,2016-17,Osasuna,D S,4,126,0,0,0,1,1,0.015,0.015,0.044,0.059,0.0,0,0,25461,Javier Flaño,1984-08-19,32.04,177.0,right,Defender,Right-Back,Spain,Spain,4,131,0,0,331,CA Osasuna,131,800000.0,300000.0,0.989,1.0,0.962,same_club
5099,Jaime Romero,ESP,2016-17,Osasuna,F M S,19,888,0,0,4,16,15,0.597,0.597,2.229,4.274,2.661,1,0,81998,Jaime Romero,1990-07-31,26.09,177.0,left,Attack,Right Winger,Spain,Spain,19,894,0,4,331,CA Osasuna,1052,500000.0,600000.0,0.998,1.0,0.993,same_club
5100,Nauzet,ESP,2016-17,Osasuna,GK,13,1170,0,0,0,0,1,0.0,0.0,0.023,0.108,0.086,1,0,71206,Nauzet Pérez,1985-03-01,31.5,190.0,right,Goalkeeper,Goalkeeper,Spain,Spain,13,1170,0,0,331,CA Osasuna,1212,1000000.0,600000.0,0.97,0.95,1.0,same_club
5103,Martin Hongla,ESP,2016-17,Granada,D M S,10,795,0,0,0,5,3,0.467,0.467,0.154,1.48,1.002,2,0,398808,Martin Hongla,1998-03-16,18.46,182.0,right,Midfield,Defensive Midfield,Cameroon,Cameroon,10,794,0,0,16795,Granada CF,794,50000.0,400000.0,1.0,1.0,0.999,same_club
5105,Victorien Angban,ESP,2016-17,Granada,M S,10,684,0,0,0,2,7,0.022,0.022,0.207,1.095,0.894,4,0,178314,Victorien Angban,1996-09-29,19.92,180.0,right,Midfield,Central Midfield,Cote d'Ivoire,Cote d'Ivoire,10,696,0,0,16795,Granada CF,786,1000000.0,1000000.0,0.995,1.0,0.983,same_club
5106,Aly Mallé,ESP,2016-17,Granada,F M S,11,507,0,0,0,6,3,0.194,0.194,0.116,0.497,0.213,2,0,398809,Aly Malle,1998-04-03,18.41,176.0,left,Attack,Right Winger,Mali,Mali,11,507,0,0,16795,Granada CF,507,500000.0,400000.0,1.0,1.0,1.0,same_club
5107,Entrena,ESP,2016-17,Granada,F S,3,102,0,0,0,6,0,0.338,0.338,0.0,0.402,0.109,0,0,204097,Juanan Entrena,1996-05-19,20.29,183.0,left,Attack,Left Winger,Spain,Spain,3,102,0,0,16795,Granada CF,113,250000.0,200000.0,1.0,1.0,1.0,same_club
5108,Omer Atzili,ESP,2016-17,Granada,M S,9,317,0,0,0,1,5,0.078,0.078,0.184,0.173,0.143,0,0,294568,Omer Atzili,1993-07-27,23.1,177.0,left,Attack,Right Winger,Israel,Israel,9,316,0,0,16795,Granada CF,1114,800000.0,800000.0,0.999,1.0,0.997,same_club
5114,Raúl García,ESP,2016-17,Alaves,D S,18,1266,0,0,0,3,10,0.088,0.088,0.634,1.65,1.465,6,0,139434,Raúl Carnero,1989-04-30,27.34,179.0,left,Defender,Left-Back,Spain,Spain,18,1270,0,0,1108,Deportivo Alavés,1558,1000000.0,1000000.0,0.764,0.609,0.997,same_club
5118,Alberto,ESP,2016-17,Leganes,M S,16,1192,0,0,0,4,6,0.172,0.172,0.636,2.232,1.622,5,1,210153,Alberto Martín,1989-03-31,27.42,181.0,right,Midfield,Central Midfield,Spain,Spain,16,1192,0,0,1244,CD Leganés,1216,400000.0,800000.0,0.97,0.95,1.0,same_club
5121,Markel Areitio,ESP,2016-17,Eibar,S,1,43,0,0,0,0,0,0.0,0.0,0.0,0.0,0.0,0,0,288371,Markel Areitio,1996-09-07,19.98,180.0,right,Goalkeeper,Goalkeeper,Spain,Spain,1,45,0,0,1533,SD Eibar,45,,200000.0,0.993,1.0,0.978,same_club
5125,José Carlos,ESP,2016-17,Real Betis,D,6,499,0,0,0,0,1,0.0,0.0,0.011,0.949,0.938,0,0,319541,José Carlos Ramírez,1996-05-10,20.31,182.0,left,Defender,Centre-Back,Spain,Spain,6,498,0,0,150,Real Betis Balompié,588,,800000.0,0.969,0.95,0.998,same_club
5126,José Ángel,ESP,2016-17,Villarreal,D,7,630,0,0,1,7,8,0.208,0.208,0.855,3.329,2.584,2,0,87469,Cote,1989-09-05,26.99,182.0,left,Defender,Left-Back,Spain,Spain,7,630,0,1,1050,Villarreal CF,1507,2000000.0,1500000.0,,,,manual
5127,Davy Roef,ESP,2016-17,Deportivo La Coruna,GK,1,90,0,0,0,0,0,0.0,0.0,0.0,0.0,0.0,0,0,140808,Davy Roef,1994-02-06,22.57,187.0,right,Goalkeeper,Goalkeeper,Belgium,Belgium,1,90,0,0,897,Deportivo de La Coruña,2250,1500000.0,1000000.0,1.0,1.0,1.0,same_club
5128,Oier,ESP,2016-17,Osasuna,D M,36,3150,0,0,2,8,18,0.505,0.505,0.672,4.122,3.453,11,1,63040,Oier Sanjurjo,1986-05-25,30.27,178.0,right,Midfield,Defensive Midfield,Spain,Spain,36,3152,0,2,331,CA Osasuna,3260,1500000.0,1800000.0,0.97,0.95,0.999,same_club
5132,Jean Carlos,ESP,2016-17,Granada,S,1,29,0,0,0,1,0,0.013,0.013,0.0,0.124,0.111,0,0,282434,Jean Carlos Silva,1996-05-10,20.31,185.0,right,Midfield,Left Midfield,Spain,Brazil,1,29,0,0,16795,Granada CF,29,150000.0,100000.0,0.97,0.95,1.0,same_club
5133,Aarón Martín,ESP,2016-17,Espanyol,D S,30,2586,0,0,0,3,22,0.067,0.067,1.009,3.456,2.955,5,0,251878,Aarón Martín,1997-04-22,19.36,178.0,left,Defender,Left-Back,Spain,Spain,30,2587,0,0,714,RCD Espanyol Barcelona,2611,300000.0,10000000.0,1.0,1.0,1.0,same_club
5134,Óscar Melendo,ESP,2016-17,Espanyol,M S,11,298,0,0,0,1,0,0.092,0.092,0.0,0.269,0.177,0,0,448344,Óscar Melendo,1997-08-23,19.03,167.0,left,Midfield,Attacking Midfield,Spain,Spain,11,297,0,0,714,RCD Espanyol Barcelona,432,50000.0,500000.0,0.999,1.0,0.997,same_club
5135,David Concha,ESP,2016-17,Real Sociedad,M S,8,109,0,0,0,2,1,0.121,0.121,0.059,0.592,0.471,0,0,304250,David Concha,1996-11-20,19.78,179.0,left,Attack,Right Winger,Spain,Spain,8,110,0,0,681,Real Sociedad,137,1000000.0,800000.0,0.997,1.0,0.991,same_club
5136,Estupiñán,ESP,2016-17,Granada,D,2,180,0,0,0,1,2,0.111,0.111,0.052,0.08,0.028,1,0,349599,Pervis Estupiñán,1998-01-21,18.61,175.0,left,Defender,Left-Back,Ecuador,Ecuador,2,180,0,0,16795,Granada CF,180,600000.0,400000.0,1.0,1.0,1.0,same_club
5139,Raoul Loé,ESP,2016-17,Osasuna,M S,7,567,0,0,0,4,3,0.125,0.125,0.069,1.626,1.528,2,0,134098,Raoul Loé,1989-01-31,27.58,192.0,both,Midfield,Defensive Midfield,Cameroon,France,7,569,0,0,331,CA Osasuna,569,2000000.0,1000000.0,0.999,1.0,0.996,same_club
5140,Kike Barja,ESP,2016-17,Osasuna,S,1,16,0,0,0,0,0,0.0,0.0,0.0,0.0,0.0,0,0,298575,Kike Barja,1997-04-01,19.42,179.0,right,Attack,Right Winger,Spain,Spain,1,16,0,0,331,CA Osasuna,16,100000.0,350000.0,1.0,1.0,1.0,same_club
5141,Unai García,ESP,2016-17,Osasuna,D S,22,1871,0,0,0,9,1,0.539,0.539,0.018,0.861,0.781,4,0,197122,Unai García,1992-02-03,24.58,186.0,right,Defender,Centre-Back,Spain,Spain,22,1870,0,0,331,CA Osasuna,1961,1000000.0,1200000.0,1.0,1.0,0.999,same_club
5142,Luis Perea,ESP,2016-17,Osasuna,S,1,19,0,0,0,0,0,0.0,0.0,0.0,0.0,0.0,0,0,396328,Luis Perea,1997-08-25,19.02,191.0,right,Midfield,Defensive Midfield,Spain,Spain,1,19,0,0,331,CA Osasuna,19,50000.0,200000.0,1.0,1.0,1.0,same_club
5143,Mario Fernández,ESP,2016-17,Osasuna,GK,7,587,0,0,0,0,0,0.0,0.0,0.0,0.162,0.162,3,0,57693,Mario Fernández,1988-04-30,28.34,185.0,right,Goalkeeper,Goalkeeper,Spain,Spain,7,585,0,0,331,CA Osasuna,903,500000.0,500000.0,0.999,1.0,0.997,same_club
5144,Luis Muñoz,ESP,2016-17,Malaga,D S,5,380,0,0,0,1,1,0.012,0.012,0.057,0.507,0.45,0,0,355624,Luis Muñoz,1997-02-23,19.52,182.0,right,Midfield,Defensive Midfield,Spain,Spain,5,381,0,0,1084,Málaga CF,381,,,0.999,1.0,0.997,same_club
5146,Mikel Villanueva,ESP,2016-17,Malaga,D S,15,1267,0,0,0,4,0,0.746,0.746,0.0,1.31,1.31,4,0,308371,Mikel Villanueva,1993-04-14,23.38,190.0,left,Defender,Centre-Back,Venezuela,Venezuela,15,1264,0,0,1084,Málaga CF,1412,600000.0,1000000.0,0.999,1.0,0.998,same_club
5149,Diego Barrios,ESP,2016-17,Leganes,S,1,62,0,0,0,0,0,0.0,0.0,0.0,0.0,0.0,0,0,476100,Diego Barrios,1994-07-30,22.09,187.0,both,Goalkeeper,Goalkeeper,Spain,Spain,1,61,0,0,1244,CD Leganés,61,,,0.997,1.0,0.989,same_club
5150,Pablo Fernández,ESP,2016-17,Sporting Gijon,S,2,20,0,0,0,1,1,0.045,0.045,0.016,0.081,0.036,0,0,368582,Pablo Fernández,1996-09-17,19.96,192.0,,Midfield,Attacking Midfield,Spain,Spain,2,20,0,0,2448,Sporting Gijón,20,,,1.0,1.0,1.0,same_club
5152,Juan Rodríguez,ESP,2016-17,Sporting Gijon,D S,4,229,0,0,0,0,1,0.0,0.0,0.298,0.405,0.107,1,0,275028,Juan Rodríguez,1995-05-08,21.32,184.0,right,Defender,Centre-Back,Spain,Spain,4,230,0,0,2448,Sporting Gijón,320,,,0.999,1.0,0.996,same_club
5153,Kévin Rodrigues,ESP,2016-17,Real Sociedad,D S,2,101,0,0,0,3,1,0.075,0.075,0.025,0.178,0.091,1,0,206947,Kévin Rodrigues,1994-03-05,22.49,170.0,left,Defender,Left-Back,Portugal,France,2,103,0,0,681,Real Sociedad,103,300000.0,300000.0,0.994,1.0,0.981,same_club
5157,Iván Márquez,ESP,2016-17,Osasuna,D,4,360,0,0,1,0,1,0.0,0.0,0.058,0.156,0.156,4,0,296227,Iván Márquez,1994-06-09,22.23,191.0,right,Defender,Centre-Back,Spain,Spain,4,360,0,1,331,CA Osasuna,630,300000.0,250000.0,1.0,1.0,1.0,same_club
5158,Akram Afif,ESP,2016-17,Sporting Gijon,M S,9,227,0,0,0,1,5,0.024,0.024,0.565,0.589,0.075,2,0,336646,Akram Afif,1996-11-18,19.79,176.0,right,Attack,Left Winger,Qatar,Qatar,9,231,0,0,2448,Sporting Gijón,269,600000.0,600000.0,0.995,1.0,0.983,same_club
5160,Imanol García,ESP,2016-17,Osasuna,M S,8,526,0,0,0,5,1,0.258,0.258,0.023,0.368,0.192,1,0,455056,Imanol García,1995-12-26,20.68,182.0,right,Midfield,Central Midfield,Spain,Spain,8,526,0,0,331,CA Osasuna,661,50000.0,300000.0,1.0,1.0,1.0,same_club
5164,Leo Suárez,ESP,2016-17,Villarreal,S,3,15,0,0,0,1,0,0.064,0.064,0.0,0.121,0.057,0,0,294894,Leo Suárez,1996-03-30,20.42,170.0,left,Attack,Right Winger,Argentina,Argentina,3,15,0,0,1050,Villarreal CF,53,400000.0,400000.0,1.0,1.0,1.0,same_club
5166,Koné,ESP,2016-17,Leganes,F S,5,164,0,0,0,3,2,0.117,0.117,0.068,0.225,0.04,0,0,171165,Mamadou Koné,1991-12-25,24.69,176.0,right,Attack,Centre-Forward,Cote d'Ivoire,Cote d'Ivoire,5,169,0,0,1244,CD Leganés,169,600000.0,500000.0,0.991,1.0,0.97,same_club
5167,Mario González,ESP,2016-17,Villarreal,S,2,23,0,0,0,0,0,0.0,0.0,0.0,0.0,0.0,0,0,255995,Mario González,1996-02-25,20.52,183.0,right,Attack,Centre-Forward,Spain,Spain,2,23,0,0,1050,Villarreal CF,37,250000.0,200000.0,1.0,1.0,1.0,same_club
5171,Tano,ESP,2016-17,Osasuna,D S,11,733,0,0,1,0,3,0.0,0.0,0.079,0.96,0.955,1,1,99924,Tano Bonnín,1990-06-30,26.17,186.0,right,Defender,Centre-Back,Dominican Republic,Spain,11,732,0,1,331,CA Osasuna,912,500000.0,700000.0,0.97,0.95,0.999,same_club
5173,Asier Villalibre,ESP,2016-17,Athletic Club,S,6,65,0,0,1,1,2,0.007,0.007,0.541,0.541,0.0,0,0,251897,Asier Villalibre,1997-09-30,18.92,182.0,left,Attack,Centre-Forward,Spain,Spain,6,71,0,1,621,Athletic Bilbao,117,400000.0,700000.0,0.98,1.0,0.933,same_club
5179,Jon Guridi,ESP,2016-17,Real Sociedad,M,1,75,0,0,0,0,0,0.0,0.0,0.0,0.041,0.041,0,0,289257,Jon Guridi,1995-02-28,21.51,179.0,left,Midfield,Central Midfield,Spain,Spain,1,76,0,0,681,Real Sociedad,76,300000.0,300000.0,0.997,1.0,0.989,same_club
5180,Jon Toral,ESP,2016-17,Granada,M S,5,268,0,0,0,0,0,0.0,0.0,0.0,0.11,0.11,2,0,193593,Jon Toral,1995-02-05,21.57,184.0,left,Midfield,Attacking Midfield,Spain,Spain,5,267,0,0,16795,Granada CF,1473,1500000.0,1500000.0,0.999,1.0,0.996,same_club
5181,Omar Ramos,ESP,2016-17,Leganes,M S,15,976,0,0,2,14,20,0.579,0.579,1.614,2.812,1.362,4,0,58112,Omar Ramos,1988-01-26,28.6,176.0,left,Midfield,Attacking Midfield,Spain,Spain,15,967,0,2,1244,CD Leganés,1044,1500000.0,1500000.0,0.997,1.0,0.991,same_club
5186,Roman Zozulia,ESP,2016-17,Real Betis,F S,6,144,0,0,0,3,3,0.218,0.218,0.137,0.233,0.095,1,0,70767,Roman Zozulya,1989-11-17,26.79,176.0,right,Attack,Centre-Forward,Ukraine,UdSSR,6,151,0,0,150,Real Betis Balompié,151,3000000.0,1000000.0,0.94,0.923,0.954,same_club
5187,Rubén Sánchez,ESP,2016-17,Sporting Gijon,S,2,35,0,0,0,2,0,0.014,0.014,0.0,0.0,0.0,0,0,287178,Rubén Sánchez,1994-11-25,21.77,185.0,left,Attack,Centre-Forward,Spain,Spain,2,39,0,0,2448,Sporting Gijón,64,,,0.987,1.0,0.956,same_club
5188,Borja Valle,ESP,2016-17,Deportivo La Coruna,M S,7,200,0,0,0,5,2,0.157,0.157,0.086,0.361,0.117,0,0,176067,Borja Valle,1992-07-09,24.15,177.0,right,Attack,Left Winger,Spain,Spain,7,201,0,0,897,Deportivo de La Coruña,309,800000.0,700000.0,0.999,1.0,0.995,same_club
5191,Álvaro Fernández,ESP,2016-17,Osasuna,S,1,43,0,0,0,0,0,0.0,0.0,0.0,0.0,0.0,0,0,453704,Álvaro Fernández,1998-04-13,18.39,185.0,right,Goalkeeper,Goalkeeper,Spain,Spain,1,45,0,0,331,CA Osasuna,45,50000.0,200000.0,0.993,1.0,0.978,same_club
5192,Tyronne,ESP,2016-17,Las Palmas,S,3,41,0,0,0,0,1,0.0,0.0,0.048,0.048,0.0,1,0,172127,Tyronne,1991-01-27,25.6,180.0,left,Midfield,Attacking Midfield,Spain,Spain,3,41,0,0,472,UD Las Palmas,191,300000.0,400000.0,1.0,1.0,1.0,same_club
5196,Otegui,ESP,2016-17,Osasuna,S,3,42,0,0,0,0,0,0.0,0.0,0.0,0.0,0.0,0,0,374082,Antonio Otegui,1998-03-07,18.49,174.0,right,Midfield,Central Midfield,Spain,Spain,3,44,0,0,331,CA Osasuna,140,200000.0,300000.0,0.993,1.0,0.978,same_club
5202,Cristian Espinoza,ESP,2016-17,Alaves,M S,6,159,0,0,0,2,3,0.377,0.377,0.196,0.654,0.182,1,0,278992,Cristian Espinoza,1995-04-03,21.42,173.0,right,Attack,Right Winger,Argentina,Argentina,6,159,0,0,1108,Deportivo Alavés,263,7000000.0,2500000.0,1.0,1.0,1.0,same_club
5203,Jon Serantes,ESP,2016-17,Leganes,GK,13,1109,0,0,0,1,1,0.014,0.014,0.235,0.415,0.18,2,0,71835,Jon Ander Serantes,1989-10-24,26.86,184.0,right,Goalkeeper,Goalkeeper,Spain,Spain,13,1110,0,0,1244,CD Leganés,1110,1500000.0,1500000.0,0.97,0.95,0.999,same_club
5204,Lluis Sastre,ESP,2016-17,Leganes,M,1,90,0,0,0,0,0,0.0,0.0,0.0,0.133,0.133,0,0,8108,Lluis Sastre,1986-03-26,30.44,174.0,right,Midfield,Central Midfield,Spain,Spain,1,90,0,0,1244,CD Leganés,156,600000.0,300000.0,1.0,1.0,1.0,same_club
5207,Javi Álamo,ESP,2016-17,Osasuna,S,2,11,0,0,0,1,0,0.054,0.054,0.0,0.054,0.0,0,0,164816,Javi Álamo,1988-08-18,28.04,190.0,right,Attack,Right Winger,Spain,Spain,2,11,0,0,331,CA Osasuna,101,500000.0,400000.0,1.0,1.0,1.0,same_club
5210,Aitor Cantalapiedra,ESP,2016-17,Villarreal,S,1,1,0,0,0,0,0,0.0,0.0,0.0,0.0,0.0,0,0,323740,Aitor Cantalapiedra,1996-02-10,20.56,177.0,left,Midfield,Attacking Midfield,Spain,Spain,1,3,0,0,1050,Villarreal CF,3,300000.0,250000.0,0.993,1.0,0.978,same_club
318,Pierre-Emerick Aubameyang,GER,2016-17,Borussia Dortmund,F S,32,2785,31,29,2,116,26,31.145,28.114,4.502,32.587,3.352,3,0,58864,Pierre-Emerick Aubameyang,1989-06-18,27.21,187.0,right,Attack,Centre-Forward,Gabon,France,32,2783,31,2,16,Borussia Dortmund,3959,45000000.0,65000000.0,1.0,1.0,0.999,same_club
227,Robert Lewandowski,GER,2016-17,Bayern Munich,F S,33,2781,30,25,5,143,30,30.098,26.309,5.551,33.587,7.891,5,0,38253,Robert Lewandowski,1988-08-21,28.03,186.0,right,Attack,Centre-Forward,Poland,Poland,33,2777,30,6,27,Bayern Munich,4021,75000000.0,80000000.0,1.0,1.0,0.999,same_club
137,Anthony Modeste,GER,2016-17,FC Cologne,F,34,2983,25,22,2,101,19,20.459,17.428,1.853,18.945,4.139,3,0,50512,Anthony Modeste,1988-04-14,28.38,188.0,right,Attack,Centre-Forward,France,France,34,2978,25,2,3,1.FC Köln,3251,7000000.0,20000000.0,0.999,1.0,0.998,same_club
65,Timo Werner,GER,2016-17,RasenBallsport Leipzig,F S,31,2450,21,19,5,74,31,14.531,13.015,3.463,18.195,4.128,4,0,170527,Timo Werner,1996-03-06,20.49,180.0,right,Attack,Centre-Forward,Germany,Germany,31,2434,21,7,23826,RB Leipzig,2465,8000000.0,25000000.0,0.998,1.0,0.993,same_club
3887,Mario Gomez,GER,2016-17,Wolfsburg,F S,33,2858,16,14,1,84,38,17.495,15.98,3.459,19.87,4.099,4,0,6288,Mario Gómez,1985-07-10,31.15,189.0,right,Attack,Centre-Forward,Germany,Germany,33,2854,16,1,82,VfL Wolfsburg,2973,12000000.0,7500000.0,1.0,1.0,0.999,same_club
155,Max Kruse,GER,2016-17,Werder Bremen,F M,23,2049,15,11,7,41,49,8.495,5.464,5.525,14.926,5.637,1,0,36182,Max Kruse,1988-03-19,28.45,180.0,left,Attack,Second Striker,Germany,Germany,23,2047,15,7,86,SV Werder Bremen,2137,8000000.0,12000000.0,1.0,1.0,0.999,same_club
956,Andrej Kramaric,GER,2016-17,Hoffenheim,F M S,34,2384,15,10,8,99,35,14.233,10.444,6.278,17.647,3.718,1,0,46580,Andrej Kramaric,1991-06-19,25.2,177.0,right,Attack,Second Striker,Croatia,Jugoslawien (SFR),34,2374,15,8,533,TSG 1899 Hoffenheim,2584,9000000.0,15000000.0,0.999,1.0,0.996,same_club
392,Arjen Robben,GER,2016-17,Bayern Munich,F M S,26,1829,13,13,9,83,49,6.103,6.103,6.791,18.696,8.544,0,0,4360,Arjen Robben,1984-01-23,32.61,180.0,left,Attack,Right Winger,Netherlands,Netherlands,26,1827,13,11,27,Bayern Munich,2730,11000000.0,10000000.0,1.0,1.0,0.999,same_club
29,Vedad Ibisevic,GER,2016-17,Hertha Berlin,F,32,2732,12,9,4,72,19,13.618,11.345,1.848,14.972,3.987,7,1,21175,Vedad Ibisevic,1984-08-06,32.07,188.0,right,Attack,Centre-Forward,Bosnia-Herzegovina,Jugoslawien (SFR),32,2723,12,6,44,Hertha BSC,3156,2500000.0,3000000.0,0.999,1.0,0.997,same_club
11,Sandro Wagner,GER,2016-17,Hoffenheim,F S,31,2608,11,11,2,66,17,12.228,12.228,2.066,13.069,3.668,3,1,39743,Sandro Wagner,1987-11-29,28.76,194.0,right,Attack,Centre-Forward,Germany,Germany,31,2601,11,4,533,TSG 1899 Hoffenheim,2811,3000000.0,6500000.0,0.999,1.0,0.997,same_club
191,Chicharito,GER,2016-17,Bayer Leverkusen,F S,26,1812,11,11,3,52,22,11.772,10.257,2.652,13.062,4.198,1,0,50935,Chicharito,1988-06-01,28.25,175.0,right,Attack,Centre-Forward,Mexico,Mexico,26,1815,11,3,15,Bayer 04 Leverkusen,2646,22000000.0,18000000.0,1.0,1.0,0.998,same_club
208,Lars Stindl,GER,2016-17,Borussia M.Gladbach,F M S,30,2597,11,11,3,68,38,9.092,8.334,2.97,17.723,8.221,8,0,48298,Lars Stindl,1988-08-26,28.02,181.0,right,Midfield,Attacking Midfield,Germany,Germany,30,2597,11,4,18,Borussia Mönchengladbach,3812,11000000.0,15000000.0,1.0,1.0,1.0,same_club
306,Florian Niederlechner,GER,2016-17,Freiburg,F S,34,2440,11,8,2,78,17,10.819,8.545,1.729,10.008,1.349,4,0,152963,Florian Niederlechner,1990-10-24,25.86,187.0,right,Attack,Centre-Forward,Germany,Germany,34,2423,11,2,60,SC Freiburg,2532,1750000.0,5500000.0,0.998,1.0,0.993,same_club
993,Serge Gnabry,GER,2016-17,Werder Bremen,F M S,27,1969,11,10,1,62,31,5.709,4.951,3.146,8.574,2.08,1,0,159471,Serge Gnabry,1995-07-14,21.14,176.0,right,Attack,Second Striker,Germany,Germany,27,1971,11,2,86,SV Werder Bremen,1971,2500000.0,15000000.0,1.0,1.0,0.999,same_club
4248,Nils Petersen,GER,2016-17,Freiburg,F S,33,1211,10,8,4,51,16,9.999,7.725,1.322,7.99,0.874,0,0,42936,Nils Petersen,1988-12-06,27.74,188.0,right,Attack,Centre-Forward,Germany,East Germany (GDR),33,1232,10,4,60,SC Freiburg,1352,3500000.0,4500000.0,0.995,1.0,0.983,same_club
4247,Maximilian Philipp,GER,2016-17,Freiburg,F M S,25,1944,9,9,2,53,26,5.966,5.208,2.934,6.284,1.677,5,0,143891,Maximilian Philipp,1994-03-01,22.51,183.0,right,Attack,Second Striker,Germany,Germany,25,1939,9,3,60,SC Freiburg,2130,3000000.0,15000000.0,0.999,1.0,0.997,same_club
5302,Guido Burgstaller,GER,2016-17,Schalke 04,F S,18,1478,9,9,2,45,18,8.202,7.444,2.434,9.644,1.574,1,0,49239,Guido Burgstaller,1989-04-29,27.34,187.0,right,Attack,Centre-Forward,Austria,Austria,18,1474,9,2,33,FC Schalke 04,2306,2000000.0,7000000.0,0.999,1.0,0.997,same_club
115,Fin Bartels,GER,2016-17,Werder Bremen,F M S,31,2222,8,8,7,42,41,5.965,5.965,5.663,14.59,4.145,4,0,36207,Fin Bartels,1987-02-07,29.57,176.0,right,Attack,Right Winger,Germany,Germany,31,2222,8,9,86,SV Werder Bremen,2304,3000000.0,3750000.0,1.0,1.0,1.0,same_club
360,Ádám Szalai,GER,2016-17,Hoffenheim,F M S,22,763,8,8,1,18,16,4.075,4.075,1.216,6.01,2.14,2,0,39106,Ádám Szalai,1987-12-09,28.73,193.0,right,Attack,Centre-Forward,Hungary,Hungary,22,771,8,1,533,TSG 1899 Hoffenheim,787,1500000.0,2000000.0,0.997,1.0,0.99,same_club
5247,Naby Keita,GER,2016-17,RasenBallsport Leipzig,M S,31,2418,8,8,7,43,40,4.811,4.811,5.058,15.841,8.006,8,0,302215,Naby Keïta,1995-02-10,21.56,172.0,right,Midfield,Central Midfield,Guinea,Guinea,31,2413,8,8,23826,RB Leipzig,2502,11000000.0,27000000.0,0.999,1.0,0.998,same_club
5248,Marcel Sabitzer,GER,2016-17,RasenBallsport Leipzig,F M S,32,2604,8,8,4,79,35,9.127,9.127,4.05,19.48,9.028,3,0,106987,Marcel Sabitzer,1994-03-17,22.46,178.0,right,Midfield,Central Midfield,Austria,Austria,32,2601,8,4,23826,RB Leipzig,2718,4000000.0,13000000.0,1.0,1.0,0.999,same_club
5249,Emil Forsberg,GER,2016-17,RasenBallsport Leipzig,F M S,30,2353,8,7,19,49,94,6.101,4.585,12.025,17.394,6.365,1,1,111078,Emil Forsberg,1991-10-23,24.86,177.0,right,Attack,Left Winger,Sweden,Sweden,30,2350,8,22,23826,RB Leipzig,2427,5000000.0,22000000.0,1.0,1.0,0.999,same_club
26,Salomon Kalou,GER,2016-17,Hertha Berlin,F M S,26,2008,7,6,4,38,24,5.879,5.121,4.417,8.601,1.526,1,0,7971,Salomon Kalou,1985-08-05,31.07,184.0,right,Attack,Left Winger,Cote d'Ivoire,Cote d'Ivoire,26,1997,7,5,44,Hertha BSC,2490,5000000.0,4000000.0,0.998,1.0,0.995,same_club
45,Yunus Malli,GER,2016-17,"Mainz 05,Wolfsburg",F M S,32,2561,7,4,7,60,51,8.013,5.739,5.978,11.999,4.982,1,0,85352,Yunus Mallı,1992-02-24,24.52,179.0,right,Midfield,Attacking Midfield,Türkiye,Germany,32,2558,7,7,"39,82","1.FSV Mainz 05,VfL Wolfsburg",3199,10000000.0,10000000.0,0.971,0.952,0.999,same_club
88,Mark Uth,GER,2016-17,Hoffenheim,F M S,22,1146,7,7,3,39,21,4.159,4.159,2.228,6.442,1.024,4,0,112935,Mark Uth,1991-08-24,25.02,185.0,left,Attack,Centre-Forward,Germany,Germany,22,1153,7,3,533,TSG 1899 Hoffenheim,1218,3000000.0,5000000.0,0.998,1.0,0.994,same_club
135,Yuya Osako,GER,2016-17,FC Cologne,F M S,30,2382,7,7,6,43,33,4.769,4.769,5.222,13.338,5.115,4,0,108650,Yuya Osako,1990-05-18,26.29,184.0,right,Attack,Centre-Forward,Japan,Japan,30,2376,7,8,3,1.FC Köln,2482,1750000.0,5500000.0,0.999,1.0,0.997,same_club
210,Raffael,GER,2016-17,Borussia M.Gladbach,F S,20,1505,7,6,0,46,44,6.64,5.882,3.874,11.909,4.531,1,0,19819,Raffael,1985-03-28,31.43,174.0,right,Attack,Second Striker,Brazil,Brazil,20,1503,7,0,18,Borussia Mönchengladbach,2212,8000000.0,5000000.0,1.0,1.0,0.999,same_club
240,Almog Cohen,GER,2016-17,Ingolstadt,M S,31,2503,7,6,1,60,6,6.393,5.635,0.713,7.101,2.585,2,0,56711,Almog Cohen,1988-09-01,28.0,170.0,right,Midfield,Central Midfield,Israel,Israel,31,2499,7,2,4795,FC Ingolstadt 04,2638,750000.0,1750000.0,1.0,1.0,0.998,same_club
319,Marco Reus,GER,2016-17,Borussia Dortmund,F M S,17,1194,7,5,4,43,24,8.953,7.438,4.655,12.988,4.712,1,1,35207,Marco Reus,1989-05-31,27.26,180.0,right,Midfield,Attacking Midfield,Germany,Germany,17,1188,7,4,16,Borussia Dortmund,1704,40000000.0,35000000.0,0.998,1.0,0.995,same_club
2661,Marco Fabián,GER,2016-17,Eintracht Frankfurt,F M S,24,2055,7,6,4,64,35,8.319,6.804,3.137,10.928,2.684,10,0,67685,Marco Fabián,1989-07-21,27.12,171.0,right,Midfield,Attacking Midfield,Mexico,Mexico,24,2058,7,4,24,Eintracht Frankfurt,2282,3750000.0,7000000.0,1.0,1.0,0.999,same_club
83,Kevin Volland,GER,2016-17,Bayer Leverkusen,F M S,23,1462,6,5,2,34,25,5.224,4.466,2.953,8.704,2.984,3,1,82009,Kevin Volland,1992-07-30,24.09,179.0,left,Midfield,Attacking Midfield,Germany,Germany,23,1471,6,2,15,Bayer 04 Leverkusen,2011,20000000.0,17000000.0,0.998,1.0,0.994,same_club
189,Hakan Calhanoglu,GER,2016-17,Bayer Leverkusen,F M S,15,1223,6,5,5,47,29,4.495,2.98,3.713,7.143,4.036,1,0,126414,Hakan Çalhanoğlu,1994-02-08,22.56,178.0,right,Midfield,Defensive Midfield,Türkiye,Germany,15,1217,6,5,15,Bayer 04 Leverkusen,1590,18000000.0,20000000.0,0.999,1.0,0.995,same_club
213,Thorgan Hazard,GER,2016-17,Borussia M.Gladbach,F M S,23,1631,6,6,4,42,32,5.565,4.807,2.503,8.328,2.429,3,0,102226,Thorgan Hazard,1993-03-29,23.43,175.0,right,Midfield,Attacking Midfield,Belgium,Belgium,23,1632,6,4,18,Borussia Mönchengladbach,2273,8500000.0,12000000.0,1.0,1.0,0.999,same_club
223,Joshua Kimmich,GER,2016-17,Bayern Munich,D M S,27,1540,6,6,1,31,31,4.211,4.211,1.605,12.41,10.135,1,0,161056,Joshua Kimmich,1995-02-08,21.56,177.0,right,Midfield,Defensive Midfield,Germany,Germany,27,1542,6,1,27,Bayern Munich,2092,20000000.0,25000000.0,1.0,1.0,0.999,same_club
229,Thiago Alcántara,GER,2016-17,Bayern Munich,M S,27,2291,6,6,5,37,49,4.981,4.981,3.148,25.886,20.335,4,0,60444,Thiago Alcántara,1991-04-11,25.39,174.0,right,Midfield,Central Midfield,Spain,Italy,27,2291,6,5,27,Bayern Munich,3527,22000000.0,40000000.0,1.0,1.0,1.0,same_club
280,Halil Altintop,GER,2016-17,Augsburg,F M S,31,1602,6,6,2,16,15,3.8,3.8,1.315,7.896,2.959,1,0,1791,Halil Altintop,1982-12-08,33.73,185.0,right,Midfield,Attacking Midfield,Turkey,Germany,31,1603,6,2,167,FC Augsburg,1617,1000000.0,500000.0,1.0,1.0,0.999,same_club
2636,Darío Lezcano,GER,2016-17,Ingolstadt,F S,33,2522,6,6,3,59,29,6.948,6.19,2.718,11.922,4.396,4,0,80031,Darío Lezcano,1990-06-30,26.17,178.0,right,Attack,Centre-Forward,Paraguay,Paraguay,33,2519,6,5,4795,FC Ingolstadt 04,2635,3500000.0,3000000.0,1.0,1.0,0.999,same_club
2638,Alessandro Schöpf,GER,2016-17,Schalke 04,M S,28,2040,6,6,2,28,25,4.175,4.175,1.542,10.264,5.676,4,0,118397,Alessandro Schöpf,1994-02-07,22.57,178.0,right,Midfield,Central Midfield,Austria,Austria,28,2037,6,2,33,FC Schalke 04,2731,5000000.0,7500000.0,1.0,1.0,0.999,same_club
3226,Ousmane Dembélé,GER,2016-17,Borussia Dortmund,F M S,32,2042,6,6,12,55,62,5.106,5.106,11.507,20.957,7.158,7,0,288230,Ousmane Dembélé,1997-05-15,19.3,179.0,both,Attack,Centre-Forward,France,France,32,2041,6,13,16,Borussia Dortmund,3388,14000000.0,33000000.0,1.0,1.0,1.0,same_club
3455,Raphael Guerreiro,GER,2016-17,Borussia Dortmund,D M S,24,1484,6,6,3,33,27,4.286,4.286,2.691,15.212,9.872,0,0,170986,Raphaël Guerreiro,1993-12-22,22.69,170.0,left,Defender,Left-Back,Portugal,France,24,1484,6,5,16,Borussia Dortmund,2334,12000000.0,20000000.0,1.0,1.0,1.0,same_club
5222,Joel Pohjanpalo,GER,2016-17,Bayer Leverkusen,F S,11,180,6,6,0,18,4,4.089,4.089,0.83,5.277,0.499,0,0,173491,Joel Pohjanpalo,1994-09-13,21.97,186.0,right,Attack,Centre-Forward,Finland,Finland,11,185,6,0,15,Bayer 04 Leverkusen,254,1000000.0,1500000.0,0.992,1.0,0.973,same_club
5266,Vincenzo Grifo,GER,2016-17,Freiburg,F M S,30,2492,6,5,8,83,70,5.373,4.615,5.807,9.681,4.845,1,0,185077,Vincenzo Grifo,1993-04-07,23.4,180.0,right,Attack,Left Winger,Italy,Germany,30,2494,6,11,60,SC Freiburg,2648,3500000.0,10000000.0,1.0,1.0,0.999,same_club
5273,Kerem Demirbay,GER,2016-17,Hoffenheim,M S,28,2188,6,6,8,51,60,4.123,4.123,7.03,13.097,7.277,4,0,125858,Kerem Demirbay,1993-07-03,23.16,183.0,left,Midfield,Central Midfield,Germany,Germany,28,2181,6,10,533,TSG 1899 Hoffenheim,2301,1750000.0,10000000.0,0.999,1.0,0.997,same_club
40,Stefan Bell,GER,2016-17,Mainz 05,D S,31,2744,5,5,1,24,14,2.498,2.498,2.146,3.488,2.592,9,1,82350,Stefan Bell,1991-08-24,25.02,192.0,right,Defender,Centre-Back,Germany,Germany,31,2744,5,1,39,1.FSV Mainz 05,3404,6000000.0,6000000.0,1.0,1.0,1.0,same_club
44,Pablo De Blasis,GER,2016-17,Mainz 05,F M S,31,1654,5,4,4,35,32,4.067,3.309,4.364,7.309,2.496,5,0,75446,Pablo de Blasis,1988-02-04,28.57,165.0,right,Midfield,Attacking Midfield,Argentina,Argentina,31,1657,5,4,39,1.FSV Mainz 05,2301,3000000.0,3000000.0,0.999,1.0,0.998,same_club
47,Yoshinori Muto,GER,2016-17,Mainz 05,F S,19,1010,5,5,0,18,7,4.15,4.15,0.59,3.976,0.544,3,0,230541,Yoshinori Muto,1992-07-15,24.13,179.0,right,Attack,Centre-Forward,Japan,Japan,19,1020,5,2,39,1.FSV Mainz 05,1173,5500000.0,4500000.0,0.997,1.0,0.99,same_club
48,Jhon Córdoba,GER,2016-17,Mainz 05,F S,29,2365,5,5,3,59,18,8.384,8.384,1.97,11.16,3.008,8,1,185245,Jhon Córdoba,1993-05-11,23.31,186.0,right,Attack,Centre-Forward,Colombia,Colombia,29,2355,5,5,39,1.FSV Mainz 05,2824,5500000.0,7000000.0,0.999,1.0,0.996,same_club
110,Theodor Gebre Selassie,GER,2016-17,Werder Bremen,D M S,30,2340,5,5,2,27,18,3.541,3.541,1.514,7.149,4.46,4,0,60632,Theodor Gebre Selassie,1986-12-24,29.69,182.0,right,Defender,Right-Back,Czech Republic,CSSR,30,2340,5,2,86,SV Werder Bremen,2430,2750000.0,3000000.0,1.0,1.0,1.0,same_club
170,Nicolai Müller,GER,2016-17,Hamburger SV,M S,25,1904,5,5,6,43,28,5.566,5.566,2.655,10.31,4.443,4,0,39426,Nicolai Müller,1987-09-25,28.94,173.0,right,Midfield,Attacking Midfield,Germany,Germany,25,1901,5,6,41,Hamburger SV,2035,4500000.0,4500000.0,1.0,1.0,0.998,same_club
171,Michael Gregoritsch,GER,2016-17,Hamburger SV,F M S,30,1306,5,5,1,52,9,4.987,4.987,1.262,6.821,2.471,4,0,120205,Michael Gregoritsch,1994-04-18,22.37,193.0,left,Attack,Centre-Forward,Austria,Austria,30,1303,5,3,41,Hamburger SV,1404,3500000.0,3500000.0,0.999,1.0,0.998,same_club
216,Branimir Hrgota,GER,2016-17,Eintracht Frankfurt,F M S,28,1761,5,5,1,38,16,7.438,7.438,2.887,12.297,3.942,2,0,171209,Branimir Hrgota,1993-01-12,23.64,185.0,left,Attack,Centre-Forward,Sweden,Bosnia-Herzegovina,28,1749,5,3,24,Eintracht Frankfurt,1959,2000000.0,2500000.0,0.998,1.0,0.993,same_club
224,Thomas Müller,GER,2016-17,Bayern Munich,F M S,29,2266,5,5,12,65,60,8.444,8.444,10.139,22.239,8.056,0,0,58358,Thomas Müller,1989-09-13,26.97,185.0,right,Attack,Second Striker,Germany,Germany,29,2265,5,15,27,Bayern Munich,3005,75000000.0,50000000.0,1.0,1.0,1.0,same_club
239,Pascal Groß,GER,2016-17,Ingolstadt,F M S,33,2734,5,2,4,51,98,5.676,3.403,7.707,10.091,5.545,5,0,82873,Pascal Groß,1991-06-15,25.22,181.0,right,Midfield,Central Midfield,Germany,Germany,33,2730,5,6,4795,FC Ingolstadt 04,2970,4000000.0,4000000.0,1.0,1.0,0.999,same_club
310,Lukasz Piszczek,GER,2016-17,Borussia Dortmund,D M S,25,2033,5,5,1,19,18,2.632,2.632,2.15,12.805,10.119,1,0,25727,Lukasz Piszczek,1985-06-03,31.25,184.0,right,Defender,Right-Back,Poland,Poland,25,2036,5,2,16,Borussia Dortmund,3135,6000000.0,5000000.0,1.0,1.0,0.999,same_club
329,Franck Ribéry,GER,2016-17,Bayern Munich,F M S,22,1245,5,5,11,21,49,2.896,2.896,5.291,13.271,7.57,2,0,22068,Franck Ribéry,1983-04-07,33.4,170.0,right,Attack,Left Winger,France,France,22,1241,5,10,27,Bayern Munich,1947,9000000.0,7000000.0,0.999,1.0,0.997,same_club
335,Leon Goretzka,GER,2016-17,Schalke 04,M,30,2570,5,5,3,51,34,4.402,4.402,3.298,11.584,4.792,2,0,153084,Leon Goretzka,1995-02-06,21.57,189.0,right,Midfield,Central Midfield,Germany,Germany,30,2567,5,4,33,FC Schalke 04,3410,15000000.0,23000000.0,1.0,1.0,0.999,same_club
356,Alexander Meier,GER,2016-17,Eintracht Frankfurt,F M S,21,1399,5,5,2,43,11,6.101,4.586,1.475,5.265,1.442,1,0,1565,Alexander Meier,1983-01-17,33.62,196.0,right,Attack,Second Striker,Germany,Germany,21,1396,5,2,24,Eintracht Frankfurt,1714,2500000.0,1000000.0,0.999,1.0,0.998,same_club
914,Nabil Bentaleb,GER,2016-17,Schalke 04,M S,32,2555,5,4,5,42,31,2.78,2.022,3.405,12.87,9.235,12,0,245537,Nabil Bentaleb,1994-11-24,21.77,189.0,left,Midfield,Defensive Midfield,Algeria,France,32,2554,5,4,33,FC Schalke 04,3445,9000000.0,18000000.0,1.0,1.0,1.0,same_club
5224,Bobby Wood,GER,2016-17,Hamburger SV,F M S,28,2083,5,5,2,39,25,5.815,5.815,2.826,9.855,2.608,1,1,72519,Bobby Wood,1992-11-15,23.79,180.0,right,Attack,Centre-Forward,United States,United States,28,2085,5,2,41,Hamburger SV,2437,3500000.0,4500000.0,1.0,1.0,0.999,same_club
5250,Yussuf Poulsen,GER,2016-17,RasenBallsport Leipzig,F S,29,2087,5,5,4,47,26,6.421,6.421,3.295,11.002,2.681,4,0,157635,Yussuf Poulsen,1994-06-15,22.21,192.0,right,Attack,Centre-Forward,Denmark,Denmark,29,2068,5,4,23826,RB Leipzig,2188,5000000.0,10000000.0,0.997,1.0,0.991,same_club
12,Mario Vrancic,GER,2016-17,Darmstadt,M S,23,1543,4,3,2,30,52,2.474,1.717,4.106,4.517,2.944,1,1,39372,Mario Vrancic,1989-05-23,27.28,187.0,left,Midfield,Central Midfield,Bosnia-Herzegovina,Jugoslawien (SFR),23,1541,4,2,105,SV Darmstadt 98,1653,1000000.0,1250000.0,1.0,1.0,0.999,same_club
32,Valentin Stocker,GER,2016-17,Hertha Berlin,M S,17,1173,4,4,1,24,15,3.731,3.731,1.322,4.762,0.679,1,1,45178,Valentin Stocker,1989-04-12,27.39,179.0,left,Attack,Left Winger,Switzerland,Switzerland,17,1163,4,3,44,Hertha BSC,1339,3000000.0,3000000.0,0.997,1.0,0.991,same_club
43,Danny Latza,GER,2016-17,Mainz 05,M S,21,1579,4,4,0,28,13,1.112,1.112,0.827,2.71,1.632,6,0,39025,Danny Latza,1989-12-07,26.74,179.0,right,Midfield,Central Midfield,Germany,Germany,21,1579,4,1,39,1.FSV Mainz 05,1579,3000000.0,4000000.0,1.0,1.0,1.0,same_club
64,Filip Kostic,GER,2016-17,Hamburger SV,M S,31,2543,4,4,3,53,39,3.904,3.904,4.784,7.914,0.797,6,0,161011,Filip Kostić,1992-11-01,23.83,184.0,left,Midfield,Left Midfield,Serbia,Yugoslavia (Republic),31,2532,4,4,41,Hamburger SV,2803,10000000.0,8000000.0,0.999,1.0,0.996,same_club
111,Jannik Vestergaard,GER,2016-17,Borussia M.Gladbach,D S,34,2650,4,4,1,35,5,3.616,3.616,0.744,6.603,5.818,1,0,99331,Jannik Vestergaard,1992-08-03,24.08,199.0,both,Defender,Centre-Back,Denmark,Denmark,34,2656,4,1,18,Borussia Mönchengladbach,3844,10000000.0,12000000.0,0.999,1.0,0.998,same_club
118,Levin Öztunali,GER,2016-17,Mainz 05,M S,30,1972,4,4,6,28,32,3.698,3.698,4.46,7.791,1.549,1,0,168543,Levin Öztunali,1996-03-15,20.47,184.0,right,Midfield,Central Midfield,Germany,Germany,30,1971,5,6,39,1.FSV Mainz 05,2174,3000000.0,6500000.0,0.967,1.0,0.999,same_club
144,Milos Jojic,GER,2016-17,FC Cologne,M S,19,1091,4,4,4,18,21,1.476,1.476,2.137,5.188,2.743,2,0,160285,Milos Jojic,1992-03-19,24.45,177.0,right,Midfield,Central Midfield,Serbia,Jugoslawien (SFR),19,1087,4,4,3,1.FC Köln,1161,2000000.0,2500000.0,0.999,1.0,0.996,same_club
157,Daniel Caligiuri,GER,2016-17,"Schalke 04,Wolfsburg",D F M S,32,2229,4,4,4,39,30,3.398,3.398,2.925,10.648,5.394,2,0,38410,Daniel Caligiuri,1988-01-15,28.63,182.0,right,Attack,Right Winger,Italy,Germany,32,2224,4,4,"33,82","FC Schalke 04,VfL Wolfsburg",2972,6500000.0,5000000.0,0.999,1.0,0.998,same_club
174,Aaron Hunt,GER,2016-17,Hamburger SV,F M S,22,1306,4,4,2,14,26,2.692,1.934,1.635,3.206,0.937,3,0,4687,Aaron Hunt,1986-09-04,29.99,183.0,left,Midfield,Attacking Midfield,Germany,Germany,22,1304,4,2,41,Hamburger SV,1578,3000000.0,1500000.0,1.0,1.0,0.998,same_club
190,Stefan Kießling,GER,2016-17,Bayer Leverkusen,F S,20,743,4,3,1,23,8,5.21,4.452,0.745,6.266,1.915,0,0,6237,Stefan Kießling,1984-01-25,32.6,191.0,right,Attack,Centre-Forward,Germany,Germany,20,747,4,1,15,Bayer 04 Leverkusen,1055,4000000.0,1000000.0,0.998,1.0,0.995,same_club
222,Arturo Vidal,GER,2016-17,Bayern Munich,M S,27,1825,4,4,2,39,25,2.688,2.688,2.874,17.248,14.042,8,0,37666,Arturo Vidal,1987-05-22,29.28,180.0,right,Midfield,Central Midfield,Chile,Chile,27,1823,4,2,27,Bayern Munich,2946,40000000.0,35000000.0,1.0,1.0,0.999,same_club
254,Steven Zuber,GER,2016-17,Hoffenheim,D M S,24,2026,4,4,4,36,18,1.601,1.601,1.836,7.812,4.746,2,0,68033,Steven Zuber,1991-08-17,25.04,182.0,right,Attack,Left Winger,Switzerland,Switzerland,24,2027,4,4,533,TSG 1899 Hoffenheim,2206,1750000.0,5000000.0,1.0,1.0,1.0,same_club
273,Raúl Bobadilla,GER,2016-17,Augsburg,F M S,18,1042,4,4,1,35,15,2.852,2.852,1.21,5.756,2.836,1,0,51356,Raúl Bobadilla,1987-06-18,29.21,180.0,right,Attack,Centre-Forward,Paraguay,Argentina,18,1045,4,2,167,FC Augsburg,1135,5000000.0,4000000.0,0.999,1.0,0.997,same_club
300,Daniel Didavi,GER,2016-17,Wolfsburg,M S,18,998,4,4,2,29,16,3.682,3.682,2.666,5.994,2.164,0,0,57995,Daniel Didavi,1990-02-21,26.53,180.0,left,Midfield,Attacking Midfield,Germany,Germany,18,989,4,3,82,VfL Wolfsburg,1076,7000000.0,4000000.0,0.997,1.0,0.991,same_club
301,Zlatko Junuzovic,GER,2016-17,Werder Bremen,F M S,30,2496,4,4,8,43,49,3.194,3.194,4.3,10.62,5.909,5,0,31007,Zlatko Junuzovic,1987-09-26,28.93,172.0,right,Midfield,Central Midfield,Austria,Jugoslawien (SFR),30,2497,4,10,86,SV Werder Bremen,2587,7000000.0,6500000.0,1.0,1.0,1.0,same_club
368,Konstantinos Stafylidis,GER,2016-17,Augsburg,D M S,27,2252,4,4,0,45,16,1.688,1.688,1.353,4.186,2.886,6,0,148967,Konstantinos Stafylidis,1993-12-02,22.75,178.0,left,Defender,Left-Back,Greece,Greece,27,2244,4,0,167,FC Augsburg,2424,2500000.0,4500000.0,0.999,1.0,0.996,same_club
379,Markus Suttner,GER,2016-17,Ingolstadt,D M,31,2740,4,4,5,43,53,1.902,1.902,5.248,7.12,6.153,10,0,31514,Markus Suttner,1987-04-16,29.38,179.0,left,Defender,Left-Back,Austria,Austria,31,2736,4,5,4795,FC Ingolstadt 04,2857,1500000.0,2000000.0,1.0,1.0,0.999,same_club
391,David Alaba,GER,2016-17,Bayern Munich,D S,32,2508,4,4,4,32,34,1.99,1.99,4.397,17.561,13.964,1,0,59016,David Alaba,1992-06-24,24.19,180.0,left,Defender,Centre-Back,Austria,Austria,32,2508,4,4,27,Bayern Munich,3799,45000000.0,38000000.0,1.0,1.0,1.0,same_club
393,Douglas Costa,GER,2016-17,Bayern Munich,F M S,23,1367,4,4,3,42,35,2.6,2.6,4.217,12.337,8.847,2,0,75615,Douglas Costa,1990-09-14,25.97,172.0,left,Attack,Right Winger,Brazil,Brazil,23,1373,4,6,27,Bayern Munich,1926,35000000.0,30000000.0,0.999,1.0,0.996,same_club
4280,Davie Selke,GER,2016-17,RasenBallsport Leipzig,F S,21,420,4,4,1,13,6,2.699,2.699,1.004,3.53,0.175,4,0,178459,Davie Selke,1995-01-20,21.62,195.0,right,Attack,Centre-Forward,Germany,Germany,21,437,4,1,23826,RB Leipzig,437,4000000.0,6000000.0,0.988,1.0,0.961,same_club
5220,Kai Havertz,GER,2016-17,Bayer Leverkusen,F M S,24,1444,4,4,5,30,20,3.123,3.123,3.212,8.048,4.269,2,0,309400,Kai Havertz,1999-06-11,17.23,193.0,left,Attack,Centre-Forward,Germany,Germany,24,1450,4,6,15,Bayer 04 Leverkusen,1549,100000.0,8000000.0,0.999,1.0,0.996,same_club
5230,Thomas Delaney,GER,2016-17,Werder Bremen,M S,13,922,4,4,1,14,6,0.777,0.777,0.828,3.899,3.111,3,0,91849,Thomas Delaney,1991-09-03,25.0,182.0,left,Midfield,Central Midfield,Denmark,Denmark,13,919,4,1,86,SV Werder Bremen,3465,2000000.0,6000000.0,0.999,1.0,0.997,same_club
5282,Antonio-Mirko Colak,GER,2016-17,Darmstadt,F S,22,1267,4,3,1,32,7,5.058,3.542,0.326,3.952,0.505,0,1,160668,Antonio Colak,1993-09-17,22.96,188.0,right,Attack,Centre-Forward,Croatia,Germany,22,1271,4,2,105,SV Darmstadt 98,1421,500000.0,800000.0,0.969,0.95,0.997,same_club
6,Marcel Heller,GER,2016-17,Darmstadt,M S,32,2723,3,3,3,42,30,3.273,3.273,5.182,9.89,3.592,2,0,32207,Marcel Heller,1986-02-12,30.55,176.0,right,Midfield,Right Midfield,Germany,Germany,32,2721,3,5,105,SV Darmstadt 98,2901,1750000.0,1250000.0,1.0,1.0,0.999,same_club
8,Jérôme Gondorf,GER,2016-17,Darmstadt,M,29,2557,3,2,4,31,36,4.103,3.345,2.677,7.719,4.268,7,0,77108,Jérôme Gondorf,1988-06-26,28.18,176.0,right,Midfield,Central Midfield,Germany,Germany,29,2533,3,6,105,SV Darmstadt 98,2713,2000000.0,2000000.0,0.997,1.0,0.991,same_club
23,Marvin Plattenhardt,GER,2016-17,Hertha Berlin,D,27,2430,3,3,3,24,36,1.261,1.261,4.42,4.671,4.285,3,0,89592,Marvin Plattenhardt,1992-01-26,24.6,181.0,left,Defender,Left-Back,,,27,2430,3,4,44,Hertha BSC,2820,4000000.0,8000000.0,1.0,1.0,1.0,same_club
194,Admir Mehmedi,GER,2016-17,Bayer Leverkusen,F M S,22,1270,3,3,0,16,12,2.259,2.259,0.647,4.363,2.594,1,0,66058,Admir Mehmedi,1991-03-16,25.46,183.0,right,Attack,Second Striker,Switzerland,Jugoslawien (SFR),22,1262,3,0,15,Bayer 04 Leverkusen,1664,5000000.0,3500000.0,0.998,1.0,0.994,same_club
230,Xabi Alonso,GER,2016-17,Bayern Munich,M S,27,1908,3,3,2,25,40,0.905,0.905,3.141,13.776,12.446,6,0,7476,Xabi Alonso,1981-11-25,34.77,183.0,right,Midfield,Defensive Midfield,Spain,Spain,27,1905,3,2,27,Bayern Munich,2826,4000000.0,3500000.0,1.0,1.0,0.998,same_club
235,Romain Brègerie,GER,2016-17,Ingolstadt,D,17,1528,3,3,0,14,7,0.959,0.959,0.394,1.901,1.607,3,1,43257,Romain Brégerie,1986-08-09,30.06,,,Defender,Centre-Back,France,France,17,1527,3,0,4795,FC Ingolstadt 04,1647,750000.0,600000.0,1.0,1.0,0.999,same_club
242,Lukas Hinterseer,GER,2016-17,Ingolstadt,F M S,28,942,3,1,1,20,13,3.944,2.428,1.871,4.162,1.22,2,0,59054,Lukas Hinterseer,1991-03-28,25.43,192.0,right,Attack,Centre-Forward,Austria,Austria,28,952,3,1,4795,FC Ingolstadt 04,990,2000000.0,1250000.0,0.997,1.0,0.989,same_club
261,Julian Brandt,GER,2016-17,Bayer Leverkusen,F M S,32,2309,3,3,8,46,51,4.29,4.29,7.617,18.17,10.133,0,0,187492,Julian Brandt,1996-05-02,20.33,185.0,right,Midfield,Attacking Midfield,Germany,Germany,32,2306,3,11,15,Bayer 04 Leverkusen,2840,16000000.0,20000000.0,1.0,1.0,0.999,same_club
262,Leonardo Bittencourt,GER,2016-17,FC Cologne,F M S,16,983,3,3,5,22,15,4.503,4.503,3.593,9.676,3.551,3,0,93844,Leonardo Bittencourt,1993-12-19,22.7,171.0,right,Midfield,Central Midfield,Germany,Germany,16,977,3,7,3,1.FC Köln,1103,5000000.0,6000000.0,0.998,1.0,0.994,same_club
264,Paul Verhaegh,GER,2016-17,Augsburg,D M,31,2766,3,0,2,10,12,3.192,0.161,1.47,5.118,4.361,4,0,18021,Paul Verhaegh,1983-09-01,33.0,178.0,right,Defender,Right-Back,Netherlands,Netherlands,31,2764,3,2,167,FC Augsburg,2764,1750000.0,1000000.0,1.0,1.0,0.999,same_club
276,Dong-Won Ji,GER,2016-17,Augsburg,F M S,34,2289,3,3,2,45,27,3.587,3.587,3.532,9.677,3.968,4,0,164265,Dong-won Ji,1991-05-28,25.26,187.0,right,Attack,Centre-Forward,"Korea, South","Korea, South",34,2293,3,3,167,FC Augsburg,2404,1500000.0,2000000.0,0.999,1.0,0.998,same_club
291,Haris Seferovic,GER,2016-17,Eintracht Frankfurt,F M S,25,1055,3,3,0,31,11,4.28,4.28,1.311,6.031,1.743,1,1,109256,Haris Seferovic,1992-02-22,24.53,189.0,left,Attack,Centre-Forward,,,25,1061,3,0,24,Eintracht Frankfurt,1406,5500000.0,3000000.0,0.998,1.0,0.994,same_club
316,Gonzalo Castro,GER,2016-17,Borussia Dortmund,M S,28,1936,3,3,6,30,42,2.38,2.38,4.659,15.822,11.754,5,0,28947,Gonzalo Castro,1987-06-11,29.23,172.0,right,Midfield,Central Midfield,Germany,Germany,28,1925,3,6,16,Borussia Dortmund,2887,15000000.0,15000000.0,0.998,1.0,0.994,same_club
327,Fabian Johnson,GER,2016-17,Borussia M.Gladbach,D F M S,21,1247,3,3,2,23,19,3.733,3.733,2.017,7.771,3.138,1,0,31041,Fabian Johnson,1987-12-11,28.73,183.0,right,Attack,Left Winger,United States,Germany,21,1249,3,2,18,Borussia Mönchengladbach,2038,7000000.0,6000000.0,1.0,1.0,0.998,same_club
339,Eric Maxim Choupo-Moting,GER,2016-17,Schalke 04,F M S,23,1689,3,2,4,48,32,5.995,4.48,3.627,8.499,2.723,1,0,45660,Eric-Maxim Choupo-Moting,1989-03-23,27.44,191.0,right,Attack,Centre-Forward,Cameroon,Germany,23,1689,3,5,33,FC Schalke 04,2072,8000000.0,6000000.0,1.0,1.0,1.0,same_club
342,Sead Kolasinac,GER,2016-17,Schalke 04,D M S,25,2072,3,3,5,17,23,2.41,2.41,2.843,7.985,4.06,5,0,94005,Sead Kolasinac,1993-06-20,23.2,183.0,left,Defender,Centre-Back,Bosnia-Herzegovina,Germany,25,2070,3,5,33,FC Schalke 04,2893,6000000.0,15000000.0,1.0,1.0,0.999,same_club
412,André Hahn,GER,2016-17,Borussia M.Gladbach,F M S,30,1599,3,3,1,34,13,4.364,3.607,0.858,5.287,1.579,3,0,42783,André Hahn,1990-08-13,26.05,185.0,right,Attack,Right Winger,Germany,Germany,30,1599,3,1,18,Borussia Mönchengladbach,2332,7500000.0,4500000.0,1.0,1.0,1.0,same_club
2633,Julian Schieber,GER,2016-17,Hertha Berlin,F S,18,412,3,3,1,15,4,1.326,1.326,1.01,1.535,0.515,3,0,58124,Julian Schieber,,,186.0,left,Attack,Centre-Forward,Germany,Germany,18,423,3,1,44,Hertha BSC,538,2500000.0,2000000.0,0.992,1.0,0.974,same_club
2655,Alfred Finnbogason,GER,2016-17,Augsburg,F,13,1133,3,3,1,22,13,4.658,4.658,0.923,6.767,1.259,1,1,90024,Alfred Finnbogason,1989-02-01,27.58,184.0,right,Attack,Centre-Forward,Iceland,Iceland,13,1132,3,1,167,FC Augsburg,1201,5000000.0,4500000.0,1.0,1.0,0.999,same_club
2662,Christian Pulisic,GER,2016-17,Borussia Dortmund,F M S,29,1511,3,3,6,32,25,4.003,4.003,4.723,11.559,3.68,1,0,315779,Christian Pulisic,1998-09-18,17.95,177.0,right,Attack,Right Winger,United States,United States,29,1516,3,8,16,Borussia Dortmund,2327,5000000.0,18000000.0,0.999,1.0,0.997,same_club
2666,Artjoms Rudnevs,GER,2016-17,FC Cologne,F M S,18,671,3,3,3,21,16,3.206,3.206,2.767,6.822,0.949,3,0,103547,Artjoms Rudnevs,1988-01-13,28.64,,,Attack,Centre-Forward,Latvia,UdSSR,18,688,3,3,3,1.FC Köln,973,1000000.0,1500000.0,0.993,1.0,0.975,same_club
2668,Martin Hinteregger,GER,2016-17,Augsburg,D,31,2775,3,3,0,26,3,2.286,2.286,0.038,6.011,4.53,5,0,85789,Martin Hinteregger,1992-09-07,23.98,184.0,left,Defender,Centre-Back,Austria,Austria,31,2773,3,0,167,FC Augsburg,3433,6000000.0,8000000.0,1.0,1.0,0.999,same_club
4271,Janik Haberer,GER,2016-17,Freiburg,F M S,32,1952,3,3,4,30,35,2.491,2.491,3.565,8.853,3.734,7,0,177779,Janik Haberer,1994-04-02,22.42,187.0,right,Midfield,Central Midfield,Germany,Germany,32,1956,3,4,60,SC Freiburg,2159,1500000.0,4500000.0,0.999,1.0,0.998,same_club
5257,Willi Orban,GER,2016-17,RasenBallsport Leipzig,D,28,2518,3,3,1,23,3,2.153,2.153,1.033,5.902,5.794,7,1,93740,Willi Orbán,1992-11-03,23.83,186.0,right,Defender,Centre-Back,Hungary,Germany,28,2518,3,1,23826,RB Leipzig,2638,3000000.0,8000000.0,1.0,1.0,1.0,same_club
4,Aytac Sulu,GER,2016-17,Darmstadt,D,27,2430,2,2,0,25,3,3.07,3.07,0.183,1.911,1.881,7,0,11765,Aytac Sulu,1985-12-11,30.72,183.0,right,Defender,Centre-Back,Germany,Germany,27,2430,2,1,105,SV Darmstadt 98,2551,2000000.0,1500000.0,1.0,1.0,1.0,same_club
22,John Brooks,GER,2016-17,Hertha Berlin,D,24,2118,2,2,0,13,1,0.81,0.81,0.053,2.42,2.355,5,0,124732,John Brooks,1993-01-28,23.59,194.0,left,Defender,Centre-Back,United States,Germany,24,2115,2,1,44,Hertha BSC,2551,10000000.0,14000000.0,1.0,1.0,0.999,same_club
27,Vladimir Darida,GER,2016-17,Hertha Berlin,M S,25,1978,2,2,2,30,30,1.504,1.504,2.685,6.119,3.802,6,0,179643,Vladimír Darida,1990-08-08,26.07,172.0,right,Midfield,Central Midfield,Czech Republic,CSSR,25,1983,2,2,44,Hertha BSC,2403,10000000.0,10000000.0,0.999,1.0,0.997,same_club
28,Mitchell Weiser,GER,2016-17,Hertha Berlin,D M S,17,1124,2,2,4,10,27,1.547,1.547,2.824,7.094,3.948,2,0,119211,Mitchell Weiser,1994-04-21,22.37,177.0,right,Defender,Right-Back,Germany,Germany,17,1125,2,4,44,Hertha BSC,1450,6000000.0,9000000.0,1.0,1.0,0.999,same_club
46,Jairo Samperio,GER,2016-17,Mainz 05,M S,17,942,2,0,1,27,8,2.732,1.216,1.074,2.735,1.108,5,0,171167,Jairo Samperio,1993-07-11,23.14,172.0,right,Attack,Right Winger,Spain,Spain,17,942,2,1,39,1.FSV Mainz 05,1121,6000000.0,4000000.0,1.0,1.0,1.0,same_club
62,Lukas Rupp,GER,2016-17,Hoffenheim,M S,14,791,2,2,1,16,11,2.186,2.186,1.662,5.869,3.127,2,0,82863,Lukas Rupp,1991-01-08,25.65,178.0,right,Midfield,Central Midfield,Germany,Germany,14,790,2,0,533,TSG 1899 Hoffenheim,886,5000000.0,4500000.0,1.0,1.0,0.999,same_club
75,Niklas Süle,GER,2016-17,Hoffenheim,D,33,2886,2,2,2,25,8,1.699,1.699,0.38,9.522,8.925,4,0,166601,Niklas Süle,1995-09-03,21.0,195.0,right,Defender,Centre-Back,Germany,Germany,33,2887,2,2,533,TSG 1899 Hoffenheim,3007,12000000.0,25000000.0,1.0,1.0,1.0,same_club
82,Nadiem Amiri,GER,2016-17,Hoffenheim,F M S,33,1935,2,2,4,47,32,3.726,3.726,4.28,12.977,7.326,2,0,232454,Nadiem Amiri,1996-10-27,19.85,180.0,right,Midfield,Central Midfield,Germany,Germany,33,1938,2,4,533,TSG 1899 Hoffenheim,2023,4000000.0,10000000.0,1.0,1.0,0.998,same_club
90,Sebastian Rudy,GER,2016-17,Hoffenheim,D M,32,2791,2,2,7,27,63,1.527,1.527,4.809,11.081,8.569,9,0,57051,Sebastian Rudy,1990-02-28,26.51,180.0,right,Midfield,Defensive Midfield,Germany,Germany,32,2788,2,9,533,TSG 1899 Hoffenheim,2998,4000000.0,8000000.0,1.0,1.0,0.999,same_club
116,Florian Grillitsch,GER,2016-17,Werder Bremen,M S,23,1727,2,2,0,18,5,1.204,1.204,0.673,4.701,3.198,4,0,195736,Florian Grillitsch,1995-08-07,21.07,186.0,right,Midfield,Defensive Midfield,Austria,Austria,23,1718,2,0,86,SV Werder Bremen,1733,4000000.0,4000000.0,0.998,1.0,0.995,same_club
134,Marcel Risse,GER,2016-17,FC Cologne,M,13,1103,2,2,4,22,21,1.445,1.445,3.017,8.492,5.716,1,0,51176,Marcel Risse,1989-12-17,26.71,183.0,right,Attack,Right Winger,Germany,Germany,13,1104,2,4,3,1.FC Köln,1314,3500000.0,4500000.0,1.0,1.0,0.999,same_club
139,Simon Zoller,GER,2016-17,FC Cologne,F M S,26,1018,2,2,2,13,8,1.93,1.93,1.036,6.339,3.502,3,0,79967,Simon Zoller,1991-06-26,25.19,179.0,right,Attack,Centre-Forward,Germany,Germany,26,1022,2,2,3,1.FC Köln,1237,3000000.0,2500000.0,0.999,1.0,0.996,same_club
153,Maximilian Arnold,GER,2016-17,Wolfsburg,M S,32,2423,2,2,3,48,33,2.497,2.497,1.851,10.787,8.093,9,0,117674,Maximilian Arnold,1994-05-27,22.27,184.0,left,Midfield,Central Midfield,Germany,Germany,32,2422,2,3,82,VfL Wolfsburg,2601,12000000.0,10000000.0,1.0,1.0,1.0,same_club
154,André Schürrle,GER,2016-17,Borussia Dortmund,F M S,15,745,2,1,2,36,17,3.693,2.935,1.828,5.19,1.468,3,0,58205,André Schürrle,1990-11-06,25.82,184.0,right,Attack,Left Winger,Germany,Germany,15,744,2,3,16,Borussia Dortmund,1127,25000000.0,20000000.0,1.0,1.0,0.999,same_club
176,Sven Schipplock,GER,2016-17,Darmstadt,F S,23,1101,2,2,0,16,9,1.721,1.721,0.733,2.279,0.128,3,0,52530,Sven Schipplock,1988-11-08,27.81,186.0,right,Attack,Centre-Forward,Germany,Germany,23,1105,2,0,105,SV Darmstadt 98,1211,1250000.0,800000.0,0.999,1.0,0.996,same_club
185,Wendell,GER,2016-17,Bayer Leverkusen,D S,32,2522,2,2,2,18,27,0.989,0.989,2.024,10.062,8.258,8,1,228433,Wendell,1993-07-20,23.12,176.0,left,Defender,Left-Back,Brazil,Brazil,32,2528,2,2,15,Bayer 04 Leverkusen,3098,15000000.0,12000000.0,0.999,1.0,0.998,same_club
186,Karim Bellarabi,GER,2016-17,Bayer Leverkusen,M S,16,1120,2,2,6,35,18,2.658,2.658,3.247,7.098,2.43,4,0,61087,Karim Bellarabi,1990-04-08,26.4,184.0,right,Attack,Right Winger,Germany,Germany,16,1119,2,6,15,Bayer 04 Leverkusen,1349,22000000.0,18000000.0,1.0,1.0,0.999,same_club
197,Kyriakos Papadopoulos,GER,2016-17,"Hamburger SV,RasenBallsport Leipzig",D S,16,1316,2,2,0,15,1,0.582,0.582,0.031,1.332,1.303,6,0,58489,Kyriakos Papadopoulos,1992-02-23,24.52,185.0,right,Defender,Centre-Back,Greece,Greece,16,1317,2,0,"41,23826","Hamburger SV,RB Leipzig",1416,6500000.0,7000000.0,1.0,1.0,0.999,same_club
200,Andreas Christensen,GER,2016-17,Borussia M.Gladbach,D M,31,2783,2,2,0,13,4,1.636,1.636,0.449,6.202,5.611,1,0,196948,Andreas Christensen,1996-04-10,20.39,189.0,right,Defender,Centre-Back,Denmark,Denmark,31,2782,2,0,18,Borussia Mönchengladbach,3892,14000000.0,18000000.0,1.0,1.0,1.0,same_club
205,Mahmoud Dahoud,GER,2016-17,Borussia M.Gladbach,M S,28,2286,2,2,6,44,29,2.341,2.341,4.402,14.505,9.997,3,0,191422,Mahmoud Dahoud,1996-01-01,20.67,178.0,right,Midfield,Central Midfield,Syria,Syria,28,2281,2,6,18,Borussia Mönchengladbach,3356,15000000.0,15000000.0,0.999,1.0,0.998,same_club
206,Oscar Wendt,GER,2016-17,Borussia M.Gladbach,D M,28,2463,2,2,2,26,26,2.273,2.273,2.705,7.928,4.864,3,0,19305,Oscar Wendt,1985-10-24,30.86,181.0,left,Defender,Left-Back,Sweden,Sweden,28,2462,2,3,18,Borussia Mönchengladbach,3693,4500000.0,3000000.0,1.0,1.0,1.0,same_club
226,Kingsley Coman,GER,2016-17,Bayern Munich,F M S,19,910,2,2,1,22,20,2.363,2.363,2.903,8.736,3.794,1,0,243714,Kingsley Coman,1996-06-13,20.22,181.0,right,Attack,Left Winger,France,France,19,914,2,1,27,Bayern Munich,1087,20000000.0,20000000.0,0.999,1.0,0.996,same_club
251,Benjamin Hübner,GER,2016-17,Hoffenheim,D,25,2151,2,2,3,17,7,1.223,1.223,1.396,7.503,7.037,10,0,52348,Benjamin Hübner,1989-07-04,27.16,193.0,left,Defender,Centre-Back,Germany,Germany,25,2148,2,3,533,TSG 1899 Hoffenheim,2252,2750000.0,5000000.0,1.0,1.0,0.999,same_club
269,Dominik Kohr,GER,2016-17,Augsburg,M S,26,1965,2,2,0,29,12,2.621,2.621,0.665,5.673,3.589,12,1,118847,Dominik Kohr,1994-01-31,22.58,183.0,right,Defender,Centre-Back,Germany,Germany,26,1965,2,1,167,FC Augsburg,2141,3500000.0,3500000.0,1.0,1.0,1.0,same_club
270,Alexander Esswein,GER,2016-17,Hertha Berlin,M S,29,1318,2,2,2,27,18,1.98,1.98,1.575,4.153,1.46,4,0,45662,Alexander Esswein,1990-03-25,26.44,182.0,right,Attack,Right Winger,Germany,Germany,29,1324,2,3,44,Hertha BSC,1348,2500000.0,2500000.0,0.999,1.0,0.995,same_club
271,Ja-Cheol Koo,GER,2016-17,Augsburg,F M S,23,1821,2,2,3,30,18,2.702,2.702,1.725,6.098,3.25,6,1,91841,Ja-cheol Koo,1989-02-27,27.51,184.0,right,Midfield,Central Midfield,"Korea, South","Korea, South",23,1814,2,3,167,FC Augsburg,1981,5500000.0,4500000.0,0.999,1.0,0.996,same_club
290,Mijat Gacinovic,GER,2016-17,Eintracht Frankfurt,F M S,28,2245,2,2,0,29,14,2.923,2.923,1.532,7.078,3.775,9,0,215864,Mijat Gacinovic,1995-02-08,21.56,175.0,right,Midfield,Attacking Midfield,Serbia,Yugoslavia (Republic),28,2234,2,0,24,Eintracht Frankfurt,2722,1500000.0,3500000.0,0.999,1.0,0.995,same_club
308,Ricardo Rodríguez,GER,2016-17,Wolfsburg,D S,24,2018,2,1,3,22,27,1.789,1.031,2.537,3.396,3.182,1,0,86784,Ricardo Rodríguez,1992-08-25,24.02,182.0,left,Defender,Left-Back,Switzerland,Switzerland,24,2019,2,3,82,VfL Wolfsburg,2289,25000000.0,17000000.0,1.0,1.0,1.0,same_club
324,Adrián Ramos,GER,2016-17,Borussia Dortmund,F S,7,356,2,2,1,12,5,1.152,1.152,1.338,3.309,1.429,2,0,73782,Adrián Ramos,1986-01-22,30.61,185.0,right,Attack,Centre-Forward,Colombia,Colombia,7,355,2,1,16,Borussia Dortmund,1799,6000000.0,5000000.0,0.999,1.0,0.997,same_club
324,Adrián Ramos,GER,2016-17,Borussia Dortmund,F S,7,356,2,2,1,12,5,1.152,1.152,1.338,3.309,1.429,2,0,73782,Adrián Ramos,1986-01-22,30.61,185.0,right,Attack,Centre-Forward,Colombia,Colombia,7,355,2,1,16,Borussia Dortmund,1799,6000000.0,5000000.0,0.999,1.0,0.997,same_club
340,Klaas-Jan Huntelaar,GER,2016-17,Schalke 04,F S,16,756,2,2,0,24,3,3.323,3.323,0.103,3.404,0.815,1,0,4357,Klaas-Jan Huntelaar,1983-08-12,33.06,186.0,right,Attack,Centre-Forward,Netherlands,Netherlands,16,753,2,0,33,FC Schalke 04,1132,4500000.0,2000000.0,0.999,1.0,0.996,same_club
371,Sokratis,GER,2016-17,Borussia Dortmund,D,26,2300,2,2,0,20,6,1.294,1.294,0.821,8.127,8.036,7,0,34322,Sokratis Papastathopoulos,1988-06-09,28.23,186.0,right,Defender,Centre-Back,Greece,Greece,26,2300,2,0,16,Borussia Dortmund,3707,22000000.0,28000000.0,0.97,0.95,1.0,same_club
380,Sandro Sirigu,GER,2016-17,Darmstadt,D M S,30,1803,2,2,1,18,14,0.695,0.695,2.028,4.343,2.479,4,1,40456,Sandro Sirigu,1988-10-07,27.9,183.0,right,Midfield,Defensive Midfield,Germany,Germany,30,1808,2,2,105,SV Darmstadt 98,1898,400000.0,900000.0,0.999,1.0,0.997,same_club
404,Felix Platte,GER,2016-17,Darmstadt,F M S,9,470,2,2,1,12,3,1.379,1.379,0.534,1.97,0.096,1,0,195782,Felix Platte,1996-02-11,20.56,190.0,right,Attack,Centre-Forward,Germany,Germany,9,468,2,1,105,SV Darmstadt 98,468,300000.0,500000.0,0.999,1.0,0.996,same_club
414,Juan Bernat,GER,2016-17,Bayern Munich,D S,18,1234,2,2,2,11,15,1.718,1.718,1.66,8.299,5.371,1,0,126719,Juan Bernat,1993-03-01,23.5,170.0,left,Defender,Left-Back,Spain,Spain,18,1235,2,2,27,Bayern Munich,1705,18000000.0,16000000.0,1.0,1.0,0.999,same_club
454,Charles Aránguiz,GER,2016-17,Bayer Leverkusen,M S,26,1828,2,1,2,18,19,2.65,1.134,1.621,8.423,6.867,7,1,89701,Charles Aránguiz,1989-04-17,27.38,172.0,right,Midfield,Central Midfield,Chile,Chile,26,1820,2,3,15,Bayer 04 Leverkusen,2456,12000000.0,8000000.0,0.999,1.0,0.996,same_club
1852,Ante Rebic,GER,2016-17,Eintracht Frankfurt,F M S,24,1406,2,2,2,44,29,4.356,4.356,3.065,7.364,1.333,10,0,187587,Ante Rebić,1993-09-21,22.95,185.0,right,Attack,Left Winger,Croatia,Croatia,24,1406,2,2,24,Eintracht Frankfurt,1744,900000.0,2500000.0,1.0,1.0,1.0,same_club
2252,Borja Mayoral,GER,2016-17,Wolfsburg,F S,19,369,2,2,0,12,5,2.082,2.082,0.257,2.94,1.333,1,0,298976,Borja Mayoral,1997-04-05,19.41,182.0,right,Attack,Centre-Forward,Spain,Spain,19,375,2,0,82,VfL Wolfsburg,427,2500000.0,2500000.0,0.995,1.0,0.984,same_club
2649,Sonny Kittel,GER,2016-17,Ingolstadt,F M S,20,782,2,2,1,22,10,2.38,2.38,1.728,5.528,2.483,2,0,78950,Sonny Kittel,1993-01-06,23.65,179.0,both,Attack,Left Winger,Germany,Germany,20,788,2,1,4795,FC Ingolstadt 04,827,500000.0,750000.0,0.998,1.0,0.992,same_club
2660,Szabolcs Huszti,GER,2016-17,Eintracht Frankfurt,M S,15,1060,2,2,2,11,16,0.978,0.978,0.603,3.985,2.933,3,1,18331,Szabolcs Huszti,1983-04-18,33.37,173.0,left,Midfield,Left Midfield,Hungary,Hungary,15,1045,2,2,24,Eintracht Frankfurt,1285,1000000.0,700000.0,0.996,1.0,0.986,same_club
2665,Jeffrey Gouweleeuw,GER,2016-17,Augsburg,D M,18,1550,2,2,1,7,6,0.899,0.899,0.365,4.081,3.488,4,0,106405,Jeffrey Gouweleeuw,1991-07-10,25.15,188.0,right,Defender,Centre-Back,Netherlands,Netherlands,18,1550,2,1,167,FC Augsburg,1640,3500000.0,3500000.0,1.0,1.0,1.0,same_club
2690,Sidney Sam,GER,2016-17,Darmstadt,M S,13,884,2,0,1,13,6,2.816,1.3,0.924,3.227,1.088,1,0,39102,Sidney Sam,1988-01-31,28.59,174.0,left,Attack,Right Winger,Germany,Germany,13,885,2,1,105,SV Darmstadt 98,900,1500000.0,750000.0,1.0,1.0,0.999,same_club
5231,Florian Kainz,GER,2016-17,Werder Bremen,M S,14,291,2,2,3,2,4,1.081,1.081,0.529,2.018,0.751,0,0,106270,Florian Kainz,1992-10-24,23.85,176.0,both,Midfield,Attacking Midfield,Austria,Austria,14,300,2,3,86,SV Werder Bremen,333,4500000.0,3000000.0,0.991,1.0,0.97,same_club
5235,Aymen Barkok,GER,2016-17,Eintracht Frankfurt,M S,18,643,2,2,2,8,9,1.136,1.136,0.972,3.481,1.464,1,0,315332,Aymen Barkok,1998-05-21,18.28,189.0,right,Midfield,Attacking Midfield,Morocco,Germany,18,651,2,2,24,Eintracht Frankfurt,741,,1250000.0,0.996,1.0,0.988,same_club
5244,Marvin Compper,GER,2016-17,RasenBallsport Leipzig,D,25,2105,2,2,0,7,0,1.411,1.411,0.0,4.855,4.855,6,0,9340,Marvin Compper,1985-06-14,31.22,185.0,left,Defender,Centre-Back,Germany,Germany,25,2103,2,0,23826,RB Leipzig,2146,750000.0,1500000.0,1.0,1.0,0.999,same_club
5303,Donis Avdijaj,GER,2016-17,Schalke 04,M S,9,289,2,2,0,12,3,1.225,1.225,0.197,1.415,0.204,1,0,196227,Donis Avdijaj,1996-08-25,20.02,173.0,right,Attack,Left Winger,Kosovo,Germany,9,294,2,0,33,FC Schalke 04,401,3000000.0,2000000.0,0.995,1.0,0.983,same_club
5356,Breel Embolo,GER,2016-17,Schalke 04,F M S,7,334,2,2,1,8,5,1.58,1.58,1.396,3.037,0.518,0,0,237662,Breel Embolo,1997-02-14,19.55,184.0,right,Attack,Centre-Forward,Switzerland,Cameroon,7,341,2,1,33,FC Schalke 04,611,22000000.0,20000000.0,0.994,1.0,0.979,same_club
35,Genki Haraguchi,GER,2016-17,Hertha Berlin,F M S,31,2058,1,1,2,27,20,1.801,1.801,2.199,5.364,2.569,4,0,79377,Genki Haraguchi,1991-05-09,25.32,178.0,right,Midfield,Attacking Midfield,Japan,Japan,31,2053,1,2,44,Hertha BSC,2231,3000000.0,2500000.0,0.999,1.0,0.998,same_club
38,Daniel Brosinski,GER,2016-17,Mainz 05,D M S,29,2453,1,0,2,34,30,1.559,0.801,2.356,5.486,4.347,6,0,43984,Daniel Brosinski,1988-07-17,28.13,178.0,right,Defender,Right-Back,Germany,Germany,29,2454,1,3,39,1.FSV Mainz 05,2965,2500000.0,2500000.0,1.0,1.0,1.0,same_club
39,Niko Bungert,GER,2016-17,Mainz 05,D S,10,762,1,1,0,3,0,1.259,1.259,0.0,1.018,0.244,1,0,30070,Niko Bungert,1986-10-24,29.86,188.0,right,Defender,Centre-Back,Germany,Germany,10,758,1,0,39,1.FSV Mainz 05,1148,2500000.0,1250000.0,0.998,1.0,0.995,same_club
49,Christian Clemens,GER,2016-17,"FC Cologne,Mainz 05",F M S,15,983,1,1,1,15,8,1.869,1.869,0.872,2.912,0.857,2,0,44713,Christian Clemens,1991-08-04,25.08,180.0,right,Attack,Right Winger,Germany,Germany,15,998,1,1,"3,39","1.FC Köln,1.FSV Mainz 05",1223,3000000.0,2500000.0,0.995,1.0,0.985,same_club
81,Jonathan Schmid,GER,2016-17,Augsburg,M S,25,1713,1,1,3,24,21,1.634,1.634,1.618,3.5,1.138,1,0,70285,Jonathan Schmid,1990-06-22,26.2,179.0,right,Defender,Right-Back,France,France,25,1700,1,3,167,FC Augsburg,1729,2500000.0,3000000.0,0.998,1.0,0.992,same_club
84,Ermin Bicakcic,GER,2016-17,Hoffenheim,D M S,18,1051,1,1,0,9,6,1.037,1.037,0.288,2.219,2.096,4,0,51676,Ermin Bicakcic,1990-01-24,26.6,185.0,right,Defender,Centre-Back,Bosnia-Herzegovina,Jugoslawien (SFR),18,1052,1,1,533,TSG 1899 Hoffenheim,1142,2750000.0,2250000.0,1.0,1.0,0.999,same_club
113,Santiago García,GER,2016-17,Werder Bremen,D M S,19,1448,1,1,2,12,7,0.764,0.764,0.352,3.969,3.345,5,0,90489,Santiago García,1988-07-08,28.15,188.0,left,Defender,Centre-Back,Argentina,Argentina,19,1444,1,2,86,SV Werder Bremen,1444,3000000.0,2000000.0,0.999,1.0,0.997,same_club
114,Philipp Bargfrede,GER,2016-17,Werder Bremen,M S,11,449,1,1,1,2,3,0.288,0.288,0.337,0.672,0.284,3,0,42033,Philipp Bargfrede,1989-03-03,27.5,174.0,right,Midfield,Defensive Midfield,Germany,Germany,11,451,1,1,86,SV Werder Bremen,451,1500000.0,1500000.0,0.999,1.0,0.996,same_club
122,Claudio Pizarro,GER,2016-17,Werder Bremen,F S,19,846,1,1,1,21,12,2.363,2.363,1.515,3.975,0.863,1,0,532,Claudio Pizarro,1978-10-03,37.91,184.0,right,Attack,Centre-Forward,Peru,Peru,19,853,1,2,86,SV Werder Bremen,853,1000000.0,1000000.0,0.998,1.0,0.992,same_club
125,Maximilian Eggestein,GER,2016-17,Werder Bremen,M S,15,889,1,1,0,2,9,0.637,0.637,0.371,2.637,1.811,2,0,190284,Maximilian Eggestein,1996-12-08,19.73,181.0,right,Midfield,Central Midfield,Germany,Germany,15,889,1,0,86,SV Werder Bremen,889,500000.0,2000000.0,1.0,1.0,1.0,same_club
131,Jonas Hector,GER,2016-17,FC Cologne,D M,33,2970,1,1,2,15,37,0.97,0.97,3.735,14.476,12.229,6,0,108537,Jonas Hector,1990-05-27,26.27,185.0,left,Defender,Left-Back,Germany,Germany,33,2970,1,2,3,1.FC Köln,3234,14000000.0,20000000.0,1.0,1.0,1.0,same_club
147,Naldo,GER,2016-17,Schalke 04,D,19,1623,1,1,0,28,1,1.279,1.279,0.062,1.581,1.381,1,1,32213,Naldo,1982-09-10,33.98,198.0,right,Defender,Centre-Back,Brazil,Brazil,19,1624,1,0,33,FC Schalke 04,2506,3000000.0,1500000.0,1.0,1.0,0.999,same_club
161,Robin Knoche,GER,2016-17,Wolfsburg,D S,23,1872,1,1,1,11,5,0.828,0.828,1.445,5.138,4.722,2,0,94201,Robin Knoche,1992-05-22,24.28,189.0,right,Defender,Centre-Back,Germany,Germany,23,1871,1,1,82,VfL Wolfsburg,1962,6000000.0,4500000.0,1.0,1.0,0.999,same_club
164,Gotoku Sakai,GER,2016-17,Hamburger SV,D M S,33,2690,1,1,2,19,22,0.469,0.469,1.748,5.572,3.891,7,0,103310,Gotoku Sakai,1991-03-14,25.47,176.0,right,Defender,Right-Back,Japan,United States,33,2692,1,2,41,Hamburger SV,3052,2000000.0,3000000.0,1.0,1.0,0.999,same_club
167,Matthias Ostrzolek,GER,2016-17,Hamburger SV,D M S,24,2000,1,1,1,12,17,0.843,0.843,0.982,3.434,2.364,4,0,53669,Matthias Ostrzolek,1990-06-05,26.24,178.0,left,Defender,Left-Back,Germany,Germany,24,1994,1,1,41,Hamburger SV,2290,2250000.0,2000000.0,0.999,1.0,0.997,same_club
169,Lewis Holtby,GER,2016-17,Hamburger SV,M,29,2421,1,1,6,28,33,1.893,1.893,4.152,10.373,5.325,4,1,55508,Lewis Holtby,1990-09-18,25.95,176.0,left,Midfield,Central Midfield,Germany,Germany,29,2421,1,6,41,Hamburger SV,2511,7000000.0,5000000.0,1.0,1.0,1.0,same_club
173,Pierre-Michel Lasogga,GER,2016-17,Hamburger SV,F S,20,535,1,1,0,18,5,1.024,1.024,0.918,2.125,0.378,2,0,73013,Pierre-Michel Lasogga,1991-12-15,24.71,189.0,right,Attack,Centre-Forward,Germany,Germany,20,543,1,0,41,Hamburger SV,636,4000000.0,2000000.0,0.996,1.0,0.985,same_club
183,Jonathan Tah,GER,2016-17,Bayer Leverkusen,D S,19,1637,1,1,1,10,4,0.928,0.928,0.887,4.75,3.85,1,0,196357,Jonathan Tah,1996-02-11,20.56,195.0,right,Defender,Centre-Back,Germany,Germany,19,1637,1,1,15,Bayer 04 Leverkusen,2297,16000000.0,22000000.0,1.0,1.0,1.0,same_club
184,Ömer Toprak,GER,2016-17,Bayer Leverkusen,D,25,2107,1,1,0,11,2,1.59,0.832,0.343,4.096,3.803,6,0,43512,Ömer Toprak,1989-07-21,27.12,187.0,right,Defender,Centre-Back,Türkiye,Germany,25,2102,1,0,15,Bayer 04 Leverkusen,2732,20000000.0,16000000.0,0.999,1.0,0.998,same_club
188,Kevin Kampl,GER,2016-17,Bayer Leverkusen,F M S,30,2538,1,1,2,34,39,1.764,1.764,3.167,13.388,10.116,4,0,53418,Kevin Kampl,1990-10-09,25.9,178.0,right,Midfield,Central Midfield,Slovenia,Germany,30,2538,1,2,15,Bayer 04 Leverkusen,3372,12000000.0,15000000.0,1.0,1.0,1.0,same_club
207,Ibrahima Traoré,GER,2016-17,Borussia M.Gladbach,M S,14,844,1,1,3,9,25,0.403,0.403,2.78,3.986,1.775,0,0,47285,Ibrahima Traoré,1988-04-21,28.36,171.0,left,Attack,Right Winger,Guinea,France,14,841,1,3,18,Borussia Mönchengladbach,1326,5500000.0,5000000.0,0.999,1.0,0.996,same_club
218,Philipp Lahm,GER,2016-17,Bayern Munich,D M S,26,2092,1,1,2,7,39,1.009,1.009,3.473,18.928,16.205,1,0,2219,Philipp Lahm,1983-11-11,32.81,170.0,right,Defender,Right-Back,Germany,Germany,26,2090,1,2,27,Bayern Munich,3200,13000000.0,11000000.0,1.0,1.0,0.999,same_club
221,Rafinha,GER,2016-17,Bayern Munich,D S,20,1019,1,1,1,6,13,0.55,0.55,1.651,8.328,7.504,2,0,33947,Rafinha,1985-09-07,30.98,172.0,right,Defender,Right-Back,Brazil,Brazil,20,1021,1,2,27,Bayern Munich,1566,5500000.0,4500000.0,0.999,1.0,0.998,same_club
225,Javi Martínez,GER,2016-17,Bayern Munich,D,25,2140,1,1,1,11,4,1.39,1.39,0.768,12.369,11.461,5,0,44017,Javi Martínez,1988-09-02,28.0,189.0,right,Midfield,Defensive Midfield,Spain,Spain,25,2135,1,1,27,Bayern Munich,2975,25000000.0,30000000.0,0.999,1.0,0.998,same_club
228,Sebastian Rode,GER,2016-17,Borussia Dortmund,M S,14,572,1,1,0,5,8,0.853,0.853,0.568,3.444,2.865,0,0,44466,Sebastian Rode,1990-10-11,25.89,179.0,right,Midfield,Central Midfield,Germany,Germany,14,576,1,0,16,Borussia Dortmund,894,10000000.0,6000000.0,0.998,1.0,0.993,same_club
237,Robert Bauer,GER,2016-17,Werder Bremen,D M S,27,2129,1,1,3,12,14,0.792,0.792,2.384,5.165,3.507,5,0,179634,Robert Bauer,1995-04-09,21.4,183.0,right,Defender,Centre-Back,,,27,2124,1,3,86,SV Werder Bremen,2124,2000000.0,3500000.0,0.999,1.0,0.998,same_club
238,Roger,GER,2016-17,Ingolstadt,D M S,30,2288,1,1,0,14,1,0.957,0.957,0.017,2.907,2.843,6,0,56435,Roger,1985-08-10,31.06,184.0,right,Midfield,Defensive Midfield,Brazil,Brazil,30,2286,1,0,4795,FC Ingolstadt 04,2406,1250000.0,750000.0,1.0,1.0,0.999,same_club
252,Alfredo Morales,GER,2016-17,Ingolstadt,D M S,27,1709,1,1,0,25,11,1.569,1.569,1.104,3.499,2.3,4,1,58500,Alfredo Morales,1990-05-12,26.31,183.0,right,Midfield,Central Midfield,United States,Germany,27,1711,1,0,4795,FC Ingolstadt 04,1812,2000000.0,1500000.0,1.0,1.0,0.999,same_club
257,Jeremy Toljan,GER,2016-17,Hoffenheim,D M S,20,1316,1,1,1,13,15,1.027,1.027,1.408,4.558,2.974,1,0,129674,Jeremy Toljan,1994-08-08,22.07,182.0,right,Defender,Right-Back,Germany,Germany,20,1313,1,1,533,TSG 1899 Hoffenheim,1368,2500000.0,3500000.0,0.999,1.0,0.998,same_club
267,Philipp Max,GER,2016-17,Augsburg,D M S,25,1820,1,1,2,17,27,0.614,0.614,4.641,7.902,4.649,4,0,111275,Philipp Max,1993-09-30,22.92,177.0,left,Defender,Left-Back,Germany,Germany,25,1818,1,3,167,FC Augsburg,1908,3500000.0,3500000.0,1.0,1.0,0.999,same_club
268,Daniel Baier,GER,2016-17,Augsburg,M,27,2402,1,1,3,24,32,0.585,0.585,2.085,6.672,5.131,5,0,4018,Daniel Baier,1984-05-18,32.29,176.0,right,Midfield,Defensive Midfield,Germany,Germany,27,2399,1,3,167,FC Augsburg,2579,2000000.0,1500000.0,1.0,1.0,0.999,same_club
282,Makoto Hasebe,GER,2016-17,Eintracht Frankfurt,D M S,22,1890,1,0,1,8,15,1.742,0.226,1.071,5.675,4.956,2,0,39259,Makoto Hasebe,1984-01-18,32.62,180.0,right,Defender,Centre-Back,Japan,Japan,22,1887,1,1,24,Eintracht Frankfurt,2152,2000000.0,1500000.0,1.0,1.0,0.998,same_club
283,David Abraham,GER,2016-17,Eintracht Frankfurt,D,30,2583,1,1,2,17,10,0.98,0.98,1.192,5.655,5.396,5,1,58178,David Abraham,1986-07-15,30.13,188.0,right,Defender,Centre-Back,Argentina,Argentina,30,2585,1,2,24,Eintracht Frankfurt,3170,3500000.0,4000000.0,1.0,1.0,0.999,same_club
285,Bastian Oczipka,GER,2016-17,Eintracht Frankfurt,D M,33,2954,1,1,4,11,37,0.287,0.287,3.247,9.743,8.223,5,0,53437,Bastian Oczipka,1989-01-12,27.64,185.0,left,Defender,Left-Back,Germany,Germany,33,2952,1,4,24,Eintracht Frankfurt,3424,2500000.0,3500000.0,1.0,1.0,0.999,same_club
294,Gian-Luca Waldschmidt,GER,2016-17,Hamburger SV,M S,14,350,1,1,1,9,4,0.669,0.669,0.305,1.025,0.208,0,0,196095,Luca Waldschmidt,1996-05-19,20.29,181.0,left,Attack,Centre-Forward,Germany,Germany,14,348,1,1,41,Hamburger SV,434,1500000.0,1500000.0,0.968,0.95,0.994,same_club
321,Shinji Kagawa,GER,2016-17,Borussia Dortmund,F M S,21,1248,1,1,6,20,35,2.678,2.678,6.087,11.503,4.655,3,0,81785,Shinji Kagawa,1989-03-17,27.46,175.0,right,Midfield,Attacking Midfield,Japan,Japan,21,1257,1,6,16,Borussia Dortmund,1986,16000000.0,13000000.0,0.998,1.0,0.993,same_club
326,Pascal Stenzel,GER,2016-17,Freiburg,D M S,19,1300,1,1,1,13,9,0.413,0.413,0.782,3.613,2.773,3,0,195246,Pascal Stenzel,1996-03-20,20.45,183.0,right,Defender,Right-Back,Germany,Germany,19,1302,1,1,60,SC Freiburg,1302,1000000.0,3000000.0,1.0,1.0,0.998,same_club
333,Benedikt Höwedes,GER,2016-17,Schalke 04,D,31,2790,1,1,1,18,5,1.085,1.085,0.224,6.9,6.408,7,0,39020,Benedikt Höwedes,1988-02-29,28.51,188.0,right,Defender,Centre-Back,Germany,Germany,31,2790,1,1,33,FC Schalke 04,4170,16000000.0,18000000.0,1.0,1.0,1.0,same_club
338,Max Meyer,GER,2016-17,Schalke 04,F M S,27,1661,1,1,1,31,30,2.87,2.87,1.969,8.544,5.357,4,0,146164,Max Meyer,1995-09-18,20.96,173.0,right,Midfield,Attacking Midfield,Germany,Germany,27,1668,1,2,33,FC Schalke 04,2437,16000000.0,14000000.0,0.999,1.0,0.996,same_club
362,Moritz Hartmann,GER,2016-17,Ingolstadt,F M S,14,954,1,1,0,19,10,3.186,2.428,0.965,4.036,1.286,0,0,42952,Moritz Hartmann,1986-06-20,30.2,183.0,right,Attack,Centre-Forward,Germany,Germany,14,949,1,0,4795,FC Ingolstadt 04,1093,1500000.0,750000.0,0.998,1.0,0.995,same_club
373,Mats Hummels,GER,2016-17,Bayern Munich,D S,27,2180,1,1,1,31,10,2.419,2.419,1.605,13.473,12.769,4,0,39728,Mats Hummels,1988-12-16,27.71,191.0,right,Defender,Centre-Back,Germany,Germany,27,2181,1,2,27,Bayern Munich,3260,38000000.0,40000000.0,1.0,1.0,1.0,same_club
403,Lukas Klünter,GER,2016-17,FC Cologne,D,8,720,1,1,1,2,4,0.13,0.13,2.09,2.944,1.668,4,0,282577,Lukas Klünter,1996-05-26,20.27,184.0,right,Defender,Right-Back,Germany,Germany,8,720,1,1,3,1.FC Köln,720,200000.0,1500000.0,1.0,1.0,1.0,same_club
411,Albin Ekdal,GER,2016-17,Hamburger SV,D M S,21,1244,1,1,1,6,2,0.37,0.37,0.055,2.081,1.838,2,1,49275,Albin Ekdal,1989-07-28,27.1,186.0,right,Midfield,Defensive Midfield,Sweden,Sweden,21,1245,1,1,41,Hamburger SV,1425,4500000.0,2500000.0,1.0,1.0,0.999,same_club
417,Tin Jedvaj,GER,2016-17,Bayer Leverkusen,D S,18,1424,1,1,0,11,1,1.315,1.315,0.121,2.071,1.879,2,1,206386,Tin Jedvaj,1995-11-28,20.76,185.0,right,Defender,Centre-Back,Croatia,Croatia,18,1422,1,0,15,Bayer 04 Leverkusen,1798,8000000.0,6500000.0,1.0,1.0,0.999,same_club
418,Niklas Stark,GER,2016-17,Hertha Berlin,D M,27,2358,1,1,0,21,4,2.319,2.319,0.118,3.884,3.369,6,0,162434,Niklas Stark,1995-04-14,21.39,190.0,right,Defender,Centre-Back,Germany,Germany,27,2355,1,1,44,Hertha BSC,2668,4500000.0,10000000.0,1.0,1.0,0.999,same_club
420,Patrick Herrmann,GER,2016-17,Borussia M.Gladbach,M S,18,700,1,1,1,8,13,1.428,1.428,1.272,4.02,1.496,1,0,32711,Patrick Herrmann,1991-02-12,25.55,179.0,right,Attack,Right Winger,Germany,Germany,18,697,1,1,18,Borussia Mönchengladbach,1382,12000000.0,7000000.0,0.999,1.0,0.996,same_club
422,Mario Götze,GER,2016-17,Borussia Dortmund,M S,11,766,1,1,1,6,14,1.166,1.166,1.187,5.819,3.882,1,0,74842,Mario Götze,1992-06-03,24.25,176.0,right,Midfield,Attacking Midfield,Germany,Germany,11,763,1,1,16,Borussia Dortmund,1175,28000000.0,20000000.0,0.999,1.0,0.996,same_club
430,Aron Jóhannsson,GER,2016-17,Werder Bremen,F S,9,266,1,0,1,11,4,2.199,1.441,0.217,3.156,1.606,1,1,119169,Aron Jóhannsson,1990-11-10,25.81,184.0,right,Attack,Centre-Forward,United States,United States,9,268,1,2,86,SV Werder Bremen,268,2500000.0,1500000.0,0.998,1.0,0.993,same_club
433,Nico Schulz,GER,2016-17,Borussia M.Gladbach,D S,12,407,1,1,2,4,3,0.131,0.131,0.756,1.803,0.963,1,0,85867,Nico Schulz,1993-04-01,23.42,180.0,left,Defender,Left-Back,Germany,Germany,12,409,1,2,18,Borussia Mönchengladbach,557,3000000.0,2000000.0,0.999,1.0,0.995,same_club
443,Peter Pekarík,GER,2016-17,Hertha Berlin,D S,31,2715,1,1,1,12,19,0.401,0.401,1.127,6.092,4.932,3,0,51100,Peter Pekarík,1986-10-30,29.84,177.0,right,Defender,Right-Back,Slovakia,CSSR,31,2711,1,1,44,Hertha BSC,3215,2500000.0,2500000.0,1.0,1.0,0.999,same_club
871,Bojan,GER,2016-17,Mainz 05,F M S,11,631,1,1,1,13,10,1.136,1.136,0.375,1.437,0.302,1,0,44675,Bojan Krkic,1990-08-28,26.01,173.0,right,Attack,Second Striker,Spain,Spain,11,630,1,1,39,1.FSV Mainz 05,1150,10000000.0,5000000.0,0.969,0.95,0.998,same_club
871,Bojan,GER,2016-17,Mainz 05,F M S,11,631,1,1,1,13,10,1.136,1.136,0.375,1.437,0.302,1,0,44675,Bojan Krkic,1990-08-28,26.01,173.0,right,Attack,Second Striker,Spain,Spain,11,630,1,1,39,1.FSV Mainz 05,1150,10000000.0,5000000.0,0.97,0.95,0.998,same_club
1275,Robin Quaison,GER,2016-17,Mainz 05,F M S,11,484,1,1,0,5,2,0.817,0.817,0.526,0.74,0.032,0,0,206542,Robin Quaison,1993-10-09,22.9,183.0,right,Attack,Centre-Forward,Sweden,Sweden,11,482,1,0,39,1.FSV Mainz 05,1681,2200000.0,2000000.0,0.999,1.0,0.996,same_club
1275,Robin Quaison,GER,2016-17,Mainz 05,F M S,11,484,1,1,0,5,2,0.817,0.817,0.526,0.74,0.032,0,0,206542,Robin Quaison,1993-10-09,22.9,183.0,right,Attack,Centre-Forward,Sweden,Sweden,11,482,1,0,39,1.FSV Mainz 05,1681,2200000.0,2000000.0,0.998,1.0,0.994,same_club
2068,Yevhen Konoplyanka,GER,2016-17,Schalke 04,F M S,17,601,1,1,1,15,7,1.678,1.678,0.712,2.471,0.322,1,0,58949,Yevgen Konoplyanka,1989-09-29,26.92,176.0,right,Midfield,Attacking Midfield,Ukraine,UdSSR,17,604,1,1,33,FC Schalke 04,1217,25000000.0,10000000.0,0.969,0.95,0.995,same_club
2073,Coke,GER,2016-17,Schalke 04,D M S,8,629,1,1,0,8,10,0.753,0.753,0.596,2.336,1.538,1,0,71905,Coke,1987-04-26,29.35,176.0,right,Defender,Right-Back,Spain,Spain,8,629,1,0,33,FC Schalke 04,629,4000000.0,4000000.0,1.0,1.0,1.0,same_club
2136,Izet Hajrovic,GER,2016-17,Werder Bremen,M S,10,492,1,1,0,12,11,0.513,0.513,1.529,1.944,0.512,1,0,74996,Izet Hajrovic,1991-08-04,25.08,177.0,left,Attack,Right Winger,,,10,492,1,0,86,SV Werder Bremen,492,1000000.0,1000000.0,1.0,1.0,1.0,same_club
2625,Paul Seguin,GER,2016-17,Wolfsburg,D M S,22,1325,1,1,1,10,13,0.601,0.601,2.397,5.045,3.175,3,1,183780,Paul Seguin,1995-03-29,21.43,185.0,right,Midfield,Central Midfield,Germany,Germany,22,1323,1,1,82,VfL Wolfsburg,1503,300000.0,2000000.0,1.0,1.0,0.998,same_club
2631,Karim Onisiwo,GER,2016-17,Mainz 05,F M S,16,908,1,1,0,15,6,1.523,1.523,0.329,2.733,1.094,4,0,119234,Karim Onisiwo,1992-03-17,24.46,188.0,right,Attack,Centre-Forward,Austria,Austria,16,912,1,0,39,1.FSV Mainz 05,1336,1500000.0,1500000.0,0.999,1.0,0.996,same_club
2647,László Kleinheisler,GER,2016-17,Darmstadt,M S,12,789,1,1,1,14,3,0.547,0.547,0.384,0.747,0.308,0,0,220656,László Kleinheisler,1994-04-08,22.4,173.0,right,Midfield,Attacking Midfield,Hungary,Hungary,12,780,1,1,105,SV Darmstadt 98,825,1000000.0,750000.0,0.997,1.0,0.989,same_club
2648,Änis Ben-Hatira,GER,2016-17,Darmstadt,M S,11,591,1,1,0,10,5,1.089,1.089,0.425,1.237,0.215,3,0,35872,Änis Ben-Hatira,1988-07-18,28.12,183.0,both,Midfield,Attacking Midfield,Tunisia,Germany,11,588,1,0,105,SV Darmstadt 98,1581,1000000.0,500000.0,0.998,1.0,0.995,same_club
2674,Thilo Kehrer,GER,2016-17,Schalke 04,D M S,16,1077,1,1,1,13,7,0.827,0.827,0.836,3.255,2.821,4,1,228948,Thilo Kehrer,1996-09-21,19.95,186.0,both,Defender,Centre-Back,Germany,Germany,16,1078,1,2,33,FC Schalke 04,1609,250000.0,3500000.0,1.0,1.0,0.999,same_club
3254,Lamine Sané,GER,2016-17,Werder Bremen,D,27,2364,1,1,1,6,2,1.076,1.076,0.605,5.627,5.627,3,0,93758,Lamine Sané,1987-03-22,29.45,192.0,right,Defender,Centre-Back,Senegal,France,27,2364,1,1,86,SV Werder Bremen,2454,4000000.0,3500000.0,1.0,1.0,1.0,same_club
4250,Nicolas Höfler,GER,2016-17,Freiburg,D M S,28,2367,1,1,1,7,9,0.362,0.362,1.033,6.821,5.779,7,0,55099,Nicolas Höfler,1990-03-09,26.48,181.0,right,Midfield,Defensive Midfield,Germany,Germany,28,2369,1,1,60,SC Freiburg,2459,1500000.0,3500000.0,1.0,1.0,0.999,same_club
4304,Sami Allagui,GER,2016-17,Hertha Berlin,S,12,163,1,0,1,5,1,1.558,0.8,0.662,1.508,0.092,2,0,37013,Sami Allagui,1986-05-28,30.26,184.0,right,Attack,Centre-Forward,Tunisia,Germany,12,172,1,1,44,Hertha BSC,202,500000.0,400000.0,0.984,1.0,0.948,same_club
5215,Florent Hadergjonaj,GER,2016-17,Ingolstadt,D M,25,2224,1,1,2,10,22,0.284,0.284,1.831,4.402,3.169,6,0,238809,Florent Hadergjonaj,1994-07-31,22.09,182.0,right,Midfield,Right Midfield,Kosovo,Switzerland,25,2223,1,2,4795,FC Ingolstadt 04,2264,3000000.0,2500000.0,1.0,1.0,1.0,same_club
5217,Anthony Jung,GER,2016-17,Ingolstadt,D M S,16,700,1,1,1,6,10,0.52,0.52,0.655,2.018,1.499,1,0,58995,Anthony Jung,1991-11-03,24.83,186.0,left,Defender,Centre-Back,Germany,Spain,16,699,1,1,4795,FC Ingolstadt 04,819,800000.0,800000.0,1.0,1.0,0.999,same_club
5226,Walace,GER,2016-17,Hamburger SV,M,9,724,1,1,0,6,1,0.242,0.242,0.033,1.301,1.202,2,0,323954,Walace,1995-04-04,21.41,188.0,right,Midfield,Defensive Midfield,Brazil,Brazil,9,721,1,0,41,Hamburger SV,804,9000000.0,8000000.0,0.999,1.0,0.996,same_club
5234,Jesús Vallejo,GER,2016-17,Eintracht Frankfurt,D S,25,2052,1,1,0,5,3,0.807,0.807,0.098,4.207,4.207,4,0,251896,Jesús Vallejo,1997-01-05,19.66,184.0,right,Defender,Centre-Back,Spain,Spain,25,2055,1,1,24,Eintracht Frankfurt,2265,3000000.0,8000000.0,1.0,1.0,0.999,same_club
5236,Danny Blum,GER,2016-17,Eintracht Frankfurt,M S,14,444,1,1,1,23,6,1.942,1.942,1.266,3.139,0.062,0,0,41541,Danny Blum,1991-01-07,25.65,184.0,left,Attack,Left Winger,Germany,Germany,14,452,1,1,24,Eintracht Frankfurt,584,800000.0,1500000.0,0.995,1.0,0.982,same_club
5238,Jordan Torunarigha,GER,2016-17,Hertha Berlin,D S,8,480,1,1,0,2,1,0.163,0.163,0.135,0.462,0.327,1,0,227110,Jordan Torunarigha,1997-08-07,19.07,191.0,left,Defender,Centre-Back,Nigeria,Germany,8,482,1,0,44,Hertha BSC,482,125000.0,1000000.0,0.999,1.0,0.996,same_club
5246,Diego Demme,GER,2016-17,RasenBallsport Leipzig,M,32,2873,1,1,3,14,30,0.473,0.473,2.968,14.644,12.68,4,0,82070,Diego Demme,1991-11-21,24.78,170.0,right,Midfield,Defensive Midfield,Germany,Germany,32,2872,1,3,23826,RB Leipzig,2992,1250000.0,7500000.0,1.0,1.0,1.0,same_club
5252,Dominik Kaiser,GER,2016-17,RasenBallsport Leipzig,M S,25,949,1,1,0,15,22,1.167,1.167,1.808,3.021,1.18,2,0,52200,Dominik Kaiser,1988-09-16,27.96,172.0,right,Midfield,Central Midfield,Germany,Germany,25,950,1,0,23826,RB Leipzig,1070,2000000.0,2500000.0,1.0,1.0,0.999,same_club
5256,Oliver Burke,GER,2016-17,RasenBallsport Leipzig,F M S,25,594,1,1,2,9,7,2.392,2.392,1.567,4.693,1.18,1,0,341317,Oliver Burke,1997-04-07,19.4,188.0,right,Attack,Centre-Forward,Scotland,Scotland,25,617,1,2,23826,RB Leipzig,617,5000000.0,7000000.0,0.989,1.0,0.963,same_club
5258,László Bénes,GER,2016-17,Borussia M.Gladbach,M S,8,286,1,1,0,3,6,0.065,0.065,0.129,1.14,1.023,0,0,243188,László Bénes,1997-09-09,18.98,181.0,left,Midfield,Central Midfield,Slovakia,Slovakia,8,286,1,0,18,Borussia Mönchengladbach,337,1500000.0,1750000.0,1.0,1.0,1.0,same_club
5265,Amir Abrashi,GER,2016-17,Freiburg,M S,20,1321,1,1,0,9,7,0.3,0.3,0.236,2.258,1.788,3,0,66005,Amir Abrashi,1990-03-27,26.43,172.0,right,Midfield,Defensive Midfield,Albania,Switzerland,20,1321,1,0,60,SC Freiburg,1411,2500000.0,2500000.0,1.0,1.0,1.0,same_club
5272,Emre Mor,GER,2016-17,Borussia Dortmund,F M S,12,470,1,1,2,10,9,1.17,1.17,1.468,4.301,1.83,0,1,283223,Emre Mor,1997-07-24,19.11,169.0,left,Attack,Right Winger,Türkiye,Denmark,12,476,1,2,16,Borussia Dortmund,695,5000000.0,5000000.0,0.996,1.0,0.987,same_club
5274,Michael Hector,GER,2016-17,Eintracht Frankfurt,D S,22,1358,1,1,0,7,0,0.306,0.306,0.0,2.014,1.887,4,1,157490,Michael Hector,1992-07-19,24.12,193.0,right,Defender,Centre-Back,Jamaica,England,22,1355,1,0,24,Eintracht Frankfurt,1845,4000000.0,3000000.0,0.999,1.0,0.998,same_club
5287,Marco Terrazzino,GER,2016-17,Hoffenheim,F M S,9,363,1,1,2,6,9,0.71,0.71,0.624,1.06,0.479,0,0,67869,Marco Terrazzino,1991-04-15,25.38,177.0,right,Attack,Left Winger,Germany,Germany,9,363,1,3,533,TSG 1899 Hoffenheim,388,1250000.0,1500000.0,1.0,1.0,1.0,same_club
5290,Shani Tarashaj,GER,2016-17,Eintracht Frankfurt,M S,13,313,1,1,0,6,2,0.906,0.906,0.029,2.705,1.782,1,0,184381,Shani Tarashaj,1995-02-07,21.57,176.0,right,Attack,Second Striker,Switzerland,Switzerland,13,324,1,0,24,Eintracht Frankfurt,421,4000000.0,2000000.0,0.99,1.0,0.966,same_club
5306,Aaron Seydel,GER,2016-17,Mainz 05,F S,6,172,1,1,0,4,0,0.734,0.734,0.0,0.758,0.104,0,0,187499,Aaron Seydel,1996-02-07,20.57,199.0,left,Attack,Centre-Forward,Germany,Germany,6,172,1,0,39,1.FSV Mainz 05,187,150000.0,500000.0,1.0,1.0,1.0,same_club
5308,Terrence Boyd,GER,2016-17,Darmstadt,F S,7,381,1,1,0,5,2,0.689,0.689,0.084,0.321,0.042,1,0,103064,Terrence Boyd,1991-02-16,25.54,188.0,right,Attack,Centre-Forward,United States,Germany,7,379,1,0,105,SV Darmstadt 98,379,600000.0,500000.0,0.998,1.0,0.995,same_club
5310,Ousman Manneh,GER,2016-17,Werder Bremen,F,6,489,1,1,1,19,2,2.491,2.491,0.336,3.327,1.086,2,0,273824,Ousman Manneh,1997-03-10,19.48,189.0,right,Attack,Centre-Forward,The Gambia,The Gambia,6,488,1,1,86,SV Werder Bremen,488,200000.0,450000.0,0.999,1.0,0.998,same_club
5327,Jeffrey Bruma,GER,2016-17,Wolfsburg,D,20,1717,1,1,0,11,5,0.919,0.919,0.275,3.152,3.129,6,1,88721,Jeffrey Bruma,1991-11-13,24.8,189.0,right,Defender,Centre-Back,Netherlands,Netherlands,20,1718,1,0,82,VfL Wolfsburg,1898,10000000.0,10000000.0,1.0,1.0,0.999,same_club
5341,Denys Oliinyk,GER,2016-17,Darmstadt,S,4,45,1,1,0,1,1,0.622,0.622,0.055,0.77,0.093,0,0,57895,Denys Oliynyk,1987-06-16,29.21,176.0,both,Attack,Left Winger,Ukraine,UdSSR,4,46,1,0,105,SV Darmstadt 98,46,900000.0,300000.0,0.951,0.923,0.989,same_club
5351,Lennart Thy,GER,2016-17,Werder Bremen,S,6,81,1,1,0,5,0,0.342,0.342,0.0,0.455,0.329,0,0,23553,Lennart Thy,1992-02-25,24.52,184.0,right,Attack,Centre-Forward,Germany,Germany,6,84,1,0,86,SV Werder Bremen,146,1000000.0,750000.0,0.99,1.0,0.967,same_club
1,Christian Mathenia,GER,2016-17,Hamburger SV,GK,14,1260,0,0,0,0,1,0.0,0.0,0.015,1.347,1.332,1,0,82361,Christian Mathenia,1992-03-31,24.42,189.0,right,Goalkeeper,Goalkeeper,Germany,Germany,14,1260,0,0,41,Hamburger SV,1260,2500000.0,1500000.0,1.0,1.0,1.0,same_club
3,Luca Caldirola,GER,2016-17,Werder Bremen,D,5,413,0,0,0,2,0,0.052,0.052,0.0,0.804,0.786,1,0,88680,Luca Caldirola,1991-02-01,25.58,186.0,left,Defender,Centre-Back,Italy,Italy,5,412,0,0,86,SV Werder Bremen,412,3000000.0,2000000.0,0.999,1.0,0.998,same_club
5,Fabian Holland,GER,2016-17,Darmstadt,D S,26,2258,0,0,0,2,12,0.275,0.275,0.884,2.172,1.683,2,0,54846,Fabian Holland,1990-07-11,26.14,172.0,left,Defender,Left-Back,Germany,Germany,26,2259,0,0,105,SV Darmstadt 98,2439,1000000.0,1000000.0,1.0,1.0,1.0,same_club
7,Florian Jungwirth,GER,2016-17,Darmstadt,D M S,16,1142,0,0,0,10,5,0.292,0.292,0.65,1.951,1.795,2,0,33078,Florian Jungwirth,1989-01-27,27.59,181.0,right,Defender,Centre-Back,Germany,Germany,16,1142,0,0,105,SV Darmstadt 98,1142,1000000.0,1250000.0,1.0,1.0,1.0,same_club
10,Jan Rosenthal,GER,2016-17,Darmstadt,F M S,19,833,0,0,0,16,7,1.462,1.462,0.654,2.863,1.224,3,0,31173,Jan Rosenthal,1986-04-07,30.4,186.0,right,Attack,Second Striker,Germany,Germany,19,856,0,0,105,SV Darmstadt 98,856,800000.0,600000.0,0.992,1.0,0.973,same_club
13,Konstantin Rausch,GER,2016-17,FC Cologne,D M S,28,1940,0,0,2,25,28,1.315,1.315,2.737,7.916,5.3,4,0,45668,Konstantin Rausch,1990-03-15,26.47,181.0,left,Defender,Left-Back,Russia,UdSSR,28,1934,0,2,3,1.FC Köln,2234,2000000.0,2000000.0,0.999,1.0,0.997,same_club
16,Dominik Stroh-Engel,GER,2016-17,Darmstadt,S,4,39,0,0,0,0,1,0.0,0.0,0.074,0.074,0.0,0,0,19736,Dominik Stroh-Engel,1985-11-27,30.76,197.0,right,Attack,Centre-Forward,Germany,Germany,4,42,0,0,105,SV Darmstadt 98,56,500000.0,250000.0,0.99,1.0,0.967,same_club
19,Rune Jarstein,GER,2016-17,Hertha Berlin,GK,34,3060,0,0,0,0,0,0.0,0.0,0.0,1.77,1.77,1,0,24112,Rune Jarstein,1984-09-29,31.92,192.0,right,Goalkeeper,Goalkeeper,Norway,Norway,34,3060,0,0,44,Hertha BSC,3480,2000000.0,2500000.0,1.0,1.0,1.0,same_club
21,Sebastian Langkamp,GER,2016-17,Hertha Berlin,D S,27,2308,0,0,0,7,3,0.399,0.399,0.641,3.16,3.142,5,0,39094,Sebastian Langkamp,1988-01-15,28.63,191.0,right,Defender,Centre-Back,Germany,Germany,27,2312,0,0,44,Hertha BSC,2795,3000000.0,3000000.0,0.999,1.0,0.998,same_club
24,Per Skjelbred,GER,2016-17,Hertha Berlin,M S,26,2143,0,0,0,5,6,0.175,0.175,0.208,4.554,4.172,2,0,18918,Per Ciljan Skjelbred,1987-06-16,29.21,175.0,right,Midfield,Central Midfield,Norway,Norway,26,2142,0,0,44,Hertha BSC,2588,4000000.0,4000000.0,0.97,0.95,1.0,same_club
25,Fabian Lustenberger,GER,2016-17,Hertha Berlin,D M S,19,1500,0,0,1,2,7,0.108,0.108,0.23,3.004,2.775,1,0,42203,Fabian Lustenberger,1988-05-02,28.33,180.0,right,Defender,Centre-Back,Switzerland,Switzerland,19,1500,0,1,44,Hertha BSC,1688,3500000.0,3000000.0,1.0,1.0,1.0,same_club
30,Jens Hegeler,GER,2016-17,Hertha Berlin,D S,6,205,0,0,0,1,0,0.017,0.017,0.0,0.493,0.476,0,0,51168,Jens Hegeler,1988-01-22,28.61,,,Midfield,Central Midfield,Germany,Germany,6,208,0,0,44,Hertha BSC,464,1000000.0,1000000.0,0.996,1.0,0.986,same_club
42,Julian Baumgartlinger,GER,2016-17,Bayer Leverkusen,M S,22,1568,0,0,1,13,14,0.681,0.681,1.539,6.316,4.442,1,0,34787,Julian Baumgartlinger,1988-01-02,28.67,184.0,right,Midfield,Defensive Midfield,,,22,1563,0,1,15,Bayer 04 Leverkusen,2039,6000000.0,5000000.0,0.999,1.0,0.997,same_club
51,Jannik Huth,GER,2016-17,Mainz 05,GK,7,630,0,0,0,0,0,0.0,0.0,0.0,0.252,0.252,0,0,160954,Jannik Huth,1994-04-15,22.38,185.0,right,Goalkeeper,Goalkeeper,Germany,Germany,7,630,0,0,39,1.FSV Mainz 05,720,300000.0,1000000.0,1.0,1.0,1.0,same_club
52,Alexander Hack,GER,2016-17,Mainz 05,D S,15,1298,0,0,1,8,4,0.394,0.394,0.234,1.781,1.641,0,0,126281,Alexander Hack,1993-09-08,22.98,193.0,left,Defender,Centre-Back,Germany,Germany,15,1295,0,1,39,1.FSV Mainz 05,1565,750000.0,1500000.0,0.999,1.0,0.998,same_club
58,Georg Niedermeier,GER,2016-17,Freiburg,S,6,86,0,0,0,1,1,0.095,0.095,0.034,0.281,0.281,0,0,31570,Georg Niedermeier,1986-02-26,30.51,190.0,right,Defender,Centre-Back,Germany,Germany,6,91,0,0,60,SC Freiburg,211,1250000.0,600000.0,0.984,1.0,0.945,same_club
73,Oliver Baumann,GER,2016-17,Hoffenheim,GK,34,3060,0,0,0,0,0,0.0,0.0,0.0,3.722,3.722,1,0,55089,Oliver Baumann,1990-06-02,26.25,187.0,right,Goalkeeper,Goalkeeper,Germany,Germany,34,3060,0,0,533,TSG 1899 Hoffenheim,3270,5500000.0,7000000.0,1.0,1.0,1.0,same_club
74,Pavel Kaderábek,GER,2016-17,Hoffenheim,D M S,23,1975,0,0,3,8,24,0.29,0.29,3.751,7.436,4.026,2,0,143798,Pavel Kaderabek,1992-04-25,24.35,182.0,right,Midfield,Right Midfield,Czech Republic,CSSR,23,1976,0,3,533,TSG 1899 Hoffenheim,2048,3500000.0,4500000.0,1.0,1.0,0.999,same_club
76,Fabian Schär,GER,2016-17,Hoffenheim,D S,6,280,0,0,0,2,0,0.132,0.132,0.0,0.179,0.159,2,0,135343,Fabian Schär,1991-12-20,24.7,186.0,right,Defender,Centre-Back,Switzerland,Switzerland,6,283,0,0,533,TSG 1899 Hoffenheim,373,4500000.0,2500000.0,0.997,1.0,0.989,same_club
79,Tobias Strobl,GER,2016-17,Borussia M.Gladbach,D M S,23,1562,0,0,2,8,9,0.321,0.321,2.474,3.448,2.418,6,1,57845,Tobias Strobl,1990-05-12,26.31,188.0,right,Midfield,Defensive Midfield,Germany,Germany,23,1565,0,2,18,Borussia Mönchengladbach,2489,2000000.0,3000000.0,0.999,1.0,0.998,same_club
80,Pirmin Schwegler,GER,2016-17,Hoffenheim,M S,10,384,0,0,1,4,4,0.191,0.191,0.107,0.406,0.343,1,0,14533,Pirmin Schwegler,1987-03-09,29.48,178.0,right,Midfield,Defensive Midfield,Switzerland,Switzerland,10,390,0,1,533,TSG 1899 Hoffenheim,449,2500000.0,1500000.0,0.995,1.0,0.985,same_club
85,Eduardo Vargas,GER,2016-17,Hoffenheim,S,5,92,0,0,0,3,3,0.581,0.581,0.293,0.9,0.227,1,0,89718,Eduardo Vargas,1989-11-20,26.78,173.0,right,Attack,Centre-Forward,Chile,Chile,5,96,0,0,533,TSG 1899 Hoffenheim,131,6000000.0,6000000.0,0.987,1.0,0.958,same_club
86,Eugen Polanski,GER,2016-17,Hoffenheim,M S,14,635,0,0,0,5,4,0.091,0.091,0.366,2.535,2.418,1,0,19548,Eugen Polanski,1986-03-17,30.46,183.0,right,Midfield,Defensive Midfield,Poland,Poland,14,632,0,0,533,TSG 1899 Hoffenheim,632,2500000.0,2000000.0,0.999,1.0,0.995,same_club
109,Felix Wiedwald,GER,2016-17,Werder Bremen,GK S,25,2209,0,0,0,0,0,0.0,0.0,0.0,2.686,2.686,2,0,44594,Felix Wiedwald,1990-03-15,26.47,190.0,right,Goalkeeper,Goalkeeper,Germany,Germany,25,2208,0,0,86,SV Werder Bremen,2298,2500000.0,2000000.0,1.0,1.0,1.0,same_club
117,Clemens Fritz,GER,2016-17,Werder Bremen,M S,18,1305,0,0,3,6,9,0.187,0.187,0.429,1.688,1.218,5,0,1277,Clemens Fritz,1980-12-07,35.73,183.0,right,Defender,Right-Back,Germany,East Germany (GDR),18,1298,0,3,86,SV Werder Bremen,1373,750000.0,750000.0,0.998,1.0,0.995,same_club
124,Janek Sternberg,GER,2016-17,Werder Bremen,S,2,69,0,0,0,1,0,0.011,0.011,0.0,0.095,0.095,1,0,89542,Janek Sternberg,1992-10-19,23.87,182.0,left,Defender,Left-Back,Germany,Germany,2,71,0,0,86,SV Werder Bremen,161,500000.0,300000.0,0.993,1.0,0.978,same_club
127,Timo Horn,GER,2016-17,FC Cologne,GK,20,1800,0,0,0,0,1,0.0,0.0,0.026,1.339,1.313,0,0,84938,Timo Horn,1993-05-12,23.31,192.0,left,Goalkeeper,Goalkeeper,Germany,Germany,20,1800,0,0,3,1.FC Köln,1920,10000000.0,12000000.0,1.0,1.0,1.0,same_club
128,Pawel Olkowski,GER,2016-17,FC Cologne,D M S,14,1105,0,0,1,2,8,0.03,0.03,0.847,2.271,1.411,2,0,117469,Paweł Olkowski,1990-02-13,26.55,184.0,right,Defender,Right-Back,Poland,Poland,14,1106,0,2,3,1.FC Köln,1316,2000000.0,2250000.0,0.978,0.963,0.999,same_club
129,Dominique Heintz,GER,2016-17,FC Cologne,D M S,32,2775,0,0,0,6,10,0.763,0.763,0.569,7.651,7.238,7,0,110036,Dominique Heintz,1993-08-15,23.05,188.0,left,Defender,Centre-Back,Germany,Germany,32,2756,0,0,3,1.FC Köln,2951,6000000.0,7500000.0,0.998,1.0,0.993,same_club
130,Dominic Maroh,GER,2016-17,FC Cologne,D S,12,640,0,0,0,3,0,0.129,0.129,0.0,1.723,1.723,3,0,41023,Dominic Maroh,1987-03-04,29.5,186.0,right,Defender,Centre-Back,Slovenia,Germany,12,642,0,0,3,1.FC Köln,754,3000000.0,2000000.0,0.999,1.0,0.997,same_club
132,Matthias Lehmann,GER,2016-17,FC Cologne,M,21,1824,0,0,2,10,11,0.206,0.206,0.833,6.523,5.542,7,0,1126,Matthias Lehmann,1983-05-28,33.26,,,Midfield,Defensive Midfield,Germany,Germany,21,1822,0,2,3,1.FC Köln,1948,750000.0,750000.0,1.0,1.0,0.999,same_club
133,Kevin Vogt,GER,2016-17,Hoffenheim,D M S,31,2602,0,0,0,3,9,0.141,0.141,0.518,9.902,9.589,6,0,84435,Kevin Vogt,1991-09-23,24.94,194.0,right,Defender,Centre-Back,Germany,Germany,31,2595,0,0,533,TSG 1899 Hoffenheim,2805,3000000.0,6000000.0,0.999,1.0,0.997,same_club
138,Frederik Sörensen,GER,2016-17,FC Cologne,D M S,31,2679,0,0,2,19,17,0.889,0.889,1.697,8.975,7.499,5,0,91716,Frederik Sörensen,1992-04-14,24.38,194.0,right,Defender,Centre-Back,Denmark,Denmark,31,2680,0,3,3,1.FC Köln,2890,3000000.0,7500000.0,1.0,1.0,1.0,same_club
140,Yannick Gerhardt,GER,2016-17,Wolfsburg,D M S,27,2214,0,0,2,15,21,0.947,0.947,2.874,7.085,4.596,5,0,119277,Yannick Gerhardt,1994-03-13,22.47,184.0,left,Midfield,Central Midfield,Germany,Germany,27,2214,0,3,82,VfL Wolfsburg,2484,10000000.0,10000000.0,1.0,1.0,1.0,same_club
142,Thomas Kessler,GER,2016-17,FC Cologne,GK,13,1170,0,0,0,0,1,0.0,0.0,0.01,0.779,0.769,1,0,5072,Thomas Kessler,1986-01-20,30.61,197.0,right,Goalkeeper,Goalkeeper,Germany,Germany,13,1170,0,0,3,1.FC Köln,1260,400000.0,500000.0,1.0,1.0,1.0,same_club
145,Diego Benaglio,GER,2016-17,Wolfsburg,GK,14,1260,0,0,0,0,0,0.0,0.0,0.0,0.597,0.597,1,0,1667,Diego Benaglio,1983-09-08,32.98,194.0,right,Goalkeeper,Goalkeeper,Switzerland,Switzerland,14,1260,0,0,82,VfL Wolfsburg,1350,3500000.0,1000000.0,1.0,1.0,1.0,same_club
146,Christian Träsch,GER,2016-17,Wolfsburg,D M S,11,694,0,0,1,6,15,0.093,0.093,1.614,3.599,2.376,0,0,38440,Christian Träsch,1987-09-01,29.0,180.0,right,Midfield,Defensive Midfield,Germany,Germany,11,696,0,1,82,VfL Wolfsburg,713,3500000.0,2000000.0,0.999,1.0,0.997,same_club
149,Marcel Schäfer,GER,2016-17,Wolfsburg,D M S,4,108,0,0,0,1,2,0.016,0.016,0.103,0.18,0.061,1,0,8317,Marcel Schäfer,1984-06-07,32.24,184.0,left,Defender,Left-Back,Germany,Germany,4,108,0,0,82,VfL Wolfsburg,112,1500000.0,1000000.0,1.0,1.0,1.0,same_club
150,Josuha Guilavogui,GER,2016-17,Wolfsburg,M S,19,1543,0,0,0,7,11,1.426,1.426,0.344,4.154,3.822,6,0,93704,Josuha Guilavogui,1990-09-19,25.95,188.0,right,Midfield,Defensive Midfield,France,France,19,1541,0,0,82,VfL Wolfsburg,1541,10000000.0,8000000.0,1.0,1.0,0.999,same_club
151,Vieirinha,GER,2016-17,Wolfsburg,D M S,21,1214,0,0,0,21,20,0.754,0.754,1.991,5.879,3.516,3,0,35247,Vieirinha,1986-01-24,30.6,172.0,right,Defender,Right-Back,Portugal,Portugal,21,1219,0,0,82,VfL Wolfsburg,1328,6500000.0,3500000.0,0.999,1.0,0.996,same_club
152,Julian Draxler,GER,2016-17,Wolfsburg,F M S,13,1055,0,0,2,29,27,2.946,2.946,2.409,7.315,3.673,0,0,85148,Julian Draxler,1993-09-20,22.95,185.0,right,Attack,Left Winger,Germany,Germany,13,1055,0,2,82,VfL Wolfsburg,2322,28000000.0,35000000.0,0.999,1.0,0.997,same_club
152,Julian Draxler,GER,2016-17,Wolfsburg,F M S,13,1055,0,0,2,29,27,2.946,2.946,2.409,7.315,3.673,0,0,85148,Julian Draxler,1993-09-20,22.95,185.0,right,Attack,Left Winger,Germany,Germany,13,1055,0,2,82,VfL Wolfsburg,2322,28000000.0,35000000.0,1.0,1.0,1.0,same_club
156,Sebastian Jung,GER,2016-17,Wolfsburg,D,4,298,0,0,1,0,4,0.0,0.0,0.522,0.573,0.231,0,0,49730,Sebastian Jung,1990-06-22,26.2,179.0,right,Defender,Right-Back,Germany,Germany,4,295,0,1,82,VfL Wolfsburg,295,3000000.0,2000000.0,0.997,1.0,0.99,same_club
158,Bas Dost,GER,2016-17,Wolfsburg,F,1,82,0,0,1,0,1,0.0,0.0,0.092,0.127,0.035,0,0,56331,Bas Dost,1989-05-31,27.26,196.0,right,Attack,Centre-Forward,Netherlands,Netherlands,1,81,0,1,82,VfL Wolfsburg,3490,7500000.0,16000000.0,0.997,1.0,0.989,same_club
159,Koen Casteels,GER,2016-17,Wolfsburg,GK,20,1800,0,0,0,0,0,0.0,0.0,0.0,1.896,1.896,3,0,108880,Koen Casteels,1992-06-25,24.19,197.0,left,Goalkeeper,Goalkeeper,Belgium,Belgium,20,1800,0,0,82,VfL Wolfsburg,1980,2500000.0,2500000.0,1.0,1.0,1.0,same_club
163,René Adler,GER,2016-17,Hamburger SV,GK,19,1710,0,0,1,0,1,0.0,0.0,0.037,0.345,0.308,1,0,1784,René Adler,1985-01-15,31.63,,,Goalkeeper,Goalkeeper,Germany,East Germany (GDR),19,1710,0,1,41,Hamburger SV,2070,3500000.0,2000000.0,1.0,1.0,1.0,same_club
165,Emir Spahic,GER,2016-17,Hamburger SV,D S,11,777,0,0,0,3,1,0.235,0.235,0.029,0.875,0.856,3,0,25812,Emir Spahic,1980-08-18,36.04,,,Defender,Centre-Back,Bosnia-Herzegovina,Jugoslawien (SFR),11,777,0,0,41,Hamburger SV,777,750000.0,750000.0,1.0,1.0,1.0,same_club
166,Cléber,GER,2016-17,Hamburger SV,D,5,324,0,0,0,0,0,0.0,0.0,0.0,0.244,0.244,1,1,226009,Cléber Reis,1990-12-05,25.74,186.0,right,Defender,Centre-Back,Brazil,Brazil,5,326,0,0,41,Hamburger SV,506,2500000.0,2500000.0,0.968,0.95,0.994,same_club
168,Gideon Jung,GER,2016-17,Hamburger SV,D M S,29,2365,0,0,0,12,4,0.579,0.579,0.188,2.227,1.967,3,0,247661,Gideon Jung,1994-09-12,21.97,189.0,right,Defender,Centre-Back,Germany,Germany,29,2371,0,0,41,Hamburger SV,2703,1750000.0,2500000.0,0.999,1.0,0.997,same_club
175,Dennis Diekmeier,GER,2016-17,Hamburger SV,D M S,24,1783,0,0,1,5,16,0.579,0.579,0.908,2.433,1.242,5,1,42044,Dennis Diekmeier,1989-10-20,26.87,188.0,right,Defender,Right-Back,Germany,Germany,24,1782,0,1,41,Hamburger SV,1884,1750000.0,1500000.0,1.0,1.0,0.999,same_club
178,Jaroslav Drobny,GER,2016-17,Werder Bremen,GK,10,848,0,0,0,0,0,0.0,0.0,0.0,0.861,0.861,0,1,12864,Jaroslav Drobny,1979-10-18,36.87,192.0,right,Goalkeeper,Goalkeeper,Czech Republic,CSSR,10,849,0,0,86,SV Werder Bremen,849,500000.0,350000.0,1.0,1.0,0.999,same_club
181,Bernd Leno,GER,2016-17,Bayer Leverkusen,GK,34,3060,0,0,0,0,1,0.0,0.0,0.098,3.47,3.371,0,0,72476,Bernd Leno,1992-03-04,24.5,190.0,right,Goalkeeper,Goalkeeper,Germany,Germany,34,3060,0,0,15,Bayer 04 Leverkusen,3780,16000000.0,16000000.0,1.0,1.0,1.0,same_club
182,Roberto Hilbert,GER,2016-17,Bayer Leverkusen,D,7,587,0,0,0,2,9,0.31,0.31,0.452,1.499,0.883,2,0,3256,Roberto Hilbert,1984-10-16,31.88,182.0,right,Defender,Right-Back,Germany,Germany,7,585,0,0,15,Bayer 04 Leverkusen,795,1500000.0,750000.0,0.999,1.0,0.997,same_club
187,Christoph Kramer,GER,2016-17,Borussia M.Gladbach,M S,24,1964,0,0,4,2,11,0.056,0.056,2.07,6.228,4.563,5,1,82097,Christoph Kramer,1991-02-19,25.53,191.0,right,Midfield,Defensive Midfield,Germany,Germany,24,1963,0,4,18,Borussia Mönchengladbach,3015,12000000.0,12000000.0,1.0,1.0,0.999,same_club
193,Giulio Donati,GER,2016-17,Mainz 05,D S,32,2807,0,0,0,9,20,0.141,0.141,1.122,4.119,3.138,4,0,88684,Giulio Donati,1990-02-05,26.57,178.0,right,Defender,Right-Back,Italy,Italy,32,2805,0,1,39,1.FSV Mainz 05,3268,2500000.0,3500000.0,1.0,1.0,0.999,same_club
195,André Ramalho,GER,2016-17,Mainz 05,D M S,18,1133,0,0,0,13,4,0.326,0.326,0.133,2.806,2.619,4,0,175792,André Ramalho,1992-02-16,24.54,182.0,both,Defender,Centre-Back,Brazil,Brazil,18,1134,0,0,39,1.FSV Mainz 05,1289,2000000.0,2000000.0,1.0,1.0,0.999,same_club
198,Vladlen Yurchenko,GER,2016-17,Bayer Leverkusen,M S,3,144,0,0,0,4,1,0.151,0.151,0.087,0.615,0.45,0,0,157373,Vladlen Yurchenko,1994-01-22,22.61,181.0,right,Midfield,Attacking Midfield,Ukraine,Ukraine,3,146,0,0,15,Bayer 04 Leverkusen,223,500000.0,500000.0,0.996,1.0,0.986,same_club
199,Yann Sommer,GER,2016-17,Borussia M.Gladbach,GK,34,3060,0,0,0,0,0,0.0,0.0,0.0,2.432,2.432,1,0,42205,Yann Sommer,1988-12-17,27.71,183.0,right,Goalkeeper,Goalkeeper,Switzerland,Switzerland,34,3060,0,0,18,Borussia Mönchengladbach,4530,10000000.0,9000000.0,1.0,1.0,1.0,same_club
201,Tony Jantschke,GER,2016-17,Borussia M.Gladbach,D M S,22,1490,0,0,0,2,3,0.152,0.152,0.264,4.592,4.328,3,0,47587,Tony Jantschke,1990-04-07,26.4,177.0,right,Defender,Right-Back,Germany,East Germany (GDR),22,1486,0,0,18,Borussia Mönchengladbach,2535,6000000.0,6000000.0,0.999,1.0,0.997,same_club
203,Julian Korb,GER,2016-17,Borussia M.Gladbach,D M S,12,752,0,0,0,2,7,0.119,0.119,0.685,2.408,1.659,0,0,77809,Julian Korb,1992-03-21,24.45,177.0,right,Defender,Right-Back,Germany,Germany,12,754,0,0,18,Borussia Mönchengladbach,1293,4500000.0,3000000.0,0.999,1.0,0.997,same_club
209,Josip Drmic,GER,2016-17,Borussia M.Gladbach,F S,12,270,0,0,0,10,3,1.403,1.403,0.502,2.229,0.404,0,0,140579,Josip Drmic,1992-08-08,24.07,184.0,right,Attack,Centre-Forward,Switzerland,Switzerland,12,274,0,2,18,Borussia Mönchengladbach,518,4000000.0,3000000.0,0.996,1.0,0.985,same_club
212,Nico Elvedi,GER,2016-17,Borussia M.Gladbach,D S,25,2115,0,0,0,6,10,0.387,0.387,0.649,5.532,5.31,4,0,192635,Nico Elvedi,1996-09-30,19.92,189.0,right,Defender,Centre-Back,Switzerland,Switzerland,25,2111,0,0,18,Borussia Mönchengladbach,3041,5000000.0,7000000.0,0.999,1.0,0.998,same_club
217,Manuel Neuer,GER,2016-17,Bayern Munich,GK,26,2340,0,0,0,0,0,0.0,0.0,0.0,5.21,5.21,0,0,17259,Manuel Neuer,1986-03-27,30.43,193.0,right,Goalkeeper,Goalkeeper,Germany,Germany,26,2340,0,0,27,Bayern Munich,3630,45000000.0,40000000.0,1.0,1.0,1.0,same_club
219,Holger Badstuber,GER,2016-17,"Bayern Munich,Schalke 04",D S,11,893,0,0,0,1,4,0.101,0.101,0.101,2.98,2.922,1,0,54659,Holger Badstuber,1989-03-13,27.47,190.0,left,Defender,Centre-Back,Germany,Germany,11,892,0,0,"27,33","Bayern Munich,FC Schalke 04",1086,3000000.0,2500000.0,1.0,1.0,0.999,same_club
220,Jérôme Boateng,GER,2016-17,Bayern Munich,D S,13,824,0,0,1,4,6,0.102,0.102,0.486,5.572,5.389,1,0,26485,Jérôme Boateng,1988-09-03,27.99,192.0,right,Defender,Centre-Back,Germany,Germany,13,828,0,1,27,Bayern Munich,1465,45000000.0,38000000.0,0.999,1.0,0.995,same_club
231,Sven Ulreich,GER,2016-17,Bayern Munich,GK,5,450,0,0,0,0,0,0.0,0.0,0.0,1.346,1.346,0,0,40680,Sven Ulreich,1988-08-03,28.08,192.0,right,Goalkeeper,Goalkeeper,Germany,Germany,5,450,0,0,27,Bayern Munich,630,2500000.0,2000000.0,1.0,1.0,1.0,same_club
234,Tobias Levels,GER,2016-17,Ingolstadt,D S,10,720,0,0,0,6,4,0.078,0.078,0.718,1.064,1.009,3,1,31216,Tobias Levels,1986-11-22,29.78,,,Defender,Right-Back,Germany,Germany,10,721,0,0,4795,FC Ingolstadt 04,961,1000000.0,500000.0,1.0,1.0,0.999,same_club
236,Marvin Matip,GER,2016-17,Ingolstadt,D,33,2970,0,0,0,25,6,1.614,1.614,0.461,3.703,3.601,5,0,17025,Marvin Matip,1985-09-25,30.93,184.0,right,Defender,Centre-Back,Cameroon,Germany,33,2970,0,0,4795,FC Ingolstadt 04,3210,1750000.0,1500000.0,1.0,1.0,1.0,same_club
241,Mathew Leckie,GER,2016-17,Ingolstadt,F M S,30,2095,0,0,2,49,29,5.087,5.087,1.687,9.54,4.723,2,2,126214,Mathew Leckie,1991-02-04,25.57,181.0,right,Attack,Left Winger,Australia,Australia,30,2087,0,3,4795,FC Ingolstadt 04,2327,2000000.0,2500000.0,0.999,1.0,0.996,same_club
243,Stefan Lex,GER,2016-17,Ingolstadt,M S,13,321,0,0,0,9,3,1.122,1.122,0.114,1.054,0.0,3,0,116792,Stefan Lex,1989-11-27,26.76,178.0,right,Attack,Right Winger,Germany,Germany,13,325,0,0,4795,FC Ingolstadt 04,468,750000.0,600000.0,0.996,1.0,0.988,same_club
245,Max Christiansen,GER,2016-17,Ingolstadt,M S,11,441,0,0,0,4,2,0.128,0.128,0.096,0.819,0.622,1,1,192300,Max Christiansen,1996-09-25,19.93,185.0,right,Midfield,Defensive Midfield,Germany,Germany,11,440,0,0,4795,FC Ingolstadt 04,560,2500000.0,1500000.0,0.999,1.0,0.998,same_club
246,Maurice Multhaup,GER,2016-17,Ingolstadt,S,1,6,0,0,0,0,0,0.0,0.0,0.0,0.0,0.0,0,0,187496,Maurice Multhaup,1996-12-15,19.71,173.0,right,Attack,Right Winger,Germany,Germany,1,7,0,0,4795,FC Ingolstadt 04,7,300000.0,250000.0,0.997,1.0,0.989,same_club
249,Danny da Costa,GER,2016-17,Bayer Leverkusen,D S,3,107,0,0,1,0,1,0.0,0.0,0.424,1.129,0.705,0,0,85906,Danny da Costa,1993-07-13,23.14,187.0,right,Defender,Centre-Back,Germany,Germany,3,109,0,1,15,Bayer 04 Leverkusen,199,1750000.0,1000000.0,0.994,1.0,0.982,same_club
250,Ørjan Nyland,GER,2016-17,Ingolstadt,GK S,12,1021,0,0,0,0,0,0.0,0.0,0.0,0.594,0.594,0,0,73517,Ørjan Nyland,1990-09-10,25.98,192.0,right,Goalkeeper,Goalkeeper,Norway,Norway,12,1022,0,0,4795,FC Ingolstadt 04,1142,1000000.0,800000.0,1.0,1.0,0.999,same_club
263,Marwin Hitz,GER,2016-17,Augsburg,GK,32,2880,0,0,0,1,0,0.042,0.042,0.0,1.875,1.875,4,0,59238,Marwin Hitz,1987-09-18,28.96,194.0,right,Goalkeeper,Goalkeeper,Switzerland,Switzerland,32,2880,0,0,167,FC Augsburg,3060,4500000.0,4000000.0,1.0,1.0,1.0,same_club
266,Jan-Ingwer Callsen-Bracker,GER,2016-17,Augsburg,S,1,1,0,0,0,0,0,0.0,0.0,0.0,0.027,0.027,0,0,3851,Jan-Ingwer Callsen-Bracker,1984-09-23,31.94,188.0,right,Defender,Centre-Back,Germany,Germany,1,2,0,0,167,FC Augsburg,2,1500000.0,500000.0,0.997,1.0,0.989,same_club
272,Caiuby,GER,2016-17,Augsburg,M S,5,241,0,0,0,7,2,0.529,0.529,0.055,0.904,0.396,1,0,54137,Caiuby,1988-07-14,28.13,185.0,left,Attack,Left Winger,Brazil,Brazil,5,245,0,0,167,FC Augsburg,335,2500000.0,2000000.0,0.995,1.0,0.984,same_club
274,Christoph Janker,GER,2016-17,Augsburg,D S,15,1087,0,0,0,1,1,0.046,0.046,0.087,0.988,0.988,4,0,14977,Christoph Janker,1985-02-14,31.55,185.0,right,Defender,Centre-Back,Germany,Germany,15,1087,0,0,167,FC Augsburg,1267,300000.0,300000.0,1.0,1.0,1.0,same_club
278,Markus Feulner,GER,2016-17,Augsburg,S,1,17,0,0,0,0,0,0.0,0.0,0.0,0.0,0.0,0,0,1986,Markus Feulner,1982-02-12,34.55,183.0,right,Midfield,Central Midfield,Germany,Germany,1,17,0,0,167,FC Augsburg,18,500000.0,300000.0,1.0,1.0,1.0,same_club
281,Lukas Hradecky,GER,2016-17,Eintracht Frankfurt,GK,33,2882,0,0,0,0,1,0.0,0.0,0.015,4.405,4.389,2,1,48015,Lukas Hradecky,1989-11-24,26.77,192.0,right,Goalkeeper,Goalkeeper,Finland,CSSR,33,2883,0,0,24,Eintracht Frankfurt,3513,4000000.0,4500000.0,1.0,1.0,1.0,same_club
289,Marc Stendera,GER,2016-17,Eintracht Frankfurt,M,2,133,0,0,0,0,0,0.0,0.0,0.0,0.0,0.0,0,0,160943,Marc Stendera,1995-12-10,20.73,173.0,right,Midfield,Central Midfield,Germany,Germany,2,131,0,0,24,Eintracht Frankfurt,131,7000000.0,4500000.0,0.995,1.0,0.985,same_club
293,Marco Russ,GER,2016-17,Eintracht Frankfurt,D S,4,240,0,0,0,4,0,0.19,0.19,0.0,0.106,0.089,1,0,16520,Marco Russ,1985-08-04,31.08,190.0,right,Defender,Centre-Back,Germany,Germany,4,242,0,0,24,Eintracht Frankfurt,260,2500000.0,2000000.0,0.998,1.0,0.992,same_club
295,Heinz Lindner,GER,2016-17,Eintracht Frankfurt,GK S,2,175,0,0,0,0,0,0.0,0.0,0.0,0.0,0.0,0,0,59082,Heinz Lindner,1990-07-17,26.13,188.0,right,Goalkeeper,Goalkeeper,Austria,Austria,2,174,0,0,24,Eintracht Frankfurt,174,1000000.0,1000000.0,0.998,1.0,0.994,same_club
297,Aleksandar Ignjovski,GER,2016-17,Freiburg,D M S,19,1048,0,0,0,3,3,0.059,0.059,0.098,2.342,2.186,2,0,74295,Aleksandar Ignjovski,1991-01-27,25.6,175.0,right,Midfield,Defensive Midfield,Serbia,Jugoslawien (SFR),19,1051,0,0,60,SC Freiburg,1245,1500000.0,1500000.0,0.999,1.0,0.997,same_club
299,Peter Niemeyer,GER,2016-17,Darmstadt,D M S,15,1116,0,0,0,4,1,0.533,0.533,0.059,1.941,1.874,6,1,4691,Peter Niemeyer,1983-11-22,32.78,191.0,right,Midfield,Defensive Midfield,Germany,Germany,15,1111,0,0,105,SV Darmstadt 98,1224,750000.0,500000.0,0.999,1.0,0.996,same_club
302,Johan Djourou,GER,2016-17,Hamburger SV,D S,14,1143,0,0,0,4,3,0.888,0.13,0.057,0.785,0.747,6,0,34561,Johan Djourou,1987-01-18,29.62,192.0,right,Defender,Centre-Back,Switzerland,Cote d'Ivoire,14,1142,0,0,41,Hamburger SV,1322,3500000.0,1500000.0,1.0,1.0,0.999,same_club
304,Ashton Götz,GER,2016-17,Hamburger SV,D,1,66,0,0,0,0,0,0.0,0.0,0.0,0.0,0.0,1,0,124083,Ashton Götz,1993-07-16,23.13,177.0,right,Attack,Right Winger,Germany,Germany,1,66,0,0,41,Hamburger SV,66,250000.0,250000.0,1.0,1.0,1.0,same_club
307,Suat Serdar,GER,2016-17,Mainz 05,M S,8,326,0,0,0,1,3,0.017,0.017,0.334,0.885,0.533,1,0,261905,Suat Serdar,1997-04-11,19.39,184.0,right,Midfield,Central Midfield,Germany,Germany,8,328,0,0,39,1.FSV Mainz 05,656,500000.0,1500000.0,0.998,1.0,0.994,same_club
309,Roman Bürki,GER,2016-17,Borussia Dortmund,GK,27,2430,0,0,0,0,0,0.0,0.0,0.0,5.895,5.895,2,0,59027,Roman Bürki,1990-11-14,25.8,187.0,right,Goalkeeper,Goalkeeper,Switzerland,Switzerland,27,2430,0,0,16,Borussia Dortmund,3630,6000000.0,9000000.0,1.0,1.0,1.0,same_club
311,Sven Bender,GER,2016-17,Borussia Dortmund,D S,6,273,0,0,1,2,1,0.083,0.083,0.046,1.123,1.123,0,0,29993,Sven Bender,1989-04-27,27.35,186.0,right,Midfield,Defensive Midfield,Germany,Germany,6,272,0,1,16,Borussia Dortmund,407,11000000.0,7000000.0,0.999,1.0,0.996,same_club
312,Neven Subotic,GER,2016-17,FC Cologne,D S,12,885,0,0,0,2,0,0.149,0.149,0.0,1.285,1.285,1,0,40995,Neven Subotic,1988-12-10,27.73,193.0,right,Defender,Centre-Back,Germany,Jugoslawien (SFR),12,887,0,0,3,1.FC Köln,887,8000000.0,5000000.0,0.999,1.0,0.998,same_club
313,Marcel Schmelzer,GER,2016-17,Borussia Dortmund,D M S,26,2196,0,0,1,27,21,1.181,1.181,1.945,10.868,8.336,3,0,35208,Marcel Schmelzer,1988-01-22,28.61,180.0,left,Defender,Left-Back,Germany,East Germany (GDR),26,2193,0,1,16,Borussia Dortmund,3184,9000000.0,9000000.0,1.0,1.0,0.999,same_club
315,Matthias Ginter,GER,2016-17,Borussia Dortmund,D S,29,2474,0,0,1,20,8,1.478,1.478,0.858,12.169,11.588,4,0,124502,Matthias Ginter,1994-01-19,22.62,189.0,right,Defender,Centre-Back,Germany,Germany,29,2475,0,0,16,Borussia Dortmund,3384,12000000.0,15000000.0,1.0,1.0,1.0,same_club
320,Jonas Hofmann,GER,2016-17,Borussia M.Gladbach,F M S,21,1382,0,0,1,25,16,2.558,2.558,1.83,7.504,3.995,0,0,7161,Jonas Hofmann,1992-07-14,24.13,176.0,right,Midfield,Attacking Midfield,Germany,Germany,21,1384,0,1,18,Borussia Mönchengladbach,2031,5000000.0,3500000.0,1.0,1.0,0.999,same_club
322,Joo-Ho Park,GER,2016-17,Borussia Dortmund,D S,2,65,0,0,0,0,2,0.0,0.0,0.058,0.094,0.036,0,0,111900,Ju-ho Park,1987-01-16,29.63,176.0,left,Defender,Left-Back,"Korea, South","Korea, South",2,64,0,0,16,Borussia Dortmund,64,1750000.0,750000.0,0.967,0.95,0.989,same_club
325,Roman Weidenfeller,GER,2016-17,Borussia Dortmund,GK,7,630,0,0,0,0,0,0.0,0.0,0.0,1.083,1.083,0,0,26,Roman Weidenfeller,1980-08-06,36.07,190.0,left,Goalkeeper,Goalkeeper,Germany,Germany,7,630,0,0,16,Borussia Dortmund,1020,1000000.0,1000000.0,1.0,1.0,1.0,same_club
330,Ralf Fährmann,GER,2016-17,Schalke 04,GK,34,3060,0,0,0,0,1,0.0,0.0,0.026,2.97,2.944,3,0,39015,Ralf Fährmann,1988-09-27,27.93,197.0,right,Goalkeeper,Goalkeeper,Germany,East Germany (GDR),34,3060,0,0,33,FC Schalke 04,4440,9000000.0,9000000.0,1.0,1.0,1.0,same_club
331,Sascha Riether,GER,2016-17,Schalke 04,D S,5,282,0,0,0,0,2,0.0,0.0,0.026,1.318,1.318,0,0,1662,Sascha Riether,1983-03-23,33.45,,,Defender,Right-Back,Germany,Germany,5,284,0,0,33,FC Schalke 04,582,750000.0,500000.0,0.998,1.0,0.993,same_club
334,Dennis Aogo,GER,2016-17,Schalke 04,D M S,7,288,0,0,1,0,5,0.0,0.0,0.662,0.875,0.798,1,0,19354,Dennis Aogo,1987-01-14,29.63,184.0,left,Defender,Left-Back,Germany,Germany,7,287,0,1,33,FC Schalke 04,872,3500000.0,1500000.0,0.999,1.0,0.997,same_club
336,Johannes Geis,GER,2016-17,Schalke 04,D M S,18,1341,0,0,0,15,45,0.481,0.481,2.852,2.861,2.511,4,0,89650,Johannes Geis,1993-08-17,23.04,181.0,right,Midfield,Defensive Midfield,Germany,Germany,18,1333,0,0,33,FC Schalke 04,1774,15000000.0,10000000.0,0.998,1.0,0.994,same_club
341,Franco Di Santo,GER,2016-17,Schalke 04,F M S,12,315,0,0,2,6,5,0.359,0.359,1.144,1.167,0.191,2,0,59783,Franco Di Santo,1989-04-07,27.4,193.0,right,Attack,Centre-Forward,Argentina,Argentina,12,316,0,2,33,FC Schalke 04,501,3500000.0,2500000.0,0.999,1.0,0.997,same_club
345,Júnior Caiçara,GER,2016-17,Schalke 04,D S,3,104,0,0,0,0,1,0.0,0.0,0.045,0.132,0.132,1,0,112062,Júnior Caiçara,1989-04-27,27.35,173.0,right,Defender,Right-Back,,,3,107,0,0,33,FC Schalke 04,1814,6000000.0,3000000.0,0.992,1.0,0.972,same_club
354,Gaëtan Bussmann,GER,2016-17,Mainz 05,D S,14,1050,0,0,1,10,9,0.416,0.416,1.022,2.454,1.316,1,1,127177,Gaëtan Bussmann,1991-02-02,25.58,184.0,left,Defender,Left-Back,France,France,14,1048,0,1,39,1.FSV Mainz 05,1581,2500000.0,2000000.0,0.999,1.0,0.998,same_club
359,Timothy Chandler,GER,2016-17,Eintracht Frankfurt,D M S,32,2815,0,0,3,18,35,1.149,1.149,4.535,10.175,6.134,7,1,49723,Timothy Chandler,1990-03-29,26.43,187.0,right,Defender,Right-Back,United States,Germany,32,2817,0,4,24,Eintracht Frankfurt,3237,1500000.0,3500000.0,1.0,1.0,0.999,same_club
367,Jan Morávek,GER,2016-17,Augsburg,M S,13,703,0,0,0,3,11,0.209,0.209,0.782,1.725,0.785,2,0,63022,Jan Moravek,1989-11-01,26.83,180.0,right,Midfield,Central Midfield,Czech Republic,CSSR,13,698,0,1,167,FC Augsburg,698,750000.0,750000.0,0.998,1.0,0.993,same_club
372,Julian Weigl,GER,2016-17,Borussia Dortmund,M S,30,2419,0,0,0,7,7,0.242,0.242,0.714,17.387,16.639,2,0,196792,Julian Weigl,1995-09-08,20.98,186.0,right,Midfield,Defensive Midfield,Germany,Germany,30,2416,0,0,16,Borussia Dortmund,3499,18000000.0,25000000.0,1.0,1.0,0.999,same_club
386,Gojko Kacar,GER,2016-17,Augsburg,D M S,22,1097,0,0,1,7,7,0.277,0.277,0.228,2.42,2.241,1,0,28683,Gojko Kacar,1987-01-26,29.6,,,Midfield,Defensive Midfield,Serbia,Jugoslawien (SFR),22,1098,0,1,167,FC Augsburg,1188,1250000.0,1000000.0,1.0,1.0,0.999,same_club
387,Luiz Gustavo,GER,2016-17,Wolfsburg,D M S,27,2343,0,0,0,18,4,0.583,0.583,0.148,5.946,5.771,6,1,10471,Luiz Gustavo,1987-07-23,29.11,187.0,left,Midfield,Defensive Midfield,Brazil,Brazil,27,2344,0,0,82,VfL Wolfsburg,2614,17000000.0,12000000.0,1.0,1.0,1.0,same_club
390,Fabian Reese,GER,2016-17,Schalke 04,F S,3,73,0,0,0,2,2,0.067,0.067,0.037,0.089,0.0,0,0,227102,Fabian Reese,1997-11-29,18.76,187.0,right,Attack,Left Winger,Germany,Germany,3,74,0,0,33,FC Schalke 04,178,500000.0,500000.0,0.997,1.0,0.989,same_club
394,Leon Balogun,GER,2016-17,Mainz 05,D S,17,1020,0,0,0,3,2,0.177,0.177,0.056,1.198,1.162,3,0,56100,Leon Balogun,1988-06-28,28.18,190.0,right,Defender,Centre-Back,Nigeria,Germany,17,1023,0,0,39,1.FSV Mainz 05,1204,2000000.0,2000000.0,0.999,1.0,0.997,same_club
399,Ulisses García,GER,2016-17,Werder Bremen,D M S,7,348,0,0,1,2,3,0.187,0.187,0.94,1.551,0.424,1,0,192616,Ulisses Garcia,1996-01-11,20.64,182.0,left,Defender,Left-Back,Switzerland,Portugal,7,350,0,1,86,SV Werder Bremen,350,1000000.0,750000.0,0.998,1.0,0.994,same_club
400,Lukas Fröde,GER,2016-17,Werder Bremen,S,3,12,0,0,0,0,0,0.0,0.0,0.0,0.0,0.0,0,0,153628,Lukas Fröde,1995-01-23,21.61,192.0,right,Midfield,Defensive Midfield,Germany,Germany,3,13,0,0,86,SV Werder Bremen,13,400000.0,400000.0,0.997,1.0,0.989,same_club
419,Maximilian Mittelstädt,GER,2016-17,Hertha Berlin,D M S,12,462,0,0,1,4,4,0.462,0.462,0.993,1.863,0.569,3,1,282660,Maximilian Mittelstädt,1997-03-18,19.46,180.0,left,Defender,Left-Back,Germany,Germany,12,461,0,1,44,Hertha BSC,581,500000.0,1000000.0,0.999,1.0,0.998,same_club
421,Lars Bender,GER,2016-17,Bayer Leverkusen,D M,9,617,0,0,1,5,7,0.134,0.134,1.783,1.962,1.141,4,0,30059,Lars Bender,1989-04-27,27.35,185.0,right,Midfield,Defensive Midfield,Germany,Germany,9,608,0,1,15,Bayer 04 Leverkusen,823,18000000.0,10000000.0,0.996,1.0,0.985,same_club
427,Marco Höger,GER,2016-17,FC Cologne,M S,30,2063,0,0,1,8,17,0.263,0.263,1.901,10.694,8.865,7,0,55510,Marco Höger,1989-09-16,26.96,182.0,right,Midfield,Defensive Midfield,Germany,Germany,30,2061,0,1,3,1.FC Köln,2124,3000000.0,4000000.0,1.0,1.0,0.999,same_club
435,Benjamin Henrichs,GER,2016-17,Bayer Leverkusen,D S,29,2427,0,0,2,7,17,0.183,0.183,1.512,8.65,7.445,1,0,202591,Benjamin Henrichs,1997-02-23,19.52,185.0,right,Defender,Right-Back,Germany,Germany,29,2427,0,2,15,Bayer 04 Leverkusen,3070,1250000.0,10000000.0,1.0,1.0,1.0,same_club
440,Tom Mickel,GER,2016-17,Hamburger SV,GK,1,90,0,0,0,0,0,0.0,0.0,0.0,0.0,0.0,0,0,44607,Tom Mickel,1989-04-19,27.37,185.0,right,Goalkeeper,Goalkeeper,Germany,East Germany (GDR),1,90,0,0,41,Hamburger SV,90,150000.0,250000.0,1.0,1.0,1.0,same_club
441,Fabian Frei,GER,2016-17,Mainz 05,M S,24,1672,0,0,1,16,13,0.621,0.621,0.935,4.469,3.284,3,0,52595,Fabian Frei,1989-01-08,27.65,183.0,right,Midfield,Defensive Midfield,Switzerland,Switzerland,24,1667,0,1,39,1.FSV Mainz 05,1975,3000000.0,2500000.0,0.999,1.0,0.997,same_club
445,Philipp Ochs,GER,2016-17,Hoffenheim,D M S,3,143,0,0,0,0,1,0.0,0.0,0.028,0.737,0.737,1,0,207592,Philipp Ochs,1997-04-17,19.38,175.0,left,Attack,Left Winger,Germany,Germany,3,144,0,0,533,TSG 1899 Hoffenheim,175,1500000.0,1000000.0,0.998,1.0,0.993,same_club
450,Benjamin Gorka,GER,2016-17,Darmstadt,S,1,5,0,0,0,0,0,0.0,0.0,0.0,0.0,0.0,0,0,31123,Benjamin Gorka,1984-04-15,32.38,,,Defender,Centre-Back,Germany,Germany,1,6,0,0,105,SV Darmstadt 98,6,250000.0,150000.0,0.997,1.0,0.989,same_club
451,Matija Nastasic,GER,2016-17,Schalke 04,D S,22,1921,0,0,0,3,3,0.043,0.043,0.186,3.429,3.384,6,0,143559,Matija Nastasić,1993-03-28,23.43,187.0,left,Defender,Centre-Back,Serbia,Yugoslavia (Republic),22,1921,0,0,33,FC Schalke 04,3121,12000000.0,12000000.0,1.0,1.0,1.0,same_club
547,Guillermo Varela,GER,2016-17,Eintracht Frankfurt,D M S,7,429,0,0,0,0,2,0.0,0.0,0.083,0.591,0.508,1,0,188862,Guillermo Varela,1993-03-24,23.44,174.0,right,Defender,Right-Back,Uruguay,Uruguay,7,431,0,0,24,Eintracht Frankfurt,630,750000.0,750000.0,0.999,1.0,0.995,same_club
684,Abdul Rahman Baba,GER,2016-17,Schalke 04,D M S,13,702,0,0,2,6,8,0.299,0.299,0.684,1.761,1.267,2,0,224884,Abdul Rahman Baba,1994-07-02,22.17,179.0,left,Defender,Left-Back,Ghana,Ghana,13,707,0,2,33,FC Schalke 04,1308,12000000.0,8000000.0,0.998,1.0,0.993,same_club
858,Philipp Wollscheid,GER,2016-17,Wolfsburg,D S,7,541,0,0,0,6,3,0.322,0.322,0.526,2.782,2.272,0,0,53173,Philipp Wollscheid,1989-03-06,27.49,,,Defender,Centre-Back,Germany,Germany,7,541,0,0,82,VfL Wolfsburg,721,7500000.0,2500000.0,1.0,1.0,1.0,same_club
858,Philipp Wollscheid,GER,2016-17,Wolfsburg,D S,7,541,0,0,0,6,3,0.322,0.322,0.526,2.782,2.272,0,0,53173,Philipp Wollscheid,1989-03-06,27.49,,,Defender,Centre-Back,Germany,Germany,7,541,0,0,82,VfL Wolfsburg,721,7500000.0,2500000.0,1.0,1.0,1.0,same_club
1217,Moritz Leitner,GER,2016-17,Augsburg,M S,6,231,0,0,0,5,2,0.304,0.304,0.049,0.764,0.466,0,0,82243,Moritz Leitner,1992-12-08,23.73,178.0,right,Midfield,Central Midfield,Germany,Germany,6,235,0,0,167,FC Augsburg,248,1500000.0,1000000.0,0.995,1.0,0.983,same_club
1217,Moritz Leitner,GER,2016-17,Augsburg,M S,6,231,0,0,0,5,2,0.304,0.304,0.049,0.764,0.466,0,0,82243,Moritz Leitner,1992-12-08,23.73,178.0,right,Midfield,Central Midfield,Germany,Germany,6,235,0,0,167,FC Augsburg,248,1500000.0,1000000.0,0.997,1.0,0.989,same_club
1936,Niklas Moisander,GER,2016-17,Werder Bremen,D S,30,2654,0,0,1,9,8,1.116,1.116,0.589,6.238,5.738,5,0,5017,Niklas Moisander,1985-09-29,30.92,183.0,left,Defender,Centre-Back,Finland,Finland,30,2655,0,1,86,SV Werder Bremen,2745,2000000.0,2000000.0,1.0,1.0,1.0,same_club
1966,Jakub Blaszczykowski,GER,2016-17,Wolfsburg,D M S,28,1687,0,0,1,11,19,0.44,0.44,1.941,6.757,5.097,2,0,29835,Jakub Blaszczykowski,1985-12-14,30.72,176.0,right,Attack,Right Winger,Poland,Poland,28,1690,0,3,82,VfL Wolfsburg,1866,7000000.0,3000000.0,0.999,1.0,0.998,same_club
2063,Timothée Kolodziejczak,GER,2016-17,Borussia M.Gladbach,S,1,7,0,0,0,0,0,0.0,0.0,0.0,0.0,0.0,0,0,84085,Timothée Kolodziejczak,1991-10-01,24.92,183.0,left,Defender,Centre-Back,France,France,1,8,0,0,18,Borussia Mönchengladbach,704,7000000.0,6000000.0,0.999,1.0,0.997,same_club
2063,Timothée Kolodziejczak,GER,2016-17,Borussia M.Gladbach,S,1,7,0,0,0,0,0,0.0,0.0,0.0,0.0,0.0,0,0,84085,Timothée Kolodziejczak,1991-10-01,24.92,183.0,left,Defender,Centre-Back,France,France,1,8,0,0,18,Borussia Mönchengladbach,704,7000000.0,6000000.0,0.997,1.0,0.989,same_club
2215,Alen Halilovic,GER,2016-17,Hamburger SV,M S,6,133,0,0,0,1,0,0.019,0.019,0.0,0.086,0.086,0,0,226074,Alen Halilovic,1996-06-18,20.21,169.0,left,Midfield,Attacking Midfield,Croatia,Croatia,6,137,0,0,41,Hamburger SV,809,10000000.0,4000000.0,0.995,1.0,0.983,same_club
2215,Alen Halilovic,GER,2016-17,Hamburger SV,M S,6,133,0,0,0,1,0,0.019,0.019,0.0,0.086,0.086,0,0,226074,Alen Halilovic,1996-06-18,20.21,169.0,left,Midfield,Attacking Midfield,Croatia,Croatia,6,137,0,0,41,Hamburger SV,809,10000000.0,4000000.0,0.991,1.0,0.971,same_club
2453,Marc Bartra,GER,2016-17,Borussia Dortmund,D S,19,1561,0,0,3,20,9,1.061,1.061,1.671,8.387,6.942,5,0,99922,Marc Bartra,1991-01-15,25.63,184.0,right,Defender,Centre-Back,Spain,Spain,19,1560,0,4,16,Borussia Dortmund,2606,8000000.0,10000000.0,1.0,1.0,0.999,same_club
2456,Omar Mascarell,GER,2016-17,Eintracht Frankfurt,M S,28,2450,0,0,0,12,14,0.447,0.447,1.252,7.759,6.211,13,0,142031,Omar Mascarell,1993-02-02,23.58,181.0,right,Midfield,Defensive Midfield,Equatorial Guinea,Spain,28,2450,0,0,24,Eintracht Frankfurt,2929,2000000.0,4500000.0,1.0,1.0,1.0,same_club
2624,Djibril Sow,GER,2016-17,Borussia M.Gladbach,S,1,1,0,0,0,0,0,0.0,0.0,0.0,0.0,0.0,0,0,212723,Djibril Sow,1997-02-06,19.57,183.0,right,Midfield,Central Midfield,Switzerland,Switzerland,1,1,0,0,18,Borussia Mönchengladbach,13,1000000.0,1000000.0,1.0,1.0,1.0,same_club
2627,Jannes Horn,GER,2016-17,Wolfsburg,D M S,13,975,0,0,1,2,10,0.165,0.165,0.71,2.896,2.261,2,0,231586,Jannes Horn,1997-02-06,19.57,186.0,left,Defender,Left-Back,Germany,Germany,13,974,0,2,82,VfL Wolfsburg,974,150000.0,4000000.0,1.0,1.0,0.999,same_club
2640,Erik Durm,GER,2016-17,Borussia Dortmund,D M S,13,974,0,0,2,9,16,0.711,0.711,1.818,8.218,6.024,1,0,93922,Erik Durm,1992-05-12,24.31,183.0,right,Defender,Right-Back,Germany,Germany,13,975,0,2,16,Borussia Dortmund,1389,5000000.0,5000000.0,1.0,1.0,0.999,same_club
2642,Nuri Sahin,GER,2016-17,Borussia Dortmund,M S,5,231,0,0,0,1,2,0.069,0.069,0.434,2.638,2.135,1,0,31095,Nuri Sahin,1988-09-05,27.99,180.0,left,Midfield,Defensive Midfield,Turkey,Germany,5,232,0,0,16,Borussia Dortmund,460,6500000.0,4000000.0,0.999,1.0,0.996,same_club
2643,Mergim Mavraj,GER,2016-17,"FC Cologne,Hamburger SV",D,30,2700,0,0,0,14,0,0.736,0.736,0.0,5.762,5.745,5,0,38267,Mergim Mavraj,1986-06-09,30.23,189.0,left,Defender,Centre-Back,Albania,Germany,30,2700,0,0,"3,41","1.FC Köln,Hamburger SV",3000,1750000.0,2000000.0,1.0,1.0,1.0,same_club
2644,Filip Mladenovic,GER,2016-17,FC Cologne,S,2,9,0,0,0,0,0,0.0,0.0,0.0,0.0,0.0,0,0,168063,Filip Mladenovic,1991-08-15,25.05,180.0,left,Defender,Left-Back,Serbia,Jugoslawien (SFR),2,9,0,0,3,1.FC Köln,371,2000000.0,1200000.0,1.0,1.0,1.0,same_club
2645,Marcel Hartel,GER,2016-17,FC Cologne,S,2,90,0,0,0,4,0,0.555,0.555,0.0,1.157,0.616,0,0,189073,Marcel Hartel,1996-01-19,20.62,177.0,both,Midfield,Central Midfield,Germany,Germany,2,91,0,0,3,1.FC Köln,91,300000.0,300000.0,0.997,1.0,0.989,same_club
2656,Tim Rieder,GER,2016-17,Augsburg,M S,5,208,0,0,0,1,0,0.078,0.078,0.0,0.235,0.157,0,0,111277,Tim Rieder,1993-09-03,23.0,186.0,right,Midfield,Defensive Midfield,Germany,Germany,5,213,0,0,167,FC Augsburg,213,100000.0,300000.0,0.993,1.0,0.977,same_club
2657,Nabil Bahoui,GER,2016-17,Hamburger SV,M,1,67,0,0,0,1,0,0.098,0.098,0.0,0.118,0.02,0,0,93184,Nabil Bahoui,1991-02-05,25.57,188.0,right,Attack,Centre-Forward,Sweden,Sweden,1,67,0,0,41,Hamburger SV,67,1000000.0,500000.0,1.0,1.0,1.0,same_club
2663,Felix Passlack,GER,2016-17,Borussia Dortmund,D M S,10,535,0,0,0,3,4,0.039,0.039,0.402,4.516,4.334,1,0,274461,Felix Passlack,1998-05-29,18.26,170.0,right,Defender,Right-Back,Germany,Germany,10,534,0,1,16,Borussia Dortmund,994,1000000.0,3000000.0,0.999,1.0,0.998,same_club
2667,Sambou Yatabaré,GER,2016-17,Werder Bremen,M,2,176,0,0,0,2,0,0.254,0.254,0.0,0.323,0.086,0,0,93309,Sambou Yatabaré,1989-03-02,27.5,190.0,right,Midfield,Central Midfield,Mali,France,2,176,0,0,86,SV Werder Bremen,233,2500000.0,1000000.0,1.0,1.0,1.0,same_club
2669,Alexander Milosevic,GER,2016-17,Darmstadt,D,18,1601,0,0,0,10,2,0.961,0.961,0.132,1.459,1.438,4,0,171376,Alexander Milosevic,1992-01-30,24.59,193.0,right,Defender,Centre-Back,Sweden,Sweden,18,1598,0,0,105,SV Darmstadt 98,1747,1000000.0,500000.0,0.999,1.0,0.998,same_club
2672,Bruno Henrique,GER,2016-17,Wolfsburg,M S,7,176,0,0,0,4,5,0.581,0.581,0.29,0.919,0.104,0,0,353108,Bruno Henrique,1990-12-30,25.67,184.0,right,Attack,Centre-Forward,Brazil,Brazil,7,177,0,0,82,VfL Wolfsburg,188,2000000.0,2000000.0,0.998,1.0,0.994,same_club
2685,Baris Atik,GER,2016-17,Hoffenheim,S,3,64,0,0,0,1,0,0.018,0.018,0.0,0.689,0.671,0,0,161072,Baris Atik,1995-01-09,21.65,169.0,right,Attack,Left Winger,Turkey,Germany,3,68,0,0,533,TSG 1899 Hoffenheim,68,125000.0,800000.0,0.987,1.0,0.956,same_club
2691,Milos Veljkovic,GER,2016-17,Werder Bremen,D M S,26,1812,0,0,0,3,5,0.199,0.199,0.273,3.155,2.933,5,0,202228,Milos Veljkovic,1995-09-26,20.93,188.0,right,Defender,Centre-Back,Serbia,Switzerland,26,1809,0,0,86,SV Werder Bremen,1809,500000.0,3000000.0,1.0,1.0,0.998,same_club
2692,Leon Guwara,GER,2016-17,Darmstadt,D M S,17,1095,0,0,0,2,10,0.058,0.058,0.855,2.2,1.925,1,1,201135,Leon Guwara,1996-06-28,20.18,185.0,left,Defender,Left-Back,The Gambia,Germany,17,1097,0,0,105,SV Darmstadt 98,1097,350000.0,500000.0,0.999,1.0,0.998,same_club
2693,Marius Wolf,GER,2016-17,Eintracht Frankfurt,M S,3,169,0,0,0,1,2,0.034,0.034,0.215,0.163,0.037,1,0,193900,Marius Wolf,1995-05-27,21.27,188.0,right,Defender,Right-Back,Germany,Germany,3,168,0,0,24,Eintracht Frankfurt,181,800000.0,500000.0,0.998,1.0,0.994,same_club
2698,Tom Starke,GER,2016-17,Bayern Munich,GK,3,270,0,0,0,0,0,0.0,0.0,0.0,0.63,0.63,0,0,80,Tom Starke,1981-03-18,35.46,194.0,right,Goalkeeper,Goalkeeper,Germany,East Germany (GDR),3,270,0,0,27,Bayern Munich,270,200000.0,200000.0,1.0,1.0,1.0,same_club
2699,Finn Porath,GER,2016-17,Hamburger SV,S,1,1,0,0,0,0,0,0.0,0.0,0.0,0.0,0.0,0,0,241307,Finn Porath,1997-02-23,19.52,180.0,right,Midfield,Right Midfield,Germany,Germany,1,1,0,0,41,Hamburger SV,1,100000.0,200000.0,1.0,1.0,1.0,same_club
3216,Marcel Tisserand,GER,2016-17,Ingolstadt,D S,28,2390,0,0,1,16,5,1.724,1.724,0.522,3.632,2.989,9,0,170463,Marcel Tisserand,1993-01-10,23.64,190.0,right,Defender,Centre-Back,DR Congo,France,28,2389,0,2,4795,FC Ingolstadt 04,2479,2000000.0,3000000.0,1.0,1.0,1.0,same_club
3216,Marcel Tisserand,GER,2016-17,Ingolstadt,D S,28,2390,0,0,1,16,5,1.724,1.724,0.522,3.632,2.989,9,0,170463,Marcel Tisserand,1993-01-10,23.64,190.0,right,Defender,Centre-Back,DR Congo,France,28,2389,0,2,4795,FC Ingolstadt 04,2479,2000000.0,3000000.0,1.0,1.0,1.0,same_club
3230,Paul-Georges Ntep,GER,2016-17,Wolfsburg,M S,10,502,0,0,2,11,6,0.816,0.816,1.607,4.164,2.678,0,0,148955,Paul-Georges Ntep,1992-07-29,24.09,180.0,right,Attack,Left Winger,Cameroon,Cameroon,10,502,0,2,82,VfL Wolfsburg,1695,10000000.0,8000000.0,0.998,1.0,0.992,same_club
3230,Paul-Georges Ntep,GER,2016-17,Wolfsburg,M S,10,502,0,0,2,11,6,0.816,0.816,1.607,4.164,2.678,0,0,148955,Paul-Georges Ntep,1992-07-29,24.09,180.0,right,Attack,Left Winger,Cameroon,Cameroon,10,502,0,2,82,VfL Wolfsburg,1695,10000000.0,8000000.0,1.0,1.0,1.0,same_club
3290,Benjamin Stambouli,GER,2016-17,Schalke 04,M S,23,1299,0,0,0,4,3,0.078,0.078,0.157,3.149,2.954,3,1,127160,Benjamin Stambouli,1990-08-13,26.05,180.0,right,Midfield,Defensive Midfield,France,France,23,1294,0,0,33,FC Schalke 04,2313,7000000.0,6000000.0,0.999,1.0,0.996,same_club
3468,Jonas Lössl,GER,2016-17,Mainz 05,GK,27,2430,0,0,0,1,2,0.027,0.027,0.1,2.494,2.437,0,0,48870,Jonas Lössl,1989-02-01,27.58,195.0,right,Goalkeeper,Goalkeeper,Denmark,Denmark,27,2430,0,0,39,1.FSV Mainz 05,3090,2500000.0,1500000.0,1.0,1.0,1.0,same_club
3593,Fallou Diagne,GER,2016-17,Werder Bremen,D,2,136,0,0,0,0,2,0.0,0.0,0.134,0.095,0.095,0,0,82389,Fallou Diagne,1989-08-14,27.05,185.0,right,Defender,Centre-Back,Senegal,Senegal,2,135,0,0,86,SV Werder Bremen,1139,2000000.0,1500000.0,0.998,1.0,0.993,same_club
3593,Fallou Diagne,GER,2016-17,Werder Bremen,D,2,136,0,0,0,0,2,0.0,0.0,0.134,0.095,0.095,0,0,82389,Fallou Diagne,1989-08-14,27.05,185.0,right,Defender,Centre-Back,Senegal,Senegal,2,135,0,0,86,SV Werder Bremen,1139,2000000.0,1500000.0,0.998,1.0,0.993,same_club
3738,Serhou Guirassy,GER,2016-17,FC Cologne,S,6,77,0,0,0,1,0,0.554,0.554,0.0,0.554,0.554,2,0,270541,Serhou Guirassy,1996-03-12,20.47,187.0,right,Attack,Centre-Forward,Guinea,France,6,79,0,0,3,1.FC Köln,79,2000000.0,1500000.0,0.993,1.0,0.978,same_club
4036,José Rodríguez,GER,2016-17,Mainz 05,S,2,5,0,0,0,0,0,0.0,0.0,0.0,0.0,0.0,0,1,165012,José Rodríguez,1994-12-16,21.71,180.0,right,Midfield,Central Midfield,Spain,Spain,2,6,0,0,39,1.FSV Mainz 05,735,2250000.0,1000000.0,0.997,1.0,0.991,same_club
4036,José Rodríguez,GER,2016-17,Mainz 05,S,2,5,0,0,0,0,0,0.0,0.0,0.0,0.0,0.0,0,1,165012,José Rodríguez,1994-12-16,21.71,180.0,right,Midfield,Central Midfield,Spain,Spain,2,6,0,0,39,1.FSV Mainz 05,735,2250000.0,1000000.0,0.997,1.0,0.989,same_club
4236,Sinan Kurt,GER,2016-17,Hertha Berlin,S,2,5,0,0,0,0,0,0.0,0.0,0.0,0.0,0.0,0,0,170530,Sinan Kurt,1996-07-23,20.11,173.0,left,Attack,Left Winger,Germany,Germany,2,5,0,0,44,Hertha BSC,6,500000.0,300000.0,1.0,1.0,1.0,same_club
4243,Christian Günter,GER,2016-17,Freiburg,D M S,31,2696,0,0,2,15,29,0.369,0.369,1.759,4.7,2.996,5,1,93707,Christian Günter,1993-02-28,23.51,184.0,left,Defender,Left-Back,Germany,Germany,31,2696,0,2,60,SC Freiburg,2906,2000000.0,3500000.0,1.0,1.0,1.0,same_club
4244,Karim Guédé,GER,2016-17,Freiburg,F S,5,187,0,0,0,3,1,0.221,0.221,0.02,0.313,0.072,0,0,10885,Karim Guédé,1985-01-07,31.65,184.0,right,Attack,Centre-Forward,Slovakia,Germany,5,186,0,1,60,SC Freiburg,186,500000.0,350000.0,0.998,1.0,0.995,same_club
4245,Julian Schuster,GER,2016-17,Freiburg,D M S,13,846,0,0,0,3,6,0.066,0.066,0.37,1.657,1.354,3,0,29865,Julian Schuster,1985-04-15,31.38,189.0,right,Midfield,Defensive Midfield,Germany,Germany,13,846,0,0,60,SC Freiburg,862,500000.0,500000.0,1.0,1.0,1.0,same_club
4246,Mike Frantz,GER,2016-17,Freiburg,M S,30,2507,0,0,1,23,26,1.723,1.723,1.466,4.327,2.169,2,0,30942,Mike Frantz,1986-10-14,29.88,182.0,right,Midfield,Defensive Midfield,Germany,Germany,30,2502,0,2,60,SC Freiburg,2502,1750000.0,2500000.0,0.999,1.0,0.998,same_club
4252,Marc Torrejón,GER,2016-17,Freiburg,D S,12,932,0,0,0,6,1,0.265,0.265,0.048,1.856,1.746,1,0,38266,Marc Torrejón,1986-02-18,30.54,,,Defender,Centre-Back,Spain,Spain,12,930,0,0,60,SC Freiburg,989,1200000.0,1000000.0,0.999,1.0,0.998,same_club
4288,Immanuel Höhn,GER,2016-17,Darmstadt,D,12,1069,0,0,0,2,4,0.05,0.05,0.071,0.949,0.891,3,0,77920,Immanuel Höhn,1991-12-23,24.69,183.0,right,Defender,Centre-Back,Germany,Germany,12,1069,0,0,105,SV Darmstadt 98,1249,1300000.0,750000.0,1.0,1.0,1.0,same_club
4291,Marc-Oliver Kempf,GER,2016-17,Freiburg,D S,13,1147,0,0,0,3,4,0.209,0.209,0.351,2.454,2.414,2,0,160938,Marc Oliver Kempf,1995-01-28,21.59,186.0,left,Defender,Centre-Back,Germany,Germany,13,1146,0,0,60,SC Freiburg,1146,3500000.0,4000000.0,1.0,1.0,0.999,same_club
4336,Raphael Framberger,GER,2016-17,Augsburg,D M S,3,144,0,0,1,0,2,0.0,0.0,0.628,0.628,0.0,0,0,146163,Raphael Framberger,1995-09-06,20.99,179.0,right,Defender,Right-Back,Germany,Germany,3,143,0,1,167,FC Augsburg,143,100000.0,250000.0,0.998,1.0,0.993,same_club
4339,Mats Møller Dæhli,GER,2016-17,Freiburg,S,2,20,0,0,0,0,0,0.0,0.0,0.0,0.129,0.129,0,0,190831,Mats Møller Dæhli,1995-03-02,21.5,172.0,right,Midfield,Central Midfield,Norway,Norway,2,23,0,0,60,SC Freiburg,86,750000.0,900000.0,0.99,1.0,0.967,same_club
4764,Jean-Philippe Gbamin,GER,2016-17,Mainz 05,M S,25,1825,0,0,0,23,5,1.438,1.438,0.158,3.569,3.184,2,3,182894,Jean-Philippe Gbamin,1995-09-25,20.94,186.0,right,Defender,Centre-Back,Cote d'Ivoire,Cote d'Ivoire,25,1825,0,0,39,1.FSV Mainz 05,2337,2500000.0,5000000.0,1.0,1.0,1.0,same_club
5214,Martin Hansen,GER,2016-17,Ingolstadt,GK,23,2039,0,0,0,0,1,0.0,0.0,0.027,0.424,0.397,1,0,45601,Martin Hansen,1990-06-15,26.21,190.0,right,Goalkeeper,Goalkeeper,Denmark,Denmark,23,2038,0,0,4795,FC Ingolstadt 04,2158,1500000.0,1200000.0,1.0,1.0,1.0,same_club
5216,Robert Leipertz,GER,2016-17,Ingolstadt,S,6,31,0,0,0,3,0,0.145,0.145,0.0,0.145,0.0,0,0,119120,Robert Leipertz,1993-02-01,23.58,183.0,left,Attack,Right Winger,Germany,Germany,6,32,0,0,4795,FC Ingolstadt 04,32,1500000.0,1000000.0,0.997,1.0,0.989,same_club
5219,Aleksandar Dragovic,GER,2016-17,Bayer Leverkusen,D S,19,1255,0,0,1,6,4,0.376,0.376,0.482,1.57,1.484,1,0,59032,Aleksandar Dragovic,1991-03-06,25.49,186.0,right,Defender,Centre-Back,Austria,Austria,19,1257,0,1,15,Bayer 04 Leverkusen,2052,15000000.0,12000000.0,1.0,1.0,0.998,same_club
5221,Leon Bailey,GER,2016-17,Bayer Leverkusen,S,8,128,0,0,0,6,3,0.164,0.164,0.224,0.577,0.209,1,0,387626,Leon Bailey,1997-08-09,19.06,178.0,left,Attack,Right Winger,Jamaica,Jamaica,8,134,0,1,15,Bayer 04 Leverkusen,2606,7500000.0,11000000.0,0.987,1.0,0.955,same_club
5223,Vasilije Janjicic,GER,2016-17,Hamburger SV,M S,4,176,0,0,0,1,1,0.013,0.013,0.011,0.185,0.16,0,0,265254,Vasilije Janjicic,1998-11-02,17.83,180.0,right,Midfield,Central Midfield,Switzerland,Switzerland,4,176,0,0,41,Hamburger SV,176,225000.0,500000.0,1.0,1.0,1.0,same_club
5225,Bakery Jatta,GER,2016-17,Hamburger SV,M S,6,174,0,0,0,4,3,0.465,0.465,0.544,0.964,0.023,0,0,415194,Bakery Jatta,1998-06-06,18.24,184.0,right,Attack,Right Winger,The Gambia,The Gambia,6,180,0,0,41,Hamburger SV,180,100000.0,500000.0,0.99,1.0,0.967,same_club
5228,Renato Sanches,GER,2016-17,Bayern Munich,M S,17,614,0,0,0,12,4,0.254,0.254,0.125,3.966,3.793,3,0,258027,Renato Sanches,1997-08-18,19.04,176.0,right,Midfield,Central Midfield,Portugal,Portugal,17,617,0,0,27,Bayern Munich,905,30000000.0,22000000.0,0.999,1.0,0.995,same_club
5233,Andersson Ordóñez,GER,2016-17,Eintracht Frankfurt,D S,4,187,0,0,0,0,0,0.0,0.0,0.0,0.278,0.278,0,0,234625,Andersson Ordóñez,1994-01-29,22.59,186.0,left,Defender,Centre-Back,Ecuador,Ecuador,4,184,0,0,24,Eintracht Frankfurt,184,350000.0,750000.0,0.995,1.0,0.984,same_club
5239,Allan,GER,2016-17,Hertha Berlin,M S,15,789,0,0,0,7,2,0.142,0.142,0.187,1.841,1.552,3,0,385271,Allan,1997-03-03,19.5,172.0,left,Midfield,Defensive Midfield,Brazil,Brazil,15,791,0,0,44,Hertha BSC,818,800000.0,1500000.0,0.999,1.0,0.997,same_club
5240,Ondrej Duda,GER,2016-17,Hertha Berlin,S,3,67,0,0,0,0,1,0.0,0.0,0.065,0.34,0.34,0,0,232418,Ondrej Duda,1994-12-05,21.74,180.0,right,Midfield,Central Midfield,Slovakia,Slovakia,3,67,0,0,44,Hertha BSC,127,4500000.0,3500000.0,1.0,1.0,1.0,same_club
5241,Péter Gulácsi,GER,2016-17,RasenBallsport Leipzig,GK,33,2970,0,0,0,0,1,0.0,0.0,0.02,2.368,2.368,1,0,57071,Péter Gulácsi,1990-05-06,26.32,193.0,right,Goalkeeper,Goalkeeper,Hungary,Hungary,33,2970,0,0,23826,RB Leipzig,3090,700000.0,3000000.0,1.0,1.0,1.0,same_club
5242,Stefan Ilsanker,GER,2016-17,RasenBallsport Leipzig,D M S,33,2646,0,0,0,9,10,0.319,0.319,0.532,7.929,7.622,8,0,40074,Stefan Ilsanker,1989-05-18,27.29,189.0,right,Midfield,Defensive Midfield,Austria,Austria,33,2644,0,1,23826,RB Leipzig,2764,2000000.0,5500000.0,1.0,1.0,0.999,same_club
5243,Dayotchanculle Upamecano,GER,2016-17,RasenBallsport Leipzig,D S,12,658,0,0,0,1,1,0.109,0.109,0.08,2.38,2.38,3,0,344695,Dayot Upamecano,1998-10-27,17.85,186.0,right,Defender,Centre-Back,France,France,12,666,0,0,23826,RB Leipzig,1029,1000000.0,7500000.0,0.966,0.95,0.988,same_club
5245,Bernardo,GER,2016-17,RasenBallsport Leipzig,D S,22,1897,0,0,1,14,14,1.208,1.208,2.532,7.816,6.441,3,0,364258,Bernardo,1995-05-14,21.3,186.0,left,Defender,Left-Back,Brazil,Brazil,22,1894,0,1,23826,RB Leipzig,2461,1000000.0,5000000.0,1.0,1.0,0.998,same_club
5251,Rani Khedira,GER,2016-17,RasenBallsport Leipzig,M S,10,155,0,0,0,2,1,0.068,0.068,0.028,0.045,0.016,0,0,124410,Rani Khedira,1994-01-27,22.6,188.0,right,Midfield,Defensive Midfield,Tunisia,Germany,10,157,0,0,23826,RB Leipzig,157,900000.0,750000.0,0.996,1.0,0.987,same_club
5253,Benno Schmitz,GER,2016-17,RasenBallsport Leipzig,D M S,16,991,0,0,2,10,8,0.413,0.413,1.708,3.184,1.383,2,0,160968,Benno Schmitz,1994-11-17,21.79,182.0,right,Defender,Right-Back,Germany,Germany,16,988,0,2,23826,RB Leipzig,1108,900000.0,1750000.0,0.999,1.0,0.997,same_club
5254,Marcel Halstenberg,GER,2016-17,RasenBallsport Leipzig,D M,30,2661,0,0,1,28,26,1.706,1.706,2.828,8.304,6.078,4,0,70243,Marcel Halstenberg,1991-09-27,24.93,188.0,left,Defender,Left-Back,Germany,Germany,30,2659,0,3,23826,RB Leipzig,2779,3500000.0,6000000.0,1.0,1.0,0.999,same_club
5255,Fabio Coltorti,GER,2016-17,RasenBallsport Leipzig,GK,1,90,0,0,0,0,0,0.0,0.0,0.0,0.35,0.35,0,0,10250,Fabio Coltorti,1980-12-03,35.75,,,Goalkeeper,Goalkeeper,Switzerland,Switzerland,1,90,0,0,23826,RB Leipzig,90,300000.0,200000.0,1.0,1.0,1.0,same_club
5259,Georg Teigl,GER,2016-17,Augsburg,M S,18,647,0,0,1,7,5,0.769,0.769,0.539,1.918,0.61,1,0,81698,Georg Teigl,1991-02-09,25.56,183.0,right,Defender,Right-Back,Austria,Austria,18,659,0,1,167,FC Augsburg,720,750000.0,750000.0,0.995,1.0,0.982,same_club
5260,Andreas Luthe,GER,2016-17,Augsburg,GK,2,180,0,0,0,0,2,0.0,0.0,0.065,0.045,0.0,0,0,41323,Andreas Luthe,1987-03-10,29.48,195.0,right,Goalkeeper,Goalkeeper,Germany,Germany,2,180,0,0,167,FC Augsburg,180,500000.0,500000.0,1.0,1.0,1.0,same_club
5261,Kevin Danso,GER,2016-17,Augsburg,D,7,617,0,0,0,3,2,0.202,0.202,0.048,0.305,0.258,0,0,263236,Kevin Danso,1998-09-19,17.95,190.0,right,Defender,Centre-Back,Austria,Austria,7,613,0,1,167,FC Augsburg,613,,1000000.0,0.998,1.0,0.994,same_club
5262,Alexander Schwolow,GER,2016-17,Freiburg,GK,34,3060,0,0,0,0,2,0.0,0.0,0.064,2.325,2.261,1,0,93763,Alexander Schwolow,1992-06-02,24.25,190.0,right,Goalkeeper,Goalkeeper,Germany,Germany,34,3060,0,0,60,SC Freiburg,3150,1500000.0,4000000.0,1.0,1.0,1.0,same_club
5263,Lukas Kübler,GER,2016-17,Freiburg,D M S,16,1164,0,0,1,4,6,0.234,0.234,0.927,1.5,1.124,1,0,93604,Lukas Kübler,1992-08-30,24.01,182.0,right,Defender,Right-Back,Germany,Germany,16,1157,0,1,60,SC Freiburg,1157,500000.0,1250000.0,0.998,1.0,0.994,same_club
5264,Caglar Söyüncü,GER,2016-17,Freiburg,D,24,2074,0,0,1,10,4,0.525,0.525,0.658,2.428,1.856,4,0,320141,Çağlar Söyüncü,1996-05-23,20.28,185.0,both,Defender,Centre-Back,Türkiye,Türkiye,24,2070,0,1,60,SC Freiburg,2160,2250000.0,7000000.0,0.999,1.0,0.998,same_club
5267,Onur Bulut,GER,2016-17,Freiburg,F M S,21,1000,0,0,1,9,12,0.431,0.431,0.939,1.865,0.678,3,0,152733,Onur Bulut,1994-04-16,22.38,179.0,right,Defender,Right-Back,Türkiye,Germany,21,999,0,1,60,SC Freiburg,1135,1250000.0,1500000.0,1.0,1.0,0.999,same_club
5269,Håvard Nielsen,GER,2016-17,Freiburg,S,4,24,0,0,1,0,1,0.0,0.0,0.054,0.054,0.0,0,0,136181,Havard Nielsen,1993-07-15,23.13,187.0,right,Attack,Centre-Forward,Norway,Norway,4,24,0,1,60,SC Freiburg,24,1250000.0,800000.0,1.0,1.0,1.0,same_club
5270,Gerrit Holtmann,GER,2016-17,Mainz 05,M S,5,122,0,0,1,2,2,0.1,0.1,0.398,0.429,0.0,0,0,190289,Gerrit Holtmann,1995-03-25,21.44,185.0,left,Attack,Left Winger,Philippines,Germany,5,124,0,1,39,1.FSV Mainz 05,127,2500000.0,1500000.0,0.995,1.0,0.984,same_club
5277,Michael Esser,GER,2016-17,Darmstadt,GK,28,2486,0,0,0,1,0,0.076,0.076,0.0,0.978,0.978,3,0,61989,Michael Esser,1987-11-22,28.78,198.0,right,Goalkeeper,Goalkeeper,Germany,Germany,28,2485,0,0,105,SV Darmstadt 98,2665,900000.0,2000000.0,1.0,1.0,1.0,same_club
5278,Patrick Banggaard,GER,2016-17,Darmstadt,D,9,810,0,0,0,5,0,0.299,0.299,0.0,0.465,0.465,4,0,186557,Patrick Banggaard,1994-04-04,22.41,196.0,right,Defender,Centre-Back,Denmark,Denmark,9,810,0,0,105,SV Darmstadt 98,3388,600000.0,700000.0,1.0,1.0,1.0,same_club
5279,Wilson Kamavuaka,GER,2016-17,Darmstadt,M S,8,510,0,0,0,2,2,0.058,0.058,0.026,1.003,0.988,2,0,55512,Wilson Kamavuaka,1990-03-29,26.43,188.0,right,Midfield,Defensive Midfield,DR Congo,Germany,8,506,0,1,105,SV Darmstadt 98,962,750000.0,700000.0,0.998,1.0,0.992,same_club
5280,Hamit Altintop,GER,2016-17,Darmstadt,M S,16,1361,0,0,0,20,11,1.316,0.558,0.561,2.791,2.236,3,0,1792,Hamit Altintop,1982-12-08,33.73,183.0,right,Midfield,Right Midfield,Turkey,Germany,16,1361,0,0,105,SV Darmstadt 98,1413,600000.0,300000.0,1.0,1.0,1.0,same_club
5281,Markus Steinhöfer,GER,2016-17,Darmstadt,D M S,7,315,0,0,1,3,6,0.224,0.224,0.31,0.56,0.121,0,0,16726,Markus Steinhöfer,1986-03-07,30.49,,,Defender,Right-Back,Germany,Germany,7,319,0,1,105,SV Darmstadt 98,319,300000.0,300000.0,0.996,1.0,0.987,same_club
5283,Daniel Heuer Fernandes,GER,2016-17,Darmstadt,GK S,7,574,0,0,0,0,0,0.0,0.0,0.0,0.661,0.661,0,0,84993,Daniel Heuer Fernandes,1992-11-13,23.8,188.0,right,Goalkeeper,Goalkeeper,Portugal,Germany,7,575,0,0,105,SV Darmstadt 98,575,750000.0,600000.0,0.999,1.0,0.998,same_club
5284,Artem Fedetskyy,GER,2016-17,Darmstadt,D S,16,1106,0,0,0,4,4,0.129,0.129,0.124,0.78,0.732,4,0,58000,Artem Fedetskyi,1985-04-26,31.35,184.0,right,Defender,Right-Back,Ukraine,UdSSR,16,1113,0,0,105,SV Darmstadt 98,1203,2500000.0,750000.0,0.958,0.933,0.994,same_club
5286,Douglas Santos,GER,2016-17,Hamburger SV,D S,20,1712,0,0,0,7,11,0.139,0.139,0.792,3.178,2.543,4,0,220793,Douglas Santos,1994-03-22,22.45,173.0,left,Defender,Left-Back,Brazil,Brazil,20,1712,0,0,41,Hamburger SV,1892,6000000.0,5000000.0,1.0,1.0,1.0,same_club
5289,Max Besuschkow,GER,2016-17,Eintracht Frankfurt,M S,3,85,0,0,0,1,2,0.043,0.043,0.085,0.026,0.026,1,0,207578,Max Besuschkow,1997-05-31,19.26,187.0,right,Midfield,Central Midfield,Germany,Germany,3,86,0,0,24,Eintracht Frankfurt,154,400000.0,400000.0,0.997,1.0,0.989,same_club
5291,Takashi Usami,GER,2016-17,Augsburg,M S,11,435,0,0,0,2,4,0.077,0.077,0.134,0.235,0.048,0,0,111881,Takashi Usami,1992-05-06,24.32,178.0,right,Attack,Second Striker,Japan,Japan,11,438,0,0,167,FC Augsburg,438,2500000.0,1000000.0,0.998,1.0,0.993,same_club
5292,Manuel Gulde,GER,2016-17,Freiburg,D S,20,1688,0,0,0,2,1,0.155,0.155,0.037,1.005,1.005,2,0,45683,Manuel Gulde,1991-02-12,25.55,184.0,right,Defender,Centre-Back,Germany,Germany,20,1687,0,0,60,SC Freiburg,1807,1500000.0,2500000.0,1.0,1.0,0.999,same_club
5294,Salih Özcan,GER,2016-17,FC Cologne,M S,13,359,0,0,2,4,3,0.19,0.19,1.356,2.351,0.804,0,1,244940,Salih Özcan,1998-01-11,18.64,182.0,right,Midfield,Defensive Midfield,Türkiye,Germany,13,363,0,2,3,1.FC Köln,474,100000.0,750000.0,0.997,1.0,0.989,same_club
5295,Sven Müller,GER,2016-17,FC Cologne,GK,1,90,0,0,0,0,0,0.0,0.0,0.0,0.172,0.172,0,0,168797,Sven Müller,1996-02-16,20.54,190.0,left,Goalkeeper,Goalkeeper,Germany,Germany,1,90,0,0,3,1.FC Köln,180,100000.0,300000.0,1.0,1.0,1.0,same_club
5296,Julius Kade,GER,2016-17,Hertha Berlin,S,1,7,0,0,0,0,1,0.0,0.0,0.397,0.397,0.0,0,0,317735,Julius Kade,1999-05-20,17.29,182.0,left,Midfield,Central Midfield,Germany,Germany,1,9,0,0,44,Hertha BSC,9,,,0.993,1.0,0.978,same_club
5297,Florian Baak,GER,2016-17,Hertha Berlin,S,2,11,0,0,0,0,0,0.0,0.0,0.0,0.0,0.0,0,0,296345,Florian Baak,1999-03-18,17.46,191.0,right,Defender,Centre-Back,Germany,Germany,2,12,0,0,44,Hertha BSC,12,,,0.997,1.0,0.989,same_club
5298,Arne Maier,GER,2016-17,Hertha Berlin,S,1,1,0,0,0,0,0,0.0,0.0,0.0,0.0,0.0,0,0,296397,Arne Maier,1999-01-08,17.65,186.0,right,Midfield,Central Midfield,Germany,Germany,1,1,0,0,44,Hertha BSC,1,,,1.0,1.0,1.0,same_club
5299,Riechedly Bazoer,GER,2016-17,Wolfsburg,M,12,980,0,0,1,19,6,1.134,1.134,0.627,5.193,3.632,5,0,216443,Riechedly Bazoer,1996-10-12,19.89,184.0,right,Defender,Centre-Back,Curacao,Netherlands,12,972,0,1,82,VfL Wolfsburg,1600,15000000.0,10000000.0,0.998,1.0,0.992,same_club
5304,Mikel Merino,GER,2016-17,Borussia Dortmund,D S,8,288,0,0,0,5,3,0.508,0.508,0.248,1.549,1.427,1,0,338424,Mikel Merino,1996-06-22,20.19,188.0,left,Midfield,Central Midfield,Spain,Spain,8,293,0,0,16,Borussia Dortmund,312,3000000.0,2500000.0,0.995,1.0,0.983,same_club
5309,Federico Palacios,GER,2016-17,RasenBallsport Leipzig,S,2,49,0,0,0,2,1,0.091,0.091,0.113,0.205,0.0,0,0,146096,Federico Palacios,1995-04-09,21.4,170.0,right,Midfield,Attacking Midfield,Germany,Germany,2,55,0,0,23826,RB Leipzig,55,175000.0,225000.0,0.98,1.0,0.933,same_club
5312,Taleb Tawatha,GER,2016-17,Eintracht Frankfurt,D M S,14,690,0,0,0,2,10,0.169,0.169,1.743,2.34,1.14,0,0,60761,Taleb Tawatha,1992-06-21,24.2,176.0,left,Defender,Left-Back,Israel,Israel,14,694,0,0,24,Eintracht Frankfurt,1003,1000000.0,1500000.0,0.998,1.0,0.994,same_club
5313,Julian Günther-Schmidt,GER,2016-17,Augsburg,S,4,40,0,0,0,3,0,0.61,0.61,0.0,0.568,0.0,0,0,161079,Julian Günther-Schmidt,1994-09-13,21.97,183.0,both,Midfield,Attacking Midfield,Germany,Germany,4,42,0,0,167,FC Augsburg,46,75000.0,125000.0,0.993,1.0,0.978,same_club
5322,Victor Osimhen,GER,2016-17,Wolfsburg,S,2,43,0,0,0,1,1,0.012,0.012,0.039,0.039,0.0,1,0,401923,Victor Osimhen,1998-12-29,17.68,186.0,right,Attack,Centre-Forward,Nigeria,Nigeria,2,45,0,0,82,VfL Wolfsburg,45,,1000000.0,0.993,1.0,0.978,same_club
5323,Bernard Tekpetey,GER,2016-17,Schalke 04,S,2,3,0,0,0,0,0,0.0,0.0,0.0,0.0,0.0,1,0,422380,Bernard Tekpetey,1997-09-03,19.0,172.0,right,Attack,Right Winger,Ghana,Ghana,2,4,0,0,33,FC Schalke 04,94,100000.0,300000.0,0.997,1.0,0.989,same_club
5324,Justin Möbius,GER,2016-17,Wolfsburg,S,2,45,0,0,0,0,0,0.0,0.0,0.0,0.0,0.0,0,0,207590,Justin Möbius,1997-04-21,19.36,179.0,left,Midfield,Attacking Midfield,Germany,Germany,2,47,0,0,82,VfL Wolfsburg,107,50000.0,200000.0,0.993,1.0,0.978,same_club
5326,Ba-Muaka Simakala,GER,2016-17,Borussia M.Gladbach,S,1,10,0,0,0,0,0,0.0,0.0,0.0,0.042,0.042,0,0,227974,Ba-Muaka Simakala,1997-01-28,19.59,180.0,both,Attack,Left Winger,Germany,Germany,1,10,0,0,18,Borussia Mönchengladbach,10,50000.0,200000.0,1.0,1.0,1.0,same_club
5330,Dzenis Burnic,GER,2016-17,Borussia Dortmund,D,1,90,0,0,0,0,1,0.0,0.0,0.056,0.107,0.051,1,0,251295,Dzenis Burnic,1998-05-22,18.28,182.0,left,Midfield,Defensive Midfield,Bosnia-Herzegovina,Germany,1,90,0,0,16,Borussia Dortmund,91,100000.0,250000.0,1.0,1.0,1.0,same_club
5332,Victor Obinna,GER,2016-17,Darmstadt,S,2,37,0,0,0,1,2,0.026,0.026,0.066,0.093,0.0,0,0,35852,Victor Obinna,1987-03-25,29.44,,,Attack,Second Striker,Nigeria,Nigeria,2,37,0,0,105,SV Darmstadt 98,82,500000.0,250000.0,1.0,1.0,1.0,same_club
5333,Roman Bezjak,GER,2016-17,Darmstadt,M S,11,594,0,0,0,9,6,0.779,0.779,0.286,1.006,0.467,0,0,80672,Roman Bezjak,1989-02-21,27.53,179.0,right,Attack,Centre-Forward,Slovenia,Jugoslawien (SFR),11,589,0,0,105,SV Darmstadt 98,814,2500000.0,1750000.0,0.997,1.0,0.992,same_club
5343,Hendrik Hansen,GER,2016-17,Wolfsburg,S,1,84,0,0,0,0,0,0.0,0.0,0.0,0.0,0.0,0,0,158049,Hendrik Hansen,1994-11-04,21.83,195.0,right,Defender,Centre-Back,Germany,Germany,1,83,0,0,82,VfL Wolfsburg,83,75000.0,200000.0,0.997,1.0,0.989,same_club
5345,Mounir Bouziane,GER,2016-17,Mainz 05,S,1,13,0,0,0,0,0,0.0,0.0,0.0,0.0,0.0,0,0,123189,Mounir Bouziane,1991-02-05,25.57,185.0,both,Attack,Centre-Forward,France,France,1,13,0,0,39,1.FSV Mainz 05,13,225000.0,250000.0,1.0,1.0,1.0,same_club
5346,Jonas Meffert,GER,2016-17,Freiburg,M,1,58,0,0,0,0,1,0.0,0.0,0.025,0.123,0.098,0,0,107574,Jonas Meffert,1994-09-04,21.99,186.0,right,Midfield,Defensive Midfield,Germany,Germany,1,58,0,0,60,SC Freiburg,193,1500000.0,800000.0,1.0,1.0,1.0,same_club
5347,Jonas Föhrenbach,GER,2016-17,Freiburg,D S,3,102,0,0,0,0,0,0.0,0.0,0.0,0.26,0.26,0,0,192169,Jonas Föhrenbach,1996-01-26,20.6,184.0,left,Defender,Left-Back,Germany,Germany,3,101,0,0,60,SC Freiburg,101,500000.0,300000.0,0.997,1.0,0.99,same_club
5350,Thanos Petsos,GER,2016-17,Werder Bremen,M S,3,143,0,0,0,1,0,0.013,0.013,0.0,0.393,0.379,2,0,82110,Thanos Petsos,1991-06-05,25.24,184.0,right,Midfield,Defensive Midfield,Greece,Germany,3,143,0,0,86,SV Werder Bremen,150,1500000.0,800000.0,1.0,1.0,1.0,same_club
5352,Niklas Schmidt,GER,2016-17,Werder Bremen,S,1,14,0,0,1,0,1,0.0,0.0,0.118,0.064,0.064,0,0,275249,Niklas Schmidt,1998-03-01,18.51,184.0,both,Midfield,Central Midfield,Germany,Germany,1,14,0,1,86,SV Werder Bremen,14,100000.0,300000.0,1.0,1.0,1.0,same_club
5353,Josip Brekalo,GER,2016-17,Wolfsburg,S,4,74,0,0,0,4,1,0.11,0.11,0.012,0.134,0.012,1,0,293169,Josip Brekalo,1998-06-23,18.19,175.0,right,Attack,Left Winger,Croatia,Croatia,4,76,0,0,82,VfL Wolfsburg,76,4000000.0,3000000.0,0.993,1.0,0.978,same_club
5358,Lukas Klostermann,GER,2016-17,RasenBallsport Leipzig,D,1,90,0,0,0,1,0,0.02,0.02,0.0,0.02,0.0,1,0,215599,Lukas Klostermann,1996-06-03,20.25,189.0,right,Defender,Centre-Back,Germany,Germany,1,90,0,0,23826,RB Leipzig,90,3000000.0,3000000.0,1.0,1.0,1.0,same_club
5360,Weston McKennie,GER,2016-17,Schalke 04,S,1,13,0,0,0,0,0,0.0,0.0,0.0,0.0,0.0,0,0,332697,Weston McKennie,1998-08-28,18.01,180.0,right,Midfield,Central Midfield,United States,United States,1,13,0,0,33,FC Schalke 04,13,,100000.0,1.0,1.0,1.0,same_club
5364,Silas Zehnder,GER,2016-17,Darmstadt,S,1,1,0,0,0,0,0,0.0,0.0,0.0,0.0,0.0,0,0,317753,Silas Zehnder,1999-06-30,17.17,170.0,left,Defender,Left-Back,Germany,,1,1,0,0,105,SV Darmstadt 98,1,,100000.0,1.0,1.0,1.0,same_club
5365,Massimo Bruno,GER,2016-17,RasenBallsport Leipzig,S,1,2,0,0,0,1,0,0.066,0.066,0.0,0.066,0.0,0,0,111376,Massimo Bruno,1993-09-17,22.96,178.0,right,Midfield,Attacking Midfield,Belgium,Belgium,1,4,0,0,23826,RB Leipzig,1386,1750000.0,2000000.0,0.993,1.0,0.978,same_club
1253,Edin Dzeko,ITA,2016-17,Roma,F S,37,3051,29,28,9,178,44,32.399,30.116,5.462,34.761,4.386,4,0,28396,Edin Dzeko,1986-03-17,30.46,192.0,right,Attack,Centre-Forward,Bosnia-Herzegovina,Jugoslawien (SFR),37,3054,29,12,12,Associazione Sportiva Roma,4041,12000000.0,22000000.0,1.0,1.0,0.999,same_club
1384,Dries Mertens,ITA,2016-17,Napoli,F S,35,2573,28,26,9,148,57,25.144,22.861,8.105,37.671,11.753,6,0,56416,Dries Mertens,1987-05-06,29.33,169.0,right,Attack,Second Striker,Belgium,Belgium,35,2560,28,9,6195,SSC Napoli,3215,16000000.0,28000000.0,0.998,1.0,0.995,same_club
1186,Andrea Belotti,ITA,2016-17,Torino,F S,35,3070,26,24,7,130,57,20.715,16.908,4.63,19.518,3.973,5,0,167727,Andrea Belotti,1993-12-20,22.7,181.0,right,Attack,Centre-Forward,Italy,Italy,35,3071,26,5,416,Torino FC,3297,10000000.0,30000000.0,1.0,1.0,1.0,same_club
1293,Gonzalo Higuaín,ITA,2016-17,Juventus,F S,38,2966,24,24,3,134,39,19.413,19.413,6.202,26.909,6.437,1,0,39153,Gonzalo Higuaín,1987-12-10,28.73,184.0,right,Attack,Centre-Forward,Argentina,France,38,2967,24,3,506,Juventus FC,4486,65000000.0,75000000.0,1.0,1.0,1.0,same_club
1513,Mauro Icardi,ITA,2016-17,Inter,F,34,3030,24,21,8,109,43,20.68,17.635,4.898,21.164,2.212,1,0,68863,Mauro Icardi,1993-02-19,23.53,181.0,right,Attack,Centre-Forward,Argentina,Argentina,34,3028,24,8,46,Inter Milan,3427,35000000.0,50000000.0,1.0,1.0,0.999,same_club
1209,Ciro Immobile,ITA,2016-17,Lazio,F S,36,3128,23,17,3,136,41,21.187,16.619,3.792,21.832,4.345,5,0,105521,Ciro Immobile,1990-02-20,26.53,185.0,right,Attack,Centre-Forward,Italy,Italy,36,3123,23,3,398,Società Sportiva Lazio S.p.A.,3517,10000000.0,20000000.0,1.0,1.0,0.998,same_club
1393,Lorenzo Insigne,ITA,2016-17,Napoli,F S,37,2946,18,16,9,147,66,14.799,13.277,7.879,33.148,18.729,2,0,133964,Lorenzo Insigne,1991-06-04,25.25,163.0,right,Attack,Left Winger,Italy,Italy,37,2937,18,8,6195,SSC Napoli,3767,25000000.0,35000000.0,0.999,1.0,0.997,same_club
1210,Keita,ITA,2016-17,Lazio,F M S,31,1938,16,14,3,70,43,8.736,7.214,4.307,13.986,3.791,4,1,238752,Keita Baldé,1995-03-08,21.49,178.0,both,Attack,Left Winger,Senegal,Spain,31,1930,16,4,398,Società Sportiva Lazio S.p.A.,2076,13000000.0,25000000.0,0.969,0.95,0.996,same_club
1405,Marco Borriello,ITA,2016-17,Cagliari,F S,36,2605,16,15,1,81,24,8.682,7.16,2.326,11.109,3.75,4,0,5825,Marco Borriello,1982-06-18,34.21,186.0,left,Attack,Centre-Forward,Italy,Italy,36,2595,16,1,1390,Cagliari Calcio,2685,800000.0,800000.0,0.999,1.0,0.996,same_club
1491,Alejandro Gomez,ITA,2016-17,Atalanta,F M,37,3155,16,14,10,117,89,11.634,10.112,10.415,22.893,8.977,6,0,20005,Papu Gómez,1988-02-15,28.54,167.0,right,Attack,Left Winger,Argentina,Argentina,37,3139,16,12,800,Atalanta BC,3224,9000000.0,15000000.0,0.878,0.8,0.995,same_club
1250,Mohamed Salah,ITA,2016-17,Roma,F M S,31,2498,15,15,11,80,71,13.412,13.412,9.634,29.467,9.3,2,0,148455,Mohamed Salah,1992-06-15,24.21,175.0,left,Attack,Right Winger,Egypt,Egypt,31,2487,15,13,12,Associazione Sportiva Roma,3186,27000000.0,35000000.0,0.999,1.0,0.996,same_club
1425,Nikola Kalinic,ITA,2016-17,Fiorentina,F S,32,2481,15,14,2,91,37,15.724,14.201,3.335,15.919,2.437,5,1,36371,Nikola Kalinic,1988-01-05,28.66,187.0,both,Attack,Centre-Forward,Croatia,Jugoslawien (SFR),32,2485,15,3,430,ACF Fiorentina,3161,14000000.0,20000000.0,1.0,1.0,0.998,same_club
1382,José Callejón,ITA,2016-17,Napoli,F,37,3151,14,14,12,86,76,12.507,12.507,9.206,29.337,10.37,3,1,61253,José Callejón,1987-02-11,29.56,178.0,right,Attack,Right Winger,Spain,Spain,37,3148,14,13,6195,SSC Napoli,4146,20000000.0,25000000.0,1.0,1.0,0.999,same_club
1125,Carlos Bacca,ITA,2016-17,AC Milan,F S,32,2152,13,9,3,56,19,14.851,10.283,2.608,12.942,2.017,3,0,119235,Carlos Bacca,1986-09-08,29.98,181.0,right,Attack,Centre-Forward,Colombia,Colombia,32,2128,13,4,5,AC Milan,2310,25000000.0,18000000.0,0.997,1.0,0.989,same_club
1360,Diego Falcinelli,ITA,2016-17,"Crotone,Sassuolo",F S,36,3147,13,11,3,99,36,11.442,9.919,3.404,12.794,2.167,7,0,119115,Diego Falcinelli,1991-06-26,25.19,186.0,left,Attack,Centre-Forward,Italy,Italy,36,3145,13,3,"4083,6574","FC Crotone,US Sassuolo",3211,1100000.0,5000000.0,1.0,1.0,0.999,same_club
1102,Giovanni Simeone,ITA,2016-17,Genoa,F S,35,2621,12,11,1,75,18,13.468,11.946,1.809,14.549,1.624,3,0,282388,Giovanni Simeone,1995-07-05,21.16,180.0,right,Attack,Centre-Forward,Argentina,Argentina,35,2588,12,1,252,Genoa CFC,2708,8000000.0,10000000.0,0.996,1.0,0.987,same_club
1147,Cyril Théréau,ITA,2016-17,Udinese,F M S,33,2516,12,11,2,70,30,9.619,8.096,2.195,13.323,5.039,3,0,29316,Cyril Théréau,1983-04-24,33.36,189.0,right,Attack,Second Striker,France,France,33,2500,12,2,410,Udinese Calcio,2500,1700000.0,1500000.0,0.998,1.0,0.994,same_club
1185,Iago Falque,ITA,2016-17,Torino,F M S,35,2539,12,10,8,65,50,8.456,6.172,4.829,15.919,7.989,2,0,59340,Iago Falque,1990-01-04,26.66,174.0,left,Attack,Right Winger,Spain,Spain,35,2532,12,6,416,Torino FC,2532,6500000.0,10000000.0,0.999,1.0,0.997,same_club
1230,Fabio Quagliarella,ITA,2016-17,Sampdoria,F S,37,2890,12,9,4,112,28,13.833,10.788,3.473,12.91,1.171,2,0,22328,Fabio Quagliarella,1983-01-31,33.59,180.0,right,Attack,Centre-Forward,,,37,2885,12,2,1038,UC Sampdoria,2975,2500000.0,2000000.0,0.999,1.0,0.998,same_club
1381,Marek Hamsik,ITA,2016-17,Napoli,M S,38,3064,12,12,10,88,77,8.06,8.06,7.283,29.709,19.658,1,0,38593,Marek Hamsik,1987-07-27,29.1,183.0,both,Midfield,Central Midfield,Slovakia,CSSR,38,3048,12,9,6195,SSC Napoli,3914,38000000.0,40000000.0,0.998,1.0,0.995,same_club
1468,Gregoire Defrel,ITA,2016-17,Sassuolo,F M S,29,1963,12,11,2,43,30,7.759,6.997,2.021,10.174,2.497,1,0,163222,Grégoire Defrel,1991-06-17,25.21,179.0,left,Attack,Centre-Forward,France,France,29,1958,12,4,6574,US Sassuolo,2591,6000000.0,9000000.0,0.999,1.0,0.997,same_club
448,Ivan Perisic,ITA,2016-17,Inter,F M S,36,2757,11,11,8,104,62,10.203,10.203,9.262,18.987,6.03,2,1,42460,Ivan Perišić,1989-02-02,27.58,186.0,both,Attack,Left Winger,Croatia,Jugoslawien (SFR),36,2757,11,9,46,Inter Milan,3043,25000000.0,30000000.0,1.0,1.0,1.0,same_club
1229,Luis Muriel,ITA,2016-17,Sampdoria,F S,31,2270,11,7,5,84,44,9.171,6.126,4.549,11.637,2.714,4,1,119228,Luis Muriel,1991-04-16,25.38,180.0,right,Attack,Centre-Forward,Colombia,Colombia,31,2258,11,7,1038,UC Sampdoria,2415,9500000.0,17000000.0,0.998,1.0,0.995,same_club
1236,Patrik Schick,ITA,2016-17,Sampdoria,F S,32,1489,11,11,3,43,20,5.7,5.7,2.712,7.837,1.849,2,0,242086,Patrik Schick,1996-01-24,20.61,191.0,left,Attack,Centre-Forward,Czech Republic,Czech Republic,32,1506,11,4,1038,UC Sampdoria,1655,3000000.0,15000000.0,0.997,1.0,0.989,same_club
1251,Radja Nainggolan,ITA,2016-17,Roma,F M S,37,3052,11,11,5,90,69,6.019,6.019,7.532,21.979,12.45,2,0,41982,Radja Nainggolan,1988-05-04,28.33,177.0,right,Midfield,Central Midfield,,,37,3043,11,3,12,Associazione Sportiva Roma,4230,33000000.0,40000000.0,0.999,1.0,0.997,same_club
1272,Ilija Nestorovski,ITA,2016-17,Palermo,F S,37,3106,11,10,3,76,37,8.045,7.284,2.057,9.829,2.416,5,0,54581,Ilija Nestorovski,1990-03-12,26.48,182.0,left,Attack,Centre-Forward,North Macedonia,Jugoslawien (SFR),37,3108,11,3,458,Palermo FC,3228,1500000.0,3500000.0,1.0,1.0,0.999,same_club
1294,Paulo Dybala,ITA,2016-17,Juventus,F M S,31,2162,11,8,7,89,58,9.196,6.913,7.81,18.341,9.298,2,0,206050,Paulo Dybala,1993-11-15,22.8,177.0,left,Attack,Second Striker,Argentina,Argentina,31,2153,11,8,506,Juventus FC,3370,45000000.0,65000000.0,0.999,1.0,0.996,same_club
1424,Federico Bernardeschi,ITA,2016-17,Fiorentina,F M S,32,2322,11,8,4,71,56,7.315,4.27,7.204,10.129,3.972,5,1,197300,Federico Bernardeschi,1994-02-16,22.54,183.0,left,Attack,Right Winger,Italy,Italy,32,2277,11,4,430,ACF Fiorentina,2851,16000000.0,30000000.0,0.994,1.0,0.981,same_club
1580,Mattia Destro,ITA,2016-17,Bologna,F S,30,2478,11,11,0,59,13,9.62,8.859,1.131,10.198,1.112,4,0,88683,Mattia Destro,1991-03-20,25.45,182.0,right,Attack,Centre-Forward,Italy,Italy,30,2475,11,1,1025,Bologna Football Club 1909,2728,11000000.0,8000000.0,1.0,1.0,0.999,same_club
1148,Duván Zapata,ITA,2016-17,Udinese,F S,38,3163,10,9,3,78,38,12.881,12.12,4.217,14.817,2.553,3,0,73794,Duván Zapata,1991-04-01,25.42,188.0,right,Attack,Centre-Forward,Colombia,Colombia,38,3154,10,5,410,Udinese Calcio,3244,7500000.0,8500000.0,0.999,1.0,0.997,same_club
1187,Adem Ljajic,ITA,2016-17,Torino,F M S,33,2526,10,9,8,94,60,6.001,4.478,7.3,13.868,8.695,5,0,69374,Adem Ljajic,1991-09-29,24.93,182.0,right,Midfield,Attacking Midfield,Serbia,Jugoslawien (SFR),33,2522,10,7,416,Torino FC,2755,12000000.0,11000000.0,1.0,1.0,0.998,same_club
1340,Roberto Inglese,ITA,2016-17,Chievo,F S,34,1969,10,10,4,44,19,7.425,6.664,2.183,8.053,0.841,0,0,159337,Roberto Inglese,1991-11-12,24.8,186.0,right,Attack,Centre-Forward,Italy,Italy,34,1967,10,4,862,Chievo Verona,2221,1000000.0,4500000.0,1.0,1.0,0.999,same_club
1434,Khouma Babacar,ITA,2016-17,Fiorentina,F S,22,1318,10,9,1,45,7,5.075,4.313,0.792,5.814,1.878,0,0,124902,Khouma Babacar,1993-03-17,23.46,185.0,right,Attack,Centre-Forward,Senegal,Senegal,22,1322,10,2,430,ACF Fiorentina,1766,7500000.0,8000000.0,0.999,1.0,0.997,same_club
1170,Gianluca Caprari,ITA,2016-17,Pescara,F M S,35,3113,9,8,4,107,48,10.758,8.474,5.715,16.081,5.737,8,0,146752,Gianluca Caprari,1993-07-30,23.09,171.0,right,Attack,Second Striker,Italy,Italy,35,3112,9,5,2921,Delfino Pescara 1936,3202,3500000.0,6000000.0,1.0,1.0,1.0,same_club
1347,Sergio Pellissier,ITA,2016-17,Chievo,F S,30,1719,9,6,2,36,11,7.729,5.445,2.322,7.501,0.944,1,0,5928,Sergio Pellissier,1979-04-12,37.39,175.0,right,Attack,Centre-Forward,Italy,Italy,30,1729,9,2,862,Chievo Verona,1740,200000.0,200000.0,0.998,1.0,0.994,same_club
1136,Gianluca Lapadula,ITA,2016-17,AC Milan,F S,27,1243,8,6,3,44,18,7.861,6.338,2.506,9.435,3.041,3,0,130394,Gianluca Lapadula,1990-02-07,26.57,178.0,left,Attack,Centre-Forward,Peru,Italy,27,1256,8,3,5,AC Milan,1364,6500000.0,8000000.0,0.997,1.0,0.99,same_club
1252,Stephan El Shaarawy,ITA,2016-17,Roma,F M S,32,1630,8,8,4,65,20,6.022,6.022,2.217,12.573,5.454,0,0,94529,Stephan El Shaarawy,1992-10-27,23.85,178.0,right,Attack,Left Winger,Italy,Italy,32,1623,8,5,12,Associazione Sportiva Roma,2326,17000000.0,17000000.0,0.999,1.0,0.996,same_club
1444,Blerim Dzemaili,ITA,2016-17,Bologna,F M S,31,2585,8,8,3,63,34,5.011,5.011,3.008,10.588,3.878,10,1,9967,Blerim Dzemaili,1986-04-12,30.39,180.0,right,Midfield,Central Midfield,Switzerland,Jugoslawien (SFR),31,2584,8,3,1025,Bologna Football Club 1909,2679,3500000.0,3000000.0,1.0,1.0,1.0,same_club
1472,Alessandro Matri,ITA,2016-17,Sassuolo,F S,31,1455,8,8,0,32,20,5.44,5.44,1.312,7.509,1.239,1,0,40660,Alessandro Matri,1984-08-19,32.04,183.0,right,Attack,Centre-Forward,Italy,Italy,31,1460,8,0,6574,US Sassuolo,1802,2000000.0,900000.0,0.999,1.0,0.997,same_club
1487,Andrea Conti,ITA,2016-17,Atalanta,D M S,33,2676,8,8,5,35,29,6.487,6.487,2.303,11.337,4.665,12,0,111227,Andrea Conti,1994-03-02,22.5,184.0,right,Defender,Right-Back,Italy,Italy,33,2669,8,5,800,Atalanta BC,2767,1000000.0,10000000.0,0.999,1.0,0.997,same_club
1514,Éder,ITA,2016-17,Inter,F M S,33,1466,8,8,4,54,34,6.307,6.307,4.373,13.631,5.18,3,0,37418,Éder,1986-11-15,29.8,177.0,right,Attack,Centre-Forward,Italy,Brazil,33,1471,8,4,46,Inter Milan,1997,12500000.0,10000000.0,0.999,1.0,0.997,same_club
1539,Diego Perotti,ITA,2016-17,Roma,F M S,32,1742,8,1,6,49,44,8.327,2.998,5.261,10.677,4.629,2,0,54984,Diego Perotti,1988-07-26,28.1,179.0,right,Attack,Left Winger,Argentina,Argentina,32,1746,8,8,12,Associazione Sportiva Roma,2363,15000000.0,17000000.0,0.999,1.0,0.998,same_club
1129,Suso,ITA,2016-17,AC Milan,F M S,34,2824,7,7,9,91,63,5.448,4.687,6.498,12.917,5.947,5,0,111961,Suso,1993-11-19,22.78,177.0,left,Midfield,Attacking Midfield,Spain,Spain,34,2820,7,9,5,AC Milan,3120,5500000.0,15000000.0,1.0,1.0,0.999,same_club
1295,Mario Mandzukic,ITA,2016-17,Juventus,F M S,34,2490,7,7,4,54,36,9.283,9.283,3.716,16.732,6.573,5,0,34572,Mario Mandzukic,1986-05-21,30.28,190.0,right,Attack,Centre-Forward,Croatia,Jugoslawien (SFR),34,2485,7,5,506,Juventus FC,3879,18000000.0,20000000.0,0.999,1.0,0.998,same_club
1336,Valter Birsa,ITA,2016-17,Chievo,F M S,35,2810,7,7,9,52,74,4.069,3.308,8.389,10.342,5.799,5,0,26105,Valter Birsa,1986-08-07,30.07,184.0,left,Midfield,Attacking Midfield,Slovenia,Jugoslawien (SFR),35,2784,7,9,862,Chievo Verona,2881,3500000.0,4500000.0,0.997,1.0,0.991,same_club
1406,Marco Sau,ITA,2016-17,Cagliari,F M S,34,2367,7,7,4,48,18,7.286,7.286,1.827,9.69,2.722,5,0,55801,Marco Sau,1987-11-03,28.83,169.0,right,Attack,Centre-Forward,Italy,Italy,34,2341,7,4,1390,Cagliari Calcio,2431,5000000.0,4000000.0,0.997,1.0,0.989,same_club
1486,Mattia Caldara,ITA,2016-17,Atalanta,D,30,2656,7,7,0,17,4,3.656,3.656,0.335,4.789,4.274,4,0,197470,Mattia Caldara,1994-05-05,22.33,187.0,right,Defender,Centre-Back,Italy,Italy,30,2655,7,0,800,Atalanta BC,2745,1000000.0,15000000.0,1.0,1.0,1.0,same_club
1592,João Pedro,ITA,2016-17,Cagliari,M S,22,1464,7,6,3,40,20,6.734,5.212,1.813,8.426,2.166,4,1,129129,João Pedro,1992-03-09,24.48,174.0,right,Attack,Centre-Forward,Italy,Brazil,22,1458,7,3,1390,Cagliari Calcio,1458,4000000.0,5000000.0,0.999,1.0,0.996,same_club
1605,Diego Farias,ITA,2016-17,Cagliari,F M S,20,1156,7,5,2,34,24,4.874,3.351,2.333,6.85,2.294,4,0,83877,Diego Farias,1990-05-10,26.31,172.0,right,Attack,Left Winger,Brazil,Brazil,20,1163,7,2,1390,Cagliari Calcio,1163,3800000.0,4000000.0,0.998,1.0,0.994,same_club
1154,Stipe Perica,ITA,2016-17,Udinese,F M S,27,1050,6,6,1,33,18,4.756,4.756,2.502,7.497,1.712,4,0,245072,Stipe Perica,1995-07-07,21.16,192.0,right,Attack,Centre-Forward,Croatia,Croatia,27,1067,6,1,410,Udinese Calcio,1067,2500000.0,3000000.0,0.995,1.0,0.984,same_club
1166,Ahmed Benali,ITA,2016-17,Pescara,D F M S,33,2517,6,6,2,37,23,6.042,6.042,1.902,11.765,5.541,4,1,121402,Ahmad Benali,1992-02-07,24.57,173.0,right,Midfield,Central Midfield,Libya,England,33,2502,6,2,2921,Delfino Pescara 1936,2592,1200000.0,3000000.0,0.968,0.95,0.994,same_club
1182,Daniele Baselli,ITA,2016-17,Torino,M S,37,2317,6,6,5,41,27,4.081,4.081,2.136,10.831,6.402,6,0,134883,Daniele Baselli,1992-03-12,24.47,182.0,right,Midfield,Central Midfield,Italy,Italy,37,2297,6,4,416,Torino FC,2398,6500000.0,7000000.0,0.997,1.0,0.991,same_club
1274,Andrea Rispoli,ITA,2016-17,Palermo,D M S,32,2686,6,6,3,25,38,2.5,2.5,3.555,6.142,2.008,5,0,74448,Andrea Rispoli,1988-09-29,27.92,188.0,right,Defender,Right-Back,Italy,Italy,32,2686,6,3,458,Palermo FC,2806,800000.0,2000000.0,1.0,1.0,1.0,same_club
1319,Levan Mchedlidze,ITA,2016-17,Empoli,F S,15,949,6,6,0,27,3,3.926,3.165,0.194,2.741,0.22,3,0,56912,Levan Mchedlidze,1990-03-24,26.44,192.0,left,Attack,Centre-Forward,Georgia,UdSSR,15,947,6,0,749,FC Empoli,947,500000.0,800000.0,0.999,1.0,0.998,same_club
1445,Simone Verdi,ITA,2016-17,Bologna,F M S,28,2134,6,6,3,56,45,2.877,2.877,3.315,8.743,4.395,4,0,130360,Simone Verdi,1992-07-12,24.14,174.0,both,Midfield,Attacking Midfield,Italy,Italy,28,2125,6,5,1025,Bologna Football Club 1909,2215,1500000.0,6000000.0,0.999,1.0,0.996,same_club
1471,Lorenzo Pellegrini,ITA,2016-17,Sassuolo,M S,28,1958,6,5,6,46,26,4.668,3.906,3.272,8.371,5.016,7,1,286297,Lorenzo Pellegrini,1996-06-19,20.2,186.0,right,Midfield,Attacking Midfield,Italy,Italy,28,1951,6,6,6574,US Sassuolo,2396,2500000.0,12000000.0,0.999,1.0,0.996,same_club
1489,Franck Kessié,ITA,2016-17,Atalanta,M S,30,2219,6,4,3,46,19,5.239,3.716,2.248,12.12,8.14,5,2,294808,Franck Kessié,1996-12-19,19.7,183.0,right,Midfield,Central Midfield,Cote d'Ivoire,Cote d'Ivoire,30,2223,6,4,800,Atalanta BC,2313,4000000.0,20000000.0,0.999,1.0,0.998,same_club
1492,Jasmin Kurtic,ITA,2016-17,Atalanta,M S,37,2788,6,6,3,65,25,7.02,7.02,3.084,11.633,5.362,7,0,85825,Jasmin Kurtic,1989-01-10,27.64,186.0,right,Midfield,Central Midfield,Slovenia,Jugoslawien (SFR),37,2760,6,2,800,Atalanta BC,2895,4000000.0,7000000.0,0.997,1.0,0.99,same_club
1517,Antonio Candreva,ITA,2016-17,Inter,F M S,38,3035,6,6,10,88,83,6.167,5.405,10.465,21.015,9.772,2,0,25488,Antonio Candreva,1987-02-28,29.51,180.0,right,Midfield,Right Midfield,Italy,Italy,38,3022,6,11,46,Inter Milan,3514,23000000.0,20000000.0,0.999,1.0,0.996,same_club
1520,Éver Banega,ITA,2016-17,Inter,M S,28,1565,6,6,6,43,59,2.948,2.948,4.296,10.462,6.945,2,1,12249,Éver Banega,1988-06-29,28.18,174.0,right,Midfield,Central Midfield,Argentina,Argentina,28,1560,6,7,46,Inter Milan,1900,17000000.0,16000000.0,0.999,1.0,0.997,same_club
1134,Mario Pasalic,ITA,2016-17,AC Milan,M S,24,1766,5,5,1,41,18,6.715,6.715,1.078,10.091,4.428,5,0,205938,Mario Pašalić,1995-02-09,21.56,188.0,right,Midfield,Central Midfield,Croatia,Germany,24,1762,5,1,5,AC Milan,1846,4500000.0,8000000.0,0.999,1.0,0.998,same_club
1144,Seko Fofana,ITA,2016-17,Udinese,M S,22,1828,5,5,1,26,18,1.223,1.223,1.527,6.077,3.525,3,0,182893,Seko Fofana,1995-05-07,21.32,185.0,right,Midfield,Central Midfield,Cote d'Ivoire,France,22,1824,5,1,410,Udinese Calcio,1885,3500000.0,7500000.0,0.999,1.0,0.998,same_club
1146,Jakub Jankto,ITA,2016-17,Udinese,F M S,29,1914,5,5,4,32,39,2.673,2.673,4.796,6.792,2.267,6,0,319160,Jakub Jankto,1996-01-19,20.62,184.0,left,Midfield,Left Midfield,Czech Republic,Czech Republic,29,1902,5,4,410,Udinese Calcio,1918,1000000.0,8000000.0,0.998,1.0,0.994,same_club
1183,Marco Benassi,ITA,2016-17,Torino,M S,28,2063,5,5,2,45,27,3.921,3.921,2.569,8.016,3.561,5,0,201040,Marco Benassi,1994-09-08,21.98,184.0,right,Midfield,Central Midfield,Italy,Italy,28,2059,5,3,416,Torino FC,2149,6500000.0,9500000.0,0.999,1.0,0.998,same_club
1207,Marco Parolo,ITA,2016-17,Lazio,M,34,2985,5,5,1,57,35,5.913,5.913,2.011,10.636,5.355,11,0,84545,Marco Parolo,1985-01-25,31.6,184.0,right,Midfield,Central Midfield,Italy,Italy,34,2980,5,1,398,Società Sportiva Lazio S.p.A.,3260,7000000.0,7000000.0,0.999,1.0,0.998,same_club
1228,Bruno Fernandes,ITA,2016-17,Sampdoria,M S,33,1736,5,5,2,62,52,5.762,5.762,4.478,11.588,3.969,2,0,240306,Bruno Fernandes,1994-09-08,21.98,183.0,right,Midfield,Attacking Midfield,Portugal,Portugal,33,1723,5,2,1038,UC Sampdoria,1845,6500000.0,7500000.0,0.998,1.0,0.993,same_club
1290,Miralem Pjanic,ITA,2016-17,Juventus,M S,30,2179,5,5,9,52,60,5.833,5.833,7.522,16.916,9.612,5,0,44162,Miralem Pjanić,1990-04-02,26.42,181.0,right,Midfield,Central Midfield,Bosnia-Herzegovina,Jugoslawien (SFR),30,2171,5,10,506,Juventus FC,3428,38000000.0,40000000.0,0.999,1.0,0.996,same_club
1292,Sami Khedira,ITA,2016-17,Juventus,M,31,2554,5,5,4,40,30,5.316,5.316,3.851,16.307,9.787,2,0,29401,Sami Khedira,1987-04-04,29.41,189.0,right,Midfield,Central Midfield,Germany,Germany,31,2551,5,4,506,Juventus FC,3836,20000000.0,28000000.0,1.0,1.0,0.999,same_club
1315,Massimo Maccarone,ITA,2016-17,Empoli,F S,28,1507,5,3,2,49,8,5.733,4.211,1.325,5.864,0.815,3,1,3713,Massimo Maccarone,1979-09-06,36.99,180.0,right,Attack,Centre-Forward,Italy,Italy,28,1507,5,2,749,FC Empoli,1578,500000.0,400000.0,1.0,1.0,1.0,same_club
1333,Lucas Castro,ITA,2016-17,Chievo,M,33,2779,5,5,6,52,39,4.418,4.418,4.557,12.832,5.46,5,1,105892,Lucas Castro,1989-04-09,27.4,182.0,right,Midfield,Attacking Midfield,Argentina,Argentina,33,2767,5,6,862,Chievo Verona,2936,6000000.0,7500000.0,0.999,1.0,0.996,same_club
1386,Piotr Zielinski,ITA,2016-17,Napoli,M S,36,1851,5,5,7,31,38,1.466,1.466,3.346,11.54,7.761,4,0,181136,Piotr Zielinski,1994-05-20,22.29,180.0,both,Midfield,Central Midfield,Poland,Poland,36,1853,5,6,6195,SSC Napoli,2453,12000000.0,20000000.0,1.0,1.0,0.999,same_club
1426,Josip Ilicic,ITA,2016-17,Fiorentina,F M S,29,1899,5,4,4,92,56,7.228,4.945,3.427,9.895,4.454,2,0,80351,Josip Ilicic,1988-01-29,28.59,190.0,left,Midfield,Attacking Midfield,Slovenia,Jugoslawien (SFR),29,1899,5,4,430,ACF Fiorentina,2092,15000000.0,10000000.0,1.0,1.0,1.0,same_club
1469,Pietro Iemmello,ITA,2016-17,Sassuolo,F S,17,491,5,4,0,20,5,4.32,3.559,0.639,3.129,0.521,1,0,62735,Pietro Iemmello,1992-03-06,24.49,186.0,right,Attack,Centre-Forward,Italy,Italy,17,503,5,0,6574,US Sassuolo,658,650000.0,1500000.0,0.993,1.0,0.976,same_club
1473,Matteo Politano,ITA,2016-17,Sassuolo,F M S,32,2321,5,3,6,80,35,7.33,5.807,4.435,11.406,3.495,5,0,165895,Matteo Politano,1993-08-03,23.08,171.0,left,Attack,Right Winger,Italy,Italy,32,2318,5,6,6574,US Sassuolo,2880,3500000.0,7500000.0,1.0,1.0,0.999,same_club
1488,Remo Freuler,ITA,2016-17,Atalanta,M S,33,2608,5,5,4,35,52,4.739,4.739,4.102,17.912,12.079,5,0,148252,Remo Freuler,1992-04-15,24.38,181.0,right,Midfield,Central Midfield,Switzerland,Switzerland,33,2609,5,4,800,Atalanta BC,2760,2000000.0,7500000.0,1.0,1.0,1.0,same_club
1493,Andrea Petagna,ITA,2016-17,Atalanta,F S,34,2635,5,5,7,68,55,8.035,8.035,8.01,16.435,5.056,2,0,199258,Andrea Petagna,1995-06-30,21.17,190.0,left,Attack,Centre-Forward,Italy,Italy,34,2625,5,8,800,Atalanta BC,2739,600000.0,7000000.0,0.999,1.0,0.996,same_club
1583,Arkadiusz Milik,ITA,2016-17,Napoli,F S,17,537,5,5,0,22,6,2.578,2.578,0.206,3.674,1.62,1,0,191891,Arkadiusz Milik,1994-02-28,22.51,186.0,left,Attack,Centre-Forward,Poland,Poland,17,551,5,0,6195,SSC Napoli,872,12000000.0,19000000.0,0.992,1.0,0.975,same_club
1612,Domenico Berardi,ITA,2016-17,Sassuolo,F M S,21,1743,5,3,9,42,39,4.879,2.596,4.707,11.469,5.429,6,0,177843,Domenico Berardi,1994-08-01,22.09,183.0,left,Attack,Right Winger,Italy,Italy,21,1738,5,10,6574,US Sassuolo,2042,20000000.0,25000000.0,0.999,1.0,0.997,same_club
591,Gerard Deulofeu,ITA,2016-17,AC Milan,F M S,17,1467,4,4,3,37,43,3.398,3.398,6.48,11.869,3.652,4,0,129476,Gerard Deulofeu,1994-03-13,22.47,177.0,right,Attack,Centre-Forward,Spain,Spain,17,1463,4,3,5,AC Milan,1975,9000000.0,12000000.0,0.997,1.0,0.989,same_club
591,Gerard Deulofeu,ITA,2016-17,AC Milan,F M S,17,1467,4,4,3,37,43,3.398,3.398,6.48,11.869,3.652,4,0,129476,Gerard Deulofeu,1994-03-13,22.47,177.0,right,Attack,Centre-Forward,Spain,Spain,17,1463,4,3,5,AC Milan,1975,9000000.0,12000000.0,0.999,1.0,0.997,same_club
1145,Rodrigo de Paul,ITA,2016-17,Udinese,F M S,34,2381,4,4,2,43,46,3.599,3.599,4.973,10.687,4.111,7,1,255901,Rodrigo De Paul,1994-05-24,22.28,178.0,right,Midfield,Central Midfield,Argentina,Argentina,34,2357,4,3,410,Udinese Calcio,2447,2500000.0,4000000.0,0.997,1.0,0.99,same_club
1208,Felipe Anderson,ITA,2016-17,Lazio,D F M S,36,2935,4,3,9,70,75,4.917,4.155,8.497,18.278,9.17,5,0,159372,Felipe Anderson,1993-04-15,23.38,175.0,right,Attack,Left Winger,Brazil,Brazil,36,2920,4,10,398,Società Sportiva Lazio S.p.A.,3245,19000000.0,25000000.0,0.998,1.0,0.995,same_club
1249,Daniele De Rossi,ITA,2016-17,Roma,M S,31,2349,4,2,4,20,27,3.771,2.248,2.565,12.258,11.031,9,0,5947,Daniele De Rossi,1983-07-24,33.11,184.0,both,Midfield,Defensive Midfield,Italy,Italy,31,2345,4,4,12,Associazione Sportiva Roma,2994,5000000.0,5000000.0,0.999,1.0,0.998,same_club
1256,Kevin Strootman,ITA,2016-17,Roma,M S,33,2791,4,4,7,23,55,3.301,3.301,6.866,21.923,14.873,6,0,68864,Kevin Strootman,1990-02-13,26.55,186.0,left,Midfield,Central Midfield,Netherlands,Netherlands,33,2790,4,7,12,Associazione Sportiva Roma,3827,15000000.0,25000000.0,1.0,1.0,1.0,same_club
1275,Robin Quaison,ITA,2016-17,Palermo,F M S,17,1073,4,4,0,23,7,1.651,1.651,0.608,2.483,0.494,5,0,206542,Robin Quaison,1993-10-09,22.9,183.0,right,Attack,Centre-Forward,Sweden,Sweden,17,1079,4,0,458,Palermo FC,1681,2200000.0,2000000.0,0.999,1.0,0.996,same_club
1275,Robin Quaison,ITA,2016-17,Palermo,F M S,17,1073,4,4,0,23,7,1.651,1.651,0.608,2.483,0.494,5,0,206542,Robin Quaison,1993-10-09,22.9,183.0,right,Attack,Centre-Forward,Sweden,Sweden,17,1079,4,0,458,Palermo FC,1681,2200000.0,2000000.0,0.998,1.0,0.994,same_club
1313,Riccardo Saponara,ITA,2016-17,"Empoli,Fiorentina",M S,29,1952,4,4,3,46,27,4.969,4.969,2.096,9.766,3.665,5,0,88909,Riccardo Saponara,1991-12-21,24.7,183.0,right,Midfield,Attacking Midfield,Italy,Italy,29,1949,4,3,"430,749","ACF Fiorentina,FC Empoli",2039,15000000.0,11000000.0,1.0,1.0,0.998,same_club
1421,Cristian Tello,ITA,2016-17,Fiorentina,D M S,36,2073,4,4,4,54,48,3.737,3.737,3.497,11.348,5.215,1,0,141834,Cristian Tello,1991-08-11,25.06,178.0,both,Attack,Left Winger,Spain,Spain,36,2106,4,6,430,ACF Fiorentina,2415,10000000.0,8000000.0,0.995,1.0,0.984,same_club
1449,Federico Di Francesco,ITA,2016-17,Bologna,F M S,24,1064,4,4,3,23,16,3.173,3.173,2.731,6.672,1.862,3,1,38607,Federico Di Francesco,1994-06-14,22.22,171.0,right,Attack,Left Winger,Italy,Italy,24,1082,4,3,1025,Bologna Football Club 1909,1307,1000000.0,2500000.0,0.995,1.0,0.983,same_club
1463,Francesco Acerbi,ITA,2016-17,Sassuolo,D,38,3420,4,3,0,17,8,2.67,1.908,0.394,6.394,5.649,2,0,131075,Francesco Acerbi,1988-02-10,28.56,192.0,left,Defender,Centre-Back,Italy,Italy,38,3420,4,0,6574,US Sassuolo,4410,8500000.0,12000000.0,1.0,1.0,1.0,same_club
1481,Antonino Ragusa,ITA,2016-17,Sassuolo,F M S,25,1429,4,4,2,28,15,4.005,4.005,1.519,7.277,3.034,5,0,102470,Antonino Ragusa,1990-03-27,26.43,183.0,right,Attack,Left Winger,Italy,Italy,25,1431,4,4,6574,US Sassuolo,1943,1500000.0,2000000.0,1.0,1.0,0.999,same_club
1511,Marcelo Brozovic,ITA,2016-17,Inter,M S,23,1743,4,4,2,40,43,2.717,2.717,3.589,13.35,8.658,7,0,156617,Marcelo Brozović,1992-11-16,23.79,181.0,both,Midfield,Defensive Midfield,Croatia,Croatia,23,1738,4,2,46,Inter Milan,2066,20000000.0,20000000.0,0.999,1.0,0.997,same_club
1531,Jean-Christophe Bahebeck,ITA,2016-17,Pescara,F S,15,825,4,4,1,29,4,3.326,3.326,1.25,5.838,2.321,0,0,164897,Jean-Christophe Bahebeck,1993-05-01,23.34,182.0,right,Attack,Centre-Forward,France,France,15,822,4,1,2921,Delfino Pescara 1936,822,2500000.0,2500000.0,0.999,1.0,0.996,same_club
1543,Sergej Milinkovic-Savic,ITA,2016-17,Lazio,M S,34,2733,4,4,7,69,40,5.644,5.644,3.674,13.226,6.196,8,0,266302,Sergej Milinković-Savić,1995-02-27,21.51,192.0,right,Midfield,Central Midfield,Serbia,Spain,34,2732,4,7,398,Società Sportiva Lazio S.p.A.,3049,9000000.0,22000000.0,1.0,1.0,1.0,same_club
1589,Lucas Biglia,ITA,2016-17,Lazio,M S,29,2289,4,1,3,26,54,5.085,1.279,3.619,10.702,8.703,8,0,26721,Lucas Biglia,1986-01-30,30.59,178.0,right,Midfield,Defensive Midfield,Argentina,Argentina,29,2280,4,3,398,Società Sportiva Lazio S.p.A.,2711,20000000.0,20000000.0,0.999,1.0,0.996,same_club
1101,Luca Rigoni,ITA,2016-17,Genoa,F M S,31,2368,3,3,1,28,13,3.939,3.939,0.971,7.755,4.274,13,0,22210,Luca Rigoni,1984-12-07,31.73,185.0,right,Midfield,Central Midfield,Italy,Italy,31,2359,3,2,252,Genoa CFC,2444,3500000.0,2000000.0,0.999,1.0,0.996,same_club
1104,Leonardo Pavoletti,ITA,2016-17,"Genoa,Napoli",F S,15,770,3,3,0,36,7,3.896,3.896,0.339,4.531,1.311,2,0,64793,Leonardo Pavoletti,1988-11-26,27.76,188.0,right,Attack,Centre-Forward,Italy,Italy,16,805,3,0,"252,6195","Genoa CFC,SSC Napoli",990,8000000.0,11000000.0,0.987,1.0,0.957,same_club
1109,Lucas Ocampos,ITA,2016-17,"AC Milan,Genoa",F M S,26,1386,3,2,1,43,13,3.56,2.798,1.166,5.56,2.529,5,0,189441,Lucas Ocampos,1994-07-11,22.14,178.0,right,Attack,Left Winger,Argentina,Argentina,26,1383,3,2,"5,252","AC Milan,Genoa CFC",1519,6000000.0,5500000.0,0.999,1.0,0.998,same_club
1111,Olivier Ntcham,ITA,2016-17,Genoa,F M S,20,965,3,3,1,22,9,0.61,0.61,1.244,4.368,2.893,3,0,224088,Olivier Ntcham,1996-02-09,20.56,180.0,right,Midfield,Central Midfield,Cameroon,France,20,967,3,1,252,Genoa CFC,995,1500000.0,1800000.0,0.999,1.0,0.998,same_club
1115,Goran Pandev,ITA,2016-17,Genoa,F M S,20,843,3,3,0,22,14,4.06,4.06,1.366,6.366,1.752,1,1,12563,Goran Pandev,1983-07-27,33.1,184.0,left,Attack,Second Striker,North Macedonia,Jugoslawien (SFR),20,848,3,0,252,Genoa CFC,1125,500000.0,400000.0,0.998,1.0,0.994,same_club
1121,Giacomo Bonaventura,ITA,2016-17,AC Milan,F M,19,1585,3,3,2,47,41,2.95,2.95,2.688,7.439,3.6,3,0,57280,Giacomo Bonaventura,1989-08-22,27.03,180.0,right,Midfield,Attacking Midfield,Italy,Italy,19,1574,3,4,5,AC Milan,1874,21000000.0,24000000.0,0.998,1.0,0.993,same_club
1123,Juraj Kucka,ITA,2016-17,AC Milan,D M S,30,2083,3,3,1,30,22,1.507,1.507,2.009,7.184,4.27,8,3,74943,Juraj Kucka,1987-02-26,29.51,186.0,right,Midfield,Central Midfield,Slovakia,CSSR,30,2080,3,2,5,AC Milan,2369,9000000.0,9000000.0,1.0,1.0,0.999,same_club
1126,M&#039;Baye Niang,ITA,2016-17,AC Milan,F S,18,1127,3,2,2,35,15,5.14,2.856,1.652,5.679,1.991,0,1,157501,M'Baye Niang,1994-12-19,21.7,188.0,right,Attack,Centre-Forward,Senegal,France,18,1124,3,3,5,AC Milan,2378,12000000.0,15000000.0,0.964,0.95,0.981,same_club
1126,M&#039;Baye Niang,ITA,2016-17,AC Milan,F S,18,1127,3,2,2,35,15,5.14,2.856,1.652,5.679,1.991,0,1,157501,M'Baye Niang,1994-12-19,21.7,188.0,right,Attack,Centre-Forward,Senegal,France,18,1124,3,3,5,AC Milan,2378,12000000.0,15000000.0,0.969,0.95,0.997,same_club
1168,Bryan Cristante,ITA,2016-17,"Atalanta,Pescara",M S,28,1640,3,3,2,27,27,2.831,2.831,2.894,6.439,3.8,2,0,199248,Bryan Cristante,1995-03-03,21.5,186.0,right,Midfield,Defensive Midfield,Italy,Italy,28,1641,3,2,"800,2921","Atalanta BC,Delfino Pescara 1936",1821,2500000.0,3000000.0,1.0,1.0,0.999,same_club
1205,Senad Lulic,ITA,2016-17,Lazio,D F M S,31,2501,3,3,9,30,66,3.686,3.686,7.386,17.348,8.678,7,1,61449,Senad Lulic,1986-01-18,30.62,183.0,right,Midfield,Left Midfield,Bosnia-Herzegovina,Jugoslawien (SFR),31,2493,3,8,398,Società Sportiva Lazio S.p.A.,2838,7000000.0,7000000.0,0.999,1.0,0.997,same_club
1248,Leandro Paredes,ITA,2016-17,Roma,M S,27,1465,3,3,1,29,43,0.685,0.685,3.577,12.106,11.17,4,0,166237,Leandro Paredes,1994-06-29,22.18,182.0,right,Midfield,Defensive Midfield,Argentina,Argentina,27,1471,3,1,12,Associazione Sportiva Roma,2393,10000000.0,13000000.0,0.999,1.0,0.996,same_club
1271,Ivaylo Chochev,ITA,2016-17,Palermo,M S,30,2287,3,3,3,37,20,2.516,2.516,1.806,4.196,2.126,4,0,252767,Ivaylo Chochev,1993-02-18,23.53,188.0,both,Midfield,Central Midfield,Bulgaria,Bulgaria,30,2285,3,3,458,Palermo FC,2405,2000000.0,2000000.0,1.0,1.0,0.999,same_club
1287,Leonardo Bonucci,ITA,2016-17,Juventus,D S,29,2404,3,3,0,19,10,2.406,2.406,0.667,12.958,12.379,5,0,39983,Leonardo Bonucci,1987-05-01,29.34,189.0,right,Defender,Centre-Back,Italy,Italy,29,2405,3,0,506,Juventus FC,3741,35000000.0,45000000.0,1.0,1.0,1.0,same_club
1289,Alex Sandro,ITA,2016-17,Juventus,D M S,27,2310,3,3,4,18,50,1.407,1.407,4.732,13.661,9.371,5,0,79960,Alex Sandro,1991-01-26,25.6,180.0,left,Defender,Left-Back,Brazil,Brazil,27,2309,3,5,506,Juventus FC,3416,26000000.0,35000000.0,1.0,1.0,1.0,same_club
1318,Manuel Pucciarelli,ITA,2016-17,Empoli,F M S,32,2298,3,2,1,39,15,5.283,3.76,1.694,6.649,2.544,2,0,163683,Manuel Pucciarelli,1991-06-17,25.21,174.0,right,Attack,Second Striker,Italy,Italy,32,2303,3,2,749,FC Empoli,2393,4000000.0,3000000.0,0.999,1.0,0.998,same_club
1337,Riccardo Meggiorini,ITA,2016-17,Chievo,F S,27,1749,3,3,0,51,12,4.664,4.664,1.927,6.536,1.98,6,0,28936,Riccardo Meggiorini,1985-09-04,30.99,182.0,left,Attack,Centre-Forward,Italy,Italy,27,1738,3,1,862,Chievo Verona,1829,3500000.0,2500000.0,0.998,1.0,0.994,same_club
1354,Gianmarco Ferrari,ITA,2016-17,Crotone,D,37,3330,3,3,1,10,7,1.408,1.408,0.756,2.662,2.517,8,0,277167,Gian Marco Ferrari,1992-05-15,24.3,189.0,left,Defender,Centre-Back,Italy,Italy,37,3330,3,1,4083,FC Crotone,3330,1000000.0,4000000.0,0.983,0.971,1.0,same_club
1362,Simy,ITA,2016-17,Crotone,F S,21,550,3,3,0,15,7,2.201,2.201,0.436,2.654,0.399,0,0,194549,Simy,1992-05-07,24.32,198.0,right,Attack,Centre-Forward,Nigeria,Nigeria,21,564,3,0,4083,FC Crotone,609,1000000.0,800000.0,0.993,1.0,0.975,same_club
1363,Adrian Stoian,ITA,2016-17,Crotone,F M S,27,1564,3,3,2,19,27,0.588,0.588,1.55,4.059,3.144,3,0,96853,Adrian Stoian,1991-02-11,25.56,177.0,both,Attack,Left Winger,Romania,Romania,27,1571,3,3,4083,FC Crotone,1616,900000.0,1000000.0,0.999,1.0,0.996,same_club
1369,Marcello Trotta,ITA,2016-17,Crotone,F S,29,1904,3,2,5,58,19,5.709,4.948,2.764,8.303,2.056,2,0,129505,Marcello Trotta,1992-09-29,23.92,188.0,left,Attack,Centre-Forward,Italy,Italy,29,1886,3,5,4083,FC Crotone,1907,2000000.0,2500000.0,0.997,1.0,0.991,same_club
1383,Manolo Gabbiadini,ITA,2016-17,Napoli,F S,13,514,3,2,0,24,2,3.502,2.74,0.05,2.961,0.317,0,1,112343,Manolo Gabbiadini,1991-11-26,24.77,186.0,left,Attack,Centre-Forward,Italy,Italy,13,517,3,0,6195,SSC Napoli,1505,17000000.0,15000000.0,0.997,1.0,0.991,same_club
1383,Manolo Gabbiadini,ITA,2016-17,Napoli,F S,13,514,3,2,0,24,2,3.502,2.74,0.05,2.961,0.317,0,1,112343,Manolo Gabbiadini,1991-11-26,24.77,186.0,left,Attack,Centre-Forward,Italy,Italy,13,517,3,0,6195,SSC Napoli,1505,17000000.0,15000000.0,0.998,1.0,0.994,same_club
1385,Omar El Kaddouri,ITA,2016-17,"Empoli,Napoli",M S,20,1294,3,3,1,31,31,2.823,2.823,2.832,5.817,1.936,5,0,73097,Omar El Kaddouri,1990-08-21,26.03,185.0,right,Midfield,Attacking Midfield,Morocco,Belgium,20,1291,3,1,"749,6195","FC Empoli,SSC Napoli",1291,5000000.0,4000000.0,0.999,1.0,0.998,same_club
1407,Federico Melchiorri,ITA,2016-17,Cagliari,F S,10,451,3,3,0,14,4,1.747,1.747,0.555,2.5,0.197,1,0,46060,Federico Melchiorri,1987-01-06,29.65,183.0,right,Attack,Centre-Forward,Italy,Italy,10,462,3,1,1390,Cagliari Calcio,552,2400000.0,2000000.0,0.993,1.0,0.976,same_club
1423,Matías Vecino,ITA,2016-17,Fiorentina,M S,31,2350,3,3,4,58,38,2.896,2.896,1.975,12.593,9.01,7,0,143812,Matías Vecino,1991-08-24,25.02,187.0,right,Midfield,Central Midfield,Uruguay,Uruguay,31,2322,3,4,430,ACF Fiorentina,3018,12000000.0,13000000.0,0.996,1.0,0.988,same_club
1433,Federico Chiesa,ITA,2016-17,Fiorentina,D F M S,27,1492,3,3,2,55,27,3.086,3.086,2.56,7.717,3.603,3,1,341092,Federico Chiesa,1997-10-25,18.85,175.0,right,Attack,Right Winger,Italy,Italy,27,1495,3,3,430,ACF Fiorentina,2008,100000.0,10000000.0,0.999,1.0,0.998,same_club
1442,Saphir Taïder,ITA,2016-17,Bologna,M S,24,1905,3,3,0,37,11,1.358,1.358,0.601,4.621,3.398,1,0,144779,Saphir Taïder,1992-02-29,24.51,180.0,right,Midfield,Central Midfield,Algeria,France,24,1902,3,0,1025,Bologna Football Club 1909,1992,5000000.0,5000000.0,1.0,1.0,0.998,same_club
1485,Andrea Masiello,ITA,2016-17,Atalanta,D S,35,2933,3,3,1,12,11,1.582,1.582,0.495,7.87,7.679,9,0,34198,Andrea Masiello,1986-02-05,30.57,184.0,right,Defender,Centre-Back,Italy,Italy,35,2928,3,1,800,Atalanta BC,3137,1000000.0,2500000.0,0.999,1.0,0.998,same_club
1512,João Mário,ITA,2016-17,Inter,M S,30,1999,3,3,5,32,55,4.815,4.815,4.55,16.245,9.53,5,0,149729,João Mário,1993-01-19,23.62,179.0,right,Midfield,Attacking Midfield,Portugal,Portugal,30,2003,3,5,46,Inter Milan,2258,30000000.0,30000000.0,0.999,1.0,0.998,same_club
1523,Danilo D&#039;Ambrosio,ITA,2016-17,Inter,D M,32,2834,3,3,3,25,23,2.328,2.328,3.184,12.313,9.298,4,0,55769,Danilo D'Ambrosio,1988-09-09,27.98,180.0,right,Defender,Centre-Back,Italy,Italy,32,2830,3,3,46,Inter Milan,3367,8000000.0,10000000.0,0.97,0.95,0.999,same_club
1604,Artur Ionita,ITA,2016-17,Cagliari,M S,18,1305,3,3,1,15,8,1.589,1.589,0.415,3.268,2.233,5,0,98888,Artur Ioniță,1990-08-17,26.04,184.0,both,Midfield,Central Midfield,Moldova,UdSSR,18,1304,3,1,1390,Cagliari Calcio,1394,3300000.0,3500000.0,1.0,1.0,0.999,same_club
939,Mauro Zárate,ITA,2016-17,Fiorentina,F S,7,192,2,2,1,11,7,1.006,1.006,0.462,1.508,0.583,1,0,26456,Mauro Zárate,1987-03-18,29.46,175.0,right,Attack,Centre-Forward,Argentina,Argentina,7,177,2,1,430,ACF Fiorentina,483,3000000.0,2000000.0,0.985,1.0,0.949,same_club
939,Mauro Zárate,ITA,2016-17,Fiorentina,F S,7,192,2,2,1,11,7,1.006,1.006,0.462,1.508,0.583,1,0,26456,Mauro Zárate,1987-03-18,29.46,175.0,right,Attack,Centre-Forward,Argentina,Argentina,7,177,2,1,430,ACF Fiorentina,483,3000000.0,2000000.0,0.977,1.0,0.922,same_club
1000,Federico Fazio,ITA,2016-17,Roma,D S,37,3119,2,2,1,21,9,1.189,1.189,1.74,11.697,10.293,3,0,45314,Federico Fazio,1987-03-17,29.46,195.0,right,Defender,Centre-Back,Argentina,Argentina,37,3117,2,1,12,Associazione Sportiva Roma,3946,5000000.0,9000000.0,1.0,1.0,0.999,same_club
1089,Juan Cuadrado,ITA,2016-17,Juventus,D F M S,30,2114,2,2,6,36,47,3.036,3.036,6.472,18.369,11.212,8,0,91970,Juan Cuadrado,1988-05-26,28.27,176.0,right,Midfield,Right Midfield,Colombia,Colombia,30,2098,2,6,506,Juventus FC,2909,25000000.0,25000000.0,0.998,1.0,0.992,same_club
1103,Nicola Ninkovic,ITA,2016-17,Genoa,F M S,17,640,2,2,1,29,12,1.769,1.769,1.184,3.567,1.904,3,0,168944,Nikola Ninkovic,1994-12-19,21.7,182.0,right,Midfield,Attacking Midfield,Serbia,Yugoslavia (Republic),17,624,2,1,252,Genoa CFC,721,900000.0,1000000.0,0.962,0.95,0.975,same_club
1106,Darko Lazovic,ITA,2016-17,Genoa,D F M S,33,2477,2,2,4,27,45,2.326,2.326,6.446,10.481,4.161,3,1,70411,Darko Lazović,1990-09-15,25.96,181.0,right,Midfield,Left Midfield,Serbia,Jugoslawien (SFR),33,2461,2,5,252,Genoa CFC,2624,2000000.0,2500000.0,0.998,1.0,0.994,same_club
1118,Gabriel Paletta,ITA,2016-17,AC Milan,D,30,2599,2,2,1,21,9,1.678,1.678,1.093,5.24,5.114,3,5,30767,Gabriel Paletta,1986-02-15,30.54,190.0,right,Defender,Centre-Back,Italy,Argentina,30,2594,2,2,5,AC Milan,2804,5000000.0,5500000.0,0.999,1.0,0.998,same_club
1122,Manuel Locatelli,ITA,2016-17,AC Milan,M S,25,1697,2,2,0,20,14,0.523,0.523,0.533,6.146,5.505,7,0,265088,Manuel Locatelli,1998-01-08,18.65,185.0,right,Midfield,Defensive Midfield,Italy,Italy,25,1689,2,0,5,AC Milan,1818,300000.0,6000000.0,0.999,1.0,0.995,same_club
1140,Danilo,ITA,2016-17,Udinese,D,36,3204,2,2,1,15,5,1.155,1.155,0.259,3.663,3.398,9,1,32816,Danilo,1984-05-10,32.31,185.0,right,Defender,Centre-Back,Brazil,Brazil,36,3204,2,0,410,Udinese Calcio,3294,3500000.0,2000000.0,1.0,1.0,1.0,same_club
1162,Hugo Campagnaro,ITA,2016-17,Pescara,D S,19,1568,2,2,0,5,3,0.953,0.953,0.115,0.831,0.795,8,0,21782,Hugo Campagnaro,1980-06-27,36.18,181.0,right,Defender,Centre-Back,Argentina,Argentina,19,1565,2,0,2921,Delfino Pescara 1936,1565,100000.0,100000.0,0.999,1.0,0.998,same_club
1188,Maxi López,ITA,2016-17,Torino,F S,16,416,2,2,0,13,7,1.46,1.46,0.317,1.616,0.157,2,0,26263,Maxi López,1984-04-03,32.41,192.0,right,Attack,Centre-Forward,Argentina,Argentina,16,426,2,0,416,Torino FC,565,1000000.0,500000.0,0.993,1.0,0.977,same_club
1192,Afriyie Acquah,ITA,2016-17,Torino,M S,20,1071,2,2,0,16,7,1.066,1.066,0.347,5.844,4.507,2,3,145581,Afriyie Acquah,1992-01-05,24.66,179.0,right,Midfield,Central Midfield,Ghana,Ghana,20,1072,2,0,416,Torino FC,1282,3000000.0,2800000.0,1.0,1.0,0.999,same_club
1203,Wesley Hoedt,ITA,2016-17,Lazio,D S,23,1880,2,2,0,20,4,1.274,1.274,0.146,7.373,7.242,5,0,253765,Wesley Hoedt,1994-03-06,22.49,193.0,left,Defender,Centre-Back,Netherlands,Netherlands,23,1882,2,0,398,Società Sportiva Lazio S.p.A.,2107,3500000.0,7500000.0,1.0,1.0,0.999,same_club
1212,Alessandro Murgia,ITA,2016-17,Lazio,M S,14,474,2,2,0,6,6,0.655,0.655,0.336,1.486,1.317,1,0,289061,Alessandro Murgia,1996-08-09,20.06,185.0,right,Midfield,Central Midfield,Italy,Italy,14,484,2,0,398,Società Sportiva Lazio S.p.A.,593,300000.0,1500000.0,0.994,1.0,0.979,same_club
1225,Edgar Barreto,ITA,2016-17,Sampdoria,M,32,2708,2,2,0,35,23,1.751,1.751,1.254,7.162,5.785,4,1,16120,Édgar Barreto,1984-07-15,32.13,180.0,right,Midfield,Central Midfield,Paraguay,Paraguay,32,2695,2,0,1038,UC Sampdoria,2785,1500000.0,1500000.0,0.999,1.0,0.995,same_club
1231,Ricardo Álvarez,ITA,2016-17,Sampdoria,M S,21,974,2,2,2,34,24,1.704,1.704,2.191,3.429,1.857,3,1,76077,Ricardo Álvarez,1988-04-12,28.39,188.0,left,Midfield,Central Midfield,Argentina,Argentina,21,980,2,2,1038,UC Sampdoria,1097,6500000.0,4000000.0,0.998,1.0,0.994,same_club
1255,Francesco Totti,ITA,2016-17,Roma,M S,18,351,2,0,3,19,23,2.373,0.85,3.123,5.204,2.482,1,0,5958,Francesco Totti,1976-09-27,39.93,180.0,both,Attack,Second Striker,Italy,Italy,18,366,2,3,12,Associazione Sportiva Roma,880,1000000.0,1000000.0,0.988,1.0,0.959,same_club
1264,Edoardo Goldaniga,ITA,2016-17,Palermo,D S,28,2329,2,2,1,10,3,1.65,1.65,0.096,2.34,2.328,11,1,242940,Edoardo Goldaniga,1993-11-02,22.83,193.0,right,Defender,Centre-Back,Italy,Italy,28,2328,2,1,458,Palermo FC,2568,2500000.0,1500000.0,1.0,1.0,1.0,same_club
1284,Oscar Hiljemark,ITA,2016-17,"Genoa,Palermo",M S,29,1862,2,2,0,21,23,1.851,1.851,1.36,5.021,2.586,1,0,158810,Oscar Hiljemark,1992-06-28,24.18,184.0,right,Midfield,Central Midfield,Sweden,Sweden,29,1856,2,0,"252,458","Genoa CFC,Palermo FC",1976,4000000.0,3500000.0,0.999,1.0,0.997,same_club
1288,Dani Alves,ITA,2016-17,Juventus,D M S,19,1360,2,2,2,19,33,0.861,0.861,2.35,8.204,6.782,5,0,15951,Dani Alves,1983-05-06,33.33,172.0,right,Defender,Right-Back,Brazil,Brazil,19,1362,2,3,506,Juventus FC,2543,7500000.0,6000000.0,1.0,1.0,0.999,same_club
1301,Daniele Rugani,ITA,2016-17,Juventus,D S,15,1076,2,2,0,3,1,0.689,0.689,0.438,4.613,4.583,4,0,162959,Daniele Rugani,1994-07-29,22.09,190.0,right,Defender,Centre-Back,Italy,Italy,15,1078,2,0,506,Juventus FC,1558,13000000.0,17000000.0,0.999,1.0,0.998,same_club
1307,Andrea Costa,ITA,2016-17,Empoli,D S,26,2081,2,2,1,11,2,0.585,0.585,0.698,3.802,3.744,6,0,34336,Andrea Costa,1986-02-01,30.58,182.0,left,Defender,Centre-Back,Italy,Italy,26,2085,2,1,749,FC Empoli,2175,1300000.0,1000000.0,0.999,1.0,0.998,same_club
1309,Manuel Pasqual,ITA,2016-17,Empoli,D,32,2812,2,1,3,13,48,1.343,0.582,3.787,4.943,4.414,7,0,23284,Manuel Pasqual,1982-03-13,34.47,178.0,left,Defender,Left-Back,Italy,Italy,32,2813,2,3,749,FC Empoli,2903,800000.0,500000.0,1.0,1.0,1.0,same_club
1311,Rade Krunic,ITA,2016-17,Empoli,M S,32,2441,2,2,1,40,20,4.289,4.289,1.814,7.882,3.667,10,0,259953,Rade Krunic,1993-10-07,22.9,184.0,right,Midfield,Defensive Midfield,Bosnia-Herzegovina,Bosnia-Herzegovina,32,2439,2,1,749,FC Empoli,2490,600000.0,1000000.0,1.0,1.0,0.999,same_club
1350,Jonathan de Guzmán,ITA,2016-17,Chievo,M S,27,1348,2,1,1,14,24,1.998,1.237,2.092,5.1,3.155,3,0,31067,Jonathan de Guzmán,1987-09-13,28.97,173.0,right,Midfield,Central Midfield,Netherlands,Canada,27,1357,2,1,862,Chievo Verona,1533,3000000.0,2000000.0,0.998,1.0,0.993,same_club
1361,Raffaele Palladino,ITA,2016-17,"Crotone,Genoa",F M S,31,2300,2,1,1,41,38,4.94,3.418,3.345,9.046,3.411,6,0,28855,Raffaele Palladino,1984-04-17,32.38,182.0,right,Attack,Left Winger,Italy,Italy,31,2288,2,2,"252,4083","Genoa CFC,FC Crotone",2378,300000.0,400000.0,0.998,1.0,0.995,same_club
1376,Kalidou Koulibaly,ITA,2016-17,Napoli,D,28,2471,2,2,0,10,6,1.464,1.464,0.601,13.532,13.436,6,0,93128,Kalidou Koulibaly,1991-06-20,25.2,186.0,right,Defender,Centre-Back,Senegal,France,28,2472,2,0,6195,SSC Napoli,3372,23000000.0,30000000.0,1.0,1.0,1.0,same_club
1394,Lorenzo Tonelli,ITA,2016-17,Napoli,D,3,270,2,2,0,2,1,0.972,0.972,0.085,2.414,1.884,2,0,111347,Lorenzo Tonelli,1990-01-17,26.62,183.0,right,Defender,Centre-Back,Italy,Italy,3,270,2,0,6195,SSC Napoli,270,8500000.0,8000000.0,1.0,1.0,1.0,same_club
1395,Vlad Chiriches,ITA,2016-17,Napoli,D S,14,1123,2,2,0,5,3,1.972,1.972,0.714,6.532,5.691,0,0,123261,Vlad Chiricheș,1989-11-14,26.8,184.0,right,Midfield,Defensive Midfield,Romania,Romania,14,1124,2,0,6195,SSC Napoli,1304,5500000.0,6000000.0,1.0,1.0,0.999,same_club
1404,Davide Di Gennaro,ITA,2016-17,Cagliari,M S,20,1435,2,2,5,23,36,1.359,1.359,2.777,4.152,1.487,4,1,52136,Davide Di Gennaro,1988-06-16,28.21,180.0,left,Midfield,Attacking Midfield,Italy,Italy,20,1437,2,5,1390,Cagliari Calcio,1586,2500000.0,2800000.0,1.0,1.0,0.999,same_club
1412,Daniele Dessena,ITA,2016-17,Cagliari,M S,18,1197,2,2,0,15,7,1.777,1.777,0.607,2.894,0.893,4,1,29962,Daniele Dessena,1987-05-10,29.31,182.0,right,Midfield,Central Midfield,Italy,Italy,18,1193,2,0,1390,Cagliari Calcio,1283,1700000.0,1500000.0,0.999,1.0,0.997,same_club
1419,Davide Astori,ITA,2016-17,Fiorentina,D,33,2968,2,2,0,17,21,1.172,1.172,1.277,9.88,9.227,11,1,87210,Davide Astori,1987-01-07,29.65,189.0,left,Defender,Centre-Back,Italy,Italy,33,2968,2,0,430,ACF Fiorentina,3598,8000000.0,8500000.0,1.0,1.0,1.0,same_club
1430,Milan Badelj,ITA,2016-17,Fiorentina,M S,33,2521,2,2,2,16,27,0.478,0.478,1.969,8.155,6.69,9,0,40633,Milan Badelj,1989-02-25,27.52,186.0,right,Midfield,Defensive Midfield,Croatia,Jugoslawien (SFR),33,2516,2,3,430,ACF Fiorentina,3191,10000000.0,11000000.0,0.999,1.0,0.998,same_club
1456,Federico Viviani,ITA,2016-17,Bologna,M S,17,1130,2,2,2,31,12,1.213,1.213,1.659,2.387,1.858,4,1,165900,Federico Viviani,1992-03-24,24.44,180.0,right,Midfield,Defensive Midfield,Italy,Italy,17,1121,2,2,1025,Bologna Football Club 1909,1211,3800000.0,3500000.0,0.998,1.0,0.992,same_club
1470,Federico Ricci,ITA,2016-17,Sassuolo,F M S,24,1050,2,1,0,22,17,4.223,3.462,1.154,5.695,1.393,4,0,198086,Federico Ricci,1994-05-27,22.27,175.0,left,Attack,Right Winger,Italy,Italy,24,1088,2,0,6574,US Sassuolo,1391,3800000.0,3500000.0,0.99,1.0,0.965,same_club
1496,Roberto Gagliardini,ITA,2016-17,"Atalanta,Inter",M S,31,2344,2,2,3,42,26,3.929,3.929,2.963,12.684,8.838,7,0,197471,Roberto Gagliardini,1994-04-07,22.4,188.0,right,Midfield,Central Midfield,Italy,Italy,31,2350,2,3,"46,800","Inter Milan,Atalanta BC",2560,700000.0,15000000.0,0.999,1.0,0.997,same_club
1528,Andrea Nalini,ITA,2016-17,Crotone,M S,17,805,2,2,2,12,15,0.852,0.852,0.839,1.519,0.605,2,0,278578,Andrea Nalini,1990-06-20,26.2,180.0,right,Attack,Right Winger,Italy,Italy,17,812,2,2,4083,FC Crotone,816,250000.0,800000.0,0.997,1.0,0.991,same_club
1541,Stefan de Vrij,ITA,2016-17,Lazio,D,27,2282,2,2,3,9,8,0.687,0.687,1.239,5.165,4.709,3,0,111196,Stefan de Vrij,1992-02-05,24.57,189.0,right,Defender,Centre-Back,Netherlands,Netherlands,27,2272,2,2,398,Società Sportiva Lazio S.p.A.,2566,16000000.0,27000000.0,0.999,1.0,0.996,same_club
1542,Stefan Radu,ITA,2016-17,Lazio,D,29,2423,2,2,1,13,10,0.842,0.842,1.056,7.277,6.447,10,0,44420,Stefan Radu,1986-10-22,29.86,183.0,left,Defender,Left-Back,Romania,Romania,29,2415,2,1,398,Società Sportiva Lazio S.p.A.,2560,6000000.0,6000000.0,0.999,1.0,0.997,same_club
1567,Bruno Peres,ITA,2016-17,Roma,D M S,30,2226,2,2,2,35,33,2.678,2.678,3.038,15.579,10.881,3,0,148751,Bruno Peres,1990-03-01,26.51,178.0,right,Defender,Right-Back,Brazil,Brazil,30,2224,2,3,12,Associazione Sportiva Roma,3461,13000000.0,11000000.0,1.0,1.0,0.999,same_club
1570,Rey Manaj,ITA,2016-17,Pescara,F S,12,461,2,2,0,14,4,3.017,3.017,0.173,3.146,0.055,2,0,308278,Rey Manaj,1997-02-24,19.52,182.0,right,Attack,Centre-Forward,Albania,Albania,12,470,2,0,2921,Delfino Pescara 1936,536,1000000.0,900000.0,0.994,1.0,0.981,same_club
1576,Giorgio Chiellini,ITA,2016-17,Juventus,D S,21,1636,2,2,1,13,4,1.542,1.542,0.163,7.871,7.667,4,0,29260,Giorgio Chiellini,1984-08-14,32.05,187.0,left,Defender,Centre-Back,Italy,Italy,21,1637,2,1,506,Juventus FC,2660,13000000.0,10000000.0,1.0,1.0,0.999,same_club
4906,Alberto Cerri,ITA,2016-17,Pescara,F S,13,693,2,2,0,15,8,2.852,2.852,0.25,3.777,0.859,1,0,197751,Alberto Cerri,1996-04-16,20.38,194.0,right,Attack,Centre-Forward,Italy,Italy,13,693,2,1,2921,Delfino Pescara 1936,851,2600000.0,2500000.0,1.0,1.0,1.0,same_club
328,Medhi Benatia,ITA,2016-17,Juventus,D S,15,1185,1,1,0,9,1,1.086,1.086,0.404,4.887,3.862,3,0,45124,Medhi Benatia,1987-04-17,29.38,190.0,right,Defender,Centre-Back,Morocco,France,15,1183,1,0,506,Juventus FC,1456,16000000.0,15000000.0,0.999,1.0,0.998,same_club
667,Carlos Sánchez,ITA,2016-17,Fiorentina,D M S,31,2142,1,1,1,16,9,1.389,1.389,0.271,6.195,5.801,6,0,51226,Carlos Sánchez,1986-02-06,30.57,182.0,left,Midfield,Defensive Midfield,Colombia,Colombia,31,2150,1,1,430,ACF Fiorentina,2714,3500000.0,3000000.0,0.999,1.0,0.996,same_club
827,Juan Iturbe,ITA,2016-17,"Roma,Torino",F M S,21,566,1,1,3,15,16,0.972,0.972,1.494,1.688,0.504,1,0,81455,Juan Iturbe,1993-06-04,23.24,173.0,left,Attack,Left Winger,Paraguay,Argentina,21,578,1,3,"12,416","Associazione Sportiva Roma,Torino FC",1073,12000000.0,7000000.0,0.994,1.0,0.979,same_club
948,Alessandro Diamanti,ITA,2016-17,Palermo,F M S,31,1701,1,1,5,43,42,1.934,1.934,3.73,5.637,3.368,8,1,23197,Alessandro Diamanti,1983-05-02,33.34,180.0,left,Midfield,Attacking Midfield,Italy,Italy,31,1698,1,5,458,Palermo FC,1753,1000000.0,500000.0,0.999,1.0,0.998,same_club
1033,Emanuele Giaccherini,ITA,2016-17,Napoli,F S,16,272,1,1,0,7,1,1.056,1.056,0.014,1.718,0.661,0,0,84835,Emanuele Giaccherini,1985-05-05,31.33,167.0,right,Midfield,Left Midfield,Italy,Italy,16,284,1,0,6195,SSC Napoli,386,4000000.0,1500000.0,0.987,1.0,0.958,same_club
1088,Gabriele Angella,ITA,2016-17,Udinese,D S,14,1011,1,1,0,7,2,1.549,1.549,0.066,1.311,1.3,3,0,86793,Gabriele Angella,1989-04-28,27.35,193.0,right,Defender,Centre-Back,Italy,Italy,14,1013,1,0,410,Udinese Calcio,1013,2000000.0,1500000.0,0.999,1.0,0.998,same_club
1100,Diego Laxalt,ITA,2016-17,Genoa,D M,36,3145,1,1,4,29,36,1.712,1.712,3.646,8.046,4.771,5,0,230552,Diego Laxalt,1993-02-07,23.56,178.0,left,Defender,Left-Back,Uruguay,Uruguay,36,3140,1,4,252,Genoa CFC,3440,5500000.0,7500000.0,1.0,1.0,0.998,same_club
1119,Alessio Romagnoli,ITA,2016-17,AC Milan,D,27,2370,1,1,1,13,9,0.799,0.799,1.132,6.302,6.077,4,1,197747,Alessio Romagnoli,1995-01-12,21.64,185.0,left,Defender,Centre-Back,Italy,Italy,27,2370,1,1,5,AC Milan,2580,18000000.0,25000000.0,1.0,1.0,1.0,same_club
1124,Keisuke Honda,ITA,2016-17,AC Milan,F S,8,212,1,1,0,4,11,0.153,0.153,1.15,1.78,1.275,0,0,66521,Keisuke Honda,1986-06-13,30.22,182.0,left,Midfield,Attacking Midfield,Japan,Japan,8,221,1,0,5,AC Milan,222,7000000.0,2500000.0,0.988,1.0,0.959,same_club
1133,Cristian Zapata,ITA,2016-17,AC Milan,D S,15,1164,1,1,0,6,3,0.989,0.989,0.076,4.459,4.459,0,0,34344,Cristian Zapata,1986-09-30,29.92,187.0,right,Defender,Centre-Back,Colombia,Colombia,15,1169,1,0,5,AC Milan,1259,2800000.0,2500000.0,0.999,1.0,0.996,same_club
1141,Felipe,ITA,2016-17,Udinese,D S,32,2812,1,1,1,17,8,2.403,2.403,1.147,3.742,3.151,9,0,17127,Felipe,1984-07-31,32.09,188.0,left,Defender,Centre-Back,Brazil,Brazil,32,2812,1,1,410,Udinese Calcio,2902,800000.0,800000.0,1.0,1.0,1.0,same_club
1155,Andrija Balic,ITA,2016-17,Udinese,M S,4,244,1,1,0,4,1,0.118,0.118,0.021,0.264,0.185,1,0,316111,Andrija Balic,1997-08-11,19.06,180.0,right,Midfield,Central Midfield,Croatia,Croatia,4,241,1,0,410,Udinese Calcio,241,3500000.0,3000000.0,0.996,1.0,0.988,same_club
1164,Cristiano Biraghi,ITA,2016-17,Pescara,D M S,35,2991,1,0,4,27,25,2.552,1.029,2.895,8.502,6.337,11,0,124555,Cristiano Biraghi,1992-09-01,24.0,185.0,left,Defender,Left-Back,Italy,Italy,35,2990,1,4,2921,Delfino Pescara 1936,3170,2500000.0,2500000.0,1.0,1.0,1.0,same_club
1165,Gastón Brugman,ITA,2016-17,Pescara,F M S,27,1938,1,1,1,13,17,0.773,0.773,1.296,6.793,5.442,7,0,131109,Gastón Brugman,1992-09-07,23.98,175.0,right,Midfield,Defensive Midfield,Uruguay,Uruguay,27,1933,1,1,2921,Delfino Pescara 1936,2023,1200000.0,1500000.0,0.999,1.0,0.997,same_club
1167,Alberto Aquilani,ITA,2016-17,"Pescara,Sassuolo",M S,25,1788,1,1,1,16,21,0.596,0.596,1.996,5.736,4.888,4,1,5957,Alberto Aquilani,1984-07-07,32.15,186.0,right,Midfield,Central Midfield,Italy,Italy,25,1786,1,1,"2921,6574","Delfino Pescara 1936,US Sassuolo",1786,3000000.0,1000000.0,1.0,1.0,0.999,same_club
1169,Ledian Memushaj,ITA,2016-17,Pescara,M S,36,2969,1,1,3,53,40,3.652,2.129,3.474,12.541,10.272,3,0,139634,Ledian Memushaj,1986-12-07,29.74,175.0,right,Midfield,Central Midfield,Albania,Albania,36,2962,1,3,2921,Delfino Pescara 1936,3080,2500000.0,2000000.0,0.999,1.0,0.998,same_club
1173,Alexandru Mitrita,ITA,2016-17,Pescara,F M S,15,482,1,1,2,11,7,0.692,0.692,1.223,2.78,1.086,1,0,209649,Alexandru Mitriță,1995-02-08,21.56,167.0,right,Attack,Left Winger,Romania,Romania,15,483,1,3,2921,Delfino Pescara 1936,514,700000.0,600000.0,0.999,1.0,0.998,same_club
1178,Davide Zappacosta,ITA,2016-17,Torino,D F S,29,2331,1,1,5,28,41,0.851,0.851,5.082,7.421,4.079,1,0,173859,Davide Zappacosta,1992-06-11,24.22,182.0,right,Midfield,Right Midfield,Italy,Italy,29,2333,1,5,416,Torino FC,2333,4500000.0,8500000.0,1.0,1.0,0.999,same_club
1180,Luca Rossettini,ITA,2016-17,Torino,D S,30,2653,1,1,0,12,3,1.982,1.982,0.082,5.028,4.946,8,0,60128,Luca Rossettini,1985-05-09,31.32,187.0,right,Defender,Centre-Back,Italy,Italy,30,2655,1,0,416,Torino FC,2745,2000000.0,2500000.0,1.0,1.0,0.999,same_club
1189,Lucas Boyé,ITA,2016-17,Torino,F M S,30,1441,1,1,2,35,24,1.993,1.993,1.693,6.999,3.51,5,0,334222,Lucas Boyé,1996-02-28,20.51,183.0,right,Attack,Centre-Forward,Argentina,Argentina,30,1446,1,2,416,Torino FC,1609,2000000.0,2500000.0,0.999,1.0,0.997,same_club
1191,Arlind Ajeti,ITA,2016-17,Torino,D S,4,248,1,1,0,3,0,0.709,0.709,0.0,0.688,0.688,0,0,159288,Arlind Ajeti,1993-09-25,22.93,184.0,right,Defender,Centre-Back,Albania,Switzerland,4,249,1,0,416,Torino FC,369,2000000.0,1500000.0,0.999,1.0,0.996,same_club
1193,Lorenzo De Silvestri,ITA,2016-17,Torino,D S,16,1257,1,1,4,4,8,0.606,0.606,1.184,3.556,2.524,1,0,33571,Lorenzo De Silvestri,1988-05-23,28.28,187.0,right,Defender,Right-Back,Italy,Italy,16,1258,1,4,416,Torino FC,1558,5000000.0,3500000.0,1.0,1.0,0.999,same_club
1196,Emiliano Moretti,ITA,2016-17,Torino,D,23,2065,1,1,3,4,3,0.96,0.96,0.961,4.636,4.636,5,0,5755,Emiliano Moretti,1981-06-11,35.23,182.0,left,Defender,Centre-Back,Italy,Italy,23,2064,1,2,416,Torino FC,2364,600000.0,500000.0,1.0,1.0,1.0,same_club
1198,Josef Martínez,ITA,2016-17,Torino,F M S,11,522,1,1,0,16,11,1.516,1.516,0.713,3.025,1.207,3,0,162569,Josef Martínez,1993-05-19,23.29,170.0,right,Attack,Centre-Forward,Venezuela,Venezuela,11,524,1,0,416,Torino FC,671,2000000.0,3000000.0,0.999,1.0,0.996,same_club
1201,Dusan Basta,ITA,2016-17,Lazio,D M S,27,2128,1,1,2,12,12,0.391,0.391,1.946,5.849,4.157,2,0,19694,Dusan Basta,1984-08-18,32.04,183.0,right,Defender,Right-Back,Serbia,Jugoslawien (SFR),27,2123,1,2,398,Società Sportiva Lazio S.p.A.,2393,4000000.0,3000000.0,0.999,1.0,0.998,same_club
1202,Wallace,ITA,2016-17,Lazio,D S,25,1721,1,1,0,7,3,1.19,1.19,0.087,5.45,4.749,3,0,225335,Wallace,1994-10-14,21.88,191.0,right,Defender,Centre-Back,Brazil,Brazil,25,1738,1,1,398,Società Sportiva Lazio S.p.A.,2110,6000000.0,9000000.0,0.997,1.0,0.99,same_club
1206,Danilo Cataldi,ITA,2016-17,"Genoa,Lazio",M S,24,1518,1,1,1,17,30,1.403,1.403,1.838,6.617,5.302,8,0,199733,Danilo Cataldi,1994-08-06,22.07,180.0,right,Midfield,Defensive Midfield,Italy,Italy,24,1519,1,1,"252,398","Genoa CFC,Società Sportiva Lazio S.p.A.",1519,6500000.0,6000000.0,1.0,1.0,0.999,same_club
1218,Cristiano Lombardi,ITA,2016-17,Lazio,F S,18,420,1,1,0,10,3,1.723,1.723,0.21,2.438,0.571,4,0,240349,Cristiano Lombardi,1995-08-19,21.04,180.0,right,Attack,Right Winger,Italy,Italy,18,426,1,0,398,Società Sportiva Lazio S.p.A.,485,350000.0,700000.0,0.996,1.0,0.986,same_club
1219,Luis Alberto,ITA,2016-17,Lazio,F M S,9,362,1,1,2,12,18,0.424,0.424,1.047,1.19,0.415,0,0,128220,Luis Alberto,1992-09-28,23.93,183.0,right,Midfield,Attacking Midfield,Spain,Spain,9,361,1,2,398,Società Sportiva Lazio S.p.A.,382,4000000.0,3000000.0,0.999,1.0,0.997,same_club
1226,Karol Linetty,ITA,2016-17,Sampdoria,M S,35,2388,1,1,4,20,29,1.482,1.482,1.605,6.437,4.135,5,0,225873,Karol Linetty,1995-02-02,21.58,175.0,right,Midfield,Central Midfield,Poland,Poland,35,2382,1,4,1038,UC Sampdoria,2630,3200000.0,7500000.0,0.999,1.0,0.997,same_club
1234,Dennis Praet,ITA,2016-17,Sampdoria,M S,32,1794,1,1,1,31,24,1.478,1.478,1.366,4.33,2.564,4,0,129588,Dennis Praet,1994-05-14,22.3,181.0,right,Midfield,Central Midfield,Belgium,Belgium,32,1799,1,1,1038,UC Sampdoria,1968,9000000.0,8500000.0,0.999,1.0,0.997,same_club
1268,Bruno Henrique,ITA,2016-17,Palermo,M S,33,2219,1,1,3,23,28,1.339,1.339,2.656,5.717,3.179,7,0,277335,Bruno Henrique,1989-10-21,26.86,180.0,right,Midfield,Central Midfield,Brazil,Brazil,33,2212,1,3,458,Palermo FC,2212,3000000.0,2500000.0,0.999,1.0,0.997,same_club
1270,Haitam Aleesami,ITA,2016-17,Palermo,D M S,31,2627,1,1,3,12,23,0.389,0.389,1.64,4.399,3.152,6,0,230166,Haitam Aleesami,1991-07-31,25.09,183.0,left,Defender,Centre-Back,Norway,Norway,31,2629,1,3,458,Palermo FC,3244,1000000.0,1800000.0,1.0,1.0,0.999,same_club
1273,Mato Jajalo,ITA,2016-17,Palermo,M S,26,1870,1,1,1,24,20,0.902,0.902,0.686,3.059,2.235,5,0,47513,Mato Jajalo,1988-05-25,28.27,182.0,right,Midfield,Defensive Midfield,Bosnia-Herzegovina,Jugoslawien (SFR),26,1861,1,1,458,Palermo FC,1861,1300000.0,900000.0,0.999,1.0,0.995,same_club
1277,Roland Sallai,ITA,2016-17,Palermo,F M S,21,959,1,1,0,29,11,2.548,2.548,0.367,3.15,0.943,3,1,332798,Roland Sallai,1997-05-22,19.28,183.0,right,Defender,Right-Back,Hungary,Hungary,21,961,1,0,458,Palermo FC,1081,450000.0,1000000.0,0.999,1.0,0.998,same_club
1291,Hernanes,ITA,2016-17,Juventus,M S,10,726,1,1,0,17,6,0.469,0.469,0.861,3.463,2.382,3,0,52897,Hernanes,1985-05-29,31.26,180.0,both,Midfield,Attacking Midfield,Brazil,Brazil,10,722,1,0,506,Juventus FC,907,6000000.0,3000000.0,0.998,1.0,0.994,same_club
1299,Mario Lemina,ITA,2016-17,Juventus,M S,19,888,1,1,1,17,8,2.448,2.448,0.85,7.077,4.545,1,0,170934,Mario Lemina,1993-09-01,23.0,184.0,right,Midfield,Defensive Midfield,Gabon,Gabon,19,901,1,1,506,Juventus FC,1228,8000000.0,7500000.0,0.996,1.0,0.986,same_club
1300,Claudio Marchisio,ITA,2016-17,Juventus,M S,18,1266,1,1,2,9,7,1.1,1.1,0.568,7.02,6.176,2,0,44716,Claudio Marchisio,1986-01-19,30.62,180.0,right,Midfield,Central Midfield,Italy,Italy,18,1260,1,2,506,Juventus FC,2043,28000000.0,25000000.0,0.999,1.0,0.995,same_club
1303,Stephan Lichtsteiner,ITA,2016-17,Juventus,D M S,26,1874,1,1,2,6,17,1.428,1.428,2.526,11.407,9.103,5,0,2865,Stephan Lichtsteiner,1984-01-16,32.63,182.0,right,Defender,Right-Back,Switzerland,Switzerland,26,1869,1,3,506,Juventus FC,2197,5000000.0,3000000.0,0.999,1.0,0.997,same_club
1304,Moise Kean,ITA,2016-17,Juventus,S,3,17,1,1,0,1,0,0.37,0.37,0.0,0.078,0.078,0,0,364135,Moise Kean,2000-02-28,16.51,183.0,right,Attack,Centre-Forward,Italy,Italy,3,18,1,0,506,Juventus FC,24,,1500000.0,0.997,1.0,0.989,same_club
1308,Giuseppe Bellusci,ITA,2016-17,Empoli,D,33,2970,1,1,0,14,5,1.389,1.389,0.185,5.065,4.952,15,0,57354,Giuseppe Bellusci,1989-08-21,27.03,185.0,right,Defender,Centre-Back,Italy,Italy,33,2970,1,0,749,FC Empoli,2970,2000000.0,2000000.0,1.0,1.0,1.0,same_club
1312,Daniele Croce,ITA,2016-17,Empoli,M S,35,2931,1,1,1,16,24,1.215,1.215,1.382,6.863,5.144,4,0,22749,Daniele Croce,1982-09-09,33.98,173.0,right,Midfield,Central Midfield,Italy,Italy,35,2929,1,1,749,FC Empoli,2958,500000.0,500000.0,1.0,1.0,0.999,same_club
1329,Fabrizio Cacciatore,ITA,2016-17,Chievo,D,29,2510,1,1,2,18,33,3.152,3.152,2.532,8.634,6.12,7,1,85605,Fabrizio Cacciatore,1986-10-08,29.9,182.0,right,Defender,Right-Back,Italy,Italy,29,2509,1,2,862,Chievo Verona,2689,1400000.0,1800000.0,1.0,1.0,1.0,same_club
1330,Alessandro Gamberini,ITA,2016-17,Chievo,D,20,1679,1,1,0,7,1,1.451,1.451,0.027,0.534,0.507,1,0,16868,Alessandro Gamberini,1981-08-27,35.01,185.0,right,Defender,Centre-Back,Italy,Italy,20,1671,1,0,862,Chievo Verona,1716,400000.0,300000.0,0.999,1.0,0.995,same_club
1332,Massimo Gobbi,ITA,2016-17,Chievo,D,30,2606,1,1,2,11,21,0.733,0.733,1.736,6.767,5.705,5,0,28020,Massimo Gobbi,1980-10-31,35.84,183.0,left,Defender,Left-Back,Italy,Italy,30,2602,1,2,862,Chievo Verona,2782,200000.0,300000.0,1.0,1.0,0.998,same_club
1335,Nicola Rigoni,ITA,2016-17,Chievo,M S,12,496,1,1,0,7,2,0.209,0.209,0.128,0.551,0.282,2,0,61757,Nicola Rigoni,1990-11-12,25.8,185.0,right,Midfield,Defensive Midfield,Italy,Italy,12,499,1,0,862,Chievo Verona,589,2000000.0,1500000.0,0.998,1.0,0.994,same_club
1343,Samuel Bastien,ITA,2016-17,Chievo,M S,12,793,1,1,0,5,6,0.135,0.135,0.21,2.169,1.925,0,0,289510,Samuel Bastien,1996-09-26,19.93,175.0,right,Midfield,Central Midfield,DR Congo,Belgium,12,799,1,0,862,Chievo Verona,889,800000.0,1500000.0,0.998,1.0,0.992,same_club
1352,Aleandro Rosi,ITA,2016-17,Crotone,D M S,31,2564,1,1,1,16,16,2.001,2.001,1.493,4.01,2.708,12,0,34239,Aleandro Rosi,1987-05-17,29.3,180.0,right,Defender,Right-Back,Italy,Italy,31,2565,1,1,4083,FC Crotone,2565,800000.0,1000000.0,1.0,1.0,1.0,same_club
1359,Aleksandar Tonev,ITA,2016-17,Crotone,F M S,13,749,1,1,0,22,2,0.542,0.542,0.039,0.976,0.441,2,0,87282,Aleksandar Tonev,1990-02-03,26.58,178.0,both,Attack,Left Winger,Bulgaria,Bulgaria,13,748,1,0,4083,FC Crotone,838,800000.0,700000.0,1.0,1.0,0.999,same_club
1364,Marcus Rohden,ITA,2016-17,Crotone,M S,34,2476,1,1,4,18,35,1.617,1.617,2.608,6.232,2.592,4,0,205809,Marcus Rohdén,1991-05-11,25.31,182.0,right,Midfield,Central Midfield,Sweden,Sweden,34,2458,1,4,4083,FC Crotone,2503,1250000.0,1500000.0,0.998,1.0,0.993,same_club
1370,Federico Ceccherini,ITA,2016-17,Crotone,D,35,3102,1,1,0,15,6,0.844,0.844,0.192,3.006,2.68,9,0,163639,Federico Ceccherini,1992-05-11,24.31,187.0,right,Defender,Centre-Back,Italy,Italy,35,3100,1,0,4083,FC Crotone,3190,700000.0,2000000.0,1.0,1.0,0.999,same_club
1371,Mario Sampirisi,ITA,2016-17,Crotone,D M S,23,1180,1,1,1,3,10,0.324,0.324,1.258,2.446,0.966,1,0,160357,Mario Sampirisi,1992-10-31,23.84,188.0,right,Defender,Right-Back,Italy,Italy,23,1193,1,1,4083,FC Crotone,1193,900000.0,800000.0,0.997,1.0,0.989,same_club
1377,Nikola Maksimovic,ITA,2016-17,Napoli,D S,8,678,1,1,0,1,1,0.535,0.535,0.044,2.035,2.035,1,0,124715,Nikola Maksimović,1991-11-25,24.77,193.0,right,Defender,Centre-Back,Serbia,Jugoslawien (SFR),8,677,1,0,6195,SSC Napoli,1026,7000000.0,10000000.0,1.0,1.0,0.999,same_club
1379,Allan,ITA,2016-17,Napoli,M S,29,1614,1,1,6,14,28,0.595,0.595,4.674,10.848,9.201,3,0,126422,Allan,1991-01-08,25.65,175.0,right,Midfield,Defensive Midfield,Brazil,Brazil,29,1616,1,4,6195,SSC Napoli,2074,17000000.0,16000000.0,1.0,1.0,0.999,same_club
1397,Fabio Pisacane,ITA,2016-17,Cagliari,D,29,2563,1,1,1,9,5,0.771,0.771,0.549,4.503,4.386,7,0,101922,Fabio Pisacane,1986-01-28,30.59,178.0,right,Defender,Centre-Back,Italy,Italy,29,2553,1,1,1390,Cagliari Calcio,2553,800000.0,900000.0,0.999,1.0,0.996,same_club
1399,Bruno Alves,ITA,2016-17,Cagliari,D,36,3240,1,1,0,31,6,0.934,0.934,0.249,2.932,2.88,5,1,13121,Bruno Alves,1981-11-27,34.76,189.0,right,Defender,Centre-Back,Portugal,Portugal,36,3240,1,0,1390,Cagliari Calcio,3318,2000000.0,800000.0,1.0,1.0,1.0,same_club
1402,Mauricio Isla,ITA,2016-17,Cagliari,D F M S,34,2879,1,1,7,11,34,0.501,0.501,3.52,7.48,5.699,10,0,43722,Mauricio Isla,1988-06-12,28.22,176.0,right,Defender,Right-Back,Chile,Chile,34,2875,1,7,1390,Cagliari Calcio,2958,6000000.0,4000000.0,1.0,1.0,0.999,same_club
1403,Simone Padoin,ITA,2016-17,Cagliari,D M S,31,2171,1,1,1,9,19,0.328,0.328,2.335,4.964,3.117,6,0,56703,Simone Padoin,1984-03-18,32.46,177.0,right,Midfield,Central Midfield,Italy,Italy,31,2172,1,1,1390,Cagliari Calcio,2262,1000000.0,800000.0,1.0,1.0,1.0,same_club
1408,Marco Capuano,ITA,2016-17,Cagliari,D S,12,766,1,1,0,4,4,0.532,0.532,0.245,0.993,0.798,0,1,164091,Marco Capuano,1991-10-14,24.88,186.0,left,Defender,Centre-Back,Italy,Italy,12,769,1,1,1390,Cagliari Calcio,859,1200000.0,800000.0,0.999,1.0,0.996,same_club
1418,Gonzalo Rodríguez,ITA,2016-17,Fiorentina,D,26,2210,1,1,0,13,2,0.875,0.875,0.288,5.071,4.775,6,2,19998,Gonzalo Rodríguez,1984-04-10,32.39,182.0,right,Defender,Centre-Back,Argentina,Argentina,26,2208,1,0,430,ACF Fiorentina,2838,6500000.0,3000000.0,1.0,1.0,0.999,same_club
1422,Borja Valero,ITA,2016-17,Fiorentina,F M S,31,2683,1,1,10,34,61,2.076,2.076,3.673,13.878,10.854,5,0,40372,Borja Valero,1985-01-12,31.64,175.0,right,Midfield,Central Midfield,Spain,Spain,32,2709,1,9,430,ACF Fiorentina,3193,14000000.0,9000000.0,0.997,1.0,0.99,same_club
1438,Vasilis Torosidis,ITA,2016-17,Bologna,D S,28,1937,1,1,0,11,5,2.025,2.025,0.151,3.536,1.898,5,1,24977,Vasilios Torosidis,1985-06-10,31.23,186.0,right,Defender,Right-Back,Greece,Greece,28,1940,1,1,1025,Bologna Football Club 1909,1940,2000000.0,800000.0,0.982,0.971,0.998,same_club
1440,Filip Helander,ITA,2016-17,Bologna,D S,11,833,1,1,0,3,1,0.72,0.72,0.068,1.087,1.087,3,0,198067,Filip Helander,1993-04-22,23.36,192.0,left,Defender,Centre-Back,Sweden,Sweden,11,833,1,0,1025,Bologna Football Club 1909,1013,1400000.0,1500000.0,1.0,1.0,1.0,same_club
1441,Adam Masina,ITA,2016-17,Bologna,D S,32,2431,1,1,0,18,12,1.496,1.496,1.248,5.607,3.935,6,1,286949,Adam Masina,1994-01-02,22.66,191.0,left,Defender,Centre-Back,Morocco,Morocco,32,2428,1,0,1025,Bologna Football Club 1909,2638,4000000.0,4000000.0,1.0,1.0,0.999,same_club
1447,Ladislav Krejci,ITA,2016-17,Bologna,D F M S,37,2798,1,0,8,36,55,4.942,4.181,6.289,11.907,3.657,2,0,140206,Ladislav Krejci,1992-07-05,24.16,179.0,left,Midfield,Left Midfield,Czech Republic,CSSR,37,2785,1,8,1025,Bologna Football Club 1909,2848,4000000.0,5000000.0,0.999,1.0,0.995,same_club
1448,Erick Pulgar,ITA,2016-17,Bologna,M S,27,1575,1,1,1,16,20,0.338,0.338,1.098,4.446,3.784,5,2,215616,Erick Pulgar,1994-01-15,22.63,188.0,right,Midfield,Defensive Midfield,Chile,Chile,27,1588,1,0,1025,Bologna Football Club 1909,1874,1800000.0,2000000.0,0.998,1.0,0.992,same_club
1462,Paolo Cannavaro,ITA,2016-17,Sassuolo,D S,18,1426,1,1,0,5,2,0.546,0.546,0.211,1.871,1.472,2,0,5858,Paolo Cannavaro,1981-06-26,35.18,185.0,right,Defender,Centre-Back,Italy,Italy,18,1423,1,0,6574,US Sassuolo,2053,600000.0,300000.0,0.999,1.0,0.998,same_club
1464,Federico Peluso,ITA,2016-17,Sassuolo,D M S,34,2978,1,1,2,6,16,1.08,1.08,1.576,5.511,4.604,12,0,21763,Federico Peluso,1984-01-20,32.62,188.0,left,Defender,Left-Back,Italy,Italy,34,2980,1,2,6574,US Sassuolo,3610,1500000.0,1000000.0,1.0,1.0,0.999,same_club
1465,Stefano Sensi,ITA,2016-17,Sassuolo,M S,16,1207,1,1,0,16,12,1.42,1.42,0.947,3.578,1.562,3,0,216179,Stefano Sensi,1995-08-05,21.08,168.0,right,Midfield,Central Midfield,Italy,Italy,16,1172,1,0,6574,US Sassuolo,1285,4000000.0,4500000.0,0.991,1.0,0.971,same_club
1466,Francesco Magnanelli,ITA,2016-17,Sassuolo,M S,15,1192,1,1,0,4,5,0.077,0.077,0.17,4.77,4.671,2,0,7093,Francesco Magnanelli,1984-11-12,31.8,181.0,right,Midfield,Defensive Midfield,Italy,Italy,15,1193,1,0,6574,US Sassuolo,1929,3000000.0,2500000.0,1.0,1.0,0.999,same_club
1474,Alfred Duncan,ITA,2016-17,Sassuolo,M S,21,1323,1,1,1,19,20,0.838,0.838,2.131,4.695,2.581,4,0,184894,Alfred Duncan,1993-03-10,23.48,178.0,left,Midfield,Central Midfield,Ghana,Ghana,21,1329,1,1,6574,US Sassuolo,1795,8000000.0,8500000.0,0.999,1.0,0.995,same_club
1475,Claud Adjapong,ITA,2016-17,Sassuolo,D F M S,9,510,1,1,0,10,4,0.511,0.511,0.317,0.828,0.137,3,0,337716,Claud Adjapong,1998-05-06,18.32,180.0,right,Defender,Right-Back,Italy,Italy,9,509,1,0,6574,US Sassuolo,782,300000.0,1500000.0,0.999,1.0,0.998,same_club
1477,Luca Mazzitelli,ITA,2016-17,Sassuolo,M S,17,1054,1,1,2,14,13,0.456,0.456,1.187,3.404,2.547,8,0,226025,Luca Mazzitelli,1995-11-15,20.8,184.0,right,Midfield,Central Midfield,Italy,Italy,17,1048,1,2,6574,US Sassuolo,1333,2000000.0,2000000.0,0.998,1.0,0.994,same_club
1482,Luca Antei,ITA,2016-17,Sassuolo,D S,15,1105,1,1,0,7,0,0.74,0.74,0.0,1.214,1.202,4,0,146743,Luca Antei,1992-04-19,24.37,186.0,right,Defender,Centre-Back,Italy,Italy,15,1111,1,0,6574,US Sassuolo,1381,1400000.0,1000000.0,0.998,1.0,0.995,same_club
1494,Mauricio Pinilla,ITA,2016-17,"Atalanta,Genoa",F S,16,705,1,0,1,29,10,4.45,3.689,1.502,4.351,0.084,5,1,6160,Mauricio Pinilla,1984-02-04,32.57,187.0,right,Attack,Centre-Forward,Chile,Chile,16,708,1,1,"252,800","Genoa CFC,Atalanta BC",798,1500000.0,800000.0,0.999,1.0,0.996,same_club
1502,Marco D&#039;Alessandro,ITA,2016-17,Atalanta,D F M S,24,725,1,1,1,11,19,1.909,1.909,1.278,4.591,1.743,2,0,99232,Marco D'Alessandro,1991-02-17,25.54,173.0,right,Attack,Right Winger,Italy,Italy,24,746,1,1,800,Atalanta BC,1008,1500000.0,1500000.0,0.962,0.95,0.972,same_club
1504,Alberto Grassi,ITA,2016-17,Atalanta,M S,18,676,1,1,0,13,3,1.176,1.176,0.087,2.948,1.843,2,0,197473,Alberto Grassi,1995-03-07,21.49,183.0,right,Midfield,Defensive Midfield,Italy,Italy,18,691,1,0,800,Atalanta BC,824,4000000.0,3200000.0,0.993,1.0,0.978,same_club
1516,Geoffrey Kondogbia,ITA,2016-17,Inter,M S,24,1715,1,1,2,33,10,1.406,1.406,1.78,7.08,6.327,5,1,127189,Geoffrey Kondogbia,1993-02-15,23.54,188.0,left,Midfield,Defensive Midfield,Central African Republic,France,24,1715,1,2,46,Inter Milan,1925,24000000.0,18000000.0,1.0,1.0,1.0,same_club
1521,Gabriel,ITA,2016-17,Inter,S,9,104,1,1,0,10,4,1.441,1.441,0.207,1.562,0.122,3,0,244275,Gabriel Barbosa,1996-08-30,20.01,178.0,left,Attack,Centre-Forward,Brazil,Brazil,9,112,1,0,46,Inter Milan,184,20000000.0,15000000.0,0.949,0.95,0.929,same_club
1534,Giancarlo Gonzalez,ITA,2016-17,Palermo,D M S,21,1659,1,1,0,5,6,1.102,1.102,0.236,1.081,1.0,7,2,111893,Giancarlo González,1988-02-08,28.56,186.0,right,Defender,Centre-Back,Costa Rica,Costa Rica,21,1662,1,0,458,Palermo FC,1662,3400000.0,2000000.0,0.999,1.0,0.998,same_club
1571,Robert Muric,ITA,2016-17,Pescara,F S,5,183,1,1,0,5,5,0.562,0.562,0.368,0.928,0.131,0,0,226085,Robert Muric,1996-03-12,20.47,180.0,left,Attack,Right Winger,Croatia,Croatia,5,184,1,0,2921,Delfino Pescara 1936,243,800000.0,700000.0,0.998,1.0,0.995,same_club
1572,Bostjan Cesar,ITA,2016-17,Chievo,D S,17,1433,1,1,0,9,2,2.497,2.497,0.336,2.831,2.479,8,1,24606,Bostjan Cesar,1982-07-09,34.15,191.0,left,Defender,Centre-Back,Slovenia,Jugoslawien (SFR),17,1437,1,0,862,Chievo Verona,1707,600000.0,300000.0,0.999,1.0,0.997,same_club
1581,Serge Gakpe,ITA,2016-17,"Chievo,Genoa",F S,15,551,1,1,0,19,8,1.991,1.991,0.801,3.068,0.351,2,0,36293,Serge Gakpé,1987-05-07,29.32,176.0,right,Attack,Right Winger,Togo,France,16,586,1,1,"252,862","Genoa CFC,Chievo Verona",653,2000000.0,900000.0,0.982,1.0,0.94,same_club
1622,Matías Fernández,ITA,2016-17,AC Milan,M S,13,651,1,1,2,8,17,0.817,0.817,1.794,2.8,1.287,1,0,37918,Matías Fernández,1986-05-15,30.3,176.0,right,Midfield,Attacking Midfield,Chile,Argentina,13,653,1,2,5,AC Milan,653,6000000.0,4500000.0,0.999,1.0,0.997,same_club
1641,Andrea Bertolacci,ITA,2016-17,AC Milan,M S,15,747,1,1,0,9,15,1.886,1.886,1.059,3.461,0.882,3,0,99227,Andrea Bertolacci,1991-01-11,25.64,179.0,left,Midfield,Central Midfield,Italy,Italy,15,749,1,1,5,AC Milan,1049,11000000.0,10000000.0,0.999,1.0,0.997,same_club
1837,Aleksandar Trajkovski,ITA,2016-17,Palermo,F S,11,437,1,1,0,6,4,0.363,0.363,0.172,0.44,0.141,1,0,142920,Aleksandar Trajkovski,1992-09-05,23.99,179.0,right,Attack,Left Winger,North Macedonia,Macedonia,11,438,1,0,458,Palermo FC,438,1000000.0,900000.0,0.999,1.0,0.998,same_club
2603,Marco Andreolli,ITA,2016-17,Inter,D S,6,362,1,1,0,5,0,0.551,0.551,0.0,0.659,0.659,0,0,36356,Marco Andreolli,1986-06-10,30.23,187.0,right,Defender,Centre-Back,Italy,Italy,6,362,1,0,46,Inter Milan,452,2000000.0,2000000.0,1.0,1.0,1.0,same_club
3943,Sulley Muntari,ITA,2016-17,Pescara,M S,9,531,1,1,0,4,5,0.117,0.117,0.621,0.542,0.286,5,0,17129,Sulley Muntari,1984-08-27,32.01,179.0,left,Midfield,Central Midfield,Ghana,Ghana,9,532,1,0,2921,Delfino Pescara 1936,532,1500000.0,500000.0,0.999,1.0,0.998,same_club
4914,Han Kwang Song,ITA,2016-17,Cagliari,S,5,47,1,1,0,4,2,0.747,0.747,0.661,1.33,0.049,0,0,402193,Kwang-song Han,1998-09-11,17.97,178.0,,Attack,Centre-Forward,"Korea, North","Korea, North",5,58,1,0,1390,Cagliari Calcio,58,,500000.0,0.963,1.0,0.878,same_club
4924,Luca Crecco,ITA,2016-17,Lazio,S,3,51,1,1,0,2,0,0.607,0.607,0.0,0.053,0.0,0,0,228604,Luca Crecco,1995-09-06,20.99,183.0,left,Midfield,Left Midfield,Italy,Italy,3,53,1,0,398,Società Sportiva Lazio S.p.A.,63,700000.0,600000.0,0.993,1.0,0.978,same_club
4932,Pietro Pellegri,ITA,2016-17,Genoa,F S,3,75,1,1,0,2,0,0.344,0.344,0.0,0.344,0.0,0,0,364133,Pietro Pellegri,2001-03-17,15.46,189.0,right,Attack,Centre-Forward,Italy,Italy,3,74,1,0,252,Genoa CFC,74,,1000000.0,0.997,1.0,0.989,same_club
4937,Miha Zajc,ITA,2016-17,Empoli,M S,5,98,1,1,1,4,1,0.258,0.258,0.56,1.117,0.357,0,0,149829,Miha Zajc,1994-07-01,22.17,178.0,right,Midfield,Central Midfield,Slovenia,Slovenia,5,103,1,1,749,FC Empoli,283,500000.0,1000000.0,0.985,1.0,0.951,same_club
4938,Mame Thiam,ITA,2016-17,Empoli,F S,15,874,1,1,1,29,12,2.829,2.829,1.258,3.923,0.541,1,0,163053,Mame Thiam,1992-10-09,23.9,185.0,right,Attack,Centre-Forward,Senegal,Senegal,15,874,1,1,749,FC Empoli,1146,1500000.0,1300000.0,1.0,1.0,1.0,same_club
18,Slobodan Rajkovic,ITA,2016-17,Palermo,D,4,298,0,0,0,2,0,0.105,0.105,0.0,0.546,0.546,0,1,35934,Slobodan Rajković,1989-02-03,27.58,191.0,left,Defender,Centre-Back,Serbia,Jugoslawien (SFR),4,299,0,0,458,Palermo FC,419,1500000.0,1200000.0,0.999,1.0,0.997,same_club
57,Toni Sunjic,ITA,2016-17,Palermo,D S,7,240,0,0,0,2,1,0.138,0.138,0.055,0.758,0.758,1,0,60790,Toni Sunjic,1988-12-15,27.71,194.0,right,Defender,Centre-Back,Bosnia-Herzegovina,Jugoslawien (SFR),7,242,0,0,458,Palermo FC,422,1500000.0,700000.0,0.998,1.0,0.992,same_club
609,Joe Hart,ITA,2016-17,Torino,GK,36,3240,0,0,0,0,1,0.0,0.0,0.018,2.991,2.973,2,0,40204,Joe Hart,1987-04-19,29.37,196.0,right,Goalkeeper,Goalkeeper,England,England,36,3240,0,0,416,Torino FC,3420,17000000.0,13000000.0,1.0,1.0,1.0,same_club
716,Alberto Paloschi,ITA,2016-17,Atalanta,F S,13,426,0,0,0,9,6,2.039,1.277,0.497,1.819,0.463,0,0,68306,Alberto Paloschi,1990-01-04,26.66,183.0,right,Attack,Centre-Forward,Italy,Italy,13,435,0,0,800,Atalanta BC,501,6000000.0,4000000.0,0.994,1.0,0.979,same_club
947,Víctor Ibarbo,ITA,2016-17,Cagliari,S,3,30,0,0,0,1,0,0.297,0.297,0.0,0.312,0.015,0,0,92141,Víctor Ibarbo,1990-05-19,26.29,188.0,right,Attack,Second Striker,Colombia,Colombia,3,35,0,0,1390,Cagliari Calcio,1420,8000000.0,2500000.0,0.983,1.0,0.944,same_club
1093,Mattia Perin,ITA,2016-17,Genoa,GK,16,1358,0,0,0,0,0,0.0,0.0,0.0,1.536,1.536,1,1,110923,Mattia Perin,1992-11-10,23.81,188.0,right,Goalkeeper,Goalkeeper,Italy,Italy,16,1358,0,0,252,Genoa CFC,1358,17500000.0,15000000.0,1.0,1.0,1.0,same_club
1094,Nicolas Burdisso,ITA,2016-17,Genoa,D,35,3127,0,0,0,14,3,1.081,1.081,0.258,5.532,5.512,10,0,3417,Nicolás Burdisso,1981-04-12,35.39,183.0,right,Defender,Centre-Back,Argentina,Argentina,35,3127,0,0,252,Genoa CFC,3427,400000.0,300000.0,1.0,1.0,1.0,same_club
1095,Ezequiel Muñoz,ITA,2016-17,Genoa,D S,31,2339,0,0,0,8,3,0.595,0.595,0.124,4.296,4.296,3,0,75127,Ezequiel Muñoz,1990-10-08,25.9,185.0,right,Defender,Centre-Back,Argentina,Argentina,31,2314,0,0,252,Genoa CFC,2404,3300000.0,3000000.0,0.997,1.0,0.989,same_club
1096,Armando Izzo,ITA,2016-17,Genoa,D M,29,2592,0,0,2,7,14,0.8,0.8,0.797,6.813,6.193,5,0,32113,Armando Izzo,1992-03-02,24.5,183.0,right,Defender,Centre-Back,Italy,Italy,29,2589,0,2,252,Genoa CFC,2679,3500000.0,6000000.0,1.0,1.0,0.999,same_club
1097,Edenilson,ITA,2016-17,Genoa,D F M S,16,887,0,0,3,3,19,0.13,0.13,3.282,4.765,4.259,2,1,169052,Edenilson,1989-12-18,26.7,175.0,right,Midfield,Central Midfield,Brazil,Brazil,16,901,0,3,252,Genoa CFC,1021,2500000.0,2000000.0,0.995,1.0,0.984,same_club
1098,Miguel Veloso,ITA,2016-17,Genoa,M S,23,1786,0,0,4,31,33,1.093,1.093,3.033,7.375,5.563,8,1,43848,Miguel Veloso,1986-05-11,30.31,180.0,left,Midfield,Defensive Midfield,Portugal,Portugal,23,1783,0,4,252,Genoa CFC,1993,6000000.0,4000000.0,0.999,1.0,0.998,same_club
1099,Tomás Rincón,ITA,2016-17,"Genoa,Juventus",M S,29,1686,0,0,3,16,21,0.845,0.845,2.035,8.507,6.115,4,0,75942,Tomás Rincón,1988-01-13,28.64,175.0,right,Midfield,Defensive Midfield,Venezuela,Venezuela,30,1723,0,3,"252,506","Genoa CFC,Juventus FC",2093,7000000.0,8000000.0,0.994,1.0,0.979,same_club
1105,Riccardo Fiamozzi,ITA,2016-17,Genoa,D S,4,104,0,0,0,1,3,0.1,0.1,0.177,0.683,0.406,0,0,197745,Riccardo Fiamozzi,1993-05-18,23.29,175.0,right,Defender,Right-Back,Italy,Italy,4,105,0,0,252,Genoa CFC,168,1000000.0,1000000.0,0.997,1.0,0.99,same_club
1107,Santiago Gentiletti,ITA,2016-17,Genoa,D,15,1223,0,0,1,3,4,0.171,0.171,0.205,1.905,1.773,1,1,30782,Santiago Gentiletti,1985-01-09,31.64,182.0,left,Defender,Centre-Back,Argentina,Argentina,15,1219,0,1,252,Genoa CFC,1326,1000000.0,400000.0,0.999,1.0,0.997,same_club
1108,Lucas Orban,ITA,2016-17,Genoa,D S,11,773,0,0,0,1,3,0.068,0.068,0.76,1.374,1.263,4,1,110309,Lucas Orbán,1989-02-03,27.58,179.0,left,Defender,Centre-Back,Argentina,Argentina,11,794,0,0,252,Genoa CFC,987,3000000.0,2000000.0,0.992,1.0,0.974,same_club
1112,Isaac Cofie,ITA,2016-17,Genoa,M S,15,1002,0,0,1,4,6,0.097,0.097,0.861,2.6,2.031,5,0,99327,Isaac Cofie,1991-09-20,24.95,184.0,right,Midfield,Defensive Midfield,Ghana,Ghana,15,973,0,1,252,Genoa CFC,1183,1800000.0,1500000.0,0.991,1.0,0.971,same_club
1113,Eugenio Lamanna,ITA,2016-17,Genoa,GK S,21,1882,0,0,0,0,0,0.0,0.0,0.0,0.69,0.69,0,0,85240,Eugenio Lamanna,1989-08-07,27.07,187.0,right,Goalkeeper,Goalkeeper,Italy,Italy,21,1882,0,0,252,Genoa CFC,2182,2500000.0,2000000.0,1.0,1.0,1.0,same_club
1114,Davide Biraschi,ITA,2016-17,Genoa,D S,7,391,0,0,0,3,1,0.052,0.052,0.105,0.822,0.794,2,0,199927,Davide Biraschi,1994-07-02,22.17,182.0,right,Defender,Centre-Back,Italy,Italy,7,392,0,0,252,Genoa CFC,556,400000.0,800000.0,0.999,1.0,0.997,same_club
1116,Gianluigi Donnarumma,ITA,2016-17,AC Milan,GK,38,3420,0,0,0,1,0,0.042,0.042,0.0,5.588,5.588,2,0,315858,Gianluigi Donnarumma,1999-02-25,17.52,196.0,right,Goalkeeper,Goalkeeper,Italy,Italy,38,3420,0,0,5,AC Milan,3720,10000000.0,25000000.0,1.0,1.0,1.0,same_club
1117,Andrea Poli,ITA,2016-17,AC Milan,D M S,13,367,0,0,0,3,5,0.174,0.174,0.114,0.625,0.411,1,0,44834,Andrea Poli,1989-09-29,26.92,182.0,right,Midfield,Central Midfield,Italy,Italy,13,380,0,0,5,AC Milan,380,5000000.0,4000000.0,0.99,1.0,0.966,same_club
1120,Mattia De Sciglio,ITA,2016-17,AC Milan,D M S,25,2093,0,0,2,9,14,0.336,0.336,1.267,6.436,5.131,4,0,88682,Mattia De Sciglio,1992-10-20,23.87,183.0,right,Defender,Right-Back,Italy,Italy,25,2091,0,2,5,AC Milan,2301,6000000.0,8500000.0,1.0,1.0,0.999,same_club
1127,Luiz Adriano,ITA,2016-17,AC Milan,F S,7,112,0,0,0,3,1,0.166,0.166,0.016,0.213,0.058,0,0,48974,Luiz Adriano,1987-04-12,29.39,184.0,right,Attack,Centre-Forward,Brazil,Brazil,7,120,0,0,5,AC Milan,591,8000000.0,4500000.0,0.98,1.0,0.933,same_club
1128,Gustavo Gómez,ITA,2016-17,AC Milan,D S,18,1073,0,0,0,5,3,0.474,0.474,0.068,3.021,3.008,4,0,215390,Gustavo Gómez,1993-05-06,23.32,185.0,right,Defender,Centre-Back,Paraguay,Paraguay,18,1083,0,0,5,AC Milan,1173,6000000.0,5000000.0,0.997,1.0,0.991,same_club
1130,José Sosa,ITA,2016-17,AC Milan,M S,18,1247,0,0,3,24,24,0.733,0.733,2.021,4.417,3.298,5,2,20137,José Sosa,1985-06-19,31.2,181.0,right,Midfield,Attacking Midfield,Argentina,Argentina,18,1242,0,3,5,AC Milan,1330,8000000.0,5000000.0,0.999,1.0,0.996,same_club
1132,Gabriel,ITA,2016-17,Cagliari,GK,3,270,0,0,0,0,0,0.0,0.0,0.0,0.122,0.122,1,0,79242,Gabriel,1992-09-27,23.93,194.0,right,Goalkeeper,Goalkeeper,Brazil,Brazil,3,270,0,0,1390,Cagliari Calcio,270,2000000.0,1400000.0,1.0,1.0,1.0,same_club
1135,Ignazio Abate,ITA,2016-17,AC Milan,D S,23,1924,0,0,2,4,20,1.266,1.266,1.251,5.22,3.094,2,0,16631,Ignazio Abate,1986-11-12,29.8,180.0,right,Defender,Right-Back,Italy,Italy,23,1925,0,2,5,AC Milan,2170,8000000.0,6000000.0,1.0,1.0,0.999,same_club
1138,Orestis Karnezis,ITA,2016-17,Udinese,GK,33,2961,0,0,0,0,1,0.0,0.0,0.031,1.138,1.107,3,0,16408,Orestis Karnezis,1985-07-11,31.14,190.0,right,Goalkeeper,Goalkeeper,Greece,Greece,33,2959,0,0,410,Udinese Calcio,3049,5000000.0,4000000.0,1.0,1.0,0.999,same_club
1139,Silvan Widmer,ITA,2016-17,Udinese,D M,28,2492,0,0,4,5,19,0.231,0.231,1.668,5.004,3.638,2,0,168989,Silvan Widmer,1993-03-05,23.49,183.0,right,Defender,Right-Back,Switzerland,Switzerland,28,2491,0,4,410,Udinese Calcio,2581,7500000.0,9000000.0,1.0,1.0,1.0,same_club
1142,Samir,ITA,2016-17,Udinese,D,21,1788,0,0,2,4,12,0.11,0.11,1.281,4.818,3.556,3,0,255744,Samir Caetano,1994-12-05,21.74,184.0,left,Defender,Centre-Back,Brazil,Brazil,21,1783,0,2,410,Udinese Calcio,1783,4000000.0,6000000.0,0.969,0.95,0.997,same_club
1143,Sven Kums,ITA,2016-17,Udinese,M S,29,1828,0,0,1,10,28,0.253,0.253,3.029,4.583,4.345,3,0,42735,Sven Kums,1988-02-26,28.51,176.0,right,Midfield,Central Midfield,Belgium,Belgium,29,1826,0,1,410,Udinese Calcio,2532,7500000.0,5000000.0,1.0,1.0,0.999,same_club
1149,Thomas Heurtaux,ITA,2016-17,Udinese,D S,12,519,0,0,1,3,1,0.805,0.805,0.552,0.891,0.31,3,0,109598,Thomas Heurtaux,1988-07-03,28.16,183.0,right,Defender,Centre-Back,France,France,12,525,0,1,410,Udinese Calcio,615,4000000.0,2700000.0,0.997,1.0,0.989,same_club
1150,Emmanuel Badu,ITA,2016-17,Udinese,F M S,29,2027,0,0,3,21,12,1.592,1.592,1.79,5.548,3.006,2,0,108484,Emmanuel Badu,1990-12-02,25.75,173.0,right,Midfield,Central Midfield,Ghana,Ghana,29,2030,0,3,410,Udinese Calcio,2120,6000000.0,5000000.0,1.0,1.0,0.999,same_club
1151,Emil Hallfredsson,ITA,2016-17,Udinese,M S,28,1990,0,0,4,19,17,0.855,0.855,1.78,5.64,4.528,10,0,22673,Emil Hallfredsson,1984-06-29,32.18,185.0,left,Midfield,Central Midfield,Iceland,Iceland,28,1990,0,3,410,Udinese Calcio,2019,2000000.0,1500000.0,1.0,1.0,1.0,same_club
1152,Lucas Evangelista,ITA,2016-17,Udinese,M S,6,201,0,0,1,3,5,0.15,0.15,0.589,1.015,0.469,1,0,270188,Lucas Evangelista,1995-02-06,21.57,181.0,left,Midfield,Central Midfield,Brazil,Brazil,6,205,0,1,410,Udinese Calcio,205,2500000.0,1600000.0,0.994,1.0,0.98,same_club
1153,Ryder Matos,ITA,2016-17,Udinese,F S,20,525,0,0,0,14,6,0.839,0.839,0.547,1.519,0.5,0,0,62713,Ryder Matos,1993-02-27,23.51,182.0,right,Attack,Second Striker,Brazil,Brazil,20,542,0,0,410,Udinese Calcio,603,3000000.0,2200000.0,0.991,1.0,0.969,same_club
1156,Ali Adnan,ITA,2016-17,Udinese,D S,14,856,0,0,0,8,9,0.236,0.236,0.452,1.217,0.845,2,0,261611,Ali Adnan,1993-12-19,22.7,185.0,left,Defender,Left-Back,Iraq,Iraq,14,867,0,0,410,Udinese Calcio,867,2200000.0,1800000.0,0.996,1.0,0.987,same_club
1158,Simone Scuffet,ITA,2016-17,Udinese,GK S,6,459,0,0,0,0,1,0.0,0.0,0.026,0.42,0.394,0,0,238993,Simone Scuffet,1996-05-31,20.25,193.0,right,Goalkeeper,Goalkeeper,Italy,Italy,6,461,0,0,410,Udinese Calcio,461,4400000.0,4000000.0,0.999,1.0,0.996,same_club
1159,Molla Wagué,ITA,2016-17,Udinese,D,6,540,0,0,0,5,1,0.274,0.274,0.014,0.172,0.151,2,0,129893,Molla Wagué,1991-02-21,25.53,191.0,right,Defender,Centre-Back,Mali,France,6,540,0,0,410,Udinese Calcio,610,2000000.0,1500000.0,1.0,1.0,1.0,same_club
1160,Albano Bizzarri,ITA,2016-17,Pescara,GK,29,2610,0,0,0,0,0,0.0,0.0,0.0,0.772,0.772,2,0,7797,Albano Bizzarri,1977-11-09,38.81,188.0,right,Goalkeeper,Goalkeeper,Argentina,Argentina,29,2610,0,0,2921,Delfino Pescara 1936,2700,200000.0,200000.0,1.0,1.0,1.0,same_club
1161,Francesco Zampano,ITA,2016-17,Pescara,D M S,34,2927,0,0,5,12,22,0.39,0.39,3.527,8.938,6.347,2,0,216872,Francesco Zampano,1993-09-30,22.92,177.0,right,Midfield,Right Midfield,Italy,Italy,34,2927,0,6,2921,Delfino Pescara 1936,3060,1200000.0,2500000.0,1.0,1.0,1.0,same_club
1163,Michele Fornasier,ITA,2016-17,Pescara,D S,22,1609,0,0,1,0,4,0.0,0.0,0.152,2.776,2.756,4,0,141654,Michele Fornasier,1993-08-22,23.03,186.0,right,Defender,Centre-Back,Italy,Italy,22,1614,0,1,2921,Delfino Pescara 1936,1614,700000.0,800000.0,0.999,1.0,0.997,same_club
1171,Simone Pepe,ITA,2016-17,Pescara,F M S,12,378,0,0,0,16,8,1.561,1.561,0.425,2.883,1.498,0,0,17249,Simone Pepe,1983-08-30,33.01,178.0,right,Attack,Right Winger,Italy,Italy,12,390,0,0,2921,Delfino Pescara 1936,390,500000.0,200000.0,0.991,1.0,0.969,same_club
1172,Alessandro Crescenzi,ITA,2016-17,Pescara,D M S,21,1401,0,0,1,7,10,0.287,0.287,0.431,1.709,1.3,1,0,96758,Alessandro Crescenzi,1991-09-25,24.94,178.0,both,Defender,Left-Back,Italy,Italy,21,1403,0,1,2921,Delfino Pescara 1936,1403,2000000.0,1500000.0,1.0,1.0,0.999,same_club
1174,Dario Zuparic,ITA,2016-17,Pescara,D S,7,333,0,0,0,2,1,0.414,0.414,0.118,0.708,0.176,1,0,165381,Dario Zuparic,1992-05-03,24.33,188.0,right,Defender,Centre-Back,Croatia,Croatia,7,337,0,0,2921,Delfino Pescara 1936,517,700000.0,500000.0,0.996,1.0,0.988,same_club
1175,Vincenzo Fiorillo,ITA,2016-17,Pescara,GK,9,810,0,0,0,0,0,0.0,0.0,0.0,1.029,1.029,0,0,55000,Vincenzo Fiorillo,1990-01-13,26.63,190.0,left,Goalkeeper,Goalkeeper,Italy,Italy,9,810,0,0,2921,Delfino Pescara 1936,900,700000.0,600000.0,1.0,1.0,1.0,same_club
1176,Alessandro Bruno,ITA,2016-17,Pescara,M S,15,967,0,0,0,0,4,0.0,0.0,0.26,3.217,3.103,6,0,77910,Alessandro Bruno,1983-07-04,33.16,180.0,right,Midfield,Central Midfield,Italy,Italy,15,973,0,0,2921,Delfino Pescara 1936,1063,100000.0,100000.0,0.998,1.0,0.994,same_club
1177,Stefano Pettinari,ITA,2016-17,Pescara,F S,6,252,0,0,0,9,2,0.524,0.524,0.055,0.601,0.111,1,0,130369,Stefano Pettinari,1992-01-27,24.6,185.0,right,Attack,Centre-Forward,Italy,Italy,6,255,0,0,2921,Delfino Pescara 1936,345,650000.0,500000.0,0.996,1.0,0.988,same_club
1179,Leandro Castán,ITA,2016-17,Torino,D S,14,1175,0,0,0,1,1,0.028,0.028,0.015,2.419,2.376,4,0,54929,Leandro Castán,1986-11-05,29.82,186.0,left,Defender,Centre-Back,Brazil,Brazil,14,1176,0,0,416,Torino FC,1176,5000000.0,5500000.0,1.0,1.0,0.999,same_club
1181,Antonio Barreca,ITA,2016-17,Torino,D S,28,2356,0,0,2,15,15,0.736,0.736,1.139,6.91,5.489,2,0,241889,Antonio Barreca,1995-03-18,21.46,180.0,left,Defender,Left-Back,Italy,Italy,28,2360,0,2,416,Torino FC,2537,1000000.0,4000000.0,0.999,1.0,0.998,same_club
1184,Mirko Valdifiori,ITA,2016-17,"Napoli,Torino",M S,25,1887,0,0,1,12,24,0.226,0.226,1.169,7.648,6.696,5,0,84903,Mirko Valdifiori,1986-04-21,30.37,185.0,right,Midfield,Defensive Midfield,Italy,Italy,25,1873,0,2,"416,6195","Torino FC,SSC Napoli",1954,4000000.0,3500000.0,0.998,1.0,0.993,same_club
1190,Joel Obi,ITA,2016-17,Torino,M S,20,761,0,0,3,11,14,1.182,1.182,0.875,4.089,2.045,3,0,45581,Joel Obi,1991-05-22,25.28,178.0,left,Midfield,Central Midfield,Nigeria,Nigeria,20,770,0,1,416,Torino FC,854,2000000.0,1500000.0,0.996,1.0,0.988,same_club
1194,Giuseppe Vives,ITA,2016-17,Torino,M,3,229,0,0,0,2,1,0.032,0.032,0.024,1.209,1.153,0,1,42345,Giuseppe Vives,1980-07-14,36.13,178.0,right,Midfield,Defensive Midfield,Italy,Italy,3,227,0,0,416,Torino FC,317,500000.0,300000.0,0.997,1.0,0.991,same_club
1195,Daniele Padelli,ITA,2016-17,Torino,GK,2,180,0,0,0,0,0,0.0,0.0,0.0,0.812,0.812,0,0,27807,Daniele Padelli,1985-10-25,30.85,191.0,right,Goalkeeper,Goalkeeper,Italy,Italy,2,180,0,0,416,Torino FC,390,1200000.0,1000000.0,1.0,1.0,1.0,same_club
1197,Cesare Bovo,ITA,2016-17,"Pescara,Torino",D S,14,1176,0,0,0,11,2,0.457,0.457,0.1,2.566,2.466,6,0,5946,Cesare Bovo,1983-01-14,33.63,181.0,right,Defender,Centre-Back,Italy,Italy,14,1178,0,0,"416,2921","Torino FC,Delfino Pescara 1936",1388,600000.0,300000.0,0.999,1.0,0.998,same_club
1200,Federico Marchetti,ITA,2016-17,Lazio,GK,17,1486,0,0,0,0,0,0.0,0.0,0.0,0.401,0.401,0,0,22318,Federico Marchetti,1983-02-07,33.57,188.0,left,Goalkeeper,Goalkeeper,Italy,Italy,17,1485,0,0,398,Società Sportiva Lazio S.p.A.,1575,4000000.0,2000000.0,1.0,1.0,0.999,same_club
1204,Patric,ITA,2016-17,Lazio,D M S,19,997,0,0,1,16,9,0.713,0.713,1.176,3.843,3.019,4,0,126729,Patric,1993-04-17,23.38,184.0,right,Defender,Centre-Back,Spain,Spain,19,1007,0,1,398,Società Sportiva Lazio S.p.A.,1187,800000.0,1800000.0,0.997,1.0,0.99,same_club
1211,Franjo Prce,ITA,2016-17,Lazio,S,1,1,0,0,0,0,0,0.0,0.0,0.0,0.0,0.0,0,0,240260,Franjo Prce,1996-01-07,20.65,188.0,left,Defender,Centre-Back,Croatia,Bosnia-Herzegovina,1,1,0,0,398,Società Sportiva Lazio S.p.A.,1,125000.0,150000.0,1.0,1.0,1.0,same_club
1213,Filip Djordjevic,ITA,2016-17,Lazio,F S,17,440,0,0,0,7,2,0.756,0.756,0.306,1.68,0.872,0,0,47065,Filip Djordjevic,1987-09-28,28.93,186.0,left,Attack,Centre-Forward,Serbia,Jugoslawien (SFR),17,455,0,0,398,Società Sportiva Lazio S.p.A.,511,4300000.0,2000000.0,0.99,1.0,0.967,same_club
1214,Thomas Strakosha,ITA,2016-17,Lazio,GK S,21,1844,0,0,0,0,0,0.0,0.0,0.0,1.644,1.644,1,0,222209,Thomas Strakosha,1995-03-19,21.46,193.0,right,Goalkeeper,Goalkeeper,Albania,Greece,21,1845,0,0,398,Società Sportiva Lazio S.p.A.,2205,300000.0,4500000.0,1.0,1.0,0.999,same_club
1216,Ivan Vargic,ITA,2016-17,Lazio,GK,1,90,0,0,0,0,0,0.0,0.0,0.0,0.0,0.0,0,0,34553,Ivan Vargic,1987-03-15,29.47,192.0,right,Goalkeeper,Goalkeeper,Croatia,Jugoslawien (SFR),1,90,0,0,398,Società Sportiva Lazio S.p.A.,90,1750000.0,1000000.0,1.0,1.0,1.0,same_club
1217,Moritz Leitner,ITA,2016-17,Lazio,S,2,12,0,0,0,0,0,0.0,0.0,0.0,0.16,0.16,0,0,82243,Moritz Leitner,1992-12-08,23.73,178.0,right,Midfield,Central Midfield,Germany,Germany,2,13,0,0,398,Società Sportiva Lazio S.p.A.,248,1500000.0,1000000.0,0.995,1.0,0.983,same_club
1217,Moritz Leitner,ITA,2016-17,Lazio,S,2,12,0,0,0,0,0,0.0,0.0,0.0,0.16,0.16,0,0,82243,Moritz Leitner,1992-12-08,23.73,178.0,right,Midfield,Central Midfield,Germany,Germany,2,13,0,0,398,Società Sportiva Lazio S.p.A.,248,1500000.0,1000000.0,0.997,1.0,0.989,same_club
1220,Christian Puggioni,ITA,2016-17,Sampdoria,GK,21,1890,0,0,0,0,2,0.0,0.0,0.143,2.164,2.021,3,0,48003,Christian Puggioni,1981-01-17,35.62,187.0,right,Goalkeeper,Goalkeeper,Italy,Italy,21,1890,0,0,1038,UC Sampdoria,2070,300000.0,300000.0,1.0,1.0,1.0,same_club
1221,Jacopo Sala,ITA,2016-17,Sampdoria,D S,20,1568,0,0,0,4,19,0.046,0.046,1.196,4.807,4.109,5,0,96806,Jacopo Sala,1991-12-05,24.74,181.0,right,Midfield,Central Midfield,Italy,Italy,20,1568,0,0,1038,UC Sampdoria,1658,2500000.0,2500000.0,1.0,1.0,1.0,same_club
1222,Matías Silvestre,ITA,2016-17,Sampdoria,D,36,3211,0,0,3,13,4,0.539,0.539,1.612,7.049,6.392,2,1,20003,Matías Silvestre,1984-09-25,31.93,185.0,right,Defender,Centre-Back,Argentina,Argentina,36,3211,0,2,1038,UC Sampdoria,3391,2000000.0,2000000.0,1.0,1.0,1.0,same_club
1223,Milan Skriniar,ITA,2016-17,Sampdoria,D S,35,2996,0,0,0,11,4,1.637,1.637,0.164,4.682,4.576,4,1,204069,Milan Škriniar,1995-02-11,21.56,187.0,right,Defender,Centre-Back,Slovakia,Slovakia,35,2998,0,0,1038,UC Sampdoria,2998,800000.0,7000000.0,1.0,1.0,0.999,same_club
1224,Vasco Regini,ITA,2016-17,Sampdoria,D S,34,2781,0,0,4,10,19,0.318,0.318,0.923,4.389,3.754,5,0,72274,Vasco Regini,1990-09-09,25.98,185.0,left,Defender,Left-Back,Italy,Italy,34,2778,0,4,1038,UC Sampdoria,3037,2500000.0,2500000.0,1.0,1.0,0.999,same_club
1227,Lucas Torreira,ITA,2016-17,Sampdoria,M,35,3055,0,0,0,19,35,0.768,0.768,1.913,8.86,7.411,7,0,318077,Lucas Torreira,1996-02-11,20.56,166.0,right,Midfield,Defensive Midfield,Uruguay,Uruguay,35,3049,0,1,1038,UC Sampdoria,3123,1500000.0,9000000.0,0.999,1.0,0.998,same_club
1232,Angelo Palombo,ITA,2016-17,Sampdoria,D S,4,215,0,0,0,2,0,0.179,0.179,0.0,0.267,0.267,1,0,6793,Angelo Palombo,1981-09-25,34.93,177.0,right,Midfield,Defensive Midfield,Italy,Italy,4,218,0,0,1038,UC Sampdoria,308,500000.0,200000.0,0.996,1.0,0.986,same_club
1233,Filip Djuricic,ITA,2016-17,Sampdoria,M S,19,477,0,0,1,6,9,0.973,0.973,0.921,2.819,1.151,4,0,94307,Filip Djuricic,1992-01-30,24.59,181.0,right,Midfield,Attacking Midfield,Serbia,Jugoslawien (SFR),19,499,0,1,1038,UC Sampdoria,662,4000000.0,2500000.0,0.987,1.0,0.956,same_club
1235,Ante Budimir,ITA,2016-17,Sampdoria,F S,11,295,0,0,0,10,3,1.013,1.013,0.156,1.174,0.122,0,0,46413,Ante Budimir,1991-07-22,25.11,190.0,left,Attack,Centre-Forward,Croatia,Jugoslawien (SFR),11,304,0,0,1038,UC Sampdoria,479,3000000.0,1500000.0,0.991,1.0,0.97,same_club
1237,Mirko Eramo,ITA,2016-17,Sampdoria,S,1,4,0,0,0,1,0,0.022,0.022,0.0,0.022,0.0,0,0,61783,Mirko Eramo,1989-07-12,27.14,181.0,right,Midfield,Central Midfield,Italy,Italy,1,4,0,0,1038,UC Sampdoria,94,600000.0,700000.0,1.0,1.0,1.0,same_club
1238,Luca Cigarini,ITA,2016-17,Sampdoria,M S,4,275,0,0,0,2,6,0.025,0.025,0.869,0.599,0.564,3,0,33218,Luca Cigarini,1986-06-20,30.2,175.0,right,Midfield,Defensive Midfield,Italy,Italy,4,275,0,0,1038,UC Sampdoria,471,5000000.0,2000000.0,1.0,1.0,1.0,same_club
1241,Pedro Pereira,ITA,2016-17,Sampdoria,D S,12,791,0,0,0,0,5,0.0,0.0,0.107,0.879,0.805,5,0,314965,Pedro Pereira,1998-01-22,18.61,185.0,right,Defender,Right-Back,Portugal,Portugal,12,786,0,0,1038,UC Sampdoria,876,1000000.0,2000000.0,0.998,1.0,0.994,same_club
1244,Wojciech Szczesny,ITA,2016-17,Roma,GK,38,3420,0,0,0,0,1,0.0,0.0,0.051,5.926,5.875,0,0,44058,Wojciech Szczesny,1990-04-18,26.37,195.0,right,Goalkeeper,Goalkeeper,Poland,Poland,38,3420,0,0,12,Associazione Sportiva Roma,3510,12000000.0,17000000.0,1.0,1.0,1.0,same_club
1245,Emerson,ITA,2016-17,Roma,D M S,25,1967,0,0,1,18,30,0.57,0.57,2.377,10.031,9.105,1,0,181778,Emerson,1994-08-03,22.08,176.0,left,Defender,Left-Back,Italy,Brazil,25,1967,0,1,12,Associazione Sportiva Roma,2595,1000000.0,9000000.0,1.0,1.0,1.0,same_club
1246,Kostas Manolas,ITA,2016-17,Roma,D S,33,2780,0,0,2,15,7,1.793,1.793,0.403,10.622,10.554,7,0,104752,Konstantinos Manolas,1991-06-14,25.22,185.0,right,Defender,Centre-Back,Greece,Greece,33,2776,0,3,12,Associazione Sportiva Roma,3811,25000000.0,30000000.0,0.97,0.95,0.999,same_club
1247,Juan Jesus,ITA,2016-17,Roma,D M S,20,1186,0,0,0,3,4,0.3,0.3,0.287,4.232,4.053,5,0,121985,Juan Jesus,1991-06-10,25.23,185.0,left,Defender,Centre-Back,Brazil,Brazil,20,1188,0,0,12,Associazione Sportiva Roma,2197,9000000.0,7500000.0,0.999,1.0,0.998,same_club
1254,Alessandro Florenzi,ITA,2016-17,Roma,D M S,9,751,0,0,3,13,14,1.183,1.183,1.582,6.678,5.1,3,0,130365,Alessandro Florenzi,1991-03-11,25.48,173.0,right,Defender,Right-Back,Italy,Italy,9,749,0,3,12,Associazione Sportiva Roma,956,22000000.0,20000000.0,0.999,1.0,0.997,same_club
1258,Gerson,ITA,2016-17,Roma,M S,4,131,0,0,0,0,1,0.0,0.0,0.034,1.084,1.084,1,0,341705,Gerson,1997-05-20,19.29,184.0,left,Midfield,Central Midfield,Brazil,Brazil,4,131,0,0,12,Associazione Sportiva Roma,402,10000000.0,8000000.0,1.0,1.0,1.0,same_club
1263,Josip Posavec,ITA,2016-17,Palermo,GK,29,2610,0,0,0,0,0,0.0,0.0,0.0,0.503,0.503,1,0,255322,Josip Posavec,1996-03-10,20.48,190.0,right,Goalkeeper,Goalkeeper,Croatia,Croatia,29,2610,0,0,458,Palermo FC,2730,500000.0,1800000.0,1.0,1.0,1.0,same_club
1265,Thiago Cionek,ITA,2016-17,Palermo,D S,29,2330,0,0,0,7,1,0.798,0.798,0.028,1.469,1.435,8,0,79510,Thiago Cionek,1986-04-21,30.37,183.0,right,Defender,Centre-Back,Poland,Brazil,29,2328,0,0,458,Palermo FC,2387,900000.0,600000.0,1.0,1.0,0.999,same_club
1266,Sinisa Andjelkovic,ITA,2016-17,Palermo,D S,22,1840,0,0,1,6,1,0.376,0.376,0.904,1.418,1.418,3,0,84622,Sinisa Andjelkovic,1986-02-13,30.55,186.0,right,Defender,Centre-Back,Slovenia,Jugoslawien (SFR),22,1840,0,1,458,Palermo FC,1840,700000.0,500000.0,1.0,1.0,1.0,same_club
1267,Michel Morganella,ITA,2016-17,Palermo,D M S,11,650,0,0,0,5,4,0.131,0.131,0.211,0.714,0.428,3,0,47544,Michel Morganella,1989-05-17,27.29,183.0,right,Defender,Right-Back,Switzerland,Switzerland,11,649,0,0,458,Palermo FC,710,1000000.0,600000.0,1.0,1.0,0.998,same_club
1269,Alessandro Gazzi,ITA,2016-17,Palermo,M S,25,1943,0,0,0,2,3,0.061,0.061,0.071,1.902,1.853,6,2,28827,Alessandro Gazzi,1983-01-28,33.59,184.0,left,Midfield,Defensive Midfield,Italy,Italy,25,1938,0,0,458,Palermo FC,2178,700000.0,400000.0,0.999,1.0,0.997,same_club
1276,Carlos Embalo,ITA,2016-17,Palermo,F M S,12,616,0,0,1,11,4,0.349,0.349,0.243,1.066,0.673,0,0,275682,Carlos Embalo,1994-11-25,21.77,178.0,both,Attack,Left Winger,Guinea-Bissau,Guinea-Bissau,12,621,0,1,458,Palermo FC,621,2000000.0,1700000.0,0.998,1.0,0.992,same_club
1278,Andrea Fulignati,ITA,2016-17,Palermo,GK,9,810,0,0,0,0,0,0.0,0.0,0.0,0.132,0.132,0,0,231381,Andrea Fulignati,1994-10-31,21.84,190.0,right,Goalkeeper,Goalkeeper,Italy,Italy,9,810,0,0,458,Palermo FC,930,100000.0,400000.0,1.0,1.0,1.0,same_club
1279,Roberto Vitiello,ITA,2016-17,Palermo,D,5,378,0,0,0,0,0,0.0,0.0,0.0,0.406,0.406,1,0,22217,Roberto Vitiello,1983-05-08,33.32,176.0,right,Defender,Right-Back,Italy,Italy,5,372,0,0,458,Palermo FC,606,300000.0,200000.0,0.995,1.0,0.984,same_club
1280,Simone Lo Faso,ITA,2016-17,Palermo,M S,10,241,0,0,0,7,5,0.421,0.421,0.891,1.113,0.617,0,0,349719,Simone Lo Faso,1998-02-18,18.54,181.0,both,Attack,Second Striker,Italy,Italy,10,244,0,0,458,Palermo FC,329,225000.0,500000.0,0.996,1.0,0.988,same_club
1281,Giuseppe Pezzella,ITA,2016-17,Palermo,D M S,10,804,0,0,0,5,4,0.205,0.205,0.215,0.555,0.408,1,0,336960,Giuseppe Pezzella,1997-11-29,18.76,187.0,left,Defender,Left-Back,Italy,Italy,10,806,0,0,458,Palermo FC,897,500000.0,1000000.0,0.999,1.0,0.998,same_club
1283,Ouasim Bouy,ITA,2016-17,Palermo,S,2,35,0,0,0,1,1,0.012,0.012,0.031,0.082,0.039,1,0,126412,Ouasim Bouy,1993-06-11,23.23,181.0,left,Midfield,Defensive Midfield,Morocco,Netherlands,2,36,0,0,458,Palermo FC,1159,1000000.0,800000.0,0.997,1.0,0.989,same_club
1285,Gianluigi Buffon,ITA,2016-17,Juventus,GK,30,2656,0,0,0,0,1,0.0,0.0,0.025,4.516,4.492,0,0,5023,Gianluigi Buffon,1978-01-28,38.59,192.0,right,Goalkeeper,Goalkeeper,Italy,Italy,30,2655,0,0,506,Juventus FC,3855,2000000.0,2000000.0,1.0,1.0,1.0,same_club
1286,Andrea Barzagli,ITA,2016-17,Juventus,D S,23,1525,0,0,0,2,2,0.106,0.106,0.151,6.27,6.085,2,0,7109,Andrea Barzagli,1981-05-08,35.32,187.0,right,Defender,Centre-Back,Italy,Italy,23,1529,0,0,506,Juventus FC,2618,2000000.0,1000000.0,0.999,1.0,0.997,same_club
1296,Stefano Sturaro,ITA,2016-17,Juventus,M S,21,1033,0,0,1,21,12,1.876,1.876,1.024,4.516,2.412,5,0,167859,Stefano Sturaro,1993-03-09,23.48,181.0,right,Midfield,Central Midfield,Italy,Italy,21,1034,0,1,506,Juventus FC,1383,12000000.0,10000000.0,1.0,1.0,0.999,same_club
1297,Neto,ITA,2016-17,Juventus,GK S,8,674,0,0,0,0,0,0.0,0.0,0.0,1.485,1.485,0,0,111819,Neto,1989-07-19,27.12,190.0,right,Goalkeeper,Goalkeeper,Brazil,Brazil,8,675,0,0,506,Juventus FC,1215,7000000.0,6000000.0,1.0,1.0,0.999,same_club
1298,Patrice Evra,ITA,2016-17,Juventus,D S,6,242,0,0,0,1,0,0.023,0.023,0.0,1.2,1.177,0,0,5285,Patrice Evra,1981-05-15,35.3,174.0,left,Defender,Left-Back,France,Senegal,6,249,0,0,506,Juventus FC,1709,1000000.0,1000000.0,0.998,1.0,0.993,same_club
1298,Patrice Evra,ITA,2016-17,Juventus,D S,6,242,0,0,0,1,0,0.023,0.023,0.0,1.2,1.177,0,0,5285,Patrice Evra,1981-05-15,35.3,174.0,left,Defender,Left-Back,France,Senegal,6,249,0,0,506,Juventus FC,1709,1000000.0,1000000.0,0.992,1.0,0.972,same_club
1302,Emil Audero,ITA,2016-17,Juventus,GK,1,90,0,0,0,0,0,0.0,0.0,0.0,0.068,0.068,0,0,256339,Emil Audero,1997-01-18,19.62,192.0,right,Goalkeeper,Goalkeeper,Indonesia,Indonesia,1,90,0,0,506,Juventus FC,90,300000.0,500000.0,1.0,1.0,1.0,same_club
1305,Lukasz Skorupski,ITA,2016-17,Empoli,GK,35,3150,0,0,0,0,1,0.0,0.0,0.029,1.021,0.992,2,0,80894,Lukasz Skorupski,1991-05-05,25.33,188.0,right,Goalkeeper,Goalkeeper,Poland,Poland,35,3150,0,0,749,FC Empoli,3150,4000000.0,7000000.0,1.0,1.0,1.0,same_club
1306,Vincent Laurini,ITA,2016-17,Empoli,D,24,1925,0,0,0,2,7,0.114,0.114,0.367,2.595,2.357,2,1,94936,Vincent Laurini,1989-06-10,27.23,173.0,right,Defender,Right-Back,France,France,24,1919,0,0,749,FC Empoli,2009,1500000.0,1300000.0,0.999,1.0,0.997,same_club
1310,José Mauri,ITA,2016-17,Empoli,M S,14,881,0,0,0,4,3,0.067,0.067,0.163,0.888,0.817,4,0,240958,José Mauri,1996-05-16,20.3,169.0,right,Midfield,Central Midfield,Italy,Argentina,14,872,0,0,749,FC Empoli,954,4500000.0,3500000.0,0.997,1.0,0.99,same_club
1314,Guido Marilungo,ITA,2016-17,Empoli,F S,20,946,0,0,4,10,20,0.795,0.795,2.058,4.222,2.439,2,0,61786,Guido Marilungo,1989-08-09,27.06,174.0,right,Attack,Centre-Forward,Italy,Italy,20,944,0,4,749,FC Empoli,1013,600000.0,500000.0,0.999,1.0,0.998,same_club
1316,Frederic Veseli,ITA,2016-17,Empoli,D S,17,1177,0,0,2,1,2,0.021,0.021,0.241,1.794,1.687,3,0,111433,Frédéric Veseli,1992-11-20,23.78,183.0,right,Defender,Right-Back,Albania,Switzerland,17,1178,0,2,749,FC Empoli,1178,800000.0,800000.0,1.0,1.0,0.999,same_club
1317,Andrés Tello,ITA,2016-17,Empoli,M S,18,814,0,0,0,8,11,0.229,0.229,0.559,1.657,1.043,6,0,331389,Andrés Tello,1996-09-06,19.99,180.0,right,Midfield,Central Midfield,Colombia,Colombia,18,818,0,0,749,FC Empoli,1028,900000.0,900000.0,0.999,1.0,0.995,same_club
1320,Federico Barba,ITA,2016-17,Empoli,D S,11,809,0,0,0,4,1,0.229,0.229,0.03,0.804,0.804,3,0,165873,Federico Barba,1993-09-01,23.0,187.0,left,Defender,Centre-Back,Italy,Italy,11,811,0,0,749,FC Empoli,931,1800000.0,1200000.0,0.999,1.0,0.998,same_club
1321,Alberto Pelagotti,ITA,2016-17,Empoli,GK,3,270,0,0,0,0,0,0.0,0.0,0.0,0.287,0.287,0,0,56921,Alberto Pelagotti,1989-03-09,27.48,186.0,right,Goalkeeper,Goalkeeper,Italy,Italy,3,270,0,0,749,FC Empoli,480,500000.0,500000.0,1.0,1.0,1.0,same_club
1322,Raffaele Maiello,ITA,2016-17,Empoli,M,1,60,0,0,0,0,2,0.0,0.0,0.424,0.37,0.0,0,0,140559,Raffaele Maiello,1991-07-10,25.15,177.0,right,Midfield,Defensive Midfield,Italy,Italy,1,60,0,0,749,FC Empoli,210,1200000.0,1200000.0,1.0,1.0,1.0,same_club
1323,Marco Zambelli,ITA,2016-17,Empoli,D S,10,390,0,0,0,1,5,0.05,0.05,1.071,1.824,0.754,1,0,28031,Marco Zambelli,1985-08-22,31.03,180.0,right,Defender,Right-Back,Italy,Italy,10,394,0,0,749,FC Empoli,514,600000.0,300000.0,0.997,1.0,0.99,same_club
1324,Federico Dimarco,ITA,2016-17,Empoli,D S,12,648,0,0,1,9,11,0.199,0.199,0.701,1.359,1.204,2,0,198116,Federico Dimarco,1997-11-10,18.81,175.0,left,Defender,Left-Back,Italy,Italy,12,647,0,1,749,FC Empoli,767,1300000.0,2000000.0,1.0,1.0,0.998,same_club
1325,Marcel Büchel,ITA,2016-17,Empoli,M S,15,821,0,0,0,9,1,0.162,0.162,0.017,0.563,0.455,5,0,74956,Marcel Büchel,1991-03-18,25.46,175.0,left,Midfield,Central Midfield,Liechtenstein,Austria,15,823,0,0,749,FC Empoli,930,2000000.0,1500000.0,0.999,1.0,0.998,same_club
1326,Assane Diousse,ITA,2016-17,Empoli,M S,33,2397,0,0,0,10,11,0.212,0.212,0.7,7.164,6.461,13,0,287635,Assane Dioussé,1997-09-20,18.95,175.0,left,Midfield,Defensive Midfield,Senegal,Senegal,33,2403,0,0,749,FC Empoli,2455,4000000.0,4000000.0,0.999,1.0,0.998,same_club
1327,Matheus Pereira,ITA,2016-17,Empoli,S,1,5,0,0,0,1,0,0.481,0.481,0.0,0.589,0.107,0,0,323934,Matheus Pereira,1998-02-25,18.52,183.0,left,Midfield,Central Midfield,Brazil,Brazil,1,5,0,0,749,FC Empoli,125,100000.0,350000.0,1.0,1.0,1.0,same_club
1328,Stefano Sorrentino,ITA,2016-17,Chievo,GK,34,3060,0,0,0,0,0,0.0,0.0,0.0,3.147,3.147,1,0,21891,Stefano Sorrentino,1979-03-28,37.43,186.0,right,Goalkeeper,Goalkeeper,Italy,Italy,34,3060,0,0,862,Chievo Verona,3240,800000.0,800000.0,1.0,1.0,1.0,same_club
1331,Dario Dainelli,ITA,2016-17,Chievo,D S,26,2189,0,0,0,1,4,0.019,0.019,0.223,3.226,3.125,8,0,5970,Dario Dainelli,1979-06-09,37.23,191.0,right,Defender,Centre-Back,Italy,Italy,26,2190,0,0,862,Chievo Verona,2280,200000.0,300000.0,1.0,1.0,1.0,same_club
1334,Perparim Hetemaj,ITA,2016-17,Chievo,M S,23,1878,0,0,0,15,15,0.52,0.52,0.581,5.915,5.007,6,0,37295,Perparim Hetemaj,1986-12-12,29.72,179.0,right,Midfield,Central Midfield,Finland,Jugoslawien (SFR),23,1876,0,1,862,Chievo Verona,1966,4500000.0,4200000.0,1.0,1.0,0.999,same_club
1338,Antonio Floro Flores,ITA,2016-17,Chievo,F S,12,551,0,0,1,22,6,0.936,0.936,0.988,2.862,1.085,0,0,16893,Antonio Floro Flores,1983-06-18,33.21,183.0,right,Attack,Centre-Forward,Italy,Italy,12,554,0,0,862,Chievo Verona,599,1000000.0,500000.0,0.998,1.0,0.995,same_club
1339,Mariano Izco,ITA,2016-17,Chievo,D M S,25,1156,0,0,1,12,19,0.876,0.876,1.183,3.643,2.256,1,0,30853,Mariano Izco,1983-03-13,33.47,180.0,right,Midfield,Central Midfield,Argentina,Argentina,25,1164,0,1,862,Chievo Verona,1344,1000000.0,500000.0,0.998,1.0,0.993,same_club
1341,Ivan Radovanovic,ITA,2016-17,Chievo,M S,35,2888,0,0,0,27,9,0.648,0.648,0.719,5.886,5.44,10,0,46105,Ivan Radovanovic,1988-08-29,28.01,187.0,right,Midfield,Defensive Midfield,Serbia,Jugoslawien (SFR),35,2891,0,0,862,Chievo Verona,3026,2000000.0,2500000.0,1.0,1.0,0.999,same_club
1342,Nicolás Spolli,ITA,2016-17,Chievo,D S,21,1588,0,0,0,8,1,1.708,1.708,0.017,2.025,1.403,8,0,51186,Nicolás Spolli,1983-02-20,33.53,193.0,right,Defender,Centre-Back,Argentina,Argentina,21,1588,0,0,862,Chievo Verona,1768,700000.0,400000.0,1.0,1.0,1.0,same_club
1344,Nicolas Frey,ITA,2016-17,Chievo,D S,15,1181,0,0,0,2,12,0.037,0.037,0.662,1.891,1.665,2,0,38591,Nicolas Frey,1984-03-06,32.49,184.0,right,Defender,Right-Back,France,France,15,1181,0,0,862,Chievo Verona,1275,600000.0,350000.0,1.0,1.0,1.0,same_club
1345,Andrea Seculin,ITA,2016-17,Chievo,GK,4,360,0,0,0,0,0,0.0,0.0,0.0,0.02,0.02,0,0,85380,Andrea Seculin,1990-07-14,26.14,190.0,right,Goalkeeper,Goalkeeper,Italy,Italy,4,360,0,0,862,Chievo Verona,450,400000.0,400000.0,1.0,1.0,1.0,same_club
1346,Gennaro Sardo,ITA,2016-17,Chievo,S,1,6,0,0,0,0,0,0.0,0.0,0.0,0.0,0.0,0,0,21770,Gennaro Sardo,1979-05-08,37.32,190.0,right,Defender,Right-Back,Italy,Italy,1,6,0,0,862,Chievo Verona,6,100000.0,100000.0,1.0,1.0,1.0,same_club
1348,Vittorio Parigini,ITA,2016-17,Chievo,S,3,20,0,0,0,0,0,0.0,0.0,0.0,0.017,0.017,0,0,238981,Vittorio Parigini,1996-03-25,20.44,180.0,right,Attack,Right Winger,Italy,Italy,3,23,0,0,862,Chievo Verona,95,1400000.0,1200000.0,0.99,1.0,0.967,same_club
1351,Alex Cordaz,ITA,2016-17,Crotone,GK,36,3237,0,0,0,0,0,0.0,0.0,0.0,1.148,1.148,2,1,16633,Alex Cordaz,1983-01-01,33.67,188.0,right,Goalkeeper,Goalkeeper,Italy,Italy,36,3236,0,0,4083,FC Crotone,3326,400000.0,1000000.0,1.0,1.0,1.0,same_club
1353,Claiton,ITA,2016-17,Crotone,D S,10,709,0,0,1,3,1,0.495,0.495,0.835,0.748,0.748,2,0,139169,Claiton,1984-09-07,31.98,188.0,left,Defender,Centre-Back,Brazil,Brazil,10,709,0,1,4083,FC Crotone,799,500000.0,400000.0,1.0,1.0,1.0,same_club
1355,Bruno Martella,ITA,2016-17,Crotone,D M S,29,2334,0,0,0,14,13,0.329,0.329,1.165,4.211,3.851,4,0,164108,Bruno Martella,1992-08-14,24.05,184.0,left,Defender,Left-Back,Italy,Italy,29,2323,0,0,4083,FC Crotone,2323,1000000.0,1800000.0,0.999,1.0,0.995,same_club
1356,Lorenzo Crisetig,ITA,2016-17,Crotone,M S,32,2541,0,0,1,14,29,0.35,0.35,1.419,4.699,3.718,11,1,110928,Lorenzo Crisetig,1993-01-20,23.61,184.0,left,Midfield,Defensive Midfield,Italy,Italy,32,2540,0,1,4083,FC Crotone,2540,3300000.0,3000000.0,1.0,1.0,1.0,same_club
1357,Aniello Salzano,ITA,2016-17,Crotone,M S,7,499,0,0,0,3,4,0.082,0.082,0.147,1.231,1.144,0,0,195199,Aniello Salzano,1991-07-20,25.12,186.0,left,Midfield,Central Midfield,Italy,Italy,7,499,0,0,4083,FC Crotone,589,400000.0,400000.0,1.0,1.0,1.0,same_club
1358,Leonardo Capezzi,ITA,2016-17,Crotone,M S,25,1635,0,0,0,24,15,0.797,0.797,0.962,2.301,1.779,5,1,84442,Leonardo Capezzi,1995-03-28,21.43,178.0,right,Midfield,Central Midfield,Italy,Italy,25,1632,0,0,4083,FC Crotone,1677,1300000.0,1800000.0,0.999,1.0,0.998,same_club
1365,Djamel Mesbah,ITA,2016-17,Crotone,D S,10,679,0,0,0,2,3,0.079,0.079,0.145,0.519,0.369,1,0,17735,Djamel Mesbah,1984-10-09,31.9,180.0,left,Defender,Left-Back,Algeria,Algeria,10,680,0,1,4083,FC Crotone,680,400000.0,300000.0,1.0,1.0,0.999,same_club
1366,Noe Dussenne,ITA,2016-17,Crotone,D S,8,462,0,0,0,3,0,0.146,0.146,0.0,1.076,1.057,1,1,160736,Noë Dussenne,1992-04-07,24.4,192.0,right,Defender,Centre-Back,Belgium,Belgium,8,461,0,0,4083,FC Crotone,821,1500000.0,1000000.0,0.999,1.0,0.998,same_club
1367,Marco Festa,ITA,2016-17,Crotone,GK S,3,182,0,0,0,0,0,0.0,0.0,0.0,0.015,0.015,1,0,257660,Marco Festa,1992-06-06,24.24,190.0,right,Goalkeeper,Goalkeeper,Italy,Italy,3,183,0,0,4083,FC Crotone,183,150000.0,200000.0,0.998,1.0,0.995,same_club
1368,Nicolò Fazzi,ITA,2016-17,Crotone,S,1,4,0,0,0,0,0,0.0,0.0,0.0,0.0,0.0,0,0,197744,Nicolò Fazzi,1995-03-02,21.5,183.0,right,Midfield,Right Midfield,Italy,Italy,1,6,0,0,4083,FC Crotone,96,400000.0,350000.0,0.993,1.0,0.978,same_club
1372,Andrea Barberis,ITA,2016-17,Crotone,M S,26,2065,0,0,3,17,18,0.544,0.544,1.792,1.319,1.108,3,0,146680,Andrea Barberis,1993-12-11,22.72,177.0,right,Midfield,Defensive Midfield,Italy,Italy,26,2063,0,3,4083,FC Crotone,2153,500000.0,2000000.0,1.0,1.0,0.999,same_club
1374,José Reina,ITA,2016-17,Napoli,GK,37,3330,0,0,0,0,1,0.0,0.0,0.102,9.717,9.615,1,0,7825,Pepe Reina,1982-08-31,34.0,188.0,right,Goalkeeper,Goalkeeper,Spain,Spain,37,3330,0,0,6195,SSC Napoli,4320,3000000.0,2000000.0,0.97,0.95,1.0,same_club
1375,Elseid Hysaj,ITA,2016-17,Napoli,D S,35,3033,0,0,1,8,19,0.45,0.45,1.518,15.019,13.777,8,0,200056,Elseid Hysaj,1994-02-02,22.58,182.0,right,Defender,Right-Back,Albania,Albania,35,3032,0,0,6195,SSC Napoli,3854,13000000.0,18000000.0,1.0,1.0,1.0,same_club
1378,Ivan Strinic,ITA,2016-17,Napoli,D,12,1039,0,0,2,1,11,0.034,0.034,1.645,6.236,5.577,3,0,39799,Ivan Strinic,1987-07-17,29.13,186.0,left,Defender,Left-Back,Croatia,Jugoslawien (SFR),12,1037,0,2,6195,SSC Napoli,1266,4500000.0,4500000.0,0.999,1.0,0.998,same_club
1380,Amadou Diawara,ITA,2016-17,Napoli,M S,18,1040,0,0,0,6,10,0.157,0.157,0.233,5.226,5.082,1,0,355501,Amadou Diawara,1997-07-17,19.13,183.0,right,Midfield,Defensive Midfield,Guinea,Guinea,18,1037,0,0,6195,SSC Napoli,1788,11000000.0,15000000.0,0.999,1.0,0.997,same_club
1387,Faouzi Ghoulam,ITA,2016-17,Napoli,D S,29,2377,0,0,6,18,60,0.628,0.628,5.16,13.107,11.028,1,0,126656,Faouzi Ghoulam,1991-02-01,25.58,184.0,left,Defender,Left-Back,Algeria,France,29,2379,0,7,6195,SSC Napoli,3189,13000000.0,17000000.0,1.0,1.0,0.999,same_club
1388,Rafael Cabral,ITA,2016-17,Napoli,GK,1,90,0,0,0,0,0,0.0,0.0,0.0,0.057,0.057,0,0,103916,Rafael Cabral,1990-05-20,26.29,186.0,right,Goalkeeper,Goalkeeper,Brazil,Brazil,1,90,0,0,6195,SSC Napoli,180,2000000.0,1700000.0,1.0,1.0,1.0,same_club
1389,Jorginho,ITA,2016-17,Napoli,M,27,2158,0,0,3,22,38,0.791,0.791,3.747,17.699,15.594,3,0,102017,Jorginho,1991-12-20,24.7,180.0,right,Midfield,Defensive Midfield,Italy,Brazil,27,2148,0,3,6195,SSC Napoli,2477,20000000.0,22000000.0,0.999,1.0,0.995,same_club
1390,Marko Rog,ITA,2016-17,Napoli,M S,15,357,0,0,0,11,3,0.762,0.762,0.173,4.907,4.252,4,0,317482,Marko Rog,1995-07-19,21.12,180.0,right,Midfield,Central Midfield,Croatia,Croatia,15,374,0,0,6195,SSC Napoli,1142,6000000.0,10000000.0,0.986,1.0,0.955,same_club
1391,Christian Maggio,ITA,2016-17,Napoli,D S,7,391,0,0,0,1,2,0.045,0.045,0.18,1.67,1.488,0,0,21151,Christian Maggio,1982-02-11,34.55,184.0,right,Defender,Right-Back,Italy,Italy,7,392,0,0,6195,SSC Napoli,691,800000.0,500000.0,0.999,1.0,0.997,same_club
1396,Marco Storari,ITA,2016-17,Cagliari,GK,15,1258,0,0,0,0,0,0.0,0.0,0.0,0.324,0.324,1,1,19136,Marco Storari,1977-01-07,39.65,187.0,right,Goalkeeper,Goalkeeper,Italy,Italy,15,1257,0,0,1390,Cagliari Calcio,1347,400000.0,300000.0,1.0,1.0,0.999,same_club
1398,Bartosz Salamon,ITA,2016-17,Cagliari,D S,15,825,0,0,0,8,2,0.663,0.663,0.488,1.428,0.899,1,0,71019,Bartosz Salamon,1991-05-01,25.34,194.0,right,Defender,Centre-Back,Poland,Poland,15,831,0,1,1390,Cagliari Calcio,933,2200000.0,1600000.0,0.998,1.0,0.993,same_club
1400,Nicola Murru,ITA,2016-17,Cagliari,D,26,2180,0,0,1,8,12,0.28,0.28,1.165,3.621,3.173,3,0,171399,Nicola Murru,1994-12-16,21.71,180.0,left,Defender,Left-Back,Italy,Italy,26,2175,0,2,1390,Cagliari Calcio,2265,2500000.0,2500000.0,0.999,1.0,0.998,same_club
1401,Panagiotis Tachtsidis,ITA,2016-17,Cagliari,D M S,26,2143,0,0,5,26,35,0.681,0.681,2.838,6.187,4.266,5,0,62415,Panagiotis Tachtsidis,1991-02-15,25.54,193.0,left,Midfield,Defensive Midfield,Greece,Greece,26,2140,0,6,1390,Cagliari Calcio,2140,2200000.0,2000000.0,1.0,1.0,0.999,same_club
1409,Nicolò Barella,ITA,2016-17,Cagliari,M S,28,1910,0,0,1,18,24,0.68,0.68,1.429,5.382,4.489,9,1,255942,Nicolò Barella,1997-02-07,19.56,175.0,right,Midfield,Central Midfield,Italy,Italy,28,1911,0,1,1390,Cagliari Calcio,2021,1300000.0,5000000.0,1.0,1.0,0.999,same_club
1410,Rafael,ITA,2016-17,Cagliari,GK S,21,1801,0,0,0,0,1,0.0,0.0,0.013,1.258,1.258,0,0,84467,Rafael,1982-03-03,34.5,187.0,right,Goalkeeper,Goalkeeper,Brazil,Brazil,21,1802,0,0,1390,Cagliari Calcio,1892,600000.0,500000.0,1.0,1.0,0.999,same_club
1411,Gianni Munari,ITA,2016-17,Cagliari,M S,11,342,0,0,0,0,0,0.0,0.0,0.0,0.125,0.125,5,0,22598,Gianni Munari,1983-06-24,33.19,190.0,right,Midfield,Central Midfield,Italy,Italy,11,349,0,0,1390,Cagliari Calcio,439,200000.0,200000.0,0.994,1.0,0.98,same_club
1413,Roberto Colombo,ITA,2016-17,Cagliari,S,1,1,0,0,0,0,0,0.0,0.0,0.0,0.0,0.0,0,0,43411,Roberto Colombo,1975-08-24,41.02,190.0,left,Goalkeeper,Goalkeeper,Italy,Italy,1,1,0,0,1390,Cagliari Calcio,1,50000.0,50000.0,1.0,1.0,1.0,same_club
1414,Niccolò Giannetti,ITA,2016-17,Cagliari,F S,11,231,0,0,0,12,1,1.993,1.993,0.035,1.873,0.0,0,0,99235,Niccolò Giannetti,1991-05-12,25.31,180.0,right,Attack,Centre-Forward,Italy,Italy,11,238,0,0,1390,Cagliari Calcio,328,2000000.0,1500000.0,0.991,1.0,0.971,same_club
1415,Luca Bittante,ITA,2016-17,Cagliari,D S,5,307,0,0,0,1,4,0.006,0.006,0.128,0.166,0.047,3,0,163062,Luca Bittante,1993-08-14,23.05,184.0,right,Defender,Right-Back,Italy,Italy,5,309,0,0,1390,Cagliari Calcio,309,1100000.0,850000.0,0.998,1.0,0.994,same_club
1416,Ciprian Tatarusanu,ITA,2016-17,Fiorentina,GK,35,3099,0,0,0,0,1,0.0,0.0,0.025,4.724,4.699,0,0,55282,Ciprian Tatarusanu,1986-02-09,30.56,198.0,right,Goalkeeper,Goalkeeper,Romania,Romania,35,3100,0,0,430,ACF Fiorentina,3910,5000000.0,4000000.0,1.0,1.0,1.0,same_club
1417,Carlos Salcedo,ITA,2016-17,Fiorentina,D M S,18,1349,0,0,1,3,11,0.364,0.364,0.874,6.304,5.884,7,0,256866,Carlos Salcedo,1993-09-29,22.92,182.0,right,Defender,Centre-Back,Mexico,Mexico,18,1316,0,1,430,ACF Fiorentina,1480,3000000.0,3500000.0,0.993,1.0,0.976,same_club
1420,Maximiliano Olivera,ITA,2016-17,Fiorentina,D M S,18,1110,0,0,2,0,11,0.0,0.0,0.903,2.545,1.766,4,0,179757,Maximiliano Olivera,1992-03-05,24.49,182.0,left,Defender,Left-Back,Uruguay,Uruguay,18,1102,0,1,430,ACF Fiorentina,1810,1000000.0,1500000.0,0.998,1.0,0.993,same_club
1427,Kevin Diks,ITA,2016-17,Fiorentina,S,2,2,0,0,0,0,1,0.0,0.0,0.056,0.056,0.0,0,0,335209,Kevin Diks,1996-10-06,19.9,186.0,right,Defender,Centre-Back,Indonesia,Netherlands,2,5,0,0,430,ACF Fiorentina,949,2000000.0,1500000.0,0.99,1.0,0.967,same_club
1428,Ianis Hagi,ITA,2016-17,Fiorentina,S,2,47,0,0,0,2,2,0.064,0.064,0.417,0.48,0.46,1,0,282076,Ianis Hagi,1998-10-22,17.86,182.0,both,Midfield,Attacking Midfield,Romania,Türkiye,2,48,0,0,430,ACF Fiorentina,48,750000.0,750000.0,0.997,1.0,0.989,same_club
1429,Hrvoje Milic,ITA,2016-17,Fiorentina,D F M S,17,1260,0,0,4,5,13,0.192,0.192,2.374,4.483,3.162,4,0,46423,Hrvoje Milic,1989-05-10,27.31,183.0,left,Defender,Left-Back,Croatia,Jugoslawien (SFR),17,1227,0,4,430,ACF Fiorentina,1728,1000000.0,1000000.0,0.992,1.0,0.974,same_club
1431,Sebastien De Maio,ITA,2016-17,Fiorentina,D,6,540,0,0,0,1,0,0.059,0.059,0.0,0.718,0.718,1,0,56830,Sebastien De Maio,1987-03-05,29.49,190.0,right,Defender,Centre-Back,France,France,6,540,0,0,430,ACF Fiorentina,1170,3000000.0,1500000.0,1.0,1.0,1.0,same_club
1432,Luca Lezzerini,ITA,2016-17,Fiorentina,S,1,51,0,0,0,0,0,0.0,0.0,0.0,0.0,0.0,0,0,135747,Luca Lezzerini,1995-03-24,21.44,195.0,right,Goalkeeper,Goalkeeper,Italy,Italy,1,50,0,0,430,ACF Fiorentina,140,300000.0,400000.0,0.997,1.0,0.989,same_club
1435,Nenad Tomovic,ITA,2016-17,Fiorentina,D S,25,1817,0,0,1,5,12,0.16,0.16,0.493,5.914,5.435,11,0,47085,Nenad Tomovic,1987-08-30,29.01,183.0,right,Defender,Centre-Back,Serbia,Jugoslawien (SFR),26,1836,0,1,430,ACF Fiorentina,2560,5000000.0,3300000.0,0.997,1.0,0.99,same_club
1436,Sebastián Cristóforo,ITA,2016-17,Fiorentina,M S,19,678,0,0,2,6,16,0.25,0.25,0.598,1.63,0.931,1,0,188157,Sebastián Cristóforo,1993-08-23,23.03,175.0,right,Midfield,Central Midfield,Uruguay,Uruguay,19,686,0,1,430,ACF Fiorentina,1168,3000000.0,2700000.0,0.997,1.0,0.988,same_club
1437,Ângelo Da Costa,ITA,2016-17,Bologna,GK S,18,1538,0,0,0,0,1,0.0,0.0,0.038,1.978,1.94,1,0,82693,Angelo da Costa,1983-11-12,32.8,186.0,right,Goalkeeper,Goalkeeper,Brazil,Brazil,18,1540,0,0,1025,Bologna Football Club 1909,1660,500000.0,500000.0,1.0,1.0,0.999,same_club
1439,Domenico Maietta,ITA,2016-17,Bologna,D,29,2382,0,0,1,4,6,0.109,0.109,0.609,4.529,4.475,8,0,22140,Domenico Maietta,1982-08-03,34.08,185.0,right,Defender,Centre-Back,Italy,Italy,29,2380,0,1,1025,Bologna Football Club 1909,2590,400000.0,400000.0,1.0,1.0,0.999,same_club
1443,Ádám Nagy,ITA,2016-17,Bologna,M S,25,1824,0,0,1,8,17,0.247,0.247,0.46,4.233,3.76,4,0,368559,Ádám Nagy,1995-06-17,21.21,178.0,right,Midfield,Defensive Midfield,Hungary,Hungary,25,1810,0,1,1025,Bologna Football Club 1909,2038,1500000.0,3500000.0,0.998,1.0,0.992,same_club
1446,Sergio Floccari,ITA,2016-17,Bologna,F S,5,243,0,0,0,2,3,0.195,0.195,0.114,0.549,0.24,0,0,30638,Sergio Floccari,1981-11-12,34.8,180.0,right,Attack,Centre-Forward,Italy,Italy,5,241,0,0,1025,Bologna Football Club 1909,241,500000.0,400000.0,0.998,1.0,0.992,same_club
1450,Umar Sadiq,ITA,2016-17,Bologna,F S,7,225,0,0,1,5,4,0.227,0.227,0.494,1.13,0.409,2,0,337715,Umar Sadiq,1997-02-02,19.58,191.0,right,Attack,Centre-Forward,Nigeria,Nigeria,7,231,0,1,1025,Bologna Football Club 1909,231,2500000.0,2000000.0,0.992,1.0,0.974,same_club
1451,Anthony Mounier,ITA,2016-17,"Atalanta,Bologna",F S,11,386,0,0,0,8,4,0.464,0.464,0.219,1.242,0.741,0,0,57110,Anthony Mounier,1987-09-27,28.93,174.0,left,Attack,Left Winger,France,France,11,392,0,0,"800,1025","Atalanta BC,Bologna Football Club 1909",541,4000000.0,2000000.0,0.995,1.0,0.985,same_club
1452,Godfred Donsah,ITA,2016-17,Bologna,M S,13,887,0,0,2,9,9,0.971,0.971,0.53,2.217,0.889,2,0,291266,Godfred Donsah,1996-06-07,20.24,175.0,right,Midfield,Central Midfield,Ghana,Ghana,13,888,0,2,1025,Bologna Football Club 1909,1089,6000000.0,5000000.0,1.0,1.0,0.999,same_club
1453,Marios Oikonomou,ITA,2016-17,Bologna,D S,18,1238,0,0,0,6,2,0.33,0.33,0.089,2.679,2.582,1,0,174488,Marios Ikonomou,1992-10-06,23.9,189.0,right,Defender,Centre-Back,Greece,Greece,17,1155,0,0,1025,Bologna Football Club 1909,1365,2500000.0,1800000.0,0.908,0.88,0.933,same_club
1454,Alex Ferrari,ITA,2016-17,Bologna,D,1,90,0,0,0,0,0,0.0,0.0,0.0,0.015,0.015,0,0,197491,Alex Ferrari,1994-07-01,22.17,191.0,right,Defender,Centre-Back,Italy,Italy,1,90,0,0,1025,Bologna Football Club 1909,90,1000000.0,1200000.0,1.0,1.0,1.0,same_club
1457,Luca Rizzo,ITA,2016-17,Bologna,F S,12,450,0,0,0,5,3,0.226,0.226,0.115,0.501,0.224,0,0,167895,Luca Rizzo,1992-04-24,24.36,188.0,right,Midfield,Central Midfield,Italy,Italy,12,450,0,0,1025,Bologna Football Club 1909,511,3500000.0,2500000.0,1.0,1.0,1.0,same_club
1458,Ibrahima Mbaye,ITA,2016-17,Bologna,D S,16,1072,0,0,1,4,2,0.144,0.144,0.581,1.706,1.678,4,0,207715,Ibrahima Mbaye,1994-11-19,21.79,188.0,right,Defender,Right-Back,Senegal,Senegal,16,1066,0,1,1025,Bologna Football Club 1909,1156,3400000.0,3000000.0,0.998,1.0,0.994,same_club
1460,Andrea Consigli,ITA,2016-17,Sassuolo,GK,37,3330,0,0,0,0,1,0.0,0.0,0.163,2.111,2.111,1,0,35865,Andrea Consigli,1987-01-27,29.6,189.0,right,Goalkeeper,Goalkeeper,Italy,Italy,37,3330,0,0,6574,US Sassuolo,4140,8000000.0,8000000.0,1.0,1.0,1.0,same_club
1461,Pol Lirola,ITA,2016-17,Sassuolo,D M S,22,1540,0,0,3,7,11,0.212,0.212,2.629,5.306,3.31,3,0,298975,Pol Lirola,1997-08-13,19.05,183.0,right,Defender,Right-Back,Spain,Spain,22,1546,0,3,6574,US Sassuolo,2176,500000.0,4000000.0,0.999,1.0,0.996,same_club
1467,Davide Biondini,ITA,2016-17,Sassuolo,M S,14,853,0,0,0,4,10,0.166,0.166,0.4,2.625,2.06,5,0,22186,Davide Biondini,1983-01-24,33.6,180.0,right,Midfield,Central Midfield,Italy,Italy,14,852,0,0,6574,US Sassuolo,1505,500000.0,300000.0,1.0,1.0,0.999,same_club
1476,Cristian Dell&#039;Orco,ITA,2016-17,Sassuolo,D,9,776,0,0,0,0,4,0.0,0.0,0.203,1.238,1.035,0,0,240244,Cristian Dell'Orco,1994-02-10,22.56,183.0,left,Defender,Left-Back,Italy,Italy,9,776,0,0,6574,US Sassuolo,866,700000.0,1000000.0,0.97,0.95,1.0,same_club
1478,Marcello Gazzola,ITA,2016-17,Sassuolo,D,16,1381,0,0,1,6,10,0.16,0.16,0.763,4.022,3.509,3,0,57643,Marcello Gazzola,1985-04-03,31.41,183.0,right,Defender,Right-Back,Italy,Italy,16,1376,0,1,6574,US Sassuolo,1826,400000.0,400000.0,0.999,1.0,0.996,same_club
1480,Gianluca Pegolo,ITA,2016-17,Sassuolo,GK,1,90,0,0,0,0,0,0.0,0.0,0.0,0.294,0.294,0,0,21872,Gianluca Pegolo,1981-03-25,35.44,183.0,left,Goalkeeper,Goalkeeper,Italy,Italy,1,90,0,0,6574,US Sassuolo,270,500000.0,200000.0,1.0,1.0,1.0,same_club
1483,Etrit Berisha,ITA,2016-17,Atalanta,GK,26,2340,0,0,0,0,0,0.0,0.0,0.0,1.408,1.408,2,0,77825,Etrit Berisha,1989-03-10,27.48,195.0,left,Goalkeeper,Goalkeeper,Albania,Jugoslawien (SFR),26,2340,0,0,800,Atalanta BC,2430,3500000.0,5500000.0,1.0,1.0,1.0,same_club
1484,Rafael Toloi,ITA,2016-17,Atalanta,D S,32,2722,0,0,0,19,9,1.137,1.137,0.672,9.061,8.854,7,0,72441,Rafael Tolói,1990-10-10,25.89,185.0,right,Defender,Centre-Back,Italy,Brazil,32,2720,0,0,800,Atalanta BC,2990,4000000.0,7000000.0,1.0,1.0,0.999,same_club
1490,Boukary Dramé,ITA,2016-17,Atalanta,D M S,10,633,0,0,0,5,8,0.119,0.119,0.981,2.032,1.171,1,0,33442,Boukary Dramé,1985-07-22,31.11,180.0,left,Defender,Left-Back,Senegal,France,10,636,0,0,800,Atalanta BC,808,2000000.0,1700000.0,0.999,1.0,0.995,same_club
1495,Abdoulay Konko,ITA,2016-17,Atalanta,D M S,10,616,0,0,0,4,1,0.228,0.228,0.027,0.894,0.707,2,0,22139,Abdoulay Konko,1984-03-09,32.48,184.0,right,Defender,Right-Back,France,France,10,618,0,0,800,Atalanta BC,663,900000.0,500000.0,0.999,1.0,0.997,same_club
1497,Ervin Zukanovic,ITA,2016-17,Atalanta,D M S,19,1386,0,0,0,10,5,1.034,1.034,0.24,4.245,4.199,1,0,44059,Ervin Zukanovic,1987-02-11,29.56,188.0,left,Defender,Centre-Back,Bosnia-Herzegovina,Jugoslawien (SFR),19,1381,0,0,800,Atalanta BC,1381,3800000.0,3500000.0,0.999,1.0,0.996,same_club
1498,Bryan Cabezas,ITA,2016-17,Atalanta,S,1,22,0,0,0,1,0,0.032,0.032,0.0,0.032,0.032,0,0,312735,Bryan Cabezas,1997-03-20,19.45,182.0,right,Attack,Left Winger,Ecuador,Ecuador,1,22,0,0,800,Atalanta BC,22,1200000.0,1500000.0,1.0,1.0,1.0,same_club
1499,Cristian Raimondi,ITA,2016-17,Atalanta,D M S,8,331,0,0,0,3,4,0.131,0.131,0.192,0.698,0.492,3,0,22249,Cristian Raimondi,1981-04-30,35.34,182.0,right,Midfield,Right Midfield,Italy,Italy,8,331,0,0,800,Atalanta BC,511,100000.0,100000.0,1.0,1.0,1.0,same_club
1500,Leonardo Spinazzola,ITA,2016-17,Atalanta,D F M S,30,2506,0,0,5,15,47,0.952,0.952,4.932,12.07,7.885,2,0,118689,Leonardo Spinazzola,1993-03-25,23.44,186.0,right,Defender,Left-Back,Italy,Italy,30,2500,0,4,800,Atalanta BC,2680,900000.0,8000000.0,0.999,1.0,0.998,same_club
1501,Marco Sportiello,ITA,2016-17,"Atalanta,Fiorentina",GK,10,900,0,0,0,0,1,0.0,0.0,0.051,0.512,0.461,1,0,199976,Marco Sportiello,1992-05-10,24.31,192.0,right,Goalkeeper,Goalkeeper,Italy,Italy,10,900,0,0,"430,800","ACF Fiorentina,Atalanta BC",1080,10000000.0,6000000.0,1.0,1.0,1.0,same_club
1503,Giulio Migliaccio,ITA,2016-17,Atalanta,S,3,9,0,0,0,0,0,0.0,0.0,0.0,0.0,0.0,0,0,21756,Giulio Migliaccio,1981-06-23,35.19,180.0,right,Midfield,Central Midfield,Italy,Italy,3,10,0,0,800,Atalanta BC,27,300000.0,100000.0,0.997,1.0,0.989,same_club
1505,Samir Handanovic,ITA,2016-17,Inter,GK,37,3330,0,0,0,1,0,0.03,0.03,0.0,5.505,5.505,4,0,28021,Samir Handanovic,1984-07-14,32.13,193.0,right,Goalkeeper,Goalkeeper,,,37,3330,0,0,46,Inter Milan,3849,15000000.0,10000000.0,1.0,1.0,1.0,same_club
1506,Yuto Nagatomo,ITA,2016-17,Inter,D M S,16,1020,0,0,0,3,1,0.132,0.132,0.04,1.784,1.632,2,0,79522,Yuto Nagatomo,1986-09-12,29.97,170.0,both,Defender,Left-Back,Japan,Japan,16,1020,0,0,46,Inter Milan,1380,6000000.0,3500000.0,1.0,1.0,1.0,same_club
1507,Miranda,ITA,2016-17,Inter,D,32,2880,0,0,0,16,8,1.416,1.416,0.231,8.939,8.705,6,0,33357,Miranda,1984-09-07,31.98,186.0,right,Defender,Centre-Back,Brazil,Brazil,32,2880,0,0,46,Inter Milan,3205,16000000.0,9000000.0,1.0,1.0,1.0,same_club
1508,Jeison Murillo,ITA,2016-17,Inter,D S,27,2082,0,0,0,10,1,0.736,0.736,0.052,4.001,3.866,6,0,131102,Jeison Murillo,1992-05-27,24.27,182.0,right,Defender,Centre-Back,Colombia,Colombia,27,2075,0,1,46,Inter Milan,2735,18000000.0,13000000.0,0.999,1.0,0.997,same_club
1509,Davide Santon,ITA,2016-17,Inter,D S,14,1017,0,0,1,1,12,0.014,0.014,0.884,3.292,2.647,1,0,84344,Davide Santon,1991-01-02,25.66,187.0,right,Defender,Left-Back,Italy,Italy,14,1018,0,1,46,Inter Milan,1108,6000000.0,5000000.0,1.0,1.0,0.999,same_club
1510,Gary Medel,ITA,2016-17,Inter,D M,26,2172,0,0,0,10,5,0.648,0.648,0.175,7.67,7.01,5,0,60889,Gary Medel,1987-08-03,29.08,171.0,right,Midfield,Defensive Midfield,Chile,Chile,26,2170,0,0,46,Inter Milan,2576,13000000.0,12000000.0,1.0,1.0,0.999,same_club
1515,Cristian Ansaldi,ITA,2016-17,Inter,D S,21,1507,0,0,1,6,14,0.442,0.442,0.912,6.349,5.375,8,1,55854,Cristian Ansaldi,1986-09-20,29.95,181.0,both,Defender,Left-Back,Argentina,Argentina,21,1504,0,1,46,Inter Milan,1816,6000000.0,5500000.0,0.999,1.0,0.998,same_club
1518,Rodrigo Palacio,ITA,2016-17,Inter,F S,15,418,0,0,3,13,12,2.652,2.652,1.53,4.833,0.986,1,0,39099,Rodrigo Palacio,1982-02-05,34.57,176.0,right,Attack,Centre-Forward,Argentina,Argentina,15,426,0,3,46,Inter Milan,768,2000000.0,800000.0,0.994,1.0,0.981,same_club
1519,Juan Pablo Carrizo,ITA,2016-17,Inter,GK,1,90,0,0,0,0,0,0.0,0.0,0.0,0.081,0.081,0,0,39118,Juan Pablo Carrizo,1984-05-06,32.32,189.0,right,Goalkeeper,Goalkeeper,Argentina,Argentina,1,90,0,0,46,Inter Milan,320,500000.0,300000.0,1.0,1.0,1.0,same_club
1522,Andrea Ranocchia,ITA,2016-17,Inter,D,5,379,0,0,0,5,2,1.032,1.032,0.058,0.654,0.166,2,0,44327,Andrea Ranocchia,1988-02-16,28.54,195.0,right,Defender,Centre-Back,Italy,Italy,5,381,0,0,46,Inter Milan,2056,6000000.0,5000000.0,1.0,1.0,0.999,same_club
1522,Andrea Ranocchia,ITA,2016-17,Inter,D,5,379,0,0,0,5,2,1.032,1.032,0.058,0.654,0.166,2,0,44327,Andrea Ranocchia,1988-02-16,28.54,195.0,right,Defender,Centre-Back,Italy,Italy,5,381,0,0,46,Inter Milan,2056,6000000.0,5000000.0,0.998,1.0,0.995,same_club
1524,Stevan Jovetic,ITA,2016-17,Inter,S,5,63,0,0,0,0,1,0.0,0.0,0.016,0.195,0.195,1,0,46104,Stevan Jovetić,1989-11-02,26.83,183.0,right,Attack,Second Striker,Montenegro,Jugoslawien (SFR),5,67,0,0,46,Inter Milan,1451,14000000.0,10000000.0,0.999,1.0,0.998,same_club
1524,Stevan Jovetic,ITA,2016-17,Inter,S,5,63,0,0,0,0,1,0.0,0.0,0.016,0.195,0.195,1,0,46104,Stevan Jovetić,1989-11-02,26.83,183.0,right,Attack,Second Striker,Montenegro,Jugoslawien (SFR),5,67,0,0,46,Inter Milan,1451,14000000.0,10000000.0,0.987,1.0,0.956,same_club
1525,Assane Demoya Gnoukouri,ITA,2016-17,Inter,S,4,138,0,0,0,1,1,0.091,0.091,0.026,0.601,0.485,0,0,,,,,,,,,,,,,,,,,,,,,,,
1527,Emanuele Terranova,ITA,2016-17,Sassuolo,D S,3,193,0,0,0,1,0,0.09,0.09,0.0,0.787,0.787,0,0,61770,Emanuele Terranova,1987-04-14,29.39,183.0,right,Defender,Centre-Back,Italy,Italy,3,196,0,0,6574,US Sassuolo,196,800000.0,800000.0,0.995,1.0,0.985,same_club
1529,Davide Vitturini,ITA,2016-17,Pescara,D S,3,146,0,0,0,0,1,0.0,0.0,0.115,0.214,0.098,0,0,267101,Davide Vitturini,1997-02-21,19.53,180.0,right,Defender,Right-Back,Italy,Italy,3,144,0,0,2921,Delfino Pescara 1936,234,650000.0,600000.0,0.996,1.0,0.986,same_club
1530,Andrea Coda,ITA,2016-17,Pescara,D S,13,1008,0,0,0,3,2,0.381,0.381,0.07,1.395,1.318,6,1,28833,Andrea Coda,1985-04-25,31.35,188.0,right,Defender,Centre-Back,Italy,Italy,13,1004,0,0,2921,Delfino Pescara 1936,1069,200000.0,200000.0,0.999,1.0,0.996,same_club
1532,Emiliano Viviano,ITA,2016-17,Sampdoria,GK,17,1530,0,0,0,0,1,0.0,0.0,0.056,1.217,1.161,5,0,24316,Emiliano Viviano,1985-12-01,30.75,195.0,left,Goalkeeper,Goalkeeper,,,17,1530,0,0,1038,UC Sampdoria,1620,5000000.0,4000000.0,1.0,1.0,1.0,same_club
1533,Dodô,ITA,2016-17,Sampdoria,D S,7,368,0,0,0,0,1,0.0,0.0,0.033,0.223,0.189,0,0,109038,Dodô,1992-02-06,24.57,177.0,left,Defender,Left-Back,Brazil,Brazil,7,367,0,0,1038,UC Sampdoria,535,5000000.0,2500000.0,0.999,1.0,0.997,same_club
1535,Accursio Bentivegna,ITA,2016-17,Palermo,F M S,3,90,0,0,0,1,0,0.029,0.029,0.0,0.029,0.0,0,0,244927,Accursio Bentivegna,1996-06-21,20.2,170.0,right,Attack,Left Winger,Italy,Italy,3,90,0,0,458,Palermo FC,164,800000.0,700000.0,1.0,1.0,1.0,same_club
1536,Norbert Balogh,ITA,2016-17,Palermo,F M S,16,525,0,0,0,9,4,0.816,0.816,0.097,1.409,0.568,1,1,326204,Norbert Balogh,1996-02-21,20.53,196.0,right,Attack,Centre-Forward,Hungary,Hungary,16,529,0,1,458,Palermo FC,658,1400000.0,1200000.0,0.998,1.0,0.992,same_club
1537,Sasa Lukic,ITA,2016-17,Torino,M S,14,769,0,0,0,7,10,0.336,0.336,0.448,1.296,0.831,6,0,245056,Saša Lukić,1996-08-13,20.05,182.0,right,Midfield,Central Midfield,Serbia,Yugoslavia (Republic),14,773,0,0,416,Torino FC,835,700000.0,2200000.0,0.998,1.0,0.995,same_club
1538,Samuel Gustafson,ITA,2016-17,Torino,M S,5,215,0,0,0,0,1,0.0,0.0,0.137,1.094,0.957,1,0,255473,Samuel Gustafson,1995-01-11,21.64,187.0,right,Midfield,Defensive Midfield,Sweden,Sweden,5,221,0,0,416,Torino FC,506,750000.0,600000.0,0.992,1.0,0.973,same_club
1545,Emil Krafth,ITA,2016-17,Bologna,D S,26,1648,0,0,0,6,7,0.165,0.165,0.61,5.253,4.546,1,2,184528,Emil Krafth,1994-08-02,22.08,184.0,right,Defender,Right-Back,Sweden,Sweden,26,1651,0,0,1025,Bologna Football Club 1909,1951,700000.0,1800000.0,0.999,1.0,0.998,same_club
1547,Pablo Armero,ITA,2016-17,Udinese,D,2,180,0,0,0,0,0,0.0,0.0,0.0,0.102,0.102,1,0,73786,Pablo Armero,1986-11-02,29.83,174.0,left,Defender,Left-Back,Colombia,Colombia,2,180,0,0,410,Udinese Calcio,254,2500000.0,1500000.0,1.0,1.0,1.0,same_club
1548,Adalberto Peñaranda,ITA,2016-17,Udinese,F S,6,155,0,0,0,6,0,0.235,0.235,0.0,0.818,0.582,0,0,308801,Adalberto Peñaranda,1997-05-31,19.26,186.0,right,Attack,Left Winger,Venezuela,Venezuela,6,155,0,0,410,Udinese Calcio,355,4000000.0,3000000.0,0.997,1.0,0.988,same_club
1548,Adalberto Peñaranda,ITA,2016-17,Udinese,F S,6,155,0,0,0,6,0,0.235,0.235,0.0,0.818,0.582,0,0,308801,Adalberto Peñaranda,1997-05-31,19.26,186.0,right,Attack,Left Winger,Venezuela,Venezuela,6,155,0,0,410,Udinese Calcio,355,4000000.0,3000000.0,1.0,1.0,1.0,same_club
1549,Senna Miangue,ITA,2016-17,"Cagliari,Inter",D S,7,253,0,0,0,0,4,0.0,0.0,0.184,1.79,1.64,1,0,249552,Senna Miangue,1997-02-05,19.57,192.0,left,Defender,Centre-Back,Belgium,Belgium,7,256,0,0,"46,1390","Inter Milan,Cagliari Calcio",436,75000.0,1800000.0,0.996,1.0,0.988,same_club
1550,Luca Ceppitelli,ITA,2016-17,Cagliari,D,19,1691,0,0,0,7,2,0.404,0.404,0.151,0.842,0.821,5,0,102745,Luca Ceppitelli,1989-08-11,27.06,186.0,both,Defender,Centre-Back,Italy,Italy,19,1691,0,0,1390,Cagliari Calcio,1781,1800000.0,2000000.0,1.0,1.0,1.0,same_club
1552,Alberto Gilardino,ITA,2016-17,"Empoli,Pescara",F S,17,689,0,0,0,9,6,1.316,1.316,1.17,2.48,0.35,2,0,5878,Alberto Gilardino,1982-07-05,34.16,184.0,right,Attack,Centre-Forward,Italy,Italy,17,694,0,0,"749,2921","FC Empoli,Delfino Pescara 1936",833,1000000.0,300000.0,0.998,1.0,0.993,same_club
1554,Uros Cosic,ITA,2016-17,Empoli,D S,14,958,0,0,0,1,1,0.039,0.039,0.027,0.299,0.299,1,0,94305,Uros Cosic,1992-10-24,23.85,187.0,right,Defender,Centre-Back,Serbia,Yugoslavia (Republic),14,956,0,0,749,FC Empoli,1166,800000.0,700000.0,0.999,1.0,0.998,same_club
1555,Bartlomiej Dragowski,ITA,2016-17,Fiorentina,GK,1,90,0,0,0,0,0,0.0,0.0,0.0,0.28,0.28,0,0,208166,Bartłomiej Drągowski,1997-08-19,19.04,191.0,right,Goalkeeper,Goalkeeper,Poland,Poland,1,90,0,0,430,ACF Fiorentina,90,3200000.0,3000000.0,0.985,0.974,1.0,same_club
1556,Guglielmo Stendardo,ITA,2016-17,"Atalanta,Pescara",D S,10,693,0,0,0,3,1,0.212,0.212,0.272,1.543,1.271,1,0,22093,Guglielmo Stendardo,1981-05-06,35.32,190.0,right,Defender,Centre-Back,Italy,Italy,10,692,0,0,"800,2921","Atalanta BC,Delfino Pescara 1936",692,400000.0,150000.0,1.0,1.0,0.999,same_club
1557,Carlos Carmona,ITA,2016-17,Atalanta,M,2,102,0,0,0,0,1,0.0,0.0,0.008,0.225,0.217,1,1,76387,Carlos Carmona,1987-02-21,29.53,178.0,right,Midfield,Defensive Midfield,Chile,Chile,2,102,0,0,800,Atalanta BC,102,2000000.0,1500000.0,1.0,1.0,1.0,same_club
1559,Filippo Costa,ITA,2016-17,Chievo,S,1,50,0,0,0,0,0,0.0,0.0,0.0,0.049,0.049,0,0,197743,Filippo Costa,1995-05-21,21.28,175.0,left,Defender,Left-Back,Italy,Italy,1,49,0,0,862,Chievo Verona,133,300000.0,600000.0,0.997,1.0,0.989,same_club
1560,Leonel Vangioni,ITA,2016-17,AC Milan,D S,15,946,0,0,0,6,7,0.427,0.427,0.383,2.045,1.911,4,0,55895,Leonel Vangioni,1987-05-05,29.33,181.0,left,Defender,Left-Back,Argentina,Argentina,15,945,0,0,5,AC Milan,945,4000000.0,2000000.0,1.0,1.0,0.999,same_club
1561,Panagiotis Kone,ITA,2016-17,Udinese,M S,5,297,0,0,0,6,2,0.167,0.167,0.524,0.831,0.297,1,0,19636,Panagiotis Kone,1987-07-26,29.1,182.0,right,Midfield,Central Midfield,Greece,Albania,5,300,0,0,410,Udinese Calcio,342,3500000.0,1500000.0,0.997,1.0,0.989,same_club
1561,Panagiotis Kone,ITA,2016-17,Udinese,M S,5,297,0,0,0,6,2,0.167,0.167,0.524,0.831,0.297,1,0,19636,Panagiotis Kone,1987-07-26,29.1,182.0,right,Midfield,Central Midfield,Greece,Albania,5,300,0,0,410,Udinese Calcio,342,3500000.0,1500000.0,0.997,1.0,0.99,same_club
1562,Francesco Lodi,ITA,2016-17,Udinese,S,1,10,0,0,0,0,0,0.0,0.0,0.0,0.0,0.0,0,0,6033,Francesco Lodi,1984-03-23,32.44,183.0,left,Midfield,Defensive Midfield,Italy,Italy,1,11,0,0,410,Udinese Calcio,11,1000000.0,400000.0,0.997,1.0,0.989,same_club
1563,Jordan Lukaku,ITA,2016-17,Lazio,D M S,16,838,0,0,1,2,10,0.39,0.39,0.92,3.422,3.032,2,0,140804,Jordan Lukaku,1994-07-25,22.11,180.0,left,Defender,Left-Back,Belgium,Belgium,16,848,0,1,398,Società Sportiva Lazio S.p.A.,1123,4000000.0,4500000.0,0.996,1.0,0.988,same_club
1564,Ricardo Kishna,ITA,2016-17,Lazio,F S,5,159,0,0,0,2,3,0.131,0.131,0.417,0.674,0.44,0,0,159026,Ricardo Kishna,1995-01-04,21.66,187.0,left,Attack,Left Winger,Netherlands,Netherlands,5,159,0,0,398,Società Sportiva Lazio S.p.A.,660,3800000.0,3000000.0,0.999,1.0,0.996,same_club
1564,Ricardo Kishna,ITA,2016-17,Lazio,F S,5,159,0,0,0,2,3,0.131,0.131,0.417,0.674,0.44,0,0,159026,Ricardo Kishna,1995-01-04,21.66,187.0,left,Attack,Left Winger,Netherlands,Netherlands,5,159,0,0,398,Società Sportiva Lazio S.p.A.,660,3800000.0,3000000.0,1.0,1.0,1.0,same_club
1566,Mattia Aramu,ITA,2016-17,Torino,F,1,47,0,0,0,1,0,0.068,0.068,0.0,0.0,0.0,0,0,200188,Mattia Aramu,1995-05-14,21.3,180.0,left,Midfield,Attacking Midfield,Italy,Italy,1,45,0,0,416,Torino FC,50,500000.0,400000.0,0.993,1.0,0.978,same_club
1568,Felipe Melo,ITA,2016-17,Inter,M S,5,171,0,0,0,1,0,0.014,0.014,0.0,2.199,2.185,1,1,35537,Felipe Melo,1983-06-26,33.19,183.0,right,Midfield,Defensive Midfield,Brazil,Brazil,5,176,0,0,46,Inter Milan,500,2500000.0,1000000.0,0.991,1.0,0.972,same_club
1569,Valerio Verre,ITA,2016-17,Pescara,D F M S,28,1915,0,0,2,36,26,2.136,2.136,2.278,8.016,5.202,2,1,162961,Valerio Verre,1994-01-11,22.64,181.0,both,Midfield,Attacking Midfield,Italy,Italy,28,1913,0,1,2921,Delfino Pescara 1936,2043,2400000.0,3800000.0,1.0,1.0,0.999,same_club
1573,Riccardo Montolivo,ITA,2016-17,AC Milan,M,9,780,0,0,0,7,11,0.129,0.129,0.395,3.943,3.519,2,0,19446,Riccardo Montolivo,1985-01-18,31.62,181.0,right,Midfield,Defensive Midfield,Italy,Italy,9,780,0,0,5,AC Milan,780,4500000.0,3500000.0,1.0,1.0,1.0,same_club
1574,Davide Calabria,ITA,2016-17,AC Milan,D S,12,989,0,0,1,9,11,0.197,0.197,1.715,3.919,2.954,3,0,262523,Davide Calabria,1996-12-06,19.74,176.0,right,Defender,Right-Back,Italy,Italy,12,988,0,1,5,AC Milan,999,1000000.0,4000000.0,1.0,1.0,0.999,same_club
1575,Timo Letschert,ITA,2016-17,Sassuolo,D,9,666,0,0,0,0,1,0.0,0.0,0.014,2.006,1.992,2,1,231378,Timo Letschert,1993-05-25,23.27,188.0,right,Defender,Centre-Back,Netherlands,Netherlands,9,663,0,0,6574,US Sassuolo,861,3000000.0,2500000.0,0.999,1.0,0.995,same_club
1577,Marko Pjaca,ITA,2016-17,Juventus,M S,14,440,0,0,0,13,4,1.817,1.817,0.375,2.222,0.458,1,0,205940,Marko Pjaca,1995-05-06,21.33,186.0,right,Attack,Left Winger,Croatia,Croatia,14,448,0,0,506,Juventus FC,661,18000000.0,15000000.0,0.995,1.0,0.982,same_club
1578,Luca Crosta,ITA,2016-17,Cagliari,GK,1,90,0,0,0,0,0,0.0,0.0,0.0,0.089,0.089,0,0,265077,Luca Crosta,1998-02-23,18.52,190.0,right,Goalkeeper,Goalkeeper,Italy,Italy,1,90,0,0,1390,Cagliari Calcio,90,50000.0,200000.0,1.0,1.0,1.0,same_club
1579,Daniele Gastaldello,ITA,2016-17,Bologna,D,24,1929,0,0,1,4,1,0.507,0.507,0.04,2.477,2.456,12,2,7096,Daniele Gastaldello,1983-06-25,33.19,187.0,right,Defender,Centre-Back,Italy,Italy,25,2017,0,1,1025,Bologna Football Club 1909,2197,1000000.0,600000.0,0.987,1.0,0.956,same_club
1582,Aleksandar Pesic,ITA,2016-17,Atalanta,S,6,78,0,0,0,4,0,0.661,0.661,0.0,0.692,0.473,0,0,73457,Aleksandar Pesic,1992-05-21,24.28,190.0,right,Attack,Centre-Forward,Serbia,Yugoslavia (Republic),6,84,0,0,800,Atalanta BC,174,1500000.0,1000000.0,0.98,1.0,0.933,same_club
1585,Ewandro,ITA,2016-17,Udinese,S,5,51,0,0,0,1,1,0.026,0.026,0.045,0.192,0.122,0,0,288499,Ewandro Costa,1996-03-15,20.47,176.0,left,Attack,Centre-Forward,Brazil,Brazil,5,55,0,0,410,Udinese Calcio,55,1000000.0,1000000.0,0.957,0.95,0.956,same_club
1587,Kwadwo Asamoah,ITA,2016-17,Juventus,D M S,18,1465,0,0,1,8,14,0.394,0.394,1.014,6.689,5.38,2,0,63531,Kwadwo Asamoah,1988-12-09,27.73,173.0,left,Midfield,Left Midfield,Ghana,Ghana,18,1470,0,2,506,Juventus FC,1883,13000000.0,11000000.0,0.999,1.0,0.997,same_club
1588,Raúl Albiol,ITA,2016-17,Napoli,D S,26,2299,0,0,1,9,7,0.482,0.482,0.753,12.072,11.941,8,0,15452,Raúl Albiol,1985-09-04,30.99,190.0,right,Defender,Centre-Back,Spain,Spain,26,2297,0,1,6195,SSC Napoli,3028,8500000.0,8000000.0,1.0,1.0,0.999,same_club
1590,Luca Antonelli,ITA,2016-17,AC Milan,D S,7,311,0,0,0,3,2,0.682,0.682,0.136,1.819,1.121,1,0,45565,Luca Antonelli,1987-02-11,29.56,184.0,left,Defender,Left-Back,Italy,Italy,7,309,0,0,5,AC Milan,417,8000000.0,5500000.0,0.998,1.0,0.994,same_club
1591,Giuseppe Cuomo,ITA,2016-17,Crotone,S,1,3,0,0,0,0,0,0.0,0.0,0.0,0.0,0.0,0,0,365565,Giuseppe Cuomo,1998-02-02,18.58,190.0,right,Defender,Centre-Back,Italy,Italy,1,3,0,0,4083,FC Crotone,3,175000.0,175000.0,1.0,1.0,1.0,same_club
1595,Bastos,ITA,2016-17,Lazio,D S,11,776,0,0,0,3,2,0.207,0.207,0.047,1.449,1.432,4,1,195810,Bastos,1991-03-27,25.43,184.0,right,Defender,Centre-Back,Angola,Angola,11,774,0,0,398,Società Sportiva Lazio S.p.A.,1394,5000000.0,4000000.0,0.999,1.0,0.997,same_club
1596,Archimede Morleo,ITA,2016-17,Bologna,S,1,23,0,0,0,0,0,0.0,0.0,0.0,0.122,0.122,0,0,85066,Archimede Morleo,1983-09-26,32.93,172.0,left,Defender,Left-Back,Italy,Italy,1,24,0,0,1025,Bologna Football Club 1909,24,400000.0,300000.0,0.997,1.0,0.989,same_club
1597,Cristian Molinaro,ITA,2016-17,Torino,D S,10,751,0,0,2,4,9,0.26,0.26,1.047,2.236,1.72,2,0,21972,Cristian Molinaro,1983-07-30,33.09,182.0,left,Defender,Left-Back,Italy,Italy,10,752,0,2,416,Torino FC,752,600000.0,300000.0,1.0,1.0,0.999,same_club
1599,Norbert Gyömbér,ITA,2016-17,Pescara,D,10,850,0,0,0,1,1,0.127,0.127,0.016,1.076,1.06,4,0,205054,Norbert Gyömbér,1992-07-03,24.16,189.0,right,Defender,Centre-Back,Slovakia,CSSR,10,848,0,0,2921,Delfino Pescara 1936,1497,1000000.0,1000000.0,0.999,1.0,0.998,same_club
1600,Jonathan Biabiany,ITA,2016-17,Inter,S,1,1,0,0,0,1,0,0.121,0.121,0.0,0.121,0.0,0,0,45567,Jonathan Biabiany,1988-04-28,28.34,177.0,right,Attack,Right Winger,France,France,1,1,0,0,46,Inter Milan,150,7000000.0,4000000.0,1.0,1.0,1.0,same_club
1602,Daniel Pavlovic,ITA,2016-17,Sampdoria,D S,9,719,0,0,0,5,7,0.126,0.126,0.321,0.955,0.871,2,0,19671,Daniel Pavlovic,1988-04-22,28.36,183.0,left,Defender,Centre-Back,Bosnia-Herzegovina,Switzerland,9,720,0,0,1038,UC Sampdoria,732,800000.0,800000.0,1.0,1.0,0.999,same_club
1603,Simone Missiroli,ITA,2016-17,Sassuolo,M S,13,773,0,0,0,4,3,0.389,0.389,0.098,2.097,1.68,3,0,35747,Simone Missiroli,1986-05-23,30.28,191.0,right,Midfield,Central Midfield,Italy,Italy,13,764,0,0,6574,US Sassuolo,829,6000000.0,4000000.0,0.997,1.0,0.988,same_club
1609,Antonio Mirante,ITA,2016-17,Bologna,GK,21,1882,0,0,0,0,2,0.0,0.0,0.051,1.999,1.948,0,0,22141,Antonio Mirante,1983-07-08,33.15,193.0,right,Goalkeeper,Goalkeeper,Italy,Italy,21,1880,0,0,1025,Bologna Football Club 1909,1970,2800000.0,2000000.0,1.0,1.0,0.999,same_club
1621,Marcos Alonso,ITA,2016-17,Fiorentina,D M,2,180,0,0,0,0,0,0.0,0.0,0.0,0.235,0.235,0,0,112515,Marcos Alonso,1990-12-28,25.68,188.0,left,Defender,Centre-Back,Spain,Spain,2,180,0,0,430,ACF Fiorentina,3144,9000000.0,25000000.0,1.0,1.0,0.999,same_club
1621,Marcos Alonso,ITA,2016-17,Fiorentina,D M,2,180,0,0,0,0,0,0.0,0.0,0.0,0.235,0.235,0,0,112515,Marcos Alonso,1990-12-28,25.68,188.0,left,Defender,Centre-Back,Spain,Spain,2,180,0,0,430,ACF Fiorentina,3144,9000000.0,25000000.0,1.0,1.0,1.0,same_club
1623,Lamin Jallow,ITA,2016-17,Chievo,S,2,9,0,0,0,1,0,0.045,0.045,0.0,0.045,0.0,0,0,337310,Lamin Jallow,1995-12-18,20.71,185.0,right,Attack,Centre-Forward,The Gambia,The Gambia,2,14,0,0,862,Chievo Verona,36,350000.0,500000.0,0.983,1.0,0.944,same_club
1624,Fabio Depaoli,ITA,2016-17,Chievo,D M S,6,445,0,0,1,0,2,0.0,0.0,0.071,0.721,0.691,1,1,324282,Fabio Depaoli,1997-04-24,19.36,182.0,right,Defender,Right-Back,Italy,Italy,6,444,0,1,862,Chievo Verona,450,150000.0,150000.0,0.999,1.0,0.998,same_club
1626,Nunzio Di Roberto,ITA,2016-17,Crotone,S,1,5,0,0,0,0,0,0.0,0.0,0.0,0.0,0.0,0,0,86074,Nunzio Di Roberto,1985-09-21,30.95,178.0,left,Attack,Right Winger,Italy,Italy,1,6,0,0,4083,FC Crotone,158,350000.0,300000.0,0.997,1.0,0.989,same_club
1627,Eddy Gnahore,ITA,2016-17,Crotone,S,1,22,0,0,0,0,1,0.0,0.0,0.062,0.0,0.0,0,0,168933,Eddy Gnahoré,1993-11-14,22.8,188.0,right,Midfield,Defensive Midfield,France,France,1,25,0,0,4083,FC Crotone,25,300000.0,500000.0,0.99,1.0,0.967,same_club
1628,Pietro De Giorgio,ITA,2016-17,Crotone,S,1,7,0,0,0,0,1,0.0,0.0,0.083,0.083,0.0,0,0,102750,Pietro De Giorgio,1983-02-16,33.54,178.0,right,Attack,Left Winger,Italy,Italy,1,9,0,0,4083,FC Crotone,9,100000.0,100000.0,0.993,1.0,0.978,same_club
1630,Giovanni Marchese,ITA,2016-17,Genoa,S,1,7,0,0,0,0,0,0.0,0.0,0.0,0.0,0.0,0,0,21887,Giovanni Marchese,1984-10-17,31.87,180.0,left,Defender,Left-Back,Italy,Italy,1,8,0,0,252,Genoa CFC,8,2000000.0,350000.0,0.997,1.0,0.989,same_club
1634,Alessandro Deiola,ITA,2016-17,Cagliari,M S,5,253,0,0,0,5,0,0.196,0.196,0.0,0.587,0.54,2,0,235931,Alessandro Deiola,1995-08-01,21.09,190.0,right,Midfield,Central Midfield,Italy,Italy,5,245,0,0,1390,Cagliari Calcio,462,1600000.0,1500000.0,0.991,1.0,0.968,same_club
1635,Thomas Vermaelen,ITA,2016-17,Roma,D S,9,387,0,0,0,0,1,0.0,0.0,0.027,1.596,1.569,1,0,15904,Thomas Vermaelen,1985-11-14,30.8,183.0,left,Defender,Centre-Back,Belgium,Belgium,9,390,0,0,12,Associazione Sportiva Roma,611,4000000.0,3000000.0,0.998,1.0,0.992,same_club
1644,Giuseppe Rossi,ITA,2016-17,Fiorentina,S,1,9,0,0,0,0,0,0.0,0.0,0.0,0.0,0.0,0,0,19104,Giuseppe Rossi,1987-02-01,29.58,173.0,left,Attack,Centre-Forward,Italy,United States,1,10,0,0,430,ACF Fiorentina,1316,7500000.0,4000000.0,0.999,1.0,0.997,same_club
1644,Giuseppe Rossi,ITA,2016-17,Fiorentina,S,1,9,0,0,0,0,0,0.0,0.0,0.0,0.0,0.0,0,0,19104,Giuseppe Rossi,1987-02-01,29.58,173.0,left,Attack,Centre-Forward,Italy,United States,1,10,0,0,430,ACF Fiorentina,1316,7500000.0,4000000.0,0.997,1.0,0.989,same_club
1645,Marko Pajac,ITA,2016-17,Cagliari,S,1,8,0,0,0,0,0,0.0,0.0,0.0,0.0,0.0,0,0,190634,Marko Pajac,1993-05-11,23.31,185.0,left,Defender,Left-Back,Croatia,Croatia,1,8,0,0,1390,Cagliari Calcio,8,500000.0,350000.0,1.0,1.0,1.0,same_club
1792,Mário Rui,ITA,2016-17,Roma,D M S,5,345,0,0,0,2,4,0.096,0.096,0.211,2.467,2.239,1,0,87884,Mário Rui,1991-05-27,25.27,168.0,left,Defender,Left-Back,Portugal,Portugal,5,345,0,0,12,Associazione Sportiva Roma,679,8000000.0,7000000.0,1.0,1.0,1.0,same_club
1805,Rubinho,ITA,2016-17,Genoa,GK,2,180,0,0,0,0,0,0.0,0.0,0.0,0.036,0.036,0,0,37598,Rubinho,1982-08-04,34.08,186.0,right,Goalkeeper,Goalkeeper,Brazil,Brazil,2,180,0,0,252,Genoa CFC,180,100000.0,50000.0,1.0,1.0,1.0,same_club
1822,Antonio Rüdiger,ITA,2016-17,Roma,D S,26,2207,0,0,2,10,12,0.725,0.725,0.924,9.529,9.146,7,1,86202,Antonio Rüdiger,1993-03-03,23.5,190.0,right,Defender,Centre-Back,Germany,Germany,26,2206,0,2,12,Associazione Sportiva Roma,2943,12000000.0,25000000.0,1.0,1.0,1.0,same_club
1841,Pierluigi Gollini,ITA,2016-17,Atalanta,GK,4,360,0,0,0,0,0,0.0,0.0,0.0,0.061,0.061,1,0,244192,Pierluigi Gollini,1995-03-18,21.46,194.0,right,Goalkeeper,Goalkeeper,Italy,Italy,4,360,0,0,800,Atalanta BC,360,4000000.0,4000000.0,1.0,1.0,1.0,same_club
1920,Gabriel Silva,ITA,2016-17,Udinese,D S,5,230,0,0,0,0,3,0.0,0.0,0.126,0.622,0.496,2,0,114340,Gabriel Silva,1991-05-13,25.31,179.0,left,Defender,Left-Back,Brazil,Brazil,5,232,0,0,410,Udinese Calcio,1299,3000000.0,2500000.0,0.999,1.0,0.997,same_club
1920,Gabriel Silva,ITA,2016-17,Udinese,D S,5,230,0,0,0,0,3,0.0,0.0,0.126,0.622,0.496,2,0,114340,Gabriel Silva,1991-05-13,25.31,179.0,left,Defender,Left-Back,Brazil,Brazil,5,232,0,0,410,Udinese Calcio,1299,3000000.0,2500000.0,0.997,1.0,0.991,same_club
1933,Danilo Avelar,ITA,2016-17,Torino,D,3,264,0,0,0,0,4,0.0,0.0,0.317,0.673,0.548,1,0,140748,Danilo Avelar,1989-06-09,27.23,185.0,left,Defender,Left-Back,Brazil,Brazil,3,263,0,0,416,Torino FC,263,2300000.0,1500000.0,0.999,1.0,0.996,same_club
2031,Alessandro Rossi,ITA,2016-17,Lazio,S,3,41,0,0,0,1,0,0.029,0.029,0.0,0.0,0.0,0,0,339782,Alessandro Rossi,1997-01-03,19.66,184.0,right,Attack,Centre-Forward,Italy,Italy,3,43,0,0,398,Società Sportiva Lazio S.p.A.,43,150000.0,250000.0,0.993,1.0,0.978,same_club
3568,Clément Grenier,ITA,2016-17,Roma,M S,6,148,0,0,1,1,8,0.02,0.02,1.261,1.303,0.427,1,0,72479,Clément Grenier,1991-01-07,25.65,186.0,right,Midfield,Central Midfield,,,6,150,0,1,12,Associazione Sportiva Roma,191,5500000.0,3500000.0,0.977,1.0,0.922,same_club
3568,Clément Grenier,ITA,2016-17,Roma,M S,6,148,0,0,1,1,8,0.02,0.02,1.261,1.303,0.427,1,0,72479,Clément Grenier,1991-01-07,25.65,186.0,right,Midfield,Central Midfield,,,6,150,0,1,12,Associazione Sportiva Roma,191,5500000.0,3500000.0,0.996,1.0,0.987,same_club
3763,Cazim Suljic,ITA,2016-17,Crotone,S,2,11,0,0,0,0,0,0.0,0.0,0.0,0.015,0.015,0,0,348431,Cazim Suljic,1996-10-29,19.84,178.0,right,Midfield,Central Midfield,Bosnia-Herzegovina,France,2,11,0,0,4083,FC Crotone,11,150000.0,150000.0,1.0,1.0,1.0,same_club
3821,Rolando Mandragora,ITA,2016-17,Juventus,S,1,4,0,0,0,1,0,0.018,0.018,0.0,0.018,0.0,0,0,308279,Rolando Mandragora,1997-06-29,19.18,183.0,left,Midfield,Defensive Midfield,Italy,Italy,1,4,0,0,506,Juventus FC,4,3000000.0,3000000.0,1.0,1.0,1.0,same_club
3978,Marco Faraoni,ITA,2016-17,Udinese,D S,5,327,0,0,0,4,1,0.496,0.496,0.112,0.912,0.771,2,0,73926,Davide Faraoni,1991-10-25,24.85,180.0,right,Defender,Right-Back,Italy,Italy,5,329,0,0,410,Udinese Calcio,329,1600000.0,1000000.0,0.968,0.95,0.994,same_club
4004,Mamadou Tounkara,ITA,2016-17,Lazio,S,1,4,0,0,0,0,0,0.0,0.0,0.0,0.0,0.0,0,0,242965,Mamadou Tounkara,1996-01-19,20.62,186.0,right,Attack,Centre-Forward,Senegal,Spain,1,4,0,0,398,Società Sportiva Lazio S.p.A.,4,400000.0,350000.0,1.0,1.0,1.0,same_club
4450,Adel Taarabt,ITA,2016-17,Genoa,M S,6,208,0,0,3,6,5,0.397,0.397,1.172,1.643,0.121,0,0,45287,Adel Taarabt,1989-05-24,27.27,185.0,right,Midfield,Central Midfield,Morocco,Morocco,6,209,0,3,252,Genoa CFC,209,1500000.0,600000.0,0.999,1.0,0.995,same_club
4894,Trent Sainsbury,ITA,2016-17,Inter,S,1,19,0,0,0,0,0,0.0,0.0,0.0,0.0,0.0,1,0,145840,Trent Sainsbury,1992-01-05,24.66,184.0,right,Defender,Centre-Back,Australia,Australia,1,19,0,0,46,Inter Milan,19,700000.0,1000000.0,1.0,1.0,1.0,same_club
4895,Andrea Pinamonti,ITA,2016-17,Inter,S,2,16,0,0,0,2,1,0.119,0.119,0.056,0.327,0.151,0,0,315865,Andrea Pinamonti,1999-05-19,17.29,185.0,right,Attack,Centre-Forward,Italy,Italy,2,19,0,0,46,Inter Milan,99,350000.0,1000000.0,0.99,1.0,0.967,same_club
4902,Carlao,ITA,2016-17,Torino,D,4,339,0,0,0,1,0,0.045,0.045,0.0,0.413,0.413,1,0,52893,Carlão,1986-01-19,30.62,183.0,left,Defender,Centre-Back,Brazil,Brazil,4,336,0,0,416,Torino FC,1331,800000.0,500000.0,0.997,1.0,0.991,same_club
4903,Mamadou Coulibaly,ITA,2016-17,Pescara,M S,9,492,0,0,0,1,1,0.121,0.121,0.022,2.106,2.106,4,0,472161,Mamadou Coulibaly,1999-02-03,17.58,183.0,right,Midfield,Central Midfield,Senegal,Senegal,9,487,0,0,2921,Delfino Pescara 1936,487,,500000.0,0.997,1.0,0.99,same_club
4904,Adrián Cubas,ITA,2016-17,Pescara,S,1,7,0,0,0,0,0,0.0,0.0,0.0,0.0,0.0,0,0,323872,Andrés Cubas,1996-05-22,20.28,166.0,right,Midfield,Defensive Midfield,Paraguay,Argentina,1,8,0,0,2921,Delfino Pescara 1936,8,3500000.0,3000000.0,0.967,0.95,0.989,same_club
4905,Hrvoje Milicevic,ITA,2016-17,Pescara,D S,3,131,0,0,0,1,2,0.013,0.013,0.143,0.735,0.579,1,0,157167,Hrvoje Milicevic,1993-04-20,23.37,192.0,right,Defender,Centre-Back,Bosnia-Herzegovina,Bosnia-Herzegovina,3,132,0,0,2921,Delfino Pescara 1936,132,150000.0,150000.0,0.998,1.0,0.992,same_club
4907,Bartosz Bereszynski,ITA,2016-17,Sampdoria,D S,13,1050,0,0,0,0,3,0.0,0.0,0.361,1.917,1.827,1,0,144143,Bartosz Bereszyński,1992-07-12,24.14,183.0,right,Defender,Right-Back,Poland,Poland,13,1050,0,1,1038,UC Sampdoria,1845,600000.0,2000000.0,1.0,1.0,1.0,same_club
4912,Paolo Faragò,ITA,2016-17,Cagliari,M S,9,336,0,0,0,3,6,0.451,0.451,0.428,1.433,0.644,1,0,167796,Paolo Faragò,1993-02-12,23.55,187.0,right,Midfield,Central Midfield,Italy,Italy,9,339,0,0,1390,Cagliari Calcio,639,1000000.0,2500000.0,0.997,1.0,0.991,same_club
4913,Roberto Biancu,ITA,2016-17,Cagliari,S,1,5,0,0,0,0,0,0.0,0.0,0.0,0.255,0.255,0,0,396681,Roberto Biancu,2000-01-19,16.62,175.0,right,Midfield,Attacking Midfield,Italy,Italy,1,10,0,0,1390,Cagliari Calcio,24,,150000.0,0.983,1.0,0.944,same_club
4918,Patrick Cutrone,ITA,2016-17,AC Milan,S,1,4,0,0,0,1,0,0.084,0.084,0.0,0.084,0.0,1,0,265078,Patrick Cutrone,1998-01-03,18.66,183.0,right,Attack,Centre-Forward,Italy,Italy,1,5,0,0,5,AC Milan,5,300000.0,500000.0,0.997,1.0,0.989,same_club
4921,Giuseppe Borello,ITA,2016-17,Crotone,S,1,1,0,0,0,0,0,0.0,0.0,0.0,0.0,0.0,0,0,373379,Giuseppe Borello,1999-04-28,17.35,168.0,left,Attack,Right Winger,Italy,Italy,1,1,0,0,4083,FC Crotone,1,,100000.0,1.0,1.0,1.0,same_club
4922,Andrej Kotnik,ITA,2016-17,Crotone,S,2,29,0,0,0,2,0,0.023,0.023,0.0,0.058,0.035,0,0,382007,Andrej Kotnik,1995-08-04,21.08,189.0,right,Midfield,Attacking Midfield,Slovenia,Slovenia,2,30,0,0,4083,FC Crotone,191,100000.0,250000.0,0.997,1.0,0.989,same_club
4923,Boadu Maxwell Acosty,ITA,2016-17,Crotone,M S,11,366,0,0,0,8,6,0.273,0.273,0.176,0.932,0.483,2,0,102249,Maxwell Acosty,1991-09-10,24.98,178.0,right,Attack,Right Winger,Ghana,Ghana,11,373,0,0,4083,FC Crotone,373,1000000.0,800000.0,0.964,0.95,0.981,same_club
4925,Giorgio Spizzichino,ITA,2016-17,Lazio,S,1,10,0,0,0,0,0,0.0,0.0,0.0,0.0,0.0,0,0,391933,Giorgio Spizzichino,1999-08-10,17.06,182.0,right,Defender,Right-Back,Italy,Italy,1,11,0,0,398,Società Sportiva Lazio S.p.A.,11,,200000.0,0.997,1.0,0.989,same_club
4929,Orji Okwonkwo,ITA,2016-17,Bologna,M S,9,236,0,0,2,3,3,0.053,0.053,0.382,0.462,0.044,1,0,401935,Orji Okwonkwo,1998-01-19,18.62,180.0,right,Attack,Right Winger,Nigeria,Nigeria,9,243,0,1,1025,Bologna Football Club 1909,296,,400000.0,0.991,1.0,0.971,same_club
4930,Bruno Petkovic,ITA,2016-17,Bologna,F S,12,511,0,0,0,9,6,0.597,0.597,0.453,1.968,1.265,1,0,256358,Bruno Petkovic,1994-09-16,21.96,193.0,right,Attack,Centre-Forward,Croatia,Croatia,12,521,0,0,1025,Bologna Football Club 1909,521,1200000.0,1200000.0,0.994,1.0,0.981,same_club
4933,Leonardo Morosini,ITA,2016-17,Genoa,M S,4,91,0,0,0,2,1,0.06,0.06,0.014,0.044,0.0,0,0,240415,Leonardo Morosini,1995-10-13,20.89,175.0,right,Attack,Second Striker,Italy,Italy,4,92,0,0,252,Genoa CFC,163,1900000.0,2200000.0,0.997,1.0,0.989,same_club
4934,Andrea Beghetto,ITA,2016-17,Genoa,M S,3,150,0,0,0,1,2,0.009,0.009,0.065,0.074,0.0,0,0,199941,Andrea Beghetto,1994-10-11,21.89,182.0,left,Defender,Left-Back,Italy,Italy,3,150,0,0,252,Genoa CFC,152,150000.0,800000.0,1.0,1.0,1.0,same_club
4935,Gennaro Ruggiero,ITA,2016-17,Palermo,M,2,150,0,0,0,1,1,0.016,0.016,0.067,0.139,0.055,0,0,392514,Gennaro Ruggiero,2000-02-04,16.57,179.0,right,Midfield,Central Midfield,Italy,Italy,2,150,0,0,458,Palermo FC,150,,,1.0,1.0,1.0,same_club
4936,Stefan Silva,ITA,2016-17,Palermo,S,1,15,0,0,0,0,0,0.0,0.0,0.0,0.0,0.0,0,0,208905,Stefan Silva,1990-03-11,26.48,181.0,right,Attack,Centre-Forward,Sweden,Sweden,1,15,0,0,458,Palermo FC,15,450000.0,500000.0,1.0,1.0,1.0,same_club
4939,Alessandro Bastoni,ITA,2016-17,Atalanta,D S,3,150,0,0,0,1,0,0.073,0.073,0.0,0.05,0.05,0,0,315853,Alessandro Bastoni,1999-04-13,17.39,190.0,left,Defender,Centre-Back,Italy,Italy,3,153,0,0,800,Atalanta BC,243,,1500000.0,0.994,1.0,0.98,same_club
4941,Hans Hateboer,ITA,2016-17,Atalanta,D M S,6,287,0,0,1,3,2,0.186,0.186,0.123,0.361,0.052,2,0,275303,Hans Hateboer,1994-01-09,22.64,187.0,right,Defender,Right-Back,Netherlands,Netherlands,6,288,0,1,800,Atalanta BC,2178,850000.0,1000000.0,0.999,1.0,0.997,same_club
4942,Sofian Kiyine,ITA,2016-17,Chievo,S,7,59,0,0,0,4,0,0.143,0.143,0.0,0.143,0.0,1,0,393804,Sofian Kiyine,1997-10-02,18.92,182.0,right,Midfield,Left Midfield,Morocco,Belgium,7,64,0,0,862,Chievo Verona,68,175000.0,400000.0,0.983,1.0,0.944,same_club
4943,Emanuel Vignato,ITA,2016-17,Chievo,S,2,30,0,0,0,0,0,0.0,0.0,0.0,0.0,0.0,0,0,394346,Emanuel Vignato,2000-08-24,16.02,175.0,right,Attack,Right Winger,Italy,Italy,2,31,0,0,862,Chievo Verona,31,,225000.0,0.997,1.0,0.989,same_club
4951,Grigoris Kastanos,ITA,2016-17,Pescara,F M S,8,272,0,0,0,5,2,0.134,0.134,0.077,0.239,0.081,1,0,298635,Grigoris Kastanos,1998-01-30,18.59,179.0,left,Midfield,Central Midfield,Cyprus,Cyprus,8,277,0,1,2921,Delfino Pescara 1936,277,350000.0,700000.0,0.995,1.0,0.982,same_club
4955,Jan Mlakar,ITA,2016-17,Fiorentina,S,1,19,0,0,0,1,1,0.397,0.397,0.015,0.412,0.0,0,0,309180,Jan Mlakar,1998-10-23,17.86,183.0,right,Attack,Centre-Forward,Slovenia,Slovenia,1,20,0,0,430,ACF Fiorentina,20,500000.0,550000.0,0.997,1.0,0.989,same_club
4959,Filippo Melegoni,ITA,2016-17,Atalanta,M,1,47,0,0,0,0,0,0.0,0.0,0.0,0.0,0.0,0,0,315862,Filippo Melegoni,1999-02-18,17.54,186.0,right,Midfield,Central Midfield,Italy,Italy,1,45,0,0,800,Atalanta BC,45,,400000.0,0.993,1.0,0.978,same_club
4975,Joshua Pérez,ITA,2016-17,Fiorentina,S,1,13,0,0,0,0,0,0.0,0.0,0.0,0.016,0.016,0,0,351506,Joshua Pérez,1998-01-21,18.61,165.0,left,Midfield,Attacking Midfield,El Salvador,United States,1,15,0,0,430,ACF Fiorentina,15,150000.0,200000.0,0.993,1.0,0.978,same_club
4983,Arnel Jakupovic,ITA,2016-17,Empoli,S,1,1,0,0,0,0,0,0.0,0.0,0.0,0.0,0.0,0,0,268426,Arnel Jakupovic,1998-05-29,18.26,188.0,left,Attack,Centre-Forward,Austria,Austria,1,2,0,0,749,FC Empoli,2,,400000.0,0.997,1.0,0.989,same_club
5026,Federico Serra,ITA,2016-17,Cagliari,S,1,11,0,0,0,0,0,0.0,0.0,0.0,0.0,0.0,0,0,162551,Federico Serra,1997-12-09,18.73,167.0,left,Attack,Left Winger,Italy,Italy,1,11,0,0,1390,Cagliari Calcio,22,150000.0,100000.0,1.0,1.0,1.0,same_club
3294,Edinson Cavani,FRA,2016-17,Paris Saint Germain,F S,36,2983,35,28,4,143,25,36.867,30.786,2.2,30.914,2.781,5,0,48280,Edinson Cavani,1987-02-14,29.55,184.0,right,Attack,Centre-Forward,Uruguay,Uruguay,36,2975,35,4,583,Paris Saint-Germain,3695,37000000.0,45000000.0,0.999,1.0,0.997,same_club
3277,Alexandre Lacazette,FRA,2016-17,Lyon,F S,30,2416,28,18,3,85,50,22.474,13.353,6.658,23.216,7.629,3,0,93720,Alexandre Lacazette,1991-05-28,25.26,175.0,right,Attack,Centre-Forward,France,France,30,2408,28,3,1041,Olympique Lyon,3332,35000000.0,40000000.0,0.999,1.0,0.997,same_club
696,Falcao,FRA,2016-17,Monaco,F S,29,1969,21,17,5,80,23,14.863,11.823,2.9,15.487,3.574,2,0,39152,Radamel Falcao,1986-02-10,30.56,177.0,right,Attack,Centre-Forward,Colombia,Colombia,29,1938,21,5,162,AS Monaco,2739,15000000.0,15000000.0,0.995,1.0,0.984,same_club
717,Bafétimbi Gomis,FRA,2016-17,Marseille,F S,31,2613,20,17,3,91,25,18.5,16.22,2.796,17.558,2.676,6,0,22388,Bafétimbi Gomis,1985-08-06,31.07,184.0,right,Attack,Centre-Forward,France,France,31,2606,20,3,244,Olympique Marseille,2606,7000000.0,5000000.0,0.999,1.0,0.997,same_club
942,Florian Thauvin,FRA,2016-17,Marseille,F M S,38,2991,15,14,8,95,61,9.63,8.87,8.574,22.089,10.391,2,0,184892,Florian Thauvin,1993-01-26,23.6,181.0,left,Attack,Right Winger,France,France,38,2976,15,10,244,Olympique Marseille,2976,9000000.0,18000000.0,0.998,1.0,0.995,same_club
1817,Mario Balotelli,FRA,2016-17,Nice,F S,23,1748,15,12,1,75,10,11.926,8.885,0.989,8.886,2.279,5,3,45146,Mario Balotelli,1990-08-12,26.06,189.0,right,Attack,Centre-Forward,Italy,Italy,23,1746,15,0,417,OGC Nice,2016,6000000.0,15000000.0,1.0,1.0,0.999,same_club
3423,Kylian Mbappe-Lottin,FRA,2016-17,Monaco,F M S,29,1503,15,15,8,53,31,8.283,8.283,6.226,15.443,2.341,2,0,342229,Kylian Mbappé,1998-12-20,17.7,180.0,right,Attack,Centre-Forward,France,France,29,1501,15,11,162,AS Monaco,2037,1500000.0,35000000.0,0.97,0.95,0.999,same_club
5701,Ivan Santini,FRA,2016-17,Caen,F,34,2905,15,12,2,71,25,12.71,9.67,3.078,14.474,3.314,7,0,45832,Ivan Santini,1989-05-21,27.28,190.0,right,Attack,Centre-Forward,Croatia,Jugoslawien (SFR),34,2889,15,2,1162,SM Caen,3038,2200000.0,4000000.0,0.998,1.0,0.994,same_club
3244,Nicolas de Preville,FRA,2016-17,Lille,F M S,30,2077,14,9,1,63,37,9.62,5.82,3.283,10.809,3.891,2,0,122116,Nicolas de Préville,1991-01-08,25.65,182.0,right,Attack,Centre-Forward,France,France,30,2076,14,1,1082,LOSC Lille,2076,2500000.0,5500000.0,1.0,1.0,1.0,same_club
3800,Steve Mounie,FRA,2016-17,Montpellier,F S,35,2839,14,14,3,105,24,11.625,11.625,2.883,13.828,2.964,4,1,238639,Steve Mounié,1994-09-29,21.92,189.0,right,Attack,Centre-Forward,Benin,Benin,35,2830,14,3,969,Montpellier HSC,2830,800000.0,5500000.0,0.999,1.0,0.997,same_club
3570,Benjamin Moukandjo,FRA,2016-17,Lorient,F M S,25,2017,13,10,1,48,27,10.199,7.918,3.673,12.508,1.897,1,0,59957,Benjamin Moukandjo,1988-11-12,27.8,180.0,right,Attack,Centre-Forward,Cameroon,Cameroon,25,2008,13,1,1158,FC Lorient,2008,4500000.0,6000000.0,0.999,1.0,0.996,same_club
3293,Lucas Moura,FRA,2016-17,Paris Saint Germain,F M S,37,2446,12,11,5,66,55,10.221,9.461,6.093,22.506,11.132,0,0,77100,Lucas Moura,1992-08-13,24.05,172.0,right,Attack,Right Winger,Brazil,Brazil,37,2436,12,4,583,Paris Saint-Germain,3038,35000000.0,38000000.0,0.999,1.0,0.996,same_club
3406,Emiliano Sala,FRA,2016-17,Nantes,F S,34,2573,12,11,4,68,32,10.275,8.754,2.748,13.218,3.66,6,0,190780,Emiliano Sala,1990-10-31,25.84,187.0,right,Attack,Centre-Forward,Argentina,Argentina,34,2567,12,5,995,FC Nantes,2567,2000000.0,4500000.0,0.999,1.0,0.998,same_club
3477,Jimmy Briand,FRA,2016-17,Guingamp,F S,34,2885,12,9,5,71,32,11.797,9.517,4.382,15.651,4.996,2,0,18909,Jimmy Briand,1985-08-02,31.08,181.0,right,Attack,Centre-Forward,France,France,34,2884,12,6,855,EA Guingamp,2884,2500000.0,2500000.0,1.0,1.0,1.0,same_club
3211,Martin Braithwaite,FRA,2016-17,Toulouse,F M S,34,2948,11,7,3,98,23,14.011,9.451,3.158,10.979,1.632,7,0,95732,Martin Braithwaite,1991-06-05,25.24,177.0,right,Attack,Centre-Forward,Denmark,Denmark,34,2948,11,3,415,FC Toulouse,2948,4500000.0,7500000.0,1.0,1.0,1.0,same_club
3310,Alassane Pléa,FRA,2016-17,Nice,F S,25,1853,11,10,2,73,24,14.942,13.422,2.474,15.891,4.108,1,0,167329,Alassane Pléa,1993-03-10,23.48,181.0,right,Attack,Centre-Forward,France,France,25,1850,11,3,417,OGC Nice,2170,5000000.0,12000000.0,1.0,1.0,0.998,same_club
3343,Ryad Boudebouz,FRA,2016-17,Montpellier,F M,33,2928,11,8,9,60,117,5.678,3.398,10.12,11.864,6.657,4,0,77826,Ryad Boudebouz,1990-02-19,26.53,177.0,left,Midfield,Attacking Midfield,Algeria,France,33,2925,11,9,969,Montpellier HSC,2925,4500000.0,10000000.0,1.0,1.0,0.999,same_club
5623,Lois Diony,FRA,2016-17,Dijon,F S,35,2821,11,11,8,58,51,5.769,5.009,6.396,11.893,2.722,2,1,126552,Loïs Diony,1992-12-20,23.7,183.0,right,Attack,Centre-Forward,France,France,35,2815,11,10,2969,Dijon FCO,2815,1250000.0,3000000.0,0.999,1.0,0.998,same_club
3260,Enzo Crivelli,FRA,2016-17,SC Bastia,F,23,1998,10,10,1,31,21,7.859,7.099,1.288,7.144,0.924,5,1,291110,Enzo Crivelli,1995-02-06,21.57,183.0,right,Attack,Centre-Forward,,,24,2039,10,1,595,SC Bastia,2039,2500000.0,4000000.0,0.994,1.0,0.98,same_club
3309,Valère Germain,FRA,2016-17,Monaco,F S,36,2238,10,10,3,66,21,10.049,10.049,2.434,14.516,3.962,0,0,60540,Valère Germain,1990-04-17,26.38,181.0,right,Attack,Centre-Forward,France,France,36,2241,10,4,162,AS Monaco,3067,7000000.0,10000000.0,1.0,1.0,0.999,same_club
3228,Giovanni Sio,FRA,2016-17,Rennes,F S,34,2707,9,9,1,79,27,8.481,8.481,3.568,13.71,4.695,6,0,76293,Giovanni Sio,1989-03-31,27.42,180.0,left,Attack,Centre-Forward,Cote d'Ivoire,France,34,2698,9,2,273,Stade Rennais FC,2698,4000000.0,4500000.0,0.999,1.0,0.997,same_club
3261,Diego Rolan,FRA,2016-17,Bordeaux,F M S,29,1763,9,9,0,48,17,9.372,8.612,1.333,11.695,3.08,3,1,193938,Diego Rolán,1993-03-24,23.44,177.0,right,Attack,Centre-Forward,Uruguay,Uruguay,29,1765,9,0,40,FC Girondins Bordeaux,1765,8000000.0,8000000.0,1.0,1.0,0.999,same_club
3420,Fabinho,FRA,2016-17,Monaco,D M S,37,3067,9,2,1,31,33,7.344,2.023,2.558,18.127,14.365,8,0,225693,Fabinho,1993-10-23,22.86,188.0,right,Midfield,Defensive Midfield,Brazil,Brazil,37,3071,9,3,162,AS Monaco,4277,16000000.0,25000000.0,1.0,1.0,0.999,same_club
3425,Thomas Lemar,FRA,2016-17,Monaco,F M S,34,2611,9,9,10,59,74,6.241,6.241,8.696,19.081,10.246,1,0,205562,Thomas Lemar,1995-11-12,20.8,171.0,left,Midfield,Attacking Midfield,France,Guadeloupe,34,2612,9,12,162,AS Monaco,3836,12000000.0,24000000.0,1.0,1.0,1.0,same_club
3461,Majeed Waris,FRA,2016-17,Lorient,F M S,35,2839,9,8,5,79,28,11.803,9.522,4.038,16.786,5.408,5,0,146805,Majeed Waris,1991-09-19,24.95,172.0,right,Attack,Second Striker,Ghana,Ghana,35,2842,9,4,1158,FC Lorient,2842,5000000.0,4500000.0,1.0,1.0,0.999,same_club
3526,Ronny Rodelin,FRA,2016-17,Caen,F M S,37,2958,9,8,3,95,36,8.068,6.548,3.516,10.852,4.117,4,0,76055,Ronny Rodelin,1989-11-18,26.79,193.0,right,Attack,Right Winger,France,Réunion,37,2957,9,4,1162,SM Caen,2957,2500000.0,3500000.0,1.0,1.0,1.0,same_club
3667,Nabil Fekir,FRA,2016-17,Lyon,F M S,32,2240,9,7,4,71,64,8.731,7.211,5.596,14.646,6.563,5,1,203496,Nabil Fekir,1993-07-18,23.12,173.0,left,Midfield,Attacking Midfield,France,France,32,2225,9,4,1041,Olympique Lyon,3119,11000000.0,14000000.0,0.998,1.0,0.993,same_club
5622,Júlio Tavares,FRA,2016-17,Dijon,F S,35,2766,9,7,3,55,29,8.083,6.563,2.708,11.455,4.312,3,0,216426,Julio Tavarès,1988-11-19,27.78,187.0,both,Attack,Centre-Forward,Cape Verde,Cape Verde,35,2721,9,4,2969,Dijon FCO,2721,1500000.0,2000000.0,0.995,1.0,0.984,same_club
3186,Mathieu Valbuena,FRA,2016-17,Lyon,F M S,30,1481,8,8,5,45,47,3.43,3.43,5.02,9.922,5.779,6,0,40687,Mathieu Valbuena,1984-09-28,31.93,167.0,right,Midfield,Attacking Midfield,France,France,30,1488,8,5,1041,Olympique Lyon,2288,4500000.0,3000000.0,0.999,1.0,0.995,same_club
3473,Yannis Salibur,FRA,2016-17,Guingamp,F M S,35,2838,8,7,4,91,55,7.09,6.33,6.753,13.788,5.228,2,0,79893,Yannis Salibur,1991-01-24,25.6,177.0,left,Attack,Right Winger,France,France,35,2827,8,6,855,EA Guingamp,2827,3000000.0,5000000.0,0.999,1.0,0.996,same_club
3577,Cheick Diabaté,FRA,2016-17,Metz,F S,14,1058,8,5,1,27,9,6.723,4.442,1.279,5.027,0.608,2,0,78082,Cheick Diabaté,1988-04-25,28.35,194.0,right,Attack,Centre-Forward,Mali,Mali,14,1056,8,1,347,FC Metz,1486,4500000.0,4000000.0,0.999,1.0,0.998,same_club
3603,Corentin Tolisso,FRA,2016-17,Lyon,D M S,31,2581,8,8,5,66,44,7.112,7.112,6.099,22.329,13.285,1,1,190393,Corentin Tolisso,1994-08-03,22.08,181.0,right,Midfield,Central Midfield,France,France,31,2578,8,5,1041,Olympique Lyon,3787,13000000.0,22000000.0,1.0,1.0,0.999,same_club
3635,Bernardo Silva,FRA,2016-17,Monaco,M S,37,2829,8,8,9,60,60,5.708,5.708,7.409,20.695,10.737,3,0,241641,Bernardo Silva,1994-08-10,22.06,173.0,left,Midfield,Attacking Midfield,Portugal,Portugal,37,2800,8,11,162,AS Monaco,3914,16000000.0,40000000.0,0.997,1.0,0.99,same_club
3754,Issiar Dia,FRA,2016-17,Nancy,F S,31,2004,8,7,3,31,14,3.125,2.365,2.489,4.938,1.569,3,0,43942,Issiar Dia,1987-06-08,29.23,173.0,right,Attack,Right Winger,Senegal,France,31,2004,8,3,1159,AS Nancy-Lorraine,2004,1000000.0,2000000.0,1.0,1.0,1.0,same_club
4768,Wylan Cyprien,FRA,2016-17,Nice,F M S,29,2430,8,8,3,52,26,3.535,3.535,2.202,14.899,11.011,2,0,182889,Wylan Cyprien,1995-01-28,21.59,180.0,right,Midfield,Central Midfield,France,Guadeloupe,29,2433,8,3,417,OGC Nice,2641,2500000.0,10000000.0,1.0,1.0,0.999,same_club
5730,Famara Diedhiou,FRA,2016-17,Angers,F S,31,2297,8,7,1,57,31,8.625,7.104,3.174,11.518,2.859,6,0,237125,Famara Diédhiou,1992-12-15,23.71,189.0,right,Attack,Centre-Forward,Senegal,Senegal,31,2284,8,2,1420,Angers SCO,2284,1750000.0,4000000.0,0.998,1.0,0.994,same_club
739,Ola Toivonen,FRA,2016-17,Toulouse,F M S,35,1798,7,7,2,19,21,4.698,4.698,1.372,6.708,2.533,9,0,36500,Ola Toivonen,1986-07-03,30.17,189.0,right,Midfield,Attacking Midfield,Sweden,Sweden,35,1804,7,4,415,FC Toulouse,1804,2500000.0,2000000.0,0.999,1.0,0.997,same_club
3262,Malcom,FRA,2016-17,Bordeaux,F M S,37,2749,7,7,4,67,51,6.805,6.044,5.196,12.898,5.224,2,0,323704,Malcom,1997-02-26,19.51,172.0,left,Attack,Right Winger,Brazil,Brazil,37,2742,7,5,40,FC Girondins Bordeaux,2742,10000000.0,10000000.0,0.999,1.0,0.997,same_club
3312,Jean Michael Seri,FRA,2016-17,Nice,M,34,2997,7,5,9,32,73,3.594,2.074,7.481,16.166,12.33,4,0,178614,Jean Michaël Seri,1991-07-19,25.12,169.0,right,Midfield,Defensive Midfield,Cote d'Ivoire,Cote d'Ivoire,34,2990,7,10,417,OGC Nice,3263,5500000.0,14000000.0,0.999,1.0,0.998,same_club
3424,Guido Carrillo,FRA,2016-17,Monaco,F S,19,564,7,7,1,20,5,5.833,5.833,1.231,6.85,1.057,0,0,184672,Guido Carrillo,1991-05-25,25.27,187.0,right,Attack,Centre-Forward,Argentina,Argentina,19,585,7,1,162,AS Monaco,833,5500000.0,6000000.0,0.989,1.0,0.964,same_club
3561,Romain Hamouma,FRA,2016-17,Saint-Etienne,F M S,29,1961,7,5,5,47,50,6.874,5.354,5.556,10.639,1.899,2,0,98349,Romain Hamouma,1987-03-29,29.43,179.0,right,Attack,Centre-Forward,France,France,29,1967,7,7,618,AS Saint-Étienne,2569,5000000.0,4000000.0,0.999,1.0,0.997,same_club
5619,Pierre Lees-Melou,FRA,2016-17,Dijon,F M S,32,2506,7,7,3,49,28,3.942,3.942,3.218,8.787,3.36,3,0,377393,Pierre Lees-Melou,1993-05-25,23.27,185.0,right,Midfield,Defensive Midfield,France,France,32,2497,7,3,2969,Dijon FCO,2497,300000.0,2500000.0,0.999,1.0,0.996,same_club
5657,Karl Toko Ekambi,FRA,2016-17,Angers,F S,31,2447,7,7,4,82,38,6.494,6.494,3.243,13.022,5.954,0,0,315110,Karl Toko Ekambi,1992-09-14,23.96,182.0,right,Attack,Centre-Forward,Cameroon,France,31,2440,7,5,1420,Angers SCO,2440,1250000.0,2500000.0,0.999,1.0,0.997,same_club
104,Mevlüt Erdinc,FRA,2016-17,Metz,F S,24,1408,6,3,1,46,10,7.156,4.116,0.727,4.649,0.619,1,0,38360,Mevlüt Erdinc,1987-02-25,29.52,181.0,right,Attack,Centre-Forward,Turkey,France,24,1406,6,1,347,FC Metz,1406,2500000.0,3000000.0,1.0,1.0,0.999,same_club
963,Eder,FRA,2016-17,Lille,F S,31,2469,6,5,4,67,31,9.636,8.116,3.74,12.132,2.989,3,0,84481,Éder,1987-12-22,28.7,190.0,both,Attack,Centre-Forward,Portugal,Guinea-Bissau,31,2470,6,5,1082,LOSC Lille,2560,5000000.0,5000000.0,1.0,1.0,1.0,same_club
1800,Kamil Glik,FRA,2016-17,Monaco,D,36,3240,6,6,2,24,6,3.881,3.881,0.967,6.185,6.185,6,0,46552,Kamil Glik,1988-02-03,28.58,190.0,right,Defender,Centre-Back,Poland,Poland,36,3240,6,2,162,AS Monaco,4321,11000000.0,18000000.0,1.0,1.0,1.0,same_club
3256,Valentin Vada,FRA,2016-17,Bordeaux,M S,28,1920,6,4,2,30,42,6.102,4.581,2.51,10.769,6.84,4,0,225004,Valentín Vada,1996-03-06,20.49,175.0,right,Midfield,Central Midfield,Argentina,Argentina,28,1896,6,2,40,FC Girondins Bordeaux,1896,800000.0,4000000.0,0.996,1.0,0.988,same_club
3278,Maxwel Cornet,FRA,2016-17,Lyon,F M S,33,1889,6,6,2,51,21,7.135,7.135,1.464,9.991,2.851,1,0,234781,Maxwel Cornet,1996-09-27,19.93,179.0,left,Attack,Left Winger,Cote d'Ivoire,Cote d'Ivoire,33,1896,6,2,1041,Olympique Lyon,2743,7000000.0,10000000.0,0.999,1.0,0.996,same_club
3333,Francois Kamano,FRA,2016-17,Bordeaux,F M S,30,1683,6,6,4,65,19,6.56,6.56,3.187,11.438,2.985,4,0,333802,François Kamano,1996-05-02,20.33,175.0,right,Attack,Left Winger,Guinea,Guinea,30,1688,6,4,40,FC Girondins Bordeaux,1688,2500000.0,4500000.0,0.999,1.0,0.997,same_club
3474,Younousse Sankhare,FRA,2016-17,"Bordeaux,Lille",M S,37,2961,6,6,4,51,35,6.727,6.727,2.6,14.22,8.419,4,1,55409,Younousse Sankharé,1989-09-10,26.98,184.0,left,Midfield,Central Midfield,Senegal,France,37,2964,6,4,"40,1082","FC Girondins Bordeaux,LOSC Lille",2989,3500000.0,3500000.0,1.0,1.0,0.999,same_club
3553,Ángel Di María,FRA,2016-17,Paris Saint Germain,F M S,29,2053,6,6,7,83,77,5.975,5.975,10.617,19.093,10.834,1,1,45320,Ángel Di María,1988-02-14,28.55,178.0,left,Attack,Right Winger,Argentina,Argentina,29,2046,6,7,583,Paris Saint-Germain,2653,60000000.0,40000000.0,0.999,1.0,0.997,same_club
3691,Robert Beric,FRA,2016-17,Saint-Etienne,F S,22,1455,6,6,0,20,8,3.604,2.844,0.424,4.227,1.45,0,0,91415,Robert Beric,1991-06-17,25.21,188.0,right,Attack,Centre-Forward,Slovenia,Jugoslawien (SFR),22,1450,6,0,618,AS Saint-Étienne,1984,4500000.0,4500000.0,0.999,1.0,0.997,same_club
3746,Gaetan Laborde,FRA,2016-17,Bordeaux,F S,36,2018,6,6,5,53,29,6.886,6.886,4.272,11.807,2.514,3,0,181378,Gaëtan Laborde,1994-05-03,22.33,181.0,left,Attack,Centre-Forward,France,France,36,2026,6,5,40,FC Girondins Bordeaux,2026,800000.0,5000000.0,0.999,1.0,0.996,same_club
3747,Boschilia,FRA,2016-17,Monaco,F M S,11,436,6,6,2,20,10,2.68,2.68,1.333,3.15,0.343,1,0,288496,Boschilia,1996-03-05,20.49,173.0,left,Midfield,Attacking Midfield,Brazil,Brazil,11,437,6,2,162,AS Monaco,513,4000000.0,4500000.0,0.999,1.0,0.998,same_club
5715,Prejuce Nakoulma,FRA,2016-17,Nantes,F M S,11,828,6,6,0,24,11,4.374,4.374,0.816,5.171,0.514,3,0,69246,Préjuce Nakoulma,1987-04-21,29.37,178.0,right,Attack,Centre-Forward,Burkina Faso,Burkina Faso,11,821,6,0,995,FC Nantes,1988,2000000.0,2500000.0,0.997,1.0,0.992,same_club
555,Memphis Depay,FRA,2016-17,Lyon,F M S,16,1102,5,5,7,47,31,7.083,7.083,3.886,10.101,1.819,1,0,167850,Memphis Depay,1994-02-13,22.55,178.0,right,Attack,Centre-Forward,Netherlands,Netherlands,17,1144,5,8,1041,Olympique Lyon,1223,25000000.0,19000000.0,0.977,1.0,0.922,same_club
555,Memphis Depay,FRA,2016-17,Lyon,F M S,16,1102,5,5,7,47,31,7.083,7.083,3.886,10.101,1.819,1,0,167850,Memphis Depay,1994-02-13,22.55,178.0,right,Attack,Centre-Forward,Netherlands,Netherlands,17,1144,5,8,1041,Olympique Lyon,1223,25000000.0,19000000.0,0.989,1.0,0.963,same_club
1064,Sylvain Marveaux,FRA,2016-17,Lorient,F M,24,1926,5,5,6,32,50,3.202,3.202,5.329,10.525,5.891,1,0,39909,Sylvain Marveaux,1986-04-15,30.38,172.0,left,Midfield,Attacking Midfield,France,France,24,1921,5,6,1158,FC Lorient,1921,1500000.0,2000000.0,0.999,1.0,0.997,same_club
3344,Casimir Ninga,FRA,2016-17,Montpellier,F M S,9,512,5,5,2,18,5,1.531,1.531,0.183,2.477,0.939,2,0,392810,Casimir Ninga,1993-05-17,23.29,186.0,right,Attack,Centre-Forward,Chad,Chad,9,515,5,2,969,Montpellier HSC,515,2000000.0,2500000.0,0.998,1.0,0.994,same_club
3456,Jimmy Cabot,FRA,2016-17,Lorient,F M S,25,1262,5,5,4,25,27,3.699,3.699,2.78,7.186,3.449,1,0,206912,Jimmy Cabot,1994-04-18,22.37,164.0,right,Midfield,Right Midfield,France,France,25,1266,5,4,1158,FC Lorient,1266,2000000.0,2500000.0,0.999,1.0,0.997,same_club
3492,Cheikh Ndoye,FRA,2016-17,Angers,M S,33,2909,5,5,5,88,48,6.941,6.941,5.941,12.893,4.276,5,1,282058,Cheikh N'Doye,1986-03-29,30.43,193.0,right,Midfield,Central Midfield,Senegal,Senegal,33,2911,5,6,1420,Angers SCO,2911,4000000.0,3000000.0,0.928,0.88,0.999,same_club
3530,Andy Delort,FRA,2016-17,Toulouse,F,15,1234,5,4,0,38,5,5.537,4.017,1.266,4.913,1.601,0,0,122797,Andy Delort,1991-10-09,24.9,181.0,right,Attack,Centre-Forward,Algeria,France,15,1226,5,0,415,FC Toulouse,1226,5500000.0,5000000.0,0.998,1.0,0.994,same_club
3575,Moustapha Diallo,FRA,2016-17,Guingamp,M S,26,1757,5,5,2,48,11,5.436,5.436,0.856,7.179,2.19,7,1,41063,Mustapha Diallo,1986-05-14,30.3,190.0,right,Midfield,Defensive Midfield,Senegal,Senegal,26,1749,5,2,855,EA Guingamp,1749,1500000.0,1500000.0,0.979,0.968,0.995,same_club
3962,Anastasios Donis,FRA,2016-17,Nice,F M S,18,437,5,5,1,19,5,3.567,3.567,0.551,3.986,0.454,1,0,243606,Anastasios Donis,1996-08-29,20.01,178.0,right,Attack,Left Winger,Greece,England,18,443,5,1,417,OGC Nice,613,650000.0,1250000.0,0.996,1.0,0.986,same_club
5675,Ismaila Sarr,FRA,2016-17,Metz,F M S,31,1941,5,5,1,28,25,2.158,2.158,2.672,5.068,1.196,2,0,410225,Ismaïla Sarr,1998-02-25,18.52,185.0,right,Attack,Right Winger,Senegal,Senegal,31,1938,5,5,347,FC Metz,1938,150000.0,2500000.0,1.0,1.0,0.998,same_club
5700,Yann Karamoh,FRA,2016-17,Caen,F M S,35,2208,5,5,4,60,26,8.733,8.733,3.462,12.997,3.075,2,0,324804,Yann Karamoh,1998-07-08,18.15,184.0,right,Attack,Left Winger,France,Cote d'Ivoire,35,2186,5,4,1162,SM Caen,2186,150000.0,3000000.0,0.997,1.0,0.99,same_club
152,Julian Draxler,FRA,2016-17,Paris Saint Germain,F M S,17,1019,4,4,1,24,21,2.987,2.987,1.662,9.997,6.071,2,0,85148,Julian Draxler,1993-09-20,22.95,185.0,right,Attack,Left Winger,Germany,Germany,17,1016,4,2,583,Paris Saint-Germain,2322,28000000.0,35000000.0,0.999,1.0,0.997,same_club
152,Julian Draxler,FRA,2016-17,Paris Saint Germain,F M S,17,1019,4,4,1,24,21,2.987,2.987,1.662,9.997,6.071,2,0,85148,Julian Draxler,1993-09-20,22.95,185.0,right,Attack,Left Winger,Germany,Germany,17,1016,4,2,583,Paris Saint-Germain,2322,28000000.0,35000000.0,1.0,1.0,1.0,same_club
536,Dimitri Payet,FRA,2016-17,Marseille,F S,15,1254,4,4,3,39,39,2.185,2.185,4.326,9.467,5.637,3,0,37647,Dimitri Payet,1987-03-29,29.43,175.0,right,Midfield,Attacking Midfield,France,Réunion,15,1249,4,3,244,Olympique Marseille,2796,30000000.0,26000000.0,0.999,1.0,0.997,same_club
536,Dimitri Payet,FRA,2016-17,Marseille,F S,15,1254,4,4,3,39,39,2.185,2.185,4.326,9.467,5.637,3,0,37647,Dimitri Payet,1987-03-29,29.43,175.0,right,Midfield,Attacking Midfield,France,Réunion,15,1249,4,3,244,Olympique Marseille,2796,30000000.0,26000000.0,0.999,1.0,0.996,same_club
960,Clinton N&#039;Jie,FRA,2016-17,Marseille,F M S,22,1028,4,4,1,27,16,2.694,2.694,1.412,5.3,1.93,1,0,241119,Clinton N'Jie,1993-08-15,23.05,175.0,right,Attack,Right Winger,Cameroon,Cameroon,22,1021,4,1,244,Olympique Marseille,1021,10000000.0,7000000.0,0.968,0.95,0.993,same_club
3229,Yoann Gourcuff,FRA,2016-17,Rennes,F M,27,2310,4,4,3,38,48,2.268,2.268,4.245,9.298,5.344,3,0,18912,Yoann Gourcuff,1986-07-11,30.14,185.0,right,Midfield,Attacking Midfield,France,France,27,2301,4,3,273,Stade Rennais FC,2301,2500000.0,2500000.0,0.999,1.0,0.996,same_club
3231,Kamil Grosicki,FRA,2016-17,Rennes,M S,16,982,4,3,3,32,25,4.496,2.976,3.078,4.954,0.646,0,0,37920,Kamil Grosicki,1988-06-08,28.23,180.0,right,Attack,Left Winger,Poland,Poland,16,989,4,3,273,Stade Rennais FC,2136,4500000.0,7000000.0,0.999,1.0,0.998,same_club
3231,Kamil Grosicki,FRA,2016-17,Rennes,M S,16,982,4,3,3,32,25,4.496,2.976,3.078,4.954,0.646,0,0,37920,Kamil Grosicki,1988-06-08,28.23,180.0,right,Attack,Left Winger,Poland,Poland,16,989,4,3,273,Stade Rennais FC,2136,4500000.0,7000000.0,0.998,1.0,0.993,same_club
3296,Blaise Matuidi,FRA,2016-17,Paris Saint Germain,F M S,34,2413,4,4,4,41,27,3.684,3.684,4.458,20.972,15.155,4,0,33923,Blaise Matuidi,1987-04-09,29.4,175.0,left,Midfield,Central Midfield,France,France,34,2414,4,2,583,Paris Saint-Germain,3115,30000000.0,30000000.0,1.0,1.0,1.0,same_club
3329,Gaël Danic,FRA,2016-17,SC Bastia,F M S,29,1852,4,4,3,37,27,3.029,3.029,2.981,5.936,2.933,7,1,5457,Gaël Danic,1981-11-19,34.78,176.0,left,Attack,Left Winger,France,France,29,1835,4,3,595,SC Bastia,1835,500000.0,500000.0,0.997,1.0,0.991,same_club
3362,Rony Lopes,FRA,2016-17,Lille,F M S,25,1876,4,4,4,67,30,5.667,5.667,3.412,10.395,3.235,2,0,174694,Rony Lopes,1995-12-28,20.68,174.0,left,Attack,Right Winger,Portugal,Brazil,25,1875,4,4,1082,LOSC Lille,2055,9000000.0,8000000.0,1.0,1.0,0.999,same_club
3397,Rolando,FRA,2016-17,Marseille,D S,30,2617,4,4,0,15,4,3.592,3.592,0.149,5.752,5.643,2,0,27300,Rolando,1985-08-31,31.0,189.0,right,Defender,Centre-Back,Portugal,Cape Verde,30,2617,4,0,244,Olympique Marseille,2617,1500000.0,1500000.0,1.0,1.0,1.0,same_club
3410,Yacine Bammou,FRA,2016-17,Nantes,F M S,32,1773,4,4,1,47,21,4.087,4.087,1.658,7.403,3.819,7,0,276255,Yacine Bammou,1991-09-11,24.97,189.0,right,Attack,Centre-Forward,Morocco,France,32,1779,4,1,995,FC Nantes,1779,1500000.0,1500000.0,0.999,1.0,0.997,same_club
3479,Marcus Coco,FRA,2016-17,Guingamp,F M S,34,2648,4,4,2,35,34,3.7,3.7,2.651,10.562,5.978,6,0,353365,Marcus Coco,1996-06-24,20.19,184.0,right,Defender,Right-Back,Guadeloupe,Guadeloupe,34,2630,4,3,855,EA Guingamp,2630,800000.0,3000000.0,0.998,1.0,0.993,same_club
3512,Nolan Roux,FRA,2016-17,Saint-Etienne,F S,21,1216,4,1,1,33,10,5.487,3.207,1.055,3.863,0.833,2,0,81460,Nolan Roux,1988-03-01,28.5,182.0,right,Attack,Centre-Forward,France,France,21,1221,4,1,618,AS Saint-Étienne,1774,3000000.0,2500000.0,0.999,1.0,0.996,same_club
3513,Kévin Monnet-Paquet,FRA,2016-17,Saint-Etienne,D F M S,34,2373,4,4,4,46,40,4.921,4.921,3.994,11.223,3.943,0,0,44045,Kévin Monnet-Paquet,1988-08-19,28.04,184.0,right,Attack,Left Winger,France,France,34,2367,4,4,618,AS Saint-Étienne,3097,2500000.0,2500000.0,0.999,1.0,0.997,same_club
3515,Valentin Eysseric,FRA,2016-17,Nice,F M S,29,2088,4,4,7,41,35,2.638,2.638,4.546,11.418,7.984,4,0,126687,Valentin Eysseric,1992-03-25,24.44,181.0,right,Midfield,Attacking Midfield,France,France,29,2085,4,7,417,OGC Nice,2309,4000000.0,7000000.0,1.0,1.0,0.999,same_club
3629,Yann Jouffre,FRA,2016-17,Metz,M S,20,1256,4,2,2,17,28,2.136,0.616,1.712,3.008,2.146,1,0,12508,Yann Jouffre,1984-07-23,32.11,175.0,left,Midfield,Right Midfield,France,France,20,1248,4,2,347,FC Metz,1248,1000000.0,1000000.0,0.998,1.0,0.994,same_club
3689,Loic Perrin,FRA,2016-17,Saint-Etienne,D S,27,2245,4,4,1,22,5,3.849,3.849,0.546,5.013,5.013,1,0,22390,Loïc Perrin,1985-08-07,31.07,181.0,right,Defender,Centre-Back,France,France,27,2246,4,2,618,AS Saint-Étienne,3146,8000000.0,7500000.0,1.0,1.0,1.0,same_club
3696,Morgan Sanson,FRA,2016-17,"Marseille,Montpellier",M S,37,3105,4,4,14,62,57,8.115,8.115,7.39,21.363,10.158,3,0,174094,Morgan Sanson,1994-08-18,22.04,180.0,right,Midfield,Central Midfield,France,France,37,3104,4,14,"244,969","Olympique Marseille,Montpellier HSC",3104,5000000.0,12000000.0,1.0,1.0,1.0,same_club
3702,Nill de Pauw,FRA,2016-17,Guingamp,F M S,28,714,4,4,2,23,16,2.451,2.451,1.566,5.027,1.863,1,0,52746,Nill De Pauw,1990-01-06,26.65,180.0,right,Attack,Right Winger,DR Congo,Zaire,28,738,4,2,855,EA Guingamp,738,1250000.0,1750000.0,0.99,1.0,0.967,same_club
3799,Wesley Said,FRA,2016-17,Rennes,F M S,25,1017,4,4,0,33,7,4.089,4.089,0.501,5.329,1.466,1,0,182916,Wesley Saïd,1995-04-19,21.37,171.0,right,Attack,Second Striker,France,France,25,1023,4,0,273,Stade Rennais FC,1023,1000000.0,1500000.0,0.998,1.0,0.994,same_club
4345,Christopher Jullien,FRA,2016-17,Toulouse,D,35,3150,4,4,1,33,4,4.592,4.592,1.223,2.417,2.348,2,1,201737,Christopher Jullien,1993-03-22,23.45,196.0,right,Defender,Centre-Back,Guadeloupe,France,35,3150,4,1,415,FC Toulouse,3150,2750000.0,4500000.0,1.0,1.0,1.0,same_club
5621,Frederic Sammaritano,FRA,2016-17,Dijon,F M S,31,1904,4,3,4,48,54,5.434,3.914,4.255,7.498,1.316,3,0,80173,Frédéric Sammaritano,1986-03-23,30.44,162.0,right,Midfield,Attacking Midfield,France,France,30,1879,4,4,2969,Dijon FCO,1879,1000000.0,1000000.0,0.996,1.0,0.987,same_club
5718,Mariusz Stepinski,FRA,2016-17,Nantes,F S,21,1191,4,4,4,32,16,3.566,3.566,2.73,5.308,1.412,1,0,210363,Mariusz Stępiński,1995-05-12,21.31,183.0,right,Attack,Centre-Forward,Poland,Poland,21,1182,4,4,995,FC Nantes,1182,1500000.0,2500000.0,0.998,1.0,0.992,same_club
5740,Adama Diakhaby,FRA,2016-17,Rennes,M S,25,694,4,3,0,25,8,3.331,2.571,0.975,4.294,1.024,2,0,453594,Adama Diakhaby,1996-07-05,20.16,184.0,left,Midfield,Central Midfield,France,France,25,706,4,0,273,Stade Rennais FC,706,300000.0,1500000.0,0.995,1.0,0.983,same_club
101,Allan Saint-Maximin,FRA,2016-17,SC Bastia,F M S,33,2624,3,3,2,68,49,2.831,2.831,5.363,10.814,4.67,1,1,272642,Allan Saint-Maximin,1997-03-12,19.47,173.0,right,Attack,Left Winger,France,France,34,2663,3,2,595,SC Bastia,2663,2000000.0,3000000.0,0.996,1.0,0.985,same_club
677,Jordan Veretout,FRA,2016-17,Saint-Etienne,D M S,35,2950,3,3,4,36,54,1.967,1.967,3.715,8.759,6.001,6,0,164771,Jordan Veretout,1993-03-01,23.5,177.0,right,Midfield,Central Midfield,France,France,35,2948,3,4,618,AS Saint-Étienne,3489,8000000.0,9000000.0,1.0,1.0,0.999,same_club
2014,Jérémy Menez,FRA,2016-17,Bordeaux,F M S,26,1476,3,3,2,27,16,3.516,2.756,2.568,7.462,3.774,4,1,16993,Jérémy Ménez,1987-05-07,29.32,182.0,right,Attack,Centre-Forward,France,France,26,1473,3,2,40,FC Girondins Bordeaux,1473,9500000.0,6000000.0,0.999,1.0,0.998,same_club
2434,Michael Ciani,FRA,2016-17,Lorient,D,25,2169,3,3,0,23,2,1.776,1.776,0.077,4.919,4.83,5,0,12906,Michaël Ciani,1984-04-06,32.41,189.0,right,Defender,Centre-Back,France,France,25,2168,3,0,1158,FC Lorient,2221,800000.0,500000.0,0.997,1.0,0.989,same_club
2434,Michael Ciani,FRA,2016-17,Lorient,D,25,2169,3,3,0,23,2,1.776,1.776,0.077,4.919,4.83,5,0,12906,Michaël Ciani,1984-04-06,32.41,189.0,right,Defender,Centre-Back,France,France,25,2168,3,0,1158,FC Lorient,2221,800000.0,500000.0,1.0,1.0,1.0,same_club
2637,Younès Belhanda,FRA,2016-17,Nice,F M S,31,2544,3,3,6,34,41,2.403,2.403,2.931,13.303,8.59,8,1,118022,Younès Belhanda,1990-02-25,26.52,175.0,right,Midfield,Attacking Midfield,Morocco,France,31,2541,3,7,417,OGC Nice,2809,7500000.0,9000000.0,1.0,1.0,0.999,same_club
3259,Adam Ounas,FRA,2016-17,Bordeaux,F M S,26,1215,3,2,2,24,20,2.558,1.798,3.352,7.37,3.948,5,1,400485,Adam Ounas,1996-11-11,19.81,172.0,left,Attack,Right Winger,Algeria,France,26,1217,3,2,40,FC Girondins Bordeaux,1217,4000000.0,4000000.0,1.0,1.0,0.998,same_club
3288,Thiago Silva,FRA,2016-17,Paris Saint Germain,D,27,2386,3,3,2,22,12,3.161,3.161,2.471,12.747,12.626,1,0,29241,Thiago Silva,1984-09-22,31.94,181.0,right,Defender,Centre-Back,Brazil,Brazil,27,2385,3,2,583,Paris Saint-Germain,2970,16000000.0,12000000.0,1.0,1.0,1.0,same_club
3291,Adrien Rabiot,FRA,2016-17,Paris Saint Germain,M S,27,1931,3,3,2,21,14,1.57,1.57,0.943,13.465,11.494,2,0,182913,Adrien Rabiot,1995-04-03,21.42,191.0,left,Midfield,Central Midfield,France,France,27,1931,3,1,583,Paris Saint-Germain,2286,12000000.0,18000000.0,1.0,1.0,1.0,same_club
3297,Marquinhos,FRA,2016-17,Paris Saint Germain,D S,29,2499,3,3,0,15,8,3.087,3.087,0.403,13.711,12.599,1,0,181767,Marquinhos,1994-05-14,22.3,183.0,right,Defender,Centre-Back,Brazil,Brazil,29,2500,3,0,583,Paris Saint-Germain,3220,30000000.0,35000000.0,1.0,1.0,1.0,same_club
3326,Sadio Diallo,FRA,2016-17,SC Bastia,F M S,28,1453,3,3,3,45,19,3.521,3.521,2.207,5.283,1.69,3,0,137438,Sadio Diallo,1990-12-28,25.68,182.0,right,Midfield,Central Midfield,Guinea,Guinea,28,1422,3,3,595,SC Bastia,1422,1250000.0,2000000.0,0.994,1.0,0.979,same_club
3366,Yassine Benzia,FRA,2016-17,Lille,F M S,25,1651,3,2,3,36,33,3.505,2.744,3.067,7.004,2.049,3,0,187847,Yassine Benzia,1994-09-08,21.98,178.0,right,Midfield,Attacking Midfield,Algeria,France,25,1640,3,4,1082,LOSC Lille,1720,3000000.0,3000000.0,0.998,1.0,0.993,same_club
3403,Guillaume Gillet,FRA,2016-17,Nantes,M,38,3369,3,3,0,47,21,2.726,2.726,1.773,9.231,6.458,5,0,31952,Guillaume Gillet,1984-03-09,32.48,186.0,right,Midfield,Defensive Midfield,Belgium,Belgium,38,3369,3,0,995,FC Nantes,3369,2000000.0,1000000.0,1.0,1.0,1.0,same_club
3478,Sloan Privat,FRA,2016-17,Guingamp,F M S,20,901,3,3,1,28,6,4.534,4.534,1.404,3.355,0.159,1,0,66407,Sloan Privat,1989-07-24,27.11,186.0,right,Attack,Centre-Forward,French Guiana,French Guiana,20,885,3,1,855,EA Guingamp,885,1750000.0,1500000.0,0.995,1.0,0.982,same_club
3490,Thomas Mangani,FRA,2016-17,Angers,M S,34,2860,3,1,8,39,98,4.124,2.603,8.353,12.985,8.429,3,0,18934,Thomas Mangani,1987-04-29,29.34,183.0,left,Midfield,Central Midfield,France,France,34,2854,3,9,1420,Angers SCO,2854,2500000.0,3500000.0,0.999,1.0,0.998,same_club
3507,Vincent Pajot,FRA,2016-17,Saint-Etienne,M S,21,1370,3,3,0,17,8,2.918,2.918,0.5,3.542,1.778,2,0,126699,Vincent Pajot,1990-08-19,26.04,180.0,right,Midfield,Defensive Midfield,France,France,21,1365,3,0,618,AS Saint-Étienne,1876,2500000.0,2500000.0,0.999,1.0,0.996,same_club
3552,Marco Verratti,FRA,2016-17,Paris Saint Germain,M S,28,2162,3,3,5,12,39,1.167,1.167,5.925,21.391,18.042,6,0,102558,Marco Verratti,1992-11-05,23.82,165.0,right,Midfield,Central Midfield,Italy,Italy,28,2157,3,5,583,Paris Saint-Germain,2779,40000000.0,45000000.0,0.999,1.0,0.998,same_club
3556,Prince Oniangué,FRA,2016-17,SC Bastia,F M S,14,1129,3,3,0,21,7,2.5,2.5,0.691,1.586,0.995,2,0,60578,Prince Oniangué,1988-11-04,27.82,188.0,right,Midfield,Defensive Midfield,Congo,France,14,1125,3,0,595,SC Bastia,1125,2000000.0,2000000.0,0.999,1.0,0.996,same_club
3580,Alexandre Mendy,FRA,2016-17,Guingamp,F S,22,778,3,3,0,34,14,3.75,3.75,0.723,4.702,0.521,2,0,290561,Alexandre Mendy,1994-03-20,22.45,184.0,right,Attack,Centre-Forward,Guinea-Bissau,France,22,803,3,0,855,EA Guingamp,803,600000.0,1250000.0,0.991,1.0,0.969,same_club
3741,Paul Lasne,FRA,2016-17,Montpellier,D F M S,24,1484,3,3,2,31,28,2.168,2.168,1.609,4.721,2.21,1,0,93726,Paul Lasne,1989-01-16,27.62,186.0,left,Midfield,Defensive Midfield,France,France,24,1486,3,2,969,Montpellier HSC,1486,1500000.0,2500000.0,1.0,1.0,0.999,same_club
3749,Jonathan Bamba,FRA,2016-17,Angers,F S,16,835,3,3,2,20,14,2.007,2.007,1.403,5.232,2.086,0,0,292818,Jonathan Bamba,1996-03-26,20.44,175.0,right,Attack,Left Winger,Cote d'Ivoire,France,16,834,3,2,1420,Angers SCO,1460,600000.0,1000000.0,1.0,1.0,0.999,same_club
3772,Maxime Lopez,FRA,2016-17,Marseille,M S,30,2196,3,3,7,24,50,2.182,2.182,5.669,14.04,10.677,4,0,290862,Maxime Lopez,1997-12-04,18.74,167.0,right,Midfield,Defensive Midfield,France,France,30,2185,3,6,244,Olympique Marseille,2185,150000.0,4500000.0,0.998,1.0,0.995,same_club
3789,Mickael Le Bihan,FRA,2016-17,Nice,F S,10,294,3,3,0,10,4,2.051,2.051,0.246,2.714,0.598,0,0,139018,Mickaël Le Bihan,1990-05-16,26.3,184.0,right,Attack,Centre-Forward,France,France,10,298,3,1,417,OGC Nice,298,1500000.0,1500000.0,0.996,1.0,0.987,same_club
4403,Mehdi Abeid,FRA,2016-17,Dijon,M S,28,2374,3,3,2,44,32,2.754,2.754,3.321,7.314,4.909,8,0,111036,Mehdi Abeid,1992-08-06,24.07,178.0,right,Midfield,Central Midfield,Algeria,France,28,2376,3,2,2969,Dijon FCO,2376,1750000.0,1750000.0,1.0,1.0,0.999,same_club
5617,Cedric Varrault,FRA,2016-17,Dijon,D,32,2800,3,3,0,22,4,4.511,4.511,0.092,6.184,5.575,3,2,5543,Cédric Varrault,1980-01-30,36.59,182.0,right,Defender,Centre-Back,France,France,32,2796,3,0,2969,Dijon FCO,2796,250000.0,250000.0,1.0,1.0,0.999,same_club
5633,Youssef Ait Bennasser,FRA,2016-17,Nancy,M S,26,1938,3,3,1,24,16,1.144,1.144,1.06,3.794,2.141,3,0,265569,Youssef Aït Bennasser,1996-07-07,20.15,184.0,right,Midfield,Defensive Midfield,Morocco,France,26,1936,3,1,1159,AS Nancy-Lorraine,1936,2500000.0,3000000.0,1.0,1.0,0.999,same_club
5635,Faitout Maouassa,FRA,2016-17,Nancy,D F M S,14,1052,3,3,3,25,9,2.57,2.57,1.538,2.906,0.243,3,1,357072,Faitout Maouassa,1998-07-06,18.16,170.0,left,Defender,Left-Back,France,France,14,1044,3,3,1159,AS Nancy-Lorraine,1044,400000.0,800000.0,0.998,1.0,0.992,same_club
5637,Junior Dalé,FRA,2016-17,Nancy,F S,25,1456,3,3,4,32,18,3.998,3.998,1.044,3.35,0.428,1,0,75645,Maurice Dalé,1985-07-12,31.14,185.0,right,Attack,Centre-Forward,France,France,25,1462,3,4,1159,AS Nancy-Lorraine,1462,1000000.0,1000000.0,0.969,0.95,0.996,same_club
5656,Nicolas Pepe,FRA,2016-17,Angers,F S,33,1295,3,3,1,45,19,3.049,3.049,2.036,5.677,1.774,2,0,343052,Nicolas Pépé,1995-05-29,21.26,183.0,left,Attack,Right Winger,Cote d'Ivoire,France,33,1309,3,1,1420,Angers SCO,1309,300000.0,3000000.0,0.997,1.0,0.989,same_club
5662,Isaac Mbenza,FRA,2016-17,Montpellier,D F M S,16,954,3,3,1,20,11,2.814,2.814,0.991,4.7,1.383,0,0,260806,Isaac Mbenza,1996-03-08,20.48,188.0,right,Attack,Right Winger,Belgium,France,16,951,3,1,969,Montpellier HSC,1659,800000.0,1500000.0,0.999,1.0,0.997,same_club
5673,Simon Falette,FRA,2016-17,Metz,D,35,3089,3,3,1,23,9,1.873,1.873,0.446,2.268,1.993,7,0,170927,Simon Falette,1992-02-19,24.53,185.0,left,Defender,Centre-Back,Guinea,France,35,3091,3,2,347,FC Metz,3091,1250000.0,3000000.0,1.0,1.0,0.999,same_club
5674,Georges Mandjeck,FRA,2016-17,Metz,M S,29,2341,3,3,0,18,15,1.677,1.677,1.25,3.432,2.071,7,0,52112,Georges Mandjeck,1988-12-09,27.73,185.0,right,Midfield,Defensive Midfield,Cameroon,Cameroon,29,2339,3,0,347,FC Metz,2339,600000.0,1250000.0,1.0,1.0,0.999,same_club
5687,Firmin Ndombe Mubele,FRA,2016-17,Rennes,F M S,15,1169,3,3,0,28,11,2.68,2.68,1.625,4.919,1.438,0,0,265504,Firmin Mubele,1994-04-17,22.38,175.0,right,Attack,Centre-Forward,DR Congo,Zaire,15,1166,3,1,273,Stade Rennais FC,1166,600000.0,2500000.0,0.969,0.95,0.997,same_club
810,Stéphane Sessegnon,FRA,2016-17,Montpellier,M S,27,2318,2,2,2,46,34,1.869,1.869,3.385,10.723,6.771,4,1,37157,Stéphane Sessègnon,1984-06-01,32.25,172.0,right,Midfield,Attacking Midfield,Benin,Benin,27,2315,2,2,969,Montpellier HSC,2315,3000000.0,1000000.0,1.0,1.0,0.999,same_club
2554,Thievy,FRA,2016-17,SC Bastia,F M S,14,712,2,2,0,20,10,2.351,2.351,0.373,2.711,0.207,3,0,181477,Thievy Bifouma,1992-05-13,24.3,,right,Attack,Left Winger,Congo,France,14,708,2,0,595,SC Bastia,1935,2500000.0,1750000.0,0.968,0.95,0.994,same_club
3203,Issa Diop,FRA,2016-17,Toulouse,D,30,2700,2,2,2,10,5,0.902,0.902,0.611,3.261,3.244,9,0,272622,Issa Diop,1997-01-09,19.64,194.0,right,Defender,Centre-Back,Morocco,France,30,2700,2,2,415,FC Toulouse,2700,2500000.0,6000000.0,1.0,1.0,1.0,same_club
3208,Óscar Trejo,FRA,2016-17,Toulouse,M S,29,2334,2,2,5,26,60,1.951,1.951,4.797,5.839,3.584,4,0,30321,Óscar Trejo,1988-04-26,28.35,180.0,right,Midfield,Attacking Midfield,Argentina,Argentina,29,2322,2,5,415,FC Toulouse,2322,2250000.0,2500000.0,0.998,1.0,0.995,same_club
3230,Paul-Georges Ntep,FRA,2016-17,Rennes,F M S,15,1141,2,2,5,32,26,3.011,3.011,3.577,6.942,2.504,1,0,148955,Paul-Georges Ntep,1992-07-29,24.09,180.0,right,Attack,Left Winger,Cameroon,Cameroon,15,1132,2,5,273,Stade Rennais FC,1695,10000000.0,8000000.0,0.998,1.0,0.992,same_club
3230,Paul-Georges Ntep,FRA,2016-17,Rennes,F M S,15,1141,2,2,5,32,26,3.011,3.011,3.577,6.942,2.504,1,0,148955,Paul-Georges Ntep,1992-07-29,24.09,180.0,right,Attack,Left Winger,Cameroon,Cameroon,15,1132,2,5,273,Stade Rennais FC,1695,10000000.0,8000000.0,1.0,1.0,1.0,same_club
3276,Rachid Ghezzal,FRA,2016-17,Lyon,F M S,25,1285,2,2,2,39,21,2.816,2.816,2.552,8.875,5.032,1,1,118287,Rachid Ghezzal,1992-05-09,24.31,182.0,left,Attack,Right Winger,Algeria,France,26,1330,2,4,1041,Olympique Lyon,1794,5500000.0,8000000.0,0.99,1.0,0.966,same_club
3298,Layvin Kurzawa,FRA,2016-17,Paris Saint Germain,D,18,1529,2,2,2,24,16,2.698,2.698,2.704,9.236,6.918,3,0,126710,Layvin Kurzawa,1992-09-04,23.99,182.0,left,Defender,Left-Back,France,France,18,1528,2,3,583,Paris Saint-Germain,1973,20000000.0,22000000.0,1.0,1.0,0.999,same_club
3303,Ricardo Pereira,FRA,2016-17,Nice,D F M S,24,2059,2,2,4,19,29,1.498,1.498,3.438,9.487,5.943,2,0,215876,Ricardo Pereira,1993-10-06,22.9,175.0,right,Defender,Right-Back,Portugal,Portugal,24,2058,2,4,417,OGC Nice,2484,6000000.0,9000000.0,1.0,1.0,1.0,same_club
3305,Paul Baysse,FRA,2016-17,Nice,D S,22,1854,2,2,1,11,3,0.941,0.941,1.114,5.57,5.57,1,0,43256,Paul Baysse,1988-05-18,28.29,185.0,right,Defender,Centre-Back,France,France,22,1857,2,1,417,OGC Nice,2127,2500000.0,3500000.0,1.0,1.0,0.998,same_club
3357,Djibril Sidibe,FRA,2016-17,Monaco,D M S,29,2323,2,2,5,23,26,1.973,1.973,2.463,13.156,10.304,7,0,161869,Djibril Sidibé,1992-07-29,24.09,183.0,right,Defender,Right-Back,France,France,29,2322,2,6,162,AS Monaco,3402,10000000.0,18000000.0,1.0,1.0,1.0,same_club
3390,Rémy Cabella,FRA,2016-17,Marseille,F M S,29,1569,2,2,4,27,26,3.329,3.329,3.608,9.728,4.646,4,0,113707,Rémy Cabella,1990-03-08,26.49,172.0,right,Midfield,Attacking Midfield,France,France,29,1570,2,4,244,Olympique Marseille,1570,8000000.0,7500000.0,1.0,1.0,0.999,same_club
3422,João Moutinho,FRA,2016-17,Monaco,M S,31,1768,2,2,4,19,27,0.776,0.776,2.42,12.428,11.201,0,0,29364,João Moutinho,1986-09-08,29.98,170.0,right,Midfield,Central Midfield,Portugal,Portugal,31,1766,2,4,162,AS Monaco,2426,18000000.0,13000000.0,1.0,1.0,0.999,same_club
3429,Tiemoué Bakayoko,FRA,2016-17,Monaco,M S,32,2220,2,2,1,28,14,1.962,1.962,1.038,9.452,7.819,2,1,182618,Tiemoué Bakayoko,1994-08-17,22.04,189.0,right,Midfield,Defensive Midfield,France,France,32,2220,2,1,162,AS Monaco,3422,4500000.0,16000000.0,1.0,1.0,1.0,same_club
3463,Romain Philippoteaux,FRA,2016-17,Lorient,F M S,30,1571,2,2,1,25,15,1.994,1.994,1.849,6.537,3.326,3,0,255220,Romain Philippoteaux,1988-03-02,28.5,170.0,,Midfield,Right Midfield,France,France,30,1561,2,2,1158,FC Lorient,1561,2000000.0,2000000.0,0.998,1.0,0.994,same_club
3495,Pierrick Capelle,FRA,2016-17,Angers,D F M S,32,1748,2,2,1,32,22,2.037,2.037,1.629,5.67,2.511,4,0,214532,Pierrick Capelle,1987-04-15,29.38,181.0,left,Midfield,Central Midfield,France,France,32,1751,2,1,1420,Angers SCO,1751,800000.0,1000000.0,0.999,1.0,0.998,same_club
3527,Julien Féret,FRA,2016-17,Caen,M,35,3121,2,2,3,25,68,1.554,1.554,4.341,10.981,8.329,1,0,28328,Julien Féret,1982-07-05,34.16,187.0,right,Midfield,Attacking Midfield,France,France,35,3119,2,4,1162,SM Caen,3119,1000000.0,500000.0,1.0,1.0,0.999,same_club
3532,Herve Bazile,FRA,2016-17,Caen,F M S,19,719,2,2,3,27,18,1.93,1.93,2.843,4.084,0.496,1,0,95680,Hervé Bazile,1990-03-18,26.46,181.0,left,Attack,Left Winger,Haiti,France,19,724,2,3,1162,SM Caen,724,1500000.0,1500000.0,0.998,1.0,0.993,same_club
3549,Adrien Thomasson,FRA,2016-17,Nantes,M S,29,1936,2,2,1,34,18,3.078,3.078,1.098,6.551,3.114,5,1,215977,Adrien Thomasson,1993-12-10,22.73,175.0,right,Midfield,Central Midfield,France,France,29,1925,2,2,995,FC Nantes,1925,3000000.0,2500000.0,0.998,1.0,0.994,same_club
3581,Jemerson,FRA,2016-17,Monaco,D,34,3059,2,2,0,14,3,1.586,1.586,0.136,5.679,5.497,7,1,258254,Jemerson,1992-08-24,24.02,184.0,right,Defender,Centre-Back,Brazil,Brazil,34,3058,2,1,162,AS Monaco,4407,10000000.0,14000000.0,1.0,1.0,1.0,same_club
3670,Nicolas Pallois,FRA,2016-17,Bordeaux,D,31,2790,2,2,1,11,7,1.765,1.765,0.696,6.153,5.978,8,2,139279,Nicolas Pallois,1987-09-19,28.95,189.0,left,Defender,Centre-Back,France,France,31,2790,2,1,40,FC Girondins Bordeaux,2790,3500000.0,3500000.0,1.0,1.0,1.0,same_club
3673,Valentin Rongier,FRA,2016-17,Nantes,F M S,31,2166,2,2,1,29,22,0.895,0.895,1.543,6.864,5.362,1,0,332889,Valentin Rongier,1994-12-07,21.74,173.0,right,Midfield,Central Midfield,France,France,31,2163,2,1,995,FC Nantes,2163,800000.0,3000000.0,1.0,1.0,0.999,same_club
3695,Adama Traoré,FRA,2016-17,Monaco,M S,5,283,2,2,0,6,1,1.233,1.233,0.114,1.519,0.286,1,0,262608,Adama Traoré,1995-06-28,21.18,178.0,left,Midfield,Attacking Midfield,Mali,Mali,5,280,2,0,162,AS Monaco,416,7000000.0,3000000.0,0.997,1.0,0.989,same_club
3712,Isaac Thelin,FRA,2016-17,Bordeaux,F S,7,233,2,1,2,6,3,1.406,0.646,0.539,1.295,0.141,1,0,201311,Isaac Kiese Thelin,1992-06-24,24.19,189.0,right,Attack,Centre-Forward,Sweden,Sweden,7,235,2,2,40,FC Girondins Bordeaux,726,1250000.0,1500000.0,0.967,0.95,0.991,same_club
3740,Lucas Deaux,FRA,2016-17,Guingamp,M S,38,3091,2,2,5,20,24,2.537,2.537,2.323,11.4,8.034,4,0,57372,Lucas Deaux,1988-12-26,27.68,188.0,right,Midfield,Defensive Midfield,France,France,38,3078,2,5,855,EA Guingamp,3078,2000000.0,2500000.0,0.999,1.0,0.996,same_club
4859,Thibaut Vion,FRA,2016-17,Metz,F M S,13,529,2,2,1,12,2,1.387,1.387,0.59,1.12,0.24,2,0,188501,Thibaut Vion,1993-12-11,22.72,183.0,right,Midfield,Central Midfield,France,France,13,530,2,1,347,FC Metz,530,300000.0,600000.0,0.999,1.0,0.998,same_club
5616,Jordan Loties,FRA,2016-17,Dijon,D M S,24,2046,2,2,0,19,3,1.729,1.729,0.07,2.603,2.473,4,1,49804,Jordan Lotiès,1984-08-05,32.07,190.0,right,Defender,Centre-Back,France,France,24,2045,2,0,2969,Dijon FCO,2045,500000.0,500000.0,1.0,1.0,1.0,same_club
5638,Loic Puyo,FRA,2016-17,Nancy,F M S,22,1422,2,2,0,23,18,2.035,2.035,1.336,2.903,1.083,3,0,170916,Loïc Puyo,1988-12-19,27.7,182.0,left,Midfield,Central Midfield,France,France,22,1429,2,0,1159,AS Nancy-Lorraine,1429,600000.0,900000.0,0.999,1.0,0.995,same_club
5655,Flavien Tait,FRA,2016-17,Angers,F M S,11,436,2,2,2,7,6,0.364,0.364,1.594,2.269,1.393,1,0,202278,Flavien Tait,1993-02-02,23.58,176.0,right,Midfield,Central Midfield,France,France,11,436,2,2,1420,Angers SCO,436,300000.0,700000.0,1.0,1.0,1.0,same_club
5676,Opa Nguette,FRA,2016-17,Metz,F M S,33,2238,2,2,2,20,21,2.65,2.65,1.092,3.374,0.816,4,0,205587,Opa Nguette,1994-07-08,22.15,182.0,right,Attack,Left Winger,Senegal,France,33,2232,2,3,347,FC Metz,2232,800000.0,2000000.0,0.999,1.0,0.997,same_club
5684,Arnaud Nordin,FRA,2016-17,Saint-Etienne,D F M S,15,601,2,2,0,9,1,0.706,0.706,0.039,1.156,0.82,1,0,324811,Arnaud Nordin,1998-06-17,18.21,170.0,both,Attack,Right Winger,France,France,15,601,2,0,618,AS Saint-Étienne,722,,600000.0,1.0,1.0,1.0,same_club
5695,Alou Diarra,FRA,2016-17,Nancy,M S,18,1301,2,2,0,4,7,0.648,0.648,0.27,1.794,1.703,7,0,1327,Alou Diarra,1981-07-15,35.13,189.0,right,Midfield,Defensive Midfield,France,France,18,1297,2,0,1159,AS Nancy-Lorraine,1297,500000.0,250000.0,0.999,1.0,0.997,same_club
5705,Jimmy Durmaz,FRA,2016-17,Toulouse,M S,27,1519,2,2,1,30,20,1.824,1.824,2.476,4.717,1.882,5,0,80205,Jimmy Durmaz,1989-03-22,27.45,180.0,left,Midfield,Central Midfield,Sweden,Sweden,27,1524,2,1,415,FC Toulouse,1584,3750000.0,2000000.0,0.999,1.0,0.997,same_club
5712,Diego Carlos,FRA,2016-17,Nantes,D,34,2950,2,2,0,22,7,2.675,2.675,0.839,5.633,4.48,8,0,329145,Diego Carlos,1993-03-15,23.47,185.0,right,Defender,Centre-Back,Brazil,Brazil,34,2952,2,0,995,FC Nantes,2952,2000000.0,3500000.0,1.0,1.0,0.999,same_club
41,Pierre Bengtsson,FRA,2016-17,SC Bastia,D M S,29,2536,1,1,1,12,27,0.518,0.518,2.741,5.59,4.968,0,0,50577,Pierre Bengtsson,1988-04-12,28.39,177.0,left,Defender,Left-Back,Sweden,Sweden,30,2581,1,2,595,SC Bastia,2581,2000000.0,2000000.0,0.995,1.0,0.983,same_club
778,Henri Saivet,FRA,2016-17,Saint-Etienne,M S,27,1776,1,1,2,36,22,2.921,2.921,2.37,5.055,1.994,3,0,51540,Henri Saivet,1990-10-26,25.85,175.0,right,Midfield,Attacking Midfield,Senegal,Senegal,27,1770,1,2,618,AS Saint-Étienne,2311,5000000.0,5000000.0,0.999,1.0,0.997,same_club
1298,Patrice Evra,FRA,2016-17,Marseille,D,11,879,1,1,0,4,6,0.692,0.692,0.444,4.885,3.892,3,0,5285,Patrice Evra,1981-05-15,35.3,174.0,left,Defender,Left-Back,France,Senegal,11,873,1,0,244,Olympique Marseille,1709,1000000.0,1000000.0,0.998,1.0,0.993,same_club
1298,Patrice Evra,FRA,2016-17,Marseille,D,11,879,1,1,0,4,6,0.692,0.692,0.444,4.885,3.892,3,0,5285,Patrice Evra,1981-05-15,35.3,174.0,left,Defender,Left-Back,France,Senegal,11,873,1,0,244,Olympique Marseille,1709,1000000.0,1000000.0,0.992,1.0,0.972,same_club
1932,Sanjin Prcic,FRA,2016-17,Rennes,M S,25,1851,1,1,0,29,26,1.712,1.712,2.322,6.71,4.345,2,1,125783,Sanjin Prcic,1993-11-20,22.78,181.0,right,Midfield,Central Midfield,Bosnia-Herzegovina,France,25,1853,1,1,273,Stade Rennais FC,1853,1250000.0,1250000.0,1.0,1.0,0.999,same_club
2256,Jesé,FRA,2016-17,Paris Saint Germain,F S,9,256,1,0,0,8,4,1.333,0.573,0.255,1.927,1.209,0,0,134936,Jesé,1993-02-26,23.51,178.0,right,Attack,Left Winger,,,9,262,1,0,583,Paris Saint-Germain,1442,14000000.0,7500000.0,0.998,1.0,0.995,same_club
2256,Jesé,FRA,2016-17,Paris Saint Germain,F S,9,256,1,0,0,8,4,1.333,0.573,0.255,1.927,1.209,0,0,134936,Jesé,1993-02-26,23.51,178.0,right,Attack,Left Winger,,,9,262,1,0,583,Paris Saint-Germain,1442,14000000.0,7500000.0,0.993,1.0,0.977,same_club
2421,Doria,FRA,2016-17,Marseille,D S,23,1358,1,1,0,8,2,1.032,1.032,0.107,3.457,3.101,4,0,213841,Matheus Dória,1994-11-08,21.82,189.0,left,Defender,Centre-Back,Brazil,Brazil,23,1364,1,0,244,Olympique Marseille,1364,1500000.0,2500000.0,0.999,1.0,0.996,same_club
2621,Sergi Darder,FRA,2016-17,Lyon,M S,22,1321,1,1,2,27,24,2.588,2.588,2.137,8.35,4.59,3,0,142021,Sergi Darder,1993-12-22,22.69,180.0,right,Midfield,Central Midfield,Spain,Spain,23,1367,1,2,1041,Olympique Lyon,2012,12000000.0,11000000.0,0.99,1.0,0.966,same_club
3206,Yann Bodiger,FRA,2016-17,Toulouse,M S,29,1846,1,0,3,19,25,1.997,1.237,2.225,4.708,3.41,7,1,290533,Yann Bodiger,1995-02-09,21.56,188.0,left,Midfield,Central Midfield,France,France,29,1841,1,3,415,FC Toulouse,1841,1250000.0,4000000.0,0.999,1.0,0.997,same_club
3215,Étienne Didot,FRA,2016-17,Guingamp,M S,28,2149,1,1,1,7,36,0.299,0.299,2.291,7.894,6.714,6,0,5672,Étienne Didot,1983-07-24,33.11,175.0,right,Midfield,Central Midfield,France,France,28,2144,1,1,855,EA Guingamp,2144,500000.0,500000.0,0.999,1.0,0.998,same_club
3274,Maxime Gonalons,FRA,2016-17,Lyon,M S,29,2437,1,1,1,21,20,1.296,1.296,1.239,10.608,9.492,7,1,60542,Maxime Gonalons,1989-03-10,27.48,187.0,right,Midfield,Defensive Midfield,France,France,30,2477,1,2,1041,Olympique Lyon,3619,15000000.0,14000000.0,0.995,1.0,0.984,same_club
3275,Jordan Ferri,FRA,2016-17,Lyon,M S,27,933,1,1,2,10,19,0.934,0.934,2.776,5.808,2.463,4,0,118284,Jordan Ferri,1992-03-12,24.47,173.0,right,Midfield,Central Midfield,France,France,28,993,1,4,1041,Olympique Lyon,1326,7500000.0,6000000.0,0.982,1.0,0.94,same_club
3282,Arnold Mvuemba,FRA,2016-17,Lorient,M S,32,2782,1,1,1,30,38,1.777,1.777,2.373,11.84,9.79,5,0,20622,Arnold Mvuemba,1985-01-28,31.59,172.0,right,Midfield,Defensive Midfield,DR Congo,France,32,2780,1,1,1158,FC Lorient,2780,1000000.0,1000000.0,1.0,1.0,0.999,same_club
3299,Jean-Kevin Augustin,FRA,2016-17,Paris Saint Germain,F S,10,185,1,1,2,10,5,1.176,1.176,0.516,2.023,0.425,0,0,264956,Jean-Kévin Augustin,1997-06-16,19.21,179.0,right,Attack,Centre-Forward,France,France,10,190,1,1,583,Paris Saint-Germain,191,1500000.0,3000000.0,0.992,1.0,0.974,same_club
3300,Christopher Nkunku,FRA,2016-17,Paris Saint Germain,F M S,8,400,1,1,0,7,3,0.65,0.65,0.072,1.102,0.404,2,0,344381,Christopher Nkunku,1997-11-14,18.8,177.0,right,Attack,Centre-Forward,France,France,8,397,1,0,583,Paris Saint-Germain,418,500000.0,3000000.0,0.998,1.0,0.992,same_club
3307,Vincent Koziello,FRA,2016-17,Nice,M S,27,1676,1,1,1,5,11,0.29,0.29,0.867,6.969,6.17,4,0,290551,Vincent Koziello,1995-10-28,20.85,168.0,right,Midfield,Central Midfield,France,France,27,1670,1,1,417,OGC Nice,2070,7500000.0,11000000.0,0.999,1.0,0.996,same_club
3322,Alexander Djiku,FRA,2016-17,SC Bastia,D S,22,1758,1,1,0,16,6,1.837,1.837,0.174,3.984,2.568,2,2,250844,Alexander Djiku,1994-08-09,22.06,182.0,right,Defender,Centre-Back,Ghana,France,23,1804,1,0,595,SC Bastia,1804,600000.0,1250000.0,0.992,1.0,0.975,same_club
3325,Yannick Cahuzac,FRA,2016-17,SC Bastia,M,28,2346,1,1,0,22,11,1.274,1.274,0.312,3.985,2.922,5,4,44686,Yannick Cahuzac,1985-01-18,31.62,178.0,right,Midfield,Defensive Midfield,France,France,29,2368,1,0,595,SC Bastia,2368,1000000.0,1000000.0,0.997,1.0,0.991,same_club
3337,Hilton,FRA,2016-17,Montpellier,D,32,2811,1,1,0,22,5,1.489,1.489,0.207,5.166,4.981,2,0,4811,Hilton,1977-09-13,38.97,180.0,right,Defender,Centre-Back,Brazil,Brazil,32,2806,1,0,969,Montpellier HSC,2806,250000.0,250000.0,0.999,1.0,0.998,same_club
3338,Daniel Congré,FRA,2016-17,Montpellier,D S,24,1812,1,1,0,9,2,0.806,0.806,0.178,2.149,1.971,2,1,22386,Daniel Congré,1985-04-05,31.41,185.0,right,Defender,Centre-Back,France,France,24,1814,1,0,969,Montpellier HSC,1814,1000000.0,1000000.0,1.0,1.0,0.999,same_club
3339,Jérôme Roussillon,FRA,2016-17,Montpellier,D M S,32,2749,1,1,1,17,36,0.504,0.504,3.135,5.943,3.011,3,0,127076,Jérôme Roussillon,1993-01-06,23.65,175.0,left,Defender,Left-Back,Guadeloupe,France,32,2746,1,1,969,Montpellier HSC,2746,2500000.0,3500000.0,1.0,1.0,0.999,same_club
3347,Ellyes Skhiri,FRA,2016-17,Montpellier,D M,37,3293,1,1,1,33,22,2.897,2.897,1.568,8.351,7.57,3,0,290587,Ellyes Skhiri,1995-05-10,21.31,185.0,right,Midfield,Defensive Midfield,Tunisia,France,37,3286,1,1,969,Montpellier HSC,3286,800000.0,2000000.0,0.999,1.0,0.998,same_club
3354,Sébastien Corchia,FRA,2016-17,Lille,D M,38,3418,1,1,1,38,23,1.802,1.802,2.934,7.648,4.432,4,0,102744,Sébastien Corchia,1990-11-01,25.83,176.0,right,Defender,Right-Back,France,France,38,3418,1,4,1082,LOSC Lille,3598,5500000.0,7500000.0,1.0,1.0,1.0,same_club
3355,Renato Civelli,FRA,2016-17,Lille,D S,13,1096,1,1,0,10,2,0.604,0.604,0.525,0.699,0.699,4,0,30757,Renato Civelli,1983-10-14,32.88,193.0,right,Defender,Centre-Back,Argentina,Argentina,13,1096,1,0,1082,LOSC Lille,1276,1000000.0,1000000.0,1.0,1.0,1.0,same_club
3358,Ibrahim Amadou,FRA,2016-17,Lille,D M S,35,2957,1,1,1,16,14,1.269,1.269,0.88,5.802,4.329,4,0,205503,Ibrahim Amadou,1993-04-06,23.41,183.0,right,Midfield,Defensive Midfield,France,Cameroon,35,2956,1,1,1082,LOSC Lille,3074,2750000.0,2500000.0,1.0,1.0,1.0,same_club
3364,Morgan Amalfitano,FRA,2016-17,"Lille,Rennes",F M S,23,1131,1,1,0,14,19,0.868,0.868,1.318,3.305,1.818,0,0,39883,Morgan Amalfitano,1985-03-20,31.45,178.0,right,Midfield,Right Midfield,France,France,23,1132,1,0,"273,1082","Stade Rennais FC,LOSC Lille",1295,1500000.0,1000000.0,1.0,1.0,0.999,same_club
3370,Issiaga Sylla,FRA,2016-17,Toulouse,D M S,27,1686,1,1,1,16,19,1.72,1.72,1.432,3.748,2.239,6,0,220878,Issiaga Sylla,1994-01-01,22.67,180.0,left,Defender,Left-Back,Guinea,Guinea,27,1678,1,1,415,FC Toulouse,1678,2000000.0,3000000.0,0.999,1.0,0.995,same_club
3413,Jules Iloki,FRA,2016-17,Nantes,F M S,23,1222,1,1,4,19,16,2.29,2.29,2.214,5.522,1.383,2,0,227240,Jules Iloki,1992-01-14,24.63,172.0,right,Midfield,Right Midfield,France,France,23,1219,1,4,995,FC Nantes,1219,600000.0,1250000.0,0.999,1.0,0.998,same_club
3445,Corentin Jean,FRA,2016-17,"Monaco,Toulouse",F M S,18,1372,1,1,2,23,19,1.205,1.205,2.771,4.903,2.503,2,0,20463,Corentin Jean,1995-07-15,21.13,170.0,right,Attack,Centre-Forward,France,France,18,1368,1,5,"162,415","AS Monaco,FC Toulouse",1444,3500000.0,2500000.0,0.999,1.0,0.997,same_club
3454,Zargo Toure,FRA,2016-17,Lorient,D S,23,1883,1,1,0,15,8,0.942,0.942,0.474,4.812,4.558,5,1,81663,Zargo Touré,1989-11-11,26.81,183.0,right,Defender,Centre-Back,Senegal,Senegal,23,1887,1,0,1158,FC Lorient,1887,2000000.0,2000000.0,0.999,1.0,0.998,same_club
3464,Vincent Le Goff,FRA,2016-17,Lorient,D S,38,3335,1,1,1,10,15,0.457,0.457,0.774,8.982,8.169,5,0,120651,Vincent Le Goff,1989-10-15,26.88,177.0,left,Defender,Left-Back,France,France,38,3335,1,1,1158,FC Lorient,3335,1500000.0,1500000.0,1.0,1.0,1.0,same_club
3475,Ludovic Blas,FRA,2016-17,Guingamp,M S,24,1140,1,1,1,30,7,2.428,2.428,0.882,3.496,1.087,5,0,288225,Ludovic Blas,1997-12-31,18.67,180.0,left,Midfield,Right Midfield,France,France,24,1150,1,1,855,EA Guingamp,1150,800000.0,3000000.0,0.997,1.0,0.991,same_club
3476,Thibault Giresse,FRA,2016-17,Guingamp,M S,13,425,1,1,0,10,11,0.905,0.905,0.76,1.651,0.789,0,0,6986,Thibault Giresse,1981-05-25,35.27,172.0,left,Midfield,Left Midfield,France,France,13,428,1,0,855,EA Guingamp,428,500000.0,250000.0,0.998,1.0,0.993,same_club
3486,Vincent Manceau,FRA,2016-17,Angers,D S,33,2864,1,1,0,20,33,1.022,1.022,2.119,7.808,5.46,5,0,83132,Vincent Manceau,1989-07-10,27.15,176.0,right,Defender,Centre-Back,France,France,33,2865,1,0,1420,Angers SCO,2865,1750000.0,2000000.0,1.0,1.0,1.0,same_club
3487,Ismael Traoré,FRA,2016-17,Angers,D,32,2816,1,1,1,13,6,2.453,2.453,0.636,3.727,3.528,3,0,57216,Ismaël Traoré,1986-08-18,30.04,184.0,right,Defender,Centre-Back,Cote d'Ivoire,France,32,2812,1,1,1420,Angers SCO,2812,1500000.0,1500000.0,1.0,1.0,0.999,same_club
3488,Romain Thomas,FRA,2016-17,Angers,D,36,3208,1,1,0,9,4,1.669,1.669,0.094,3.974,3.961,5,1,57467,Romain Thomas,1988-06-12,28.22,193.0,right,Defender,Centre-Back,France,France,36,3208,1,0,1420,Angers SCO,3208,3500000.0,3500000.0,1.0,1.0,1.0,same_club
3494,Billy Ketkeophomphone,FRA,2016-17,Angers,F M S,5,292,1,1,0,12,13,0.523,0.523,1.244,0.864,0.078,1,1,134712,Billy Ketkeophomphone,1990-03-24,26.44,180.0,right,Attack,Centre-Forward,Laos,France,5,291,1,0,1420,Angers SCO,291,2750000.0,2000000.0,0.999,1.0,0.997,same_club
3497,Grégory Bourillon,FRA,2016-17,Angers,D M S,5,343,1,1,0,5,0,0.744,0.744,0.0,0.131,0.12,1,0,12386,Grégory Bourillon,1984-07-01,32.17,187.0,right,Defender,Centre-Back,France,France,5,345,1,0,1420,Angers SCO,345,1000000.0,500000.0,0.998,1.0,0.994,same_club
3505,Florentin Pogba,FRA,2016-17,Saint-Etienne,D S,17,1362,1,1,1,8,8,0.999,0.999,0.637,1.937,1.381,1,0,140497,Florentin Pogba,1990-08-19,26.04,189.0,left,Defender,Centre-Back,Guinea,Guinea,17,1364,1,1,618,AS Saint-Étienne,2343,3000000.0,4500000.0,1.0,1.0,0.999,same_club
3510,Oussama Tannane,FRA,2016-17,Saint-Etienne,F M S,17,1290,1,1,1,30,20,1.482,1.482,1.788,2.678,1.401,2,1,235540,Oussama Tannane,1994-03-23,22.44,174.0,left,Midfield,Attacking Midfield,Morocco,Morocco,17,1285,1,1,618,AS Saint-Étienne,1784,2500000.0,3000000.0,0.999,1.0,0.996,same_club
3511,Alexander Søderlund,FRA,2016-17,Saint-Etienne,F S,17,819,1,1,1,11,8,1.309,1.309,1.208,3.279,1.411,2,0,87479,Alexander Söderlund,1987-08-03,29.08,187.0,right,Attack,Centre-Forward,Norway,Norway,17,826,1,1,618,AS Saint-Étienne,954,2000000.0,2000000.0,0.981,0.973,0.992,same_club
3514,Benjamin Corgnet,FRA,2016-17,Saint-Etienne,F M S,10,389,1,1,0,12,3,1.535,1.535,0.476,2.29,0.299,1,0,154171,Benjamin Corgnet,1987-04-06,29.41,179.0,right,Midfield,Attacking Midfield,France,France,10,393,1,0,618,AS Saint-Étienne,397,2000000.0,1000000.0,0.997,1.0,0.99,same_club
3524,Alaeddine Yahia,FRA,2016-17,Caen,D S,31,2555,1,1,0,21,6,3.004,3.004,0.756,3.524,3.256,6,0,5451,Alaeddine Yahia,1981-09-26,34.93,187.0,right,Defender,Centre-Back,Tunisia,France,31,2567,1,0,1162,SM Caen,2567,500000.0,250000.0,0.999,1.0,0.995,same_club
3546,Julian Palmieri,FRA,2016-17,Lille,D M S,22,1505,1,1,2,3,16,0.392,0.392,1.806,4.876,3.36,3,1,45237,Julian Palmieri,1986-12-07,29.74,170.0,left,Defender,Left-Back,France,France,22,1510,1,2,1082,LOSC Lille,1690,2000000.0,2000000.0,0.999,1.0,0.997,same_club
3560,Renaud Cohade,FRA,2016-17,Metz,M S,33,2798,1,1,4,35,57,2.365,2.365,5.639,7.744,4.081,11,1,18955,Renaud Cohade,1984-09-29,31.92,181.0,right,Midfield,Central Midfield,France,France,33,2787,1,4,347,FC Metz,2787,1000000.0,1000000.0,0.999,1.0,0.996,same_club
3565,Marko Basa,FRA,2016-17,Lille,D,23,1958,1,1,0,7,3,0.591,0.591,0.092,2.773,2.721,0,0,17179,Marko Basa,1982-12-29,33.68,190.0,right,Defender,Centre-Back,Montenegro,Jugoslawien (SFR),23,1956,1,0,1082,LOSC Lille,2046,1000000.0,1000000.0,1.0,1.0,0.999,same_club
3566,Christophe Jallet,FRA,2016-17,Lyon,D S,13,1092,1,1,2,9,20,0.372,0.372,3.036,7.778,5.866,0,0,28335,Christophe Jallet,1983-10-31,32.84,178.0,right,Defender,Right-Back,France,France,13,1093,1,2,1041,Olympique Lyon,1659,2000000.0,1000000.0,1.0,1.0,0.999,same_club
3574,Nicolas Benezet,FRA,2016-17,Guingamp,F S,5,169,1,1,1,3,3,0.533,0.533,0.463,0.942,0.0,0,0,164230,Nicolas Benezet,1991-02-24,25.52,170.0,right,Attack,Left Winger,France,France,5,169,1,1,855,EA Guingamp,169,2000000.0,2000000.0,1.0,1.0,1.0,same_club
3590,Souleymane Camara,FRA,2016-17,Montpellier,F M S,28,1067,1,1,1,25,14,2.61,2.61,0.915,4.398,1.622,0,0,5303,Souleymane Camara,1982-12-22,33.69,174.0,right,Attack,Right Winger,Senegal,Senegal,28,1078,1,3,969,Montpellier HSC,1078,500000.0,500000.0,0.997,1.0,0.99,same_club
3618,Jérémy Sorbon,FRA,2016-17,Guingamp,D,33,2947,1,1,0,11,1,0.712,0.712,0.03,4.154,3.986,1,0,56820,Jérémy Sorbon,1983-08-05,33.08,183.0,right,Defender,Centre-Back,France,France,33,2946,1,0,855,EA Guingamp,2946,1000000.0,1000000.0,1.0,1.0,1.0,same_club
3620,Jaroslav Plasil,FRA,2016-17,Bordeaux,M S,37,2384,1,1,5,23,23,1.388,1.388,2.327,8.023,6.231,2,0,8885,Jaroslav Plasil,1982-01-05,34.66,182.0,right,Midfield,Central Midfield,Czech Republic,CSSR,37,2394,1,5,40,FC Girondins Bordeaux,2394,1000000.0,1000000.0,0.999,1.0,0.996,same_club
3626,Mexer,FRA,2016-17,Rennes,D S,23,1818,1,1,1,3,3,0.292,0.292,0.073,1.669,1.621,3,0,127610,Mexer,1988-09-08,27.98,188.0,right,Defender,Centre-Back,Mozambique,Mozambique,23,1818,1,1,273,Stade Rennais FC,1818,5000000.0,4000000.0,1.0,1.0,1.0,same_club
3634,Nabil Dirar,FRA,2016-17,Monaco,D M S,18,841,1,1,3,13,24,1.458,1.458,2.904,7.646,5.949,2,0,42267,Nabil Dirar,1986-02-25,30.52,187.0,right,Attack,Right Winger,Morocco,Morocco,18,864,1,3,162,AS Monaco,1445,2500000.0,2000000.0,0.992,1.0,0.973,same_club
3640,Aldo Kalulu,FRA,2016-17,"Lyon,Rennes",F M S,14,498,1,1,1,5,5,0.978,0.978,0.364,1.479,0.137,1,0,292822,Aldo Kalulu,1996-01-21,20.61,166.0,right,Attack,Right Winger,DR Congo,France,14,496,1,1,"273,1041","Stade Rennais FC,Olympique Lyon",534,600000.0,1000000.0,0.999,1.0,0.996,same_club
3641,Yacouba Sylla,FRA,2016-17,Montpellier,D M S,19,1073,1,1,0,6,4,0.489,0.489,0.429,2.789,1.897,3,0,160080,Yacouba Sylla,1990-11-29,25.76,184.0,right,Midfield,Defensive Midfield,Mali,France,19,1075,1,0,969,Montpellier HSC,1075,1500000.0,1750000.0,0.999,1.0,0.998,same_club
3677,Wesley Lautoa,FRA,2016-17,Lorient,D M S,21,1515,1,1,0,6,3,0.277,0.277,0.137,4.999,4.788,6,0,154199,Wesley Lautoa,1987-08-25,29.02,184.0,left,Defender,Centre-Back,Neukaledonien,France,21,1513,1,0,1158,FC Lorient,1513,2000000.0,2000000.0,1.0,1.0,0.999,same_club
3692,Franck Beria,FRA,2016-17,Lille,D S,28,2329,1,1,0,13,15,0.573,0.573,1.528,3.438,2.151,6,1,12096,Franck Béria,1983-05-23,33.28,177.0,right,Defender,Right-Back,France,France,28,2328,1,0,1082,LOSC Lille,2328,500000.0,500000.0,1.0,1.0,1.0,same_club
3694,Joris Gnagnon,FRA,2016-17,Rennes,D,27,2335,1,1,0,21,3,2.609,2.609,0.569,3.703,3.669,2,0,378954,Joris Gnagnon,1997-01-13,19.63,182.0,right,Defender,Centre-Back,France,France,27,2328,1,0,273,Stade Rennais FC,2328,300000.0,2000000.0,0.999,1.0,0.997,same_club
3697,Odsonne Edouard,FRA,2016-17,Toulouse,F S,16,554,1,1,0,11,4,1.569,1.569,0.196,2.954,1.347,0,0,344152,Odsonne Édouard,1998-01-16,18.63,187.0,right,Attack,Centre-Forward,France,French Guiana,16,561,1,0,415,FC Toulouse,561,250000.0,1500000.0,0.996,1.0,0.988,same_club
3743,Lucas Tousart,FRA,2016-17,Lyon,M S,22,1634,1,1,1,19,6,0.835,0.835,0.491,6.02,5.342,1,0,353948,Lucas Tousart,1997-04-29,19.34,184.0,right,Midfield,Central Midfield,France,France,22,1633,1,1,1041,Olympique Lyon,2287,2000000.0,5000000.0,1.0,1.0,0.999,same_club
3750,Dylan Saint-Louis,FRA,2016-17,Saint-Etienne,M,1,84,1,1,0,2,1,0.398,0.398,0.06,0.07,0.0,0,0,355370,Dylan Saint-Louis,1995-04-26,21.35,184.0,right,Attack,Right Winger,Congo,France,1,84,1,0,618,AS Saint-Étienne,129,150000.0,700000.0,1.0,1.0,1.0,same_club
3795,Adrien Hunou,FRA,2016-17,Rennes,M S,22,1129,1,1,0,27,11,2.924,2.924,0.861,5.65,2.414,2,0,203507,Adrien Hunou,1994-01-19,22.62,179.0,right,Attack,Centre-Forward,France,France,22,1133,1,0,273,Stade Rennais FC,1133,1250000.0,2000000.0,0.999,1.0,0.996,same_club
3809,Grégory Sertic,FRA,2016-17,"Bordeaux,Marseille",D M S,25,2018,1,1,0,13,10,0.956,0.956,0.617,4.068,3.698,2,0,81386,Grégory Sertic,1989-08-05,27.07,183.0,right,Midfield,Defensive Midfield,France,France,25,2019,1,0,"40,244","FC Girondins Bordeaux,Olympique Marseille",2019,4000000.0,4000000.0,1.0,1.0,1.0,same_club
4708,Christophe Mandanne,FRA,2016-17,Nancy,F S,20,918,1,1,1,12,8,1.909,1.909,0.378,1.882,0.222,2,0,23952,Christophe Mandanne,1985-02-07,31.56,172.0,right,Attack,Centre-Forward,France,France,20,926,1,1,1159,AS Nancy-Lorraine,926,1500000.0,1000000.0,0.997,1.0,0.991,same_club
4734,Guido Milan,FRA,2016-17,Metz,D S,22,1731,1,1,0,6,3,0.578,0.578,0.126,1.677,1.59,2,0,68868,Guido Milán,1987-07-03,29.17,193.0,right,Defender,Centre-Back,Argentina,Argentina,22,1730,1,0,347,FC Metz,1730,800000.0,1250000.0,1.0,1.0,0.999,same_club
4746,Rod Fanni,FRA,2016-17,Marseille,D S,28,2397,1,1,0,3,3,0.583,0.583,0.084,6.471,6.36,7,0,5477,Rod Fanni,1981-12-06,34.74,186.0,right,Defender,Right-Back,France,France,28,2395,1,0,244,Olympique Marseille,2395,500000.0,500000.0,1.0,1.0,0.999,same_club
4805,Dylan Bahamboula,FRA,2016-17,Dijon,F S,11,519,1,1,0,14,4,0.65,0.65,0.339,0.908,0.211,0,0,290928,Dylan Bahamboula,1995-05-22,21.28,192.0,right,Midfield,Attacking Midfield,Congo,France,11,518,1,0,2969,Dijon FCO,518,600000.0,800000.0,0.999,1.0,0.998,same_club
5606,Jorge,FRA,2016-17,Monaco,D S,2,91,1,1,0,4,2,0.506,0.506,0.117,0.64,0.017,0,0,345084,Jorge,1996-03-28,20.43,184.0,left,Defender,Left-Back,Brazil,Brazil,2,91,1,0,162,AS Monaco,91,2500000.0,6000000.0,1.0,1.0,1.0,same_club
5608,Naim Sliti,FRA,2016-17,Lille,F M S,16,947,1,1,1,23,30,0.982,0.982,1.956,5.15,3.306,1,0,184491,Naïm Sliti,1992-07-27,24.1,173.0,right,Attack,Left Winger,Tunisia,France,16,954,1,1,1082,LOSC Lille,954,1500000.0,1750000.0,0.998,1.0,0.993,same_club
5609,Yves Bissouma,FRA,2016-17,Lille,F M S,23,746,1,1,0,19,11,0.537,0.537,0.386,1.554,1.023,4,1,410425,Yves Bissouma,1996-08-30,20.01,182.0,right,Midfield,Defensive Midfield,Mali,Cote d'Ivoire,23,750,1,0,1082,LOSC Lille,764,,800000.0,0.998,1.0,0.995,same_club
5611,Martin Terrier,FRA,2016-17,Lille,M S,11,240,1,1,0,11,9,1.659,1.659,0.372,2.494,0.594,0,0,442891,Martin Terrier,1997-03-04,19.5,184.0,right,Attack,Left Winger,France,France,11,247,1,0,1082,LOSC Lille,247,,400000.0,0.991,1.0,0.972,same_club
5612,Anwar El Ghazi,FRA,2016-17,Lille,F M S,12,692,1,1,0,18,5,0.83,0.83,0.68,1.751,0.257,2,0,183720,Anwar El Ghazi,1995-05-03,21.33,189.0,right,Attack,Right Winger,Netherlands,Netherlands,12,692,1,0,1082,LOSC Lille,1791,7000000.0,6000000.0,1.0,1.0,1.0,same_club
5628,Joffrey Cuffaut,FRA,2016-17,Nancy,D S,30,2567,1,1,1,19,5,0.579,0.579,0.274,3.849,3.505,8,0,109720,Joffrey Cuffaut,1988-03-15,28.47,180.0,right,Defender,Right-Back,France,France,30,2570,1,1,1159,AS Nancy-Lorraine,2570,600000.0,1250000.0,1.0,1.0,0.999,same_club
5629,Modou Diagne,FRA,2016-17,Nancy,D S,22,1847,1,1,0,11,4,1.476,1.476,0.478,1.155,1.074,1,1,256902,Modou Diagne,1994-01-03,22.66,188.0,right,Defender,Centre-Back,Senegal,Senegal,22,1846,1,0,1159,AS Nancy-Lorraine,1846,700000.0,1250000.0,1.0,1.0,0.999,same_club
5631,Tobias Badila,FRA,2016-17,Nancy,D M S,26,2248,1,1,0,14,8,1.689,1.689,0.756,3.413,2.681,7,0,205497,Tobias Badila,1993-05-12,23.31,181.0,left,Defender,Left-Back,Congo,France,26,2251,1,0,1159,AS Nancy-Lorraine,2251,300000.0,500000.0,1.0,1.0,0.999,same_club
5632,Julien Cetout,FRA,2016-17,Nancy,D M S,28,2335,1,1,2,18,23,0.698,0.698,2.378,3.387,2.549,3,0,77348,Julien Cétout,1988-01-02,28.67,181.0,right,Defender,Right-Back,France,France,28,2335,1,2,1159,AS Nancy-Lorraine,2335,1250000.0,1500000.0,1.0,1.0,1.0,same_club
5636,Anthony Koura,FRA,2016-17,Nancy,F M S,15,764,1,1,0,14,2,1.089,1.089,0.073,1.217,0.271,1,0,127098,Anthony Koura,1993-05-06,23.32,173.0,right,Attack,Centre-Forward,Burkina Faso,France,15,764,1,0,1159,AS Nancy-Lorraine,764,1250000.0,1250000.0,1.0,1.0,1.0,same_club
5644,Jérémie Aliadière,FRA,2016-17,Lorient,F S,13,484,1,1,1,14,3,1.725,1.725,0.097,1.816,0.076,0,0,3266,Jérémie Aliadière,1983-03-30,33.43,183.0,right,Attack,Centre-Forward,France,France,13,488,1,1,1158,FC Lorient,488,1300000.0,500000.0,0.998,1.0,0.992,same_club
5647,Arnaud Souquet,FRA,2016-17,Nice,D M,26,2340,1,1,5,17,13,1.147,1.147,2.654,11.057,8.672,3,0,111058,Arnaud Souquet,1992-02-12,24.55,179.0,right,Defender,Right-Back,France,France,26,2340,1,5,417,OGC Nice,2594,700000.0,3500000.0,1.0,1.0,1.0,same_club
5648,Malang Sarr,FRA,2016-17,Nice,D S,27,2211,1,1,1,5,6,0.669,0.669,0.822,7.072,6.749,4,0,344596,Malang Sarr,1999-01-23,17.61,183.0,left,Defender,Centre-Back,France,France,27,2209,1,1,417,OGC Nice,2569,,4000000.0,1.0,1.0,0.999,same_club
5661,Jonathan Ikone,FRA,2016-17,"Montpellier,Paris Saint Germain",F M S,18,803,1,1,1,27,11,2.249,2.249,1.239,3.48,0.63,1,0,324690,Jonathan Ikoné,1998-05-02,18.34,175.0,left,Attack,Right Winger,France,France,18,804,1,1,"583,969","Paris Saint-Germain,Montpellier HSC",806,250000.0,700000.0,1.0,1.0,0.999,same_club
5666,Mouctar Diakhaby,FRA,2016-17,Lyon,D,22,1929,1,1,0,23,3,2.623,2.623,0.205,4.353,4.27,5,0,346289,Mouctar Diakhaby,1996-12-19,19.7,192.0,right,Defender,Centre-Back,Guinea,France,22,1930,1,2,1041,Olympique Lyon,2950,,2500000.0,1.0,1.0,0.999,same_club
5667,Igor Lewczuk,FRA,2016-17,Bordeaux,D,25,2116,1,1,0,11,2,0.799,0.799,0.327,1.888,1.819,3,0,63265,Igor Lewczuk,1985-05-30,31.26,189.0,right,Defender,Centre-Back,Poland,Poland,25,2114,1,1,40,FC Girondins Bordeaux,2654,750000.0,1000000.0,1.0,1.0,0.999,same_club
5680,Thomas Meunier,FRA,2016-17,Paris Saint Germain,D S,22,1684,1,1,4,21,24,1.215,1.215,3.635,13.065,9.917,3,0,100986,Thomas Meunier,1991-09-12,24.97,190.0,right,Defender,Right-Back,Belgium,Belgium,22,1692,1,4,583,Paris Saint-Germain,2160,6000000.0,9000000.0,0.999,1.0,0.995,same_club
5693,Yohann Riviere,FRA,2016-17,Dijon,F S,14,139,1,1,1,7,4,1.074,1.074,0.664,0.679,0.202,2,0,15788,Yohann Rivière,1984-08-18,32.04,186.0,right,Attack,Centre-Forward,France,France,14,141,1,1,2969,Dijon FCO,141,250000.0,250000.0,0.996,1.0,0.986,same_club
5697,Benoit Pedretti,FRA,2016-17,Nancy,M S,26,1867,1,1,2,20,50,0.912,0.912,3.59,4.817,3.502,7,1,5406,Benoît Pedretti,1980-11-12,35.8,178.0,right,Midfield,Defensive Midfield,France,France,26,1871,1,2,1159,AS Nancy-Lorraine,1871,250000.0,250000.0,0.999,1.0,0.998,same_club
5703,Pape Sane,FRA,2016-17,Caen,F S,13,324,1,1,0,6,2,0.709,0.709,0.039,1.08,0.928,0,0,182312,Pape Sané,1991-12-30,24.67,187.0,left,Attack,Centre-Forward,Senegal,Senegal,13,332,1,0,1162,SM Caen,332,1000000.0,1000000.0,0.993,1.0,0.976,same_club
5704,Xeka,FRA,2016-17,Lille,M,13,1128,1,1,2,18,10,0.636,0.636,0.597,3.279,2.361,2,0,290256,Xeka,1994-11-10,21.81,185.0,both,Midfield,Central Midfield,Portugal,Portugal,13,1128,1,2,1082,LOSC Lille,2225,200000.0,1250000.0,1.0,1.0,1.0,same_club
5713,Lucas Lima,FRA,2016-17,Nantes,D,38,3382,1,0,2,22,65,2.375,0.855,6.624,8.034,5.808,4,1,182323,Lucas Lima,1991-10-10,24.9,179.0,left,Defender,Left-Back,Brazil,Brazil,38,3382,1,2,995,FC Nantes,3382,1000000.0,1750000.0,1.0,1.0,1.0,same_club
5716,Felipe Pardo,FRA,2016-17,Nantes,M S,13,576,1,1,0,10,6,1.007,1.007,0.197,2.352,1.331,3,0,76924,Felipe Pardo,1990-08-17,26.04,178.0,right,Attack,Right Winger,Colombia,Colombia,13,584,1,0,995,FC Nantes,1258,6000000.0,5000000.0,0.996,1.0,0.986,same_club
5717,Amine Harit,FRA,2016-17,Nantes,M S,30,2184,1,1,2,31,35,2.208,2.208,2.044,8.717,5.664,4,1,372711,Amine Harit,1997-06-18,19.21,180.0,right,Attack,Left Winger,Morocco,France,30,2184,1,1,995,FC Nantes,2184,400000.0,2000000.0,1.0,1.0,1.0,same_club
5721,Alexis Busin,FRA,2016-17,Nancy,F M S,6,234,1,1,0,6,4,0.725,0.725,0.662,1.453,0.067,0,0,270646,Alexis Busin,1995-09-07,20.99,176.0,right,Attack,Right Winger,France,France,6,238,1,0,1159,AS Nancy-Lorraine,238,700000.0,700000.0,0.995,1.0,0.983,same_club
5723,Emanuel Mammana,FRA,2016-17,Lyon,D,17,1514,1,1,0,11,3,0.741,0.741,0.184,3.685,3.611,3,0,275512,Emanuel Mammana,1996-02-10,20.56,184.0,right,Defender,Centre-Back,Argentina,Argentina,17,1514,1,0,1041,Olympique Lyon,1933,7500000.0,7000000.0,1.0,1.0,1.0,same_club
5725,Jordan Marié,FRA,2016-17,Dijon,M S,24,1432,1,1,1,15,12,0.43,0.43,0.834,3.875,2.963,3,1,231025,Jordan Marié,1991-09-29,24.93,177.0,right,Midfield,Central Midfield,France,France,24,1432,1,1,2969,Dijon FCO,1432,600000.0,1250000.0,1.0,1.0,1.0,same_club
5731,Mateo Pavlovic,FRA,2016-17,Angers,D F S,12,855,1,1,0,5,6,1.041,1.041,0.209,1.965,1.74,2,1,69436,Mateo Pavlovic,1990-06-09,26.23,198.0,right,Defender,Centre-Back,Croatia,Jugoslawien (SFR),12,853,1,0,1420,Angers SCO,853,250000.0,600000.0,0.999,1.0,0.998,same_club
5741,Jorginho,FRA,2016-17,Saint-Etienne,M S,5,262,1,1,1,2,2,1.032,1.032,0.546,1.406,0.414,0,1,277111,Jorginho,1995-09-21,20.95,171.0,right,Attack,Left Winger,Guinea-Bissau,Guinea-Bissau,5,258,1,1,618,AS Saint-Étienne,1259,150000.0,1500000.0,0.995,1.0,0.985,same_club
5762,Pierre-Yves Hamel,FRA,2016-17,Lorient,S,3,32,1,1,0,2,0,0.158,0.158,0.0,0.158,0.097,0,0,203504,Pierre-Yves Hamel,1994-02-03,22.58,189.0,right,Attack,Centre-Forward,France,France,3,33,1,0,1158,FC Lorient,33,,200000.0,0.997,1.0,0.989,same_club
5769,Habib Diallo,FRA,2016-17,Metz,F M S,19,809,1,1,0,21,7,2.084,2.084,0.342,2.226,0.552,0,0,344888,Habib Diallo,1995-06-18,21.21,186.0,right,Attack,Centre-Forward,Senegal,Senegal,19,823,1,2,347,FC Metz,823,800000.0,1500000.0,0.995,1.0,0.983,same_club
5776,Nicolaj Thomsen,FRA,2016-17,Nantes,F M S,13,745,1,1,0,9,9,0.966,0.966,0.296,1.984,0.797,1,0,201497,Nicolaj Thomsen,1993-05-08,23.32,180.0,right,Midfield,Central Midfield,Denmark,Denmark,13,745,1,0,995,FC Nantes,745,1500000.0,1500000.0,1.0,1.0,1.0,same_club
92,Hiroki Sakai,FRA,2016-17,Marseille,D M S,35,3011,0,0,2,3,28,0.295,0.295,3.704,12.472,10.538,6,0,83002,Hiroki Sakai,1990-04-12,26.39,185.0,right,Defender,Right-Back,Japan,Japan,35,2983,0,2,244,Olympique Marseille,2983,2000000.0,2500000.0,0.997,1.0,0.991,same_club
148,Dante,FRA,2016-17,Nice,D,33,2970,0,0,3,5,6,0.356,0.356,1.052,7.769,7.491,5,0,16136,Dante,1983-10-18,32.87,188.0,left,Defender,Centre-Back,Brazil,Brazil,33,2970,0,3,417,OGC Nice,3420,2000000.0,2000000.0,1.0,1.0,1.0,same_club
1564,Ricardo Kishna,FRA,2016-17,Lille,F M S,11,503,0,0,0,6,11,0.287,0.287,0.638,2.183,1.39,0,0,159026,Ricardo Kishna,1995-01-04,21.66,187.0,left,Attack,Left Winger,Netherlands,Netherlands,11,501,0,0,1082,LOSC Lille,660,3800000.0,3000000.0,0.999,1.0,0.996,same_club
1564,Ricardo Kishna,FRA,2016-17,Lille,F M S,11,503,0,0,0,6,11,0.287,0.287,0.638,2.183,1.39,0,0,159026,Ricardo Kishna,1995-01-04,21.66,187.0,left,Attack,Left Winger,Netherlands,Netherlands,11,501,0,0,1082,LOSC Lille,660,3800000.0,3000000.0,1.0,1.0,1.0,same_club
1633,Issa Cissokho,FRA,2016-17,Angers,D,13,1160,0,0,2,5,7,0.139,0.139,0.685,2.574,2.182,2,1,183494,Issa Cissokho,1985-02-23,31.52,173.0,right,Defender,Right-Back,Senegal,France,13,1159,0,2,1420,Angers SCO,1159,500000.0,500000.0,1.0,1.0,0.999,same_club
1676,David Luiz,FRA,2016-17,Paris Saint Germain,D,3,245,0,0,0,3,1,0.542,0.542,0.026,1.685,1.685,1,0,46741,David Luiz,1987-04-22,29.36,189.0,right,Defender,Centre-Back,Brazil,Brazil,3,242,0,0,583,Paris Saint-Germain,3544,28000000.0,30000000.0,1.0,1.0,0.999,same_club
1676,David Luiz,FRA,2016-17,Paris Saint Germain,D,3,245,0,0,0,3,1,0.542,0.542,0.026,1.685,1.685,1,0,46741,David Luiz,1987-04-22,29.36,189.0,right,Defender,Centre-Back,Brazil,Brazil,3,242,0,0,583,Paris Saint-Germain,3544,28000000.0,30000000.0,0.996,1.0,0.988,same_club
1720,Didier Ndong,FRA,2016-17,Lorient,M,2,119,0,0,0,1,1,0.021,0.021,0.015,0.838,0.803,0,1,210081,Didier Ndong,1994-06-17,22.21,179.0,right,Midfield,Central Midfield,Gabon,Gabon,2,120,0,0,1158,FC Lorient,2639,5000000.0,10000000.0,1.0,1.0,1.0,same_club
1720,Didier Ndong,FRA,2016-17,Lorient,M,2,119,0,0,0,1,1,0.021,0.021,0.015,0.838,0.803,0,1,210081,Didier Ndong,1994-06-17,22.21,179.0,right,Midfield,Central Midfield,Gabon,Gabon,2,120,0,0,1158,FC Lorient,2639,5000000.0,10000000.0,0.997,1.0,0.992,same_club
1825,Morgan De Sanctis,FRA,2016-17,Monaco,GK,1,90,0,0,0,0,0,0.0,0.0,0.0,0.014,0.014,0,0,5880,Morgan De Sanctis,1977-03-26,39.44,190.0,right,Goalkeeper,Goalkeeper,Italy,Italy,1,90,0,0,162,AS Monaco,193,500000.0,250000.0,1.0,1.0,1.0,same_club
1876,Milan Bisevac,FRA,2016-17,Metz,D,21,1836,0,0,0,5,0,0.369,0.369,0.0,0.931,0.64,4,1,24661,Milan Bisevac,1983-08-31,33.0,185.0,right,Defender,Centre-Back,Serbia,Jugoslawien (SFR),21,1835,0,0,347,FC Metz,1835,1500000.0,500000.0,1.0,1.0,0.999,same_club
1944,William Vainqueur,FRA,2016-17,Marseille,M,29,2552,0,0,1,29,17,1.714,1.714,0.555,11.597,10.364,6,0,47893,William Vainqueur,1988-11-19,27.78,179.0,right,Midfield,Defensive Midfield,France,France,29,2550,0,1,244,Olympique Marseille,2550,4500000.0,5500000.0,1.0,1.0,0.999,same_club
2047,Abdelhamid El Kaoutari,FRA,2016-17,SC Bastia,D S,17,1276,0,0,0,1,0,0.2,0.2,0.0,0.302,0.302,0,1,74615,Abdelhamid El Kaoutari,1990-03-17,26.46,180.0,left,Defender,Centre-Back,Morocco,France,18,1307,0,0,595,SC Bastia,1307,2500000.0,2000000.0,0.993,1.0,0.976,same_club
2310,Alphonse Areola,FRA,2016-17,Paris Saint Germain,GK S,15,1296,0,0,0,0,0,0.0,0.0,0.0,2.233,2.233,0,0,120629,Alphonse Areola,1993-02-27,23.51,195.0,right,Goalkeeper,Goalkeeper,France,France,15,1296,0,0,583,Paris Saint-Germain,1836,8000000.0,10000000.0,1.0,1.0,1.0,same_club
2414,Grzegorz Krychowiak,FRA,2016-17,Paris Saint Germain,M S,11,658,0,0,0,5,3,0.476,0.476,0.121,4.252,3.84,2,0,45184,Grzegorz Krychowiak,1990-01-29,26.59,187.0,right,Midfield,Defensive Midfield,Poland,Poland,11,657,0,0,583,Paris Saint-Germain,866,30000000.0,25000000.0,1.0,1.0,0.998,same_club
2856,Maciej Rybus,FRA,2016-17,Lyon,D F M S,18,1148,0,0,1,13,12,0.803,0.803,0.85,4.588,3.725,1,0,59597,Maciej Rybus,1989-08-19,27.04,174.0,left,Defender,Left-Back,Poland,Poland,19,1191,0,1,1041,Olympique Lyon,1550,5000000.0,3500000.0,0.989,1.0,0.964,same_club
3022,Tomas Hubocan,FRA,2016-17,Marseille,D S,13,995,0,0,0,4,1,0.161,0.161,0.026,1.749,1.71,4,0,63252,Tomas Hubocan,1985-09-17,30.96,184.0,right,Defender,Centre-Back,Slovakia,CSSR,13,996,0,0,244,Olympique Marseille,996,4500000.0,1500000.0,1.0,1.0,0.999,same_club
3201,Alban Lafont,FRA,2016-17,Toulouse,GK,36,3240,0,0,0,0,1,0.0,0.0,0.019,1.625,1.606,5,0,357117,Alban Lafont,1999-01-23,17.61,196.0,right,Goalkeeper,Goalkeeper,Cote d'Ivoire,Burkina Faso,36,3240,0,0,415,FC Toulouse,3240,2500000.0,8000000.0,1.0,1.0,1.0,same_club
3202,Somália,FRA,2016-17,Toulouse,D M S,28,1783,0,0,1,12,10,0.406,0.406,0.361,1.784,1.231,2,1,148754,Somália,1988-09-28,27.93,181.0,both,Midfield,Central Midfield,Brazil,Brazil,28,1782,0,1,415,FC Toulouse,1782,1500000.0,2000000.0,1.0,1.0,0.999,same_club
3205,François Moubandje,FRA,2016-17,Toulouse,D,34,3040,0,0,1,7,19,0.149,0.149,1.285,4.676,4.42,4,0,123021,François Moubandje,1990-06-21,26.2,180.0,left,Defender,Left-Back,Switzerland,Cameroon,34,3038,0,1,415,FC Toulouse,3038,1500000.0,2500000.0,1.0,1.0,0.999,same_club
3207,Alexis Blin,FRA,2016-17,Toulouse,M,26,2156,0,0,0,13,8,0.408,0.408,0.287,3.364,2.997,4,1,236041,Alexis Blin,1996-09-16,19.96,186.0,right,Midfield,Defensive Midfield,France,France,26,2154,0,0,415,FC Toulouse,2154,1250000.0,6000000.0,1.0,1.0,0.999,same_club
3209,Jean-Daniel Akpa-Akpro,FRA,2016-17,Toulouse,S,2,71,0,0,0,0,0,0.0,0.0,0.0,0.058,0.058,1,0,170481,Jean-Daniel Akpa Akpro,1992-10-11,23.89,180.0,right,Midfield,Central Midfield,Cote d'Ivoire,France,2,71,0,0,415,FC Toulouse,71,3000000.0,1500000.0,1.0,1.0,1.0,same_club
3212,Zinedine Machach,FRA,2016-17,Marseille,M S,10,419,0,0,0,6,4,0.126,0.126,0.297,1.04,0.73,3,1,146143,Zinédine Machach,1996-01-05,20.66,185.0,right,Midfield,Attacking Midfield,France,France,10,416,0,0,244,Olympique Marseille,416,800000.0,1250000.0,0.998,1.0,0.993,same_club
3214,Steeve Yago,FRA,2016-17,Toulouse,D S,22,1863,0,0,0,1,4,0.039,0.039,0.192,1.283,1.145,13,0,170903,Steeve Yago,1992-12-16,23.71,178.0,right,Defender,Right-Back,Burkina Faso,France,22,1862,0,1,415,FC Toulouse,1862,1250000.0,2000000.0,1.0,1.0,0.999,same_club
3216,Marcel Tisserand,FRA,2016-17,Monaco,D,1,90,0,0,0,1,0,0.1,0.1,0.0,0.1,0.1,1,0,170463,Marcel Tisserand,1993-01-10,23.64,190.0,right,Defender,Centre-Back,DR Congo,France,1,90,0,0,162,AS Monaco,2479,2000000.0,3000000.0,1.0,1.0,1.0,same_club
3216,Marcel Tisserand,FRA,2016-17,Monaco,D,1,90,0,0,0,1,0,0.1,0.1,0.0,0.1,0.1,1,0,170463,Marcel Tisserand,1993-01-10,23.64,190.0,right,Defender,Centre-Back,DR Congo,France,1,90,0,0,162,AS Monaco,2479,2000000.0,3000000.0,1.0,1.0,1.0,same_club
3217,Mauro Goicoechea,FRA,2016-17,Toulouse,GK,2,180,0,0,0,0,0,0.0,0.0,0.0,0.048,0.048,0,0,72578,Mauro Goicoechea,1988-03-27,28.43,186.0,right,Goalkeeper,Goalkeeper,Uruguay,Uruguay,2,180,0,0,415,FC Toulouse,180,1000000.0,800000.0,1.0,1.0,1.0,same_club
3218,Benoit Costil,FRA,2016-17,Rennes,GK,38,3420,0,0,1,0,1,0.0,0.0,0.02,2.169,2.169,1,0,22628,Benoît Costil,1987-07-03,29.17,188.0,right,Goalkeeper,Goalkeeper,France,France,38,3420,0,1,273,Stade Rennais FC,3420,7500000.0,7500000.0,1.0,1.0,1.0,same_club
3219,Romain Danze,FRA,2016-17,Rennes,D S,35,3090,0,0,2,7,25,0.616,0.616,1.144,6.388,5.506,2,0,39906,Romain Danzé,1986-07-03,30.17,184.0,right,Defender,Right-Back,France,France,35,3091,0,2,273,Stade Rennais FC,3091,2000000.0,2000000.0,1.0,1.0,1.0,same_club
3220,Sylvain Armand,FRA,2016-17,Rennes,S,1,66,0,0,0,0,0,0.0,0.0,0.0,0.021,0.021,0,0,3525,Sylvain Armand,1980-08-01,36.08,182.0,left,Defender,Left-Back,France,France,1,65,0,0,273,Stade Rennais FC,65,500000.0,250000.0,0.997,1.0,0.989,same_club
3221,Pedro Mendes,FRA,2016-17,Rennes,D,19,1670,0,0,0,7,2,0.239,0.239,0.068,3.01,2.841,7,0,72857,Pedro Mendes,1990-10-01,25.92,186.0,right,Defender,Centre-Back,Portugal,Switzerland,19,1667,0,0,273,Stade Rennais FC,1667,2000000.0,3000000.0,0.999,1.0,0.998,same_club
3222,Cheikh M&#039;Bengue,FRA,2016-17,Saint-Etienne,D M,15,1183,0,0,1,3,9,0.155,0.155,0.83,2.874,2.117,4,0,56795,Cheikh M'Bengue,1988-07-23,28.11,183.0,left,Defender,Left-Back,Senegal,France,15,1183,0,1,618,AS Saint-Étienne,1363,2000000.0,2000000.0,0.97,0.95,1.0,same_club
3223,Benjamin André,FRA,2016-17,Rennes,M,36,3222,0,0,3,25,39,2.261,2.261,2.268,11.48,8.008,6,0,84301,Benjamin André,1990-08-03,26.08,180.0,right,Midfield,Defensive Midfield,France,France,36,3219,0,3,273,Stade Rennais FC,3219,2500000.0,4000000.0,1.0,1.0,0.999,same_club
3224,Gelson Fernandes,FRA,2016-17,Rennes,M S,27,1844,0,0,0,3,7,0.102,0.102,0.164,3.067,2.899,7,0,20081,Gelson Fernandes,1986-09-02,30.0,180.0,right,Midfield,Defensive Midfield,Switzerland,Cape Verde,27,1838,0,0,273,Stade Rennais FC,1838,3000000.0,2500000.0,0.999,1.0,0.997,same_club
3225,Pedro Henrique,FRA,2016-17,Rennes,M S,13,331,0,0,1,8,2,0.613,0.613,0.486,1.039,0.12,3,0,213368,Pedro Henrique,1990-06-16,26.21,179.0,right,Attack,Right Winger,Brazil,Brazil,13,326,0,1,273,Stade Rennais FC,1184,2500000.0,3000000.0,0.995,1.0,0.985,same_club
3227,Ludovic Baal,FRA,2016-17,Rennes,D M,33,2883,0,0,5,6,27,0.396,0.396,2.928,9.027,7.264,3,1,39913,Ludovic Baal,1986-05-24,30.28,176.0,left,Defender,Left-Back,French Guiana,French Guiana,33,2882,0,5,273,Stade Rennais FC,2882,1500000.0,1500000.0,1.0,1.0,1.0,same_club
3233,Mehdi Zeffane,FRA,2016-17,Rennes,M,1,75,0,0,0,1,1,0.031,0.031,0.092,0.049,0.049,0,0,118303,Mehdi Zeffane,1992-05-19,24.29,176.0,right,Defender,Right-Back,Algeria,France,1,75,0,0,273,Stade Rennais FC,75,1250000.0,1000000.0,1.0,1.0,1.0,same_club
3253,Frederic Guilbert,FRA,2016-17,"Bordeaux,Caen",D M S,26,2264,0,0,1,15,11,1.138,1.138,1.202,6.714,4.871,4,0,354352,Frédéric Guilbert,1994-12-24,21.69,178.0,right,Defender,Right-Back,France,France,26,2265,0,1,"40,1162","FC Girondins Bordeaux,SM Caen",2265,2000000.0,2500000.0,1.0,1.0,1.0,same_club
3255,Diego Contento,FRA,2016-17,Bordeaux,D S,25,2104,0,0,1,13,10,0.715,0.715,0.962,7.23,6.235,3,0,39717,Diego Contento,1990-05-01,26.34,177.0,left,Defender,Left-Back,Germany,Germany,25,2104,0,1,40,FC Girondins Bordeaux,2104,2250000.0,2000000.0,1.0,1.0,1.0,same_club
3258,Clément Chantôme,FRA,2016-17,Rennes,M S,7,339,0,0,0,0,0,0.0,0.0,0.0,0.34,0.34,1,0,43458,Clément Chantôme,1987-09-11,28.97,180.0,right,Midfield,Defensive Midfield,France,France,7,338,0,0,273,Stade Rennais FC,338,3000000.0,2000000.0,0.999,1.0,0.997,same_club
3263,Thomas Touré,FRA,2016-17,Bordeaux,M S,6,374,0,0,1,5,8,0.427,0.427,0.385,1.257,1.03,2,0,187392,Thomas Touré,1993-12-27,22.68,175.0,right,Attack,Left Winger,Cote d'Ivoire,France,6,369,0,1,40,FC Girondins Bordeaux,369,1500000.0,1500000.0,0.996,1.0,0.987,same_club
3264,Mauro Arambarri,FRA,2016-17,Bordeaux,S,4,29,0,0,1,0,2,0.0,0.0,0.072,0.072,0.048,0,0,290249,Mauro Arambarri,1995-09-30,20.92,175.0,right,Midfield,Central Midfield,Uruguay,Uruguay,4,35,0,1,40,FC Girondins Bordeaux,35,2250000.0,1250000.0,0.98,1.0,0.933,same_club
3268,Abdou Traoré,FRA,2016-17,Bordeaux,S,6,80,0,0,0,1,1,0.063,0.063,0.074,0.807,0.67,0,0,66415,Abdou Traoré,1988-01-17,28.62,180.0,right,Midfield,Central Midfield,Mali,Mali,6,89,0,0,40,FC Girondins Bordeaux,89,800000.0,600000.0,0.97,1.0,0.9,same_club
3269,Anthony Lopes,FRA,2016-17,Lyon,GK,36,3240,0,0,1,0,3,0.0,0.0,0.387,5.844,5.457,0,0,60561,Anthony Lopes,1990-10-01,25.92,184.0,left,Goalkeeper,Goalkeeper,Portugal,France,37,3285,0,1,1041,Olympique Lyon,4665,13000000.0,14000000.0,0.996,1.0,0.986,same_club
3270,Rafael,FRA,2016-17,Lyon,D S,26,2062,0,0,3,16,14,0.472,0.472,3.583,7.486,6.75,6,1,61892,Rafael,1990-07-09,26.15,172.0,right,Defender,Right-Back,Brazil,Brazil,27,2106,0,3,1041,Olympique Lyon,2921,5000000.0,5000000.0,0.994,1.0,0.979,same_club
3271,Jérémy Morel,FRA,2016-17,Lyon,D,29,2549,0,0,4,5,18,0.083,0.083,2.266,8.51,7.081,3,0,23960,Jérémy Morel,1984-04-02,32.42,172.0,left,Defender,Centre-Back,Madagascar,France,29,2543,0,4,1041,Olympique Lyon,3728,1000000.0,1000000.0,0.999,1.0,0.998,same_club
3272,Mapou Yanga-Mbiwa,FRA,2016-17,Lyon,D S,24,2043,0,0,0,6,0,1.106,1.106,0.0,8.392,8.392,7,0,57480,Mapou Yanga-Mbiwa,1989-05-15,27.3,184.0,right,Defender,Centre-Back,France,Central African Republic,25,2086,0,0,1041,Olympique Lyon,2700,6000000.0,6500000.0,0.994,1.0,0.979,same_club
3273,Henri Bedimo,FRA,2016-17,Marseille,D M S,16,1170,0,0,0,2,5,0.03,0.03,0.673,2.465,2.226,2,0,6803,Henri Bedimo,1984-06-04,32.24,180.0,left,Defender,Left-Back,Cameroon,Cameroon,16,1173,0,0,244,Olympique Marseille,1173,1500000.0,1000000.0,0.999,1.0,0.997,same_club
3281,Olivier Kemen,FRA,2016-17,Lyon,S,2,59,0,0,0,1,1,0.011,0.011,0.044,0.085,0.074,0,0,243725,Olivier Kemen,1996-07-20,20.12,179.0,right,Midfield,Central Midfield,Cameroon,Cameroon,2,58,0,0,1041,Olympique Lyon,58,800000.0,1250000.0,0.997,1.0,0.989,same_club
3283,Mathieu Gorgelin,FRA,2016-17,Lyon,GK,1,90,0,0,0,0,0,0.0,0.0,0.0,0.164,0.164,0,0,60543,Mathieu Gorgelin,1990-08-05,26.08,187.0,left,Goalkeeper,Goalkeeper,France,France,1,90,0,0,1041,Olympique Lyon,90,400000.0,400000.0,1.0,1.0,1.0,same_club
3286,Kevin Trapp,FRA,2016-17,Paris Saint Germain,GK,24,2124,0,0,0,0,0,0.0,0.0,0.0,7.304,7.304,0,0,45672,Kevin Trapp,1990-07-08,26.15,189.0,right,Goalkeeper,Goalkeeper,Germany,Germany,24,2124,0,0,583,Paris Saint-Germain,2394,12000000.0,10000000.0,1.0,1.0,1.0,same_club
3289,Maxwell,FRA,2016-17,Paris Saint Germain,D S,20,1714,0,0,6,4,20,0.139,0.139,4.809,12.834,10.873,0,0,4317,Maxwell,1981-08-27,35.01,176.0,left,Defender,Left-Back,Brazil,Brazil,20,1712,0,6,583,Paris Saint-Germain,2077,1000000.0,1000000.0,1.0,1.0,0.999,same_club
3292,Thiago Motta,FRA,2016-17,Paris Saint Germain,M S,30,2225,0,0,0,12,21,0.879,0.879,0.791,13.185,12.663,7,1,7602,Thiago Motta,1982-08-28,34.01,187.0,left,Midfield,Defensive Midfield,Italy,Brazil,30,2227,0,1,583,Paris Saint-Germain,2694,3000000.0,2000000.0,1.0,1.0,0.999,same_club
3295,Javier Pastore,FRA,2016-17,Paris Saint Germain,F M S,15,860,0,0,4,11,23,0.854,0.854,3.442,9.542,7.235,0,0,55215,Javier Pastore,1989-06-20,27.2,187.0,right,Midfield,Attacking Midfield,Argentina,Argentina,15,865,0,5,583,Paris Saint-Germain,970,24000000.0,20000000.0,0.998,1.0,0.994,same_club
3302,Yoan Cardinale,FRA,2016-17,Nice,GK,36,3208,0,0,0,0,0,0.0,0.0,0.0,4.402,4.402,2,0,241231,Yoan Cardinale,1994-03-27,22.43,181.0,right,Goalkeeper,Goalkeeper,France,France,36,3206,0,0,417,OGC Nice,3656,1750000.0,5500000.0,1.0,1.0,0.999,same_club
3304,Maxime Le Marchand,FRA,2016-17,Nice,D S,10,703,0,0,0,0,1,0.0,0.0,0.053,1.975,1.922,1,0,60558,Maxime Le Marchand,1989-10-11,26.89,185.0,left,Defender,Centre-Back,France,France,10,703,0,0,417,OGC Nice,793,2250000.0,2500000.0,1.0,1.0,1.0,same_club
3306,Remi Walter,FRA,2016-17,Nice,M S,22,1402,0,0,1,6,12,0.656,0.656,0.846,6.147,5.41,0,0,215686,Rémi Walter,1995-04-26,21.35,174.0,left,Midfield,Central Midfield,France,France,22,1406,0,1,417,OGC Nice,1591,1500000.0,3000000.0,0.999,1.0,0.997,same_club
3308,Mathieu Bodmer,FRA,2016-17,"Guingamp,Nice",D M S,22,1260,0,0,1,5,5,0.157,0.157,0.17,4.764,4.615,4,0,27305,Mathieu Bodmer,1982-11-22,33.78,190.0,right,Midfield,Defensive Midfield,France,France,22,1260,0,1,"417,855","OGC Nice,EA Guingamp",1536,1000000.0,1000000.0,1.0,1.0,1.0,same_club
3316,Romain Genevois,FRA,2016-17,Caen,D S,13,859,0,0,0,2,5,0.114,0.114,0.194,1.639,1.415,1,0,57525,Romain Genevois,1987-10-28,28.85,182.0,right,Defender,Centre-Back,Haiti,Haiti,13,860,0,0,1162,SM Caen,860,1750000.0,1500000.0,1.0,1.0,0.999,same_club
3318,Jean-Louis Leca,FRA,2016-17,SC Bastia,GK,33,2929,0,0,0,0,0,0.0,0.0,0.0,1.353,1.353,5,1,27490,Jean-Louis Leca,1985-09-21,30.95,180.0,right,Goalkeeper,Goalkeeper,France,France,34,2972,0,0,595,SC Bastia,2972,1000000.0,1000000.0,0.996,1.0,0.986,same_club
3320,Mathieu Peybernes,FRA,2016-17,"Lorient,SC Bastia",D,37,3173,0,0,0,3,1,0.159,0.159,0.142,5.284,5.142,5,0,111026,Mathieu Peybernes,1990-10-21,25.86,187.0,right,Defender,Centre-Back,France,France,37,3171,0,0,"595,1158","SC Bastia,FC Lorient",3171,1500000.0,2500000.0,1.0,1.0,0.999,same_club
3321,Sébastien Squillaci,FRA,2016-17,SC Bastia,D,10,857,0,0,1,2,4,0.152,0.152,0.453,0.575,0.548,2,0,5293,Sébastien Squillaci,1980-08-11,36.06,185.0,right,Defender,Centre-Back,France,France,10,855,0,1,595,SC Bastia,855,500000.0,250000.0,0.999,1.0,0.998,same_club
3323,Florian Marange,FRA,2016-17,SC Bastia,D S,19,1452,0,0,0,7,4,0.907,0.907,0.396,1.851,1.502,3,1,33942,Florian Marange,1986-03-03,30.5,181.0,left,Defender,Left-Back,France,France,19,1452,0,0,595,SC Bastia,1452,1000000.0,1000000.0,1.0,1.0,1.0,same_club
3324,Mehdi Mostefa,FRA,2016-17,SC Bastia,M S,30,2255,0,0,1,14,12,1.006,1.006,0.915,3.737,3.072,8,0,80191,Mehdi Mostefa,1983-08-30,33.01,181.0,right,Midfield,Defensive Midfield,Algeria,France,31,2302,0,2,595,SC Bastia,2302,500000.0,500000.0,0.994,1.0,0.98,same_club
3330,Abdoulaye Keita,FRA,2016-17,SC Bastia,D M S,21,1443,0,0,0,7,2,0.124,0.124,0.057,2.199,2.034,2,0,178019,Abdoulaye Keita,1994-01-05,22.66,175.0,right,Midfield,Defensive Midfield,Mali,Mali,21,1464,0,0,595,SC Bastia,1464,300000.0,400000.0,0.996,1.0,0.986,same_club
3331,Axel Ngando,FRA,2016-17,SC Bastia,F M S,19,796,0,0,2,10,24,0.56,0.56,2.407,2.929,1.801,1,0,170478,Axel Ngando,1993-07-13,23.14,179.0,left,Midfield,Attacking Midfield,France,France,20,853,0,2,595,SC Bastia,853,1250000.0,900000.0,0.98,1.0,0.933,same_club
3332,Thomas Vincensini,FRA,2016-17,SC Bastia,GK,3,270,0,0,0,0,0,0.0,0.0,0.0,0.106,0.106,0,0,149239,Thomas Vincensini,1993-09-12,22.97,185.0,right,Goalkeeper,Goalkeeper,France,France,3,270,0,0,595,SC Bastia,270,150000.0,300000.0,1.0,1.0,1.0,same_club
3334,Lassana Coulibaly,FRA,2016-17,SC Bastia,M S,29,2187,0,0,2,35,19,2.336,2.336,1.905,6.032,3.195,4,0,386552,Lassana Coulibaly,1996-04-10,20.39,183.0,right,Midfield,Central Midfield,Mali,Mali,30,2232,0,2,595,SC Bastia,2232,400000.0,1250000.0,0.994,1.0,0.98,same_club
3335,Laurent Pionnier,FRA,2016-17,Montpellier,GK,25,2250,0,0,0,0,0,0.0,0.0,0.0,1.871,1.871,0,0,5686,Laurent Pionnier,1982-05-24,34.28,183.0,right,Goalkeeper,Goalkeeper,France,France,25,2250,0,0,969,Montpellier HSC,2250,250000.0,500000.0,1.0,1.0,1.0,same_club
3336,William Remy,FRA,2016-17,Montpellier,D M S,15,939,0,0,1,7,3,0.235,0.235,0.061,1.346,1.268,1,1,89637,William Rémy,1991-04-04,25.41,186.0,right,Defender,Centre-Back,France,France,15,941,0,1,969,Montpellier HSC,941,2000000.0,1500000.0,0.999,1.0,0.998,same_club
3340,Bryan Dabo,FRA,2016-17,Saint-Etienne,D M S,14,648,0,0,1,8,1,0.324,0.324,0.089,1.126,0.984,3,0,149446,Bryan Dabo,1992-02-18,24.54,187.0,right,Midfield,Central Midfield,Burkina Faso,France,14,643,0,1,618,AS Saint-Étienne,918,4000000.0,3500000.0,0.998,1.0,0.992,same_club
3341,Jamel Saihi,FRA,2016-17,"Angers,Montpellier",M S,7,295,0,0,0,2,4,0.449,0.449,0.115,0.141,0.068,0,0,57449,Jamel Saihi,1987-01-27,29.6,182.0,right,Midfield,Defensive Midfield,Tunisia,France,7,293,0,0,"969,1420","Montpellier HSC,Angers SCO",293,1000000.0,1000000.0,0.998,1.0,0.993,same_club
3342,Kévin Berigaud,FRA,2016-17,"Angers,Montpellier",F M S,26,1085,0,0,2,14,13,0.699,0.699,1.34,3.954,2.326,1,0,98351,Kévin Bérigaud,1988-05-09,28.31,176.0,right,Attack,Centre-Forward,France,France,26,1086,0,2,"969,1420","Montpellier HSC,Angers SCO",1086,1500000.0,1500000.0,1.0,1.0,0.999,same_club
3349,Ramy Bensebaini,FRA,2016-17,Rennes,D M S,25,1837,0,0,0,16,8,0.477,0.477,0.485,4.289,3.92,4,2,284732,Ramy Bensebaini,1995-04-16,21.38,187.0,left,Defender,Centre-Back,Algeria,Algeria,25,1837,0,0,273,Stade Rennais FC,1837,2000000.0,2000000.0,1.0,1.0,1.0,same_club
3351,Mathieu Deplagne,FRA,2016-17,Montpellier,D S,19,1126,0,0,0,4,4,1.064,1.064,0.087,2.825,1.71,5,0,127128,Mathieu Deplagne,1991-10-01,24.92,183.0,right,Defender,Right-Back,France,France,19,1126,0,0,969,Montpellier HSC,1126,1500000.0,1250000.0,1.0,1.0,1.0,same_club
3353,Vincent Enyeama,FRA,2016-17,Lille,GK,32,2855,0,0,0,0,2,0.0,0.0,0.033,1.149,1.116,4,0,37760,Vincent Enyeama,1982-08-29,34.01,182.0,left,Goalkeeper,Goalkeeper,Nigeria,Nigeria,32,2855,0,0,1082,LOSC Lille,3035,2000000.0,1000000.0,1.0,1.0,1.0,same_club
3356,Adama Soumaoro,FRA,2016-17,Lille,D S,27,2328,0,0,0,11,4,1.059,1.059,0.135,1.964,1.964,1,1,126673,Adama Soumaoro,1992-06-18,24.21,187.0,right,Defender,Centre-Back,France,France,27,2325,0,0,1082,LOSC Lille,2415,2000000.0,2500000.0,1.0,1.0,0.999,same_club
3359,Rio Mavuba,FRA,2016-17,Lille,M S,18,1119,0,0,0,4,5,0.194,0.194,0.139,1.804,1.483,4,1,14949,Rio Mavuba,1984-03-08,32.48,172.0,right,Midfield,Defensive Midfield,France,,18,1114,0,0,1082,LOSC Lille,1176,2500000.0,1000000.0,0.999,1.0,0.996,same_club
3360,Mounir Obbadi,FRA,2016-17,"Lille,Nice",M S,11,649,0,0,0,6,10,0.205,0.205,0.836,2.958,2.353,4,0,29311,Mounir Obbadi,1983-04-04,33.41,175.0,right,Midfield,Central Midfield,Morocco,France,11,646,0,0,"417,1082","OGC Nice,LOSC Lille",738,1000000.0,1000000.0,0.999,1.0,0.995,same_club
3361,Éric Bautheac,FRA,2016-17,Lille,F M S,13,739,0,0,0,17,12,1.727,1.727,1.021,3.747,1.593,4,0,111482,Eric Bauthéac,1987-08-24,29.02,168.0,left,Attack,Right Winger,France,France,13,727,0,0,1082,LOSC Lille,881,2500000.0,2000000.0,0.995,1.0,0.984,same_club
3367,Youssouf Kone,FRA,2016-17,Lille,D,2,180,0,0,0,1,1,0.01,0.01,0.012,0.237,0.216,0,0,274484,Youssouf Koné,1995-07-05,21.16,174.0,left,Defender,Left-Back,Mali,Mali,2,180,0,0,1082,LOSC Lille,180,150000.0,150000.0,1.0,1.0,1.0,same_club
3373,Pablo Martinez,FRA,2016-17,Angers,D S,9,626,0,0,0,4,4,0.262,0.262,0.096,0.918,0.806,4,0,282900,Pablo Martínez,1989-02-21,27.53,182.0,left,Defender,Centre-Back,France,France,9,624,0,0,1420,Angers SCO,624,800000.0,800000.0,0.999,1.0,0.997,same_club
3387,Nicolas N&#039;Koulou,FRA,2016-17,Lyon,D,12,1080,0,0,0,4,0,0.2,0.2,0.0,4.233,4.233,2,0,60577,Nicolas N'Koulou,1990-03-27,26.43,184.0,right,Defender,Centre-Back,Cameroon,Cameroon,13,1125,0,0,1041,Olympique Lyon,1875,10000000.0,7500000.0,0.958,0.95,0.96,same_club
3388,Karim Rekik,FRA,2016-17,Marseille,D S,10,763,0,0,0,2,4,0.288,0.288,0.247,2.499,2.437,0,0,182579,Karim Rekik,1994-12-02,21.75,186.0,left,Defender,Centre-Back,Netherlands,Netherlands,10,793,0,0,244,Olympique Marseille,793,3000000.0,2500000.0,0.989,1.0,0.962,same_club
3389,Benjamin Mendy,FRA,2016-17,Monaco,D S,25,2059,0,0,5,14,25,0.548,0.548,3.857,6.598,3.278,6,1,157495,Benjamin Mendy,1994-07-17,22.13,185.0,left,Defender,Left-Back,France,France,25,2061,0,5,162,AS Monaco,2853,9000000.0,13000000.0,1.0,1.0,0.999,same_club
3393,Bouna Sarr,FRA,2016-17,Marseille,F M S,26,918,0,0,1,22,12,0.995,0.995,1.916,4.414,2.119,1,0,190685,Bouna Sarr,1992-01-31,24.59,178.0,right,Defender,Right-Back,Senegal,France,26,932,0,2,244,Olympique Marseille,932,1750000.0,2000000.0,0.995,1.0,0.985,same_club
3394,Romain Alessandrini,FRA,2016-17,Marseille,D F S,6,237,0,0,0,6,2,0.491,0.491,0.501,1.136,0.143,1,0,98334,Romain Alessandrini,1989-04-03,27.41,173.0,left,Attack,Right Winger,France,France,6,240,0,0,244,Olympique Marseille,240,4500000.0,3000000.0,0.996,1.0,0.988,same_club
3395,Yohann Pelé,FRA,2016-17,Marseille,GK,38,3420,0,0,0,0,0,0.0,0.0,0.0,3.365,3.365,3,0,6270,Yohann Pelé,1982-11-04,33.83,196.0,right,Goalkeeper,Goalkeeper,France,France,38,3420,0,0,244,Olympique Marseille,3420,500000.0,500000.0,1.0,1.0,1.0,same_club
3398,Rémy Riou,FRA,2016-17,Nantes,GK,22,1980,0,0,0,0,0,0.0,0.0,0.0,0.555,0.555,0,0,18940,Rémy Riou,1987-08-06,29.07,191.0,right,Goalkeeper,Goalkeeper,France,France,22,1980,0,0,995,FC Nantes,1980,4000000.0,4000000.0,1.0,1.0,1.0,same_club
3399,Youssouf Sabaly,FRA,2016-17,Bordeaux,D,30,2649,0,0,4,10,33,0.427,0.427,2.751,8.463,6.45,3,0,135492,Youssouf Sabaly,1993-03-05,23.49,173.0,right,Defender,Right-Back,Senegal,France,30,2647,0,5,40,FC Girondins Bordeaux,2647,2500000.0,4500000.0,1.0,1.0,0.999,same_club
3401,Oswaldo Vizcarrondo,FRA,2016-17,Nantes,D S,20,1402,0,0,0,6,3,0.412,0.412,0.299,0.794,0.62,10,0,55237,Oswaldo Vizcarrondo,1984-05-31,32.25,191.0,both,Defender,Centre-Back,Venezuela,Venezuela,20,1405,0,0,995,FC Nantes,1405,1000000.0,500000.0,0.999,1.0,0.998,same_club
3402,Wilfried Moimbé,FRA,2016-17,Nantes,M S,8,163,0,0,0,1,1,0.041,0.041,0.062,0.142,0.101,0,0,66398,Wilfried Moimbé,1988-10-18,27.87,173.0,left,Defender,Left-Back,France,France,8,167,0,0,995,FC Nantes,167,1000000.0,900000.0,0.993,1.0,0.976,same_club
3408,Kolbeinn Sigthorsson,FRA,2016-17,Nantes,F,2,161,0,0,0,2,1,0.115,0.115,0.044,0.337,0.218,0,0,52246,Kolbeinn Sigthórsson,1990-03-14,26.47,186.0,right,Attack,Centre-Forward,Iceland,Iceland,2,157,0,0,995,FC Nantes,157,3000000.0,2500000.0,0.993,1.0,0.975,same_club
3411,Ermir Lenjani,FRA,2016-17,Rennes,S,2,22,0,0,0,1,0,0.095,0.095,0.0,0.206,0.111,0,0,66052,Ermir Lenjani,1989-08-05,27.07,175.0,left,Defender,Left-Back,Albania,Jugoslawien (SFR),2,24,0,0,273,Stade Rennais FC,24,1250000.0,1000000.0,0.993,1.0,0.978,same_club
3412,Léo Dubois,FRA,2016-17,Nantes,D S,36,3137,0,0,7,27,38,1.253,1.253,4.487,8.637,4.296,2,0,236400,Léo Dubois,1994-09-14,21.97,178.0,right,Defender,Right-Back,France,France,36,3133,0,8,995,FC Nantes,3133,1500000.0,2000000.0,1.0,1.0,0.999,same_club
3414,Maxime Dupé,FRA,2016-17,Nantes,GK,16,1440,0,0,0,0,0,0.0,0.0,0.0,0.352,0.352,1,0,127188,Maxime Dupé,1993-03-04,23.5,188.0,right,Goalkeeper,Goalkeeper,France,France,16,1440,0,0,995,FC Nantes,1440,600000.0,800000.0,1.0,1.0,1.0,same_club
3416,Danijel Subasic,FRA,2016-17,Monaco,GK,36,3240,0,0,0,0,1,0.0,0.0,0.029,3.484,3.456,1,0,27941,Danijel Subasic,1984-10-27,31.85,191.0,right,Goalkeeper,Goalkeeper,Croatia,Jugoslawien (SFR),36,3240,0,0,162,AS Monaco,4500,5000000.0,5000000.0,1.0,1.0,1.0,same_club
3417,Andrea Raggi,FRA,2016-17,Monaco,D S,14,975,0,0,0,4,3,0.371,0.371,0.271,2.338,1.97,0,0,28845,Andrea Raggi,1984-06-24,32.19,187.0,right,Defender,Centre-Back,Italy,Italy,14,969,0,0,162,AS Monaco,2011,1500000.0,1500000.0,0.998,1.0,0.994,same_club
3421,Jérémy Toulalan,FRA,2016-17,Bordeaux,D M,30,2615,0,0,0,5,12,0.1,0.1,0.818,9.235,8.361,5,0,5513,Jérémy Toulalan,1983-09-10,32.98,183.0,right,Midfield,Defensive Midfield,France,France,30,2607,0,0,40,FC Girondins Bordeaux,2607,2500000.0,2000000.0,0.999,1.0,0.997,same_club
3427,Fares Bahlouli,FRA,2016-17,Lille,M S,3,97,0,0,0,4,1,0.094,0.094,0.022,0.68,0.617,0,0,190333,Farès Bahlouli,1995-04-08,21.4,182.0,right,Midfield,Attacking Midfield,France,France,3,97,0,0,1082,LOSC Lille,97,1500000.0,1250000.0,1.0,1.0,1.0,same_club
3431,Almamy Touré,FRA,2016-17,Monaco,D S,15,1077,0,0,5,6,16,0.707,0.707,3.082,4.988,3.473,0,0,216181,Almamy Touré,1996-04-28,20.34,183.0,right,Defender,Centre-Back,,,15,1081,0,5,162,AS Monaco,1380,2500000.0,4000000.0,0.999,1.0,0.996,same_club
3433,Matthieu Dreyer,FRA,2016-17,Caen,GK,2,180,0,0,0,0,0,0.0,0.0,0.0,0.516,0.516,0,0,57134,Matthieu Dreyer,1989-03-20,27.45,188.0,right,Goalkeeper,Goalkeeper,France,France,2,180,0,0,1162,SM Caen,180,400000.0,300000.0,1.0,1.0,1.0,same_club
3435,Dusan Veskovac,FRA,2016-17,Toulouse,D,1,90,0,0,0,0,0,0.0,0.0,0.0,0.0,0.0,0,0,28705,Dusan Veskovac,1986-03-16,30.46,187.0,right,Defender,Centre-Back,Serbia,Jugoslawien (SFR),1,90,0,0,415,FC Toulouse,90,700000.0,500000.0,1.0,1.0,1.0,same_club
3437,Mouhamadou Dabo,FRA,2016-17,Caen,D,2,148,0,0,0,0,1,0.0,0.0,0.022,0.043,0.021,1,0,33914,Mouhamadou Dabo,1986-11-28,29.76,176.0,right,Defender,Right-Back,France,Senegal,2,147,0,0,1162,SM Caen,147,1000000.0,800000.0,0.998,1.0,0.993,same_club
3439,Jessy Pi,FRA,2016-17,Toulouse,M S,16,415,0,0,1,6,7,0.158,0.158,1.028,1.033,0.228,1,0,170460,Jessy Pi,1993-09-24,22.94,179.0,right,Midfield,Defensive Midfield,France,France,16,419,0,1,415,FC Toulouse,419,1750000.0,1000000.0,0.997,1.0,0.99,same_club
3451,Benjamin Lecomte,FRA,2016-17,Lorient,GK,31,2790,0,0,0,0,0,0.0,0.0,0.0,2.781,2.781,0,0,127181,Benjamin Lecomte,1991-04-26,25.35,186.0,left,Goalkeeper,Goalkeeper,France,France,31,2790,0,0,1158,FC Lorient,2790,3500000.0,2500000.0,1.0,1.0,1.0,same_club
3453,Lindsay Rose,FRA,2016-17,"Lorient,SC Bastia",D S,12,957,0,0,0,5,1,0.617,0.617,0.074,0.763,0.686,1,0,135490,Lindsay Rose,1992-02-08,24.56,184.0,right,Defender,Centre-Back,Mauritius,France,12,958,0,0,"595,1158","SC Bastia,FC Lorient",958,2000000.0,1500000.0,1.0,1.0,0.999,same_club
3457,Francois Bellugou,FRA,2016-17,Lorient,D M S,26,1424,0,0,0,3,6,0.818,0.818,0.3,4.398,4.199,5,1,75282,François Bellugou,1987-04-25,29.36,188.0,right,Midfield,Defensive Midfield,France,France,26,1424,0,0,1158,FC Lorient,1424,1500000.0,1500000.0,1.0,1.0,1.0,same_club
3458,Walid Mesloub,FRA,2016-17,Lorient,M S,21,1174,0,0,1,22,19,1.324,1.324,2.095,6.094,3.65,2,1,98315,Walid Mesloub,1985-09-04,30.99,180.0,right,Midfield,Central Midfield,Algeria,France,21,1176,0,1,1158,FC Lorient,1176,1500000.0,1000000.0,0.999,1.0,0.998,same_club
3459,Maxime Barthelme,FRA,2016-17,Lorient,F M S,9,319,0,0,1,7,6,0.822,0.822,0.502,1.555,0.818,1,0,112022,Maxime Barthelmé,1988-09-08,27.98,172.0,left,Midfield,Left Midfield,France,France,9,324,0,1,1158,FC Lorient,324,1250000.0,800000.0,0.995,1.0,0.985,same_club
3460,Benjamin Jeannot,FRA,2016-17,Lorient,F S,17,505,0,0,1,16,4,1.068,1.068,0.568,2.245,1.157,0,1,111048,Benjamin Jeannot,1992-01-22,24.61,183.0,right,Attack,Centre-Forward,France,France,17,512,0,1,1158,FC Lorient,512,2500000.0,2000000.0,0.996,1.0,0.986,same_club
3469,Jonathan Pereira,FRA,2016-17,Guingamp,D S,13,1011,0,0,0,4,13,0.134,0.134,0.833,3.217,2.55,3,1,30698,Jonathan Martins Pereira,1986-01-30,30.59,182.0,right,Defender,Right-Back,France,France,13,1011,0,0,855,EA Guingamp,1011,1000000.0,1000000.0,0.97,0.95,1.0,same_club
3470,Christophe Kerbrat,FRA,2016-17,Guingamp,D,35,3135,0,0,1,6,8,0.224,0.224,2.095,6.342,6.011,4,0,138049,Christophe Kerbrat,1986-08-02,30.08,183.0,right,Defender,Centre-Back,France,France,35,3135,0,1,855,EA Guingamp,3135,2500000.0,2000000.0,1.0,1.0,1.0,same_club
3471,Benjamin Angoua,FRA,2016-17,Guingamp,D S,7,538,0,0,1,0,1,0.0,0.0,0.417,0.5,0.5,0,0,55046,Benjamin Angoua,1986-11-28,29.76,183.0,right,Defender,Centre-Back,Cote d'Ivoire,Cote d'Ivoire,7,538,0,1,855,EA Guingamp,538,1500000.0,1250000.0,1.0,1.0,1.0,same_club
3484,Theo Guivarch,FRA,2016-17,Guingamp,S,1,50,0,0,0,0,0,0.0,0.0,0.0,0.0,0.0,0,0,358505,Théo Guivarch,1995-11-17,20.79,195.0,right,Goalkeeper,Goalkeeper,France,France,1,49,0,0,855,EA Guingamp,49,150000.0,150000.0,0.997,1.0,0.989,same_club
3485,Alexandre Letellier,FRA,2016-17,Angers,GK,6,540,0,0,0,0,0,0.0,0.0,0.0,0.188,0.188,0,0,93730,Alexandre Letellier,1990-12-11,25.72,193.0,right,Goalkeeper,Goalkeeper,France,France,6,540,0,0,1420,Angers SCO,540,800000.0,400000.0,1.0,1.0,1.0,same_club
3489,Yoann Andreu,FRA,2016-17,Angers,D,16,1367,0,0,0,6,5,0.229,0.229,0.772,3.177,2.339,3,0,92385,Yoann Andreu,1989-05-03,27.33,178.0,right,Defender,Left-Back,France,France,16,1368,0,1,1420,Angers SCO,1368,1500000.0,1750000.0,1.0,1.0,0.999,same_club
3493,Gilles Sunu,FRA,2016-17,Angers,F S,23,797,0,0,0,27,5,2.121,2.121,0.212,3.627,1.423,1,0,54933,Gilles Sunu,1991-03-30,25.43,183.0,right,Midfield,Attacking Midfield,Togo,France,23,807,0,0,1420,Angers SCO,807,2000000.0,1500000.0,0.996,1.0,0.988,same_club
3496,Arnold Bouka Moutou,FRA,2016-17,Dijon,D S,10,752,0,0,0,1,5,0.011,0.011,0.133,0.837,0.71,2,1,57358,Arnold Bouka Moutou,1988-11-28,27.76,178.0,left,Defender,Left-Back,Congo,France,10,752,0,0,2969,Dijon FCO,752,1000000.0,800000.0,1.0,1.0,1.0,same_club
3502,Denis Petric,FRA,2016-17,Angers,GK,9,810,0,0,0,0,0,0.0,0.0,0.0,0.528,0.528,1,0,28356,Denis Petric,1988-05-24,28.27,186.0,right,Goalkeeper,Goalkeeper,Slovenia,Jugoslawien (SFR),9,810,0,0,1420,Angers SCO,810,1500000.0,1000000.0,1.0,1.0,1.0,same_club
3503,Stéphane Ruffier,FRA,2016-17,Saint-Etienne,GK,31,2790,0,0,0,0,0,0.0,0.0,0.0,3.041,3.041,0,0,39910,Stéphane Ruffier,1986-09-27,29.93,188.0,right,Goalkeeper,Goalkeeper,France,France,31,2790,0,0,618,AS Saint-Étienne,3555,8000000.0,6000000.0,1.0,1.0,1.0,same_club
3504,Kévin Théophile-Catherine,FRA,2016-17,Saint-Etienne,D S,31,2729,0,0,2,4,9,0.191,0.191,0.891,3.884,3.247,3,0,60603,Kévin Théophile-Catherine,1989-10-28,26.84,183.0,right,Defender,Centre-Back,Martinique,France,31,2729,0,2,618,AS Saint-Étienne,3629,3500000.0,4000000.0,1.0,1.0,1.0,same_club
3508,Jérémy Clément,FRA,2016-17,Saint-Etienne,M S,5,332,0,0,0,1,2,0.039,0.039,0.057,1.226,1.169,0,0,18901,Jérémy Clément,1984-08-26,32.02,180.0,left,Midfield,Defensive Midfield,France,France,5,333,0,0,618,AS Saint-Étienne,419,1000000.0,1000000.0,0.999,1.0,0.997,same_club
3509,Fabien Lemoine,FRA,2016-17,Saint-Etienne,M S,16,780,0,0,0,8,7,0.281,0.281,0.357,1.314,0.888,0,1,56794,Fabien Lemoine,1987-03-16,29.46,175.0,right,Midfield,Defensive Midfield,France,France,16,784,0,0,618,AS Saint-Étienne,1222,4000000.0,2000000.0,0.998,1.0,0.995,same_club
3516,Benoit Assou-Ekotto,FRA,2016-17,Metz,D S,18,1478,0,0,1,7,8,0.164,0.164,0.53,1.822,1.717,0,2,18310,Benoît Assou-Ekotto,1984-03-24,32.44,178.0,left,Defender,Left-Back,Cameroon,France,18,1479,0,1,347,FC Metz,1479,1000000.0,1000000.0,1.0,1.0,0.999,same_club
3517,Ronael Pierre Gabriel,FRA,2016-17,Saint-Etienne,D M S,14,969,0,0,0,4,7,0.104,0.104,0.549,1.534,1.444,4,0,410185,Ronaël Pierre-Gabriel,1998-06-13,18.22,177.0,right,Defender,Right-Back,France,France,14,964,0,0,618,AS Saint-Étienne,964,400000.0,600000.0,0.998,1.0,0.995,same_club
3518,Jessy Moulin,FRA,2016-17,Saint-Etienne,GK,6,459,0,0,0,0,0,0.0,0.0,0.0,0.124,0.124,0,1,33925,Jessy Moulin,1986-01-13,30.63,184.0,right,Goalkeeper,Goalkeeper,France,France,6,460,0,0,618,AS Saint-Étienne,775,250000.0,250000.0,0.999,1.0,0.998,same_club
3519,Ole Selnaes,FRA,2016-17,Saint-Etienne,D M S,26,2069,0,0,0,12,10,0.444,0.444,0.815,5.55,4.595,4,0,175961,Ole Selnæs,1994-07-07,22.15,190.0,left,Midfield,Defensive Midfield,Norway,Norway,26,2068,0,0,618,AS Saint-Étienne,2806,2500000.0,3000000.0,0.94,0.9,1.0,same_club
3520,Rémy Vercoutre,FRA,2016-17,Caen,GK,34,3045,0,0,0,0,1,0.0,0.0,0.016,1.972,1.957,2,0,5338,Rémy Vercoutre,1980-06-26,36.18,185.0,right,Goalkeeper,Goalkeeper,France,France,34,3044,0,0,1162,SM Caen,3044,500000.0,500000.0,1.0,1.0,1.0,same_club
3522,Jordan Adeoti,FRA,2016-17,Caen,D M S,27,2115,0,0,0,10,8,0.601,0.601,0.725,7.065,6.522,3,0,228891,Jordan Adéoti,1989-03-12,27.47,183.0,right,Midfield,Defensive Midfield,Benin,France,27,2119,0,1,1162,SM Caen,2119,1250000.0,2000000.0,0.999,1.0,0.998,same_club
3523,Syam Ben Youssef,FRA,2016-17,Caen,D S,17,1288,0,0,0,5,1,0.224,0.224,0.068,1.808,1.808,6,0,133078,Syam Ben Youssef,1989-03-31,27.42,189.0,right,Defender,Centre-Back,Tunisia,France,17,1291,0,0,1162,SM Caen,1291,1750000.0,1250000.0,0.999,1.0,0.998,same_club
3525,Vincent Bessat,FRA,2016-17,Caen,D M S,37,2808,0,0,6,21,52,0.996,0.996,5.753,8.938,5.591,3,0,50142,Vincent Bessat,1985-11-08,30.81,178.0,left,Defender,Left-Back,France,France,37,2814,0,6,1162,SM Caen,2814,1500000.0,1000000.0,0.999,1.0,0.998,same_club
3528,Jordan Leborgne,FRA,2016-17,Caen,D S,6,242,0,0,0,2,1,0.03,0.03,0.049,0.113,0.033,0,0,379742,Jordan Leborgne,1995-09-29,20.93,173.0,right,Midfield,Central Midfield,Guadeloupe,Guadeloupe,6,245,0,0,1162,SM Caen,245,600000.0,700000.0,0.996,1.0,0.988,same_club
3535,Paul Reulet,FRA,2016-17,Caen,GK S,3,195,0,0,0,0,0,0.0,0.0,0.0,0.0,0.0,0,0,170979,Paul Reulet,1994-01-14,22.63,181.0,right,Goalkeeper,Goalkeeper,France,France,3,196,0,0,1162,SM Caen,196,250000.0,300000.0,0.998,1.0,0.995,same_club
3536,Jean-Victor Makengo,FRA,2016-17,Caen,M S,17,869,0,0,0,9,4,0.147,0.147,0.067,2.631,2.431,2,0,322305,Jean-Victor Makengo,1998-06-12,18.22,177.0,left,Midfield,Attacking Midfield,France,France,17,875,0,0,1162,SM Caen,875,600000.0,900000.0,0.998,1.0,0.993,same_club
3538,Tongo Doumbia,FRA,2016-17,Toulouse,M S,10,468,0,0,0,2,4,0.028,0.028,0.734,0.99,0.285,2,0,103563,Tongo Doumbia,1989-08-06,27.07,191.0,right,Midfield,Defensive Midfield,Mali,France,10,476,0,0,415,FC Toulouse,476,1500000.0,1000000.0,0.995,1.0,0.983,same_club
3542,Damien Da Silva,FRA,2016-17,Caen,D M,36,3172,0,0,1,16,6,1.133,1.133,1.602,5.741,5.596,3,2,57370,Damien Da Silva,1988-05-17,28.29,184.0,right,Defender,Centre-Back,France,France,36,3169,0,1,1162,SM Caen,3169,3500000.0,3500000.0,1.0,1.0,0.999,same_club
3543,Nicolas Seube,FRA,2016-17,Caen,D M S,20,1042,0,0,0,7,8,0.753,0.753,0.554,1.275,0.649,3,0,22642,Nicolas Seube,1979-08-11,37.06,180.0,right,Midfield,Defensive Midfield,France,France,20,1033,0,0,1162,SM Caen,1033,250000.0,200000.0,0.997,1.0,0.991,same_club
3548,Florian Raspentino,FRA,2016-17,SC Bastia,F S,9,272,0,0,0,3,3,0.098,0.098,0.104,0.217,0.015,0,0,189940,Florian Raspentino,1989-06-06,27.24,179.0,right,Attack,Centre-Forward,France,France,9,276,0,0,595,SC Bastia,276,1250000.0,800000.0,0.996,1.0,0.986,same_club
3550,Koffi Djidji,FRA,2016-17,Nantes,D M,28,2498,0,0,0,7,1,0.252,0.252,0.05,2.169,2.113,7,0,183031,Koffi Djidji,1992-11-30,23.75,184.0,right,Defender,Centre-Back,Cote d'Ivoire,France,28,2495,0,0,995,FC Nantes,2495,2000000.0,2000000.0,1.0,1.0,0.999,same_club
3555,Franck Signorino,FRA,2016-17,Metz,D,17,1481,0,0,0,1,4,0.012,0.012,0.145,1.536,1.429,3,0,12101,Franck Signorino,1981-09-19,34.95,176.0,left,Defender,Left-Back,France,France,17,1478,0,0,347,FC Metz,1478,500000.0,250000.0,0.999,1.0,0.998,same_club
3557,Lass Diarra,FRA,2016-17,Marseille,M S,11,725,0,0,0,3,3,0.054,0.054,0.365,2.54,2.403,2,0,23914,Lassana Diarra,1985-03-10,31.48,173.0,right,Midfield,Defensive Midfield,France,France,11,727,0,0,244,Olympique Marseille,727,7500000.0,5000000.0,0.969,0.95,0.997,same_club
3558,Abou Diaby,FRA,2016-17,Marseille,M,2,132,0,0,0,0,5,0.0,0.0,0.139,0.237,0.144,1,0,26763,Abou Diaby,1986-05-11,30.31,191.0,right,Midfield,Central Midfield,France,France,2,130,0,0,244,Olympique Marseille,130,500000.0,250000.0,0.995,1.0,0.985,same_club
3563,Florent Balmont,FRA,2016-17,Dijon,M S,23,1725,0,0,2,12,20,0.322,0.322,0.872,5.21,4.545,7,0,5348,Florent Balmont,1980-02-02,36.58,168.0,right,Midfield,Central Midfield,France,France,23,1738,0,2,2969,Dijon FCO,1738,500000.0,250000.0,0.998,1.0,0.993,same_club
3564,Lenny Nangis,FRA,2016-17,SC Bastia,F M S,30,1356,0,0,2,19,12,0.759,0.759,1.059,2.798,0.993,8,0,157500,Lenny Nangis,1994-03-24,22.44,172.0,right,Attack,Left Winger,Guadeloupe,Guadeloupe,30,1378,0,2,595,SC Bastia,1378,1750000.0,1750000.0,0.995,1.0,0.984,same_club
3568,Clément Grenier,FRA,2016-17,Lyon,S,4,22,0,0,0,3,1,0.143,0.143,0.05,1.133,0.99,0,0,72479,Clément Grenier,1991-01-07,25.65,186.0,right,Midfield,Central Midfield,,,4,29,0,0,1041,Olympique Lyon,191,5500000.0,3500000.0,0.977,1.0,0.922,same_club
3568,Clément Grenier,FRA,2016-17,Lyon,S,4,22,0,0,0,3,1,0.143,0.143,0.05,1.133,0.99,0,0,72479,Clément Grenier,1991-01-07,25.65,186.0,right,Midfield,Central Midfield,,,4,29,0,0,1041,Olympique Lyon,191,5500000.0,3500000.0,0.996,1.0,0.987,same_club
3569,Steed Malbranque,FRA,2016-17,Caen,M S,13,350,0,0,0,6,6,0.33,0.33,0.625,1.13,0.631,2,0,3569,Steed Malbranque,1980-01-06,36.65,171.0,right,Midfield,Central Midfield,France,Belgium,13,361,0,0,1162,SM Caen,361,250000.0,200000.0,0.991,1.0,0.97,same_club
3572,Yrondu Musavu-King,FRA,2016-17,Toulouse,D,3,270,0,0,0,1,1,0.099,0.099,0.125,0.081,0.081,0,0,170994,Yrondu Musavu-King,1992-01-08,24.65,187.0,left,Defender,Centre-Back,Gabon,Gabon,3,270,0,0,415,FC Toulouse,270,800000.0,800000.0,1.0,1.0,1.0,same_club
3576,Maxime Poundje,FRA,2016-17,Bordeaux,D,7,586,0,0,0,3,2,0.045,0.045,0.424,1.349,0.88,0,0,126528,Maxime Poundjé,1992-08-16,24.04,179.0,left,Defender,Left-Back,France,France,7,585,0,0,40,FC Girondins Bordeaux,585,1500000.0,1500000.0,0.999,1.0,0.998,same_club
3592,Steven Moreira,FRA,2016-17,"Lorient,Rennes",D,29,2605,0,0,3,9,21,0.363,0.363,3.168,7.622,5.369,6,0,203517,Steven Moreira,1994-08-13,22.05,178.0,right,Defender,Right-Back,Cape Verde,France,29,2605,0,3,"273,1158","Stade Rennais FC,FC Lorient",2605,1500000.0,1750000.0,1.0,1.0,1.0,same_club
3593,Fallou Diagne,FRA,2016-17,Metz,D M,12,1011,0,0,0,10,5,0.738,0.738,0.152,1.516,1.359,3,1,82389,Fallou Diagne,1989-08-14,27.05,185.0,right,Defender,Centre-Back,Senegal,Senegal,12,1004,0,0,347,FC Metz,1139,2000000.0,1500000.0,0.998,1.0,0.993,same_club
3593,Fallou Diagne,FRA,2016-17,Metz,D M,12,1011,0,0,0,10,5,0.738,0.738,0.152,1.516,1.359,3,1,82389,Fallou Diagne,1989-08-14,27.05,185.0,right,Defender,Centre-Back,Senegal,Senegal,12,1004,0,0,347,FC Metz,1139,2000000.0,1500000.0,0.998,1.0,0.993,same_club
3597,Gilles Cioni,FRA,2016-17,SC Bastia,D M S,24,1976,0,0,0,4,9,0.11,0.11,0.459,3.486,3.046,7,0,44688,Gilles Cioni,1984-06-14,32.22,165.0,right,Defender,Right-Back,France,France,25,2019,0,0,595,SC Bastia,2019,500000.0,500000.0,0.994,1.0,0.979,same_club
3599,Presnel Kimpembe,FRA,2016-17,Paris Saint Germain,D,19,1710,0,0,0,4,3,0.084,0.084,0.181,11.345,11.218,7,0,282041,Presnel Kimpembe,1995-08-13,21.05,183.0,left,Defender,Centre-Back,France,France,19,1710,0,0,583,Paris Saint-Germain,1890,2000000.0,8000000.0,1.0,1.0,1.0,same_club
3600,Serge Aurier,FRA,2016-17,Paris Saint Germain,D S,22,1830,0,0,3,23,24,3.484,3.484,3.099,7.571,5.508,3,1,127032,Serge Aurier,1992-12-24,23.69,176.0,right,Defender,Right-Back,Cote d'Ivoire,Cote d'Ivoire,22,1830,0,4,583,Paris Saint-Germain,2201,15000000.0,15000000.0,1.0,1.0,1.0,same_club
3601,Marvin Martin,FRA,2016-17,Dijon,F M S,12,439,0,0,1,6,13,0.364,0.364,1.404,1.834,1.484,0,0,77834,Marvin Martin,1988-01-10,28.64,170.0,right,Midfield,Attacking Midfield,France,France,12,443,0,1,2969,Dijon FCO,443,1500000.0,500000.0,0.997,1.0,0.991,same_club
3602,Stoppila Sunzu,FRA,2016-17,Lille,D S,4,190,0,0,0,0,0,0.0,0.0,0.0,0.015,0.015,0,0,82324,Stoppila Sunzu,1989-06-22,27.2,192.0,right,Defender,Centre-Back,Zambia,Zambia,4,187,0,0,1082,LOSC Lille,1267,1500000.0,1300000.0,0.995,1.0,0.984,same_club
3606,Joris Marveaux,FRA,2016-17,Montpellier,M S,8,362,0,0,0,1,2,0.03,0.03,0.375,0.921,0.921,0,0,23955,Joris Marveaux,1982-08-15,34.05,179.0,right,Midfield,Defensive Midfield,Martinique,France,8,365,0,0,969,Montpellier HSC,365,500000.0,250000.0,0.998,1.0,0.992,same_club
3608,Moryke Fofana,FRA,2016-17,Lorient,M S,7,352,0,0,1,2,7,0.074,0.074,0.78,1.066,0.786,0,0,240497,Moryké Fofana,1991-11-23,24.77,175.0,right,Attack,Left Winger,Cote d'Ivoire,Cote d'Ivoire,7,353,0,1,1158,FC Lorient,1094,800000.0,850000.0,0.999,1.0,0.997,same_club
3622,Emmanuel Imorou,FRA,2016-17,Caen,D S,9,701,0,0,0,3,4,0.058,0.058,0.213,1.773,1.52,1,0,74709,Emmanuel Imorou,1988-09-16,27.96,181.0,left,Defender,Left-Back,Benin,France,9,700,0,0,1162,SM Caen,700,2000000.0,1500000.0,1.0,1.0,0.999,same_club
3623,Ismael Diomande,FRA,2016-17,Caen,D M S,12,791,0,0,0,12,2,0.182,0.182,0.078,0.957,0.756,3,0,170495,Ismael Diomande,1992-08-28,24.01,183.0,right,Midfield,Defensive Midfield,Cote d'Ivoire,Cote d'Ivoire,12,791,0,0,1162,SM Caen,791,1750000.0,1000000.0,1.0,1.0,1.0,same_club
3630,Mamadou N&#039;Diaye,FRA,2016-17,Montpellier,M S,3,87,0,0,0,1,1,0.009,0.009,0.027,0.603,0.567,0,0,290569,Mamadou N'Diaye,1995-05-28,21.26,174.0,left,Defender,Left-Back,Senegal,Senegal,3,88,0,0,969,Montpellier HSC,88,400000.0,400000.0,0.967,0.95,0.989,same_club
3631,Jerome Prior,FRA,2016-17,Bordeaux,GK,14,1260,0,0,0,0,1,0.0,0.0,0.033,0.756,0.722,0,0,238720,Jérôme Prior,1995-08-08,21.07,187.0,both,Goalkeeper,Goalkeeper,France,France,14,1260,0,0,40,FC Girondins Bordeaux,1260,800000.0,1500000.0,1.0,1.0,1.0,same_club
3632,Kevin Malcuit,FRA,2016-17,Saint-Etienne,D M S,25,2095,0,0,3,10,13,0.32,0.32,1.776,4.598,2.709,4,2,126711,Kévin Malcuit,1991-07-31,25.09,178.0,right,Defender,Right-Back,France,France,25,2095,0,3,618,AS Saint-Étienne,2725,800000.0,3000000.0,1.0,1.0,1.0,same_club
3638,Hatem Ben Arfa,FRA,2016-17,Paris Saint Germain,F M S,23,611,0,0,1,15,18,1.335,1.335,2.905,5.541,2.308,1,0,18900,Hatem Ben Arfa,1987-03-07,29.49,179.0,left,Midfield,Attacking Midfield,France,France,23,626,0,2,583,Paris Saint-Germain,838,14000000.0,10000000.0,0.993,1.0,0.976,same_club
3645,Olivier Boscagli,FRA,2016-17,Nice,S,1,38,0,0,0,0,0,0.0,0.0,0.0,0.0,0.0,0,0,318508,Olivier Boscagli,1997-11-18,18.79,181.0,left,Defender,Centre-Back,France,Monaco,1,41,0,0,417,OGC Nice,221,1000000.0,800000.0,0.99,1.0,0.967,same_club
3647,Antoine Rabillard,FRA,2016-17,Marseille,S,2,14,0,0,0,0,0,0.0,0.0,0.0,0.0,0.0,0,0,146373,Antoine Rabillard,1995-09-22,20.94,180.0,right,Attack,Centre-Forward,France,France,2,15,0,0,244,Olympique Marseille,15,150000.0,150000.0,0.997,1.0,0.989,same_club
3651,Jeff Louis,FRA,2016-17,Caen,F M S,5,229,0,0,0,8,3,0.425,0.425,0.139,0.561,0.11,0,0,164451,Jeff Louis,1992-08-08,24.07,171.0,left,Midfield,Attacking Midfield,Haiti,Haiti,5,232,0,0,1162,SM Caen,232,1500000.0,1000000.0,0.996,1.0,0.987,same_club
3652,Enock Kwateng,FRA,2016-17,Nantes,D S,7,423,0,0,0,1,0,0.362,0.362,0.0,0.945,0.945,2,0,288241,Enock Kwateng,1997-04-09,19.4,181.0,right,Defender,Right-Back,France,France,7,428,0,0,995,FC Nantes,428,150000.0,600000.0,0.996,1.0,0.988,same_club
3654,Dorian Lévêque,FRA,2016-17,Guingamp,D,2,166,0,0,0,1,0,0.013,0.013,0.0,0.185,0.185,1,0,122835,Dorian Lévêque,1989-11-22,26.78,180.0,left,Defender,Left-Back,France,France,2,166,0,0,855,EA Guingamp,166,1000000.0,800000.0,1.0,1.0,1.0,same_club
3657,Kevin N&#039;Doram,FRA,2016-17,Monaco,M S,5,317,0,0,1,1,1,0.013,0.013,0.029,0.998,0.969,0,0,342209,Kévin N'Doram,1996-01-22,20.61,184.0,right,Midfield,Defensive Midfield,France,France,5,320,0,1,162,AS Monaco,410,150000.0,1000000.0,0.967,0.95,0.991,same_club
3661,Kermit Erasmus,FRA,2016-17,Rennes,F S,8,155,0,0,0,4,3,0.121,0.121,0.107,0.768,0.613,0,0,65992,Kermit Erasmus,1990-07-08,26.15,167.0,right,Attack,Centre-Forward,South Africa,South Africa,8,162,0,0,273,Stade Rennais FC,162,1250000.0,1250000.0,0.987,1.0,0.957,same_club
3668,Jonathan Delaplace,FRA,2016-17,Caen,D M S,33,2658,0,0,4,40,30,3.015,3.015,3.079,8.37,4.475,3,0,149551,Jonathan Delaplace,1986-03-20,30.45,168.0,right,Midfield,Central Midfield,France,France,33,2644,0,5,1162,SM Caen,2644,1750000.0,1000000.0,0.998,1.0,0.995,same_club
3674,Abdoulaye Touré,FRA,2016-17,Nantes,M S,12,357,0,0,0,3,2,0.081,0.081,0.083,0.426,0.288,1,0,181382,Abdoulaye Touré,1994-03-03,22.5,188.0,right,Midfield,Defensive Midfield,Guinea,France,12,370,0,0,995,FC Nantes,370,150000.0,400000.0,0.989,1.0,0.965,same_club
3676,Erwin Koffi,FRA,2016-17,Lorient,D S,12,1003,0,0,1,6,8,0.106,0.106,0.305,1.529,1.385,0,0,341942,Erwin Koffi,1995-01-10,21.64,175.0,right,Defender,Right-Back,France,France,12,999,0,1,1158,FC Lorient,999,,600000.0,0.999,1.0,0.996,same_club
3678,Issam Ben Khemis,FRA,2016-17,Lorient,S,2,24,0,0,0,0,0,0.0,0.0,0.0,0.482,0.482,0,0,358508,Issam Ben Khemis,1996-01-10,20.64,176.0,left,Midfield,Central Midfield,Tunisia,France,2,25,0,0,1158,FC Lorient,25,150000.0,300000.0,0.997,1.0,0.989,same_club
3683,Ivan Cavaleiro,FRA,2016-17,Monaco,F S,2,97,0,0,0,2,3,0.185,0.185,0.315,0.557,0.102,0,0,149716,Ivan Cavaleiro,1993-10-18,22.87,175.0,right,Attack,Left Winger,Angola,Portugal,2,97,0,0,162,AS Monaco,101,7500000.0,7500000.0,1.0,1.0,1.0,same_club
3685,Pantxi Sirieix,FRA,2016-17,Toulouse,S,4,38,0,0,0,0,0,0.0,0.0,0.0,0.0,0.0,0,0,5431,Pantxi Sirieix,1980-10-07,35.9,180.0,right,Midfield,Central Midfield,France,France,4,40,0,0,415,FC Toulouse,40,250000.0,150000.0,0.993,1.0,0.978,same_club
3686,Pavle Ninkov,FRA,2016-17,Toulouse,S,9,181,0,0,0,2,2,0.077,0.077,0.05,0.147,0.074,2,0,36039,Pavle Ninkov,1985-04-20,31.37,181.0,right,Defender,Right-Back,Serbia,Jugoslawien (SFR),9,186,0,0,415,FC Toulouse,186,500000.0,500000.0,0.992,1.0,0.973,same_club
3690,Pierre-Yves Polomat,FRA,2016-17,Saint-Etienne,D M S,11,638,0,0,1,3,6,0.042,0.042,1.023,1.486,0.822,2,0,203764,Pierre-Yves Polomat,1993-12-27,22.68,183.0,left,Defender,Left-Back,Martinique,Martinique,11,642,0,1,618,AS Saint-Étienne,1092,1250000.0,1500000.0,0.998,1.0,0.994,same_club
3698,Ferebory Dore,FRA,2016-17,Angers,F S,9,164,0,0,0,6,4,0.524,0.524,0.15,0.743,0.069,0,0,139286,Férébory Doré,1989-01-21,27.61,193.0,right,Attack,Centre-Forward,Congo,People's republic of the Congo,9,171,0,0,1420,Angers SCO,171,600000.0,400000.0,0.988,1.0,0.959,same_club
3703,Geoffrey Jourdren,FRA,2016-17,Montpellier,GK,13,1170,0,0,0,0,1,0.0,0.0,0.017,0.991,0.974,0,0,23938,Geoffrey Jourdren,1986-02-04,30.57,183.0,right,Goalkeeper,Goalkeeper,France,France,13,1170,0,0,969,Montpellier HSC,1170,2500000.0,2000000.0,1.0,1.0,1.0,same_club
3710,Anthony Walongwa,FRA,2016-17,Nantes,D,3,253,0,0,0,0,0,0.0,0.0,0.0,0.122,0.122,1,0,247300,Anthony Walongwa,1993-10-15,22.88,182.0,right,Defender,Centre-Back,DR Congo,France,3,250,0,0,995,FC Nantes,250,150000.0,400000.0,0.996,1.0,0.988,same_club
3711,Alexis Alegue,FRA,2016-17,Nantes,S,2,12,0,0,0,0,1,0.0,0.0,0.015,0.021,0.021,0,0,228999,Alexis Alégué,1996-12-23,19.69,175.0,left,Attack,Right Winger,Cameroon,Cameroon,2,16,0,0,995,FC Nantes,16,250000.0,250000.0,0.987,1.0,0.956,same_club
3719,Seydou Sy,FRA,2016-17,Monaco,GK,1,47,0,0,0,0,0,0.0,0.0,0.0,0.0,0.0,0,0,333694,Seydou Sy,1995-12-12,20.72,192.0,right,Goalkeeper,Goalkeeper,Senegal,Senegal,1,45,0,0,162,AS Monaco,45,150000.0,150000.0,0.993,1.0,0.978,same_club
3720,Milan Gajic,FRA,2016-17,Bordeaux,D S,14,1133,0,0,0,3,13,0.052,0.052,0.645,3.673,3.234,5,0,245030,Milan Gajic,1996-01-28,20.59,178.0,both,Defender,Right-Back,Serbia,Croatia,14,1136,0,0,40,FC Girondins Bordeaux,1136,1250000.0,1750000.0,0.999,1.0,0.997,same_club
3727,Cédric Carrasso,FRA,2016-17,Bordeaux,GK,24,2160,0,0,0,0,0,0.0,0.0,0.0,1.712,1.712,0,0,5308,Cédric Carrasso,1981-12-30,34.67,187.0,right,Goalkeeper,Goalkeeper,France,France,24,2160,0,0,40,FC Girondins Bordeaux,2160,1500000.0,1000000.0,1.0,1.0,1.0,same_club
3733,Nicolas Janvier,FRA,2016-17,Rennes,M S,4,87,0,0,0,1,2,0.021,0.021,0.101,0.112,0.091,0,0,324803,Nicolas Janvier,1998-08-11,18.06,172.0,right,Midfield,Central Midfield,France,France,4,90,0,0,273,Stade Rennais FC,90,300000.0,300000.0,0.99,1.0,0.967,same_club
3737,Mike Maignan,FRA,2016-17,Lille,GK S,7,565,0,0,0,0,0,0.0,0.0,0.0,0.926,0.926,0,0,182906,Mike Maignan,1995-07-03,21.17,191.0,right,Goalkeeper,Goalkeeper,France,French Guiana,7,565,0,0,1082,LOSC Lille,565,800000.0,800000.0,1.0,1.0,1.0,same_club
3764,Benjamin Karamoko,FRA,2016-17,Saint-Etienne,D,1,61,0,0,0,0,0,0.0,0.0,0.0,0.111,0.111,1,0,290549,Ben Karamoko,1995-05-17,21.3,195.0,right,Defender,Centre-Back,Cote d'Ivoire,France,1,61,0,0,618,AS Saint-Étienne,151,50000.0,175000.0,0.97,0.95,1.0,same_club
3785,Kelvin Adou,FRA,2016-17,Toulouse,D S,22,1774,0,0,0,7,8,0.18,0.18,0.375,2.739,2.285,1,0,344072,Kelvin Amian,1998-02-08,18.56,180.0,right,Defender,Right-Back,France,France,20,1678,0,0,415,FC Toulouse,1678,,1250000.0,0.801,0.696,0.946,same_club
3786,Mathieu Cafaro,FRA,2016-17,Toulouse,S,4,61,0,0,0,0,0,0.0,0.0,0.0,0.0,0.0,1,0,399383,Mathieu Cafaro,1997-03-25,19.44,175.0,right,Attack,Right Winger,France,France,4,64,0,0,415,FC Toulouse,64,,600000.0,0.99,1.0,0.967,same_club
3791,Ryan Mendes,FRA,2016-17,Lille,F M S,7,229,0,0,0,2,1,0.087,0.087,0.056,0.818,0.674,0,0,111627,Ryan Mendes,1990-01-08,26.65,178.0,right,Attack,Left Winger,Cape Verde,Cape Verde,7,234,0,0,1082,LOSC Lille,484,1500000.0,1000000.0,0.994,1.0,0.979,same_club
4709,Benjamin Leroy,FRA,2016-17,Dijon,GK,1,90,0,0,0,0,0,0.0,0.0,0.0,0.0,0.0,0,0,124901,Benjamin Leroy,1989-04-07,27.4,184.0,right,Goalkeeper,Goalkeeper,France,France,1,90,0,0,2969,Dijon FCO,90,1000000.0,700000.0,1.0,1.0,1.0,same_club
4710,Cédric Mongongu,FRA,2016-17,Montpellier,S,3,23,0,0,0,0,0,0.0,0.0,0.0,0.0,0.0,0,0,44417,Cédric Mongongu,1989-06-22,27.2,189.0,right,Defender,Centre-Back,DR Congo,Zaire,3,26,0,0,969,Montpellier HSC,26,900000.0,800000.0,0.99,1.0,0.967,same_club
4740,Kévin Lejeune,FRA,2016-17,Metz,M S,14,634,0,0,0,3,7,0.131,0.131,0.574,0.741,0.522,0,0,33847,Kevin Lejeune,1985-01-22,31.61,181.0,left,Midfield,Left Midfield,France,France,14,637,0,0,347,FC Metz,637,500000.0,500000.0,0.999,1.0,0.995,same_club
4741,Cheick Doukoure,FRA,2016-17,Metz,M S,29,2266,0,0,1,35,10,1.135,1.135,0.292,3.674,2.81,6,2,129679,Cheick Doukouré,1992-09-11,23.97,180.0,right,Midfield,Defensive Midfield,Cote d'Ivoire,Cote d'Ivoire,29,2261,0,1,347,FC Metz,2261,1250000.0,1250000.0,0.999,1.0,0.998,same_club
4742,David Oberhauser,FRA,2016-17,Metz,GK,1,90,0,0,0,0,0,0.0,0.0,0.0,0.0,0.0,0,0,130110,David Oberhauser,1990-11-29,25.76,187.0,right,Goalkeeper,Goalkeeper,France,France,1,90,0,0,347,FC Metz,90,300000.0,300000.0,1.0,1.0,1.0,same_club
4744,Jonathan Rivierez,FRA,2016-17,Metz,D S,16,1255,0,0,1,1,7,0.017,0.017,0.427,1.779,1.365,3,0,98274,Jonathan Rivierez,1989-05-18,27.29,182.0,right,Defender,Centre-Back,Martinique,France,16,1252,0,1,347,FC Metz,1252,600000.0,800000.0,0.999,1.0,0.998,same_club
4782,Baissama Sankoh,FRA,2016-17,Guingamp,D M S,17,1042,0,0,0,1,3,0.017,0.017,0.067,1.479,1.479,3,0,171557,Baissama Sankoh,1992-03-20,24.45,180.0,right,Midfield,Defensive Midfield,Guinea,France,17,1045,0,0,855,EA Guingamp,1045,800000.0,800000.0,0.999,1.0,0.997,same_club
4793,Chris Philipps,FRA,2016-17,Metz,D M S,11,813,0,0,0,3,3,0.048,0.048,0.06,0.395,0.332,4,0,117509,Chris Philipps,1994-03-08,22.49,183.0,right,Midfield,Defensive Midfield,Luxembourg,Luxembourg,11,814,0,0,347,FC Metz,814,325000.0,400000.0,1.0,1.0,0.999,same_club
4804,Abdou Diallo,FRA,2016-17,Monaco,D S,5,386,0,0,0,2,0,0.14,0.14,0.0,0.765,0.765,0,0,229005,Abdou Diallo,1996-05-04,20.33,186.0,left,Defender,Centre-Back,Senegal,France,5,386,0,0,162,AS Monaco,476,1200000.0,1000000.0,1.0,1.0,1.0,same_club
4833,Dimitri Kevin Cavare,FRA,2016-17,Rennes,D S,2,103,0,0,0,0,0,0.0,0.0,0.0,0.786,0.786,0,0,278553,Dimitri Cavaré,1995-02-05,21.57,184.0,right,Defender,Centre-Back,Guadeloupe,Guadeloupe,2,105,0,0,273,Stade Rennais FC,105,1500000.0,1250000.0,0.964,0.95,0.981,same_club
4837,Fernando Aristeguieta,FRA,2016-17,Nantes,S,5,35,0,0,0,3,0,0.23,0.23,0.0,0.12,0.0,0,0,140126,Fernando Aristeguieta,1992-04-09,24.4,188.0,right,Attack,Centre-Forward,Venezuela,Venezuela,5,47,0,0,995,FC Nantes,914,900000.0,750000.0,0.96,1.0,0.867,same_club
4869,Nicolas Saint-Ruf,FRA,2016-17,"Montpellier,SC Bastia",D S,12,936,0,0,1,1,1,0.106,0.106,0.099,1.576,1.576,0,2,170962,Nicolas Saint-Ruf,1992-10-24,23.85,186.0,right,Defender,Centre-Back,Guadeloupe,France,12,937,0,1,"595,969","SC Bastia,Montpellier HSC",937,300000.0,900000.0,1.0,1.0,0.999,same_club
5050,Clement Lenglet,FRA,2016-17,Nancy,D,18,1620,0,0,0,6,2,0.337,0.337,0.712,0.476,0.466,4,0,182904,Clément Lenglet,1995-06-17,21.21,186.0,left,Defender,Centre-Back,France,France,18,1620,0,0,1159,AS Nancy-Lorraine,3122,2500000.0,7500000.0,0.999,1.0,0.998,same_club
5050,Clement Lenglet,FRA,2016-17,Nancy,D,18,1620,0,0,0,6,2,0.337,0.337,0.712,0.476,0.466,4,0,182904,Clément Lenglet,1995-06-17,21.21,186.0,left,Defender,Centre-Back,France,France,18,1620,0,0,1159,AS Nancy-Lorraine,3122,2500000.0,7500000.0,1.0,1.0,1.0,same_club
5418,Vukasin Jovanovic,FRA,2016-17,Bordeaux,D,8,705,0,0,0,3,2,0.262,0.262,0.036,1.713,1.677,3,0,264140,Vukasin Jovanovic,1996-05-17,20.29,188.0,right,Defender,Centre-Back,Serbia,Yugoslavia (Republic),8,705,0,0,40,FC Girondins Bordeaux,705,1000000.0,1250000.0,1.0,1.0,1.0,same_club
5607,Junior Alonso,FRA,2016-17,Lille,D S,12,952,0,0,1,2,8,0.385,0.385,0.493,1.509,1.266,1,0,273000,Júnior Alonso,1993-02-09,23.56,185.0,left,Defender,Centre-Back,Paraguay,Paraguay,12,956,0,1,1082,LOSC Lille,956,,800000.0,0.999,1.0,0.996,same_club
5613,Gabriel,FRA,2016-17,Lille,S,1,7,0,0,0,0,0,0.0,0.0,0.0,0.0,0.0,0,0,435338,Gabriel,1997-12-19,18.7,190.0,left,Defender,Centre-Back,Brazil,Brazil,1,8,0,0,1082,LOSC Lille,8,350000.0,600000.0,0.997,1.0,0.989,same_club
5614,Baptiste Reynet,FRA,2016-17,Dijon,GK,37,3330,0,0,0,0,0,0.0,0.0,0.0,1.775,1.775,1,0,190786,Baptiste Reynet,1990-10-28,25.85,185.0,right,Goalkeeper,Goalkeeper,France,France,37,3330,0,0,2969,Dijon FCO,3330,2000000.0,3000000.0,1.0,1.0,1.0,same_club
5615,Valentin Rosier,FRA,2016-17,Dijon,D,3,270,0,0,0,1,0,0.028,0.028,0.0,0.175,0.147,0,0,441170,Valentin Rosier,1996-08-19,20.04,175.0,right,Defender,Right-Back,France,France,3,270,0,0,2969,Dijon FCO,270,150000.0,150000.0,1.0,1.0,1.0,same_club
5618,Oussama Haddadi,FRA,2016-17,Dijon,D S,13,1078,0,0,2,5,17,0.236,0.236,0.806,3.714,2.915,2,0,191407,Oussama Haddadi,1992-01-28,24.59,185.0,left,Defender,Centre-Back,Tunisia,Tunisia,13,1079,0,2,2969,Dijon FCO,1079,400000.0,700000.0,1.0,1.0,0.999,same_club
5620,Romain Amalfitano,FRA,2016-17,Dijon,D M S,26,1411,0,0,0,17,6,0.64,0.64,0.284,3.113,2.276,2,0,137841,Romain Amalfitano,1989-08-27,27.01,175.0,right,Midfield,Central Midfield,France,France,27,1439,0,0,2969,Dijon FCO,1439,900000.0,1000000.0,0.994,1.0,0.981,same_club
5624,Yunis Abdelhamid,FRA,2016-17,Dijon,D S,18,1309,0,0,0,8,3,0.767,0.767,0.088,1.347,1.285,3,0,199704,Yunis Abdelhamid,1987-09-28,28.93,190.0,left,Defender,Centre-Back,Morocco,France,18,1311,0,0,2969,Dijon FCO,1311,1000000.0,1000000.0,1.0,1.0,0.998,same_club
5625,Kwon Chang-Hoon,FRA,2016-17,Dijon,F S,8,220,0,0,0,8,4,0.409,0.409,0.49,0.596,0.079,1,0,259350,Chang-hoon Kwon,1994-06-30,22.17,173.0,left,Attack,Right Winger,"Korea, South","Korea, South",8,220,0,0,2969,Dijon FCO,220,500000.0,1250000.0,1.0,1.0,1.0,same_club
5626,Jeremie Bela,FRA,2016-17,Dijon,F M S,14,361,0,0,1,12,2,0.61,0.61,0.531,1.69,0.725,0,0,170966,Jérémie Bela,1993-04-08,23.4,173.0,right,Attack,Left Winger,Angola,France,14,364,0,1,2969,Dijon FCO,364,1250000.0,1250000.0,0.998,1.0,0.992,same_club
5627,Guy N&#039;Dy Assembe,FRA,2016-17,Nancy,GK,23,2049,0,0,0,0,0,0.0,0.0,0.0,0.298,0.298,0,0,53306,Guy Ndy Assembé,1986-02-28,30.51,185.0,right,Goalkeeper,Goalkeeper,Cameroon,Cameroon,23,2046,0,0,1159,AS Nancy-Lorraine,2046,1000000.0,1000000.0,0.928,0.88,0.999,same_club
5630,Michael Basser Chretien,FRA,2016-17,Nancy,D,13,1131,0,0,0,0,3,0.0,0.0,0.644,0.443,0.443,1,0,16353,Mickaël Chrétien Basser,1984-07-10,32.15,179.0,right,Defender,Right-Back,Morocco,France,13,1127,0,0,1159,AS Nancy-Lorraine,1127,1000000.0,500000.0,0.973,0.957,0.996,same_club
5634,Antony Robic,FRA,2016-17,Nancy,F M S,24,1165,0,0,0,24,14,1.741,0.981,1.404,2.335,0.54,3,0,39924,Anthony Robic,1986-03-05,30.49,181.0,right,Attack,Right Winger,France,France,24,1159,0,0,1159,AS Nancy-Lorraine,1159,1000000.0,1000000.0,0.974,0.96,0.995,same_club
5639,Youssouf Hadji,FRA,2016-17,Nancy,F S,26,1280,0,0,1,34,13,4.22,3.46,0.821,3.392,0.806,1,0,5345,Youssouf Hadji,1980-02-25,36.52,183.0,right,Attack,Centre-Forward,Morocco,Morocco,25,1292,0,1,1159,AS Nancy-Lorraine,1292,250000.0,250000.0,0.997,1.0,0.991,same_club
5640,Sergei Chernik,FRA,2016-17,Nancy,GK S,17,1371,0,0,0,0,0,0.0,0.0,0.0,0.763,0.763,0,0,129561,Sergey Chernik,1988-07-20,28.12,187.0,right,Goalkeeper,Goalkeeper,Belarus,UdSSR,17,1374,0,0,1159,AS Nancy-Lorraine,1374,1000000.0,1250000.0,0.969,0.95,0.998,same_club
5641,Diallo Guidileye,FRA,2016-17,Nancy,M S,24,1735,0,0,2,11,9,0.314,0.314,0.843,2.854,2.172,5,0,66791,Diallo Guidileye,1989-12-30,26.67,181.0,right,Midfield,Defensive Midfield,Mauritania,Mauritania,24,1718,0,2,1159,AS Nancy-Lorraine,1718,1000000.0,1250000.0,0.997,1.0,0.99,same_club
5642,Erick Cabaco,FRA,2016-17,Nancy,D S,20,1613,0,0,1,11,1,1.185,1.185,0.094,1.408,1.266,1,1,302991,Erick Cabaco,1995-04-19,21.37,185.0,right,Defender,Centre-Back,Uruguay,Uruguay,20,1612,0,1,1159,AS Nancy-Lorraine,1612,1500000.0,1500000.0,1.0,1.0,0.999,same_club
5643,Alhassan Wakaso,FRA,2016-17,Lorient,M S,13,682,0,0,0,12,3,0.464,0.464,0.156,2.489,2.25,2,0,168536,Alhassan Wakaso,1992-01-07,24.65,180.0,right,Midfield,Defensive Midfield,Ghana,Ghana,13,681,0,0,1158,FC Lorient,2176,2000000.0,1750000.0,1.0,1.0,0.999,same_club
5645,Paul Delecroix,FRA,2016-17,Lorient,GK,7,630,0,0,0,0,0,0.0,0.0,0.0,0.311,0.311,1,0,81543,Paul Delecroix,1988-10-14,27.88,184.0,right,Goalkeeper,Goalkeeper,France,France,7,630,0,0,1158,FC Lorient,630,800000.0,800000.0,1.0,1.0,1.0,same_club
5646,Cafú,FRA,2016-17,Lorient,M S,18,1188,0,0,2,17,17,1.093,1.093,1.147,4.635,2.732,3,0,203655,Cafú,1993-02-26,23.51,185.0,right,Midfield,Central Midfield,Portugal,Portugal,18,1186,0,3,1158,FC Lorient,1186,2000000.0,2500000.0,0.999,1.0,0.998,same_club
5649,Vincent Marcel,FRA,2016-17,Nice,F M S,6,233,0,0,0,1,1,0.022,0.022,0.052,0.034,0.034,0,0,453597,Vincent Marcel,1997-04-09,19.4,180.0,left,Attack,Left Winger,France,Guadeloupe,6,231,0,0,417,OGC Nice,341,,600000.0,0.997,1.0,0.991,same_club
5650,Patrick Burner,FRA,2016-17,Nice,D S,4,251,0,0,0,3,3,0.332,0.332,0.085,2.03,1.68,0,0,444725,Patrick Burner,1996-04-11,20.39,170.0,right,Defender,Right-Back,Martinique,Martinique,4,248,0,0,417,OGC Nice,338,150000.0,400000.0,0.996,1.0,0.988,same_club
5651,Bassem Srarfi,FRA,2016-17,Nice,S,5,32,0,0,0,4,1,0.422,0.422,0.018,0.512,0.404,0,0,401836,Bassem Srarfi,1997-06-25,19.19,176.0,left,Attack,Right Winger,Tunisia,Tunisia,5,36,0,1,417,OGC Nice,36,275000.0,1250000.0,0.987,1.0,0.956,same_club
5652,Walter Benítez,FRA,2016-17,Nice,GK S,3,212,0,0,0,0,0,0.0,0.0,0.0,0.357,0.357,0,0,296802,Walter Benítez,1993-01-19,23.62,191.0,right,Goalkeeper,Goalkeeper,Argentina,Argentina,3,214,0,0,417,OGC Nice,304,3500000.0,1500000.0,0.997,1.0,0.991,same_club
5653,Mathieu Michel,FRA,2016-17,Angers,GK,23,2070,0,0,0,0,0,0.0,0.0,0.0,1.97,1.97,1,0,193142,Mathieu Michel,1991-09-04,24.99,189.0,right,Goalkeeper,Goalkeeper,France,France,23,2070,0,0,1420,Angers SCO,2070,1250000.0,2000000.0,1.0,1.0,1.0,same_club
5654,Baptiste Santamaria,FRA,2016-17,Angers,M S,37,3081,0,0,0,34,12,2.144,2.144,0.502,11.451,9.248,2,0,285323,Baptiste Santamaria,1995-03-09,21.48,183.0,right,Midfield,Defensive Midfield,France,France,37,3075,0,0,1420,Angers SCO,3075,1250000.0,2500000.0,0.999,1.0,0.998,same_club
5658,Mehdi Tahrat,FRA,2016-17,Angers,M S,7,294,0,0,0,5,0,0.183,0.183,0.0,0.611,0.559,2,0,238584,Mehdi Tahrat,1990-01-24,26.6,193.0,right,Defender,Centre-Back,Algeria,France,7,295,0,0,1420,Angers SCO,295,700000.0,700000.0,0.999,1.0,0.997,same_club
5659,Nordi Mukiele,FRA,2016-17,Montpellier,D S,17,1446,0,0,0,9,15,0.472,0.472,1.336,2.493,1.85,2,0,348026,Nordi Mukiele,1997-11-01,18.83,187.0,right,Defender,Right-Back,France,France,17,1444,0,0,969,Montpellier HSC,1444,800000.0,1500000.0,1.0,1.0,0.999,same_club
5660,Lukas Pokorny,FRA,2016-17,Montpellier,D S,13,1087,0,0,0,3,1,0.148,0.148,0.026,1.284,1.258,2,0,279529,Lukas Pokorny,1993-07-05,23.16,190.0,left,Defender,Centre-Back,Czech Republic,,13,1088,0,0,969,Montpellier HSC,1628,600000.0,1500000.0,1.0,1.0,0.999,same_club
5663,Keagan Dolly,FRA,2016-17,Montpellier,M S,12,446,0,0,0,7,4,0.575,0.575,0.167,1.434,0.737,0,0,234006,Keagan Dolly,1993-01-22,23.61,170.0,left,Attack,Left Winger,South Africa,South Africa,11,429,0,0,969,Montpellier HSC,609,600000.0,1500000.0,0.989,1.0,0.962,same_club
5664,Killian Sanson,FRA,2016-17,Montpellier,S,1,14,0,0,0,1,0,0.057,0.057,0.0,0.118,0.061,0,0,411379,Killian Sanson,1997-06-07,19.24,173.0,right,Midfield,Central Midfield,France,France,1,14,0,0,969,Montpellier HSC,14,150000.0,150000.0,1.0,1.0,1.0,same_club
5665,Bryan Passi,FRA,2016-17,Montpellier,D S,3,142,0,0,0,3,1,0.066,0.066,0.009,0.221,0.203,1,0,411416,Bryan Passi,1997-08-05,19.07,189.0,right,Defender,Centre-Back,Congo,France,3,144,0,0,969,Montpellier HSC,144,,,0.996,1.0,0.986,same_club
5668,Théo Pellenard,FRA,2016-17,Bordeaux,D S,6,458,0,0,0,1,2,0.025,0.025,0.106,0.83,0.699,1,0,238716,Théo Pellenard,1994-03-04,22.5,184.0,left,Defender,Centre-Back,France,France,6,458,0,0,40,FC Girondins Bordeaux,458,400000.0,600000.0,1.0,1.0,1.0,same_club
5669,Alexis Thébaux,FRA,2016-17,SC Bastia,GK,1,90,0,0,0,0,0,0.0,0.0,0.0,0.0,0.0,0,0,22396,Alexis Thébaux,1985-03-17,31.46,185.0,right,Goalkeeper,Goalkeeper,France,France,1,90,0,0,595,SC Bastia,90,1000000.0,500000.0,1.0,1.0,1.0,same_club
5670,Geoffrey Acheampong,FRA,2016-17,SC Bastia,S,2,10,0,0,0,1,0,0.041,0.041,0.0,0.041,0.0,0,0,451848,Geoffrey Acheampong,1997-01-28,19.59,180.0,left,Missing,,Ghana,Ghana,2,11,0,0,595,SC Bastia,11,150000.0,150000.0,0.997,1.0,0.989,same_club
5671,Thomas Didillon,FRA,2016-17,Metz,GK,32,2880,0,0,0,0,4,0.0,0.0,0.831,1.716,0.901,0,0,182891,Thomas Didillon-Hödl,1995-11-28,20.76,193.0,left,Goalkeeper,Goalkeeper,France,France,32,2880,0,0,347,FC Metz,2880,1500000.0,3500000.0,0.97,0.95,1.0,same_club
5672,Iván Balliu,FRA,2016-17,Metz,D S,27,2329,0,0,5,4,13,0.13,0.13,2.207,3.97,3.034,4,0,85295,Iván Balliu,1992-01-01,24.67,172.0,right,Defender,Right-Back,Albania,Spain,27,2331,0,5,347,FC Metz,2331,800000.0,2000000.0,1.0,1.0,0.999,same_club
5677,Florent Mollet,FRA,2016-17,Metz,M S,25,871,0,0,1,25,17,1.107,1.107,1.517,2.536,1.43,4,0,222859,Florent Mollet,1991-11-19,24.79,175.0,right,Midfield,Attacking Midfield,France,France,25,886,0,1,347,FC Metz,886,800000.0,1250000.0,0.995,1.0,0.983,same_club
5678,Eiji Kawashima,FRA,2016-17,Metz,GK,5,450,0,0,0,0,0,0.0,0.0,0.0,0.197,0.197,0,0,77383,Eiji Kawashima,1983-03-20,33.45,185.0,right,Goalkeeper,Goalkeeper,Japan,Japan,5,450,0,0,347,FC Metz,450,1000000.0,250000.0,1.0,1.0,1.0,same_club
5679,Leo Lacroix,FRA,2016-17,Saint-Etienne,D S,20,1677,0,0,0,8,2,0.554,0.554,0.126,1.834,1.701,6,0,149652,Léo Lacroix,1992-02-27,24.51,197.0,right,Defender,Centre-Back,Switzerland,Switzerland,20,1679,0,0,618,AS Saint-Étienne,1860,3000000.0,3000000.0,1.0,1.0,0.999,same_club
5681,Giovani Lo Celso,FRA,2016-17,Paris Saint Germain,M S,4,82,0,0,2,3,2,0.153,0.153,1.305,1.459,0.153,1,0,348795,Giovani Lo Celso,1996-04-09,20.4,177.0,left,Midfield,Attacking Midfield,Argentina,Argentina,4,81,0,2,583,Paris Saint-Germain,81,10000000.0,8000000.0,0.997,1.0,0.989,same_club
5682,Gonçalo Guedes,FRA,2016-17,Paris Saint Germain,F S,7,141,0,0,1,5,3,0.405,0.405,1.007,1.413,0.125,0,0,225122,Gonçalo Guedes,1996-11-29,19.76,179.0,right,Attack,Left Winger,Portugal,Portugal,7,139,0,1,583,Paris Saint-Germain,1939,6500000.0,17000000.0,0.996,1.0,0.986,same_club
5685,Lamine Ghezali,FRA,2016-17,Saint-Etienne,S,1,1,0,0,0,1,0,0.014,0.014,0.0,0.0,0.0,0,0,413033,Lamine Ghezali,1999-07-06,17.16,175.0,right,Attack,Right Winger,France,France,1,1,0,0,618,AS Saint-Étienne,1,,,1.0,1.0,1.0,same_club
5686,Digbo Maiga,FRA,2016-17,Saint-Etienne,D M S,5,295,0,0,0,4,1,0.088,0.088,0.093,1.213,1.199,0,0,293944,Habib Maïga,1996-01-01,20.67,181.0,right,Midfield,Defensive Midfield,Cote d'Ivoire,Cote d'Ivoire,5,297,0,0,618,AS Saint-Étienne,297,,150000.0,0.968,0.95,0.993,same_club
5689,Afonso Figueiredo,FRA,2016-17,Rennes,D S,5,253,0,0,0,0,3,0.0,0.0,0.19,1.294,1.126,0,0,237000,Afonso Figueiredo,1993-01-06,23.65,169.0,left,Defender,Left-Back,Portugal,Portugal,5,258,0,0,273,Stade Rennais FC,258,1000000.0,800000.0,0.994,1.0,0.981,same_club
5690,Karl-Johan Johnsson,FRA,2016-17,Guingamp,GK,37,3278,0,0,2,0,3,0.0,0.0,0.479,2.041,1.69,1,1,112822,Karl-Johan Johnsson,1990-01-28,26.59,188.0,right,Goalkeeper,Goalkeeper,Sweden,Sweden,37,3279,0,2,855,EA Guingamp,3279,1500000.0,2500000.0,1.0,1.0,1.0,same_club
5691,Jordan Ikoko,FRA,2016-17,Guingamp,D S,27,2322,0,0,1,5,12,0.41,0.41,0.876,3.564,2.969,3,0,157491,Jordan Ikoko,1994-02-03,22.58,178.0,right,Defender,Right-Back,DR Congo,France,27,2323,0,1,855,EA Guingamp,2323,1250000.0,1500000.0,1.0,1.0,1.0,same_club
5692,Fouad Chafik,FRA,2016-17,Dijon,D,27,2402,0,0,1,5,17,0.124,0.124,0.953,5.457,4.946,2,0,216499,Fouad Chafik,1986-10-16,29.88,183.0,right,Defender,Right-Back,Morocco,France,27,2399,0,1,2969,Dijon FCO,2399,800000.0,1500000.0,1.0,1.0,0.999,same_club
5694,Ádám Lang,FRA,2016-17,Dijon,D S,19,1628,0,0,0,5,7,0.318,0.318,0.492,2.467,2.277,4,0,168088,Ádám Lang,1993-01-17,23.62,186.0,right,Defender,Centre-Back,Hungary,Hungary,19,1627,0,0,2969,Dijon FCO,2107,800000.0,1250000.0,1.0,1.0,0.999,same_club
5696,Vincent Marchetti,FRA,2016-17,Nancy,M S,17,972,0,0,1,15,9,1.161,1.161,0.725,2.207,0.59,3,0,374040,Vincent Marchetti,1997-07-04,19.16,178.0,left,Midfield,Central Midfield,France,France,17,975,0,1,1159,AS Nancy-Lorraine,975,800000.0,900000.0,0.999,1.0,0.997,same_club
5698,Abdou Karim Coulibaly,FRA,2016-17,Nancy,F M S,9,566,0,0,0,11,6,0.756,0.756,0.795,1.738,0.949,0,0,205519,Karim Coulibaly,1993-06-03,23.25,184.0,left,Attack,Centre-Forward,France,Senegal,9,562,0,0,1159,AS Nancy-Lorraine,562,400000.0,500000.0,0.968,0.95,0.993,same_club
5699,Dalbert,FRA,2016-17,Nice,D M,33,2878,0,0,3,18,24,0.811,0.811,3.17,9.44,6.423,7,0,312862,Dalbert,1993-09-08,22.98,181.0,left,Defender,Left-Back,Brazil,Brazil,33,2874,0,3,417,OGC Nice,3187,2000000.0,5000000.0,1.0,1.0,0.999,same_club
5702,Jordan Tell,FRA,2016-17,Caen,S,5,52,0,0,0,2,0,0.088,0.088,0.0,0.183,0.095,0,0,272644,Jordan Tell,1997-06-10,19.23,185.0,right,Attack,Centre-Forward,Guadeloupe,Guadeloupe,5,57,0,0,1162,SM Caen,57,,,0.983,1.0,0.944,same_club
5706,Dodi Lukebakio,FRA,2016-17,Toulouse,S,5,84,0,0,0,3,2,0.314,0.314,0.053,0.387,0.02,0,0,303259,Dodi Lukébakio,1997-09-24,18.94,184.0,left,Attack,Right Winger,Belgium,Belgium,5,87,0,0,415,FC Toulouse,87,1000000.0,800000.0,0.99,1.0,0.967,same_club
5708,Fernando Marçal,FRA,2016-17,Guingamp,D,31,2687,0,0,7,14,54,0.678,0.678,6.808,11.434,7.397,3,1,137745,Marçal,1989-02-19,27.53,178.0,left,Defender,Left-Back,Brazil,Brazil,31,2689,0,8,855,EA Guingamp,2689,2000000.0,3500000.0,0.97,0.95,0.999,same_club
5709,Kenny Rocha Santos,FRA,2016-17,Saint-Etienne,M S,3,58,0,0,0,2,0,0.071,0.071,0.0,0.013,0.0,0,0,476527,Kenny Rocha Santos,2000-01-03,16.66,174.0,right,Midfield,Central Midfield,Cape Verde,Cape Verde,3,59,0,0,618,AS Saint-Étienne,59,,150000.0,0.997,1.0,0.989,same_club
5710,Hamidou Keyta,FRA,2016-17,Saint-Etienne,F M S,4,163,0,0,0,5,2,0.567,0.567,0.065,0.632,0.062,0,0,419293,Hamidou Keyta,1994-12-17,21.71,186.0,right,Attack,Left Winger,France,France,4,163,0,0,618,AS Saint-Étienne,163,,,1.0,1.0,1.0,same_club
5711,Exauce NGassaki,FRA,2016-17,Caen,S,1,1,0,0,0,0,0,0.0,0.0,0.0,0.0,0.0,0,0,489971,Exaucé Ngassaki,1997-01-30,19.59,182.0,right,Attack,Centre-Forward,Congo,Congo,1,2,0,0,1162,SM Caen,2,,,0.997,1.0,0.989,same_club
5714,Alexander Kacaniklic,FRA,2016-17,Nantes,F M S,17,705,0,0,2,11,7,0.717,0.717,0.348,1.493,0.483,2,0,51040,Alexander Kacaniklic,1991-08-13,25.05,181.0,left,Attack,Right Winger,Sweden,Sweden,17,696,0,2,995,FC Nantes,696,1500000.0,1500000.0,0.996,1.0,0.987,same_club
5719,Sérgio Oliveira,FRA,2016-17,Nantes,S,6,105,0,0,0,2,2,0.066,0.066,0.389,0.405,0.387,1,0,112465,Sérgio Oliveira,1992-06-02,24.25,181.0,right,Midfield,Central Midfield,Portugal,Portugal,6,109,0,0,995,FC Nantes,163,2500000.0,1500000.0,0.989,1.0,0.963,same_club
5720,Vincent Muratori,FRA,2016-17,Nancy,D,17,1407,0,0,0,4,9,0.192,0.192,0.231,2.721,2.349,5,1,56802,Vincent Muratori,1987-08-03,29.08,179.0,left,Defender,Centre-Back,France,France,17,1402,0,0,1159,AS Nancy-Lorraine,1402,1000000.0,900000.0,0.999,1.0,0.996,same_club
5722,Ibrahim Sangare,FRA,2016-17,Toulouse,M S,5,262,0,0,0,2,1,0.04,0.04,0.033,0.929,0.88,1,0,375885,Ibrahim Sangaré,1997-12-02,18.75,191.0,right,Midfield,Defensive Midfield,Cote d'Ivoire,Cote d'Ivoire,5,262,0,0,415,FC Toulouse,262,150000.0,400000.0,1.0,1.0,1.0,same_club
5724,Irvin Cardona,FRA,2016-17,Monaco,S,3,14,0,0,0,4,0,0.638,0.638,0.0,0.638,0.0,0,0,342226,Irvin Cardona,1997-08-08,19.07,185.0,right,Attack,Right Winger,Malta,France,3,16,0,0,162,AS Monaco,16,,,0.993,1.0,0.978,same_club
5726,Anthony Belmonte,FRA,2016-17,Dijon,M S,8,263,0,0,1,2,1,0.094,0.094,0.037,0.164,0.033,0,0,231916,Anthony Belmonte,1995-10-16,20.88,185.0,right,Midfield,Central Midfield,,,8,288,0,1,2969,Dijon FCO,288,300000.0,400000.0,0.974,1.0,0.913,same_club
5727,Gauthier Hein,FRA,2016-17,Metz,M S,13,520,0,0,0,7,7,0.235,0.235,0.823,1.315,0.42,1,0,344892,Gauthier Hein,1996-08-07,20.07,170.0,left,Attack,Right Winger,France,France,13,517,1,0,347,FC Metz,517,100000.0,600000.0,0.965,1.0,0.994,same_club
5728,Hamza Mendyl,FRA,2016-17,Lille,S,1,8,0,0,0,0,0,0.0,0.0,0.0,0.0,0.0,0,0,447221,Hamza Mendyl,1997-10-21,18.86,179.0,left,Defender,Left-Back,Morocco,Morocco,1,11,0,0,1082,LOSC Lille,11,,250000.0,0.99,1.0,0.967,same_club
5729,Nicolas Basin,FRA,2016-17,Metz,S,1,24,0,0,0,0,0,0.0,0.0,0.0,0.0,0.0,0,0,365952,Nicolas Basin,1998-07-22,18.11,182.0,left,Defender,Left-Back,France,France,1,25,0,0,347,FC Metz,25,,,0.997,1.0,0.989,same_club
5732,Abdoulaye Bamba,FRA,2016-17,Angers,D S,8,593,0,0,2,2,9,0.031,0.031,0.897,0.849,0.321,2,0,62351,Abdoulaye Bamba,1990-04-25,26.35,182.0,right,Defender,Centre-Back,Cote d'Ivoire,Cote d'Ivoire,8,592,0,2,1420,Angers SCO,592,1000000.0,1000000.0,0.999,1.0,0.998,same_club
5733,Houssem Aouar,FRA,2016-17,Lyon,S,2,31,0,0,0,0,0,0.0,0.0,0.0,0.328,0.328,0,0,395693,Houssem Aouar,1998-06-30,18.17,175.0,right,Midfield,Attacking Midfield,Algeria,France,3,80,0,0,1041,Olympique Lyon,113,,300000.0,0.837,1.0,0.456,same_club
5734,Jordy Gaspar,FRA,2016-17,Lyon,D,2,174,0,0,0,0,0,0.0,0.0,0.0,0.155,0.155,1,0,353395,Jordy Gaspar,1997-04-23,19.36,172.0,right,Defender,Right-Back,France,France,2,173,0,0,1041,Olympique Lyon,252,,400000.0,0.998,1.0,0.994,same_club
5735,Jean-Philippe Mateta,FRA,2016-17,Lyon,F S,2,85,0,0,0,0,0,0.0,0.0,0.0,0.0,0.0,0,0,420002,Jean-Philippe Mateta,1997-06-28,19.18,192.0,right,Attack,Centre-Forward,France,France,2,86,0,0,1041,Olympique Lyon,86,,2000000.0,0.997,1.0,0.989,same_club
5737,Saif-Eddine Khaoui,FRA,2016-17,Marseille,M S,9,138,0,0,0,4,4,0.088,0.088,0.257,0.373,0.075,0,0,270411,Saîf-Eddine Khaoui,1995-04-27,21.35,180.0,left,Midfield,Attacking Midfield,Tunisia,France,9,144,0,0,244,Olympique Marseille,144,800000.0,800000.0,0.987,1.0,0.958,same_club
5738,Amine Bassi,FRA,2016-17,Nancy,M,1,90,0,0,0,1,1,0.041,0.041,0.011,0.105,0.064,0,0,506009,Amine Bassi,1997-11-27,18.76,173.0,right,Midfield,Attacking Midfield,Morocco,France,1,90,0,0,1159,AS Nancy-Lorraine,90,,,1.0,1.0,1.0,same_club
5739,Serge N&#039;Guessan,FRA,2016-17,Nancy,M S,9,566,0,0,0,7,5,0.156,0.156,0.165,0.998,0.783,4,0,263294,Serge N'Guessan,1994-12-17,21.71,165.0,right,Midfield,Central Midfield,Cote d'Ivoire,Cote d'Ivoire,9,561,0,0,1159,AS Nancy-Lorraine,561,600000.0,600000.0,0.967,0.95,0.991,same_club
5745,Matthieu Udol,FRA,2016-17,Metz,D,3,270,0,0,0,0,1,0.0,0.0,0.031,0.131,0.131,0,0,344886,Matthieu Udol,1996-03-20,20.45,178.0,left,Defender,Left-Back,France,France,3,270,0,0,347,FC Metz,270,400000.0,400000.0,1.0,1.0,1.0,same_club
5746,Vincent Thill,FRA,2016-17,Metz,S,1,7,0,0,0,1,0,0.02,0.02,0.0,0.02,0.0,0,0,316760,Vincent Thill,2000-02-04,16.57,170.0,left,Attack,Right Winger,Luxembourg,Luxembourg,1,8,0,0,347,FC Metz,8,400000.0,600000.0,0.997,1.0,0.989,same_club
5748,Loic Badiashile,FRA,2016-17,Monaco,S,1,43,0,0,0,0,0,0.0,0.0,0.0,0.0,0.0,0,0,342202,Loïc Badiashile,1998-02-05,18.57,186.0,right,Goalkeeper,Goalkeeper,France,France,1,45,0,0,162,AS Monaco,122,150000.0,150000.0,0.993,1.0,0.978,same_club
5750,Lorenzo Callegari,FRA,2016-17,Paris Saint Germain,S,1,3,0,0,0,0,0,0.0,0.0,0.0,0.121,0.121,0,0,362344,Lorenzo Callegari,1998-02-27,18.51,174.0,right,Midfield,Defensive Midfield,France,France,1,3,0,0,583,Paris Saint-Germain,3,,,1.0,1.0,1.0,same_club
5751,Hicham Mahou,FRA,2016-17,Nice,S,1,12,0,0,0,0,3,0.0,0.0,0.114,0.114,0.0,0,0,344610,Hicham Mahou,1999-07-02,17.17,179.0,right,Attack,Right Winger,France,France,1,15,0,0,417,OGC Nice,37,,,0.99,1.0,0.967,same_club
5753,Mickael Nade,FRA,2016-17,Saint-Etienne,D,1,90,0,0,0,0,0,0.0,0.0,0.0,0.014,0.014,0,0,494586,Mickaël Nadé,1999-03-04,17.5,193.0,left,Defender,Centre-Back,France,France,1,90,0,0,618,AS Saint-Étienne,90,,,1.0,1.0,1.0,same_club
5754,Boris Mathis,FRA,2016-17,Metz,S,2,17,0,0,0,1,1,0.013,0.013,0.055,0.055,0.055,0,0,500087,Boris Mathis,1997-08-15,19.05,178.0,right,Attack,Centre-Forward,France,France,2,20,0,0,347,FC Metz,20,,,0.99,1.0,0.967,same_club
5755,Vincent Rüfli,FRA,2016-17,Dijon,D S,19,1479,0,0,2,10,10,0.24,0.24,0.566,2.636,1.94,8,0,23874,Vincent Rüfli,1988-01-22,28.61,183.0,right,Defender,Right-Back,Switzerland,Switzerland,19,1482,0,3,2969,Dijon FCO,1482,650000.0,900000.0,0.999,1.0,0.998,same_club
5757,Farid Boulaya,FRA,2016-17,SC Bastia,F S,2,11,0,0,0,0,1,0.0,0.0,0.014,0.014,0.0,0,0,202318,Farid Boulaya,1993-02-25,23.52,180.0,right,Midfield,Attacking Midfield,Algeria,France,2,18,0,0,595,SC Bastia,18,1000000.0,800000.0,0.977,1.0,0.922,same_club
5759,Matteo Guendouzi,FRA,2016-17,Lorient,M S,8,414,0,0,0,6,0,0.177,0.177,0.0,2.29,2.137,2,0,465830,Mattéo Guendouzi,1999-04-14,17.39,185.0,right,Midfield,Central Midfield,France,France,8,417,0,0,1158,FC Lorient,417,,600000.0,0.998,1.0,0.993,same_club
5761,Youssef Maziz,FRA,2016-17,Metz,S,1,12,0,0,0,1,0,0.034,0.034,0.0,0.034,0.0,0,0,481116,Youssef Maziz,1998-06-24,18.19,175.0,right,Midfield,Attacking Midfield,France,France,1,14,0,0,347,FC Metz,14,,,0.993,1.0,0.978,same_club
5763,Mohamed Mara,FRA,2016-17,Lorient,F M S,9,628,0,0,1,12,6,0.518,0.518,0.513,1.509,0.676,2,0,291128,Mohamed Mara,1996-12-12,19.72,170.0,right,Attack,Left Winger,Guinea,Guinea,9,625,0,1,1158,FC Lorient,625,,600000.0,0.999,1.0,0.995,same_club
5764,Alexandre Llovet,FRA,2016-17,Montpellier,S,2,13,0,0,1,0,1,0.0,0.0,0.046,0.046,0.0,0,0,411424,Alexandre Llovet,1997-11-26,18.77,171.0,both,Attack,Centre-Forward,France,,2,16,0,1,969,Montpellier HSC,16,,,0.99,1.0,0.967,same_club
5766,Romain Salin,FRA,2016-17,Guingamp,GK,1,90,0,0,0,0,0,0.0,0.0,0.0,0.021,0.021,0,0,23974,Romain Salin,1984-07-29,32.09,186.0,left,Goalkeeper,Goalkeeper,France,France,1,90,0,0,855,EA Guingamp,90,1000000.0,500000.0,1.0,1.0,1.0,same_club
5770,James Edward Lea Siliki,FRA,2016-17,Rennes,S,1,12,0,0,0,0,0,0.0,0.0,0.0,0.0,0.0,0,0,346291,James Léa Siliki,1996-06-12,20.22,183.0,left,Midfield,Central Midfield,Cameroon,France,1,12,0,0,273,Stade Rennais FC,12,150000.0,150000.0,0.97,0.95,1.0,same_club
5771,Paul Charruau,FRA,2016-17,SC Bastia,S,1,39,0,0,0,0,0,0.0,0.0,0.0,0.0,0.0,0,0,170968,Paul Charruau,1993-07-12,23.14,187.0,right,Goalkeeper,Goalkeeper,France,France,1,41,0,0,595,SC Bastia,41,300000.0,400000.0,0.993,1.0,0.978,same_club
5772,Anthony Maisonnial,FRA,2016-17,Saint-Etienne,GK S,2,168,0,0,0,0,0,0.0,0.0,0.0,0.06,0.06,0,0,324829,Anthony Maisonnial,1998-03-23,18.44,188.0,right,Goalkeeper,Goalkeeper,France,France,2,167,0,0,618,AS Saint-Étienne,167,150000.0,600000.0,0.998,1.0,0.994,same_club
5773,Zaydou Youssef,FRA,2016-17,Bordeaux,M S,2,68,0,0,0,0,0,0.0,0.0,0.0,0.145,0.145,0,0,471582,Zaydou Youssouf,1999-07-11,17.14,182.0,left,Midfield,Central Midfield,Comoros,France,2,69,0,0,40,FC Girondins Bordeaux,69,,,0.935,0.897,0.989,same_club
5774,Clement Michelin,FRA,2016-17,Toulouse,D M S,8,481,0,0,0,3,1,0.047,0.047,0.099,0.184,0.138,1,0,318520,Clément Michelin,1997-05-11,19.31,179.0,right,Defender,Right-Back,France,France,8,481,0,0,415,FC Toulouse,481,,1250000.0,1.0,1.0,1.0,same_club
5777,Arnaud Lusamba,FRA,2016-17,Nice,F M S,6,255,0,0,0,2,0,0.062,0.062,0.0,0.521,0.485,0,0,272631,Arnaud Lusamba,1997-01-04,19.66,180.0,right,Midfield,Central Midfield,DR Congo,France,6,253,0,0,417,OGC Nice,343,2000000.0,2000000.0,0.998,1.0,0.992,same_club
5778,Johan Gastien,FRA,2016-17,Dijon,M S,15,877,0,0,0,3,8,0.199,0.199,0.338,1.929,1.642,3,0,72121,Johan Gastien,1988-01-25,28.6,179.0,right,Midfield,Defensive Midfield,France,France,15,884,0,0,2969,Dijon FCO,884,800000.0,900000.0,0.998,1.0,0.992,same_club
5784,Quentin Bernard,FRA,2016-17,Dijon,D S,7,553,0,0,0,1,1,0.009,0.009,0.023,0.575,0.543,1,0,98262,Quentin Bernard,1989-07-07,27.15,184.0,left,Defender,Left-Back,France,France,7,553,0,0,2969,Dijon FCO,553,700000.0,700000.0,1.0,1.0,1.0,same_club
5785,Dickson Nwakaeme,FRA,2016-17,Angers,S,6,83,0,0,0,0,2,0.0,0.0,0.047,0.047,0.0,1,0,118078,Dickson Nwakaeme,1986-04-21,30.37,187.0,right,Attack,Centre-Forward,Nigeria,Nigeria,6,86,0,0,1420,Angers SCO,86,500000.0,500000.0,0.99,1.0,0.967,same_club
5786,Yoane Wissa,FRA,2016-17,Angers,S,2,25,0,0,0,0,0,0.0,0.0,0.0,0.0,0.0,0,0,388165,Yoane Wissa,1996-09-03,19.99,176.0,right,Attack,Centre-Forward,DR Congo,France,2,25,0,0,1420,Angers SCO,25,300000.0,300000.0,1.0,1.0,1.0,same_club
5787,Aaron Leya Iseka,FRA,2016-17,Marseille,F M S,8,258,0,0,2,6,5,0.835,0.835,0.339,2.111,1.43,0,0,289587,Aaron Leya Iseka,1997-11-15,18.8,183.0,right,Attack,Centre-Forward,Belgium,Belgium,8,260,0,2,244,Olympique Marseille,260,900000.0,1250000.0,0.998,1.0,0.992,same_club
5791,Morgan Poaty,FRA,2016-17,Montpellier,D S,3,46,0,0,0,0,0,0.0,0.0,0.0,0.068,0.068,0,1,272640,Morgan Poaty,1997-07-15,19.13,177.0,left,Defender,Left-Back,Congo,France,3,49,0,0,969,Montpellier HSC,49,,250000.0,0.99,1.0,0.967,same_club
5793,Quentin Depehi,FRA,2016-17,Toulouse,S,1,10,0,0,0,0,0,0.0,0.0,0.0,0.0,0.0,0,0,474665,Quentin Depehi,1997-06-06,19.24,184.0,right,Attack,Centre-Forward,France,France,1,11,0,0,415,FC Toulouse,11,,,0.997,1.0,0.989,same_club
5794,Jerson Cabral,FRA,2016-17,SC Bastia,S,6,60,0,0,0,1,1,0.081,0.081,0.046,0.126,0.0,0,0,126413,Jerson Cabral,1991-01-03,25.66,177.0,left,Attack,Left Winger,Cape Verde,Netherlands,6,61,0,0,595,SC Bastia,949,1250000.0,750000.0,0.997,1.0,0.989,same_club
5796,Anthony Vanden Borre,FRA,2016-17,Montpellier,D S,10,797,0,0,0,0,6,0.0,0.0,1.289,2.093,1.582,2,0,15844,Anthony Vanden Borre,1987-10-24,28.86,182.0,right,Defender,Right-Back,Belgium,Zaire,10,795,0,0,969,Montpellier HSC,795,1000000.0,500000.0,0.999,1.0,0.997,same_club
5804,Moussa Seydi,FRA,2016-17,Metz,S,1,19,0,0,0,0,0,0.0,0.0,0.0,0.0,0.0,0,0,410237,Moussa Seydi,1996-08-21,20.03,177.0,right,Attack,Left Winger,Senegal,Senegal,1,20,0,0,347,FC Metz,20,,,0.997,1.0,0.989,same_club
5805,Alexis Mane,FRA,2016-17,Guingamp,S,4,33,0,0,0,0,0,0.0,0.0,0.0,0.0,0.0,0,0,272633,Alexis Mané,1997-04-30,19.34,188.0,right,Midfield,Defensive Midfield,France,France,4,37,0,0,855,EA Guingamp,37,,,0.987,1.0,0.956,same_club
5806,Faiz Selemani,FRA,2016-17,Lorient,S,3,58,0,0,0,2,0,0.09,0.09,0.0,0.049,0.0,2,0,352017,Faïz Selemani,1993-11-14,22.8,182.0,right,Attack,Left Winger,Comoros,France,3,63,0,0,1158,FC Lorient,63,1000000.0,900000.0,0.983,1.0,0.944,same_club
6434,Franck Zambo,FRA,2016-17,Marseille,D M S,33,1947,0,0,1,18,16,0.84,0.84,1.409,7.922,6.822,3,0,354361,Frank Anguissa,1995-11-16,20.79,184.0,right,Midfield,Central Midfield,Cameroon,Cameroon,33,1957,0,1,244,Olympique Marseille,1957,400000.0,2000000.0,,,,manual
