understat_player_id,player,league,season,team,position_understat,games,minutes,goals,non_penalty_goals,assists,shots,key_passes,xg,npxg,xa,xg_chain,xg_buildup,yellow_cards,red_cards,tm_player_id,tm_name,date_of_birth,age_on_sep_1,height_cm,foot,tm_position,tm_sub_position,citizenship,country_of_birth,tm_league_games,tm_league_minutes,tm_league_goals,tm_league_assists,tm_club_ids,tm_club_names,tm_all_competition_minutes,market_value_start_eur,market_value_end_eur,match_score,match_name_similarity,match_minutes_similarity,match_method
647,Harry Kane,EPL,2015-16,Tottenham,F,38,3382,25,20,1,159,44,22.732,18.926,3.089,26.94,8.189,5,0,132098,Harry Kane,1993-07-28,22.09,188.0,right,Attack,Centre-Forward,England,England,38,3370,25,1,148,Tottenham Hotspur,3937,25000000.0,40000000.0,0.999,1.0,0.996,same_club
619,Sergio Agüero,EPL,2015-16,Manchester City,F S,30,2399,24,20,2,119,27,20.077,16.271,2.029,18.787,3.926,1,0,26399,Sergio Agüero,1988-06-02,27.25,173.0,right,Attack,Centre-Forward,Argentina,Argentina,30,2374,24,2,281,Manchester City,3149,60000000.0,60000000.0,0.997,1.0,0.99,same_club
755,Jamie Vardy,EPL,2015-16,Leicester,F,36,3154,24,19,6,115,48,22.135,17.568,6.267,24.596,2.886,5,1,197838,Jamie Vardy,1987-01-11,28.64,179.0,right,Attack,Centre-Forward,England,England,36,3139,24,8,1003,Leicester City,3155,4500000.0,18000000.0,0.999,1.0,0.995,same_club
594,Romelu Lukaku,EPL,2015-16,Everton,F S,37,3194,18,17,6,118,51,20.059,18.536,5.68,24.025,7.635,3,0,96341,Romelu Lukaku,1993-05-13,22.3,190.0,left,Attack,Centre-Forward,Belgium,Belgium,37,3174,18,7,29,Everton FC,3435,28000000.0,40000000.0,0.998,1.0,0.994,same_club
750,Riyad Mahrez,EPL,2015-16,Leicester,M S,37,3087,17,13,11,86,68,11.882,7.315,11.454,21.185,7.174,1,0,171424,Riyad Mahrez,1991-02-21,24.53,179.0,left,Attack,Right Winger,Algeria,France,37,3055,17,10,1003,Leicester City,3055,7000000.0,20000000.0,0.997,1.0,0.99,same_club
502,Olivier Giroud,EPL,2015-16,Arsenal,F S,38,2411,16,15,6,101,36,14.504,13.743,5.762,18.885,6.916,2,0,82442,Olivier Giroud,1986-09-30,28.92,192.0,left,Attack,Centre-Forward,France,France,38,2425,16,6,11,Arsenal FC,3193,24000000.0,25000000.0,0.998,1.0,0.994,same_club
573,Odion Ighalo,EPL,2015-16,Watford,F M S,37,3160,15,15,3,109,37,16.094,16.094,2.232,18.002,2.765,4,0,62121,Odion Ighalo,1989-06-16,26.21,181.0,right,Attack,Centre-Forward,Nigeria,Nigeria,37,3152,16,5,1010,Watford FC,3382,4000000.0,12000000.0,0.966,1.0,0.997,same_club
735,Jermain Defoe,EPL,2015-16,Sunderland,F M S,33,2558,15,14,1,85,22,11.713,10.951,1.102,12.264,1.327,3,0,3875,Jermain Defoe,1982-10-07,32.9,171.0,right,Attack,Centre-Forward,England,England,33,2551,15,1,289,Sunderland AFC,2551,6000000.0,6000000.0,0.999,1.0,0.997,same_club
498,Alexis Sánchez,EPL,2015-16,Arsenal,M S,30,2463,13,13,4,107,62,13.104,13.104,8.555,27.019,11.865,1,0,40433,Alexis Sánchez,1988-12-19,26.7,169.0,right,Attack,Second Striker,Chile,Chile,30,2445,13,5,11,Arsenal FC,3266,55000000.0,55000000.0,0.998,1.0,0.993,same_club
574,Troy Deeney,EPL,2015-16,Watford,F M S,38,3291,13,7,7,94,56,12.199,6.871,7.923,15.777,3.99,6,0,65477,Troy Deeney,1988-06-29,27.17,184.0,right,Attack,Centre-Forward,England,England,38,3292,13,8,1010,Watford FC,3724,8000000.0,9000000.0,1.0,1.0,1.0,same_club
713,André Ayew,EPL,2015-16,Swansea,F M,34,2967,12,12,2,67,23,8.463,8.463,2.338,12.216,3.83,5,0,45403,André Ayew,1989-12-17,25.71,175.0,left,Attack,Centre-Forward,Ghana,France,34,2940,12,5,2288,Swansea City,2940,13000000.0,15000000.0,0.997,1.0,0.991,same_club
802,Diego Costa,EPL,2015-16,Chelsea,F S,28,2386,12,12,6,68,30,12.081,12.081,2.889,18.075,5.291,8,0,44779,Diego Costa,1988-10-07,26.9,186.0,right,Attack,Centre-Forward,Spain,Brazil,28,2378,12,7,631,Chelsea FC,3338,50000000.0,45000000.0,0.999,1.0,0.997,same_club
553,Anthony Martial,EPL,2015-16,Manchester United,F M S,31,2632,11,11,4,57,37,7.274,7.274,6.173,15.577,5.89,2,0,182877,Anthony Martial,1995-12-05,19.74,184.0,right,Attack,Centre-Forward,France,France,31,2632,11,4,985,Manchester United,4594,8000000.0,32000000.0,1.0,1.0,1.0,same_club
553,Anthony Martial,EPL,2015-16,Manchester United,F M S,31,2632,11,11,4,57,37,7.274,7.274,6.173,15.577,5.89,2,0,182877,Anthony Martial,1995-12-05,19.74,184.0,right,Attack,Centre-Forward,France,France,31,2632,11,4,985,Manchester United,4594,8000000.0,32000000.0,0.997,1.0,0.99,same_club
714,Gylfi Sigurdsson,EPL,2015-16,Swansea,F M S,36,2921,11,8,3,88,57,7.711,5.427,5.43,10.767,4.884,6,0,90466,Gylfi Sigurdsson,1989-09-08,25.98,186.0,right,Midfield,Attacking Midfield,Iceland,Iceland,36,2917,11,3,2288,Swansea City,2917,11000000.0,13000000.0,1.0,1.0,0.999,same_club
771,Georginio Wijnaldum,EPL,2015-16,Newcastle United,M S,38,3178,11,10,5,54,47,7.928,7.167,3.817,14.638,5.733,1,0,49499,Georginio Wijnaldum,1990-11-11,24.8,175.0,right,Midfield,Central Midfield,Netherlands,Netherlands,38,3168,11,5,762,Newcastle United,3258,15000000.0,20000000.0,0.999,1.0,0.997,same_club
838,Sadio Mané,EPL,2015-16,Southampton,F M S,37,2614,11,11,6,86,41,12.515,11.753,5.139,17.627,5.374,4,2,200512,Sadio Mané,1992-04-10,23.39,175.0,right,Attack,Left Winger,Senegal,Senegal,37,2607,11,7,180,Southampton FC,2962,18000000.0,20000000.0,0.999,1.0,0.997,same_club
841,Graziano Pellè,EPL,2015-16,Southampton,F S,30,2167,11,11,6,80,37,7.35,7.35,3.987,13.013,3.893,6,0,29594,Graziano Pellè,1985-07-15,30.13,194.0,right,Attack,Centre-Forward,Italy,Italy,30,2172,11,7,180,Southampton FC,2514,11000000.0,11000000.0,0.999,1.0,0.998,same_club
865,Marko Arnautovic,EPL,2015-16,Stoke,F M S,34,2836,11,8,6,70,50,12.059,9.776,6.118,18.741,6.816,2,0,41384,Marko Arnautovic,1989-04-19,26.37,192.0,both,Attack,Centre-Forward,Austria,Austria,34,2819,11,6,512,Stoke City,2819,5000000.0,10000000.0,0.998,1.0,0.994,same_club
482,Roberto Firmino,EPL,2015-16,Liverpool,F M S,31,2005,10,10,7,63,49,7.131,7.131,5.397,16.399,6.83,1,0,131789,Roberto Firmino,1991-10-02,23.92,181.0,right,Attack,Centre-Forward,Brazil,Brazil,31,1983,10,8,31,Liverpool FC,2914,25000000.0,35000000.0,0.997,1.0,0.989,same_club
645,Dele Alli,EPL,2015-16,Tottenham,M S,33,2490,10,10,9,74,55,8.316,8.316,6.803,18.7,6.462,7,0,207929,Dele Alli,1996-04-11,19.39,188.0,right,Midfield,Attacking Midfield,England,England,33,2480,10,9,148,Tottenham Hotspur,3209,5000000.0,20000000.0,0.999,1.0,0.996,same_club
839,Shane Long,EPL,2015-16,Southampton,F M S,28,2114,10,10,4,64,33,10.617,10.617,2.713,13.091,3.421,2,0,37304,Shane Long,1987-01-22,28.61,180.0,both,Attack,Centre-Forward,Ireland,Ireland,28,2111,10,4,180,Southampton FC,2257,9000000.0,10000000.0,1.0,1.0,0.999,same_club
536,Dimitri Payet,EPL,2015-16,West Ham,F M S,30,2576,9,9,12,69,119,5.749,5.749,11.666,16.933,6.889,3,0,37647,Dimitri Payet,1987-03-29,28.43,175.0,right,Midfield,Attacking Midfield,France,Réunion,30,2573,9,12,379,West Ham United,3166,13000000.0,23000000.0,1.0,1.0,0.999,same_club
537,Andy Carroll,EPL,2015-16,West Ham,F S,27,1411,9,8,2,56,20,6.138,5.377,2.762,8.771,3.07,2,0,48066,Andy Carroll,1989-01-06,26.65,193.0,left,Attack,Centre-Forward,England,England,27,1434,9,1,379,West Ham United,1669,10000000.0,10000000.0,0.995,1.0,0.984,same_club
606,Christian Benteke,EPL,2015-16,Liverpool,F S,29,1496,9,8,3,61,31,9.982,9.221,2.782,10.236,1.253,2,0,50201,Christian Benteke,1990-12-03,24.74,190.0,right,Attack,Centre-Forward,Belgium,Zaire,29,1520,9,3,31,Liverpool FC,2132,20000000.0,27000000.0,0.995,1.0,0.984,same_club
773,Aleksandar Mitrovic,EPL,2015-16,Newcastle United,F S,34,2103,9,7,4,79,30,10.339,8.817,2.224,10.393,2.872,4,2,51152,Aleksandar Mitrović,1994-09-16,20.96,189.0,right,Attack,Centre-Forward,Serbia,Yugoslavia (Republic),34,2116,9,4,762,Newcastle United,2206,11000000.0,14000000.0,0.998,1.0,0.994,same_club
813,Salomón Rondón,EPL,2015-16,West Bromwich Albion,F S,34,2581,9,9,2,71,28,9.897,9.897,1.919,9.413,2.563,1,1,80197,Salomón Rondón,1989-09-16,25.96,186.0,right,Attack,Centre-Forward,Venezuela,Venezuela,34,2567,9,3,984,West Bromwich Albion,3045,15000000.0,15000000.0,0.998,1.0,0.995,same_club
483,Daniel Sturridge,EPL,2015-16,Liverpool,F S,14,981,8,8,1,48,7,5.742,5.742,0.516,7.219,1.666,0,0,47082,Daniel Sturridge,1989-09-01,26.0,182.0,left,Attack,Centre-Forward,England,England,14,980,8,1,31,Liverpool FC,1521,25000000.0,25000000.0,1.0,1.0,0.999,same_club
488,Philippe Coutinho,EPL,2015-16,Liverpool,F M S,26,2019,8,8,5,111,50,6.496,6.496,5.286,16.146,6.786,2,1,80444,Philippe Coutinho,1992-06-12,23.22,172.0,right,Midfield,Attacking Midfield,Brazil,Brazil,26,2003,8,5,31,Liverpool FC,3021,30000000.0,32000000.0,0.998,1.0,0.992,same_club
531,Michail Antonio,EPL,2015-16,West Ham,D F M S,26,2074,8,8,3,54,24,5.896,5.896,2.849,10.222,4.378,3,0,104124,Michail Antonio,1990-03-28,25.43,180.0,right,Attack,Centre-Forward,Jamaica,England,26,2062,8,4,379,West Ham United,2562,2500000.0,7000000.0,0.998,1.0,0.994,same_club
592,Ross Barkley,EPL,2015-16,Everton,M S,38,3102,8,6,8,95,56,8.794,7.271,5.908,20.876,11.841,4,0,131978,Ross Barkley,1993-12-05,21.74,189.0,right,Midfield,Central Midfield,England,England,38,3086,8,8,29,Everton FC,3422,16000000.0,22000000.0,0.998,1.0,0.995,same_club
620,Kelechi Iheanacho,EPL,2015-16,Manchester City,F M S,26,727,8,8,1,28,14,4.938,4.938,1.586,6.361,1.121,1,0,295330,Kelechi Iheanacho,1996-10-03,18.91,185.0,left,Attack,Centre-Forward,Nigeria,Nigeria,26,753,8,2,281,Manchester City,1091,100000.0,5000000.0,0.99,1.0,0.965,same_club
629,Wayne Rooney,EPL,2015-16,Manchester United,F M S,28,2411,8,7,6,72,43,7.317,6.556,4.48,13.665,5.081,4,0,3332,Wayne Rooney,1985-10-24,29.85,176.0,right,Attack,Centre-Forward,England,England,28,2410,8,6,985,Manchester United,3335,40000000.0,35000000.0,1.0,1.0,1.0,same_club
447,Kevin De Bruyne,EPL,2015-16,Manchester City,M S,25,2006,7,7,9,49,81,4.308,4.308,8.332,16.136,8.065,2,0,88755,Kevin De Bruyne,1991-06-28,24.18,181.0,right,Midfield,Attacking Midfield,Belgium,Belgium,25,2003,7,9,281,Manchester City,3088,45000000.0,60000000.0,1.0,1.0,0.999,same_club
447,Kevin De Bruyne,EPL,2015-16,Manchester City,M S,25,2006,7,7,9,49,81,4.308,4.308,8.332,16.136,8.065,2,0,88755,Kevin De Bruyne,1991-06-28,24.18,181.0,right,Midfield,Attacking Midfield,Belgium,Belgium,25,2003,7,9,281,Manchester City,3088,45000000.0,60000000.0,0.995,1.0,0.982,same_club
533,Mark Noble,EPL,2015-16,West Ham,M,37,3221,7,4,4,34,50,3.88,1.596,3.243,10.757,8.088,8,1,31835,Mark Noble,1987-05-08,28.32,180.0,right,Midfield,Central Midfield,England,England,37,3205,7,4,379,West Ham United,3945,7000000.0,7000000.0,0.999,1.0,0.995,same_club
672,Jordan Ayew,EPL,2015-16,Aston Villa,F M S,30,2356,7,6,0,59,18,4.693,3.931,1.473,5.214,1.896,6,1,108354,Jordan Ayew,1991-09-11,23.97,182.0,right,Attack,Centre-Forward,Ghana,France,30,2353,7,0,405,Aston Villa,2552,6000000.0,7500000.0,1.0,1.0,0.999,same_club
687,Pedro,EPL,2015-16,Chelsea,M S,29,2061,7,7,2,57,42,6.12,6.12,4.615,16.05,6.954,3,0,65278,Pedro,1987-07-28,28.1,167.0,both,Attack,Right Winger,Spain,Spain,29,2043,7,3,631,Chelsea FC,2763,20000000.0,23000000.0,0.997,1.0,0.991,same_club
795,Dieumerci Mbokani,EPL,2015-16,Norwich,F S,29,1568,7,7,1,37,25,6.585,6.585,1.538,7.873,1.314,0,0,44624,Dieumerci Mbokani,1985-11-22,29.77,185.0,right,Attack,Centre-Forward,DR Congo,Zaire,29,1588,7,1,1123,Norwich City,1588,8500000.0,7000000.0,0.996,1.0,0.987,same_club
840,Dusan Tadic,EPL,2015-16,Southampton,M S,34,2318,7,6,12,57,74,6.418,5.657,8.644,17.131,5.14,2,0,36139,Dušan Tadić,1988-11-20,26.78,181.0,left,Attack,Right Winger,Serbia,Jugoslawien (SFR),34,2292,8,13,180,Southampton FC,2498,15000000.0,15000000.0,0.963,1.0,0.989,same_club
871,Bojan,EPL,2015-16,Stoke,F M S,27,1741,7,5,1,36,26,4.585,3.063,1.804,8.157,4.418,2,0,44675,Bojan Krkic,1990-08-28,25.01,173.0,right,Attack,Second Striker,Spain,Spain,27,1706,7,1,512,Stoke City,1781,7000000.0,10000000.0,0.964,0.95,0.98,same_club
465,Joshua King,EPL,2015-16,Bournemouth,F M S,31,1931,6,6,2,55,25,5.713,5.713,3.536,9.763,1.439,1,0,91059,Joshua King,1992-01-15,23.63,180.0,right,Attack,Centre-Forward,Norway,Norway,31,1924,6,3,989,AFC Bournemouth,2104,1000000.0,2000000.0,0.999,1.0,0.996,same_club
499,Mesut Özil,EPL,2015-16,Arsenal,M,35,3065,6,6,19,48,146,7.923,7.923,17.619,32.786,18.351,4,0,35664,Mesut Özil,1988-10-15,26.88,180.0,left,Midfield,Attacking Midfield,Germany,Germany,35,3048,6,19,11,Arsenal FC,3940,40000000.0,50000000.0,0.998,1.0,0.994,same_club
535,Manuel Lanzini,EPL,2015-16,West Ham,F M S,26,1941,6,6,2,48,33,4.531,4.531,2.836,12.438,5.984,3,0,135853,Manuel Lanzini,1993-02-15,22.54,170.0,right,Midfield,Attacking Midfield,Argentina,Argentina,26,1919,6,2,379,West Ham United,2196,6000000.0,9000000.0,0.997,1.0,0.989,same_club
554,Juan Mata,EPL,2015-16,Manchester United,M S,38,2907,6,5,5,57,53,6.46,5.699,5.284,15.268,7.583,4,1,44068,Juan Mata,1988-04-28,27.34,170.0,left,Midfield,Attacking Midfield,Spain,Spain,38,2899,6,7,985,Manchester United,4015,34000000.0,34000000.0,0.999,1.0,0.997,same_club
618,Raheem Sterling,EPL,2015-16,Manchester City,F M S,31,1943,6,6,2,52,35,7.149,7.149,3.247,14.019,4.699,1,0,134425,Raheem Sterling,1994-12-08,20.73,170.0,right,Attack,Right Winger,England,Jamaica,31,1924,6,2,281,Manchester City,2654,40000000.0,45000000.0,0.997,1.0,0.99,same_club
646,Christian Eriksen,EPL,2015-16,Tottenham,M S,35,2950,6,6,13,100,115,5.512,5.512,9.809,22.975,14.477,2,0,69633,Christian Eriksen,1992-02-14,23.55,182.0,right,Midfield,Attacking Midfield,Denmark,Denmark,35,2942,6,15,148,Tottenham Hotspur,3817,27000000.0,29000000.0,0.999,1.0,0.997,same_club
717,Bafétimbi Gomis,EPL,2015-16,Swansea,F S,33,1685,6,5,0,59,17,6.098,5.337,2.412,8.544,2.369,0,0,22388,Bafétimbi Gomis,1985-08-06,30.07,184.0,right,Attack,Centre-Forward,France,France,33,1696,6,0,2288,Swansea City,1786,8000000.0,8000000.0,0.998,1.0,0.994,same_club
756,Leonardo Ulloa,EPL,2015-16,Leicester,F S,29,942,6,5,2,34,14,6.906,6.145,1.467,9.505,3.482,0,0,54890,Leonardo Ulloa,1986-07-26,29.1,188.0,right,Attack,Centre-Forward,Argentina,Argentina,29,968,6,3,1003,Leicester City,1148,8500000.0,8000000.0,0.992,1.0,0.973,same_club
770,Ayoze Pérez,EPL,2015-16,Newcastle United,F M S,34,2046,6,6,2,50,30,3.796,3.796,2.895,8.32,3.632,4,0,246968,Ayoze Pérez,1993-07-29,22.09,178.0,right,Attack,Centre-Forward,Spain,Spain,34,2047,6,2,762,Newcastle United,2137,7000000.0,8000000.0,1.0,1.0,1.0,same_club
790,Nathan Redmond,EPL,2015-16,Norwich,M S,35,2321,6,6,3,54,45,3.432,3.432,3.645,9.673,6.095,0,0,129078,Nathan Redmond,1994-03-06,21.49,173.0,right,Attack,Right Winger,England,England,35,2337,6,2,1123,Norwich City,2364,6500000.0,7500000.0,0.998,1.0,0.993,same_club
878,Yaya Touré,EPL,2015-16,Manchester City,M S,32,2345,6,5,5,77,44,5.663,4.902,4.417,13.864,8.84,3,0,13091,Yaya Touré,1983-05-13,32.3,188.0,right,Midfield,Central Midfield,Cote d'Ivoire,Cote d'Ivoire,32,2332,6,5,281,Manchester City,3074,22000000.0,20000000.0,0.998,1.0,0.994,same_club
468,Callum Wilson,EPL,2015-16,Bournemouth,F S,13,769,5,4,0,17,7,2.346,1.585,1.084,3.301,0.81,0,0,123682,Callum Wilson,1992-02-27,23.51,180.0,right,Attack,Centre-Forward,England,England,13,771,5,0,989,AFC Bournemouth,771,7000000.0,7000000.0,0.999,1.0,0.997,same_club
484,Divock Origi,EPL,2015-16,Liverpool,F S,16,660,5,5,1,24,9,3.355,3.355,0.502,3.106,0.26,0,0,148368,Divock Origi,1995-04-18,20.37,189.0,right,Attack,Centre-Forward,Belgium,Belgium,16,664,5,1,31,Liverpool FC,1322,9000000.0,11000000.0,0.998,1.0,0.994,same_club
489,James Milner,EPL,2015-16,Liverpool,F M,28,2428,5,4,11,39,61,3.398,2.637,5.385,9.699,6.06,9,1,3333,James Milner,1986-01-04,29.66,175.0,right,Midfield,Central Midfield,England,England,28,2416,5,11,31,Liverpool FC,3446,14000000.0,15000000.0,0.999,1.0,0.995,same_club
503,Theo Walcott,EPL,2015-16,Arsenal,F M S,28,1374,5,5,2,45,17,8.387,8.387,2.037,14.591,5.334,0,0,33713,Theo Walcott,1989-03-16,26.46,175.0,both,Attack,Right Winger,England,England,28,1374,5,3,11,Arsenal FC,2062,25000000.0,25000000.0,1.0,1.0,1.0,same_club
504,Aaron Ramsey,EPL,2015-16,Arsenal,M S,31,2624,5,5,4,69,37,8.614,8.614,4.046,23.283,14.176,4,0,50057,Aaron Ramsey,1990-12-26,24.68,178.0,right,Midfield,Central Midfield,Wales,Wales,31,2622,5,4,11,Arsenal FC,3044,28000000.0,30000000.0,1.0,1.0,0.999,same_club
512,Scott Dann,EPL,2015-16,Crystal Palace,D,35,3150,5,5,1,29,10,2.536,2.536,0.63,1.962,1.757,7,0,62688,Scott Dann,1987-02-14,28.54,194.0,right,Defender,Centre-Back,England,England,35,3150,5,1,873,Crystal Palace,3690,3000000.0,5000000.0,1.0,1.0,1.0,same_club
516,Yohan Cabaye,EPL,2015-16,Crystal Palace,M S,33,2728,5,2,1,67,50,6.715,3.67,3.237,7.654,4.281,7,0,29434,Yohan Cabaye,1986-01-14,29.63,173.0,right,Midfield,Central Midfield,France,France,33,2702,5,1,873,Crystal Palace,3163,16000000.0,18000000.0,0.997,1.0,0.99,same_club
518,Yannick Bolasie,EPL,2015-16,Crystal Palace,F M S,26,2075,5,5,3,57,23,4.792,4.792,3.785,7.913,1.928,2,0,75471,Yannick Bolasie,1989-05-24,26.27,185.0,right,Attack,Centre-Forward,DR Congo,France,26,2077,5,4,873,Crystal Palace,2375,10000000.0,12000000.0,1.0,1.0,0.999,same_club
519,Connor Wickham,EPL,2015-16,Crystal Palace,F M S,21,1328,5,4,3,34,12,4.318,3.557,0.87,4.548,1.545,1,0,95435,Connor Wickham,1993-03-31,22.42,189.0,right,Attack,Centre-Forward,England,England,21,1326,5,3,873,Crystal Palace,1588,5000000.0,6000000.0,1.0,1.0,0.998,same_club
532,Cheikhou Kouyaté,EPL,2015-16,West Ham,D M,34,3017,5,5,2,45,21,5.835,5.835,1.381,10.394,5.816,5,1,66934,Cheikhou Kouyaté,1989-12-21,25.69,189.0,right,Midfield,Defensive Midfield,Senegal,Senegal,34,3010,5,3,379,West Ham United,3587,11000000.0,11000000.0,0.999,1.0,0.998,same_club
556,Marcus Rashford,EPL,2015-16,Manchester United,F,11,870,5,5,2,16,6,3.025,3.025,0.76,4.797,1.243,0,0,258923,Marcus Rashford,1997-10-31,17.83,185.0,right,Attack,Left Winger,England,England,11,861,5,2,985,Manchester United,1415,,6000000.0,0.997,1.0,0.99,same_club
593,Aaron Lennon,EPL,2015-16,Everton,F M S,25,1534,5,5,0,18,23,2.226,2.226,1.698,5.535,1.904,1,0,14221,Aaron Lennon,1987-04-16,28.38,165.0,right,Attack,Right Winger,England,England,25,1540,5,1,29,Everton FC,1967,8500000.0,6000000.0,0.999,1.0,0.996,same_club
601,Arouna Koné,EPL,2015-16,Everton,F M S,25,1464,5,5,4,36,14,4.519,4.519,2.135,9.302,3.845,1,0,8552,Arouna Koné,1983-11-11,31.81,181.0,right,Attack,Centre-Forward,Cote d'Ivoire,Cote d'Ivoire,25,1459,5,3,29,Everton FC,1639,1500000.0,2500000.0,0.999,1.0,0.997,same_club
644,Erik Lamela,EPL,2015-16,Tottenham,M S,34,2404,5,5,9,58,75,6.3,6.3,8.935,19.199,9.443,9,0,111630,Erik Lamela,1992-03-04,23.49,184.0,left,Attack,Right Winger,Argentina,Argentina,34,2385,5,9,148,Tottenham Hotspur,3073,22000000.0,24000000.0,0.998,1.0,0.992,same_club
656,Diafra Sakho,EPL,2015-16,West Ham,F M S,21,1539,5,5,1,48,14,7.361,7.361,1.899,8.05,1.345,3,0,120610,Diafra Sakho,1989-12-24,25.69,184.0,right,Attack,Centre-Forward,Senegal,Senegal,21,1526,5,1,379,West Ham United,1628,10000000.0,10000000.0,0.997,1.0,0.992,same_club
671,Rudy Gestede,EPL,2015-16,Aston Villa,F S,32,1632,5,5,2,61,15,5.697,5.697,1.426,5.786,0.968,2,0,39908,Rudy Gestede,1988-10-10,26.89,193.0,right,Attack,Centre-Forward,Benin,France,32,1658,5,2,405,Aston Villa,1838,3500000.0,7000000.0,0.995,1.0,0.984,same_club
686,Cesc Fàbregas,EPL,2015-16,Chelsea,M S,37,2901,5,3,7,45,67,3.87,2.347,8.421,19.538,14.365,5,0,8806,Cesc Fàbregas,1987-05-04,28.33,179.0,right,Midfield,Central Midfield,Spain,Spain,37,2897,5,7,631,Chelsea FC,3951,50000000.0,45000000.0,1.0,1.0,0.999,same_club
700,Willian,EPL,2015-16,Chelsea,M S,35,2766,5,5,6,60,81,4.428,4.428,7.688,13.176,6.594,5,0,52769,Willian,1988-08-09,27.06,175.0,right,Attack,Left Winger,Brazil,Brazil,35,2750,5,9,631,Chelsea FC,3761,30000000.0,32000000.0,0.998,1.0,0.994,same_club
737,Fabio Borini,EPL,2015-16,Sunderland,F M S,26,1913,5,4,2,48,18,4.935,4.173,1.738,5.73,2.162,6,0,96754,Fabio Borini,1991-03-29,24.43,180.0,right,Attack,Left Winger,Italy,Italy,26,1900,5,2,289,Sunderland AFC,1900,7000000.0,6000000.0,0.998,1.0,0.993,same_club
754,Shinji Okazaki,EPL,2015-16,Leicester,F S,36,2105,5,5,0,46,20,8.608,8.608,1.134,11.455,3.896,1,0,79642,Shinji Okazaki,,,175.0,right,Attack,Centre-Forward,Japan,Japan,36,2072,5,2,1003,Leicester City,2162,8000000.0,10000000.0,0.995,1.0,0.984,same_club
863,Jonathan Walters,EPL,2015-16,Stoke,F M S,27,1718,5,5,3,32,24,5.665,5.665,2.375,9.031,1.475,1,0,3306,Jonathan Walters,1983-09-20,31.95,183.0,right,Attack,Right Winger,Ireland,England,27,1725,5,3,512,Stoke City,1815,3500000.0,3500000.0,0.999,1.0,0.996,same_club
868,Mame Biram Diouf,EPL,2015-16,Stoke,F M S,26,1246,5,5,1,30,10,5.14,5.14,0.757,5.442,0.413,3,0,62049,Mame Diouf,1987-12-16,27.71,185.0,right,Attack,Centre-Forward,Senegal,Senegal,26,1269,5,1,512,Stoke City,1374,10000000.0,8000000.0,0.965,0.95,0.982,same_club
883,Steven Davis,EPL,2015-16,Southampton,D M S,34,2637,5,5,3,20,54,2.532,2.532,4.076,11.693,8.69,4,0,28973,Steven Davis,1985-01-01,30.66,172.0,right,Midfield,Central Midfield,Northern Ireland,Northern Ireland,34,2612,5,3,180,Southampton FC,2906,5500000.0,6000000.0,0.997,1.0,0.991,same_club
453,Son Heung-Min,EPL,2015-16,Tottenham,M S,28,1110,4,4,1,38,18,4.18,4.18,0.771,7.979,4.451,0,0,91845,Heung-min Son,1992-07-08,23.15,183.0,both,Attack,Left Winger,"Korea, South","Korea, South",28,1105,4,1,148,Tottenham Hotspur,1980,16000000.0,25000000.0,0.999,1.0,0.995,same_club
453,Son Heung-Min,EPL,2015-16,Tottenham,M S,28,1110,4,4,1,38,18,4.18,4.18,0.771,7.979,4.451,0,0,91845,Heung-min Son,1992-07-08,23.15,183.0,both,Attack,Left Winger,"Korea, South","Korea, South",28,1105,4,1,148,Tottenham Hotspur,1980,16000000.0,25000000.0,0.997,1.0,0.989,same_club
458,Steve Cook,EPL,2015-16,Bournemouth,D,36,3199,4,4,0,25,6,2.055,2.055,0.914,4.234,4.04,5,0,90836,Steve Cook,1991-04-19,24.37,185.0,right,Defender,Centre-Back,England,England,36,3195,4,1,989,AFC Bournemouth,3201,2000000.0,3000000.0,1.0,1.0,0.999,same_club
461,Matt Ritchie,EPL,2015-16,Bournemouth,M S,37,2985,4,4,6,77,41,4.235,4.235,3.577,9.966,5.387,5,0,92469,Matt Ritchie,1989-09-10,25.97,173.0,left,Midfield,Right Midfield,Scotland,England,37,2977,4,6,989,AFC Bournemouth,3083,3000000.0,6000000.0,0.999,1.0,0.997,same_club
486,Adam Lallana,EPL,2015-16,Liverpool,F M S,30,2115,4,4,6,44,50,3.533,3.533,5.648,13.233,6.66,2,0,43530,Adam Lallana,1988-05-10,27.31,172.0,both,Midfield,Attacking Midfield,England,England,30,2114,4,6,31,Liverpool FC,3092,20000000.0,19000000.0,1.0,1.0,1.0,same_club
494,Laurent Koscielny,EPL,2015-16,Arsenal,D,33,2848,4,4,0,19,8,3.345,3.345,0.718,10.752,9.076,3,0,76277,Laurent Koscielny,1985-09-10,29.97,186.0,right,Defender,Centre-Back,France,France,33,2846,4,0,11,Arsenal FC,3803,20000000.0,22000000.0,1.0,1.0,0.999,same_club
501,Danny Welbeck,EPL,2015-16,Arsenal,F M S,11,581,4,4,2,20,7,2.976,2.976,0.761,3.884,1.005,1,0,67063,Danny Welbeck,1990-11-26,24.76,185.0,right,Attack,Centre-Forward,England,England,11,578,4,2,11,Arsenal FC,758,17000000.0,17000000.0,0.998,1.0,0.995,same_club
539,Enner Valencia,EPL,2015-16,West Ham,F M S,19,1014,4,4,2,34,12,4.25,4.25,1.475,5.66,0.68,1,0,139503,Enner Valencia,1989-11-04,25.82,177.0,right,Attack,Centre-Forward,Ecuador,Ecuador,19,1009,4,2,379,West Ham United,1326,11000000.0,11000000.0,0.999,1.0,0.995,same_club
558,Jesse Lingard,EPL,2015-16,Manchester United,F M S,25,1641,4,4,1,31,14,3.291,3.291,1.287,7.917,4.496,4,0,141660,Jesse Lingard,1992-12-15,22.71,174.0,right,Midfield,Attacking Midfield,England,England,25,1635,4,1,985,Manchester United,2761,1000000.0,5000000.0,0.999,1.0,0.996,same_club
595,Kevin Mirallas,EPL,2015-16,Everton,F M S,23,985,4,4,2,41,18,3.34,3.34,1.83,5.201,1.274,0,2,33639,Kevin Mirallas,1987-10-05,27.91,182.0,right,Midfield,Attacking Midfield,Belgium,Belgium,23,1005,4,2,29,Everton FC,1105,15000000.0,13000000.0,0.994,1.0,0.98,same_club
597,Ramiro Funes Mori,EPL,2015-16,Everton,D S,28,2189,4,4,1,24,6,2.909,2.909,0.759,6.418,5.725,4,1,11111,Ramiro Funes Mori,1991-03-05,24.49,187.0,left,Defender,Centre-Back,Argentina,Argentina,28,2191,4,1,29,Everton FC,2506,6000000.0,10000000.0,1.0,1.0,0.999,same_club
622,Wilfried Bony,EPL,2015-16,Manchester City,F S,26,1203,4,4,3,60,13,6.75,5.989,2.989,8.198,1.106,1,0,81808,Wilfried Bony,1988-12-10,26.72,183.0,right,Attack,Centre-Forward,Cote d'Ivoire,Cote d'Ivoire,26,1223,4,3,281,Manchester City,1501,25000000.0,23000000.0,0.995,1.0,0.984,same_club
639,Toby Alderweireld,EPL,2015-16,Tottenham,D,38,3420,4,4,2,40,10,3.025,3.025,0.822,11.275,10.826,3,0,42710,Toby Alderweireld,1989-03-02,26.5,187.0,right,Defender,Centre-Back,Belgium,Belgium,38,3420,4,2,148,Tottenham Hotspur,4410,15000000.0,27000000.0,1.0,1.0,1.0,same_club
701,Eden Hazard,EPL,2015-16,Chelsea,F M S,31,2183,4,4,3,36,66,2.578,2.578,4.175,11.917,8.381,2,0,50202,Eden Hazard,1991-01-07,24.65,175.0,right,Attack,Left Winger,Belgium,Belgium,31,2192,4,4,631,Chelsea FC,2960,70000000.0,65000000.0,0.999,1.0,0.996,same_club
730,Patrick van Aanholt,EPL,2015-16,Sunderland,D M,33,2970,4,4,3,46,30,2.542,2.542,3.797,9.134,5.07,2,0,52119,Patrick van Aanholt,1990-08-29,25.01,176.0,left,Defender,Left-Back,Netherlands,Netherlands,33,2970,5,3,289,Sunderland AFC,3060,3500000.0,4500000.0,0.967,1.0,1.0,same_club
775,Andros Townsend,EPL,2015-16,"Newcastle United,Tottenham",M S,16,1149,4,4,2,29,28,1.466,1.466,2.821,5.225,2.266,0,0,61842,Andros Townsend,1991-07-16,24.13,181.0,left,Attack,Right Winger,England,England,16,1153,4,2,"148,762","Tottenham Hotspur,Newcastle United",1322,8000000.0,9000000.0,0.999,1.0,0.997,same_club
793,Wes Hoolahan,EPL,2015-16,Norwich,M S,30,2026,4,3,8,26,49,3.468,2.706,4.912,9.97,5.996,1,0,24589,Wes Hoolahan,1982-05-20,33.28,168.0,left,Midfield,Attacking Midfield,Ireland,Ireland,30,2004,4,9,1123,Norwich City,2004,1000000.0,2000000.0,0.997,1.0,0.989,same_club
804,Craig Dawson,EPL,2015-16,West Bromwich Albion,D,38,3387,4,4,0,38,28,4.994,4.994,3.274,5.42,4.053,3,0,121477,Craig Dawson,1990-05-06,25.32,188.0,right,Defender,Centre-Back,England,England,38,3385,4,0,984,West Bromwich Albion,3592,3000000.0,5000000.0,1.0,1.0,0.999,same_club
811,Saido Berahino,EPL,2015-16,West Bromwich Albion,F M S,31,1727,4,4,0,35,18,7.118,5.596,1.014,7.961,2.119,0,0,128897,Saido Berahino,1993-08-04,22.08,180.0,right,Attack,Centre-Forward,Burundi,Burundi,31,1742,4,0,984,West Bromwich Albion,2069,15000000.0,15000000.0,0.997,1.0,0.991,same_club
824,Steven Naismith,EPL,2015-16,"Everton,Norwich",M S,23,1343,4,4,1,25,20,3.012,3.012,2.08,6.797,3.737,3,0,12763,Steven Naismith,1986-09-14,28.96,178.0,right,Attack,Second Striker,Scotland,Scotland,23,1331,4,2,"29,1123","Everton FC,Norwich City",1331,5000000.0,6000000.0,0.997,1.0,0.991,same_club
826,Benik Afobe,EPL,2015-16,Bournemouth,F M S,15,950,4,4,0,14,12,3.396,3.396,0.638,3.453,0.59,0,0,110858,Benik Afobe,1993-02-12,22.55,183.0,right,Attack,Centre-Forward,DR Congo,England,15,938,4,0,989,AFC Bournemouth,938,1500000.0,9000000.0,0.996,1.0,0.987,same_club
866,Joselu,EPL,2015-16,Stoke,F S,22,1072,4,4,1,29,10,3.421,3.421,0.889,4.795,1.971,0,0,81999,Joselu,1990-03-27,25.43,191.0,right,Attack,Centre-Forward,Spain,Germany,22,1091,4,2,512,Stoke City,1271,6000000.0,6000000.0,0.995,1.0,0.983,same_club
930,Steven Fletcher,EPL,2015-16,Sunderland,F S,16,1021,4,4,0,25,8,3.109,3.109,0.806,3.554,0.696,0,0,35099,Steven Fletcher,1987-03-26,28.44,185.0,left,Attack,Centre-Forward,Scotland,England,16,1015,4,1,289,Sunderland AFC,2024,4500000.0,3000000.0,0.998,1.0,0.994,same_club
930,Steven Fletcher,EPL,2015-16,Sunderland,F S,16,1021,4,4,0,25,8,3.109,3.109,0.806,3.554,0.696,0,0,35099,Steven Fletcher,1987-03-26,28.44,185.0,left,Attack,Centre-Forward,Scotland,England,16,1015,4,1,289,Sunderland AFC,2024,4500000.0,3000000.0,1.0,1.0,0.999,same_club
459,Charlie Daniels,EPL,2015-16,Bournemouth,D,37,3288,3,1,5,20,37,2.93,1.408,2.49,7.96,5.75,2,0,61819,Charlie Daniels,1986-09-07,28.98,178.0,left,Defender,Left-Back,England,England,37,3285,3,5,989,AFC Bournemouth,3375,1000000.0,2000000.0,1.0,1.0,0.999,same_club
462,Dan Gosling,EPL,2015-16,Bournemouth,M S,34,2442,3,3,1,40,27,3.228,3.228,1.897,6.996,2.622,6,0,44983,Dan Gosling,1990-02-01,25.58,180.0,right,Midfield,Central Midfield,England,England,34,2398,3,2,989,AFC Bournemouth,2475,1500000.0,2000000.0,0.995,1.0,0.982,same_club
463,Junior Stanislas,EPL,2015-16,Bournemouth,M S,21,1448,3,3,2,44,34,2.733,2.733,3.781,7.689,2.572,1,0,87672,Junior Stanislas,1989-11-26,25.76,183.0,right,Attack,Left Winger,England,England,21,1441,3,2,989,AFC Bournemouth,1531,1000000.0,4000000.0,0.999,1.0,0.995,same_club
466,Marc Pugh,EPL,2015-16,Bournemouth,M S,26,1328,3,3,2,22,13,2.465,2.465,1.198,4.76,1.533,1,0,36939,Marc Pugh,1987-04-02,28.42,180.0,right,Attack,Left Winger,England,England,26,1334,3,3,989,AFC Bournemouth,1452,1500000.0,2000000.0,0.999,1.0,0.996,same_club
506,Joel Campbell,EPL,2015-16,Arsenal,M S,19,891,3,3,2,19,13,2.594,2.594,2.831,7.518,3.569,0,0,131248,Joel Campbell,1992-06-26,23.18,178.0,left,Attack,Second Striker,Costa Rica,Costa Rica,19,884,3,3,11,Arsenal FC,1458,5000000.0,8000000.0,0.998,1.0,0.992,same_club
552,Ander Herrera,EPL,2015-16,Manchester United,M S,27,1535,3,2,2,24,21,2.77,2.009,2.138,6.95,4.082,4,0,99343,Ander Herrera,1989-08-14,26.05,182.0,right,Midfield,Central Midfield,Spain,Spain,27,1533,3,2,985,Manchester United,2261,28000000.0,28000000.0,1.0,1.0,0.999,same_club
621,Aleksandar Kolarov,EPL,2015-16,Manchester City,D S,29,2282,3,3,3,39,38,2.39,1.629,2.885,8.196,6.378,3,0,46156,Aleksandar Kolarov,1985-11-10,29.81,187.0,left,Defender,Left-Back,Serbia,Jugoslawien (SFR),29,2281,3,4,281,Manchester City,2852,11000000.0,11000000.0,1.0,1.0,1.0,same_club
642,Mousa Dembélé,EPL,2015-16,Tottenham,M S,29,2286,3,3,1,22,28,1.483,1.483,0.832,9.668,8.316,3,0,19368,Mousa Dembélé,1987-07-16,28.13,185.0,left,Midfield,Central Midfield,Belgium,Belgium,29,2273,3,1,148,Tottenham Hotspur,2512,14000000.0,18000000.0,0.998,1.0,0.994,same_club
643,Eric Dier,EPL,2015-16,Tottenham,D M,37,3271,3,3,2,30,18,1.645,1.645,1.38,15.38,13.924,10,0,175722,Eric Dier,1994-01-15,21.63,191.0,right,Defender,Centre-Back,England,England,37,3268,3,2,148,Tottenham Hotspur,4275,10000000.0,18000000.0,1.0,1.0,0.999,same_club
648,Nacer Chadli,EPL,2015-16,Tottenham,M S,29,922,3,3,2,25,24,2.93,2.93,2.76,6.458,3.047,1,0,59631,Nacer Chadli,1989-08-02,26.08,187.0,right,Attack,Left Winger,Belgium,Belgium,29,938,3,2,148,Tottenham Hotspur,1612,13000000.0,13000000.0,0.995,1.0,0.983,same_club
692,Oscar,EPL,2015-16,Chelsea,M S,27,1785,3,2,3,52,29,5.172,3.65,3.298,10.236,5.517,4,0,85314,Oscar,1991-09-09,23.98,180.0,right,Midfield,Attacking Midfield,Brazil,Brazil,27,1774,3,3,631,Chelsea FC,2318,38000000.0,35000000.0,0.998,1.0,0.994,same_club
743,Dwight Gayle,EPL,2015-16,Crystal Palace,F M S,16,755,3,3,0,22,8,3.891,3.891,0.715,4.844,0.909,1,1,196522,Dwight Gayle,1989-10-17,25.87,174.0,right,Attack,Centre-Forward,England,England,16,769,3,0,873,Crystal Palace,803,4000000.0,3000000.0,0.995,1.0,0.982,same_club
747,Robert Huth,EPL,2015-16,Leicester,D,35,3150,3,3,0,28,2,3.452,3.452,0.69,4.602,3.965,8,0,2998,Robert Huth,1984-08-18,31.04,,,Defender,Centre-Back,Germany,East Germany (GDR),35,3150,3,0,1003,Leicester City,3150,5000000.0,6000000.0,1.0,1.0,1.0,same_club
781,Jeremain Lens,EPL,2015-16,Sunderland,F M S,20,1299,3,3,3,26,18,1.34,1.34,2.981,5.824,2.448,3,1,38497,Jeremain Lens,1987-11-24,27.77,178.0,right,Attack,Right Winger,Netherlands,Netherlands,20,1294,3,3,289,Sunderland AFC,1384,12000000.0,11000000.0,0.999,1.0,0.996,same_club
788,Russell Martin,EPL,2015-16,Norwich,D,30,2699,3,3,0,18,8,1.842,1.842,1.066,3.954,2.832,4,1,67303,Russell Martin,1986-01-04,29.66,183.0,right,Defender,Centre-Back,Scotland,England,30,2698,3,0,1123,Norwich City,2788,3000000.0,3000000.0,1.0,1.0,1.0,same_club
789,Robbie Brady,EPL,2015-16,Norwich,D M S,36,2996,3,3,2,53,54,2.794,2.794,5.049,6.696,3.042,3,0,128229,Robbie Brady,1992-01-14,23.63,176.0,left,Midfield,Left Midfield,Ireland,Ireland,36,2987,3,2,1123,Norwich City,2987,2000000.0,6000000.0,0.999,1.0,0.997,same_club
792,Jonny Howson,EPL,2015-16,Norwich,M S,36,2960,3,3,4,35,26,2.252,2.252,2.895,8.286,5.197,7,0,45395,Jonathan Howson,1988-05-21,27.28,180.0,right,Midfield,Central Midfield,England,England,36,2953,3,4,1123,Norwich City,3016,3000000.0,4000000.0,0.969,0.95,0.998,same_club
794,Cameron Jerome,EPL,2015-16,Norwich,F S,34,1770,3,3,2,46,8,8.215,8.215,0.375,6.645,1.184,2,0,35855,Cameron Jerome,1986-08-14,29.05,185.0,right,Attack,Centre-Forward,England,England,34,1776,3,2,1123,Norwich City,1866,3000000.0,3000000.0,0.999,1.0,0.997,same_club
812,Craig Gardner,EPL,2015-16,West Bromwich Albion,M S,34,2037,3,3,3,46,24,4.136,3.375,3.02,5.186,1.702,5,0,37171,Craig Gardner,1986-11-25,28.77,176.0,right,Midfield,Central Midfield,England,England,34,2035,3,3,984,West Bromwich Albion,2335,3000000.0,3000000.0,1.0,1.0,0.999,same_club
833,Virgil van Dijk,EPL,2015-16,Southampton,D,34,3060,3,3,0,29,9,3.3,3.3,1.341,5.701,5.422,2,0,139208,Virgil van Dijk,1991-07-08,24.15,195.0,right,Defender,Centre-Back,Netherlands,Netherlands,34,3060,3,0,180,Southampton FC,4050,5000000.0,12000000.0,1.0,1.0,1.0,same_club
850,Papiss Demba Cissé,EPL,2015-16,Newcastle United,F S,21,1079,3,3,0,23,10,3.089,3.089,0.684,2.88,0.437,1,0,33952,Papiss Cissé,1985-06-03,30.25,180.0,right,Attack,Centre-Forward,Senegal,Senegal,21,1069,3,0,762,Newcastle United,1069,8000000.0,7500000.0,0.967,0.95,0.991,same_club
882,Glenn Murray,EPL,2015-16,"Bournemouth,Crystal Palace",F S,21,789,3,3,0,25,9,4.022,3.261,0.515,4.099,1.383,2,0,45693,Glenn Murray,1983-09-25,31.93,186.0,right,Attack,Centre-Forward,England,England,21,796,3,0,"873,989","Crystal Palace,AFC Bournemouth",889,2500000.0,4000000.0,0.997,1.0,0.991,same_club
888,Xherdan Shaqiri,EPL,2015-16,Stoke,F M,27,2072,3,3,6,40,50,3.075,3.075,6.421,9.374,4.221,3,0,86792,Xherdan Shaqiri,1991-10-10,23.89,169.0,left,Midfield,Attacking Midfield,Switzerland,Jugoslawien (SFR),27,2029,3,6,512,Stoke City,2119,17000000.0,15000000.0,0.994,1.0,0.979,same_club
919,Duncan Watmore,EPL,2015-16,Sunderland,F M S,23,880,3,3,1,14,12,1.465,1.465,0.947,2.236,0.253,0,0,248045,Duncan Watmore,1994-03-08,21.48,175.0,right,Attack,Right Winger,England,England,23,907,3,1,289,Sunderland AFC,997,250000.0,1500000.0,0.991,1.0,0.97,same_club
939,Mauro Zárate,EPL,2015-16,West Ham,F M S,15,796,3,3,0,29,20,1.551,1.551,1.342,3.807,2.485,1,0,26456,Mauro Zárate,1987-03-18,28.46,175.0,right,Attack,Centre-Forward,Argentina,Argentina,15,790,3,0,379,West Ham United,2036,3000000.0,2500000.0,0.998,1.0,0.992,same_club
939,Mauro Zárate,EPL,2015-16,West Ham,F M S,15,796,3,3,0,29,20,1.551,1.551,1.342,3.807,2.485,1,0,26456,Mauro Zárate,1987-03-18,28.46,175.0,right,Attack,Centre-Forward,Argentina,Argentina,15,790,3,0,379,West Ham United,2036,3000000.0,2500000.0,0.999,1.0,0.996,same_club
990,James Morrison,EPL,2015-16,West Bromwich Albion,M S,18,1354,3,3,3,24,15,1.891,1.13,1.123,3.43,1.714,3,0,27614,James Morrison,1986-05-25,29.27,183.0,right,Midfield,Central Midfield,Scotland,England,18,1342,3,3,984,West Bromwich Albion,1432,5000000.0,5000000.0,0.997,1.0,0.991,same_club
480,Joe Allen,EPL,2015-16,Liverpool,M S,19,720,2,2,1,12,12,1.385,1.385,1.36,3.998,2.387,0,0,51452,Joe Allen,1990-03-14,25.47,170.0,right,Midfield,Central Midfield,Wales,Wales,19,729,2,1,31,Liverpool FC,1409,10000000.0,8000000.0,0.996,1.0,0.988,same_club
500,Alex Iwobi,EPL,2015-16,Arsenal,M S,13,639,2,2,2,15,12,1.549,1.549,1.511,5.324,3.207,0,0,242631,Alex Iwobi,1996-05-03,19.33,183.0,right,Attack,Left Winger,Nigeria,Nigeria,13,632,2,2,11,Arsenal FC,1035,,1000000.0,0.997,1.0,0.989,same_club
510,Joel Ward,EPL,2015-16,Crystal Palace,D,30,2694,2,2,1,17,13,1.151,1.151,1.8,7.403,5.379,4,0,92572,Joel Ward,1989-10-29,25.84,186.0,right,Defender,Right-Back,England,England,30,2692,2,1,873,Crystal Palace,3262,4000000.0,5000000.0,1.0,1.0,0.999,same_club
511,Damien Delaney,EPL,2015-16,Crystal Palace,D,32,2880,2,2,3,21,10,1.834,1.834,2.691,3.015,1.736,2,0,36861,Damien Delaney,1981-07-20,34.12,190.0,left,Defender,Centre-Back,Ireland,Ireland,32,2880,2,3,873,Crystal Palace,3450,1000000.0,2000000.0,1.0,1.0,1.0,same_club
514,Jason Puncheon,EPL,2015-16,Crystal Palace,F M,31,2647,2,2,3,54,59,3.874,3.874,4.143,10.057,5.015,3,0,47995,Jason Puncheon,1986-06-18,29.2,173.0,left,Midfield,Central Midfield,England,England,31,2624,2,3,873,Crystal Palace,2933,5000000.0,5000000.0,0.997,1.0,0.991,same_club
520,Bakary Sako,EPL,2015-16,Crystal Palace,F M S,20,1073,2,2,1,34,9,2.36,2.36,1.889,4.877,1.957,1,0,46791,Bakary Sako,1988-04-26,27.35,183.0,left,Attack,Left Winger,,,20,1071,2,1,873,Crystal Palace,1124,4000000.0,8000000.0,0.999,1.0,0.998,same_club
522,Wilfried Zaha,EPL,2015-16,Crystal Palace,F M S,34,2507,2,2,1,32,41,2.625,2.625,4.475,9.616,3.584,5,0,145988,Wilfried Zaha,1992-11-10,22.81,180.0,right,Attack,Left Winger,Cote d'Ivoire,Cote d'Ivoire,34,2492,2,5,873,Crystal Palace,3062,6000000.0,8000000.0,0.998,1.0,0.994,same_club
534,Aaron Cresswell,EPL,2015-16,West Ham,D M,37,3319,2,2,4,28,40,1.093,1.093,3.295,10.339,6.831,1,0,92571,Aaron Cresswell,1989-12-15,25.71,170.0,left,Defender,Left-Back,England,England,37,3315,2,4,379,West Ham United,4185,8000000.0,10000000.0,1.0,1.0,0.999,same_club
555,Memphis Depay,EPL,2015-16,Manchester United,F M S,29,1470,2,2,0,57,12,4.734,4.734,1.223,7.543,2.94,2,0,167850,Memphis Depay,1994-02-13,21.55,178.0,right,Attack,Centre-Forward,Netherlands,Netherlands,29,1475,2,1,985,Manchester United,2385,28000000.0,25000000.0,0.999,1.0,0.997,same_club
566,Sebastian Prödl,EPL,2015-16,Watford,D S,21,1774,2,2,0,13,2,1.534,1.534,0.129,1.934,1.906,5,0,37981,Sebastian Prödl,1987-06-21,28.2,194.0,right,Defender,Centre-Back,Austria,Austria,21,1776,2,0,1010,Watford FC,2046,3000000.0,4000000.0,1.0,1.0,0.999,same_club
569,Almen Abdi,EPL,2015-16,Watford,F M S,32,1998,2,2,0,38,32,2.068,2.068,2.6,8.051,5.146,4,0,9966,Almen Abdi,1986-10-21,28.86,181.0,right,Midfield,Central Midfield,Switzerland,Jugoslawien (SFR),32,1982,2,0,1010,Watford FC,2245,2500000.0,3500000.0,0.998,1.0,0.992,same_club
571,Ben Watson,EPL,2015-16,Watford,M S,35,2814,2,2,0,17,33,0.492,0.492,2.123,5.762,5.366,4,0,14081,Ben Watson,1985-07-09,30.15,178.0,right,Midfield,Central Midfield,England,England,35,2815,1,2,1010,Watford FC,3265,1500000.0,1500000.0,0.967,1.0,1.0,same_club
588,Leighton Baines,EPL,2015-16,Everton,D S,18,1473,2,1,1,9,22,1.209,0.448,1.665,4.167,2.981,0,0,13507,Leighton Baines,1984-12-11,30.72,170.0,left,Defender,Left-Back,England,England,18,1477,2,2,29,Everton FC,1657,18000000.0,17000000.0,0.999,1.0,0.997,same_club
589,James McCarthy,EPL,2015-16,Everton,M,29,2445,2,2,2,16,14,0.819,0.819,1.388,9.486,7.581,5,1,45333,James McCarthy,1990-11-12,24.8,180.0,right,Midfield,Central Midfield,Ireland,Scotland,29,2435,2,2,29,Everton FC,2795,17000000.0,17000000.0,0.999,1.0,0.996,same_club
591,Gerard Deulofeu,EPL,2015-16,Everton,F M S,26,1389,2,2,8,9,35,1.414,1.414,5.973,8.984,3.342,2,0,129476,Gerard Deulofeu,1994-03-13,21.47,177.0,right,Attack,Centre-Forward,Spain,Spain,26,1384,2,9,29,Everton FC,1404,6000000.0,9000000.0,0.999,1.0,0.996,same_club
596,Tom Cleverley,EPL,2015-16,Everton,M S,22,1618,2,2,4,24,23,1.491,1.491,2.25,6.335,4.329,1,0,73484,Tom Cleverley,1989-08-12,26.05,175.0,right,Midfield,Central Midfield,England,England,22,1614,2,5,29,Everton FC,1974,9000000.0,9000000.0,0.999,1.0,0.998,same_club
605,Jordan Henderson,EPL,2015-16,Liverpool,M S,17,1300,2,2,3,26,18,1.527,1.527,1.3,5.803,4.534,1,0,61651,Jordan Henderson,1990-06-17,25.21,182.0,right,Midfield,Defensive Midfield,England,England,17,1293,2,3,31,Liverpool FC,1756,28000000.0,28000000.0,0.998,1.0,0.995,same_club
612,Vincent Kompany,EPL,2015-16,Manchester City,D S,14,1179,2,2,0,11,3,0.417,0.417,0.081,2.951,2.917,5,0,9594,Vincent Kompany,1986-04-10,29.39,190.0,right,Defender,Centre-Back,Belgium,Belgium,14,1179,2,0,281,Manchester City,1542,30000000.0,30000000.0,1.0,1.0,1.0,same_club
614,Fernandinho,EPL,2015-16,Manchester City,M S,33,2736,2,2,2,29,29,1.232,1.232,2.512,12.034,10.304,8,0,26267,Fernandinho,1985-05-04,30.33,179.0,right,Midfield,Defensive Midfield,Brazil,Brazil,33,2732,2,3,281,Manchester City,3860,28000000.0,28000000.0,1.0,1.0,0.999,same_club
615,Fernando,EPL,2015-16,Manchester City,M S,24,1703,2,2,0,15,8,2.897,2.897,0.329,4.508,4.396,4,0,51174,Fernando,1987-07-25,28.1,183.0,right,Midfield,Defensive Midfield,Brazil,Brazil,24,1697,2,0,281,Manchester City,2734,16000000.0,16000000.0,0.999,1.0,0.996,same_club
617,David Silva,EPL,2015-16,Manchester City,M S,24,1818,2,2,11,29,67,2.599,2.599,4.728,11.535,7.523,1,0,35518,David Silva,1986-01-08,29.65,170.0,left,Midfield,Attacking Midfield,Spain,Spain,24,1801,2,11,281,Manchester City,2430,38000000.0,33000000.0,0.997,1.0,0.991,same_club
633,James McArthur,EPL,2015-16,Crystal Palace,M S,28,2206,2,2,2,16,22,1.058,1.058,1.085,6.163,4.225,5,0,41416,James McArthur,1987-10-07,27.9,178.0,both,Midfield,Central Midfield,Scotland,Scotland,28,2192,2,2,873,Crystal Palace,2328,7000000.0,7000000.0,0.998,1.0,0.994,same_club
669,Ashley Westwood,EPL,2015-16,Aston Villa,M S,32,2720,2,2,2,38,41,1.746,1.746,3.152,6.387,4.117,6,0,91317,Ashley Westwood,1990-04-01,25.42,174.0,right,Midfield,Defensive Midfield,England,England,32,2719,2,2,405,Aston Villa,2944,4000000.0,4000000.0,1.0,1.0,1.0,same_club
670,Carles Gil,EPL,2015-16,Aston Villa,F M S,23,1454,2,2,0,17,25,0.756,0.756,1.486,3.315,2.43,3,0,127987,Carles Gil,1992-11-22,22.77,171.0,left,Midfield,Attacking Midfield,Spain,Spain,23,1440,2,1,405,Aston Villa,1608,4000000.0,4000000.0,0.997,1.0,0.99,same_club
679,Scott Sinclair,EPL,2015-16,Aston Villa,F M S,27,1598,2,1,0,17,5,2.816,2.055,0.132,3.537,1.577,0,0,31552,Scott Sinclair,1989-03-25,26.44,177.0,right,Attack,Left Winger,England,England,27,1596,2,0,405,Aston Villa,1822,3500000.0,3500000.0,1.0,1.0,0.999,same_club
681,César Azpilicueta,EPL,2015-16,Chelsea,D S,37,3208,2,2,3,10,21,1.204,1.204,2.233,12.767,11.378,7,0,57500,César Azpilicueta,1989-08-28,26.01,178.0,right,Defender,Centre-Back,Spain,Spain,37,3202,2,4,631,Chelsea FC,4261,23000000.0,20000000.0,0.999,1.0,0.998,same_club
682,Branislav Ivanovic,EPL,2015-16,Chelsea,D,33,2922,2,2,2,28,13,2.356,2.356,2.007,10.849,9.198,5,0,36827,Branislav Ivanovic,1984-02-22,31.52,185.0,right,Defender,Right-Back,Serbia,Jugoslawien (SFR),33,2918,2,2,631,Chelsea FC,3728,17000000.0,11000000.0,1.0,1.0,0.999,same_club
695,Bertrand Traoré,EPL,2015-16,Chelsea,F M S,10,365,2,2,1,17,5,1.659,1.659,0.628,2.342,0.151,0,0,131996,Bertrand Traoré,1995-09-06,19.99,181.0,left,Attack,Right Winger,Burkina Faso,Burkina Faso,10,373,2,1,631,Chelsea FC,473,4000000.0,4000000.0,0.994,1.0,0.979,same_club
697,Nemanja Matic,EPL,2015-16,Chelsea,M S,33,2426,2,2,2,34,19,2.506,2.506,2.059,11.281,9.022,4,1,74683,Nemanja Matić,1988-08-01,27.08,194.0,left,Midfield,Defensive Midfield,Serbia,Jugoslawien (SFR),33,2420,2,3,631,Chelsea FC,3067,40000000.0,38000000.0,0.999,1.0,0.998,same_club
699,Gary Cahill,EPL,2015-16,Chelsea,D S,23,1952,2,2,1,13,3,1.503,1.503,0.197,1.939,1.772,2,0,27511,Gary Cahill,1985-12-19,29.7,193.0,right,Defender,Centre-Back,England,England,23,1955,2,0,631,Chelsea FC,2946,20000000.0,16000000.0,1.0,1.0,0.998,same_club
709,Ashley Williams,EPL,2015-16,Swansea,D,36,3240,2,2,1,16,11,1.782,1.782,0.44,7.39,7.147,8,0,67355,Ashley Williams,1984-08-23,31.02,183.0,right,Defender,Centre-Back,Wales,England,36,3240,2,1,2288,Swansea City,3240,6500000.0,6500000.0,1.0,1.0,1.0,same_club
716,Alberto Paloschi,EPL,2015-16,Swansea,F S,10,675,2,2,0,15,3,2.42,2.42,0.603,2.735,0.212,2,0,68306,Alberto Paloschi,1990-01-04,25.66,183.0,right,Attack,Centre-Forward,Italy,Italy,10,669,2,0,2288,Swansea City,2462,6000000.0,6000000.0,0.997,1.0,0.991,same_club
716,Alberto Paloschi,EPL,2015-16,Swansea,F S,10,675,2,2,0,15,3,2.42,2.42,0.603,2.735,0.212,2,0,68306,Alberto Paloschi,1990-01-04,25.66,183.0,right,Attack,Centre-Forward,Italy,Italy,10,669,2,0,2288,Swansea City,2462,6000000.0,6000000.0,0.966,1.0,0.998,same_club
719,Wayne Routledge,EPL,2015-16,Swansea,F M S,28,1700,2,2,1,18,29,2.527,2.527,1.719,5.908,2.355,3,0,14066,Wayne Routledge,1985-01-07,30.65,170.0,right,Attack,Left Winger,England,England,28,1680,2,1,2288,Swansea City,1680,3000000.0,3000000.0,0.996,1.0,0.988,same_club
723,Ki Sung-yueng,EPL,2015-16,Swansea,M S,28,1852,2,2,1,24,22,2.457,2.457,1.077,5.665,3.176,4,0,81796,Sung-yueng Ki,1989-01-24,26.6,188.0,right,Midfield,Defensive Midfield,"Korea, South","Korea, South",28,1849,2,1,2288,Swansea City,1849,10000000.0,8000000.0,1.0,1.0,0.998,same_club
728,Lamine Koné,EPL,2015-16,Sunderland,D,15,1318,2,2,1,10,5,2.459,2.459,0.752,1.066,1.022,0,0,57420,Lamine Koné,1989-02-01,26.58,188.0,right,Defender,Centre-Back,Cote d'Ivoire,France,15,1315,2,1,289,Sunderland AFC,2867,2500000.0,5000000.0,0.999,1.0,0.998,same_club
728,Lamine Koné,EPL,2015-16,Sunderland,D,15,1318,2,2,1,10,5,2.459,2.459,0.752,1.066,1.022,0,0,57420,Lamine Koné,1989-02-01,26.58,188.0,right,Defender,Centre-Back,Cote d'Ivoire,France,15,1315,2,1,289,Sunderland AFC,2867,2500000.0,5000000.0,1.0,1.0,0.999,same_club
734,Wahbi Khazri,EPL,2015-16,Sunderland,M S,14,1087,2,2,1,24,27,0.863,0.863,2.233,2.49,1.328,3,0,103565,Wahbi Khazri,1991-02-08,24.56,176.0,right,Attack,Left Winger,Tunisia,France,14,1077,2,1,289,Sunderland AFC,3101,7000000.0,8000000.0,0.997,1.0,0.991,same_club
734,Wahbi Khazri,EPL,2015-16,Sunderland,M S,14,1087,2,2,1,24,27,0.863,0.863,2.233,2.49,1.328,3,0,103565,Wahbi Khazri,1991-02-08,24.56,176.0,right,Attack,Left Winger,Tunisia,France,14,1077,2,1,289,Sunderland AFC,3101,7000000.0,8000000.0,0.996,1.0,0.986,same_club
748,Wes Morgan,EPL,2015-16,Leicester,D,38,3420,2,2,0,21,2,3.008,3.008,0.053,3.174,3.09,3,0,10003,Wes Morgan,1984-01-21,31.61,185.0,right,Defender,Centre-Back,Jamaica,England,38,3420,2,0,1003,Leicester City,3420,1500000.0,2500000.0,1.0,1.0,1.0,same_club
752,Daniel Drinkwater,EPL,2015-16,Leicester,M,35,3045,2,2,7,41,44,2.188,2.188,5.324,14.482,10.15,3,1,73491,Danny Drinkwater,1990-03-05,25.49,178.0,right,Midfield,Central Midfield,England,England,35,3039,3,8,1003,Leicester City,3084,3000000.0,6000000.0,0.936,0.95,0.998,same_club
753,Marc Albrighton,EPL,2015-16,Leicester,M S,38,2796,2,2,6,42,62,2.549,2.549,8.095,11.864,4.015,4,0,61560,Marc Albrighton,1989-11-18,25.79,175.0,right,Midfield,Right Midfield,,,38,2767,2,7,1003,Leicester City,2819,1500000.0,4000000.0,0.997,1.0,0.99,same_club
764,Daryl Janmaat,EPL,2015-16,Newcastle United,D M,32,2754,2,2,4,19,25,1.165,1.165,3.491,9.721,6.243,5,1,60744,Daryl Janmaat,1989-07-22,26.11,185.0,right,Defender,Centre-Back,Netherlands,Netherlands,32,2755,2,4,762,Newcastle United,2845,7500000.0,7500000.0,1.0,1.0,1.0,same_club
766,Jamaal Lascelles,EPL,2015-16,Newcastle United,D S,18,1135,2,2,0,4,2,0.416,0.416,0.148,1.27,1.222,1,1,183318,Jamaal Lascelles,1993-11-11,21.8,188.0,right,Defender,Centre-Back,England,England,18,1149,2,0,762,Newcastle United,1194,4000000.0,3000000.0,0.996,1.0,0.988,same_club
784,Andy King,EPL,2015-16,Leicester,M S,25,1030,2,2,1,19,9,2.716,2.716,1.058,5.487,2.458,2,0,56872,Andy King,1988-10-29,26.84,184.0,right,Midfield,Central Midfield,Wales,England,25,1049,2,2,1003,Leicester City,1229,3000000.0,3500000.0,0.995,1.0,0.982,same_club
791,Alexander Tettey,EPL,2015-16,Norwich,M,23,1956,2,2,0,20,5,0.675,0.675,0.109,3.962,3.366,10,0,12384,Alexander Tettey,1986-04-04,29.41,181.0,right,Midfield,Defensive Midfield,Norway,Ghana,23,1952,2,0,1123,Norwich City,1952,3500000.0,3500000.0,0.999,1.0,0.998,same_club
810,Stéphane Sessegnon,EPL,2015-16,West Bromwich Albion,F M S,25,1770,2,2,2,31,27,1.287,1.287,2.787,6.163,3.912,1,0,37157,Stéphane Sessègnon,1984-06-01,31.25,172.0,right,Midfield,Attacking Midfield,Benin,Benin,25,1760,2,2,984,West Bromwich Albion,2155,4000000.0,3000000.0,0.998,1.0,0.994,same_club
814,James McClean,EPL,2015-16,West Bromwich Albion,F M S,35,2414,2,2,2,31,29,2.168,2.168,3.026,5.108,1.4,7,1,85935,James McClean,1989-04-22,26.36,180.0,left,Midfield,Left Midfield,Ireland,Northern Ireland,35,2413,2,4,984,West Bromwich Albion,2851,3000000.0,3000000.0,1.0,1.0,1.0,same_club
825,Adam Smith,EPL,2015-16,Bournemouth,D M S,31,2085,2,2,0,15,14,0.488,0.488,1.102,3.974,3.196,5,0,61841,Adam Smith,1991-04-29,24.34,174.0,right,Defender,Right-Back,England,England,31,2097,2,0,989,AFC Bournemouth,2200,500000.0,1500000.0,0.998,1.0,0.994,same_club
834,José Fonte,EPL,2015-16,Southampton,D,37,3171,2,2,1,20,5,2.431,2.431,1.287,6.668,6.465,4,1,33829,José Fonte,1983-12-22,31.69,191.0,right,Defender,Centre-Back,Portugal,Portugal,37,3168,2,1,180,Southampton FC,3618,5000000.0,5000000.0,1.0,1.0,0.999,same_club
843,James Ward-Prowse,EPL,2015-16,Southampton,M S,33,1505,2,1,4,28,32,2.066,1.305,4.688,6.972,4.774,5,0,181579,James Ward-Prowse,1994-11-01,20.83,177.0,right,Midfield,Central Midfield,England,England,33,1535,2,4,180,Southampton FC,1812,9000000.0,11000000.0,0.994,1.0,0.98,same_club
861,Giannelli Imbula,EPL,2015-16,Stoke,M,14,1260,2,2,0,21,11,0.764,0.764,0.447,4.901,3.825,4,0,130756,Giannelli Imbula,1992-09-12,22.97,186.0,left,Midfield,Defensive Midfield,DR Congo,Belgium,14,1260,2,0,512,Stoke City,2337,12000000.0,18000000.0,1.0,1.0,1.0,same_club
864,Ibrahim Afellay,EPL,2015-16,Stoke,M S,31,2105,2,2,2,39,21,2.378,2.378,2.042,9.911,6.512,3,1,15760,Ibrahim Afellay,1986-04-02,29.42,181.0,right,Midfield,Attacking Midfield,Netherlands,Netherlands,31,2106,2,3,512,Stoke City,2106,4000000.0,5000000.0,1.0,1.0,1.0,same_club
876,Fabian Delph,EPL,2015-16,Manchester City,M S,17,753,2,2,0,13,2,0.301,0.301,0.426,2.489,1.88,0,0,50362,Fabian Delph,1989-11-21,25.78,174.0,left,Midfield,Central Midfield,England,England,17,753,2,0,281,Manchester City,1049,10000000.0,10000000.0,1.0,1.0,1.0,same_club
877,Samir Nasri,EPL,2015-16,Manchester City,M S,12,520,2,2,2,14,10,2.637,2.637,0.929,4.427,1.72,3,0,18935,Samir Nasri,1987-06-26,28.18,177.0,right,Midfield,Attacking Midfield,France,France,12,536,2,3,281,Manchester City,620,21000000.0,21000000.0,0.991,1.0,0.97,same_club
929,Adam Johnson,EPL,2015-16,Sunderland,F M S,19,1136,2,1,5,16,29,1.807,1.046,2.186,4.058,2.642,3,0,31579,Adam Johnson,1987-07-14,28.13,182.0,left,Attack,Right Winger,England,England,19,1141,2,5,289,Sunderland AFC,1141,7500000.0,7500000.0,0.999,1.0,0.996,same_club
936,Ramires,EPL,2015-16,Chelsea,M S,12,612,2,2,0,10,1,1.326,1.326,0.058,1.809,0.805,1,0,54170,Ramires,1987-03-24,28.44,179.0,right,Midfield,Central Midfield,Brazil,Brazil,12,608,2,0,631,Chelsea FC,1120,25000000.0,15000000.0,0.998,1.0,0.993,same_club
938,Carl Jenkinson,EPL,2015-16,West Ham,D S,20,1220,2,2,0,7,6,0.615,0.615,1.137,5.472,3.739,3,1,126321,Carl Jenkinson,1992-02-08,23.56,185.0,right,Defender,Right-Back,England,England,20,1225,2,0,379,West Ham United,1405,8000000.0,9000000.0,0.999,1.0,0.996,same_club
986,Danny Ings,EPL,2015-16,Liverpool,F S,6,336,2,2,0,10,5,1.851,1.851,0.353,1.393,0.283,1,0,134294,Danny Ings,1992-07-23,23.11,177.0,right,Attack,Centre-Forward,England,England,6,340,2,0,31,Liverpool FC,418,12000000.0,12000000.0,0.996,1.0,0.988,same_club
162,Timm Klose,EPL,2015-16,Norwich,D,10,849,1,1,0,3,0,0.543,0.543,0.0,0.19,0.154,3,0,65255,Timm Klose,1988-05-09,27.31,195.0,right,Defender,Centre-Back,Switzerland,Germany,10,850,1,0,1123,Norwich City,1765,3000000.0,5000000.0,1.0,1.0,0.999,same_club
162,Timm Klose,EPL,2015-16,Norwich,D,10,849,1,1,0,3,0,0.543,0.543,0.0,0.19,0.154,3,0,65255,Timm Klose,1988-05-09,27.31,195.0,right,Defender,Centre-Back,Switzerland,Germany,10,850,1,0,1123,Norwich City,1765,3000000.0,5000000.0,1.0,1.0,1.0,same_club
323,Adnan Januzaj,EPL,2015-16,Manchester United,M S,5,141,1,1,0,4,1,0.242,0.242,0.032,0.289,0.135,1,0,177847,Adnan Januzaj,1995-02-05,20.57,186.0,left,Attack,Right Winger,Belgium,Belgium,5,144,1,0,985,Manchester United,780,8000000.0,7000000.0,0.994,1.0,0.979,same_club
323,Adnan Januzaj,EPL,2015-16,Manchester United,M S,5,141,1,1,0,4,1,0.242,0.242,0.032,0.289,0.135,1,0,177847,Adnan Januzaj,1995-02-05,20.57,186.0,left,Attack,Right Winger,Belgium,Belgium,5,144,1,0,985,Manchester United,780,8000000.0,7000000.0,0.978,1.0,0.925,same_club
457,Tommy Elphick,EPL,2015-16,Bournemouth,D S,12,1011,1,1,0,4,1,0.293,0.293,0.016,0.481,0.464,1,0,37152,Tommy Elphick,1987-09-07,27.98,188.0,right,Defender,Centre-Back,England,England,12,1012,1,0,989,AFC Bournemouth,1178,1000000.0,1500000.0,1.0,1.0,0.999,same_club
464,Max Gradel,EPL,2015-16,Bournemouth,M S,14,918,1,1,2,18,10,1.706,1.706,0.682,2.497,0.689,1,0,28140,Max Gradel,1987-11-30,27.75,175.0,right,Attack,Left Winger,Cote d'Ivoire,Cote d'Ivoire,14,899,1,4,989,AFC Bournemouth,989,6500000.0,8000000.0,0.994,1.0,0.979,same_club
467,Lewis Grabban,EPL,2015-16,"Bournemouth,Norwich",F M S,21,806,1,1,0,19,8,2.312,2.312,0.42,3.166,0.576,2,0,35413,Lewis Grabban,1988-01-12,27.64,183.0,right,Attack,Centre-Forward,Jamaica,England,21,819,1,0,"989,1123","AFC Bournemouth,Norwich City",909,3000000.0,4000000.0,0.995,1.0,0.984,same_club
476,Kolo Touré,EPL,2015-16,Liverpool,D S,14,865,1,1,0,4,1,0.243,0.243,0.019,2.508,2.437,1,0,3202,Kolo Touré,1981-03-19,34.45,178.0,right,Defender,Centre-Back,Cote d'Ivoire,Cote d'Ivoire,14,859,1,0,31,Liverpool FC,1494,2000000.0,2000000.0,0.998,1.0,0.993,same_club
481,Jordon Ibe,EPL,2015-16,Liverpool,F M S,27,1161,1,1,2,29,20,1.426,1.426,1.639,5.981,3.414,0,0,195652,Jordon Ibe,1995-12-08,19.73,176.0,right,Attack,Right Winger,England,England,27,1174,1,2,31,Liverpool FC,1867,5000000.0,7000000.0,0.997,1.0,0.989,same_club
485,Mamadou Sakho,EPL,2015-16,Liverpool,D S,22,1856,1,1,0,6,4,0.834,0.834,0.071,3.45,3.424,1,0,47713,Mamadou Sakho,1990-02-13,25.55,187.0,left,Defender,Centre-Back,France,France,22,1855,1,0,31,Liverpool FC,2679,18000000.0,18000000.0,1.0,1.0,0.999,same_club
492,Héctor Bellerín,EPL,2015-16,Arsenal,D,36,3240,1,1,5,13,24,0.708,0.708,4.754,17.709,14.37,3,0,191217,Héctor Bellerín,1995-03-19,20.45,178.0,right,Defender,Right-Back,Spain,Spain,36,3240,1,5,11,Arsenal FC,3948,5000000.0,18000000.0,1.0,1.0,1.0,same_club
493,Gabriel,EPL,2015-16,Arsenal,D S,21,1761,1,1,0,11,1,0.95,0.95,0.045,6.479,6.479,4,1,149498,Gabriel Paulista,1990-11-26,24.76,185.0,right,Defender,Centre-Back,Brazil,Brazil,21,1761,1,0,11,Arsenal FC,2448,12000000.0,12000000.0,0.97,0.95,1.0,same_club
517,Joe Ledley,EPL,2015-16,Crystal Palace,M S,19,979,1,1,0,7,3,0.306,0.306,0.157,1.434,1.129,1,0,34409,Joe Ledley,1987-01-23,28.61,183.0,left,Midfield,Central Midfield,Wales,Wales,19,980,1,0,873,Crystal Palace,1284,5000000.0,3500000.0,1.0,1.0,0.999,same_club
521,Emmanuel Adebayor,EPL,2015-16,Crystal Palace,F S,12,619,1,1,1,12,6,1.824,1.824,0.145,2.034,0.355,1,0,8883,Emmanuel Adebayor,1984-02-26,31.51,192.0,right,Attack,Centre-Forward,Togo,Togo,12,616,1,1,873,Crystal Palace,786,5000000.0,2500000.0,0.999,1.0,0.995,same_club
526,Lee Chung-yong,EPL,2015-16,Crystal Palace,M S,13,375,1,1,0,5,6,0.158,0.158,0.458,0.781,0.639,0,0,81801,Chung-yong Lee,1988-07-02,27.16,180.0,right,Attack,Right Winger,"Korea, South","Korea, South",13,385,1,0,873,Crystal Palace,475,2000000.0,2000000.0,0.992,1.0,0.974,same_club
529,Winston Reid,EPL,2015-16,West Ham,D,24,2139,1,1,1,17,7,1.396,1.396,0.353,2.722,2.631,5,0,37526,Winston Reid,1988-07-03,27.16,191.0,right,Defender,Centre-Back,New Zealand,New Zealand,24,2136,1,2,379,West Ham United,2532,9000000.0,9000000.0,1.0,1.0,0.999,same_club
541,Victor Moses,EPL,2015-16,West Ham,F M S,21,982,1,1,2,22,16,1.912,1.912,1.506,4.521,1.386,0,0,59866,Victor Moses,1990-12-12,24.72,177.0,right,Midfield,Right Midfield,Nigeria,Nigeria,21,980,1,2,379,West Ham United,1213,7500000.0,7500000.0,0.999,1.0,0.998,same_club
545,Kieran Gibbs,EPL,2015-16,Arsenal,D M S,15,367,1,1,0,5,1,0.558,0.558,0.041,1.085,0.487,0,0,44792,Kieran Gibbs,1989-09-26,25.93,181.0,left,Defender,Left-Back,England,England,15,381,1,0,11,Arsenal FC,1043,13000000.0,13000000.0,0.989,1.0,0.963,same_club
548,Daley Blind,EPL,2015-16,Manchester United,D,35,3123,1,1,1,4,25,0.154,0.154,1.881,7.34,6.82,2,0,12282,Daley Blind,1990-03-09,25.48,180.0,left,Defender,Centre-Back,Netherlands,Netherlands,35,3116,1,1,985,Manchester United,4792,17000000.0,19000000.0,0.999,1.0,0.998,same_club
551,Morgan Schneiderlin,EPL,2015-16,Manchester United,M S,29,2204,1,1,0,11,9,0.83,0.83,0.414,5.959,5.56,3,0,56818,Morgan Schneiderlin,1989-11-08,25.81,186.0,right,Midfield,Defensive Midfield,France,France,29,2204,1,0,985,Manchester United,2929,28000000.0,30000000.0,1.0,1.0,1.0,same_club
557,Matteo Darmian,EPL,2015-16,Manchester United,D M S,28,1937,1,1,0,6,12,0.175,0.175,1.879,4.966,3.754,8,0,54906,Matteo Darmian,1989-12-02,25.75,183.0,right,Defender,Right-Back,Italy,Italy,28,1929,1,0,985,Manchester United,2592,12000000.0,15000000.0,0.999,1.0,0.996,same_club
579,Nathan Aké,EPL,2015-16,Watford,D S,24,1868,1,1,0,16,9,1.609,1.609,0.701,2.833,2.378,4,1,177476,Nathan Aké,1995-02-18,20.53,180.0,left,Defender,Centre-Back,Netherlands,Netherlands,24,1875,1,0,1010,Watford FC,2145,2000000.0,4500000.0,0.999,1.0,0.996,same_club
581,Craig Cathcart,EPL,2015-16,Watford,D S,35,3034,1,1,0,5,3,0.687,0.687,0.106,3.829,3.712,3,0,59606,Craig Cathcart,1989-02-06,26.57,189.0,right,Defender,Centre-Back,Northern Ireland,Northern Ireland,35,3033,1,0,1010,Watford FC,3483,1000000.0,4000000.0,1.0,1.0,1.0,same_club
585,Seamus Coleman,EPL,2015-16,Everton,D M S,28,2392,1,1,3,27,18,2.324,2.324,1.441,8.981,7.004,4,0,68390,Séamus Coleman,1988-10-11,26.89,177.0,right,Defender,Right-Back,Ireland,Ireland,28,2386,1,3,29,Everton FC,2649,19000000.0,17000000.0,0.999,1.0,0.997,same_club
603,Nathaniel Clyne,EPL,2015-16,Liverpool,D M,33,2970,1,1,0,29,24,1.815,1.815,1.844,10.565,8.968,6,0,85177,Nathaniel Clyne,1991-04-05,24.41,175.0,right,Defender,Right-Back,England,England,33,2970,1,0,31,Liverpool FC,4275,17000000.0,21000000.0,1.0,1.0,1.0,same_club
604,Emre Can,EPL,2015-16,Liverpool,D M S,30,2501,1,1,0,30,32,1.215,1.215,3.202,11.936,10.148,9,0,119296,Emre Can,1994-01-12,21.63,186.0,right,Defender,Centre-Back,Germany,Germany,30,2492,1,0,31,Liverpool FC,3675,15000000.0,18000000.0,0.999,1.0,0.996,same_club
607,Martin Skrtel,EPL,2015-16,Liverpool,D S,22,1882,1,1,0,10,5,0.635,0.635,0.809,5.071,5.071,5,0,24180,Martin Skrtel,1984-12-15,30.71,191.0,right,Defender,Centre-Back,Slovakia,CSSR,22,1886,1,0,31,Liverpool FC,1977,13000000.0,10000000.0,0.999,1.0,0.998,same_club
608,Alberto Moreno,EPL,2015-16,Liverpool,D M S,32,2546,1,1,4,36,61,1.655,1.655,4.226,11.85,7.728,3,0,207917,Alberto Moreno,1992-07-05,23.16,171.0,left,Defender,Left-Back,Spain,Spain,32,2547,1,4,31,Liverpool FC,3672,15000000.0,15000000.0,1.0,1.0,1.0,same_club
611,Nicolás Otamendi,EPL,2015-16,Manchester City,D,30,2673,1,1,0,27,5,0.993,0.993,0.628,6.772,6.604,9,0,54781,Nicolás Otamendi,1988-02-12,27.55,182.0,right,Defender,Centre-Back,Argentina,Argentina,30,2672,1,0,281,Manchester City,3788,25000000.0,32000000.0,1.0,1.0,1.0,same_club
630,Marouane Fellaini,EPL,2015-16,Manchester United,F M S,18,1069,1,1,0,23,11,4.175,4.175,0.642,5.464,2.704,2,0,39679,Marouane Fellaini,1987-11-22,27.78,194.0,right,Midfield,Central Midfield,Belgium,Belgium,18,1070,1,0,985,Manchester United,2003,20000000.0,15000000.0,1.0,1.0,0.999,same_club
631,Ashley Young,EPL,2015-16,Manchester United,D M S,18,1053,1,1,2,7,10,0.891,0.891,1.459,4.835,3.084,5,0,14086,Ashley Young,1985-07-09,30.15,175.0,both,Defender,Right-Back,England,England,18,1063,1,3,985,Manchester United,1390,10000000.0,10000000.0,0.997,1.0,0.991,same_club
638,Kyle Walker,EPL,2015-16,Tottenham,D,33,2947,1,1,3,21,34,0.876,0.876,4.271,12.14,9.31,7,0,95424,Kyle Walker,1990-05-28,25.26,183.0,right,Defender,Right-Back,England,England,33,2943,1,3,148,Tottenham Hotspur,3123,13000000.0,15000000.0,1.0,1.0,0.999,same_club
641,Danny Rose,EPL,2015-16,Tottenham,D M,24,2139,1,1,3,26,24,1.222,1.222,3.296,10.383,7.078,7,0,50174,Danny Rose,1990-07-02,25.17,173.0,left,Defender,Left-Back,England,England,24,2132,1,4,148,Tottenham Hotspur,2569,11000000.0,14000000.0,0.999,1.0,0.997,same_club
649,Ryan Mason,EPL,2015-16,Tottenham,M S,22,797,1,1,0,20,10,3.094,3.094,0.701,4.98,1.96,3,0,61834,Ryan Mason,1991-06-13,24.22,175.0,right,Midfield,Central Midfield,England,England,22,799,1,0,148,Tottenham Hotspur,1312,7500000.0,7500000.0,0.999,1.0,0.997,same_club
652,Kieran Trippier,EPL,2015-16,Tottenham,D M S,6,456,1,1,1,2,6,0.417,0.417,0.476,2.527,1.741,1,0,95810,Kieran Trippier,1990-09-19,24.95,173.0,right,Defender,Right-Back,England,England,6,458,1,1,148,Tottenham Hotspur,1538,6000000.0,6000000.0,0.999,1.0,0.996,same_club
653,Tom Carroll,EPL,2015-16,Tottenham,M S,19,489,1,1,0,5,9,0.229,0.229,0.245,2.807,2.479,3,0,121279,Tom Carroll,1992-05-28,23.26,177.0,left,Midfield,Central Midfield,England,England,19,506,1,0,148,Tottenham Hotspur,1107,3000000.0,5000000.0,0.99,1.0,0.966,same_club
664,Joleon Lescott,EPL,2015-16,"Aston Villa,West Bromwich Albion",D,32,2812,1,1,0,11,4,1.873,1.873,0.173,4.438,4.292,2,0,4241,Joleon Lescott,1982-08-16,33.04,191.0,left,Defender,Centre-Back,England,England,32,2810,2,0,"405,984","Aston Villa,West Bromwich Albion",2810,4000000.0,2000000.0,0.966,1.0,0.999,same_club
665,Micah Richards,EPL,2015-16,Aston Villa,D S,24,2049,1,1,1,11,8,1.012,1.012,0.42,2.939,2.63,3,0,32617,Micah Richards,1988-06-24,27.19,180.0,right,Defender,Right-Back,England,England,24,2045,1,1,405,Aston Villa,2308,5500000.0,5000000.0,0.999,1.0,0.998,same_club
674,Leandro Bacuna,EPL,2015-16,Aston Villa,D F M S,31,2421,1,1,0,32,16,1.905,1.905,1.199,6.016,4.072,8,0,126014,Leandro Bacuna,1991-08-21,24.03,180.0,right,Midfield,Central Midfield,Curacao,Netherlands,31,2419,1,0,405,Aston Villa,2599,3000000.0,3000000.0,1.0,1.0,0.999,same_club
675,Jack Grealish,EPL,2015-16,Aston Villa,F M S,16,831,1,1,0,16,12,0.599,0.599,0.642,2.651,1.994,1,0,203460,Jack Grealish,1995-09-10,19.98,180.0,right,Attack,Left Winger,England,England,16,832,1,0,405,Aston Villa,915,4500000.0,4500000.0,1.0,1.0,0.999,same_club
688,Ruben Loftus-Cheek,EPL,2015-16,Chelsea,M S,13,399,1,1,0,12,4,0.955,0.955,0.138,2.598,1.752,0,0,202886,Ruben Loftus-Cheek,1996-01-23,19.61,191.0,right,Midfield,Central Midfield,England,England,13,407,1,1,631,Chelsea FC,619,2000000.0,5000000.0,0.994,1.0,0.98,same_club
689,Kenedy,EPL,2015-16,Chelsea,D M S,14,544,1,1,0,13,6,0.321,0.321,0.504,2.955,2.289,0,0,281404,Kenedy,1996-02-08,19.56,185.0,left,Attack,Left Winger,Brazil,Brazil,14,550,1,0,631,Chelsea FC,760,6000000.0,8000000.0,0.997,1.0,0.989,same_club
690,Loïc Remy,EPL,2015-16,Chelsea,F S,13,269,1,1,0,13,4,2.084,2.084,0.159,2.401,0.158,0,0,45121,Loïc Rémy,1987-01-02,28.66,185.0,right,Attack,Centre-Forward,France,France,13,284,1,0,631,Chelsea FC,439,12000000.0,10000000.0,0.984,1.0,0.947,same_club
691,Alexandre Pato,EPL,2015-16,Chelsea,F S,2,134,1,0,0,4,0,1.72,0.959,0.0,1.641,0.682,0,0,37579,Alexandre Pato,1989-09-02,26.0,180.0,right,Attack,Centre-Forward,Brazil,Brazil,2,131,1,0,631,Chelsea FC,131,11000000.0,11000000.0,0.993,1.0,0.978,same_club
696,Falcao,EPL,2015-16,Chelsea,F S,10,208,1,1,0,11,2,0.774,0.774,0.092,0.881,0.193,1,0,39152,Radamel Falcao,1986-02-10,29.56,177.0,right,Attack,Centre-Forward,Colombia,Colombia,10,229,1,0,631,Chelsea FC,274,35000000.0,23000000.0,0.972,1.0,0.908,same_club
708,Federico Fernández,EPL,2015-16,Swansea,D,32,2880,1,1,1,17,8,1.67,1.67,0.386,5.87,5.686,3,0,85475,Federico Fernández,1989-02-21,26.52,190.0,right,Defender,Centre-Back,Argentina,Argentina,32,2880,1,1,2288,Swansea City,2880,9000000.0,9000000.0,1.0,1.0,1.0,same_club
712,Jack Cork,EPL,2015-16,Swansea,M S,35,2543,1,1,2,19,30,0.919,0.919,1.96,7.811,6.234,3,0,40613,Jack Cork,1989-06-25,26.18,185.0,right,Midfield,Defensive Midfield,England,England,35,2544,1,2,2288,Swansea City,2634,4000000.0,4000000.0,1.0,1.0,1.0,same_club
720,Modou Barrow,EPL,2015-16,Swansea,F M S,22,762,1,1,2,11,13,0.456,0.456,1.182,2.616,1.53,0,0,189070,Modou Barrow,1992-10-13,22.88,176.0,left,Attack,Left Winger,The Gambia,The Gambia,22,782,1,2,2288,Swansea City,796,1500000.0,2500000.0,0.992,1.0,0.974,same_club
731,Dame N&#039;Doye,EPL,2015-16,Sunderland,F M S,11,562,1,1,0,9,4,0.542,0.542,0.261,1.215,0.759,2,0,44855,Dame N'Doye,1985-02-21,30.52,186.0,right,Attack,Centre-Forward,Senegal,Senegal,11,566,1,0,289,Sunderland AFC,1310,7000000.0,4000000.0,0.968,0.95,0.993,same_club
732,Yann M&#039;Vila,EPL,2015-16,Sunderland,M S,37,3194,1,1,4,29,46,0.866,0.866,4.275,8.422,6.553,1,0,60573,Yann M'Vila,1990-06-29,25.17,183.0,right,Midfield,Defensive Midfield,France,France,37,3189,1,5,289,Sunderland AFC,3222,7000000.0,7000000.0,0.97,0.95,0.998,same_club
733,Jack Rodwell,EPL,2015-16,Sunderland,M S,22,1137,1,1,0,25,14,2.489,2.489,0.846,4.394,1.386,5,0,57079,Jack Rodwell,1991-03-11,24.48,188.0,right,Midfield,Defensive Midfield,England,England,22,1158,1,0,289,Sunderland AFC,1158,9000000.0,8000000.0,0.995,1.0,0.982,same_club
742,Billy Jones,EPL,2015-16,Sunderland,D S,24,2039,1,1,1,14,12,2.414,2.414,1.101,2.431,1.045,8,0,36866,Billy Jones,1987-03-24,28.44,182.0,right,Defender,Right-Back,England,England,24,2033,1,0,289,Sunderland AFC,2058,2000000.0,2000000.0,0.999,1.0,0.997,same_club
751,N&#039;Golo Kanté,EPL,2015-16,Leicester,M S,37,3011,1,1,4,21,30,0.562,0.562,2.728,11.134,8.644,3,0,225083,N'Golo Kanté,1991-03-29,24.43,168.0,right,Midfield,Defensive Midfield,France,France,37,3020,1,4,1003,Leicester City,3065,4500000.0,20000000.0,0.969,0.95,0.997,same_club
757,Jeffrey Schlupp,EPL,2015-16,Leicester,D M S,24,1383,1,1,2,26,17,1.989,1.989,2.208,5.976,2.508,4,0,157506,Jeffrey Schlupp,1992-12-23,22.69,178.0,left,Midfield,Left Midfield,Ghana,Germany,24,1382,1,3,1003,Leicester City,1382,6000000.0,7000000.0,1.0,1.0,0.999,same_club
767,Jack Colback,EPL,2015-16,Newcastle United,D M S,29,2409,1,1,1,15,16,0.883,0.883,1.208,6.735,5.064,11,0,61644,Jack Colback,1989-10-24,25.85,177.0,left,Midfield,Defensive Midfield,England,England,29,2397,1,1,762,Newcastle United,2397,7500000.0,7500000.0,0.999,1.0,0.995,same_club
768,Vurnon Anita,EPL,2015-16,Newcastle United,D M S,28,2112,1,1,3,8,13,0.225,0.225,0.611,4.641,4.247,6,0,30670,Vurnon Anita,1989-04-04,26.41,169.0,right,Midfield,Defensive Midfield,Curacao,Netherlands Antilles,28,2108,1,3,762,Newcastle United,2108,4000000.0,4000000.0,0.999,1.0,0.998,same_club
769,Jonjo Shelvey,EPL,2015-16,"Newcastle United,Swansea",M S,31,2270,1,0,5,56,43,2.541,1.78,4.389,10.94,7.26,8,0,71292,Jonjo Shelvey,1992-02-27,23.51,184.0,right,Midfield,Central Midfield,England,England,31,2269,1,6,"762,2288","Newcastle United,Swansea City",2359,12000000.0,12000000.0,1.0,1.0,1.0,same_club
772,Moussa Sissoko,EPL,2015-16,Newcastle United,M,37,3234,1,1,7,38,57,3.314,3.314,5.965,13.733,6.392,3,0,46001,Moussa Sissoko,1989-08-16,26.04,187.0,right,Midfield,Central Midfield,France,France,37,3222,1,8,762,Newcastle United,3312,15000000.0,13000000.0,0.999,1.0,0.996,same_club
783,Nathan Dyer,EPL,2015-16,"Leicester,Swansea",S,13,209,1,1,1,5,5,0.263,0.263,0.57,1.341,0.624,1,0,37011,Nathan Dyer,1987-11-29,27.76,165.0,right,Attack,Right Winger,England,England,13,232,1,1,"1003,2288","Leicester City,Swansea City",396,4500000.0,4000000.0,0.97,1.0,0.901,same_club
798,Martin Olsson,EPL,2015-16,Norwich,D S,24,1767,1,1,2,7,7,0.164,0.164,0.9,3.354,2.441,2,0,38073,Martin Olsson,1988-05-17,27.29,178.0,left,Defender,Left-Back,Sweden,Sweden,24,1774,1,2,1123,Norwich City,1864,4000000.0,3500000.0,0.999,1.0,0.996,same_club
800,Matthew Jarvis,EPL,2015-16,"Norwich,West Ham",M S,22,1100,1,1,1,10,18,1.016,1.016,1.543,3.562,1.253,0,0,15921,Matt Jarvis,1986-05-22,29.28,173.0,,Attack,Left Winger,England,England,22,1094,1,1,"379,1123","West Ham United,Norwich City",1498,3000000.0,3000000.0,0.968,0.95,0.995,same_club
805,Jonas Olsson,EPL,2015-16,West Bromwich Albion,D S,28,2019,1,1,1,6,4,0.987,0.987,1.048,1.979,1.948,5,0,25248,Jonas Olsson,1983-03-10,32.48,193.0,left,Defender,Centre-Back,Sweden,Sweden,28,2017,1,1,984,West Bromwich Albion,2227,1500000.0,1500000.0,1.0,1.0,0.999,same_club
806,Gareth McAuley,EPL,2015-16,West Bromwich Albion,D,34,3060,1,1,0,7,7,0.521,0.521,0.694,3.213,3.115,4,1,40567,Gareth McAuley,1979-12-05,35.74,191.0,right,Defender,Centre-Back,Northern Ireland,Northern Ireland,34,3060,1,0,984,West Bromwich Albion,3349,500000.0,1000000.0,1.0,1.0,1.0,same_club
807,Jonny Evans,EPL,2015-16,West Bromwich Albion,D M,30,2600,1,1,1,7,9,1.242,1.242,0.782,2.823,2.219,4,0,42412,Jonny Evans,1988-01-03,27.66,188.0,both,Defender,Centre-Back,Northern Ireland,Northern Ireland,30,2593,1,1,984,West Bromwich Albion,2953,6000000.0,6000000.0,0.999,1.0,0.997,same_club
809,Darren Fletcher,EPL,2015-16,West Bromwich Albion,M,38,3377,1,1,3,22,30,2.497,2.497,2.58,7.244,3.902,3,0,3547,Darren Fletcher,1984-02-01,31.58,184.0,right,Midfield,Central Midfield,Scotland,Scotland,38,3375,1,3,984,West Bromwich Albion,3675,2000000.0,2000000.0,1.0,1.0,0.999,same_club
816,Rickie Lambert,EPL,2015-16,West Bromwich Albion,F S,19,604,1,0,1,14,11,1.442,0.68,0.921,1.393,0.213,2,0,49655,Rickie Lambert,1982-02-16,33.54,187.0,right,Attack,Centre-Forward,England,England,19,618,1,1,984,West Bromwich Albion,745,3000000.0,3000000.0,0.993,1.0,0.977,same_club
821,Sebastien Bassong,EPL,2015-16,Norwich,D S,32,2788,1,1,0,20,2,1.372,1.372,0.074,3.025,2.705,4,0,33951,Sébastien Bassong,1986-07-09,29.15,187.0,left,Defender,Centre-Back,Cameroon,France,32,2789,1,0,1123,Norwich City,2861,3000000.0,3000000.0,1.0,1.0,1.0,same_club
832,Cuco Martina,EPL,2015-16,Southampton,D S,15,1076,1,1,1,3,12,0.112,0.112,1.346,4.382,3.581,1,0,91251,Cuco Martina,1989-09-25,25.93,185.0,right,Defender,Centre-Back,Curacao,Netherlands,15,1081,1,1,180,Southampton FC,1351,1250000.0,2000000.0,0.999,1.0,0.995,same_club
835,Ryan Bertrand,EPL,2015-16,Southampton,D M,32,2880,1,0,3,12,22,1.465,0.704,3.441,8.203,6.435,6,0,40611,Ryan Bertrand,1989-08-05,26.07,179.0,left,Defender,Left-Back,England,England,32,2880,1,4,180,Southampton FC,2880,10000000.0,14000000.0,1.0,1.0,1.0,same_club
836,Victor Wanyama,EPL,2015-16,Southampton,M S,30,2507,1,1,1,31,16,1.513,1.513,1.09,7.417,6.316,4,3,77760,Victor Wanyama,1991-06-25,24.19,184.0,right,Midfield,Defensive Midfield,Kenya,Kenya,30,2500,1,1,180,Southampton FC,2770,15000000.0,15000000.0,0.999,1.0,0.997,same_club
842,Oriol Romeu,EPL,2015-16,Southampton,M S,29,1598,1,1,0,28,11,1.756,1.756,1.013,6.842,5.276,7,0,66100,Oriol Romeu,1991-09-24,23.94,183.0,right,Midfield,Defensive Midfield,Spain,Spain,29,1605,1,0,180,Southampton FC,1875,2500000.0,5000000.0,0.999,1.0,0.996,same_club
845,Maya Yoshida,EPL,2015-16,Southampton,D S,20,1000,1,1,0,2,0,1.049,1.049,0.0,1.964,1.37,0,0,81789,Maya Yoshida,1988-08-24,27.02,189.0,right,Defender,Centre-Back,Japan,Japan,20,1015,1,0,180,Southampton FC,1420,5000000.0,4000000.0,0.996,1.0,0.985,same_club
848,Charlie Austin,EPL,2015-16,Southampton,F S,7,203,1,1,0,8,1,1.193,1.193,0.027,0.922,0.089,0,0,129627,Charlie Austin,1989-07-05,26.16,188.0,right,Attack,Centre-Forward,England,England,7,209,1,0,180,Southampton FC,209,9000000.0,13000000.0,0.991,1.0,0.971,same_club
853,Paul Dummett,EPL,2015-16,Newcastle United,D,23,1907,1,1,0,5,4,0.272,0.272,0.162,2.42,2.127,3,0,170321,Paul Dummett,1991-09-26,23.93,183.0,left,Defender,Centre-Back,Wales,England,23,1896,1,0,762,Newcastle United,1986,3500000.0,3500000.0,0.998,1.0,0.994,same_club
873,Charlie Adam,EPL,2015-16,Stoke,M S,22,1050,1,1,1,29,10,0.87,0.87,0.828,3.073,2.393,6,1,28990,Charlie Adam,1985-12-10,29.72,185.0,left,Midfield,Central Midfield,Scotland,Scotland,22,1041,1,1,512,Stoke City,1128,4500000.0,4500000.0,0.997,1.0,0.991,same_club
875,Ciaran Clark,EPL,2015-16,Aston Villa,D S,18,1442,1,1,0,10,4,0.891,0.891,0.696,0.768,0.602,6,0,98240,Ciaran Clark,1989-09-26,25.93,185.0,left,Defender,Centre-Back,Ireland,England,18,1442,1,0,405,Aston Villa,1712,5000000.0,4500000.0,1.0,1.0,1.0,same_club
881,Harry Arter,EPL,2015-16,Bournemouth,M,21,1692,1,1,0,36,25,0.992,0.992,1.025,7.356,5.811,7,0,55742,Harry Arter,1989-12-28,25.68,177.0,left,Midfield,Central Midfield,Ireland,England,21,1671,1,0,989,AFC Bournemouth,1671,1500000.0,1500000.0,0.996,1.0,0.988,same_club
890,Gabriel Agbonlahor,EPL,2015-16,Aston Villa,F M S,15,1051,1,1,2,10,13,1.243,1.243,1.477,2.831,0.262,0,0,37148,Gabriel Agbonlahor,1986-10-13,28.88,183.0,right,Attack,Centre-Forward,England,England,15,1036,1,2,405,Aston Villa,1061,4000000.0,3000000.0,0.996,1.0,0.986,same_club
907,Bastian Schweinsteiger,EPL,2015-16,Manchester United,M S,18,1199,1,1,0,12,8,1.462,1.462,0.254,4.839,4.474,3,0,2514,Bastian Schweinsteiger,1984-08-01,31.08,,,Midfield,Central Midfield,Germany,Germany,18,1201,1,1,985,Manchester United,1849,22000000.0,12000000.0,1.0,1.0,0.998,same_club
915,Rolando Aarons,EPL,2015-16,Newcastle United,D M S,10,365,1,1,1,2,5,0.401,0.401,0.596,1.961,0.992,1,0,258188,Rolando Aarons,1995-11-16,19.79,178.0,left,Attack,Left Winger,,,10,377,1,1,762,Newcastle United,377,1000000.0,1000000.0,0.99,1.0,0.968,same_club
917,John Terry,EPL,2015-16,Chelsea,D,24,1999,1,1,0,10,2,1.479,1.479,0.102,4.601,3.988,2,2,3160,John Terry,1980-12-07,34.73,187.0,right,Defender,Centre-Back,England,England,24,1991,1,1,631,Chelsea FC,2509,4000000.0,3000000.0,0.999,1.0,0.996,same_club
926,Steven Whittaker,EPL,2015-16,Norwich,D,8,660,1,1,0,8,2,0.457,0.457,0.035,1.411,1.143,1,1,12704,Steven Whittaker,1984-06-16,31.21,185.0,right,Defender,Right-Back,Scotland,Scotland,8,660,1,0,1123,Norwich City,660,2000000.0,1500000.0,1.0,1.0,1.0,same_club
935,Kurt Zouma,EPL,2015-16,Chelsea,D S,23,1912,1,1,1,17,1,1.836,1.836,0.547,3.942,3.86,0,0,157509,Kurt Zouma,1994-10-27,20.85,190.0,right,Defender,Centre-Back,France,France,23,1918,1,0,631,Chelsea FC,2498,12000000.0,17000000.0,0.999,1.0,0.997,same_club
940,Nikica Jelavic,EPL,2015-16,West Ham,F S,13,318,1,1,2,11,9,1.488,1.488,1.006,2.749,0.429,1,0,25742,Nikica Jelavic,1985-08-27,30.01,188.0,both,Attack,Centre-Forward,Croatia,Jugoslawien (SFR),13,341,1,2,379,West Ham United,481,6500000.0,1200000.0,0.98,1.0,0.933,same_club
941,Fabricio Coloccini,EPL,2015-16,Newcastle United,D,26,2294,1,1,0,10,3,0.914,0.914,0.309,3.414,3.212,2,1,6150,Fabricio Coloccini,1982-01-22,33.61,184.0,right,Defender,Centre-Back,Argentina,Argentina,26,2293,1,0,762,Newcastle United,2338,2000000.0,2000000.0,1.0,1.0,1.0,same_club
955,Ritchie de Laet,EPL,2015-16,Leicester,D S,12,655,1,1,0,2,6,0.147,0.147,0.332,1.141,0.758,1,0,55687,Ritchie De Laet,1988-11-28,26.76,184.0,right,Defender,Right-Back,Belgium,Belgium,12,656,1,0,1003,Leicester City,746,2500000.0,2500000.0,1.0,1.0,0.998,same_club
966,Alex Oxlade-Chamberlain,EPL,2015-16,Arsenal,M S,22,911,1,1,0,23,19,1.503,1.503,1.897,6.139,3.602,0,0,143424,Alex Oxlade-Chamberlain,1993-08-15,22.05,180.0,right,Midfield,Central Midfield,England,England,22,924,1,1,11,Arsenal FC,1437,20000000.0,20000000.0,0.996,1.0,0.986,same_club
1016,Miguel Layún,EPL,2015-16,Watford,M S,3,134,1,1,0,4,2,0.191,0.191,0.177,0.422,0.169,0,0,58576,Miguel Layún,1988-06-25,27.18,180.0,right,Defender,Right-Back,Mexico,Mexico,3,132,1,0,1010,Watford FC,3142,3000000.0,7000000.0,0.996,1.0,0.985,same_club
1029,Modibo Maiga,EPL,2015-16,West Ham,S,3,18,1,1,0,2,0,0.238,0.238,0.0,0.238,0.0,0,0,46831,Modibo Maïga,1987-09-03,27.99,185.0,left,Attack,Centre-Forward,Mali,Mali,3,25,1,0,379,West Ham United,299,2000000.0,2000000.0,0.977,1.0,0.922,same_club
191,Chicharito,EPL,2015-16,Manchester United,S,1,22,0,0,0,1,1,0.387,0.387,0.042,0.429,0.0,0,0,50935,Chicharito,1988-06-01,27.25,175.0,right,Attack,Centre-Forward,Mexico,Mexico,1,23,0,0,985,Manchester United,3201,10000000.0,18000000.0,0.997,1.0,0.989,same_club
191,Chicharito,EPL,2015-16,Manchester United,S,1,22,0,0,0,1,1,0.387,0.387,0.042,0.429,0.0,0,0,50935,Chicharito,1988-06-01,27.25,175.0,right,Attack,Centre-Forward,Mexico,Mexico,1,23,0,0,985,Manchester United,3201,10000000.0,18000000.0,0.999,1.0,0.998,same_club
232,Jan Kirchhoff,EPL,2015-16,Sunderland,M S,15,1096,0,0,0,8,11,0.577,0.577,0.467,3.106,2.683,0,0,49734,Jan Kirchhoff,1990-10-01,24.92,195.0,right,Defender,Centre-Back,Germany,Germany,15,1084,0,0,289,Sunderland AFC,1085,2000000.0,1500000.0,0.997,1.0,0.989,same_club
455,Artur Boruc,EPL,2015-16,Bournemouth,GK,32,2880,0,0,0,0,1,0.0,0.0,0.094,2.945,2.945,2,0,15220,Artur Boruc,1980-02-20,35.53,193.0,right,Goalkeeper,Goalkeeper,Poland,Poland,32,2880,0,0,989,AFC Bournemouth,2880,1000000.0,1000000.0,1.0,1.0,1.0,same_club
456,Simon Francis,EPL,2015-16,Bournemouth,D,38,3388,0,0,4,7,35,0.209,0.209,2.388,6.946,6.097,5,1,13573,Simon Francis,1985-02-16,30.54,191.0,right,Defender,Right-Back,England,England,38,3387,0,4,989,AFC Bournemouth,3491,1000000.0,2000000.0,1.0,1.0,1.0,same_club
460,Andrew Surman,EPL,2015-16,Bournemouth,M,38,3420,0,0,3,16,43,0.57,0.57,1.399,8.662,7.804,4,0,29975,Andrew Surman,1986-08-20,29.03,178.0,left,Midfield,Central Midfield,England,South Africa,38,3420,0,3,989,AFC Bournemouth,3420,1000000.0,1500000.0,1.0,1.0,1.0,same_club
469,Adam Federici,EPL,2015-16,Bournemouth,GK,6,499,0,0,0,0,0,0.0,0.0,0.0,0.232,0.232,0,0,4233,Adam Federici,1985-01-31,30.58,188.0,right,Goalkeeper,Goalkeeper,Australia,Australia,6,495,0,0,989,AFC Bournemouth,765,1000000.0,1000000.0,0.998,1.0,0.992,same_club
471,Shaun MacDonald,EPL,2015-16,Bournemouth,S,3,24,0,0,0,0,0,0.0,0.0,0.0,0.0,0.0,0,0,10375,Shaun MacDonald,1988-06-17,27.21,183.0,right,Midfield,Central Midfield,Wales,Wales,3,29,0,0,989,AFC Bournemouth,272,250000.0,500000.0,0.983,1.0,0.944,same_club
472,Eunan O&#039;Kane,EPL,2015-16,Bournemouth,M S,16,739,0,0,1,6,7,0.516,0.516,0.326,1.734,1.092,2,0,61583,Eunan O'Kane,1990-07-10,25.14,168.0,right,Midfield,Central Midfield,Ireland,Northern Ireland,16,752,0,1,989,AFC Bournemouth,1022,500000.0,1500000.0,0.965,0.95,0.983,same_club
473,Danny Ward,EPL,2015-16,Liverpool,GK,2,180,0,0,0,0,0,0.0,0.0,0.0,0.031,0.031,0,0,203026,Danny Ward,1993-06-22,22.19,191.0,right,Goalkeeper,Goalkeeper,Wales,Wales,2,180,0,0,31,Liverpool FC,2700,250000.0,1500000.0,1.0,1.0,1.0,same_club
474,Connor Randall,EPL,2015-16,Liverpool,D S,3,165,0,0,0,2,1,0.119,0.119,0.058,1.135,1.016,0,0,262545,Connor Randall,1995-10-21,19.86,180.0,right,Defender,Right-Back,England,England,3,163,0,0,31,Liverpool FC,304,,250000.0,0.996,1.0,0.988,same_club
475,Lucas Leiva,EPL,2015-16,Liverpool,D M S,27,1948,0,0,1,9,22,0.64,0.64,1.537,7.419,6.148,8,0,41414,Lucas Leiva,1987-01-09,28.64,179.0,right,Midfield,Defensive Midfield,Brazil,Brazil,27,1954,0,1,31,Liverpool FC,2409,12000000.0,12000000.0,0.999,1.0,0.997,same_club
477,Brad Smith,EPL,2015-16,Liverpool,D S,4,281,0,0,0,1,2,0.053,0.053,0.075,0.425,0.425,1,1,175745,Brad Smith,1994-04-09,21.4,178.0,left,Defender,Left-Back,Australia,Australia,4,285,0,0,31,Liverpool FC,765,100000.0,100000.0,0.996,1.0,0.986,same_club
478,Sheyi Ojo,EPL,2015-16,Liverpool,F M S,8,395,0,0,3,5,12,0.269,0.269,1.568,1.898,1.261,0,0,236510,Sheyi Ojo,1997-06-19,18.2,179.0,left,Attack,Right Winger,England,England,8,396,0,3,31,Liverpool FC,450,500000.0,500000.0,0.999,1.0,0.997,same_club
479,Kevin Stewart,EPL,2015-16,Liverpool,M S,7,562,0,0,0,5,4,0.132,0.132,0.102,2.21,2.093,1,0,200782,Kevin Stewart,1993-09-07,21.98,182.0,,Midfield,Defensive Midfield,Jamaica,England,7,564,0,0,31,Liverpool FC,954,50000.0,500000.0,0.999,1.0,0.996,same_club
487,Simon Mignolet,EPL,2015-16,Liverpool,GK,34,3060,0,0,0,0,1,0.0,0.0,0.007,5.279,5.279,2,0,50219,Simon Mignolet,1988-03-06,27.49,193.0,right,Goalkeeper,Goalkeeper,Belgium,Belgium,34,3060,0,0,31,Liverpool FC,4710,12000000.0,12000000.0,1.0,1.0,1.0,same_club
490,Jon Flanagan,EPL,2015-16,Liverpool,D,5,422,0,0,1,0,2,0.0,0.0,0.145,1.513,1.368,1,0,145922,Jon Flanagan,1993-01-01,22.66,181.0,right,Defender,Right-Back,England,England,5,421,0,1,31,Liverpool FC,580,7000000.0,7000000.0,0.999,1.0,0.998,same_club
491,Petr Cech,EPL,2015-16,Arsenal,GK,34,3060,0,0,0,0,1,0.0,0.0,0.047,4.273,4.226,0,0,5658,Petr Cech,1982-05-20,33.28,196.0,left,Goalkeeper,Goalkeeper,Czech Republic,CSSR,34,3060,0,0,11,Arsenal FC,3690,12000000.0,12000000.0,1.0,1.0,1.0,same_club
495,Nacho Monreal,EPL,2015-16,Arsenal,D S,37,3247,0,0,3,12,28,0.91,0.91,2.912,17.691,15.249,1,0,43003,Nacho Monreal,1986-02-26,29.51,179.0,left,Defender,Left-Back,Spain,Spain,37,3249,0,3,11,Arsenal FC,3936,12000000.0,15000000.0,1.0,1.0,0.999,same_club
496,Mohamed Elneny,EPL,2015-16,Arsenal,M S,11,799,0,0,1,13,3,1.325,1.325,0.302,6.724,5.921,3,0,160438,Mohamed Elneny,1992-07-11,23.14,179.0,right,Midfield,Defensive Midfield,Egypt,Egypt,11,794,0,1,11,Arsenal FC,1931,3750000.0,6000000.0,0.998,1.0,0.994,same_club
497,Francis Coquelin,EPL,2015-16,Arsenal,M S,26,1652,0,0,0,8,6,0.155,0.155,0.348,10.674,10.342,5,1,74869,Francis Coquelin,1991-05-13,24.3,177.0,right,Midfield,Defensive Midfield,France,France,26,1646,0,0,11,Arsenal FC,2290,7000000.0,12000000.0,0.999,1.0,0.996,same_club
505,David Ospina,EPL,2015-16,Arsenal,GK,4,360,0,0,0,0,0,0.0,0.0,0.0,0.036,0.036,0,0,73396,David Ospina,1988-08-31,27.0,183.0,right,Goalkeeper,Goalkeeper,Colombia,Colombia,4,360,0,0,11,Arsenal FC,990,8000000.0,8000000.0,1.0,1.0,1.0,same_club
507,Per Mertesacker,EPL,2015-16,Arsenal,D,24,2050,0,0,0,8,2,1.349,1.349,0.345,6.381,6.381,1,1,6710,Per Mertesacker,1984-09-29,30.92,200.0,right,Defender,Centre-Back,Germany,Germany,24,2049,0,0,11,Arsenal FC,2835,15000000.0,13000000.0,1.0,1.0,1.0,same_club
508,Calum Chambers,EPL,2015-16,Arsenal,D M S,12,299,0,0,0,2,2,0.136,0.136,0.202,1.225,0.992,2,0,215118,Calum Chambers,1995-01-20,20.61,182.0,right,Defender,Centre-Back,England,England,12,315,0,0,11,Arsenal FC,754,12000000.0,12000000.0,0.985,1.0,0.949,same_club
509,Wayne Hennessey,EPL,2015-16,Crystal Palace,GK,29,2610,0,0,0,0,0,0.0,0.0,0.0,0.63,0.63,1,0,45494,Wayne Hennessey,1987-01-24,28.6,198.0,right,Goalkeeper,Goalkeeper,Wales,Wales,29,2610,0,0,873,Crystal Palace,3180,2000000.0,3500000.0,1.0,1.0,1.0,same_club
513,Pape Souaré,EPL,2015-16,Crystal Palace,D,34,3017,0,0,1,11,27,0.321,0.321,2.518,8.013,6.117,6,1,125868,Pape Souaré,1990-06-06,25.24,178.0,left,Defender,Left-Back,Senegal,Senegal,34,3015,0,1,873,Crystal Palace,3495,5000000.0,6000000.0,1.0,1.0,0.999,same_club
515,Mile Jedinak,EPL,2015-16,Crystal Palace,M S,27,1511,0,0,0,13,8,0.926,0.926,0.89,4.384,3.803,6,0,28336,Mile Jedinak,1984-08-03,31.08,187.0,right,Midfield,Defensive Midfield,Australia,Australia,27,1531,0,0,873,Crystal Palace,1892,6000000.0,6000000.0,0.996,1.0,0.987,same_club
523,Julian Speroni,EPL,2015-16,Crystal Palace,GK,2,180,0,0,0,0,0,0.0,0.0,0.0,0.1,0.1,0,0,12814,Julián Speroni,1979-05-18,36.29,186.0,right,Goalkeeper,Goalkeeper,Argentina,Argentina,2,180,0,0,873,Crystal Palace,180,500000.0,500000.0,1.0,1.0,1.0,same_club
524,Adrian Mariappa,EPL,2015-16,Crystal Palace,D,3,256,0,0,0,0,0,0.0,0.0,0.0,0.062,0.062,0,0,38145,Adrian Mariappa,1986-10-03,28.91,179.0,right,Defender,Centre-Back,Jamaica,England,3,256,0,0,873,Crystal Palace,286,2000000.0,2000000.0,1.0,1.0,1.0,same_club
525,Martin Kelly,EPL,2015-16,Crystal Palace,D S,13,1039,0,0,0,1,4,0.015,0.015,0.13,0.592,0.553,3,0,78959,Martin Kelly,1990-04-27,25.35,191.0,right,Defender,Right-Back,England,England,13,1043,0,0,873,Crystal Palace,1133,5000000.0,4000000.0,0.999,1.0,0.996,same_club
527,Adrián,EPL,2015-16,West Ham,GK,32,2880,0,0,0,0,0,0.0,0.0,0.0,2.94,2.94,1,1,71271,Adrián San Miguel,1987-01-03,28.66,190.0,right,Goalkeeper,Goalkeeper,Spain,Spain,32,2880,0,0,379,West Ham United,3180,6000000.0,7000000.0,0.97,0.95,1.0,same_club
528,Angelo Ogbonna,EPL,2015-16,West Ham,D S,28,2326,0,0,0,6,2,0.301,0.301,0.101,2.474,2.334,5,0,48002,Angelo Ogbonna,1988-05-23,27.27,191.0,left,Defender,Centre-Back,Italy,Italy,28,2328,0,0,379,West Ham United,2886,9000000.0,9000000.0,1.0,1.0,0.999,same_club
530,James Tomkins,EPL,2015-16,West Ham,D S,25,1979,0,0,0,9,12,0.394,0.394,1.608,4.472,2.758,4,0,61592,James Tomkins,1989-03-29,26.43,192.0,right,Defender,Centre-Back,England,England,25,1963,0,0,379,West Ham United,2403,6000000.0,6000000.0,0.998,1.0,0.992,same_club
538,Emmanuel Emenike,EPL,2015-16,West Ham,F S,13,499,0,0,0,10,7,1.456,1.456,0.338,1.907,0.346,0,0,120630,Emmanuel Emenike,1987-05-10,28.31,182.0,right,Attack,Centre-Forward,Nigeria,Nigeria,13,509,0,0,379,West Ham United,679,10000000.0,10000000.0,0.994,1.0,0.98,same_club
540,Darren Randolph,EPL,2015-16,West Ham,GK,6,540,0,0,0,1,0,0.076,0.076,0.0,0.485,0.485,0,0,51321,Darren Randolph,1987-05-12,28.31,187.0,right,Goalkeeper,Goalkeeper,Ireland,Ireland,6,540,0,0,379,West Ham United,1380,1000000.0,1000000.0,1.0,1.0,1.0,same_club
542,Pedro Obiang,EPL,2015-16,West Ham,M S,24,1069,0,0,1,8,3,0.241,0.241,0.787,1.81,1.59,2,0,101213,Pedro Obiang,1992-03-27,23.43,186.0,right,Midfield,Central Midfield,Equatorial Guinea,Spain,24,1080,0,1,379,West Ham United,1476,8000000.0,8000000.0,0.997,1.0,0.99,same_club
543,Reece Oxford,EPL,2015-16,West Ham,D M S,7,206,0,0,0,1,0,0.104,0.104,0.0,0.022,0.022,0,0,314295,Reece Oxford,1998-12-16,16.71,190.0,right,Defender,Centre-Back,England,England,7,210,0,0,379,West Ham United,495,,1500000.0,0.994,1.0,0.981,same_club
546,David de Gea,EPL,2015-16,Manchester United,GK,34,3060,0,0,0,0,0,0.0,0.0,0.0,2.857,2.857,0,0,59377,David de Gea,1990-11-07,24.82,192.0,right,Goalkeeper,Goalkeeper,Spain,Spain,34,3060,0,0,985,Manchester United,4350,30000000.0,40000000.0,1.0,1.0,1.0,same_club
547,Guillermo Varela,EPL,2015-16,Manchester United,D S,4,312,0,0,0,1,1,0.012,0.012,0.023,1.454,1.454,1,0,188862,Guillermo Varela,1993-03-24,22.44,174.0,right,Defender,Right-Back,Uruguay,Uruguay,4,315,0,0,985,Manchester United,897,1500000.0,500000.0,0.997,1.0,0.99,same_club
549,Timothy Fosu-Mensah,EPL,2015-16,Manchester United,D S,8,247,0,0,1,2,1,0.045,0.045,0.588,0.607,0.562,1,0,315131,Timothy Fosu-Mensah,1998-01-02,17.66,185.0,right,Defender,Right-Back,Netherlands,Netherlands,8,254,0,1,985,Manchester United,406,,,0.992,1.0,0.972,same_club
550,Marcos Rojo,EPL,2015-16,Manchester United,D S,16,1264,0,0,1,8,10,0.296,0.296,0.804,1.82,1.186,3,0,93176,Marcos Rojo,1990-03-20,25.45,186.0,left,Defender,Centre-Back,Argentina,Argentina,16,1252,0,1,985,Manchester United,2039,18000000.0,18000000.0,0.997,1.0,0.991,same_club
559,Paddy McNair,EPL,2015-16,Manchester United,D S,8,308,0,0,0,3,1,0.149,0.149,0.141,0.506,0.365,0,0,167268,Paddy McNair,1995-04-27,20.35,189.0,right,Defender,Centre-Back,Northern Ireland,Northern Ireland,8,310,0,0,985,Manchester United,400,4500000.0,4500000.0,0.998,1.0,0.994,same_club
560,Sergio Romero,EPL,2015-16,Manchester United,GK,4,360,0,0,0,0,0,0.0,0.0,0.0,0.644,0.644,0,0,30690,Sergio Romero,1987-02-22,28.52,192.0,right,Goalkeeper,Goalkeeper,Argentina,Argentina,4,360,0,0,985,Manchester United,810,5000000.0,5000000.0,1.0,1.0,1.0,same_club
562,James Weir,EPL,2015-16,Manchester United,S,1,1,0,0,0,0,0,0.0,0.0,0.0,0.0,0.0,0,0,251058,James Weir,1995-08-04,20.08,177.0,right,Midfield,Central Midfield,England,England,1,1,0,0,985,Manchester United,1,,,1.0,1.0,1.0,same_club
564,Heurelho Gomes,EPL,2015-16,Watford,GK,38,3398,0,0,0,0,0,0.0,0.0,0.0,1.292,1.292,4,0,19059,Heurelho Gomes,1981-02-15,34.54,191.0,right,Goalkeeper,Goalkeeper,Brazil,Brazil,38,3397,0,0,1010,Watford FC,3577,750000.0,1000000.0,1.0,1.0,1.0,same_club
565,Nyom,EPL,2015-16,Watford,D S,32,2483,0,0,1,7,7,0.321,0.321,0.581,3.098,2.761,8,0,111508,Allan Nyom,1988-05-10,27.31,189.0,right,Defender,Right-Back,Cameroon,France,32,2473,0,1,1010,Watford FC,2826,4000000.0,4000000.0,0.999,1.0,0.996,same_club
567,Miguel Britos,EPL,2015-16,Watford,D,24,2079,0,0,0,6,0,0.384,0.384,0.0,1.102,1.102,7,0,76799,Miguel Britos,1985-07-17,30.12,189.0,left,Defender,Centre-Back,Uruguay,Uruguay,24,2076,0,0,1010,Watford FC,2256,3500000.0,3500000.0,1.0,1.0,0.999,same_club
568,José Holebas,EPL,2015-16,Watford,D,11,948,0,0,0,13,6,0.533,0.533,0.09,0.889,0.678,2,0,41112,Jose Cholevas,1984-06-27,31.18,184.0,left,Defender,Left-Back,Greece,Germany,11,945,1,0,1010,Watford FC,1125,2000000.0,2000000.0,0.894,0.88,0.997,same_club
570,Valon Behrami,EPL,2015-16,Watford,M S,21,1284,0,0,1,1,5,0.012,0.012,0.517,2.335,1.818,3,1,21905,Valon Behrami,1985-04-19,30.37,184.0,right,Midfield,Defensive Midfield,Switzerland,Jugoslawien (SFR),21,1282,0,1,1010,Watford FC,1372,3500000.0,2500000.0,1.0,1.0,0.998,same_club
572,Etienne Capoue,EPL,2015-16,Watford,M,33,2834,0,0,1,35,24,3.073,3.073,1.446,8.91,5.593,7,0,63494,Étienne Capoue,1988-07-11,27.14,189.0,right,Midfield,Defensive Midfield,France,France,33,2821,0,1,1010,Watford FC,3016,7500000.0,9000000.0,0.999,1.0,0.995,same_club
575,Nordin Amrabat,EPL,2015-16,Watford,F M S,12,494,0,0,0,7,5,0.745,0.745,0.584,2.06,0.915,2,1,55619,Nordin Amrabat,1987-03-31,28.42,178.0,right,Attack,Right Winger,Morocco,Netherlands,12,502,0,0,1010,Watford FC,1694,6000000.0,5000000.0,0.995,1.0,0.984,same_club
575,Nordin Amrabat,EPL,2015-16,Watford,F M S,12,494,0,0,0,7,5,0.745,0.745,0.584,2.06,0.915,2,1,55619,Nordin Amrabat,1987-03-31,28.42,178.0,right,Attack,Right Winger,Morocco,Netherlands,12,502,0,0,1010,Watford FC,1694,6000000.0,5000000.0,0.998,1.0,0.992,same_club
576,Mario Suárez,EPL,2015-16,Watford,M S,15,736,0,0,0,8,7,0.221,0.221,0.333,1.938,1.464,2,0,37337,Mario Suárez,1987-02-24,28.52,189.0,right,Defender,Centre-Back,Spain,Spain,15,745,0,0,1010,Watford FC,1601,10000000.0,8000000.0,0.996,1.0,0.988,same_club
576,Mario Suárez,EPL,2015-16,Watford,M S,15,736,0,0,0,8,7,0.221,0.221,0.333,1.938,1.464,2,0,37337,Mario Suárez,1987-02-24,28.52,189.0,right,Defender,Centre-Back,Spain,Spain,15,745,0,0,1010,Watford FC,1601,10000000.0,8000000.0,0.997,1.0,0.991,same_club
577,Ikechi Anya,EPL,2015-16,Watford,D M S,28,1675,0,0,1,10,19,0.681,0.681,1.285,6.081,4.347,0,0,107427,Ikechi Anya,1988-01-03,27.66,166.0,both,Midfield,Left Midfield,Scotland,Scotland,28,1680,0,1,1010,Watford FC,1822,2500000.0,3000000.0,0.999,1.0,0.997,same_club
578,Juan Carlos Paredes,EPL,2015-16,Watford,D M S,17,758,0,0,0,5,4,0.119,0.119,0.535,1.747,1.398,1,0,100507,Juan Carlos Paredes,1987-07-08,28.15,178.0,right,Defender,Right-Back,Ecuador,Ecuador,17,767,0,1,1010,Watford FC,861,2000000.0,2000000.0,0.996,1.0,0.988,same_club
580,Costel Pantilimon,EPL,2015-16,Sunderland,GK,17,1530,0,0,0,0,1,0.0,0.0,0.024,1.563,1.539,3,0,47659,Costel Pantilimon,1987-02-01,28.58,203.0,right,Goalkeeper,Goalkeeper,Romania,Romania,17,1530,0,0,289,Sunderland AFC,1800,6000000.0,4500000.0,1.0,1.0,1.0,same_club
582,Jurado,EPL,2015-16,Watford,F M,27,2057,0,0,0,36,41,1.369,1.369,3.556,7.713,4.987,3,0,28261,José Manuel Jurado,1986-06-29,29.17,176.0,right,Midfield,Attacking Midfield,Spain,Spain,27,2025,0,2,1010,Watford FC,2275,7000000.0,7000000.0,0.995,1.0,0.984,same_club
583,Adlène Guédioura,EPL,2015-16,Watford,M S,18,407,0,0,2,13,10,0.329,0.329,0.713,1.929,1.593,2,0,74768,Adlène Guédioura,1985-11-12,29.8,178.0,right,Midfield,Central Midfield,Algeria,France,18,421,0,2,1010,Watford FC,725,1000000.0,1000000.0,0.99,1.0,0.967,same_club
584,Joel Robles,EPL,2015-16,Everton,GK,13,1170,0,0,0,0,0,0.0,0.0,0.0,1.239,1.239,1,0,101118,Joel Robles,1990-06-17,25.21,194.0,right,Goalkeeper,Goalkeeper,Spain,Spain,13,1170,0,0,29,Everton FC,1620,3000000.0,3000000.0,1.0,1.0,1.0,same_club
586,John Stones,EPL,2015-16,Everton,D S,33,2781,0,0,0,8,6,0.42,0.42,2.036,7.335,6.957,3,0,186590,John Stones,1994-05-28,21.26,188.0,right,Defender,Centre-Back,England,England,33,2779,0,0,29,Everton FC,2871,13000000.0,28000000.0,1.0,1.0,0.999,same_club
587,Phil Jagielka,EPL,2015-16,Everton,D,21,1854,0,0,0,9,2,0.812,0.812,0.136,4.057,3.956,0,0,13520,Phil Jagielka,1982-08-17,33.04,180.0,right,Defender,Centre-Back,England,England,21,1852,0,0,29,Everton FC,2302,4500000.0,4500000.0,1.0,1.0,0.999,same_club
590,Gareth Barry,EPL,2015-16,Everton,M S,33,2840,0,0,1,15,34,1.219,1.219,2.901,14.019,11.218,5,1,3291,Gareth Barry,1981-02-23,34.52,184.0,left,Midfield,Defensive Midfield,England,England,33,2836,0,2,29,Everton FC,3013,2500000.0,2500000.0,1.0,1.0,0.999,same_club
598,Bryan Oviedo,EPL,2015-16,Everton,D M S,14,1001,0,0,1,5,13,0.469,0.469,1.525,4.925,3.128,0,0,124983,Bryan Oviedo,1990-02-18,25.53,172.0,left,Defender,Left-Back,Costa Rica,Costa Rica,14,998,0,1,29,Everton FC,1268,3000000.0,3000000.0,0.999,1.0,0.997,same_club
599,Oumar Niasse,EPL,2015-16,Everton,F S,5,139,0,0,0,2,3,0.135,0.135,0.459,0.338,0.153,0,0,209781,Oumar Niasse,1990-04-18,25.37,182.0,right,Attack,Centre-Forward,Senegal,Senegal,5,142,0,0,29,Everton FC,1988,5000000.0,13000000.0,0.994,1.0,0.979,same_club
600,Tim Howard,EPL,2015-16,Everton,GK,25,2250,0,0,0,0,1,0.0,0.0,0.073,2.613,2.613,1,0,4267,Tim Howard,1979-03-06,36.49,191.0,right,Goalkeeper,Goalkeeper,United States,United States,25,2250,0,0,29,Everton FC,2250,2000000.0,2000000.0,1.0,1.0,1.0,same_club
602,Dejan Lovren,EPL,2015-16,Liverpool,D S,24,1901,0,0,0,22,8,1.127,1.127,0.283,3.093,2.945,2,0,37838,Dejan Lovren,1989-07-05,26.16,188.0,right,Defender,Centre-Back,Croatia,Jugoslawien (SFR),24,1897,0,0,31,Liverpool FC,2887,13000000.0,13000000.0,0.999,1.0,0.998,same_club
609,Joe Hart,EPL,2015-16,Manchester City,GK,35,3112,0,0,0,0,2,0.0,0.0,0.68,5.09,4.41,0,0,40204,Joe Hart,1987-04-19,28.37,196.0,right,Goalkeeper,Goalkeeper,England,England,35,3110,0,0,281,Manchester City,4181,16000000.0,17000000.0,1.0,1.0,0.999,same_club
610,Pablo Zabaleta,EPL,2015-16,Manchester City,D S,13,1061,0,0,1,3,2,0.178,0.178,0.634,5.072,4.851,3,0,20007,Pablo Zabaleta,1985-01-16,30.62,176.0,right,Defender,Right-Back,Argentina,Argentina,13,1062,0,1,281,Manchester City,1483,18000000.0,14000000.0,1.0,1.0,0.999,same_club
613,Gaël Clichy,EPL,2015-16,Manchester City,D S,14,1090,0,0,1,2,12,0.038,0.038,1.033,4.198,3.666,0,0,7449,Gaël Clichy,1985-07-26,30.1,176.0,left,Defender,Left-Back,France,France,14,1088,0,1,281,Manchester City,1900,11000000.0,9000000.0,0.999,1.0,0.998,same_club
616,Jesús Navas,EPL,2015-16,Manchester City,M S,34,2283,0,0,7,31,54,2.953,2.953,5.386,14.597,8.656,1,0,15956,Jesús Navas,1985-11-21,29.78,170.0,right,Midfield,Right Midfield,Spain,Spain,34,2279,0,7,281,Manchester City,3195,20000000.0,20000000.0,0.999,1.0,0.998,same_club
623,Martín Demichelis,EPL,2015-16,Manchester City,D S,20,999,0,0,0,5,4,0.299,0.299,0.383,3.046,2.663,3,0,2963,Martín Demichelis,1980-12-20,34.7,184.0,right,Defender,Centre-Back,Argentina,Argentina,20,1015,0,0,281,Manchester City,1443,2000000.0,2000000.0,0.995,1.0,0.984,same_club
624,Willy Caballero,EPL,2015-16,Manchester City,GK S,4,308,0,0,0,0,0,0.0,0.0,0.0,0.347,0.347,0,0,19948,Willy Caballero,1981-09-28,33.92,186.0,right,Goalkeeper,Goalkeeper,Argentina,Argentina,4,310,0,0,281,Manchester City,589,4500000.0,3000000.0,0.998,1.0,0.994,same_club
625,Bacary Sagna,EPL,2015-16,Manchester City,D S,28,2449,0,0,3,5,27,0.16,0.16,2.814,9.475,8.551,4,0,26764,Bacary Sagna,1983-02-14,32.54,176.0,right,Defender,Right-Back,France,France,28,2448,0,3,281,Manchester City,3447,6000000.0,7000000.0,1.0,1.0,1.0,same_club
626,Eliaquim Mangala,EPL,2015-16,Manchester City,D,23,2017,0,0,0,7,0,1.601,1.601,0.0,5.077,5.077,8,0,90681,Eliaquim Mangala,1991-02-13,24.55,187.0,left,Defender,Centre-Back,France,France,23,2010,0,0,281,Manchester City,2623,28000000.0,23000000.0,0.999,1.0,0.997,same_club
627,Antonio Valencia,EPL,2015-16,Manchester United,D S,14,847,0,0,3,6,7,0.193,0.193,0.556,3.748,3.124,1,0,33544,Antonio Valencia,1985-08-04,30.08,180.0,right,Defender,Right-Back,Ecuador,Ecuador,14,857,0,3,985,Manchester United,1212,10000000.0,8000000.0,0.996,1.0,0.988,same_club
628,Chris Smalling,EPL,2015-16,Manchester United,D,35,3150,0,0,1,18,6,1.587,1.587,0.636,5.664,5.318,8,0,103427,Chris Smalling,1989-11-22,25.77,194.0,right,Defender,Centre-Back,England,England,35,3150,0,0,985,Manchester United,4785,14000000.0,20000000.0,1.0,1.0,1.0,same_club
632,Jordon Mutch,EPL,2015-16,Crystal Palace,F M S,20,784,0,0,0,17,7,0.931,0.931,0.481,2.766,1.982,0,0,57207,Jordon Mutch,1991-12-02,23.75,184.0,right,Midfield,Central Midfield,England,England,20,796,0,0,873,Crystal Palace,988,5500000.0,4000000.0,0.995,1.0,0.985,same_club
634,Fraizer Campbell,EPL,2015-16,Crystal Palace,F S,11,354,0,0,0,4,1,0.757,0.757,0.08,0.93,0.242,1,0,42411,Fraizer Campbell,1987-09-13,27.97,172.0,right,Attack,Centre-Forward,England,England,11,358,0,0,873,Crystal Palace,516,3500000.0,3500000.0,0.997,1.0,0.989,same_club
635,Alex McCarthy,EPL,2015-16,Crystal Palace,GK,7,630,0,0,0,0,0,0.0,0.0,0.0,0.0,0.0,0,0,95976,Alex McCarthy,1989-12-03,25.74,193.0,right,Goalkeeper,Goalkeeper,England,England,7,630,0,0,873,Crystal Palace,630,2500000.0,3000000.0,1.0,1.0,1.0,same_club
637,Hugo Lloris,EPL,2015-16,Tottenham,GK,37,3330,0,0,0,0,1,0.0,0.0,0.024,4.439,4.415,0,0,17965,Hugo Lloris,1986-12-26,28.68,188.0,left,Goalkeeper,Goalkeeper,France,France,37,3330,0,0,148,Tottenham Hotspur,4140,22000000.0,24000000.0,1.0,1.0,1.0,same_club
640,Jan Vertonghen,EPL,2015-16,Tottenham,D,29,2596,0,0,0,11,6,0.579,0.579,0.351,7.523,7.123,5,0,43250,Jan Vertonghen,1987-04-24,28.36,189.0,left,Defender,Centre-Back,Belgium,Belgium,29,2595,0,0,148,Tottenham Hotspur,2955,19000000.0,23000000.0,1.0,1.0,1.0,same_club
650,Kevin Wimmer,EPL,2015-16,Tottenham,D S,10,814,0,0,0,1,2,0.061,0.061,0.071,3.567,3.522,2,0,122675,Kevin Wimmer,1992-11-15,22.79,187.0,left,Defender,Centre-Back,Austria,Austria,10,812,0,0,148,Tottenham Hotspur,1712,7500000.0,7000000.0,0.999,1.0,0.998,same_club
651,Michel Vorm,EPL,2015-16,Tottenham,GK,1,90,0,0,0,0,0,0.0,0.0,0.0,0.0,0.0,0,0,26276,Michel Vorm,1983-10-20,31.87,183.0,right,Goalkeeper,Goalkeeper,Netherlands,Netherlands,1,90,0,0,148,Tottenham Hotspur,540,5000000.0,5000000.0,1.0,1.0,1.0,same_club
654,Michael Carrick,EPL,2015-16,Manchester United,D M S,28,1982,0,0,0,7,10,0.22,0.22,0.282,6.992,6.688,4,0,3878,Michael Carrick,1981-07-28,34.09,189.0,right,Midfield,Defensive Midfield,England,England,28,1975,0,0,985,Manchester United,2922,4000000.0,4000000.0,0.999,1.0,0.996,same_club
655,James Collins,EPL,2015-16,West Ham,D S,19,1437,0,0,0,13,2,0.869,0.869,0.19,2.181,2.086,3,1,12691,James Collins,1983-08-23,32.02,188.0,right,Defender,Centre-Back,Wales,Wales,19,1440,0,0,379,West Ham United,1854,2000000.0,2000000.0,0.999,1.0,0.998,same_club
657,Alexandre Song,EPL,2015-16,West Ham,M S,12,658,0,0,0,6,8,0.18,0.18,0.212,1.887,1.603,1,0,27394,Alex Song,1987-09-09,27.98,185.0,right,Midfield,Defensive Midfield,Cameroon,Cameroon,12,657,0,0,379,West Ham United,854,12000000.0,10000000.0,0.97,0.95,0.998,same_club
660,Ben Davies,EPL,2015-16,Tottenham,D S,17,1281,0,0,2,9,15,0.442,0.442,1.429,5.71,4.638,3,0,192765,Ben Davies,1993-04-24,22.35,181.0,left,Defender,Centre-Back,Wales,Wales,17,1288,0,2,148,Tottenham Hotspur,2111,8000000.0,8000000.0,0.998,1.0,0.995,same_club
661,Josh Onomah,EPL,2015-16,Tottenham,S,8,69,0,0,0,3,1,0.179,0.179,0.035,0.677,0.498,0,0,243589,Josh Onomah,1997-04-27,18.35,185.0,right,Midfield,Central Midfield,England,England,8,78,0,0,148,Tottenham Hotspur,522,,1500000.0,0.97,1.0,0.9,same_club
662,Brad Guzan,EPL,2015-16,Aston Villa,GK,28,2520,0,0,0,0,1,0.0,0.0,0.045,1.389,1.345,2,0,39471,Brad Guzan,1984-09-09,30.98,193.0,left,Goalkeeper,Goalkeeper,United States,United States,28,2520,0,0,405,Aston Villa,2700,4000000.0,3000000.0,1.0,1.0,1.0,same_club
663,Alan Hutton,EPL,2015-16,Aston Villa,D S,28,2331,0,0,1,9,21,0.554,0.554,2.284,4.593,3.653,6,1,9619,Alan Hutton,1984-11-30,30.75,185.0,right,Defender,Right-Back,Scotland,Scotland,28,2330,0,1,405,Aston Villa,2330,2000000.0,2000000.0,1.0,1.0,1.0,same_club
666,Aly Cissokho,EPL,2015-16,Aston Villa,D,18,1605,0,0,0,4,9,0.107,0.107,0.495,2.46,2.124,3,1,57515,Aly Cissokho,1987-09-15,27.96,187.0,left,Defender,Centre-Back,France,France,18,1603,0,0,405,Aston Villa,1859,3000000.0,2000000.0,1.0,1.0,0.999,same_club
667,Carlos Sánchez,EPL,2015-16,Aston Villa,M S,20,1373,0,0,0,13,4,0.366,0.366,0.378,2.666,2.468,3,0,51226,Carlos Sánchez,1986-02-06,29.57,182.0,left,Midfield,Defensive Midfield,Colombia,Colombia,20,1369,0,0,405,Aston Villa,1414,5000000.0,5000000.0,0.999,1.0,0.997,same_club
668,Idrissa Gueye,EPL,2015-16,Aston Villa,M,35,3085,0,0,1,30,28,0.878,0.878,0.988,6.672,5.551,10,0,126665,Idrissa Gueye,1989-09-26,25.93,174.0,right,Midfield,Defensive Midfield,Senegal,Senegal,35,3075,0,1,405,Aston Villa,3300,7500000.0,9000000.0,0.999,1.0,0.997,same_club
673,Jordan Lyden,EPL,2015-16,Aston Villa,D M S,4,149,0,0,0,1,1,0.063,0.063,0.028,0.165,0.074,0,0,251289,Jordan Lyden,1996-01-30,19.59,183.0,right,Midfield,Defensive Midfield,Australia,Australia,4,152,0,0,405,Aston Villa,249,,,0.994,1.0,0.98,same_club
676,Jores Okore,EPL,2015-16,Aston Villa,D,12,1080,0,0,0,0,1,0.0,0.0,0.122,1.289,1.167,1,0,129085,Jores Okore,1992-08-11,23.06,183.0,right,Defender,Centre-Back,Denmark,Cote d'Ivoire,12,1080,0,0,405,Aston Villa,1215,5500000.0,5000000.0,1.0,1.0,1.0,same_club
677,Jordan Veretout,EPL,2015-16,Aston Villa,M S,25,1831,0,0,5,19,39,0.565,0.565,2.729,4.9,3.797,4,0,164771,Jordan Veretout,1993-03-01,22.5,177.0,right,Midfield,Central Midfield,France,France,25,1824,0,5,405,Aston Villa,1933,8000000.0,8000000.0,0.999,1.0,0.996,same_club
678,Mark Bunn,EPL,2015-16,Aston Villa,GK,10,900,0,0,0,0,0,0.0,0.0,0.0,0.155,0.155,2,0,49319,Mark Bunn,1984-11-16,30.79,183.0,right,Goalkeeper,Goalkeeper,England,England,10,900,0,0,405,Aston Villa,990,750000.0,750000.0,1.0,1.0,1.0,same_club
680,Thibaut Courtois,EPL,2015-16,Chelsea,GK,23,2023,0,0,0,0,0,0.0,0.0,0.0,3.183,3.183,1,2,108390,Thibaut Courtois,1992-05-11,23.31,199.0,left,Goalkeeper,Goalkeeper,Belgium,Belgium,23,2020,0,0,631,Chelsea FC,2650,35000000.0,35000000.0,1.0,1.0,0.999,same_club
683,Matt Miazga,EPL,2015-16,Chelsea,D,2,138,0,0,0,0,0,0.0,0.0,0.0,0.259,0.259,1,0,245893,Matt Miazga,1995-07-19,20.12,193.0,right,Defender,Centre-Back,United States,United States,2,135,0,0,631,Chelsea FC,135,150000.0,2500000.0,0.993,1.0,0.978,same_club
684,Abdul Rahman Baba,EPL,2015-16,Chelsea,D S,15,1018,0,0,1,6,3,0.379,0.379,0.179,3.87,3.491,1,0,224884,Abdul Rahman Baba,1994-07-02,21.17,179.0,left,Defender,Left-Back,Ghana,Ghana,15,1016,0,1,631,Chelsea FC,1676,10000000.0,13000000.0,0.999,1.0,0.998,same_club
685,John Obi Mikel,EPL,2015-16,Chelsea,D M S,25,1782,0,0,1,7,5,0.285,0.285,0.109,6.554,6.357,6,0,30739,Mikel John Obi,1987-04-22,28.36,188.0,right,Midfield,Defensive Midfield,Nigeria,Nigeria,25,1783,0,1,631,Chelsea FC,2201,10000000.0,10000000.0,1.0,1.0,0.999,same_club
693,Jake Clarke-Salter,EPL,2015-16,Chelsea,S,1,13,0,0,0,0,0,0.0,0.0,0.0,0.141,0.141,0,0,316551,Jake Clarke-Salter,1997-09-22,17.94,188.0,left,Defender,Centre-Back,England,England,1,16,0,0,631,Chelsea FC,16,,,0.99,1.0,0.967,same_club
694,Asmir Begovic,EPL,2015-16,Chelsea,GK S,17,1393,0,0,0,0,0,0.0,0.0,0.0,1.399,1.399,0,0,33873,Asmir Begovic,1987-06-20,28.2,199.0,right,Goalkeeper,Goalkeeper,Bosnia-Herzegovina,Jugoslawien (SFR),17,1397,0,0,631,Chelsea FC,1937,12000000.0,12000000.0,0.999,1.0,0.997,same_club
698,Adam Bogdan,EPL,2015-16,Liverpool,GK,2,180,0,0,0,0,0,0.0,0.0,0.0,0.12,0.12,0,0,55247,Ádám Bogdán,1987-09-27,27.93,194.0,right,Goalkeeper,Goalkeeper,Hungary,Hungary,2,180,0,0,31,Liverpool FC,270,2000000.0,2000000.0,1.0,1.0,1.0,same_club
702,Tammy Abraham,EPL,2015-16,Chelsea,S,2,51,0,0,0,2,0,0.165,0.165,0.0,0.165,0.0,0,0,331726,Tammy Abraham,1997-10-02,17.91,194.0,right,Attack,Centre-Forward,England,England,2,53,0,0,631,Chelsea FC,53,,,0.993,1.0,0.978,same_club
703,Fikayo Tomori,EPL,2015-16,Chelsea,S,1,29,0,0,0,0,0,0.0,0.0,0.0,0.0,0.0,0,0,303254,Fikayo Tomori,1997-12-19,17.7,185.0,right,Defender,Centre-Back,England,Canada,1,30,0,0,631,Chelsea FC,30,,,0.997,1.0,0.989,same_club
706,Lukasz Fabianski,EPL,2015-16,Swansea,GK,37,3330,0,0,1,1,2,0.019,0.019,0.107,3.396,3.289,1,0,29692,Lukasz Fabianski,1985-04-18,30.37,190.0,right,Goalkeeper,Goalkeeper,Poland,Poland,37,3330,0,1,2288,Swansea City,3330,7000000.0,7000000.0,1.0,1.0,1.0,same_club
707,Angel Rangel,EPL,2015-16,Swansea,D S,23,1824,0,0,0,14,12,0.85,0.85,0.648,4.899,4.435,6,0,66550,Ángel Rangel,1982-11-28,32.76,188.0,right,Defender,Right-Back,Spain,Spain,23,1820,0,0,2288,Swansea City,1820,1500000.0,1500000.0,0.999,1.0,0.998,same_club
710,Neil Taylor,EPL,2015-16,Swansea,D S,34,2951,0,0,1,9,16,0.22,0.22,1.037,5.103,4.76,4,0,67416,Neil Taylor,1989-02-07,26.56,176.0,left,Defender,Left-Back,Wales,Wales,34,2947,0,2,2288,Swansea City,2947,4500000.0,5000000.0,1.0,1.0,0.999,same_club
711,Leroy Fer,EPL,2015-16,Swansea,M S,11,758,0,0,2,5,8,0.249,0.249,0.463,1.798,1.455,2,0,63342,Leroy Fer,1990-01-05,25.65,188.0,right,Midfield,Defensive Midfield,Netherlands,Netherlands,11,757,0,2,2288,Swansea City,757,8500000.0,8500000.0,1.0,1.0,0.999,same_club
715,Jefferson Montero,EPL,2015-16,Swansea,F M S,23,1355,0,0,2,20,26,1.673,1.673,2.94,5.771,1.818,0,0,77932,Jefferson Montero,1989-09-01,26.0,170.0,right,Attack,Left Winger,Ecuador,Ecuador,23,1357,0,2,2288,Swansea City,1447,5500000.0,5500000.0,1.0,1.0,0.999,same_club
718,Kyle Naughton,EPL,2015-16,Swansea,D S,27,1750,0,0,3,8,20,0.274,0.274,2.022,6.26,4.397,2,1,66219,Kyle Naughton,1988-11-17,26.79,181.0,right,Defender,Right-Back,England,England,27,1765,0,3,2288,Swansea City,1765,5500000.0,5500000.0,0.997,1.0,0.992,same_club
721,Jordi Amat,EPL,2015-16,Swansea,D S,8,451,0,0,0,1,1,0.641,0.641,0.074,0.225,0.225,0,0,85289,Jordi Amat,1992-03-21,23.45,185.0,right,Defender,Centre-Back,Indonesia,Spain,8,461,0,0,2288,Swansea City,551,2000000.0,3000000.0,0.993,1.0,0.978,same_club
722,Kristoffer Nordfeldt,EPL,2015-16,Swansea,GK,1,90,0,0,0,0,0,0.0,0.0,0.0,0.0,0.0,0,0,75890,Kristoffer Nordfeldt,1989-06-23,26.19,190.0,right,Goalkeeper,Goalkeeper,Sweden,Sweden,1,90,0,0,2288,Swansea City,180,3000000.0,2500000.0,1.0,1.0,1.0,same_club
726,Vito Mannone,EPL,2015-16,Sunderland,GK,19,1710,0,0,0,0,0,0.0,0.0,0.0,0.208,0.208,2,0,33781,Vito Mannone,1988-03-02,27.5,188.0,right,Goalkeeper,Goalkeeper,Italy,Italy,19,1710,0,0,289,Sunderland AFC,1710,2500000.0,2500000.0,1.0,1.0,1.0,same_club
727,DeAndre Yedlin,EPL,2015-16,Sunderland,D M S,23,1810,0,0,1,4,12,0.207,0.207,1.134,2.888,1.674,2,0,255916,DeAndre Yedlin,1993-07-09,22.15,173.0,right,Defender,Right-Back,United States,United States,23,1812,0,1,289,Sunderland AFC,1902,1500000.0,1500000.0,1.0,1.0,0.999,same_club
729,John O&#039;Shea,EPL,2015-16,Sunderland,D S,28,2000,0,0,0,7,1,0.282,0.282,0.58,1.733,1.692,2,0,3540,John O'Shea,1981-04-30,34.34,192.0,right,Defender,Centre-Back,Ireland,Ireland,28,2008,0,0,289,Sunderland AFC,2073,1000000.0,1000000.0,0.969,0.95,0.996,same_club
736,Younes Kaboul,EPL,2015-16,Sunderland,D S,23,2014,0,0,1,12,6,0.778,0.778,0.825,2.91,2.704,3,1,27114,Younès Kaboul,1986-01-04,29.66,192.0,right,Defender,Centre-Back,France,France,23,2009,0,1,289,Sunderland AFC,2009,4500000.0,3000000.0,0.999,1.0,0.998,same_club
738,Lee Cattermole,EPL,2015-16,Sunderland,M S,31,2230,0,0,0,11,23,0.48,0.48,1.701,3.795,2.39,8,0,37363,Lee Cattermole,1988-03-21,27.45,178.0,right,Midfield,Defensive Midfield,England,England,31,2216,0,0,289,Sunderland AFC,2273,3500000.0,3500000.0,0.998,1.0,0.994,same_club
739,Ola Toivonen,EPL,2015-16,Sunderland,M S,12,668,0,0,2,7,8,0.817,0.817,1.017,1.34,1.06,1,0,36500,Ola Toivonen,1986-07-03,29.16,189.0,right,Midfield,Attacking Midfield,Sweden,Sweden,12,663,0,2,289,Sunderland AFC,769,4000000.0,3000000.0,0.998,1.0,0.993,same_club
739,Ola Toivonen,EPL,2015-16,Sunderland,M S,12,668,0,0,2,7,8,0.817,0.817,1.017,1.34,1.06,1,0,36500,Ola Toivonen,1986-07-03,29.16,189.0,right,Midfield,Attacking Midfield,Sweden,Sweden,12,663,0,2,289,Sunderland AFC,769,4000000.0,3000000.0,0.99,1.0,0.967,same_club
740,Sebastian Larsson,EPL,2015-16,Sunderland,M S,18,531,0,0,1,7,7,0.348,0.348,0.735,1.766,1.016,2,0,31720,Sebastian Larsson,1985-06-06,30.24,178.0,right,Midfield,Central Midfield,Sweden,Sweden,18,547,0,1,289,Sunderland AFC,547,3500000.0,2500000.0,0.991,1.0,0.971,same_club
741,Jordan Pickford,EPL,2015-16,Sunderland,GK,2,180,0,0,0,0,0,0.0,0.0,0.0,0.0,0.0,0,0,130164,Jordan Pickford,1994-03-07,21.49,185.0,left,Goalkeeper,Goalkeeper,England,England,2,180,0,0,289,Sunderland AFC,270,250000.0,1000000.0,1.0,1.0,1.0,same_club
744,Steven Berghuis,EPL,2015-16,Watford,S,9,210,0,0,2,8,8,0.842,0.842,0.889,1.634,0.774,2,0,129554,Steven Berghuis,1991-12-19,23.7,182.0,left,Attack,Right Winger,Netherlands,Netherlands,9,223,0,2,1010,Watford FC,286,3500000.0,4000000.0,0.983,1.0,0.942,same_club
745,Kasper Schmeichel,EPL,2015-16,Leicester,GK,38,3420,0,0,0,0,5,0.0,0.0,0.37,3.29,2.92,2,0,16911,Kasper Schmeichel,1986-11-05,28.82,189.0,right,Goalkeeper,Goalkeeper,Denmark,Denmark,38,3420,0,0,1003,Leicester City,3600,4500000.0,5000000.0,1.0,1.0,1.0,same_club
746,Danny Simpson,EPL,2015-16,Leicester,D,30,2620,0,0,0,7,6,0.763,0.763,0.349,4.696,3.74,3,1,37442,Danny Simpson,1987-01-04,28.66,176.0,right,Defender,Right-Back,England,England,30,2613,0,0,1003,Leicester City,2676,2000000.0,3000000.0,0.999,1.0,0.997,same_club
749,Christian Fuchs,EPL,2015-16,Leicester,D S,32,2706,0,0,4,19,45,0.851,0.851,4.107,6.199,4.834,4,0,6636,Christian Fuchs,1986-04-07,29.4,187.0,left,Defender,Left-Back,Austria,Austria,32,2710,0,4,1003,Leicester City,2710,3000000.0,6000000.0,1.0,1.0,0.999,same_club
759,Daniel Amartey,EPL,2015-16,Leicester,D S,5,98,0,0,0,1,1,0.393,0.393,0.059,1.395,1.001,0,0,214056,Daniel Amartey,1994-12-21,20.7,186.0,right,Defender,Centre-Back,Ghana,Ghana,5,102,0,0,1003,Leicester City,1870,1500000.0,5000000.0,0.988,1.0,0.961,same_club
760,Marcin Wasilewski,EPL,2015-16,Leicester,D S,4,300,0,0,0,1,0,0.029,0.029,0.0,0.127,0.127,2,0,16947,Marcin Wasilewski,1980-06-09,35.23,186.0,right,Defender,Centre-Back,Poland,Poland,4,302,0,0,1003,Leicester City,482,500000.0,500000.0,0.998,1.0,0.993,same_club
761,Gökhan Inler,EPL,2015-16,Leicester,M S,5,195,0,0,0,2,1,0.036,0.036,0.03,0.446,0.38,0,0,19041,Gökhan Inler,1984-06-27,31.18,183.0,both,Midfield,Defensive Midfield,Switzerland,Switzerland,5,195,0,0,1003,Leicester City,375,7500000.0,6000000.0,1.0,1.0,1.0,same_club
762,Demarai Gray,EPL,2015-16,Leicester,M S,12,163,0,0,1,5,6,0.541,0.541,1.242,2.495,0.812,0,0,292417,Demarai Gray,1996-06-28,19.18,183.0,right,Attack,Left Winger,Jamaica,England,12,177,0,1,1003,Leicester City,332,3500000.0,6000000.0,0.976,1.0,0.921,same_club
763,Robert Elliot,EPL,2015-16,Newcastle United,GK,21,1890,0,0,0,0,1,0.0,0.0,0.023,1.73,1.707,1,0,39037,Rob Elliot,1986-04-30,29.34,190.0,left,Goalkeeper,Goalkeeper,Ireland,England,21,1890,0,0,762,Newcastle United,1980,1000000.0,1500000.0,0.97,0.95,1.0,same_club
765,Steven Taylor,EPL,2015-16,Newcastle United,D S,10,810,0,0,0,1,2,0.084,0.084,0.112,1.756,1.56,1,0,17273,Steven Taylor,1986-01-23,29.6,186.0,right,Defender,Centre-Back,England,England,10,810,0,0,762,Newcastle United,810,3000000.0,1500000.0,1.0,1.0,1.0,same_club
774,Siem de Jong,EPL,2015-16,Newcastle United,M S,18,434,0,0,1,8,2,0.961,0.961,0.068,1.223,0.262,0,0,45509,Siem de Jong,1989-01-28,26.59,185.0,right,Midfield,Attacking Midfield,Netherlands,Switzerland,18,446,0,1,762,Newcastle United,454,9000000.0,7000000.0,0.992,1.0,0.973,same_club
776,Seydou Doumbia,EPL,2015-16,Newcastle United,S,3,25,0,0,0,1,0,0.069,0.069,0.0,0.134,0.065,0,0,75287,Seydou Doumbia,1987-12-31,27.67,179.0,both,Attack,Centre-Forward,Cote d'Ivoire,Cote d'Ivoire,3,29,0,0,762,Newcastle United,1605,15000000.0,12000000.0,0.987,1.0,0.956,same_club
777,Emmanuel Rivière,EPL,2015-16,Newcastle United,F S,3,64,0,0,0,3,1,0.241,0.241,0.084,0.448,0.124,0,0,61637,Emmanuel Rivière,1990-03-03,25.5,182.0,right,Attack,Centre-Forward,Martinique,Martinique,3,63,0,0,762,Newcastle United,63,5000000.0,5000000.0,0.997,1.0,0.989,same_club
778,Henri Saivet,EPL,2015-16,Newcastle United,M S,4,150,0,0,0,0,1,0.0,0.0,0.015,0.23,0.23,0,0,51540,Henri Saivet,1990-10-26,24.85,175.0,right,Midfield,Attacking Midfield,Senegal,Senegal,4,148,0,0,762,Newcastle United,2324,2500000.0,5000000.0,0.996,1.0,0.987,same_club
778,Henri Saivet,EPL,2015-16,Newcastle United,M S,4,150,0,0,0,0,1,0.0,0.0,0.015,0.23,0.23,0,0,51540,Henri Saivet,1990-10-26,24.85,175.0,right,Midfield,Attacking Midfield,Senegal,Senegal,4,148,0,0,762,Newcastle United,2324,2500000.0,5000000.0,0.999,1.0,0.996,same_club
779,Jamie Sterry,EPL,2015-16,Newcastle United,S,1,4,0,0,0,0,0,0.0,0.0,0.0,0.0,0.0,0,0,250431,Jamie Sterry,1995-11-21,19.78,180.0,right,Defender,Right-Back,England,England,1,6,0,0,762,Newcastle United,6,,,0.993,1.0,0.978,same_club
780,Karl Darlow,EPL,2015-16,Newcastle United,GK,9,810,0,0,0,0,0,0.0,0.0,0.0,0.151,0.151,0,0,99397,Karl Darlow,1990-10-08,24.9,190.0,right,Goalkeeper,Goalkeeper,Wales,England,9,810,0,0,762,Newcastle United,810,3500000.0,2500000.0,1.0,1.0,1.0,same_club
785,John Ruddy,EPL,2015-16,Norwich,GK,27,2430,0,0,0,0,0,0.0,0.0,0.0,0.911,0.911,0,0,29712,John Ruddy,1986-10-24,28.85,192.0,right,Goalkeeper,Goalkeeper,England,England,27,2430,0,0,1123,Norwich City,2520,4500000.0,3000000.0,1.0,1.0,1.0,same_club
786,Ivo Pinto,EPL,2015-16,Norwich,D S,10,811,0,0,0,0,2,0.0,0.0,0.121,1.348,1.303,0,0,82281,Ivo Pinto,1990-01-07,25.65,182.0,right,Defender,Right-Back,Portugal,Portugal,10,811,0,0,1123,Norwich City,1475,4000000.0,4000000.0,1.0,1.0,1.0,same_club
787,Ryan Bennett,EPL,2015-16,Norwich,D S,22,1842,0,0,0,8,4,0.575,0.575,0.278,1.749,1.589,7,0,67252,Ryan Bennett,1990-03-06,25.49,188.0,right,Defender,Centre-Back,England,England,22,1838,0,0,1123,Norwich City,1928,1500000.0,2000000.0,0.999,1.0,0.998,same_club
796,Gary O&#039;Neil,EPL,2015-16,Norwich,M S,27,1738,0,0,0,11,9,0.853,0.853,0.595,4.298,3.374,7,1,3995,Gary O'Neil,1983-05-18,32.29,174.0,right,Midfield,Central Midfield,England,England,27,1750,0,0,1123,Norwich City,1776,1000000.0,1000000.0,0.968,0.95,0.993,same_club
797,Youssouf Mulumbu,EPL,2015-16,Norwich,M S,7,374,0,0,0,3,1,0.145,0.145,0.015,0.386,0.244,1,0,45272,Youssouf Mulumbu,1987-01-25,28.6,177.0,right,Midfield,Defensive Midfield,DR Congo,Zaire,7,371,0,0,1123,Norwich City,435,3500000.0,3000000.0,0.998,1.0,0.992,same_club
799,Declan Rudd,EPL,2015-16,Norwich,GK,11,990,0,0,0,0,0,0.0,0.0,0.0,0.288,0.288,2,0,74088,Declan Rudd,1991-01-16,24.62,191.0,right,Goalkeeper,Goalkeeper,England,England,11,990,0,0,1123,Norwich City,990,500000.0,2000000.0,1.0,1.0,1.0,same_club
801,Graham Dorrans,EPL,2015-16,Norwich,M S,21,1289,0,0,1,16,15,0.56,0.56,1.16,3.571,2.449,2,0,36608,Graham Dorrans,1987-05-05,28.33,177.0,right,Midfield,Central Midfield,Scotland,Scotland,21,1287,0,1,1123,Norwich City,1377,2000000.0,3500000.0,1.0,1.0,0.998,same_club
803,Ben Foster,EPL,2015-16,West Bromwich Albion,GK,15,1350,0,0,0,0,0,0.0,0.0,0.0,0.205,0.205,1,0,13572,Ben Foster,1983-04-03,32.41,193.0,left,Goalkeeper,Goalkeeper,England,England,15,1350,0,0,984,West Bromwich Albion,1740,4000000.0,4000000.0,1.0,1.0,1.0,same_club
808,Claudio Yacob,EPL,2015-16,West Bromwich Albion,M S,34,2862,0,0,1,9,8,0.175,0.175,0.522,2.267,1.714,8,0,45330,Claudio Yacob,1987-07-18,28.12,182.0,right,Midfield,Defensive Midfield,Argentina,Argentina,34,2852,0,1,984,West Bromwich Albion,3094,4000000.0,4000000.0,0.999,1.0,0.997,same_club
815,Alex Pritchard,EPL,2015-16,"Tottenham,West Bromwich Albion",S,3,59,0,0,0,2,0,0.076,0.076,0.0,0.066,0.04,0,0,200777,Alex Pritchard,1993-05-03,22.33,168.0,right,Midfield,Attacking Midfield,England,England,3,67,0,0,"148,984","Tottenham Hotspur,West Bromwich Albion",75,3000000.0,3000000.0,0.973,1.0,0.911,same_club
817,Sandro,EPL,2015-16,West Bromwich Albion,M S,12,382,0,0,0,3,1,0.048,0.048,0.119,0.196,0.044,0,0,74590,Sandro,1989-03-15,26.46,187.0,right,Midfield,Defensive Midfield,Brazil,Brazil,12,380,0,0,984,West Bromwich Albion,462,9000000.0,6000000.0,0.998,1.0,0.995,same_club
818,Victor Anichebe,EPL,2015-16,West Bromwich Albion,F S,10,355,0,0,0,13,5,1.171,1.171,0.31,1.363,0.337,0,0,39532,Victor Anichebe,1988-04-23,27.36,190.0,right,Attack,Centre-Forward,Nigeria,Nigeria,10,365,0,0,984,West Bromwich Albion,493,3500000.0,2000000.0,0.992,1.0,0.973,same_club
819,James Chester,EPL,2015-16,West Bromwich Albion,D S,13,965,0,0,0,0,4,0.0,0.0,0.258,1.168,1.037,5,0,73482,James Chester,1989-01-23,26.6,177.0,right,Defender,Centre-Back,Wales,England,13,962,0,0,984,West Bromwich Albion,1238,2000000.0,5000000.0,0.999,1.0,0.997,same_club
820,Boaz Myhill,EPL,2015-16,West Bromwich Albion,GK,23,2070,0,0,0,0,0,0.0,0.0,0.0,1.013,1.013,2,0,3838,Boaz Myhill,1982-11-09,32.81,191.0,right,Goalkeeper,Goalkeeper,Wales,United States,23,2070,0,0,984,West Bromwich Albion,2160,1000000.0,2000000.0,1.0,1.0,1.0,same_club
822,Patrick Bamford,EPL,2015-16,"Crystal Palace,Norwich",F S,13,340,0,0,0,10,4,0.938,0.938,0.263,1.581,0.74,0,0,183334,Patrick Bamford,1993-09-05,21.99,185.0,left,Attack,Centre-Forward,England,England,13,355,0,0,"873,1123","Crystal Palace,Norwich City",355,5000000.0,5000000.0,0.987,1.0,0.958,same_club
823,Vadis Odjidja-Ofoe,EPL,2015-16,Norwich,M S,10,268,0,0,2,3,8,0.082,0.082,0.352,0.643,0.339,2,0,38388,Vadis Odjidja-Ofoe,1989-02-21,26.52,185.0,right,Midfield,Central Midfield,,,10,275,0,2,1123,Norwich City,365,4500000.0,4500000.0,0.992,1.0,0.975,same_club
827,Juan Iturbe,EPL,2015-16,Bournemouth,S,2,51,0,0,0,1,1,0.028,0.028,0.013,0.041,0.0,0,0,81455,Juan Iturbe,1993-06-04,22.24,173.0,left,Attack,Left Winger,Paraguay,Argentina,2,55,0,0,989,AFC Bournemouth,832,17000000.0,15000000.0,0.987,1.0,0.956,same_club
827,Juan Iturbe,EPL,2015-16,Bournemouth,S,2,51,0,0,0,1,1,0.028,0.028,0.013,0.041,0.0,0,0,81455,Juan Iturbe,1993-06-04,22.24,173.0,left,Attack,Left Winger,Paraguay,Argentina,2,55,0,0,989,AFC Bournemouth,832,17000000.0,15000000.0,0.993,1.0,0.978,same_club
828,Sylvain Distin,EPL,2015-16,Bournemouth,D S,12,841,0,0,0,2,1,0.064,0.064,0.007,0.327,0.32,0,0,3356,Sylvain Distin,1977-12-16,37.71,192.0,left,Defender,Centre-Back,France,France,12,842,0,0,989,AFC Bournemouth,1112,750000.0,750000.0,1.0,1.0,0.999,same_club
829,Marvin Emnes,EPL,2015-16,Swansea,F S,2,66,0,0,0,1,0,0.024,0.024,0.0,0.024,0.0,0,0,37787,Marvin Emnes,1988-05-27,27.26,180.0,both,Attack,Centre-Forward,Netherlands,Netherlands,2,66,0,0,2288,Swansea City,156,1500000.0,1000000.0,1.0,1.0,1.0,same_club
830,Leon Britton,EPL,2015-16,Swansea,M S,25,1532,0,0,0,5,4,0.102,0.102,0.097,2.054,1.962,4,0,40043,Leon Britton,1982-09-16,32.96,167.0,right,Midfield,Central Midfield,England,England,25,1527,0,0,2288,Swansea City,1527,1500000.0,1500000.0,0.999,1.0,0.997,same_club
831,Fraser Forster,EPL,2015-16,Southampton,GK,18,1620,0,0,0,0,0,0.0,0.0,0.0,0.544,0.544,0,0,52570,Fraser Forster,1988-03-17,27.46,201.0,right,Goalkeeper,Goalkeeper,England,England,18,1620,0,0,180,Southampton FC,1620,12000000.0,15000000.0,1.0,1.0,1.0,same_club
837,Jordy Clasie,EPL,2015-16,Southampton,M S,22,1574,0,0,0,14,14,0.488,0.488,0.765,3.81,2.835,5,0,104223,Jordy Clasie,1991-06-27,24.18,169.0,right,Midfield,Defensive Midfield,Netherlands,Netherlands,22,1551,0,0,180,Southampton FC,1689,10000000.0,11000000.0,0.996,1.0,0.985,same_club
844,Jay Rodriguez,EPL,2015-16,Southampton,M S,12,328,0,0,0,17,3,1.693,1.693,0.097,2.27,0.573,1,0,53360,Jay Rodríguez,1989-07-29,26.09,185.0,right,Attack,Centre-Forward,England,England,12,346,0,0,180,Southampton FC,516,12500000.0,13000000.0,0.984,1.0,0.948,same_club
846,Maarten Stekelenburg,EPL,2015-16,Southampton,GK,17,1530,0,0,0,0,1,0.0,0.0,0.036,2.495,2.459,0,0,4311,Maarten Stekelenburg,1982-09-22,32.94,197.0,right,Goalkeeper,Goalkeeper,,,17,1530,0,0,180,Southampton FC,1980,1000000.0,1000000.0,1.0,1.0,1.0,same_club
847,Cédric Soares,EPL,2015-16,Southampton,D M S,24,1986,0,0,2,10,26,0.319,0.319,3.427,7.582,4.793,3,0,112988,Cédric Soares,1991-08-31,24.0,171.0,right,Defender,Right-Back,Portugal,Germany,24,1971,0,2,180,Southampton FC,2061,9500000.0,11000000.0,0.998,1.0,0.992,same_club
849,Chancel Mbemba,EPL,2015-16,Newcastle United,D,33,2923,0,0,0,12,4,0.777,0.777,0.268,4.486,4.202,5,0,203348,Chancel Mbemba,1994-08-08,21.07,182.0,right,Defender,Centre-Back,DR Congo,Zaire,33,2924,0,0,762,Newcastle United,3014,8000000.0,10000000.0,1.0,1.0,1.0,same_club
851,Gabriel Obertan,EPL,2015-16,Newcastle United,M S,5,279,0,0,1,3,3,0.074,0.074,0.192,0.258,0.014,1,0,43261,Gabriel Obertan,1989-02-26,26.51,186.0,right,Attack,Right Winger,France,France,5,279,0,1,762,Newcastle United,279,1000000.0,1000000.0,1.0,1.0,1.0,same_club
854,Cheick Tioté,EPL,2015-16,Newcastle United,M S,20,1244,0,0,0,1,8,0.019,0.019,0.743,2.948,2.685,5,0,33478,Cheik Tioté,1986-06-21,29.2,180.0,right,Midfield,Defensive Midfield,Cote d'Ivoire,Cote d'Ivoire,20,1225,0,0,762,Newcastle United,1307,7500000.0,6000000.0,0.969,0.957,0.985,same_club
855,Cristian Gamboa,EPL,2015-16,West Bromwich Albion,S,1,24,0,0,0,1,0,0.023,0.023,0.0,0.102,0.079,1,0,121686,Cristian Gamboa,1989-10-24,25.85,175.0,right,Defender,Right-Back,Costa Rica,Costa Rica,1,27,0,0,984,West Bromwich Albion,147,2000000.0,2000000.0,0.99,1.0,0.967,same_club
856,Jack Butland,EPL,2015-16,Stoke,GK,31,2790,0,0,0,0,1,0.0,0.0,0.028,2.104,2.076,0,0,128899,Jack Butland,1993-03-10,22.48,196.0,right,Goalkeeper,Goalkeeper,England,England,31,2790,0,0,512,Stoke City,2790,4000000.0,9000000.0,1.0,1.0,1.0,same_club
857,Phil Bardsley,EPL,2015-16,Stoke,D S,11,813,0,0,1,7,4,0.129,0.129,0.661,2.783,2.594,1,0,15773,Phil Bardsley,1985-06-28,30.18,180.0,right,Defender,Right-Back,Scotland,England,11,816,0,2,512,Stoke City,967,2000000.0,1500000.0,0.999,1.0,0.996,same_club
858,Philipp Wollscheid,EPL,2015-16,Stoke,D S,31,2681,0,0,0,2,5,0.076,0.076,0.324,5.346,5.275,2,0,53173,Philipp Wollscheid,1989-03-06,26.49,,,Defender,Centre-Back,Germany,Germany,31,2685,0,0,512,Stoke City,2865,5000000.0,6500000.0,1.0,1.0,0.999,same_club
859,Geoff Cameron,EPL,2015-16,Stoke,D M S,30,2361,0,0,0,15,9,0.619,0.619,0.689,6.652,6.341,0,1,31642,Geoff Cameron,1985-07-11,30.14,190.0,right,Defender,Centre-Back,United States,United States,30,2361,0,0,512,Stoke City,2361,3000000.0,3000000.0,1.0,1.0,1.0,same_club
860,Marc Muniesa,EPL,2015-16,Stoke,D S,15,1113,0,0,0,3,5,0.091,0.091,0.222,2.062,1.9,2,0,74228,Marc Muniesa,1992-03-27,23.43,180.0,left,Defender,Centre-Back,Spain,Spain,15,1111,0,0,512,Stoke City,1111,3000000.0,3000000.0,0.999,1.0,0.998,same_club
862,Glenn Whelan,EPL,2015-16,Stoke,M,37,3189,0,0,1,11,25,0.222,0.222,0.931,10.518,9.995,6,0,12124,Glenn Whelan,1984-01-13,31.63,180.0,right,Midfield,Defensive Midfield,Ireland,Ireland,37,3173,0,1,512,Stoke City,3197,2000000.0,3000000.0,0.998,1.0,0.995,same_club
867,Stephen Ireland,EPL,2015-16,Stoke,S,13,206,0,0,1,3,8,0.547,0.547,1.646,2.241,0.914,2,0,34838,Stephen Ireland,1986-08-22,29.03,173.0,right,Midfield,Attacking Midfield,Ireland,Ireland,13,232,0,1,512,Stoke City,322,2000000.0,1500000.0,0.966,1.0,0.888,same_club
869,Dionatan Teixeira,EPL,2015-16,Stoke,S,1,42,0,0,0,0,0,0.0,0.0,0.0,0.0,0.0,0,0,107617,Dionatan Teixeira,1992-07-24,23.1,193.0,left,Defender,Centre-Back,Slovakia,Brazil,1,45,0,0,512,Stoke City,45,500000.0,500000.0,0.99,1.0,0.967,same_club
870,Jakob Haugaard,EPL,2015-16,Stoke,GK S,5,402,0,0,0,0,0,0.0,0.0,0.0,1.141,1.141,0,0,138335,Jakob Haugaard,1992-05-01,23.33,199.0,right,Goalkeeper,Goalkeeper,Denmark,Denmark,5,405,0,0,512,Stoke City,585,750000.0,750000.0,0.998,1.0,0.993,same_club
872,Peter Crouch,EPL,2015-16,Stoke,F S,11,446,0,0,1,7,4,0.305,0.305,0.395,1.211,0.609,0,0,4072,Peter Crouch,1981-01-30,34.58,201.0,right,Attack,Centre-Forward,England,England,11,457,0,1,512,Stoke City,538,2000000.0,2000000.0,0.993,1.0,0.976,same_club
874,Andre Green,EPL,2015-16,Aston Villa,S,2,54,0,0,0,1,2,0.016,0.016,0.186,0.115,0.0,0,0,309841,Andre Green,1998-07-26,17.1,180.0,right,Attack,Left Winger,England,England,2,57,0,0,405,Aston Villa,57,,,0.99,1.0,0.967,same_club
879,Jonathan Leko,EPL,2015-16,West Bromwich Albion,M S,5,272,0,0,1,0,2,0.0,0.0,0.565,0.9,0.335,0,0,314266,Jonathan Leko,1999-04-24,16.36,182.0,right,Attack,Right Winger,England,DR Congo,5,271,0,1,984,West Bromwich Albion,271,,,0.999,1.0,0.996,same_club
880,Callum McManaman,EPL,2015-16,West Bromwich Albion,M S,12,267,0,0,1,8,8,0.444,0.444,0.245,0.649,0.207,2,0,61711,Callum McManaman,1991-04-25,24.35,174.0,right,Attack,Right Winger,England,England,12,277,0,2,984,West Bromwich Albion,304,5000000.0,5000000.0,0.989,1.0,0.964,same_club
884,Matt Targett,EPL,2015-16,Southampton,D M S,14,1077,0,0,1,3,6,0.125,0.125,0.363,3.374,3.007,1,0,250478,Matt Targett,1995-09-18,19.95,183.0,left,Defender,Left-Back,England,England,14,1068,0,2,180,Southampton FC,1428,2000000.0,3000000.0,0.997,1.0,0.992,same_club
886,Ryan Shawcross,EPL,2015-16,Stoke,D,20,1698,0,0,0,8,1,0.724,0.724,0.039,1.8,1.8,2,1,45861,Ryan Shawcross,1987-10-04,27.91,191.0,right,Defender,Centre-Back,England,England,20,1697,0,0,512,Stoke City,1787,9000000.0,11000000.0,1.0,1.0,0.999,same_club
887,Erik Pieters,EPL,2015-16,Stoke,D,35,3101,0,0,1,5,19,0.131,0.131,2.171,9.071,8.08,10,0,43763,Erik Pieters,1988-08-07,27.07,183.0,left,Defender,Centre-Back,Netherlands,Netherlands,35,3097,0,1,512,Stoke City,3187,3000000.0,5000000.0,1.0,1.0,0.999,same_club
889,Shay Given,EPL,2015-16,Stoke,GK,3,228,0,0,0,0,0,0.0,0.0,0.0,0.337,0.337,1,0,3146,Shay Given,1976-04-20,39.36,185.0,right,Goalkeeper,Goalkeeper,Ireland,Ireland,3,225,0,0,512,Stoke City,225,500000.0,500000.0,0.996,1.0,0.987,same_club
891,Leon Osman,EPL,2015-16,Everton,M S,9,206,0,0,0,3,0,0.136,0.136,0.0,0.28,0.205,0,0,3620,Leon Osman,1981-05-17,34.29,173.0,right,Midfield,Central Midfield,England,England,9,218,0,0,29,Everton FC,259,1000000.0,1000000.0,0.983,1.0,0.945,same_club
892,Stephen Kingsley,EPL,2015-16,Swansea,D,4,357,0,0,1,1,2,0.016,0.016,0.669,0.92,0.265,0,0,184398,Stephen Kingsley,1994-07-23,21.11,178.0,left,Defender,Left-Back,Scotland,Scotland,4,356,0,1,2288,Swansea City,386,500000.0,500000.0,0.999,1.0,0.997,same_club
893,Sébastien Pocognoli,EPL,2015-16,West Bromwich Albion,S,1,33,0,0,1,0,2,0.0,0.0,0.17,0.17,0.073,0,0,17804,Sébastien Pocognoli,1987-08-01,28.08,181.0,left,Defender,Left-Back,Belgium,Belgium,1,35,0,1,984,West Bromwich Albion,299,2000000.0,1000000.0,0.993,1.0,0.978,same_club
894,Andre Wisdom,EPL,2015-16,Norwich,D S,10,827,0,0,0,2,4,0.148,0.148,0.456,2.583,2.36,1,0,128912,Andre Wisdom,1993-05-09,22.31,186.0,right,Defender,Right-Back,England,England,10,823,0,0,1123,Norwich City,913,5000000.0,4000000.0,0.999,1.0,0.995,same_club
895,Mathieu Flamini,EPL,2015-16,Arsenal,M S,16,1084,0,0,0,7,3,1.115,1.115,0.127,4.504,3.279,3,0,17396,Mathieu Flamini,1984-03-07,31.49,178.0,right,Midfield,Defensive Midfield,France,France,16,1090,0,0,11,Arsenal FC,1503,4000000.0,4000000.0,0.998,1.0,0.994,same_club
896,Jay Fulton,EPL,2015-16,Swansea,S,2,19,0,0,0,0,0,0.0,0.0,0.0,0.0,0.0,0,0,171260,Jay Fulton,1994-04-04,21.41,185.0,right,Midfield,Central Midfield,Scotland,England,2,20,0,0,2288,Swansea City,20,200000.0,200000.0,0.997,1.0,0.989,same_club
897,Juanmi,EPL,2015-16,Southampton,S,12,140,0,0,0,5,3,0.362,0.362,0.224,0.986,0.4,0,0,126737,Juanmi,1993-05-20,22.28,172.0,right,Attack,Left Winger,Spain,Spain,12,161,0,0,180,Southampton FC,274,7000000.0,7000000.0,0.961,1.0,0.87,same_club
898,Obbi Oularé,EPL,2015-16,Watford,S,2,2,0,0,0,0,0,0.0,0.0,0.0,0.0,0.0,0,0,314959,Obbi Oulare,1996-01-08,19.65,196.0,right,Attack,Centre-Forward,Belgium,Belgium,2,5,0,0,1010,Watford FC,399,5000000.0,6000000.0,0.99,1.0,0.967,same_club
899,Kieran Richardson,EPL,2015-16,Aston Villa,D M S,11,722,0,0,1,7,4,0.155,0.155,0.164,0.855,0.655,4,0,3548,Kieran Richardson,1984-10-21,30.86,177.0,left,Defender,Left-Back,England,England,11,723,0,1,405,Aston Villa,903,1500000.0,1500000.0,1.0,1.0,0.999,same_club
900,Adama Traoré,EPL,2015-16,Aston Villa,S,10,167,0,0,1,2,1,0.132,0.132,0.084,0.341,0.125,1,0,204103,Adama Traoré,1996-01-25,19.6,178.0,right,Attack,Right Winger,Spain,Spain,10,186,0,2,405,Aston Villa,186,5000000.0,8000000.0,0.969,1.0,0.898,same_club
901,Kevin Toner,EPL,2015-16,Aston Villa,D S,4,313,0,0,1,1,1,0.052,0.052,0.049,0.121,0.121,0,0,265132,Kevin Toner,1996-07-18,19.12,180.0,left,Defender,Centre-Back,Ireland,Ireland,4,315,0,1,405,Aston Villa,315,,,0.998,1.0,0.994,same_club
902,Sam Byram,EPL,2015-16,West Ham,D S,4,286,0,0,0,0,2,0.0,0.0,0.197,0.268,0.071,3,0,236953,Sam Byram,1993-09-16,21.96,183.0,right,Defender,Left-Back,England,England,4,286,0,0,379,West Ham United,376,3000000.0,4500000.0,1.0,1.0,1.0,same_club
904,Chris Brunt,EPL,2015-16,West Bromwich Albion,D M S,22,1802,0,0,3,18,21,0.661,0.661,2.364,2.242,1.705,7,0,36814,Chris Brunt,1984-12-14,30.71,187.0,left,Midfield,Central Midfield,Northern Ireland,Northern Ireland,22,1803,0,3,984,West Bromwich Albion,2000,4000000.0,4000000.0,1.0,1.0,0.999,same_club
905,Marouane Chamakh,EPL,2015-16,Crystal Palace,F S,10,239,0,0,0,2,4,0.484,0.484,0.175,0.683,0.089,1,0,19085,Marouane Chamakh,1984-01-10,31.64,188.0,right,Attack,Centre-Forward,Morocco,France,10,252,0,0,873,Crystal Palace,275,2000000.0,2000000.0,0.985,1.0,0.948,same_club
906,Manu García,EPL,2015-16,Manchester City,S,1,9,0,0,0,0,0,0.0,0.0,0.0,0.0,0.0,0,0,277118,Manu García,1998-01-02,17.66,169.0,right,Midfield,Attacking Midfield,Spain,Spain,1,10,0,0,281,Manchester City,100,,,0.997,1.0,0.989,same_club
908,Muhamed Besic,EPL,2015-16,Everton,D M S,12,547,0,0,0,4,5,0.098,0.098,0.44,0.773,0.341,1,0,93905,Muhamed Besic,1992-09-10,22.97,180.0,right,Midfield,Defensive Midfield,Bosnia-Herzegovina,Germany,12,556,0,0,29,Everton FC,737,5000000.0,6000000.0,0.995,1.0,0.984,same_club
909,Brendan Galloway,EPL,2015-16,Everton,D S,15,1230,0,0,1,8,4,0.448,0.448,0.578,3.399,2.901,2,0,208244,Brendan Galloway,1996-03-17,19.46,186.0,left,Defender,Left-Back,Zimbabwe,Zimbabwe,15,1222,0,1,29,Everton FC,1319,250000.0,3000000.0,0.998,1.0,0.993,same_club
910,Harrison Reed,EPL,2015-16,Southampton,S,1,9,0,0,0,0,0,0.0,0.0,0.0,0.0,0.0,0,0,226973,Harrison Reed,1995-01-27,20.59,181.0,right,Midfield,Central Midfield,England,England,1,10,0,0,180,Southampton FC,28,1500000.0,1500000.0,0.997,1.0,0.989,same_club
914,Nabil Bentaleb,EPL,2015-16,Tottenham,M S,5,165,0,0,0,3,2,0.102,0.102,0.031,0.259,0.156,1,0,245537,Nabil Bentaleb,1994-11-24,20.77,189.0,left,Midfield,Defensive Midfield,Algeria,France,5,167,0,0,148,Tottenham Hotspur,513,10000000.0,10000000.0,0.996,1.0,0.988,same_club
916,Yoan Gouffran,EPL,2015-16,Newcastle United,M S,8,220,0,0,0,3,1,0.365,0.365,0.019,1.203,0.864,0,0,23825,Yoan Gouffran,1986-05-25,29.27,175.0,right,Attack,Left Winger,France,France,8,224,0,0,762,Newcastle United,224,6000000.0,4000000.0,0.995,1.0,0.982,same_club
920,Matthew Pennington,EPL,2015-16,Everton,D,4,298,0,0,0,2,0,0.079,0.079,0.0,0.16,0.147,1,0,220755,Matthew Pennington,1994-10-06,20.9,185.0,right,Defender,Centre-Back,England,England,4,299,0,0,29,Everton FC,344,,,0.999,1.0,0.997,same_club
921,Darron Gibson,EPL,2015-16,Everton,M S,7,236,0,0,1,2,4,0.039,0.039,0.51,2.534,2.015,3,0,42413,Darron Gibson,1987-10-25,27.85,183.0,right,Midfield,Central Midfield,Ireland,Northern Ireland,7,239,0,1,29,Everton FC,434,3000000.0,2500000.0,0.996,1.0,0.987,same_club
922,Andreas Pereira,EPL,2015-16,Manchester United,S,4,76,0,0,0,0,3,0.0,0.0,0.176,0.096,0.096,2,0,203394,Andreas Pereira,1996-01-01,19.67,178.0,right,Midfield,Central Midfield,Brazil,Belgium,4,80,0,0,985,Manchester United,161,500000.0,2000000.0,0.987,1.0,0.956,same_club
924,Steven Pienaar,EPL,2015-16,Everton,S,4,115,0,0,0,2,1,0.075,0.075,0.051,0.266,0.14,0,0,4321,Steven Pienaar,1982-03-17,33.46,170.0,both,Midfield,Left Midfield,South Africa,South Africa,4,118,0,0,29,Everton FC,257,2000000.0,1500000.0,0.992,1.0,0.975,same_club
925,Patrick Roberts,EPL,2015-16,Manchester City,S,1,3,0,0,0,0,0,0.0,0.0,0.0,0.0,0.0,0,0,225452,Patrick Roberts,1997-02-05,18.57,167.0,left,Attack,Right Winger,England,England,1,4,0,0,281,Manchester City,996,2500000.0,5000000.0,0.997,1.0,0.989,same_club
927,Sebastián Coates,EPL,2015-16,Sunderland,D S,16,1231,0,0,1,6,2,0.477,0.477,0.22,2.011,1.875,4,0,102427,Sebastián Coates,1990-10-07,24.9,196.0,right,Defender,Centre-Back,Uruguay,Uruguay,16,1230,0,1,289,Sunderland AFC,2490,2500000.0,2000000.0,1.0,1.0,0.999,same_club
928,Wes Brown,EPL,2015-16,Sunderland,D,6,540,0,0,0,0,0,0.0,0.0,0.0,1.541,1.541,1,0,3405,Wes Brown,1979-10-13,35.89,184.0,right,Defender,Centre-Back,England,England,6,540,0,0,289,Sunderland AFC,540,500000.0,500000.0,1.0,1.0,1.0,same_club
931,Jordi Gómez,EPL,2015-16,Sunderland,M S,6,363,0,0,0,2,2,0.053,0.053,0.08,0.213,0.197,0,0,39010,Jordi Gómez,1985-05-24,30.27,178.0,left,Midfield,Central Midfield,Spain,Spain,6,355,0,0,289,Sunderland AFC,355,3000000.0,3000000.0,0.993,1.0,0.978,same_club
932,Danny Graham,EPL,2015-16,Sunderland,F M S,10,352,0,0,0,4,0,0.315,0.315,0.0,1.384,1.153,0,0,29152,Danny Graham,1985-08-12,30.05,183.0,right,Attack,Centre-Forward,England,England,10,358,0,0,289,Sunderland AFC,448,1500000.0,1500000.0,0.995,1.0,0.983,same_club
933,Brede Hangeland,EPL,2015-16,Crystal Palace,D,7,630,0,0,0,5,0,0.492,0.492,0.0,0.857,0.857,2,0,25553,Brede Hangeland,1981-06-20,34.2,199.0,right,Defender,Centre-Back,Norway,United States,7,630,0,0,873,Crystal Palace,630,1000000.0,1000000.0,1.0,1.0,1.0,same_club
937,João Teixeira,EPL,2015-16,Liverpool,S,1,2,0,0,0,0,0,0.0,0.0,0.0,0.0,0.0,0,0,132214,João Carlos Teixeira,1993-01-18,22.62,177.0,right,Midfield,Attacking Midfield,Portugal,Portugal,1,3,0,0,31,Liverpool FC,342,750000.0,1000000.0,0.967,0.95,0.989,same_club
942,Florian Thauvin,EPL,2015-16,Newcastle United,M S,13,412,0,0,0,8,5,0.311,0.311,0.608,1.19,0.347,1,0,184892,Florian Thauvin,1993-01-26,22.6,181.0,left,Attack,Right Winger,France,France,13,420,0,0,762,Newcastle United,1441,12000000.0,9000000.0,0.994,1.0,0.981,same_club
942,Florian Thauvin,EPL,2015-16,Newcastle United,M S,13,412,0,0,0,8,5,0.311,0.311,0.608,1.19,0.347,1,0,184892,Florian Thauvin,1993-01-26,22.6,181.0,left,Attack,Right Winger,France,France,13,420,0,0,762,Newcastle United,1441,12000000.0,9000000.0,0.999,1.0,0.996,same_club
943,Massadio Haidara,EPL,2015-16,Newcastle United,D S,7,554,0,0,0,3,2,0.047,0.047,0.075,0.552,0.446,1,0,170929,Massadio Haïdara,1992-12-02,22.75,179.0,left,Defender,Left-Back,Mali,France,7,555,0,1,762,Newcastle United,555,2000000.0,1500000.0,0.999,1.0,0.998,same_club
944,Glen Johnson,EPL,2015-16,Stoke,D,25,2191,0,0,3,17,18,0.809,0.809,3.097,7.915,5.04,1,0,3881,Glen Johnson,1984-08-23,31.02,182.0,both,Defender,Right-Back,England,England,25,2186,0,3,512,Stoke City,2215,7000000.0,7000000.0,0.999,1.0,0.998,same_club
945,Marc Wilson,EPL,2015-16,Stoke,D S,4,257,0,0,0,0,1,0.0,0.0,0.066,0.453,0.388,0,0,30456,Marc Wilson,1987-08-17,28.04,188.0,both,Defender,Centre-Back,Ireland,Northern Ireland,4,258,0,0,512,Stoke City,438,4000000.0,3000000.0,0.999,1.0,0.996,same_club
946,Marco van Ginkel,EPL,2015-16,Stoke,M S,17,735,0,0,0,12,5,1.035,1.035,0.112,2.472,1.579,0,0,147034,Marco van Ginkel,1992-12-01,22.75,186.0,right,Midfield,Central Midfield,Netherlands,Netherlands,17,753,0,0,512,Stoke City,2380,7500000.0,7000000.0,0.993,1.0,0.976,same_club
947,Víctor Ibarbo,EPL,2015-16,Watford,S,4,60,0,0,0,0,0,0.0,0.0,0.0,0.018,0.018,0,0,92141,Víctor Ibarbo,1990-05-19,25.29,188.0,right,Attack,Second Striker,Colombia,Colombia,4,64,0,0,1010,Watford FC,72,8000000.0,8000000.0,0.987,1.0,0.956,same_club
947,Víctor Ibarbo,EPL,2015-16,Watford,S,4,60,0,0,0,0,0,0.0,0.0,0.0,0.018,0.018,0,0,92141,Víctor Ibarbo,1990-05-19,25.29,188.0,right,Attack,Second Striker,Colombia,Colombia,4,64,0,0,1010,Watford FC,72,8000000.0,8000000.0,1.0,1.0,1.0,same_club
948,Alessandro Diamanti,EPL,2015-16,Watford,S,3,60,0,0,0,1,2,0.014,0.014,0.201,0.19,0.176,0,0,23197,Alessandro Diamanti,1983-05-02,32.33,180.0,left,Midfield,Attacking Midfield,Italy,Italy,3,66,0,0,1010,Watford FC,928,2000000.0,1500000.0,0.98,1.0,0.933,same_club
948,Alessandro Diamanti,EPL,2015-16,Watford,S,3,60,0,0,0,1,2,0.014,0.014,0.201,0.19,0.176,0,0,23197,Alessandro Diamanti,1983-05-02,32.33,180.0,left,Midfield,Attacking Midfield,Italy,Italy,3,66,0,0,1010,Watford FC,928,2000000.0,1500000.0,1.0,1.0,0.999,same_club
949,Giedrius Arlauskis,EPL,2015-16,Watford,S,1,22,0,0,0,0,0,0.0,0.0,0.0,0.0,0.0,0,0,69001,Giedrius Arlauskis,1987-12-01,27.75,191.0,left,Goalkeeper,Goalkeeper,Lithuania,UdSSR,1,23,0,0,1010,Watford FC,248,2500000.0,1500000.0,0.997,1.0,0.989,same_club
949,Giedrius Arlauskis,EPL,2015-16,Watford,S,1,22,0,0,0,0,0,0.0,0.0,0.0,0.0,0.0,0,0,69001,Giedrius Arlauskis,1987-12-01,27.75,191.0,left,Goalkeeper,Goalkeeper,Lithuania,UdSSR,1,23,0,0,1010,Watford FC,248,2500000.0,1500000.0,0.999,1.0,0.996,same_club
951,Phil Jones,EPL,2015-16,Manchester United,D S,10,524,0,0,0,1,0,0.059,0.059,0.0,1.128,1.069,0,0,117996,Phil Jones,1992-02-21,23.53,185.0,right,Defender,Centre-Back,England,England,10,529,0,0,985,Manchester United,637,15000000.0,15000000.0,0.997,1.0,0.991,same_club
952,Gastón Ramírez,EPL,2015-16,Southampton,S,3,25,0,0,1,0,2,0.0,0.0,0.97,0.0,0.0,0,0,123742,Gastón Ramírez,1990-12-02,24.75,183.0,left,Midfield,Attacking Midfield,Uruguay,Uruguay,3,28,0,1,180,Southampton FC,28,5000000.0,5000000.0,0.99,1.0,0.967,same_club
953,Steven Caulker,EPL,2015-16,"Liverpool,Southampton",D S,6,149,0,0,0,3,1,0.192,0.192,0.013,0.278,0.175,0,0,121280,Steven Caulker,1991-12-29,23.67,191.0,right,Defender,Centre-Back,Sierra Leone,England,6,149,0,0,"31,180","Liverpool FC,Southampton FC",475,7500000.0,7500000.0,1.0,1.0,1.0,same_club
954,Kelvin Davis,EPL,2015-16,Southampton,GK,1,90,0,0,0,0,0,0.0,0.0,0.0,0.087,0.087,0,0,13640,Kelvin Davis,1976-09-29,38.92,185.0,right,Goalkeeper,Goalkeeper,England,England,1,90,0,0,180,Southampton FC,90,250000.0,250000.0,1.0,1.0,1.0,same_club
956,Andrej Kramaric,EPL,2015-16,Leicester,S,2,18,0,0,0,1,1,0.425,0.425,0.022,0.484,0.059,0,0,46580,Andrej Kramaric,1991-06-19,24.2,177.0,right,Attack,Second Striker,Croatia,Jugoslawien (SFR),2,22,0,0,1003,Leicester City,1107,8000000.0,7500000.0,0.987,1.0,0.956,same_club
956,Andrej Kramaric,EPL,2015-16,Leicester,S,2,18,0,0,0,1,1,0.425,0.425,0.022,0.484,0.059,0,0,46580,Andrej Kramaric,1991-06-19,24.2,177.0,right,Attack,Second Striker,Croatia,Jugoslawien (SFR),2,22,0,0,1003,Leicester City,1107,8000000.0,7500000.0,1.0,1.0,0.999,same_club
957,Yann Kermorgant,EPL,2015-16,Bournemouth,S,7,117,0,0,0,1,1,0.033,0.033,0.027,0.436,0.436,0,0,57410,Yann Kermorgant,1981-11-08,33.81,184.0,right,Attack,Centre-Forward,France,France,7,169,0,0,989,AFC Bournemouth,247,750000.0,500000.0,0.908,1.0,0.692,same_club
958,Tokelo Rantie,EPL,2015-16,Bournemouth,S,3,33,0,0,0,1,1,0.104,0.104,0.02,0.499,0.375,0,0,198495,Tokelo Rantie,1990-09-08,24.98,172.0,right,Attack,Centre-Forward,South Africa,South Africa,3,38,0,0,989,AFC Bournemouth,77,1500000.0,1000000.0,0.983,1.0,0.944,same_club
960,Clinton N&#039;Jie,EPL,2015-16,Tottenham,S,8,171,0,0,1,6,2,0.399,0.399,0.655,1.141,0.134,0,0,241119,Clinton N'Jie,1993-08-15,22.05,175.0,right,Attack,Right Winger,Cameroon,Cameroon,8,184,0,1,148,Tottenham Hotspur,381,5000000.0,10000000.0,0.949,0.95,0.929,same_club
961,Jordan Amavi,EPL,2015-16,Aston Villa,D S,10,835,0,0,2,5,7,0.095,0.095,0.845,1.368,0.513,2,0,241229,Jordan Amavi,1994-03-09,21.48,176.0,left,Defender,Left-Back,France,France,10,836,0,2,405,Aston Villa,836,4000000.0,10000000.0,1.0,1.0,0.999,same_club
962,José Ángel Crespo,EPL,2015-16,Aston Villa,D,1,90,0,0,0,0,0,0.0,0.0,0.0,0.0,0.0,0,0,37397,José Crespo,1987-02-09,28.56,185.0,right,Defender,Centre-Back,Spain,Spain,1,90,0,0,405,Aston Villa,809,800000.0,700000.0,0.97,0.95,1.0,same_club
962,José Ángel Crespo,EPL,2015-16,Aston Villa,D,1,90,0,0,0,0,0,0.0,0.0,0.0,0.0,0.0,0,0,37397,José Crespo,1987-02-09,28.56,185.0,right,Defender,Centre-Back,Spain,Spain,1,90,0,0,405,Aston Villa,809,800000.0,700000.0,0.97,0.95,0.999,same_club
963,Eder,EPL,2015-16,Swansea,F S,13,253,0,0,0,5,3,0.221,0.221,0.126,0.718,0.546,0,0,84481,Éder,1987-12-22,27.69,190.0,both,Attack,Centre-Forward,Portugal,Guinea-Bissau,13,269,0,0,2288,Swansea City,1341,6000000.0,5000000.0,0.982,1.0,0.941,same_club
963,Eder,EPL,2015-16,Swansea,F S,13,253,0,0,0,5,3,0.221,0.221,0.126,0.718,0.546,0,0,84481,Éder,1987-12-22,27.69,190.0,both,Attack,Centre-Forward,Portugal,Guinea-Bissau,13,269,0,0,2288,Swansea City,1341,6000000.0,5000000.0,0.999,1.0,0.996,same_club
964,Kyle Bartley,EPL,2015-16,Swansea,D S,5,283,0,0,0,2,1,0.116,0.116,0.077,0.356,0.356,2,0,67421,Kyle Bartley,1991-05-22,24.28,194.0,right,Defender,Centre-Back,England,England,5,284,0,0,2288,Swansea City,374,1000000.0,1000000.0,0.999,1.0,0.996,same_club
965,Santiago Cazorla,EPL,2015-16,Arsenal,M,15,1297,0,0,3,24,38,1.869,1.107,4.387,11.918,10.464,2,1,15799,Santi Cazorla,1984-12-13,30.72,168.0,both,Midfield,Central Midfield,Spain,Spain,15,1292,0,3,11,Arsenal FC,1821,26000000.0,24000000.0,0.969,0.95,0.996,same_club
967,Mathieu Debuchy,EPL,2015-16,Arsenal,D,2,147,0,0,0,1,1,0.028,0.028,0.018,0.508,0.48,0,0,27306,Mathieu Debuchy,1985-07-28,30.09,177.0,right,Defender,Centre-Back,France,France,2,144,0,0,11,Arsenal FC,1115,13000000.0,7500000.0,0.994,1.0,0.98,same_club
967,Mathieu Debuchy,EPL,2015-16,Arsenal,D,2,147,0,0,0,1,1,0.028,0.028,0.018,0.508,0.48,0,0,27306,Mathieu Debuchy,1985-07-28,30.09,177.0,right,Defender,Centre-Back,France,France,2,144,0,0,11,Arsenal FC,1115,13000000.0,7500000.0,1.0,1.0,0.999,same_club
970,Mikel Arteta,EPL,2015-16,Arsenal,S,9,157,0,0,0,1,1,0.516,0.516,0.473,1.985,1.469,1,0,7451,Mikel Arteta,1982-03-26,33.43,177.0,right,Midfield,Central Midfield,Spain,Spain,9,162,0,1,11,Arsenal FC,281,2500000.0,2000000.0,0.991,1.0,0.969,same_club
973,Paulo Gazzaniga,EPL,2015-16,Southampton,GK,2,180,0,0,0,0,0,0.0,0.0,0.0,0.021,0.021,0,0,195488,Paulo Gazzaniga,1992-01-02,23.66,195.0,right,Goalkeeper,Goalkeeper,Argentina,Argentina,2,180,0,0,180,Southampton FC,180,1000000.0,1000000.0,1.0,1.0,1.0,same_club
974,Yohan Benalouane,EPL,2015-16,Leicester,S,4,56,0,0,0,0,0,0.0,0.0,0.0,0.025,0.025,1,0,50477,Yohan Benalouane,1987-03-28,28.43,185.0,right,Defender,Centre-Back,Tunisia,France,4,65,0,0,1003,Leicester City,245,1300000.0,3000000.0,0.97,1.0,0.9,same_club
975,Lee Tomlin,EPL,2015-16,Bournemouth,M S,6,298,0,0,0,5,7,0.208,0.208,0.497,0.741,0.096,1,0,104586,Lee Tomlin,1989-01-12,26.63,180.0,right,Attack,Second Striker,England,England,6,289,0,0,989,AFC Bournemouth,379,1750000.0,3500000.0,0.991,1.0,0.97,same_club
977,Tyias Browning,EPL,2015-16,Everton,D S,5,299,0,0,0,2,2,0.221,0.221,0.039,0.988,0.949,1,0,156934,Tyias Browning,1994-05-27,21.26,188.0,right,Defender,Centre-Back,China,England,5,299,0,0,29,Everton FC,299,,1000000.0,1.0,1.0,1.0,same_club
981,Kyle Lafferty,EPL,2015-16,Norwich,S,1,10,0,0,0,0,0,0.0,0.0,0.0,0.015,0.015,0,0,36884,Kyle Lafferty,1987-09-16,27.96,193.0,right,Attack,Centre-Forward,Northern Ireland,Northern Ireland,1,13,0,0,1123,Norwich City,31,2250000.0,2000000.0,0.99,1.0,0.967,same_club
982,Tim Krul,EPL,2015-16,Newcastle United,GK,8,720,0,0,0,0,0,0.0,0.0,0.0,0.107,0.107,0,0,33027,Tim Krul,1988-04-03,27.41,193.0,left,Goalkeeper,Goalkeeper,Netherlands,Netherlands,8,720,0,0,762,Newcastle United,720,8000000.0,8000000.0,1.0,1.0,1.0,same_club
983,Kevin Mbabu,EPL,2015-16,Newcastle United,D S,3,147,0,0,0,1,1,0.018,0.018,0.107,0.18,0.162,0,0,183321,Kevin Mbabu,1995-04-19,20.37,184.0,right,Defender,Right-Back,Switzerland,Switzerland,3,144,0,0,762,Newcastle United,196,50000.0,250000.0,0.994,1.0,0.98,same_club
987,Joseph Gomez,EPL,2015-16,Liverpool,D,5,442,0,0,1,1,3,0.012,0.012,0.089,0.865,0.789,3,0,256178,Joe Gomez,1997-05-23,18.28,188.0,right,Defender,Centre-Back,England,England,5,438,0,1,31,Liverpool FC,618,2500000.0,3500000.0,0.967,0.95,0.991,same_club
988,Jordan Rossiter,EPL,2015-16,Liverpool,S,1,13,0,0,0,0,0,0.0,0.0,0.0,0.056,0.056,0,0,258924,Jordan Rossiter,1997-03-24,18.44,178.0,right,Midfield,Defensive Midfield,England,England,1,14,0,0,31,Liverpool FC,197,,750000.0,0.997,1.0,0.989,same_club
992,James Wilson,EPL,2015-16,Manchester United,S,1,6,0,0,0,0,0,0.0,0.0,0.0,0.0,0.0,0,0,214104,James Wilson,1995-12-01,19.75,183.0,left,Attack,Centre-Forward,England,England,1,8,0,0,985,Manchester United,8,2000000.0,2000000.0,0.993,1.0,0.978,same_club
993,Serge Gnabry,EPL,2015-16,West Bromwich Albion,S,1,10,0,0,0,2,1,0.058,0.058,0.014,0.031,0.0,0,0,159471,Serge Gnabry,1995-07-14,20.13,176.0,right,Attack,Second Striker,Germany,Germany,1,12,0,0,984,West Bromwich Albion,12,3500000.0,3000000.0,0.993,1.0,0.978,same_club
998,Ivan Toney,EPL,2015-16,Newcastle United,S,2,6,0,0,0,0,0,0.0,0.0,0.0,0.0,0.0,0,0,251664,Ivan Toney,1996-03-16,19.46,185.0,right,Attack,Centre-Forward,England,England,2,10,0,0,762,Newcastle United,10,150000.0,500000.0,0.987,1.0,0.956,same_club
999,Joseph Dodoo,EPL,2015-16,Leicester,S,1,17,0,0,0,0,0,0.0,0.0,0.0,0.0,0.0,0,0,261738,Joseph Dodoo,1995-06-29,20.18,186.0,right,Attack,Left Winger,England,Ghana,1,19,0,0,1003,Leicester City,83,,,0.993,1.0,0.978,same_club
1001,Peter Odemwingie,EPL,2015-16,Stoke,S,5,89,0,0,0,2,0,0.091,0.091,0.0,0.11,0.018,0,0,12516,Peter Odemwingie,1981-07-15,34.13,181.0,right,Attack,Right Winger,Nigeria,UdSSR,5,101,0,0,512,Stoke City,176,1500000.0,1500000.0,0.964,1.0,0.881,same_club
1006,Luke Shaw,EPL,2015-16,Manchester United,D,5,450,0,0,1,1,4,0.069,0.069,0.679,1.379,0.702,1,0,183288,Luke Shaw,1995-07-12,20.14,178.0,left,Defender,Left-Back,England,England,5,450,0,1,985,Manchester United,654,21000000.0,21000000.0,1.0,1.0,1.0,same_club
1007,Steve Sidwell,EPL,2015-16,Stoke,S,1,10,0,0,0,0,0,0.0,0.0,0.0,0.089,0.089,0,0,13427,Steve Sidwell,1982-12-14,32.71,183.0,right,Midfield,Central Midfield,England,England,1,12,0,0,512,Stoke City,15,1500000.0,1000000.0,0.993,1.0,0.978,same_club
1010,Gary Hooper,EPL,2015-16,Norwich,S,2,9,0,0,0,1,0,0.058,0.058,0.0,0.086,0.028,0,0,42513,Gary Hooper,1988-01-26,27.6,177.0,right,Attack,Centre-Forward,England,England,2,11,0,0,1123,Norwich City,72,4000000.0,4000000.0,0.993,1.0,0.978,same_club
1011,Bradley Johnson,EPL,2015-16,Norwich,M S,4,144,0,0,0,10,2,0.798,0.798,0.049,0.402,0.114,0,0,49327,Bradley Johnson,1987-04-28,28.34,183.0,left,Midfield,Central Midfield,England,England,4,151,0,0,1123,Norwich City,227,4000000.0,6000000.0,0.986,1.0,0.954,same_club
1013,Sam Field,EPL,2015-16,West Bromwich Albion,S,1,1,0,0,0,0,0,0.0,0.0,0.0,0.0,0.0,0,0,387331,Sam Field,1998-05-08,17.32,191.0,left,Midfield,Defensive Midfield,England,England,1,4,0,0,984,West Bromwich Albion,4,,,0.99,1.0,0.967,same_club
1014,Tyler Roberts,EPL,2015-16,West Bromwich Albion,S,1,15,0,0,0,1,0,0.153,0.153,0.0,0.0,0.0,1,0,296986,Tyler Roberts,1999-01-12,16.64,180.0,right,Attack,Centre-Forward,Wales,England,1,17,0,0,984,West Bromwich Albion,17,,,0.993,1.0,0.978,same_club
1015,Rushian Hepburn-Murphy,EPL,2015-16,Aston Villa,S,1,1,0,0,0,0,0,0.0,0.0,0.0,0.0,0.0,0,0,,,,,,,,,,,,,,,,,,,,,,,
1018,Josh Cullen,EPL,2015-16,West Ham,S,1,1,0,0,0,0,0,0.0,0.0,0.0,0.0,0.0,0,0,242606,Josh Cullen,1996-04-07,19.4,175.0,right,Midfield,Central Midfield,Ireland,England,1,1,0,0,379,West Ham United,207,,,1.0,1.0,1.0,same_club
1022,Pedro Chirivella,EPL,2015-16,Liverpool,M,1,47,0,0,0,0,0,0.0,0.0,0.0,0.052,0.052,0,0,242273,Pedro Chirivella,1997-05-23,18.28,178.0,right,Midfield,Defensive Midfield,Spain,Spain,1,45,0,0,31,Liverpool FC,254,,100000.0,0.993,1.0,0.978,same_club
1023,Cameron Brannagan,EPL,2015-16,Liverpool,M S,3,110,0,0,0,1,3,0.071,0.071,0.673,0.827,0.815,0,0,261357,Cameron Brannagan,1996-05-09,19.31,180.0,right,Midfield,Central Midfield,England,England,3,112,0,0,31,Liverpool FC,389,,,0.995,1.0,0.982,same_club
1024,Tyrone Mings,EPL,2015-16,Bournemouth,S,1,11,0,0,0,0,0,0.0,0.0,0.0,0.0,0.0,0,0,253677,Tyrone Mings,1993-03-13,22.47,196.0,left,Defender,Centre-Back,England,England,1,12,0,0,989,AFC Bournemouth,12,6000000.0,6000000.0,0.997,1.0,0.989,same_club
1026,Libor Kozák,EPL,2015-16,Aston Villa,F S,4,255,0,0,0,6,3,0.472,0.472,0.119,0.408,0.0,0,0,63824,Libor Kozak,1989-05-30,26.26,193.0,right,Attack,Centre-Forward,Czech Republic,CSSR,4,258,0,0,405,Aston Villa,258,3500000.0,2000000.0,0.997,1.0,0.988,same_club
1028,Kevin Nolan,EPL,2015-16,West Ham,F S,2,59,0,0,0,0,0,0.0,0.0,0.0,0.083,0.083,0,0,3950,Kevin Nolan,1982-06-24,33.19,183.0,right,Midfield,Attacking Midfield,England,England,2,56,0,0,379,West Ham United,284,2000000.0,2000000.0,0.99,1.0,0.967,same_club
1031,Tony Hibbert,EPL,2015-16,Everton,S,1,43,0,0,0,1,0,0.059,0.059,0.0,0.177,0.119,0,0,3614,Tony Hibbert,1981-02-20,34.53,173.0,right,Defender,Right-Back,England,England,1,45,0,0,29,Everton FC,45,500000.0,500000.0,0.993,1.0,0.978,same_club
1032,Kieran Dowell,EPL,2015-16,Everton,M S,2,74,0,0,0,0,1,0.0,0.0,0.051,0.081,0.081,0,0,258916,Kieran Dowell,1997-10-10,17.89,183.0,left,Midfield,Attacking Midfield,England,England,2,72,0,0,29,Everton FC,72,,,0.993,1.0,0.978,same_club
1034,Adam Matthews,EPL,2015-16,Sunderland,S,1,33,0,0,0,0,0,0.0,0.0,0.0,1.037,1.037,0,0,108878,Adam Matthews,1992-01-13,23.63,178.0,right,Defender,Right-Back,Wales,Wales,1,36,0,0,289,Sunderland AFC,36,2500000.0,2500000.0,0.99,1.0,0.967,same_club
1036,Jack Wilshere,EPL,2015-16,Arsenal,M S,3,141,0,0,0,1,1,0.318,0.318,0.117,0.895,0.46,0,0,74223,Jack Wilshere,1992-01-01,23.67,172.0,left,Midfield,Central Midfield,England,England,3,141,0,0,11,Arsenal FC,141,25000000.0,23000000.0,1.0,1.0,1.0,same_club
1037,Cameron Borthwick-Jackson,EPL,2015-16,Manchester United,D M S,10,693,0,0,1,1,7,0.015,0.015,1.045,4.275,4.099,0,0,258879,Cameron Borthwick-Jackson,1997-02-02,18.58,190.0,left,Defender,Left-Back,England,England,10,692,0,1,985,Manchester United,964,,1500000.0,1.0,1.0,0.999,same_club
1042,Tom Davies,EPL,2015-16,Everton,M S,2,94,0,0,0,1,0,0.051,0.051,0.0,0.285,0.234,0,0,314210,Tom Davies,1998-06-30,17.17,180.0,right,Midfield,Central Midfield,England,England,2,97,0,0,29,Everton FC,97,,,0.991,1.0,0.969,same_club
1043,Callum Connolly,EPL,2015-16,Everton,S,1,33,0,0,0,0,0,0.0,0.0,0.0,0.015,0.015,0,0,308632,Callum Connolly,1997-09-23,17.94,183.0,right,Midfield,Defensive Midfield,England,England,1,36,0,0,29,Everton FC,36,,,0.99,1.0,0.967,same_club
1045,Matt Grimes,EPL,2015-16,Swansea,M,1,90,0,0,0,1,1,0.016,0.016,0.022,0.022,0.0,0,0,265471,Matt Grimes,1995-07-15,20.13,178.0,left,Midfield,Central Midfield,England,England,1,90,0,0,2288,Swansea City,166,2000000.0,2000000.0,1.0,1.0,1.0,same_club
1046,George Honeyman,EPL,2015-16,Sunderland,S,1,37,0,0,0,0,1,0.0,0.0,0.068,0.068,0.0,0,0,218140,George Honeyman,1994-09-08,20.98,173.0,right,Midfield,Attacking Midfield,England,England,1,38,0,0,289,Sunderland AFC,38,,,0.997,1.0,0.989,same_club
1047,Will Keane,EPL,2015-16,Manchester United,S,1,1,0,0,0,0,0,0.0,0.0,0.0,0.0,0.0,0,0,118535,Will Keane,1993-01-11,22.64,188.0,right,Attack,Centre-Forward,Ireland,England,1,4,0,0,985,Manchester United,23,300000.0,1000000.0,0.99,1.0,0.967,same_club
1048,Donald Love,EPL,2015-16,Manchester United,S,1,54,0,0,0,0,0,0.0,0.0,0.0,0.022,0.022,0,0,179451,Donald Love,1994-12-02,20.75,178.0,right,Defender,Right-Back,Scotland,England,1,53,0,0,985,Manchester United,233,,,0.997,1.0,0.989,same_club
1050,Ryan Allsop,EPL,2015-16,Bournemouth,S,1,41,0,0,0,0,0,0.0,0.0,0.0,0.0,0.0,0,0,111073,Ryan Allsop,1992-06-17,23.21,189.0,right,Goalkeeper,Goalkeeper,England,England,1,45,0,0,989,AFC Bournemouth,45,250000.0,250000.0,0.987,1.0,0.956,same_club
1054,Bersant Celina,EPL,2015-16,Manchester City,S,1,11,0,0,1,0,2,0.0,0.0,0.256,0.082,0.082,0,0,229695,Bersant Celina,1996-09-09,18.98,181.0,right,Midfield,Attacking Midfield,Kosovo,Yugoslavia (Republic),1,13,0,1,281,Manchester City,83,,,0.993,1.0,0.978,same_club
1059,Hiram Boateng,EPL,2015-16,Crystal Palace,S,1,17,0,0,0,1,0,0.022,0.022,0.0,0.022,0.0,0,0,244125,Hiram Boateng,1996-01-08,19.65,182.0,left,Midfield,Central Midfield,England,England,1,18,0,0,873,Crystal Palace,18,,,0.997,1.0,0.989,same_club
1060,Jonathan Williams,EPL,2015-16,Crystal Palace,S,1,8,0,0,0,0,0,0.0,0.0,0.0,0.0,0.0,0,0,170322,Jonathan Williams,1993-10-09,21.89,168.0,left,Midfield,Attacking Midfield,Wales,England,1,10,0,0,873,Crystal Palace,33,1000000.0,750000.0,0.993,1.0,0.978,same_club
1066,Charles N&#039;Zogbia,EPL,2015-16,Aston Villa,S,2,39,0,0,0,0,0,0.0,0.0,0.0,0.0,0.0,0,0,22165,Charles N'Zogbia,1986-05-28,29.26,171.0,left,Attack,Right Winger,France,France,2,41,0,0,405,Aston Villa,41,2500000.0,1000000.0,0.963,0.95,0.978,same_club
1070,Sullay Kaikai,EPL,2015-16,Crystal Palace,S,1,42,0,0,0,3,2,0.126,0.126,0.37,0.185,0.034,0,0,244130,Sullay Kaikai,1995-08-26,20.02,182.0,right,Attack,Left Winger,Sierra Leone,England,1,45,0,0,873,Crystal Palace,225,,100000.0,0.99,1.0,0.967,same_club
1072,Nick Powell,EPL,2015-16,Manchester United,S,1,14,0,0,0,0,0,0.0,0.0,0.0,0.0,0.0,0,0,134424,Nick Powell,1994-03-23,21.44,183.0,both,Midfield,Attacking Midfield,England,England,1,16,0,0,985,Manchester United,205,2000000.0,1500000.0,0.993,1.0,0.978,same_club
1078,Sergi Canos,EPL,2015-16,Liverpool,S,1,7,0,0,0,0,0,0.0,0.0,0.0,0.0,0.0,0,0,251845,Sergi Canós,1997-02-02,18.58,177.0,right,Attack,Left Winger,Spain,Spain,1,9,0,0,31,Liverpool FC,99,,750000.0,0.993,1.0,0.978,same_club
1079,Thomas Robson,EPL,2015-16,Sunderland,D,1,90,0,0,0,0,0,0.0,0.0,0.0,0.091,0.091,0,0,257968,Tommy Robson,1995-09-11,19.97,178.0,left,Defender,Left-Back,England,England,1,90,0,0,289,Sunderland AFC,90,,,0.97,0.95,1.0,same_club
1080,Rees Greenwood,EPL,2015-16,Sunderland,M,1,53,0,0,0,0,1,0.0,0.0,0.023,0.671,0.671,0,0,320213,Rees Greenwood,1996-12-10,18.72,176.0,right,Midfield,Attacking Midfield,England,England,1,52,0,0,289,Sunderland AFC,52,,,0.997,1.0,0.989,same_club
1084,Jonjoe Kenny,EPL,2015-16,Everton,S,1,62,0,0,0,1,0,0.094,0.094,0.0,0.094,0.0,0,0,258883,Jonjoe Kenny,1997-03-15,18.46,176.0,right,Defender,Right-Back,England,England,1,61,0,0,29,Everton FC,65,,,0.997,1.0,0.989,same_club
1089,Juan Cuadrado,EPL,2015-16,Chelsea,S,1,22,0,0,0,1,0,0.039,0.039,0.0,0.039,0.0,0,0,91970,Juan Cuadrado,1988-05-26,27.27,176.0,right,Midfield,Right Midfield,Colombia,Colombia,1,26,0,0,631,Chelsea FC,2466,30000000.0,25000000.0,0.987,1.0,0.956,same_club
1089,Juan Cuadrado,EPL,2015-16,Chelsea,S,1,22,0,0,0,1,0,0.039,0.039,0.0,0.039,0.0,0,0,91970,Juan Cuadrado,1988-05-26,27.27,176.0,right,Midfield,Right Midfield,Colombia,Colombia,1,26,0,0,631,Chelsea FC,2466,30000000.0,25000000.0,0.999,1.0,0.995,same_club
2098,Luis Suárez,ESP,2015-16,Barcelona,F,35,3150,40,37,16,137,56,35.834,32.118,13.276,44.872,9.114,6,0,44352,Luis Suárez,1987-01-24,28.6,182.0,right,Attack,Centre-Forward,Uruguay,Uruguay,35,3150,40,18,131,FC Barcelona,4766,80000000.0,90000000.0,1.0,1.0,1.0,same_club
2371,Cristiano Ronaldo,ESP,2015-16,Real Madrid,F M,36,3186,35,29,11,227,51,35.589,28.9,8.606,40.818,9.863,3,0,8198,Cristiano Ronaldo,1985-02-05,30.57,185.0,right,Attack,Centre-Forward,Portugal,Portugal,36,3184,35,11,418,Real Madrid,4293,120000000.0,110000000.0,1.0,1.0,0.999,same_club
2097,Lionel Messi,ESP,2015-16,Barcelona,F M S,33,2726,26,23,16,158,77,27.102,21.899,15.871,41.997,15.196,3,0,28003,Lionel Messi,1987-06-24,28.19,170.0,left,Attack,Right Winger,Argentina,Argentina,33,2729,26,16,131,FC Barcelona,4229,120000000.0,120000000.0,1.0,1.0,0.999,same_club
2099,Neymar,ESP,2015-16,Barcelona,F M,34,3058,24,19,12,124,102,28.051,22.848,18.074,52.409,22.225,6,0,68290,Neymar,1992-02-05,23.57,175.0,right,Midfield,Attacking Midfield,Brazil,Brazil,34,3056,24,16,131,FC Barcelona,4434,80000000.0,100000000.0,1.0,1.0,0.999,same_club
2370,Karim Benzema,ESP,2015-16,Real Madrid,F S,27,2001,24,24,7,98,42,20.729,20.729,5.572,27.387,5.698,1,0,18922,Karim Benzema,1987-12-19,27.7,185.0,right,Attack,Centre-Forward,France,France,27,1990,24,8,418,Real Madrid,2593,50000000.0,60000000.0,0.998,1.0,0.995,same_club
2270,Antoine Griezmann,ESP,2015-16,Atletico Madrid,F M S,38,3066,22,21,5,92,53,16.044,14.557,6.481,22.916,5.739,5,0,125781,Antoine Griezmann,1991-03-21,24.45,176.0,left,Attack,Second Striker,France,France,38,3056,22,6,13,Atlético de Madrid,4384,45000000.0,70000000.0,0.999,1.0,0.997,same_club
2410,Aduriz,ESP,2015-16,Athletic Club,F S,34,2777,20,17,6,93,33,20.722,17.005,4.221,18.23,2.528,9,0,29124,Aritz Aduriz,1981-02-11,34.55,181.0,right,Attack,Centre-Forward,Spain,Spain,34,2777,20,6,621,Athletic Bilbao,4487,3000000.0,3000000.0,1.0,1.0,1.0,same_club
2150,Rubén Castro,ESP,2015-16,Real Betis,F,38,3382,19,16,4,103,31,18.225,15.252,2.686,14.753,2.067,3,0,25316,Rubén Castro,1981-06-27,34.18,169.0,right,Attack,Centre-Forward,Spain,Spain,38,3378,19,2,150,Real Betis Balompié,3482,2500000.0,2000000.0,1.0,1.0,0.999,same_club
2251,Gareth Bale,ESP,2015-16,Real Madrid,F M S,23,1743,19,19,10,81,50,10.659,10.659,9.023,22.583,8.626,2,0,39381,Gareth Bale,1989-07-16,26.13,186.0,left,Attack,Right Winger,Wales,Wales,23,1738,19,11,418,Real Madrid,2382,80000000.0,80000000.0,0.999,1.0,0.997,same_club
1701,Borja Bastón,ESP,2015-16,Eibar,F S,36,2580,18,15,3,93,18,18.542,16.312,2.72,17.244,3.075,3,0,85324,Borja Bastón,1992-08-25,23.02,186.0,right,Attack,Centre-Forward,Spain,Spain,36,2579,18,4,1533,SD Eibar,2687,2000000.0,4000000.0,1.0,1.0,1.0,same_club
1700,Lucas Pérez,ESP,2015-16,Deportivo La Coruna,F M S,36,3148,17,16,8,100,72,18.489,17.746,7.258,25.758,4.751,3,0,73185,Lucas Pérez,1988-09-10,26.97,180.0,left,Attack,Centre-Forward,Spain,Spain,36,3141,17,10,897,Deportivo de La Coruña,3342,3000000.0,10000000.0,0.999,1.0,0.998,same_club
2082,Youssef El-Arabi,ESP,2015-16,Granada,F S,35,2515,16,9,2,70,23,13.097,7.895,5.141,11.53,1.615,3,0,96533,Youssef El Arabi,1987-02-03,28.57,183.0,right,Attack,Centre-Forward,Morocco,France,35,2520,15,2,16795,Granada CF,2697,5000000.0,6000000.0,0.966,1.0,0.998,same_club
2442,Kevin Gameiro,ESP,2015-16,Sevilla,F S,31,2083,16,12,4,72,24,18.922,15.205,5.846,19.635,2.894,2,0,27389,Kévin Gameiro,1987-05-09,28.31,172.0,right,Attack,Centre-Forward,France,France,31,2081,16,4,368,Sevilla FC,3572,10000000.0,15000000.0,1.0,1.0,0.999,same_club
2290,Iago Aspas,ESP,2015-16,Celta Vigo,F M S,35,2682,14,13,4,80,49,13.669,12.925,5.091,22.066,6.507,8,0,72047,Iago Aspas,1987-08-01,28.08,176.0,left,Attack,Centre-Forward,Spain,Spain,35,2669,14,5,940,Celta de Vigo,3076,4000000.0,7000000.0,0.999,1.0,0.995,same_club
2380,Paco Alcácer,ESP,2015-16,Valencia,F S,34,2416,13,11,6,61,33,13.271,11.041,6.132,17.203,1.603,2,0,126716,Paco Alcácer,1993-08-30,22.0,175.0,right,Attack,Centre-Forward,Spain,Spain,34,2419,13,6,1049,Valencia CF,3088,20000000.0,25000000.0,1.0,1.0,0.999,same_club
2535,Imanol Agirretxe,ESP,2015-16,Real Sociedad,F M S,16,1178,13,13,0,46,3,9.856,9.856,0.43,9.71,1.706,0,0,37501,Imanol Agirretxe,1987-02-24,28.52,187.0,right,Attack,Centre-Forward,Spain,Spain,16,1173,13,0,681,Real Sociedad,1173,3500000.0,4000000.0,0.999,1.0,0.996,same_club
1732,Nolito,ESP,2015-16,Celta Vigo,F M S,29,2473,12,11,7,81,60,8.689,7.202,7.386,17.688,8.31,9,0,70934,Nolito,1986-10-15,28.88,175.0,right,Attack,Left Winger,Spain,Spain,29,2452,12,7,940,Celta de Vigo,2452,10000000.0,15000000.0,0.997,1.0,0.992,same_club
2167,Javi Guerra,ESP,2015-16,Rayo Vallecano,F S,30,2094,12,12,0,72,19,11.42,11.42,1.649,10.86,1.318,8,0,46215,Javi Guerra,1982-03-15,33.46,178.0,right,Attack,Centre-Forward,Spain,Spain,30,2092,12,1,367,Rayo Vallecano,2182,2500000.0,1800000.0,1.0,1.0,0.999,same_club
2306,Cédric Bakambu,ESP,2015-16,Villarreal,F S,34,1864,12,12,3,49,12,10.213,10.213,2.038,12.561,2.372,4,0,127048,Cédric Bakambu,1991-04-11,24.39,182.0,right,Attack,Centre-Forward,DR Congo,France,34,1858,12,3,1050,Villarreal CF,2944,7500000.0,12000000.0,0.999,1.0,0.997,same_club
2339,Charles,ESP,2015-16,Malaga,F S,35,3010,12,11,3,84,36,11.039,10.295,4.023,12.923,2.58,12,0,154059,Charles,1984-04-04,31.41,179.0,right,Attack,Centre-Forward,Brazil,Brazil,35,3007,12,3,1084,Málaga CF,3007,2000000.0,2500000.0,1.0,1.0,0.999,same_club
2217,Antonio Sanabria,ESP,2015-16,Sporting Gijon,F S,29,2269,11,10,1,50,12,11.986,11.243,1.472,11.98,1.593,4,0,234523,Antonio Sanabria,1996-03-04,19.49,180.0,right,Attack,Centre-Forward,Paraguay,Paraguay,29,2255,11,1,2448,Sporting Gijón,2272,3500000.0,7500000.0,0.998,1.0,0.994,same_club
2271,Fernando Torres,ESP,2015-16,Atletico Madrid,F S,30,1687,11,11,4,57,20,8.592,8.592,4.595,13.872,2.565,3,0,7767,Fernando Torres,1984-03-20,31.45,186.0,right,Attack,Centre-Forward,Spain,Spain,30,1692,11,4,13,Atlético de Madrid,2533,7000000.0,7000000.0,0.999,1.0,0.997,same_club
2358,Jonathan Viera,ESP,2015-16,Las Palmas,F M,36,3128,10,6,9,86,80,9.643,5.927,6.434,13.931,6.735,4,0,153238,Jonathan Viera,1989-10-21,25.86,171.0,right,Midfield,Attacking Midfield,Spain,Spain,36,3120,10,8,472,UD Las Palmas,3219,3500000.0,3500000.0,0.999,1.0,0.997,same_club
2135,Sergi Enrich,ESP,2015-16,Eibar,F M S,38,2420,9,9,6,44,31,8.305,8.305,4.866,13.574,3.698,4,0,81988,Sergi Enrich,1990-02-26,25.51,183.0,right,Attack,Centre-Forward,Spain,Spain,38,2420,9,8,1533,SD Eibar,2582,1000000.0,4000000.0,1.0,1.0,1.0,same_club
2165,Jozabed,ESP,2015-16,Rayo Vallecano,M S,27,2068,9,9,2,45,28,5.239,5.239,2.269,11.391,5.959,3,0,207924,Jozabed Sánchez,1991-03-08,24.48,180.0,right,Midfield,Central Midfield,Spain,Spain,27,2061,10,3,367,Rayo Vallecano,2241,1500000.0,5000000.0,0.936,0.95,0.997,same_club
2170,Miku,ESP,2015-16,Rayo Vallecano,F S,22,1546,9,9,4,42,26,12.049,12.049,4.113,12.461,1.916,4,0,58001,Miku Fedor,1985-08-19,30.03,186.0,right,Attack,Centre-Forward,Venezuela,Venezuela,22,1548,9,4,367,Rayo Vallecano,1674,2000000.0,2500000.0,0.97,0.95,0.999,same_club
2185,Deyverson,ESP,2015-16,Levante,F S,33,2168,9,9,1,69,25,9.246,9.246,1.847,9.868,1.254,10,2,243541,Deyverson,1991-05-08,24.32,187.0,left,Attack,Centre-Forward,Brazil,Brazil,33,2163,9,1,3368,Levante UD,2163,2000000.0,3500000.0,0.999,1.0,0.998,same_club
2361,Willian José,ESP,2015-16,Las Palmas,F S,30,1721,9,9,1,54,22,7.039,7.039,1.396,8.701,2.197,6,0,122155,Willian José,1991-11-23,23.77,186.0,right,Attack,Centre-Forward,Brazil,Brazil,30,1726,9,1,472,UD Las Palmas,2086,1500000.0,3000000.0,0.999,1.0,0.997,same_club
2116,Felipe Caicedo,ESP,2015-16,Espanyol,F S,31,2149,8,8,0,40,15,8.373,7.629,1.452,12.267,4.828,6,0,37834,Felipe Caicedo,1988-09-05,26.99,183.0,left,Attack,Centre-Forward,Ecuador,Ecuador,31,2139,8,0,714,RCD Espanyol Barcelona,2360,5000000.0,5000000.0,0.999,1.0,0.995,same_club
2378,Daniel Parejo,ESP,2015-16,Valencia,M S,33,2734,8,6,5,46,42,5.462,3.976,2.985,11.141,8.147,8,0,59561,Dani Parejo,1989-04-16,26.38,182.0,right,Midfield,Central Midfield,Spain,Spain,33,2740,8,5,1049,Valencia CF,4095,20000000.0,18000000.0,0.969,0.95,0.998,same_club
2399,Iñaki Williams,ESP,2015-16,Athletic Club,F M S,25,1648,8,8,3,42,15,3.465,3.465,3.233,7.863,1.543,2,1,255508,Iñaki Williams,1994-06-15,21.21,186.0,right,Attack,Right Winger,Ghana,Spain,25,1636,8,4,621,Athletic Bilbao,2426,5000000.0,15000000.0,0.998,1.0,0.993,same_club
2065,Vicente Iborra,ESP,2015-16,Sevilla,M S,29,1743,7,7,2,31,13,6.878,6.878,3.628,13.528,5.236,8,1,65467,Vicente Iborra,1988-01-16,27.62,190.0,right,Midfield,Defensive Midfield,Spain,Spain,29,1742,7,2,368,Sevilla FC,2842,8000000.0,8000000.0,1.0,1.0,0.999,same_club
2094,Ivan Rakitic,ESP,2015-16,Barcelona,M S,36,2588,7,7,2,45,33,5.308,5.308,4.078,22.182,16.133,3,0,32467,Ivan Rakitic,1988-03-10,27.48,184.0,right,Midfield,Central Midfield,Croatia,Switzerland,36,2578,7,2,131,FC Barcelona,4067,40000000.0,50000000.0,0.999,1.0,0.996,same_club
2115,Hernán Pérez,ESP,2015-16,Espanyol,F M S,32,2446,7,7,1,47,30,5.451,5.451,2.699,10.358,4.038,12,0,73636,Hernán Pérez,1989-02-25,26.51,180.0,right,Attack,Right Winger,Paraguay,Paraguay,32,2446,7,2,714,RCD Espanyol Barcelona,2518,1500000.0,3000000.0,1.0,1.0,1.0,same_club
2120,Gerard Moreno,ESP,2015-16,Espanyol,F M S,32,1914,7,6,3,51,19,7.699,6.956,2.864,11.565,2.311,3,1,177467,Gerard Moreno,1992-04-07,23.4,180.0,left,Attack,Centre-Forward,Spain,Spain,32,1916,7,3,714,RCD Espanyol Barcelona,2159,4000000.0,3000000.0,1.0,1.0,0.999,same_club
2186,Morales,ESP,2015-16,Levante,D F M S,35,2676,7,7,5,71,55,5.44,5.44,4.937,9.978,2.385,4,0,252677,José Luis Morales,1987-07-23,28.11,180.0,right,Attack,Centre-Forward,Spain,Spain,35,2674,7,6,3368,Levante UD,2741,2500000.0,3000000.0,1.0,1.0,0.999,same_club
2199,Pablo Sarabia,ESP,2015-16,Getafe,F M S,31,2539,7,7,6,62,76,5.059,5.059,8.259,12.098,4.027,9,0,74230,Pablo Sarabia,1992-05-11,23.31,174.0,left,Midfield,Attacking Midfield,Spain,Spain,31,2533,7,6,3709,Getafe CF,2553,4000000.0,5000000.0,0.999,1.0,0.998,same_club
2223,Carlos Castro,ESP,2015-16,Sporting Gijon,F S,25,1000,7,7,0,25,5,6.027,6.027,0.908,7.598,1.067,1,0,277093,Carlos Castro,1995-06-01,20.25,177.0,left,Attack,Centre-Forward,Spain,Spain,25,1028,7,0,2448,Sporting Gijón,1131,800000.0,2000000.0,0.992,1.0,0.973,same_club
2249,James Rodríguez,ESP,2015-16,Real Madrid,F M S,26,1520,7,7,8,39,60,2.521,2.521,7.677,15.033,9.757,1,0,88103,James Rodríguez,1991-07-12,24.14,181.0,left,Midfield,Attacking Midfield,Colombia,Colombia,26,1518,7,8,418,Real Madrid,1860,80000000.0,70000000.0,1.0,1.0,0.999,same_club
2285,Fabián Orellana,ESP,2015-16,Celta Vigo,F M,33,2922,7,6,7,77,58,8.415,7.672,7.699,19.514,6.269,8,1,60890,Fabián Orellana,1986-01-27,29.59,168.0,right,Attack,Right Winger,Chile,Chile,33,2921,7,7,940,Celta de Vigo,3342,3000000.0,4000000.0,1.0,1.0,1.0,same_club
2287,John Guidetti,ESP,2015-16,Celta Vigo,F S,35,1214,7,6,0,33,16,7.645,6.902,1.454,8.759,1.628,3,0,98596,John Guidetti,1992-04-15,23.38,185.0,right,Attack,Centre-Forward,Sweden,Sweden,35,1231,7,1,940,Celta de Vigo,1818,3500000.0,5000000.0,0.996,1.0,0.986,same_club
2340,Duje Cop,ESP,2015-16,Malaga,F S,31,2070,7,6,3,49,20,8.991,8.248,1.674,12.481,5.322,3,0,46415,Duje Cop,1990-02-01,25.58,184.0,right,Attack,Centre-Forward,Croatia,Jugoslawien (SFR),31,2061,7,3,1084,Málaga CF,2066,4000000.0,3000000.0,0.999,1.0,0.996,same_club
2400,Raúl García,ESP,2015-16,"Athletic Club,Atletico Madrid",M S,31,2384,7,7,6,78,24,5.793,5.793,4.718,11.764,3.496,10,0,34601,Raúl García,1986-07-11,29.14,184.0,right,Attack,Centre-Forward,Spain,Spain,31,2382,7,7,"13,621","Atlético de Madrid,Athletic Bilbao",3211,12000000.0,12000000.0,1.0,1.0,0.999,same_club
2480,Jonathas,ESP,2015-16,Real Sociedad,F S,27,1603,7,7,2,57,20,7.745,7.745,1.905,9.519,2.045,6,1,58345,Jonathas,1989-03-06,26.49,192.0,right,Attack,Centre-Forward,Brazil,Brazil,27,1607,7,2,681,Real Sociedad,1725,7000000.0,7000000.0,0.999,1.0,0.998,same_club
1219,Luis Alberto,ESP,2015-16,Deportivo La Coruna,F M S,29,2110,6,6,7,80,32,7.404,7.404,4.729,13.302,2.936,3,0,128220,Luis Alberto,1992-09-28,22.92,183.0,right,Midfield,Attacking Midfield,Spain,Spain,29,2106,6,7,897,Deportivo de La Coruña,2227,2500000.0,4000000.0,0.999,1.0,0.998,same_club
1644,Giuseppe Rossi,ESP,2015-16,Levante,F S,17,1162,6,5,2,33,20,5.558,4.814,1.78,6.29,0.616,1,0,19104,Giuseppe Rossi,1987-02-01,28.58,173.0,left,Attack,Centre-Forward,Italy,United States,17,1160,6,2,3368,Levante UD,1872,12000000.0,7500000.0,0.999,1.0,0.998,same_club
1644,Giuseppe Rossi,ESP,2015-16,Levante,F S,17,1162,6,5,2,33,20,5.558,4.814,1.78,6.29,0.616,1,0,19104,Giuseppe Rossi,1987-02-01,28.58,173.0,left,Attack,Centre-Forward,Italy,United States,17,1160,6,2,3368,Levante UD,1872,12000000.0,7500000.0,0.998,1.0,0.992,same_club
1724,Isaac Success,ESP,2015-16,Granada,F M S,30,2441,6,6,2,56,27,7.115,7.115,3.403,11.152,1.983,10,1,295331,Isaac Success,1996-01-07,19.65,182.0,right,Attack,Centre-Forward,Nigeria,Nigeria,30,2432,6,5,16795,Granada CF,2606,1000000.0,3000000.0,0.999,1.0,0.996,same_club
2079,Rubén Rochina,ESP,2015-16,Granada,F M S,35,2496,6,6,6,77,46,4.666,4.666,4.388,8.318,3.776,10,0,67548,Rubén Rochina,1991-03-23,24.44,182.0,left,Attack,Right Winger,Spain,Spain,35,2501,6,6,16795,Granada CF,2753,1500000.0,3000000.0,0.999,1.0,0.998,same_club
2202,Stefan Scepovic,ESP,2015-16,Getafe,F S,34,1806,6,6,1,30,22,7.175,7.175,3.109,9.555,1.257,4,0,71273,Stefan Scepovic,1990-01-10,25.64,187.0,right,Attack,Centre-Forward,Serbia,Jugoslawien (SFR),34,1810,6,1,3709,Getafe CF,1979,2000000.0,2000000.0,0.999,1.0,0.998,same_club
2234,Mikel Oyarzabal,ESP,2015-16,Real Sociedad,F M S,22,1493,6,6,1,30,20,2.802,2.802,2.886,7.737,2.681,1,0,351478,Mikel Oyarzabal,1997-04-21,18.36,181.0,left,Attack,Centre-Forward,Spain,Spain,22,1481,6,2,681,Real Sociedad,1604,,2500000.0,0.998,1.0,0.992,same_club
1520,Éver Banega,ESP,2015-16,Sevilla,M S,25,1728,5,4,2,39,44,3.997,3.253,5.713,12.311,7.146,6,1,12249,Éver Banega,1988-06-29,27.17,174.0,right,Midfield,Central Midfield,Argentina,Argentina,25,1725,5,2,368,Sevilla FC,3378,10000000.0,15000000.0,0.999,1.0,0.998,same_club
1548,Adalberto Peñaranda,ESP,2015-16,Granada,F M S,23,1684,5,5,3,22,18,1.951,1.951,1.817,4.271,1.237,8,0,308801,Adalberto Peñaranda,1997-05-31,18.25,186.0,right,Attack,Left Winger,Venezuela,Venezuela,23,1680,5,4,16795,Granada CF,1896,,3000000.0,0.999,1.0,0.998,same_club
1715,Álvaro Negredo,ESP,2015-16,Valencia,F S,25,1145,5,5,2,39,13,6.753,6.753,3.065,9.302,2.184,0,0,18644,Álvaro Negredo,1985-08-20,30.03,186.0,left,Attack,Centre-Forward,Spain,Spain,25,1147,5,2,1049,Valencia CF,2160,18000000.0,10000000.0,0.999,1.0,0.998,same_club
2133,Adrián,ESP,2015-16,Eibar,M S,32,2234,5,5,0,45,15,4.745,4.745,0.888,6.902,2.37,6,0,44073,Adrián González,1988-05-25,27.27,184.0,left,Midfield,Central Midfield,Spain,Spain,32,2240,4,0,1533,SD Eibar,2544,2000000.0,2500000.0,0.936,0.95,0.997,same_club
2200,Álvaro Vázquez,ESP,2015-16,Getafe,F S,34,1994,5,4,4,49,22,9.962,9.219,2.578,12.925,3.009,6,0,141835,Álvaro Vázquez,1991-04-27,24.35,182.0,right,Attack,Centre-Forward,Spain,Spain,34,1990,5,4,3709,Getafe CF,2080,3000000.0,3000000.0,0.999,1.0,0.998,same_club
2216,Jony,ESP,2015-16,Sporting Gijon,F M S,36,2878,5,5,7,55,47,3.601,2.858,7.106,11.517,4.208,4,0,228761,Jony,1991-07-09,24.15,179.0,left,Attack,Left Winger,Spain,Spain,36,2882,5,9,2448,Sporting Gijón,2882,2000000.0,3500000.0,1.0,1.0,0.999,same_club
2256,Jesé,ESP,2015-16,Real Madrid,F S,28,819,5,5,6,21,23,3.343,3.343,3.755,11.944,5.953,0,0,134936,Jesé,1993-02-26,22.51,178.0,right,Attack,Left Winger,,,28,824,5,7,418,Real Madrid,1254,14000000.0,14000000.0,0.998,1.0,0.994,same_club
2269,Koke,ESP,2015-16,Atletico Madrid,F M S,35,2976,5,5,14,42,77,4.689,4.689,8.98,18.313,8.967,4,0,74229,Koke,1992-01-08,23.65,176.0,right,Midfield,Central Midfield,Spain,Spain,35,2972,5,15,13,Atlético de Madrid,4431,50000000.0,60000000.0,1.0,1.0,0.999,same_club
2275,Ángel Correa,ESP,2015-16,Atletico Madrid,F M S,26,938,5,5,4,31,15,3.59,3.59,2.635,7.275,3.252,7,0,266807,Ángel Correa,1995-03-09,20.48,171.0,right,Attack,Second Striker,Argentina,Argentina,26,946,5,4,13,Atlético de Madrid,1378,5000000.0,9000000.0,0.997,1.0,0.992,same_club
2302,Bruno,ESP,2015-16,Villarreal,M S,31,2590,5,2,1,25,16,3.847,1.617,0.864,10.009,9.29,5,1,44412,Bruno Soriano,1984-06-12,31.22,184.0,left,Midfield,Defensive Midfield,Spain,Spain,31,2594,5,1,1050,Villarreal CF,3713,8000000.0,8000000.0,0.97,0.95,0.998,same_club
2311,Roberto Soldado,ESP,2015-16,Villarreal,F S,28,2264,5,5,10,40,29,5.829,5.829,6.596,15.06,4.068,12,0,34870,Roberto Soldado,1985-05-27,30.26,180.0,right,Attack,Centre-Forward,Spain,Spain,28,2251,5,12,1050,Villarreal CF,3379,16000000.0,16000000.0,0.998,1.0,0.994,same_club
2319,Faycal Fajr,ESP,2015-16,Deportivo La Coruna,F M S,38,2839,5,5,3,46,58,2.567,2.567,3.97,9.961,5.754,3,0,174344,Fayçal Fajr,1988-08-01,27.08,179.0,right,Midfield,Central Midfield,Morocco,France,38,2844,5,4,897,Deportivo de La Coruña,2962,2500000.0,4000000.0,0.999,1.0,0.998,same_club
2359,Tana,ESP,2015-16,Las Palmas,F M S,27,2144,5,5,4,31,33,3.635,3.635,2.786,8.342,4.379,2,0,223068,Tana,1990-09-20,24.95,169.0,left,Midfield,Attacking Midfield,Spain,Spain,27,2113,5,5,472,UD Las Palmas,2203,200000.0,1500000.0,0.996,1.0,0.986,same_club
2365,Sergio Araujo,ESP,2015-16,Las Palmas,F S,30,1810,5,5,3,61,18,6.261,6.261,2.717,10.488,2.741,4,0,110366,Sergio Araujo,1992-01-28,23.59,180.0,right,Attack,Centre-Forward,Argentina,Argentina,30,1819,5,5,472,UD Las Palmas,1909,3000000.0,2000000.0,0.999,1.0,0.995,same_club
2416,Carlos Vela,ESP,2015-16,Real Sociedad,F M S,35,2770,5,5,4,59,50,8.478,8.478,6.095,15.681,3.096,5,0,35773,Carlos Vela,1989-03-01,26.5,177.0,left,Attack,Right Winger,Mexico,Mexico,35,2761,5,4,681,Real Sociedad,2806,18000000.0,15000000.0,0.999,1.0,0.997,same_club
2499,Sabin,ESP,2015-16,Athletic Club,F M S,22,1128,5,5,0,26,10,3.646,3.646,1.677,5.252,1.176,1,0,192736,Sabin Merino,1992-01-04,23.66,187.0,right,Attack,Centre-Forward,Spain,Spain,22,1129,5,0,621,Athletic Bilbao,1960,600000.0,2500000.0,0.97,0.95,0.999,same_club
1728,Fernando Llorente,ESP,2015-16,Sevilla,F S,23,1161,4,4,3,29,17,5.583,5.583,2.232,6.704,0.815,4,0,35564,Fernando Llorente,1985-02-26,30.51,195.0,right,Attack,Centre-Forward,Spain,Spain,23,1161,4,4,368,Sevilla FC,1666,12000000.0,8000000.0,1.0,1.0,1.0,same_club
1728,Fernando Llorente,ESP,2015-16,Sevilla,F S,23,1161,4,4,3,29,17,5.583,5.583,2.232,6.704,0.815,4,0,35564,Fernando Llorente,1985-02-26,30.51,195.0,right,Attack,Centre-Forward,Spain,Spain,23,1161,4,4,368,Sevilla FC,1666,12000000.0,8000000.0,1.0,1.0,1.0,same_club
2068,Yevhen Konoplyanka,ESP,2015-16,Sevilla,M S,32,1607,4,3,4,51,35,3.87,3.127,6.729,10.521,4.247,4,0,58949,Yevgen Konoplyanka,1989-09-29,25.92,176.0,right,Midfield,Attacking Midfield,Ukraine,UdSSR,32,1612,4,6,368,Sevilla FC,2669,20000000.0,25000000.0,0.969,0.95,0.997,same_club
2117,Marco Asensio,ESP,2015-16,Espanyol,F M S,34,2840,4,4,10,61,67,6.553,6.553,9.636,17.244,5.58,3,0,296622,Marco Asensio,1996-01-21,19.61,182.0,left,Midfield,Attacking Midfield,Spain,Spain,34,2822,4,13,714,RCD Espanyol Barcelona,3047,3500000.0,8000000.0,0.998,1.0,0.994,same_club
2134,Saúl Berjón,ESP,2015-16,Eibar,F M S,29,1401,4,1,4,34,41,5.679,2.705,3.706,8.478,4.031,1,0,74954,Saúl Berjón,1986-05-24,29.27,178.0,right,Attack,Left Winger,Spain,Spain,29,1397,4,4,1533,SD Eibar,1577,2500000.0,3000000.0,0.999,1.0,0.997,same_club
2171,Manucho,ESP,2015-16,Rayo Vallecano,F S,28,914,4,4,1,25,10,5.422,5.422,0.541,5.272,0.507,3,0,64484,Manucho,1983-03-07,32.49,190.0,left,Attack,Centre-Forward,Angola,Angola,28,931,4,1,367,Rayo Vallecano,1181,2000000.0,1200000.0,0.995,1.0,0.982,same_club
2253,Lucas Vázquez,ESP,2015-16,Real Madrid,D F M S,25,1221,4,4,6,23,28,3.563,3.563,4.367,11.477,6.135,4,0,221316,Lucas Vázquez,1991-07-01,24.17,173.0,right,Defender,Right-Back,Spain,Spain,25,1230,4,8,418,Real Madrid,1650,5000000.0,10000000.0,0.998,1.0,0.993,same_club
2266,Saúl Ñíguez,ESP,2015-16,Atletico Madrid,D M S,31,2331,4,4,2,45,19,2.375,2.375,1.578,8.48,5.778,1,0,148928,Saúl Ñíguez,1994-11-21,20.78,184.0,left,Midfield,Central Midfield,Spain,Spain,31,2330,4,2,13,Atlético de Madrid,3651,10000000.0,20000000.0,1.0,1.0,1.0,same_club
2272,Yannick Carrasco,ESP,2015-16,Atletico Madrid,F M S,29,1486,4,4,1,54,21,5.05,5.05,2.889,9.373,4.459,5,0,140776,Yannick Carrasco,1993-09-04,21.99,181.0,right,Attack,Left Winger,Belgium,Belgium,29,1501,4,1,13,Atlético de Madrid,2407,15000000.0,25000000.0,0.997,1.0,0.99,same_club
2305,Adrián,ESP,2015-16,Villarreal,F S,16,785,4,4,4,8,15,3.102,3.102,1.624,5.898,1.762,1,0,45383,Adrián López,1988-01-08,27.65,183.0,right,Attack,Centre-Forward,Spain,Spain,16,792,4,4,1050,Villarreal CF,951,5000000.0,3500000.0,0.967,0.95,0.991,same_club
2308,Denis Suárez,ESP,2015-16,Villarreal,F M S,33,2365,4,4,4,36,46,2.675,2.675,6.792,9.391,3.176,3,0,165007,Denis Suárez,1994-01-06,21.65,176.0,right,Midfield,Attacking Midfield,Spain,Spain,33,2371,4,6,1050,Villarreal CF,3373,12000000.0,12000000.0,0.999,1.0,0.997,same_club
2343,Juanpi,ESP,2015-16,Malaga,M S,29,1618,4,4,1,32,26,3.535,3.535,3.303,8.402,3.075,6,0,256680,Juanpi,1994-01-24,21.6,176.0,left,Midfield,Attacking Midfield,Venezuela,Venezuela,29,1611,4,2,1084,Málaga CF,1683,900000.0,3000000.0,0.999,1.0,0.996,same_club
2384,Santi Mina,ESP,2015-16,Valencia,F M S,26,1590,4,4,1,25,10,4.231,4.231,1.955,6.919,1.994,2,0,255653,Santi Mina,1995-12-07,19.73,181.0,right,Attack,Centre-Forward,Spain,Spain,26,1582,4,1,1049,Valencia CF,2294,8000000.0,7000000.0,0.998,1.0,0.995,same_club
452,Takashi Inui,ESP,2015-16,Eibar,F M S,27,1629,3,3,3,35,23,2.784,2.784,4.051,8.989,3.067,1,0,98249,Takashi Inui,1988-06-02,27.25,169.0,right,Attack,Left Winger,Japan,Japan,27,1626,3,4,1533,SD Eibar,1866,2500000.0,3000000.0,0.999,1.0,0.998,same_club
452,Takashi Inui,ESP,2015-16,Eibar,F M S,27,1629,3,3,3,35,23,2.784,2.784,4.051,8.989,3.067,1,0,98249,Takashi Inui,1988-06-02,27.25,169.0,right,Attack,Left Winger,Japan,Japan,27,1626,3,4,1533,SD Eibar,1866,2500000.0,3000000.0,0.987,1.0,0.956,same_club
2077,Jean-Sylvain Babin,ESP,2015-16,Granada,D,25,2238,3,3,0,13,1,0.923,0.923,0.013,2.26,2.187,5,0,45256,Jean-Sylvain Babin,1986-10-14,28.88,181.0,right,Defender,Centre-Back,Martinique,France,25,2236,3,0,16795,Granada CF,2416,4000000.0,3500000.0,1.0,1.0,0.999,same_club
2106,Munir,ESP,2015-16,Barcelona,F M S,15,825,3,3,2,17,9,4.03,4.03,1.501,8.157,2.946,0,0,223725,Munir El Haddadi,1995-09-01,20.0,177.0,left,Midfield,Attacking Midfield,Morocco,Spain,15,825,3,3,131,FC Barcelona,1634,10000000.0,10000000.0,0.97,0.95,1.0,same_club
2112,Papakouly Diop,ESP,2015-16,Espanyol,M S,30,2493,3,3,0,22,3,1.682,1.682,0.295,5.627,5.05,13,1,39907,Pape Diop,1986-03-19,29.45,180.0,right,Midfield,Defensive Midfield,Senegal,Senegal,30,2487,3,1,714,RCD Espanyol Barcelona,2652,2500000.0,2500000.0,0.969,0.95,0.998,same_club
2131,Keko,ESP,2015-16,Eibar,F M S,29,2329,3,3,3,35,42,3.647,3.647,4.516,13.7,6.513,4,1,66112,Keko Gontán,1991-12-27,23.68,174.0,right,Missing,,Spain,Spain,29,2313,3,5,1533,SD Eibar,2461,800000.0,4000000.0,0.968,0.95,0.993,same_club
2143,Germán Pezzella,ESP,2015-16,Real Betis,D S,25,2166,3,3,1,17,3,1.136,1.136,1.319,1.919,1.51,9,0,113133,Germán Pezzella,1991-06-27,24.18,187.0,right,Defender,Centre-Back,Argentina,Argentina,25,2165,3,1,150,Real Betis Balompié,2525,2500000.0,2500000.0,1.0,1.0,1.0,same_club
2162,Roberto Trashorras,ESP,2015-16,Rayo Vallecano,M S,36,3119,3,1,7,31,80,3.303,1.073,4.76,11.253,9.497,10,0,7923,Roberto Trashorras,1981-02-28,34.51,177.0,right,Midfield,Central Midfield,Spain,Spain,36,3117,2,8,367,Rayo Vallecano,3323,1500000.0,1000000.0,0.966,1.0,0.999,same_club
2164,Pablo Hernández,ESP,2015-16,Rayo Vallecano,M S,27,1922,3,3,4,36,29,3.299,3.299,3.057,10.352,5.736,3,0,46220,Pablo Hernández,1985-04-11,30.39,173.0,right,Midfield,Attacking Midfield,Spain,Spain,27,1917,3,4,367,Rayo Vallecano,2127,8000000.0,2500000.0,0.999,1.0,0.997,same_club
2168,Bebé,ESP,2015-16,Rayo Vallecano,M S,34,2246,3,3,6,80,32,2.809,2.809,6.803,10.962,4.663,3,0,153427,Bebé,1990-07-12,25.14,190.0,right,Attack,Left Winger,Cape Verde,Portugal,34,2249,3,8,367,Rayo Vallecano,2413,2000000.0,2000000.0,1.0,1.0,0.999,same_club
2184,Casadesús,ESP,2015-16,Levante,F M S,23,935,3,3,1,12,12,1.459,1.459,1.796,3.23,1.183,4,0,35540,Víctor Casadesús,1985-02-28,30.51,180.0,right,Attack,Centre-Forward,Spain,Spain,23,939,3,1,3368,Levante UD,1089,2500000.0,1800000.0,0.999,1.0,0.996,same_club
2207,Emiliano Velázquez,ESP,2015-16,Getafe,D,11,976,3,3,1,8,3,1.06,1.06,0.149,0.568,0.327,7,0,189458,Emiliano Velázquez,1994-04-30,21.34,184.0,right,Defender,Centre-Back,Uruguay,Uruguay,11,974,3,1,3709,Getafe CF,974,4000000.0,2500000.0,0.999,1.0,0.998,same_club
2215,Alen Halilovic,ESP,2015-16,Sporting Gijon,F M S,36,2349,3,3,5,58,27,4.713,4.713,2.654,9.248,3.061,6,0,226074,Alen Halilovic,1996-06-18,19.2,169.0,left,Midfield,Attacking Midfield,Croatia,Croatia,36,2347,3,5,2448,Sporting Gijón,2392,5000000.0,10000000.0,1.0,1.0,0.999,same_club
2233,Xabi Prieto,ESP,2015-16,Real Sociedad,F M S,36,2376,3,2,3,18,37,2.446,1.703,5.009,8.664,5.375,3,0,15693,Xabi Prieto,1983-08-29,32.01,187.0,right,Midfield,Central Midfield,Spain,Spain,36,2381,3,3,681,Real Sociedad,2471,6000000.0,4500000.0,0.999,1.0,0.998,same_club
2255,Isco,ESP,2015-16,Real Madrid,F M S,31,1831,3,3,7,40,43,3.938,3.938,6.532,20.145,14.819,2,1,85288,Isco,1992-04-21,23.36,176.0,right,Midfield,Attacking Midfield,Spain,Spain,31,1828,3,7,418,Real Madrid,2628,45000000.0,40000000.0,1.0,1.0,0.998,same_club
2304,Leo Baptistao,ESP,2015-16,Villarreal,F S,26,1254,3,3,1,32,7,4.666,4.666,0.638,7.338,2.272,1,0,221899,Léo Baptistão,1992-08-26,23.01,183.0,right,Attack,Centre-Forward,Brazil,Brazil,26,1259,3,2,1050,Villarreal CF,1722,5000000.0,4000000.0,0.999,1.0,0.996,same_club
2318,Fede Cartabia,ESP,2015-16,Deportivo La Coruna,F M S,26,1359,3,3,3,51,23,1.988,1.988,2.39,5.968,3.438,3,0,242548,Fede Cartabia,1993-01-20,22.61,169.0,left,Attack,Right Winger,Argentina,Argentina,26,1352,3,3,897,Deportivo de La Coruña,1547,4000000.0,2500000.0,0.998,1.0,0.995,same_club
2353,Pedro Bigas,ESP,2015-16,Las Palmas,D S,27,2353,3,3,0,15,6,1.509,1.509,0.381,3.815,3.224,5,0,203043,Pedro Bigas,1990-05-15,25.3,181.0,left,Defender,Centre-Back,Spain,Spain,27,2353,3,0,472,UD Las Palmas,2389,1000000.0,1500000.0,1.0,1.0,1.0,same_club
2383,André Gomes,ESP,2015-16,Valencia,F M S,30,2384,3,3,3,42,27,2.848,2.848,3.292,10.643,6.11,10,0,221025,André Gomes,1993-07-30,22.09,190.0,right,Midfield,Central Midfield,Portugal,Portugal,30,2379,2,4,1049,Valencia CF,3046,20000000.0,20000000.0,0.966,1.0,0.998,same_club
2405,Markel Susaeta,ESP,2015-16,Athletic Club,M S,28,1925,3,3,8,26,42,1.925,1.925,5.554,9.737,3.935,3,0,54245,Markel Susaeta,1987-12-14,27.72,179.0,right,Attack,Right Winger,Spain,Spain,,,,,,,,10000000.0,10000000.0,,,,understat_id_carryover
2413,Steven N&#039;Zonzi,ESP,2015-16,Sevilla,M S,28,1845,3,3,1,19,12,1.934,1.934,1.201,5.647,4.555,2,1,73734,Steven Nzonzi,1988-12-15,26.71,196.0,right,Midfield,Defensive Midfield,France,France,28,1846,3,2,368,Sevilla FC,3228,10000000.0,12000000.0,0.928,0.88,0.999,same_club
2437,Gonzalo Escalante,ESP,2015-16,Eibar,M S,34,2829,3,3,1,24,13,2.286,2.286,1.23,5.511,3.308,15,0,266795,Gonzalo Escalante,1993-03-27,22.43,182.0,right,Midfield,Central Midfield,Argentina,Argentina,34,2820,3,2,1533,SD Eibar,2928,500000.0,3000000.0,0.999,1.0,0.997,same_club
2466,Celso Borges,ESP,2015-16,Deportivo La Coruna,M S,24,1908,3,3,2,20,24,2.988,2.988,1.098,6.76,3.259,3,1,81532,Celso Borges,1988-05-27,27.26,183.0,right,Midfield,Central Midfield,Costa Rica,Costa Rica,24,1908,3,3,897,Deportivo de La Coruña,1908,2500000.0,3000000.0,1.0,1.0,1.0,same_club
2494,Denis Cheryshev,ESP,2015-16,"Real Madrid,Valencia",F M S,9,515,3,3,1,14,4,2.369,2.369,1.102,3.939,0.548,2,0,98322,Denis Cheryshev,1990-12-26,24.68,179.0,left,Attack,Left Winger,Russia,UdSSR,9,516,3,1,"418,1049","Real Madrid,Valencia CF",632,10000000.0,10000000.0,0.999,1.0,0.998,same_club
2498,Aymeric Laporte,ESP,2015-16,Athletic Club,D S,26,2215,3,3,1,19,6,3.435,3.435,1.444,4.421,4.263,7,2,176553,Aymeric Laporte,1994-05-27,21.26,191.0,left,Defender,Centre-Back,Spain,France,26,2214,3,1,621,Athletic Bilbao,3924,15000000.0,25000000.0,1.0,1.0,1.0,same_club
2573,Ángel Lafita,ESP,2015-16,Getafe,M S,14,1024,3,3,2,28,9,1.904,1.904,0.97,3.531,0.832,5,0,35562,Ángel Lafita,1984-08-07,31.07,188.0,right,Attack,Left Winger,Spain,Spain,14,1017,3,2,3709,Getafe CF,1017,2000000.0,2000000.0,0.998,1.0,0.993,same_club
1209,Ciro Immobile,ESP,2015-16,Sevilla,F S,8,334,2,2,0,14,1,3.154,3.154,0.023,3.068,0.119,2,0,105521,Ciro Immobile,1990-02-20,25.53,185.0,right,Attack,Centre-Forward,Italy,Italy,8,334,2,0,368,Sevilla FC,1673,12000000.0,10000000.0,1.0,1.0,1.0,same_club
1209,Ciro Immobile,ESP,2015-16,Sevilla,F S,8,334,2,2,0,14,1,3.154,3.154,0.023,3.068,0.119,2,0,105521,Ciro Immobile,1990-02-20,25.53,185.0,right,Attack,Centre-Forward,Italy,Italy,8,334,2,0,368,Sevilla FC,1673,12000000.0,10000000.0,0.998,1.0,0.994,same_club
1699,Shkodran Mustafi,ESP,2015-16,Valencia,D,30,2682,2,2,0,22,4,1.538,1.538,1.196,4.892,4.325,14,0,88590,Shkodran Mustafi,1992-04-17,23.37,184.0,right,Defender,Centre-Back,Germany,Germany,30,2681,2,1,1049,Valencia CF,3896,20000000.0,20000000.0,1.0,1.0,1.0,same_club
2081,Isaac Cuenca,ESP,2015-16,Granada,F M S,12,787,2,2,2,10,6,1.452,1.452,0.8,3.274,1.503,0,0,176285,Isaac Cuenca,1991-04-27,24.35,178.0,right,Attack,Left Winger,Spain,Spain,12,781,2,2,16795,Granada CF,1306,2500000.0,2000000.0,0.998,1.0,0.992,same_club
2084,Fran Rico,ESP,2015-16,Granada,M S,28,1446,2,2,1,16,38,1.161,1.161,1.769,3.178,1.65,6,0,63689,Fran Rico,1987-08-03,28.08,178.0,right,Midfield,Central Midfield,Spain,Spain,28,1445,3,0,16795,Granada CF,1639,3000000.0,3000000.0,0.966,1.0,0.999,same_club
2092,Gerard Piqué,ESP,2015-16,Barcelona,D,30,2595,2,2,1,13,6,3.143,3.143,1.232,15.151,13.416,12,0,18944,Gerard Piqué,1987-02-02,28.58,194.0,right,Defender,Centre-Back,Spain,Spain,30,2591,2,1,131,FC Barcelona,3993,40000000.0,40000000.0,1.0,1.0,0.998,same_club
2102,Arda Turan,ESP,2015-16,Barcelona,M S,18,810,2,2,3,11,8,2.23,2.23,1.343,7.92,6.058,5,0,21369,Arda Turan,1987-01-30,28.59,177.0,right,Attack,Left Winger,Turkey,Turkey,18,811,2,3,131,FC Barcelona,1171,35000000.0,30000000.0,1.0,1.0,0.999,same_club
2109,Enzo Roco,ESP,2015-16,Espanyol,D S,33,2455,2,2,0,11,2,1.126,1.126,0.069,3.822,3.707,9,0,186862,Enzo Roco,1992-08-16,23.04,192.0,right,Defender,Centre-Back,Chile,Chile,33,2426,2,0,714,RCD Espanyol Barcelona,2606,3000000.0,3000000.0,0.996,1.0,0.988,same_club
2125,Ander Capa,ESP,2015-16,Eibar,D S,36,3119,2,2,5,16,22,0.634,0.634,3.2,9.93,7.629,12,0,197545,Ander Capa,1992-02-08,23.56,175.0,right,Defender,Right-Back,Spain,Spain,36,3122,2,5,1533,SD Eibar,3212,2000000.0,4000000.0,1.0,1.0,0.999,same_club
2144,Alfred N&#039;Diaye,ESP,2015-16,Real Betis,D M,34,3010,2,2,0,25,6,2.462,2.462,0.328,4.987,3.295,6,0,77737,Alfred N'Diaye,1990-03-06,25.49,189.0,right,Midfield,Defensive Midfield,Senegal,France,34,3010,2,0,150,Real Betis Balompié,3187,3500000.0,3500000.0,0.97,0.95,1.0,same_club
2163,Diego Llorente,ESP,2015-16,Rayo Vallecano,D M,33,2878,2,2,0,14,2,0.917,0.917,0.036,3.917,3.688,11,1,246291,Diego Llorente,1993-08-16,22.04,186.0,right,Defender,Centre-Back,Spain,Spain,33,2876,2,0,367,Rayo Vallecano,3200,600000.0,3000000.0,1.0,1.0,0.999,same_club
2166,Adrián Embarba,ESP,2015-16,Rayo Vallecano,M S,28,1838,2,2,5,41,32,3.618,3.618,4.001,9.638,2.672,5,0,288318,Adrián Embarba,1992-05-07,23.32,173.0,right,Attack,Right Winger,Spain,Spain,28,1828,2,3,367,Rayo Vallecano,2039,1000000.0,1000000.0,0.998,1.0,0.995,same_club
2180,Verza,ESP,2015-16,Levante,M S,29,2127,2,1,3,25,39,2.103,1.36,2.744,5.263,3.631,13,0,26199,Verza,1986-09-29,28.92,181.0,right,Missing,,Spain,Spain,29,2128,2,4,3368,Levante UD,2308,3500000.0,3000000.0,1.0,1.0,1.0,same_club
2196,Álvaro Medrán,ESP,2015-16,Getafe,M S,20,1487,2,2,1,31,9,1.337,1.337,0.269,4.561,3.349,7,0,253839,Álvaro Medrán,1994-03-15,21.46,177.0,right,Midfield,Central Midfield,Spain,Spain,20,1496,2,1,3709,Getafe CF,1496,400000.0,400000.0,0.998,1.0,0.994,same_club
2197,Pedro León,ESP,2015-16,Getafe,F M S,31,1855,2,2,4,47,34,3.804,3.061,2.624,6.728,2.782,5,0,51587,Pedro León,1986-11-24,28.77,183.0,right,Attack,Right Winger,Spain,Spain,31,1846,2,4,3709,Getafe CF,2026,6000000.0,5000000.0,0.999,1.0,0.995,same_club
2198,Moi Gómez,ESP,2015-16,Getafe,M S,22,909,2,2,3,15,7,1.155,1.155,1.118,3.296,1.331,3,0,175449,Moi Gómez,1994-06-23,21.19,176.0,right,Midfield,Attacking Midfield,Spain,Spain,22,904,2,3,3709,Getafe CF,1037,5000000.0,3000000.0,0.998,1.0,0.994,same_club
2211,Isma López,ESP,2015-16,Sporting Gijon,D S,31,2501,2,2,0,17,14,1.844,1.844,1.465,6.262,3.964,8,0,54231,Isma López,1990-01-29,25.59,180.0,left,Defender,Left-Back,Spain,Spain,31,2489,2,0,2448,Sporting Gijón,2579,1000000.0,1500000.0,0.999,1.0,0.995,same_club
2212,Sergio Álvarez,ESP,2015-16,Sporting Gijon,M S,27,2192,2,2,2,5,15,0.329,0.329,1.391,6.354,4.707,7,1,138935,Sergio Álvarez,1992-01-23,23.61,183.0,right,Midfield,Central Midfield,Spain,Spain,27,2189,2,2,2448,Sporting Gijón,2189,2500000.0,2500000.0,1.0,1.0,0.999,same_club
2214,Carlos Carmona,ESP,2015-16,Sporting Gijon,M S,20,1227,2,2,3,14,26,1.83,1.83,2.476,6.009,2.34,4,0,71394,Carlos Carmona,1987-07-05,28.16,178.0,right,Attack,Right Winger,Spain,Spain,20,1223,2,4,2448,Sporting Gijón,1313,1500000.0,1500000.0,0.999,1.0,0.997,same_club
2218,Guerrero,ESP,2015-16,Sporting Gijon,F S,23,1093,2,2,1,22,11,3.467,3.467,2.31,7.659,2.097,2,0,137704,Miguel Ángel Guerrero,1990-07-12,25.14,180.0,right,Attack,Second Striker,Spain,Spain,23,1096,2,1,2448,Sporting Gijón,1216,1000000.0,1500000.0,0.999,1.0,0.997,same_club
2219,Álex Menéndez,ESP,2015-16,Sporting Gijon,D M S,21,1029,2,2,1,17,13,1.535,1.535,2.164,4.012,1.562,1,0,175921,Álex Menéndez,1991-07-15,24.13,181.0,left,Defender,Left-Back,Spain,Spain,21,1032,2,1,2448,Sporting Gijón,1212,500000.0,800000.0,0.999,1.0,0.997,same_club
2235,Bruma,ESP,2015-16,Real Sociedad,F M S,32,1446,2,2,1,46,24,3.92,3.92,3.95,9.57,3.767,0,0,139396,Bruma,1994-10-24,20.85,173.0,right,Attack,Left Winger,Portugal,Guinea-Bissau,32,1449,2,1,681,Real Sociedad,1539,7000000.0,5000000.0,0.999,1.0,0.998,same_club
2236,Diego Reyes,ESP,2015-16,Real Sociedad,D M S,27,2316,2,2,0,11,7,1.535,1.535,0.296,2.896,2.573,3,1,131090,Diego Reyes,1992-09-19,22.95,192.0,right,Defender,Centre-Back,Mexico,Mexico,27,2313,2,0,681,Real Sociedad,2403,3500000.0,4000000.0,1.0,1.0,0.999,same_club
2244,Danilo,ESP,2015-16,Real Madrid,D S,24,2044,2,2,5,18,19,1.102,1.102,2.221,12.9,10.66,6,0,145707,Danilo,1991-07-15,24.13,184.0,right,Defender,Centre-Back,Brazil,Brazil,24,2046,2,5,418,Real Madrid,2622,25000000.0,18000000.0,1.0,1.0,0.999,same_club
2246,Sergio Ramos,ESP,2015-16,Real Madrid,D,23,1946,2,2,2,19,7,1.069,1.069,0.973,8.665,8.227,7,2,25557,Sergio Ramos,1986-03-30,29.42,184.0,right,Defender,Centre-Back,Spain,Spain,23,1944,2,3,418,Real Madrid,2843,40000000.0,40000000.0,1.0,1.0,0.999,same_club
2250,Luka Modric,ESP,2015-16,Real Madrid,M S,32,2631,2,2,4,35,61,1.749,1.749,5.044,25.149,20.939,5,0,27992,Luka Modrić,1985-09-09,29.98,172.0,right,Midfield,Central Midfield,Croatia,Jugoslawien (SFR),32,2626,2,4,418,Real Madrid,3529,50000000.0,50000000.0,0.999,1.0,0.998,same_club
2257,Marcelo,ESP,2015-16,Real Madrid,D S,30,2475,2,2,3,19,51,1.327,1.327,4.891,18.98,14.185,2,0,44501,Marcelo,1988-05-12,27.3,174.0,left,Defender,Left-Back,Brazil,Brazil,30,2474,2,3,418,Real Madrid,3384,25000000.0,30000000.0,1.0,1.0,1.0,same_club
2284,Daniel Wass,ESP,2015-16,Celta Vigo,D F M S,36,2711,2,2,5,50,41,3.182,3.182,4.526,15.021,10.214,3,0,63463,Daniel Wass,1989-05-31,26.25,181.0,right,Midfield,Central Midfield,Denmark,Denmark,36,2709,2,6,940,Celta de Vigo,3177,5000000.0,7000000.0,1.0,1.0,0.999,same_club
2286,Pablo Hernández,ESP,2015-16,Celta Vigo,M S,33,2312,2,2,4,28,14,1.61,1.61,1.385,11.609,9.553,14,1,91763,Pablo Hernández,1986-10-24,28.85,184.0,left,Midfield,Central Midfield,Chile,Argentina,33,2329,2,4,940,Celta de Vigo,2897,2000000.0,3500000.0,0.998,1.0,0.993,same_club
2288,Theo Bongonda,ESP,2015-16,Celta Vigo,F M S,23,1198,2,2,1,18,10,2.509,2.509,1.839,5.954,2.652,5,0,280701,Théo Bongonda,1995-11-20,19.78,176.0,left,Attack,Right Winger,DR Congo,Belgium,23,1195,2,1,940,Celta de Vigo,1310,1500000.0,2500000.0,0.999,1.0,0.997,same_club
2296,Mario,ESP,2015-16,Villarreal,D S,33,2873,2,2,2,33,11,1.213,1.213,1.941,5.987,5.029,8,0,73250,Mario Gaspar,1990-11-24,24.77,180.0,right,Defender,Right-Back,Spain,Spain,33,2874,2,2,1050,Villarreal CF,3756,6000000.0,10000000.0,0.97,0.95,1.0,same_club
2300,Samu García,ESP,2015-16,Villarreal,F M S,16,756,2,2,1,9,14,1.379,1.379,2.123,2.845,0.358,2,0,208890,Samu García,1990-07-13,25.14,177.0,right,Attack,Right Winger,Spain,Spain,16,762,2,2,1050,Villarreal CF,1399,7500000.0,4000000.0,0.998,1.0,0.992,same_club
2301,Manu Trigueros,ESP,2015-16,Villarreal,M S,31,2119,2,2,1,28,16,1.166,1.166,0.95,8.015,6.427,5,0,188854,Manu Trigueros,1991-10-17,23.87,178.0,right,Midfield,Central Midfield,Spain,Spain,31,2117,2,1,1050,Villarreal CF,2918,6000000.0,7000000.0,1.0,1.0,0.999,same_club
2315,Alejandro Arribas,ESP,2015-16,Deportivo La Coruna,D,31,2743,2,2,0,12,3,1.07,1.07,0.157,4.138,3.889,9,1,137174,Alejandro Arribas,1989-05-01,26.34,182.0,right,Defender,Centre-Back,Spain,Spain,31,2740,2,0,897,Deportivo de La Coruña,2740,2500000.0,3000000.0,1.0,1.0,0.999,same_club
2317,Álex Bergantiños,ESP,2015-16,Deportivo La Coruna,M S,22,1750,2,2,1,15,21,0.769,0.769,1.824,4.859,3.08,3,0,72189,Álex Bergantiños,1985-06-07,30.23,176.0,right,Midfield,Defensive Midfield,Spain,Spain,22,1750,2,1,897,Deportivo de La Coruña,1827,3000000.0,3000000.0,1.0,1.0,1.0,same_club
2323,Oriol Riera,ESP,2015-16,Deportivo La Coruna,F S,22,782,2,2,0,24,7,3.087,3.087,0.278,4.89,1.784,3,0,71671,Oriol Riera,1986-07-03,29.16,186.0,right,Attack,Centre-Forward,Spain,Spain,22,789,2,0,897,Deportivo de La Coruña,1056,2500000.0,2000000.0,0.997,1.0,0.991,same_club
2328,Thomas Partey,ESP,2015-16,Atletico Madrid,M S,13,410,2,2,1,9,7,2.515,2.515,0.771,3.396,1.758,3,0,230784,Thomas Partey,1993-06-13,22.22,185.0,right,Midfield,Defensive Midfield,Ghana,Ghana,13,435,2,1,13,Atlético de Madrid,852,4000000.0,5000000.0,0.983,1.0,0.943,same_club
2333,Raúl Albentosa,ESP,2015-16,Malaga,D S,29,2555,2,2,0,17,10,2.106,2.106,0.502,3.419,2.69,11,0,77026,Raúl Albentosa,1988-09-07,26.98,192.0,right,Defender,Centre-Back,Spain,Spain,29,2553,2,0,1084,Málaga CF,2733,1500000.0,2000000.0,1.0,1.0,0.999,same_club
2336,Ignacio Camacho,ESP,2015-16,Malaga,M,23,2007,2,2,1,23,13,2.36,2.36,1.213,3.921,2.427,7,1,58874,Ignacio Camacho,1990-05-04,25.33,182.0,right,Midfield,Defensive Midfield,Spain,Spain,23,2009,2,1,1084,Málaga CF,2065,10000000.0,10000000.0,1.0,1.0,0.999,same_club
2341,Roque Santa Cruz,ESP,2015-16,Malaga,F S,17,408,2,2,1,5,7,1.464,1.464,0.935,2.588,0.998,0,0,215,Roque Santa Cruz,1981-08-16,34.04,193.0,right,Attack,Centre-Forward,Paraguay,Paraguay,17,419,2,0,1084,Málaga CF,599,2000000.0,1000000.0,0.992,1.0,0.974,same_club
2344,Christian Atsu,ESP,2015-16,Malaga,M S,12,379,2,2,0,9,6,1.102,1.102,0.876,1.856,0.332,0,0,186997,Christian Atsu,1992-01-10,23.64,165.0,left,Attack,Left Winger,Ghana,Ghana,12,386,2,0,1084,Málaga CF,386,5000000.0,3500000.0,0.995,1.0,0.982,same_club
2352,David García,ESP,2015-16,Las Palmas,D S,19,1609,2,2,1,9,9,0.955,0.955,0.426,3.727,3.369,2,0,44012,David García,1982-02-25,33.51,183.0,right,Defender,Centre-Back,Spain,Spain,19,1609,2,1,472,UD Las Palmas,1936,400000.0,300000.0,1.0,1.0,1.0,same_club
2357,Nabil El Zhar,ESP,2015-16,Las Palmas,M S,30,1725,2,2,4,28,19,1.533,1.533,2.213,5.591,2.701,4,0,37917,Nabil El Zhar,1986-08-27,29.01,170.0,both,Attack,Right Winger,Morocco,France,30,1707,2,4,472,UD Las Palmas,1873,1500000.0,1500000.0,0.997,1.0,0.99,same_club
2381,Rodrigo,ESP,2015-16,Valencia,F M S,25,1356,2,2,3,38,24,4.613,4.613,4.804,9.056,3.32,1,1,131505,Rodrigo,1991-03-06,24.49,182.0,left,Attack,Centre-Forward,Spain,Brazil,25,1363,2,3,1049,Valencia CF,2176,18000000.0,12000000.0,0.998,1.0,0.995,same_club
2390,Víctor Camarasa,ESP,2015-16,Levante,M S,34,2117,2,2,3,28,19,2.277,2.277,1.689,5.529,3.035,4,0,263856,Víctor Camarasa,1994-05-28,21.26,183.0,right,Midfield,Central Midfield,Spain,Spain,34,2115,2,3,3368,Levante UD,2115,3000000.0,3000000.0,1.0,1.0,0.999,same_club
2395,San José,ESP,2015-16,Athletic Club,D M S,34,2692,2,2,3,25,15,2.507,2.507,2.154,7.294,5.738,6,1,52469,Mikel San José,1989-05-30,26.26,187.0,right,Midfield,Defensive Midfield,Spain,Spain,34,2693,2,3,621,Athletic Bilbao,3911,5000000.0,10000000.0,1.0,1.0,1.0,same_club
2401,Muniain,ESP,2015-16,Athletic Club,M S,20,1021,2,2,0,22,17,3.367,3.367,1.034,5.913,2.209,3,0,54235,Iker Muniain,1992-12-19,22.7,169.0,right,Attack,Left Winger,Spain,Spain,20,1019,2,0,621,Athletic Bilbao,1364,18000000.0,15000000.0,0.999,1.0,0.998,same_club
2409,Eraso,ESP,2015-16,Athletic Club,M S,16,780,2,2,1,12,9,3.229,3.229,1.24,4.946,0.653,2,0,156814,Javi Eraso,1990-03-22,25.45,180.0,right,Midfield,Central Midfield,Spain,Spain,16,780,2,1,621,Athletic Bilbao,1951,1000000.0,2000000.0,1.0,1.0,1.0,same_club
2425,Piti,ESP,2015-16,"Granada,Rayo Vallecano",F M S,16,750,2,2,2,17,16,1.863,1.863,1.013,3.712,1.677,4,0,58076,Piti,1981-05-26,34.27,177.0,left,Midfield,Attacking Midfield,Spain,Spain,16,750,2,2,"367,16795","Rayo Vallecano,Granada CF",750,1000000.0,1000000.0,1.0,1.0,1.0,same_club
2448,Juan Vargas,ESP,2015-16,Real Betis,D M,20,1721,2,2,2,17,25,0.714,0.714,1.808,3.161,2.395,5,1,30584,Juan Manuel Vargas,1983-10-05,31.91,186.0,left,Defender,Left-Back,Peru,Peru,20,1718,2,2,150,Real Betis Balompié,1898,2500000.0,2500000.0,0.969,0.95,0.998,same_club
2453,Marc Bartra,ESP,2015-16,Barcelona,D S,13,486,2,2,1,5,2,1.249,1.249,0.251,6.322,5.166,0,0,99922,Marc Bartra,1991-01-15,24.63,184.0,right,Defender,Centre-Back,Spain,Spain,13,498,2,1,131,FC Barcelona,1197,12000000.0,8000000.0,0.993,1.0,0.976,same_club
2471,Víctor Rodríguez,ESP,2015-16,Getafe,M S,33,2310,2,2,2,45,25,3.494,3.494,4.381,10.887,4.216,1,0,129753,Víctor Rodríguez,1989-07-23,26.11,167.0,right,Midfield,Attacking Midfield,Spain,Spain,33,2308,2,3,3709,Getafe CF,2398,3000000.0,3000000.0,1.0,1.0,0.999,same_club
2487,Zé Castro,ESP,2015-16,Rayo Vallecano,D,22,1719,2,2,0,10,8,0.463,0.463,0.255,4.207,4.045,6,1,13872,Zé Castro,1983-01-13,32.63,183.0,right,Defender,Centre-Back,Portugal,Portugal,22,1722,2,0,367,Rayo Vallecano,1902,2000000.0,1500000.0,0.999,1.0,0.998,same_club
2511,Vitolo,ESP,2015-16,Sevilla,M S,28,2052,2,2,4,25,36,3.5,3.5,4.378,12.199,6.898,4,1,67082,Vitolo,1989-11-02,25.83,184.0,right,Attack,Left Winger,Spain,Spain,28,2052,2,5,368,Sevilla FC,3718,12000000.0,12000000.0,1.0,1.0,1.0,same_club
2548,Jackson Martínez,ESP,2015-16,Atletico Madrid,F S,15,656,2,2,3,26,9,2.108,2.108,2.065,4.688,1.229,0,0,74418,Jackson Martínez,1986-10-03,28.91,185.0,right,Attack,Centre-Forward,Colombia,Colombia,15,654,2,2,13,Atlético de Madrid,1053,35000000.0,14000000.0,0.999,1.0,0.997,same_club
1012,Ricky van Wolfswinkel,ESP,2015-16,Real Betis,F S,16,611,1,1,2,14,7,1.809,1.809,1.487,2.542,1.093,1,0,41355,Ricky van Wolfswinkel,1989-01-27,26.59,186.0,right,Attack,Centre-Forward,Netherlands,Netherlands,16,615,1,2,150,Real Betis Balompié,872,5000000.0,2500000.0,0.998,1.0,0.993,same_club
1635,Thomas Vermaelen,ESP,2015-16,Barcelona,D S,10,505,1,1,0,3,0,0.503,0.503,0.0,3.69,3.69,2,0,15904,Thomas Vermaelen,1985-11-14,29.8,183.0,left,Defender,Centre-Back,Belgium,Belgium,10,505,1,0,131,FC Barcelona,1271,6000000.0,3000000.0,1.0,1.0,1.0,same_club
1674,Sofiane Feghouli,ESP,2015-16,Valencia,F M S,21,1253,1,1,1,22,26,2.818,2.818,3.019,6.732,2.538,4,0,57162,Sofiane Feghouli,1989-12-26,25.68,177.0,right,Midfield,Defensive Midfield,Algeria,France,21,1257,1,2,1049,Valencia CF,2041,16000000.0,15000000.0,0.999,1.0,0.997,same_club
1716,Bernardo,ESP,2015-16,Sporting Gijon,D,16,1336,1,1,0,13,5,0.967,0.967,0.716,1.345,0.899,5,1,64598,Bernardo Espinosa,1989-07-11,26.14,192.0,right,Defender,Centre-Back,Colombia,Colombia,16,1338,1,0,2448,Sporting Gijón,1428,2500000.0,2500000.0,0.97,0.95,0.999,same_club
1969,Joan Verdú,ESP,2015-16,Levante,M S,13,903,1,1,1,9,20,0.994,0.994,1.899,3.939,2.786,0,0,28005,Joan Verdú,1983-05-05,32.33,172.0,right,Midfield,Attacking Midfield,Spain,Spain,13,907,1,1,3368,Levante UD,1256,1000000.0,800000.0,0.999,1.0,0.996,same_club
1969,Joan Verdú,ESP,2015-16,Levante,M S,13,903,1,1,1,9,20,0.994,0.994,1.899,3.939,2.786,0,0,28005,Joan Verdú,1983-05-05,32.33,172.0,right,Midfield,Attacking Midfield,Spain,Spain,13,907,1,1,3368,Levante UD,1256,1000000.0,800000.0,0.997,1.0,0.989,same_club
2064,Sergio Escudero,ESP,2015-16,Sevilla,D M S,15,1170,1,1,1,12,14,0.742,0.742,1.668,3.858,2.26,2,0,93935,Sergio Escudero,1989-09-02,26.0,176.0,left,Defender,Left-Back,Spain,Spain,15,1173,1,1,368,Sevilla FC,2277,3000000.0,2000000.0,0.999,1.0,0.997,same_club
2067,Juan Muñoz,ESP,2015-16,Sevilla,F M S,8,298,1,1,0,6,0,0.91,0.91,0.0,1.001,0.091,0,0,268958,Juan Muñoz,1995-11-12,19.8,180.0,right,Attack,Centre-Forward,Spain,Spain,8,299,1,0,368,Sevilla FC,400,200000.0,500000.0,0.999,1.0,0.997,same_club
2069,Daniel Carriço,ESP,2015-16,Sevilla,D M S,14,1046,1,1,1,7,2,1.435,1.435,0.076,3.669,3.052,4,0,37712,Daniel Carriço,1988-08-04,27.07,183.0,right,Defender,Centre-Back,Portugal,Portugal,14,1050,1,1,368,Sevilla FC,1874,10000000.0,7000000.0,0.999,1.0,0.996,same_club
2071,Diego González,ESP,2015-16,Sevilla,D S,2,106,1,1,0,2,0,0.114,0.114,0.0,0.0,0.0,0,0,349836,Diego González,1995-01-28,20.59,185.0,right,Defender,Centre-Back,Spain,Spain,2,107,1,0,368,Sevilla FC,265,,,0.997,1.0,0.991,same_club
2073,Coke,ESP,2015-16,Sevilla,D M S,21,1743,1,1,1,31,10,2.659,2.659,1.48,4.464,2.897,3,0,71905,Coke,1987-04-26,28.35,176.0,right,Defender,Right-Back,Spain,Spain,21,1742,1,1,368,Sevilla FC,3502,3500000.0,3500000.0,1.0,1.0,0.999,same_club
2078,Ricardo Costa,ESP,2015-16,Granada,D,14,1251,1,1,0,9,3,0.784,0.784,0.805,0.411,0.398,7,0,9819,Ricardo Costa,1981-05-16,34.29,184.0,right,Defender,Centre-Back,Portugal,Portugal,14,1251,1,0,16795,Granada CF,3126,1500000.0,800000.0,1.0,1.0,1.0,same_club
2088,Edgar Méndez,ESP,2015-16,Granada,D F M S,15,734,1,1,0,11,6,0.855,0.855,0.739,1.952,0.95,4,0,133794,Edgar Méndez,1990-01-02,25.66,187.0,right,Attack,Right Winger,Spain,Spain,15,743,1,0,16795,Granada CF,949,2500000.0,2000000.0,0.996,1.0,0.988,same_club
2096,Andrés Iniesta,ESP,2015-16,Barcelona,M S,28,2248,1,1,2,23,32,2.159,2.159,4.453,23.676,19.126,2,0,7600,Andrés Iniesta,1984-05-11,31.31,171.0,both,Midfield,Central Midfield,Spain,Spain,28,2248,1,2,131,FC Barcelona,3509,35000000.0,35000000.0,1.0,1.0,1.0,same_club
2100,Rafinha,ESP,2015-16,Barcelona,F M S,6,283,1,1,0,2,6,0.581,0.581,0.807,1.637,0.959,0,0,129473,Rafinha,1993-02-12,22.55,174.0,left,Midfield,Attacking Midfield,Brazil,Brazil,6,279,1,0,131,FC Barcelona,502,12000000.0,12000000.0,0.996,1.0,0.986,same_club
2111,Víctor Álvarez,ESP,2015-16,Espanyol,D M S,27,1976,1,1,2,13,17,1.727,1.727,2.362,4.692,2.392,6,0,99355,Víctor Álvarez,1993-03-14,22.47,180.0,left,Defender,Left-Back,Spain,Spain,27,2026,1,2,714,RCD Espanyol Barcelona,2125,1000000.0,2500000.0,0.993,1.0,0.975,same_club
2113,Víctor Sánchez,ESP,2015-16,Espanyol,M S,29,2321,1,1,6,24,24,2.741,2.741,4.113,11.452,5.708,11,2,63290,Víctor Sánchez,1987-09-08,27.98,174.0,right,Midfield,Central Midfield,Spain,Spain,29,2290,1,6,714,RCD Espanyol Barcelona,2440,4000000.0,3500000.0,0.996,1.0,0.987,same_club
2121,Salva Sevilla,ESP,2015-16,Espanyol,M S,15,523,1,1,0,7,13,1.323,1.323,1.114,2.256,1.061,3,0,58799,Salva Sevilla,1984-03-18,31.46,178.0,right,Midfield,Central Midfield,Spain,Spain,15,499,1,0,714,RCD Espanyol Barcelona,708,1800000.0,1500000.0,0.986,1.0,0.954,same_club
2122,Joan Jordán,ESP,2015-16,Espanyol,M S,9,622,1,1,0,9,9,0.385,0.385,0.491,1.29,1.038,3,0,263727,Joan Jordán,1994-07-06,21.16,185.0,right,Midfield,Central Midfield,Spain,Spain,9,624,1,0,714,RCD Espanyol Barcelona,787,300000.0,800000.0,0.999,1.0,0.997,same_club
2142,Álvaro Cejudo,ESP,2015-16,Real Betis,D M S,30,1878,1,1,2,36,26,1.378,1.378,1.905,4.573,2.624,10,0,72779,Álvaro Cejudo,1984-01-29,31.59,176.0,right,Attack,Second Striker,Spain,Spain,30,1828,1,2,150,Real Betis Balompié,1852,1200000.0,1500000.0,0.992,1.0,0.973,same_club
2145,Petros,ESP,2015-16,Real Betis,M S,30,2328,1,1,1,9,15,0.79,0.79,2.443,7.481,6.15,7,1,200558,Petros,1989-05-29,26.26,182.0,right,Midfield,Defensive Midfield,Brazil,Brazil,30,2329,1,1,150,Real Betis Balompié,2544,2000000.0,2500000.0,1.0,1.0,1.0,same_club
2147,Charly Musonda,ESP,2015-16,Real Betis,M S,16,1227,1,1,1,14,12,0.891,0.891,1.119,5.202,3.865,2,0,177862,Charly Musonda Jr.,1996-10-15,18.88,173.0,right,Attack,Left Winger,Belgium,Belgium,16,1228,1,2,150,Real Betis Balompié,1228,,2000000.0,0.97,0.95,0.999,same_club
2148,Joaquín,ESP,2015-16,Real Betis,M S,30,1961,1,1,5,27,50,2.706,2.706,4.531,7.081,3.824,3,0,7663,Joaquín,1981-07-21,34.11,181.0,right,Attack,Right Winger,Spain,Spain,30,1964,1,5,150,Real Betis Balompié,2109,1000000.0,1000000.0,1.0,1.0,0.998,same_club
2155,Jorge Molina,ESP,2015-16,Real Betis,F S,23,914,1,1,1,14,10,2.2,2.2,1.629,3.625,1.245,4,0,57825,Jorge Molina,1982-04-22,33.36,188.0,right,Attack,Centre-Forward,Spain,Spain,23,919,1,1,150,Real Betis Balompié,1024,1500000.0,1200000.0,0.998,1.0,0.995,same_club
2159,Tito,ESP,2015-16,Rayo Vallecano,D,29,2487,1,1,3,12,15,0.586,0.586,2.919,5.893,5.32,4,2,128295,Tito,1985-07-11,30.14,174.0,right,Defender,Right-Back,Spain,Spain,29,2488,1,3,367,Rayo Vallecano,2610,2500000.0,2500000.0,1.0,1.0,1.0,same_club
2160,Antonio Amaya,ESP,2015-16,Rayo Vallecano,D S,17,1032,1,1,0,3,1,0.1,0.1,0.058,1.196,1.138,4,1,71904,Antonio Amaya,1983-05-31,32.25,192.0,right,Defender,Centre-Back,Spain,Spain,17,1029,1,1,367,Rayo Vallecano,1029,1500000.0,1200000.0,0.999,1.0,0.997,same_club
2176,Carl Medjani,ESP,2015-16,Levante,D,14,1260,1,1,0,5,3,0.991,0.991,0.555,0.946,0.84,1,0,8060,Carl Medjani,1985-05-15,30.3,184.0,right,Midfield,Defensive Midfield,Algeria,France,14,1260,1,0,3368,Levante UD,2099,4000000.0,2000000.0,1.0,1.0,1.0,same_club
2179,Simao Mate,ESP,2015-16,Levante,D M S,30,2181,1,1,0,10,3,0.772,0.772,0.495,2.866,2.305,10,2,58281,Simão,1988-06-23,27.19,180.0,right,Defender,Centre-Back,Mozambique,Mozambique,30,2178,1,0,3368,Levante UD,2178,2000000.0,2000000.0,0.97,0.95,0.999,same_club
2182,Jefferson Lerma,ESP,2015-16,Levante,D M S,33,2687,1,1,2,35,28,1.429,1.429,1.898,4.93,2.735,11,0,262980,Jefferson Lerma,1994-10-25,20.85,180.0,right,Midfield,Defensive Midfield,Colombia,Colombia,33,2689,1,2,3368,Levante UD,2779,200000.0,1500000.0,1.0,1.0,0.999,same_club
2183,Rubén García,ESP,2015-16,Levante,F M S,22,1004,1,1,0,15,21,0.55,0.55,1.442,2.376,1.196,5,0,213260,Rubén García,1993-07-14,22.13,172.0,left,Attack,Right Winger,Spain,Spain,22,1011,1,1,3368,Levante UD,1038,3000000.0,2500000.0,0.998,1.0,0.993,same_club
2189,Pedro López,ESP,2015-16,Levante,D S,17,1295,1,1,0,6,4,0.228,0.228,0.135,2.563,2.257,8,0,25412,Pedro López,1983-11-01,31.83,174.0,right,Defender,Right-Back,Spain,Spain,17,1300,1,0,3368,Levante UD,1339,1200000.0,800000.0,0.999,1.0,0.996,same_club
2191,Vigaray,ESP,2015-16,Getafe,D,14,1195,1,1,0,4,7,0.219,0.219,0.249,1.238,0.861,5,1,263627,Carlos Vigaray,1994-09-07,20.98,185.0,right,Defender,Right-Back,Spain,Spain,14,1194,1,0,3709,Getafe CF,1239,500000.0,500000.0,1.0,1.0,0.999,same_club
2193,Cala,ESP,2015-16,Getafe,D S,22,1910,1,1,1,6,5,1.092,1.092,0.42,5.223,5.091,10,1,67089,Juan Cala,1989-11-26,25.76,186.0,right,Defender,Centre-Back,,,22,1910,1,1,3709,Getafe CF,2000,600000.0,800000.0,1.0,1.0,1.0,same_club
2203,Emiliano Buendía,ESP,2015-16,Getafe,D F M S,17,730,1,1,0,13,5,1.04,1.04,0.251,3.046,1.874,5,1,321247,Emiliano Buendía,1996-12-25,18.68,172.0,right,Attack,Left Winger,Argentina,Argentina,17,737,1,0,3709,Getafe CF,737,,400000.0,0.997,1.0,0.991,same_club
2213,Nacho Cases,ESP,2015-16,Sporting Gijon,M S,24,1967,1,1,0,21,9,0.906,0.906,0.742,5.318,3.895,10,2,89473,Nacho Cases,1987-12-22,27.69,175.0,left,Midfield,Central Midfield,Spain,Spain,24,1967,1,0,2448,Sporting Gijón,2012,2200000.0,2200000.0,1.0,1.0,1.0,same_club
2228,Aritz Elustondo,ESP,2015-16,Real Sociedad,D S,31,2603,1,1,0,16,10,1.616,1.616,0.711,6.457,5.896,8,0,229804,Aritz Elustondo,1994-03-28,21.43,180.0,right,Defender,Centre-Back,Spain,Spain,31,2597,1,0,681,Real Sociedad,2597,400000.0,2000000.0,0.999,1.0,0.998,same_club
2230,David Zurutuza,ESP,2015-16,Real Sociedad,F M S,16,1134,1,1,3,18,14,2.093,2.093,1.429,5.223,3.537,1,0,59375,David Zurutuza,1986-07-19,29.12,186.0,right,Midfield,Central Midfield,Spain,France,16,1129,1,3,681,Real Sociedad,1129,2500000.0,2000000.0,0.999,1.0,0.996,same_club
2231,Markel Bergara,ESP,2015-16,Real Sociedad,M S,20,1355,1,1,0,12,5,0.744,0.744,0.529,1.992,1.281,6,1,51426,Markel Bergara,1986-05-05,29.33,181.0,right,Midfield,Defensive Midfield,Spain,Spain,20,1354,1,0,681,Real Sociedad,1354,3500000.0,3000000.0,1.0,1.0,0.999,same_club
2232,Asier Illarramendi,ESP,2015-16,Real Sociedad,M S,33,2848,1,1,1,22,29,0.9,0.9,2.4,6.485,5.285,15,0,59344,Asier Illarramendi,1990-03-08,25.48,179.0,right,Midfield,Defensive Midfield,Spain,Spain,33,2810,1,2,681,Real Sociedad,2990,15000000.0,15000000.0,0.996,1.0,0.987,same_club
2238,Jon Bautista,ESP,2015-16,Real Sociedad,F S,4,118,1,1,0,4,2,0.604,0.604,0.041,0.523,0.031,2,0,289236,Jon Bautista,1995-07-03,20.16,180.0,right,Attack,Centre-Forward,Spain,Spain,4,118,1,0,681,Real Sociedad,118,,,1.0,1.0,1.0,same_club
2248,Casemiro,ESP,2015-16,Real Madrid,M S,23,1526,1,1,3,20,7,1.159,1.159,1.167,10.446,9.166,7,0,16306,Casemiro,1992-02-23,23.52,185.0,right,Midfield,Defensive Midfield,Brazil,Brazil,23,1524,1,3,418,Real Madrid,2539,10000000.0,16000000.0,1.0,1.0,0.999,same_club
2258,Pepe,ESP,2015-16,Real Madrid,D,21,1887,1,1,1,12,7,0.935,0.935,1.327,12.046,11.934,5,0,14132,Pepe,1983-02-26,32.51,187.0,right,Defender,Centre-Back,Portugal,Brazil,21,1887,1,1,418,Real Madrid,2734,15000000.0,6000000.0,1.0,1.0,1.0,same_club
2262,Juanfran,ESP,2015-16,Atletico Madrid,D S,35,3032,1,1,1,7,29,0.932,0.932,2.373,7.181,5.06,6,0,16635,Juanfran Torres,1985-01-09,30.64,181.0,right,Defender,Right-Back,Spain,Spain,35,3030,1,1,13,Atlético de Madrid,4260,18000000.0,16000000.0,0.97,0.95,0.999,same_club
2264,Diego Godín,ESP,2015-16,Atletico Madrid,D,31,2650,1,1,1,25,7,2.516,2.516,1.303,6.169,5.65,5,1,54928,Diego Godín,1986-02-16,29.54,187.0,right,Defender,Centre-Back,Uruguay,Uruguay,31,2650,1,1,13,Atlético de Madrid,4029,30000000.0,35000000.0,1.0,1.0,1.0,same_club
2265,Filipe Luis,ESP,2015-16,Atletico Madrid,D,32,2833,1,1,4,8,28,0.624,0.624,1.945,13.2,11.788,11,1,21725,Filipe Luís,1985-08-09,30.06,182.0,left,Defender,Left-Back,Brazil,Brazil,32,2834,1,4,13,Atlético de Madrid,4053,15000000.0,15000000.0,1.0,1.0,1.0,same_club
2267,Augusto Fernández,ESP,2015-16,"Atletico Madrid,Celta Vigo",M S,28,2214,1,1,1,13,7,0.966,0.966,0.26,7.048,6.875,11,0,39151,Augusto Fernández,1986-04-10,29.39,177.0,right,Midfield,Central Midfield,Argentina,Argentina,28,2172,1,1,"13,940","Atlético de Madrid,Celta de Vigo",2721,6000000.0,6000000.0,0.994,1.0,0.981,same_club
2268,Gabi,ESP,2015-16,Atletico Madrid,M S,35,2885,1,1,3,17,27,0.473,0.473,2.419,11.533,10.667,11,1,22969,Gabi,1983-07-10,32.15,181.0,right,Midfield,Central Midfield,Spain,Spain,35,2879,1,3,13,Atlético de Madrid,4250,10000000.0,8000000.0,0.999,1.0,0.998,same_club
2273,Tiago,ESP,2015-16,Atletico Madrid,M S,14,1050,1,1,2,7,7,0.434,0.434,0.694,7.184,6.293,4,0,8538,Tiago Mendes,1981-05-02,34.33,183.0,right,Midfield,Central Midfield,Portugal,Portugal,14,1053,1,2,13,Atlético de Madrid,1443,2500000.0,2000000.0,0.969,0.95,0.997,same_club
2274,Luciano Vietto,ESP,2015-16,Atletico Madrid,F S,19,984,1,1,3,25,14,3.316,3.316,2.744,7.421,2.498,3,0,214316,Luciano Vietto,1993-12-05,21.74,173.0,right,Attack,Centre-Forward,Argentina,Argentina,19,962,1,3,13,Atlético de Madrid,1423,20000000.0,15000000.0,0.993,1.0,0.978,same_club
2278,Giménez,ESP,2015-16,Atletico Madrid,D,27,2430,1,1,1,12,8,1.376,1.376,1.481,3.883,3.692,8,0,250845,José María Giménez,1995-01-20,20.61,186.0,right,Defender,Centre-Back,Uruguay,Uruguay,27,2430,1,1,13,Atlético de Madrid,3271,15000000.0,25000000.0,1.0,1.0,1.0,same_club
2280,Jonny,ESP,2015-16,Celta Vigo,D S,36,2963,1,1,4,14,22,0.75,0.75,2.735,10.285,9.29,8,2,175446,Jonny Otto,1994-03-03,21.5,175.0,both,Defender,Right-Back,Spain,Spain,36,2952,1,4,940,Celta de Vigo,3538,4000000.0,5000000.0,0.969,0.95,0.996,same_club
2281,Hugo Mallo,ESP,2015-16,Celta Vigo,D S,34,2948,1,1,4,7,17,0.381,0.381,2.167,6.906,5.57,9,0,119905,Hugo Mallo,1991-06-22,24.19,173.0,right,Defender,Right-Back,Spain,Spain,34,2965,1,4,940,Celta de Vigo,3314,4000000.0,6000000.0,0.998,1.0,0.994,same_club
2303,Samu Castillejo,ESP,2015-16,Villarreal,F M S,28,1695,1,1,1,24,22,1.815,1.815,1.163,4.494,2.302,4,0,195171,Samu Castillejo,1995-01-18,20.62,182.0,left,Attack,Right Winger,Spain,Spain,28,1744,1,1,1050,Villarreal CF,2884,7500000.0,5000000.0,0.992,1.0,0.972,same_club
2316,Juanfran,ESP,2015-16,Deportivo La Coruna,D M S,35,2688,1,1,2,19,20,0.495,0.495,1.179,8.195,7.492,4,0,64411,Juanfran Moreno,1988-09-11,26.97,179.0,right,Defender,Right-Back,Spain,Spain,34,2591,1,2,897,Deportivo de La Coruña,2591,3000000.0,3500000.0,0.959,0.95,0.964,same_club
2335,Pablo Fornals,ESP,2015-16,Malaga,M S,27,1276,1,1,0,22,13,1.444,1.444,0.483,5.111,3.652,1,0,357885,Pablo Fornals,1996-02-22,19.52,178.0,right,Midfield,Central Midfield,Spain,Spain,27,1295,1,0,1084,Málaga CF,1347,,1000000.0,0.996,1.0,0.985,same_club
2342,Gonzalo Castro,ESP,2015-16,"Malaga,Real Sociedad",M S,24,1406,1,1,4,21,34,0.971,0.971,3.801,8.403,5.415,1,0,28171,Chory Castro,1984-09-14,30.96,178.0,left,Attack,Left Winger,Uruguay,Uruguay,24,1400,1,4,"681,1084","Real Sociedad,Málaga CF",1478,5000000.0,2500000.0,0.879,0.8,0.996,same_club
2345,Duda,ESP,2015-16,Malaga,M S,26,1059,1,1,1,23,41,2.154,1.41,3.905,4.432,2.093,4,0,7782,Duda,1980-06-27,35.18,175.0,left,Midfield,Left Midfield,Portugal,Portugal,26,1059,1,1,1084,Málaga CF,1059,1000000.0,1000000.0,1.0,1.0,1.0,same_club
2347,Federico Ricca,ESP,2015-16,Malaga,D S,8,640,1,1,1,2,5,0.575,0.575,0.713,1.587,1.008,3,0,285322,Federico Ricca,1994-12-01,20.75,179.0,left,Defender,Centre-Back,Uruguay,Uruguay,8,641,1,1,1084,Málaga CF,641,1200000.0,1500000.0,1.0,1.0,0.998,same_club
2356,Roque Mesa,ESP,2015-16,Las Palmas,M,34,2847,1,1,2,34,16,1.404,1.404,1.438,8.039,5.543,12,0,202984,Roque Mesa,1989-06-07,26.23,172.0,right,Midfield,Central Midfield,Spain,Spain,34,2851,1,2,472,UD Las Palmas,3136,700000.0,2000000.0,1.0,1.0,0.999,same_club
2362,Mubarak Wakaso,ESP,2015-16,Las Palmas,M S,20,898,1,1,0,19,8,0.476,0.476,0.643,2.687,2.211,11,0,45639,Mubarak Wakaso,1990-07-25,25.1,171.0,left,Midfield,Central Midfield,Ghana,Ghana,20,923,1,1,472,UD Las Palmas,1205,5000000.0,2500000.0,0.992,1.0,0.973,same_club
2363,Vicente Gómez,ESP,2015-16,Las Palmas,M S,21,1459,1,1,1,7,7,0.286,0.286,0.607,3.365,2.699,3,0,153236,Vicente Gómez,1988-08-31,27.0,187.0,left,Midfield,Defensive Midfield,Spain,Spain,21,1462,1,1,472,UD Las Palmas,1696,1000000.0,1200000.0,0.999,1.0,0.998,same_club
2364,David Simón,ESP,2015-16,Las Palmas,D S,27,2264,1,1,2,12,19,1.277,1.277,1.71,5.658,4.055,7,0,228584,David Simón,1988-12-16,26.71,179.0,right,Defender,Right-Back,Spain,Spain,27,2262,1,2,472,UD Las Palmas,2532,1000000.0,1500000.0,1.0,1.0,0.999,same_club
2369,Toni Kroos,ESP,2015-16,Real Madrid,M,32,2746,1,1,10,20,57,0.684,0.684,4.794,23.769,21.919,3,0,31909,Toni Kroos,1990-01-04,25.66,183.0,right,Midfield,Central Midfield,Germany,East Germany (GDR),32,2746,1,11,418,Real Madrid,3742,50000000.0,50000000.0,1.0,1.0,1.0,same_club
2379,João Cancelo,ESP,2015-16,Valencia,D F M S,28,2118,1,1,4,9,16,1.305,1.305,2.853,8.03,5.182,5,1,182712,João Cancelo,1994-05-27,21.26,182.0,right,Defender,Right-Back,Portugal,Portugal,28,2118,1,4,1049,Valencia CF,2867,5000000.0,10000000.0,1.0,1.0,1.0,same_club
2388,Zouhair Feddal,ESP,2015-16,Levante,D,28,2520,1,1,1,13,5,1.395,1.395,1.358,3.553,3.533,9,1,129386,Zouhair Feddal,1989-12-23,25.69,191.0,left,Defender,Centre-Back,Morocco,Morocco,28,2520,1,1,3368,Levante UD,2610,600000.0,1500000.0,1.0,1.0,1.0,same_club
2397,Beñat,ESP,2015-16,Athletic Club,M S,36,2900,1,1,5,29,63,1.299,1.299,4.663,10.498,9.474,8,0,40888,Beñat Etxebarria,1987-02-19,28.53,176.0,right,Midfield,Central Midfield,Spain,Spain,36,2899,1,5,621,Athletic Bilbao,4397,6000000.0,6000000.0,0.97,0.95,1.0,same_club
2403,Íñigo Lekue,ESP,2015-16,Athletic Club,D M S,20,1159,1,1,0,11,12,0.557,0.557,0.685,2.566,1.658,2,0,255501,Iñigo Lekue,1993-05-04,22.33,180.0,right,Defender,Right-Back,Spain,Spain,20,1158,1,1,621,Athletic Bilbao,2071,600000.0,2000000.0,1.0,1.0,0.999,same_club
2404,Elustondo,ESP,2015-16,Athletic Club,D M S,11,457,1,1,0,3,2,0.183,0.183,0.027,0.631,0.462,1,0,47647,Gorka Elustondo,1987-03-18,28.46,184.0,right,Midfield,Central Midfield,Spain,Spain,11,464,1,0,621,Athletic Bilbao,973,2000000.0,2000000.0,0.995,1.0,0.985,same_club
2406,Mikel Rico,ESP,2015-16,Athletic Club,M S,17,696,1,1,1,12,5,0.48,0.48,0.787,3.002,1.813,2,1,51474,Mikel Rico,1984-11-04,30.82,178.0,right,Midfield,Central Midfield,Spain,Spain,17,696,1,2,621,Athletic Bilbao,1313,8000000.0,5000000.0,1.0,1.0,1.0,same_club
2429,Hernán,ESP,2015-16,Las Palmas,D M S,18,928,1,1,0,9,2,0.365,0.365,0.044,2.705,2.634,4,0,176133,Hernán Santana,1990-08-26,25.02,180.0,right,Midfield,Central Midfield,Spain,Spain,18,928,1,0,472,UD Las Palmas,1108,1000000.0,1000000.0,0.97,0.95,1.0,same_club
2431,Abraham,ESP,2015-16,Espanyol,M S,20,1104,1,1,1,15,15,2.737,2.737,1.889,6.046,2.801,1,0,65243,Abraham González,1985-07-16,30.13,175.0,right,Midfield,Central Midfield,Spain,Spain,20,1101,1,1,714,RCD Espanyol Barcelona,1240,1200000.0,1000000.0,0.969,0.95,0.997,same_club
2432,Burgui,ESP,2015-16,Espanyol,F M S,26,969,1,1,3,30,17,2.818,2.074,3.534,5.57,1.557,0,0,246277,Burgui,1993-10-29,21.84,186.0,right,Attack,Left Winger,Spain,Spain,26,1003,1,3,714,RCD Espanyol Barcelona,1253,600000.0,800000.0,0.99,1.0,0.966,same_club
2435,Óscar Duarte,ESP,2015-16,Espanyol,D M S,14,1196,1,1,0,8,1,1.695,1.695,0.021,1.234,1.214,5,0,175323,Óscar Duarte,1989-06-03,26.25,186.0,right,Defender,Centre-Back,Costa Rica,Nicaragua,14,1196,1,0,714,RCD Espanyol Barcelona,2996,4000000.0,2000000.0,1.0,1.0,1.0,same_club
2441,Reyes,ESP,2015-16,Sevilla,M S,24,1187,1,1,1,21,32,1.874,1.874,3.777,7.511,3.777,6,0,7717,José Antonio Reyes,1983-09-01,32.0,176.0,left,Attack,Right Winger,Spain,Spain,24,1188,1,1,368,Sevilla FC,1900,3000000.0,2000000.0,1.0,1.0,0.999,same_club
2443,Michael Krohn-Dehli,ESP,2015-16,Sevilla,M S,27,1656,1,1,3,25,35,2.642,2.642,3.882,13.134,8.61,3,0,18006,Michael Krohn-Dehli,1983-06-06,32.24,171.0,both,Midfield,Central Midfield,Denmark,Denmark,27,1654,1,3,368,Sevilla FC,2871,3500000.0,3500000.0,1.0,1.0,0.999,same_club
2445,Heiko Westermann,ESP,2015-16,Real Betis,D,20,1632,1,1,0,15,2,1.59,1.59,0.07,2.098,1.62,3,2,1726,Heiko Westermann,1983-08-14,32.05,190.0,right,Defender,Centre-Back,Germany,Germany,20,1634,1,0,150,Real Betis Balompié,1634,1500000.0,1500000.0,1.0,1.0,0.999,same_club
2452,De Marcos,ESP,2015-16,Athletic Club,D M S,34,2886,1,1,3,13,24,0.718,0.718,1.774,7.623,6.195,6,0,96718,Óscar de Marcos,1989-04-14,26.38,182.0,right,Defender,Right-Back,Spain,Spain,34,2886,1,3,621,Athletic Bilbao,4484,5000000.0,8000000.0,1.0,1.0,1.0,same_club
2484,Iñigo Martínez,ESP,2015-16,Real Sociedad,D,30,2700,1,1,0,16,3,1.112,1.112,0.401,4.006,3.945,7,0,158863,Iñigo Martínez,1991-05-17,24.29,182.0,left,Defender,Centre-Back,Spain,Spain,30,2700,1,0,681,Real Sociedad,2790,12000000.0,15000000.0,1.0,1.0,1.0,same_club
2488,Raúl Baena,ESP,2015-16,Rayo Vallecano,M S,24,1838,1,1,1,10,11,1.407,1.407,0.657,2.39,0.989,10,1,74557,Raúl Baena,1989-03-02,26.5,181.0,right,Midfield,Central Midfield,Spain,Spain,24,1843,1,1,367,Rayo Vallecano,2023,2500000.0,3000000.0,0.999,1.0,0.997,same_club
2495,Mateo Musacchio,ESP,2015-16,Villarreal,D S,13,1008,1,1,0,2,2,0.602,0.602,0.066,0.924,0.895,1,0,45653,Mateo Musacchio,1990-08-26,25.02,182.0,right,Defender,Centre-Back,Argentina,Argentina,13,1009,1,0,1050,Villarreal CF,1642,9000000.0,9000000.0,1.0,1.0,0.999,same_club
2497,Dani Ndi,ESP,2015-16,Sporting Gijon,M S,15,749,1,1,0,13,7,1.984,1.984,0.17,3.025,1.169,2,0,322917,Dani Ndi,1995-08-18,20.04,179.0,right,Midfield,Attacking Midfield,Cameroon,Cameroon,15,752,1,0,2448,Sporting Gijón,752,500000.0,600000.0,0.999,1.0,0.996,same_club
2502,Claudio Beauvue,ESP,2015-16,Celta Vigo,F M S,10,502,1,1,0,11,5,1.175,1.175,0.453,1.55,0.136,1,0,58818,Claudio Beauvue,1988-04-16,27.38,175.0,right,Attack,Centre-Forward,Guadeloupe,Guadeloupe,10,504,1,0,940,Celta de Vigo,2111,5000000.0,5000000.0,0.999,1.0,0.996,same_club
2502,Claudio Beauvue,ESP,2015-16,Celta Vigo,F M S,10,502,1,1,0,11,5,1.175,1.175,0.453,1.55,0.136,1,0,58818,Claudio Beauvue,1988-04-16,27.38,175.0,right,Attack,Centre-Forward,Guadeloupe,Guadeloupe,10,504,1,0,940,Celta de Vigo,2111,5000000.0,5000000.0,0.999,1.0,0.996,same_club
2509,Dimitri Foulquier,ESP,2015-16,Granada,D M S,21,1520,1,1,1,6,11,0.624,0.624,0.774,2.524,1.459,5,0,170472,Dimitri Foulquier,1993-03-23,22.44,183.0,right,Defender,Right-Back,Guadeloupe,France,21,1525,1,1,16795,Granada CF,1652,2500000.0,2500000.0,0.999,1.0,0.997,same_club
2525,Juankar,ESP,2015-16,Malaga,D M S,19,1247,1,1,2,15,15,1.754,1.754,1.243,4.032,2.091,1,0,126625,Juankar,1990-03-30,25.42,179.0,left,Defender,Left-Back,Spain,Spain,19,1248,1,2,1084,Málaga CF,1277,1500000.0,1800000.0,1.0,1.0,0.999,same_club
2538,Zakaria Bakkali,ESP,2015-16,Valencia,F M S,16,552,1,1,3,13,12,0.718,0.718,2.337,4.444,1.887,1,0,203378,Zakaria Bakkali,1996-01-26,19.6,170.0,right,Attack,Left Winger,Belgium,Belgium,16,561,1,3,1049,Valencia CF,697,2000000.0,4000000.0,0.995,1.0,0.984,same_club
2539,Jaume Costa,ESP,2015-16,Villarreal,D S,18,1542,1,1,1,4,6,0.457,0.457,0.439,1.568,0.78,8,0,65318,Jaume Costa,1988-03-18,27.46,171.0,left,Defender,Left-Back,Spain,Spain,18,1537,1,1,1050,Villarreal CF,2189,4000000.0,6000000.0,0.999,1.0,0.997,same_club
2572,Alexis,ESP,2015-16,Getafe,D,15,1350,1,1,0,2,6,0.116,0.116,0.222,2.55,2.401,7,0,7781,Alexis Ruano,1985-08-04,30.08,183.0,right,Defender,Centre-Back,Spain,Spain,15,1350,1,0,3709,Getafe CF,2284,2000000.0,1500000.0,0.97,0.95,1.0,same_club
2588,Antolin Alcaraz,ESP,2015-16,Las Palmas,D,6,540,1,1,0,2,2,0.432,0.432,0.062,0.86,0.849,2,0,14259,Antolín Alcaraz,1982-07-30,33.09,187.0,right,Defender,Centre-Back,Paraguay,Paraguay,6,540,1,0,472,UD Las Palmas,573,1000000.0,1000000.0,1.0,1.0,1.0,same_club
2591,Mikel Arruabarrena,ESP,2015-16,Eibar,S,6,55,1,1,0,1,0,0.811,0.811,0.0,0.0,0.0,0,0,51559,Mikel Arruabarrena,1983-02-09,32.56,188.0,right,Attack,Second Striker,Spain,Spain,6,58,1,0,1533,SD Eibar,238,1500000.0,800000.0,0.99,1.0,0.967,same_club
2595,Adnane Tighadouini,ESP,2015-16,Malaga,F M S,10,386,1,1,0,15,5,0.845,0.845,0.319,1.09,0.382,0,0,185570,Adnane Tighadouini,1992-10-30,22.84,180.0,right,Attack,Left Winger,Morocco,Netherlands,10,387,1,0,1084,Málaga CF,706,1400000.0,1200000.0,0.999,1.0,0.997,same_club
2600,Fontàs,ESP,2015-16,Celta Vigo,D S,7,540,1,1,0,2,2,0.214,0.214,0.063,0.934,0.934,1,0,65237,Andreu Fontàs,1989-11-14,25.8,186.0,left,Defender,Centre-Back,Spain,Spain,7,540,1,0,940,Celta de Vigo,540,4000000.0,3500000.0,1.0,1.0,1.0,same_club
2604,Vincenzo Rennella,ESP,2015-16,Real Betis,F S,6,189,1,1,0,5,1,0.917,0.917,0.088,0.313,0.0,1,0,61401,Vincenzo Rennella,1988-10-08,26.9,188.0,left,Attack,Centre-Forward,Italy,France,6,191,1,0,150,Real Betis Balompié,191,1500000.0,1200000.0,0.997,1.0,0.99,same_club
177,Marcelo Díaz,ESP,2015-16,Celta Vigo,M S,14,984,0,0,1,12,2,0.414,0.414,0.342,5.096,4.549,3,0,83895,Marcelo Díaz,1986-12-30,28.67,167.0,right,Midfield,Defensive Midfield,Chile,Chile,14,983,0,1,940,Celta de Vigo,1638,2500000.0,2500000.0,1.0,1.0,0.999,same_club
177,Marcelo Díaz,ESP,2015-16,Celta Vigo,M S,14,984,0,0,1,12,2,0.414,0.414,0.342,5.096,4.549,3,0,83895,Marcelo Díaz,1986-12-30,28.67,167.0,right,Midfield,Defensive Midfield,Chile,Chile,14,983,0,1,940,Celta de Vigo,1638,2500000.0,2500000.0,0.995,1.0,0.985,same_club
575,Nordin Amrabat,ESP,2015-16,Malaga,F M,13,1019,0,0,1,26,17,2.069,1.326,2.583,4.524,1.083,5,1,55619,Nordin Amrabat,1987-03-31,28.42,178.0,right,Attack,Right Winger,Morocco,Netherlands,13,1011,0,1,1084,Málaga CF,1694,6000000.0,5000000.0,0.995,1.0,0.984,same_club
575,Nordin Amrabat,ESP,2015-16,Malaga,F M,13,1019,0,0,1,26,17,2.069,1.326,2.583,4.524,1.083,5,1,55619,Nordin Amrabat,1987-03-31,28.42,178.0,right,Attack,Right Winger,Morocco,Netherlands,13,1011,0,1,1084,Málaga CF,1694,6000000.0,5000000.0,0.998,1.0,0.992,same_club
949,Giedrius Arlauskis,ESP,2015-16,Espanyol,GK,3,226,0,0,0,0,0,0.0,0.0,0.0,0.027,0.027,0,0,69001,Giedrius Arlauskis,1987-12-01,27.75,191.0,left,Goalkeeper,Goalkeeper,Lithuania,UdSSR,3,225,0,0,714,RCD Espanyol Barcelona,248,2500000.0,1500000.0,0.997,1.0,0.989,same_club
949,Giedrius Arlauskis,ESP,2015-16,Espanyol,GK,3,226,0,0,0,0,0,0.0,0.0,0.0,0.027,0.027,0,0,69001,Giedrius Arlauskis,1987-12-01,27.75,191.0,left,Goalkeeper,Goalkeeper,Lithuania,UdSSR,3,225,0,0,714,RCD Espanyol Barcelona,248,2500000.0,1500000.0,0.999,1.0,0.996,same_club
962,José Ángel Crespo,ESP,2015-16,Rayo Vallecano,D,9,718,0,0,0,1,0,0.01,0.01,0.0,0.727,0.717,4,0,37397,José Crespo,1987-02-09,28.56,185.0,right,Defender,Centre-Back,Spain,Spain,9,719,0,0,367,Rayo Vallecano,809,800000.0,700000.0,0.97,0.95,1.0,same_club
962,José Ángel Crespo,ESP,2015-16,Rayo Vallecano,D,9,718,0,0,0,1,0,0.01,0.01,0.0,0.727,0.717,4,0,37397,José Crespo,1987-02-09,28.56,185.0,right,Defender,Centre-Back,Spain,Spain,9,719,0,0,367,Rayo Vallecano,809,800000.0,700000.0,0.97,0.95,0.999,same_club
1000,Federico Fazio,ESP,2015-16,Sevilla,D,4,294,0,0,0,1,1,0.019,0.019,0.069,0.167,0.167,0,1,45314,Federico Fazio,1987-03-17,28.46,195.0,right,Defender,Centre-Back,Argentina,Argentina,4,295,0,0,368,Sevilla FC,463,8000000.0,8000000.0,0.999,1.0,0.997,same_club
1108,Lucas Orban,ESP,2015-16,"Levante,Valencia",D S,10,793,0,0,0,0,0,0.0,0.0,0.0,1.772,1.772,5,1,110309,Lucas Orbán,1989-02-03,26.57,179.0,left,Defender,Centre-Back,Argentina,Argentina,10,795,0,0,"1049,3368","Valencia CF,Levante UD",1245,5000000.0,3000000.0,0.999,1.0,0.997,same_club
1145,Rodrigo de Paul,ESP,2015-16,Valencia,F M S,9,523,0,0,0,10,16,0.722,0.722,1.049,2.458,0.95,3,0,255901,Rodrigo De Paul,1994-05-24,21.27,178.0,right,Midfield,Central Midfield,Argentina,Argentina,9,523,0,0,1049,Valencia CF,732,5000000.0,4500000.0,1.0,1.0,1.0,same_club
1164,Cristiano Biraghi,ESP,2015-16,Granada,D,32,2828,0,0,1,11,16,0.2,0.2,0.689,3.286,2.879,8,1,124555,Cristiano Biraghi,1992-09-01,23.0,185.0,left,Defender,Left-Back,Italy,Italy,32,2823,0,1,16795,Granada CF,2887,2000000.0,2500000.0,0.999,1.0,0.998,same_club
1288,Dani Alves,ESP,2015-16,Barcelona,D S,29,2148,0,0,4,16,21,0.885,0.885,3.358,20.144,17.288,6,0,15951,Dani Alves,1983-05-06,32.32,172.0,right,Defender,Right-Back,Brazil,Brazil,29,2149,0,4,131,FC Barcelona,3825,10000000.0,9000000.0,1.0,1.0,1.0,same_club
1436,Sebastián Cristóforo,ESP,2015-16,Sevilla,M S,21,1456,0,0,1,3,6,0.109,0.109,0.15,5.888,5.683,5,0,188157,Sebastián Cristóforo,1993-08-23,22.02,175.0,right,Midfield,Central Midfield,Uruguay,Uruguay,21,1449,0,0,368,Sevilla FC,2211,1000000.0,1500000.0,0.999,1.0,0.995,same_club
1445,Simone Verdi,ESP,2015-16,Eibar,M S,9,287,0,0,0,6,7,0.239,0.239,1.231,1.996,1.064,2,0,130360,Simone Verdi,1992-07-12,23.14,174.0,both,Midfield,Attacking Midfield,Italy,Italy,9,289,0,0,1533,SD Eibar,874,3000000.0,2000000.0,0.998,1.0,0.993,same_club
1445,Simone Verdi,ESP,2015-16,Eibar,M S,9,287,0,0,0,6,7,0.239,0.239,1.231,1.996,1.064,2,0,130360,Simone Verdi,1992-07-12,23.14,174.0,both,Midfield,Attacking Midfield,Italy,Italy,9,289,0,0,1533,SD Eibar,874,3000000.0,2000000.0,1.0,1.0,1.0,same_club
1680,Luis Hernández,ESP,2015-16,Sporting Gijon,D,36,3224,0,0,0,9,16,0.931,0.931,0.764,4.335,3.85,4,1,62945,Luis Hernández,1989-04-14,26.38,182.0,right,Defender,Centre-Back,Spain,Spain,36,3224,0,0,2448,Sporting Gijón,3314,1800000.0,2500000.0,1.0,1.0,1.0,same_club
1704,Álvaro Arbeloa,ESP,2015-16,Real Madrid,D S,6,257,0,0,0,0,1,0.0,0.0,0.055,1.186,1.131,1,0,28260,Álvaro Arbeloa,1983-01-17,32.62,184.0,right,Defender,Right-Back,Spain,Spain,6,259,0,0,418,Real Madrid,529,4000000.0,2000000.0,0.998,1.0,0.992,same_club
1706,Antonio Barragán,ESP,2015-16,Valencia,D S,24,1666,0,0,0,0,7,0.0,0.0,0.344,2.829,2.722,5,1,32522,Antonio Barragán,1987-06-12,28.22,186.0,right,Defender,Right-Back,Spain,Spain,24,1660,0,0,1049,Valencia CF,2546,5000000.0,4000000.0,0.999,1.0,0.996,same_club
1726,Abdoulaye Doucouré,ESP,2015-16,Granada,M S,15,1158,0,0,2,10,11,0.81,0.81,1.029,4.118,3.14,5,0,127187,Abdoulaye Doucouré,1993-01-01,22.66,183.0,right,Midfield,Attacking Midfield,Mali,France,15,1157,0,2,16795,Granada CF,2103,4500000.0,6000000.0,1.0,1.0,0.999,same_club
1726,Abdoulaye Doucouré,ESP,2015-16,Granada,M S,15,1158,0,0,2,10,11,0.81,0.81,1.029,4.118,3.14,5,0,127187,Abdoulaye Doucouré,1993-01-01,22.66,183.0,right,Midfield,Attacking Midfield,Mali,France,15,1157,0,2,16795,Granada CF,2103,4500000.0,6000000.0,0.998,1.0,0.993,same_club
1731,Claudio Bravo,ESP,2015-16,Barcelona,GK,32,2879,0,0,0,0,0,0.0,0.0,0.0,9.27,9.27,0,0,40423,Claudio Bravo,1983-04-13,32.39,184.0,right,Goalkeeper,Goalkeeper,Chile,Chile,32,2878,0,0,131,FC Barcelona,3148,15000000.0,15000000.0,1.0,1.0,1.0,same_club
1739,Eric Bailly,ESP,2015-16,Villarreal,D,25,2029,0,0,0,4,2,0.225,0.225,0.576,3.83,3.287,9,1,286384,Eric Bailly,1994-04-12,21.39,187.0,right,Defender,Centre-Back,Cote d'Ivoire,Cote d'Ivoire,25,2023,0,0,1050,Villarreal CF,2909,3000000.0,8000000.0,0.999,1.0,0.997,same_club
1950,Martín Montoya,ESP,2015-16,Real Betis,D,13,1169,0,0,1,1,4,0.03,0.03,0.917,2.084,2.021,4,0,68645,Martín Montoya,1991-04-14,24.38,175.0,right,Defender,Right-Back,Spain,Spain,13,1167,0,1,150,Real Betis Balompié,1513,10000000.0,3000000.0,0.999,1.0,0.998,same_club
1950,Martín Montoya,ESP,2015-16,Real Betis,D,13,1169,0,0,1,1,4,0.03,0.03,0.917,2.084,2.021,4,0,68645,Martín Montoya,1991-04-14,24.38,175.0,right,Defender,Right-Back,Spain,Spain,13,1167,0,1,150,Real Betis Balompié,1513,10000000.0,3000000.0,0.999,1.0,0.996,same_club
1977,Manuel Iturra,ESP,2015-16,Rayo Vallecano,M S,6,384,0,0,0,0,2,0.0,0.0,0.03,0.85,0.821,2,1,40428,Manuel Iturra,1984-06-23,31.19,174.0,right,Midfield,Defensive Midfield,Chile,Chile,6,383,0,0,367,Rayo Vallecano,1547,4000000.0,2000000.0,0.999,1.0,0.997,same_club
1977,Manuel Iturra,ESP,2015-16,Rayo Vallecano,M S,6,384,0,0,0,0,2,0.0,0.0,0.03,0.85,0.821,2,1,40428,Manuel Iturra,1984-06-23,31.19,174.0,right,Midfield,Defensive Midfield,Chile,Chile,6,383,0,0,367,Rayo Vallecano,1547,4000000.0,2000000.0,0.997,1.0,0.989,same_club
2024,Diogo Figueiras,ESP,2015-16,Sevilla,D M,4,279,0,0,0,2,3,0.051,0.051,0.105,0.582,0.49,2,0,172181,Diogo Figueiras,1991-07-01,24.17,169.0,right,Defender,Right-Back,Portugal,Portugal,4,278,0,0,368,Sevilla FC,925,3500000.0,3000000.0,0.999,1.0,0.996,same_club
2024,Diogo Figueiras,ESP,2015-16,Sevilla,D M,4,279,0,0,0,2,3,0.051,0.051,0.105,0.582,0.49,2,0,172181,Diogo Figueiras,1991-07-01,24.17,169.0,right,Defender,Right-Back,Portugal,Portugal,4,278,0,0,368,Sevilla FC,925,3500000.0,3000000.0,0.981,1.0,0.935,same_club
2061,Beto,ESP,2015-16,Sevilla,GK,4,360,0,0,0,0,0,0.0,0.0,0.0,0.686,0.686,1,0,35242,Beto,1982-05-01,33.34,182.0,right,Goalkeeper,Goalkeeper,Portugal,Portugal,4,360,0,0,368,Sevilla FC,480,3000000.0,2000000.0,1.0,1.0,1.0,same_club
2062,Nico Pareja,ESP,2015-16,Sevilla,D S,2,121,0,0,0,0,1,0.0,0.0,0.02,0.463,0.443,1,0,41281,Nicolás Pareja,1984-01-19,31.62,181.0,right,Defender,Centre-Back,Argentina,Argentina,2,123,0,0,368,Sevilla FC,123,3500000.0,2000000.0,0.965,0.95,0.984,same_club
2063,Timothée Kolodziejczak,ESP,2015-16,Sevilla,D S,29,2388,0,0,0,8,3,0.503,0.503,0.086,5.179,5.155,6,1,84085,Timothée Kolodziejczak,1991-10-01,23.92,183.0,left,Defender,Centre-Back,France,France,29,2384,0,0,368,Sevilla FC,4045,4000000.0,7000000.0,0.999,1.0,0.998,same_club
2066,Curro,ESP,2015-16,Sevilla,M S,4,299,0,0,1,3,4,0.166,0.166,0.613,1.988,1.245,3,0,208116,Curro Sánchez,1996-01-03,19.66,176.0,left,Attack,Right Winger,Spain,Spain,4,300,0,1,368,Sevilla FC,382,200000.0,200000.0,0.969,0.95,0.997,same_club
2070,Carlos Fernández,ESP,2015-16,Sevilla,S,1,26,0,0,0,0,1,0.0,0.0,0.033,0.095,0.062,0,0,216464,Carlos Fernández,1996-05-22,19.28,185.0,left,Attack,Centre-Forward,Spain,Spain,1,27,0,0,368,Sevilla FC,27,500000.0,500000.0,0.997,1.0,0.989,same_club
2072,Sergio Rico,ESP,2015-16,Sevilla,GK,34,3060,0,0,0,0,0,0.0,0.0,0.0,3.226,3.226,2,0,207302,Sergio Rico,1993-09-01,22.0,196.0,right,Goalkeeper,Goalkeeper,Spain,Spain,34,3060,0,0,368,Sevilla FC,4080,5000000.0,15000000.0,1.0,1.0,1.0,same_club
2075,Andrés Fernández,ESP,2015-16,Granada,GK,37,3330,0,0,0,0,2,0.0,0.0,0.077,1.166,1.143,6,1,57522,Andrés Fernández,1986-12-16,28.71,185.0,right,Goalkeeper,Goalkeeper,Spain,Spain,37,3330,0,0,16795,Granada CF,3330,2000000.0,1500000.0,1.0,1.0,1.0,same_club
2076,Miguel Lopes,ESP,2015-16,Granada,D S,26,1977,0,0,1,11,11,0.234,0.234,1.384,4.213,3.113,8,1,59248,Miguel Lopes,1986-12-19,28.7,183.0,right,Defender,Right-Back,Portugal,Portugal,26,1946,0,1,16795,Granada CF,2179,3000000.0,3000000.0,0.995,1.0,0.984,same_club
2080,Rubén Pérez,ESP,2015-16,Granada,M S,31,2486,0,0,2,17,23,0.945,0.945,1.383,4.354,2.564,17,0,113045,Rubén Pérez,1989-04-26,26.35,178.0,right,Midfield,Defensive Midfield,Spain,Spain,31,2485,0,2,16795,Granada CF,2509,2500000.0,2500000.0,1.0,1.0,1.0,same_club
2083,Rene Krhin,ESP,2015-16,Granada,M S,24,1429,0,0,0,8,5,0.635,0.635,0.141,2.218,2.062,3,0,73092,Rene Krhin,1990-05-21,25.28,189.0,right,Midfield,Defensive Midfield,Slovenia,Jugoslawien (SFR),24,1432,0,0,16795,Granada CF,1522,3000000.0,3000000.0,0.999,1.0,0.998,same_club
2085,Lombán,ESP,2015-16,Granada,D S,31,2625,0,0,0,13,5,0.776,0.776,0.195,2.857,2.812,6,0,63723,David Lombán,1987-06-05,28.24,185.0,right,Defender,Centre-Back,Spain,Spain,31,2625,0,0,16795,Granada CF,2715,3000000.0,3000000.0,1.0,1.0,1.0,same_club
2086,Jesús Fernández,ESP,2015-16,Granada,GK,1,90,0,0,0,0,1,0.0,0.0,0.014,0.357,0.343,0,0,91885,Jesús Fernández,1988-06-11,27.22,190.0,left,Goalkeeper,Goalkeeper,Spain,Spain,1,90,0,0,16795,Granada CF,90,1000000.0,800000.0,1.0,1.0,1.0,same_club
2087,David Barral,ESP,2015-16,Granada,F S,14,353,0,0,0,18,2,1.834,1.834,0.058,1.291,0.267,2,1,20346,David Barral,1983-05-10,32.31,180.0,right,Attack,Centre-Forward,Spain,Spain,14,361,0,1,16795,Granada CF,361,2000000.0,1200000.0,0.993,1.0,0.978,same_club
2089,Robert Ibáñez,ESP,2015-16,Granada,M S,18,695,0,0,1,10,8,0.418,0.418,0.72,1.812,0.88,4,0,242532,Rober Ibáñez,1993-03-22,22.44,175.0,right,Attack,Right Winger,Spain,Spain,18,692,0,1,16795,Granada CF,768,2500000.0,2000000.0,0.975,0.96,0.996,same_club
2090,Marc-André ter Stegen,ESP,2015-16,Barcelona,GK S,7,541,0,0,0,0,1,0.0,0.0,0.311,1.809,1.809,0,0,74857,Marc-André ter Stegen,1992-04-30,23.34,187.0,right,Goalkeeper,Goalkeeper,Germany,Germany,7,542,0,0,131,FC Barcelona,2312,18000000.0,15000000.0,0.999,1.0,0.998,same_club
2091,Javier Mascherano,ESP,2015-16,Barcelona,D M S,32,2696,0,0,0,3,10,0.433,0.433,1.634,19.569,19.378,9,1,19981,Javier Mascherano,1984-06-08,31.23,174.0,right,Midfield,Defensive Midfield,Argentina,Argentina,32,2694,0,0,131,FC Barcelona,4279,15000000.0,15000000.0,1.0,1.0,0.999,same_club
2093,Jordi Alba,ESP,2015-16,Barcelona,D S,31,2591,0,0,6,7,19,1.158,1.158,4.666,23.758,19.968,2,0,69751,Jordi Alba,1989-03-21,26.45,170.0,left,Defender,Left-Back,Spain,Spain,31,2591,0,8,131,FC Barcelona,3770,35000000.0,35000000.0,1.0,1.0,1.0,same_club
2095,Sergio Busquets,ESP,2015-16,Barcelona,M S,35,2914,0,0,4,6,19,0.214,0.214,3.51,24.989,23.069,6,0,65230,Sergio Busquets,1988-07-16,27.13,189.0,right,Midfield,Defensive Midfield,Spain,Spain,35,2909,0,4,131,FC Barcelona,4423,45000000.0,60000000.0,0.999,1.0,0.998,same_club
2101,Jeremy Mathieu,ESP,2015-16,Barcelona,D S,21,1263,0,0,2,7,4,0.414,0.414,1.205,7.608,6.352,2,0,5404,Jérémy Mathieu,1983-10-29,31.84,189.0,left,Defender,Left-Back,France,France,21,1262,0,2,131,FC Barcelona,2348,15000000.0,10000000.0,1.0,1.0,0.999,same_club
2103,Aleix Vidal,ESP,2015-16,Barcelona,D S,9,542,0,0,1,1,6,0.057,0.057,0.765,5.782,5.054,1,0,88490,Aleix Vidal,1989-08-21,26.03,177.0,right,Attack,Right Winger,Spain,Spain,9,541,0,1,131,FC Barcelona,858,10000000.0,10000000.0,0.999,1.0,0.998,same_club
2104,Sergi Roberto,ESP,2015-16,Barcelona,D F M S,31,1916,0,0,5,16,20,0.929,0.929,3.786,18.21,14.689,1,0,85370,Sergi Roberto,1992-02-07,23.56,178.0,right,Midfield,Central Midfield,Spain,Spain,31,1915,0,5,131,FC Barcelona,2828,8000000.0,20000000.0,1.0,1.0,0.999,same_club
2107,Pau López,ESP,2015-16,Espanyol,GK S,36,3194,0,0,0,0,0,0.0,0.0,0.0,1.335,1.335,4,0,286415,Pau López,1994-12-13,20.72,189.0,left,Goalkeeper,Goalkeeper,Spain,Spain,36,3195,0,0,714,RCD Espanyol Barcelona,3375,500000.0,1500000.0,1.0,1.0,1.0,same_club
2108,Javi López,ESP,2015-16,Espanyol,D M S,31,2420,0,0,2,3,7,0.062,0.062,0.946,5.233,4.69,11,0,72310,Javi López,1986-01-21,29.61,180.0,right,Defender,Right-Back,Spain,Spain,31,2433,0,1,714,RCD Espanyol Barcelona,2613,3000000.0,3000000.0,0.998,1.0,0.995,same_club
2110,Rubén Duarte,ESP,2015-16,Espanyol,D S,22,1863,0,0,1,11,11,0.478,0.478,1.364,6.113,5.347,5,0,177046,Rubén Duarte,1995-10-18,19.87,182.0,left,Defender,Centre-Back,Spain,Spain,22,1864,0,1,714,RCD Espanyol Barcelona,2134,2000000.0,2000000.0,1.0,1.0,0.999,same_club
2114,José Cañas,ESP,2015-16,Espanyol,M S,13,685,0,0,0,0,2,0.0,0.0,0.105,2.44,2.44,5,0,69609,José Alberto Cañas,1987-05-27,28.27,178.0,right,Midfield,Central Midfield,Spain,Spain,13,691,0,0,714,RCD Espanyol Barcelona,781,4500000.0,2000000.0,0.967,0.95,0.991,same_club
2118,Paco Montañés,ESP,2015-16,Espanyol,M S,7,269,0,0,0,4,3,0.38,0.38,0.416,0.836,0.127,1,0,40442,Paco Montañés,1986-10-08,28.9,172.0,right,Attack,Left Winger,Spain,Spain,7,273,0,0,714,RCD Espanyol Barcelona,398,1500000.0,1000000.0,0.996,1.0,0.985,same_club
2119,Rober Correa,ESP,2015-16,Espanyol,D S,7,473,0,0,0,0,0,0.0,0.0,0.0,0.248,0.248,2,1,223890,Rober Correa,1992-09-20,22.95,180.0,right,Defender,Right-Back,Spain,Spain,7,469,0,0,714,RCD Espanyol Barcelona,649,200000.0,200000.0,0.997,1.0,0.992,same_club
2124,Xabi Irureta,ESP,2015-16,Eibar,GK,4,360,0,0,0,0,0,0.0,0.0,0.0,0.0,0.0,0,0,89618,Xabi Irureta,1986-03-21,29.45,179.0,right,Goalkeeper,Goalkeeper,Spain,Spain,4,360,0,0,1533,SD Eibar,720,2000000.0,800000.0,1.0,1.0,1.0,same_club
2126,Mauro Dos Santos,ESP,2015-16,Eibar,D S,31,2681,0,0,1,12,5,0.471,0.471,0.934,2.824,2.324,7,0,55240,Mauro dos Santos,1989-07-07,26.15,188.0,right,Defender,Centre-Back,Argentina,Argentina,31,2682,0,1,1533,SD Eibar,2862,2500000.0,4000000.0,1.0,1.0,1.0,same_club
2127,Iván Ramis,ESP,2015-16,Eibar,D S,23,1792,0,0,1,8,4,0.959,0.959,1.376,1.996,1.996,7,1,26066,Iván Ramis,1984-10-25,30.85,189.0,right,Defender,Centre-Back,Spain,Spain,23,1795,0,1,1533,SD Eibar,1946,2000000.0,1500000.0,0.999,1.0,0.998,same_club
2128,David Juncà,ESP,2015-16,Eibar,D S,31,2334,0,0,4,9,21,0.326,0.326,3.118,5.609,3.081,8,0,164055,David Juncà,1993-11-16,21.79,178.0,left,Defender,Left-Back,Spain,Spain,31,2337,0,4,1533,SD Eibar,2500,600000.0,2500000.0,1.0,1.0,0.999,same_club
2129,Josip Radosevic,ESP,2015-16,Eibar,M S,8,406,0,0,0,1,1,0.013,0.013,0.098,0.325,0.312,1,1,160506,Josip Radosevic,1994-04-03,21.41,180.0,right,Midfield,Defensive Midfield,Croatia,Croatia,8,406,0,0,1533,SD Eibar,551,1700000.0,1000000.0,1.0,1.0,1.0,same_club
2130,Dani García,ESP,2015-16,Eibar,M,35,3062,0,0,0,20,13,1.16,0.416,0.497,6.782,6.352,15,0,178425,Dani García,1990-05-24,25.27,180.0,right,Midfield,Defensive Midfield,Spain,Spain,35,3011,0,0,1533,SD Eibar,3011,2000000.0,3000000.0,0.995,1.0,0.983,same_club
2132,Jota,ESP,2015-16,Eibar,M S,13,689,0,0,0,13,13,1.686,1.686,1.342,3.396,0.942,1,0,176591,Jota Peleteiro,1991-06-16,24.21,178.0,left,Attack,Right Winger,Spain,Spain,13,693,0,0,1533,SD Eibar,693,2000000.0,1500000.0,0.968,0.95,0.994,same_club
2136,Izet Hajrovic,ESP,2015-16,Eibar,M S,7,171,0,0,0,2,3,0.096,0.096,0.395,0.018,0.0,0,0,74996,Izet Hajrovic,1991-08-04,24.08,177.0,left,Attack,Right Winger,,,7,172,0,0,1533,SD Eibar,344,2500000.0,1500000.0,0.998,1.0,0.994,same_club
2137,Aleksandar Pantic,ESP,2015-16,Eibar,D S,20,1677,0,0,0,9,1,0.61,0.61,0.057,0.585,0.518,6,0,167093,Aleksandar Pantic,1992-04-11,23.39,188.0,right,Defender,Centre-Back,Serbia,Jugoslawien (SFR),20,1677,0,0,1533,SD Eibar,1886,2000000.0,2000000.0,1.0,1.0,1.0,same_club
2138,Asier Riesgo,ESP,2015-16,Eibar,GK,34,3060,0,0,0,0,0,0.0,0.0,0.0,1.595,1.595,1,0,23338,Asier Riesgo,1983-10-06,31.9,185.0,right,Goalkeeper,Goalkeeper,Spain,Spain,34,3060,0,0,1533,SD Eibar,3060,400000.0,800000.0,1.0,1.0,1.0,same_club
2139,Ion Ansotegi,ESP,2015-16,Eibar,D S,8,542,0,0,0,4,2,0.293,0.293,0.023,0.399,0.382,0,0,37892,Ion Ansotegi,1982-07-13,33.14,192.0,right,Defender,Centre-Back,Spain,Spain,8,542,0,0,1533,SD Eibar,722,2000000.0,500000.0,1.0,1.0,1.0,same_club
2140,Borja Ekiza,ESP,2015-16,Eibar,D S,4,192,0,0,0,0,0,0.0,0.0,0.0,0.342,0.342,1,0,89318,Borja Ekiza,1988-03-06,27.49,182.0,right,Defender,Centre-Back,Spain,Spain,4,234,0,0,1533,SD Eibar,504,800000.0,600000.0,0.946,1.0,0.821,same_club
2141,Antonio Adán,ESP,2015-16,Real Betis,GK,36,3213,0,0,0,0,2,0.0,0.0,0.059,0.899,0.841,6,0,44062,Antonio Adán,1987-05-13,28.3,190.0,left,Goalkeeper,Goalkeeper,Spain,Spain,36,3212,0,1,150,Real Betis Balompié,3302,2000000.0,3000000.0,1.0,1.0,1.0,same_club
2146,Xavi Torres,ESP,2015-16,Real Betis,M S,12,628,0,0,0,7,1,0.641,0.641,0.059,1.028,0.897,2,0,65301,Xavi Torres,1986-11-21,28.78,179.0,right,Midfield,Defensive Midfield,Spain,Spain,12,635,0,0,150,Real Betis Balompié,815,2500000.0,2000000.0,0.997,1.0,0.989,same_club
2149,Francisco Portillo,ESP,2015-16,Real Betis,M S,19,965,0,0,0,5,17,0.241,0.241,1.068,3.43,2.579,4,0,138803,Francisco Portillo,1990-06-13,25.22,169.0,right,Attack,Right Winger,Spain,Spain,19,963,0,0,150,Real Betis Balompié,1280,1500000.0,1500000.0,0.999,1.0,0.998,same_club
2151,Francisco Molinero,ESP,2015-16,Real Betis,D S,21,1192,0,0,1,5,7,0.301,0.301,0.964,1.489,0.303,5,0,27487,Francisco Molinero,1985-07-26,30.1,177.0,right,Defender,Right-Back,Spain,Spain,21,1192,0,1,150,Real Betis Balompié,1372,1500000.0,1500000.0,1.0,1.0,1.0,same_club
2152,Varela,ESP,2015-16,Real Betis,D S,14,908,0,0,1,6,9,0.258,0.258,0.709,0.908,0.386,3,0,212867,Fran Varela,1994-10-26,20.85,174.0,left,Defender,Left-Back,Spain,Spain,14,909,0,1,150,Real Betis Balompié,1089,1500000.0,1000000.0,1.0,1.0,0.999,same_club
2153,Rafael van der Vaart,ESP,2015-16,Real Betis,M S,7,176,0,0,0,6,2,0.353,0.353,0.074,0.942,0.646,0,0,4192,Rafael van der Vaart,1983-02-11,32.55,,,Midfield,Attacking Midfield,Netherlands,Netherlands,7,178,0,0,150,Real Betis Balompié,298,3000000.0,1000000.0,0.997,1.0,0.989,same_club
2154,Álvaro Vadillo,ESP,2015-16,Real Betis,M S,3,85,0,0,0,1,2,0.022,0.022,0.187,0.705,0.496,0,0,162074,Álvaro Vadillo,1994-09-12,20.97,180.0,right,Attack,Left Winger,Spain,Spain,3,129,0,0,150,Real Betis Balompié,251,2000000.0,1500000.0,0.898,1.0,0.659,same_club
2156,Dani Giménez,ESP,2015-16,Real Betis,GK S,3,207,0,0,0,0,0,0.0,0.0,0.0,0.03,0.03,0,0,71801,Dani Giménez,1983-07-30,32.09,185.0,right,Goalkeeper,Goalkeeper,Spain,Spain,3,208,0,0,150,Real Betis Balompié,478,400000.0,400000.0,0.999,1.0,0.995,same_club
2157,Yoel,ESP,2015-16,Rayo Vallecano,GK,9,810,0,0,0,0,1,0.0,0.0,0.024,0.229,0.205,1,0,58115,Yoel Rodríguez,1988-08-28,27.01,184.0,right,Goalkeeper,Goalkeeper,Spain,Spain,9,810,0,0,367,Rayo Vallecano,900,2500000.0,1500000.0,0.97,0.95,1.0,same_club
2158,Quini,ESP,2015-16,Rayo Vallecano,D S,27,2052,0,0,1,18,8,0.925,0.925,1.535,5.076,3.21,7,0,223053,Quini,1989-09-24,25.94,178.0,right,Defender,Right-Back,Spain,Spain,27,2048,0,1,367,Rayo Vallecano,2342,1000000.0,1200000.0,0.999,1.0,0.998,same_club
2161,Nacho,ESP,2015-16,Rayo Vallecano,D,22,1717,0,0,0,15,11,0.488,0.488,0.69,4.057,3.164,7,0,127554,Nacho Martínez,1989-03-07,26.49,174.0,left,Defender,Left-Back,Spain,Spain,22,1710,0,0,367,Rayo Vallecano,1890,1000000.0,2000000.0,0.969,0.95,0.996,same_club
2169,Razvan Rat,ESP,2015-16,Rayo Vallecano,D S,10,733,0,0,0,8,11,0.227,0.227,0.947,1.978,1.363,3,0,14940,Razvan Rat,1981-05-26,34.27,179.0,left,Defender,Left-Back,Romania,Romania,10,734,0,0,367,Rayo Vallecano,775,1000000.0,500000.0,1.0,1.0,0.999,same_club
2172,Juan Carlos,ESP,2015-16,Rayo Vallecano,GK S,21,1800,0,0,0,0,1,0.0,0.0,0.064,1.666,1.602,1,0,120705,Juan Carlos,1988-01-20,27.61,187.0,right,Goalkeeper,Goalkeeper,Spain,Spain,21,1802,0,0,367,Rayo Vallecano,2072,600000.0,800000.0,1.0,1.0,0.999,same_club
2173,Joni Montiel,ESP,2015-16,Rayo Vallecano,M S,8,205,0,0,0,2,2,0.062,0.062,0.083,0.972,0.827,0,0,343273,Joni Montiel,1998-09-03,16.99,173.0,left,Midfield,Attacking Midfield,Spain,Spain,8,207,0,0,367,Rayo Vallecano,281,,500000.0,0.997,1.0,0.99,same_club
2174,Diego Mariño,ESP,2015-16,Levante,GK,23,2070,0,0,0,0,1,0.0,0.0,0.009,0.889,0.88,1,0,59349,Diego Mariño,1990-05-09,25.31,185.0,right,Goalkeeper,Goalkeeper,Spain,Spain,23,2070,0,0,3368,Levante UD,2250,2500000.0,1500000.0,1.0,1.0,1.0,same_club
2175,Iván López,ESP,2015-16,Levante,D S,13,960,0,0,0,6,4,0.12,0.12,0.112,1.073,0.904,3,0,203778,Iván López,1993-08-23,22.02,175.0,right,Defender,Right-Back,Spain,Spain,13,958,0,0,3368,Levante UD,1048,1500000.0,1200000.0,0.999,1.0,0.998,same_club
2177,David Navarro,ESP,2015-16,Levante,D,20,1694,0,0,0,7,1,0.424,0.424,0.036,1.043,0.913,3,1,7568,David Navarro,1980-05-25,35.27,188.0,right,Defender,Centre-Back,Spain,Spain,20,1692,0,0,3368,Levante UD,1782,400000.0,300000.0,1.0,1.0,0.999,same_club
2178,Juanfran,ESP,2015-16,Levante,D S,20,1517,0,0,1,3,6,0.211,0.211,0.291,2.486,2.181,8,0,7542,Juanfran,1976-07-15,39.13,182.0,left,Defender,Left-Back,Spain,Spain,20,1516,0,1,3368,Levante UD,1692,100000.0,100000.0,1.0,1.0,0.999,same_club
2181,Jordi Xumetra,ESP,2015-16,Levante,F M S,13,529,0,0,0,8,2,0.821,0.821,0.136,1.301,0.356,5,0,73314,Jordi Xumetra,1985-10-24,29.85,177.0,right,Attack,Right Winger,Spain,Spain,13,523,0,0,3368,Levante UD,703,1500000.0,1200000.0,0.997,1.0,0.989,same_club
2187,Toño,ESP,2015-16,Levante,D S,27,2388,0,0,1,11,19,0.273,0.273,1.827,4.471,3.437,8,0,125931,Toño García,1989-11-07,25.82,180.0,left,Defender,Left-Back,Spain,Spain,27,2388,0,1,3368,Levante UD,2478,1500000.0,1500000.0,0.97,0.95,1.0,same_club
2188,Rubén Martínez,ESP,2015-16,Levante,GK,15,1350,0,0,0,0,0,0.0,0.0,0.0,0.424,0.424,4,0,8184,Rubén Martínez,1984-06-22,31.19,187.0,right,Goalkeeper,Goalkeeper,Spain,Spain,15,1350,0,0,3368,Levante UD,1350,2000000.0,1500000.0,1.0,1.0,1.0,same_club
2190,Vicente Guaita,ESP,2015-16,Getafe,GK,38,3420,0,0,0,0,2,0.0,0.0,0.086,2.786,2.699,2,0,64399,Vicente Guaita,1987-01-10,28.64,190.0,right,Goalkeeper,Goalkeeper,Spain,Spain,38,3420,0,0,3709,Getafe CF,3420,3000000.0,2000000.0,1.0,1.0,1.0,same_club
2192,Santiago Vergini,ESP,2015-16,Getafe,D S,26,2201,0,0,0,8,3,0.819,0.819,0.107,2.421,2.2,7,1,94783,Santiago Vergini,1988-08-03,27.08,191.0,right,Defender,Centre-Back,Argentina,Argentina,26,2203,0,0,3709,Getafe CF,2383,2500000.0,2500000.0,1.0,1.0,0.999,same_club
2194,Damián Suárez,ESP,2015-16,Getafe,D S,31,2636,0,0,3,9,31,0.238,0.238,2.646,7.947,6.152,7,1,76746,Damián Suárez,1988-04-27,27.35,173.0,right,Defender,Right-Back,Uruguay,Uruguay,31,2634,0,3,3709,Getafe CF,2769,3000000.0,2000000.0,1.0,1.0,0.999,same_club
2195,Mehdi Lacen,ESP,2015-16,Getafe,M,31,2668,0,0,0,13,10,0.298,0.298,0.378,6.973,6.501,8,0,35539,Mehdi Lacen,1984-05-15,31.3,176.0,left,Midfield,Defensive Midfield,Algeria,France,31,2667,0,0,3709,Getafe CF,2697,2000000.0,2500000.0,1.0,1.0,1.0,same_club
2201,Yoda,ESP,2015-16,Getafe,D M S,18,971,0,0,0,8,9,0.965,0.965,0.442,3.256,2.759,3,0,61464,Karim Yoda,1988-10-25,26.85,182.0,left,Attack,Right Winger,France,France,18,972,0,0,3709,Getafe CF,1139,2000000.0,1800000.0,1.0,1.0,0.999,same_club
2205,Juan Rodríguez,ESP,2015-16,Getafe,D M S,32,2520,0,0,1,22,7,1.216,1.216,0.56,5.665,4.947,11,0,15983,Juan Rodríguez,1982-04-01,33.42,185.0,right,Midfield,Defensive Midfield,Spain,Spain,32,2520,0,1,3709,Getafe CF,2692,1000000.0,800000.0,1.0,1.0,1.0,same_club
2206,Álvaro Pereira,ESP,2015-16,Getafe,D,6,412,0,0,0,2,3,0.029,0.029,0.232,0.618,0.492,2,1,54859,Álvaro Pereira,1985-11-28,29.76,180.0,left,Defender,Left-Back,Uruguay,Uruguay,6,412,0,0,3709,Getafe CF,412,2000000.0,2000000.0,1.0,1.0,1.0,same_club
2208,Iván Cuéllar,ESP,2015-16,Sporting Gijon,GK,32,2880,0,0,2,0,4,0.0,0.0,0.45,1.726,1.296,4,0,27493,Iván Cuéllar,1984-05-27,31.26,187.0,left,Goalkeeper,Goalkeeper,Spain,Spain,32,2880,0,2,2448,Sporting Gijón,2880,1500000.0,1500000.0,1.0,1.0,1.0,same_club
2209,Alberto Lora,ESP,2015-16,Sporting Gijon,D M S,31,2412,0,0,4,7,21,0.145,0.145,2.545,5.391,4.09,7,0,57816,Alberto Lora,1987-03-25,28.44,164.0,right,Midfield,Central Midfield,Spain,Spain,31,2411,0,4,2448,Sporting Gijón,2501,2200000.0,3000000.0,1.0,1.0,1.0,same_club
2210,Jorge Meré,ESP,2015-16,Sporting Gijon,D S,25,2175,0,0,0,8,1,0.773,0.773,0.026,3.431,3.274,6,0,286779,Jorge Meré,1997-04-17,18.37,182.0,right,Defender,Centre-Back,Spain,Spain,25,2173,0,0,2448,Sporting Gijón,2263,400000.0,2000000.0,1.0,1.0,0.999,same_club
2220,Rachid,ESP,2015-16,Sporting Gijon,M S,18,1054,0,0,2,6,12,0.318,0.318,1.96,2.608,0.923,2,0,246877,Rachid Aït-Atmane,1993-01-04,22.66,190.0,right,Midfield,Central Midfield,Algeria,France,18,1058,0,2,2448,Sporting Gijón,1238,300000.0,1000000.0,0.969,0.95,0.996,same_club
2221,Igor Lichnovsky,ESP,2015-16,Sporting Gijon,D,2,180,0,0,0,0,0,0.0,0.0,0.0,0.039,0.039,0,0,209513,Igor Lichnovsky,1994-03-07,21.49,187.0,right,Defender,Centre-Back,Chile,Chile,2,180,0,0,2448,Sporting Gijón,270,750000.0,700000.0,1.0,1.0,1.0,same_club
2222,Pablo Pérez,ESP,2015-16,Sporting Gijon,F M S,18,751,0,0,1,18,6,1.486,1.486,0.526,3.401,1.943,4,0,238717,Pablo Pérez,1993-08-02,22.08,187.0,right,Midfield,Attacking Midfield,Spain,Spain,18,746,0,1,2448,Sporting Gijón,896,800000.0,800000.0,0.998,1.0,0.993,same_club
2224,Alberto García,ESP,2015-16,Sporting Gijon,GK,6,540,0,0,0,0,0,0.0,0.0,0.0,0.917,0.917,0,0,58497,Alberto García,1985-02-09,30.56,182.0,right,Goalkeeper,Goalkeeper,Spain,Spain,6,540,0,0,2448,Sporting Gijón,720,300000.0,300000.0,1.0,1.0,1.0,same_club
2225,Gerónimo Rulli,ESP,2015-16,Real Sociedad,GK,36,3191,0,0,0,0,1,0.0,0.0,0.029,3.228,3.199,5,1,229604,Gerónimo Rulli,1992-05-20,23.28,189.0,right,Goalkeeper,Goalkeeper,Argentina,Argentina,36,3192,0,0,681,Real Sociedad,3193,5000000.0,6000000.0,1.0,1.0,1.0,same_club
2226,Zaldúa,ESP,2015-16,Real Sociedad,D S,13,918,0,0,0,2,4,0.043,0.043,0.218,0.825,0.647,5,0,197135,Joseba Zaldua,1992-06-24,23.19,174.0,right,Defender,Right-Back,Spain,Spain,13,919,0,0,681,Real Sociedad,919,2500000.0,2000000.0,1.0,1.0,0.999,same_club
2227,Mikel González,ESP,2015-16,Real Sociedad,D S,19,1550,0,0,0,5,1,0.24,0.24,0.101,2.103,2.001,1,0,35560,Mikel González,1985-09-24,29.94,190.0,right,Defender,Centre-Back,Spain,Spain,19,1567,0,0,681,Real Sociedad,1567,2000000.0,2000000.0,0.997,1.0,0.989,same_club
2229,Yuri,ESP,2015-16,Real Sociedad,D,21,1850,0,0,4,14,15,0.365,0.365,1.455,7.267,6.065,10,0,61812,Yuri Berchiche,1990-02-10,25.56,181.0,left,Defender,Left-Back,Spain,Spain,21,1851,0,4,681,Real Sociedad,1941,2500000.0,3000000.0,0.97,0.95,0.999,same_club
2237,Héctor,ESP,2015-16,Real Sociedad,D S,13,392,0,0,1,4,1,0.158,0.158,0.387,0.983,0.891,1,0,221986,Héctor Hernández,1991-05-23,24.28,171.0,left,Defender,Left-Back,Spain,Spain,13,396,0,1,681,Real Sociedad,424,400000.0,600000.0,0.967,0.95,0.99,same_club
2239,Alberto De la Bella,ESP,2015-16,Real Sociedad,D S,15,1248,0,0,2,4,11,0.15,0.15,1.306,2.379,1.773,5,0,73319,Alberto de la Bella,1985-12-02,29.75,182.0,left,Defender,Left-Back,Spain,Spain,15,1248,0,2,681,Real Sociedad,1338,3000000.0,1500000.0,1.0,1.0,1.0,same_club
2240,Esteban Granero,ESP,2015-16,Real Sociedad,M S,15,832,0,0,0,6,13,0.212,0.212,0.681,3.461,3.153,7,1,44065,Esteban Granero,1987-07-02,28.17,180.0,right,Midfield,Central Midfield,Spain,Spain,15,873,0,0,681,Real Sociedad,873,6000000.0,4000000.0,0.986,1.0,0.953,same_club
2241,Oier,ESP,2015-16,Real Sociedad,GK S,3,228,0,0,0,0,0,0.0,0.0,0.0,0.538,0.538,1,0,8176,Oier Olazábal,1989-09-14,25.96,189.0,left,Goalkeeper,Goalkeeper,Spain,Spain,3,227,0,0,681,Real Sociedad,406,1000000.0,1000000.0,0.969,0.95,0.996,same_club
2242,Rubén Pardo,ESP,2015-16,Real Sociedad,M S,28,1785,0,0,7,36,45,1.923,1.923,4.68,8.161,5.299,7,0,99352,Rubén Pardo,1992-10-22,22.86,182.0,right,Midfield,Central Midfield,Spain,Spain,28,1787,0,7,681,Real Sociedad,1967,6000000.0,10000000.0,1.0,1.0,0.999,same_club
2243,Keylor Navas,ESP,2015-16,Real Madrid,GK,34,3060,0,0,0,0,0,0.0,0.0,0.0,5.331,5.331,0,0,79422,Keylor Navas,1986-12-15,28.71,185.0,right,Goalkeeper,Goalkeeper,Costa Rica,Costa Rica,34,3060,0,0,418,Real Madrid,4080,8000000.0,18000000.0,1.0,1.0,1.0,same_club
2245,Raphael Varane,ESP,2015-16,Real Madrid,D S,26,2182,0,0,0,12,1,0.672,0.672,0.019,8.392,8.373,4,1,164770,Raphaël Varane,1993-04-25,22.35,191.0,right,Defender,Centre-Back,France,France,26,2182,0,0,418,Real Madrid,2620,25000000.0,30000000.0,1.0,1.0,1.0,same_club
2247,Nacho,ESP,2015-16,Real Madrid,D S,16,1150,0,0,0,5,3,0.477,0.477,0.179,8.079,7.661,5,0,58884,Nacho Fernández,1990-01-18,25.62,180.0,right,Defender,Centre-Back,Spain,Spain,16,1155,0,0,418,Real Madrid,1603,5000000.0,5000000.0,0.969,0.95,0.996,same_club
2252,Borja Mayoral,ESP,2015-16,Real Madrid,F S,6,283,0,0,0,3,1,0.209,0.209,0.028,1.269,1.032,0,0,298976,Borja Mayoral,1997-04-05,18.41,182.0,right,Attack,Centre-Forward,Spain,Spain,6,284,0,1,418,Real Madrid,284,,,0.999,1.0,0.996,same_club
2254,Mateo Kovacic,ESP,2015-16,Real Madrid,M S,25,1022,0,0,2,10,18,1.004,1.004,1.71,6.333,4.357,4,1,51471,Mateo Kovacic,1994-05-06,21.32,178.0,right,Midfield,Central Midfield,Croatia,Austria,25,1030,0,2,418,Real Madrid,1414,25000000.0,20000000.0,0.998,1.0,0.992,same_club
2259,Kiko Casilla,ESP,2015-16,Real Madrid,GK,4,360,0,0,0,0,0,0.0,0.0,0.0,2.167,2.167,0,0,27486,Kiko Casilla,1986-10-02,28.91,190.0,right,Goalkeeper,Goalkeeper,Spain,Spain,4,360,0,0,418,Real Madrid,630,7500000.0,6000000.0,1.0,1.0,1.0,same_club
2260,Daniel Carvajal,ESP,2015-16,Real Madrid,D S,22,1641,0,0,4,8,30,0.34,0.34,3.829,14.596,12.714,6,0,138927,Daniel Carvajal,1992-01-11,23.64,173.0,right,Defender,Right-Back,Spain,Spain,22,1635,0,4,418,Real Madrid,2317,25000000.0,25000000.0,0.999,1.0,0.996,same_club
2261,Jan Oblak,ESP,2015-16,Atletico Madrid,GK,38,3420,0,0,0,0,1,0.0,0.0,0.01,1.104,1.094,0,0,121483,Jan Oblak,1993-01-07,22.65,188.0,right,Goalkeeper,Goalkeeper,Slovenia,Slovenia,38,3420,0,1,13,Atlético de Madrid,4650,15000000.0,25000000.0,1.0,1.0,1.0,same_club
2263,Stefan Savic,ESP,2015-16,Atletico Madrid,D S,12,924,0,0,0,2,0,0.507,0.507,0.0,0.958,0.958,1,0,107010,Stefan Savic,1991-01-08,24.65,187.0,right,Defender,Centre-Back,Montenegro,Jugoslawien (SFR),12,925,0,0,13,Atlético de Madrid,1857,15000000.0,12000000.0,1.0,1.0,0.999,same_club
2276,Lucas Hernández,ESP,2015-16,Atletico Madrid,D S,10,835,0,0,0,0,3,0.0,0.0,0.174,0.733,0.583,0,0,281963,Lucas Hernández,1996-02-14,19.55,184.0,left,Defender,Left-Back,France,France,10,835,0,0,13,Atlético de Madrid,1237,1000000.0,5000000.0,1.0,1.0,1.0,same_club
2279,Sergio Álvarez,ESP,2015-16,Celta Vigo,GK S,31,2725,0,0,0,0,0,0.0,0.0,0.0,1.79,1.79,1,0,45912,Sergio Álvarez,1986-08-03,29.08,179.0,right,Goalkeeper,Goalkeeper,Spain,Spain,31,2725,0,0,940,Celta de Vigo,2770,4000000.0,3500000.0,1.0,1.0,1.0,same_club
2282,Sergi Gómez,ESP,2015-16,Celta Vigo,D M S,31,2614,0,0,1,2,3,0.098,0.098,0.345,4.061,3.737,6,0,92947,Sergi Gómez,1992-03-28,23.43,185.0,right,Defender,Centre-Back,Spain,Spain,31,2616,0,1,940,Celta de Vigo,3156,2000000.0,3000000.0,1.0,1.0,0.999,same_club
2283,Planas,ESP,2015-16,Celta Vigo,D S,26,1674,0,0,2,3,9,0.465,0.465,0.407,4.76,4.034,4,0,66099,Carles Planas,1991-03-04,24.5,175.0,left,Defender,Left-Back,Spain,Spain,26,1681,0,2,940,Celta de Vigo,2128,2000000.0,2000000.0,0.999,1.0,0.996,same_club
2289,Nemanja Radoja,ESP,2015-16,Celta Vigo,M S,30,1448,0,0,1,6,3,0.185,0.185,0.148,2.366,2.245,5,0,168959,Nemanja Radoja,1993-02-06,22.57,186.0,right,Midfield,Defensive Midfield,Serbia,Yugoslavia (Republic),30,1452,0,1,940,Celta de Vigo,1880,3500000.0,3500000.0,0.999,1.0,0.997,same_club
2291,Pape Cheikh,ESP,2015-16,Celta Vigo,S,6,57,0,0,0,0,0,0.0,0.0,0.0,0.398,0.398,0,0,336828,Pape Cheikh,1997-08-08,18.06,180.0,right,Midfield,Central Midfield,Senegal,Senegal,6,59,0,0,940,Celta de Vigo,226,,500000.0,0.993,1.0,0.978,same_club
2292,Dejan Drazic,ESP,2015-16,Celta Vigo,M S,6,103,0,0,0,1,0,0.059,0.059,0.0,0.615,0.557,1,0,291247,Dejan Drazic,1995-09-26,19.93,178.0,right,Attack,Left Winger,Serbia,Yugoslavia (Republic),6,101,0,0,940,Celta de Vigo,461,1000000.0,800000.0,0.994,1.0,0.981,same_club
2293,Rubén Blanco,ESP,2015-16,Celta Vigo,GK,8,692,0,0,0,0,0,0.0,0.0,0.0,0.452,0.452,1,1,199321,Rubén Blanco,1995-07-25,20.1,188.0,right,Goalkeeper,Goalkeeper,Spain,Spain,8,690,0,0,940,Celta de Vigo,1365,500000.0,1000000.0,0.999,1.0,0.997,same_club
2294,Señé,ESP,2015-16,Celta Vigo,F M S,8,382,0,0,1,2,1,0.128,0.128,0.652,2.345,2.217,1,0,161267,Josep Señé,1991-12-10,23.73,184.0,right,Midfield,Attacking Midfield,Spain,Spain,8,386,0,1,940,Celta de Vigo,703,400000.0,400000.0,0.997,1.0,0.99,same_club
2295,Mariano Barbosa,ESP,2015-16,Villarreal,GK,2,180,0,0,0,0,0,0.0,0.0,0.0,0.0,0.0,0,0,30749,Mariano Barbosa,1984-07-27,31.1,188.0,right,Goalkeeper,Goalkeeper,Argentina,Argentina,2,180,0,0,1050,Villarreal CF,1080,500000.0,800000.0,1.0,1.0,1.0,same_club
2297,Daniele Bonera,ESP,2015-16,Villarreal,D S,14,973,0,0,0,3,0,0.159,0.159,0.0,2.592,2.592,3,1,5856,Daniele Bonera,1981-05-31,34.25,183.0,right,Defender,Centre-Back,Italy,Italy,14,975,0,0,1050,Villarreal CF,1082,500000.0,500000.0,0.999,1.0,0.998,same_club
2298,Víctor Ruiz,ESP,2015-16,Villarreal,D S,35,2986,0,0,0,4,0,0.634,0.634,0.0,4.832,4.832,9,0,62920,Víctor Ruiz,1989-01-25,26.6,184.0,left,Defender,Centre-Back,Spain,Spain,35,2990,0,0,1050,Villarreal CF,4332,4000000.0,6000000.0,1.0,1.0,0.999,same_club
2299,Antonio Rukavina,ESP,2015-16,Villarreal,D M S,18,1344,0,0,0,2,4,0.036,0.036,0.566,2.489,1.943,5,0,27924,Antonio Rukavina,1984-01-26,31.6,177.0,right,Defender,Right-Back,Serbia,Jugoslawien (SFR),18,1345,0,0,1050,Villarreal CF,2502,2500000.0,2000000.0,1.0,1.0,0.999,same_club
2307,Jonathan dos Santos,ESP,2015-16,Villarreal,M S,26,1763,0,0,1,17,26,1.062,1.062,1.716,4.651,2.576,4,0,60445,Jonathan dos Santos,1990-04-26,25.35,172.0,right,Midfield,Defensive Midfield,Mexico,Mexico,26,1761,0,1,1050,Villarreal CF,2445,6000000.0,6000000.0,1.0,1.0,0.999,same_club
2309,Nahuel,ESP,2015-16,Villarreal,F M S,20,1004,0,0,1,10,13,1.266,1.266,1.504,2.99,0.936,4,0,263843,Matías Nahuel,1996-11-22,18.77,172.0,right,Attack,Left Winger,Spain,Argentina,20,1003,0,1,1050,Villarreal CF,1511,3000000.0,4000000.0,1.0,1.0,0.999,same_club
2310,Alphonse Areola,ESP,2015-16,Villarreal,GK,32,2880,0,0,0,0,0,0.0,0.0,0.0,1.602,1.602,1,0,120629,Alphonse Areola,1993-02-27,22.51,195.0,right,Goalkeeper,Goalkeeper,France,France,32,2880,0,0,1050,Villarreal CF,3330,4000000.0,7500000.0,1.0,1.0,1.0,same_club
2312,Manu,ESP,2015-16,Deportivo La Coruna,GK S,8,683,0,0,0,0,0,0.0,0.0,0.0,0.027,0.027,1,0,53293,Manu Fernández,1986-05-09,29.31,185.0,,Goalkeeper,Goalkeeper,Spain,Spain,8,682,0,0,897,Deportivo de La Coruña,1042,400000.0,400000.0,0.97,0.95,0.999,same_club
2313,Laure,ESP,2015-16,Deportivo La Coruna,D S,23,1542,0,0,0,1,6,0.052,0.052,0.951,3.304,2.515,6,0,57876,Laure,1985-03-22,30.44,171.0,right,Defender,Right-Back,Spain,Spain,23,1546,0,0,897,Deportivo de La Coruña,1816,2000000.0,2000000.0,0.999,1.0,0.997,same_club
2314,Sidnei,ESP,2015-16,Deportivo La Coruna,D,33,2901,0,0,0,6,5,0.493,0.493,0.416,3.684,3.555,2,0,27374,Sidnei,1989-08-23,26.02,184.0,right,Defender,Centre-Back,Brazil,Brazil,33,2897,0,0,897,Deportivo de La Coruña,2897,3000000.0,4000000.0,1.0,1.0,0.999,same_club
2320,Pedro Mosquera,ESP,2015-16,Deportivo La Coruna,M,37,3291,0,0,2,29,22,1.431,1.431,2.727,10.925,9.051,10,0,44069,Pedro Mosquera,1988-04-21,27.36,184.0,left,Midfield,Central Midfield,Spain,Spain,37,3288,0,2,897,Deportivo de La Coruña,3507,2500000.0,4000000.0,1.0,1.0,0.999,same_club
2321,Jonás Gutiérrez,ESP,2015-16,Deportivo La Coruna,M S,15,385,0,0,1,3,4,0.39,0.39,0.149,0.781,0.569,2,0,26443,Jonás Gutiérrez,1983-07-05,32.16,184.0,right,Midfield,Left Midfield,Argentina,Argentina,15,391,0,1,897,Deportivo de La Coruña,542,1500000.0,1500000.0,0.995,1.0,0.985,same_club
2322,Cani,ESP,2015-16,Deportivo La Coruna,M S,18,891,0,0,0,10,8,0.501,0.501,0.655,2.981,1.942,2,0,7983,Cani,1981-08-03,34.08,178.0,right,Midfield,Attacking Midfield,Spain,Spain,18,892,0,0,897,Deportivo de La Coruña,901,1500000.0,1000000.0,1.0,1.0,0.999,same_club
2324,Stipe Pletikosa,ESP,2015-16,Deportivo La Coruna,GK,2,180,0,0,0,0,0,0.0,0.0,0.0,0.077,0.077,0,0,14937,Stipe Pletikosa,1979-01-08,36.65,193.0,right,Goalkeeper,Goalkeeper,Croatia,Jugoslawien (SFR),2,180,0,0,897,Deportivo de La Coruña,180,750000.0,500000.0,1.0,1.0,1.0,same_club
2325,Manuel Pablo,ESP,2015-16,Deportivo La Coruna,D S,3,175,0,0,0,1,1,0.082,0.082,0.017,0.22,0.122,0,0,7492,Manuel Pablo,1976-01-25,39.6,177.0,right,Defender,Right-Back,Spain,Spain,3,175,0,0,897,Deportivo de La Coruña,335,100000.0,100000.0,1.0,1.0,1.0,same_club
2326,Rober,ESP,2015-16,Deportivo La Coruna,S,2,50,0,0,0,1,0,0.349,0.349,0.0,0.157,0.157,0,0,387129,Róber Pier,1995-02-16,20.54,182.0,right,Defender,Centre-Back,Spain,Spain,2,50,0,0,897,Deportivo de La Coruña,410,,,0.97,0.95,1.0,same_club
2327,Jonathan Rodríguez,ESP,2015-16,Deportivo La Coruna,F S,13,565,0,0,0,17,3,1.696,1.696,0.733,2.517,0.227,2,0,280795,Jonathan Rodríguez,1993-07-06,22.15,178.0,right,Attack,Centre-Forward,Uruguay,Uruguay,13,565,0,0,897,Deportivo de La Coruña,739,3000000.0,2500000.0,1.0,1.0,1.0,same_club
2329,Jesús Gámez,ESP,2015-16,Atletico Madrid,D S,10,722,0,0,0,2,5,0.074,0.074,0.164,1.225,1.079,3,0,29055,Jesús Gámez,1985-04-10,30.39,177.0,right,Defender,Right-Back,Spain,Spain,10,727,0,0,13,Atlético de Madrid,1267,4000000.0,3500000.0,0.998,1.0,0.993,same_club
2330,Guillermo Ochoa,ESP,2015-16,Malaga,GK S,11,954,0,0,0,0,0,0.0,0.0,0.0,0.611,0.611,0,0,29559,Guillermo Ochoa,1985-07-13,30.14,185.0,right,Goalkeeper,Goalkeeper,Mexico,Mexico,11,953,0,0,1084,Málaga CF,1133,5000000.0,3000000.0,1.0,1.0,0.999,same_club
2331,Roberto Rosales,ESP,2015-16,Malaga,D,35,3070,0,0,5,18,21,0.443,0.443,3.264,7.112,4.19,5,0,49500,Roberto Rosales,1988-11-20,26.78,174.0,right,Defender,Right-Back,Venezuela,Venezuela,35,3071,0,5,1084,Málaga CF,3161,4000000.0,4000000.0,1.0,1.0,1.0,same_club
2332,Weligton,ESP,2015-16,Malaga,D,30,2609,0,0,2,4,5,0.171,0.171,0.961,4.291,3.84,5,0,22550,Weligton,1979-08-26,36.02,186.0,left,Defender,Centre-Back,Brazil,Brazil,30,2608,0,2,1084,Málaga CF,2608,1000000.0,1000000.0,1.0,1.0,1.0,same_club
2334,Miguel Torres,ESP,2015-16,Malaga,D S,23,1960,0,0,2,1,7,0.012,0.012,0.391,2.3,1.955,9,0,45305,Miguel Torres,1986-01-28,29.59,184.0,right,Defender,Right-Back,Spain,Spain,23,1958,0,2,1084,Málaga CF,2048,1200000.0,1200000.0,1.0,1.0,0.999,same_club
2337,Recio,ESP,2015-16,Malaga,M S,33,2757,0,0,4,36,36,2.361,2.361,3.625,10.271,8.538,16,0,150948,Recio,1991-01-11,24.64,183.0,right,Midfield,Central Midfield,Spain,Spain,33,2750,0,5,1084,Málaga CF,2840,3000000.0,3500000.0,0.999,1.0,0.997,same_club
2338,Ricardo Horta,ESP,2015-16,Malaga,M S,17,780,0,0,0,18,8,1.534,1.534,0.261,3.548,2.012,2,0,261927,Ricardo Horta,1994-09-15,20.96,173.0,right,Attack,Left Winger,Portugal,Portugal,17,784,0,0,1084,Málaga CF,959,2500000.0,1500000.0,0.998,1.0,0.995,same_club
2348,Carlos Kameni,ESP,2015-16,Malaga,GK,28,2466,0,0,1,0,1,0.0,0.0,0.199,1.658,1.459,2,0,7914,Carlos Kameni,1984-02-18,31.53,186.0,right,Goalkeeper,Goalkeeper,Cameroon,Cameroon,28,2467,0,1,1084,Málaga CF,2467,5000000.0,5000000.0,1.0,1.0,1.0,same_club
2349,Ikechukwu Uche,ESP,2015-16,Malaga,F S,3,81,0,0,0,1,1,0.016,0.016,0.044,0.06,0.0,0,0,44027,Ikechukwu Uche,1984-01-05,31.66,174.0,right,Attack,Centre-Forward,Nigeria,Nigeria,3,80,0,0,1084,Málaga CF,80,3000000.0,2000000.0,0.997,1.0,0.989,same_club
2351,Raúl Lizoain,ESP,2015-16,Las Palmas,GK S,8,708,0,0,0,0,0,0.0,0.0,0.0,0.655,0.655,0,0,167228,Raúl Lizoain,1991-01-27,24.59,188.0,left,Goalkeeper,Goalkeeper,Spain,Spain,8,708,0,0,472,UD Las Palmas,1248,400000.0,400000.0,1.0,1.0,1.0,same_club
2354,Mauricio Lemos,ESP,2015-16,Las Palmas,D S,10,737,0,0,0,4,0,0.13,0.13,0.0,1.004,0.983,5,0,303140,Mauricio Lemos,1995-12-28,19.68,187.0,right,Defender,Centre-Back,Uruguay,Uruguay,10,736,0,0,472,UD Las Palmas,1278,750000.0,800000.0,1.0,1.0,0.999,same_club
2355,Dani Castellano,ESP,2015-16,Las Palmas,D S,27,2247,0,0,0,8,11,0.317,0.317,1.063,4.686,3.639,5,0,64363,Dani Castellano,1987-11-02,27.83,179.0,left,Defender,Left-Back,Spain,Spain,27,2248,0,0,472,UD Las Palmas,2457,400000.0,1200000.0,1.0,1.0,1.0,same_club
2360,Momo,ESP,2015-16,Las Palmas,F M S,23,1384,0,0,3,15,24,1.482,1.482,2.909,4.75,2.395,3,0,25319,Momo,1982-07-15,33.13,178.0,left,Attack,Left Winger,Spain,Spain,23,1387,0,3,472,UD Las Palmas,1725,500000.0,400000.0,0.999,1.0,0.998,same_club
2366,Javier Garrido,ESP,2015-16,Las Palmas,D,18,1576,0,0,1,1,5,0.026,0.026,0.219,3.183,2.994,2,0,23218,Javier Garrido,1985-03-15,30.46,179.0,left,Defender,Left-Back,Spain,Spain,18,1575,0,1,472,UD Las Palmas,1983,1500000.0,800000.0,1.0,1.0,0.999,same_club
2367,Javi Varas,ESP,2015-16,Las Palmas,GK,31,2710,0,0,0,0,0,0.0,0.0,0.0,3.055,3.055,1,1,58341,Javi Varas,1982-09-10,32.97,182.0,right,Goalkeeper,Goalkeeper,Spain,Spain,31,2711,0,0,472,UD Las Palmas,2711,800000.0,800000.0,1.0,1.0,1.0,same_club
2368,Montoro,ESP,2015-16,Las Palmas,M S,9,431,0,0,0,1,5,0.021,0.021,0.208,1.195,1.143,2,0,59551,Ángel Montoro,1988-06-25,27.18,180.0,right,Midfield,Central Midfield,Spain,Spain,9,433,0,0,472,UD Las Palmas,474,700000.0,800000.0,0.999,1.0,0.995,same_club
2373,Diego Alves,ESP,2015-16,Valencia,GK,13,1170,0,0,0,0,0,0.0,0.0,0.0,1.092,1.092,1,0,42373,Diego Alves,1985-06-24,30.19,187.0,left,Goalkeeper,Goalkeeper,Brazil,Brazil,13,1170,0,0,1049,Valencia CF,1170,8000000.0,6000000.0,1.0,1.0,1.0,same_club
2374,Aymen Abdennour,ESP,2015-16,Valencia,D,22,1853,0,0,0,6,4,0.653,0.653,0.17,2.626,2.513,4,0,108830,Aymen Abdennour,1989-08-06,26.07,187.0,left,Defender,Centre-Back,Tunisia,Tunisia,22,1852,0,0,1049,Valencia CF,2452,10000000.0,10000000.0,1.0,1.0,0.999,same_club
2375,Guilherme Siqueira,ESP,2015-16,"Atletico Madrid,Valencia",D,15,1186,0,0,0,5,2,0.266,0.266,0.065,2.494,2.244,2,0,44373,Guilherme Siqueira,1986-04-28,29.34,182.0,left,Defender,Left-Back,Brazil,Brazil,15,1187,0,0,"13,1049","Atlético de Madrid,Valencia CF",1772,10000000.0,4000000.0,1.0,1.0,0.999,same_club
2376,Enzo Pérez,ESP,2015-16,Valencia,M S,20,1272,0,0,0,6,9,0.177,0.177,0.346,3.714,3.43,10,0,56066,Enzo Pérez,1986-02-22,29.52,178.0,right,Midfield,Defensive Midfield,Argentina,Argentina,20,1264,0,0,1049,Valencia CF,1926,25000000.0,14000000.0,0.998,1.0,0.994,same_club
2377,Javi Fuego,ESP,2015-16,Valencia,M S,26,2046,0,0,0,5,10,0.156,0.156,0.767,6.25,5.433,10,1,56134,Javi Fuego,1984-01-04,31.66,182.0,right,Midfield,Defensive Midfield,Spain,Spain,26,2045,0,0,1049,Valencia CF,2871,7500000.0,5000000.0,1.0,1.0,1.0,same_club
2382,Pablo Piatti,ESP,2015-16,Valencia,F M S,21,787,0,0,0,10,10,1.694,1.694,0.571,3.363,1.562,3,0,56067,Pablo Piatti,1989-03-31,26.42,163.0,left,Attack,Left Winger,Argentina,Argentina,21,788,0,2,1049,Valencia CF,1762,8000000.0,7000000.0,1.0,1.0,0.999,same_club
2385,Mat Ryan,ESP,2015-16,Valencia,GK,8,720,0,0,0,0,0,0.0,0.0,0.0,0.848,0.848,0,0,128969,Mathew Ryan,1992-04-08,23.4,184.0,right,Goalkeeper,Goalkeeper,Australia,Australia,8,720,0,0,1049,Valencia CF,1890,7000000.0,6000000.0,0.97,0.95,1.0,same_club
2386,Rúben Vezo,ESP,2015-16,Valencia,D S,15,1083,0,0,0,3,3,0.189,0.189,0.72,2.952,2.952,2,0,257851,Rúben Vezo,1994-04-25,21.35,182.0,right,Defender,Centre-Back,Portugal,Portugal,15,1085,0,0,1049,Valencia CF,2110,2000000.0,2000000.0,0.999,1.0,0.998,same_club
2387,Danilo,ESP,2015-16,Valencia,M S,19,1368,0,0,0,15,8,1.004,1.004,0.335,3.246,2.636,4,0,273438,Danilo Barbosa,1996-02-28,19.51,183.0,right,Midfield,Defensive Midfield,Brazil,Brazil,19,1362,0,1,1049,Valencia CF,2211,7000000.0,7000000.0,0.969,0.95,0.996,same_club
2389,Mauricio Cuero,ESP,2015-16,Levante,F M S,13,482,0,0,1,11,7,0.712,0.712,1.657,2.666,0.421,1,0,211395,Mauricio Cuero,1993-01-28,22.59,178.0,right,Attack,Right Winger,Colombia,Colombia,13,480,0,1,3368,Levante UD,480,3500000.0,3500000.0,0.999,1.0,0.996,same_club
2391,José Mari,ESP,2015-16,Levante,M S,12,805,0,0,0,12,3,0.321,0.321,0.106,1.752,1.538,5,0,225462,José Mari,1987-12-06,27.74,182.0,right,Midfield,Defensive Midfield,Spain,Spain,12,799,0,0,3368,Levante UD,979,700000.0,700000.0,0.998,1.0,0.993,same_club
2392,Gorka Iraizoz,ESP,2015-16,Athletic Club,GK,37,3243,0,0,0,0,2,0.0,0.0,0.074,3.704,3.63,1,1,7874,Gorka Iraizoz,1981-03-06,34.49,191.0,right,Goalkeeper,Goalkeeper,Spain,Spain,37,3244,0,0,621,Athletic Bilbao,3424,2000000.0,1500000.0,1.0,1.0,1.0,same_club
2393,Eneko Bóveda,ESP,2015-16,Athletic Club,D S,23,1453,0,0,0,5,10,0.536,0.536,1.286,3.368,2.11,1,0,89313,Eneko Bóveda,1988-12-14,26.71,182.0,right,Defender,Centre-Back,Spain,Spain,23,1465,0,0,621,Athletic Bilbao,2364,2000000.0,2000000.0,0.998,1.0,0.992,same_club
2394,Etxeita,ESP,2015-16,Athletic Club,D S,30,2487,0,0,1,10,7,0.484,0.484,0.331,3.094,3.073,5,0,71559,Xabi Etxeita,1987-10-31,27.84,186.0,right,Defender,Centre-Back,Spain,Spain,30,2485,0,1,621,Athletic Bilbao,4023,3000000.0,3500000.0,1.0,1.0,0.999,same_club
2396,Balenziaga,ESP,2015-16,Athletic Club,D S,34,2911,0,0,3,8,24,0.158,0.158,1.945,5.589,4.268,6,0,85258,Mikel Balenziaga,1988-02-29,27.5,177.0,left,Defender,Left-Back,Spain,Spain,34,2906,0,3,621,Athletic Bilbao,4364,4000000.0,5000000.0,0.999,1.0,0.998,same_club
2398,Iturraspe,ESP,2015-16,Athletic Club,M S,16,694,0,0,1,4,5,0.133,0.133,0.592,1.182,1.088,1,0,71571,Ander Iturraspe,1989-03-08,26.48,187.0,right,Midfield,Defensive Midfield,Spain,Spain,16,697,0,1,621,Athletic Bilbao,1425,10000000.0,7500000.0,0.999,1.0,0.996,same_club
2402,Borja Viguera,ESP,2015-16,Athletic Club,F S,9,282,0,0,0,7,2,1.456,1.456,0.13,2.157,0.68,0,0,61344,Borja Viguera,1987-03-26,28.44,184.0,right,Attack,Centre-Forward,Spain,Spain,9,291,0,0,621,Athletic Bilbao,621,2000000.0,1500000.0,0.991,1.0,0.969,same_club
2407,Iago Herrerín,ESP,2015-16,Athletic Club,GK S,2,175,0,0,0,0,0,0.0,0.0,0.0,0.079,0.079,0,0,71570,Iago Herrerín,1988-01-25,27.6,187.0,right,Goalkeeper,Goalkeeper,Spain,Spain,2,174,0,0,621,Athletic Bilbao,2184,2000000.0,2000000.0,0.998,1.0,0.994,same_club
2408,Gurpegi,ESP,2015-16,Athletic Club,D S,15,1142,0,0,0,5,1,0.146,0.146,0.041,1.709,1.646,4,0,7631,Carlos Gurpegui,1980-08-19,35.03,181.0,right,Defender,Centre-Back,Spain,Spain,15,1142,0,0,621,Athletic Bilbao,1886,1000000.0,500000.0,0.96,0.933,1.0,same_club
2411,David Carmona,ESP,2015-16,Sevilla,D,1,90,0,0,0,1,0,0.011,0.011,0.0,0.048,0.037,0,0,251846,David Carmona,1997-01-11,18.64,176.0,right,Defender,Right-Back,Spain,Spain,1,90,0,0,368,Sevilla FC,90,,,1.0,1.0,1.0,same_club
2412,Adil Rami,ESP,2015-16,Sevilla,D,28,2430,0,0,1,12,4,1.675,1.675,0.408,4.682,4.66,7,1,51118,Adil Rami,1985-12-27,29.68,191.0,right,Defender,Centre-Back,France,France,28,2426,0,1,368,Sevilla FC,4124,4000000.0,7000000.0,1.0,1.0,0.998,same_club
2414,Grzegorz Krychowiak,ESP,2015-16,Sevilla,D M S,26,2269,0,0,0,20,6,1.587,1.587,0.21,8.164,7.809,6,0,45184,Grzegorz Krychowiak,1990-01-29,25.59,187.0,right,Midfield,Defensive Midfield,Poland,Poland,26,2270,0,2,368,Sevilla FC,3656,20000000.0,30000000.0,1.0,1.0,1.0,same_club
2417,Igor Zubeldia,ESP,2015-16,Real Sociedad,S,1,5,0,0,0,0,0,0.0,0.0,0.0,0.0,0.0,0,0,355628,Igor Zubeldia,1997-03-30,18.42,181.0,right,Defender,Centre-Back,Spain,Spain,1,6,0,0,681,Real Sociedad,6,,,0.997,1.0,0.989,same_club
2419,Cabral,ESP,2015-16,Celta Vigo,D,31,2675,0,0,0,6,5,0.254,0.254,0.211,10.461,10.139,9,2,30677,Gustavo Cabral,1985-10-14,29.88,184.0,right,Defender,Centre-Back,Argentina,Argentina,31,2677,0,0,940,Celta de Vigo,3172,3000000.0,3000000.0,1.0,1.0,0.999,same_club
2420,Salva Ruiz,ESP,2015-16,Granada,D S,2,74,0,0,0,0,0,0.0,0.0,0.0,0.0,0.0,0,1,162063,Salva Ruiz,1995-05-17,20.29,177.0,left,Defender,Left-Back,Spain,Spain,2,74,0,0,16795,Granada CF,193,300000.0,300000.0,1.0,1.0,1.0,same_club
2421,Doria,ESP,2015-16,Granada,D S,8,623,0,0,0,2,0,0.139,0.139,0.0,0.599,0.599,3,1,213841,Matheus Dória,1994-11-08,20.81,189.0,left,Defender,Centre-Back,Brazil,Brazil,8,623,0,0,16795,Granada CF,803,7500000.0,2000000.0,1.0,1.0,1.0,same_club
2422,Javi Márquez,ESP,2015-16,Granada,M S,19,1319,0,0,1,21,12,1.0,1.0,0.474,3.624,2.903,6,0,72315,Javi Márquez,1986-05-11,29.31,179.0,left,Midfield,Central Midfield,Spain,Spain,19,1335,0,1,16795,Granada CF,1443,2500000.0,2500000.0,0.996,1.0,0.988,same_club
2423,Matías Kranevitter,ESP,2015-16,Atletico Madrid,M S,8,322,0,0,0,1,0,0.021,0.021,0.0,0.189,0.168,1,0,240900,Matías Kranevitter,1993-05-21,22.28,179.0,right,Midfield,Defensive Midfield,Argentina,Argentina,8,327,0,0,13,Atlético de Madrid,715,7000000.0,6000000.0,0.995,1.0,0.985,same_club
2424,Óliver Torres,ESP,2015-16,Atletico Madrid,M S,21,814,0,0,2,9,17,0.314,0.314,1.705,3.614,2.496,2,0,214775,Óliver Torres,1994-11-10,20.81,175.0,right,Midfield,Central Midfield,Spain,Spain,21,815,0,2,13,Atlético de Madrid,1338,14000000.0,14000000.0,1.0,1.0,0.999,same_club
2426,Chechu Dorado,ESP,2015-16,Rayo Vallecano,D S,10,465,0,0,0,1,2,0.036,0.036,0.06,0.657,0.597,2,0,70898,Chechu Dorado,1982-07-10,33.14,181.0,left,Defender,Centre-Back,Spain,Spain,10,470,0,0,367,Rayo Vallecano,776,800000.0,800000.0,0.997,1.0,0.989,same_club
2428,Juan Carlos Valerón,ESP,2015-16,Las Palmas,M S,13,372,0,0,0,1,6,0.04,0.04,0.158,2.934,2.87,0,0,7501,Juan Carlos Valerón,1975-06-17,40.21,186.0,right,Midfield,Attacking Midfield,Spain,Spain,13,375,0,0,472,UD Las Palmas,825,100000.0,100000.0,0.998,1.0,0.992,same_club
2430,Álvaro González,ESP,2015-16,Espanyol,D,36,3227,0,0,1,16,13,1.398,1.398,0.917,5.236,4.708,10,0,183647,Álvaro González,1990-01-08,25.65,182.0,right,Defender,Centre-Back,Spain,Spain,36,3227,0,1,714,RCD Espanyol Barcelona,3407,4000000.0,4000000.0,1.0,1.0,1.0,same_club
2433,Mamadou Sylla,ESP,2015-16,Espanyol,F S,14,318,0,0,0,8,3,0.932,0.932,0.851,2.435,1.148,3,0,166683,Mamadou Sylla,1994-03-20,21.45,180.0,right,Attack,Centre-Forward,Senegal,Senegal,14,329,0,0,714,RCD Espanyol Barcelona,389,200000.0,200000.0,0.99,1.0,0.967,same_club
2434,Michael Ciani,ESP,2015-16,Espanyol,D,2,136,0,0,0,0,0,0.0,0.0,0.0,0.072,0.072,0,0,12906,Michaël Ciani,1984-04-06,31.4,189.0,right,Defender,Centre-Back,France,France,2,135,0,0,714,RCD Espanyol Barcelona,315,1500000.0,1000000.0,0.998,1.0,0.993,same_club
2436,Antonio Luna,ESP,2015-16,Eibar,D M S,15,999,0,0,1,2,5,0.1,0.1,0.61,1.778,1.179,2,0,126516,Antonio Luna,1991-03-17,24.46,178.0,left,Defender,Left-Back,Spain,Spain,15,1007,0,2,1533,SD Eibar,1204,700000.0,700000.0,0.998,1.0,0.992,same_club
2438,Egor Filipenko,ESP,2015-16,Malaga,D M S,8,564,0,0,0,8,0,0.331,0.331,0.0,0.447,0.372,1,0,53350,Egor Filipenko,1988-04-10,27.39,190.0,right,Defender,Centre-Back,Belarus,UdSSR,8,561,0,0,1084,Málaga CF,741,1500000.0,1000000.0,0.998,1.0,0.995,same_club
2439,Arthur Boka,ESP,2015-16,Malaga,D S,14,1051,0,0,0,7,6,0.569,0.569,0.291,3.513,2.978,3,1,13038,Arthur Boka,1983-04-02,32.42,166.0,left,Defender,Left-Back,Cote d'Ivoire,Cote d'Ivoire,14,1050,0,0,1084,Málaga CF,1230,2000000.0,1500000.0,1.0,1.0,0.999,same_club
2440,Mariano,ESP,2015-16,Sevilla,D S,23,1685,0,0,3,10,21,0.709,0.709,3.465,8.512,5.301,6,0,54155,Mariano,1986-06-23,29.19,177.0,right,Defender,Right-Back,Brazil,Brazil,23,1684,0,3,368,Sevilla FC,2614,4500000.0,7000000.0,1.0,1.0,0.999,same_club
2444,Bruno,ESP,2015-16,Real Betis,D,32,2806,0,0,0,17,1,1.123,1.123,0.224,3.429,3.143,9,0,188838,Bruno González,1990-05-24,25.27,184.0,right,Defender,Centre-Back,Spain,Spain,32,2807,0,0,150,Real Betis Balompié,2897,2000000.0,2500000.0,0.97,0.95,1.0,same_club
2446,Dani Ceballos,ESP,2015-16,Real Betis,F M S,34,2138,0,0,2,17,23,0.786,0.786,2.394,5.367,2.962,9,1,319745,Dani Ceballos,1996-08-07,19.07,179.0,right,Midfield,Central Midfield,Spain,Spain,34,2131,0,2,150,Real Betis Balompié,2232,2500000.0,5000000.0,0.999,1.0,0.997,same_club
2447,Fabián,ESP,2015-16,Real Betis,M S,12,433,0,0,1,4,6,0.127,0.127,0.281,0.674,0.318,0,0,350219,Fabián Ruiz,1996-04-03,19.41,188.0,left,Midfield,Central Midfield,Spain,Spain,12,431,0,1,150,Real Betis Balompié,476,,500000.0,0.969,0.95,0.995,same_club
2450,Wanderson,ESP,2015-16,Getafe,F M S,20,754,0,0,0,24,8,0.935,0.935,0.596,1.468,0.571,2,0,236202,Wanderson,1994-10-07,20.9,175.0,right,Attack,Left Winger,Brazil,Brazil,20,761,0,0,3709,Getafe CF,788,600000.0,500000.0,0.997,1.0,0.991,same_club
2451,Miguel Ángel,ESP,2015-16,Getafe,D S,3,202,0,0,0,0,0,0.0,0.0,0.0,0.485,0.485,1,0,,,,,,,,,,,,,,,,,,,,,,,
2454,Adriano,ESP,2015-16,Barcelona,D S,8,427,0,0,1,1,5,0.02,0.02,0.592,5.557,5.417,0,0,34495,Adriano,1984-10-26,30.85,172.0,both,Defender,Left-Back,Brazil,Brazil,8,433,0,1,131,FC Barcelona,1068,8000000.0,4000000.0,0.996,1.0,0.986,same_club
2455,Ognjen Vranjes,ESP,2015-16,Sporting Gijon,D S,11,918,0,0,0,0,1,0.0,0.0,0.021,0.83,0.809,6,1,94807,Ognjen Vranjes,1989-10-24,25.85,183.0,right,Defender,Centre-Back,Bosnia-Herzegovina,Jugoslawien (SFR),11,917,0,0,2448,Sporting Gijón,1977,700000.0,700000.0,1.0,1.0,0.999,same_club
2456,Omar Mascarell,ESP,2015-16,Sporting Gijon,M S,26,1768,0,0,1,11,10,0.259,0.259,0.547,3.068,2.503,5,0,142031,Omar Mascarell,1993-02-02,22.58,181.0,right,Midfield,Defensive Midfield,Equatorial Guinea,Spain,26,1769,0,1,2448,Sporting Gijón,1882,1000000.0,1500000.0,1.0,1.0,0.999,same_club
2457,Roberto Canella,ESP,2015-16,Sporting Gijon,D S,9,704,0,0,0,0,2,0.0,0.0,0.219,1.11,0.996,4,0,57785,Roberto Canella,1988-02-07,27.56,179.0,left,Defender,Left-Back,Spain,Spain,9,704,0,0,2448,Sporting Gijón,704,1500000.0,1200000.0,1.0,1.0,1.0,same_club
2459,Álex Barrera,ESP,2015-16,Sporting Gijon,S,5,53,0,0,0,2,0,0.098,0.098,0.0,0.1,0.1,0,0,175914,Álex Barrera,1991-05-12,24.31,190.0,right,Midfield,Central Midfield,Spain,Spain,4,44,0,0,2448,Sporting Gijón,104,1000000.0,800000.0,0.97,1.0,0.9,same_club
2460,Sergio Asenjo,ESP,2015-16,Villarreal,GK,4,360,0,0,0,0,0,0.0,0.0,0.0,0.343,0.343,1,0,51710,Sergio Asenjo,1989-06-28,26.18,189.0,right,Goalkeeper,Goalkeeper,Spain,Spain,4,360,0,0,1050,Villarreal CF,630,7000000.0,4000000.0,1.0,1.0,1.0,same_club
2461,Aythami,ESP,2015-16,Las Palmas,D S,31,2641,0,0,1,9,7,1.451,1.451,0.853,4.28,4.173,9,2,44735,Aythami Artiles,1986-04-02,29.42,185.0,right,Defender,Centre-Back,Spain,Spain,31,2644,0,1,472,UD Las Palmas,3025,1200000.0,1500000.0,0.97,0.95,0.999,same_club
2462,Ángel,ESP,2015-16,Las Palmas,S,3,28,0,0,0,0,0,0.0,0.0,0.0,0.101,0.101,0,0,15500,Ángel López,1981-03-10,34.48,180.0,right,Defender,Right-Back,Spain,Spain,3,31,0,0,472,UD Las Palmas,31,300000.0,100000.0,0.96,0.95,0.967,same_club
2463,Nauzet Alemán,ESP,2015-16,Las Palmas,M S,10,240,0,0,0,3,6,0.324,0.324,0.239,1.278,0.953,0,0,45775,Nauzet Alemán,1985-02-25,30.51,181.0,right,Attack,Right Winger,Spain,Spain,10,241,0,0,472,UD Las Palmas,343,1000000.0,500000.0,0.999,1.0,0.996,same_club
2464,Iñigo Barrenetxea,ESP,2015-16,Eibar,S,2,3,0,0,0,0,1,0.0,0.0,0.068,0.068,0.0,0,0,399273,Íñigo Barrenetxea,1994-01-10,21.64,179.0,,Midfield,Central Midfield,Spain,Spain,2,3,0,0,1533,SD Eibar,136,,,1.0,1.0,1.0,same_club
2465,Lillo,ESP,2015-16,Eibar,D S,10,549,0,0,0,4,3,0.537,0.537,0.139,1.241,0.705,4,1,62913,Lillo Castellano,1989-03-27,26.43,176.0,right,Defender,Right-Back,Spain,Spain,10,549,0,0,1533,SD Eibar,718,2000000.0,1500000.0,0.97,0.95,1.0,same_club
2467,Fernando Navarro,ESP,2015-16,Deportivo La Coruna,D,35,2966,0,0,2,1,12,0.02,0.02,1.534,7.543,6.126,5,0,7593,Fernando Navarro,1982-06-25,33.19,176.0,left,Defender,Left-Back,Spain,Spain,36,3052,0,2,897,Deportivo de La Coruña,3052,1500000.0,1000000.0,0.992,1.0,0.972,same_club
2469,Matos,ESP,2015-16,Sevilla,D,1,90,0,0,0,0,0,0.0,0.0,0.0,0.172,0.172,0,0,268957,José Matos,1995-05-06,20.32,168.0,left,Defender,Left-Back,Spain,Spain,1,90,0,0,368,Sevilla FC,90,,,1.0,1.0,1.0,same_club
2470,Cotán,ESP,2015-16,Sevilla,M,1,90,0,0,0,0,1,0.0,0.0,0.018,0.038,0.02,0,0,199330,Antonio Cotán,1995-09-19,19.95,175.0,right,Midfield,Central Midfield,Spain,Spain,1,90,0,0,368,Sevilla FC,90,,,1.0,1.0,1.0,same_club
2472,Bernard Mensah,ESP,2015-16,Getafe,S,8,49,0,0,0,2,0,0.023,0.023,0.0,0.042,0.019,0,0,324321,Bernard Mensah,1994-10-17,20.87,180.0,right,Midfield,Attacking Midfield,Ghana,Ghana,8,57,0,0,3709,Getafe CF,207,4000000.0,2000000.0,0.973,1.0,0.911,same_club
2474,Aderlan Santos,ESP,2015-16,Valencia,D,17,1520,0,0,0,7,1,0.955,0.955,0.033,1.692,1.635,0,1,159142,Aderllan Santos,1989-04-09,26.4,193.0,right,Defender,Centre-Back,Brazil,Brazil,17,1520,0,0,1049,Valencia CF,2600,7500000.0,7000000.0,0.979,0.966,1.0,same_club
2475,Jaume,ESP,2015-16,Valencia,GK,17,1530,0,0,0,0,1,0.0,0.0,0.015,0.805,0.789,0,0,227805,Jaume Doménech,1990-11-05,24.82,185.0,right,Goalkeeper,Goalkeeper,Spain,Spain,17,1530,0,0,1049,Valencia CF,2160,1000000.0,4000000.0,0.97,0.95,1.0,same_club
2476,Sito,ESP,2015-16,Valencia,S,1,52,0,0,0,0,0,0.0,0.0,0.0,0.0,0.0,0,0,320259,Sito,1996-11-18,18.78,180.0,left,Attack,Left Winger,Spain,Spain,1,51,0,0,1049,Valencia CF,51,,,0.997,1.0,0.989,same_club
2477,Tropi,ESP,2015-16,Valencia,S,1,1,0,0,0,0,0,0.0,0.0,0.0,0.0,0.0,0,0,320466,Tropi,1995-05-12,20.31,177.0,right,Midfield,Central Midfield,Spain,Spain,1,2,0,0,1049,Valencia CF,13,,,0.997,1.0,0.989,same_club
2481,Foued Kadir,ESP,2015-16,Real Betis,M S,8,485,0,0,0,10,8,0.389,0.389,1.131,1.592,0.87,1,0,57403,Foued Kadir,1983-12-05,31.74,180.0,right,Midfield,Attacking Midfield,Algeria,France,8,481,0,0,150,Real Betis Balompié,545,1200000.0,1000000.0,0.998,1.0,0.992,same_club
2482,Tomás Pina,ESP,2015-16,Villarreal,M S,27,1636,0,0,1,7,7,0.421,0.421,0.474,3.031,2.184,4,0,139895,Tomás Pina,1987-10-14,27.88,185.0,right,Midfield,Central Midfield,Spain,Spain,27,1633,0,1,1050,Villarreal CF,2277,3000000.0,3500000.0,0.999,1.0,0.998,same_club
2483,Adrián Marín,ESP,2015-16,Villarreal,D S,11,924,0,0,0,1,6,0.075,0.075,0.789,3.017,2.784,1,0,295414,Adrián Marín,1997-01-09,18.64,181.0,left,Defender,Left-Back,Spain,Spain,11,880,0,0,1050,Villarreal CF,1210,1000000.0,600000.0,0.986,1.0,0.952,same_club
2485,Ander Gayoso,ESP,2015-16,Eibar,S,1,4,0,0,0,0,0,0.0,0.0,0.0,0.031,0.031,0,0,333347,Ander Gayoso,1993-07-20,22.12,171.0,left,Defender,Left-Back,Spain,Spain,1,4,0,0,1533,SD Eibar,4,100000.0,100000.0,1.0,1.0,1.0,same_club
2486,Alberto Lopo,ESP,2015-16,Deportivo La Coruna,D S,10,735,0,0,0,4,1,0.502,0.502,0.019,1.847,1.346,5,0,7881,Alberto Lopo,1980-05-05,35.32,186.0,right,Defender,Centre-Back,Spain,Spain,10,738,0,0,897,Deportivo de La Coruña,1098,400000.0,200000.0,0.999,1.0,0.996,same_club
2489,Aras Özbiliz,ESP,2015-16,Rayo Vallecano,M S,3,98,0,0,1,1,2,0.045,0.045,0.069,0.28,0.167,1,0,124891,Aras Özbiliz,1990-03-09,25.48,175.0,left,Attack,Right Winger,Armenia,Turkey,3,97,0,1,367,Rayo Vallecano,461,3500000.0,2500000.0,0.997,1.0,0.99,same_club
2491,Ibai Gómez,ESP,2015-16,Athletic Club,M S,5,113,0,0,0,2,1,0.112,0.112,0.1,0.235,0.123,3,0,127837,Ibai Gómez,1989-11-11,25.8,178.0,right,Attack,Left Winger,Spain,Spain,5,111,0,0,621,Athletic Bilbao,339,3500000.0,2500000.0,0.995,1.0,0.982,same_club
2492,Sergi Samper,ESP,2015-16,Barcelona,S,1,29,0,0,0,0,0,0.0,0.0,0.0,0.072,0.072,0,0,181112,Sergi Samper,1995-01-20,20.61,181.0,right,Midfield,Defensive Midfield,Spain,Spain,1,30,0,0,131,FC Barcelona,444,5000000.0,5000000.0,0.997,1.0,0.989,same_club
2496,Rodri,ESP,2015-16,Villarreal,M S,3,96,0,0,0,2,1,0.141,0.141,0.076,0.657,0.623,1,0,357565,Rodri,1996-06-22,19.19,190.0,right,Midfield,Defensive Midfield,Spain,Spain,3,94,0,0,1050,Villarreal CF,331,,,0.994,1.0,0.979,same_club
2500,Luisinho,ESP,2015-16,Deportivo La Coruna,D M S,20,1088,0,0,0,8,5,0.3,0.3,0.598,3.604,2.789,5,1,56777,Luísinho,1985-05-05,30.32,171.0,left,Defender,Left-Back,Portugal,Portugal,20,1089,0,0,897,Deportivo de La Coruña,1334,2500000.0,2000000.0,1.0,1.0,0.999,same_club
2503,Germán Lux,ESP,2015-16,Deportivo La Coruna,GK,29,2557,0,0,0,0,1,0.0,0.0,0.019,1.626,1.607,5,1,19979,Germán Lux,1982-07-06,33.16,185.0,right,Goalkeeper,Goalkeeper,Argentina,Argentina,29,2558,0,0,897,Deportivo de La Coruña,2558,800000.0,1000000.0,1.0,1.0,1.0,same_club
2504,Douglas,ESP,2015-16,Barcelona,S,1,12,0,0,0,0,0,0.0,0.0,0.0,0.0,0.0,0,0,58426,Douglas,1990-08-06,25.07,171.0,right,Defender,Right-Back,Brazil,Brazil,1,12,0,0,131,FC Barcelona,116,2000000.0,1000000.0,1.0,1.0,1.0,same_club
2505,José Gayá,ESP,2015-16,Valencia,D S,20,1441,0,0,0,2,13,0.138,0.138,1.109,4.136,3.322,5,1,221322,José Gayà,1995-05-25,20.27,172.0,left,Defender,Left-Back,Spain,Spain,20,1441,0,0,1049,Valencia CF,2775,20000000.0,18000000.0,1.0,1.0,1.0,same_club
2506,Alende,ESP,2015-16,Celta Vigo,S,1,39,0,0,0,0,0,0.0,0.0,0.0,0.066,0.066,0,0,373683,Diego Alende,1997-08-25,18.02,183.0,,Defender,Centre-Back,Spain,Spain,1,39,0,0,940,Celta de Vigo,219,,,1.0,1.0,1.0,same_club
2507,Capilla,ESP,2015-16,Real Sociedad,S,1,7,0,0,0,1,0,0.02,0.02,0.0,0.149,0.13,0,0,289241,Eneko Capilla,1995-06-13,20.22,167.0,left,Midfield,Attacking Midfield,Spain,Spain,1,8,0,0,681,Real Sociedad,8,,,0.997,1.0,0.989,same_club
2508,Leandro Damião,ESP,2015-16,Real Betis,F S,3,129,0,0,0,6,4,0.994,0.994,0.157,1.512,0.36,0,0,139449,Leandro Damião,1989-07-22,26.11,188.0,right,Attack,Centre-Forward,Brazil,Brazil,3,129,0,0,150,Real Betis Balompié,129,10000000.0,3500000.0,1.0,1.0,1.0,same_club
2510,Benoît Trémoulinas,ESP,2015-16,Sevilla,D,24,2159,0,0,3,12,19,0.687,0.687,2.468,11.279,10.325,3,0,43264,Benoît Trémoulinas,1985-12-28,29.68,173.0,left,Defender,Left-Back,France,France,24,2158,0,3,368,Sevilla FC,3264,6000000.0,7000000.0,1.0,1.0,1.0,same_club
2512,Carlos Martínez,ESP,2015-16,Real Sociedad,D S,10,536,0,0,2,3,6,0.129,0.129,1.453,3.024,2.935,2,0,58074,Carlos Martínez,1986-04-09,29.4,189.0,right,Defender,Right-Back,Spain,Spain,10,538,0,2,681,Real Sociedad,718,2500000.0,1500000.0,0.999,1.0,0.996,same_club
2514,Roberto Lago,ESP,2015-16,Getafe,D,17,1372,0,0,2,4,11,0.159,0.159,1.835,2.445,1.032,6,0,17491,Roberto Lago,1985-08-30,30.0,178.0,left,Defender,Left-Back,Spain,Spain,17,1371,0,2,3709,Getafe CF,1371,1200000.0,1200000.0,1.0,1.0,0.999,same_club
2515,Nili Perdomo,ESP,2015-16,Las Palmas,F M S,8,318,0,0,0,4,8,0.221,0.221,0.419,0.78,0.251,0,0,282671,Nili Perdomo,1994-02-18,21.53,176.0,right,Midfield,Attacking Midfield,Spain,Spain,8,318,0,0,472,UD Las Palmas,652,,200000.0,1.0,1.0,1.0,same_club
2516,Ángel Trujillo,ESP,2015-16,Levante,D,8,667,0,0,0,2,0,0.028,0.028,0.0,0.259,0.231,0,0,101742,Ángel Trujillo,1987-09-08,27.98,177.0,right,Defender,Centre-Back,Spain,Spain,8,667,0,0,3368,Levante UD,667,3000000.0,1000000.0,1.0,1.0,1.0,same_club
2518,Marcos Llorente,ESP,2015-16,Real Madrid,S,2,22,0,0,0,0,1,0.0,0.0,0.038,0.038,0.0,0,0,282411,Marcos Llorente,1995-01-30,20.59,183.0,right,Defender,Right-Back,Spain,Spain,2,24,0,0,418,Real Madrid,114,200000.0,200000.0,0.993,1.0,0.978,same_club
2521,Alfonso,ESP,2015-16,Villarreal,M,2,109,0,0,0,1,1,0.024,0.024,0.024,0.048,0.0,0,0,356197,Alfonso Pedraza,1996-04-09,19.39,184.0,left,Defender,Left-Back,Spain,Spain,2,106,0,0,1050,Villarreal CF,107,,500000.0,0.962,0.95,0.972,same_club
2522,Henok Goitom,ESP,2015-16,Getafe,F S,2,123,0,0,0,4,2,0.196,0.196,0.042,0.189,0.029,0,0,6838,Henok Goitom,1984-09-22,30.94,189.0,right,Attack,Centre-Forward,Eritrea,Sweden,2,124,0,0,3709,Getafe CF,594,1000000.0,1200000.0,0.998,1.0,0.992,same_club
2527,Nacho Monsalve,ESP,2015-16,Atletico Madrid,D,1,90,0,0,0,0,1,0.0,0.0,0.055,0.0,0.0,0,0,281990,Nacho Monsalve,1994-04-27,21.35,188.0,both,Defender,Centre-Back,Spain,Spain,1,90,0,0,13,Atlético de Madrid,90,,,1.0,1.0,1.0,same_club
2529,Borja Fernández,ESP,2015-16,Celta Vigo,M S,4,132,0,0,0,0,1,0.0,0.0,0.011,0.011,0.0,0,0,271988,Borja Fernández,1995-08-16,20.04,178.0,right,Midfield,Central Midfield,Spain,Spain,4,131,0,0,940,Celta de Vigo,363,400000.0,400000.0,0.998,1.0,0.992,same_club
2530,Didier Digard,ESP,2015-16,Real Betis,M S,8,295,0,0,0,2,0,0.023,0.023,0.0,0.148,0.137,2,0,52345,Didier Digard,1986-07-12,29.14,183.0,right,Midfield,Defensive Midfield,France,France,8,296,0,0,150,Real Betis Balompié,446,3000000.0,2000000.0,0.999,1.0,0.997,same_club
2531,Wilfried Zahibo,ESP,2015-16,Valencia,M,2,137,0,0,0,0,1,0.0,0.0,0.016,0.034,0.018,1,0,198529,Wilfried Zahibo,1993-08-21,22.03,191.0,right,Midfield,Central Midfield,Central African Republic,France,2,136,0,0,1049,Valencia CF,510,200000.0,200000.0,0.998,1.0,0.993,same_club
2537,Sandro Ramírez,ESP,2015-16,Barcelona,F S,10,340,0,0,1,10,6,2.156,2.156,0.955,3.574,0.536,0,0,199369,Sandro Ramírez,1995-07-09,20.15,174.0,right,Attack,Centre-Forward,Spain,Spain,10,347,0,1,131,FC Barcelona,851,5000000.0,5000000.0,0.994,1.0,0.98,same_club
2540,Fernando Tissone,ESP,2015-16,Malaga,M,12,999,0,0,0,8,12,0.182,0.182,0.561,1.668,1.435,2,2,35871,Fernando Tissone,1986-07-24,29.11,182.0,right,Midfield,Defensive Midfield,Argentina,Argentina,12,997,0,0,1084,Málaga CF,1087,900000.0,1000000.0,0.999,1.0,0.998,same_club
2541,Imanol Corral,ESP,2015-16,Eibar,S,1,1,0,0,0,0,0,0.0,0.0,0.0,0.0,0.0,0,0,255493,Imanol Corral,1994-03-19,21.45,180.0,left,Defender,Left-Back,Spain,Spain,1,1,0,0,1533,SD Eibar,1,,,1.0,1.0,1.0,same_club
2542,Nabil Ghilas,ESP,2015-16,Levante,F S,20,1002,0,0,1,20,10,2.277,2.277,0.429,2.676,0.064,1,0,193515,Nabil Ghilas,1990-04-20,25.37,185.0,right,Attack,Centre-Forward,Algeria,France,20,1010,0,1,3368,Levante UD,1111,3500000.0,2000000.0,0.998,1.0,0.992,same_club
2544,David Goldar,ESP,2015-16,Celta Vigo,D,1,90,0,0,0,1,0,0.049,0.049,0.0,0.0,0.0,1,0,278357,David Goldar,1994-09-15,20.96,184.0,right,Defender,Centre-Back,Spain,Spain,1,90,0,0,940,Celta de Vigo,90,,,1.0,1.0,1.0,same_club
2545,Fuentes,ESP,2015-16,Espanyol,D S,10,761,0,0,0,1,2,0.014,0.014,0.042,0.527,0.472,2,0,126252,Juan Rafael Fuentes,1990-01-05,25.65,178.0,left,Defender,Left-Back,Spain,Spain,10,759,0,0,714,RCD Espanyol Barcelona,759,2500000.0,2000000.0,0.999,1.0,0.997,same_club
2546,Juan Domínguez,ESP,2015-16,Deportivo La Coruna,M S,5,182,0,0,0,3,2,0.156,0.156,0.078,0.731,0.575,0,0,72195,Juan Domínguez,1990-01-08,25.65,181.0,right,Midfield,Defensive Midfield,,,5,185,0,0,897,Deportivo de La Coruña,500,2500000.0,2000000.0,0.995,1.0,0.984,same_club
2549,Gaël Kakuta,ESP,2015-16,Sevilla,M S,2,46,0,0,0,0,0,0.0,0.0,0.0,0.062,0.062,1,0,74297,Gaël Kakuta,1991-06-21,24.2,174.0,left,Midfield,Attacking Midfield,DR Congo,France,2,48,0,0,368,Sevilla FC,185,3500000.0,2200000.0,0.993,1.0,0.978,same_club
2550,Nikos Karámpelas,ESP,2015-16,Levante,D,1,90,0,0,0,0,0,0.0,0.0,0.0,0.0,0.0,1,0,42935,Nikolaos Karabelas,1984-12-20,30.7,178.0,left,Defender,Left-Back,Greece,Greece,1,90,0,0,3368,Levante UD,141,500000.0,400000.0,0.928,0.88,1.0,same_club
2552,Juan Emmanuel Culio,ESP,2015-16,Las Palmas,M S,12,557,0,0,1,5,10,0.126,0.126,0.952,1.203,0.618,2,1,30846,Emmanuel Culio,1983-08-30,32.01,176.0,left,Midfield,Central Midfield,Argentina,Argentina,12,557,0,1,472,UD Las Palmas,1081,800000.0,500000.0,0.97,0.95,1.0,same_club
2553,Néstor,ESP,2015-16,Celta Vigo,S,1,2,0,0,0,0,0,0.0,0.0,0.0,0.0,0.0,0,0,223781,Néstor Díaz,1992-06-26,23.18,183.0,right,Goalkeeper,Goalkeeper,Spain,Spain,1,4,0,0,940,Celta de Vigo,4,,200000.0,0.963,0.95,0.978,same_club
2554,Thievy,ESP,2015-16,Granada,S,7,176,0,0,0,2,2,0.166,0.166,0.094,0.372,0.112,0,0,181477,Thievy Bifouma,1992-05-13,23.3,,right,Attack,Left Winger,Congo,France,7,181,0,0,16795,Granada CF,1153,2500000.0,2500000.0,0.962,0.95,0.972,same_club
2554,Thievy,ESP,2015-16,Granada,S,7,176,0,0,0,2,2,0.166,0.166,0.094,0.372,0.112,0,0,181477,Thievy Bifouma,1992-05-13,23.3,,right,Attack,Left Winger,Congo,France,7,181,0,0,16795,Granada CF,1153,2500000.0,2500000.0,0.969,0.95,0.996,same_club
2556,Marcos Angeleri,ESP,2015-16,Malaga,D,13,1111,0,0,0,3,2,0.209,0.209,0.059,1.244,1.185,3,0,27448,Marcos Angeleri,1983-04-07,32.4,183.0,right,Defender,Centre-Back,Argentina,Argentina,13,1112,0,0,1084,Málaga CF,1112,1500000.0,1000000.0,1.0,1.0,0.999,same_club
2558,Lass,ESP,2015-16,Rayo Vallecano,M S,16,798,0,0,1,18,13,0.918,0.918,1.395,3.084,0.82,2,0,182963,Lass Bangoura,1992-03-30,23.42,169.0,right,Attack,Right Winger,Guinea,Guinea,16,802,0,1,367,Rayo Vallecano,1420,1800000.0,2000000.0,0.969,0.95,0.995,same_club
2558,Lass,ESP,2015-16,Rayo Vallecano,M S,16,798,0,0,1,18,13,0.918,0.918,1.395,3.084,0.82,2,0,182963,Lass Bangoura,1992-03-30,23.42,169.0,right,Attack,Right Winger,Guinea,Guinea,16,802,0,1,367,Rayo Vallecano,1420,1800000.0,2000000.0,0.969,0.95,0.995,same_club
2559,Guitián,ESP,2015-16,Sporting Gijon,D,1,90,0,0,0,0,0,0.0,0.0,0.0,0.027,0.027,1,0,230895,Alberto Guitián,1990-07-29,25.09,181.0,right,Defender,Centre-Back,Spain,Spain,1,90,0,0,2448,Sporting Gijón,247,200000.0,300000.0,1.0,1.0,1.0,same_club
2560,Cristiano Piccini,ESP,2015-16,Real Betis,D,16,1422,0,0,0,14,13,0.492,0.492,1.333,2.152,0.993,4,0,163086,Cristiano Piccini,1992-09-26,22.93,189.0,right,Defender,Centre-Back,Italy,Italy,16,1421,0,0,150,Real Betis Balompié,1601,700000.0,700000.0,1.0,1.0,0.999,same_club
2562,Eddy,ESP,2015-16,Eibar,M S,6,207,0,0,0,2,1,0.033,0.033,0.0,0.638,0.62,2,0,238865,Eddy Israfilov,1992-08-02,23.08,191.0,right,Midfield,Central Midfield,Azerbaijan,Spain,6,208,0,0,1533,SD Eibar,380,500000.0,500000.0,0.969,0.95,0.995,same_club
2563,Diego Mainz,ESP,2015-16,Granada,D S,5,404,0,0,0,1,0,0.119,0.119,0.0,0.188,0.188,1,0,58070,Diego Maínz,1982-12-29,32.67,187.0,both,Defender,Centre-Back,Spain,Spain,5,405,0,0,16795,Granada CF,765,1500000.0,1000000.0,0.999,1.0,0.998,same_club
2564,Uche,ESP,2015-16,Granada,D M S,6,254,0,0,0,0,1,0.0,0.0,0.015,0.207,0.207,3,0,262689,Uche Agbo,1995-12-04,19.74,186.0,right,Midfield,Defensive Midfield,Nigeria,Nigeria,6,254,0,0,16795,Granada CF,585,,,0.97,0.95,1.0,same_club
2565,Lévy Madinda,ESP,2015-16,Celta Vigo,S,1,1,0,0,0,0,0,0.0,0.0,0.0,0.0,0.0,0,0,21297,Levy Madinda,1992-06-11,23.22,182.0,right,Midfield,Attacking Midfield,Gabon,Gabon,1,1,0,0,940,Celta de Vigo,346,1000000.0,1000000.0,1.0,1.0,1.0,same_club
2566,Roger,ESP,2015-16,Levante,F S,16,643,0,0,0,21,5,2.282,2.282,0.363,3.0,0.487,4,0,212391,Roger Martí,1991-01-03,24.66,179.0,right,Attack,Centre-Forward,Spain,Spain,16,646,0,0,3368,Levante UD,755,1500000.0,1500000.0,0.969,0.95,0.995,same_club
2569,Fran Villalba,ESP,2015-16,Valencia,S,1,3,0,0,0,0,0,0.0,0.0,0.0,0.0,0.0,1,0,311680,Fran Villalba,1998-05-11,17.31,168.0,right,Midfield,Attacking Midfield,Spain,Spain,1,3,0,0,1049,Valencia CF,218,,,1.0,1.0,1.0,same_club
2571,Sergio Canales,ESP,2015-16,Real Sociedad,M S,16,906,0,0,0,24,11,1.153,1.153,1.083,5.283,3.961,3,0,66106,Sergio Canales,1991-02-16,24.54,175.0,left,Midfield,Attacking Midfield,Spain,Spain,16,901,0,0,681,Real Sociedad,987,6000000.0,3000000.0,0.998,1.0,0.994,same_club
2575,Patrick Ebert,ESP,2015-16,Rayo Vallecano,M S,9,555,0,0,0,10,9,1.163,1.163,0.943,2.732,0.842,3,1,32622,Patrick Ebert,1987-03-17,28.46,175.0,right,Attack,Right Winger,Germany,East Germany (GDR),9,560,0,0,367,Rayo Vallecano,650,2500000.0,2000000.0,0.997,1.0,0.991,same_club
2576,Zhang Chengdong,ESP,2015-16,Rayo Vallecano,S,1,8,0,0,0,0,0,0.0,0.0,0.0,0.0,0.0,0,0,138655,Chengdong Zhang,1989-02-09,26.56,185.0,right,Attack,Right Winger,China,China,1,8,0,0,367,Rayo Vallecano,222,600000.0,500000.0,1.0,1.0,1.0,same_club
2577,Kike Sola,ESP,2015-16,Athletic Club,F S,5,77,0,0,0,1,0,0.117,0.117,0.0,0.145,0.028,0,0,51532,Kike Sola,1986-02-25,29.51,184.0,right,Attack,Centre-Forward,Spain,Spain,5,75,0,0,621,Athletic Bilbao,433,1500000.0,1500000.0,0.993,1.0,0.978,same_club
2578,Javi Ontiveros,ESP,2015-16,Malaga,S,4,54,0,0,0,1,2,0.01,0.01,0.046,0.116,0.106,0,0,298983,Javi Ontiveros,1997-09-09,17.98,175.0,right,Attack,Left Winger,Spain,Spain,4,55,0,0,1084,Málaga CF,134,,,0.997,1.0,0.989,same_club
2579,Nicolás López,ESP,2015-16,Granada,M S,8,151,0,0,0,7,2,0.367,0.367,0.079,0.392,0.025,0,0,185593,Nicolás López,1993-10-01,21.92,178.0,left,Attack,Centre-Forward,Uruguay,Uruguay,8,153,0,0,16795,Granada CF,274,4000000.0,3500000.0,0.996,1.0,0.987,same_club
2582,Jordi Figueras,ESP,2015-16,Real Betis,D S,3,166,0,0,0,0,0,0.0,0.0,0.0,0.409,0.409,1,0,62941,Jordi Figueras,1987-05-16,28.3,185.0,left,Defender,Centre-Back,Spain,Spain,3,167,0,0,150,Real Betis Balompié,1877,2000000.0,2000000.0,0.998,1.0,0.994,same_club
2583,Miguel Cardoso,ESP,2015-16,Deportivo La Coruna,S,3,40,0,0,1,4,1,0.186,0.186,0.361,0.569,0.022,0,0,348425,Miguel Cardoso,1994-06-19,21.2,176.0,right,Attack,Left Winger,Portugal,Portugal,3,42,0,1,897,Deportivo de La Coruña,474,,250000.0,0.993,1.0,0.978,same_club
2584,Raíllo,ESP,2015-16,Espanyol,D,4,360,0,0,0,4,1,0.112,0.112,0.014,0.056,0.042,1,0,278296,Antonio Raíllo,1991-10-08,23.9,187.0,right,Defender,Centre-Back,Spain,Spain,4,360,0,0,714,RCD Espanyol Barcelona,540,200000.0,200000.0,1.0,1.0,1.0,same_club
2585,Juan Muñiz,ESP,2015-16,Sporting Gijon,S,4,56,0,0,0,0,4,0.0,0.0,0.171,0.104,0.0,1,0,85357,Juan Muñiz,1992-03-14,23.47,175.0,left,Midfield,Attacking Midfield,Spain,Spain,4,58,0,0,2448,Sporting Gijón,131,500000.0,500000.0,0.993,1.0,0.978,same_club
2586,Anaitz Arbilla,ESP,2015-16,Espanyol,D,7,630,0,0,0,7,6,0.167,0.167,0.4,2.133,1.916,3,0,71548,Anaitz Arbilla,1987-05-15,28.3,178.0,right,Defender,Centre-Back,Spain,Spain,7,630,0,0,714,RCD Espanyol Barcelona,630,3000000.0,2000000.0,1.0,1.0,1.0,same_club
2593,Bojan Jokic,ESP,2015-16,Villarreal,D,2,125,0,0,0,0,0,0.0,0.0,0.0,0.163,0.163,0,1,44317,Bojan Jokic,1986-05-17,29.29,176.0,left,Defender,Left-Back,Slovenia,Jugoslawien (SFR),2,126,0,0,1050,Villarreal CF,540,700000.0,700000.0,0.998,1.0,0.992,same_club
2599,Hugo Fraile,ESP,2015-16,Sporting Gijon,M S,3,79,0,0,0,0,2,0.0,0.0,0.587,1.052,0.593,0,0,72201,Hugo Fraile,1987-03-16,28.46,170.0,right,Attack,Right Winger,Spain,Spain,3,83,0,0,2448,Sporting Gijón,100,300000.0,300000.0,0.987,1.0,0.956,same_club
2601,Toño,ESP,2015-16,Rayo Vallecano,GK,10,809,0,0,0,0,0,0.0,0.0,0.0,0.268,0.268,0,1,35536,Toño,1979-12-17,35.71,182.0,right,Goalkeeper,Goalkeeper,Spain,Spain,10,807,0,0,367,Rayo Vallecano,807,500000.0,400000.0,0.999,1.0,0.998,same_club
2602,Luis Fariña,ESP,2015-16,Rayo Vallecano,S,3,50,0,0,0,0,1,0.0,0.0,0.021,0.059,0.038,0,0,125735,Luis Fariña,1991-04-20,24.37,177.0,right,Midfield,Attacking Midfield,Argentina,Argentina,3,50,0,0,367,Rayo Vallecano,50,2000000.0,2000000.0,1.0,1.0,1.0,same_club
2603,Marco Andreolli,ESP,2015-16,Sevilla,D,7,555,0,0,0,3,2,0.24,0.24,0.087,0.595,0.574,2,0,36356,Marco Andreolli,1986-06-10,29.23,187.0,right,Defender,Centre-Back,Italy,Italy,7,554,0,0,368,Sevilla FC,734,2500000.0,2000000.0,0.999,1.0,0.998,same_club
2605,Mendi,ESP,2015-16,Sporting Gijon,S,1,29,0,0,0,1,0,0.05,0.05,0.0,0.05,0.0,0,0,158071,Sergio Mendigutxia,1993-06-12,22.22,183.0,right,Attack,Centre-Forward,Spain,Spain,1,29,0,0,2448,Sporting Gijón,29,100000.0,100000.0,0.775,0.625,1.0,same_club
2606,Fábio Espinho,ESP,2015-16,Malaga,S,2,87,0,0,0,2,1,0.035,0.035,0.021,0.128,0.093,0,0,114130,Fábio Espinho,1985-08-18,30.04,174.0,right,Midfield,Attacking Midfield,Portugal,Portugal,2,86,0,0,1084,Málaga CF,1410,1500000.0,750000.0,0.997,1.0,0.989,same_club
2608,Hachim Mastour,ESP,2015-16,Malaga,S,1,4,0,0,0,0,0,0.0,0.0,0.0,0.0,0.0,0,0,253267,Hachim Mastour,1998-06-15,17.21,175.0,right,Midfield,Attacking Midfield,Morocco,Italy,1,5,0,0,1084,Málaga CF,5,500000.0,500000.0,0.997,1.0,0.989,same_club
2609,Gerard Gumbau,ESP,2015-16,Barcelona,S,3,43,0,0,0,0,0,0.0,0.0,0.0,0.0,0.0,0,0,268670,Gerard Gumbau,1994-12-18,20.7,188.0,left,Midfield,Defensive Midfield,Spain,Spain,3,43,0,0,131,FC Barcelona,238,300000.0,300000.0,1.0,1.0,1.0,same_club
2612,Noblejas,ESP,2015-16,Getafe,D,1,90,0,0,0,0,0,0.0,0.0,0.0,0.018,0.018,1,0,126731,Javi Noblejas,1993-03-18,22.46,188.0,left,Defender,Left-Back,Spain,Spain,1,90,0,0,3709,Getafe CF,180,200000.0,200000.0,1.0,1.0,1.0,same_club
2613,Aketxe,ESP,2015-16,Athletic Club,M S,3,186,0,0,0,4,2,0.181,0.181,0.025,0.575,0.53,0,0,158057,Ager Aketxe,1993-12-30,21.67,174.0,left,Midfield,Attacking Midfield,Spain,Spain,3,185,0,0,621,Athletic Bilbao,485,1000000.0,1000000.0,0.998,1.0,0.995,same_club
2618,Ian González,ESP,2015-16,Getafe,S,1,13,0,0,0,1,1,0.458,0.458,0.809,1.267,0.0,0,0,253892,Ian González,1993-02-11,22.55,193.0,right,Attack,Centre-Forward,Spain,Spain,1,13,0,0,3709,Getafe CF,26,,200000.0,1.0,1.0,1.0,same_club
2621,Sergi Darder,ESP,2015-16,Malaga,M,1,85,0,0,0,3,1,0.081,0.081,0.019,0.177,0.077,1,0,142021,Sergi Darder,1993-12-22,21.69,180.0,right,Midfield,Central Midfield,Spain,Spain,1,85,0,0,1084,Málaga CF,1792,7500000.0,11000000.0,1.0,1.0,1.0,same_club
2621,Sergi Darder,ESP,2015-16,Malaga,M,1,85,0,0,0,3,1,0.081,0.081,0.019,0.177,0.077,1,0,142021,Sergi Darder,1993-12-22,21.69,180.0,right,Midfield,Central Midfield,Spain,Spain,1,85,0,0,1084,Málaga CF,1792,7500000.0,11000000.0,0.997,1.0,0.989,same_club
2622,Javi Castellano,ESP,2015-16,Las Palmas,M,1,90,0,0,0,1,0,0.028,0.028,0.0,0.0,0.0,0,0,65489,Javi Castellano,1987-11-02,27.83,181.0,right,Midfield,Central Midfield,Spain,Spain,1,90,0,0,472,UD Las Palmas,90,1500000.0,1000000.0,1.0,1.0,1.0,same_club
227,Robert Lewandowski,GER,2015-16,Bayern Munich,F S,32,2654,30,28,2,152,22,28.462,26.947,3.456,34.542,8.227,2,0,38253,Robert Lewandowski,1988-08-21,27.03,186.0,right,Attack,Centre-Forward,Poland,Poland,32,2654,30,5,27,Bayern Munich,4238,50000000.0,75000000.0,1.0,1.0,1.0,same_club
318,Pierre-Emerick Aubameyang,GER,2015-16,Borussia Dortmund,F M S,31,2476,25,22,5,118,28,28.19,25.159,6.562,33.503,4.431,4,0,58864,Pierre-Emerick Aubameyang,1989-06-18,26.2,187.0,right,Attack,Centre-Forward,Gabon,France,31,2473,25,6,16,Borussia Dortmund,3931,25000000.0,45000000.0,1.0,1.0,0.999,same_club
224,Thomas Müller,GER,2015-16,Bayern Munich,F M S,31,2347,20,15,5,94,60,17.538,12.992,7.683,28.63,12.632,4,0,58358,Thomas Müller,1989-09-13,25.97,185.0,right,Attack,Second Striker,Germany,Germany,31,2342,20,7,27,Bayern Munich,3821,55000000.0,75000000.0,0.999,1.0,0.998,same_club
191,Chicharito,GER,2015-16,Bayer Leverkusen,F S,28,2178,17,16,2,64,28,12.392,11.635,4.099,16.007,3.72,6,0,50935,Chicharito,1988-06-01,27.25,175.0,right,Attack,Centre-Forward,Mexico,Mexico,28,2174,17,3,15,Bayer 04 Leverkusen,3201,10000000.0,18000000.0,0.997,1.0,0.989,same_club
191,Chicharito,GER,2015-16,Bayer Leverkusen,F S,28,2178,17,16,2,64,28,12.392,11.635,4.099,16.007,3.72,6,0,50935,Chicharito,1988-06-01,27.25,175.0,right,Attack,Centre-Forward,Mexico,Mexico,28,2174,17,3,15,Bayer 04 Leverkusen,3201,10000000.0,18000000.0,0.999,1.0,0.998,same_club
137,Anthony Modeste,GER,2015-16,FC Cologne,F S,34,2878,15,12,3,110,19,17.559,14.528,2.741,17.817,1.796,4,0,50512,Anthony Modeste,1988-04-14,27.38,188.0,right,Attack,Centre-Forward,France,France,34,2874,15,3,3,1.FC Köln,3054,4500000.0,6000000.0,1.0,1.0,0.999,same_club
11,Sandro Wagner,GER,2015-16,Darmstadt,F S,32,2475,14,12,4,87,28,14.356,11.325,4.479,14.726,3.997,8,1,39743,Sandro Wagner,1987-11-29,27.76,194.0,right,Attack,Centre-Forward,Germany,Germany,32,2477,14,3,105,SV Darmstadt 98,2656,500000.0,2000000.0,1.0,1.0,0.999,same_club
26,Salomon Kalou,GER,2015-16,Hertha Berlin,F M S,32,2546,14,12,2,55,21,9.73,8.215,2.195,12.436,3.781,2,0,7971,Salomon Kalou,1985-08-05,30.07,184.0,right,Attack,Left Winger,Cote d'Ivoire,Cote d'Ivoire,32,2535,14,2,44,Hertha BSC,2972,3500000.0,4500000.0,0.999,1.0,0.996,same_club
122,Claudio Pizarro,GER,2015-16,Werder Bremen,F M S,28,1740,14,9,3,46,30,11.333,6.786,2.812,10.563,2.952,3,0,532,Claudio Pizarro,1978-10-03,36.91,184.0,right,Attack,Centre-Forward,Peru,Peru,28,1742,14,3,86,SV Werder Bremen,1995,1000000.0,1000000.0,1.0,1.0,0.999,same_club
210,Raffael,GER,2015-16,Borussia M.Gladbach,F S,31,2692,13,12,10,70,57,10.905,10.148,5.69,21.208,10.652,2,0,19819,Raffael,1985-03-28,30.43,174.0,right,Attack,Second Striker,Brazil,Brazil,31,2690,13,10,18,Borussia Mönchengladbach,3387,8000000.0,8000000.0,1.0,1.0,0.999,same_club
300,Daniel Didavi,GER,2015-16,VfB Stuttgart,F M S,31,2447,13,11,3,95,41,11.136,9.62,3.753,15.604,7.947,8,1,57995,Daniel Didavi,1990-02-21,25.52,180.0,left,Midfield,Attacking Midfield,Germany,Germany,31,2433,13,5,79,VfB Stuttgart,2694,2000000.0,7000000.0,0.998,1.0,0.994,same_club
319,Marco Reus,GER,2015-16,Borussia Dortmund,F M S,26,1930,12,11,3,63,45,11.667,10.151,6.784,21.492,7.453,2,0,35207,Marco Reus,1989-05-31,26.25,180.0,right,Midfield,Attacking Midfield,Germany,Germany,26,1924,12,4,16,Borussia Dortmund,3283,45000000.0,45000000.0,0.999,1.0,0.997,same_club
340,Klaas-Jan Huntelaar,GER,2015-16,Schalke 04,F S,31,2485,12,10,3,72,26,13.099,10.068,3.979,15.583,2.715,2,0,4357,Klaas-Jan Huntelaar,1983-08-12,32.05,186.0,right,Attack,Centre-Forward,Netherlands,Netherlands,31,2483,12,4,33,FC Schalke 04,3166,8000000.0,6500000.0,1.0,1.0,0.999,same_club
356,Alexander Meier,GER,2015-16,Eintracht Frankfurt,F M,19,1658,12,11,1,49,17,7.784,7.026,1.971,7.684,1.286,0,1,1565,Alexander Meier,1983-01-17,32.62,196.0,right,Attack,Second Striker,Germany,Germany,19,1658,12,1,24,Eintracht Frankfurt,1748,3000000.0,3000000.0,1.0,1.0,1.0,same_club
362,Moritz Hartmann,GER,2015-16,Ingolstadt,F S,30,2015,12,4,1,53,20,12.401,6.338,0.93,6.719,2.374,4,0,42952,Moritz Hartmann,1986-06-20,29.2,183.0,right,Attack,Centre-Forward,Germany,Germany,30,2012,12,1,4795,FC Ingolstadt 04,2102,800000.0,1000000.0,1.0,1.0,0.999,same_club
45,Yunus Malli,GER,2015-16,Mainz 05,F M S,34,2802,11,10,4,64,43,10.036,9.278,7.183,21.009,6.766,0,0,85352,Yunus Mallı,1992-02-24,23.52,179.0,right,Midfield,Attacking Midfield,Türkiye,Germany,34,2796,11,4,39,1.FSV Mainz 05,2946,4500000.0,10000000.0,0.971,0.952,0.998,same_club
119,Anthony Ujah,GER,2015-16,Werder Bremen,F S,32,2327,11,11,2,68,27,12.431,11.673,2.892,13.976,2.9,2,0,142281,Anthony Ujah,1990-10-14,24.88,180.0,right,Attack,Centre-Forward,Nigeria,Nigeria,32,2332,11,5,86,SV Werder Bremen,2642,4500000.0,5500000.0,0.999,1.0,0.998,same_club
317,Henrikh Mkhitaryan,GER,2015-16,Borussia Dortmund,F M S,31,2578,11,11,15,81,83,11.495,11.495,15.882,36.199,14.732,5,0,55735,Henrikh Mkhitaryan,1989-01-21,26.61,177.0,both,Midfield,Central Midfield,Armenia,UdSSR,31,2577,11,20,16,Borussia Dortmund,4383,18000000.0,30000000.0,1.0,1.0,1.0,same_club
29,Vedad Ibisevic,GER,2015-16,Hertha Berlin,F S,26,2099,10,10,4,62,22,10.389,10.389,2.243,12.158,1.902,5,1,21175,Vedad Ibisevic,1984-08-06,31.07,188.0,right,Attack,Centre-Forward,Bosnia-Herzegovina,Jugoslawien (SFR),26,2097,10,4,44,Hertha BSC,2487,2000000.0,2500000.0,1.0,1.0,0.999,same_club
154,André Schürrle,GER,2015-16,Wolfsburg,F M S,29,1911,9,9,3,69,20,7.417,7.417,3.164,13.634,4.777,5,0,58205,André Schürrle,1990-11-06,24.82,184.0,right,Attack,Left Winger,Germany,Germany,29,1905,9,5,82,VfL Wolfsburg,2558,25000000.0,18000000.0,0.999,1.0,0.997,same_club
170,Nicolai Müller,GER,2015-16,Hamburger SV,M S,29,2178,9,9,5,37,28,5.805,5.805,4.527,10.59,2.198,6,0,39426,Nicolai Müller,1987-09-25,27.93,173.0,right,Midfield,Attacking Midfield,Germany,Germany,29,2161,9,5,41,Hamburger SV,2161,3000000.0,3500000.0,0.998,1.0,0.992,same_club
261,Julian Brandt,GER,2015-16,Bayer Leverkusen,F M S,29,1623,9,9,3,30,34,4.708,4.708,3.708,10.57,3.733,0,0,187492,Julian Brandt,1996-05-02,19.33,185.0,right,Midfield,Attacking Midfield,Germany,Germany,29,1623,9,5,15,Bayer 04 Leverkusen,2152,7500000.0,10000000.0,1.0,1.0,1.0,same_club
321,Shinji Kagawa,GER,2015-16,Borussia Dortmund,F M S,29,2178,9,9,7,31,41,6.685,6.685,5.904,23.769,14.93,2,0,81785,Shinji Kagawa,1989-03-17,26.46,175.0,right,Midfield,Attacking Midfield,Japan,Japan,29,2171,9,9,16,Borussia Dortmund,3123,10000000.0,14000000.0,0.999,1.0,0.997,same_club
324,Adrián Ramos,GER,2015-16,Borussia Dortmund,F M S,27,926,9,9,4,37,12,8.745,8.745,2.168,12.317,2.658,0,0,73782,Adrián Ramos,1986-01-22,29.61,185.0,right,Attack,Centre-Forward,Colombia,Colombia,27,930,9,5,16,Borussia Dortmund,1475,6000000.0,5000000.0,0.999,1.0,0.996,same_club
83,Kevin Volland,GER,2015-16,Hoffenheim,F M S,33,2733,8,6,7,64,44,7.728,5.454,5.882,13.468,4.618,8,0,82009,Kevin Volland,1992-07-30,23.09,179.0,left,Midfield,Attacking Midfield,Germany,Germany,33,2731,8,10,533,TSG 1899 Hoffenheim,2821,20000000.0,17000000.0,1.0,1.0,0.999,same_club
88,Mark Uth,GER,2015-16,Hoffenheim,F M S,25,1400,8,8,1,35,15,6.233,6.233,1.399,8.225,2.261,2,0,112935,Mark Uth,1991-08-24,24.02,185.0,left,Attack,Centre-Forward,Germany,Germany,25,1399,8,1,533,TSG 1899 Hoffenheim,1399,2500000.0,2000000.0,1.0,1.0,0.999,same_club
115,Fin Bartels,GER,2015-16,Werder Bremen,D F M S,30,2073,8,8,1,43,25,6.709,6.709,2.619,11.363,2.686,5,1,36207,Fin Bartels,1987-02-07,28.56,176.0,right,Attack,Right Winger,Germany,Germany,30,2070,8,1,86,SV Werder Bremen,2460,3000000.0,2750000.0,1.0,1.0,0.999,same_club
158,Bas Dost,GER,2015-16,Wolfsburg,F S,22,1361,8,7,2,40,13,8.019,7.261,2.459,10.521,1.999,0,0,56331,Bas Dost,1989-05-31,26.25,196.0,right,Attack,Centre-Forward,Netherlands,Netherlands,22,1368,8,2,82,VfL Wolfsburg,1970,7500000.0,7500000.0,0.998,1.0,0.995,same_club
173,Pierre-Michel Lasogga,GER,2015-16,Hamburger SV,F S,30,1747,8,6,2,53,18,7.383,5.868,2.817,8.484,1.135,5,0,73013,Pierre-Michel Lasogga,1991-12-15,23.71,189.0,right,Attack,Centre-Forward,Germany,Germany,30,1754,8,3,41,Hamburger SV,1829,5500000.0,4500000.0,0.999,1.0,0.996,same_club
271,Ja-Cheol Koo,GER,2015-16,"Augsburg,Mainz 05",F M S,29,2098,8,8,1,40,28,3.954,3.954,1.922,8.489,3.484,6,0,91841,Ja-cheol Koo,1989-02-27,26.51,184.0,right,Midfield,Central Midfield,"Korea, South","Korea, South",29,2098,8,4,"39,167","1.FSV Mainz 05,FC Augsburg",2593,4500000.0,4500000.0,1.0,1.0,1.0,same_club
337,Leroy Sané,GER,2015-16,Schalke 04,F M S,33,2315,8,8,6,68,28,6.593,6.593,4.828,13.509,3.082,4,0,192565,Leroy Sané,1996-01-11,19.64,183.0,left,Attack,Right Winger,Germany,Germany,33,2314,8,6,33,FC Schalke 04,2925,4000000.0,18000000.0,1.0,1.0,1.0,same_club
412,André Hahn,GER,2015-16,Borussia M.Gladbach,F S,15,738,8,7,1,26,7,3.24,2.482,1.314,4.941,1.22,1,0,42783,André Hahn,1990-08-13,25.05,185.0,right,Attack,Right Winger,Germany,Germany,15,739,8,1,18,Borussia Mönchengladbach,837,6000000.0,5000000.0,1.0,1.0,0.999,same_club
4,Aytac Sulu,GER,2015-16,Darmstadt,D,33,2970,7,7,0,21,10,2.427,2.427,0.822,1.747,1.613,6,0,11765,Aytac Sulu,1985-12-11,29.72,183.0,right,Defender,Centre-Back,Germany,Germany,33,2970,7,0,105,SV Darmstadt 98,3240,1000000.0,1500000.0,1.0,1.0,1.0,same_club
46,Jairo Samperio,GER,2015-16,Mainz 05,F M S,31,2312,7,7,5,39,32,3.974,3.974,4.538,11.915,5.093,5,0,171167,Jairo Samperio,1993-07-11,22.14,172.0,right,Attack,Right Winger,Spain,Spain,31,2307,7,8,39,1.FSV Mainz 05,2487,2500000.0,4500000.0,0.999,1.0,0.998,same_club
47,Yoshinori Muto,GER,2015-16,Mainz 05,F S,20,1499,7,7,2,34,14,8.976,8.976,1.413,10.871,1.62,2,0,230541,Yoshinori Muto,1992-07-15,23.13,179.0,right,Attack,Centre-Forward,Japan,Japan,20,1496,7,4,39,1.FSV Mainz 05,1516,2500000.0,5500000.0,0.999,1.0,0.998,same_club
208,Lars Stindl,GER,2015-16,Borussia M.Gladbach,F M S,30,2598,7,7,8,67,54,9.708,8.951,6.232,18.213,8.651,5,0,48298,Lars Stindl,1988-08-26,27.01,181.0,right,Midfield,Attacking Midfield,Germany,Germany,30,2597,7,11,18,Borussia Mönchengladbach,3384,8500000.0,11000000.0,1.0,1.0,1.0,same_club
349,Artur Sobiech,GER,2015-16,Hannover 96,F S,25,1633,7,7,0,31,20,5.133,5.133,1.277,7.821,3.164,3,0,75640,Artur Sobiech,1990-06-12,25.22,184.0,right,Attack,Centre-Forward,Poland,Poland,25,1633,7,0,42,Hannover 96,1659,1500000.0,1500000.0,1.0,1.0,1.0,same_club
2655,Alfred Finnbogason,GER,2015-16,Augsburg,F S,14,1137,7,6,1,33,14,6.334,5.576,0.52,7.497,1.577,3,0,90024,Alfred Finnbogason,1989-02-01,26.58,184.0,right,Attack,Centre-Forward,Iceland,Iceland,14,1132,7,3,167,FC Augsburg,1676,4000000.0,5000000.0,0.999,1.0,0.996,same_club
6,Marcel Heller,GER,2015-16,Darmstadt,M,33,2938,6,6,5,32,29,4.63,4.63,4.191,10.795,3.331,7,0,32207,Marcel Heller,1986-02-12,29.55,176.0,right,Midfield,Right Midfield,Germany,Germany,33,2934,6,5,105,SV Darmstadt 98,3185,1000000.0,1750000.0,1.0,1.0,0.999,same_club
65,Timo Werner,GER,2015-16,VfB Stuttgart,F M S,33,2201,6,6,3,64,21,12.027,12.027,2.957,16.175,2.86,0,0,170527,Timo Werner,1996-03-06,19.49,180.0,right,Attack,Centre-Forward,Germany,Germany,33,2197,6,4,79,VfB Stuttgart,2455,8000000.0,8000000.0,0.999,1.0,0.998,same_club
139,Simon Zoller,GER,2015-16,FC Cologne,F M S,24,1222,6,6,1,30,9,3.552,3.552,1.376,5.199,0.355,4,0,79967,Simon Zoller,1991-06-26,24.18,179.0,right,Attack,Centre-Forward,Germany,Germany,24,1220,6,1,3,1.FC Köln,1267,2000000.0,2750000.0,1.0,1.0,0.998,same_club
152,Julian Draxler,GER,2015-16,"Schalke 04,Wolfsburg",F M S,24,1777,6,6,5,44,37,4.504,4.504,4.092,13.265,6.37,5,1,85148,Julian Draxler,1993-09-20,21.95,185.0,right,Attack,Left Winger,Germany,Germany,24,1774,6,6,"33,82","FC Schalke 04,VfL Wolfsburg",2584,22000000.0,24000000.0,0.999,1.0,0.998,same_club
155,Max Kruse,GER,2015-16,Wolfsburg,F M S,32,2433,6,6,6,61,55,8.445,8.445,4.698,19.208,7.964,3,0,36182,Max Kruse,1988-03-19,27.45,180.0,left,Attack,Second Striker,Germany,Germany,32,2427,6,8,82,VfL Wolfsburg,3221,12000000.0,12000000.0,0.999,1.0,0.998,same_club
186,Karim Bellarabi,GER,2015-16,Bayer Leverkusen,F M S,33,2608,6,6,11,73,44,7.056,7.056,7.807,17.93,6.221,5,0,61087,Karim Bellarabi,1990-04-08,25.4,184.0,right,Attack,Right Winger,Germany,Germany,33,2607,6,11,15,Bayer 04 Leverkusen,3922,12000000.0,16000000.0,1.0,1.0,1.0,same_club
242,Lukas Hinterseer,GER,2015-16,Ingolstadt,F S,28,1721,6,5,0,30,14,5.191,4.433,0.939,5.536,1.361,3,0,59054,Lukas Hinterseer,1991-03-28,24.43,192.0,right,Attack,Centre-Forward,Austria,Austria,28,1718,6,0,4795,FC Ingolstadt 04,1772,1000000.0,2000000.0,0.999,1.0,0.998,same_club
264,Paul Verhaegh,GER,2015-16,Augsburg,D M,25,2199,6,0,2,10,16,5.014,0.467,1.155,7.501,6.22,8,0,18021,Paul Verhaegh,1983-09-01,32.0,178.0,right,Defender,Right-Back,Netherlands,Netherlands,25,2200,6,2,167,FC Augsburg,3130,2000000.0,2000000.0,1.0,1.0,1.0,same_club
327,Fabian Johnson,GER,2015-16,Borussia M.Gladbach,M S,26,2163,6,6,4,26,28,4.275,4.275,2.622,11.281,5.339,2,0,31041,Fabian Johnson,1987-12-11,27.72,183.0,right,Attack,Left Winger,United States,Germany,26,2161,6,4,18,Borussia Mönchengladbach,2810,6000000.0,7000000.0,1.0,1.0,0.999,same_club
339,Eric Maxim Choupo-Moting,GER,2015-16,Schalke 04,F M S,28,1863,6,6,2,50,35,3.571,3.571,2.74,10.815,5.592,1,0,45660,Eric-Maxim Choupo-Moting,1989-03-23,26.44,191.0,right,Attack,Centre-Forward,Cameroon,Germany,28,1865,6,2,33,FC Schalke 04,2409,10000000.0,10000000.0,1.0,1.0,0.999,same_club
27,Vladimir Darida,GER,2015-16,Hertha Berlin,F M S,31,2601,5,5,2,41,35,2.922,2.922,3.316,12.757,8.566,6,0,179643,Vladimír Darida,1990-08-08,25.07,172.0,right,Midfield,Central Midfield,Czech Republic,CSSR,31,2600,5,3,44,Hertha BSC,2979,5500000.0,10000000.0,1.0,1.0,1.0,same_club
48,Jhon Córdoba,GER,2015-16,Mainz 05,F S,22,1389,5,5,2,30,10,7.087,7.087,1.976,9.564,2.081,2,0,185245,Jhon Córdoba,1993-05-11,22.31,186.0,right,Attack,Centre-Forward,Colombia,Colombia,22,1388,5,2,39,1.FSV Mainz 05,1388,2000000.0,3500000.0,1.0,1.0,0.999,same_club
49,Christian Clemens,GER,2015-16,Mainz 05,F M S,28,1722,5,5,3,44,30,4.804,4.804,4.578,10.205,3.817,1,0,44713,Christian Clemens,1991-08-04,24.08,180.0,right,Attack,Right Winger,Germany,Germany,28,1721,5,4,39,1.FSV Mainz 05,1801,2000000.0,2500000.0,1.0,1.0,0.999,same_club
60,Christian Gentner,GER,2015-16,VfB Stuttgart,M,29,2499,5,5,2,45,27,4.587,4.587,2.502,13.637,8.498,3,0,19112,Christian Gentner,1985-08-14,30.05,189.0,right,Midfield,Central Midfield,Germany,Germany,29,2516,5,4,79,VfB Stuttgart,2816,3500000.0,3500000.0,0.998,1.0,0.993,same_club
62,Lukas Rupp,GER,2015-16,VfB Stuttgart,M S,29,2107,5,5,4,39,38,4.725,4.725,4.928,12.712,6.496,4,0,82863,Lukas Rupp,1991-01-08,24.65,178.0,right,Midfield,Central Midfield,Germany,Germany,29,2106,5,6,79,VfB Stuttgart,2325,2000000.0,4000000.0,1.0,1.0,1.0,same_club
64,Filip Kostic,GER,2015-16,VfB Stuttgart,M,30,2608,5,4,5,49,79,4.821,4.064,10.772,15.817,6.519,5,0,161011,Filip Kostić,1992-11-01,22.83,184.0,left,Midfield,Left Midfield,Serbia,Yugoslavia (Republic),30,2602,5,7,79,VfB Stuttgart,2899,6000000.0,10000000.0,0.999,1.0,0.998,same_club
171,Michael Gregoritsch,GER,2015-16,Hamburger SV,F M S,25,1432,5,5,2,51,19,5.431,5.431,1.461,7.138,3.297,6,0,120205,Michael Gregoritsch,1994-04-18,21.37,193.0,left,Attack,Centre-Forward,Austria,Austria,25,1434,5,2,41,Hamburger SV,1479,1500000.0,3500000.0,1.0,1.0,0.999,same_club
190,Stefan Kießling,GER,2015-16,Bayer Leverkusen,F S,30,1880,5,5,3,41,14,9.004,9.004,2.746,11.227,1.966,1,0,6237,Stefan Kießling,1984-01-25,31.6,191.0,right,Attack,Centre-Forward,Germany,Germany,30,1882,5,4,15,Bayer 04 Leverkusen,2698,7000000.0,5500000.0,1.0,1.0,0.999,same_club
205,Mahmoud Dahoud,GER,2015-16,Borussia M.Gladbach,M S,32,2089,5,5,8,39,31,2.819,2.819,4.182,13.978,7.946,4,0,191422,Mahmoud Dahoud,1996-01-01,19.67,178.0,right,Midfield,Central Midfield,Syria,Syria,32,2083,5,9,18,Borussia Mönchengladbach,2594,600000.0,12000000.0,0.999,1.0,0.997,same_club
338,Max Meyer,GER,2015-16,Schalke 04,M S,32,2331,5,5,6,46,45,4.355,4.355,3.571,14.109,6.955,4,0,146164,Max Meyer,1995-09-18,19.95,173.0,right,Midfield,Attacking Midfield,Germany,Germany,32,2321,5,8,33,FC Schalke 04,2762,13000000.0,16000000.0,0.999,1.0,0.996,same_club
396,Hiroshi Kiyotake,GER,2015-16,Hannover 96,F M S,21,1763,5,3,6,28,60,2.981,1.465,4.503,6.319,2.92,0,0,86175,Hiroshi Kiyotake,1989-11-12,25.8,172.0,right,Midfield,Attacking Midfield,Japan,Japan,21,1765,5,6,42,Hannover 96,1783,4500000.0,4500000.0,1.0,1.0,0.999,same_club
956,Andrej Kramaric,GER,2015-16,Hoffenheim,F M S,15,1086,5,4,2,42,9,6.058,4.543,1.037,6.666,1.965,0,1,46580,Andrej Kramaric,1991-06-19,24.2,177.0,right,Attack,Second Striker,Croatia,Jugoslawien (SFR),15,1085,5,4,533,TSG 1899 Hoffenheim,1107,8000000.0,7500000.0,0.987,1.0,0.956,same_club
956,Andrej Kramaric,GER,2015-16,Hoffenheim,F M S,15,1086,5,4,2,42,9,6.058,4.543,1.037,6.666,1.965,0,1,46580,Andrej Kramaric,1991-06-19,24.2,177.0,right,Attack,Second Striker,Croatia,Jugoslawien (SFR),15,1085,5,4,533,TSG 1899 Hoffenheim,1107,8000000.0,7500000.0,1.0,1.0,0.999,same_club
44,Pablo De Blasis,GER,2015-16,Mainz 05,M S,26,1646,4,4,4,32,23,4.081,4.081,3.421,10.284,5.908,1,0,75446,Pablo de Blasis,1988-02-04,27.57,165.0,right,Midfield,Attacking Midfield,Argentina,Argentina,26,1646,4,4,39,1.FSV Mainz 05,1653,2500000.0,2500000.0,1.0,1.0,1.0,same_club
81,Jonathan Schmid,GER,2015-16,Hoffenheim,F M S,23,1455,4,4,0,20,24,3.156,3.156,2.121,5.445,2.042,1,0,70285,Jonathan Schmid,1990-06-22,25.19,179.0,right,Defender,Right-Back,France,France,23,1455,4,0,533,TSG 1899 Hoffenheim,1545,4500000.0,3500000.0,1.0,1.0,1.0,same_club
82,Nadiem Amiri,GER,2015-16,Hoffenheim,F M S,25,1454,4,4,4,38,34,2.892,2.892,2.411,5.067,1.809,4,0,232454,Nadiem Amiri,1996-10-27,18.84,180.0,right,Midfield,Central Midfield,Germany,Germany,25,1460,4,4,533,TSG 1899 Hoffenheim,1460,1000000.0,1500000.0,0.999,1.0,0.996,same_club
172,Ivo Ilicevic,GER,2015-16,Hamburger SV,F M S,31,2156,4,4,2,44,25,4.93,4.93,1.955,8.23,3.709,3,0,30308,Ivo Ilicevic,1986-11-14,28.8,,,Attack,Left Winger,Croatia,Germany,31,2153,4,3,41,Hamburger SV,2273,1000000.0,1500000.0,1.0,1.0,0.999,same_club
202,Håvard Nordtveit,GER,2015-16,Borussia M.Gladbach,D M S,31,2449,4,4,1,23,9,0.997,0.997,1.094,9.051,8.415,4,0,42234,Havard Nordtveit,1990-06-21,25.2,188.0,right,Defender,Centre-Back,Norway,Norway,31,2449,4,1,18,Borussia Mönchengladbach,2996,5000000.0,6000000.0,1.0,1.0,1.0,same_club
213,Thorgan Hazard,GER,2015-16,Borussia M.Gladbach,F M S,29,1652,4,4,3,45,36,6.447,6.447,3.515,12.352,4.133,4,0,102226,Thorgan Hazard,1993-03-29,22.43,175.0,right,Midfield,Attacking Midfield,Belgium,Belgium,29,1647,4,5,18,Borussia Mönchengladbach,1945,10000000.0,7500000.0,0.999,1.0,0.997,same_club
222,Arturo Vidal,GER,2015-16,Bayern Munich,M S,30,2045,4,4,5,52,48,3.827,3.827,4.572,21.641,15.681,3,0,37666,Arturo Vidal,1987-05-22,28.28,180.0,right,Midfield,Central Midfield,Chile,Chile,30,2048,4,7,27,Bayern Munich,3204,42000000.0,37000000.0,1.0,1.0,0.999,same_club
226,Kingsley Coman,GER,2015-16,Bayern Munich,F M S,23,1688,4,4,6,36,35,4.014,4.014,5.347,13.914,6.63,0,0,243714,Kingsley Coman,1996-06-13,19.22,181.0,right,Attack,Left Winger,France,France,23,1690,4,6,27,Bayern Munich,2478,3500000.0,17000000.0,1.0,1.0,0.999,same_club
226,Kingsley Coman,GER,2015-16,Bayern Munich,F M S,23,1688,4,4,6,36,35,4.014,4.014,5.347,13.914,6.63,0,0,243714,Kingsley Coman,1996-06-13,19.22,181.0,right,Attack,Left Winger,France,France,23,1690,4,6,27,Bayern Munich,2478,3500000.0,17000000.0,0.997,1.0,0.989,same_club
272,Caiuby,GER,2015-16,Augsburg,F M S,26,2215,4,4,5,68,38,3.731,3.731,4.199,9.445,4.712,11,0,54137,Caiuby,1988-07-14,27.13,185.0,left,Attack,Left Winger,Brazil,Brazil,26,2217,4,6,167,FC Augsburg,2769,1250000.0,2000000.0,1.0,1.0,0.999,same_club
273,Raúl Bobadilla,GER,2015-16,Augsburg,F M S,27,1818,4,4,2,61,29,5.607,5.607,2.692,8.755,3.091,2,1,51356,Raúl Bobadilla,1987-06-18,28.21,180.0,right,Attack,Centre-Forward,Paraguay,Argentina,27,1815,4,3,167,FC Augsburg,2365,4500000.0,5500000.0,1.0,1.0,0.998,same_club
301,Zlatko Junuzovic,GER,2015-16,Werder Bremen,F M S,30,2360,4,4,10,59,84,3.618,3.618,7.242,11.695,5.647,6,0,31007,Zlatko Junuzovic,1987-09-26,27.93,172.0,right,Midfield,Central Midfield,Austria,Jugoslawien (SFR),30,2355,4,13,86,SV Werder Bremen,2646,7000000.0,7000000.0,0.999,1.0,0.998,same_club
382,Luc Castaignos,GER,2015-16,Eintracht Frankfurt,F S,19,940,4,4,1,17,9,3.37,3.37,1.143,4.349,0.5,1,0,91915,Luc Castaignos,1992-09-27,22.93,188.0,right,Attack,Centre-Forward,Netherlands,Netherlands,19,942,4,3,24,Eintracht Frankfurt,1022,5000000.0,4000000.0,0.999,1.0,0.998,same_club
392,Arjen Robben,GER,2015-16,Bayern Munich,F M S,15,1103,4,3,1,52,27,5.623,4.865,3.126,10.378,4.089,1,0,4360,Arjen Robben,1984-01-23,31.61,180.0,left,Attack,Right Winger,Netherlands,Netherlands,15,1101,4,1,27,Bayern Munich,1498,28000000.0,20000000.0,0.999,1.0,0.998,same_club
393,Douglas Costa,GER,2015-16,Bayern Munich,F M S,27,1969,4,4,9,64,49,3.581,3.581,7.38,16.153,7.545,1,0,75615,Douglas Costa,1990-09-14,24.96,172.0,left,Attack,Right Winger,Brazil,Brazil,27,1971,4,14,27,Bayern Munich,3378,23000000.0,35000000.0,1.0,1.0,0.999,same_club
8,Jérôme Gondorf,GER,2015-16,Darmstadt,M,33,2923,3,3,4,23,19,2.085,2.085,3.047,9.041,4.616,9,0,77108,Jérôme Gondorf,1988-06-26,27.18,176.0,right,Midfield,Central Midfield,Germany,Germany,33,2918,3,4,105,SV Darmstadt 98,3128,1000000.0,1250000.0,0.999,1.0,0.998,same_club
58,Georg Niedermeier,GER,2015-16,VfB Stuttgart,D S,18,1434,3,3,1,11,7,2.038,2.038,1.897,3.658,2.387,5,0,31570,Georg Niedermeier,1986-02-26,29.51,190.0,right,Defender,Centre-Back,Germany,Germany,18,1433,3,1,79,VfB Stuttgart,1643,1500000.0,1250000.0,1.0,1.0,0.999,same_club
98,Kenan Karaman,GER,2015-16,Hannover 96,M S,23,1744,3,3,2,44,20,3.712,3.712,2.485,7.313,2.97,1,0,119557,Kenan Karaman,1994-03-05,21.49,189.0,right,Attack,Right Winger,Turkey,Germany,23,1744,3,3,42,Hannover 96,1834,400000.0,1250000.0,1.0,1.0,1.0,same_club
134,Marcel Risse,GER,2015-16,FC Cologne,D F M,33,2963,3,3,5,47,65,2.011,2.011,8.185,12.715,6.358,5,0,51176,Marcel Risse,1989-12-17,25.71,183.0,right,Attack,Right Winger,Germany,Germany,33,2963,3,7,3,1.FC Köln,3143,3500000.0,3500000.0,1.0,1.0,1.0,same_club
153,Maximilian Arnold,GER,2015-16,Wolfsburg,F M S,31,2038,3,3,2,29,47,2.238,2.238,3.914,12.469,7.934,4,0,117674,Maximilian Arnold,1994-05-27,21.26,184.0,left,Midfield,Central Midfield,Germany,Germany,31,2038,3,1,82,VfL Wolfsburg,2993,12000000.0,12000000.0,1.0,1.0,1.0,same_club
169,Lewis Holtby,GER,2015-16,Hamburger SV,M,34,2916,3,3,2,32,44,2.885,2.885,4.145,9.246,5.607,4,0,55508,Lewis Holtby,1990-09-18,24.95,176.0,left,Midfield,Central Midfield,Germany,Germany,34,2907,3,4,41,Hamburger SV,2977,4000000.0,6000000.0,0.999,1.0,0.997,same_club
188,Kevin Kampl,GER,2015-16,"Bayer Leverkusen,Borussia Dortmund",M S,23,1760,3,3,2,28,19,1.862,1.862,2.593,9.92,6.77,4,0,53418,Kevin Kampl,1990-10-09,24.9,178.0,right,Midfield,Central Midfield,Slovenia,Germany,23,1758,3,3,"15,16","Bayer 04 Leverkusen,Borussia Dortmund",2623,9000000.0,12000000.0,1.0,1.0,0.999,same_club
189,Hakan Calhanoglu,GER,2015-16,Bayer Leverkusen,F M S,31,2267,3,2,5,87,81,5.778,4.263,7.708,12.025,5.761,1,0,126414,Hakan Çalhanoğlu,1994-02-08,21.56,178.0,right,Midfield,Defensive Midfield,Türkiye,Germany,31,2264,3,6,15,Bayer 04 Leverkusen,3519,18000000.0,18000000.0,1.0,1.0,0.999,same_club
200,Andreas Christensen,GER,2015-16,Borussia M.Gladbach,D M,31,2790,3,3,1,15,3,2.636,2.636,0.59,7.216,5.685,1,0,196948,Andreas Christensen,1996-04-10,19.39,189.0,right,Defender,Centre-Back,Denmark,Denmark,31,2790,3,1,18,Borussia Mönchengladbach,3510,1500000.0,8000000.0,1.0,1.0,1.0,same_club
204,Granit Xhaka,GER,2015-16,Borussia M.Gladbach,M,28,2368,3,2,1,33,22,2.454,1.697,2.338,12.889,11.431,5,3,111455,Granit Xhaka,1992-09-27,22.93,183.0,left,Midfield,Defensive Midfield,Switzerland,Switzerland,28,2368,3,1,18,Borussia Mönchengladbach,3085,20000000.0,35000000.0,1.0,1.0,1.0,same_club
206,Oscar Wendt,GER,2015-16,Borussia M.Gladbach,D M,30,2637,3,3,2,20,28,1.508,1.508,2.757,12.419,8.762,5,0,19305,Oscar Wendt,1985-10-24,29.85,181.0,left,Defender,Left-Back,Sweden,Sweden,30,2638,3,3,18,Borussia Mönchengladbach,3437,4000000.0,4500000.0,1.0,1.0,1.0,same_club
207,Ibrahima Traoré,GER,2015-16,Borussia M.Gladbach,M S,24,1473,3,3,1,41,36,3.295,3.295,5.085,9.259,4.271,1,0,47285,Ibrahima Traoré,1988-04-21,27.36,171.0,left,Attack,Right Winger,Guinea,France,24,1468,3,3,18,Borussia Mönchengladbach,1929,5000000.0,6000000.0,0.999,1.0,0.997,same_club
241,Mathew Leckie,GER,2015-16,Ingolstadt,F S,32,2476,3,3,0,39,33,3.629,2.871,2.909,5.188,1.971,9,0,126214,Mathew Leckie,1991-02-04,24.57,181.0,right,Attack,Left Winger,Australia,Australia,32,2476,3,0,4795,FC Ingolstadt 04,2476,2200000.0,2000000.0,1.0,1.0,1.0,same_club
262,Leonardo Bittencourt,GER,2015-16,FC Cologne,M S,29,2223,3,3,4,37,38,3.571,3.571,4.477,11.675,5.21,2,1,93844,Leonardo Bittencourt,1993-12-19,21.7,171.0,right,Midfield,Central Midfield,Germany,Germany,29,2229,3,4,3,1.FC Köln,2319,4000000.0,4000000.0,0.999,1.0,0.997,same_club
270,Alexander Esswein,GER,2015-16,Augsburg,M S,29,1814,3,3,1,47,31,2.118,2.118,4.269,7.974,3.111,1,0,45662,Alexander Esswein,1990-03-25,25.44,182.0,right,Attack,Right Winger,Germany,Germany,29,1808,3,3,167,FC Augsburg,2382,1500000.0,2500000.0,0.999,1.0,0.997,same_club
288,Stefan Aigner,GER,2015-16,Eintracht Frankfurt,F M S,31,2403,3,3,3,42,25,3.521,3.521,1.609,8.271,4.292,7,0,35183,Stefan Aigner,1987-08-20,28.03,183.0,right,Attack,Right Winger,Germany,Germany,31,2403,3,6,24,Eintracht Frankfurt,2583,5500000.0,4500000.0,1.0,1.0,1.0,same_club
291,Haris Seferovic,GER,2015-16,Eintracht Frankfurt,F M S,29,2210,3,2,5,58,26,5.811,5.053,3.573,8.944,1.942,10,0,109256,Haris Seferovic,1992-02-22,23.52,189.0,left,Attack,Centre-Forward,,,29,2209,3,5,24,Eintracht Frankfurt,2389,6000000.0,5500000.0,1.0,1.0,1.0,same_club
293,Marco Russ,GER,2015-16,Eintracht Frankfurt,D M S,28,2356,3,3,2,23,6,2.223,2.223,1.129,6.058,4.626,9,0,16520,Marco Russ,1985-08-04,30.08,190.0,right,Defender,Centre-Back,Germany,Germany,28,2349,3,2,24,Eintracht Frankfurt,2529,3000000.0,2500000.0,0.999,1.0,0.997,same_club
315,Matthias Ginter,GER,2015-16,Borussia Dortmund,D M S,24,1893,3,3,4,17,21,1.729,1.729,3.025,14.551,11.774,0,0,124502,Matthias Ginter,1994-01-19,21.62,189.0,right,Defender,Centre-Back,Germany,Germany,24,1889,3,7,16,Borussia Dortmund,2815,10000000.0,13000000.0,0.999,1.0,0.998,same_club
316,Gonzalo Castro,GER,2015-16,Borussia Dortmund,F M S,25,1480,3,3,7,19,28,2.294,2.294,5.245,18.008,11.494,1,0,28947,Gonzalo Castro,1987-06-11,28.22,172.0,right,Midfield,Central Midfield,Germany,Germany,25,1484,3,7,16,Borussia Dortmund,2682,14000000.0,14000000.0,0.999,1.0,0.997,same_club
332,Joel Matip,GER,2015-16,Schalke 04,D,34,3060,3,3,3,31,12,3.149,3.149,1.679,10.227,9.194,3,0,82105,Joel Matip,1991-08-08,24.07,195.0,right,Defender,Centre-Back,Cameroon,Germany,34,3060,3,5,33,FC Schalke 04,3690,14000000.0,18000000.0,1.0,1.0,1.0,same_club
420,Patrick Herrmann,GER,2015-16,Borussia M.Gladbach,M S,18,625,3,3,1,13,12,2.62,2.62,1.737,5.03,1.072,0,0,32711,Patrick Herrmann,1991-02-12,24.55,179.0,right,Attack,Right Winger,Germany,Germany,18,629,3,3,18,Borussia Mönchengladbach,707,12000000.0,12000000.0,0.998,1.0,0.994,same_club
422,Mario Götze,GER,2015-16,Bayern Munich,F M S,14,959,3,3,4,18,18,3.325,3.325,2.421,8.003,3.5,1,0,74842,Mario Götze,1992-06-03,23.24,176.0,right,Midfield,Attacking Midfield,Germany,Germany,14,956,3,4,27,Bayern Munich,1220,45000000.0,35000000.0,0.999,1.0,0.997,same_club
426,Daniel Ginczek,GER,2015-16,VfB Stuttgart,F,7,630,3,2,1,18,12,3.732,2.974,1.006,4.487,0.889,1,0,79501,Daniel Ginczek,1991-04-13,24.39,191.0,right,Attack,Centre-Forward,Germany,Germany,7,630,3,2,79,VfB Stuttgart,720,3000000.0,4000000.0,1.0,1.0,1.0,same_club
2638,Alessandro Schöpf,GER,2015-16,Schalke 04,M S,13,465,3,3,1,14,8,1.651,1.651,0.552,2.78,0.957,1,0,118397,Alessandro Schöpf,1994-02-07,21.56,178.0,right,Midfield,Central Midfield,Austria,Austria,13,470,3,3,33,FC Schalke 04,814,1500000.0,5000000.0,0.997,1.0,0.989,same_club
12,Mario Vrancic,GER,2015-16,Darmstadt,M S,22,1027,2,2,1,14,17,2.514,2.514,1.207,4.631,1.918,2,0,39372,Mario Vrancic,1989-05-23,26.28,187.0,left,Midfield,Central Midfield,Bosnia-Herzegovina,Jugoslawien (SFR),22,1029,2,1,105,SV Darmstadt 98,1166,1750000.0,1000000.0,0.999,1.0,0.998,same_club
13,Konstantin Rausch,GER,2015-16,Darmstadt,M S,31,2140,2,2,5,40,35,2.31,2.31,3.492,5.381,2.247,7,0,45668,Konstantin Rausch,1990-03-15,25.46,181.0,left,Defender,Left-Back,Russia,UdSSR,31,2128,2,5,105,SV Darmstadt 98,2232,1000000.0,1500000.0,0.998,1.0,0.994,same_club
23,Marvin Plattenhardt,GER,2015-16,Hertha Berlin,D,33,2970,2,2,4,13,37,0.695,0.695,4.294,7.91,6.791,5,0,89592,Marvin Plattenhardt,1992-01-26,23.6,181.0,left,Defender,Left-Back,,,33,2970,2,5,44,Hertha BSC,3359,2500000.0,3500000.0,1.0,1.0,1.0,same_club
28,Mitchell Weiser,GER,2015-16,Hertha Berlin,D M S,29,2430,2,2,4,15,20,1.369,1.369,2.5,7.808,5.664,7,0,119211,Mitchell Weiser,1994-04-21,21.36,177.0,right,Defender,Right-Back,Germany,Germany,29,2429,2,5,44,Hertha BSC,2819,2000000.0,5000000.0,1.0,1.0,1.0,same_club
35,Genki Haraguchi,GER,2015-16,Hertha Berlin,F M S,32,2521,2,2,3,32,28,2.235,2.235,3.868,8.624,3.09,4,0,79377,Genki Haraguchi,1991-05-09,24.31,178.0,right,Midfield,Attacking Midfield,Japan,Japan,32,2521,2,3,44,Hertha BSC,2882,1500000.0,3000000.0,1.0,1.0,1.0,same_club
42,Julian Baumgartlinger,GER,2015-16,Mainz 05,M S,31,2716,2,2,1,12,21,1.004,1.004,1.57,10.125,8.072,7,0,34787,Julian Baumgartlinger,1988-01-02,27.66,184.0,right,Midfield,Defensive Midfield,,,31,2717,2,1,39,1.FSV Mainz 05,2897,4000000.0,6000000.0,1.0,1.0,1.0,same_club
85,Eduardo Vargas,GER,2015-16,Hoffenheim,F M S,24,1503,2,2,3,31,29,2.389,2.389,2.744,6.593,2.551,1,0,89718,Eduardo Vargas,1989-11-20,25.78,173.0,right,Attack,Centre-Forward,Chile,Chile,24,1505,2,5,533,TSG 1899 Hoffenheim,1505,6000000.0,5500000.0,1.0,1.0,0.999,same_club
90,Sebastian Rudy,GER,2015-16,Hoffenheim,D M S,24,1801,2,2,1,14,21,1.063,1.063,2.097,6.031,4.834,8,1,57051,Sebastian Rudy,1990-02-28,25.51,180.0,right,Midfield,Defensive Midfield,Germany,Germany,24,1800,2,1,533,TSG 1899 Hoffenheim,1874,5000000.0,4000000.0,1.0,1.0,0.999,same_club
94,Christian Schulz,GER,2015-16,Hannover 96,D S,25,2124,2,2,0,8,5,1.552,1.552,0.073,4.568,4.521,6,0,1586,Christian Schulz,1983-04-01,32.42,185.0,left,Defender,Centre-Back,Germany,Germany,25,2123,2,1,42,Hannover 96,2303,1500000.0,750000.0,1.0,1.0,1.0,same_club
96,Salif Sané,GER,2015-16,Hannover 96,D M S,31,2753,2,2,0,37,8,1.461,1.461,0.165,6.666,6.196,8,0,126534,Salif Sané,1990-08-25,25.02,196.0,right,Defender,Centre-Back,Senegal,France,31,2752,2,0,42,Hannover 96,2932,3500000.0,5000000.0,1.0,1.0,1.0,same_club
99,Leon Andreasen,GER,2015-16,Hannover 96,M S,15,1089,2,2,1,19,12,2.649,2.649,0.453,2.615,0.772,4,0,22837,Leon Andreasen,1983-04-23,32.36,,,Midfield,Central Midfield,Denmark,Denmark,15,1084,2,1,42,Hannover 96,1190,1000000.0,750000.0,0.999,1.0,0.995,same_club
111,Jannik Vestergaard,GER,2015-16,Werder Bremen,D M,33,2970,2,2,0,35,5,1.778,1.778,0.187,4.459,4.268,2,0,99331,Jannik Vestergaard,1992-08-03,23.08,199.0,both,Defender,Centre-Back,Denmark,Denmark,33,2970,2,0,86,SV Werder Bremen,3450,4500000.0,7000000.0,1.0,1.0,1.0,same_club
129,Dominique Heintz,GER,2015-16,FC Cologne,D S,33,2873,2,2,0,12,4,0.836,0.836,0.145,4.467,4.257,3,0,110036,Dominique Heintz,1993-08-15,22.05,188.0,left,Defender,Centre-Back,Germany,Germany,33,2874,2,0,3,1.FC Köln,3054,2000000.0,4000000.0,1.0,1.0,1.0,same_club
130,Dominic Maroh,GER,2015-16,FC Cologne,D S,25,2122,2,2,1,19,3,1.949,1.949,0.189,3.121,3.087,7,0,41023,Dominic Maroh,1987-03-04,28.5,186.0,right,Defender,Centre-Back,Slovenia,Germany,25,2122,2,1,3,1.FC Köln,2122,2000000.0,2500000.0,1.0,1.0,1.0,same_club
140,Yannick Gerhardt,GER,2015-16,FC Cologne,F M S,29,1885,2,2,4,25,24,1.714,1.714,2.694,8.161,4.625,3,0,119277,Yannick Gerhardt,1994-03-13,21.47,184.0,left,Midfield,Central Midfield,Germany,Germany,29,1874,2,4,3,1.FC Köln,1895,3500000.0,4500000.0,0.998,1.0,0.994,same_club
144,Milos Jojic,GER,2015-16,FC Cologne,M S,15,470,2,2,0,17,15,1.483,1.483,1.524,3.004,1.459,2,0,160285,Milos Jojic,1992-03-19,23.45,177.0,right,Midfield,Central Midfield,Serbia,Jugoslawien (SFR),15,477,2,0,3,1.FC Köln,541,2500000.0,2000000.0,0.996,1.0,0.985,same_club
150,Josuha Guilavogui,GER,2015-16,Wolfsburg,M S,30,2332,2,2,0,23,20,1.626,1.626,0.551,9.203,8.405,3,0,93704,Josuha Guilavogui,1990-09-19,24.95,188.0,right,Midfield,Defensive Midfield,France,France,30,2329,2,0,82,VfL Wolfsburg,3288,12000000.0,12000000.0,1.0,1.0,0.999,same_club
157,Daniel Caligiuri,GER,2015-16,Wolfsburg,F M S,29,1824,2,2,5,41,33,2.407,2.407,3.514,12.326,8.346,4,0,38410,Daniel Caligiuri,1988-01-15,27.63,182.0,right,Attack,Right Winger,Italy,Germany,29,1824,2,6,82,VfL Wolfsburg,2437,7500000.0,7500000.0,1.0,1.0,1.0,same_club
160,Nicklas Bendtner,GER,2015-16,Wolfsburg,F S,13,412,2,2,0,9,2,1.942,1.942,0.416,2.382,0.112,2,0,34557,Nicklas Bendtner,1988-01-16,27.62,194.0,right,Attack,Centre-Forward,Denmark,Denmark,13,413,2,0,82,VfL Wolfsburg,541,2500000.0,1000000.0,0.999,1.0,0.998,same_club
194,Admir Mehmedi,GER,2015-16,Bayer Leverkusen,F M S,28,1322,2,2,5,28,33,2.332,2.332,3.114,5.952,2.215,2,0,66058,Admir Mehmedi,1991-03-16,24.46,183.0,right,Attack,Second Striker,Switzerland,Jugoslawien (SFR),28,1327,2,7,15,Bayer 04 Leverkusen,2157,6000000.0,5000000.0,0.999,1.0,0.996,same_club
209,Josip Drmic,GER,2015-16,"Borussia M.Gladbach,Hamburger SV",F M S,19,859,2,2,0,14,5,2.105,2.105,0.825,3.648,0.967,2,0,140579,Josip Drmic,1992-08-08,23.06,184.0,right,Attack,Centre-Forward,Switzerland,Switzerland,19,860,2,0,"18,41","Borussia Mönchengladbach,Hamburger SV",1087,8000000.0,6000000.0,1.0,1.0,0.999,same_club
229,Thiago Alcántara,GER,2015-16,Bayern Munich,M S,27,1637,2,2,3,30,37,2.912,2.912,3.569,14.964,11.039,2,0,60444,Thiago Alcántara,1991-04-11,24.39,174.0,right,Midfield,Central Midfield,Spain,Italy,27,1635,2,4,27,Bayern Munich,2782,25000000.0,25000000.0,1.0,1.0,0.999,same_club
236,Marvin Matip,GER,2015-16,Ingolstadt,D S,33,2923,2,2,1,25,9,2.503,2.503,0.742,3.524,3.159,5,0,17025,Marvin Matip,1985-09-25,29.93,184.0,right,Defender,Centre-Back,Cameroon,Germany,33,2925,2,1,4795,FC Ingolstadt 04,3015,1000000.0,1250000.0,1.0,1.0,0.999,same_club
243,Stefan Lex,GER,2015-16,Ingolstadt,F S,21,874,2,2,0,23,14,2.933,2.933,1.186,3.631,0.215,2,0,116792,Stefan Lex,1989-11-27,25.76,178.0,right,Attack,Right Winger,Germany,Germany,21,873,2,1,4795,FC Ingolstadt 04,937,1000000.0,1000000.0,1.0,1.0,0.999,same_club
254,Steven Zuber,GER,2015-16,Hoffenheim,M S,12,574,2,2,0,17,6,1.246,1.246,0.373,1.805,0.758,1,0,68033,Steven Zuber,1991-08-17,24.04,182.0,right,Attack,Left Winger,Switzerland,Switzerland,12,574,2,0,533,TSG 1899 Hoffenheim,574,2500000.0,2000000.0,1.0,1.0,1.0,same_club
289,Marc Stendera,GER,2015-16,Eintracht Frankfurt,M S,26,2053,2,2,1,39,27,2.112,2.112,1.86,6.89,4.319,9,0,160943,Marc Stendera,1995-12-10,19.73,173.0,right,Midfield,Central Midfield,Germany,Germany,26,2049,2,1,24,Eintracht Frankfurt,2199,6000000.0,8000000.0,0.999,1.0,0.998,same_club
299,Peter Niemeyer,GER,2015-16,Darmstadt,M,31,2584,2,2,0,29,7,2.765,2.765,0.387,4.61,3.747,13,0,4691,Peter Niemeyer,1983-11-22,31.78,191.0,right,Midfield,Defensive Midfield,Germany,Germany,31,2572,2,0,105,SV Darmstadt 98,2839,500000.0,750000.0,0.999,1.0,0.995,same_club
302,Johan Djourou,GER,2015-16,Hamburger SV,D,26,2292,2,2,0,8,2,1.344,1.344,0.142,4.639,4.175,6,1,34561,Johan Djourou,1987-01-18,28.62,192.0,right,Defender,Centre-Back,Switzerland,Cote d'Ivoire,26,2293,2,1,41,Hamburger SV,2293,3000000.0,3500000.0,1.0,1.0,1.0,same_club
308,Ricardo Rodríguez,GER,2015-16,Wolfsburg,D S,24,2068,2,0,3,26,36,2.081,0.566,3.342,7.636,5.754,3,0,86784,Ricardo Rodríguez,1992-08-25,23.02,182.0,left,Defender,Left-Back,Switzerland,Switzerland,24,2067,2,3,82,VfL Wolfsburg,3060,28000000.0,25000000.0,1.0,1.0,1.0,same_club
329,Franck Ribéry,GER,2015-16,Bayern Munich,F M S,13,681,2,2,3,13,27,1.486,1.486,2.414,6.656,4.296,1,0,22068,Franck Ribéry,1983-04-07,32.4,170.0,right,Attack,Left Winger,France,France,13,681,2,6,27,Bayern Munich,1327,22000000.0,10000000.0,1.0,1.0,1.0,same_club
336,Johannes Geis,GER,2015-16,Schalke 04,M S,28,2340,2,1,5,44,60,2.508,1.75,5.424,8.576,7.838,4,1,89650,Johannes Geis,1993-08-17,22.04,181.0,right,Midfield,Defensive Midfield,Germany,Germany,28,2334,2,5,33,FC Schalke 04,2958,11000000.0,15000000.0,0.999,1.0,0.997,same_club
341,Franco Di Santo,GER,2015-16,Schalke 04,F M S,25,1293,2,2,1,23,16,2.625,2.625,1.046,4.829,1.522,3,0,59783,Franco Di Santo,1989-04-07,26.4,193.0,right,Attack,Centre-Forward,Argentina,Argentina,25,1294,2,1,33,FC Schalke 04,1901,8500000.0,4500000.0,1.0,1.0,0.999,same_club
373,Mats Hummels,GER,2015-16,Borussia Dortmund,D S,30,2496,2,2,2,11,7,1.575,1.575,0.658,17.313,16.846,1,0,39728,Mats Hummels,1988-12-16,26.71,191.0,right,Defender,Centre-Back,Germany,Germany,30,2494,2,2,16,Borussia Dortmund,4210,35000000.0,38000000.0,1.0,1.0,0.999,same_club
406,Hong Jeong-ho,GER,2015-16,Augsburg,D S,23,1717,2,2,0,15,3,1.483,1.483,0.227,3.666,3.549,4,0,126638,Jeong-ho Hong,1989-08-12,26.05,186.0,right,Defender,Centre-Back,"Korea, South","Korea, South",23,1713,2,0,167,FC Augsburg,2153,2000000.0,2500000.0,0.999,1.0,0.998,same_club
407,Martin Harnik,GER,2015-16,VfB Stuttgart,F M S,19,995,2,2,0,32,10,5.848,5.848,1.397,8.563,2.81,2,0,31159,Martin Harnik,1987-06-10,28.23,185.0,right,Attack,Right Winger,Austria,Germany,19,972,2,0,79,VfB Stuttgart,1084,4500000.0,2500000.0,0.993,1.0,0.977,same_club
418,Niklas Stark,GER,2015-16,Hertha Berlin,D M S,21,1406,2,2,0,14,1,1.226,1.226,0.016,2.282,2.194,2,1,162434,Niklas Stark,1995-04-14,20.38,190.0,right,Defender,Centre-Back,Germany,Germany,21,1409,2,0,44,Hertha BSC,1629,2000000.0,3500000.0,0.999,1.0,0.998,same_club
430,Aron Jóhannsson,GER,2015-16,Werder Bremen,F S,6,414,2,1,0,14,8,2.391,1.633,0.283,1.358,0.174,0,0,119169,Aron Jóhannsson,1990-11-10,24.81,184.0,right,Attack,Centre-Forward,United States,United States,6,409,2,0,86,SV Werder Bremen,454,3500000.0,3500000.0,0.996,1.0,0.988,same_club
454,Charles Aránguiz,GER,2015-16,Bayer Leverkusen,M S,7,468,2,2,1,12,5,1.85,1.85,0.277,3.466,2.166,1,0,89701,Charles Aránguiz,1989-04-17,26.37,172.0,right,Midfield,Central Midfield,Chile,Chile,7,469,2,2,15,Bayer 04 Leverkusen,469,9500000.0,9500000.0,0.999,1.0,0.998,same_club
1071,Papy Djilobodji,GER,2015-16,Werder Bremen,D,14,1260,2,2,1,22,9,2.377,2.377,0.859,1.632,0.928,6,0,136610,Papy Djilobodji,1988-12-01,26.75,193.0,left,Defender,Centre-Back,Senegal,Senegal,14,1260,2,1,86,SV Werder Bremen,1440,6500000.0,3500000.0,1.0,1.0,1.0,same_club
2636,Darío Lezcano,GER,2015-16,Ingolstadt,F S,17,1253,2,2,1,29,18,3.694,3.694,1.733,4.331,0.544,4,0,80031,Darío Lezcano,1990-06-30,25.17,178.0,right,Attack,Centre-Forward,Paraguay,Paraguay,17,1247,2,4,4795,FC Ingolstadt 04,1247,1750000.0,3000000.0,0.999,1.0,0.995,same_club
2637,Younès Belhanda,GER,2015-16,Schalke 04,F M S,15,809,2,2,1,13,19,0.949,0.949,2.238,4.868,2.458,2,0,118022,Younès Belhanda,1990-02-25,25.51,175.0,right,Midfield,Attacking Midfield,Morocco,France,15,812,2,1,33,FC Schalke 04,1595,9000000.0,7500000.0,0.999,1.0,0.996,same_club
2662,Christian Pulisic,GER,2015-16,Borussia Dortmund,F M S,9,390,2,2,0,8,7,0.933,0.933,0.963,2.541,0.8,1,0,315779,Christian Pulisic,1998-09-18,16.95,177.0,right,Attack,Right Winger,United States,United States,9,386,2,0,16,Borussia Dortmund,433,,1000000.0,0.997,1.0,0.99,same_club
2666,Artjoms Rudnevs,GER,2015-16,Hamburger SV,F S,11,602,2,2,1,15,4,1.856,1.856,0.592,3.901,1.575,1,0,103547,Artjoms Rudnevs,1988-01-13,27.63,,,Attack,Centre-Forward,Latvia,UdSSR,11,600,2,1,41,Hamburger SV,600,1500000.0,1000000.0,0.999,1.0,0.997,same_club
14,Marco Sailer,GER,2015-16,Darmstadt,M S,14,426,1,1,1,6,4,0.937,0.937,0.283,1.536,0.316,1,0,18277,Marco Sailer,1985-11-16,29.79,,,Attack,Second Striker,Germany,Germany,14,431,1,1,105,SV Darmstadt 98,506,500000.0,500000.0,0.997,1.0,0.988,same_club
18,Slobodan Rajkovic,GER,2015-16,Darmstadt,D S,15,1007,1,1,1,5,2,0.737,0.737,0.482,0.931,0.865,4,0,35934,Slobodan Rajković,1989-02-03,26.57,191.0,left,Defender,Centre-Back,Serbia,Jugoslawien (SFR),15,1008,1,1,105,SV Darmstadt 98,1099,1000000.0,1000000.0,1.0,1.0,0.999,same_club
22,John Brooks,GER,2015-16,Hertha Berlin,D S,23,1805,1,1,1,9,2,0.778,0.778,0.545,2.367,2.367,3,0,124732,John Brooks,1993-01-28,22.59,194.0,left,Defender,Centre-Back,United States,Germany,23,1808,1,1,44,Hertha BSC,2082,4500000.0,7000000.0,1.0,1.0,0.998,same_club
25,Fabian Lustenberger,GER,2015-16,Hertha Berlin,D M,30,2564,1,1,0,10,9,0.855,0.855,0.575,5.821,5.419,5,0,42203,Fabian Lustenberger,1988-05-02,27.33,180.0,right,Defender,Centre-Back,Switzerland,Switzerland,30,2537,1,0,44,Hertha BSC,2927,4000000.0,4500000.0,0.997,1.0,0.989,same_club
32,Valentin Stocker,GER,2015-16,Hertha Berlin,M S,22,837,1,1,0,15,11,0.962,0.962,1.296,3.339,1.282,2,0,45178,Valentin Stocker,1989-04-12,26.39,179.0,left,Attack,Left Winger,Switzerland,Switzerland,22,833,1,0,44,Hertha BSC,934,5500000.0,4000000.0,0.999,1.0,0.995,same_club
34,Alexander Baumjohann,GER,2015-16,Hertha Berlin,M S,24,421,1,0,2,8,14,1.459,0.701,1.533,4.128,2.295,0,0,16474,Alexander Baumjohann,1987-01-23,28.61,178.0,right,Midfield,Attacking Midfield,Germany,Germany,24,436,1,2,44,Hertha BSC,481,1000000.0,1250000.0,0.99,1.0,0.966,same_club
38,Daniel Brosinski,GER,2015-16,Mainz 05,D M S,30,2237,1,1,3,14,24,0.64,0.64,2.292,7.704,6.155,3,0,43984,Daniel Brosinski,1988-07-17,27.12,178.0,right,Defender,Right-Back,Germany,Germany,30,2242,1,3,39,1.FSV Mainz 05,2368,2500000.0,2500000.0,0.999,1.0,0.998,same_club
40,Stefan Bell,GER,2015-16,Mainz 05,D S,30,2635,1,1,2,23,6,1.753,1.753,0.783,6.196,5.387,3,0,82350,Stefan Bell,1991-08-24,24.02,192.0,right,Defender,Centre-Back,Germany,Germany,30,2635,1,4,39,1.FSV Mainz 05,2815,4000000.0,5000000.0,1.0,1.0,1.0,same_club
57,Toni Sunjic,GER,2015-16,VfB Stuttgart,D S,19,1358,1,1,0,7,2,0.894,0.894,0.084,2.545,2.519,5,1,60790,Toni Sunjic,1988-12-15,26.71,194.0,right,Defender,Centre-Back,Bosnia-Herzegovina,Jugoslawien (SFR),19,1361,1,0,79,VfB Stuttgart,2201,2800000.0,2500000.0,0.999,1.0,0.998,same_club
61,Geoffroy Serey Dié,GER,2015-16,VfB Stuttgart,M,23,1834,1,1,2,15,16,0.489,0.489,2.327,8.484,6.634,8,1,77708,Geoffroy Serey Dié,1984-11-07,30.81,179.0,right,Midfield,Defensive Midfield,Cote d'Ivoire,Cote d'Ivoire,23,1823,1,2,79,VfB Stuttgart,1965,2000000.0,1750000.0,0.998,1.0,0.994,same_club
63,Alexandru Maxim,GER,2015-16,VfB Stuttgart,M S,25,1038,1,1,5,30,36,2.661,2.661,2.865,5.358,2.626,1,0,129513,Alexandru Maxim,1990-07-08,25.15,177.0,right,Midfield,Attacking Midfield,Romania,Romania,25,1049,1,6,79,VfB Stuttgart,1205,6000000.0,4000000.0,0.997,1.0,0.99,same_club
76,Fabian Schär,GER,2015-16,Hoffenheim,D M S,24,1726,1,1,0,18,7,0.848,0.848,0.442,3.983,3.559,3,0,135343,Fabian Schär,1991-12-20,23.7,186.0,right,Defender,Centre-Back,Switzerland,Switzerland,24,1728,1,0,533,TSG 1899 Hoffenheim,1787,8000000.0,4000000.0,1.0,1.0,0.999,same_club
86,Eugen Polanski,GER,2015-16,Hoffenheim,M S,27,1758,1,1,3,23,15,1.418,0.66,1.965,4.272,2.456,8,0,19548,Eugen Polanski,1986-03-17,29.46,183.0,right,Midfield,Defensive Midfield,Poland,Poland,27,1758,1,3,533,TSG 1899 Hoffenheim,1758,4500000.0,3500000.0,1.0,1.0,1.0,same_club
92,Hiroki Sakai,GER,2015-16,Hannover 96,D S,26,2293,1,1,0,11,12,0.345,0.345,0.729,3.332,2.492,1,0,83002,Hiroki Sakai,1990-04-12,25.39,185.0,right,Defender,Right-Back,Japan,Japan,26,2295,1,1,42,Hannover 96,2475,2500000.0,2000000.0,1.0,1.0,0.999,same_club
93,Marcelo,GER,2015-16,Hannover 96,D,19,1710,1,1,0,7,3,0.362,0.362,0.172,1.683,1.548,4,0,52920,Marcelo,1987-05-20,28.28,191.0,right,Defender,Centre-Back,Brazil,Brazil,19,1710,1,1,42,Hannover 96,2970,4000000.0,4000000.0,1.0,1.0,1.0,same_club
101,Allan Saint-Maximin,GER,2015-16,Hannover 96,F S,16,421,1,1,0,7,5,0.334,0.334,0.446,0.921,0.473,1,0,272642,Allan Saint-Maximin,1997-03-12,18.47,173.0,right,Attack,Left Winger,France,France,16,433,1,0,42,Hannover 96,550,1000000.0,2000000.0,0.992,1.0,0.972,same_club
103,Charlison Benschop,GER,2015-16,Hannover 96,F M S,9,338,1,1,0,7,1,1.031,1.031,0.012,1.47,0.426,0,0,66783,Charlison Benschop,1989-08-21,26.03,191.0,right,Attack,Centre-Forward,Curacao,Netherlands Antilles,9,340,1,1,42,Hannover 96,340,2000000.0,1500000.0,0.998,1.0,0.994,same_club
106,Waldemar Anton,GER,2015-16,Hannover 96,D M S,8,583,1,1,0,6,2,0.535,0.535,0.464,1.33,1.225,2,0,193004,Waldemar Anton,1996-07-20,19.12,189.0,right,Defender,Centre-Back,Germany,Uzbekistan,8,584,1,0,42,Hannover 96,584,100000.0,100000.0,0.999,1.0,0.998,same_club
108,Manuel Schmiedebach,GER,2015-16,Hannover 96,M,22,1813,1,1,1,11,21,0.699,0.699,0.868,5.259,4.025,4,0,41507,Manuel Schmiedebach,1988-12-05,26.74,171.0,right,Midfield,Defensive Midfield,Germany,Germany,22,1809,1,1,42,Hannover 96,1967,3500000.0,2000000.0,0.999,1.0,0.998,same_club
110,Theodor Gebre Selassie,GER,2015-16,Werder Bremen,D M,33,2961,1,1,2,18,25,1.007,1.007,1.831,6.944,5.062,5,0,60632,Theodor Gebre Selassie,1986-12-24,28.69,182.0,right,Defender,Right-Back,Czech Republic,CSSR,33,2961,1,2,86,SV Werder Bremen,3441,3000000.0,2750000.0,1.0,1.0,1.0,same_club
112,Alejandro Gálvez,GER,2015-16,Werder Bremen,D M S,21,1273,1,1,0,5,3,0.157,0.157,0.087,1.793,1.753,3,0,128488,Alejandro Gálvez,1989-06-06,26.24,190.0,right,Defender,Centre-Back,Spain,Spain,21,1273,1,0,86,SV Werder Bremen,1483,3500000.0,3500000.0,1.0,1.0,1.0,same_club
116,Florian Grillitsch,GER,2015-16,Werder Bremen,M S,25,1993,1,1,2,29,25,2.362,2.362,1.955,7.367,3.993,3,0,195736,Florian Grillitsch,1995-08-07,20.07,186.0,right,Midfield,Defensive Midfield,Austria,Austria,25,1989,1,3,86,SV Werder Bremen,2463,200000.0,2500000.0,0.999,1.0,0.998,same_club
117,Clemens Fritz,GER,2015-16,Werder Bremen,M,29,2536,1,1,2,25,15,0.577,0.577,1.614,6.488,4.372,13,0,1277,Clemens Fritz,1980-12-07,34.73,183.0,right,Defender,Right-Back,Germany,East Germany (GDR),29,2528,1,4,86,SV Werder Bremen,2845,750000.0,750000.0,0.999,1.0,0.997,same_club
118,Levin Öztunali,GER,2015-16,Werder Bremen,F M S,25,1410,1,1,3,24,18,1.393,1.393,1.911,5.449,2.416,2,0,168543,Levin Öztunali,1996-03-15,19.46,184.0,right,Midfield,Central Midfield,Germany,Germany,25,1407,1,4,86,SV Werder Bremen,1667,3000000.0,3000000.0,0.999,1.0,0.998,same_club
135,Yuya Osako,GER,2015-16,FC Cologne,F M S,25,1340,1,1,0,33,21,3.997,3.997,1.722,6.38,1.977,2,0,108650,Yuya Osako,1990-05-18,25.29,184.0,right,Attack,Centre-Forward,Japan,Japan,25,1342,1,1,3,1.FC Köln,1516,2250000.0,2250000.0,1.0,1.0,0.999,same_club
136,Dusan Svento,GER,2015-16,FC Cologne,M S,7,220,1,1,0,3,1,0.543,0.543,0.052,0.54,0.0,0,0,34543,Dusan Svento,1985-08-01,30.08,,,Defender,Left-Back,Slovakia,CSSR,7,222,1,0,3,1.FC Köln,297,1000000.0,750000.0,0.997,1.0,0.991,same_club
141,Philipp Hosiner,GER,2015-16,FC Cologne,F S,15,554,1,1,0,13,5,2.143,2.143,0.232,2.884,0.808,2,0,37788,Philipp Hosiner,1989-05-15,26.3,179.0,right,Attack,Centre-Forward,Austria,Austria,15,562,1,0,3,1.FC Köln,562,1250000.0,1250000.0,0.996,1.0,0.986,same_club
148,Dante,GER,2015-16,"Bayern Munich,Wolfsburg",D S,24,2082,1,1,0,15,5,1.022,1.022,1.068,6.506,6.091,4,2,16136,Dante,1983-10-18,31.87,188.0,left,Defender,Centre-Back,Brazil,Brazil,24,2082,1,0,"27,82","Bayern Munich,VfL Wolfsburg",2998,6000000.0,3000000.0,1.0,1.0,1.0,same_club
149,Marcel Schäfer,GER,2015-16,Wolfsburg,D M S,21,1299,1,1,2,12,34,0.87,0.87,3.327,6.169,4.772,1,0,8317,Marcel Schäfer,1984-06-07,31.23,184.0,left,Defender,Left-Back,Germany,Germany,21,1304,1,2,82,VfL Wolfsburg,1493,2000000.0,2000000.0,0.999,1.0,0.996,same_club
151,Vieirinha,GER,2015-16,Wolfsburg,D M S,26,1908,1,1,5,28,35,1.885,1.885,3.323,9.122,5.696,3,0,35247,Vieirinha,1986-01-24,29.6,172.0,right,Defender,Right-Back,Portugal,Portugal,26,1901,1,5,82,VfL Wolfsburg,2630,8000000.0,7000000.0,0.999,1.0,0.996,same_club
161,Robin Knoche,GER,2015-16,Wolfsburg,D S,11,817,1,1,0,2,3,0.671,0.671,0.052,1.459,1.439,1,0,94201,Robin Knoche,1992-05-22,23.28,189.0,right,Defender,Centre-Back,Germany,Germany,11,817,1,0,82,VfL Wolfsburg,997,12000000.0,6000000.0,1.0,1.0,1.0,same_club
162,Timm Klose,GER,2015-16,Wolfsburg,D S,8,633,1,1,0,4,1,0.263,0.263,0.019,1.453,1.341,1,0,65255,Timm Klose,1988-05-09,27.31,195.0,right,Defender,Centre-Back,Switzerland,Germany,8,633,1,0,82,VfL Wolfsburg,1765,3000000.0,5000000.0,1.0,1.0,0.999,same_club
162,Timm Klose,GER,2015-16,Wolfsburg,D S,8,633,1,1,0,4,1,0.263,0.263,0.019,1.453,1.341,1,0,65255,Timm Klose,1988-05-09,27.31,195.0,right,Defender,Centre-Back,Switzerland,Germany,8,633,1,0,82,VfL Wolfsburg,1765,3000000.0,5000000.0,1.0,1.0,1.0,same_club
166,Cléber,GER,2015-16,Hamburger SV,D S,23,1464,1,1,0,15,1,1.966,1.966,0.022,3.253,3.182,2,0,226009,Cléber Reis,1990-12-05,24.74,186.0,right,Defender,Centre-Back,Brazil,Brazil,23,1467,1,0,41,Hamburger SV,1587,2500000.0,2500000.0,0.969,0.95,0.998,same_club
174,Aaron Hunt,GER,2015-16,"Hamburger SV,Wolfsburg",M S,23,1739,1,0,2,24,40,2.075,1.317,3.182,5.306,3.379,2,0,4687,Aaron Hunt,1986-09-04,28.99,183.0,left,Midfield,Attacking Midfield,Germany,Germany,23,1739,1,3,"41,82","Hamburger SV,VfL Wolfsburg",1739,3500000.0,3500000.0,1.0,1.0,1.0,same_club
184,Ömer Toprak,GER,2015-16,Bayer Leverkusen,D M S,19,1417,1,1,0,11,5,1.33,1.33,0.194,2.479,2.372,2,0,43512,Ömer Toprak,1989-07-21,26.11,187.0,right,Defender,Centre-Back,Türkiye,Germany,19,1412,1,0,15,Bayer 04 Leverkusen,1885,18000000.0,18000000.0,0.999,1.0,0.996,same_club
198,Vladlen Yurchenko,GER,2015-16,Bayer Leverkusen,M S,7,291,1,1,0,5,4,0.256,0.256,0.47,1.762,1.121,2,0,157373,Vladlen Yurchenko,1994-01-22,21.61,181.0,right,Midfield,Attacking Midfield,Ukraine,Ukraine,7,292,1,0,15,Bayer 04 Leverkusen,344,250000.0,500000.0,0.999,1.0,0.997,same_club
203,Julian Korb,GER,2015-16,Borussia M.Gladbach,D M S,17,1267,1,1,1,6,7,0.813,0.813,0.993,4.545,3.404,4,0,77809,Julian Korb,1992-03-21,23.45,177.0,right,Defender,Right-Back,Germany,Germany,17,1267,1,1,18,Borussia Mönchengladbach,1856,5000000.0,6000000.0,1.0,1.0,1.0,same_club
218,Philipp Lahm,GER,2015-16,Bayern Munich,D M S,26,2201,1,1,1,10,49,1.264,1.264,4.158,16.38,13.202,3,0,2219,Philipp Lahm,1983-11-11,31.81,170.0,right,Defender,Right-Back,Germany,Germany,26,2200,1,1,27,Bayern Munich,3917,22000000.0,16000000.0,1.0,1.0,1.0,same_club
225,Javi Martínez,GER,2015-16,Bayern Munich,D M S,16,1103,1,1,1,13,8,1.252,1.252,1.927,8.113,6.228,2,0,44017,Javi Martínez,1988-09-02,27.0,189.0,right,Midfield,Defensive Midfield,Spain,Spain,16,1104,1,1,27,Bayern Munich,1917,28000000.0,25000000.0,1.0,1.0,0.999,same_club
228,Sebastian Rode,GER,2015-16,Bayern Munich,M S,15,397,1,1,1,7,3,1.344,1.344,0.176,2.842,1.448,1,0,44466,Sebastian Rode,1990-10-11,24.89,179.0,right,Midfield,Central Midfield,Germany,Germany,15,400,1,1,27,Bayern Munich,493,10000000.0,8000000.0,0.998,1.0,0.992,same_club
234,Tobias Levels,GER,2015-16,Ingolstadt,D,16,1440,1,1,2,4,7,0.198,0.198,0.432,2.165,1.66,4,0,31216,Tobias Levels,1986-11-22,28.77,,,Defender,Right-Back,Germany,Germany,16,1440,1,2,4795,FC Ingolstadt 04,1440,800000.0,1000000.0,1.0,1.0,1.0,same_club
237,Robert Bauer,GER,2015-16,Ingolstadt,D M S,24,1676,1,1,0,5,6,0.111,0.111,0.334,2.672,2.308,5,0,179634,Robert Bauer,1995-04-09,20.4,183.0,right,Defender,Centre-Back,,,24,1676,1,1,4795,FC Ingolstadt 04,1676,700000.0,1250000.0,1.0,1.0,1.0,same_club
238,Roger,GER,2015-16,Ingolstadt,M S,29,2501,1,1,1,16,9,0.568,0.568,1.124,2.283,1.645,3,0,56435,Roger,1985-08-10,30.06,184.0,right,Midfield,Defensive Midfield,Brazil,Brazil,29,2500,1,1,4795,FC Ingolstadt 04,2558,1000000.0,1250000.0,1.0,1.0,1.0,same_club
239,Pascal Groß,GER,2015-16,Ingolstadt,M,32,2834,1,1,4,70,95,3.085,3.085,8.379,9.818,4.856,8,1,82873,Pascal Groß,1991-06-15,24.21,181.0,right,Midfield,Central Midfield,Germany,Germany,32,2833,1,6,4795,FC Ingolstadt 04,2923,3000000.0,4000000.0,1.0,1.0,1.0,same_club
251,Benjamin Hübner,GER,2015-16,Ingolstadt,D,30,2632,1,1,0,20,3,2.087,2.087,0.112,2.575,2.463,7,0,52348,Benjamin Hübner,1989-07-04,26.16,193.0,left,Defender,Centre-Back,Germany,Germany,30,2629,1,0,4795,FC Ingolstadt 04,2719,1500000.0,2250000.0,1.0,1.0,0.999,same_club
252,Alfredo Morales,GER,2015-16,Ingolstadt,F M S,24,1659,1,1,2,30,11,1.739,1.739,1.721,4.773,1.519,7,0,58500,Alfredo Morales,1990-05-12,25.31,183.0,right,Midfield,Central Midfield,United States,Germany,24,1662,1,2,4795,FC Ingolstadt 04,1694,1500000.0,2000000.0,0.999,1.0,0.998,same_club
257,Jeremy Toljan,GER,2015-16,Hoffenheim,D M S,18,1485,1,1,0,6,6,0.481,0.481,0.244,2.051,1.428,0,0,129674,Jeremy Toljan,1994-08-08,21.07,182.0,right,Defender,Right-Back,Germany,Germany,18,1487,1,0,533,TSG 1899 Hoffenheim,1577,1000000.0,1500000.0,1.0,1.0,0.999,same_club
260,Sebastian Boenisch,GER,2015-16,Bayer Leverkusen,D S,8,547,1,1,0,8,3,0.292,0.292,0.168,1.711,1.58,1,1,36914,Sebastian Boenisch,1987-02-01,28.58,191.0,right,Defender,Left-Back,Poland,Poland,8,549,1,0,15,Bayer 04 Leverkusen,549,2000000.0,1000000.0,0.999,1.0,0.996,same_club
266,Jan-Ingwer Callsen-Bracker,GER,2015-16,Augsburg,D S,10,739,1,1,0,5,1,0.665,0.665,0.03,1.8,1.77,1,0,3851,Jan-Ingwer Callsen-Bracker,1984-09-23,30.94,188.0,right,Defender,Centre-Back,Germany,Germany,10,741,1,0,167,FC Augsburg,1046,2000000.0,2000000.0,0.999,1.0,0.997,same_club
268,Daniel Baier,GER,2015-16,Augsburg,M,28,2341,1,1,2,18,51,0.66,0.66,3.202,8.408,7.248,7,0,4018,Daniel Baier,1984-05-18,31.29,176.0,right,Midfield,Defensive Midfield,Germany,Germany,28,2332,1,2,167,FC Augsburg,3070,3500000.0,3000000.0,0.999,1.0,0.996,same_club
278,Markus Feulner,GER,2015-16,Augsburg,D M S,19,1079,1,1,0,13,8,1.041,1.041,0.378,3.44,2.31,4,0,1986,Markus Feulner,1982-02-12,33.55,183.0,right,Midfield,Central Midfield,Germany,Germany,19,1080,1,0,167,FC Augsburg,1468,1000000.0,750000.0,1.0,1.0,0.999,same_club
280,Halil Altintop,GER,2015-16,Augsburg,F M S,19,1212,1,1,2,14,15,1.782,1.782,1.288,4.631,1.857,1,0,1791,Halil Altintop,1982-12-08,32.73,185.0,right,Midfield,Attacking Midfield,Turkey,Germany,19,1205,1,2,167,FC Augsburg,1752,2000000.0,1250000.0,0.998,1.0,0.994,same_club
282,Makoto Hasebe,GER,2015-16,Eintracht Frankfurt,D M S,32,2676,1,1,2,7,29,0.139,0.139,2.578,5.909,3.972,9,0,39259,Makoto Hasebe,1984-01-18,31.62,180.0,right,Defender,Centre-Back,Japan,Japan,32,2673,1,2,24,Eintracht Frankfurt,2853,2500000.0,2500000.0,1.0,1.0,0.999,same_club
286,Stefan Reinartz,GER,2015-16,Eintracht Frankfurt,M S,15,1198,1,1,1,8,8,0.493,0.493,0.782,4.429,3.306,2,0,43274,Stefan Reinartz,1989-01-01,26.66,,,Midfield,Defensive Midfield,Germany,Germany,15,1198,1,1,24,Eintracht Frankfurt,1333,3500000.0,4000000.0,1.0,1.0,1.0,same_club
287,Slobodan Medojevic,GER,2015-16,Eintracht Frankfurt,M S,14,553,1,1,0,2,2,0.164,0.164,0.058,0.521,0.504,0,1,48164,Slobodan Medojevic,1990-10-20,24.87,182.0,right,Midfield,Defensive Midfield,Serbia,Jugoslawien (SFR),14,557,1,0,24,Eintracht Frankfurt,647,1750000.0,1500000.0,0.998,1.0,0.993,same_club
314,Ilkay Gündogan,GER,2015-16,Borussia Dortmund,M S,25,1998,1,1,3,50,25,3.783,3.783,4.097,24.366,19.133,1,0,53622,İlkay Gündoğan,1990-10-24,24.85,180.0,right,Midfield,Central Midfield,Germany,Germany,25,1993,1,3,16,Borussia Dortmund,3009,20000000.0,30000000.0,0.999,1.0,0.997,same_club
320,Jonas Hofmann,GER,2015-16,"Borussia Dortmund,Borussia M.Gladbach",F M S,15,500,1,1,2,16,11,2.015,2.015,1.686,6.406,3.615,0,0,7161,Jonas Hofmann,1992-07-14,23.13,176.0,right,Midfield,Attacking Midfield,Germany,Germany,15,502,1,2,"16,18","Borussia Dortmund,Borussia Mönchengladbach",946,4000000.0,6000000.0,0.999,1.0,0.996,same_club
328,Medhi Benatia,GER,2015-16,Bayern Munich,D S,14,975,1,1,2,8,3,0.992,0.992,0.631,5.466,5.454,2,0,45124,Medhi Benatia,1987-04-17,28.38,190.0,right,Defender,Centre-Back,Morocco,France,14,980,1,2,27,Bayern Munich,1277,26000000.0,18000000.0,0.998,1.0,0.995,same_club
333,Benedikt Höwedes,GER,2015-16,Schalke 04,D S,15,895,1,1,0,8,5,0.766,0.766,0.199,1.865,1.665,4,0,39020,Benedikt Höwedes,1988-02-29,27.5,188.0,right,Defender,Centre-Back,Germany,Germany,15,897,1,0,33,FC Schalke 04,1246,18000000.0,16000000.0,0.999,1.0,0.998,same_club
335,Leon Goretzka,GER,2015-16,Schalke 04,M S,25,1995,1,1,3,37,24,2.699,2.699,2.671,10.021,6.65,5,0,153084,Leon Goretzka,1995-02-06,20.57,189.0,right,Midfield,Central Midfield,Germany,Germany,25,1993,1,4,33,FC Schalke 04,2738,7500000.0,13000000.0,1.0,1.0,0.999,same_club
342,Sead Kolasinac,GER,2015-16,Schalke 04,D M S,23,1570,1,1,0,12,15,0.889,0.889,1.343,5.5,4.889,5,0,94005,Sead Kolasinac,1993-06-20,22.2,183.0,left,Defender,Centre-Back,Bosnia-Herzegovina,Germany,23,1570,1,0,33,FC Schalke 04,2049,7000000.0,7000000.0,1.0,1.0,1.0,same_club
350,Felix Klaus,GER,2015-16,Hannover 96,M S,18,799,1,1,0,19,5,0.875,0.875,0.147,1.946,1.074,1,0,89591,Felix Klaus,1992-09-13,22.97,179.0,right,Attack,Right Winger,Germany,Germany,18,793,1,0,42,Hannover 96,928,3000000.0,2000000.0,0.998,1.0,0.992,same_club
354,Gaëtan Bussmann,GER,2015-16,Mainz 05,D M,13,1170,1,1,0,7,11,0.375,0.375,0.585,2.704,2.21,3,0,127177,Gaëtan Bussmann,1991-02-02,24.58,184.0,left,Defender,Left-Back,France,France,13,1170,1,0,39,1.FSV Mainz 05,1170,2000000.0,2000000.0,1.0,1.0,1.0,same_club
361,Uffe Bech,GER,2015-16,Hannover 96,M S,11,688,1,1,1,9,9,1.6,1.6,0.345,3.273,1.408,1,0,94939,Uffe Bech,1993-01-13,22.63,170.0,left,Attack,Right Winger,Denmark,Denmark,11,684,1,3,42,Hannover 96,690,2000000.0,1750000.0,0.998,1.0,0.994,same_club
367,Jan Morávek,GER,2015-16,Augsburg,M S,11,386,1,1,0,6,5,0.919,0.919,0.576,1.423,0.125,0,0,63022,Jan Moravek,1989-11-01,25.83,180.0,right,Midfield,Central Midfield,Czech Republic,CSSR,11,392,1,0,167,FC Augsburg,472,1000000.0,1000000.0,0.995,1.0,0.985,same_club
368,Konstantinos Stafylidis,GER,2015-16,Augsburg,D S,11,684,1,1,0,10,4,0.35,0.35,0.169,0.639,0.453,2,0,148967,Konstantinos Stafylidis,1993-12-02,21.75,178.0,left,Defender,Left-Back,Greece,Greece,11,685,1,1,167,FC Augsburg,1125,2000000.0,2000000.0,1.0,1.0,0.999,same_club
371,Sokratis,GER,2015-16,Borussia Dortmund,D S,25,2114,1,1,0,10,2,0.577,0.577,0.172,11.891,11.746,5,0,34322,Sokratis Papastathopoulos,1988-06-09,27.23,186.0,right,Defender,Centre-Back,Greece,Greece,25,2113,1,0,16,Borussia Dortmund,3245,18000000.0,22000000.0,0.97,0.95,1.0,same_club
384,Jan Kliment,GER,2015-16,VfB Stuttgart,S,8,148,1,1,0,3,3,0.095,0.095,0.543,1.692,1.171,1,0,218299,Jan Kliment,1993-09-01,22.0,185.0,right,Attack,Centre-Forward,Czech Republic,Czech Republic,8,151,1,0,79,VfB Stuttgart,191,750000.0,1000000.0,0.994,1.0,0.98,same_club
386,Gojko Kacar,GER,2015-16,Hamburger SV,D M S,19,1114,1,1,0,8,2,0.732,0.732,0.363,2.85,2.146,3,0,28683,Gojko Kacar,1987-01-26,28.6,,,Midfield,Defensive Midfield,Serbia,Jugoslawien (SFR),19,1120,1,0,41,Hamburger SV,1120,1250000.0,1250000.0,0.998,1.0,0.995,same_club
387,Luiz Gustavo,GER,2015-16,Wolfsburg,M,22,1811,1,1,2,23,7,2.853,2.853,0.541,7.102,5.333,8,0,10471,Luiz Gustavo,1987-07-23,28.11,187.0,left,Midfield,Defensive Midfield,Brazil,Brazil,22,1809,1,3,82,VfL Wolfsburg,2529,22000000.0,20000000.0,1.0,1.0,0.999,same_club
391,David Alaba,GER,2015-16,Bayern Munich,D S,30,2491,1,1,0,28,19,1.135,1.135,1.597,13.743,12.257,2,0,59016,David Alaba,1992-06-24,23.19,180.0,left,Defender,Centre-Back,Austria,Austria,30,2492,1,1,27,Bayern Munich,3992,38000000.0,45000000.0,1.0,1.0,1.0,same_club
394,Leon Balogun,GER,2015-16,Mainz 05,D S,21,1512,1,1,0,12,6,0.559,0.559,0.643,4.933,4.502,4,0,56100,Leon Balogun,1988-06-28,27.18,190.0,right,Defender,Centre-Back,Nigeria,Germany,21,1511,1,0,39,1.FSV Mainz 05,1611,1000000.0,1000000.0,1.0,1.0,0.999,same_club
421,Lars Bender,GER,2015-16,Bayer Leverkusen,D M,11,890,1,1,1,11,8,1.181,1.181,0.811,2.669,2.305,3,0,30059,Lars Bender,1989-04-27,26.35,185.0,right,Midfield,Defensive Midfield,Germany,Germany,11,886,1,0,15,Bayer 04 Leverkusen,1315,22000000.0,20000000.0,0.999,1.0,0.996,same_club
448,Ivan Perisic,GER,2015-16,Wolfsburg,M,2,164,1,1,0,3,3,0.122,0.122,0.158,0.319,0.039,0,0,42460,Ivan Perišić,1989-02-02,26.58,186.0,both,Attack,Left Winger,Croatia,Jugoslawien (SFR),2,164,1,0,82,VfL Wolfsburg,2916,13000000.0,21000000.0,1.0,1.0,1.0,same_club
448,Ivan Perisic,GER,2015-16,Wolfsburg,M,2,164,1,1,0,3,3,0.122,0.122,0.158,0.319,0.039,0,0,42460,Ivan Perišić,1989-02-02,26.58,186.0,both,Attack,Left Winger,Croatia,Jugoslawien (SFR),2,164,1,0,82,VfL Wolfsburg,2916,13000000.0,21000000.0,1.0,1.0,0.999,same_club
1320,Federico Barba,GER,2015-16,VfB Stuttgart,D,2,143,1,1,0,1,0,0.061,0.061,0.0,0.03,0.03,0,0,165873,Federico Barba,1993-09-01,22.0,187.0,left,Defender,Centre-Back,Italy,Italy,2,141,1,0,79,VfB Stuttgart,1121,2000000.0,1800000.0,0.996,1.0,0.986,same_club
1320,Federico Barba,GER,2015-16,VfB Stuttgart,D,2,143,1,1,0,1,0,0.061,0.061,0.0,0.03,0.03,0,0,165873,Federico Barba,1993-09-01,22.0,187.0,left,Defender,Centre-Back,Italy,Italy,2,141,1,0,79,VfB Stuttgart,1121,2000000.0,1800000.0,1.0,1.0,0.999,same_club
2630,Artem Kravets,GER,2015-16,VfB Stuttgart,F S,15,585,1,1,2,17,7,1.311,1.311,1.571,3.37,1.539,1,0,58405,Artem Kravets,1989-06-03,26.25,189.0,right,Attack,Centre-Forward,Ukraine,UdSSR,15,588,1,2,79,VfB Stuttgart,1339,4000000.0,4000000.0,0.998,1.0,0.995,same_club
2631,Karim Onisiwo,GER,2015-16,Mainz 05,M S,9,328,1,1,1,11,5,1.168,1.168,2.088,2.817,0.026,1,0,119234,Karim Onisiwo,1992-03-17,23.46,188.0,right,Attack,Centre-Forward,Austria,Austria,9,331,1,1,39,1.FSV Mainz 05,331,500000.0,1500000.0,0.997,1.0,0.991,same_club
2640,Erik Durm,GER,2015-16,Borussia Dortmund,D M S,14,864,1,1,1,13,8,1.868,1.868,2.249,7.171,3.237,2,0,93922,Erik Durm,1992-05-12,23.3,183.0,right,Defender,Right-Back,Germany,Germany,14,862,1,1,16,Borussia Dortmund,1179,6000000.0,5000000.0,0.999,1.0,0.998,same_club
2648,Änis Ben-Hatira,GER,2015-16,Eintracht Frankfurt,M S,9,608,1,1,1,12,4,1.351,1.351,0.248,1.835,0.632,2,0,35872,Änis Ben-Hatira,1988-07-18,27.12,183.0,both,Midfield,Attacking Midfield,Tunisia,Germany,9,607,1,2,24,Eintracht Frankfurt,607,2000000.0,1000000.0,1.0,1.0,0.998,same_club
2660,Szabolcs Huszti,GER,2015-16,Eintracht Frankfurt,M S,15,1185,1,1,2,20,33,1.011,1.011,2.341,4.725,3.657,5,0,18331,Szabolcs Huszti,1983-04-18,32.37,173.0,left,Midfield,Left Midfield,Hungary,Hungary,15,1183,1,2,24,Eintracht Frankfurt,1183,2000000.0,1000000.0,0.999,1.0,0.998,same_club
2667,Sambou Yatabaré,GER,2015-16,Werder Bremen,M S,8,493,1,1,1,8,7,1.124,1.124,0.585,2.202,0.881,3,0,93309,Sambou Yatabaré,1989-03-02,26.5,190.0,right,Midfield,Central Midfield,Mali,France,8,493,1,2,86,SV Werder Bremen,1584,1500000.0,2500000.0,1.0,1.0,1.0,same_club
2680,Hugo Almeida,GER,2015-16,Hannover 96,F S,7,525,1,1,0,14,6,0.891,0.891,0.326,0.845,0.038,1,0,9824,Hugo Almeida,1984-05-23,31.27,191.0,left,Attack,Centre-Forward,Portugal,Portugal,7,529,1,0,42,Hannover 96,1350,2000000.0,500000.0,0.998,1.0,0.992,same_club
2689,Jiloan Hamad,GER,2015-16,Hoffenheim,M S,7,321,1,1,0,4,3,0.601,0.601,0.132,0.782,0.143,1,0,63833,Jiloan Hamad,1990-11-06,24.82,173.0,right,Midfield,Attacking Midfield,Iraq,UdSSR,7,315,1,0,533,TSG 1899 Hoffenheim,315,750000.0,750000.0,0.994,1.0,0.981,same_club
1,Christian Mathenia,GER,2015-16,Darmstadt,GK,33,2970,0,0,0,0,5,0.0,0.0,0.358,3.3,2.942,3,0,82361,Christian Mathenia,1992-03-31,23.42,189.0,right,Goalkeeper,Goalkeeper,Germany,Germany,33,2970,0,0,105,SV Darmstadt 98,3240,1200000.0,2500000.0,1.0,1.0,1.0,same_club
2,György Garics,GER,2015-16,Darmstadt,D S,21,1796,0,0,0,3,3,0.045,0.045,0.292,1.418,1.25,8,0,2926,György Garics,1984-03-08,31.48,,,Defender,Right-Back,Austria,Hungary,21,1795,0,0,105,SV Darmstadt 98,1885,600000.0,750000.0,1.0,1.0,0.999,same_club
3,Luca Caldirola,GER,2015-16,Darmstadt,D,34,3060,0,0,1,15,8,2.527,2.527,1.321,1.997,1.317,4,0,88680,Luca Caldirola,1991-02-01,24.58,186.0,left,Defender,Centre-Back,Italy,Italy,34,3060,0,1,105,SV Darmstadt 98,3240,1500000.0,2500000.0,1.0,1.0,1.0,same_club
5,Fabian Holland,GER,2015-16,Darmstadt,D M S,18,1437,0,0,0,3,5,0.036,0.036,0.479,1.385,1.255,5,0,54846,Fabian Holland,1990-07-11,25.14,172.0,left,Defender,Left-Back,Germany,Germany,18,1436,0,0,105,SV Darmstadt 98,1526,900000.0,1000000.0,1.0,1.0,0.999,same_club
7,Florian Jungwirth,GER,2015-16,Darmstadt,D M S,19,1490,0,0,1,8,6,0.259,0.259,0.818,2.315,1.63,4,0,33078,Florian Jungwirth,1989-01-27,26.59,181.0,right,Defender,Centre-Back,Germany,Germany,19,1495,0,1,105,SV Darmstadt 98,1675,850000.0,850000.0,0.999,1.0,0.997,same_club
9,Tobias Kempe,GER,2015-16,Darmstadt,M S,31,1263,0,0,3,30,30,1.552,1.552,2.905,4.156,2.179,0,0,42072,Tobias Kempe,1989-06-27,26.18,184.0,right,Midfield,Central Midfield,Germany,Germany,31,1276,0,4,105,SV Darmstadt 98,1466,1000000.0,1000000.0,0.997,1.0,0.99,same_club
10,Jan Rosenthal,GER,2015-16,Darmstadt,M S,23,1430,0,0,1,16,13,1.47,1.47,2.244,5.705,3.158,2,0,31173,Jan Rosenthal,1986-04-07,29.4,186.0,right,Attack,Second Striker,Germany,Germany,23,1421,0,4,105,SV Darmstadt 98,1529,800000.0,1000000.0,0.998,1.0,0.994,same_club
15,Júnior Díaz,GER,2015-16,Darmstadt,D S,12,869,0,0,0,5,5,0.189,0.189,0.249,0.792,0.562,2,0,35383,Júnior Díaz,1983-09-12,31.97,185.0,left,Defender,Centre-Back,Costa Rica,Costa Rica,12,868,0,0,105,SV Darmstadt 98,1048,1000000.0,750000.0,1.0,1.0,0.999,same_club
16,Dominik Stroh-Engel,GER,2015-16,Darmstadt,F S,15,506,0,0,1,6,5,0.811,0.811,0.287,1.315,0.852,0,0,19736,Dominik Stroh-Engel,1985-11-27,29.76,197.0,right,Attack,Centre-Forward,Germany,Germany,15,511,0,1,105,SV Darmstadt 98,610,800000.0,800000.0,0.997,1.0,0.99,same_club
19,Rune Jarstein,GER,2015-16,Hertha Berlin,GK S,29,2560,0,0,0,0,0,0.0,0.0,0.0,1.846,1.846,2,0,24112,Rune Jarstein,1984-09-29,30.92,192.0,right,Goalkeeper,Goalkeeper,Norway,Norway,29,2565,0,0,44,Hertha BSC,2955,500000.0,2000000.0,0.999,1.0,0.998,same_club
20,Yanni Regäsel,GER,2015-16,"Eintracht Frankfurt,Hertha Berlin",D S,16,1274,0,0,0,4,7,0.095,0.095,0.875,3.657,2.855,1,0,170522,Yanni Regäsel,1996-01-13,19.63,176.0,right,Defender,Right-Back,Germany,Germany,16,1274,0,0,"24,44","Eintracht Frankfurt,Hertha BSC",1274,100000.0,750000.0,1.0,1.0,1.0,same_club
21,Sebastian Langkamp,GER,2015-16,Hertha Berlin,D,22,1878,0,0,1,2,3,0.427,0.427,0.223,3.829,3.829,8,0,39094,Sebastian Langkamp,1988-01-15,27.63,191.0,right,Defender,Centre-Back,Germany,Germany,22,1880,0,1,44,Hertha BSC,2270,3000000.0,3000000.0,1.0,1.0,0.999,same_club
24,Per Skjelbred,GER,2015-16,Hertha Berlin,M,31,2701,0,0,2,4,8,0.222,0.222,0.894,6.671,6.21,9,0,18918,Per Ciljan Skjelbred,1987-06-16,28.21,175.0,right,Midfield,Central Midfield,Norway,Norway,31,2695,0,2,44,Hertha BSC,3167,3000000.0,3500000.0,0.969,0.95,0.998,same_club
30,Jens Hegeler,GER,2015-16,Hertha Berlin,M S,16,479,0,0,0,12,1,1.031,1.031,0.031,1.276,1.033,1,0,51168,Jens Hegeler,1988-01-22,27.61,,,Midfield,Central Midfield,Germany,Germany,16,480,0,0,44,Hertha BSC,752,1500000.0,1250000.0,0.999,1.0,0.998,same_club
31,Johannes van den Bergh,GER,2015-16,Hertha Berlin,M S,13,222,0,0,1,1,3,0.066,0.066,0.697,2.246,2.093,1,0,31218,Johannes van den Bergh,1986-11-21,28.78,183.0,left,Defender,Left-Back,Germany,Germany,13,230,0,1,44,Hertha BSC,350,600000.0,600000.0,0.99,1.0,0.965,same_club
36,Roy Beerens,GER,2015-16,Hertha Berlin,M,2,113,0,0,0,1,0,0.014,0.014,0.0,0.116,0.102,0,1,25427,Roy Beerens,1987-12-22,27.69,173.0,right,Attack,Right Winger,Netherlands,Netherlands,2,111,0,0,44,Hertha BSC,187,3000000.0,2000000.0,0.995,1.0,0.982,same_club
37,Loris Karius,GER,2015-16,Mainz 05,GK,34,3060,0,0,0,0,0,0.0,0.0,0.0,2.975,2.975,1,0,85864,Loris Karius,1993-06-22,22.19,191.0,right,Goalkeeper,Goalkeeper,Germany,Germany,34,3060,0,0,39,1.FSV Mainz 05,3240,5000000.0,7000000.0,1.0,1.0,1.0,same_club
39,Niko Bungert,GER,2015-16,Mainz 05,D S,21,1750,0,0,0,4,1,0.271,0.271,0.069,5.757,5.648,2,0,30070,Niko Bungert,1986-10-24,28.85,188.0,right,Defender,Centre-Back,Germany,Germany,21,1746,0,0,39,1.FSV Mainz 05,1919,2500000.0,2500000.0,0.999,1.0,0.998,same_club
41,Pierre Bengtsson,GER,2015-16,Mainz 05,D S,16,1272,0,0,0,5,8,0.25,0.25,0.896,4.742,4.574,1,0,50577,Pierre Bengtsson,1988-04-12,27.39,177.0,left,Defender,Left-Back,Sweden,Sweden,16,1274,0,0,39,1.FSV Mainz 05,1319,2000000.0,2000000.0,1.0,1.0,0.998,same_club
43,Danny Latza,GER,2015-16,Mainz 05,M S,27,1861,0,0,2,27,32,1.419,1.419,2.225,10.248,8.154,8,0,39025,Danny Latza,1989-12-07,25.73,179.0,right,Midfield,Central Midfield,Germany,Germany,27,1862,0,2,39,1.FSV Mainz 05,1959,1200000.0,2250000.0,1.0,1.0,0.999,same_club
50,Gonzalo Jara,GER,2015-16,Mainz 05,D M S,6,447,0,0,0,1,2,0.016,0.016,0.086,2.494,2.392,1,0,40429,Gonzalo Jara,1985-08-29,30.01,178.0,right,Defender,Centre-Back,Chile,Chile,6,445,0,0,39,1.FSV Mainz 05,468,1000000.0,1000000.0,0.999,1.0,0.996,same_club
52,Alexander Hack,GER,2015-16,Mainz 05,D,7,630,0,0,0,3,1,0.218,0.218,0.022,2.07,2.07,1,0,126281,Alexander Hack,1993-09-08,21.98,193.0,left,Defender,Centre-Back,Germany,Germany,7,630,0,0,39,1.FSV Mainz 05,630,225000.0,750000.0,1.0,1.0,1.0,same_club
53,Maximilian Beister,GER,2015-16,Mainz 05,S,1,5,0,0,0,0,0,0.0,0.0,0.0,0.0,0.0,0,0,58379,Maximilian Beister,,,180.0,left,Attack,Right Winger,Germany,Germany,1,5,0,0,39,1.FSV Mainz 05,5,1500000.0,900000.0,1.0,1.0,1.0,same_club
54,Christoph Moritz,GER,2015-16,Mainz 05,M S,8,249,0,0,0,1,0,0.015,0.015,0.0,0.389,0.374,0,0,55519,Christoph Moritz,1990-01-27,25.59,186.0,right,Midfield,Central Midfield,Germany,Germany,8,246,0,0,39,1.FSV Mainz 05,300,1500000.0,1500000.0,0.996,1.0,0.988,same_club
55,Przemyslaw Tyton,GER,2015-16,VfB Stuttgart,GK,30,2679,0,0,0,0,1,0.0,0.0,0.018,2.284,2.266,1,1,33210,Przemyslaw Tyton,1987-01-04,28.66,195.0,right,Goalkeeper,Goalkeeper,Poland,Poland,30,2677,0,0,79,VfB Stuttgart,2977,2500000.0,2500000.0,1.0,1.0,0.999,same_club
56,Daniel Schwaab,GER,2015-16,VfB Stuttgart,D M S,29,2385,0,0,1,12,8,0.425,0.425,0.619,5.356,5.076,3,0,38434,Daniel Schwaab,1988-08-23,27.02,186.0,right,Defender,Centre-Back,Germany,Germany,29,2385,0,1,79,VfB Stuttgart,2598,2500000.0,1500000.0,1.0,1.0,1.0,same_club
59,Emiliano Insúa,GER,2015-16,VfB Stuttgart,D,33,2934,0,0,1,23,34,0.886,0.886,3.733,9.737,6.358,5,0,45599,Emiliano Insúa,1989-01-07,26.65,179.0,left,Defender,Centre-Back,Argentina,Argentina,33,2935,0,2,79,VfB Stuttgart,3237,4000000.0,4000000.0,1.0,1.0,1.0,same_club
66,Robbie Kruse,GER,2015-16,"Bayer Leverkusen,VfB Stuttgart",F M S,12,435,0,0,0,7,6,0.462,0.462,0.253,1.586,0.902,2,0,51972,Robbie Kruse,1988-10-05,26.9,179.0,right,Attack,Left Winger,Australia,Australia,12,442,0,0,"15,79","Bayer 04 Leverkusen,VfB Stuttgart",572,1500000.0,1000000.0,0.995,1.0,0.984,same_club
67,Adam Hlousek,GER,2015-16,VfB Stuttgart,D S,7,414,0,0,0,1,0,0.048,0.048,0.0,0.97,0.97,1,0,62800,Adam Hlousek,1988-12-20,26.7,187.0,left,Defender,Left-Back,Czech Republic,CSSR,7,417,0,0,79,VfB Stuttgart,507,1000000.0,1000000.0,0.998,1.0,0.993,same_club
68,Boris Tashchy,GER,2015-16,VfB Stuttgart,S,9,142,0,0,0,2,1,0.101,0.101,0.036,0.076,0.076,0,0,138292,Boris Tashchy,1993-07-26,22.1,192.0,right,Attack,Centre-Forward,Ukraine,Ukraine,9,146,0,1,79,VfB Stuttgart,200,300000.0,400000.0,0.992,1.0,0.973,same_club
69,Carlos Gruezo,GER,2015-16,VfB Stuttgart,M S,2,61,0,0,0,0,0,0.0,0.0,0.0,0.0,0.0,0,0,189475,Carlos Gruezo,1995-04-19,20.37,176.0,right,Midfield,Defensive Midfield,Ecuador,Ecuador,2,59,0,0,79,VfB Stuttgart,149,2000000.0,1250000.0,0.993,1.0,0.978,same_club
70,Philip Heise,GER,2015-16,VfB Stuttgart,D S,5,147,0,0,1,3,1,0.192,0.192,0.51,0.7,0.077,0,0,112617,Philip Heise,1991-06-20,24.2,184.0,left,Defender,Left-Back,Germany,Germany,5,148,0,1,79,VfB Stuttgart,238,800000.0,800000.0,0.998,1.0,0.993,same_club
71,Timo Baumgartl,GER,2015-16,VfB Stuttgart,D S,19,1547,0,0,0,7,0,1.197,1.197,0.0,3.285,2.492,3,0,187491,Timo Baumgartl,1996-03-04,19.49,192.0,right,Defender,Centre-Back,Germany,Germany,19,1547,0,0,79,VfB Stuttgart,1727,2500000.0,3500000.0,1.0,1.0,1.0,same_club
73,Oliver Baumann,GER,2015-16,Hoffenheim,GK,33,2970,0,0,0,0,2,0.0,0.0,0.059,2.545,2.487,1,0,55089,Oliver Baumann,1990-06-02,25.25,187.0,right,Goalkeeper,Goalkeeper,Germany,Germany,33,2970,0,0,533,TSG 1899 Hoffenheim,3060,5500000.0,5500000.0,1.0,1.0,1.0,same_club
74,Pavel Kaderábek,GER,2015-16,Hoffenheim,D M S,28,2225,0,0,1,6,12,0.261,0.261,1.258,3.869,2.801,2,0,143798,Pavel Kaderabek,1992-04-25,23.35,182.0,right,Midfield,Right Midfield,Czech Republic,CSSR,28,2226,0,1,533,TSG 1899 Hoffenheim,2316,3500000.0,3500000.0,1.0,1.0,1.0,same_club
75,Niklas Süle,GER,2015-16,Hoffenheim,D,33,2970,0,0,1,8,6,0.901,0.901,0.503,4.821,4.778,4,0,166601,Niklas Süle,1995-09-03,19.99,195.0,right,Defender,Centre-Back,Germany,Germany,33,2970,0,1,533,TSG 1899 Hoffenheim,3060,5500000.0,10000000.0,1.0,1.0,1.0,same_club
77,Jin-Su Kim,GER,2015-16,Hoffenheim,D S,15,1314,0,0,0,7,4,0.149,0.149,0.199,1.807,1.474,3,0,132529,Jin-su Kim,1992-06-13,23.22,177.0,left,Defender,Left-Back,"Korea, South","Korea, South",15,1315,0,0,533,TSG 1899 Hoffenheim,1315,2500000.0,2000000.0,1.0,1.0,0.999,same_club
78,Tarik Elyounoussi,GER,2015-16,Hoffenheim,M S,6,424,0,0,1,3,8,0.152,0.152,0.784,2.125,1.754,0,0,37287,Tarik Elyounoussi,1988-02-23,27.52,172.0,right,Attack,Centre-Forward,Norway,Morocco,6,424,0,1,533,TSG 1899 Hoffenheim,485,3500000.0,2000000.0,1.0,1.0,1.0,same_club
79,Tobias Strobl,GER,2015-16,Hoffenheim,D M S,26,2078,0,0,1,11,15,0.445,0.445,1.399,3.673,3.138,5,0,57845,Tobias Strobl,1990-05-12,25.31,188.0,right,Midfield,Defensive Midfield,Germany,Germany,26,2077,0,1,533,TSG 1899 Hoffenheim,2167,3000000.0,2000000.0,1.0,1.0,1.0,same_club
80,Pirmin Schwegler,GER,2015-16,Hoffenheim,M S,21,1421,0,0,0,10,7,0.554,0.554,0.24,2.541,1.984,5,0,14533,Pirmin Schwegler,1987-03-09,28.48,178.0,right,Midfield,Defensive Midfield,Switzerland,Switzerland,21,1414,0,1,533,TSG 1899 Hoffenheim,1504,4500000.0,3000000.0,0.999,1.0,0.995,same_club
84,Ermin Bicakcic,GER,2015-16,Hoffenheim,D S,21,1600,0,0,0,8,3,1.288,1.288,0.114,1.254,1.114,2,1,51676,Ermin Bicakcic,1990-01-24,25.6,185.0,right,Defender,Centre-Back,Bosnia-Herzegovina,Jugoslawien (SFR),21,1599,0,0,533,TSG 1899 Hoffenheim,1630,3500000.0,3000000.0,1.0,1.0,0.999,same_club
87,Joelinton,GER,2015-16,Hoffenheim,S,1,1,0,0,0,2,0,0.128,0.128,0.0,0.128,0.082,0,0,333241,Joelinton,1996-08-14,19.05,186.0,right,Midfield,Central Midfield,Brazil,Brazil,1,1,0,0,533,TSG 1899 Hoffenheim,1,1250000.0,1250000.0,1.0,1.0,1.0,same_club
91,Ron-Robert Zieler,GER,2015-16,Hannover 96,GK,34,3060,0,0,0,0,0,0.0,0.0,0.0,2.561,2.561,3,0,21327,Ron-Robert Zieler,1989-02-12,26.55,188.0,right,Goalkeeper,Goalkeeper,Germany,Germany,34,3060,0,0,42,Hannover 96,3240,8000000.0,8000000.0,1.0,1.0,1.0,same_club
95,Miiko Albornoz,GER,2015-16,Hannover 96,D,23,2070,0,0,1,8,31,0.338,0.338,2.9,5.525,3.774,1,0,75852,Miiko Albornoz,1990-11-30,24.75,180.0,left,Defender,Left-Back,Chile,Sweden,23,2070,0,2,42,Hannover 96,2250,3000000.0,1750000.0,1.0,1.0,1.0,same_club
97,Ceyhun Gülselam,GER,2015-16,Hannover 96,D M S,13,827,0,0,1,16,7,0.369,0.369,0.577,2.744,2.381,8,0,37216,Ceyhun Gülselam,1987-12-25,27.69,192.0,right,Midfield,Defensive Midfield,Turkey,Germany,13,828,0,1,42,Hannover 96,828,1000000.0,750000.0,1.0,1.0,0.999,same_club
100,Edgar Prib,GER,2015-16,Hannover 96,D M S,20,1331,0,0,2,21,21,0.988,0.988,1.561,4.549,2.602,3,0,60028,Edgar Prib,1989-12-15,25.71,180.0,left,Midfield,Central Midfield,Germany,UdSSR,20,1330,0,3,42,Hannover 96,1420,2500000.0,2500000.0,1.0,1.0,0.999,same_club
102,Mike-Steven Bähre,GER,2015-16,Hannover 96,S,1,13,0,0,0,0,0,0.0,0.0,0.0,0.0,0.0,0,0,193006,Mike-Steven Bähre,1995-08-10,20.06,179.0,right,Midfield,Central Midfield,Germany,Germany,1,13,0,0,42,Hannover 96,13,100000.0,100000.0,1.0,1.0,1.0,same_club
104,Mevlüt Erdinc,GER,2015-16,Hannover 96,F S,11,368,0,0,1,7,4,1.199,0.441,0.516,0.948,0.129,0,0,38360,Mevlüt Erdinc,1987-02-25,28.51,181.0,right,Attack,Centre-Forward,Turkey,France,11,373,0,1,42,Hannover 96,1401,4000000.0,3000000.0,0.997,1.0,0.99,same_club
104,Mevlüt Erdinc,GER,2015-16,Hannover 96,F S,11,368,0,0,1,7,4,1.199,0.441,0.516,0.948,0.129,0,0,38360,Mevlüt Erdinc,1987-02-25,28.51,181.0,right,Attack,Centre-Forward,Turkey,France,11,373,0,1,42,Hannover 96,1401,4000000.0,3000000.0,0.996,1.0,0.987,same_club
105,Felipe,GER,2015-16,Hannover 96,D S,8,123,0,0,0,0,0,0.0,0.0,0.0,0.128,0.128,2,0,68815,Felipe Trevizan,1987-05-15,28.3,193.0,left,Defender,Centre-Back,Brazil,Brazil,8,125,0,0,42,Hannover 96,305,750000.0,500000.0,0.965,0.95,0.984,same_club
109,Felix Wiedwald,GER,2015-16,Werder Bremen,GK,34,3060,0,0,0,1,0,0.047,0.047,0.0,2.858,2.858,4,0,44594,Felix Wiedwald,1990-03-15,25.46,190.0,right,Goalkeeper,Goalkeeper,Germany,Germany,34,3060,0,0,86,SV Werder Bremen,3540,1500000.0,2500000.0,1.0,1.0,1.0,same_club
113,Santiago García,GER,2015-16,Werder Bremen,D,29,2477,0,0,3,13,31,0.587,0.587,5.276,8.184,5.038,9,0,90489,Santiago García,1988-07-08,27.15,188.0,left,Defender,Centre-Back,Argentina,Argentina,29,2468,0,4,86,SV Werder Bremen,2544,3000000.0,3000000.0,0.999,1.0,0.996,same_club
114,Philipp Bargfrede,GER,2015-16,Werder Bremen,D M,14,1184,0,0,1,12,6,0.348,0.348,0.506,2.796,2.117,2,1,42033,Philipp Bargfrede,1989-03-03,26.5,174.0,right,Midfield,Defensive Midfield,Germany,Germany,14,1185,0,1,86,SV Werder Bremen,1455,2000000.0,2000000.0,1.0,1.0,0.999,same_club
120,Felix Kroos,GER,2015-16,Werder Bremen,M S,8,249,0,0,0,7,3,0.927,0.169,0.082,0.717,0.51,0,0,31910,Felix Kroos,1991-03-12,24.47,184.0,right,Midfield,Central Midfield,Germany,Germany,8,254,0,0,86,SV Werder Bremen,265,2000000.0,1300000.0,0.994,1.0,0.98,same_club
121,Melvyn Lorenzen,GER,2015-16,Werder Bremen,M S,9,139,0,0,0,1,0,0.109,0.109,0.0,0.141,0.032,0,0,143121,Melvyn Lorenzen,1994-11-26,20.76,188.0,right,Attack,Left Winger,Uganda,England,9,145,0,0,86,SV Werder Bremen,145,500000.0,400000.0,0.988,1.0,0.959,same_club
123,Assani Lukimya,GER,2015-16,Werder Bremen,D S,12,913,0,0,0,5,0,0.942,0.942,0.0,1.139,1.139,3,0,32618,Assani Lukimya,1986-01-25,29.6,190.0,right,Defender,Centre-Back,DR Congo,Zaire,12,913,0,0,86,SV Werder Bremen,1124,1250000.0,800000.0,1.0,1.0,1.0,same_club
124,Janek Sternberg,GER,2015-16,Werder Bremen,D M S,9,439,0,0,0,2,2,0.1,0.1,0.143,1.192,1.077,2,0,89542,Janek Sternberg,1992-10-19,22.87,182.0,left,Defender,Left-Back,Germany,Germany,9,444,0,1,86,SV Werder Bremen,740,750000.0,500000.0,0.997,1.0,0.989,same_club
125,Maximilian Eggestein,GER,2015-16,Werder Bremen,M S,7,168,0,0,0,2,4,0.257,0.257,0.486,0.825,0.359,0,0,190284,Maximilian Eggestein,1996-12-08,18.73,181.0,right,Midfield,Central Midfield,Germany,Germany,7,172,0,0,86,SV Werder Bremen,228,300000.0,450000.0,0.993,1.0,0.977,same_club
127,Timo Horn,GER,2015-16,FC Cologne,GK,33,2970,0,0,0,0,1,0.0,0.0,0.055,3.248,3.193,0,0,84938,Timo Horn,1993-05-12,22.31,192.0,left,Goalkeeper,Goalkeeper,Germany,Germany,33,2970,0,0,3,1.FC Köln,3150,6000000.0,8000000.0,1.0,1.0,1.0,same_club
128,Pawel Olkowski,GER,2015-16,FC Cologne,D S,19,1061,0,0,0,7,2,0.349,0.349,0.093,1.45,1.113,1,0,117469,Paweł Olkowski,1990-02-13,25.55,184.0,right,Defender,Right-Back,Poland,Poland,19,1059,0,1,3,1.FC Köln,1104,3000000.0,2750000.0,0.977,0.963,0.998,same_club
131,Jonas Hector,GER,2015-16,FC Cologne,D M,32,2859,0,0,4,10,57,0.418,0.418,4.073,11.069,8.368,3,0,108537,Jonas Hector,1990-05-27,25.26,185.0,left,Defender,Left-Back,Germany,Germany,32,2859,0,4,3,1.FC Köln,3039,5000000.0,11000000.0,1.0,1.0,1.0,same_club
132,Matthias Lehmann,GER,2015-16,FC Cologne,M S,32,2779,0,0,2,14,19,0.692,0.692,1.092,8.669,7.081,6,1,1126,Matthias Lehmann,1983-05-28,32.26,,,Midfield,Defensive Midfield,Germany,Germany,32,2775,0,2,3,1.FC Köln,2934,750000.0,750000.0,1.0,1.0,0.999,same_club
133,Kevin Vogt,GER,2015-16,FC Cologne,M S,23,1478,0,0,2,9,14,0.607,0.607,1.576,7.217,5.813,4,0,84435,Kevin Vogt,1991-09-23,23.94,194.0,right,Defender,Centre-Back,Germany,Germany,23,1474,0,2,3,1.FC Köln,1593,4000000.0,4000000.0,0.999,1.0,0.997,same_club
138,Frederik Sörensen,GER,2015-16,FC Cologne,D S,22,1675,0,0,2,6,4,0.533,0.533,0.65,3.936,3.342,5,0,91716,Frederik Sörensen,1992-04-14,23.38,194.0,right,Defender,Centre-Back,Denmark,Denmark,22,1676,0,2,3,1.FC Köln,1856,2000000.0,2500000.0,1.0,1.0,0.999,same_club
142,Thomas Kessler,GER,2015-16,FC Cologne,GK,1,90,0,0,0,0,0,0.0,0.0,0.0,0.28,0.28,0,0,5072,Thomas Kessler,1986-01-20,29.61,197.0,right,Goalkeeper,Goalkeeper,Germany,Germany,1,90,0,0,3,1.FC Köln,90,400000.0,400000.0,1.0,1.0,1.0,same_club
145,Diego Benaglio,GER,2015-16,Wolfsburg,GK,21,1890,0,0,0,0,0,0.0,0.0,0.0,2.639,2.639,1,0,1667,Diego Benaglio,1983-09-08,31.98,194.0,right,Goalkeeper,Goalkeeper,Switzerland,Switzerland,21,1890,0,0,82,VfL Wolfsburg,2700,6000000.0,5000000.0,1.0,1.0,1.0,same_club
146,Christian Träsch,GER,2015-16,Wolfsburg,D M S,29,2066,0,0,1,8,26,0.182,0.182,2.288,11.557,9.794,2,0,38440,Christian Träsch,1987-09-01,28.0,180.0,right,Midfield,Defensive Midfield,Germany,Germany,29,2068,0,2,82,VfL Wolfsburg,2721,3000000.0,4000000.0,1.0,1.0,0.999,same_club
147,Naldo,GER,2015-16,Wolfsburg,D,29,2596,0,0,1,50,10,1.925,1.925,1.37,7.968,7.277,2,0,32213,Naldo,1982-09-10,32.97,198.0,right,Defender,Centre-Back,Brazil,Brazil,29,2596,0,1,82,VfL Wolfsburg,3586,5000000.0,4000000.0,1.0,1.0,1.0,same_club
156,Sebastian Jung,GER,2015-16,Wolfsburg,D S,11,514,0,0,1,4,12,0.65,0.65,1.426,3.975,2.341,1,0,49730,Sebastian Jung,1990-06-22,25.19,179.0,right,Defender,Right-Back,Germany,Germany,11,520,0,1,82,VfL Wolfsburg,696,4500000.0,3500000.0,0.997,1.0,0.988,same_club
159,Koen Casteels,GER,2015-16,Wolfsburg,GK,13,1170,0,0,0,0,0,0.0,0.0,0.0,0.784,0.784,1,0,108880,Koen Casteels,1992-06-25,23.18,197.0,left,Goalkeeper,Goalkeeper,Belgium,Belgium,13,1170,0,0,82,VfL Wolfsburg,1530,1500000.0,1500000.0,1.0,1.0,1.0,same_club
163,René Adler,GER,2015-16,Hamburger SV,GK,24,2072,0,0,1,0,2,0.0,0.0,0.056,0.265,0.209,3,1,1784,René Adler,1985-01-15,30.63,,,Goalkeeper,Goalkeeper,Germany,East Germany (GDR),24,2072,0,1,41,Hamburger SV,2192,3000000.0,3000000.0,1.0,1.0,1.0,same_club
164,Gotoku Sakai,GER,2015-16,Hamburger SV,D S,22,1889,0,0,1,11,12,0.282,0.282,1.141,4.07,3.347,2,0,103310,Gotoku Sakai,1991-03-14,24.47,176.0,right,Defender,Right-Back,Japan,United States,22,1890,0,1,41,Hamburger SV,2010,2000000.0,1500000.0,1.0,1.0,0.999,same_club
165,Emir Spahic,GER,2015-16,Hamburger SV,D,26,2269,0,0,1,9,3,0.515,0.515,0.516,2.197,2.124,7,1,25812,Emir Spahic,1980-08-18,35.04,,,Defender,Centre-Back,Bosnia-Herzegovina,Jugoslawien (SFR),26,2268,0,1,41,Hamburger SV,2388,1500000.0,1000000.0,1.0,1.0,1.0,same_club
167,Matthias Ostrzolek,GER,2015-16,Hamburger SV,D,32,2837,0,0,2,12,24,0.316,0.316,2.582,5.283,3.559,5,0,53669,Matthias Ostrzolek,1990-06-05,25.24,178.0,left,Defender,Left-Back,Germany,Germany,32,2835,0,2,41,Hamburger SV,2955,2500000.0,2500000.0,1.0,1.0,0.999,same_club
168,Gideon Jung,GER,2015-16,Hamburger SV,M S,19,1178,0,0,0,9,3,0.323,0.323,0.058,1.664,1.51,4,0,247661,Gideon Jung,1994-09-12,20.97,189.0,right,Defender,Centre-Back,Germany,Germany,19,1176,0,1,41,Hamburger SV,1226,200000.0,1250000.0,0.999,1.0,0.998,same_club
175,Dennis Diekmeier,GER,2015-16,Hamburger SV,D S,22,1436,0,0,0,4,11,0.131,0.131,0.539,4.073,3.551,1,0,42044,Dennis Diekmeier,1989-10-20,25.86,188.0,right,Defender,Right-Back,Germany,Germany,22,1442,0,0,41,Hamburger SV,1442,2000000.0,2000000.0,0.999,1.0,0.996,same_club
176,Sven Schipplock,GER,2015-16,Hamburger SV,F S,20,922,0,0,4,12,14,1.086,1.086,3.15,5.088,0.979,3,0,52530,Sven Schipplock,1988-11-08,26.81,186.0,right,Attack,Centre-Forward,Germany,Germany,20,920,0,4,41,Hamburger SV,978,2500000.0,2000000.0,0.999,1.0,0.998,same_club
177,Marcelo Díaz,GER,2015-16,Hamburger SV,M S,11,453,0,0,0,10,6,0.326,0.326,0.138,0.708,0.553,1,0,83895,Marcelo Díaz,1986-12-30,28.67,167.0,right,Midfield,Defensive Midfield,Chile,Chile,11,460,0,0,41,Hamburger SV,1638,2500000.0,2500000.0,1.0,1.0,0.999,same_club
177,Marcelo Díaz,GER,2015-16,Hamburger SV,M S,11,453,0,0,0,10,6,0.326,0.326,0.138,0.708,0.553,1,0,83895,Marcelo Díaz,1986-12-30,28.67,167.0,right,Midfield,Defensive Midfield,Chile,Chile,11,460,0,0,41,Hamburger SV,1638,2500000.0,2500000.0,0.995,1.0,0.985,same_club
178,Jaroslav Drobny,GER,2015-16,Hamburger SV,GK S,10,845,0,0,1,0,1,0.0,0.0,0.191,1.515,1.325,1,0,12864,Jaroslav Drobny,1979-10-18,35.87,192.0,right,Goalkeeper,Goalkeeper,Czech Republic,CSSR,10,846,0,1,41,Hamburger SV,846,750000.0,500000.0,1.0,1.0,0.999,same_club
179,Zoltán Stieber,GER,2015-16,Hamburger SV,S,2,4,0,0,0,0,0,0.0,0.0,0.0,1.372,1.372,0,0,61591,Zoltán Stieber,1988-10-16,26.87,175.0,left,Midfield,Attacking Midfield,Hungary,Hungary,2,6,0,0,41,Hamburger SV,6,1700000.0,800000.0,0.993,1.0,0.978,same_club
181,Bernd Leno,GER,2015-16,Bayer Leverkusen,GK,33,2970,0,0,0,0,0,0.0,0.0,0.0,2.684,2.684,0,0,72476,Bernd Leno,1992-03-04,23.49,190.0,right,Goalkeeper,Goalkeeper,Germany,Germany,33,2970,0,0,15,Bayer 04 Leverkusen,4405,16000000.0,16000000.0,1.0,1.0,1.0,same_club
182,Roberto Hilbert,GER,2015-16,Bayer Leverkusen,D S,12,763,0,0,1,4,6,0.348,0.348,0.999,2.68,1.48,1,0,3256,Roberto Hilbert,1984-10-16,30.87,182.0,right,Defender,Right-Back,Germany,Germany,12,765,0,1,15,Bayer 04 Leverkusen,1280,2000000.0,2000000.0,0.999,1.0,0.997,same_club
183,Jonathan Tah,GER,2015-16,Bayer Leverkusen,D,29,2566,0,0,0,15,7,0.713,0.713,0.712,3.068,2.949,2,0,196357,Jonathan Tah,1996-02-11,19.55,195.0,right,Defender,Centre-Back,Germany,Germany,29,2565,0,1,15,Bayer 04 Leverkusen,4005,6000000.0,12000000.0,1.0,1.0,1.0,same_club
185,Wendell,GER,2015-16,Bayer Leverkusen,D S,28,2408,0,0,0,19,19,0.764,0.764,1.762,7.103,6.126,9,1,228433,Wendell,1993-07-20,22.12,176.0,left,Defender,Left-Back,Brazil,Brazil,28,2407,0,0,15,Bayer 04 Leverkusen,3798,10000000.0,15000000.0,1.0,1.0,1.0,same_club
187,Christoph Kramer,GER,2015-16,Bayer Leverkusen,D M,28,2402,0,0,1,9,17,0.515,0.515,1.81,7.109,5.483,3,0,82097,Christoph Kramer,1991-02-19,24.53,191.0,right,Midfield,Defensive Midfield,Germany,Germany,28,2398,0,3,15,Bayer 04 Leverkusen,3599,12000000.0,12000000.0,1.0,1.0,0.998,same_club
192,Marlon Frey,GER,2015-16,Bayer Leverkusen,M S,9,241,0,0,0,9,1,0.349,0.349,0.051,0.392,0.103,1,0,182752,Marlon Frey,1996-03-24,19.44,181.0,right,Midfield,Central Midfield,Germany,Germany,9,243,0,0,15,Bayer 04 Leverkusen,396,200000.0,500000.0,0.998,1.0,0.992,same_club
193,Giulio Donati,GER,2015-16,"Bayer Leverkusen,Mainz 05",D M S,23,1867,0,0,2,3,12,0.063,0.063,1.376,4.953,3.632,8,1,88684,Giulio Donati,1990-02-05,25.57,178.0,right,Defender,Right-Back,Italy,Italy,23,1867,0,1,"15,39","Bayer 04 Leverkusen,1.FSV Mainz 05",2393,2000000.0,2000000.0,1.0,1.0,1.0,same_club
195,André Ramalho,GER,2015-16,Bayer Leverkusen,D S,19,1116,0,0,0,8,1,0.908,0.908,0.013,2.958,2.936,5,0,175792,André Ramalho,1992-02-16,23.54,182.0,both,Defender,Centre-Back,Brazil,Brazil,19,1122,0,0,15,Bayer 04 Leverkusen,1302,2500000.0,2500000.0,0.998,1.0,0.995,same_club
196,Dario Kresic,GER,2015-16,Bayer Leverkusen,GK,1,48,0,0,0,0,0,0.0,0.0,0.0,0.0,0.0,0,0,14219,Dario Kresic,1984-01-11,31.64,,,Goalkeeper,Goalkeeper,Croatia,Jugoslawien (SFR),1,47,0,0,15,Bayer 04 Leverkusen,52,500000.0,300000.0,0.997,1.0,0.989,same_club
197,Kyriakos Papadopoulos,GER,2015-16,Bayer Leverkusen,D M S,16,930,0,0,0,12,3,1.29,1.29,0.089,0.867,0.646,4,1,58489,Kyriakos Papadopoulos,1992-02-23,23.52,185.0,right,Defender,Centre-Back,Greece,Greece,16,934,0,0,15,Bayer 04 Leverkusen,2015,7500000.0,7500000.0,0.999,1.0,0.996,same_club
199,Yann Sommer,GER,2015-16,Borussia M.Gladbach,GK,32,2880,0,0,0,0,0,0.0,0.0,0.0,2.434,2.434,2,0,42205,Yann Sommer,1988-12-17,26.7,183.0,right,Goalkeeper,Goalkeeper,Switzerland,Switzerland,32,2880,0,0,18,Borussia Mönchengladbach,3690,12000000.0,10000000.0,1.0,1.0,1.0,same_club
201,Tony Jantschke,GER,2015-16,Borussia M.Gladbach,D M S,12,748,0,0,0,4,1,0.092,0.092,0.037,1.721,1.655,2,0,47587,Tony Jantschke,1990-04-07,25.4,177.0,right,Defender,Right-Back,Germany,East Germany (GDR),12,748,0,0,18,Borussia Mönchengladbach,1018,9000000.0,7500000.0,1.0,1.0,1.0,same_club
211,Marvin Schulz,GER,2015-16,Borussia M.Gladbach,D M S,8,392,0,0,1,1,1,0.023,0.023,0.084,0.503,0.48,0,0,168678,Marvin Schulz,1995-01-15,20.63,186.0,right,Midfield,Right Midfield,Germany,Germany,8,395,0,1,18,Borussia Mönchengladbach,520,200000.0,750000.0,0.998,1.0,0.992,same_club
212,Nico Elvedi,GER,2015-16,Borussia M.Gladbach,D M S,21,1547,0,0,2,3,5,0.266,0.266,0.72,6.027,5.763,2,0,192635,Nico Elvedi,1996-09-30,18.92,189.0,right,Defender,Centre-Back,Switzerland,Switzerland,21,1548,0,2,18,Borussia Mönchengladbach,1644,4000000.0,4000000.0,1.0,1.0,0.999,same_club
214,Tobias Sippel,GER,2015-16,Borussia M.Gladbach,GK,2,180,0,0,0,0,0,0.0,0.0,0.0,0.023,0.023,0,0,31653,Tobias Sippel,1988-03-22,27.44,183.0,right,Goalkeeper,Goalkeeper,Germany,Germany,2,180,0,0,18,Borussia Mönchengladbach,180,1000000.0,1000000.0,1.0,1.0,1.0,same_club
215,Roel Brouwers,GER,2015-16,Borussia M.Gladbach,D S,8,286,0,0,0,1,1,0.091,0.091,0.058,0.294,0.237,0,0,4607,Roel Brouwers,1981-11-28,33.76,192.0,right,Defender,Centre-Back,Netherlands,Netherlands,8,289,0,0,18,Borussia Mönchengladbach,379,750000.0,500000.0,0.997,1.0,0.99,same_club
216,Branimir Hrgota,GER,2015-16,Borussia M.Gladbach,S,9,69,0,0,0,2,0,0.315,0.315,0.0,0.617,0.302,0,0,171209,Branimir Hrgota,1993-01-12,22.63,185.0,left,Attack,Centre-Forward,Sweden,Bosnia-Herzegovina,9,73,0,0,18,Borussia Mönchengladbach,100,3500000.0,2500000.0,0.987,1.0,0.956,same_club
217,Manuel Neuer,GER,2015-16,Bayern Munich,GK,34,3021,0,0,0,0,0,0.0,0.0,0.0,7.846,7.846,0,0,17259,Manuel Neuer,1986-03-27,29.43,193.0,right,Goalkeeper,Goalkeeper,Germany,Germany,34,3021,0,0,27,Bayern Munich,4611,45000000.0,45000000.0,1.0,1.0,1.0,same_club
219,Holger Badstuber,GER,2015-16,Bayern Munich,D S,7,470,0,0,0,3,2,0.157,0.157,0.089,2.769,2.754,0,0,54659,Holger Badstuber,1989-03-13,26.47,190.0,left,Defender,Centre-Back,Germany,Germany,7,470,0,0,27,Bayern Munich,602,6000000.0,3000000.0,1.0,1.0,1.0,same_club
220,Jérôme Boateng,GER,2015-16,Bayern Munich,D M S,19,1354,0,0,3,7,13,0.176,0.176,2.689,10.833,10.276,3,1,26485,Jérôme Boateng,1988-09-03,26.99,192.0,right,Defender,Centre-Back,Germany,Germany,19,1353,0,3,27,Bayern Munich,2371,40000000.0,40000000.0,1.0,1.0,0.999,same_club
221,Rafinha,GER,2015-16,Bayern Munich,D M S,25,1746,0,0,3,10,20,0.387,0.387,1.637,14.295,13.073,7,0,33947,Rafinha,1985-09-07,29.98,172.0,right,Defender,Right-Back,Brazil,Brazil,25,1724,0,3,27,Bayern Munich,2184,9000000.0,8000000.0,0.996,1.0,0.987,same_club
223,Joshua Kimmich,GER,2015-16,Bayern Munich,D M S,23,1422,0,0,2,7,9,0.371,0.371,0.645,9.993,9.135,3,0,161056,Joshua Kimmich,1995-02-08,20.56,177.0,right,Midfield,Defensive Midfield,Germany,Germany,23,1423,0,2,27,Bayern Munich,2428,5000000.0,13000000.0,1.0,1.0,0.999,same_club
230,Xabi Alonso,GER,2015-16,Bayern Munich,M S,26,1951,0,0,2,13,41,0.548,0.548,2.644,17.045,16.024,5,1,7476,Xabi Alonso,1981-11-25,33.77,183.0,right,Midfield,Defensive Midfield,Spain,Spain,26,1971,0,2,27,Bayern Munich,3031,6000000.0,5000000.0,0.997,1.0,0.99,same_club
231,Sven Ulreich,GER,2015-16,Bayern Munich,S,1,39,0,0,0,0,0,0.0,0.0,0.0,0.052,0.052,0,0,40680,Sven Ulreich,1988-08-03,27.08,192.0,right,Goalkeeper,Goalkeeper,Germany,Germany,1,39,0,0,27,Bayern Munich,219,3500000.0,3500000.0,1.0,1.0,1.0,same_club
233,Ramazan Özcan,GER,2015-16,Ingolstadt,GK,28,2520,0,0,0,0,0,0.0,0.0,0.0,1.335,1.335,1,0,16498,Ramazan Özcan,1984-06-28,31.18,185.0,left,Goalkeeper,Goalkeeper,Austria,Austria,28,2520,0,0,4795,FC Ingolstadt 04,2520,800000.0,1250000.0,1.0,1.0,1.0,same_club
235,Romain Brègerie,GER,2015-16,Ingolstadt,D M S,22,1053,0,0,0,13,4,0.737,0.737,0.147,1.146,0.786,3,1,43257,Romain Brégerie,1986-08-09,29.06,,,Defender,Centre-Back,France,France,22,1055,0,0,4795,FC Ingolstadt 04,1091,1100000.0,1000000.0,0.999,1.0,0.998,same_club
240,Almog Cohen,GER,2015-16,Ingolstadt,M S,20,824,0,0,2,13,6,0.887,0.887,1.272,1.991,0.843,2,0,56711,Almog Cohen,1988-09-01,27.0,170.0,right,Midfield,Central Midfield,Israel,Israel,20,826,0,2,4795,FC Ingolstadt 04,826,600000.0,600000.0,0.999,1.0,0.998,same_club
244,Stefan Wannenwetsch,GER,2015-16,Ingolstadt,S,1,37,0,0,0,0,0,0.0,0.0,0.0,0.0,0.0,0,0,94598,Stefan Wannenwetsch,,,177.0,right,Midfield,Defensive Midfield,Germany,Germany,1,37,0,0,4795,FC Ingolstadt 04,37,300000.0,300000.0,1.0,1.0,1.0,same_club
245,Max Christiansen,GER,2015-16,Ingolstadt,M S,19,1033,0,0,1,17,9,0.433,0.433,0.922,1.477,0.866,3,0,192300,Max Christiansen,1996-09-25,18.93,185.0,right,Midfield,Defensive Midfield,Germany,Germany,19,1031,0,1,4795,FC Ingolstadt 04,1121,700000.0,2000000.0,0.999,1.0,0.998,same_club
246,Maurice Multhaup,GER,2015-16,Ingolstadt,S,4,83,0,0,0,2,0,0.666,0.666,0.0,0.666,0.0,0,0,187496,Maurice Multhaup,1996-12-15,18.71,173.0,right,Attack,Right Winger,Germany,Germany,4,84,0,0,4795,FC Ingolstadt 04,84,200000.0,300000.0,0.997,1.0,0.989,same_club
247,Danilo Soares,GER,2015-16,Ingolstadt,D,1,90,0,0,0,1,0,0.015,0.015,0.0,0.046,0.031,0,0,154396,Danilo Soares,1991-10-29,23.84,170.0,left,Defender,Left-Back,Brazil,Brazil,1,90,0,0,4795,FC Ingolstadt 04,90,1500000.0,1500000.0,1.0,1.0,1.0,same_club
248,Elias Kachunga,GER,2015-16,Ingolstadt,F S,10,269,0,0,0,4,0,0.361,0.361,0.0,0.847,0.486,0,0,49501,Elias Kachunga,1992-04-22,23.36,178.0,right,Attack,Centre-Forward,DR Congo,Germany,10,270,0,0,4795,FC Ingolstadt 04,270,2300000.0,1500000.0,0.999,1.0,0.996,same_club
249,Danny da Costa,GER,2015-16,Ingolstadt,D S,20,1522,0,0,4,6,14,0.229,0.229,2.335,3.677,2.881,4,0,85906,Danny da Costa,1993-07-13,22.14,187.0,right,Defender,Centre-Back,Germany,Germany,20,1524,0,4,4795,FC Ingolstadt 04,1614,1000000.0,1000000.0,1.0,1.0,0.999,same_club
250,Ørjan Nyland,GER,2015-16,Ingolstadt,GK,6,540,0,0,0,0,0,0.0,0.0,0.0,0.168,0.168,0,0,73517,Ørjan Nyland,1990-09-10,24.97,192.0,right,Goalkeeper,Goalkeeper,Norway,Norway,6,540,0,0,4795,FC Ingolstadt 04,630,1750000.0,1000000.0,1.0,1.0,1.0,same_club
253,Tomas Pekhart,GER,2015-16,Ingolstadt,F S,4,82,0,0,0,4,1,0.19,0.19,0.053,0.263,0.02,1,0,38746,Tomas Pekhart,1989-05-26,26.27,194.0,right,Attack,Centre-Forward,Czech Republic,CSSR,4,82,0,0,4795,FC Ingolstadt 04,564,400000.0,500000.0,1.0,1.0,1.0,same_club
255,Kevin Kurányi,GER,2015-16,Hoffenheim,F S,14,520,0,0,0,9,4,1.501,1.501,0.159,1.527,0.265,0,0,1331,Kevin Kuranyi,1982-03-02,33.5,,,Attack,Centre-Forward,Germany,Brazil,14,523,0,0,533,TSG 1899 Hoffenheim,552,2500000.0,1250000.0,0.998,1.0,0.994,same_club
256,Jens Grahl,GER,2015-16,Hoffenheim,GK,1,90,0,0,0,0,0,0.0,0.0,0.0,0.0,0.0,0,0,40034,Jens Grahl,1988-09-22,26.94,192.0,right,Goalkeeper,Goalkeeper,Germany,Germany,1,90,0,0,533,TSG 1899 Hoffenheim,90,750000.0,750000.0,1.0,1.0,1.0,same_club
258,Tolga Cigerci,GER,2015-16,Hertha Berlin,M S,18,1041,0,0,2,25,10,1.348,1.348,1.411,4.038,2.073,2,0,94199,Tolga Cigerci,1992-03-23,23.44,185.0,right,Midfield,Defensive Midfield,Türkiye,Germany,18,1030,0,2,44,Hertha BSC,1104,2500000.0,2500000.0,0.997,1.0,0.989,same_club
263,Marwin Hitz,GER,2015-16,Augsburg,GK,33,2967,0,0,0,0,1,0.0,0.0,0.021,1.306,1.285,2,0,59238,Marwin Hitz,1987-09-18,27.95,194.0,right,Goalkeeper,Goalkeeper,Switzerland,Switzerland,33,2967,0,0,167,FC Augsburg,3987,3500000.0,4500000.0,1.0,1.0,1.0,same_club
265,Ragnar Klavan,GER,2015-16,Augsburg,D,31,2787,0,0,0,9,7,0.659,0.659,0.416,5.332,5.088,2,0,26669,Ragnar Klavan,1985-10-30,29.84,187.0,left,Defender,Centre-Back,Estonia,UdSSR,31,2787,0,0,167,FC Augsburg,3627,3500000.0,3500000.0,1.0,1.0,1.0,same_club
267,Philipp Max,GER,2015-16,Augsburg,D M S,26,2083,0,0,0,8,16,0.27,0.27,1.932,6.915,4.91,3,0,111275,Philipp Max,1993-09-30,21.92,177.0,left,Defender,Left-Back,Germany,Germany,26,2085,0,0,167,FC Augsburg,2365,900000.0,2500000.0,1.0,1.0,0.999,same_club
269,Dominik Kohr,GER,2015-16,Augsburg,M S,31,2514,0,0,3,24,10,1.049,1.049,1.141,6.97,5.833,12,0,118847,Dominik Kohr,1994-01-31,21.58,183.0,right,Defender,Centre-Back,Germany,Germany,31,2510,0,3,167,FC Augsburg,3128,2500000.0,3000000.0,1.0,1.0,0.998,same_club
274,Christoph Janker,GER,2015-16,Augsburg,D M S,12,362,0,0,0,1,0,0.074,0.074,0.0,0.486,0.486,2,0,14977,Christoph Janker,1985-02-14,30.54,185.0,right,Defender,Centre-Back,Germany,Germany,12,367,0,0,167,FC Augsburg,907,300000.0,300000.0,0.996,1.0,0.986,same_club
275,Tim Matavz,GER,2015-16,Augsburg,F S,11,367,0,0,0,13,4,1.947,1.947,0.723,2.822,0.577,1,0,50303,Tim Matavz,1989-01-13,26.63,188.0,right,Attack,Centre-Forward,Slovenia,Jugoslawien (SFR),11,369,0,0,167,FC Augsburg,1289,2500000.0,2000000.0,0.998,1.0,0.995,same_club
275,Tim Matavz,GER,2015-16,Augsburg,F S,11,367,0,0,0,13,4,1.947,1.947,0.723,2.822,0.577,1,0,50303,Tim Matavz,1989-01-13,26.63,188.0,right,Attack,Centre-Forward,Slovenia,Jugoslawien (SFR),11,369,0,0,167,FC Augsburg,1289,2500000.0,2000000.0,0.998,1.0,0.994,same_club
276,Dong-Won Ji,GER,2015-16,Augsburg,F M S,21,781,0,0,0,13,12,1.497,1.497,0.412,3.862,2.276,2,0,164265,Dong-won Ji,1991-05-28,24.26,187.0,right,Attack,Centre-Forward,"Korea, South","Korea, South",21,783,0,1,167,FC Augsburg,1423,1500000.0,1500000.0,0.999,1.0,0.997,same_club
277,Alexander Manninger,GER,2015-16,Augsburg,GK S,2,93,0,0,0,0,0,0.0,0.0,0.0,0.693,0.693,0,0,5278,Alexander Manninger,1977-06-04,38.24,,,Goalkeeper,Goalkeeper,Austria,Austria,2,93,0,0,167,FC Augsburg,93,200000.0,200000.0,1.0,1.0,1.0,same_club
279,Piotr Trochowski,GER,2015-16,Augsburg,M S,6,151,0,0,0,6,3,0.382,0.382,0.228,0.803,0.497,0,0,2623,Piotr Trochowski,1984-03-22,31.44,169.0,right,Midfield,Attacking Midfield,Germany,Poland,6,150,0,0,167,FC Augsburg,419,1000000.0,750000.0,0.998,1.0,0.993,same_club
281,Lukas Hradecky,GER,2015-16,Eintracht Frankfurt,GK,34,3060,0,0,0,0,0,0.0,0.0,0.0,2.216,2.216,0,0,48015,Lukas Hradecky,1989-11-24,25.77,192.0,right,Goalkeeper,Goalkeeper,Finland,CSSR,34,3060,0,0,24,Eintracht Frankfurt,3960,1250000.0,3500000.0,1.0,1.0,1.0,same_club
283,David Abraham,GER,2015-16,Eintracht Frankfurt,D S,31,2547,0,0,0,12,6,0.643,0.643,0.201,2.443,2.291,8,0,58178,David Abraham,1986-07-15,29.13,188.0,right,Defender,Centre-Back,Argentina,Argentina,31,2548,0,0,24,Eintracht Frankfurt,2548,2000000.0,2500000.0,1.0,1.0,1.0,same_club
284,Carlos Zambrano,GER,2015-16,Eintracht Frankfurt,D S,24,1791,0,0,0,4,0,0.116,0.116,0.0,2.658,2.639,8,1,53533,Carlos Zambrano,1989-07-10,26.14,185.0,right,Defender,Centre-Back,Peru,Peru,24,1793,0,0,24,Eintracht Frankfurt,1973,6500000.0,5000000.0,1.0,1.0,0.999,same_club
285,Bastian Oczipka,GER,2015-16,Eintracht Frankfurt,D M,30,2700,0,0,0,10,22,0.37,0.37,1.901,6.68,5.351,7,0,53437,Bastian Oczipka,1989-01-12,26.63,185.0,left,Defender,Left-Back,Germany,Germany,30,2700,0,1,24,Eintracht Frankfurt,2835,3000000.0,3000000.0,1.0,1.0,1.0,same_club
290,Mijat Gacinovic,GER,2015-16,Eintracht Frankfurt,M S,7,334,0,0,0,4,3,0.106,0.106,0.154,0.207,0.152,1,0,215864,Mijat Gacinovic,1995-02-08,20.56,175.0,right,Midfield,Attacking Midfield,Serbia,Yugoslavia (Republic),7,328,0,0,24,Eintracht Frankfurt,328,1750000.0,1500000.0,0.995,1.0,0.982,same_club
292,Vaclav Kadlec,GER,2015-16,Eintracht Frankfurt,F M S,5,107,0,0,0,2,0,0.56,0.56,0.0,0.667,0.107,1,0,91423,Vaclav Kadlec,1992-05-20,23.28,181.0,right,Attack,Centre-Forward,Czech Republic,CSSR,5,110,0,0,24,Eintracht Frankfurt,579,3000000.0,2000000.0,0.992,1.0,0.973,same_club
294,Gian-Luca Waldschmidt,GER,2015-16,Eintracht Frankfurt,S,12,221,0,0,1,5,9,0.9,0.9,0.939,2.831,1.071,0,0,196095,Luca Waldschmidt,1996-05-19,19.29,181.0,left,Attack,Centre-Forward,Germany,Germany,12,228,0,1,24,Eintracht Frankfurt,301,500000.0,1000000.0,0.961,0.95,0.969,same_club
296,Joel Gerezgiher,GER,2015-16,Eintracht Frankfurt,M S,3,82,0,0,0,4,1,0.206,0.206,0.01,0.319,0.168,1,0,196770,Joel Gerezgiher,1995-10-09,19.9,176.0,right,Midfield,Attacking Midfield,Germany,Germany,3,84,0,0,24,Eintracht Frankfurt,94,100000.0,500000.0,0.993,1.0,0.978,same_club
297,Aleksandar Ignjovski,GER,2015-16,Eintracht Frankfurt,D M S,18,1214,0,0,2,9,9,0.627,0.627,0.742,2.563,1.651,3,0,74295,Aleksandar Ignjovski,1991-01-27,24.59,175.0,right,Midfield,Defensive Midfield,Serbia,Jugoslawien (SFR),18,1221,0,2,24,Eintracht Frankfurt,1221,2000000.0,2000000.0,0.998,1.0,0.994,same_club
298,Constant Djakpa,GER,2015-16,Eintracht Frankfurt,D M S,12,751,0,0,0,4,8,0.132,0.132,0.884,1.183,0.309,2,0,41866,Constant Djakpa,1986-10-17,28.87,177.0,left,Defender,Left-Back,Cote d'Ivoire,Cote d'Ivoire,12,751,0,0,24,Eintracht Frankfurt,796,1500000.0,1250000.0,1.0,1.0,1.0,same_club
303,Ivica Olic,GER,2015-16,Hamburger SV,S,9,163,0,0,0,5,1,0.154,0.154,0.008,0.229,0.067,0,0,7427,Ivica Olic,1979-09-14,35.96,182.0,left,Attack,Centre-Forward,Croatia,Jugoslawien (SFR),9,169,0,1,41,Hamburger SV,289,1000000.0,500000.0,0.989,1.0,0.964,same_club
305,Batuhan Altintas,GER,2015-16,Hamburger SV,S,1,26,0,0,0,1,0,0.081,0.081,0.0,0.081,0.0,1,0,216597,Batuhan Altintas,1996-03-14,19.47,187.0,left,Attack,Centre-Forward,Turkey,Turkey,1,26,0,0,41,Hamburger SV,26,400000.0,400000.0,1.0,1.0,1.0,same_club
306,Florian Niederlechner,GER,2015-16,Mainz 05,F S,12,173,0,0,0,5,0,1.005,1.005,0.0,1.055,0.05,2,0,152963,Florian Niederlechner,1990-10-24,24.85,187.0,right,Attack,Centre-Forward,Germany,Germany,12,178,0,0,39,1.FSV Mainz 05,338,2000000.0,1500000.0,0.992,1.0,0.972,same_club
307,Suat Serdar,GER,2015-16,Mainz 05,M S,12,199,0,0,0,3,1,0.151,0.151,0.02,0.429,0.275,0,0,261905,Suat Serdar,1997-04-11,18.39,184.0,right,Midfield,Central Midfield,Germany,Germany,12,201,0,0,39,1.FSV Mainz 05,201,50000.0,300000.0,0.997,1.0,0.99,same_club
309,Roman Bürki,GER,2015-16,Borussia Dortmund,GK,33,2970,0,0,0,0,0,0.0,0.0,0.0,7.174,7.174,1,0,59027,Roman Bürki,1990-11-14,24.8,187.0,right,Goalkeeper,Goalkeeper,Switzerland,Switzerland,33,2970,0,0,16,Borussia Dortmund,3810,6000000.0,6000000.0,1.0,1.0,1.0,same_club
310,Lukasz Piszczek,GER,2015-16,Borussia Dortmund,D S,20,1513,0,0,3,13,21,0.333,0.333,3.741,13.242,10.385,3,0,25727,Lukasz Piszczek,1985-06-03,30.25,184.0,right,Defender,Right-Back,Poland,Poland,20,1520,0,3,16,Borussia Dortmund,2970,9000000.0,6000000.0,0.999,1.0,0.995,same_club
311,Sven Bender,GER,2015-16,Borussia Dortmund,D M S,19,1246,0,0,0,3,8,0.631,0.631,0.762,8.876,8.239,1,0,29993,Sven Bender,1989-04-27,26.35,186.0,right,Midfield,Defensive Midfield,Germany,Germany,19,1243,0,0,16,Borussia Dortmund,2261,13000000.0,9000000.0,0.999,1.0,0.998,same_club
312,Neven Subotic,GER,2015-16,Borussia Dortmund,D S,6,460,0,0,0,2,2,0.056,0.056,0.116,2.04,1.951,2,0,40995,Neven Subotic,1988-12-10,26.72,193.0,right,Defender,Centre-Back,Germany,Jugoslawien (SFR),6,463,0,0,16,Borussia Dortmund,810,14000000.0,11000000.0,0.998,1.0,0.994,same_club
313,Marcel Schmelzer,GER,2015-16,Borussia Dortmund,D M S,26,2056,0,0,4,22,26,0.882,0.882,3.395,14.716,11.865,2,0,35208,Marcel Schmelzer,1988-01-22,27.61,180.0,left,Defender,Left-Back,Germany,East Germany (GDR),26,2058,0,5,16,Borussia Dortmund,3743,7000000.0,7000000.0,1.0,1.0,0.999,same_club
322,Joo-Ho Park,GER,2015-16,"Borussia Dortmund,Mainz 05",D S,6,399,0,0,0,3,2,0.379,0.379,0.072,2.413,2.065,0,0,111900,Ju-ho Park,1987-01-16,28.62,176.0,left,Defender,Left-Back,"Korea, South","Korea, South",6,399,0,0,"16,39","Borussia Dortmund,1.FSV Mainz 05",828,2500000.0,2500000.0,0.97,0.95,1.0,same_club
323,Adnan Januzaj,GER,2015-16,Borussia Dortmund,S,6,149,0,0,1,4,7,0.659,0.659,1.078,1.985,0.423,0,0,177847,Adnan Januzaj,1995-02-05,20.57,186.0,left,Attack,Right Winger,Belgium,Belgium,6,161,0,2,16,Borussia Dortmund,780,8000000.0,7000000.0,0.994,1.0,0.979,same_club
323,Adnan Januzaj,GER,2015-16,Borussia Dortmund,S,6,149,0,0,1,4,7,0.659,0.659,1.078,1.985,0.423,0,0,177847,Adnan Januzaj,1995-02-05,20.57,186.0,left,Attack,Right Winger,Belgium,Belgium,6,161,0,2,16,Borussia Dortmund,780,8000000.0,7000000.0,0.978,1.0,0.925,same_club
325,Roman Weidenfeller,GER,2015-16,Borussia Dortmund,GK,1,90,0,0,0,0,0,0.0,0.0,0.0,0.0,0.0,0,0,26,Roman Weidenfeller,1980-08-06,35.07,190.0,left,Goalkeeper,Goalkeeper,Germany,Germany,1,90,0,0,16,Borussia Dortmund,1260,2000000.0,1000000.0,1.0,1.0,1.0,same_club
330,Ralf Fährmann,GER,2015-16,Schalke 04,GK,34,3060,0,0,0,0,0,0.0,0.0,0.0,4.876,4.876,1,0,39015,Ralf Fährmann,1988-09-27,26.93,197.0,right,Goalkeeper,Goalkeeper,Germany,East Germany (GDR),34,3060,0,0,33,FC Schalke 04,3870,6000000.0,9000000.0,1.0,1.0,1.0,same_club
331,Sascha Riether,GER,2015-16,Schalke 04,D S,17,1326,0,0,0,1,12,0.135,0.135,0.624,3.156,2.648,3,0,1662,Sascha Riether,1983-03-23,32.44,,,Defender,Right-Back,Germany,Germany,17,1330,0,0,33,FC Schalke 04,1482,1000000.0,1000000.0,0.999,1.0,0.997,same_club
334,Dennis Aogo,GER,2015-16,Schalke 04,D M S,23,1849,0,0,1,7,25,0.954,0.954,1.92,5.113,4.091,4,0,19354,Dennis Aogo,1987-01-14,28.63,184.0,left,Defender,Left-Back,Germany,Germany,23,1850,0,1,33,FC Schalke 04,2351,4500000.0,4500000.0,1.0,1.0,0.999,same_club
343,Pierre-Emile Højbjerg,GER,2015-16,Schalke 04,M S,23,1272,0,0,1,22,7,1.153,1.153,0.245,3.968,3.019,3,0,167799,Pierre-Emile Højbjerg,1995-08-05,20.07,185.0,right,Midfield,Defensive Midfield,Denmark,Denmark,23,1275,0,2,33,FC Schalke 04,1691,6500000.0,6000000.0,0.999,1.0,0.998,same_club
345,Júnior Caiçara,GER,2015-16,Schalke 04,D M S,23,1859,0,0,3,13,40,0.678,0.678,3.054,7.67,6.013,7,0,112062,Júnior Caiçara,1989-04-27,26.35,173.0,right,Defender,Right-Back,,,23,1855,0,4,33,FC Schalke 04,2652,6000000.0,5000000.0,0.999,1.0,0.998,same_club
346,Roman Neustädter,GER,2015-16,Schalke 04,D S,30,2395,0,0,1,11,4,0.714,0.714,0.14,6.693,6.676,4,0,40478,Roman Neustädter,1988-02-18,27.53,188.0,right,Defender,Centre-Back,Russia,UdSSR,30,2391,0,1,33,FC Schalke 04,3035,7000000.0,7000000.0,0.999,1.0,0.998,same_club
347,Kaan Ayhan,GER,2015-16,"Eintracht Frankfurt,Schalke 04",D S,3,81,0,0,0,0,0,0.0,0.0,0.0,0.0,0.0,1,0,119031,Kaan Ayhan,1994-11-10,20.81,185.0,right,Midfield,Defensive Midfield,Türkiye,Germany,3,79,0,0,"24,33","Eintracht Frankfurt,FC Schalke 04",301,5000000.0,3500000.0,0.993,1.0,0.978,same_club
348,Oliver Sorg,GER,2015-16,Hannover 96,D M S,20,1597,0,0,0,6,5,0.115,0.115,0.212,2.271,2.133,4,0,55114,Oliver Sorg,1990-05-29,25.26,175.0,right,Defender,Right-Back,Germany,Germany,20,1592,0,0,42,Hannover 96,1592,3500000.0,2750000.0,0.999,1.0,0.997,same_club
351,Lukasz Zaluska,GER,2015-16,Darmstadt,GK,1,90,0,0,0,0,0,0.0,0.0,0.0,0.014,0.014,0,0,32273,Lukasz Zaluska,1982-06-16,33.21,190.0,right,Goalkeeper,Goalkeeper,Poland,Poland,1,90,0,0,105,SV Darmstadt 98,90,350000.0,300000.0,1.0,1.0,1.0,same_club
352,Kazuki Nagasawa,GER,2015-16,FC Cologne,M,1,46,0,0,0,1,0,0.075,0.075,0.0,0.075,0.0,0,0,263685,Kazuki Nagasawa,1991-12-16,23.71,172.0,right,Midfield,Central Midfield,Japan,Japan,1,45,0,0,3,1.FC Köln,135,1000000.0,775000.0,0.997,1.0,0.989,same_club
357,David Kinsombi,GER,2015-16,Eintracht Frankfurt,D S,2,91,0,0,0,0,0,0.0,0.0,0.0,0.0,0.0,0,0,196834,David Kinsombi,1995-12-12,19.72,183.0,right,Midfield,Central Midfield,Germany,Germany,2,91,0,0,24,Eintracht Frankfurt,91,250000.0,300000.0,1.0,1.0,1.0,same_club
358,Johannes Flum,GER,2015-16,Eintracht Frankfurt,M S,5,136,0,0,1,2,2,0.066,0.066,0.439,0.909,0.404,0,0,38415,Johannes Flum,1987-12-14,27.72,190.0,right,Midfield,Central Midfield,Germany,Germany,5,137,0,1,24,Eintracht Frankfurt,167,1500000.0,1250000.0,0.998,1.0,0.993,same_club
359,Timothy Chandler,GER,2015-16,Eintracht Frankfurt,D S,12,664,0,0,0,3,1,0.076,0.076,0.032,0.194,0.142,4,0,49723,Timothy Chandler,1990-03-29,25.43,187.0,right,Defender,Right-Back,United States,Germany,12,664,0,0,24,Eintracht Frankfurt,664,2500000.0,2000000.0,1.0,1.0,1.0,same_club
360,Ádám Szalai,GER,2015-16,"Hannover 96,Hoffenheim",F S,16,793,0,0,2,20,14,2.987,2.987,0.86,4.223,0.63,2,0,39106,Ádám Szalai,1987-12-09,27.73,193.0,right,Attack,Centre-Forward,Hungary,Hungary,16,793,0,1,"42,533","Hannover 96,TSG 1899 Hoffenheim",809,4500000.0,1500000.0,1.0,1.0,1.0,same_club
364,Luca-Milan Zander,GER,2015-16,Werder Bremen,D S,2,105,0,0,0,0,0,0.0,0.0,0.0,0.0,0.0,0,0,139278,Luca Zander,1995-08-09,20.06,183.0,right,Defender,Right-Back,Germany,Germany,2,104,0,0,86,SV Werder Bremen,104,200000.0,250000.0,0.967,0.95,0.99,same_club
365,Ahmet Arslan,GER,2015-16,Hamburger SV,S,1,1,0,0,0,0,0,0.0,0.0,0.0,0.0,0.0,0,0,209686,Ahmet Arslan,1994-03-30,21.42,180.0,right,Midfield,Attacking Midfield,Türkiye,Germany,1,1,0,0,41,Hamburger SV,1,300000.0,300000.0,1.0,1.0,1.0,same_club
369,Ismail Azzaoui,GER,2015-16,Wolfsburg,S,2,19,0,0,0,0,0,0.0,0.0,0.0,0.581,0.581,0,0,289507,Ismail Azzaoui,1998-01-06,17.65,177.0,right,Attack,Right Winger,Belgium,Belgium,2,20,0,0,82,VfL Wolfsburg,20,750000.0,750000.0,0.997,1.0,0.989,same_club
370,Marvin Friedrich,GER,2015-16,Schalke 04,S,2,3,0,0,0,0,0,0.0,0.0,0.0,0.0,0.0,0,0,196231,Marvin Friedrich,1995-12-13,19.72,193.0,right,Defender,Centre-Back,Germany,Germany,2,3,0,0,33,FC Schalke 04,14,750000.0,750000.0,1.0,1.0,1.0,same_club
372,Julian Weigl,GER,2015-16,Borussia Dortmund,M S,30,2244,0,0,0,9,16,0.226,0.226,1.27,19.771,19.319,5,0,196792,Julian Weigl,1995-09-08,19.98,186.0,right,Midfield,Defensive Midfield,Germany,Germany,30,2248,0,0,16,Borussia Dortmund,3869,2000000.0,14000000.0,0.999,1.0,0.998,same_club
374,Marvin Wanitzek,GER,2015-16,VfB Stuttgart,S,1,3,0,0,0,0,0,0.0,0.0,0.0,0.0,0.0,0,0,119581,Marvin Wanitzek,1993-05-07,22.32,179.0,right,Midfield,Central Midfield,Germany,Germany,1,4,0,0,79,VfB Stuttgart,19,400000.0,400000.0,0.997,1.0,0.989,same_club
375,Odisseas Vlachodimos,GER,2015-16,VfB Stuttgart,GK S,3,200,0,0,0,0,0,0.0,0.0,0.0,0.018,0.018,0,0,124419,Odysseas Vlachodimos,1994-04-26,21.35,191.0,right,Goalkeeper,Goalkeeper,Greece,Germany,3,202,0,0,79,VfB Stuttgart,292,450000.0,450000.0,0.967,0.95,0.99,same_club
376,Arianit Ferati,GER,2015-16,VfB Stuttgart,S,3,68,0,0,1,1,4,0.064,0.064,0.532,0.751,0.179,0,0,247380,Arianit Ferati,1997-09-07,17.98,168.0,left,Midfield,Attacking Midfield,Kosovo,Germany,3,72,0,1,79,VfB Stuttgart,147,200000.0,600000.0,0.987,1.0,0.956,same_club
378,Milos Pantovic,GER,2015-16,Bayern Munich,S,1,1,0,0,0,0,0,0.0,0.0,0.0,0.0,0.0,0,0,232144,Milos Pantovic,1996-07-07,19.15,185.0,right,Midfield,Attacking Midfield,Serbia,Germany,1,1,0,0,27,Bayern Munich,1,75000.0,75000.0,1.0,1.0,1.0,same_club
379,Markus Suttner,GER,2015-16,Ingolstadt,D S,18,1342,0,0,0,20,16,0.563,0.563,1.187,1.891,1.219,2,0,31514,Markus Suttner,1987-04-16,28.38,179.0,left,Defender,Left-Back,Austria,Austria,18,1342,0,0,4795,FC Ingolstadt 04,1432,1000000.0,1500000.0,1.0,1.0,1.0,same_club
380,Sandro Sirigu,GER,2015-16,Darmstadt,M S,6,119,0,0,2,0,2,0.0,0.0,1.038,1.038,0.0,0,0,40456,Sandro Sirigu,1988-10-07,26.9,183.0,right,Midfield,Defensive Midfield,Germany,Germany,6,121,0,2,105,SV Darmstadt 98,121,500000.0,400000.0,0.995,1.0,0.983,same_club
381,Ronny,GER,2015-16,Hertha Berlin,S,1,27,0,0,0,2,0,0.045,0.045,0.0,0.045,0.0,0,0,43847,Ronny,1986-05-11,29.31,175.0,left,Midfield,Attacking Midfield,Brazil,Brazil,1,29,0,0,44,Hertha BSC,29,1000000.0,500000.0,0.993,1.0,0.978,same_club
383,Florian Klein,GER,2015-16,VfB Stuttgart,D M S,22,1571,0,0,2,14,13,0.425,0.425,2.113,4.469,2.235,3,1,20276,Florian Klein,1986-11-17,28.79,180.0,right,Defender,Right-Back,Austria,Austria,22,1573,0,2,79,VfB Stuttgart,1724,2000000.0,1500000.0,1.0,1.0,0.999,same_club
385,Daniel Opare,GER,2015-16,Augsburg,D M,4,360,0,0,0,2,2,0.082,0.082,0.154,0.824,0.587,2,0,65781,Daniel Opare,1990-10-18,24.87,174.0,right,Defender,Right-Back,Ghana,Ghana,4,360,0,0,167,FC Augsburg,360,3000000.0,1500000.0,1.0,1.0,1.0,same_club
390,Fabian Reese,GER,2015-16,Schalke 04,S,1,3,0,0,0,0,1,0.0,0.0,0.074,0.0,0.0,0,0,227102,Fabian Reese,1997-11-29,17.75,187.0,right,Attack,Left Winger,Germany,Germany,1,3,0,0,33,FC Schalke 04,3,,150000.0,1.0,1.0,1.0,same_club
397,Tobias Werner,GER,2015-16,Augsburg,M S,13,691,0,0,1,22,17,2.361,2.361,1.053,3.127,0.228,2,0,26878,Tobias Werner,1985-07-19,30.12,174.0,left,Attack,Left Winger,Germany,East Germany (GDR),13,699,0,2,167,FC Augsburg,1051,3000000.0,2500000.0,0.997,1.0,0.989,same_club
398,Sascha Mölders,GER,2015-16,Augsburg,S,4,23,0,0,0,2,0,0.139,0.139,0.0,0.139,0.0,0,0,17689,Sascha Mölders,1985-03-20,30.45,185.0,left,Attack,Centre-Forward,Germany,Germany,4,26,0,0,167,FC Augsburg,73,1000000.0,750000.0,0.99,1.0,0.967,same_club
399,Ulisses García,GER,2015-16,Werder Bremen,D M S,11,592,0,0,1,11,5,0.433,0.433,0.902,1.157,0.48,3,0,192616,Ulisses Garcia,1996-01-11,19.64,182.0,left,Defender,Left-Back,Switzerland,Portugal,11,590,0,0,86,SV Werder Bremen,720,150000.0,1000000.0,0.999,1.0,0.997,same_club
400,Lukas Fröde,GER,2015-16,Werder Bremen,M S,8,115,0,0,0,1,0,0.049,0.049,0.0,0.746,0.746,0,0,153628,Lukas Fröde,1995-01-23,20.61,192.0,right,Midfield,Defensive Midfield,Germany,Germany,8,115,0,0,86,SV Werder Bremen,124,150000.0,350000.0,1.0,1.0,1.0,same_club
401,Álvaro Domínguez,GER,2015-16,Borussia M.Gladbach,D S,6,472,0,0,0,0,1,0.0,0.0,0.019,1.102,1.083,1,0,62915,Álvaro Domínguez,1989-05-16,26.29,,,Defender,Centre-Back,Spain,Spain,6,472,0,0,18,Borussia Mönchengladbach,768,9000000.0,8000000.0,1.0,1.0,1.0,same_club
402,Konstantin Engel,GER,2015-16,Ingolstadt,D S,4,192,0,0,0,2,1,0.018,0.018,0.012,0.025,0.015,2,0,42318,Konstantin Engel,1988-07-27,27.1,179.0,right,Defender,Left-Back,Kazakhstan,UdSSR,4,192,0,0,4795,FC Ingolstadt 04,192,500000.0,500000.0,1.0,1.0,1.0,same_club
403,Lukas Klünter,GER,2015-16,FC Cologne,S,1,14,0,0,0,1,0,0.108,0.108,0.0,0.0,0.0,0,0,282577,Lukas Klünter,1996-05-26,19.27,184.0,right,Defender,Right-Back,Germany,Germany,1,14,0,0,3,1.FC Köln,14,200000.0,200000.0,1.0,1.0,1.0,same_club
404,Felix Platte,GER,2015-16,"Darmstadt,Schalke 04",F S,12,137,0,0,0,4,2,0.305,0.305,0.123,0.465,0.036,2,0,195782,Felix Platte,1996-02-11,19.55,190.0,right,Attack,Centre-Forward,Germany,Germany,12,143,0,0,"33,105","FC Schalke 04,SV Darmstadt 98",143,300000.0,300000.0,0.987,1.0,0.958,same_club
405,Mart Ristl,GER,2015-16,VfB Stuttgart,S,3,42,0,0,0,0,1,0.0,0.0,0.024,0.13,0.13,1,0,170523,Mart Ristl,1996-07-07,19.15,178.0,right,Midfield,Defensive Midfield,Germany,Germany,3,45,0,0,79,VfB Stuttgart,74,150000.0,200000.0,0.99,1.0,0.967,same_club
408,Carlos Ascues,GER,2015-16,Wolfsburg,S,1,8,0,0,0,0,0,0.0,0.0,0.0,0.0,0.0,0,0,189283,Carlos Ascues,1992-06-19,23.2,187.0,right,Defender,Centre-Back,Peru,Venezuela,1,8,0,0,82,VfL Wolfsburg,8,500000.0,500000.0,1.0,1.0,1.0,same_club
409,Philipp Klement,GER,2015-16,Mainz 05,S,2,27,0,0,0,1,0,0.098,0.098,0.0,0.0,0.0,0,0,60394,Philipp Klement,1992-09-09,22.98,175.0,left,Midfield,Attacking Midfield,Germany,Germany,2,28,0,0,39,1.FSV Mainz 05,28,250000.0,400000.0,0.997,1.0,0.989,same_club
411,Albin Ekdal,GER,2015-16,Hamburger SV,M,14,1147,0,0,0,5,4,0.09,0.09,0.23,1.892,1.69,4,0,49275,Albin Ekdal,1989-07-28,26.09,186.0,right,Midfield,Defensive Midfield,Sweden,Sweden,14,1132,0,0,41,Hamburger SV,1194,4500000.0,4500000.0,0.996,1.0,0.987,same_club
414,Juan Bernat,GER,2015-16,Bayern Munich,D M S,16,1148,0,0,1,9,7,0.454,0.454,0.837,5.251,4.028,2,0,126719,Juan Bernat,1993-03-01,22.5,170.0,left,Defender,Left-Back,Spain,Spain,16,1148,0,1,27,Bayern Munich,1852,20000000.0,18000000.0,1.0,1.0,1.0,same_club
415,Oliver Hüsing,GER,2015-16,Werder Bremen,S,1,5,0,0,0,0,0,0.0,0.0,0.0,0.093,0.093,0,0,109436,Oliver Hüsing,1993-02-17,22.54,193.0,right,Defender,Centre-Back,Germany,Germany,1,6,0,0,86,SV Werder Bremen,6,350000.0,350000.0,0.997,1.0,0.989,same_club
417,Tin Jedvaj,GER,2015-16,Bayer Leverkusen,D S,15,956,0,0,0,3,4,0.048,0.048,0.206,0.978,0.778,5,1,206386,Tin Jedvaj,1995-11-28,19.76,185.0,right,Defender,Centre-Back,Croatia,Croatia,15,955,0,0,15,Bayer 04 Leverkusen,1219,8000000.0,8000000.0,1.0,1.0,0.999,same_club
419,Maximilian Mittelstädt,GER,2015-16,Hertha Berlin,D M S,3,181,0,0,1,1,2,0.052,0.052,0.448,0.578,0.078,0,0,282660,Maximilian Mittelstädt,1997-03-18,18.46,180.0,left,Defender,Left-Back,Germany,Germany,3,181,0,1,44,Hertha BSC,181,100000.0,125000.0,1.0,1.0,1.0,same_club
425,Marcel Hilßner,GER,2015-16,Werder Bremen,S,1,34,0,0,0,0,0,0.0,0.0,0.0,0.0,0.0,0,0,153634,Marcel Hilßner,1995-01-30,20.59,183.0,left,Attack,Right Winger,Germany,Germany,1,34,0,0,86,SV Werder Bremen,34,200000.0,300000.0,1.0,1.0,1.0,same_club
427,Marco Höger,GER,2015-16,Schalke 04,M S,5,188,0,0,0,2,0,0.069,0.069,0.0,0.169,0.1,2,0,55510,Marco Höger,1989-09-16,25.96,182.0,right,Midfield,Defensive Midfield,Germany,Germany,5,190,0,0,33,FC Schalke 04,219,5000000.0,4000000.0,0.997,1.0,0.989,same_club
429,Francisco Rodríguez,GER,2015-16,Wolfsburg,S,1,8,0,0,0,0,1,0.0,0.0,0.065,0.382,0.382,0,0,227967,Francisco Rodríguez,1995-09-14,19.96,176.0,right,Midfield,Attacking Midfield,Switzerland,Switzerland,1,8,0,0,82,VfL Wolfsburg,8,900000.0,800000.0,1.0,1.0,1.0,same_club
432,Devante Parker,GER,2015-16,Mainz 05,S,1,1,0,0,0,0,0,0.0,0.0,0.0,0.0,0.0,0,0,196836,Devante Parker,1996-03-16,19.46,175.0,right,Attack,Right Winger,Germany,Germany,1,1,0,0,39,1.FSV Mainz 05,1,400000.0,400000.0,1.0,1.0,1.0,same_club
433,Nico Schulz,GER,2015-16,"Borussia M.Gladbach,Hertha Berlin",S,2,49,0,0,0,1,0,0.054,0.054,0.0,0.054,0.0,0,0,85867,Nico Schulz,1993-04-01,22.42,180.0,left,Defender,Left-Back,Germany,Germany,2,53,0,0,"18,44","Borussia Mönchengladbach,Hertha BSC",95,3500000.0,3500000.0,0.987,1.0,0.956,same_club
434,Thomas Kraft,GER,2015-16,Hertha Berlin,GK,6,500,0,0,0,0,0,0.0,0.0,0.0,0.114,0.114,0,0,39732,Thomas Kraft,1988-07-22,27.11,187.0,right,Goalkeeper,Goalkeeper,Germany,Germany,6,495,0,0,44,Hertha BSC,585,3000000.0,1500000.0,0.997,1.0,0.99,same_club
435,Benjamin Henrichs,GER,2015-16,Bayer Leverkusen,D S,9,536,0,0,1,0,3,0.0,0.0,0.132,1.963,1.831,1,0,202591,Benjamin Henrichs,1997-02-23,18.52,185.0,right,Defender,Right-Back,Germany,Germany,9,538,0,1,15,Bayer 04 Leverkusen,549,150000.0,250000.0,0.999,1.0,0.996,same_club
436,Andre Hoffmann,GER,2015-16,Hannover 96,M S,8,520,0,0,0,5,2,0.142,0.142,0.394,1.188,0.767,2,0,85164,Andre Hoffmann,1993-02-28,22.51,190.0,right,Defender,Centre-Back,Germany,Germany,8,515,0,0,42,Hannover 96,515,4000000.0,2500000.0,0.997,1.0,0.99,same_club
439,Martin Stranzl,GER,2015-16,Borussia M.Gladbach,D S,4,164,0,0,0,0,0,0.0,0.0,0.0,0.131,0.131,0,0,568,Martin Stranzl,1980-06-16,35.21,,,Defender,Centre-Back,Austria,Austria,4,164,0,0,18,Borussia Mönchengladbach,164,1500000.0,1000000.0,1.0,1.0,1.0,same_club
440,Tom Mickel,GER,2015-16,Hamburger SV,GK,1,90,0,0,0,0,0,0.0,0.0,0.0,0.279,0.279,0,0,44607,Tom Mickel,1989-04-19,26.37,185.0,right,Goalkeeper,Goalkeeper,Germany,East Germany (GDR),1,90,0,0,41,Hamburger SV,90,200000.0,150000.0,1.0,1.0,1.0,same_club
441,Fabian Frei,GER,2015-16,Mainz 05,M S,18,956,0,0,2,11,9,0.591,0.591,0.479,3.501,2.871,1,0,52595,Fabian Frei,1989-01-08,26.64,183.0,right,Midfield,Defensive Midfield,Switzerland,Switzerland,18,960,0,2,39,1.FSV Mainz 05,1050,5000000.0,3000000.0,0.999,1.0,0.996,same_club
443,Peter Pekarík,GER,2015-16,Hertha Berlin,D,12,1066,0,0,1,4,6,0.065,0.065,0.227,1.916,1.623,1,0,51100,Peter Pekarík,1986-10-30,28.84,177.0,right,Defender,Right-Back,Slovakia,CSSR,12,1066,0,1,44,Hertha BSC,1156,3000000.0,2500000.0,1.0,1.0,1.0,same_club
445,Philipp Ochs,GER,2015-16,Hoffenheim,D M S,13,559,0,0,1,6,7,0.224,0.224,0.804,3.308,2.431,0,0,207592,Philipp Ochs,1997-04-17,18.37,175.0,left,Attack,Left Winger,Germany,Germany,13,560,0,1,533,TSG 1899 Hoffenheim,560,150000.0,750000.0,0.999,1.0,0.998,same_club
446,Florian Kohls,GER,2015-16,Hertha Berlin,S,1,7,0,0,0,1,0,0.006,0.006,0.0,0.006,0.0,0,0,172168,Florian Kohls,1995-04-03,20.41,174.0,right,Midfield,Central Midfield,Germany,Germany,1,7,0,0,44,Hertha BSC,7,125000.0,150000.0,1.0,1.0,1.0,same_club
447,Kevin De Bruyne,GER,2015-16,Wolfsburg,M,2,168,0,0,0,4,1,0.867,0.867,0.011,1.022,0.223,1,0,88755,Kevin De Bruyne,1991-06-28,24.18,181.0,right,Midfield,Attacking Midfield,Belgium,Belgium,2,165,0,0,82,VfL Wolfsburg,3088,45000000.0,60000000.0,1.0,1.0,0.999,same_club
447,Kevin De Bruyne,GER,2015-16,Wolfsburg,M,2,168,0,0,0,4,1,0.867,0.867,0.011,1.022,0.223,1,0,88755,Kevin De Bruyne,1991-06-28,24.18,181.0,right,Midfield,Attacking Midfield,Belgium,Belgium,2,165,0,0,82,VfL Wolfsburg,3088,45000000.0,60000000.0,0.995,1.0,0.982,same_club
450,Benjamin Gorka,GER,2015-16,Darmstadt,S,4,13,0,0,0,0,0,0.0,0.0,0.0,0.0,0.0,0,0,31123,Benjamin Gorka,1984-04-15,31.38,,,Defender,Centre-Back,Germany,Germany,4,14,0,0,105,SV Darmstadt 98,14,400000.0,250000.0,0.997,1.0,0.989,same_club
451,Matija Nastasic,GER,2015-16,Schalke 04,D,1,16,0,0,0,0,0,0.0,0.0,0.0,0.022,0.022,0,0,143559,Matija Nastasić,1993-03-28,22.43,187.0,left,Defender,Centre-Back,Serbia,Yugoslavia (Republic),1,17,0,0,33,FC Schalke 04,107,14000000.0,14000000.0,0.997,1.0,0.989,same_club
452,Takashi Inui,GER,2015-16,Eintracht Frankfurt,M,1,49,0,0,0,0,1,0.0,0.0,0.018,0.018,0.0,0,0,98249,Takashi Inui,1988-06-02,27.25,169.0,right,Attack,Left Winger,Japan,Japan,1,45,0,0,24,Eintracht Frankfurt,1866,2500000.0,3000000.0,0.999,1.0,0.998,same_club
452,Takashi Inui,GER,2015-16,Eintracht Frankfurt,M,1,49,0,0,0,0,1,0.0,0.0,0.018,0.018,0.0,0,0,98249,Takashi Inui,1988-06-02,27.25,169.0,right,Attack,Left Winger,Japan,Japan,1,45,0,0,24,Eintracht Frankfurt,1866,2500000.0,3000000.0,0.987,1.0,0.956,same_club
453,Son Heung-Min,GER,2015-16,Bayer Leverkusen,M,1,65,0,0,0,2,0,0.416,0.416,0.0,0.519,0.519,0,0,91845,Heung-min Son,1992-07-08,23.15,183.0,both,Attack,Left Winger,"Korea, South","Korea, South",1,64,0,0,15,Bayer 04 Leverkusen,1980,16000000.0,25000000.0,0.999,1.0,0.995,same_club
453,Son Heung-Min,GER,2015-16,Bayer Leverkusen,M,1,65,0,0,0,2,0,0.416,0.416,0.0,0.519,0.519,0,0,91845,Heung-min Son,1992-07-08,23.15,183.0,both,Attack,Left Winger,"Korea, South","Korea, South",1,64,0,0,15,Bayer 04 Leverkusen,1980,16000000.0,25000000.0,0.997,1.0,0.989,same_club
1217,Moritz Leitner,GER,2015-16,Borussia Dortmund,M S,9,318,0,0,1,6,5,0.646,0.646,0.291,2.953,2.306,0,0,82243,Moritz Leitner,1992-12-08,22.73,178.0,right,Midfield,Central Midfield,Germany,Germany,9,320,0,2,16,Borussia Dortmund,376,2000000.0,1500000.0,0.998,1.0,0.994,same_club
2623,Milan Ivana,GER,2015-16,Darmstadt,S,1,2,0,0,0,0,0,0.0,0.0,0.0,0.0,0.0,0,0,21039,Milan Ivana,1983-11-26,31.76,170.0,right,Midfield,Right Midfield,Slovakia,CSSR,1,2,0,0,105,SV Darmstadt 98,2,400000.0,300000.0,1.0,1.0,1.0,same_club
2625,Paul Seguin,GER,2015-16,Wolfsburg,M S,4,176,0,0,0,2,1,0.145,0.145,0.035,0.191,0.012,0,0,183780,Paul Seguin,1995-03-29,20.43,185.0,right,Midfield,Central Midfield,Germany,Germany,4,177,0,0,82,VfL Wolfsburg,177,200000.0,200000.0,0.998,1.0,0.994,same_club
2626,Leandro Putaro,GER,2015-16,Wolfsburg,S,4,40,0,0,0,1,0,0.102,0.102,0.0,0.123,0.021,0,0,237732,Leandro Putaro,1997-01-07,18.65,187.0,left,Attack,Left Winger,Germany,Germany,4,43,0,0,82,VfL Wolfsburg,44,,200000.0,0.99,1.0,0.967,same_club
2628,Mitchell Langerak,GER,2015-16,VfB Stuttgart,GK,2,180,0,0,0,0,0,0.0,0.0,0.0,0.034,0.034,0,0,49347,Mitchell Langerak,1988-08-22,27.03,193.0,right,Goalkeeper,Goalkeeper,Australia,Australia,2,180,0,0,79,VfB Stuttgart,270,2500000.0,2000000.0,1.0,1.0,1.0,same_club
2629,Matthias Zimmermann,GER,2015-16,VfB Stuttgart,D,2,167,0,0,0,1,1,0.01,0.01,0.296,0.383,0.078,0,0,86848,Matthias Zimmermann,1992-06-16,23.21,177.0,right,Defender,Right-Back,Germany,Germany,2,166,0,0,79,VfB Stuttgart,166,200000.0,275000.0,0.998,1.0,0.994,same_club
2632,Elkin Soto,GER,2015-16,Mainz 05,S,1,1,0,0,0,0,0,0.0,0.0,0.0,0.0,0.0,0,0,40937,Elkin Soto,1980-08-04,35.07,179.0,left,Midfield,Central Midfield,Colombia,Colombia,1,1,0,0,39,1.FSV Mainz 05,1,500000.0,250000.0,1.0,1.0,1.0,same_club
2633,Julian Schieber,GER,2015-16,Hertha Berlin,S,6,133,0,0,1,2,2,0.027,0.027,0.628,0.779,0.14,1,0,58124,Julian Schieber,,,186.0,left,Attack,Centre-Forward,Germany,Germany,6,136,0,1,44,Hertha BSC,161,3250000.0,2750000.0,0.993,1.0,0.978,same_club
2634,David Yelldell,GER,2015-16,Bayer Leverkusen,S,1,42,0,0,0,0,0,0.0,0.0,0.0,0.0,0.0,0,0,4746,David Yelldell,1981-10-01,33.92,194.0,right,Goalkeeper,Goalkeeper,United States,Germany,1,43,0,0,15,Bayer 04 Leverkusen,43,150000.0,150000.0,0.997,1.0,0.989,same_club
2639,Alexander Nübel,GER,2015-16,Schalke 04,S,1,1,0,0,0,0,0,0.0,0.0,0.0,0.0,0.0,0,0,195778,Alexander Nübel,1996-09-30,18.92,193.0,right,Goalkeeper,Goalkeeper,Germany,Germany,1,1,0,0,33,FC Schalke 04,1,100000.0,200000.0,1.0,1.0,1.0,same_club
2642,Nuri Sahin,GER,2015-16,Borussia Dortmund,M S,9,506,0,0,2,4,6,0.171,0.171,0.299,2.906,2.635,1,0,31095,Nuri Sahin,1988-09-05,26.99,180.0,left,Midfield,Defensive Midfield,Turkey,Germany,9,506,0,2,16,Borussia Dortmund,653,10000000.0,6500000.0,1.0,1.0,1.0,same_club
2643,Mergim Mavraj,GER,2015-16,FC Cologne,D S,12,991,0,0,0,5,0,0.423,0.423,0.0,2.217,2.165,1,0,38267,Mergim Mavraj,1986-06-09,29.23,189.0,left,Defender,Centre-Back,Albania,Germany,12,991,0,0,3,1.FC Köln,991,1500000.0,1750000.0,1.0,1.0,1.0,same_club
2644,Filip Mladenovic,GER,2015-16,FC Cologne,D M S,14,851,0,0,2,13,16,0.479,0.479,1.746,3.98,2.554,1,0,168063,Filip Mladenovic,1991-08-15,24.05,180.0,left,Defender,Left-Back,Serbia,Jugoslawien (SFR),14,849,0,2,3,1.FC Köln,1929,1300000.0,2000000.0,0.999,1.0,0.998,same_club
2645,Marcel Hartel,GER,2015-16,FC Cologne,S,6,71,0,0,0,4,0,0.213,0.213,0.0,0.318,0.105,0,0,189073,Marcel Hartel,1996-01-19,19.62,177.0,both,Midfield,Central Midfield,Germany,Germany,6,74,0,0,3,1.FC Köln,74,75000.0,150000.0,0.99,1.0,0.967,same_club
2646,Özkan Yildirim,GER,2015-16,Werder Bremen,S,1,13,0,0,0,1,0,0.083,0.083,0.0,0.083,0.0,0,0,83256,Özkan Yildirim,1993-04-10,22.39,173.0,left,Midfield,Attacking Midfield,Germany,Germany,1,13,0,0,86,SV Werder Bremen,13,600000.0,250000.0,1.0,1.0,1.0,same_club
2647,László Kleinheisler,GER,2015-16,Werder Bremen,M S,6,184,0,0,0,5,1,0.156,0.156,0.053,0.683,0.502,0,0,220656,László Kleinheisler,1994-04-08,21.4,173.0,right,Midfield,Attacking Midfield,Hungary,Hungary,6,191,0,0,86,SV Werder Bremen,198,150000.0,600000.0,0.989,1.0,0.963,same_club
2649,Sonny Kittel,GER,2015-16,Eintracht Frankfurt,M S,8,271,0,0,0,7,1,0.605,0.605,0.1,0.752,0.085,0,0,78950,Sonny Kittel,1993-01-06,22.65,179.0,both,Attack,Left Winger,Germany,Germany,8,273,0,0,24,Eintracht Frankfurt,273,500000.0,500000.0,0.998,1.0,0.993,same_club
2650,Serdar Tasci,GER,2015-16,Bayern Munich,D,3,222,0,0,0,1,0,0.054,0.054,0.0,0.291,0.291,1,0,34593,Serdar Tasci,1987-04-24,28.36,,,Defender,Centre-Back,Germany,Germany,3,220,0,0,27,Bayern Munich,1738,6000000.0,4000000.0,0.997,1.0,0.991,same_club
2651,Fynn Arkenberg,GER,2015-16,Hannover 96,D,2,180,0,0,0,1,1,0.027,0.027,0.09,0.27,0.153,0,0,235371,Fynn Arkenberg,1996-03-04,19.49,188.0,right,Defender,Centre-Back,Germany,Germany,2,180,0,0,42,Hannover 96,180,50000.0,75000.0,1.0,1.0,1.0,same_club
2652,Valmir Sulejmani,GER,2015-16,Hannover 96,M S,4,114,0,0,0,2,0,0.087,0.087,0.0,0.216,0.13,0,0,193050,Valmir Sulejmani,1996-02-01,19.58,185.0,left,Attack,Centre-Forward,Kosovo,Germany,4,116,0,0,42,Hannover 96,116,300000.0,250000.0,0.995,1.0,0.983,same_club
2653,Iver Fossum,GER,2015-16,Hannover 96,F M S,9,723,0,0,0,13,13,0.906,0.906,0.786,3.255,1.728,0,0,226450,Iver Fossum,1996-07-15,19.13,180.0,right,Midfield,Central Midfield,Norway,Norway,9,722,0,0,42,Hannover 96,1262,1000000.0,1300000.0,1.0,1.0,0.999,same_club
2654,Tim Dierßen,GER,2015-16,Hannover 96,S,1,19,0,0,0,0,0,0.0,0.0,0.0,0.0,0.0,0,0,170516,Tim Dierßen,1996-01-15,19.63,172.0,right,Midfield,Central Midfield,Germany,Germany,1,19,0,0,42,Hannover 96,19,250000.0,250000.0,1.0,1.0,1.0,same_club
2657,Nabil Bahoui,GER,2015-16,Hamburger SV,M S,6,209,0,0,0,3,2,0.139,0.139,0.137,0.157,0.0,1,0,93184,Nabil Bahoui,1991-02-05,24.57,188.0,right,Attack,Centre-Forward,Sweden,Sweden,6,210,0,0,41,Hamburger SV,300,1300000.0,1000000.0,0.999,1.0,0.995,same_club
2659,Noah Joel Sarenren Bazee,GER,2015-16,Hannover 96,M,5,386,0,0,3,18,6,1.406,1.406,1.476,2.948,0.101,1,0,283001,Noah Joel Sarenren Bazee,1996-08-21,19.03,183.0,right,Attack,Right Winger,,,5,383,0,3,42,Hannover 96,383,100000.0,200000.0,0.998,1.0,0.992,same_club
2661,Marco Fabián,GER,2015-16,Eintracht Frankfurt,F M S,11,803,0,0,2,19,20,0.678,0.678,2.452,3.247,1.571,2,0,67685,Marco Fabián,1989-07-21,26.11,171.0,right,Midfield,Attacking Midfield,Mexico,Mexico,11,802,0,3,24,Eintracht Frankfurt,802,5500000.0,5000000.0,1.0,1.0,0.999,same_club
2663,Felix Passlack,GER,2015-16,Borussia Dortmund,D M S,3,182,0,0,0,0,1,0.0,0.0,0.068,0.805,0.737,0,0,274461,Felix Passlack,1998-05-29,17.26,170.0,right,Defender,Right-Back,Germany,Germany,3,181,0,0,16,Borussia Dortmund,181,,500000.0,0.998,1.0,0.995,same_club
2664,Kevin Großkreutz,GER,2015-16,VfB Stuttgart,D,10,900,0,0,0,6,6,0.327,0.327,0.598,2.708,2.456,3,0,44521,Kevin Großkreutz,1988-07-19,27.12,186.0,right,Defender,Right-Back,Germany,Germany,10,900,0,0,79,VfB Stuttgart,990,5000000.0,2500000.0,1.0,1.0,1.0,same_club
2665,Jeffrey Gouweleeuw,GER,2015-16,Augsburg,D M,11,990,0,0,0,2,5,0.722,0.722,0.292,3.138,2.744,2,1,106405,Jeffrey Gouweleeuw,1991-07-10,24.15,188.0,right,Defender,Centre-Back,Netherlands,Netherlands,11,990,0,0,167,FC Augsburg,3600,3000000.0,3000000.0,1.0,1.0,1.0,same_club
2668,Martin Hinteregger,GER,2015-16,Borussia M.Gladbach,D M S,10,660,0,0,0,4,4,0.21,0.21,0.362,2.419,2.085,0,0,85789,Martin Hinteregger,1992-09-07,22.98,184.0,left,Defender,Centre-Back,Austria,Austria,10,658,0,0,18,Borussia Mönchengladbach,958,8000000.0,6000000.0,0.999,1.0,0.997,same_club
2669,Alexander Milosevic,GER,2015-16,Hannover 96,D,10,822,0,0,0,6,0,0.252,0.252,0.0,0.274,0.256,1,0,171376,Alexander Milosevic,1992-01-30,23.59,193.0,right,Defender,Centre-Back,Sweden,Sweden,10,821,0,0,42,Hannover 96,895,1500000.0,1000000.0,1.0,1.0,0.999,same_club
2672,Bruno Henrique,GER,2015-16,Wolfsburg,F M S,7,248,0,0,1,4,4,0.21,0.21,0.586,0.907,0.587,1,0,353108,Bruno Henrique,1990-12-30,24.67,184.0,right,Attack,Centre-Forward,Brazil,Brazil,7,250,0,1,82,VfL Wolfsburg,402,750000.0,2000000.0,0.998,1.0,0.992,same_club
2673,Albian Ajeti,GER,2015-16,Augsburg,S,1,36,0,0,0,0,0,0.0,0.0,0.0,0.043,0.043,0,0,195906,Albian Ajeti,1997-02-26,18.51,181.0,right,Attack,Centre-Forward,Switzerland,Switzerland,1,36,0,0,167,FC Augsburg,146,600000.0,1000000.0,1.0,1.0,1.0,same_club
2674,Thilo Kehrer,GER,2015-16,Schalke 04,S,1,1,0,0,0,0,0,0.0,0.0,0.0,0.0,0.0,0,0,228948,Thilo Kehrer,1996-09-21,18.94,186.0,both,Defender,Centre-Back,Germany,Germany,1,1,0,0,33,FC Schalke 04,1,250000.0,250000.0,1.0,1.0,1.0,same_club
2681,Hotaru Yamaguchi,GER,2015-16,Hannover 96,M,6,408,0,0,0,3,1,0.045,0.045,0.027,0.543,0.472,1,0,118492,Hotaru Yamaguchi,1990-10-06,24.9,174.0,right,Midfield,Defensive Midfield,Japan,Japan,6,410,0,0,42,Hannover 96,410,1500000.0,1500000.0,0.999,1.0,0.995,same_club
2688,Russell Canouse,GER,2015-16,Hoffenheim,S,1,22,0,0,0,0,0,0.0,0.0,0.0,0.0,0.0,0,0,184133,Russell Canouse,1995-06-11,20.22,177.0,right,Midfield,Central Midfield,United States,United States,1,23,0,0,533,TSG 1899 Hoffenheim,23,50000.0,75000.0,0.997,1.0,0.989,same_club
2690,Sidney Sam,GER,2015-16,Schalke 04,S,2,15,0,0,0,3,0,0.302,0.302,0.0,0.278,0.0,0,0,39102,Sidney Sam,1988-01-31,27.58,174.0,left,Attack,Right Winger,Germany,Germany,2,15,0,0,33,FC Schalke 04,150,3000000.0,2000000.0,1.0,1.0,1.0,same_club
2691,Milos Veljkovic,GER,2015-16,Werder Bremen,M S,3,92,0,0,0,0,0,0.0,0.0,0.0,0.205,0.205,0,0,202228,Milos Veljkovic,1995-09-26,19.93,188.0,right,Defender,Centre-Back,Serbia,Switzerland,3,92,0,0,86,SV Werder Bremen,93,250000.0,500000.0,1.0,1.0,1.0,same_club
2692,Leon Guwara,GER,2015-16,Werder Bremen,D,1,90,0,0,0,0,0,0.0,0.0,0.0,0.036,0.036,0,0,201135,Leon Guwara,1996-06-28,19.18,185.0,left,Defender,Left-Back,The Gambia,Germany,1,90,0,0,86,SV Werder Bremen,106,150000.0,275000.0,1.0,1.0,1.0,same_club
2693,Marius Wolf,GER,2015-16,Hannover 96,M,2,141,0,0,0,1,0,0.041,0.041,0.0,0.041,0.0,1,0,193900,Marius Wolf,1995-05-27,20.27,188.0,right,Defender,Right-Back,Germany,Germany,2,141,0,0,42,Hannover 96,252,500000.0,1000000.0,1.0,1.0,1.0,same_club
2701,Nico Rinderknecht,GER,2015-16,Eintracht Frankfurt,S,1,4,0,0,0,0,0,0.0,0.0,0.0,0.0,0.0,0,0,279657,Nico Rinderknecht,1997-10-11,17.89,184.0,right,Midfield,Defensive Midfield,Germany,Germany,1,5,0,0,24,Eintracht Frankfurt,5,,150000.0,0.997,1.0,0.989,same_club
1293,Gonzalo Higuaín,ITA,2015-16,Napoli,F,35,2989,36,33,2,182,51,27.295,25.012,2.704,30.054,5.311,1,1,39153,Gonzalo Higuaín,1987-12-10,27.73,184.0,right,Attack,Centre-Forward,Argentina,France,35,2974,36,2,6195,SSC Napoli,3287,43000000.0,60000000.0,0.998,1.0,0.995,same_club
1294,Paulo Dybala,ITA,2015-16,Juventus,F S,34,2480,19,13,9,107,73,15.127,10.56,8.319,19.785,7.206,1,0,206050,Paulo Dybala,1993-11-15,21.79,177.0,left,Attack,Second Striker,Argentina,Argentina,34,2464,19,7,506,Juventus FC,3081,28000000.0,40000000.0,0.998,1.0,0.994,same_club
1125,Carlos Bacca,ITA,2015-16,AC Milan,F S,38,3179,18,16,2,77,41,14.87,13.348,3.658,18.541,3.278,2,0,119235,Carlos Bacca,1986-09-08,28.98,181.0,right,Attack,Centre-Forward,Colombia,Colombia,38,3171,18,2,5,AC Milan,3575,25000000.0,25000000.0,0.999,1.0,0.997,same_club
1513,Mauro Icardi,ITA,2015-16,Inter,F S,33,2608,16,15,4,57,32,13.371,11.848,5.164,16.034,2.293,1,0,68863,Mauro Icardi,1993-02-19,22.53,181.0,right,Attack,Centre-Forward,Argentina,Argentina,33,2594,16,4,46,Inter Milan,2607,32000000.0,32000000.0,0.998,1.0,0.995,same_club
1104,Leonardo Pavoletti,ITA,2015-16,Genoa,F S,25,1916,14,14,3,67,23,10.402,10.402,2.015,14.477,3.779,3,1,64793,Leonardo Pavoletti,1988-11-26,26.76,188.0,right,Attack,Centre-Forward,Italy,Italy,25,1917,14,2,252,Genoa CFC,2037,3500000.0,5000000.0,1.0,1.0,0.999,same_club
1250,Mohamed Salah,ITA,2015-16,Roma,F M S,34,2753,14,14,6,72,63,9.377,9.377,7.069,23.043,10.797,1,1,148455,Mohamed Salah,1992-06-15,23.21,175.0,left,Attack,Right Winger,Egypt,Egypt,34,2739,14,6,12,Associazione Sportiva Roma,3402,18000000.0,23000000.0,0.998,1.0,0.995,same_club
1315,Massimo Maccarone,ITA,2015-16,Empoli,F S,37,2779,13,12,5,81,38,9.982,9.221,3.929,13.473,3.214,4,0,3713,Massimo Maccarone,1979-09-06,35.99,180.0,right,Attack,Centre-Forward,Italy,Italy,37,2764,13,4,749,FC Empoli,2829,500000.0,500000.0,0.998,1.0,0.995,same_club
1426,Josip Ilicic,ITA,2015-16,Fiorentina,M S,30,1933,13,6,5,74,47,9.362,4.033,5.208,9.846,4.349,2,0,80351,Josip Ilicic,1988-01-29,27.59,190.0,left,Midfield,Attacking Midfield,Slovenia,Jugoslawien (SFR),30,1926,13,5,430,ACF Fiorentina,2278,6500000.0,15000000.0,0.999,1.0,0.996,same_club
1514,Éder,ITA,2015-16,"Inter,Sampdoria",F M S,33,2398,13,10,2,74,20,9.864,7.58,1.94,10.319,2.057,3,0,37418,Éder,1986-11-15,28.79,177.0,right,Attack,Centre-Forward,Italy,Brazil,33,2391,13,2,"46,1038","Inter Milan,UC Sampdoria",2684,12000000.0,12000000.0,0.999,1.0,0.997,same_club
1186,Andrea Belotti,ITA,2015-16,Torino,F S,35,2606,12,8,4,70,29,13.856,10.811,4.179,14.748,2.876,4,0,167727,Andrea Belotti,1993-12-20,21.7,181.0,right,Attack,Centre-Forward,Italy,Italy,35,2595,12,5,416,Torino FC,2749,5000000.0,7000000.0,0.999,1.0,0.996,same_club
1393,Lorenzo Insigne,ITA,2015-16,Napoli,F M S,37,2639,12,10,10,134,65,9.908,8.386,9.114,23.265,8.545,2,0,133964,Lorenzo Insigne,1991-06-04,24.24,163.0,right,Attack,Left Winger,Italy,Italy,37,2622,12,9,6195,SSC Napoli,2856,15000000.0,25000000.0,0.998,1.0,0.994,same_club
1425,Nikola Kalinic,ITA,2015-16,Fiorentina,F M S,36,2559,12,12,3,72,18,17.177,16.416,1.424,18.1,1.999,5,0,36371,Nikola Kalinic,1988-01-05,27.66,187.0,both,Attack,Centre-Forward,Croatia,Jugoslawien (SFR),36,2565,12,4,430,ACF Fiorentina,3217,7000000.0,13500000.0,0.999,1.0,0.998,same_club
1147,Cyril Théréau,ITA,2015-16,Udinese,F M S,36,2912,11,11,3,77,49,12.46,12.46,4.878,15.728,5.058,2,1,29316,Cyril Théréau,1983-04-24,32.36,189.0,right,Attack,Second Striker,France,France,36,2905,11,3,410,Udinese Calcio,2995,2000000.0,2000000.0,0.999,1.0,0.998,same_club
1290,Miralem Pjanic,ITA,2015-16,Roma,M S,33,2656,10,9,12,68,80,7.167,6.406,9.319,18.252,9.656,10,1,44162,Miralem Pjanić,1990-04-02,25.42,181.0,right,Midfield,Central Midfield,Bosnia-Herzegovina,Jugoslawien (SFR),33,2654,10,10,12,Associazione Sportiva Roma,3344,26000000.0,35000000.0,1.0,1.0,0.999,same_club
1295,Mario Mandzukic,ITA,2015-16,Juventus,F S,27,2063,10,10,4,37,28,8.594,8.594,3.548,11.735,3.558,5,0,34572,Mario Mandzukic,1986-05-21,29.28,190.0,right,Attack,Centre-Forward,Croatia,Jugoslawien (SFR),27,2046,10,2,506,Juventus FC,2678,20000000.0,19000000.0,0.998,1.0,0.992,same_club
1517,Antonio Candreva,ITA,2015-16,Lazio,F M S,30,2219,10,4,3,90,38,11.796,5.705,3.853,9.83,2.981,4,0,25488,Antonio Candreva,1987-02-28,28.51,180.0,right,Midfield,Right Midfield,Italy,Italy,30,2201,10,3,398,Società Sportiva Lazio S.p.A.,3141,27000000.0,23000000.0,0.998,1.0,0.992,same_club
1552,Alberto Gilardino,ITA,2015-16,Palermo,F S,33,2362,10,10,2,49,20,8.964,8.964,1.819,11.427,2.554,4,0,5878,Alberto Gilardino,1982-07-05,33.16,184.0,right,Attack,Centre-Forward,Italy,Italy,33,2360,10,2,458,Palermo FC,2399,1500000.0,1000000.0,1.0,1.0,0.999,same_club
1867,Federico Dionisi,ITA,2015-16,Frosinone,F S,32,2455,9,8,4,83,29,6.685,5.924,3.204,9.288,2.293,12,0,119369,Federico Dionisi,1987-06-16,28.21,180.0,right,Attack,Centre-Forward,Italy,Italy,32,2446,9,4,8970,Frosinone Calcio,2566,2000000.0,3000000.0,0.999,1.0,0.996,same_club
1868,Daniel Ciofani,ITA,2015-16,Frosinone,F S,37,2919,9,7,1,76,40,8.208,6.685,2.152,9.041,1.972,1,0,29605,Daniel Ciofani,1985-07-31,30.09,191.0,right,Attack,Centre-Forward,Italy,Italy,37,2912,9,1,8970,Frosinone Calcio,2912,1200000.0,1500000.0,0.999,1.0,0.998,same_club
716,Alberto Paloschi,ITA,2015-16,Chievo,F S,21,1676,8,7,2,41,13,9.575,7.291,0.75,8.145,0.755,1,0,68306,Alberto Paloschi,1990-01-04,25.66,183.0,right,Attack,Centre-Forward,Italy,Italy,21,1673,9,1,862,Chievo Verona,2462,6000000.0,6000000.0,0.997,1.0,0.991,same_club
716,Alberto Paloschi,ITA,2015-16,Chievo,F S,21,1676,8,7,2,41,13,9.575,7.291,0.75,8.145,0.755,1,0,68306,Alberto Paloschi,1990-01-04,25.66,183.0,right,Attack,Centre-Forward,Italy,Italy,21,1673,9,1,862,Chievo Verona,2462,6000000.0,6000000.0,0.966,1.0,0.998,same_club
1148,Duván Zapata,ITA,2015-16,Udinese,F S,25,1514,8,8,2,53,12,8.234,8.234,1.272,7.931,0.84,5,0,73794,Duván Zapata,1991-04-01,24.42,188.0,right,Attack,Centre-Forward,Colombia,Colombia,25,1512,8,3,410,Udinese Calcio,1531,7500000.0,7500000.0,1.0,1.0,0.999,same_club
1230,Fabio Quagliarella,ITA,2015-16,"Sampdoria,Torino",F S,32,2577,8,7,0,98,19,10.228,9.467,2.043,10.877,1.808,1,0,22328,Fabio Quagliarella,1983-01-31,32.58,180.0,right,Attack,Centre-Forward,,,32,2577,8,0,"416,1038","Torino FC,UC Sampdoria",2693,4000000.0,3000000.0,1.0,1.0,1.0,same_club
1252,Stephan El Shaarawy,ITA,2015-16,Roma,F M S,16,1214,8,8,2,46,12,6.186,6.186,1.129,9.402,3.035,0,0,94529,Stephan El Shaarawy,1992-10-27,22.84,178.0,right,Attack,Left Winger,Italy,Italy,16,1200,8,2,12,Associazione Sportiva Roma,2448,14000000.0,17000000.0,1.0,1.0,0.999,same_club
1252,Stephan El Shaarawy,ITA,2015-16,Roma,F M S,16,1214,8,8,2,46,12,6.186,6.186,1.129,9.402,3.035,0,0,94529,Stephan El Shaarawy,1992-10-27,22.84,178.0,right,Attack,Left Winger,Italy,Italy,16,1200,8,2,12,Associazione Sportiva Roma,2448,14000000.0,17000000.0,0.997,1.0,0.988,same_club
1253,Edin Dzeko,ITA,2015-16,Roma,F S,31,1947,8,6,6,83,22,13.504,11.981,2.018,15.398,2.723,4,1,28396,Edin Dzeko,1986-03-17,29.46,192.0,right,Attack,Centre-Forward,Bosnia-Herzegovina,Jugoslawien (SFR),31,1954,8,3,12,Associazione Sportiva Roma,2555,20000000.0,15000000.0,0.999,1.0,0.996,same_club
1405,Marco Borriello,ITA,2015-16,"Atalanta,Carpi",F S,27,1595,8,7,4,55,21,6.974,6.213,3.008,8.016,0.965,4,1,5825,Marco Borriello,1982-06-18,33.2,186.0,left,Attack,Centre-Forward,Italy,Italy,27,1597,8,4,"800,4102","Atalanta BC,AC Carpi",1727,800000.0,800000.0,1.0,1.0,0.999,same_club
1580,Mattia Destro,ITA,2015-16,Bologna,F S,27,2141,8,6,3,64,12,9.737,7.453,1.154,7.262,1.535,9,0,88683,Mattia Destro,1991-03-20,24.45,182.0,right,Attack,Centre-Forward,Italy,Italy,27,2135,8,2,1025,Bologna Football Club 1909,2135,13000000.0,11000000.0,0.999,1.0,0.997,same_club
1740,Paul Pogba,ITA,2015-16,Juventus,M S,35,3017,8,7,12,124,54,8.843,7.321,7.101,19.753,11.582,10,0,122153,Paul Pogba,1993-03-15,22.46,191.0,both,Midfield,Central Midfield,France,France,35,3021,8,10,506,Juventus FC,4285,55000000.0,70000000.0,1.0,1.0,0.999,same_club
1810,Roberto Soriano,ITA,2015-16,Sampdoria,F M S,37,2841,8,8,4,53,28,4.119,4.119,4.879,12.653,5.049,7,0,63186,Roberto Soriano,1991-02-08,24.56,182.0,right,Midfield,Attacking Midfield,Italy,Germany,37,2829,8,1,1038,UC Sampdoria,3094,10000000.0,12500000.0,0.999,1.0,0.996,same_club
1836,Franco Vázquez,ITA,2015-16,Palermo,F M,36,3192,8,7,7,105,54,8.273,7.511,5.26,17.534,8.286,11,0,76163,Franco Vázquez,1989-02-22,26.52,187.0,left,Midfield,Attacking Midfield,Argentina,Argentina,36,3185,8,5,458,Palermo FC,3297,9500000.0,13000000.0,0.999,1.0,0.998,same_club
448,Ivan Perisic,ITA,2015-16,Inter,D F M S,34,2410,7,7,6,68,32,7.491,7.491,3.793,13.617,5.184,5,0,42460,Ivan Perišić,1989-02-02,26.58,186.0,both,Attack,Left Winger,Croatia,Jugoslawien (SFR),34,2408,7,5,46,Inter Milan,2916,13000000.0,21000000.0,1.0,1.0,1.0,same_club
448,Ivan Perisic,ITA,2015-16,Inter,D F M S,34,2410,7,7,6,68,32,7.491,7.491,3.793,13.617,5.184,5,0,42460,Ivan Perišić,1989-02-02,26.58,186.0,both,Attack,Left Winger,Croatia,Jugoslawien (SFR),34,2408,7,5,46,Inter Milan,2916,13000000.0,21000000.0,1.0,1.0,0.999,same_club
1033,Emanuele Giaccherini,ITA,2015-16,Bologna,F M S,28,2190,7,7,0,45,41,3.891,3.891,4.325,7.616,2.417,7,0,84835,Emanuele Giaccherini,1985-05-05,30.32,167.0,right,Midfield,Left Midfield,Italy,Italy,28,2185,7,0,1025,Bologna Football Club 1909,2185,4500000.0,4000000.0,0.999,1.0,0.998,same_club
1208,Felipe Anderson,ITA,2015-16,Lazio,F M S,35,2052,7,7,4,50,27,5.608,5.608,3.604,11.214,4.145,2,0,159372,Felipe Anderson,1993-04-15,22.38,175.0,right,Attack,Left Winger,Brazil,Brazil,35,2068,7,4,398,Società Sportiva Lazio S.p.A.,2927,20000000.0,20000000.0,0.998,1.0,0.992,same_club
1254,Alessandro Florenzi,ITA,2015-16,Roma,D F M S,33,2735,7,7,3,47,41,4.41,4.41,5.329,15.841,9.476,4,0,130365,Alessandro Florenzi,1991-03-11,24.48,173.0,right,Defender,Right-Back,Italy,Italy,33,2726,7,3,12,Associazione Sportiva Roma,3430,18000000.0,20000000.0,0.999,1.0,0.997,same_club
1382,José Callejón,ITA,2015-16,Napoli,F S,38,2848,7,7,7,60,47,8.491,8.491,4.197,18.517,7.194,4,0,61253,José Callejón,1987-02-11,28.55,178.0,right,Attack,Right Winger,Spain,Spain,38,2831,7,4,6195,SSC Napoli,3389,22000000.0,20000000.0,0.998,1.0,0.994,same_club
1468,Gregoire Defrel,ITA,2015-16,Sassuolo,F S,33,2049,7,7,3,51,26,5.945,5.945,1.541,9.437,2.583,2,1,163222,Grégoire Defrel,1991-06-17,24.21,179.0,left,Attack,Centre-Forward,France,France,33,2056,7,6,6574,US Sassuolo,2099,6000000.0,5500000.0,0.999,1.0,0.997,same_club
1491,Alejandro Gomez,ITA,2015-16,Atalanta,F M S,34,2838,7,7,7,85,61,7.296,7.296,7.21,17.657,5.92,4,1,20005,Papu Gómez,1988-02-15,27.54,167.0,right,Attack,Left Winger,Argentina,Argentina,34,2828,7,10,800,Atalanta BC,2890,4500000.0,7000000.0,0.879,0.8,0.996,same_club
1612,Domenico Berardi,ITA,2015-16,Sassuolo,F S,29,2189,7,4,6,88,37,9.276,5.469,4.337,12.507,5.734,10,1,177843,Domenico Berardi,1994-08-01,21.08,183.0,left,Attack,Right Winger,Italy,Italy,29,2181,7,6,6574,US Sassuolo,2361,17500000.0,20000000.0,0.999,1.0,0.996,same_club
1804,Álvaro Morata,ITA,2015-16,Juventus,F S,34,1451,7,6,7,48,28,8.102,7.341,4.134,11.939,4.121,6,0,128223,Álvaro Morata,1992-10-23,22.86,189.0,right,Attack,Centre-Forward,Spain,Spain,34,1456,7,7,506,Juventus FC,2377,25000000.0,30000000.0,0.999,1.0,0.997,same_club
1826,Nicola Sansone,ITA,2015-16,Sassuolo,F S,37,2545,7,7,4,64,42,6.79,6.029,4.256,13.046,6.994,8,0,82048,Nicola Sansone,1991-09-10,23.98,174.0,right,Attack,Left Winger,Italy,Germany,37,2541,7,5,6574,US Sassuolo,2604,8000000.0,11000000.0,1.0,1.0,0.998,same_club
1878,Miroslav Klose,ITA,2015-16,Lazio,F S,24,1359,7,6,7,30,18,7.064,6.303,4.077,10.421,2.039,3,0,10,Miroslav Klose,1978-06-09,37.23,184.0,right,Attack,Centre-Forward,Germany,Poland,24,1360,7,8,398,Società Sportiva Lazio S.p.A.,1714,1000000.0,1000000.0,1.0,1.0,0.999,same_club
1121,Giacomo Bonaventura,ITA,2015-16,AC Milan,F M S,33,2845,6,6,8,104,69,7.728,7.728,7.649,15.412,6.036,8,0,57280,Giacomo Bonaventura,1989-08-22,26.03,180.0,right,Midfield,Attacking Midfield,Italy,Italy,33,2841,6,11,5,AC Milan,3310,15000000.0,21000000.0,1.0,1.0,0.999,same_club
1129,Suso,ITA,2015-16,"AC Milan,Genoa",F M S,20,1235,6,6,1,38,32,2.425,2.425,2.992,5.943,3.319,4,0,111961,Suso,1993-11-19,21.78,177.0,left,Midfield,Attacking Midfield,Spain,Spain,20,1227,6,1,"5,252","AC Milan,Genoa CFC",1298,5000000.0,3300000.0,0.998,1.0,0.994,same_club
1229,Luis Muriel,ITA,2015-16,Sampdoria,F S,32,1686,6,6,5,57,28,7.024,7.024,2.317,9.661,1.307,3,0,119228,Luis Muriel,1991-04-16,24.38,180.0,right,Attack,Centre-Forward,Colombia,Colombia,32,1695,6,5,1038,UC Sampdoria,1920,10000000.0,10000000.0,0.998,1.0,0.995,same_club
1251,Radja Nainggolan,ITA,2015-16,Roma,M S,35,2941,6,6,1,66,42,3.878,3.878,2.435,15.139,10.937,10,1,41982,Radja Nainggolan,1988-05-04,27.33,177.0,right,Midfield,Central Midfield,,,35,2940,6,1,12,Associazione Sportiva Roma,3525,27000000.0,30000000.0,1.0,1.0,1.0,same_club
1318,Manuel Pucciarelli,ITA,2015-16,Empoli,F S,38,3033,6,6,3,56,44,6.814,6.814,3.701,12.148,3.975,2,0,163683,Manuel Pucciarelli,1991-06-17,24.21,174.0,right,Attack,Second Striker,Italy,Italy,38,3043,6,2,749,FC Empoli,3133,3500000.0,4000000.0,0.999,1.0,0.997,same_club
1336,Valter Birsa,ITA,2015-16,Chievo,F M S,35,2423,6,4,7,53,63,5.528,3.244,6.776,9.738,5.385,4,0,26105,Valter Birsa,1986-08-07,29.07,184.0,left,Midfield,Attacking Midfield,Slovenia,Jugoslawien (SFR),35,2387,6,7,862,Chievo Verona,2471,2000000.0,3500000.0,0.996,1.0,0.985,same_club
1381,Marek Hamsik,ITA,2015-16,Napoli,M,38,3265,6,5,11,83,94,6.947,5.425,9.896,32.308,22.342,0,0,38593,Marek Hamsik,1987-07-27,28.1,183.0,both,Midfield,Central Midfield,Slovakia,CSSR,38,3240,6,7,6195,SSC Napoli,3707,32000000.0,35000000.0,0.998,1.0,0.992,same_club
1446,Sergio Floccari,ITA,2015-16,"Bologna,Sassuolo",F S,25,1554,6,6,1,46,16,4.331,4.331,1.843,5.806,1.105,1,0,30638,Sergio Floccari,1981-11-12,33.8,180.0,right,Attack,Centre-Forward,Italy,Italy,25,1553,6,1,"1025,6574","Bologna Football Club 1909,US Sassuolo",1553,500000.0,500000.0,1.0,1.0,0.999,same_club
1524,Stevan Jovetic,ITA,2015-16,Inter,F M S,26,1533,6,5,2,70,32,8.355,7.594,2.35,15.507,7.032,4,0,46104,Stevan Jovetić,1989-11-02,25.83,183.0,right,Attack,Second Striker,Montenegro,Jugoslawien (SFR),26,1535,6,3,46,Inter Milan,1715,15000000.0,15000000.0,1.0,1.0,0.999,same_club
1847,Giampaolo Pazzini,ITA,2015-16,Verona,F S,30,1902,6,3,1,77,11,10.447,8.163,1.094,8.784,1.435,5,0,19447,Giampaolo Pazzini,1984-08-02,31.08,180.0,right,Attack,Centre-Forward,Italy,Italy,30,1913,6,1,276,Hellas Verona,1991,4000000.0,2000000.0,0.998,1.0,0.994,same_club
1943,Gervinho,ITA,2015-16,Roma,F M S,14,1088,6,6,1,27,15,3.592,3.592,2.116,6.43,2.056,0,0,33481,Gervinho,1987-05-27,28.27,179.0,right,Attack,Left Winger,Cote d'Ivoire,Cote d'Ivoire,14,1086,6,1,12,Associazione Sportiva Roma,1329,14000000.0,12000000.0,0.999,1.0,0.998,same_club
1955,Luca Toni,ITA,2015-16,Verona,F S,23,1772,6,3,0,60,13,9.857,6.812,0.678,7.58,1.395,3,0,5980,Luca Toni,1977-05-26,38.27,,,Attack,Centre-Forward,Italy,Italy,23,1773,6,0,276,Hellas Verona,1953,1000000.0,1000000.0,1.0,1.0,0.999,same_club
1126,M&#039;Baye Niang,ITA,2015-16,AC Milan,F M S,16,1172,5,3,4,37,14,5.481,3.958,3.025,8.455,2.479,1,0,157501,M'Baye Niang,1994-12-19,20.7,188.0,right,Attack,Centre-Forward,Senegal,France,16,1161,5,4,5,AC Milan,1412,7000000.0,12000000.0,0.967,0.95,0.991,same_club
1209,Ciro Immobile,ITA,2015-16,Torino,F S,14,992,5,3,2,38,20,5.798,3.514,2.775,7.908,2.144,2,0,105521,Ciro Immobile,1990-02-20,25.53,185.0,right,Attack,Centre-Forward,Italy,Italy,14,986,5,4,416,Torino FC,1673,12000000.0,10000000.0,1.0,1.0,1.0,same_club
1209,Ciro Immobile,ITA,2015-16,Torino,F S,14,992,5,3,2,38,20,5.798,3.514,2.775,7.908,2.144,2,0,105521,Ciro Immobile,1990-02-20,25.53,185.0,right,Attack,Centre-Forward,Italy,Italy,14,986,5,4,416,Torino FC,1673,12000000.0,10000000.0,0.998,1.0,0.994,same_club
1255,Francesco Totti,ITA,2015-16,Roma,F M S,13,375,5,4,3,22,14,3.341,2.58,1.551,4.344,2.484,3,0,5958,Francesco Totti,1976-09-27,38.93,180.0,both,Attack,Second Striker,Italy,Italy,13,388,5,3,12,Associazione Sportiva Roma,408,1000000.0,1000000.0,0.99,1.0,0.966,same_club
1292,Sami Khedira,ITA,2015-16,Juventus,M,20,1550,5,5,4,22,13,4.547,4.547,3.033,9.664,3.447,3,1,29401,Sami Khedira,1987-04-04,28.41,189.0,right,Midfield,Central Midfield,Germany,Germany,20,1538,5,3,506,Juventus FC,1922,18000000.0,20000000.0,0.998,1.0,0.992,same_club
1313,Riccardo Saponara,ITA,2015-16,Empoli,M S,33,2649,5,5,11,70,73,7.371,6.609,6.132,14.387,4.046,6,1,88909,Riccardo Saponara,1991-12-21,23.7,183.0,right,Midfield,Attacking Midfield,Italy,Italy,33,2641,5,9,749,FC Empoli,2731,8000000.0,15000000.0,0.999,1.0,0.997,same_club
1337,Riccardo Meggiorini,ITA,2015-16,Chievo,F S,26,1663,5,5,7,38,27,3.68,3.68,4.017,7.532,1.492,8,1,28936,Riccardo Meggiorini,1985-09-04,29.99,182.0,left,Attack,Centre-Forward,Italy,Italy,26,1653,5,7,862,Chievo Verona,1653,1800000.0,3500000.0,0.998,1.0,0.994,same_club
1347,Sergio Pellissier,ITA,2015-16,Chievo,F S,19,943,5,3,0,22,14,4.349,2.826,0.725,4.009,0.903,2,0,5928,Sergio Pellissier,1979-04-12,36.39,175.0,right,Attack,Centre-Forward,Italy,Italy,19,949,5,0,862,Chievo Verona,1069,200000.0,200000.0,0.998,1.0,0.994,same_club
1383,Manolo Gabbiadini,ITA,2015-16,Napoli,F S,23,529,5,4,3,30,11,4.509,3.748,1.23,5.76,1.174,1,0,112343,Manolo Gabbiadini,1991-11-26,23.76,186.0,left,Attack,Centre-Forward,Italy,Italy,23,547,5,3,6195,SSC Napoli,985,18000000.0,17000000.0,0.99,1.0,0.967,same_club
1384,Dries Mertens,ITA,2015-16,Napoli,F S,33,1073,5,5,5,54,33,3.782,3.782,3.37,7.806,2.78,7,0,56416,Dries Mertens,1987-05-06,28.32,169.0,right,Attack,Second Striker,Belgium,Belgium,33,1087,5,5,6195,SSC Napoli,1682,18000000.0,16000000.0,0.996,1.0,0.987,same_club
1386,Piotr Zielinski,ITA,2015-16,Empoli,M,35,3040,5,5,4,64,52,4.424,4.424,2.971,12.535,7.083,5,1,181136,Piotr Zielinski,1994-05-20,21.28,180.0,both,Midfield,Central Midfield,Poland,Poland,35,3036,5,4,749,FC Empoli,3126,2500000.0,12000000.0,1.0,1.0,0.999,same_club
1434,Khouma Babacar,ITA,2015-16,Fiorentina,F S,18,801,5,4,1,30,6,4.323,3.562,0.822,4.468,0.514,2,0,124902,Khouma Babacar,1993-03-17,22.46,185.0,right,Attack,Centre-Forward,Senegal,Senegal,18,802,5,1,430,ACF Fiorentina,1200,7000000.0,8000000.0,1.0,1.0,0.999,same_club
1473,Matteo Politano,ITA,2015-16,Sassuolo,F S,26,983,5,5,2,40,15,2.612,2.612,1.234,4.065,1.651,3,0,165895,Matteo Politano,1993-08-03,22.08,171.0,left,Attack,Right Winger,Italy,Italy,28,1039,5,2,6574,US Sassuolo,1072,2000000.0,2500000.0,0.984,1.0,0.946,same_club
1494,Mauricio Pinilla,ITA,2015-16,Atalanta,F S,20,1342,5,5,2,42,21,5.44,3.917,3.573,8.093,1.663,8,1,6160,Mauricio Pinilla,1984-02-04,31.57,187.0,right,Attack,Centre-Forward,Chile,Chile,20,1342,5,3,800,Atalanta BC,1363,2200000.0,2000000.0,1.0,1.0,1.0,same_club
1642,Simone Zaza,ITA,2015-16,Juventus,F S,19,643,5,5,0,30,6,2.447,2.447,0.33,3.339,0.789,6,1,96828,Simone Zaza,1991-06-25,24.19,186.0,left,Attack,Centre-Forward,Italy,Italy,19,665,5,1,506,Juventus FC,959,11000000.0,12000000.0,0.99,1.0,0.967,same_club
1842,Eros Pisano,ITA,2015-16,Verona,D S,34,2907,5,5,0,22,23,3.057,3.057,1.061,5.679,4.784,7,0,56609,Eros Pisano,1987-03-31,28.42,186.0,right,Defender,Right-Back,Italy,Italy,34,2905,5,1,276,Hellas Verona,3175,500000.0,800000.0,1.0,1.0,0.999,same_club
1903,Kevin Lasagna,ITA,2015-16,Carpi,F M S,36,1441,5,5,2,44,23,4.217,4.217,2.033,6.484,0.697,1,0,131951,Kevin Lasagna,1992-08-10,23.06,186.0,left,Attack,Centre-Forward,Italy,Italy,36,1484,5,3,4102,AC Carpi,1643,400000.0,1000000.0,0.991,1.0,0.971,same_club
1089,Juan Cuadrado,ITA,2015-16,Juventus,D F M S,28,1699,4,4,5,36,44,2.384,2.384,3.725,11.215,6.959,2,0,91970,Juan Cuadrado,1988-05-26,27.27,176.0,right,Midfield,Right Midfield,Colombia,Colombia,28,1707,4,4,506,Juventus FC,2466,30000000.0,25000000.0,0.987,1.0,0.956,same_club
1089,Juan Cuadrado,ITA,2015-16,Juventus,D F M S,28,1699,4,4,5,36,44,2.384,2.384,3.725,11.215,6.959,2,0,91970,Juan Cuadrado,1988-05-26,27.27,176.0,right,Midfield,Right Midfield,Colombia,Colombia,28,1707,4,4,506,Juventus FC,2466,30000000.0,25000000.0,0.999,1.0,0.995,same_club
1101,Luca Rigoni,ITA,2015-16,"Genoa,Palermo",M S,28,1885,4,4,0,34,21,5.487,5.487,2.518,8.781,3.007,4,1,22210,Luca Rigoni,1984-12-07,30.73,185.0,right,Midfield,Central Midfield,Italy,Italy,28,1879,4,0,"252,458","Genoa CFC,Palermo FC",2020,6500000.0,4000000.0,0.999,1.0,0.997,same_club
1127,Luiz Adriano,ITA,2015-16,AC Milan,F S,26,1173,4,3,3,26,17,4.331,3.57,1.651,5.213,1.137,4,0,48974,Luiz Adriano,1987-04-12,28.39,184.0,right,Attack,Centre-Forward,Brazil,Brazil,26,1185,4,4,5,AC Milan,1476,8500000.0,10000000.0,0.997,1.0,0.99,same_club
1150,Emmanuel Badu,ITA,2015-16,Udinese,M S,33,2662,4,4,1,37,24,4.465,4.465,1.823,8.954,3.292,6,0,108484,Emmanuel Badu,1990-12-02,24.75,173.0,right,Midfield,Central Midfield,Ghana,Ghana,33,2663,4,2,410,Udinese Calcio,2745,4700000.0,5500000.0,1.0,1.0,1.0,same_club
1182,Daniele Baselli,ITA,2015-16,Torino,M S,35,2270,4,4,3,33,53,3.239,3.239,3.809,8.552,3.719,6,0,134883,Daniele Baselli,1992-03-12,23.47,182.0,right,Midfield,Central Midfield,Italy,Italy,34,2259,4,2,416,Torino FC,2459,3800000.0,6500000.0,0.999,1.0,0.995,same_club
1188,Maxi López,ITA,2015-16,Torino,F S,26,1054,4,2,2,26,11,4.795,2.511,0.745,3.357,0.727,2,0,26263,Maxi López,1984-04-03,31.41,192.0,right,Attack,Centre-Forward,Argentina,Argentina,26,1076,4,2,416,Torino FC,1297,2000000.0,1800000.0,0.994,1.0,0.98,same_club
1210,Keita,ITA,2015-16,Lazio,F M S,31,1755,4,4,2,62,40,5.446,5.446,4.15,11.65,3.566,5,0,238752,Keita Baldé,1995-03-08,20.48,178.0,both,Attack,Left Winger,Senegal,Spain,31,1769,4,3,398,Società Sportiva Lazio S.p.A.,2316,8500000.0,10000000.0,0.968,0.95,0.992,same_club
1284,Oscar Hiljemark,ITA,2015-16,Palermo,M S,38,2937,4,4,5,26,45,2.485,2.485,3.885,9.018,6.213,4,0,158810,Oscar Hiljemark,1992-06-28,23.18,184.0,right,Midfield,Central Midfield,Sweden,Sweden,38,2920,4,5,458,Palermo FC,3010,2250000.0,4000000.0,0.998,1.0,0.994,same_club
1338,Antonio Floro Flores,ITA,2015-16,"Chievo,Sassuolo",F S,28,1291,4,4,2,60,18,4.742,4.742,1.281,7.154,2.759,2,0,16893,Antonio Floro Flores,1983-06-18,32.21,183.0,right,Attack,Centre-Forward,Italy,Italy,28,1289,4,1,"862,6574","Chievo Verona,US Sassuolo",1383,1500000.0,1500000.0,1.0,1.0,0.998,same_club
1418,Gonzalo Rodríguez,ITA,2015-16,Fiorentina,D,35,3144,4,4,0,11,7,1.141,1.141,0.5,8.926,8.566,7,0,19998,Gonzalo Rodríguez,1984-04-10,31.39,182.0,right,Defender,Centre-Back,Argentina,Argentina,35,3141,4,0,430,ACF Fiorentina,3657,7000000.0,7000000.0,1.0,1.0,0.999,same_club
1422,Borja Valero,ITA,2015-16,Fiorentina,M S,37,3100,4,4,6,36,77,3.35,3.35,5.369,15.591,10.17,5,0,40372,Borja Valero,1985-01-12,30.63,175.0,right,Midfield,Central Midfield,Spain,Spain,37,3098,4,6,430,ACF Fiorentina,3504,14000000.0,14000000.0,1.0,1.0,0.999,same_club
1451,Anthony Mounier,ITA,2015-16,Bologna,F M S,30,1946,4,4,2,21,32,2.506,2.506,3.767,6.674,2.54,6,0,57110,Anthony Mounier,1987-09-27,27.93,174.0,left,Attack,Left Winger,France,France,30,1936,4,2,1025,Bologna Football Club 1909,2206,4500000.0,4200000.0,1.0,1.0,1.0,same_club
1451,Anthony Mounier,ITA,2015-16,Bologna,F M S,30,1946,4,4,2,21,32,2.506,2.506,3.767,6.674,2.54,6,0,57110,Anthony Mounier,1987-09-27,27.93,174.0,left,Attack,Left Winger,France,France,30,1936,4,2,1025,Bologna Football Club 1909,2206,4500000.0,4200000.0,0.998,1.0,0.995,same_club
1463,Francesco Acerbi,ITA,2015-16,Sassuolo,D,36,3240,4,4,0,13,6,2.835,2.835,0.173,5.988,5.806,3,0,131075,Francesco Acerbi,1988-02-10,27.56,192.0,left,Defender,Centre-Back,Italy,Italy,36,3240,4,0,6574,US Sassuolo,3420,3500000.0,7500000.0,1.0,1.0,1.0,same_club
1472,Alessandro Matri,ITA,2015-16,Lazio,F S,19,800,4,4,1,11,7,2.88,2.88,1.54,4.913,0.702,1,1,40660,Alessandro Matri,1984-08-19,31.03,183.0,right,Attack,Centre-Forward,Italy,Italy,19,810,4,1,398,Società Sportiva Lazio S.p.A.,1489,5000000.0,3500000.0,0.996,1.0,0.988,same_club
1511,Marcelo Brozovic,ITA,2015-16,Inter,M S,32,2385,4,4,5,56,50,3.427,3.427,4.911,12.497,8.108,7,0,156617,Marcelo Brozović,1992-11-16,22.79,181.0,both,Midfield,Defensive Midfield,Croatia,Croatia,32,2388,4,4,46,Inter Milan,2624,8000000.0,18000000.0,1.0,1.0,0.999,same_club
1539,Diego Perotti,ITA,2015-16,"Genoa,Roma",F M S,31,2300,4,3,9,40,67,3.694,2.933,5.974,16.774,10.548,3,2,54984,Diego Perotti,1988-07-26,27.1,179.0,right,Attack,Left Winger,Argentina,Argentina,31,2323,4,7,"12,252","Associazione Sportiva Roma,Genoa CFC",2572,10000000.0,12000000.0,0.997,1.0,0.99,same_club
1589,Lucas Biglia,ITA,2015-16,Lazio,M S,27,2299,4,2,3,18,53,2.309,0.787,2.784,10.383,9.511,9,1,26721,Lucas Biglia,1986-01-30,29.59,178.0,right,Midfield,Defensive Midfield,Argentina,Argentina,27,2298,4,2,398,Società Sportiva Lazio S.p.A.,3108,15000000.0,18000000.0,1.0,1.0,1.0,same_club
1604,Artur Ionita,ITA,2015-16,Verona,M S,31,2384,4,4,2,38,25,3.207,3.207,1.836,6.191,3.244,2,0,98888,Artur Ioniță,1990-08-17,25.04,184.0,both,Midfield,Central Midfield,Moldova,UdSSR,31,2381,4,2,276,Hellas Verona,2471,2000000.0,1800000.0,1.0,1.0,0.999,same_club
1866,Paolo Sammarco,ITA,2015-16,Frosinone,M S,28,2321,4,4,1,23,25,2.132,2.132,1.447,5.03,2.053,7,0,7101,Paolo Sammarco,1983-03-17,32.46,181.0,right,Midfield,Central Midfield,Italy,Italy,28,2321,4,2,8970,Frosinone Calcio,2321,350000.0,400000.0,1.0,1.0,1.0,same_club
1937,Fernando,ITA,2015-16,Sampdoria,M S,35,2989,4,4,2,48,58,2.86,2.86,3.699,9.943,7.374,14,0,105456,Fernando,1992-03-03,23.5,175.0,right,Midfield,Defensive Midfield,Brazil,Brazil,35,2984,4,1,1038,UC Sampdoria,3254,9000000.0,10000000.0,0.999,1.0,0.998,same_club
1984,Germán Denis,ITA,2015-16,Atalanta,F S,15,982,4,3,1,20,17,3.95,2.427,1.52,3.944,0.927,0,0,30873,Germán Denis,1981-09-10,33.97,182.0,right,Attack,Centre-Forward,Argentina,Argentina,15,975,4,1,800,Atalanta BC,1044,1500000.0,1000000.0,0.998,1.0,0.993,same_club
2006,Alessio Cerci,ITA,2015-16,"AC Milan,Genoa",F M S,24,1317,4,1,2,38,22,5.058,2.775,1.243,5.231,1.894,1,0,21748,Alessio Cerci,1987-07-23,28.11,180.0,left,Attack,Right Winger,Italy,Italy,24,1306,4,2,"5,252","AC Milan,Genoa CFC",1386,10000000.0,8500000.0,0.997,1.0,0.992,same_club
939,Mauro Zárate,ITA,2015-16,Fiorentina,F M S,15,692,3,3,1,40,12,2.774,2.774,0.668,4.964,2.044,2,1,26456,Mauro Zárate,1987-03-18,28.46,175.0,right,Attack,Centre-Forward,Argentina,Argentina,15,695,3,2,430,ACF Fiorentina,2036,3000000.0,2500000.0,0.998,1.0,0.992,same_club
939,Mauro Zárate,ITA,2015-16,Fiorentina,F M S,15,692,3,3,1,40,12,2.774,2.774,0.668,4.964,2.044,2,1,26456,Mauro Zárate,1987-03-18,28.46,175.0,right,Attack,Centre-Forward,Argentina,Argentina,15,695,3,2,430,ACF Fiorentina,2036,3000000.0,2500000.0,0.999,1.0,0.996,same_club
1099,Tomás Rincón,ITA,2015-16,Genoa,M,33,2934,3,3,6,26,37,1.394,1.394,3.912,13.781,10.471,9,0,75942,Tomás Rincón,1988-01-13,27.63,175.0,right,Midfield,Defensive Midfield,Venezuela,Venezuela,33,2930,3,4,252,Genoa CFC,3050,3000000.0,4500000.0,1.0,1.0,0.999,same_club
1100,Diego Laxalt,ITA,2015-16,Genoa,D F M,35,3076,3,3,4,33,31,3.102,3.102,3.851,12.206,5.821,3,0,230552,Diego Laxalt,1993-02-07,22.56,178.0,left,Defender,Left-Back,Uruguay,Uruguay,35,3073,3,3,252,Genoa CFC,3193,2500000.0,4500000.0,1.0,1.0,0.999,same_club
1171,Simone Pepe,ITA,2015-16,Chievo,F M S,22,775,3,3,3,20,20,0.851,0.851,2.629,3.828,1.57,2,1,17249,Simone Pepe,1983-08-30,32.01,178.0,right,Attack,Right Winger,Italy,Italy,22,788,2,2,862,Chievo Verona,824,500000.0,500000.0,0.962,1.0,0.984,same_club
1180,Luca Rossettini,ITA,2015-16,Bologna,D S,29,2542,3,3,1,14,10,3.022,3.022,0.861,2.382,2.261,5,0,60128,Luca Rossettini,1985-05-09,30.31,187.0,right,Defender,Centre-Back,Italy,Italy,29,2541,3,1,1025,Bologna Football Club 1909,2631,2000000.0,2300000.0,1.0,1.0,1.0,same_club
1183,Marco Benassi,ITA,2015-16,Torino,M S,32,1929,3,3,2,47,23,3.104,3.104,3.043,7.932,2.87,7,0,201040,Marco Benassi,1994-09-08,20.98,184.0,right,Midfield,Central Midfield,Italy,Italy,32,1924,3,2,416,Torino FC,2014,5000000.0,5000000.0,0.999,1.0,0.997,same_club
1187,Adem Ljajic,ITA,2015-16,"Inter,Roma",F M S,26,1453,3,3,3,38,56,3.677,3.677,4.823,9.946,4.55,2,0,69374,Adem Ljajic,1991-09-29,23.92,182.0,right,Midfield,Attacking Midfield,Serbia,Jugoslawien (SFR),26,1446,3,3,"12,46","Associazione Sportiva Roma,Inter Milan",1691,13500000.0,15000000.0,0.999,1.0,0.995,same_club
1198,Josef Martínez,ITA,2015-16,Torino,F S,21,915,3,3,1,35,15,4.415,4.415,0.973,5.466,0.82,0,0,162569,Josef Martínez,1993-05-19,22.29,170.0,right,Attack,Centre-Forward,Venezuela,Venezuela,21,921,3,1,416,Torino FC,1029,2500000.0,2000000.0,0.998,1.0,0.993,same_club
1205,Senad Lulic,ITA,2015-16,Lazio,D M S,30,2362,3,3,3,19,36,1.074,1.074,4.33,10.073,8.002,9,1,61449,Senad Lulic,1986-01-18,29.62,183.0,right,Midfield,Left Midfield,Bosnia-Herzegovina,Jugoslawien (SFR),30,2353,3,6,398,Società Sportiva Lazio S.p.A.,2925,14000000.0,9500000.0,0.999,1.0,0.996,same_club
1207,Marco Parolo,ITA,2015-16,Lazio,M S,31,2567,3,3,0,55,36,6.523,6.523,2.274,10.242,5.327,9,0,84545,Marco Parolo,1985-01-25,30.6,184.0,right,Midfield,Central Midfield,Italy,Italy,31,2562,3,0,398,Società Sportiva Lazio S.p.A.,3372,8500000.0,6500000.0,0.999,1.0,0.998,same_club
1213,Filip Djordjevic,ITA,2015-16,Lazio,F S,27,1290,3,3,2,21,12,4.331,4.331,0.728,5.055,0.418,1,1,47065,Filip Djordjevic,1987-09-28,27.93,186.0,left,Attack,Centre-Forward,Serbia,Jugoslawien (SFR),27,1289,3,2,398,Società Sportiva Lazio S.p.A.,1498,5500000.0,5000000.0,1.0,1.0,0.999,same_club
1228,Bruno Fernandes,ITA,2015-16,Udinese,F M S,31,2116,3,2,4,52,44,3.793,2.271,3.749,8.636,4.768,7,1,240306,Bruno Fernandes,1994-09-08,20.98,183.0,right,Midfield,Attacking Midfield,Portugal,Portugal,31,2120,3,4,410,Udinese Calcio,2300,6500000.0,6500000.0,0.999,1.0,0.998,same_club
1287,Leonardo Bonucci,ITA,2015-16,Juventus,D S,36,3156,3,3,1,27,15,3.198,3.198,0.844,9.471,8.704,6,0,39983,Leonardo Bonucci,1987-05-01,28.34,189.0,right,Defender,Centre-Back,Italy,Italy,36,3157,3,1,506,Juventus FC,4387,26000000.0,30000000.0,1.0,1.0,1.0,same_club
1333,Lucas Castro,ITA,2015-16,Chievo,M S,34,2791,3,3,1,45,30,3.613,3.613,3.269,8.618,4.985,9,0,105892,Lucas Castro,1989-04-09,26.4,182.0,right,Midfield,Attacking Midfield,Argentina,Argentina,34,2786,3,0,862,Chievo Verona,2906,2800000.0,5500000.0,0.999,1.0,0.998,same_club
1335,Nicola Rigoni,ITA,2015-16,Chievo,M S,28,1987,3,3,1,29,8,1.199,1.199,0.706,4.54,3.296,7,0,61757,Nicola Rigoni,1990-11-12,24.8,185.0,right,Midfield,Defensive Midfield,Italy,Italy,28,1983,3,2,862,Chievo Verona,1983,800000.0,1700000.0,0.999,1.0,0.998,same_club
1340,Roberto Inglese,ITA,2015-16,Chievo,F S,26,1374,3,3,1,35,11,3.269,3.269,0.786,3.897,0.671,3,0,159337,Roberto Inglese,1991-11-12,23.8,186.0,right,Attack,Centre-Forward,Italy,Italy,26,1379,3,3,862,Chievo Verona,1379,500000.0,1000000.0,0.999,1.0,0.996,same_club
1379,Allan,ITA,2015-16,Napoli,M S,35,2832,3,3,5,29,39,2.351,2.351,4.572,16.981,12.065,5,0,126422,Allan,1991-01-08,24.65,175.0,right,Midfield,Defensive Midfield,Brazil,Brazil,35,2824,3,4,6195,SSC Napoli,3174,11500000.0,16000000.0,0.999,1.0,0.997,same_club
1444,Blerim Dzemaili,ITA,2015-16,Genoa,M S,27,1800,3,3,2,37,29,1.849,1.849,1.577,6.299,4.162,6,1,9967,Blerim Dzemaili,1986-04-12,29.39,180.0,right,Midfield,Central Midfield,Switzerland,Jugoslawien (SFR),27,1787,3,1,252,Genoa CFC,1787,4500000.0,3500000.0,0.998,1.0,0.993,same_club
1445,Simone Verdi,ITA,2015-16,Carpi,F M S,8,270,3,1,0,15,5,2.552,1.03,0.201,1.087,0.185,1,0,130360,Simone Verdi,1992-07-12,23.14,174.0,both,Midfield,Attacking Midfield,Italy,Italy,8,270,3,0,4102,AC Carpi,874,3000000.0,2000000.0,0.998,1.0,0.993,same_club
1445,Simone Verdi,ITA,2015-16,Carpi,F M S,8,270,3,1,0,15,5,2.552,1.03,0.201,1.087,0.185,1,0,130360,Simone Verdi,1992-07-12,23.14,174.0,both,Midfield,Attacking Midfield,Italy,Italy,8,270,3,0,4102,AC Carpi,874,3000000.0,2000000.0,1.0,1.0,1.0,same_club
1456,Federico Viviani,ITA,2015-16,Verona,M S,19,1595,3,3,6,30,43,1.077,1.077,4.362,6.2,5.258,4,1,165900,Federico Viviani,1992-03-24,23.44,180.0,right,Midfield,Defensive Midfield,Italy,Italy,19,1592,3,5,276,Hellas Verona,1630,2800000.0,3500000.0,0.999,1.0,0.998,same_club
1471,Lorenzo Pellegrini,ITA,2015-16,Sassuolo,M S,19,1152,3,3,0,23,16,2.05,2.05,0.58,4.712,2.587,4,1,286297,Lorenzo Pellegrini,1996-06-19,19.2,186.0,right,Midfield,Attacking Midfield,Italy,Italy,19,1152,3,0,6574,US Sassuolo,1242,250000.0,1000000.0,1.0,1.0,1.0,same_club
1497,Ervin Zukanovic,ITA,2015-16,"Roma,Sampdoria",D S,25,1859,3,3,1,11,5,0.923,0.923,0.203,3.761,3.231,7,1,44059,Ervin Zukanovic,1987-02-11,28.55,188.0,left,Defender,Centre-Back,Bosnia-Herzegovina,Jugoslawien (SFR),25,1854,3,1,"12,1038","Associazione Sportiva Roma,UC Sampdoria",2188,3500000.0,4000000.0,0.999,1.0,0.997,same_club
1502,Marco D&#039;Alessandro,ITA,2015-16,Atalanta,F M S,23,1158,3,3,2,13,15,1.895,1.895,2.5,4.873,0.603,3,0,99232,Marco D'Alessandro,1991-02-17,24.54,173.0,right,Attack,Right Winger,Italy,Italy,23,1159,3,3,800,Atalanta BC,1339,1800000.0,1500000.0,0.97,0.95,0.999,same_club
1567,Bruno Peres,ITA,2015-16,Torino,D S,31,2604,3,3,4,40,33,1.763,1.763,4.376,9.811,5.648,9,0,148751,Bruno Peres,1990-03-01,25.5,178.0,right,Defender,Right-Back,Brazil,Brazil,31,2601,3,6,416,Torino FC,2781,5500000.0,10000000.0,1.0,1.0,0.999,same_club
1581,Serge Gakpe,ITA,2015-16,"Atalanta,Genoa",F S,18,832,3,3,1,23,10,2.792,2.792,1.538,4.448,0.712,1,0,36293,Serge Gakpé,1987-05-07,28.32,176.0,right,Attack,Right Winger,Togo,France,18,847,3,2,"252,800","Genoa CFC,Atalanta BC",916,2500000.0,2500000.0,0.995,1.0,0.982,same_club
1590,Luca Antonelli,ITA,2015-16,AC Milan,D S,28,2333,3,3,1,19,17,2.096,2.096,1.59,5.135,4.296,2,0,45565,Luca Antonelli,1987-02-11,28.55,184.0,left,Defender,Left-Back,Italy,Italy,28,2335,3,1,5,AC Milan,2695,7000000.0,7500000.0,1.0,1.0,0.999,same_club
1611,Franco Brienza,ITA,2015-16,Bologna,F M S,29,1667,3,3,3,41,40,2.728,2.728,4.124,5.986,2.392,1,0,16137,Franco Brienza,1979-03-19,36.45,172.0,left,Midfield,Attacking Midfield,Italy,Italy,29,1678,3,4,1025,Bologna Football Club 1909,1768,300000.0,500000.0,0.998,1.0,0.993,same_club
1621,Marcos Alonso,ITA,2015-16,Fiorentina,D M S,31,2343,3,3,4,55,43,3.475,3.475,4.197,10.37,6.222,8,0,112515,Marcos Alonso,1990-12-28,24.68,188.0,left,Defender,Centre-Back,Spain,Spain,31,2347,3,4,430,ACF Fiorentina,2940,2800000.0,8000000.0,0.999,1.0,0.998,same_club
1809,Joaquín Correa,ITA,2015-16,Sampdoria,F M S,25,1312,3,3,1,34,20,3.808,3.808,1.272,7.58,3.414,5,1,227081,Joaquín Correa,1994-08-13,21.05,188.0,right,Attack,Second Striker,Argentina,Argentina,25,1308,3,0,1038,UC Sampdoria,1308,7500000.0,6500000.0,0.999,1.0,0.997,same_club
1815,Alex,ITA,2015-16,AC Milan,D S,25,2093,3,3,1,23,5,2.113,2.113,0.272,1.861,1.632,5,0,15420,Alex,1982-06-17,33.21,188.0,right,Defender,Centre-Back,Brazil,Brazil,25,2093,3,1,5,AC Milan,2093,2000000.0,1500000.0,1.0,1.0,1.0,same_club
1823,Lucas Digne,ITA,2015-16,Roma,D M S,33,2857,3,3,3,15,27,1.18,1.18,2.908,10.825,8.282,4,0,126664,Lucas Digne,1993-07-20,22.12,178.0,left,Defender,Left-Back,France,France,33,2859,3,2,12,Associazione Sportiva Roma,3620,10000000.0,12000000.0,1.0,1.0,0.999,same_club
1837,Aleksandar Trajkovski,ITA,2015-16,Palermo,F M S,32,1634,3,3,1,38,27,2.765,2.765,1.548,4.618,1.381,2,0,142920,Aleksandar Trajkovski,1992-09-05,22.99,179.0,right,Attack,Left Winger,North Macedonia,Macedonia,32,1649,3,1,458,Palermo FC,1739,1200000.0,1200000.0,0.997,1.0,0.991,same_club
1860,Leonardo Blanchard,ITA,2015-16,Frosinone,D S,28,2458,3,3,1,22,4,2.407,2.407,0.739,2.074,1.847,11,1,119366,Leonardo Blanchard,1988-05-06,27.32,187.0,left,Defender,Centre-Back,Italy,Italy,28,2454,3,0,8970,Frosinone Calcio,2454,1200000.0,1500000.0,1.0,1.0,0.998,same_club
1905,Antonio Di Gaudio,ITA,2015-16,Carpi,F M S,29,1511,3,3,3,35,15,3.75,3.75,2.483,5.608,1.058,2,0,165722,Antonio Di Gaudio,1989-08-16,26.04,169.0,right,Attack,Left Winger,Italy,Italy,29,1506,3,3,4102,AC Carpi,1653,1300000.0,1400000.0,0.999,1.0,0.997,same_club
1973,Lorenzo Lollo,ITA,2015-16,Carpi,M S,27,2103,3,3,1,36,15,3.418,3.418,1.034,8.108,4.099,10,2,158463,Lorenzo Lollo,1990-12-08,24.73,180.0,right,Midfield,Central Midfield,Italy,Italy,27,2095,3,1,4102,AC Carpi,2383,1200000.0,1200000.0,0.999,1.0,0.996,same_club
1153,Ryder Matos,ITA,2015-16,"Carpi,Udinese",F M S,26,1615,2,2,2,34,24,5.271,4.51,2.568,6.382,1.166,2,0,62713,Ryder Matos,1993-02-27,22.51,182.0,right,Attack,Second Striker,Brazil,Brazil,26,1612,2,2,"410,4102","Udinese Calcio,AC Carpi",1912,2500000.0,3500000.0,0.999,1.0,0.998,same_club
1154,Stipe Perica,ITA,2015-16,Udinese,F S,11,460,2,2,0,15,3,1.244,1.244,0.073,1.334,0.156,1,0,245072,Stipe Perica,1995-07-07,20.15,192.0,right,Attack,Centre-Forward,Croatia,Croatia,11,462,2,0,410,Udinese Calcio,642,900000.0,1000000.0,0.999,1.0,0.996,same_club
1185,Iago Falque,ITA,2015-16,Roma,F M S,22,1177,2,2,2,16,19,1.347,1.347,1.15,6.455,4.593,1,0,59340,Iago Falque,1990-01-04,25.66,174.0,left,Attack,Right Winger,Spain,Spain,22,1168,2,1,12,Associazione Sportiva Roma,1501,8000000.0,8000000.0,0.998,1.0,0.992,same_club
1192,Afriyie Acquah,ITA,2015-16,Torino,M S,29,1892,2,2,3,25,25,0.745,0.745,2.062,6.246,4.108,9,0,145581,Afriyie Acquah,1992-01-05,23.66,179.0,right,Midfield,Central Midfield,Ghana,Ghana,29,1891,2,5,416,Torino FC,2049,3000000.0,3000000.0,1.0,1.0,0.999,same_club
1197,Cesare Bovo,ITA,2015-16,Torino,D S,21,1790,2,2,0,10,13,0.472,0.472,1.066,5.409,5.026,10,0,5946,Cesare Bovo,1983-01-14,32.63,181.0,right,Defender,Centre-Back,Italy,Italy,21,1789,2,0,416,Torino FC,2054,1000000.0,900000.0,1.0,1.0,0.999,same_club
1238,Luca Cigarini,ITA,2015-16,Atalanta,M S,25,1824,2,1,2,42,36,3.882,3.12,1.815,8.33,4.943,10,0,33218,Luca Cigarini,1986-06-20,29.2,175.0,right,Midfield,Defensive Midfield,Italy,Italy,25,1823,2,2,800,Atalanta BC,1902,6000000.0,5000000.0,1.0,1.0,0.999,same_club
1246,Kostas Manolas,ITA,2015-16,Roma,D S,37,3121,2,2,2,15,7,1.288,1.288,0.821,9.139,8.996,7,0,104752,Konstantinos Manolas,1991-06-14,24.22,185.0,right,Defender,Centre-Back,Greece,Greece,37,3122,2,2,12,Associazione Sportiva Roma,3842,17000000.0,24000000.0,0.97,0.95,1.0,same_club
1248,Leandro Paredes,ITA,2015-16,Empoli,M S,33,2497,2,2,1,53,41,1.308,1.308,3.771,8.452,7.059,11,0,166237,Leandro Paredes,1994-06-29,21.17,182.0,right,Midfield,Defensive Midfield,Argentina,Argentina,33,2489,2,1,749,FC Empoli,2489,3500000.0,6000000.0,0.999,1.0,0.997,same_club
1264,Edoardo Goldaniga,ITA,2015-16,Palermo,D S,17,1211,2,2,0,7,3,0.947,0.947,0.577,1.388,1.361,5,0,242940,Edoardo Goldaniga,1993-11-02,21.83,193.0,right,Defender,Centre-Back,Italy,Italy,17,1213,2,0,458,Palermo FC,1213,800000.0,1500000.0,1.0,1.0,0.998,same_club
1289,Alex Sandro,ITA,2015-16,Juventus,D S,22,1488,2,2,3,18,42,1.29,1.29,3.4,9.365,6.229,5,1,79960,Alex Sandro,1991-01-26,24.6,180.0,left,Defender,Left-Back,Brazil,Brazil,22,1490,2,3,506,Juventus FC,2336,20000000.0,26000000.0,1.0,1.0,0.999,same_club
1298,Patrice Evra,ITA,2015-16,Juventus,D S,26,2045,2,2,3,16,26,1.907,1.907,1.93,7.308,5.352,5,1,5285,Patrice Evra,1981-05-15,34.3,174.0,left,Defender,Left-Back,France,Senegal,26,2051,2,3,506,Juventus FC,2779,2000000.0,1000000.0,0.999,1.0,0.997,same_club
1299,Mario Lemina,ITA,2015-16,Juventus,M S,10,730,2,2,0,5,5,0.196,0.196,0.096,3.567,3.313,4,0,170934,Mario Lemina,1993-09-01,22.0,184.0,right,Midfield,Defensive Midfield,Gabon,Gabon,10,728,2,0,506,Juventus FC,1235,3000000.0,4000000.0,0.999,1.0,0.997,same_club
1299,Mario Lemina,ITA,2015-16,Juventus,M S,10,730,2,2,0,5,5,0.196,0.196,0.096,3.567,3.313,4,0,170934,Mario Lemina,1993-09-01,22.0,184.0,right,Midfield,Defensive Midfield,Gabon,Gabon,10,728,2,0,506,Juventus FC,1235,3000000.0,4000000.0,0.999,1.0,0.997,same_club
1325,Marcel Büchel,ITA,2015-16,Empoli,M S,28,1578,2,2,1,35,22,1.199,1.199,1.486,5.492,3.393,10,0,74956,Marcel Büchel,1991-03-18,24.46,175.0,left,Midfield,Central Midfield,Liechtenstein,Austria,28,1580,2,1,749,FC Empoli,1580,600000.0,1500000.0,1.0,1.0,0.999,same_club
1360,Diego Falcinelli,ITA,2015-16,Sassuolo,F S,26,1105,2,1,1,25,16,2.764,2.003,1.489,4.565,1.338,1,0,119115,Diego Falcinelli,1991-06-26,24.18,186.0,left,Attack,Centre-Forward,Italy,Italy,25,1072,2,2,6574,US Sassuolo,1232,1300000.0,1100000.0,0.991,1.0,0.97,same_club
1394,Lorenzo Tonelli,ITA,2015-16,Empoli,D,26,2287,2,2,0,7,5,0.72,0.72,0.109,4.194,4.092,8,1,111347,Lorenzo Tonelli,1990-01-17,25.62,183.0,right,Defender,Centre-Back,Italy,Italy,26,2289,2,0,749,FC Empoli,2379,4500000.0,5500000.0,1.0,1.0,0.999,same_club
1401,Panagiotis Tachtsidis,ITA,2015-16,Genoa,M S,24,805,2,2,2,19,10,0.863,0.863,1.954,2.95,2.293,3,0,62415,Panagiotis Tachtsidis,1991-02-15,24.54,193.0,left,Midfield,Defensive Midfield,Greece,Greece,24,824,2,1,252,Genoa CFC,944,3000000.0,2200000.0,0.993,1.0,0.977,same_club
1421,Cristian Tello,ITA,2015-16,Fiorentina,D F M S,15,1086,2,2,4,22,22,1.862,1.862,1.808,4.56,1.436,1,0,141834,Cristian Tello,1991-08-11,24.06,178.0,both,Attack,Left Winger,Spain,Spain,15,1078,2,4,430,ACF Fiorentina,1921,11000000.0,9000000.0,0.998,1.0,0.993,same_club
1423,Matías Vecino,ITA,2015-16,Fiorentina,M S,30,2399,2,2,1,50,25,1.843,1.843,1.232,10.749,9.189,8,0,143812,Matías Vecino,1991-08-24,24.02,187.0,right,Midfield,Central Midfield,Uruguay,Uruguay,30,2399,2,1,430,ACF Fiorentina,2913,4200000.0,10000000.0,1.0,1.0,1.0,same_club
1424,Federico Bernardeschi,ITA,2015-16,Fiorentina,F M S,33,2276,2,2,4,53,41,2.628,2.628,4.682,9.231,4.108,6,0,197300,Federico Bernardeschi,1994-02-16,21.54,183.0,left,Attack,Right Winger,Italy,Italy,33,2275,2,4,430,ACF Fiorentina,2835,4500000.0,16000000.0,1.0,1.0,1.0,same_club
1440,Filip Helander,ITA,2015-16,Verona,D S,24,1863,2,2,0,5,1,1.107,1.107,0.02,1.569,1.569,4,0,198067,Filip Helander,1993-04-22,22.36,192.0,left,Defender,Centre-Back,Sweden,Sweden,24,1865,2,0,276,Hellas Verona,2045,1500000.0,1400000.0,1.0,1.0,0.999,same_club
1441,Adam Masina,ITA,2015-16,Bologna,D S,33,2625,2,2,3,14,21,1.745,1.745,1.605,5.828,3.981,8,1,286949,Adam Masina,1994-01-02,21.66,191.0,left,Defender,Centre-Back,Morocco,Morocco,33,2625,2,4,1025,Bologna Football Club 1909,2715,800000.0,2000000.0,1.0,1.0,1.0,same_club
1450,Umar Sadiq,ITA,2015-16,Roma,F S,6,188,2,2,0,4,1,1.55,1.55,0.119,1.548,0.164,0,0,337715,Umar Sadiq,1997-02-02,18.58,191.0,right,Attack,Centre-Forward,Nigeria,Nigeria,6,188,2,0,12,Associazione Sportiva Roma,188,400000.0,2500000.0,1.0,1.0,1.0,same_club
1452,Godfred Donsah,ITA,2015-16,Bologna,M S,20,1373,2,2,2,16,8,1.302,1.302,0.898,3.146,1.096,2,0,291266,Godfred Donsah,1996-06-07,19.23,175.0,right,Midfield,Central Midfield,Ghana,Ghana,20,1357,2,2,1025,Bologna Football Club 1909,1357,5500000.0,5000000.0,0.997,1.0,0.988,same_club
1487,Andrea Conti,ITA,2015-16,Atalanta,D M S,14,816,2,2,1,5,4,1.244,1.244,0.478,2.173,1.504,1,1,111227,Andrea Conti,1994-03-02,21.5,184.0,right,Defender,Right-Back,Italy,Italy,14,812,2,0,800,Atalanta BC,857,300000.0,1000000.0,0.999,1.0,0.995,same_club
1492,Jasmin Kurtic,ITA,2015-16,Atalanta,M S,32,2431,2,2,0,40,14,3.381,3.381,1.457,8.625,4.212,6,1,85825,Jasmin Kurtic,1989-01-10,26.64,186.0,right,Midfield,Central Midfield,Slovenia,Jugoslawien (SFR),32,2412,2,0,800,Atalanta BC,2503,3500000.0,4000000.0,0.998,1.0,0.992,same_club
1508,Jeison Murillo,ITA,2015-16,Inter,D S,34,2843,2,2,1,19,7,2.258,2.258,1.261,6.825,6.015,4,3,131102,Jeison Murillo,1992-05-27,23.26,182.0,right,Defender,Centre-Back,Colombia,Colombia,34,2846,2,1,46,Inter Milan,2916,8000000.0,18000000.0,1.0,1.0,0.999,same_club
1518,Rodrigo Palacio,ITA,2015-16,Inter,F M S,27,1395,2,2,4,15,30,3.558,3.558,2.797,7.25,3.561,5,0,39099,Rodrigo Palacio,1982-02-05,33.57,176.0,right,Attack,Centre-Forward,Argentina,Argentina,27,1392,2,4,46,Inter Milan,1526,4000000.0,2500000.0,0.999,1.0,0.998,same_club
1523,Danilo D&#039;Ambrosio,ITA,2015-16,Inter,D S,20,1620,2,2,0,8,9,1.657,1.657,0.65,4.073,3.462,3,1,55769,Danilo D'Ambrosio,1988-09-09,26.98,180.0,right,Defender,Centre-Back,Italy,Italy,20,1617,2,1,46,Inter Milan,1917,5500000.0,6500000.0,0.969,0.95,0.998,same_club
1534,Giancarlo Gonzalez,ITA,2015-16,Palermo,D,35,3138,2,2,0,5,5,0.382,0.382,0.263,2.553,2.522,11,0,111893,Giancarlo González,1988-02-08,27.56,186.0,right,Defender,Centre-Back,Costa Rica,Costa Rica,35,3138,2,0,458,Palermo FC,3228,5000000.0,3800000.0,1.0,1.0,1.0,same_club
1564,Ricardo Kishna,ITA,2015-16,Lazio,F M S,11,564,2,2,0,9,13,1.003,1.003,1.583,2.019,0.429,0,0,159026,Ricardo Kishna,1995-01-04,20.66,187.0,left,Attack,Left Winger,Netherlands,Netherlands,11,557,2,0,398,Società Sportiva Lazio S.p.A.,852,2750000.0,4000000.0,0.996,1.0,0.988,same_club
1603,Simone Missiroli,ITA,2015-16,Sassuolo,M S,24,1829,2,2,0,10,15,2.243,2.243,0.453,5.439,4.138,6,1,35747,Simone Missiroli,1986-05-23,29.28,191.0,right,Midfield,Central Midfield,Italy,Italy,24,1833,2,0,6574,US Sassuolo,1923,2500000.0,4500000.0,0.999,1.0,0.998,same_club
1822,Antonio Rüdiger,ITA,2015-16,Roma,D M S,30,2633,2,2,0,19,7,1.926,1.926,0.88,8.105,7.344,4,0,86202,Antonio Rüdiger,1993-03-03,22.5,190.0,right,Defender,Centre-Back,Germany,Germany,30,2634,2,0,12,Associazione Sportiva Roma,3294,10000000.0,12000000.0,1.0,1.0,1.0,same_club
1846,Luca Siligardi,ITA,2015-16,Verona,F M S,28,1410,2,2,0,45,25,2.034,2.034,3.589,6.437,3.172,1,0,86079,Luca Siligardi,1988-01-26,27.6,180.0,left,Attack,Right Winger,Italy,Italy,28,1378,2,1,276,Hellas Verona,1501,3000000.0,2800000.0,0.993,1.0,0.977,same_club
1865,Alessandro Frara,ITA,2015-16,Frosinone,M S,20,1163,2,2,0,12,6,1.105,1.105,0.111,1.66,0.787,3,0,6004,Alessandro Frara,1982-11-07,32.82,177.0,right,Midfield,Defensive Midfield,Italy,Italy,20,1165,2,0,8970,Frosinone Calcio,1165,300000.0,300000.0,0.999,1.0,0.998,same_club
1888,Antonio Di Natale,ITA,2015-16,Udinese,F S,23,1139,2,1,4,33,24,4.472,2.95,4.097,5.674,1.08,0,0,6031,Antonio Di Natale,1977-10-13,37.88,170.0,right,Attack,Centre-Forward,Italy,Italy,23,1147,2,4,410,Udinese Calcio,1297,1000000.0,1000000.0,0.998,1.0,0.993,same_club
1899,Lorenzo Pasciuti,ITA,2015-16,Carpi,D M S,21,1556,2,2,3,6,26,0.393,0.393,3.667,4.946,3.312,4,1,165724,Lorenzo Pasciuti,1989-09-24,25.94,172.0,right,Midfield,Central Midfield,Italy,Italy,21,1553,2,3,4102,AC Carpi,1664,1600000.0,1300000.0,0.999,1.0,0.998,same_club
1907,Jerry Mbakogu,ITA,2015-16,Carpi,F S,24,1706,2,1,2,34,25,6.063,3.779,3.955,8.266,1.821,2,0,130382,Jerry Mbakogu,1992-10-01,22.92,185.0,right,Attack,Centre-Forward,Nigeria,Nigeria,24,1699,2,2,4102,AC Carpi,1826,3000000.0,2600000.0,0.999,1.0,0.996,same_club
1939,Antonio Cassano,ITA,2015-16,Sampdoria,F M S,24,1219,2,2,5,18,38,2.866,2.866,4.016,7.655,2.271,1,0,5962,Antonio Cassano,1982-07-12,33.14,175.0,right,Attack,Second Striker,Italy,Italy,24,1212,2,5,1038,UC Sampdoria,1225,1000000.0,800000.0,0.998,1.0,0.994,same_club
1960,Uros Djurdjevic,ITA,2015-16,Palermo,F S,14,471,2,2,1,9,2,2.02,2.02,0.093,2.214,0.231,2,0,190804,Uros Djurdjevic,1994-03-02,21.5,181.0,right,Attack,Centre-Forward,Montenegro,Yugoslavia (Republic),14,470,2,1,458,Palermo FC,538,1000000.0,1000000.0,0.999,1.0,0.998,same_club
1963,Luca Paganini,ITA,2015-16,Frosinone,F M S,27,1850,2,2,2,25,22,2.77,2.77,1.674,5.483,1.893,6,0,167444,Luca Paganini,1993-06-08,22.23,177.0,right,Attack,Right Winger,Italy,Italy,27,1838,2,3,8970,Frosinone Calcio,1921,900000.0,1200000.0,0.998,1.0,0.994,same_club
1966,Jakub Blaszczykowski,ITA,2015-16,Fiorentina,F M S,15,762,2,2,1,8,12,0.882,0.882,0.619,4.069,2.671,1,0,29835,Jakub Blaszczykowski,1985-12-14,29.71,176.0,right,Attack,Right Winger,Poland,Poland,15,758,2,1,430,ACF Fiorentina,1007,10000000.0,7000000.0,0.998,1.0,0.995,same_club
1981,Matteo Mancosu,ITA,2015-16,"Bologna,Carpi",F S,21,901,2,1,0,12,10,2.525,1.763,0.503,1.819,0.35,2,0,230611,Matteo Mancosu,1984-12-22,30.69,182.0,right,Attack,Centre-Forward,Italy,Italy,21,905,2,0,"1025,4102","Bologna Football Club 1909,AC Carpi",965,1200000.0,1000000.0,0.999,1.0,0.996,same_club
2014,Jérémy Menez,ITA,2015-16,AC Milan,F S,10,279,2,1,0,6,6,1.786,1.025,0.339,1.759,0.497,1,0,16993,Jérémy Ménez,1987-05-07,28.32,182.0,right,Attack,Centre-Forward,France,France,10,287,2,0,5,AC Milan,383,15000000.0,12000000.0,0.992,1.0,0.972,same_club
576,Mario Suárez,ITA,2015-16,Fiorentina,M S,9,451,1,1,0,7,1,0.41,0.41,0.013,1.726,1.412,3,0,37337,Mario Suárez,1987-02-24,28.52,189.0,right,Defender,Centre-Back,Spain,Spain,9,455,1,0,430,ACF Fiorentina,1601,10000000.0,8000000.0,0.996,1.0,0.988,same_club
576,Mario Suárez,ITA,2015-16,Fiorentina,M S,9,451,1,1,0,7,1,0.41,0.41,0.013,1.726,1.412,3,0,37337,Mario Suárez,1987-02-24,28.52,189.0,right,Defender,Centre-Back,Spain,Spain,9,455,1,0,430,ACF Fiorentina,1601,10000000.0,8000000.0,0.997,1.0,0.991,same_club
827,Juan Iturbe,ITA,2015-16,Roma,F S,12,393,1,1,0,9,6,0.795,0.795,0.384,1.857,0.891,1,0,81455,Juan Iturbe,1993-06-04,22.24,173.0,left,Attack,Left Winger,Paraguay,Argentina,12,402,1,0,12,Associazione Sportiva Roma,832,17000000.0,15000000.0,0.987,1.0,0.956,same_club
827,Juan Iturbe,ITA,2015-16,Roma,F S,12,393,1,1,0,9,6,0.795,0.795,0.384,1.857,0.891,1,0,81455,Juan Iturbe,1993-06-04,22.24,173.0,left,Attack,Left Winger,Paraguay,Argentina,12,402,1,0,12,Associazione Sportiva Roma,832,17000000.0,15000000.0,0.993,1.0,0.978,same_club
948,Alessandro Diamanti,ITA,2015-16,Atalanta,F M S,16,863,1,1,1,24,23,1.685,1.685,2.557,5.722,3.056,4,0,23197,Alessandro Diamanti,1983-05-02,32.33,180.0,left,Midfield,Attacking Midfield,Italy,Italy,16,862,1,1,800,Atalanta BC,928,2000000.0,1500000.0,0.98,1.0,0.933,same_club
948,Alessandro Diamanti,ITA,2015-16,Atalanta,F M S,16,863,1,1,1,24,23,1.685,1.685,2.557,5.722,3.056,4,0,23197,Alessandro Diamanti,1983-05-02,32.33,180.0,left,Midfield,Attacking Midfield,Italy,Italy,16,862,1,1,800,Atalanta BC,928,2000000.0,1500000.0,1.0,1.0,0.999,same_club
1118,Gabriel Paletta,ITA,2015-16,Atalanta,D,24,2012,1,1,0,8,3,0.282,0.282,0.1,2.36,2.284,5,2,30767,Gabriel Paletta,1986-02-15,29.54,190.0,right,Defender,Centre-Back,Italy,Argentina,24,2014,1,0,800,Atalanta BC,2014,5000000.0,5000000.0,1.0,1.0,0.999,same_club
1123,Juraj Kucka,ITA,2015-16,"AC Milan,Genoa",M S,30,2178,1,1,3,46,29,3.651,3.651,2.135,6.665,2.868,11,0,74943,Juraj Kucka,1987-02-26,28.51,186.0,right,Midfield,Central Midfield,Slovakia,CSSR,30,2172,1,3,"5,252","AC Milan,Genoa CFC",2496,6000000.0,8000000.0,0.999,1.0,0.997,same_club
1124,Keisuke Honda,ITA,2015-16,AC Milan,M S,30,1935,1,1,3,46,40,3.336,3.336,3.312,9.736,5.167,2,0,66521,Keisuke Honda,1986-06-13,29.22,182.0,left,Midfield,Attacking Midfield,Japan,Japan,30,1930,1,4,5,AC Milan,2529,11000000.0,7000000.0,0.999,1.0,0.997,same_club
1133,Cristian Zapata,ITA,2015-16,AC Milan,D S,16,1335,1,1,0,3,2,0.098,0.098,0.042,1.583,1.583,3,0,34344,Cristian Zapata,1986-09-30,28.92,187.0,right,Defender,Centre-Back,Colombia,Colombia,16,1335,1,0,5,AC Milan,1845,3500000.0,2800000.0,1.0,1.0,1.0,same_club
1135,Ignazio Abate,ITA,2015-16,AC Milan,D,27,2254,1,1,1,4,18,0.193,0.193,2.003,6.996,6.281,7,0,16631,Ignazio Abate,1986-11-12,28.8,180.0,right,Defender,Right-Back,Italy,Italy,27,2253,1,1,5,AC Milan,2343,9000000.0,7500000.0,1.0,1.0,1.0,same_club
1141,Felipe,ITA,2015-16,Udinese,D,26,2151,1,1,1,11,6,1.977,1.977,0.756,2.585,2.302,11,1,17127,Felipe,1984-07-31,31.09,188.0,left,Defender,Centre-Back,Brazil,Brazil,26,2146,1,1,410,Udinese Calcio,2216,700000.0,800000.0,0.999,1.0,0.998,same_club
1142,Samir,ITA,2015-16,Verona,D,3,270,1,1,0,2,0,0.108,0.108,0.0,0.0,0.0,1,0,255744,Samir Caetano,1994-12-05,20.74,184.0,left,Defender,Centre-Back,Brazil,Brazil,3,270,1,0,276,Hellas Verona,270,3500000.0,4500000.0,0.97,0.95,1.0,same_club
1156,Ali Adnan,ITA,2015-16,Udinese,D S,28,1904,1,1,1,21,23,0.576,0.576,2.155,5.127,3.238,6,0,261611,Ali Adnan,1993-12-19,21.7,185.0,left,Defender,Left-Back,Iraq,Iraq,28,1903,1,1,410,Udinese Calcio,2173,2250000.0,2300000.0,1.0,1.0,0.999,same_club
1178,Davide Zappacosta,ITA,2015-16,Torino,D S,25,1262,1,1,1,14,15,0.821,0.821,0.799,4.012,2.994,3,0,173859,Davide Zappacosta,1992-06-11,23.22,182.0,right,Midfield,Right Midfield,Italy,Italy,25,1261,1,1,416,Torino FC,1351,5500000.0,5000000.0,1.0,1.0,0.999,same_club
1190,Joel Obi,ITA,2015-16,Torino,M S,10,499,1,1,0,3,5,0.285,0.285,0.141,1.764,1.373,1,1,45581,Joel Obi,1991-05-22,24.28,178.0,left,Midfield,Central Midfield,Nigeria,Nigeria,10,492,1,0,416,Torino FC,514,2000000.0,2000000.0,0.996,1.0,0.986,same_club
1191,Arlind Ajeti,ITA,2015-16,Frosinone,D S,16,1216,1,1,0,9,4,0.388,0.388,0.386,0.854,0.828,5,1,159288,Arlind Ajeti,1993-09-25,21.93,184.0,right,Defender,Centre-Back,Albania,Switzerland,16,1219,1,0,8970,Frosinone Calcio,1219,300000.0,1500000.0,0.999,1.0,0.998,same_club
1193,Lorenzo De Silvestri,ITA,2015-16,Sampdoria,D M,17,1397,1,1,2,12,12,2.127,2.127,0.691,1.926,0.893,4,0,33571,Lorenzo De Silvestri,1988-05-23,27.27,187.0,right,Defender,Right-Back,Italy,Italy,17,1397,1,2,1038,UC Sampdoria,1397,6000000.0,5000000.0,1.0,1.0,1.0,same_club
1194,Giuseppe Vives,ITA,2015-16,Torino,M S,33,2546,1,1,1,16,20,0.887,0.887,1.978,7.907,5.927,9,1,42345,Giuseppe Vives,1980-07-14,35.13,178.0,right,Midfield,Defensive Midfield,Italy,Italy,33,2550,1,1,416,Torino FC,2640,500000.0,500000.0,1.0,1.0,0.998,same_club
1196,Emiliano Moretti,ITA,2015-16,Torino,D,35,3150,1,1,1,12,15,1.011,1.011,0.914,8.733,8.402,4,0,5755,Emiliano Moretti,1981-06-11,34.22,182.0,left,Defender,Centre-Back,Italy,Italy,35,3150,1,1,416,Torino FC,3411,1000000.0,900000.0,1.0,1.0,1.0,same_club
1206,Danilo Cataldi,ITA,2015-16,Lazio,M S,20,1352,1,1,3,28,22,0.85,0.85,1.174,3.874,2.822,8,1,199733,Danilo Cataldi,1994-08-06,21.07,180.0,right,Midfield,Defensive Midfield,Italy,Italy,20,1351,1,3,398,Società Sportiva Lazio S.p.A.,1892,7000000.0,7000000.0,1.0,1.0,0.999,same_club
1231,Ricardo Álvarez,ITA,2015-16,Sampdoria,M S,13,810,1,1,1,14,16,0.797,0.797,0.624,2.181,1.244,2,0,76077,Ricardo Álvarez,1988-04-12,27.39,188.0,left,Midfield,Central Midfield,Argentina,Argentina,13,809,1,1,1038,UC Sampdoria,809,10000000.0,7500000.0,1.0,1.0,0.999,same_club
1245,Emerson,ITA,2015-16,Roma,D S,8,182,1,1,0,4,1,0.715,0.715,0.03,2.054,1.323,1,0,181778,Emerson,1994-08-03,21.08,176.0,left,Defender,Left-Back,Italy,Brazil,8,183,1,0,12,Associazione Sportiva Roma,262,400000.0,400000.0,0.998,1.0,0.995,same_club
1249,Daniele De Rossi,ITA,2015-16,Roma,D M S,24,1911,1,1,2,10,16,0.686,0.686,1.691,9.713,8.355,9,0,5947,Daniele De Rossi,1983-07-24,32.11,184.0,both,Midfield,Defensive Midfield,Italy,Italy,24,1911,1,2,12,Associazione Sportiva Roma,2430,7500000.0,5000000.0,1.0,1.0,1.0,same_club
1275,Robin Quaison,ITA,2015-16,Palermo,F M S,30,1507,1,1,2,19,26,1.443,1.443,2.115,5.097,3.053,5,0,206542,Robin Quaison,1993-10-09,21.89,183.0,right,Attack,Centre-Forward,Sweden,Sweden,30,1506,1,3,458,Palermo FC,1620,2500000.0,2200000.0,1.0,1.0,0.999,same_club
1286,Andrea Barzagli,ITA,2015-16,Juventus,D,31,2739,1,1,0,4,9,0.902,0.902,0.212,9.037,8.77,2,0,7109,Andrea Barzagli,1981-05-08,34.32,187.0,right,Defender,Centre-Back,Italy,Italy,31,2739,1,0,506,Juventus FC,3603,3000000.0,2000000.0,1.0,1.0,1.0,same_club
1291,Hernanes,ITA,2015-16,"Inter,Juventus",M S,16,907,1,1,1,31,15,0.85,0.85,1.673,5.662,4.015,6,0,52897,Hernanes,1985-05-29,30.26,180.0,both,Midfield,Attacking Midfield,Brazil,Brazil,16,911,1,0,"46,506","Inter Milan,Juventus FC",1491,14000000.0,8000000.0,0.999,1.0,0.996,same_club
1296,Stefano Sturaro,ITA,2015-16,Juventus,M S,19,1018,1,1,0,9,12,0.578,0.578,0.546,1.851,1.355,6,0,167859,Stefano Sturaro,1993-03-09,22.48,181.0,right,Midfield,Central Midfield,Italy,Italy,19,1026,1,0,506,Juventus FC,1756,8000000.0,11000000.0,0.998,1.0,0.992,same_club
1306,Vincent Laurini,ITA,2015-16,Empoli,D S,25,1955,1,1,0,3,6,0.558,0.558,0.332,4.113,3.962,5,0,94936,Vincent Laurini,1989-06-10,26.23,173.0,right,Defender,Right-Back,France,France,25,1955,1,0,749,FC Empoli,1955,1000000.0,1500000.0,1.0,1.0,1.0,same_club
1307,Andrea Costa,ITA,2015-16,Empoli,D S,24,2079,1,1,0,6,1,0.958,0.958,0.011,3.051,3.04,4,0,34336,Andrea Costa,1986-02-01,29.58,182.0,left,Defender,Centre-Back,Italy,Italy,24,2080,1,0,749,FC Empoli,2080,750000.0,1000000.0,1.0,1.0,1.0,same_club
1311,Rade Krunic,ITA,2015-16,Empoli,M S,15,488,1,1,0,7,8,0.875,0.875,0.795,1.94,0.295,3,0,259953,Rade Krunic,1993-10-07,21.9,184.0,right,Midfield,Defensive Midfield,Bosnia-Herzegovina,Bosnia-Herzegovina,15,492,1,0,749,FC Empoli,543,500000.0,600000.0,0.998,1.0,0.992,same_club
1329,Fabrizio Cacciatore,ITA,2015-16,Chievo,D S,29,2302,1,1,3,11,27,1.497,1.497,2.567,7.252,4.399,6,0,85605,Fabrizio Cacciatore,1986-10-08,28.9,182.0,right,Defender,Right-Back,Italy,Italy,29,2312,1,3,862,Chievo Verona,2312,1200000.0,1300000.0,0.999,1.0,0.996,same_club
1331,Dario Dainelli,ITA,2015-16,Chievo,D S,18,1379,1,1,0,2,3,0.536,0.536,0.144,0.976,0.931,5,0,5970,Dario Dainelli,1979-06-09,36.23,191.0,right,Defender,Centre-Back,Italy,Italy,18,1377,1,0,862,Chievo Verona,1413,300000.0,300000.0,1.0,1.0,0.999,same_club
1334,Perparim Hetemaj,ITA,2015-16,Chievo,M S,28,2263,1,1,0,25,20,0.841,0.841,1.224,5.136,3.489,7,0,37295,Perparim Hetemaj,1986-12-12,28.72,179.0,right,Midfield,Central Midfield,Finland,Jugoslawien (SFR),28,2259,1,0,862,Chievo Verona,2379,3000000.0,3800000.0,0.999,1.0,0.998,same_club
1346,Gennaro Sardo,ITA,2015-16,Chievo,D S,6,329,1,1,0,2,4,0.118,0.118,0.155,0.652,0.509,3,0,21770,Gennaro Sardo,1979-05-08,36.32,190.0,right,Defender,Right-Back,Italy,Italy,6,332,1,0,862,Chievo Verona,332,100000.0,100000.0,0.997,1.0,0.991,same_club
1350,Jonathan de Guzmán,ITA,2015-16,Carpi,M S,5,105,1,0,0,2,1,0.786,0.025,0.052,0.167,0.09,0,0,31067,Jonathan de Guzmán,1987-09-13,27.97,173.0,right,Midfield,Central Midfield,Netherlands,Canada,5,111,1,0,4102,AC Carpi,111,8000000.0,4000000.0,0.984,1.0,0.946,same_club
1369,Marcello Trotta,ITA,2015-16,Sassuolo,F S,8,189,1,1,0,12,2,1.379,1.379,0.056,1.568,0.132,0,0,129505,Marcello Trotta,1992-09-29,22.92,188.0,left,Attack,Centre-Forward,Italy,Italy,8,192,1,0,6574,US Sassuolo,347,1500000.0,2000000.0,0.995,1.0,0.984,same_club
1385,Omar El Kaddouri,ITA,2015-16,Napoli,S,20,214,1,1,2,11,9,1.979,1.979,1.358,3.733,1.791,2,0,73097,Omar El Kaddouri,1990-08-21,25.03,185.0,right,Midfield,Attacking Midfield,Morocco,Belgium,20,230,1,2,6195,SSC Napoli,698,4500000.0,4500000.0,0.979,1.0,0.93,same_club
1395,Vlad Chiriches,ITA,2015-16,Napoli,D,8,699,1,1,0,4,0,0.593,0.593,0.0,3.136,3.136,2,0,123261,Vlad Chiricheș,1989-11-14,25.8,184.0,right,Midfield,Defensive Midfield,Romania,Romania,8,698,1,0,6195,SSC Napoli,1497,6000000.0,5500000.0,1.0,1.0,0.999,same_club
1403,Simone Padoin,ITA,2015-16,Juventus,D M S,12,577,1,1,0,4,5,0.27,0.27,0.136,1.99,1.655,2,0,56703,Simone Padoin,1984-03-18,31.46,177.0,right,Midfield,Central Midfield,Italy,Italy,12,579,1,0,506,Juventus FC,589,2000000.0,1500000.0,0.999,1.0,0.997,same_club
1430,Milan Badelj,ITA,2015-16,Fiorentina,M S,27,2147,1,1,1,26,35,0.667,0.667,1.989,9.678,8.225,7,1,40633,Milan Badelj,1989-02-25,26.51,186.0,right,Midfield,Defensive Midfield,Croatia,Jugoslawien (SFR),27,2137,1,1,430,ACF Fiorentina,2633,3800000.0,8000000.0,0.999,1.0,0.995,same_club
1431,Sebastien De Maio,ITA,2015-16,Genoa,D S,28,2238,1,1,1,14,3,2.016,2.016,0.14,4.008,3.654,5,1,56830,Sebastien De Maio,1987-03-05,28.49,190.0,right,Defender,Centre-Back,France,France,28,2236,1,0,252,Genoa CFC,2236,3500000.0,3000000.0,1.0,1.0,0.999,same_club
1464,Federico Peluso,ITA,2015-16,Sassuolo,D,34,3038,1,1,1,19,21,1.899,1.899,1.463,7.125,5.963,11,0,21763,Federico Peluso,1984-01-20,31.61,188.0,left,Defender,Left-Back,Italy,Italy,34,3038,1,1,6574,US Sassuolo,3145,2000000.0,1700000.0,1.0,1.0,1.0,same_club
1466,Francesco Magnanelli,ITA,2015-16,Sassuolo,M,34,3060,1,1,1,18,31,0.333,0.333,1.404,9.605,8.924,8,0,7093,Francesco Magnanelli,1984-11-12,30.8,181.0,right,Midfield,Defensive Midfield,Italy,Italy,34,3060,1,0,6574,US Sassuolo,3150,2000000.0,2500000.0,1.0,1.0,1.0,same_club
1474,Alfred Duncan,ITA,2015-16,Sassuolo,M S,33,2489,1,1,5,39,49,1.495,1.495,5.761,11.36,6.628,5,0,184894,Alfred Duncan,1993-03-10,22.48,178.0,left,Midfield,Central Midfield,Ghana,Ghana,33,2485,1,4,6574,US Sassuolo,2632,5000000.0,5500000.0,1.0,1.0,0.998,same_club
1484,Rafael Toloi,ITA,2015-16,Atalanta,D S,24,1892,1,1,0,9,2,0.705,0.705,0.068,2.28,2.225,6,1,72441,Rafael Tolói,1990-10-10,24.89,185.0,right,Defender,Centre-Back,Italy,Brazil,24,1890,1,0,800,Atalanta BC,1890,5000000.0,4500000.0,1.0,1.0,0.999,same_club
1488,Remo Freuler,ITA,2015-16,Atalanta,M S,6,451,1,1,0,5,3,0.566,0.566,0.084,0.979,0.488,0,0,148252,Remo Freuler,1992-04-15,23.38,181.0,right,Midfield,Central Midfield,Switzerland,Switzerland,6,451,1,0,800,Atalanta BC,451,1750000.0,2000000.0,1.0,1.0,1.0,same_club
1507,Miranda,ITA,2015-16,Inter,D S,32,2742,1,1,3,9,7,1.165,1.165,1.267,5.165,4.985,6,2,33357,Miranda,1984-09-07,30.98,186.0,right,Defender,Centre-Back,Brazil,Brazil,32,2743,1,2,46,Inter Milan,2923,15000000.0,16000000.0,1.0,1.0,1.0,same_club
1510,Gary Medel,ITA,2015-16,Inter,D M S,30,2420,1,1,1,12,13,0.389,0.389,1.082,8.363,7.693,10,0,60889,Gary Medel,1987-08-03,28.08,171.0,right,Midfield,Defensive Midfield,Chile,Chile,30,2416,1,1,46,Inter Milan,2791,10000000.0,12000000.0,1.0,1.0,0.998,same_club
1516,Geoffrey Kondogbia,ITA,2015-16,Inter,M S,26,2005,1,1,0,38,16,1.705,1.705,1.273,9.358,7.335,6,1,127189,Geoffrey Kondogbia,1993-02-15,22.54,188.0,left,Midfield,Defensive Midfield,Central African Republic,France,26,1995,1,1,46,Inter Milan,2311,16000000.0,24000000.0,0.999,1.0,0.995,same_club
1543,Sergej Milinkovic-Savic,ITA,2015-16,Lazio,M S,25,1645,1,1,0,36,20,1.875,1.875,1.432,6.054,3.711,5,1,266302,Sergej Milinković-Savić,1995-02-27,20.51,192.0,right,Midfield,Central Midfield,Serbia,Spain,25,1644,1,0,398,Società Sportiva Lazio S.p.A.,2349,4000000.0,9000000.0,1.0,1.0,0.999,same_club
1547,Pablo Armero,ITA,2015-16,Udinese,D M,5,420,1,1,0,2,2,1.176,1.176,0.055,2.207,0.992,0,0,73786,Pablo Armero,1986-11-02,28.83,174.0,left,Defender,Left-Back,Colombia,Colombia,5,419,1,0,410,Udinese Calcio,419,4000000.0,3500000.0,0.999,1.0,0.998,same_club
1556,Guglielmo Stendardo,ITA,2015-16,Atalanta,D S,15,1108,1,1,0,5,2,0.77,0.77,0.058,1.709,1.677,3,1,22093,Guglielmo Stendardo,1981-05-06,34.32,190.0,right,Defender,Centre-Back,Italy,Italy,15,1110,1,0,800,Atalanta BC,1200,500000.0,500000.0,0.999,1.0,0.998,same_club
1562,Francesco Lodi,ITA,2015-16,Udinese,M S,24,1868,1,1,1,25,32,1.29,1.29,2.531,5.73,4.365,3,0,6033,Francesco Lodi,1984-03-23,31.44,183.0,left,Midfield,Defensive Midfield,Italy,Italy,24,1872,1,1,410,Udinese Calcio,1872,2000000.0,2000000.0,0.999,1.0,0.998,same_club
1568,Felipe Melo,ITA,2015-16,Inter,M S,26,1774,1,1,1,23,11,1.399,1.399,1.297,5.677,4.503,6,2,35537,Felipe Melo,1983-06-26,32.18,183.0,right,Midfield,Defensive Midfield,Brazil,Brazil,26,1773,1,1,46,Inter Milan,1962,5000000.0,3500000.0,1.0,1.0,0.999,same_club
1572,Bostjan Cesar,ITA,2015-16,Chievo,D S,31,2718,1,1,0,14,4,1.788,1.788,0.154,1.675,1.616,9,1,24606,Bostjan Cesar,1982-07-09,33.15,191.0,left,Defender,Centre-Back,Slovenia,Jugoslawien (SFR),31,2716,1,0,862,Chievo Verona,2836,800000.0,700000.0,1.0,1.0,0.999,same_club
1576,Giorgio Chiellini,ITA,2015-16,Juventus,D S,24,1786,1,1,0,15,11,1.394,1.394,1.242,7.822,6.902,4,1,29260,Giorgio Chiellini,1984-08-14,31.05,187.0,left,Defender,Centre-Back,Italy,Italy,24,1789,1,0,506,Juventus FC,2719,16500000.0,13000000.0,0.999,1.0,0.998,same_club
1579,Daniele Gastaldello,ITA,2015-16,Bologna,D,26,2209,1,1,2,8,5,1.159,1.159,0.613,4.318,4.237,7,1,7096,Daniele Gastaldello,1983-06-25,32.19,187.0,right,Defender,Centre-Back,Italy,Italy,26,2201,1,2,1025,Bologna Football Club 1909,2201,1000000.0,1000000.0,0.999,1.0,0.996,same_club
1588,Raúl Albiol,ITA,2015-16,Napoli,D,36,3240,1,1,1,10,5,1.235,1.235,0.228,13.969,13.77,10,0,15452,Raúl Albiol,1985-09-04,29.99,190.0,right,Defender,Centre-Back,Spain,Spain,36,3240,1,2,6195,SSC Napoli,3442,7500000.0,8500000.0,1.0,1.0,1.0,same_club
1597,Cristian Molinaro,ITA,2015-16,Torino,D S,27,1963,1,1,1,12,24,0.752,0.752,2.264,6.026,4.795,3,1,21972,Cristian Molinaro,1983-07-30,32.09,182.0,left,Defender,Left-Back,Italy,Italy,27,1963,1,0,416,Torino FC,2103,1000000.0,900000.0,1.0,1.0,1.0,same_club
1600,Jonathan Biabiany,ITA,2015-16,Inter,M S,20,849,1,1,2,20,19,1.268,1.268,2.92,3.959,1.62,3,0,45567,Jonathan Biabiany,1988-04-28,27.34,177.0,right,Attack,Right Winger,France,France,20,862,1,2,46,Inter Milan,1188,4000000.0,7000000.0,0.995,1.0,0.985,same_club
1610,Nicolò Cherubin,ITA,2015-16,Atalanta,D S,14,1027,1,1,0,3,2,0.15,0.15,0.149,0.893,0.893,1,1,56854,Nicolò Cherubin,1986-12-02,28.75,188.0,left,Defender,Centre-Back,Italy,Italy,14,1028,1,0,800,Atalanta BC,1208,800000.0,800000.0,1.0,1.0,0.999,same_club
1622,Matías Fernández,ITA,2015-16,Fiorentina,F M S,22,1065,1,1,3,25,23,0.944,0.944,2.043,5.722,4.207,3,1,37918,Matías Fernández,1986-05-15,29.3,176.0,right,Midfield,Attacking Midfield,Chile,Argentina,22,1074,1,5,430,ACF Fiorentina,1419,9000000.0,7500000.0,0.997,1.0,0.992,same_club
1641,Andrea Bertolacci,ITA,2015-16,AC Milan,M S,27,1806,1,1,1,18,22,1.982,1.982,1.9,9.137,6.751,6,0,99227,Andrea Bertolacci,1991-01-11,24.64,179.0,left,Midfield,Central Midfield,Italy,Italy,27,1804,1,1,5,AC Milan,1994,15000000.0,12000000.0,1.0,1.0,0.999,same_club
1643,Luca Marrone,ITA,2015-16,"Carpi,Verona",M S,21,1603,1,1,3,12,22,0.537,0.537,1.834,1.896,1.526,7,0,124769,Luca Marrone,1990-03-28,25.43,186.0,right,Defender,Centre-Back,,,21,1602,1,4,"276,4102","Hellas Verona,AC Carpi",1992,2500000.0,2200000.0,1.0,1.0,0.999,same_club
1646,David Ivan,ITA,2015-16,Sampdoria,F M S,21,1095,1,1,0,5,11,0.15,0.15,0.346,2.088,1.766,4,1,168416,David Ivan,1995-02-26,20.51,176.0,right,Midfield,Defensive Midfield,Slovakia,Slovakia,21,1098,1,0,1038,UC Sampdoria,1199,75000.0,1000000.0,0.999,1.0,0.997,same_club
1710,Marten de Roon,ITA,2015-16,Atalanta,M S,36,3103,1,1,2,20,18,0.65,0.65,1.202,8.843,7.268,9,1,133179,Marten de Roon,1991-03-29,24.43,186.0,right,Midfield,Defensive Midfield,Netherlands,Netherlands,36,3095,1,2,800,Atalanta BC,3185,1250000.0,5000000.0,0.999,1.0,0.997,same_club
1801,Pontus Jansson,ITA,2015-16,Torino,D S,7,615,1,1,0,6,2,0.333,0.333,0.045,1.312,1.228,1,0,125314,Pontus Jansson,1991-02-13,24.55,196.0,right,Defender,Centre-Back,Sweden,Sweden,7,615,1,0,416,Torino FC,713,1500000.0,1300000.0,1.0,1.0,1.0,same_club
1807,Modibo Diakité,ITA,2015-16,"Frosinone,Sampdoria",D S,26,2274,1,1,0,8,4,2.134,2.134,0.114,2.511,2.473,8,0,41749,Modibo Diakité,1987-03-02,28.5,192.0,right,Defender,Centre-Back,France,France,26,2270,1,0,"1038,8970","UC Sampdoria,Frosinone Calcio",2390,1000000.0,1000000.0,0.999,1.0,0.998,same_club
1816,Philippe Mexes,ITA,2015-16,AC Milan,D S,5,398,1,1,0,5,1,0.556,0.556,0.012,0.579,0.556,4,0,5422,Philippe Mexès,1982-03-30,33.42,187.0,right,Defender,Centre-Back,France,France,5,399,1,0,5,AC Milan,609,1000000.0,500000.0,0.999,1.0,0.997,same_club
1817,Mario Balotelli,ITA,2015-16,AC Milan,F S,20,818,1,1,1,43,24,3.321,2.56,2.806,2.655,0.888,6,0,45146,Mario Balotelli,1990-08-12,25.05,189.0,right,Attack,Centre-Forward,Italy,Italy,20,827,1,1,5,AC Milan,996,11000000.0,7000000.0,0.997,1.0,0.989,same_club
1819,Kevin-Prince Boateng,ITA,2015-16,AC Milan,M S,11,188,1,1,0,5,6,0.72,0.72,0.532,1.323,0.137,1,0,16922,Kevin-Prince Boateng,1987-03-06,28.49,186.0,right,Midfield,Attacking Midfield,Ghana,Germany,11,190,1,0,5,AC Milan,339,6000000.0,2000000.0,0.997,1.0,0.989,same_club
1824,Maicon,ITA,2015-16,Roma,D M S,15,1013,1,1,2,11,11,0.938,0.938,2.502,8.388,5.877,2,1,18301,Maicon,1981-07-26,34.1,185.0,right,Defender,Right-Back,Brazil,Brazil,15,1013,1,2,12,Associazione Sportiva Roma,1247,1000000.0,1000000.0,1.0,1.0,1.0,same_club
1835,Enzo Maresca,ITA,2015-16,Palermo,M S,15,979,1,1,0,11,8,0.573,0.573,0.353,2.219,1.72,3,0,16651,Enzo Maresca,1980-02-10,35.56,180.0,right,Midfield,Central Midfield,Italy,Italy,15,984,1,0,458,Palermo FC,1074,300000.0,200000.0,0.998,1.0,0.995,same_club
1838,Achraf Lazaar,ITA,2015-16,Palermo,D M S,30,2293,1,1,2,28,21,0.479,0.479,2.399,7.157,5.581,2,1,139173,Achraf Lazaar,1992-01-22,23.61,184.0,left,Defender,Left-Back,Morocco,Morocco,30,2295,1,2,458,Palermo FC,2373,3000000.0,2800000.0,1.0,1.0,0.999,same_club
1840,Aljaz Struna,ITA,2015-16,Palermo,D,22,1848,1,1,0,7,7,0.8,0.8,0.763,2.801,2.019,10,1,108119,Aljaz Struna,1990-08-04,25.08,191.0,right,Defender,Centre-Back,Slovenia,Jugoslawien (SFR),22,1841,1,0,458,Palermo FC,1841,1000000.0,900000.0,0.999,1.0,0.996,same_club
1843,Matteo Bianchetti,ITA,2015-16,Verona,D S,23,1576,1,1,0,7,4,1.149,1.149,0.134,1.851,1.726,4,0,160986,Matteo Bianchetti,1993-03-17,22.46,189.0,right,Defender,Centre-Back,Italy,Italy,23,1581,1,0,276,Hellas Verona,1761,1400000.0,1200000.0,0.999,1.0,0.997,same_club
1851,Juanito Gómez,ITA,2015-16,Verona,F M S,33,1835,1,1,0,36,24,3.273,3.273,1.454,4.637,1.84,3,0,38592,Juanito Gómez,1985-05-20,30.28,178.0,right,Attack,Left Winger,Argentina,Argentina,33,1834,1,0,276,Hellas Verona,1846,2600000.0,2000000.0,1.0,1.0,0.999,same_club
1852,Ante Rebic,ITA,2015-16,"Fiorentina,Verona",F M S,14,755,1,1,0,16,5,0.695,0.695,0.251,2.757,2.053,3,1,187587,Ante Rebić,1993-09-21,21.94,185.0,right,Attack,Left Winger,Croatia,Croatia,14,753,1,0,"276,430","Hellas Verona,ACF Fiorentina",969,1500000.0,1000000.0,0.999,1.0,0.997,same_club
1853,Vangelis Moras,ITA,2015-16,Verona,D S,31,2751,1,1,1,6,6,0.353,0.353,0.799,2.888,2.657,4,1,9850,Vangelis Moras,1981-08-26,34.02,193.0,right,Defender,Centre-Back,Greece,Greece,31,2750,1,1,276,Hellas Verona,2917,600000.0,500000.0,1.0,1.0,1.0,same_club
1857,David López,ITA,2015-16,Napoli,M S,25,708,1,1,1,10,6,1.12,1.12,0.799,4.695,2.985,2,0,129444,David López,1989-10-09,25.89,185.0,right,Defender,Centre-Back,Spain,Spain,25,730,1,0,6195,SSC Napoli,1546,8000000.0,6500000.0,0.991,1.0,0.97,same_club
1861,Adriano Russo,ITA,2015-16,Frosinone,D S,10,886,1,1,0,1,3,0.098,0.098,0.164,0.647,0.617,2,0,44281,Adriano Russo,1987-06-06,28.24,186.0,right,Defender,Centre-Back,Italy,Italy,10,883,1,0,8970,Frosinone Calcio,1003,400000.0,400000.0,0.999,1.0,0.997,same_club
1863,Oliver Kragl,ITA,2015-16,Frosinone,F M S,15,940,1,1,0,32,10,1.264,1.264,0.646,1.898,0.484,4,0,56513,Oliver Kragl,1990-05-12,25.31,179.0,left,Midfield,Left Midfield,Germany,Germany,15,929,1,0,8970,Frosinone Calcio,929,750000.0,700000.0,0.996,1.0,0.988,same_club
1871,Danilo Soddimo,ITA,2015-16,Frosinone,F M S,28,1792,1,1,2,44,44,1.849,1.849,2.519,6.043,3.175,9,1,39690,Danilo Soddimo,1987-09-27,27.93,180.0,right,Midfield,Left Midfield,Italy,Italy,28,1791,1,2,8970,Frosinone Calcio,1863,800000.0,1100000.0,1.0,1.0,0.999,same_club
1876,Milan Bisevac,ITA,2015-16,Lazio,D,11,907,1,1,0,2,2,0.603,0.603,0.037,2.123,2.123,0,0,24661,Milan Bisevac,1983-08-31,32.0,185.0,right,Defender,Centre-Back,Serbia,Jugoslawien (SFR),11,908,1,0,398,Società Sportiva Lazio S.p.A.,1905,2500000.0,2000000.0,0.999,1.0,0.998,same_club
1876,Milan Bisevac,ITA,2015-16,Lazio,D,11,907,1,1,0,2,2,0.603,0.603,0.037,2.123,2.123,0,0,24661,Milan Bisevac,1983-08-31,32.0,185.0,right,Defender,Centre-Back,Serbia,Jugoslawien (SFR),11,908,1,0,398,Società Sportiva Lazio S.p.A.,1905,2500000.0,2000000.0,1.0,1.0,0.999,same_club
1877,Ogenyi Onazi,ITA,2015-16,Lazio,M S,15,1192,1,1,1,12,11,0.736,0.736,0.955,3.716,2.964,2,0,131709,Ogenyi Onazi,1992-12-25,22.68,173.0,right,Midfield,Defensive Midfield,Nigeria,Nigeria,15,1184,1,1,398,Società Sportiva Lazio S.p.A.,1673,6000000.0,4500000.0,0.998,1.0,0.993,same_club
1879,Stefano Mauri,ITA,2015-16,Lazio,F M S,12,500,1,1,1,6,5,0.614,0.614,1.433,2.141,0.267,0,0,6043,Stefano Mauri,1980-01-08,35.65,184.0,left,Midfield,Attacking Midfield,Italy,Italy,12,502,1,1,398,Società Sportiva Lazio S.p.A.,732,500000.0,400000.0,0.999,1.0,0.996,same_club
1884,Facundo Roncaglia,ITA,2015-16,Fiorentina,D S,30,2439,1,1,0,11,9,0.16,0.16,0.391,6.714,6.323,9,0,61546,Facundo Roncaglia,1987-02-10,28.56,179.0,right,Defender,Centre-Back,Argentina,Argentina,30,2436,1,0,430,ACF Fiorentina,2642,3500000.0,4500000.0,1.0,1.0,0.999,same_club
1895,Cristian Zaccardo,ITA,2015-16,Carpi,D S,27,2405,1,1,0,17,7,1.724,1.724,0.344,3.182,1.962,4,0,5993,Cristian Zaccardo,1981-12-21,33.69,,,Defender,Centre-Back,Italy,Italy,27,2404,1,0,4102,AC Carpi,2539,400000.0,400000.0,1.0,1.0,1.0,same_club
1896,Riccardo Gagliolo,ITA,2015-16,Carpi,D S,31,2633,1,1,0,12,13,0.976,0.976,0.462,3.33,2.904,11,1,240786,Riccardo Gagliolo,1990-04-28,25.34,180.0,left,Defender,Centre-Back,Sweden,Italy,31,2640,1,0,4102,AC Carpi,2967,1600000.0,1500000.0,0.999,1.0,0.997,same_club
1898,Stefano Sabelli,ITA,2015-16,Carpi,D M S,7,556,1,1,0,4,5,0.573,0.573,0.363,1.142,0.336,1,0,167491,Stefano Sabelli,1993-01-13,22.63,176.0,right,Defender,Right-Back,Italy,Italy,7,558,1,0,4102,AC Carpi,648,1300000.0,1500000.0,0.999,1.0,0.996,same_club
1900,Raffaele Bianco,ITA,2015-16,Carpi,M S,26,1870,1,1,3,17,19,1.105,1.105,0.86,4.366,2.893,5,1,56693,Raffaele Bianco,1987-08-25,28.02,180.0,right,Midfield,Defensive Midfield,Italy,Italy,26,1860,1,2,4102,AC Carpi,1905,900000.0,800000.0,0.998,1.0,0.995,same_club
1935,Marko Livaja,ITA,2015-16,Empoli,F S,18,591,1,1,0,16,6,0.636,0.636,0.645,1.818,0.598,7,0,95438,Marko Livaja,1993-08-26,22.02,184.0,right,Attack,Centre-Forward,Croatia,Croatia,17,590,1,0,749,FC Empoli,590,4000000.0,3000000.0,0.999,1.0,0.998,same_club
1940,Lazaros Christodoulopoulos,ITA,2015-16,Sampdoria,M S,10,346,1,1,0,6,0,0.328,0.328,0.0,1.464,1.25,3,0,34283,Lazaros Christodoulopoulos,1986-12-19,28.7,183.0,right,Midfield,Attacking Midfield,Greece,Greece,10,353,1,0,1038,UC Sampdoria,384,1600000.0,1300000.0,0.994,1.0,0.98,same_club
1949,Fredy Guarín,ITA,2015-16,Inter,M S,16,972,1,1,1,29,13,1.952,1.952,0.963,4.551,3.198,7,0,39090,Fredy Guarín,1986-06-30,29.17,183.0,right,Midfield,Central Midfield,Colombia,Colombia,16,971,1,1,46,Inter Milan,971,12000000.0,7500000.0,1.0,1.0,0.999,same_club
1959,Bosko Jankovic,ITA,2015-16,Verona,F M S,15,907,1,1,0,14,3,0.602,0.602,0.245,0.777,0.18,3,1,19708,Boško Janković,1984-03-01,31.5,183.0,right,Attack,Right Winger,Serbia,Jugoslawien (SFR),15,899,1,0,276,Hellas Verona,1053,1500000.0,1000000.0,0.997,1.0,0.991,same_club
1969,Joan Verdú,ITA,2015-16,Fiorentina,M S,5,180,1,1,0,4,3,0.505,0.505,0.208,1.209,0.858,0,0,28005,Joan Verdú,1983-05-05,32.33,172.0,right,Midfield,Attacking Midfield,Spain,Spain,5,182,1,0,430,ACF Fiorentina,1256,1000000.0,800000.0,0.999,1.0,0.996,same_club
1969,Joan Verdú,ITA,2015-16,Fiorentina,M S,5,180,1,1,0,4,3,0.505,0.505,0.208,1.209,0.858,0,0,28005,Joan Verdú,1983-05-05,32.33,172.0,right,Midfield,Attacking Midfield,Spain,Spain,5,182,1,0,430,ACF Fiorentina,1256,1000000.0,800000.0,0.997,1.0,0.989,same_club
1972,Gaetano Letizia,ITA,2015-16,Carpi,D M S,35,2893,1,1,0,24,33,1.199,1.199,3.048,8.472,6.651,5,0,160560,Gaetano Letizia,1990-06-29,25.17,173.0,both,Defender,Right-Back,Italy,Italy,35,2894,1,1,4102,AC Carpi,3284,1500000.0,2500000.0,1.0,1.0,1.0,same_club
1983,Gianpaolo Bellini,ITA,2015-16,Atalanta,D S,15,959,1,0,0,6,1,0.831,0.07,0.01,0.911,0.882,4,0,19435,Gianpaolo Bellini,1980-03-27,35.43,180.0,right,Defender,Left-Back,Italy,Italy,15,949,1,0,800,Atalanta BC,949,100000.0,100000.0,0.997,1.0,0.99,same_club
1996,Leandro Greco,ITA,2015-16,Verona,M S,26,1900,1,1,0,11,22,0.375,0.375,1.027,2.056,1.506,7,0,39831,Leandro Greco,1986-07-19,29.12,184.0,left,Midfield,Central Midfield,Italy,Italy,26,1899,1,1,276,Hellas Verona,2034,2500000.0,2000000.0,1.0,1.0,0.999,same_club
2011,Seydou Keita,ITA,2015-16,Roma,M S,20,1370,1,1,0,13,7,0.772,0.772,0.232,4.375,4.121,4,0,5486,Seydou Keita,1980-01-16,35.62,183.0,left,Midfield,Central Midfield,Mali,Mali,20,1367,1,0,12,Associazione Sportiva Roma,1633,500000.0,500000.0,0.999,1.0,0.998,same_club
2024,Diogo Figueiras,ITA,2015-16,Genoa,M S,9,554,1,1,0,5,1,0.112,0.112,0.027,1.515,1.422,2,0,172181,Diogo Figueiras,1991-07-01,24.17,169.0,right,Defender,Right-Back,Portugal,Portugal,8,518,1,0,252,Genoa CFC,925,3500000.0,3000000.0,0.999,1.0,0.996,same_club
2024,Diogo Figueiras,ITA,2015-16,Genoa,M S,9,554,1,1,0,5,1,0.112,0.112,0.027,1.515,1.422,2,0,172181,Diogo Figueiras,1991-07-01,24.17,169.0,right,Defender,Right-Back,Portugal,Portugal,8,518,1,0,252,Genoa CFC,925,3500000.0,3000000.0,0.981,1.0,0.935,same_club
2027,Andrea Lazzari,ITA,2015-16,Carpi,M S,8,336,1,1,0,10,16,1.464,0.703,1.312,1.06,0.3,1,0,19442,Andrea Lazzari,1984-12-03,30.74,184.0,left,Midfield,Central Midfield,Italy,Italy,8,337,1,1,4102,AC Carpi,504,1500000.0,500000.0,0.999,1.0,0.997,same_club
2029,Maximiliano Moralez,ITA,2015-16,Atalanta,F S,17,1369,1,1,4,26,39,4.738,3.976,3.793,7.897,1.651,2,0,30687,Maxi Moralez,1987-02-27,28.51,159.0,right,Midfield,Attacking Midfield,Argentina,Argentina,17,1359,1,4,800,Atalanta BC,1410,5000000.0,5000000.0,0.968,0.95,0.993,same_club
2047,Abdelhamid El Kaoutari,ITA,2015-16,Palermo,D,7,630,1,1,0,1,2,0.513,0.513,0.599,1.116,1.116,2,0,74615,Abdelhamid El Kaoutari,1990-03-17,25.46,180.0,left,Defender,Centre-Back,Morocco,France,7,630,1,0,458,Palermo FC,1454,4000000.0,2500000.0,1.0,1.0,1.0,same_club
2047,Abdelhamid El Kaoutari,ITA,2015-16,Palermo,D,7,630,1,1,0,1,2,0.513,0.513,0.599,1.116,1.116,2,0,74615,Abdelhamid El Kaoutari,1990-03-17,25.46,180.0,left,Defender,Centre-Back,Morocco,France,7,630,1,0,458,Palermo FC,1454,4000000.0,2500000.0,1.0,1.0,1.0,same_club
226,Kingsley Coman,ITA,2015-16,Juventus,F,1,65,0,0,0,3,3,0.18,0.18,0.233,0.881,0.576,0,0,243714,Kingsley Coman,1996-06-13,19.22,181.0,right,Attack,Left Winger,France,France,1,64,0,0,506,Juventus FC,2478,3500000.0,17000000.0,1.0,1.0,0.999,same_club
226,Kingsley Coman,ITA,2015-16,Juventus,F,1,65,0,0,0,3,3,0.18,0.18,0.233,0.881,0.576,0,0,243714,Kingsley Coman,1996-06-13,19.22,181.0,right,Attack,Left Winger,France,France,1,64,0,0,506,Juventus FC,2478,3500000.0,17000000.0,0.997,1.0,0.989,same_club
275,Tim Matavz,ITA,2015-16,Genoa,F S,7,468,0,0,0,10,4,1.352,1.352,0.129,2.285,0.972,0,0,50303,Tim Matavz,1989-01-13,26.63,188.0,right,Attack,Centre-Forward,Slovenia,Jugoslawien (SFR),7,465,0,0,252,Genoa CFC,1289,2500000.0,2000000.0,0.998,1.0,0.995,same_club
275,Tim Matavz,ITA,2015-16,Genoa,F S,7,468,0,0,0,10,4,1.352,1.352,0.129,2.285,0.972,0,0,50303,Tim Matavz,1989-01-13,26.63,188.0,right,Attack,Centre-Forward,Slovenia,Jugoslawien (SFR),7,465,0,0,252,Genoa CFC,1289,2500000.0,2000000.0,0.998,1.0,0.994,same_club
947,Víctor Ibarbo,ITA,2015-16,Roma,S,2,8,0,0,0,0,0,0.0,0.0,0.0,0.379,0.379,0,0,92141,Víctor Ibarbo,1990-05-19,25.29,188.0,right,Attack,Second Striker,Colombia,Colombia,2,8,0,0,12,Associazione Sportiva Roma,72,8000000.0,8000000.0,0.987,1.0,0.956,same_club
947,Víctor Ibarbo,ITA,2015-16,Roma,S,2,8,0,0,0,0,0,0.0,0.0,0.0,0.379,0.379,0,0,92141,Víctor Ibarbo,1990-05-19,25.29,188.0,right,Attack,Second Striker,Colombia,Colombia,2,8,0,0,12,Associazione Sportiva Roma,72,8000000.0,8000000.0,1.0,1.0,1.0,same_club
1093,Mattia Perin,ITA,2015-16,Genoa,GK,25,2250,0,0,0,0,1,0.0,0.0,0.017,2.003,1.986,2,0,110923,Mattia Perin,1992-11-10,22.81,188.0,right,Goalkeeper,Goalkeeper,Italy,Italy,25,2250,0,0,252,Genoa CFC,2250,17500000.0,17500000.0,1.0,1.0,1.0,same_club
1094,Nicolas Burdisso,ITA,2015-16,Genoa,D,28,2446,0,0,0,10,3,0.391,0.391,0.073,3.162,3.034,7,0,3417,Nicolás Burdisso,1981-04-12,34.39,183.0,right,Defender,Centre-Back,Argentina,Argentina,28,2447,0,0,252,Genoa CFC,2567,500000.0,400000.0,1.0,1.0,1.0,same_club
1095,Ezequiel Muñoz,ITA,2015-16,Genoa,D S,18,1410,0,0,0,8,1,0.915,0.915,0.508,1.937,1.887,7,0,75127,Ezequiel Muñoz,1990-10-08,24.9,185.0,right,Defender,Centre-Back,Argentina,Argentina,18,1405,0,0,252,Genoa CFC,1405,4000000.0,3500000.0,0.999,1.0,0.996,same_club
1096,Armando Izzo,ITA,2015-16,Genoa,D M S,33,2659,0,0,1,15,10,1.221,1.221,0.699,5.952,5.518,6,2,32113,Armando Izzo,1992-03-02,23.5,183.0,right,Defender,Centre-Back,Italy,Italy,33,2660,0,0,252,Genoa CFC,2711,2000000.0,2000000.0,1.0,1.0,1.0,same_club
1097,Edenilson,ITA,2015-16,Udinese,D F M S,29,2220,0,0,0,12,21,0.743,0.743,2.421,5.012,3.062,3,0,169052,Edenilson,1989-12-18,25.7,175.0,right,Midfield,Central Midfield,Brazil,Brazil,29,2207,0,0,410,Udinese Calcio,2297,3000000.0,3000000.0,0.998,1.0,0.994,same_club
1103,Nicola Ninkovic,ITA,2015-16,Chievo,S,1,4,0,0,0,0,0,0.0,0.0,0.0,0.01,0.01,0,0,168944,Nikola Ninkovic,1994-12-19,20.7,182.0,right,Midfield,Attacking Midfield,Serbia,Yugoslavia (Republic),1,7,0,0,862,Chievo Verona,390,1500000.0,1000000.0,0.96,0.95,0.967,same_club
1105,Riccardo Fiamozzi,ITA,2015-16,Genoa,D M S,8,473,0,0,0,0,3,0.0,0.0,0.399,1.306,0.979,1,0,197745,Riccardo Fiamozzi,1993-05-18,22.29,175.0,right,Defender,Right-Back,Italy,Italy,8,478,0,0,252,Genoa CFC,478,450000.0,450000.0,0.997,1.0,0.99,same_club
1106,Darko Lazovic,ITA,2015-16,Genoa,F S,15,645,0,0,2,17,13,1.572,1.572,2.221,3.124,0.324,0,0,70411,Darko Lazović,1990-09-15,24.96,181.0,right,Midfield,Left Midfield,Serbia,Jugoslawien (SFR),15,649,0,2,252,Genoa CFC,679,3000000.0,2400000.0,0.998,1.0,0.994,same_club
1107,Santiago Gentiletti,ITA,2015-16,Lazio,D,19,1710,0,0,0,9,3,0.836,0.836,0.166,4.259,4.24,10,0,30782,Santiago Gentiletti,1985-01-09,30.64,182.0,left,Defender,Centre-Back,Argentina,Argentina,19,1710,0,0,398,Società Sportiva Lazio S.p.A.,2216,1800000.0,1500000.0,1.0,1.0,1.0,same_club
1111,Olivier Ntcham,ITA,2015-16,Genoa,F M S,17,998,0,0,1,23,19,0.754,0.754,1.478,3.18,1.805,2,0,224088,Olivier Ntcham,1996-02-09,19.56,180.0,right,Midfield,Central Midfield,Cameroon,France,17,996,0,1,252,Genoa CFC,1086,500000.0,1500000.0,0.999,1.0,0.998,same_club
1112,Isaac Cofie,ITA,2015-16,Carpi,M S,29,2163,0,0,1,23,13,1.196,1.196,0.844,4.947,3.548,7,0,99327,Isaac Cofie,1991-09-20,23.95,184.0,right,Midfield,Defensive Midfield,Ghana,Ghana,29,2151,0,1,4102,AC Carpi,2212,2000000.0,1800000.0,0.998,1.0,0.994,same_club
1113,Eugenio Lamanna,ITA,2015-16,Genoa,GK,13,1170,0,0,0,0,1,0.0,0.0,0.017,0.205,0.188,0,0,85240,Eugenio Lamanna,1989-08-07,26.07,187.0,right,Goalkeeper,Goalkeeper,Italy,Italy,13,1170,0,0,252,Genoa CFC,1290,2000000.0,2000000.0,1.0,1.0,1.0,same_club
1115,Goran Pandev,ITA,2015-16,Genoa,F S,15,820,0,0,0,17,14,2.445,2.445,0.549,3.669,0.867,0,1,12563,Goran Pandev,1983-07-27,32.1,184.0,left,Attack,Second Striker,North Macedonia,Jugoslawien (SFR),15,830,0,0,252,Genoa CFC,881,2000000.0,1000000.0,0.996,1.0,0.988,same_club
1116,Gianluigi Donnarumma,ITA,2015-16,AC Milan,GK,30,2628,0,0,0,0,0,0.0,0.0,0.0,1.439,1.439,3,0,315858,Gianluigi Donnarumma,1999-02-25,16.51,196.0,right,Goalkeeper,Goalkeeper,Italy,Italy,30,2629,0,0,5,AC Milan,2749,500000.0,8000000.0,1.0,1.0,1.0,same_club
1117,Andrea Poli,ITA,2015-16,AC Milan,M S,18,560,0,0,1,5,8,0.171,0.171,0.558,1.293,0.675,1,0,44834,Andrea Poli,1989-09-29,25.92,182.0,right,Midfield,Central Midfield,Italy,Italy,18,570,0,1,5,AC Milan,983,7500000.0,5500000.0,0.995,1.0,0.982,same_club
1119,Alessio Romagnoli,ITA,2015-16,AC Milan,D S,34,2942,0,0,0,6,5,0.339,0.339,0.19,4.09,3.907,8,1,197747,Alessio Romagnoli,1995-01-12,20.64,185.0,left,Defender,Centre-Back,Italy,Italy,34,2943,0,0,5,AC Milan,3513,8500000.0,18000000.0,1.0,1.0,1.0,same_club
1120,Mattia De Sciglio,ITA,2015-16,AC Milan,D M S,22,1846,0,0,1,13,17,0.238,0.238,0.938,3.207,2.519,3,0,88682,Mattia De Sciglio,1992-10-20,22.86,183.0,right,Defender,Right-Back,Italy,Italy,22,1842,0,0,5,AC Milan,2532,7500000.0,5000000.0,0.999,1.0,0.998,same_club
1122,Manuel Locatelli,ITA,2015-16,AC Milan,M S,2,91,0,0,0,0,0,0.0,0.0,0.0,0.258,0.258,1,0,265088,Manuel Locatelli,1998-01-08,17.65,185.0,right,Midfield,Defensive Midfield,Italy,Italy,2,93,0,0,5,AC Milan,93,150000.0,150000.0,0.994,1.0,0.978,same_club
1131,Rodrigo Ely,ITA,2015-16,AC Milan,D S,3,169,0,0,0,2,0,0.281,0.281,0.0,0.021,0.021,1,1,176140,Rodrigo Ely,1993-11-03,21.83,188.0,right,Defender,Centre-Back,Brazil,Brazil,3,171,0,0,5,AC Milan,261,1800000.0,1700000.0,0.996,1.0,0.988,same_club
1132,Gabriel,ITA,2015-16,Napoli,GK,1,90,0,0,0,0,0,0.0,0.0,0.0,0.0,0.0,0,0,79242,Gabriel,1992-09-27,22.93,194.0,right,Goalkeeper,Goalkeeper,Brazil,Brazil,1,90,0,0,6195,SSC Napoli,360,2800000.0,2500000.0,1.0,1.0,1.0,same_club
1138,Orestis Karnezis,ITA,2015-16,Udinese,GK,38,3420,0,0,0,0,0,0.0,0.0,0.0,2.401,2.401,0,0,16408,Orestis Karnezis,1985-07-11,30.14,190.0,right,Goalkeeper,Goalkeeper,Greece,Greece,38,3420,0,0,410,Udinese Calcio,3510,5000000.0,5000000.0,1.0,1.0,1.0,same_club
1139,Silvan Widmer,ITA,2015-16,Udinese,D M S,27,1899,0,0,2,23,17,2.268,2.268,2.216,5.709,2.819,4,0,168989,Silvan Widmer,1993-03-05,22.49,183.0,right,Defender,Right-Back,Switzerland,Switzerland,27,1903,0,3,410,Udinese Calcio,1993,6000000.0,6500000.0,0.999,1.0,0.998,same_club
1140,Danilo,ITA,2015-16,Udinese,D,34,2945,0,0,0,14,4,1.114,1.114,0.517,2.51,2.476,9,2,32816,Danilo,1984-05-10,31.31,185.0,right,Defender,Centre-Back,Brazil,Brazil,34,2947,0,0,410,Udinese Calcio,3148,4700000.0,4500000.0,1.0,1.0,0.999,same_club
1149,Thomas Heurtaux,ITA,2015-16,Udinese,D S,15,1076,0,0,0,2,1,0.037,0.037,0.047,1.734,1.65,4,0,109598,Thomas Heurtaux,1988-07-03,27.16,183.0,right,Defender,Centre-Back,France,France,15,1073,0,0,410,Udinese Calcio,1163,5000000.0,4500000.0,0.999,1.0,0.997,same_club
1151,Emil Hallfredsson,ITA,2015-16,"Udinese,Verona",M S,27,1884,0,0,1,19,25,0.454,0.454,2.054,5.239,3.802,11,0,22673,Emil Hallfredsson,1984-06-29,31.17,185.0,left,Midfield,Central Midfield,Iceland,Iceland,27,1875,0,1,"276,410","Hellas Verona,Udinese Calcio",2112,3200000.0,2000000.0,0.999,1.0,0.995,same_club
1159,Molla Wagué,ITA,2015-16,Udinese,D S,21,1690,0,0,0,11,4,0.848,0.848,0.779,0.936,0.886,5,1,129893,Molla Wagué,1991-02-21,24.53,191.0,right,Defender,Centre-Back,Mali,France,21,1691,0,0,410,Udinese Calcio,1691,1000000.0,2000000.0,1.0,1.0,0.999,same_club
1160,Albano Bizzarri,ITA,2015-16,Chievo,GK,35,3150,0,0,0,0,0,0.0,0.0,0.0,0.958,0.958,2,0,7797,Albano Bizzarri,1977-11-09,37.81,188.0,right,Goalkeeper,Goalkeeper,Argentina,Argentina,35,3150,0,0,862,Chievo Verona,3270,200000.0,200000.0,1.0,1.0,1.0,same_club
1165,Gastón Brugman,ITA,2015-16,Palermo,M S,14,969,0,0,1,16,18,0.557,0.557,1.341,3.617,2.08,2,0,131109,Gastón Brugman,1992-09-07,22.98,175.0,right,Midfield,Defensive Midfield,Uruguay,Uruguay,14,967,0,0,458,Palermo FC,967,1300000.0,1300000.0,0.999,1.0,0.998,same_club
1168,Bryan Cristante,ITA,2015-16,Palermo,M S,4,92,0,0,0,2,0,0.165,0.165,0.0,0.0,0.0,0,0,199248,Bryan Cristante,1995-03-03,20.5,186.0,right,Midfield,Defensive Midfield,Italy,Italy,4,94,0,0,458,Palermo FC,155,4000000.0,3000000.0,0.994,1.0,0.979,same_club
1179,Leandro Castán,ITA,2015-16,Roma,D S,5,381,0,0,0,0,0,0.0,0.0,0.0,0.37,0.37,1,0,54929,Leandro Castán,1986-11-05,28.82,186.0,left,Defender,Centre-Back,Brazil,Brazil,5,381,0,0,12,Associazione Sportiva Roma,501,10000000.0,7000000.0,1.0,1.0,1.0,same_club
1184,Mirko Valdifiori,ITA,2015-16,Napoli,M,6,461,0,0,0,1,10,0.028,0.028,0.577,2.617,2.499,3,0,84903,Mirko Valdifiori,1986-04-21,29.36,185.0,right,Midfield,Defensive Midfield,Italy,Italy,6,458,0,0,6195,SSC Napoli,1253,6000000.0,5000000.0,0.998,1.0,0.993,same_club
1195,Daniele Padelli,ITA,2015-16,Torino,GK,35,3150,0,0,0,0,1,0.0,0.0,0.035,3.606,3.606,3,0,27807,Daniele Padelli,1985-10-25,29.85,191.0,right,Goalkeeper,Goalkeeper,Italy,Italy,35,3150,0,0,416,Torino FC,3150,1700000.0,1400000.0,1.0,1.0,1.0,same_club
1200,Federico Marchetti,ITA,2015-16,Lazio,GK,29,2549,0,0,0,0,1,0.0,0.0,0.049,3.37,3.321,0,0,22318,Federico Marchetti,1983-02-07,32.56,188.0,left,Goalkeeper,Goalkeeper,Italy,Italy,29,2549,0,0,398,Società Sportiva Lazio S.p.A.,3089,7000000.0,4000000.0,1.0,1.0,1.0,same_club
1201,Dusan Basta,ITA,2015-16,Lazio,D S,23,1823,0,0,0,11,10,0.625,0.625,1.056,5.668,4.101,1,0,19694,Dusan Basta,1984-08-18,31.04,183.0,right,Defender,Right-Back,Serbia,Jugoslawien (SFR),23,1815,0,0,398,Società Sportiva Lazio S.p.A.,2285,5500000.0,4500000.0,0.999,1.0,0.996,same_club
1203,Wesley Hoedt,ITA,2015-16,Lazio,D S,25,2048,0,0,0,12,0,0.609,0.609,0.0,2.93,2.879,4,1,253765,Wesley Hoedt,1994-03-06,21.49,193.0,left,Defender,Centre-Back,Netherlands,Netherlands,25,2049,0,0,398,Società Sportiva Lazio S.p.A.,2887,1750000.0,3500000.0,1.0,1.0,1.0,same_club
1204,Patric,ITA,2015-16,Lazio,D S,9,578,0,0,0,3,3,0.087,0.087,0.089,1.701,1.565,2,1,126729,Patric,1993-04-17,22.37,184.0,right,Defender,Centre-Back,Spain,Spain,9,583,0,0,398,Società Sportiva Lazio S.p.A.,583,800000.0,800000.0,0.997,1.0,0.991,same_club
1221,Jacopo Sala,ITA,2015-16,"Sampdoria,Verona",D F M S,23,1684,0,0,1,11,19,0.385,0.385,1.079,3.39,2.358,8,0,96806,Jacopo Sala,1991-12-05,23.74,181.0,right,Midfield,Central Midfield,Italy,Italy,23,1681,0,0,"276,1038","Hellas Verona,UC Sampdoria",1771,2500000.0,2500000.0,0.999,1.0,0.998,same_club
1222,Matías Silvestre,ITA,2015-16,Sampdoria,D S,25,1967,0,0,0,4,1,0.273,0.273,0.033,3.061,3.028,7,0,20003,Matías Silvestre,1984-09-25,30.93,185.0,right,Defender,Centre-Back,Argentina,Argentina,25,1972,0,0,1038,UC Sampdoria,2152,3700000.0,3000000.0,0.999,1.0,0.997,same_club
1223,Milan Skriniar,ITA,2015-16,Sampdoria,D S,3,104,0,0,0,0,0,0.0,0.0,0.0,0.089,0.089,1,1,204069,Milan Škriniar,1995-02-11,20.55,187.0,right,Defender,Centre-Back,Slovakia,Slovakia,3,105,0,0,1038,UC Sampdoria,855,550000.0,600000.0,0.997,1.0,0.99,same_club
1224,Vasco Regini,ITA,2015-16,"Napoli,Sampdoria",D M S,15,1219,0,0,0,8,1,0.437,0.437,0.025,1.837,1.712,2,0,72274,Vasco Regini,1990-09-09,24.98,185.0,left,Defender,Left-Back,Italy,Italy,15,1220,0,0,"1038,6195","UC Sampdoria,SSC Napoli",1341,3000000.0,2700000.0,1.0,1.0,0.999,same_club
1225,Edgar Barreto,ITA,2015-16,Sampdoria,M S,30,2174,0,0,1,18,13,0.884,0.884,0.943,4.923,3.325,3,0,16120,Édgar Barreto,1984-07-15,31.13,180.0,right,Midfield,Central Midfield,Paraguay,Paraguay,30,2166,0,1,1038,UC Sampdoria,2346,5000000.0,3000000.0,0.999,1.0,0.996,same_club
1232,Angelo Palombo,ITA,2015-16,Sampdoria,M S,7,378,0,0,0,1,0,0.011,0.011,0.0,0.045,0.034,0,0,6793,Angelo Palombo,1981-09-25,33.93,177.0,right,Midfield,Defensive Midfield,Italy,Italy,7,381,0,0,1038,UC Sampdoria,440,1000000.0,600000.0,0.998,1.0,0.992,same_club
1241,Pedro Pereira,ITA,2015-16,Sampdoria,D S,9,647,0,0,1,3,2,0.04,0.04,0.67,2.619,1.908,0,0,314965,Pedro Pereira,1998-01-22,17.61,185.0,right,Defender,Right-Back,Portugal,Portugal,9,642,0,1,1038,UC Sampdoria,642,200000.0,1000000.0,0.998,1.0,0.992,same_club
1243,Davide Brivio,ITA,2015-16,Atalanta,D S,14,1005,0,0,0,9,5,0.226,0.226,0.199,1.479,1.321,2,0,38824,Davide Brivio,1988-03-17,27.46,184.0,left,Defender,Left-Back,Italy,Italy,14,1009,0,0,800,Atalanta BC,1166,1500000.0,1500000.0,0.999,1.0,0.996,same_club
1244,Wojciech Szczesny,ITA,2015-16,Roma,GK,34,3060,0,0,0,0,1,0.0,0.0,0.034,5.308,5.274,1,0,44058,Wojciech Szczesny,1990-04-18,25.37,195.0,right,Goalkeeper,Goalkeeper,Poland,Poland,34,3060,0,0,12,Associazione Sportiva Roma,3739,10000000.0,12000000.0,1.0,1.0,1.0,same_club
1247,Juan Jesus,ITA,2015-16,Inter,D S,19,1415,0,0,0,4,9,0.466,0.466,1.22,4.434,3.108,3,0,121985,Juan Jesus,1991-06-10,24.23,185.0,left,Defender,Centre-Back,Brazil,Brazil,19,1415,0,0,46,Inter Milan,1725,11000000.0,9000000.0,1.0,1.0,1.0,same_club
1256,Kevin Strootman,ITA,2015-16,Roma,M S,5,189,0,0,1,2,3,0.132,0.132,0.565,2.882,2.266,1,0,68864,Kevin Strootman,1990-02-13,25.55,186.0,left,Midfield,Central Midfield,Netherlands,Netherlands,5,189,0,1,12,Associazione Sportiva Roma,189,19000000.0,15000000.0,1.0,1.0,1.0,same_club
1263,Josip Posavec,ITA,2015-16,Palermo,GK,1,90,0,0,0,0,0,0.0,0.0,0.0,0.088,0.088,0,0,255322,Josip Posavec,1996-03-10,19.48,190.0,right,Goalkeeper,Goalkeeper,Croatia,Croatia,1,90,0,0,458,Palermo FC,90,,400000.0,1.0,1.0,1.0,same_club
1265,Thiago Cionek,ITA,2015-16,Palermo,D,5,450,0,0,1,1,1,0.046,0.046,0.211,0.907,0.697,2,0,79510,Thiago Cionek,1986-04-21,29.36,183.0,right,Defender,Centre-Back,Poland,Brazil,5,450,0,1,458,Palermo FC,630,800000.0,900000.0,1.0,1.0,1.0,same_club
1266,Sinisa Andjelkovic,ITA,2015-16,Palermo,D S,23,1908,0,0,1,2,2,0.599,0.599,0.491,1.57,1.57,3,1,84622,Sinisa Andjelkovic,1986-02-13,29.55,186.0,right,Defender,Centre-Back,Slovenia,Jugoslawien (SFR),23,1907,0,1,458,Palermo FC,1997,900000.0,800000.0,1.0,1.0,0.999,same_club
1267,Michel Morganella,ITA,2015-16,Palermo,D M S,14,1025,0,0,1,5,4,0.13,0.13,0.478,2.7,2.495,4,1,47544,Michel Morganella,1989-05-17,26.29,183.0,right,Defender,Right-Back,Switzerland,Switzerland,14,1024,0,1,458,Palermo FC,1063,1000000.0,1000000.0,1.0,1.0,0.999,same_club
1269,Alessandro Gazzi,ITA,2015-16,Torino,M S,15,963,0,0,0,1,10,0.034,0.034,0.225,3.995,3.86,4,0,28827,Alessandro Gazzi,1983-01-28,32.59,184.0,left,Midfield,Defensive Midfield,Italy,Italy,15,965,0,0,416,Torino FC,1145,1100000.0,800000.0,0.999,1.0,0.998,same_club
1271,Ivaylo Chochev,ITA,2015-16,Palermo,M S,27,1744,0,0,2,28,11,1.987,1.987,0.958,4.132,1.782,6,0,252767,Ivaylo Chochev,1993-02-18,22.53,188.0,both,Midfield,Central Midfield,Bulgaria,Bulgaria,27,1744,0,2,458,Palermo FC,1795,2500000.0,2500000.0,1.0,1.0,1.0,same_club
1273,Mato Jajalo,ITA,2015-16,Palermo,M S,28,2040,0,0,1,20,19,1.318,1.318,1.605,5.631,4.209,8,0,47513,Mato Jajalo,1988-05-25,27.27,182.0,right,Midfield,Defensive Midfield,Bosnia-Herzegovina,Jugoslawien (SFR),28,2035,0,1,458,Palermo FC,2125,1800000.0,1600000.0,0.999,1.0,0.998,same_club
1274,Andrea Rispoli,ITA,2015-16,Palermo,D M S,22,1422,0,0,4,12,19,0.469,0.469,2.114,4.117,2.083,3,0,74448,Andrea Rispoli,1988-09-29,26.92,188.0,right,Defender,Right-Back,Italy,Italy,22,1422,0,3,458,Palermo FC,1563,1000000.0,800000.0,1.0,1.0,1.0,same_club
1279,Roberto Vitiello,ITA,2015-16,Palermo,D S,10,701,0,0,0,2,1,0.119,0.119,0.076,0.996,0.996,3,1,22217,Roberto Vitiello,1983-05-08,32.32,176.0,right,Defender,Right-Back,Italy,Italy,10,703,0,0,458,Palermo FC,793,500000.0,400000.0,0.999,1.0,0.997,same_club
1281,Giuseppe Pezzella,ITA,2015-16,Palermo,D S,9,595,0,0,0,2,4,0.02,0.02,0.562,1.023,0.827,0,0,336960,Giuseppe Pezzella,1997-11-29,17.75,187.0,left,Defender,Left-Back,Italy,Italy,9,594,0,0,458,Palermo FC,609,225000.0,500000.0,0.999,1.0,0.998,same_club
1285,Gianluigi Buffon,ITA,2015-16,Juventus,GK,35,3150,0,0,0,0,0,0.0,0.0,0.0,3.97,3.97,1,0,5023,Gianluigi Buffon,1978-01-28,37.59,192.0,right,Goalkeeper,Goalkeeper,Italy,Italy,35,3150,0,0,506,Juventus FC,3990,2000000.0,2000000.0,1.0,1.0,1.0,same_club
1297,Neto,ITA,2015-16,Juventus,GK,3,270,0,0,0,0,0,0.0,0.0,0.0,0.12,0.12,0,0,111819,Neto,1989-07-19,26.12,190.0,right,Goalkeeper,Goalkeeper,Brazil,Brazil,3,270,0,0,506,Juventus FC,780,9000000.0,7000000.0,1.0,1.0,1.0,same_club
1300,Claudio Marchisio,ITA,2015-16,Juventus,M,23,1930,0,0,2,26,22,0.672,0.672,1.309,8.444,7.295,8,0,44716,Claudio Marchisio,1986-01-19,29.62,180.0,right,Midfield,Central Midfield,Italy,Italy,23,1930,0,2,506,Juventus FC,2692,30000000.0,30000000.0,1.0,1.0,1.0,same_club
1301,Daniele Rugani,ITA,2015-16,Juventus,D S,17,1158,0,0,0,3,1,0.17,0.17,0.087,4.046,3.951,2,0,162959,Daniele Rugani,1994-07-29,21.09,190.0,right,Defender,Centre-Back,Italy,Italy,17,1161,0,0,506,Juventus FC,1493,10000000.0,10000000.0,0.999,1.0,0.997,same_club
1303,Stephan Lichtsteiner,ITA,2015-16,Juventus,D S,26,1841,0,0,1,16,18,1.207,1.207,2.79,9.449,5.824,5,0,2865,Stephan Lichtsteiner,1984-01-16,31.62,182.0,right,Defender,Right-Back,Switzerland,Switzerland,26,1834,0,1,506,Juventus FC,2782,11000000.0,6000000.0,0.999,1.0,0.996,same_club
1305,Lukasz Skorupski,ITA,2015-16,Empoli,GK,31,2790,0,0,0,1,0,0.112,0.112,0.0,2.177,2.177,2,0,80894,Lukasz Skorupski,1991-05-05,24.33,188.0,right,Goalkeeper,Goalkeeper,Poland,Poland,31,2790,0,0,749,FC Empoli,2880,1500000.0,2500000.0,1.0,1.0,1.0,same_club
1309,Manuel Pasqual,ITA,2015-16,Fiorentina,D M S,17,1032,0,0,2,4,22,0.198,0.198,2.252,4.072,2.7,5,0,23284,Manuel Pasqual,1982-03-13,33.47,178.0,left,Defender,Left-Back,Italy,Italy,17,1031,0,2,430,ACF Fiorentina,1267,1500000.0,1000000.0,1.0,1.0,0.999,same_club
1310,José Mauri,ITA,2015-16,AC Milan,M S,5,245,0,0,0,7,5,0.299,0.299,0.152,0.551,0.177,2,0,240958,José Mauri,1996-05-16,19.29,169.0,right,Midfield,Central Midfield,Italy,Argentina,5,246,0,0,5,AC Milan,472,6000000.0,4500000.0,0.999,1.0,0.996,same_club
1312,Daniele Croce,ITA,2015-16,Empoli,M S,28,1788,0,0,1,12,17,0.776,0.776,1.968,4.586,2.79,3,0,22749,Daniele Croce,1982-09-09,32.98,173.0,right,Midfield,Central Midfield,Italy,Italy,28,1788,0,1,749,FC Empoli,1827,500000.0,500000.0,1.0,1.0,1.0,same_club
1319,Levan Mchedlidze,ITA,2015-16,Empoli,F S,13,300,0,0,0,12,3,0.64,0.64,0.174,1.745,1.075,2,1,56912,Levan Mchedlidze,1990-03-24,25.44,192.0,left,Attack,Centre-Forward,Georgia,UdSSR,13,310,0,0,749,FC Empoli,335,600000.0,600000.0,0.99,1.0,0.968,same_club
1320,Federico Barba,ITA,2015-16,Empoli,D,10,891,0,0,1,3,1,0.186,0.186,0.041,0.844,0.831,3,0,165873,Federico Barba,1993-09-01,22.0,187.0,left,Defender,Centre-Back,Italy,Italy,10,890,0,0,749,FC Empoli,1121,2000000.0,1800000.0,0.996,1.0,0.986,same_club
1320,Federico Barba,ITA,2015-16,Empoli,D,10,891,0,0,1,3,1,0.186,0.186,0.041,0.844,0.831,3,0,165873,Federico Barba,1993-09-01,22.0,187.0,left,Defender,Centre-Back,Italy,Italy,10,890,0,0,749,FC Empoli,1121,2000000.0,1800000.0,1.0,1.0,0.999,same_club
1321,Alberto Pelagotti,ITA,2015-16,Empoli,GK,6,540,0,0,0,0,0,0.0,0.0,0.0,0.622,0.622,0,0,56921,Alberto Pelagotti,1989-03-09,26.48,186.0,right,Goalkeeper,Goalkeeper,Italy,Italy,6,540,0,0,749,FC Empoli,540,250000.0,250000.0,1.0,1.0,1.0,same_club
1322,Raffaele Maiello,ITA,2015-16,Empoli,M S,12,466,0,0,0,4,8,0.081,0.081,0.359,1.4,1.093,1,0,140559,Raffaele Maiello,1991-07-10,24.15,177.0,right,Midfield,Defensive Midfield,Italy,Italy,12,466,0,0,749,FC Empoli,466,1500000.0,1300000.0,1.0,1.0,1.0,same_club
1323,Marco Zambelli,ITA,2015-16,Empoli,D S,19,1246,0,0,0,0,3,0.0,0.0,0.219,2.701,2.502,3,0,28031,Marco Zambelli,1985-08-22,30.03,180.0,right,Defender,Right-Back,Italy,Italy,18,1224,0,0,749,FC Empoli,1224,900000.0,800000.0,0.995,1.0,0.982,same_club
1326,Assane Diousse,ITA,2015-16,Empoli,M S,15,825,0,0,0,5,3,0.08,0.08,0.046,2.081,2.026,2,1,287635,Assane Dioussé,1997-09-20,17.95,175.0,left,Midfield,Defensive Midfield,Senegal,Senegal,15,818,0,0,749,FC Empoli,908,400000.0,4500000.0,0.997,1.0,0.992,same_club
1328,Stefano Sorrentino,ITA,2015-16,Palermo,GK,35,3097,0,0,0,0,1,0.0,0.0,0.034,0.853,0.818,1,0,21891,Stefano Sorrentino,1979-03-28,36.43,186.0,right,Goalkeeper,Goalkeeper,Italy,Italy,35,3096,0,0,458,Palermo FC,3186,800000.0,800000.0,1.0,1.0,1.0,same_club
1330,Alessandro Gamberini,ITA,2015-16,Chievo,D,22,1816,0,0,1,3,3,0.234,0.234,0.242,1.301,1.301,1,0,16868,Alessandro Gamberini,1981-08-27,34.01,185.0,right,Defender,Centre-Back,Italy,Italy,22,1813,0,1,862,Chievo Verona,1897,500000.0,500000.0,1.0,1.0,0.998,same_club
1332,Massimo Gobbi,ITA,2015-16,Chievo,D S,34,2782,0,0,1,13,17,0.461,0.461,0.886,6.982,6.266,7,0,28020,Massimo Gobbi,1980-10-31,34.83,183.0,left,Defender,Left-Back,Italy,Italy,34,2784,0,1,862,Chievo Verona,2904,100000.0,100000.0,1.0,1.0,0.999,same_club
1341,Ivan Radovanovic,ITA,2015-16,Chievo,M S,26,2076,0,0,0,18,9,0.372,0.372,0.44,3.632,3.322,9,0,46105,Ivan Radovanovic,1988-08-29,27.01,187.0,right,Midfield,Defensive Midfield,Serbia,Jugoslawien (SFR),26,2081,0,0,862,Chievo Verona,2148,1200000.0,2000000.0,0.999,1.0,0.998,same_club
1342,Nicolás Spolli,ITA,2015-16,"Carpi,Chievo",D S,14,1094,0,0,0,3,1,0.247,0.247,0.013,0.254,0.241,5,1,51186,Nicolás Spolli,1983-02-20,32.53,193.0,right,Defender,Centre-Back,Argentina,Argentina,14,1096,0,0,"862,4102","Chievo Verona,AC Carpi",1102,2000000.0,1000000.0,0.999,1.0,0.998,same_club
1344,Nicolas Frey,ITA,2015-16,Chievo,D S,19,1486,0,0,0,1,3,0.039,0.039,0.096,0.997,0.901,3,0,38591,Nicolas Frey,1984-03-06,31.49,184.0,right,Defender,Right-Back,France,France,19,1483,0,0,862,Chievo Verona,1603,800000.0,700000.0,0.999,1.0,0.998,same_club
1345,Andrea Seculin,ITA,2015-16,Chievo,GK,3,270,0,0,0,0,0,0.0,0.0,0.0,0.021,0.021,0,0,85380,Andrea Seculin,1990-07-14,25.13,190.0,right,Goalkeeper,Goalkeeper,Italy,Italy,3,270,0,0,862,Chievo Verona,270,400000.0,400000.0,1.0,1.0,1.0,same_club
1352,Aleandro Rosi,ITA,2015-16,Frosinone,D S,27,2161,0,0,0,15,14,0.614,0.614,1.002,4.082,3.143,6,0,34239,Aleandro Rosi,1987-05-17,28.29,180.0,right,Defender,Right-Back,Italy,Italy,27,2162,0,0,8970,Frosinone Calcio,2282,500000.0,800000.0,1.0,1.0,1.0,same_club
1356,Lorenzo Crisetig,ITA,2015-16,Bologna,M S,5,355,0,0,0,1,2,0.011,0.011,0.028,0.104,0.093,1,0,110928,Lorenzo Crisetig,1993-01-20,22.61,184.0,left,Midfield,Defensive Midfield,Italy,Italy,5,353,0,0,1025,Bologna Football Club 1909,443,4000000.0,3500000.0,0.998,1.0,0.994,same_club
1359,Aleksandar Tonev,ITA,2015-16,Frosinone,F M S,22,1073,0,0,1,31,10,1.124,1.124,1.109,1.395,0.424,2,0,87282,Aleksandar Tonev,1990-02-03,25.57,178.0,both,Attack,Left Winger,Bulgaria,Bulgaria,22,1081,0,1,8970,Frosinone Calcio,1081,1000000.0,900000.0,0.998,1.0,0.993,same_club
1365,Djamel Mesbah,ITA,2015-16,Sampdoria,D S,7,583,0,0,0,2,3,0.039,0.039,0.474,1.69,1.176,2,0,17735,Djamel Mesbah,1984-10-09,30.89,180.0,left,Defender,Left-Back,Algeria,Algeria,7,585,0,0,1038,UC Sampdoria,607,500000.0,500000.0,0.999,1.0,0.997,same_club
1374,José Reina,ITA,2015-16,Napoli,GK,37,3330,0,0,0,0,1,0.0,0.0,0.26,6.209,5.949,1,0,7825,Pepe Reina,1982-08-31,33.0,188.0,right,Goalkeeper,Goalkeeper,Spain,Spain,37,3330,0,0,6195,SSC Napoli,3960,3000000.0,3000000.0,0.97,0.95,1.0,same_club
1375,Elseid Hysaj,ITA,2015-16,Napoli,D,37,3286,0,0,2,11,26,0.358,0.358,3.141,16.075,15.009,5,0,200056,Elseid Hysaj,1994-02-02,21.58,182.0,right,Defender,Right-Back,Albania,Albania,37,3284,0,2,6195,SSC Napoli,3686,4500000.0,12000000.0,1.0,1.0,0.999,same_club
1376,Kalidou Koulibaly,ITA,2015-16,Napoli,D S,33,2889,0,0,0,5,9,0.352,0.352,0.372,12.453,12.205,11,0,93128,Kalidou Koulibaly,1991-06-20,24.2,186.0,right,Defender,Centre-Back,Senegal,France,33,2888,0,1,6195,SSC Napoli,3676,9000000.0,20000000.0,1.0,1.0,1.0,same_club
1377,Nikola Maksimovic,ITA,2015-16,Torino,D,16,1440,0,0,1,2,17,0.16,0.16,1.206,5.237,4.452,3,0,124715,Nikola Maksimović,1991-11-25,23.77,193.0,right,Defender,Centre-Back,Serbia,Jugoslawien (SFR),16,1440,0,1,416,Torino FC,1440,4000000.0,7000000.0,1.0,1.0,1.0,same_club
1378,Ivan Strinic,ITA,2015-16,Napoli,D S,5,249,0,0,0,3,1,0.077,0.077,0.016,1.808,1.767,0,0,39799,Ivan Strinic,1987-07-17,28.13,186.0,left,Defender,Left-Back,Croatia,Jugoslawien (SFR),5,253,0,0,6195,SSC Napoli,845,6500000.0,4500000.0,0.995,1.0,0.984,same_club
1380,Amadou Diawara,ITA,2015-16,Bologna,M S,34,2728,0,0,1,20,22,0.393,0.393,0.878,7.017,5.929,9,2,355501,Amadou Diawara,1997-07-17,18.12,183.0,right,Midfield,Defensive Midfield,Guinea,Guinea,34,2735,0,1,1025,Bologna Football Club 1909,2780,400000.0,9000000.0,0.999,1.0,0.997,same_club
1387,Faouzi Ghoulam,ITA,2015-16,Napoli,D S,34,2920,0,0,3,22,32,0.615,0.615,2.638,16.643,14.431,3,0,126656,Faouzi Ghoulam,1991-02-01,24.58,184.0,left,Defender,Left-Back,Algeria,France,34,2916,0,2,6195,SSC Napoli,3190,7000000.0,11000000.0,1.0,1.0,0.999,same_club
1389,Jorginho,ITA,2015-16,Napoli,M S,35,2911,0,0,4,6,65,0.118,0.118,5.603,22.868,21.752,10,1,102017,Jorginho,1991-12-20,23.7,180.0,right,Midfield,Defensive Midfield,Italy,Brazil,35,2913,0,4,6195,SSC Napoli,3043,9000000.0,18000000.0,1.0,1.0,0.999,same_club
1391,Christian Maggio,ITA,2015-16,Napoli,D S,8,390,0,0,0,1,2,0.023,0.023,0.136,0.804,0.777,0,0,21151,Christian Maggio,1982-02-11,33.55,184.0,right,Defender,Right-Back,Italy,Italy,8,393,0,0,6195,SSC Napoli,959,1500000.0,1000000.0,0.998,1.0,0.992,same_club
1402,Mauricio Isla,ITA,2015-16,Juventus,S,1,9,0,0,0,0,1,0.0,0.0,0.07,0.07,0.07,0,0,43722,Mauricio Isla,1988-06-12,27.22,176.0,right,Defender,Right-Back,Chile,Chile,1,9,0,0,506,Juventus FC,2480,9000000.0,6000000.0,1.0,1.0,0.999,same_club
1402,Mauricio Isla,ITA,2015-16,Juventus,S,1,9,0,0,0,0,1,0.0,0.0,0.07,0.07,0.07,0,0,43722,Mauricio Isla,1988-06-12,27.22,176.0,right,Defender,Right-Back,Chile,Chile,1,9,0,0,506,Juventus FC,2480,9000000.0,6000000.0,1.0,1.0,1.0,same_club
1410,Rafael,ITA,2015-16,Verona,GK,12,1008,0,0,0,0,0,0.0,0.0,0.0,0.399,0.399,0,1,84467,Rafael,1982-03-03,33.5,187.0,right,Goalkeeper,Goalkeeper,Brazil,Brazil,12,1010,0,0,276,Hellas Verona,1100,2000000.0,600000.0,0.999,1.0,0.998,same_club
1415,Luca Bittante,ITA,2015-16,Empoli,D S,16,509,0,0,0,2,3,0.034,0.034,0.45,1.975,1.607,0,0,163062,Luca Bittante,1993-08-14,22.05,184.0,right,Defender,Right-Back,Italy,Italy,16,515,0,0,749,FC Empoli,533,1300000.0,1100000.0,0.997,1.0,0.988,same_club
1416,Ciprian Tatarusanu,ITA,2015-16,Fiorentina,GK,37,3312,0,0,0,0,0,0.0,0.0,0.0,3.315,3.315,2,0,55282,Ciprian Tatarusanu,1986-02-09,29.56,198.0,right,Goalkeeper,Goalkeeper,Romania,Romania,37,3311,0,0,430,ACF Fiorentina,3491,3000000.0,5000000.0,1.0,1.0,1.0,same_club
1419,Davide Astori,ITA,2015-16,Fiorentina,D S,33,2901,0,0,0,12,8,0.596,0.596,0.753,9.04,8.883,5,0,87210,Davide Astori,1987-01-07,28.65,189.0,left,Defender,Centre-Back,Italy,Italy,33,2901,0,0,430,ACF Fiorentina,3689,6000000.0,7500000.0,1.0,1.0,1.0,same_club
1432,Luca Lezzerini,ITA,2015-16,Fiorentina,GK S,2,108,0,0,0,0,0,0.0,0.0,0.0,0.101,0.101,0,0,135747,Luca Lezzerini,1995-03-24,20.44,195.0,right,Goalkeeper,Goalkeeper,Italy,Italy,2,109,0,0,430,ACF Fiorentina,109,250000.0,300000.0,0.997,1.0,0.991,same_club
1435,Nenad Tomovic,ITA,2015-16,Fiorentina,D S,24,1669,0,0,0,6,8,0.5,0.5,0.392,5.23,5.055,5,0,47085,Nenad Tomovic,1987-08-30,28.01,183.0,right,Defender,Centre-Back,Serbia,Jugoslawien (SFR),24,1672,0,0,430,ACF Fiorentina,2381,5000000.0,5500000.0,0.999,1.0,0.998,same_club
1437,Ângelo Da Costa,ITA,2015-16,Bologna,GK,5,450,0,0,0,0,1,0.0,0.0,0.1,0.139,0.04,1,0,82693,Angelo da Costa,1983-11-12,31.8,186.0,right,Goalkeeper,Goalkeeper,Brazil,Brazil,5,450,0,0,1025,Bologna Football Club 1909,450,600000.0,500000.0,1.0,1.0,1.0,same_club
1438,Vasilis Torosidis,ITA,2015-16,Roma,D S,11,570,0,0,0,2,4,0.131,0.131,0.248,2.864,2.8,2,0,24977,Vasilios Torosidis,1985-06-10,30.23,186.0,right,Defender,Right-Back,Greece,Greece,11,574,0,0,12,Associazione Sportiva Roma,728,4500000.0,3000000.0,0.981,0.971,0.993,same_club
1439,Domenico Maietta,ITA,2015-16,Bologna,D S,19,1565,0,0,0,1,1,0.044,0.044,0.031,1.983,1.983,4,0,22140,Domenico Maietta,1982-08-03,33.08,185.0,right,Defender,Centre-Back,Italy,Italy,19,1563,0,0,1025,Bologna Football Club 1909,1563,500000.0,400000.0,1.0,1.0,0.999,same_club
1442,Saphir Taïder,ITA,2015-16,Bologna,M S,29,2113,0,0,1,33,20,1.571,1.571,1.413,6.837,5.072,4,0,144779,Saphir Taïder,1992-02-29,23.5,180.0,right,Midfield,Central Midfield,Algeria,France,29,2111,0,0,1025,Bologna Football Club 1909,2111,6000000.0,5000000.0,1.0,1.0,0.999,same_club
1448,Erick Pulgar,ITA,2015-16,Bologna,M S,11,618,0,0,0,6,2,0.146,0.146,0.046,0.619,0.469,2,0,215616,Erick Pulgar,1994-01-15,21.63,188.0,right,Midfield,Defensive Midfield,Chile,Chile,13,684,0,0,1025,Bologna Football Club 1909,684,2000000.0,2000000.0,0.971,1.0,0.904,same_club
1453,Marios Oikonomou,ITA,2015-16,Bologna,D S,20,1616,0,0,1,4,2,0.826,0.826,0.084,1.991,1.991,5,1,174488,Marios Ikonomou,1992-10-06,22.9,189.0,right,Defender,Centre-Back,Greece,Greece,20,1617,0,1,1025,Bologna Football Club 1909,1707,1700000.0,2500000.0,0.928,0.88,0.999,same_club
1454,Alex Ferrari,ITA,2015-16,Bologna,D S,21,1250,0,0,0,7,3,0.607,0.607,0.475,2.971,2.416,6,0,197491,Alex Ferrari,1994-07-01,21.17,191.0,right,Defender,Centre-Back,Italy,Italy,21,1255,0,0,1025,Bologna Football Club 1909,1300,200000.0,800000.0,0.999,1.0,0.996,same_club
1457,Luca Rizzo,ITA,2015-16,Bologna,F M S,23,1431,0,0,2,16,15,1.166,1.166,1.475,3.346,1.431,2,1,167895,Luca Rizzo,1992-04-24,23.35,188.0,right,Midfield,Central Midfield,Italy,Italy,23,1426,0,3,1025,Bologna Football Club 1909,1471,1800000.0,3500000.0,0.999,1.0,0.997,same_club
1458,Ibrahima Mbaye,ITA,2015-16,Bologna,D F S,15,985,0,0,0,5,2,0.216,0.216,0.083,1.611,1.56,3,1,207715,Ibrahima Mbaye,1994-11-19,20.78,188.0,right,Defender,Right-Back,Senegal,Senegal,15,978,0,0,1025,Bologna Football Club 1909,1023,4000000.0,3200000.0,0.998,1.0,0.993,same_club
1460,Andrea Consigli,ITA,2015-16,Sassuolo,GK,37,3268,0,0,0,0,0,0.0,0.0,0.0,2.797,2.797,3,1,35865,Andrea Consigli,1987-01-27,28.59,189.0,right,Goalkeeper,Goalkeeper,Italy,Italy,37,3269,0,0,6574,US Sassuolo,3359,7000000.0,7000000.0,1.0,1.0,1.0,same_club
1462,Paolo Cannavaro,ITA,2015-16,Sassuolo,D S,31,2644,0,0,1,4,5,0.08,0.08,0.108,3.565,3.467,8,0,5858,Paolo Cannavaro,1981-06-26,34.18,185.0,right,Defender,Centre-Back,Italy,Italy,31,2642,0,2,6574,US Sassuolo,2732,600000.0,600000.0,1.0,1.0,0.999,same_club
1467,Davide Biondini,ITA,2015-16,Sassuolo,M S,22,1112,0,0,0,7,9,0.414,0.414,0.974,2.657,1.696,3,0,22186,Davide Biondini,1983-01-24,32.6,180.0,right,Midfield,Central Midfield,Italy,Italy,22,1107,0,0,6574,US Sassuolo,1197,750000.0,600000.0,0.999,1.0,0.996,same_club
1475,Claud Adjapong,ITA,2015-16,Sassuolo,S,2,17,0,0,0,0,0,0.0,0.0,0.0,0.0,0.0,0,0,337716,Claud Adjapong,1998-05-06,17.32,180.0,right,Defender,Right-Back,Italy,Italy,2,18,0,0,6574,US Sassuolo,18,175000.0,300000.0,0.997,1.0,0.989,same_club
1478,Marcello Gazzola,ITA,2015-16,Sassuolo,D S,9,472,0,0,1,2,1,0.16,0.16,0.513,1.142,0.558,1,0,57643,Marcello Gazzola,1985-04-03,30.41,183.0,right,Defender,Right-Back,Italy,Italy,9,474,0,1,6574,US Sassuolo,564,500000.0,400000.0,0.999,1.0,0.996,same_club
1480,Gianluca Pegolo,ITA,2015-16,Sassuolo,GK S,2,150,0,0,0,0,0,0.0,0.0,0.0,0.0,0.0,1,0,21872,Gianluca Pegolo,1981-03-25,34.44,183.0,left,Goalkeeper,Goalkeeper,Italy,Italy,2,150,0,0,6574,US Sassuolo,240,800000.0,700000.0,1.0,1.0,1.0,same_club
1482,Luca Antei,ITA,2015-16,Sassuolo,D S,5,341,0,0,1,0,1,0.0,0.0,0.527,0.39,0.39,2,0,146743,Luca Antei,1992-04-19,23.37,186.0,right,Defender,Centre-Back,Italy,Italy,5,342,0,1,6574,US Sassuolo,342,1800000.0,1600000.0,0.999,1.0,0.997,same_club
1483,Etrit Berisha,ITA,2015-16,Lazio,GK S,11,871,0,0,0,0,0,0.0,0.0,0.0,1.486,1.486,1,0,77825,Etrit Berisha,1989-03-10,26.48,195.0,left,Goalkeeper,Goalkeeper,Albania,Jugoslawien (SFR),11,871,0,0,398,Società Sportiva Lazio S.p.A.,1681,3000000.0,4000000.0,1.0,1.0,1.0,same_club
1485,Andrea Masiello,ITA,2015-16,Atalanta,D S,29,2402,0,0,1,4,11,0.164,0.164,0.449,2.762,2.469,7,0,34198,Andrea Masiello,1986-02-05,29.57,184.0,right,Defender,Centre-Back,Italy,Italy,29,2399,0,1,800,Atalanta BC,2579,800000.0,800000.0,1.0,1.0,0.999,same_club
1490,Boukary Dramé,ITA,2015-16,Atalanta,D M,25,2054,0,0,0,17,16,1.504,1.504,1.132,5.319,3.52,1,1,33442,Boukary Dramé,1985-07-22,30.11,180.0,left,Defender,Left-Back,Senegal,France,25,2054,0,1,800,Atalanta BC,2054,2200000.0,2200000.0,1.0,1.0,1.0,same_club
1495,Abdoulay Konko,ITA,2015-16,Lazio,D S,18,1528,0,0,0,13,9,0.656,0.656,0.43,4.18,3.387,3,0,22139,Abdoulay Konko,1984-03-09,31.48,184.0,right,Defender,Right-Back,France,France,18,1530,0,0,398,Società Sportiva Lazio S.p.A.,2435,1000000.0,900000.0,1.0,1.0,0.999,same_club
1496,Roberto Gagliardini,ITA,2015-16,Atalanta,M,1,82,0,0,0,2,1,0.087,0.087,0.019,0.153,0.08,0,0,197471,Roberto Gagliardini,1994-04-07,21.4,188.0,right,Midfield,Central Midfield,Italy,Italy,1,82,0,0,800,Atalanta BC,343,700000.0,700000.0,1.0,1.0,1.0,same_club
1499,Cristian Raimondi,ITA,2015-16,Atalanta,D F S,18,721,0,0,0,6,3,0.561,0.561,0.052,1.1,0.731,4,0,22249,Cristian Raimondi,1981-04-30,34.34,182.0,right,Midfield,Right Midfield,Italy,Italy,18,738,0,0,800,Atalanta BC,873,200000.0,100000.0,0.993,1.0,0.977,same_club
1501,Marco Sportiello,ITA,2015-16,Atalanta,GK,36,3240,0,0,0,0,2,0.0,0.0,0.061,1.999,1.961,2,0,199976,Marco Sportiello,1992-05-10,23.31,192.0,right,Goalkeeper,Goalkeeper,Italy,Italy,36,3240,0,0,800,Atalanta BC,3330,6000000.0,8000000.0,1.0,1.0,1.0,same_club
1503,Giulio Migliaccio,ITA,2015-16,Atalanta,M S,17,499,0,0,0,3,4,0.16,0.16,0.211,2.457,2.383,2,0,21756,Giulio Migliaccio,1981-06-23,34.19,180.0,right,Midfield,Central Midfield,Italy,Italy,18,525,0,0,800,Atalanta BC,535,400000.0,300000.0,0.985,1.0,0.95,same_club
1504,Alberto Grassi,ITA,2015-16,Atalanta,M,13,996,0,0,0,15,8,1.038,1.038,0.58,1.827,0.771,4,1,197473,Alberto Grassi,1995-03-07,20.49,183.0,right,Midfield,Defensive Midfield,Italy,Italy,13,983,0,0,800,Atalanta BC,1073,400000.0,4000000.0,0.996,1.0,0.987,same_club
1505,Samir Handanovic,ITA,2015-16,Inter,GK,36,3240,0,0,0,0,0,0.0,0.0,0.0,3.357,3.357,5,0,28021,Samir Handanovic,1984-07-14,31.13,193.0,right,Goalkeeper,Goalkeeper,,,36,3240,0,0,46,Inter Milan,3420,15000000.0,15000000.0,1.0,1.0,1.0,same_club
1506,Yuto Nagatomo,ITA,2015-16,Inter,D S,22,1647,0,0,0,7,10,0.194,0.194,1.434,5.187,3.847,4,2,79522,Yuto Nagatomo,1986-09-12,28.97,170.0,both,Defender,Left-Back,Japan,Japan,22,1649,0,0,46,Inter Milan,2039,7500000.0,6000000.0,1.0,1.0,0.999,same_club
1509,Davide Santon,ITA,2015-16,Inter,D S,12,983,0,0,1,3,5,0.108,0.108,0.715,2.358,2.245,1,0,84344,Davide Santon,1991-01-02,24.66,187.0,right,Defender,Left-Back,Italy,Italy,12,978,0,1,46,Inter Milan,1098,7000000.0,7000000.0,0.998,1.0,0.995,same_club
1515,Cristian Ansaldi,ITA,2015-16,Genoa,D M S,24,2014,0,0,4,13,24,0.52,0.52,2.375,5.257,3.816,4,0,55854,Cristian Ansaldi,1986-09-20,28.95,181.0,both,Defender,Left-Back,Argentina,Argentina,24,2013,0,4,252,Genoa CFC,2134,6000000.0,6000000.0,1.0,1.0,1.0,same_club
1519,Juan Pablo Carrizo,ITA,2015-16,Inter,GK,2,163,0,0,0,0,0,0.0,0.0,0.0,0.15,0.15,0,0,39118,Juan Pablo Carrizo,1984-05-06,31.32,189.0,right,Goalkeeper,Goalkeeper,Argentina,Argentina,2,162,0,0,46,Inter Milan,372,500000.0,500000.0,0.998,1.0,0.994,same_club
1522,Andrea Ranocchia,ITA,2015-16,"Inter,Sampdoria",D S,24,1346,0,0,0,8,6,0.832,0.832,0.189,1.961,1.895,5,1,44327,Andrea Ranocchia,1988-02-16,27.54,195.0,right,Defender,Centre-Back,Italy,Italy,24,1354,0,0,"46,1038","Inter Milan,UC Sampdoria",1354,10000000.0,7500000.0,0.998,1.0,0.994,same_club
1525,Assane Demoya Gnoukouri,ITA,2015-16,Inter,M S,2,59,0,0,0,2,1,0.032,0.032,0.015,0.066,0.048,0,0,,,,,,,,,,,,,,,,,,,,,,,
1527,Emanuele Terranova,ITA,2015-16,Sassuolo,D S,6,333,0,0,0,0,0,0.0,0.0,0.0,0.193,0.193,1,0,61770,Emanuele Terranova,1987-04-14,28.38,183.0,right,Defender,Centre-Back,Italy,Italy,6,336,0,0,6574,US Sassuolo,336,1000000.0,800000.0,0.997,1.0,0.991,same_club
1530,Andrea Coda,ITA,2015-16,Sampdoria,D S,4,117,0,0,0,0,0,0.0,0.0,0.0,0.062,0.062,1,0,28833,Andrea Coda,1985-04-25,30.35,188.0,right,Defender,Centre-Back,Italy,Italy,4,121,0,0,1038,UC Sampdoria,211,300000.0,200000.0,0.99,1.0,0.967,same_club
1532,Emiliano Viviano,ITA,2015-16,Sampdoria,GK,37,3330,0,0,0,0,1,0.0,0.0,0.045,1.835,1.79,2,0,24316,Emiliano Viviano,1985-12-01,29.75,195.0,left,Goalkeeper,Goalkeeper,,,37,3330,0,0,1038,UC Sampdoria,3600,5000000.0,5000000.0,1.0,1.0,1.0,same_club
1533,Dodô,ITA,2015-16,Sampdoria,D M S,17,1425,0,0,1,11,15,0.42,0.42,2.202,2.724,1.329,4,0,109038,Dodô,1992-02-06,23.57,177.0,left,Defender,Left-Back,Brazil,Brazil,17,1424,0,1,1038,UC Sampdoria,1429,6000000.0,5500000.0,1.0,1.0,0.999,same_club
1535,Accursio Bentivegna,ITA,2015-16,Palermo,S,1,9,0,0,0,0,0,0.0,0.0,0.0,0.0,0.0,1,0,244927,Accursio Bentivegna,1996-06-21,19.2,170.0,right,Attack,Left Winger,Italy,Italy,1,10,0,0,458,Palermo FC,10,800000.0,800000.0,0.997,1.0,0.989,same_club
1536,Norbert Balogh,ITA,2015-16,Palermo,S,4,46,0,0,0,2,1,0.136,0.136,0.017,0.19,0.142,0,0,326204,Norbert Balogh,1996-02-21,19.53,196.0,right,Attack,Centre-Forward,Hungary,Hungary,4,51,0,0,458,Palermo FC,411,50000.0,1500000.0,0.983,1.0,0.944,same_club
1541,Stefan de Vrij,ITA,2015-16,Lazio,D,2,180,0,0,0,0,0,0.0,0.0,0.0,0.468,0.468,0,0,111196,Stefan de Vrij,1992-02-05,23.57,189.0,right,Defender,Centre-Back,Netherlands,Netherlands,2,180,0,0,398,Società Sportiva Lazio S.p.A.,449,17000000.0,17000000.0,1.0,1.0,1.0,same_club
1542,Stefan Radu,ITA,2015-16,Lazio,D,13,1099,0,0,1,7,15,0.165,0.165,1.35,3.123,1.976,3,1,44420,Stefan Radu,1986-10-22,28.86,183.0,left,Defender,Left-Back,Romania,Romania,13,1091,0,1,398,Società Sportiva Lazio S.p.A.,2137,8500000.0,6000000.0,0.998,1.0,0.993,same_club
1545,Emil Krafth,ITA,2015-16,Bologna,D S,4,141,0,0,0,0,2,0.0,0.0,0.023,0.188,0.165,0,0,184528,Emil Krafth,1994-08-02,21.08,184.0,right,Defender,Right-Back,Sweden,Sweden,4,147,0,0,1025,Bologna Football Club 1909,147,900000.0,800000.0,0.988,1.0,0.959,same_club
1546,Federico Mattiello,ITA,2015-16,Chievo,D,1,90,0,0,1,3,4,0.132,0.132,0.629,0.736,0.125,0,0,200194,Federico Mattiello,1995-07-14,20.13,184.0,right,Defender,Right-Back,Italy,Italy,1,90,0,1,862,Chievo Verona,90,500000.0,400000.0,1.0,1.0,1.0,same_club
1553,Maurizio Pugliesi,ITA,2015-16,Empoli,GK,1,90,0,0,0,0,0,0.0,0.0,0.0,0.0,0.0,0,0,22285,Maurizio Pugliesi,1976-12-27,38.68,188.0,right,Goalkeeper,Goalkeeper,Italy,Italy,1,90,0,0,749,FC Empoli,90,25000.0,25000.0,1.0,1.0,1.0,same_club
1554,Uros Cosic,ITA,2015-16,Empoli,D,9,810,0,0,0,1,2,0.02,0.02,0.034,0.63,0.617,4,0,94305,Uros Cosic,1992-10-24,22.85,187.0,right,Defender,Centre-Back,Serbia,Yugoslavia (Republic),9,810,0,0,749,FC Empoli,810,800000.0,800000.0,1.0,1.0,1.0,same_club
1557,Carlos Carmona,ITA,2015-16,Atalanta,M S,8,466,0,0,0,1,3,0.06,0.06,0.197,1.708,1.452,2,1,76387,Carlos Carmona,1987-02-21,28.53,178.0,right,Midfield,Defensive Midfield,Chile,Chile,8,467,0,0,800,Atalanta BC,557,2500000.0,2200000.0,0.999,1.0,0.998,same_club
1558,Davide Bassi,ITA,2015-16,Atalanta,GK,1,90,0,0,0,0,0,0.0,0.0,0.0,0.0,0.0,0,0,41914,Davide Bassi,1985-04-12,30.39,190.0,right,Goalkeeper,Goalkeeper,Italy,Italy,1,90,0,0,800,Atalanta BC,180,800000.0,800000.0,1.0,1.0,1.0,same_club
1559,Filippo Costa,ITA,2015-16,Chievo,S,6,120,0,0,0,0,2,0.0,0.0,0.178,0.856,0.784,0,0,197743,Filippo Costa,1995-05-21,20.28,175.0,left,Defender,Left-Back,Italy,Italy,6,128,0,0,862,Chievo Verona,128,300000.0,250000.0,0.981,1.0,0.938,same_club
1561,Panagiotis Kone,ITA,2015-16,"Fiorentina,Udinese",M S,6,240,0,0,1,11,5,0.375,0.375,0.919,1.453,0.36,0,1,19636,Panagiotis Kone,1987-07-26,28.1,182.0,right,Midfield,Central Midfield,Greece,Albania,6,238,0,1,"410,430","Udinese Calcio,ACF Fiorentina",285,4500000.0,4000000.0,0.997,1.0,0.992,same_club
1570,Rey Manaj,ITA,2015-16,Inter,S,4,28,0,0,0,2,1,0.181,0.181,0.085,0.288,0.022,1,0,308278,Rey Manaj,1997-02-24,18.52,182.0,right,Attack,Centre-Forward,Albania,Albania,4,34,0,0,46,Inter Milan,131,175000.0,800000.0,0.98,1.0,0.933,same_club
1573,Riccardo Montolivo,ITA,2015-16,AC Milan,M,31,2694,0,0,1,29,19,0.695,0.695,0.828,9.491,8.393,5,0,19446,Riccardo Montolivo,1985-01-18,30.62,181.0,right,Midfield,Defensive Midfield,Italy,Italy,31,2689,0,1,5,AC Milan,2936,6000000.0,5000000.0,0.999,1.0,0.998,same_club
1574,Davide Calabria,ITA,2015-16,AC Milan,D S,6,371,0,0,0,1,6,0.017,0.017,0.638,0.884,0.772,4,0,262523,Davide Calabria,1996-12-06,18.74,176.0,right,Defender,Right-Back,Italy,Italy,6,370,0,1,5,AC Milan,610,150000.0,800000.0,0.999,1.0,0.997,same_club
1587,Kwadwo Asamoah,ITA,2015-16,Juventus,M S,11,575,0,0,1,9,10,0.997,0.997,0.584,3.647,2.32,1,0,63531,Kwadwo Asamoah,1988-12-09,26.73,173.0,left,Midfield,Left Midfield,Ghana,Ghana,11,565,0,1,506,Juventus FC,741,19000000.0,14000000.0,0.995,1.0,0.983,same_club
1596,Archimede Morleo,ITA,2015-16,Bologna,D,5,402,0,0,0,4,3,0.102,0.102,0.128,1.173,1.058,0,0,85066,Archimede Morleo,1983-09-26,31.93,172.0,left,Defender,Left-Back,Italy,Italy,5,399,0,0,1025,Bologna Football Club 1909,399,500000.0,400000.0,0.998,1.0,0.993,same_club
1599,Norbert Gyömbér,ITA,2015-16,Roma,S,6,88,0,0,0,0,2,0.0,0.0,0.068,0.068,0.0,1,0,205054,Norbert Gyömbér,1992-07-03,23.16,189.0,right,Defender,Centre-Back,Slovakia,CSSR,6,93,0,0,12,Associazione Sportiva Roma,183,800000.0,700000.0,0.984,1.0,0.946,same_club
1602,Daniel Pavlovic,ITA,2015-16,Frosinone,D,22,1939,0,0,5,12,42,0.616,0.616,3.042,2.551,1.618,6,0,19671,Daniel Pavlovic,1988-04-22,27.36,183.0,left,Defender,Centre-Back,Bosnia-Herzegovina,Switzerland,22,1933,0,6,8970,Frosinone Calcio,1933,750000.0,800000.0,0.999,1.0,0.997,same_club
1607,Franco Signorelli,ITA,2015-16,Empoli,S,1,31,0,0,0,0,1,0.0,0.0,0.048,0.048,0.0,0,0,163690,Franco Signorelli,1991-01-01,24.67,178.0,right,Midfield,Defensive Midfield,Venezuela,Venezuela,1,33,0,0,749,FC Empoli,33,500000.0,300000.0,0.993,1.0,0.978,same_club
1608,Salvador Ichazo,ITA,2015-16,Torino,GK,3,270,0,0,0,0,0,0.0,0.0,0.0,0.369,0.369,0,0,131098,Salvador Ichazo,1992-01-26,23.6,187.0,left,Goalkeeper,Goalkeeper,Uruguay,Uruguay,3,270,0,0,416,Torino FC,540,1600000.0,1000000.0,1.0,1.0,1.0,same_club
1609,Antonio Mirante,ITA,2015-16,Bologna,GK,33,2970,0,0,0,0,1,0.0,0.0,0.017,2.442,2.426,2,0,22141,Antonio Mirante,1983-07-08,32.15,193.0,right,Goalkeeper,Goalkeeper,Italy,Italy,33,2970,0,0,1025,Bologna Football Club 1909,3060,3000000.0,3000000.0,1.0,1.0,1.0,same_club
1618,Diego López,ITA,2015-16,AC Milan,GK,8,720,0,0,0,0,1,0.0,0.0,0.019,0.254,0.254,1,0,34370,Diego López,1981-11-03,33.83,196.0,right,Goalkeeper,Goalkeeper,Spain,Spain,8,720,0,0,5,AC Milan,810,4500000.0,2000000.0,1.0,1.0,1.0,same_club
1630,Giovanni Marchese,ITA,2015-16,Genoa,D S,11,670,0,0,0,4,2,0.143,0.143,0.053,0.912,0.871,4,0,21887,Giovanni Marchese,1984-10-17,30.87,180.0,left,Defender,Left-Back,Italy,Italy,11,664,0,0,252,Genoa CFC,664,3000000.0,2500000.0,0.997,1.0,0.991,same_club
1633,Issa Cissokho,ITA,2015-16,Genoa,M S,13,628,0,0,1,1,8,0.028,0.028,0.383,1.086,0.973,0,1,183494,Issa Cissokho,1985-02-23,30.52,173.0,right,Defender,Right-Back,Senegal,France,13,640,0,1,252,Genoa CFC,640,2000000.0,500000.0,0.994,1.0,0.981,same_club
1644,Giuseppe Rossi,ITA,2015-16,Fiorentina,F S,11,365,0,0,2,16,8,0.976,0.976,1.642,2.904,0.446,1,0,19104,Giuseppe Rossi,1987-02-01,28.58,173.0,left,Attack,Centre-Forward,Italy,United States,11,368,0,2,430,ACF Fiorentina,1872,12000000.0,7500000.0,0.999,1.0,0.998,same_club
1644,Giuseppe Rossi,ITA,2015-16,Fiorentina,F S,11,365,0,0,2,16,8,0.976,0.976,1.642,2.904,0.446,1,0,19104,Giuseppe Rossi,1987-02-01,28.58,173.0,left,Attack,Centre-Forward,Italy,United States,11,368,0,2,430,ACF Fiorentina,1872,12000000.0,7500000.0,0.998,1.0,0.992,same_club
1677,Nathaniel Chalobah,ITA,2015-16,Napoli,S,5,25,0,0,0,0,2,0.0,0.0,0.109,0.302,0.283,0,0,128900,Nathaniel Chalobah,1994-12-12,20.72,185.0,right,Midfield,Defensive Midfield,England,Sierra Leone,5,31,0,0,6195,SSC Napoli,231,4000000.0,3500000.0,0.98,1.0,0.933,same_club
1722,Juan Zuñiga,ITA,2015-16,Bologna,M S,9,443,0,0,1,8,3,0.158,0.158,0.666,0.378,0.169,0,0,37941,Camilo Zúñiga,1985-12-14,29.71,172.0,right,Defender,Right-Back,Colombia,Colombia,9,448,0,1,1025,Bologna Football Club 1909,448,6000000.0,1000000.0,0.967,0.95,0.989,same_club
1723,Roberto Pereyra,ITA,2015-16,Juventus,F M S,13,799,0,0,1,10,25,0.614,0.614,2.317,5.272,4.052,0,0,112302,Roberto Pereyra,1991-01-07,24.65,182.0,both,Midfield,Central Midfield,Argentina,Argentina,13,795,0,1,506,Juventus FC,856,17000000.0,17000000.0,0.998,1.0,0.995,same_club
1728,Fernando Llorente,ITA,2015-16,Juventus,S,1,11,0,0,0,0,0,0.0,0.0,0.0,0.0,0.0,0,0,35564,Fernando Llorente,1985-02-26,30.51,195.0,right,Attack,Centre-Forward,Spain,Spain,1,11,0,0,506,Juventus FC,1666,12000000.0,8000000.0,1.0,1.0,1.0,same_club
1728,Fernando Llorente,ITA,2015-16,Juventus,S,1,11,0,0,0,0,0,0.0,0.0,0.0,0.0,0.0,0,0,35564,Fernando Llorente,1985-02-26,30.51,195.0,right,Attack,Centre-Forward,Spain,Spain,1,11,0,0,506,Juventus FC,1666,12000000.0,8000000.0,1.0,1.0,1.0,same_club
1792,Mário Rui,ITA,2015-16,Empoli,D,36,3240,0,0,2,29,33,0.792,0.792,1.996,8.151,6.807,6,1,87884,Mário Rui,1991-05-27,24.27,168.0,left,Defender,Left-Back,Portugal,Portugal,36,3240,0,1,749,FC Empoli,3330,2500000.0,6000000.0,1.0,1.0,1.0,same_club
1793,Alessandro Piu,ITA,2015-16,Empoli,F S,10,207,0,0,0,3,1,0.213,0.213,0.016,0.33,0.117,0,0,253857,Alessandro Piu,1996-07-30,19.09,186.0,right,Attack,Second Striker,Italy,Italy,10,212,0,0,749,FC Empoli,212,300000.0,400000.0,0.993,1.0,0.976,same_club
1795,Michele Camporese,ITA,2015-16,Empoli,D,2,162,0,0,0,1,0,0.127,0.127,0.0,0.017,0.017,0,0,62716,Michele Camporese,1992-05-19,23.29,186.0,right,Defender,Centre-Back,Italy,Italy,2,161,0,0,749,FC Empoli,161,1200000.0,500000.0,0.998,1.0,0.994,same_club
1797,Lorenzo Ariaudo,ITA,2015-16,"Empoli,Sassuolo",D S,9,654,0,0,0,2,0,0.079,0.079,0.0,0.372,0.372,0,0,84921,Lorenzo Ariaudo,1989-06-11,26.22,186.0,left,Defender,Centre-Back,Italy,Italy,9,656,0,0,"749,6574","FC Empoli,US Sassuolo",746,600000.0,600000.0,0.999,1.0,0.997,same_club
1800,Kamil Glik,ITA,2015-16,Torino,D,33,2970,0,0,0,19,4,1.378,1.378,0.25,6.341,6.152,11,0,46552,Kamil Glik,1988-02-03,27.58,190.0,right,Defender,Centre-Back,Poland,Poland,33,2970,0,1,416,Torino FC,3142,11000000.0,10000000.0,1.0,1.0,1.0,same_club
1802,Alexander Farnerud,ITA,2015-16,Torino,S,5,83,0,0,0,2,3,0.034,0.034,0.201,0.251,0.056,0,0,10255,Alexander Farnerud,1984-05-01,31.33,181.0,left,Midfield,Central Midfield,Sweden,Sweden,5,90,0,0,416,Torino FC,90,1000000.0,700000.0,0.977,1.0,0.922,same_club
1806,Alberto Brignoli,ITA,2015-16,Sampdoria,GK,1,90,0,0,0,0,0,0.0,0.0,0.0,0.013,0.013,0,0,146799,Alberto Brignoli,1991-08-19,24.04,188.0,left,Goalkeeper,Goalkeeper,Italy,Italy,1,90,0,0,1038,UC Sampdoria,90,1500000.0,1300000.0,1.0,1.0,1.0,same_club
1808,Nenad Krsticic,ITA,2015-16,Sampdoria,M S,10,539,0,0,1,4,5,0.131,0.131,0.443,1.028,0.609,5,0,56790,Nenad Krsticic,1990-07-03,25.16,182.0,left,Midfield,Central Midfield,Serbia,Jugoslawien (SFR),10,542,0,1,1038,UC Sampdoria,680,2500000.0,2200000.0,0.998,1.0,0.994,same_club
1811,Andrés Ponce,ITA,2015-16,Sampdoria,S,1,4,0,0,0,0,0,0.0,0.0,0.0,0.0,0.0,0,0,308256,Andrés Ponce,1996-11-11,18.8,182.0,right,Attack,Centre-Forward,Venezuela,Venezuela,1,4,0,0,1038,UC Sampdoria,94,100000.0,600000.0,1.0,1.0,1.0,same_club
1812,Alejandro Rodriguez,ITA,2015-16,Sampdoria,S,6,33,0,0,0,0,0,0.0,0.0,0.0,0.0,0.0,0,0,169533,Alejandro Rodríguez,1991-07-30,24.09,183.0,right,Attack,Centre-Forward,Spain,Spain,6,38,0,0,1038,UC Sampdoria,119,800000.0,700000.0,0.983,1.0,0.944,same_club
1813,Mattia Cassani,ITA,2015-16,Sampdoria,D S,25,2032,0,0,1,3,8,0.461,0.461,0.644,3.058,2.718,6,1,21859,Mattia Cassani,1983-08-26,32.02,184.0,right,Defender,Right-Back,Italy,Italy,25,2030,0,1,1038,UC Sampdoria,2300,1000000.0,1000000.0,1.0,1.0,0.999,same_club
1821,Christian Abbiati,ITA,2015-16,AC Milan,S,1,72,0,0,0,0,0,0.0,0.0,0.0,0.036,0.036,0,0,3507,Christian Abbiati,1977-07-08,38.15,191.0,right,Goalkeeper,Goalkeeper,Italy,Italy,1,71,0,0,5,AC Milan,551,500000.0,500000.0,0.997,1.0,0.989,same_club
1825,Morgan De Sanctis,ITA,2015-16,Roma,GK,4,360,0,0,0,0,0,0.0,0.0,0.0,0.14,0.14,0,0,5880,Morgan De Sanctis,1977-03-26,38.43,190.0,right,Goalkeeper,Goalkeeper,Italy,Italy,4,360,0,0,12,Associazione Sportiva Roma,521,500000.0,500000.0,1.0,1.0,1.0,same_club
1827,Alessandro Longhi,ITA,2015-16,Sassuolo,D S,6,315,0,0,1,1,2,0.011,0.011,0.316,0.392,0.076,1,0,112666,Alessandro Longhi,1989-06-25,26.18,185.0,left,Defender,Left-Back,Italy,Italy,6,313,0,1,6574,US Sassuolo,386,1300000.0,1000000.0,0.998,1.0,0.994,same_club
1828,Alex Telles,ITA,2015-16,Inter,D S,21,1580,0,0,1,13,25,0.343,0.343,2.144,5.173,4.359,5,1,255755,Alex Telles,1992-12-15,22.71,181.0,left,Defender,Left-Back,Brazil,Brazil,21,1578,0,1,46,Inter Milan,1848,6500000.0,8500000.0,1.0,1.0,0.999,same_club
1829,Fabio Della Giovanna,ITA,2015-16,Inter,S,1,8,0,0,0,0,0,0.0,0.0,0.0,0.0,0.0,0,0,291392,Fabio Della Giovanna,1997-03-21,18.45,182.0,left,Defender,Centre-Back,Italy,Italy,1,9,0,0,46,Inter Milan,9,75000.0,200000.0,0.997,1.0,0.989,same_club
1830,Ionut Radu,ITA,2015-16,Inter,S,1,17,0,0,0,0,0,0.0,0.0,0.0,0.0,0.0,0,0,303657,Ionuț Radu,1997-05-28,18.26,188.0,right,Goalkeeper,Goalkeeper,Romania,Romania,1,18,0,0,46,Inter Milan,18,200000.0,300000.0,0.997,1.0,0.989,same_club
1839,Fabrizio Alastra,ITA,2015-16,Palermo,GK S,2,143,0,0,0,0,0,0.0,0.0,0.0,0.046,0.046,0,0,287871,Fabrizio Alastra,1997-10-01,17.92,185.0,right,Goalkeeper,Goalkeeper,Italy,Italy,2,144,0,0,458,Palermo FC,144,300000.0,300000.0,0.998,1.0,0.993,same_club
1841,Pierluigi Gollini,ITA,2015-16,Verona,GK S,26,2320,0,0,0,0,0,0.0,0.0,0.0,0.389,0.389,2,0,244192,Pierluigi Gollini,1995-03-18,20.46,194.0,right,Goalkeeper,Goalkeeper,Italy,Italy,26,2319,0,0,276,Hellas Verona,2409,800000.0,2000000.0,1.0,1.0,1.0,same_club
1844,Urby Emanuelson,ITA,2015-16,Verona,D M S,11,615,0,0,1,14,10,0.507,0.507,0.964,2.317,1.804,0,0,20586,Urby Emanuelson,1986-06-16,29.21,176.0,left,Midfield,Central Midfield,Netherlands,Netherlands,11,621,0,1,276,Hellas Verona,621,1300000.0,800000.0,0.997,1.0,0.99,same_club
1845,Pawel Wszolek,ITA,2015-16,"Sampdoria,Verona",F M S,28,1825,0,0,5,12,34,1.084,1.084,3.687,6.231,1.849,4,1,164759,Paweł Wszołek,1992-04-30,23.34,186.0,right,Midfield,Right Midfield,Poland,Poland,28,1848,0,4,"276,1038","Hellas Verona,UC Sampdoria",1974,700000.0,1200000.0,0.946,0.917,0.988,same_club
1848,Luca Checchin,ITA,2015-16,Verona,M S,4,95,0,0,0,0,0,0.0,0.0,0.0,0.132,0.132,1,0,209048,Luca Checchin,1997-05-03,18.33,182.0,both,Midfield,Defensive Midfield,Italy,Italy,4,98,0,0,276,Hellas Verona,235,75000.0,200000.0,0.991,1.0,0.969,same_club
1849,Rômulo,ITA,2015-16,Verona,S,9,255,0,0,1,11,5,0.713,0.713,0.265,1.03,0.108,0,0,121756,Rômulo,1987-05-22,28.28,178.0,right,Midfield,Central Midfield,Italy,Brazil,9,257,0,1,276,Hellas Verona,290,5500000.0,4000000.0,0.998,1.0,0.992,same_club
1850,Dominik Furman,ITA,2015-16,Verona,S,1,18,0,0,0,0,0,0.0,0.0,0.0,0.0,0.0,0,0,74687,Dominik Furman,1992-07-06,23.15,183.0,right,Midfield,Central Midfield,Poland,Poland,1,19,0,0,276,Hellas Verona,653,700000.0,800000.0,0.997,1.0,0.989,same_club
1854,Ferdinando Coppola,ITA,2015-16,Verona,GK,1,90,0,0,0,0,0,0.0,0.0,0.0,0.843,0.843,0,0,5986,Ferdinando Coppola,1978-06-10,37.23,188.0,right,Goalkeeper,Goalkeeper,Italy,Italy,1,90,0,0,276,Hellas Verona,180,100000.0,100000.0,1.0,1.0,1.0,same_club
1855,Michelangelo Albertazzi,ITA,2015-16,Verona,D S,10,716,0,0,0,0,4,0.0,0.0,0.456,0.71,0.361,4,0,56841,Michelangelo Albertazzi,1991-01-07,24.65,186.0,left,Defender,Left-Back,Italy,Italy,10,708,0,0,276,Hellas Verona,708,700000.0,600000.0,0.997,1.0,0.989,same_club
1858,Massimo Zappino,ITA,2015-16,Frosinone,GK S,4,331,0,0,0,0,2,0.0,0.0,0.028,0.105,0.097,0,0,43237,Massimo Zappino,1981-06-12,34.22,190.0,right,Goalkeeper,Goalkeeper,Italy,Brazil,4,330,0,0,8970,Frosinone Calcio,330,100000.0,100000.0,0.999,1.0,0.997,same_club
1859,Matteo Ciofani,ITA,2015-16,Frosinone,D S,18,1294,0,0,1,4,5,0.091,0.091,0.37,1.075,0.655,2,0,119355,Matteo Ciofani,1988-02-26,27.51,183.0,right,Defender,Right-Back,Italy,Italy,18,1296,0,1,8970,Frosinone Calcio,1296,600000.0,600000.0,1.0,1.0,0.998,same_club
1862,Roberto Crivello,ITA,2015-16,Frosinone,D S,17,1440,0,0,1,2,14,0.066,0.066,0.548,1.132,0.713,5,0,130348,Roberto Crivello,1991-09-14,23.96,178.0,left,Defender,Left-Back,Italy,Italy,17,1439,0,1,8970,Frosinone Calcio,1559,700000.0,700000.0,1.0,1.0,0.999,same_club
1864,Mirko Gori,ITA,2015-16,Frosinone,M S,28,2187,0,0,0,23,13,0.44,0.44,0.569,3.883,3.176,10,1,163223,Mirko Gori,1993-02-04,22.57,177.0,left,Midfield,Central Midfield,Italy,Italy,28,2169,0,0,8970,Frosinone Calcio,2271,1000000.0,1300000.0,0.998,1.0,0.992,same_club
1869,Robert Gucher,ITA,2015-16,Frosinone,M S,24,1369,0,0,0,21,19,0.329,0.329,1.222,1.291,0.759,3,0,52188,Robert Gucher,1991-02-20,24.53,183.0,right,Midfield,Defensive Midfield,Austria,Austria,24,1374,0,0,8970,Frosinone Calcio,1494,1600000.0,1500000.0,0.999,1.0,0.996,same_club
1870,Massimiliano Carlini,ITA,2015-16,Frosinone,M S,14,365,0,0,0,4,11,0.181,0.181,0.398,1.41,0.938,0,0,43206,Massimiliano Carlini,1986-08-20,29.03,175.0,right,Attack,Second Striker,Italy,Italy,14,375,0,0,8970,Frosinone Calcio,423,600000.0,500000.0,0.992,1.0,0.973,same_club
1872,Raman Chibsah,ITA,2015-16,Frosinone,M S,22,1159,0,0,2,11,16,0.271,0.271,0.846,2.155,1.501,1,1,199633,Raman Chibsah,1993-03-10,22.48,177.0,right,Midfield,Central Midfield,Ghana,Ghana,22,1164,0,2,8970,Frosinone Calcio,1182,1700000.0,1500000.0,0.999,1.0,0.996,same_club
1873,Nicola Leali,ITA,2015-16,Frosinone,GK,33,2970,0,0,0,0,1,0.0,0.0,0.013,2.093,2.08,3,0,136111,Nicola Leali,1993-02-17,22.54,193.0,right,Goalkeeper,Goalkeeper,Italy,Italy,33,2970,0,0,8970,Frosinone Calcio,3090,5000000.0,6000000.0,1.0,1.0,1.0,same_club
1874,Samuele Longo,ITA,2015-16,Frosinone,F S,18,316,0,0,1,10,4,0.815,0.815,0.237,1.362,0.543,2,0,124560,Samuele Longo,1992-01-12,23.64,185.0,right,Attack,Centre-Forward,Italy,Italy,18,322,0,1,8970,Frosinone Calcio,442,1500000.0,1200000.0,0.994,1.0,0.981,same_club
1875,Vasiliy Pryima,ITA,2015-16,Frosinone,D S,5,292,0,0,0,1,0,0.045,0.045,0.0,0.044,0.044,1,0,87893,Vasyl Pryima,1991-06-10,24.23,185.0,right,Defender,Centre-Back,Ukraine,UdSSR,5,294,0,0,8970,Frosinone Calcio,299,1000000.0,800000.0,0.968,0.95,0.993,same_club
1880,Mauricio,ITA,2015-16,Lazio,D S,24,1914,0,0,0,10,1,0.759,0.759,0.092,2.811,2.71,13,1,67864,Maurício,1988-09-20,26.95,185.0,right,Defender,Centre-Back,Brazil,Brazil,24,1918,0,0,398,Società Sportiva Lazio S.p.A.,2687,4500000.0,3500000.0,0.999,1.0,0.998,same_club
1882,Edson Braafheid,ITA,2015-16,Lazio,D S,5,334,0,0,0,2,0,0.03,0.03,0.0,0.221,0.221,0,0,16731,Edson Braafheid,1983-04-08,32.4,176.0,left,Defender,Left-Back,Netherlands,Suriname,5,334,0,0,398,Società Sportiva Lazio S.p.A.,334,1000000.0,500000.0,1.0,1.0,1.0,same_club
1883,Ravel Morrison,ITA,2015-16,Lazio,S,4,56,0,0,0,0,1,0.0,0.0,0.056,0.198,0.142,0,0,128907,Ravel Morrison,1993-02-02,22.58,175.0,right,Midfield,Attacking Midfield,Jamaica,England,4,60,0,0,398,Società Sportiva Lazio S.p.A.,161,2500000.0,1000000.0,0.987,1.0,0.956,same_club
1885,Tino Costa,ITA,2015-16,"Fiorentina,Genoa",M S,19,1223,0,0,0,19,17,0.567,0.567,1.521,3.98,3.166,7,0,77003,Tino Costa,1985-01-09,30.64,176.0,left,Midfield,Central Midfield,Argentina,Argentina,19,1219,0,0,"252,430","Genoa CFC,ACF Fiorentina",1287,4500000.0,3500000.0,0.999,1.0,0.997,same_club
1887,Iván Piris,ITA,2015-16,Udinese,D S,27,1860,0,0,0,4,4,0.051,0.051,0.186,2.751,2.618,5,0,125251,Iván Piris,1989-03-10,26.48,174.0,right,Defender,Right-Back,Paraguay,Paraguay,27,1864,0,0,410,Udinese Calcio,2044,2300000.0,2100000.0,0.999,1.0,0.998,same_club
1889,Giovanni Pasquale,ITA,2015-16,Udinese,D S,6,227,0,0,0,0,1,0.0,0.0,0.031,0.161,0.161,2,0,5793,Giovanni Pasquale,1982-01-05,33.65,182.0,left,Defender,Left-Back,Italy,Italy,6,233,0,0,410,Udinese Calcio,392,400000.0,300000.0,0.992,1.0,0.974,same_club
1890,Maurizio Domizzi,ITA,2015-16,Udinese,D S,5,272,0,0,0,1,1,0.018,0.018,0.118,0.16,0.16,1,0,6750,Maurizio Domizzi,1980-06-28,35.18,185.0,left,Defender,Centre-Back,Italy,Italy,5,272,0,0,410,Udinese Calcio,382,300000.0,100000.0,1.0,1.0,1.0,same_club
1891,Guilherme,ITA,2015-16,Udinese,M S,5,344,0,0,0,6,6,0.117,0.117,0.246,0.746,0.727,1,0,115382,Guilherme,1991-04-05,24.41,178.0,right,Midfield,Defensive Midfield,Qatar,Brazil,5,339,0,0,410,Udinese Calcio,435,3500000.0,3000000.0,0.996,1.0,0.985,same_club
1894,Simone Colombi,ITA,2015-16,"Carpi,Palermo",GK,2,180,0,0,0,0,0,0.0,0.0,0.0,0.134,0.134,0,0,57285,Simone Colombi,1991-07-01,24.17,188.0,right,Goalkeeper,Goalkeeper,Italy,Italy,2,180,0,0,"458,4102","Palermo FC,AC Carpi",270,1000000.0,900000.0,1.0,1.0,1.0,same_club
1897,Emanuele Suagher,ITA,2015-16,Carpi,D S,9,721,0,0,0,3,1,0.211,0.211,0.011,0.278,0.278,8,0,163600,Emanuele Suagher,1992-11-26,22.76,192.0,right,Defender,Centre-Back,Italy,Italy,9,718,0,0,4102,AC Carpi,718,800000.0,800000.0,0.999,1.0,0.996,same_club
1901,Raphael Martinho,ITA,2015-16,Carpi,M S,11,693,0,0,0,10,5,0.597,0.597,0.128,1.501,0.89,3,0,149946,Raphael Martinho,1988-04-15,27.38,183.0,left,Midfield,Left Midfield,Brazil,Brazil,11,685,0,0,4102,AC Carpi,766,1600000.0,1300000.0,0.997,1.0,0.988,same_club
1902,Marco Crimi,ITA,2015-16,"Bologna,Carpi",M S,20,1001,0,0,1,7,9,0.307,0.307,0.892,1.915,0.983,9,0,149526,Marco Crimi,1990-03-17,25.46,179.0,right,Midfield,Central Midfield,Italy,Italy,20,1011,0,2,"1025,4102","Bologna Football Club 1909,AC Carpi",1056,1100000.0,900000.0,0.997,1.0,0.99,same_club
1904,Filippo Porcari,ITA,2015-16,Carpi,M S,4,181,0,0,0,2,4,0.03,0.03,0.5,0.812,0.314,1,0,61358,Filippo Porcari,1984-04-28,31.34,176.0,right,Midfield,Defensive Midfield,Italy,Italy,4,182,0,0,4102,AC Carpi,182,800000.0,700000.0,0.998,1.0,0.995,same_club
1906,Matteo Fedele,ITA,2015-16,Carpi,M,8,570,0,0,0,11,8,0.514,0.514,0.666,1.197,0.861,2,0,111438,Matteo Fedele,1992-07-20,23.12,185.0,right,Midfield,Central Midfield,Switzerland,Switzerland,8,568,0,0,4102,AC Carpi,568,600000.0,600000.0,0.999,1.0,0.996,same_club
1908,Vid Belec,ITA,2015-16,Carpi,GK,30,2700,0,0,0,0,0,0.0,0.0,0.0,1.043,1.043,1,0,73090,Vid Belec,1990-06-06,25.24,192.0,right,Goalkeeper,Goalkeeper,Slovenia,Jugoslawien (SFR),30,2700,0,0,4102,AC Carpi,2700,1500000.0,2500000.0,1.0,1.0,1.0,same_club
1909,Fabio Daprelà,ITA,2015-16,"Carpi,Palermo",M S,7,208,0,0,0,1,0,0.022,0.022,0.0,0.366,0.343,2,0,66109,Fabio Daprelà,1991-02-19,24.53,183.0,left,Defender,Centre-Back,Switzerland,Switzerland,7,211,0,0,"458,4102","Palermo FC,AC Carpi",313,800000.0,600000.0,0.996,1.0,0.986,same_club
1911,Giampiero Pinzi,ITA,2015-16,Chievo,M S,18,986,0,0,0,3,7,0.119,0.119,0.279,2.074,1.814,7,0,5893,Giampiero Pinzi,1981-03-11,34.48,180.0,right,Midfield,Central Midfield,Italy,Italy,18,988,0,0,862,Chievo Verona,988,400000.0,300000.0,0.999,1.0,0.998,same_club
1912,Paul-José M&#039;Poku,ITA,2015-16,Chievo,F M S,20,744,0,0,0,17,17,1.155,1.155,1.16,3.02,1.206,3,0,73846,Paul-José Mpoku,1992-04-19,23.37,174.0,right,Midfield,Attacking Midfield,DR Congo,Zaire,20,754,0,0,862,Chievo Verona,754,5000000.0,4000000.0,0.924,0.88,0.987,same_club
1913,Matteo Brighi,ITA,2015-16,Bologna,F M S,23,1451,0,0,0,22,12,2.249,2.249,1.509,5.31,2.122,3,0,5868,Matteo Brighi,1981-02-14,34.54,178.0,right,Midfield,Central Midfield,Italy,Italy,23,1456,0,0,1025,Bologna Football Club 1909,1546,400000.0,400000.0,0.999,1.0,0.997,same_club
1914,Aaron Mattia Tabacchi,ITA,2015-16,Bologna,S,1,7,0,0,0,0,1,0.0,0.0,0.027,0.0,0.0,0,0,353998,Aaron Mattia Tabacchi,1998-06-26,17.18,180.0,left,Attack,Right Winger,Italy,Italy,1,7,0,0,1025,Bologna Football Club 1909,7,,100000.0,1.0,1.0,1.0,same_club
1915,Kevin Constant,ITA,2015-16,Bologna,D S,7,280,0,0,0,0,4,0.0,0.0,0.136,0.412,0.351,0,0,43760,Kévin Constant,1987-05-10,28.31,184.0,left,Midfield,Central Midfield,Guinea,France,7,279,0,0,1025,Bologna Football Club 1909,1287,2500000.0,1800000.0,0.999,1.0,0.996,same_club
1917,Robert Acquafresca,ITA,2015-16,Bologna,F S,6,203,0,0,0,3,1,0.149,0.149,0.032,0.181,0.0,0,0,35703,Robert Acquafresca,1987-09-11,27.97,184.0,right,Attack,Centre-Forward,Italy,Italy,6,204,0,0,1025,Bologna Football Club 1909,249,800000.0,600000.0,0.999,1.0,0.995,same_club
1920,Gabriel Silva,ITA,2015-16,"Carpi,Genoa",D M S,27,2044,0,0,2,13,14,0.871,0.871,1.01,3.325,1.868,4,0,114340,Gabriel Silva,1991-05-13,24.3,179.0,left,Defender,Left-Back,Brazil,Brazil,27,2048,0,2,"252,4102","Genoa CFC,AC Carpi",2422,3800000.0,3500000.0,0.999,1.0,0.998,same_club
1924,Diego Capel,ITA,2015-16,Genoa,F S,21,691,0,0,0,14,9,0.945,0.945,0.426,3.034,1.974,2,0,27471,Diego Capel,1988-02-16,27.54,173.0,left,Attack,Left Winger,Spain,Spain,21,707,0,0,252,Genoa CFC,707,3500000.0,1200000.0,0.993,1.0,0.977,same_club
1926,Boris Radunovic,ITA,2015-16,Atalanta,GK,1,90,0,0,0,0,0,0.0,0.0,0.0,0.0,0.0,0,0,258482,Boris Radunović,1996-05-26,19.27,194.0,right,Goalkeeper,Goalkeeper,Serbia,Yugoslavia (Republic),1,90,0,0,800,Atalanta BC,90,500000.0,500000.0,1.0,1.0,1.0,same_club
1927,Berat Gjimshiti,ITA,2015-16,Atalanta,D,3,270,0,0,0,1,0,0.085,0.085,0.0,0.189,0.189,1,0,165513,Berat Djimsiti,1993-02-19,22.53,190.0,right,Defender,Centre-Back,Albania,Switzerland,3,270,0,0,800,Atalanta BC,480,2000000.0,1000000.0,0.938,0.897,1.0,same_club
1928,Gaetano Monachello,ITA,2015-16,Atalanta,F S,10,349,0,0,0,15,0,1.119,1.119,0.0,1.612,0.616,2,0,162952,Gaetano Monachello,1994-03-03,21.5,185.0,left,Attack,Centre-Forward,Italy,Italy,10,355,0,0,800,Atalanta BC,445,900000.0,900000.0,0.995,1.0,0.983,same_club
1932,Sanjin Prcic,ITA,2015-16,Torino,S,2,25,0,0,0,0,1,0.0,0.0,0.04,0.084,0.044,0,0,125783,Sanjin Prcic,1993-11-20,21.78,181.0,right,Midfield,Central Midfield,Bosnia-Herzegovina,France,2,27,0,0,416,Torino FC,72,1750000.0,1400000.0,0.993,1.0,0.978,same_club
1933,Danilo Avelar,ITA,2015-16,Torino,D S,6,341,0,0,2,4,7,0.337,0.337,0.324,1.059,0.658,1,0,140748,Danilo Avelar,1989-06-09,26.23,185.0,left,Defender,Left-Back,Brazil,Brazil,6,343,0,1,416,Torino FC,442,2500000.0,2500000.0,0.998,1.0,0.994,same_club
1934,Gastón Silva,ITA,2015-16,Torino,D S,12,897,0,0,1,7,10,0.189,0.189,0.497,2.17,1.915,3,0,189452,Gastón Silva,1994-03-05,21.49,185.0,left,Defender,Left-Back,Uruguay,Uruguay,12,896,0,1,416,Torino FC,921,2000000.0,1800000.0,1.0,1.0,0.999,same_club
1936,Niklas Moisander,ITA,2015-16,Sampdoria,D S,22,1777,0,0,0,2,6,0.09,0.09,0.251,3.624,3.455,4,1,5017,Niklas Moisander,1985-09-29,29.92,183.0,left,Defender,Centre-Back,Finland,Finland,22,1776,0,0,1038,UC Sampdoria,1866,5000000.0,3000000.0,1.0,1.0,0.999,same_club
1938,Carlos Carbonero,ITA,2015-16,Sampdoria,F M S,14,1028,0,0,3,6,16,0.595,0.595,1.787,4.663,2.432,3,0,136605,Carlos Carbonero,1990-07-25,25.1,180.0,right,Midfield,Attacking Midfield,Colombia,Colombia,14,1031,0,3,1038,UC Sampdoria,1099,3000000.0,3000000.0,0.999,1.0,0.997,same_club
1942,Martín Cáceres,ITA,2015-16,Juventus,D S,6,450,0,0,0,1,2,0.029,0.029,0.092,1.281,1.219,0,0,54935,Martín Cáceres,1987-04-07,28.4,180.0,right,Defender,Centre-Back,Uruguay,Uruguay,6,449,0,0,506,Juventus FC,719,8500000.0,7000000.0,0.999,1.0,0.998,same_club
1944,William Vainqueur,ITA,2015-16,Roma,M S,16,588,0,0,2,4,5,0.127,0.127,0.458,3.255,3.125,3,0,47893,William Vainqueur,1988-11-19,26.78,179.0,right,Midfield,Defensive Midfield,France,France,16,594,0,2,12,Associazione Sportiva Roma,871,7000000.0,5000000.0,0.997,1.0,0.99,same_club
1945,Marco Tumminello,ITA,2015-16,Roma,S,1,1,0,0,0,0,0,0.0,0.0,0.0,0.0,0.0,0,0,315850,Marco Tumminello,1998-11-06,16.82,180.0,left,Attack,Centre-Forward,Italy,Italy,1,1,0,0,12,Associazione Sportiva Roma,1,,150000.0,1.0,1.0,1.0,same_club
1948,Nigel de Jong,ITA,2015-16,AC Milan,M,5,372,0,0,0,4,2,0.065,0.065,0.102,0.654,0.631,0,1,4672,Nigel de Jong,1984-11-30,30.75,174.0,right,Midfield,Defensive Midfield,Netherlands,Netherlands,5,371,0,0,5,AC Milan,461,8000000.0,4000000.0,0.999,1.0,0.997,same_club
1950,Martín Montoya,ITA,2015-16,Inter,D,3,257,0,0,0,0,3,0.0,0.0,0.04,0.871,0.846,0,0,68645,Martín Montoya,1991-04-14,24.38,175.0,right,Defender,Right-Back,Spain,Spain,3,256,0,0,46,Inter Milan,1513,10000000.0,3000000.0,0.999,1.0,0.998,same_club
1950,Martín Montoya,ITA,2015-16,Inter,D,3,257,0,0,0,0,3,0.0,0.0,0.04,0.871,0.846,0,0,68645,Martín Montoya,1991-04-14,24.38,175.0,right,Defender,Right-Back,Spain,Spain,3,256,0,0,46,Inter Milan,1513,10000000.0,3000000.0,0.999,1.0,0.996,same_club
1951,Sime Vrsaljko,ITA,2015-16,Sassuolo,D,35,3063,0,0,4,9,38,1.246,1.246,3.708,8.563,6.594,8,1,76061,Sime Vrsaljko,1992-01-10,23.64,181.0,right,Defender,Right-Back,Croatia,Croatia,35,3061,0,4,6574,US Sassuolo,3151,7500000.0,13000000.0,1.0,1.0,0.999,same_club
1953,Karim Laribi,ITA,2015-16,Sassuolo,M S,11,481,0,0,0,10,11,0.669,0.669,1.088,1.662,0.932,0,0,124911,Karim Laribi,1991-04-20,24.37,175.0,right,Midfield,Central Midfield,Tunisia,Italy,11,483,0,0,6574,US Sassuolo,483,1400000.0,1400000.0,0.999,1.0,0.996,same_club
1954,Samuel Souprayen,ITA,2015-16,Verona,D S,20,1580,0,0,0,8,14,0.461,0.461,1.188,3.504,2.735,5,1,60599,Samuel Souprayen,1989-02-18,26.53,187.0,left,Defender,Centre-Back,France,Réunion,20,1582,0,0,276,Hellas Verona,1722,1000000.0,1000000.0,1.0,1.0,0.999,same_club
1956,Mohamed Fares,ITA,2015-16,Verona,D M S,11,541,0,0,1,4,7,0.104,0.104,0.78,1.655,0.933,2,0,287700,Mohamed Fares,1996-02-15,19.54,183.0,left,Defender,Left-Back,Algeria,France,11,547,0,1,276,Hellas Verona,637,100000.0,500000.0,0.997,1.0,0.989,same_club
1958,Mattia Zaccagni,ITA,2015-16,Verona,S,3,45,0,0,0,2,0,0.068,0.068,0.0,0.068,0.0,0,0,283735,Mattia Zaccagni,1995-06-16,20.21,177.0,right,Attack,Left Winger,Italy,Italy,3,49,0,0,276,Hellas Verona,78,250000.0,300000.0,0.987,1.0,0.956,same_club
1964,Davide Bertoncini,ITA,2015-16,Frosinone,D S,5,363,0,0,0,0,2,0.0,0.0,0.056,0.132,0.132,1,0,91914,Davide Bertoncini,1991-05-09,24.31,188.0,right,Defender,Centre-Back,Italy,Italy,5,366,0,0,8970,Frosinone Calcio,366,200000.0,150000.0,0.998,1.0,0.992,same_club
1967,Gilberto,ITA,2015-16,"Fiorentina,Verona",M S,10,453,0,0,0,7,4,0.337,0.337,0.216,1.428,0.913,2,0,231614,Gilberto,1993-03-07,22.49,181.0,right,Defender,Right-Back,Brazil,Brazil,10,457,0,0,"276,430","Hellas Verona,ACF Fiorentina",519,1700000.0,1000000.0,0.997,1.0,0.991,same_club
1971,Simone Romagnoli,ITA,2015-16,Carpi,D,30,2639,0,0,0,12,5,0.564,0.564,0.749,1.945,1.861,5,0,88706,Simone Romagnoli,1990-02-09,25.56,193.0,right,Defender,Centre-Back,Italy,Italy,30,2638,0,0,4102,AC Carpi,2938,1600000.0,1500000.0,1.0,1.0,1.0,same_club
1974,Zeljko Brkic,ITA,2015-16,Carpi,GK S,4,332,0,0,0,0,0,0.0,0.0,0.0,0.282,0.282,0,0,37278,Zeljko Brkic,1986-07-09,29.15,198.0,right,Goalkeeper,Goalkeeper,Serbia,Jugoslawien (SFR),4,332,0,0,4102,AC Carpi,602,3200000.0,1700000.0,1.0,1.0,1.0,same_club
1975,Marquinho,ITA,2015-16,Udinese,M S,11,436,0,0,0,8,5,0.324,0.324,0.241,1.401,1.099,3,0,53288,Marquinho,1986-07-03,29.16,182.0,left,Midfield,Attacking Midfield,Brazil,Brazil,11,446,0,0,410,Udinese Calcio,626,2000000.0,1400000.0,0.993,1.0,0.978,same_club
1977,Manuel Iturra,ITA,2015-16,Udinese,M S,17,1040,0,0,1,4,5,0.555,0.555,0.653,2.883,1.699,8,0,40428,Manuel Iturra,1984-06-23,31.19,174.0,right,Midfield,Defensive Midfield,Chile,Chile,17,1029,0,1,410,Udinese Calcio,1547,4000000.0,2000000.0,0.999,1.0,0.997,same_club
1977,Manuel Iturra,ITA,2015-16,Udinese,M S,17,1040,0,0,1,4,5,0.555,0.555,0.653,2.883,1.699,8,0,40428,Manuel Iturra,1984-06-23,31.19,174.0,right,Midfield,Defensive Midfield,Chile,Chile,17,1029,0,1,410,Udinese Calcio,1547,4000000.0,2000000.0,0.997,1.0,0.989,same_club
1978,Rodrigo Aguirre,ITA,2015-16,Udinese,F S,10,333,0,0,1,7,6,0.866,0.866,1.016,2.033,0.925,1,0,189410,Rodrigo Aguirre,1994-10-01,20.92,182.0,left,Attack,Centre-Forward,Uruguay,Uruguay,10,336,0,1,410,Udinese Calcio,360,1400000.0,1400000.0,0.997,1.0,0.991,same_club
1979,Filippo Falco,ITA,2015-16,Bologna,F S,9,204,0,0,0,4,3,0.132,0.132,0.18,0.345,0.265,1,0,70689,Filippo Falco,1992-02-11,23.55,171.0,left,Attack,Right Winger,Italy,Italy,9,212,0,0,1025,Bologna Football Club 1909,212,900000.0,1000000.0,0.989,1.0,0.962,same_club
1980,Franco Zuculini,ITA,2015-16,Bologna,S,1,16,0,0,0,0,0,0.0,0.0,0.0,0.033,0.033,0,0,73083,Franco Zuculini,1990-09-05,24.99,176.0,right,Midfield,Central Midfield,Argentina,Argentina,1,18,0,0,1025,Bologna Football Club 1909,18,1500000.0,1500000.0,0.993,1.0,0.978,same_club
1985,Marcelo Estigarribia,ITA,2015-16,Atalanta,S,4,20,0,0,0,0,0,0.0,0.0,0.0,0.033,0.033,0,0,76329,Marcelo Estigarribia,1987-09-21,27.95,181.0,left,Midfield,Central Midfield,Paraguay,Paraguay,4,25,0,0,800,Atalanta BC,115,1700000.0,1400000.0,0.983,1.0,0.944,same_club
1987,Zdravko Kuzmanovic,ITA,2015-16,Udinese,M S,16,1131,0,0,0,7,9,0.749,0.749,0.19,2.69,1.886,5,0,25441,Zdravko Kuzmanovic,1987-09-22,27.94,186.0,right,Midfield,Central Midfield,Serbia,Switzerland,16,1132,0,0,410,Udinese Calcio,1387,3000000.0,2000000.0,1.0,1.0,0.999,same_club
1989,Francesco Bardi,ITA,2015-16,Frosinone,GK,2,119,0,0,0,0,0,0.0,0.0,0.0,0.386,0.386,1,0,110925,Francesco Bardi,1992-01-18,23.62,188.0,right,Goalkeeper,Goalkeeper,Italy,Italy,2,120,0,0,8970,Frosinone Calcio,300,7000000.0,4000000.0,0.997,1.0,0.992,same_club
1994,Fabrizio Poli,ITA,2015-16,Carpi,D,10,853,0,0,0,0,2,0.0,0.0,0.125,0.583,0.54,5,0,124173,Fabrizio Poli,1989-05-26,26.27,185.0,right,Defender,Centre-Back,Italy,Italy,10,850,0,1,4102,AC Carpi,850,500000.0,600000.0,0.999,1.0,0.996,same_club
1997,Andrea Favilli,ITA,2015-16,Juventus,S,1,1,0,0,0,0,0,0.0,0.0,0.0,0.0,0.0,0,0,340151,Andrea Favilli,1997-05-17,18.29,191.0,right,Attack,Centre-Forward,Italy,Italy,1,1,0,0,506,Juventus FC,1,100000.0,300000.0,1.0,1.0,1.0,same_club
2003,Antonio La Gumina,ITA,2015-16,Palermo,S,3,57,0,0,0,3,0,0.212,0.212,0.0,0.16,0.0,0,0,287876,Antonino La Gumina,1996-03-06,19.49,182.0,right,Attack,Centre-Forward,Italy,Italy,3,63,0,0,458,Palermo FC,63,250000.0,250000.0,0.963,0.971,0.933,same_club
2008,Lorenzo Di Livio,ITA,2015-16,Roma,S,1,19,0,0,0,0,0,0.0,0.0,0.0,0.067,0.067,1,0,315568,Lorenzo Di Livio,1997-01-11,18.64,175.0,right,Midfield,Attacking Midfield,Italy,Italy,1,20,0,0,12,Associazione Sportiva Roma,20,75000.0,150000.0,0.997,1.0,0.989,same_club
2010,Simone Edera,ITA,2015-16,Torino,S,2,4,0,0,0,0,0,0.0,0.0,0.0,0.0,0.0,0,0,340070,Simone Edera,1997-01-09,18.64,174.0,left,Attack,Right Winger,Italy,Italy,2,6,0,0,416,Torino FC,6,175000.0,200000.0,0.993,1.0,0.978,same_club
2018,Amauri,ITA,2015-16,Torino,S,1,6,0,0,0,0,1,0.0,0.0,0.013,0.072,0.059,0,0,6234,Amauri,1980-06-03,35.24,188.0,right,Attack,Centre-Forward,Italy,Brazil,1,8,0,0,416,Torino FC,39,300000.0,300000.0,0.993,1.0,0.978,same_club
2019,Federico Bonazzoli,ITA,2015-16,Sampdoria,S,4,68,0,0,0,1,0,0.017,0.017,0.0,0.037,0.02,0,0,241527,Federico Bonazzoli,1997-05-21,18.28,185.0,left,Attack,Centre-Forward,Italy,Italy,4,69,0,0,1038,UC Sampdoria,160,3500000.0,2800000.0,0.997,1.0,0.989,same_club
2020,Michele Rocca,ITA,2015-16,Sampdoria,S,1,27,0,0,0,0,0,0.0,0.0,0.0,0.035,0.035,0,0,257118,Michele Rocca,1996-02-06,19.57,183.0,right,Midfield,Central Midfield,Italy,Italy,1,29,0,0,1038,UC Sampdoria,29,250000.0,600000.0,0.993,1.0,0.978,same_club
2021,Salih Ucan,ITA,2015-16,Roma,S,3,37,0,0,1,1,1,0.106,0.106,0.117,0.746,0.629,0,0,170838,Salih Uçan,1994-01-06,21.65,182.0,right,Midfield,Central Midfield,Türkiye,Türkiye,3,39,0,0,12,Associazione Sportiva Roma,181,4000000.0,3000000.0,0.993,1.0,0.978,same_club
2025,Matuzalém,ITA,2015-16,Verona,M S,7,201,0,0,0,0,1,0.0,0.0,0.01,0.23,0.22,1,0,5974,Matuzalém,1980-06-10,35.23,178.0,left,Midfield,Defensive Midfield,Brazil,Brazil,7,207,0,0,276,Hellas Verona,207,500000.0,300000.0,0.991,1.0,0.971,same_club
2026,Nicolás Castillo,ITA,2015-16,Frosinone,F S,6,302,0,0,0,10,1,0.489,0.489,0.015,0.307,0.12,1,0,145602,Nicolás Castillo,1993-02-14,22.54,179.0,right,Attack,Centre-Forward,Chile,Chile,6,309,0,0,8970,Frosinone Calcio,309,3000000.0,2300000.0,0.993,1.0,0.977,same_club
2028,Ronaldo,ITA,2015-16,Empoli,M S,2,88,0,0,0,6,1,0.094,0.094,0.053,0.31,0.251,1,0,146660,Ronaldo,1990-04-08,25.4,178.0,right,Midfield,Defensive Midfield,Brazil,Brazil,3,107,0,0,749,FC Empoli,107,350000.0,200000.0,0.947,1.0,0.822,same_club
2034,Rafael Márquez,ITA,2015-16,Verona,D,9,763,0,0,0,5,4,0.392,0.392,0.168,0.515,0.467,3,0,2904,Rafa Márquez,1979-02-13,36.55,184.0,right,Defender,Centre-Back,Mexico,Mexico,9,759,0,0,276,Hellas Verona,849,500000.0,300000.0,0.968,0.95,0.995,same_club
2038,Giuseppe Panico,ITA,2015-16,Genoa,S,1,7,0,0,0,0,0,0.0,0.0,0.0,0.0,0.0,0,0,287648,Giuseppe Panico,1997-05-10,18.31,178.0,right,Attack,Centre-Forward,Italy,Italy,1,7,0,0,252,Genoa CFC,7,175000.0,300000.0,1.0,1.0,1.0,same_club
2044,Daniele Verde,ITA,2015-16,Frosinone,M S,6,119,0,0,0,10,1,0.321,0.321,0.039,0.36,0.0,0,0,256361,Daniele Verde,1996-06-20,19.2,168.0,left,Attack,Right Winger,Italy,Italy,6,128,0,0,8970,Frosinone Calcio,165,1000000.0,900000.0,0.979,1.0,0.93,same_club
2048,Antonio Nocerino,ITA,2015-16,AC Milan,M S,2,66,0,0,0,0,1,0.0,0.0,0.083,0.155,0.072,0,0,22203,Antonio Nocerino,1985-04-09,30.4,175.0,right,Midfield,Central Midfield,Italy,Italy,2,65,0,0,5,AC Milan,136,1800000.0,750000.0,0.997,1.0,0.989,same_club
2049,Kamil Wilczek,ITA,2015-16,Carpi,F S,3,116,0,0,0,5,1,0.347,0.347,0.037,0.437,0.128,0,0,78590,Kamil Wilczek,1988-01-14,27.63,185.0,left,Attack,Centre-Forward,Poland,Poland,3,115,0,0,4102,AC Carpi,1160,850000.0,700000.0,0.997,1.0,0.991,same_club
2054,Igor Bubnjic,ITA,2015-16,Carpi,D S,9,723,0,0,0,9,1,1.271,1.271,0.018,0.549,0.549,1,0,187090,Igor Bubnjic,1992-07-17,23.12,188.0,left,Defender,Centre-Back,Croatia,Croatia,9,722,0,0,4102,AC Carpi,842,1300000.0,900000.0,1.0,1.0,0.999,same_club
2055,Wallace Oliveira,ITA,2015-16,Carpi,D S,6,156,0,0,1,5,4,0.082,0.082,0.113,0.294,0.204,1,0,181779,Wallace Oliveira,1994-05-01,21.34,175.0,right,Defender,Right-Back,Brazil,Brazil,6,159,0,0,4102,AC Carpi,204,2000000.0,1500000.0,0.994,1.0,0.981,same_club
2056,Francesco Benussi,ITA,2015-16,Carpi,GK,4,298,0,0,0,0,0,0.0,0.0,0.0,0.021,0.021,0,0,21829,Francesco Benussi,1981-10-15,33.88,189.0,right,Goalkeeper,Goalkeeper,Italy,Italy,4,298,0,0,4102,AC Carpi,418,100000.0,100000.0,1.0,1.0,1.0,same_club
3862,Luigi Giorgi,ITA,2015-16,Atalanta,S,1,13,0,0,0,0,1,0.0,0.0,0.013,0.19,0.19,0,0,57389,Luigi Giorgi,1987-04-19,28.37,186.0,right,Midfield,Central Midfield,Italy,Italy,1,13,0,0,800,Atalanta BC,13,600000.0,450000.0,1.0,1.0,1.0,same_club
4032,Luca Martinelli,ITA,2015-16,Empoli,D,1,90,0,0,0,1,0,0.155,0.155,0.0,0.0,0.0,0,0,84751,Luca Martinelli,1988-12-20,26.7,185.0,right,Defender,Centre-Back,Italy,Italy,1,90,0,0,749,FC Empoli,162,150000.0,250000.0,1.0,1.0,1.0,same_club
5821,Alexander Merkel,ITA,2015-16,Udinese,M,1,59,0,0,0,1,1,0.008,0.008,0.047,0.065,0.01,1,0,86926,Alexander Merkel,1992-02-22,23.52,179.0,right,Midfield,Central Midfield,,,1,58,0,0,410,Udinese Calcio,58,500000.0,400000.0,0.997,1.0,0.989,same_club
1741,Zlatan Ibrahimovic,FRA,2015-16,Paris Saint Germain,F S,31,2553,38,33,13,155,46,28.366,23.806,9.098,36.009,11.614,1,0,3455,Zlatan Ibrahimović,1981-10-03,33.91,195.0,right,Attack,Centre-Forward,Sweden,Sweden,31,2553,38,13,583,Paris Saint-Germain,3523,15000000.0,15000000.0,1.0,1.0,1.0,same_club
3277,Alexandre Lacazette,FRA,2015-16,Lyon,F,34,2969,21,19,3,95,44,21.035,18.755,4.388,25.342,8.529,5,0,93720,Alexandre Lacazette,1991-05-28,24.26,175.0,right,Attack,Centre-Forward,France,France,34,2962,21,3,1041,Olympique Lyon,3553,30000000.0,30000000.0,0.999,1.0,0.998,same_club
3294,Edinson Cavani,FRA,2015-16,Paris Saint Germain,F S,32,2302,19,19,5,86,24,19.377,18.617,3.128,25.401,8.246,3,0,48280,Edinson Cavani,1987-02-14,28.54,184.0,right,Attack,Centre-Forward,Uruguay,Uruguay,32,2306,19,5,583,Paris Saint-Germain,3010,42000000.0,40000000.0,0.999,1.0,0.998,same_club
1678,Michy Batshuayi,FRA,2015-16,Marseille,F S,36,2941,17,15,9,122,27,18.576,17.056,3.36,21.579,4.37,8,0,179184,Michy Batshuayi,1993-10-02,21.91,185.0,right,Attack,Centre-Forward,Belgium,Belgium,36,2937,17,9,244,Olympique Marseille,3490,8000000.0,15000000.0,1.0,1.0,0.999,same_club
3210,Wissam Ben Yedder,FRA,2015-16,Toulouse,F M S,35,2907,17,15,5,93,31,17.166,13.365,3.833,17.154,3.205,2,0,146854,Wissam Ben Yedder,1990-08-12,25.05,170.0,both,Attack,Centre-Forward,France,France,35,2893,17,5,415,FC Toulouse,2893,8000000.0,8000000.0,0.999,1.0,0.995,same_club
3638,Hatem Ben Arfa,FRA,2015-16,Nice,F M S,34,2855,17,12,6,92,33,10.823,7.022,4.824,15.125,7.117,2,0,18900,Hatem Ben Arfa,1987-03-07,28.49,179.0,left,Midfield,Attacking Midfield,France,France,34,2842,17,6,417,OGC Nice,2842,6000000.0,10000000.0,0.999,1.0,0.995,same_club
3309,Valère Germain,FRA,2015-16,Nice,F M S,38,3139,14,14,6,62,45,11.036,11.036,4.286,18.637,6.413,3,0,60540,Valère Germain,1990-04-17,25.37,181.0,right,Attack,Centre-Forward,France,France,38,3119,14,6,417,OGC Nice,3119,3000000.0,5500000.0,0.998,1.0,0.994,same_club
3570,Benjamin Moukandjo,FRA,2015-16,Lorient,F M S,31,2235,13,8,1,57,20,11.172,7.371,1.629,8.596,1.749,3,0,59957,Benjamin Moukandjo,1988-11-12,26.8,180.0,right,Attack,Centre-Forward,Cameroon,Cameroon,31,2232,13,2,1158,FC Lorient,2232,2500000.0,4500000.0,1.0,1.0,0.999,same_club
3226,Ousmane Dembélé,FRA,2015-16,Rennes,F M S,26,1939,12,11,5,56,43,6.854,6.094,3.824,9.743,1.636,1,0,288230,Ousmane Dembélé,1997-05-15,18.3,179.0,both,Attack,Centre-Forward,France,France,26,1941,12,5,273,Stade Rennais FC,1941,,12000000.0,1.0,1.0,0.999,same_club
3530,Andy Delort,FRA,2015-16,Caen,F S,36,3142,12,8,2,141,38,15.975,12.175,4.097,15.718,2.841,5,0,122797,Andy Delort,1991-10-09,23.9,181.0,right,Attack,Centre-Forward,Algeria,France,36,3141,12,2,1162,SM Caen,3141,1500000.0,5000000.0,1.0,1.0,1.0,same_club
1734,Sofiane Boufal,FRA,2015-16,Lille,F M S,29,2351,11,9,4,50,72,4.825,3.305,8.331,11.389,4.477,10,2,232271,Sofiane Boufal,1993-09-17,21.95,175.0,right,Midfield,Attacking Midfield,Morocco,France,29,2342,11,4,1082,LOSC Lille,2342,4500000.0,9000000.0,0.999,1.0,0.996,same_club
3211,Martin Braithwaite,FRA,2015-16,Toulouse,F M S,36,2942,11,9,0,108,25,15.924,13.644,3.108,17.417,2.988,1,0,95732,Martin Braithwaite,1991-06-05,24.24,177.0,right,Attack,Centre-Forward,Denmark,Denmark,36,2933,11,0,415,FC Toulouse,2933,3000000.0,3500000.0,0.999,1.0,0.997,same_club
3461,Majeed Waris,FRA,2015-16,Lorient,F S,21,1659,11,9,3,55,20,9.397,7.877,1.931,11.072,2.966,1,1,146805,Majeed Waris,1991-09-19,23.95,172.0,right,Attack,Second Striker,Ghana,Ghana,21,1655,11,3,1158,FC Lorient,1906,4250000.0,4000000.0,0.999,1.0,0.998,same_club
3526,Ronny Rodelin,FRA,2015-16,"Caen,Lille",F M S,35,2882,10,10,2,77,39,6.461,6.461,3.833,11.355,4.095,1,0,76055,Ronny Rodelin,1989-11-18,25.79,193.0,right,Attack,Right Winger,France,Réunion,35,2866,10,2,"1082,1162","LOSC Lille,SM Caen",2866,1500000.0,2500000.0,0.998,1.0,0.994,same_club
3553,Ángel Di María,FRA,2015-16,Paris Saint Germain,F M S,29,2138,10,10,18,69,99,6.792,6.792,17.349,26.594,13.538,0,0,45320,Ángel Di María,1988-02-14,27.55,178.0,left,Attack,Right Winger,Argentina,Argentina,29,2134,10,18,583,Paris Saint-Germain,2900,50000000.0,60000000.0,0.999,1.0,0.998,same_club
3577,Cheick Diabaté,FRA,2015-16,Bordeaux,F S,22,1450,10,9,4,38,14,6.968,6.208,2.599,7.348,1.692,0,1,78082,Cheick Diabaté,1988-04-25,27.35,194.0,right,Attack,Centre-Forward,Mali,Mali,22,1445,10,4,40,FC Girondins Bordeaux,1700,4500000.0,4500000.0,0.999,1.0,0.997,same_club
3231,Kamil Grosicki,FRA,2015-16,Rennes,F M S,33,1519,9,9,3,50,25,4.76,4.76,3.131,7.374,2.094,2,0,37920,Kamil Grosicki,1988-06-08,27.23,180.0,right,Attack,Left Winger,Poland,Poland,33,1526,9,4,273,Stade Rennais FC,1526,2000000.0,4500000.0,0.999,1.0,0.995,same_club
3293,Lucas Moura,FRA,2015-16,Paris Saint Germain,F M S,36,2337,9,8,4,63,57,9.758,8.997,5.324,20.695,10.38,3,0,77100,Lucas Moura,1992-08-13,23.05,172.0,right,Attack,Right Winger,Brazil,Brazil,36,2325,9,4,583,Paris Saint-Germain,2773,32000000.0,35000000.0,0.998,1.0,0.995,same_club
3492,Cheikh Ndoye,FRA,2015-16,Angers,M,32,2773,9,9,4,68,24,6.794,6.794,2.439,7.143,2.553,5,2,282058,Cheikh N'Doye,1986-03-29,29.43,193.0,right,Midfield,Central Midfield,Senegal,Senegal,32,2775,9,4,1420,Angers SCO,2775,1000000.0,3500000.0,0.928,0.88,0.999,same_club
3512,Nolan Roux,FRA,2015-16,Saint-Etienne,F M S,29,1969,9,8,2,57,22,9.926,9.165,2.769,12.676,3.041,4,0,81460,Nolan Roux,1988-03-01,27.5,182.0,right,Attack,Centre-Forward,France,France,29,1965,9,2,618,AS Saint-Étienne,2828,4500000.0,3500000.0,0.999,1.0,0.998,same_club
3276,Rachid Ghezzal,FRA,2015-16,Lyon,F M S,29,1579,8,8,8,53,46,4.823,4.823,7.292,13.395,7.935,5,0,118287,Rachid Ghezzal,1992-05-09,23.31,182.0,left,Attack,Right Winger,Algeria,France,29,1589,8,8,1041,Olympique Lyon,1737,2000000.0,2500000.0,0.998,1.0,0.994,same_club
3278,Maxwel Cornet,FRA,2015-16,Lyon,F M S,31,1497,8,8,1,30,23,4.527,4.527,2.023,8.934,2.686,3,1,234781,Maxwel Cornet,1996-09-27,18.93,179.0,left,Attack,Left Winger,Cote d'Ivoire,Cote d'Ivoire,31,1510,8,1,1041,Olympique Lyon,1633,1000000.0,2500000.0,0.997,1.0,0.991,same_club
3328,Floyd Ayité,FRA,2015-16,SC Bastia,F M S,32,2633,8,7,3,73,33,6.991,6.231,1.831,9.201,3.131,2,1,77974,Floyd Ayité,1988-12-15,26.71,175.0,right,Attack,Left Winger,Togo,France,32,2629,7,3,595,SC Bastia,2629,2500000.0,2500000.0,0.966,1.0,0.998,same_club
3377,Mohamed Larbi,FRA,2015-16,GFC Ajaccio,F M S,30,2297,8,7,3,43,44,4.335,2.814,3.494,9.367,6.083,0,0,138949,Mohamed Larbi,1987-09-02,28.0,186.0,both,Midfield,Attacking Midfield,Tunisia,Tunisia,30,2285,8,3,3558,GFC Ajaccio,2285,600000.0,1250000.0,0.998,1.0,0.995,same_club
3228,Giovanni Sio,FRA,2015-16,Rennes,F M S,34,2605,7,7,7,70,29,9.505,8.745,4.543,13.549,2.009,8,2,76293,Giovanni Sio,1989-03-31,26.42,180.0,left,Attack,Centre-Forward,Cote d'Ivoire,France,34,2602,7,7,273,Stade Rennais FC,2602,2000000.0,3000000.0,1.0,1.0,0.999,same_club
3261,Diego Rolan,FRA,2015-16,Bordeaux,F M S,31,2108,7,7,4,49,31,8.906,8.906,2.913,9.092,2.124,4,0,193938,Diego Rolán,1993-03-24,22.44,177.0,right,Attack,Centre-Forward,Uruguay,Uruguay,31,2122,7,4,40,FC Girondins Bordeaux,2629,7500000.0,8000000.0,0.998,1.0,0.993,same_club
3344,Casimir Ninga,FRA,2015-16,Montpellier,F M S,26,1986,7,7,4,44,16,5.326,5.326,2.219,8.318,1.817,6,0,392810,Casimir Ninga,1993-05-17,22.29,186.0,right,Attack,Centre-Forward,Chad,Chad,26,1970,7,4,969,Montpellier HSC,1970,,1500000.0,0.998,1.0,0.992,same_club
3460,Benjamin Jeannot,FRA,2015-16,Lorient,F S,29,1774,7,7,1,63,18,7.218,7.218,1.188,10.116,2.105,4,0,111048,Benjamin Jeannot,1992-01-22,23.61,183.0,right,Attack,Centre-Forward,France,France,29,1792,7,1,1158,FC Lorient,1792,2000000.0,2500000.0,0.997,1.0,0.99,same_club
3473,Yannis Salibur,FRA,2015-16,Guingamp,F M S,30,2355,7,7,6,78,28,4.457,4.457,3.012,8.113,2.926,3,1,79893,Yannis Salibur,1991-01-24,24.6,177.0,left,Attack,Right Winger,France,France,30,2341,7,6,855,EA Guingamp,2341,800000.0,2000000.0,0.998,1.0,0.994,same_club
3477,Jimmy Briand,FRA,2015-16,Guingamp,F S,35,2940,7,7,7,65,42,8.582,7.822,5.886,15.851,4.899,2,0,18909,Jimmy Briand,1985-08-02,30.08,181.0,right,Attack,Centre-Forward,France,France,35,2938,7,7,855,EA Guingamp,2938,2500000.0,2500000.0,1.0,1.0,0.999,same_club
3478,Sloan Privat,FRA,2015-16,Guingamp,F S,27,1245,7,7,1,38,14,6.528,5.768,1.518,6.096,1.102,3,0,66407,Sloan Privat,1989-07-24,26.11,186.0,right,Attack,Centre-Forward,French Guiana,French Guiana,27,1249,7,1,855,EA Guingamp,1249,1500000.0,1500000.0,0.999,1.0,0.997,same_club
3590,Souleymane Camara,FRA,2015-16,Montpellier,F M S,33,1998,7,7,6,46,21,8.375,8.375,3.288,12.013,2.924,1,0,5303,Souleymane Camara,1982-12-22,32.69,174.0,right,Attack,Right Winger,Senegal,Senegal,33,2009,7,6,969,Montpellier HSC,2009,500000.0,500000.0,0.998,1.0,0.995,same_club
3635,Bernardo Silva,FRA,2015-16,Monaco,F M S,32,2246,7,7,1,41,43,6.509,6.509,3.864,14.748,7.735,7,0,241641,Bernardo Silva,1994-08-10,21.06,173.0,left,Midfield,Attacking Midfield,Portugal,Portugal,32,2238,7,1,162,AS Monaco,2887,12000000.0,15000000.0,0.999,1.0,0.996,same_club
963,Eder,FRA,2015-16,Lille,F S,13,1076,6,5,4,31,9,5.665,4.905,2.807,6.57,1.418,1,0,84481,Éder,1987-12-22,27.69,190.0,both,Attack,Centre-Forward,Portugal,Guinea-Bissau,13,1072,6,4,1082,LOSC Lille,1341,6000000.0,5000000.0,0.982,1.0,0.941,same_club
963,Eder,FRA,2015-16,Lille,F S,13,1076,6,5,4,31,9,5.665,4.905,2.807,6.57,1.418,1,0,84481,Éder,1987-12-22,27.69,190.0,both,Attack,Centre-Forward,Portugal,Guinea-Bissau,13,1072,6,4,1082,LOSC Lille,1341,6000000.0,5000000.0,0.999,1.0,0.996,same_club
3244,Nicolas de Preville,FRA,2015-16,Reims,F M S,36,2926,6,6,9,90,77,9.05,9.05,9.737,16.054,3.197,4,0,122116,Nicolas de Préville,1991-01-08,24.65,182.0,right,Attack,Centre-Forward,France,France,36,2924,7,9,1421,Stade Reims,2924,2000000.0,2500000.0,0.966,1.0,0.999,same_club
3310,Alassane Pléa,FRA,2015-16,Nice,F M S,19,1421,6,6,4,46,12,5.257,5.257,2.48,8.997,2.79,1,0,167329,Alassane Pléa,1993-03-10,22.48,181.0,right,Attack,Centre-Forward,France,France,19,1413,6,4,417,OGC Nice,1413,2500000.0,4000000.0,0.998,1.0,0.994,same_club
3380,Khalid Boutaib,FRA,2015-16,GFC Ajaccio,F M S,31,1929,6,6,1,56,29,4.836,4.836,1.55,7.079,2.015,3,0,231941,Khalid Boutaïb,1987-04-24,28.36,189.0,right,Attack,Centre-Forward,Morocco,France,31,1928,6,1,3558,GFC Ajaccio,1928,400000.0,1000000.0,1.0,1.0,0.999,same_club
3406,Emiliano Sala,FRA,2015-16,Nantes,F M S,31,1956,6,6,3,61,30,5.99,5.99,3.139,9.699,3.134,3,0,190780,Emiliano Sala,1990-10-31,24.84,187.0,right,Attack,Centre-Forward,Argentina,Argentina,31,1957,6,3,995,FC Nantes,1957,1500000.0,2000000.0,1.0,1.0,0.999,same_club
3420,Fabinho,FRA,2015-16,Monaco,D M,34,3060,6,0,4,29,25,5.418,0.858,3.177,8.816,6.3,9,0,225693,Fabinho,1993-10-23,21.86,188.0,right,Midfield,Defensive Midfield,Brazil,Brazil,34,3060,6,4,162,AS Monaco,3870,8000000.0,15000000.0,1.0,1.0,1.0,same_club
3474,Younousse Sankhare,FRA,2015-16,Guingamp,M,33,2924,6,6,2,28,18,3.402,3.402,2.115,10.241,6.014,9,2,55409,Younousse Sankharé,1989-09-10,25.97,184.0,left,Midfield,Central Midfield,Senegal,France,33,2921,6,2,855,EA Guingamp,2921,3000000.0,3000000.0,1.0,1.0,0.999,same_club
3515,Valentin Eysseric,FRA,2015-16,"Nice,Saint-Etienne",F M S,30,1742,6,4,4,37,43,3.755,2.235,3.638,6.461,3.175,6,0,126687,Valentin Eysseric,1992-03-25,23.44,181.0,right,Midfield,Attacking Midfield,France,France,30,1744,6,4,"417,618","OGC Nice,AS Saint-Étienne",2155,3500000.0,4500000.0,1.0,1.0,0.999,same_club
734,Wahbi Khazri,FRA,2015-16,Bordeaux,F M,20,1609,5,5,7,40,54,5.327,4.567,4.849,7.438,1.694,7,0,103565,Wahbi Khazri,1991-02-08,24.56,176.0,right,Attack,Left Winger,Tunisia,France,20,1586,5,7,40,FC Girondins Bordeaux,3101,7000000.0,8000000.0,0.997,1.0,0.991,same_club
734,Wahbi Khazri,FRA,2015-16,Bordeaux,F M,20,1609,5,5,7,40,54,5.327,4.567,4.849,7.438,1.694,7,0,103565,Wahbi Khazri,1991-02-08,24.56,176.0,right,Attack,Left Winger,Tunisia,France,20,1586,5,7,40,FC Girondins Bordeaux,3101,7000000.0,8000000.0,0.996,1.0,0.986,same_club
1729,Georges-Kévin Nkoudou,FRA,2015-16,Marseille,F M S,28,2074,5,5,3,46,25,3.48,3.48,2.836,7.797,2.439,0,0,215679,Georges-Kevin N'Koudou,1995-02-13,20.55,172.0,right,Attack,Left Winger,Cameroon,France,28,2077,5,3,244,Olympique Marseille,2591,2000000.0,5000000.0,0.958,0.93,0.999,same_club
2502,Claudio Beauvue,FRA,2015-16,Lyon,F S,19,1287,5,4,2,64,15,6.963,6.203,1.768,6.966,0.968,0,0,58818,Claudio Beauvue,1988-04-16,27.38,175.0,right,Attack,Centre-Forward,Guadeloupe,Guadeloupe,19,1282,5,2,1041,Olympique Lyon,2111,5000000.0,5000000.0,0.999,1.0,0.996,same_club
2502,Claudio Beauvue,FRA,2015-16,Lyon,F S,19,1287,5,4,2,64,15,6.963,6.203,1.768,6.966,0.968,0,0,58818,Claudio Beauvue,1988-04-16,27.38,175.0,right,Attack,Centre-Forward,Guadeloupe,Guadeloupe,19,1282,5,2,1041,Olympique Lyon,2111,5000000.0,5000000.0,0.999,1.0,0.996,same_club
3237,Aissa Mandi,FRA,2015-16,Reims,D,32,2862,5,5,1,20,4,4.269,4.269,0.65,6.277,5.38,3,1,80293,Aïssa Mandi,1991-10-22,23.86,184.0,right,Defender,Centre-Back,Algeria,France,32,2860,5,1,1421,Stade Reims,2860,4000000.0,4500000.0,1.0,1.0,0.999,same_club
3259,Adam Ounas,FRA,2015-16,Bordeaux,F M S,23,1314,5,5,2,46,22,4.042,4.042,2.13,7.151,3.124,4,0,400485,Adam Ounas,1996-11-11,18.8,172.0,left,Attack,Right Winger,Algeria,France,23,1315,5,2,40,FC Girondins Bordeaux,1333,,1500000.0,1.0,1.0,0.999,same_club
3329,Gaël Danic,FRA,2015-16,SC Bastia,F M S,37,2712,5,4,4,42,54,4.391,3.631,5.156,8.382,2.835,7,0,5457,Gaël Danic,1981-11-19,33.78,176.0,left,Attack,Left Winger,France,France,37,2702,5,4,595,SC Bastia,2702,500000.0,500000.0,0.999,1.0,0.996,same_club
3340,Bryan Dabo,FRA,2015-16,Montpellier,D M S,36,2853,5,5,1,35,22,3.751,3.751,1.8,8.63,6.303,7,0,149446,Bryan Dabo,1992-02-18,23.53,187.0,right,Midfield,Central Midfield,Burkina Faso,France,36,2855,5,1,969,Montpellier HSC,2855,2000000.0,2500000.0,1.0,1.0,0.999,same_club
3366,Yassine Benzia,FRA,2015-16,Lille,F M S,25,1349,5,5,0,37,16,3.79,3.79,0.804,5.447,1.254,4,0,187847,Yassine Benzia,1994-09-08,20.98,178.0,right,Midfield,Attacking Midfield,Algeria,France,25,1337,5,0,1082,LOSC Lille,1404,2000000.0,3500000.0,0.997,1.0,0.991,same_club
3378,Jacques Zoua,FRA,2015-16,GFC Ajaccio,F M S,31,2352,5,3,2,47,35,5.834,4.314,1.805,7.251,2.711,1,0,106181,Jacques Zoua,1991-09-06,23.99,189.0,right,Attack,Centre-Forward,Cameroon,Cameroon,31,2354,5,2,3558,GFC Ajaccio,2354,1500000.0,2000000.0,1.0,1.0,0.999,same_club
3390,Rémy Cabella,FRA,2015-16,Marseille,F M S,34,2574,5,5,3,49,49,4.629,4.629,4.691,11.612,5.512,9,0,113707,Rémy Cabella,1990-03-08,25.48,172.0,right,Midfield,Attacking Midfield,France,France,34,2562,5,3,244,Olympique Marseille,2983,9000000.0,8000000.0,0.999,1.0,0.995,same_club
3394,Romain Alessandrini,FRA,2015-16,Marseille,F M S,22,1266,5,5,4,58,15,4.087,4.087,2.45,7.508,3.399,1,2,98334,Romain Alessandrini,1989-04-03,26.41,173.0,left,Attack,Right Winger,France,France,22,1249,5,4,244,Olympique Marseille,1591,5000000.0,5000000.0,0.996,1.0,0.987,same_club
3425,Thomas Lemar,FRA,2015-16,Monaco,F M S,26,1810,5,5,3,36,29,2.399,2.399,3.56,7.056,4.162,1,0,205562,Thomas Lemar,1995-11-12,19.8,171.0,left,Midfield,Attacking Midfield,France,Guadeloupe,26,1810,5,3,162,AS Monaco,2046,1250000.0,7500000.0,1.0,1.0,1.0,same_club
3441,Fabien Camus,FRA,2015-16,Troyes,F M S,35,2411,5,5,1,66,46,5.204,5.204,3.533,9.827,4.157,2,2,22377,Fabien Camus,1985-02-28,30.51,176.0,right,Midfield,Attacking Midfield,Tunisia,France,35,2411,5,1,1095,ESTAC Troyes,2411,1250000.0,1000000.0,1.0,1.0,1.0,same_club
3490,Thomas Mangani,FRA,2015-16,Angers,M S,33,2514,5,2,4,33,60,5.798,1.998,4.92,6.087,3.369,5,1,18934,Thomas Mangani,1987-04-29,28.34,183.0,left,Midfield,Central Midfield,France,France,33,2501,5,4,1420,Angers SCO,2501,1000000.0,2000000.0,0.998,1.0,0.995,same_club
3494,Billy Ketkeophomphone,FRA,2015-16,Angers,F M S,35,2705,5,4,7,56,38,4.221,3.461,5.246,6.065,1.679,4,0,134712,Billy Ketkeophomphone,1990-03-24,25.44,180.0,right,Attack,Centre-Forward,Laos,France,35,2694,5,7,1420,Angers SCO,2694,800000.0,1500000.0,0.999,1.0,0.996,same_club
3593,Fallou Diagne,FRA,2015-16,Rennes,D S,22,1860,5,3,0,15,3,2.429,0.909,0.173,3.742,3.702,7,0,82389,Fallou Diagne,1989-08-14,26.05,185.0,right,Defender,Centre-Back,Senegal,Senegal,22,1859,5,0,273,Stade Rennais FC,1859,1500000.0,2000000.0,1.0,1.0,0.999,same_club
3603,Corentin Tolisso,FRA,2015-16,Lyon,D M S,33,2580,5,5,6,62,38,4.671,4.671,4.613,15.245,11.469,3,0,190393,Corentin Tolisso,1994-08-03,21.08,181.0,right,Midfield,Central Midfield,France,France,33,2581,5,6,1041,Olympique Lyon,3211,7500000.0,7500000.0,1.0,1.0,1.0,same_club
3614,Grégory Pujol,FRA,2015-16,GFC Ajaccio,F S,19,1143,5,5,0,27,14,2.378,2.378,0.465,3.11,0.477,2,0,5521,Grégory Pujol,1980-01-25,35.6,183.0,right,Attack,Centre-Forward,France,France,19,1142,5,0,3558,GFC Ajaccio,1142,250000.0,250000.0,1.0,1.0,0.999,same_club
104,Mevlüt Erdinc,FRA,2015-16,Guingamp,F S,15,883,4,4,0,18,6,3.859,3.859,0.277,3.828,0.138,0,0,38360,Mevlüt Erdinc,1987-02-25,28.51,181.0,right,Attack,Centre-Forward,Turkey,France,15,874,4,0,855,EA Guingamp,1401,4000000.0,3000000.0,0.997,1.0,0.99,same_club
104,Mevlüt Erdinc,FRA,2015-16,Guingamp,F S,15,883,4,4,0,18,6,3.859,3.859,0.277,3.828,0.138,0,0,38360,Mevlüt Erdinc,1987-02-25,28.51,181.0,right,Attack,Centre-Forward,Turkey,France,15,874,4,0,855,EA Guingamp,1401,4000000.0,3000000.0,0.996,1.0,0.987,same_club
2554,Thievy,FRA,2015-16,Reims,F S,14,936,4,4,1,18,10,3.426,3.426,1.162,5.399,1.062,2,0,181477,Thievy Bifouma,1992-05-13,23.3,,right,Attack,Left Winger,Congo,France,14,940,4,1,1421,Stade Reims,1153,2500000.0,2500000.0,0.962,0.95,0.972,same_club
2554,Thievy,FRA,2015-16,Reims,F S,14,936,4,4,1,18,10,3.426,3.426,1.162,5.399,1.062,2,0,181477,Thievy Bifouma,1992-05-13,23.3,,right,Attack,Left Winger,Congo,France,14,940,4,1,1421,Stade Reims,1153,2500000.0,2500000.0,0.969,0.95,0.996,same_club
3208,Óscar Trejo,FRA,2015-16,Toulouse,M S,34,2190,4,4,4,42,53,3.618,3.618,6.477,10.92,5.08,6,1,30321,Óscar Trejo,1988-04-26,27.35,180.0,right,Midfield,Attacking Midfield,Argentina,Argentina,34,2180,4,4,415,FC Toulouse,2180,2000000.0,2000000.0,0.999,1.0,0.995,same_club
3243,Gaëtan Charbonnier,FRA,2015-16,Reims,F M S,22,1267,4,4,1,22,20,1.474,1.474,2.0,4.714,2.132,3,0,93678,Gaëtan Charbonnier,1988-12-27,26.68,188.0,right,Attack,Centre-Forward,France,France,22,1263,4,1,1421,Stade Reims,1263,2000000.0,1750000.0,0.999,1.0,0.997,same_club
3296,Blaise Matuidi,FRA,2015-16,Paris Saint Germain,M S,31,2062,4,4,6,16,28,2.4,2.4,4.42,17.678,14.136,4,0,33923,Blaise Matuidi,1987-04-09,28.4,175.0,left,Midfield,Central Midfield,France,France,31,2064,4,6,583,Paris Saint-Germain,2915,24000000.0,30000000.0,1.0,1.0,0.999,same_club
3298,Layvin Kurzawa,FRA,2015-16,"Monaco,Paris Saint Germain",D S,19,1518,4,4,5,20,20,3.525,3.525,3.632,12.657,8.614,2,0,126710,Layvin Kurzawa,1992-09-04,22.99,182.0,left,Defender,Left-Back,France,France,19,1517,4,5,"162,583","AS Monaco,Paris Saint-Germain",1849,10000000.0,20000000.0,1.0,1.0,0.999,same_club
3345,Mustapha Yatabaré,FRA,2015-16,Montpellier,F S,28,1410,4,4,2,34,11,6.271,6.271,1.384,7.308,2.742,3,0,76386,Mustapha Yatabaré,1986-01-26,29.6,186.0,right,Attack,Centre-Forward,,,28,1404,4,2,969,Montpellier HSC,1404,2500000.0,2000000.0,0.999,1.0,0.996,same_club
3346,Jonas Martin,FRA,2015-16,Montpellier,M S,36,3141,4,2,3,31,27,4.225,2.705,2.109,11.073,7.897,5,0,127142,Jonas Martin,1990-04-09,25.4,184.0,right,Midfield,Defensive Midfield,France,France,36,3140,4,3,969,Montpellier HSC,3140,2500000.0,3000000.0,1.0,1.0,1.0,same_club
3357,Djibril Sidibe,FRA,2015-16,Lille,D M S,37,3274,4,4,3,41,38,2.656,2.656,3.722,11.966,6.775,3,0,161869,Djibril Sidibé,1992-07-29,23.09,183.0,right,Defender,Right-Back,France,France,37,3275,4,3,1082,LOSC Lille,3275,3500000.0,4000000.0,1.0,1.0,1.0,same_club
3410,Yacine Bammou,FRA,2015-16,Nantes,F M S,32,1507,4,4,2,43,16,2.443,2.443,2.006,5.228,1.845,6,1,276255,Yacine Bammou,1991-09-11,23.97,189.0,right,Attack,Centre-Forward,Morocco,France,32,1521,4,2,995,FC Nantes,1521,1500000.0,1500000.0,0.997,1.0,0.991,same_club
3424,Guido Carrillo,FRA,2015-16,Monaco,F S,31,1586,4,4,2,44,10,7.458,7.458,2.125,10.23,4.219,3,0,184672,Guido Carrillo,1991-05-25,24.27,187.0,right,Attack,Centre-Forward,Argentina,Argentina,31,1600,4,2,162,AS Monaco,1737,3200000.0,6500000.0,0.997,1.0,0.991,same_club
3426,Vágner Love,FRA,2015-16,Monaco,F S,12,786,4,4,0,24,8,7.151,7.151,0.283,6.157,0.179,1,0,18829,Vágner Love,1984-06-11,31.22,172.0,both,Attack,Centre-Forward,Brazil,Brazil,12,783,4,0,162,AS Monaco,783,4500000.0,3000000.0,0.999,1.0,0.996,same_club
3445,Corentin Jean,FRA,2015-16,Troyes,F M S,34,2631,4,4,1,61,42,5.076,5.076,3.656,10.788,3.52,4,1,20463,Corentin Jean,1995-07-15,20.13,170.0,right,Attack,Centre-Forward,France,France,34,2627,5,1,1095,ESTAC Troyes,2627,2000000.0,4000000.0,0.966,1.0,0.998,same_club
3454,Zargo Toure,FRA,2015-16,Lorient,D,29,2556,4,4,0,11,2,1.12,1.12,0.125,3.985,3.949,1,0,81663,Zargo Touré,1989-11-11,25.8,183.0,right,Defender,Centre-Back,Senegal,Senegal,29,2556,4,0,1158,FC Lorient,2556,800000.0,1500000.0,1.0,1.0,1.0,same_club
3456,Jimmy Cabot,FRA,2015-16,"Lorient,Troyes",F M S,28,1469,4,4,4,31,28,1.73,1.73,4.238,6.261,1.659,2,0,206912,Jimmy Cabot,1994-04-18,21.37,164.0,right,Midfield,Right Midfield,France,France,28,1457,4,4,"1095,1158","ESTAC Troyes,FC Lorient",1457,500000.0,1500000.0,0.998,1.0,0.992,same_club
3476,Thibault Giresse,FRA,2015-16,Guingamp,F M S,25,1717,4,2,4,23,43,2.583,1.063,5.439,6.19,3.117,2,1,6986,Thibault Giresse,1981-05-25,34.27,172.0,left,Midfield,Left Midfield,France,France,25,1705,4,4,855,EA Guingamp,1705,500000.0,500000.0,0.998,1.0,0.993,same_club
3495,Pierrick Capelle,FRA,2015-16,Angers,F M S,28,1249,4,4,0,27,19,2.1,2.1,0.936,2.558,0.947,4,1,214532,Pierrick Capelle,1987-04-15,28.38,181.0,left,Midfield,Central Midfield,France,France,28,1256,4,0,1420,Angers SCO,1256,400000.0,800000.0,0.998,1.0,0.994,same_club
3527,Julien Féret,FRA,2015-16,Caen,M S,38,3278,4,3,8,32,71,4.333,3.573,6.723,12.536,5.116,1,0,28328,Julien Féret,1982-07-05,33.16,187.0,right,Midfield,Attacking Midfield,France,France,38,3274,4,8,1162,SM Caen,3274,1000000.0,1000000.0,1.0,1.0,0.999,same_club
3556,Prince Oniangué,FRA,2015-16,Reims,M S,27,2098,4,4,2,32,12,3.693,3.693,1.486,4.54,1.979,3,0,60578,Prince Oniangué,1988-11-04,26.82,188.0,right,Midfield,Defensive Midfield,Congo,France,27,2093,4,1,1421,Stade Reims,2093,3000000.0,3000000.0,0.999,1.0,0.998,same_club
3574,Nicolas Benezet,FRA,2015-16,Guingamp,F M S,19,1246,4,4,4,23,36,2.116,2.116,3.865,5.262,1.993,2,1,164230,Nicolas Benezet,1991-02-24,24.52,170.0,right,Attack,Left Winger,France,France,19,1238,4,4,855,EA Guingamp,1238,1500000.0,2000000.0,0.998,1.0,0.994,same_club
3667,Nabil Fekir,FRA,2015-16,Lyon,F M S,9,455,4,4,1,20,12,1.747,1.747,0.561,2.091,0.636,1,0,203496,Nabil Fekir,1993-07-18,22.12,173.0,left,Midfield,Attacking Midfield,France,France,9,462,4,1,1041,Olympique Lyon,462,12000000.0,12000000.0,0.995,1.0,0.985,same_club
1134,Mario Pasalic,FRA,2015-16,Monaco,M S,16,998,3,3,0,20,8,3.651,3.651,0.799,6.172,3.625,1,0,205938,Mario Pašalić,1995-02-09,20.56,188.0,right,Midfield,Central Midfield,Croatia,Germany,16,997,3,0,162,AS Monaco,1587,4000000.0,5000000.0,1.0,1.0,0.999,same_club
3225,Pedro Henrique,FRA,2015-16,Rennes,F M S,23,1227,3,3,1,37,12,3.742,2.982,0.683,5.189,1.764,9,0,213368,Pedro Henrique,1990-06-16,25.21,179.0,right,Attack,Right Winger,Brazil,Brazil,23,1216,3,1,273,Stade Rennais FC,1216,2000000.0,2500000.0,0.997,1.0,0.991,same_club
3242,Diego,FRA,2015-16,Reims,F M S,23,1447,3,2,3,36,28,3.11,2.35,3.343,5.612,2.358,4,0,55042,Diego Rigonato,1988-03-09,27.48,175.0,left,Midfield,Attacking Midfield,Brazil,Brazil,23,1451,3,3,1421,Stade Reims,1451,2000000.0,2000000.0,0.969,0.95,0.997,same_club
3245,David Ngog,FRA,2015-16,Reims,F S,16,864,3,3,0,22,10,3.353,2.593,0.632,3.39,0.441,1,0,41242,David N'Gog,1989-04-01,26.42,190.0,right,Attack,Centre-Forward,France,France,16,856,3,0,1421,Stade Reims,856,2000000.0,1500000.0,0.925,0.88,0.991,same_club
3257,Cédric Yambéré,FRA,2015-16,Bordeaux,D M S,27,2254,3,3,0,21,3,2.949,2.949,0.556,4.016,3.536,6,0,291140,Cédric Yambéré,1990-11-06,24.82,191.0,right,Defender,Centre-Back,Central African Republic,France,27,2253,3,0,40,FC Girondins Bordeaux,2881,800000.0,2500000.0,1.0,1.0,1.0,same_club
3260,Enzo Crivelli,FRA,2015-16,Bordeaux,F S,29,1530,3,3,4,28,16,3.567,3.567,2.618,6.328,0.948,8,1,291110,Enzo Crivelli,1995-02-06,20.57,183.0,right,Attack,Centre-Forward,,,29,1528,3,4,40,FC Girondins Bordeaux,1845,300000.0,2500000.0,1.0,1.0,0.999,same_club
3289,Maxwell,FRA,2015-16,Paris Saint Germain,D S,28,2218,3,3,3,10,27,1.081,1.081,4.469,15.405,12.167,0,0,4317,Maxwell,1981-08-27,34.01,176.0,left,Defender,Left-Back,Brazil,Brazil,28,2221,3,3,583,Paris Saint-Germain,3121,1000000.0,1000000.0,1.0,1.0,0.999,same_club
3307,Vincent Koziello,FRA,2015-16,Nice,M S,35,2730,3,3,6,13,33,0.973,0.973,2.981,9.473,7.073,9,0,290551,Vincent Koziello,1995-10-28,19.84,168.0,right,Midfield,Central Midfield,France,France,35,2715,3,6,417,OGC Nice,2715,,5000000.0,0.998,1.0,0.995,same_club
3312,Jean Michael Seri,FRA,2015-16,Nice,M S,38,3116,3,3,6,49,51,3.39,3.39,4.962,15.323,11.134,2,0,178614,Jean Michaël Seri,1991-07-19,24.12,169.0,right,Midfield,Defensive Midfield,Cote d'Ivoire,Cote d'Ivoire,38,3112,3,5,417,OGC Nice,3112,2000000.0,3500000.0,1.0,1.0,0.999,same_club
3327,Brandão,FRA,2015-16,SC Bastia,F S,27,1838,3,3,2,26,10,2.973,2.973,1.212,4.493,0.56,2,1,14948,Brandão,1980-06-16,35.21,189.0,left,Attack,Centre-Forward,Brazil,Brazil,27,1838,3,2,595,SC Bastia,1838,500000.0,500000.0,1.0,1.0,1.0,same_club
3333,Francois Kamano,FRA,2015-16,SC Bastia,F M S,23,1416,3,3,0,40,17,3.22,3.22,1.956,5.981,1.687,2,2,333802,François Kamano,1996-05-02,19.33,175.0,right,Attack,Left Winger,Guinea,Guinea,23,1410,3,0,595,SC Bastia,1410,1500000.0,2000000.0,0.999,1.0,0.996,same_club
3339,Jérôme Roussillon,FRA,2015-16,Montpellier,D M S,33,2679,3,3,3,16,25,1.191,1.191,2.971,7.667,4.785,4,0,127076,Jérôme Roussillon,1993-01-06,22.65,175.0,left,Defender,Left-Back,Guadeloupe,France,33,2666,3,3,969,Montpellier HSC,2666,2000000.0,2000000.0,0.999,1.0,0.995,same_club
3342,Kévin Berigaud,FRA,2015-16,Montpellier,F M S,19,1027,3,3,1,21,11,2.026,2.026,1.413,4.203,2.572,0,0,98351,Kévin Bérigaud,1988-05-09,27.31,176.0,right,Attack,Centre-Forward,France,France,19,1031,3,1,969,Montpellier HSC,1031,2500000.0,2000000.0,0.999,1.0,0.996,same_club
3379,John Tshibumbu,FRA,2015-16,GFC Ajaccio,F M S,23,1060,3,3,0,33,8,3.051,3.051,0.714,4.075,0.952,6,0,111494,John Tshibumbu,1989-01-06,26.65,178.0,right,Attack,Centre-Forward,DR Congo,Zaire,23,1069,3,0,3558,GFC Ajaccio,1069,300000.0,600000.0,0.997,1.0,0.992,same_club
3383,Kévin Mayi,FRA,2015-16,GFC Ajaccio,F M S,23,935,3,3,1,29,4,2.538,2.538,0.785,3.33,0.503,1,0,198473,Kevin Mayi,1993-01-14,22.63,182.0,right,Attack,Centre-Forward,Gabon,France,23,948,3,1,3558,GFC Ajaccio,948,800000.0,800000.0,0.996,1.0,0.986,same_club
3405,Alejandro Bedoya,FRA,2015-16,Nantes,F M S,28,2049,3,3,3,44,27,5.373,5.373,2.866,9.166,2.771,1,1,111783,Alejandro Bedoya,1987-04-29,28.34,182.0,right,Midfield,Central Midfield,United States,United States,28,2053,3,3,995,FC Nantes,2053,2500000.0,2500000.0,0.999,1.0,0.998,same_club
3407,Adryan,FRA,2015-16,Nantes,M S,26,1447,3,3,2,29,29,2.37,2.37,3.271,5.473,2.198,2,1,174835,Adryan,1994-08-10,21.06,175.0,right,Midfield,Attacking Midfield,Brazil,Brazil,26,1431,3,2,995,FC Nantes,1431,2400000.0,3000000.0,0.997,1.0,0.989,same_club
3408,Kolbeinn Sigthorsson,FRA,2015-16,Nantes,F S,26,1707,3,3,0,35,12,4.321,4.321,0.757,6.084,1.783,4,1,52246,Kolbeinn Sigthórsson,1990-03-14,25.47,186.0,right,Attack,Centre-Forward,Iceland,Iceland,26,1698,3,0,995,FC Nantes,1698,3500000.0,2750000.0,0.998,1.0,0.995,same_club
3428,Hélder Costa,FRA,2015-16,Monaco,F M S,25,1296,3,3,2,25,14,3.049,3.049,2.525,5.13,1.213,4,0,173900,Hélder Costa,1994-01-12,21.63,179.0,left,Attack,Right Winger,Angola,Angola,25,1309,3,2,162,AS Monaco,1309,1500000.0,2500000.0,0.997,1.0,0.99,same_club
3431,Almamy Touré,FRA,2015-16,Monaco,D S,10,756,3,3,2,10,7,1.991,1.991,0.78,3.606,2.875,3,0,216181,Almamy Touré,1996-04-28,19.34,183.0,right,Defender,Centre-Back,,,10,726,3,2,162,AS Monaco,877,500000.0,2500000.0,0.988,1.0,0.96,same_club
3432,Lacina Traoré,FRA,2015-16,Monaco,F S,19,817,3,3,1,18,9,3.642,2.882,1.453,4.694,0.844,3,1,69006,Lacina Traore,1990-05-20,25.28,203.0,left,Attack,Centre-Forward,Cote d'Ivoire,Cote d'Ivoire,19,816,3,2,162,AS Monaco,1237,4500000.0,4000000.0,1.0,1.0,0.999,same_club
3439,Jessy Pi,FRA,2015-16,Troyes,M S,37,3178,3,3,0,56,25,1.862,1.862,1.176,7.801,5.158,4,0,170460,Jessy Pi,1993-09-24,21.94,179.0,right,Midfield,Defensive Midfield,France,France,37,3177,3,0,1095,ESTAC Troyes,3177,1500000.0,2000000.0,1.0,1.0,1.0,same_club
3455,Raphael Guerreiro,FRA,2015-16,Lorient,D M S,34,2504,3,3,2,39,23,3.031,3.031,2.461,9.031,6.512,3,0,170986,Raphaël Guerreiro,1993-12-22,21.69,170.0,left,Defender,Left-Back,Portugal,France,34,2507,3,2,1158,FC Lorient,2507,7500000.0,9000000.0,1.0,1.0,0.999,same_club
3506,Moustapha Bayal Sall,FRA,2015-16,Saint-Etienne,D S,28,2358,3,3,0,15,5,2.88,2.88,0.51,2.816,2.414,8,1,43886,Moustapha Sall,1985-11-30,29.75,193.0,right,Defender,Centre-Back,Senegal,Senegal,28,2359,3,0,618,AS Saint-Étienne,3128,3000000.0,3000000.0,0.97,0.95,1.0,same_club
3523,Syam Ben Youssef,FRA,2015-16,Caen,D S,18,1478,3,3,1,6,7,1.794,1.794,0.618,0.885,0.85,1,1,133078,Syam Ben Youssef,1989-03-31,26.42,189.0,right,Defender,Centre-Back,Tunisia,France,18,1476,3,1,1162,SM Caen,1476,1600000.0,1750000.0,1.0,1.0,0.999,same_club
3561,Romain Hamouma,FRA,2015-16,Saint-Etienne,F M S,24,1599,3,3,3,35,37,3.49,3.49,4.472,8.934,3.015,4,0,98349,Romain Hamouma,1987-03-29,28.43,179.0,right,Attack,Centre-Forward,France,France,24,1598,3,3,618,AS Saint-Étienne,2079,6500000.0,6500000.0,1.0,1.0,0.999,same_club
3583,Benjamin Nivet,FRA,2015-16,Troyes,M S,34,2430,3,0,4,32,36,4.345,2.065,3.168,9.812,6.059,6,0,33927,Benjamin Nivet,1977-01-02,38.66,178.0,right,Midfield,Attacking Midfield,France,France,34,2430,3,5,1095,ESTAC Troyes,2430,250000.0,250000.0,1.0,1.0,1.0,same_club
3585,Said Benrahma,FRA,2015-16,"Angers,Nice",F S,21,404,3,3,0,11,5,0.524,0.524,0.241,1.313,0.592,0,0,290532,Saïd Benrahma,1995-08-10,20.06,172.0,right,Attack,Left Winger,Algeria,Algeria,21,426,3,0,"417,1420","OGC Nice,Angers SCO",426,250000.0,600000.0,0.985,1.0,0.948,same_club
3620,Jaroslav Plasil,FRA,2015-16,Bordeaux,M S,27,2202,3,3,3,20,24,1.116,1.116,2.782,6.737,4.005,2,0,8885,Jaroslav Plasil,1982-01-05,33.65,182.0,right,Midfield,Central Midfield,Czech Republic,CSSR,27,2196,3,3,40,FC Girondins Bordeaux,2467,1000000.0,1000000.0,0.999,1.0,0.997,same_club
3633,Fábio Coentrão,FRA,2015-16,Monaco,D F M S,15,1077,3,3,2,10,9,1.319,1.319,3.057,5.485,3.717,4,0,33648,Fábio Coentrão,1988-03-11,27.47,179.0,left,Defender,Left-Back,Portugal,Portugal,15,1083,3,2,162,AS Monaco,1353,18000000.0,10000000.0,0.998,1.0,0.994,same_club
3663,Grejohn Kyei,FRA,2015-16,Reims,F S,16,722,3,2,2,19,9,3.806,3.046,1.414,4.974,0.98,3,0,321647,Grejohn Kyei,1995-08-12,20.05,187.0,right,Attack,Centre-Forward,France,France,16,723,3,3,1421,Stade Reims,723,250000.0,800000.0,1.0,1.0,0.999,same_club
3682,Jordan Siebatcheu,FRA,2015-16,Reims,F S,25,810,3,3,3,28,9,2.843,2.843,1.767,4.449,0.593,1,0,355369,Jordan,1996-04-26,19.35,191.0,right,Attack,Centre-Forward,United States,United States,25,833,3,3,1421,Stade Reims,833,,1250000.0,0.962,0.95,0.972,same_club
3689,Loic Perrin,FRA,2015-16,Saint-Etienne,D,24,2106,3,3,1,15,5,2.801,2.801,0.488,4.516,3.514,0,1,22390,Loïc Perrin,1985-08-07,30.07,181.0,right,Defender,Centre-Back,France,France,24,2103,3,1,618,AS Saint-Étienne,2823,8000000.0,8000000.0,1.0,1.0,0.999,same_club
3691,Robert Beric,FRA,2015-16,Saint-Etienne,F S,10,670,3,3,0,16,6,3.55,3.55,0.263,3.547,0.607,1,0,91415,Robert Beric,1991-06-17,24.21,188.0,right,Attack,Centre-Forward,Slovenia,Jugoslawien (SFR),10,672,3,0,618,AS Saint-Étienne,1244,3000000.0,5500000.0,0.999,1.0,0.997,same_club
3696,Morgan Sanson,FRA,2015-16,Montpellier,M S,14,552,3,3,0,8,4,1.316,1.316,0.297,2.441,1.191,2,0,174094,Morgan Sanson,1994-08-18,21.04,180.0,right,Midfield,Central Midfield,France,France,14,554,3,0,969,Montpellier HSC,554,6500000.0,5000000.0,0.999,1.0,0.996,same_club
778,Henri Saivet,FRA,2015-16,Bordeaux,M,18,1564,2,2,0,27,14,0.988,0.988,0.656,3.945,3.619,3,1,51540,Henri Saivet,1990-10-26,24.85,175.0,right,Midfield,Attacking Midfield,Senegal,Senegal,18,1558,2,0,40,FC Girondins Bordeaux,2324,2500000.0,5000000.0,0.996,1.0,0.987,same_club
778,Henri Saivet,FRA,2015-16,Bordeaux,M,18,1564,2,2,0,27,14,0.988,0.988,0.656,3.945,3.619,3,1,51540,Henri Saivet,1990-10-26,24.85,175.0,right,Midfield,Attacking Midfield,Senegal,Senegal,18,1558,2,0,40,FC Girondins Bordeaux,2324,2500000.0,5000000.0,0.999,1.0,0.996,same_club
930,Steven Fletcher,FRA,2015-16,Marseille,F S,12,752,2,2,2,19,16,2.727,1.967,1.733,3.589,0.772,1,0,35099,Steven Fletcher,1987-03-26,28.44,185.0,left,Attack,Centre-Forward,Scotland,England,12,753,2,2,244,Olympique Marseille,2024,4500000.0,3000000.0,0.998,1.0,0.994,same_club
930,Steven Fletcher,FRA,2015-16,Marseille,F S,12,752,2,2,2,19,16,2.727,1.967,1.733,3.589,0.772,1,0,35099,Steven Fletcher,1987-03-26,28.44,185.0,left,Attack,Centre-Forward,Scotland,England,12,753,2,2,244,Olympique Marseille,2024,4500000.0,3000000.0,1.0,1.0,0.999,same_club
942,Florian Thauvin,FRA,2015-16,Marseille,M S,16,942,2,2,0,17,22,1.527,1.527,2.721,5.679,2.941,0,1,184892,Florian Thauvin,1993-01-26,22.6,181.0,left,Attack,Right Winger,France,France,16,946,2,0,244,Olympique Marseille,1441,12000000.0,9000000.0,0.994,1.0,0.981,same_club
942,Florian Thauvin,FRA,2015-16,Marseille,M S,16,942,2,2,0,17,22,1.527,1.527,2.721,5.679,2.941,0,1,184892,Florian Thauvin,1993-01-26,22.6,181.0,left,Attack,Right Winger,France,France,16,946,2,0,244,Olympique Marseille,1441,12000000.0,9000000.0,0.999,1.0,0.996,same_club
1402,Mauricio Isla,FRA,2015-16,Marseille,D M S,23,1797,2,2,1,8,22,0.591,0.591,1.478,6.61,5.266,1,0,43722,Mauricio Isla,1988-06-12,27.22,176.0,right,Defender,Right-Back,Chile,Chile,23,1799,2,1,244,Olympique Marseille,2480,9000000.0,6000000.0,1.0,1.0,0.999,same_club
1402,Mauricio Isla,FRA,2015-16,Marseille,D M S,23,1797,2,2,1,8,22,0.591,0.591,1.478,6.61,5.266,1,0,43722,Mauricio Isla,1988-06-12,27.22,176.0,right,Defender,Right-Back,Chile,Chile,23,1799,2,1,244,Olympique Marseille,2480,9000000.0,6000000.0,1.0,1.0,1.0,same_club
1582,Aleksandar Pesic,FRA,2015-16,Toulouse,F S,23,592,2,2,1,13,7,0.882,0.882,0.632,1.547,0.235,0,1,73457,Aleksandar Pesic,1992-05-21,23.28,190.0,right,Attack,Centre-Forward,Serbia,Yugoslavia (Republic),23,608,2,1,415,FC Toulouse,608,2000000.0,1500000.0,0.992,1.0,0.974,same_club
1720,Didier Ndong,FRA,2015-16,Lorient,M,34,3056,2,2,1,33,16,1.6,1.6,1.051,9.675,8.151,11,0,210081,Didier Ndong,1994-06-17,21.21,179.0,right,Midfield,Central Midfield,Gabon,Gabon,34,3056,2,1,1158,FC Lorient,3056,1250000.0,4000000.0,1.0,1.0,1.0,same_club
1726,Abdoulaye Doucouré,FRA,2015-16,Rennes,F M S,16,939,2,2,2,20,20,2.065,2.065,1.508,5.153,2.893,1,0,127187,Abdoulaye Doucouré,1993-01-01,22.66,183.0,right,Midfield,Attacking Midfield,Mali,France,16,946,2,2,273,Stade Rennais FC,2103,4500000.0,6000000.0,1.0,1.0,0.999,same_club
1726,Abdoulaye Doucouré,FRA,2015-16,Rennes,F M S,16,939,2,2,2,20,20,2.065,2.065,1.508,5.153,2.893,1,0,127187,Abdoulaye Doucouré,1993-01-01,22.66,183.0,right,Midfield,Attacking Midfield,Mali,France,16,946,2,2,273,Stade Rennais FC,2103,4500000.0,6000000.0,0.998,1.0,0.993,same_club
2621,Sergi Darder,FRA,2015-16,Lyon,M S,26,1499,2,2,1,30,26,3.111,3.111,3.475,10.644,6.632,1,0,142021,Sergi Darder,1993-12-22,21.69,180.0,right,Midfield,Central Midfield,Spain,Spain,26,1482,2,1,1041,Olympique Lyon,1792,7500000.0,11000000.0,1.0,1.0,1.0,same_club
2621,Sergi Darder,FRA,2015-16,Lyon,M S,26,1499,2,2,1,30,26,3.111,3.111,3.475,10.644,6.632,1,0,142021,Sergi Darder,1993-12-22,21.69,180.0,right,Midfield,Central Midfield,Spain,Spain,26,1482,2,1,1041,Olympique Lyon,1792,7500000.0,11000000.0,0.997,1.0,0.989,same_club
3229,Yoann Gourcuff,FRA,2015-16,Rennes,M S,12,624,2,2,0,10,10,1.169,1.169,0.518,2.846,1.475,0,0,18912,Yoann Gourcuff,1986-07-11,29.14,185.0,right,Midfield,Attacking Midfield,France,France,12,620,2,0,273,Stade Rennais FC,620,4000000.0,2500000.0,0.998,1.0,0.994,same_club
3230,Paul-Georges Ntep,FRA,2015-16,Rennes,F M S,14,934,2,2,3,21,21,3.314,2.554,3.096,5.383,1.2,1,0,148955,Paul-Georges Ntep,1992-07-29,23.09,180.0,right,Attack,Left Winger,Cameroon,Cameroon,14,926,2,3,273,Stade Rennais FC,926,10000000.0,10000000.0,0.997,1.0,0.991,same_club
3239,Hamari Traore,FRA,2015-16,Reims,D M S,33,2912,2,2,1,18,32,0.59,0.59,1.907,9.645,7.548,9,1,297070,Hamari Traoré,1992-01-27,23.59,175.0,right,Defender,Right-Back,Mali,Mali,33,2912,2,1,1421,Stade Reims,2912,900000.0,1500000.0,1.0,1.0,1.0,same_club
3255,Diego Contento,FRA,2015-16,Bordeaux,D M S,25,2112,2,2,0,13,16,0.742,0.742,0.708,3.145,2.17,4,0,39717,Diego Contento,1990-05-01,25.34,177.0,left,Defender,Left-Back,Germany,Germany,25,2114,2,0,40,FC Girondins Bordeaux,2488,2000000.0,2000000.0,1.0,1.0,0.999,same_club
3263,Thomas Touré,FRA,2015-16,Bordeaux,F M S,22,829,2,2,1,29,15,2.298,2.298,1.52,3.133,0.991,2,0,187392,Thomas Touré,1993-12-27,21.68,175.0,right,Attack,Left Winger,Cote d'Ivoire,France,22,836,2,1,40,FC Girondins Bordeaux,1121,1500000.0,1500000.0,0.997,1.0,0.992,same_club
3272,Mapou Yanga-Mbiwa,FRA,2015-16,Lyon,D,27,2353,2,2,0,7,1,1.146,1.146,0.015,5.649,5.649,4,0,57480,Mapou Yanga-Mbiwa,1989-05-15,26.3,184.0,right,Defender,Centre-Back,France,Central African Republic,27,2353,2,0,1041,Olympique Lyon,2803,6500000.0,5000000.0,1.0,1.0,1.0,same_club
3275,Jordan Ferri,FRA,2015-16,Lyon,M S,34,2462,2,2,5,32,45,1.9,1.9,5.256,13.859,8.143,8,0,118284,Jordan Ferri,1992-03-12,23.47,173.0,right,Midfield,Central Midfield,France,France,34,2449,2,5,1041,Olympique Lyon,2822,7500000.0,7500000.0,0.998,1.0,0.995,same_club
3287,Gregory Van der Wiel,FRA,2015-16,Paris Saint Germain,D S,17,1382,2,2,3,8,12,1.213,1.213,1.655,8.862,7.297,2,0,45548,Gregory van der Wiel,1988-02-03,27.58,183.0,right,Defender,Right-Back,Netherlands,Netherlands,17,1379,2,4,583,Paris Saint-Germain,1754,9000000.0,7500000.0,0.999,1.0,0.998,same_club
3295,Javier Pastore,FRA,2015-16,Paris Saint Germain,F M S,16,870,2,2,6,21,29,3.066,3.066,3.688,10.776,6.999,1,0,55215,Javier Pastore,1989-06-20,26.2,187.0,right,Midfield,Attacking Midfield,Argentina,Argentina,16,874,2,6,583,Paris Saint-Germain,971,25000000.0,25000000.0,0.999,1.0,0.995,same_club
3311,Mahamane Traoré,FRA,2015-16,Nice,D M S,12,394,2,2,2,8,5,2.12,2.12,0.801,3.962,2.039,2,0,45475,Mahamane Traoré,1988-08-31,27.0,176.0,right,Midfield,Central Midfield,Mali,Mali,12,403,2,2,417,OGC Nice,403,600000.0,600000.0,0.993,1.0,0.978,same_club
3321,Sébastien Squillaci,FRA,2015-16,SC Bastia,D S,31,2662,2,2,2,11,4,1.948,1.948,0.53,1.454,1.408,3,0,5293,Sébastien Squillaci,1980-08-11,35.06,185.0,right,Defender,Centre-Back,France,France,31,2667,2,1,595,SC Bastia,2667,500000.0,500000.0,0.999,1.0,0.998,same_club
3325,Yannick Cahuzac,FRA,2015-16,SC Bastia,D M S,31,2545,2,2,1,11,11,1.044,1.044,0.387,5.094,3.974,13,2,44686,Yannick Cahuzac,1985-01-18,30.62,178.0,right,Midfield,Defensive Midfield,France,France,31,2546,2,0,595,SC Bastia,2546,1500000.0,1000000.0,1.0,1.0,1.0,same_club
3326,Sadio Diallo,FRA,2015-16,SC Bastia,M S,15,718,2,2,2,16,22,0.678,0.678,1.692,1.453,0.44,2,0,137438,Sadio Diallo,1990-12-28,24.68,182.0,right,Midfield,Central Midfield,Guinea,Guinea,15,714,2,2,595,SC Bastia,714,1250000.0,1250000.0,0.998,1.0,0.994,same_club
3331,Axel Ngando,FRA,2015-16,SC Bastia,M S,22,1303,2,2,1,15,16,1.7,1.7,1.257,4.761,2.552,3,0,170478,Axel Ngando,1993-07-13,22.14,179.0,left,Midfield,Attacking Midfield,France,France,22,1296,2,1,595,SC Bastia,1296,1000000.0,1000000.0,0.998,1.0,0.995,same_club
3338,Daniel Congré,FRA,2015-16,Montpellier,D,35,3129,2,2,0,10,4,1.622,1.622,0.57,4.478,4.07,2,1,22386,Daniel Congré,1985-04-05,30.41,185.0,right,Defender,Centre-Back,France,France,35,3128,2,0,969,Montpellier HSC,3128,2000000.0,1000000.0,1.0,1.0,1.0,same_club
3343,Ryad Boudebouz,FRA,2015-16,Montpellier,F M S,38,3256,2,2,11,53,119,2.836,2.076,14.307,15.58,8.805,3,0,77826,Ryad Boudebouz,1990-02-19,25.53,177.0,left,Midfield,Attacking Midfield,Algeria,France,38,3249,2,12,969,Montpellier HSC,3249,3000000.0,3500000.0,0.999,1.0,0.998,same_club
3347,Ellyes Skhiri,FRA,2015-16,Montpellier,D M S,12,812,2,2,0,5,5,0.537,0.537,0.306,1.5,1.004,1,0,290587,Ellyes Skhiri,1995-05-10,20.31,185.0,right,Midfield,Defensive Midfield,Tunisia,France,12,815,2,0,969,Montpellier HSC,815,150000.0,300000.0,0.999,1.0,0.996,same_club
3349,Ramy Bensebaini,FRA,2015-16,Montpellier,D M S,22,1340,2,2,0,10,2,0.437,0.437,0.471,1.877,1.796,7,0,284732,Ramy Bensebaini,1995-04-16,20.38,187.0,left,Defender,Centre-Back,Algeria,Algeria,22,1346,2,0,969,Montpellier HSC,1346,1000000.0,2000000.0,0.999,1.0,0.996,same_club
3354,Sébastien Corchia,FRA,2015-16,Lille,D M S,33,2629,2,2,2,22,22,1.746,1.746,1.149,5.41,3.51,6,0,102744,Sébastien Corchia,1990-11-01,24.83,176.0,right,Defender,Right-Back,France,France,33,2632,2,2,1082,LOSC Lille,2632,4500000.0,4500000.0,1.0,1.0,0.999,same_club
3361,Éric Bautheac,FRA,2015-16,Lille,D F M S,28,2173,2,2,1,53,27,5.113,5.113,2.658,6.721,1.726,7,0,111482,Eric Bauthéac,1987-08-24,28.02,168.0,left,Attack,Right Winger,France,France,28,2166,2,1,1082,LOSC Lille,2166,4000000.0,3000000.0,0.999,1.0,0.997,same_club
3362,Rony Lopes,FRA,2015-16,"Lille,Monaco",F M S,14,628,2,2,1,23,11,2.299,2.299,0.553,3.623,1.383,1,0,174694,Rony Lopes,1995-12-28,19.68,174.0,left,Attack,Right Winger,Portugal,Brazil,14,631,2,1,"162,1082","AS Monaco,LOSC Lille",631,4500000.0,9000000.0,0.999,1.0,0.995,same_club
3364,Morgan Amalfitano,FRA,2015-16,Lille,F M S,15,952,2,2,0,13,20,1.964,1.964,1.528,4.37,2.326,2,0,39883,Morgan Amalfitano,1985-03-20,30.45,178.0,right,Midfield,Right Midfield,France,France,15,958,2,0,1082,LOSC Lille,1242,5000000.0,2500000.0,0.998,1.0,0.994,same_club
3371,Roderic Filippi,FRA,2015-16,GFC Ajaccio,D S,26,1922,2,2,1,14,4,1.254,1.254,0.169,1.543,1.465,8,2,216508,Rodéric Filippi,1989-02-25,26.51,183.0,right,Defender,Centre-Back,France,France,26,1920,2,1,3558,GFC Ajaccio,1920,500000.0,1000000.0,1.0,1.0,0.999,same_club
3375,Damjan Djokovic,FRA,2015-16,GFC Ajaccio,D F M S,35,2395,2,2,4,43,47,2.471,2.471,3.02,4.578,1.926,9,0,143039,Damjan Djokovic,1990-04-18,25.37,190.0,left,Midfield,Defensive Midfield,Croatia,Jugoslawien (SFR),35,2380,2,4,3558,GFC Ajaccio,2380,650000.0,1000000.0,0.998,1.0,0.994,same_club
3393,Bouna Sarr,FRA,2015-16,Marseille,F M S,25,984,2,2,1,16,17,1.12,1.12,1.265,4.821,2.917,0,0,190685,Bouna Sarr,1992-01-31,23.58,178.0,right,Defender,Right-Back,Senegal,France,25,991,2,1,244,Olympique Marseille,1022,1500000.0,2000000.0,0.998,1.0,0.993,same_club
3399,Youssouf Sabaly,FRA,2015-16,Nantes,D,28,2502,2,2,1,13,26,0.52,0.52,1.74,5.678,4.799,7,0,135492,Youssouf Sabaly,1993-03-05,22.49,173.0,right,Defender,Right-Back,Senegal,France,28,2501,2,1,995,FC Nantes,2501,2500000.0,2500000.0,1.0,1.0,1.0,same_club
3409,Johan Audel,FRA,2015-16,Nantes,F M S,29,1259,2,2,3,33,14,3.657,3.657,1.413,6.431,2.201,4,0,5544,Johan Audel,1983-12-12,31.72,,,Attack,Left Winger,Martinique,France,29,1266,2,3,995,FC Nantes,1266,500000.0,500000.0,0.998,1.0,0.994,same_club
3417,Andrea Raggi,FRA,2015-16,Monaco,D S,31,2605,2,2,1,7,6,1.419,1.419,1.444,6.808,4.449,5,0,28845,Andrea Raggi,1984-06-24,31.19,187.0,right,Defender,Centre-Back,Italy,Italy,31,2606,2,1,162,AS Monaco,3416,2000000.0,2000000.0,1.0,1.0,1.0,same_club
3418,Ricardo Carvalho,FRA,2015-16,Monaco,D,33,2908,2,2,0,8,3,0.914,0.914,0.294,4.895,4.733,8,0,9828,Ricardo Carvalho,1978-05-18,37.29,182.0,right,Defender,Centre-Back,Portugal,Portugal,33,2902,2,0,162,AS Monaco,3608,500000.0,500000.0,0.999,1.0,0.998,same_club
3440,Karim Azamoum,FRA,2015-16,Troyes,M S,14,753,2,2,1,14,15,0.987,0.987,1.634,2.912,1.665,2,0,275361,Karim Azamoum,1990-01-17,25.62,178.0,right,Defender,Centre-Back,France,France,14,756,2,1,1095,ESTAC Troyes,756,600000.0,600000.0,0.999,1.0,0.996,same_club
3447,Thiago Xavier,FRA,2015-16,Troyes,M S,16,1060,2,2,0,13,3,2.271,2.271,0.085,1.164,0.995,7,0,57466,Thiago Xavier,1983-12-27,31.68,180.0,right,Midfield,Defensive Midfield,Brazil,Brazil,16,1062,2,0,1095,ESTAC Troyes,1062,250000.0,250000.0,0.999,1.0,0.998,same_club
3488,Romain Thomas,FRA,2015-16,Angers,D,36,3221,2,2,0,12,4,1.462,1.462,0.224,1.95,1.854,8,0,57467,Romain Thomas,1988-06-12,27.22,193.0,right,Defender,Centre-Back,France,France,36,3220,2,0,1420,Angers SCO,3220,1500000.0,3000000.0,1.0,1.0,1.0,same_club
3491,Romain Saiss,FRA,2015-16,Angers,D M,35,3115,2,2,2,27,14,2.463,2.463,1.209,4.203,3.327,12,0,204198,Romain Saïss,1990-03-26,25.43,188.0,left,Defender,Centre-Back,Morocco,France,35,3104,2,2,1420,Angers SCO,3104,500000.0,2000000.0,0.999,1.0,0.996,same_club
3493,Gilles Sunu,FRA,2015-16,Angers,F M,32,2476,2,2,1,46,27,3.181,3.181,1.484,5.157,2.458,4,0,54933,Gilles Sunu,1991-03-30,24.42,183.0,right,Midfield,Attacking Midfield,Togo,France,32,2442,2,1,1420,Angers SCO,2442,1250000.0,2000000.0,0.996,1.0,0.986,same_club
3496,Arnold Bouka Moutou,FRA,2015-16,Angers,D F M S,23,1232,2,2,0,7,9,1.3,1.3,0.763,2.744,0.77,2,0,57358,Arnold Bouka Moutou,1988-11-28,26.76,178.0,left,Defender,Left-Back,Congo,France,23,1246,2,0,1420,Angers SCO,1246,600000.0,800000.0,0.997,1.0,0.989,same_club
3498,Mohamed Yattara,FRA,2015-16,Angers,F S,19,934,2,2,2,19,6,1.529,1.529,1.503,2.598,0.657,2,0,126542,Mohamed Yattara,1993-07-28,22.09,185.0,right,Attack,Centre-Forward,Guinea,Guinea,19,934,2,2,1420,Angers SCO,1710,1750000.0,1500000.0,1.0,1.0,1.0,same_club
3510,Oussama Tannane,FRA,2015-16,Saint-Etienne,F M S,10,613,2,2,1,20,11,2.066,2.066,1.582,2.765,0.875,2,0,235540,Oussama Tannane,1994-03-23,21.44,174.0,left,Midfield,Attacking Midfield,Morocco,Morocco,10,605,2,1,618,AS Saint-Étienne,1809,700000.0,2000000.0,0.996,1.0,0.987,same_club
3511,Alexander Søderlund,FRA,2015-16,Saint-Etienne,F S,14,924,2,2,2,21,12,3.846,3.086,0.81,2.973,0.489,1,0,87479,Alexander Söderlund,1987-08-03,28.08,187.0,right,Attack,Centre-Forward,Norway,Norway,14,923,2,2,618,AS Saint-Étienne,1985,1600000.0,2000000.0,0.983,0.973,0.999,same_club
3513,Kévin Monnet-Paquet,FRA,2015-16,Saint-Etienne,F M S,31,2276,2,2,2,46,25,3.722,3.722,3.833,8.881,3.382,2,0,44045,Kévin Monnet-Paquet,1988-08-19,27.03,184.0,right,Attack,Left Winger,France,France,31,2278,2,2,618,AS Saint-Étienne,2948,2500000.0,2500000.0,1.0,1.0,0.999,same_club
3539,Jean-Armel Kana-Biyik,FRA,2015-16,Toulouse,D M S,18,1461,2,2,0,8,4,0.969,0.969,0.514,2.701,2.449,0,1,57404,Jean-Armel Kana-Biyik,1989-07-03,26.16,184.0,right,Defender,Centre-Back,Cameroon,France,18,1456,2,0,415,FC Toulouse,1456,2500000.0,2500000.0,0.999,1.0,0.997,same_club
3542,Damien Da Silva,FRA,2015-16,Caen,D,28,2484,2,2,0,16,4,1.864,1.864,1.564,1.854,1.836,4,1,57370,Damien Da Silva,1988-05-17,27.29,184.0,right,Defender,Centre-Back,France,France,28,2483,2,0,1162,SM Caen,2483,2000000.0,3500000.0,1.0,1.0,1.0,same_club
3544,Jeremie Boga,FRA,2015-16,Rennes,F M S,27,944,2,2,1,22,12,2.137,2.137,1.788,3.95,1.74,0,0,216569,Jérémie Boga,1997-01-03,18.66,172.0,right,Attack,Left Winger,Cote d'Ivoire,France,27,961,2,1,273,Stade Rennais FC,961,,2000000.0,0.995,1.0,0.982,same_club
3546,Julian Palmieri,FRA,2015-16,SC Bastia,D F M S,34,2947,2,2,2,17,20,1.792,1.792,1.545,5.63,3.361,9,0,45237,Julian Palmieri,1986-12-07,28.73,170.0,left,Defender,Left-Back,France,France,34,2942,2,4,595,SC Bastia,2942,1500000.0,2000000.0,0.999,1.0,0.998,same_club
3549,Adrien Thomasson,FRA,2015-16,Nantes,M S,34,2534,2,2,5,39,48,2.555,2.555,4.198,10.281,6.004,7,0,215977,Adrien Thomasson,1993-12-10,21.72,175.0,right,Midfield,Central Midfield,France,France,34,2529,2,5,995,FC Nantes,2529,1000000.0,2500000.0,0.999,1.0,0.998,same_club
3568,Clément Grenier,FRA,2015-16,Lyon,F M S,18,1006,2,2,3,14,18,1.079,1.079,0.737,3.713,2.755,2,1,72479,Clément Grenier,1991-01-07,24.65,186.0,right,Midfield,Central Midfield,,,18,1014,2,3,1041,Olympique Lyon,1084,10000000.0,8000000.0,0.998,1.0,0.992,same_club
3596,Atila Turan,FRA,2015-16,Reims,D M S,11,745,2,2,0,14,3,0.913,0.913,0.245,1.381,0.42,3,0,111063,Atila Turan,1992-04-10,23.39,176.0,left,Defender,Left-Back,Turkey,France,11,747,2,0,1421,Stade Reims,747,500000.0,600000.0,0.999,1.0,0.997,same_club
3600,Serge Aurier,FRA,2015-16,Paris Saint Germain,D,21,1887,2,2,2,22,13,3.159,3.159,1.938,10.365,8.909,8,0,127032,Serge Aurier,1992-12-24,22.69,176.0,right,Defender,Right-Back,Cote d'Ivoire,Cote d'Ivoire,21,1886,2,2,583,Paris Saint-Germain,2385,10000000.0,15000000.0,1.0,1.0,0.999,same_club
3618,Jérémy Sorbon,FRA,2015-16,Guingamp,D,34,3031,2,2,0,9,1,1.096,1.096,0.103,4.424,4.244,2,0,56820,Jérémy Sorbon,1983-08-05,32.07,183.0,right,Defender,Centre-Back,France,France,34,3031,2,0,855,EA Guingamp,3031,1000000.0,1000000.0,1.0,1.0,1.0,same_club
3629,Yann Jouffre,FRA,2015-16,Lorient,M S,27,1793,2,2,5,40,35,2.284,2.284,3.803,7.961,4.178,3,0,12508,Yann Jouffre,1984-07-23,31.11,175.0,left,Midfield,Right Midfield,France,France,27,1785,2,5,1158,FC Lorient,1785,1750000.0,1000000.0,0.999,1.0,0.996,same_club
3634,Nabil Dirar,FRA,2015-16,Monaco,F M,20,1565,2,2,9,20,30,2.921,2.921,5.055,10.145,4.841,2,1,42267,Nabil Dirar,1986-02-25,29.51,187.0,right,Attack,Right Winger,Morocco,Morocco,20,1557,2,9,162,AS Monaco,1969,2000000.0,2500000.0,0.998,1.0,0.995,same_club
3640,Aldo Kalulu,FRA,2015-16,Lyon,F S,10,183,2,2,0,5,1,1.974,1.974,0.069,2.581,1.084,0,0,292822,Aldo Kalulu,1996-01-21,19.61,166.0,right,Attack,Right Winger,DR Congo,France,10,188,2,0,1041,Olympique Lyon,294,150000.0,600000.0,0.992,1.0,0.973,same_club
3643,Ezequiel Lavezzi,FRA,2015-16,Paris Saint Germain,F S,16,418,2,2,0,12,10,1.673,1.673,0.652,2.663,1.218,0,0,50570,Ezequiel Lavezzi,1985-05-03,30.33,173.0,right,Attack,Left Winger,Argentina,Argentina,16,427,2,0,583,Paris Saint-Germain,514,14000000.0,5000000.0,0.994,1.0,0.979,same_club
3658,Julien Romain,FRA,2015-16,SC Bastia,F S,5,158,2,2,0,2,2,0.36,0.36,0.039,0.418,0.044,0,0,303414,Julien Romain,1996-02-23,19.52,181.0,right,Attack,Centre-Forward,France,France,5,160,2,0,595,SC Bastia,160,,300000.0,0.996,1.0,0.988,same_club
3745,Abdoul Camara,FRA,2015-16,Angers,F M,17,1462,2,2,0,29,17,2.154,1.394,1.283,2.714,0.806,4,0,60588,Abdoul Camara,1990-02-20,25.53,178.0,left,Attack,Left Winger,Guinea,Guinea,17,1459,2,0,1420,Angers SCO,1580,1250000.0,1250000.0,0.999,1.0,0.998,same_club
1109,Lucas Ocampos,FRA,2015-16,Marseille,F M S,17,756,1,1,1,22,7,2.01,2.01,0.666,3.625,1.789,0,0,189441,Lucas Ocampos,1994-07-11,21.14,178.0,right,Attack,Left Winger,Argentina,Argentina,17,768,1,1,244,Olympique Marseille,1120,6500000.0,6500000.0,0.995,1.0,0.984,same_club
1144,Seko Fofana,FRA,2015-16,SC Bastia,M S,32,2299,1,1,2,34,15,2.292,2.292,0.983,7.652,4.862,3,1,182893,Seko Fofana,1995-05-07,20.32,185.0,right,Midfield,Central Midfield,Cote d'Ivoire,France,32,2304,1,2,595,SC Bastia,2304,500000.0,1500000.0,0.999,1.0,0.998,same_club
1202,Wallace,FRA,2015-16,Monaco,D S,26,2250,1,1,0,14,3,0.739,0.739,0.156,1.267,1.156,6,1,225335,Wallace,1994-10-14,20.88,191.0,right,Defender,Centre-Back,Brazil,Brazil,26,2251,1,0,162,AS Monaco,2701,3000000.0,3500000.0,1.0,1.0,1.0,same_club
1531,Jean-Christophe Bahebeck,FRA,2015-16,Saint-Etienne,F M S,16,846,1,1,0,29,8,3.002,2.242,0.428,3.618,1.454,2,0,164897,Jean-Christophe Bahebeck,1993-05-01,22.34,182.0,right,Attack,Centre-Forward,France,France,16,840,1,0,618,AS Saint-Étienne,1110,2500000.0,2500000.0,0.998,1.0,0.993,same_club
1676,David Luiz,FRA,2015-16,Paris Saint Germain,D S,25,2086,1,1,2,15,9,1.405,1.405,1.745,10.005,9.683,4,0,46741,David Luiz,1987-04-22,28.36,189.0,right,Defender,Centre-Back,Brazil,Brazil,25,2087,1,2,583,Paris Saint-Germain,2807,28000000.0,30000000.0,1.0,1.0,1.0,same_club
1785,Nampalys Mendy,FRA,2015-16,Nice,M,38,3394,1,1,2,6,8,0.136,0.136,0.335,11.608,11.381,2,1,111051,Nampalys Mendy,1992-06-23,23.19,168.0,right,Midfield,Defensive Midfield,Senegal,France,38,3392,1,2,417,OGC Nice,3392,7500000.0,7500000.0,1.0,1.0,0.999,same_club
2558,Lass,FRA,2015-16,Reims,F M S,10,417,1,1,1,16,8,1.667,1.667,0.553,2.443,0.428,1,0,182963,Lass Bangoura,1992-03-30,23.42,169.0,right,Attack,Right Winger,Guinea,Guinea,10,419,1,1,1421,Stade Reims,1420,1800000.0,2000000.0,0.969,0.95,0.995,same_club
2558,Lass,FRA,2015-16,Reims,F M S,10,417,1,1,1,16,8,1.667,1.667,0.553,2.443,0.428,1,0,182963,Lass Bangoura,1992-03-30,23.42,169.0,right,Attack,Right Winger,Guinea,Guinea,10,419,1,1,1421,Stade Reims,1420,1800000.0,2000000.0,0.969,0.95,0.995,same_club
3186,Mathieu Valbuena,FRA,2015-16,Lyon,F M S,26,1827,1,1,5,42,67,2.332,2.332,5.793,10.417,7.29,5,0,40687,Mathieu Valbuena,1984-09-28,30.92,167.0,right,Midfield,Attacking Midfield,France,France,26,1814,1,5,1041,Olympique Lyon,2620,11500000.0,6000000.0,0.998,1.0,0.993,same_club
3203,Issa Diop,FRA,2015-16,Toulouse,D,21,1890,1,1,0,5,3,1.18,1.18,0.384,2.297,2.165,4,2,272622,Issa Diop,1997-01-09,18.64,194.0,right,Defender,Centre-Back,Morocco,France,21,1861,1,0,415,FC Toulouse,1861,,400000.0,0.995,1.0,0.985,same_club
3206,Yann Bodiger,FRA,2015-16,Toulouse,M S,22,1070,1,1,0,10,8,0.711,0.711,0.501,3.451,3.057,8,0,290533,Yann Bodiger,1995-02-09,20.56,188.0,left,Midfield,Central Midfield,France,France,22,1073,1,0,415,FC Toulouse,1073,800000.0,1250000.0,0.999,1.0,0.997,same_club
3209,Jean-Daniel Akpa-Akpro,FRA,2015-16,Toulouse,D M S,33,2560,1,1,4,18,24,1.249,1.249,3.68,6.554,4.516,12,0,170481,Jean-Daniel Akpa Akpro,1992-10-11,22.89,180.0,right,Midfield,Central Midfield,Cote d'Ivoire,France,33,2566,1,4,415,FC Toulouse,2566,3500000.0,3500000.0,0.999,1.0,0.998,same_club
3212,Zinedine Machach,FRA,2015-16,Toulouse,M S,16,857,1,1,1,7,8,0.337,0.337,1.118,1.968,0.779,4,0,146143,Zinédine Machach,1996-01-05,19.66,185.0,right,Midfield,Attacking Midfield,France,France,16,859,1,1,415,FC Toulouse,859,,800000.0,0.999,1.0,0.998,same_club
3213,Adrien Regattin,FRA,2015-16,Toulouse,F M S,34,1500,1,1,4,33,39,1.207,1.207,4.317,5.752,2.974,5,0,126796,Adrien Regattin,1991-08-22,24.03,168.0,right,Attack,Right Winger,Morocco,France,34,1513,1,4,415,FC Toulouse,1513,2000000.0,2000000.0,0.997,1.0,0.991,same_club
3216,Marcel Tisserand,FRA,2015-16,Toulouse,D S,33,2846,1,1,0,10,14,1.134,1.134,0.915,5.607,4.834,5,1,170463,Marcel Tisserand,1993-01-10,22.64,190.0,right,Defender,Centre-Back,DR Congo,France,33,2874,1,0,415,FC Toulouse,2874,1500000.0,1500000.0,0.997,1.0,0.99,same_club
3220,Sylvain Armand,FRA,2015-16,Rennes,D S,34,2991,1,1,1,14,13,2.405,1.645,0.807,5.599,4.799,5,0,3525,Sylvain Armand,1980-08-01,35.08,182.0,left,Defender,Left-Back,France,France,34,2991,1,1,273,Stade Rennais FC,2991,500000.0,500000.0,1.0,1.0,1.0,same_club
3224,Gelson Fernandes,FRA,2015-16,Rennes,M,33,2901,1,1,1,8,8,0.635,0.635,0.359,7.679,7.062,8,0,20081,Gelson Fernandes,1986-09-02,29.0,180.0,right,Midfield,Defensive Midfield,Switzerland,Cape Verde,33,2902,1,1,273,Stade Rennais FC,2902,3000000.0,3000000.0,1.0,1.0,1.0,same_club
3233,Mehdi Zeffane,FRA,2015-16,Rennes,D M S,16,804,1,1,1,13,6,0.446,0.446,0.442,1.964,1.119,1,0,118303,Mehdi Zeffane,1992-05-19,23.29,176.0,right,Defender,Right-Back,Algeria,France,16,814,1,1,273,Stade Rennais FC,814,1250000.0,1250000.0,0.996,1.0,0.988,same_club
3240,Antoine Devaux,FRA,2015-16,Reims,F M,33,2832,1,1,1,23,20,2.159,2.159,1.09,7.083,4.906,6,3,57376,Antoine Devaux,1985-02-21,30.52,185.0,right,Midfield,Central Midfield,France,France,33,2819,1,1,1421,Stade Reims,2819,2500000.0,1000000.0,0.999,1.0,0.995,same_club
3258,Clément Chantôme,FRA,2015-16,Bordeaux,D M S,26,2180,1,1,0,15,12,1.248,1.248,0.459,4.34,3.68,9,0,43458,Clément Chantôme,1987-09-11,27.97,180.0,right,Midfield,Defensive Midfield,France,France,26,2179,1,0,40,FC Girondins Bordeaux,2764,4500000.0,3500000.0,1.0,1.0,1.0,same_club
3262,Malcom,FRA,2015-16,Bordeaux,F M S,12,530,1,1,1,10,10,0.965,0.965,1.83,2.346,0.337,0,0,323704,Malcom,1997-02-26,18.51,172.0,left,Attack,Right Winger,Brazil,Brazil,12,533,1,1,40,FC Girondins Bordeaux,533,6000000.0,10000000.0,0.998,1.0,0.994,same_club
3265,Pablo,FRA,2015-16,Bordeaux,D,16,1339,1,1,0,7,2,0.962,0.962,0.055,0.916,0.916,3,0,149577,Pablo,1991-06-21,24.2,188.0,right,Defender,Centre-Back,Brazil,Brazil,16,1338,1,0,40,FC Girondins Bordeaux,1428,1500000.0,1750000.0,1.0,1.0,0.999,same_club
3270,Rafael,FRA,2015-16,Lyon,D M S,21,1450,1,1,2,12,12,1.362,1.362,1.282,4.5,3.569,8,0,61892,Rafael,1990-07-09,25.15,172.0,right,Defender,Right-Back,Brazil,Brazil,21,1454,1,2,1041,Olympique Lyon,1791,10000000.0,6000000.0,0.999,1.0,0.997,same_club
3285,Gaetan Perrin,FRA,2015-16,Lyon,S,3,27,1,1,0,2,0,0.78,0.78,0.0,0.78,0.0,0,0,353404,Gaëtan Perrin,1996-06-07,19.23,169.0,right,Attack,Right Winger,France,France,3,29,1,0,1041,Olympique Lyon,29,,,0.993,1.0,0.978,same_club
3288,Thiago Silva,FRA,2015-16,Paris Saint Germain,D S,30,2623,1,1,1,15,8,1.4,1.4,2.103,18.036,17.602,3,0,29241,Thiago Silva,1984-09-22,30.94,181.0,right,Defender,Centre-Back,Brazil,Brazil,30,2622,1,1,583,Paris Saint-Germain,3522,30000000.0,20000000.0,1.0,1.0,1.0,same_club
3291,Adrien Rabiot,FRA,2015-16,Paris Saint Germain,M S,24,1621,1,1,1,14,8,0.794,0.794,0.769,11.51,10.306,3,1,182913,Adrien Rabiot,1995-04-03,20.41,191.0,left,Midfield,Central Midfield,France,France,24,1615,1,1,583,Paris Saint-Germain,2226,8000000.0,10000000.0,0.999,1.0,0.996,same_club
3292,Thiago Motta,FRA,2015-16,Paris Saint Germain,M S,32,2345,1,1,1,13,16,2.234,2.234,1.169,21.873,21.598,6,0,7602,Thiago Motta,1982-08-28,33.01,187.0,left,Midfield,Defensive Midfield,Italy,Brazil,32,2348,1,1,583,Paris Saint-Germain,3091,5000000.0,3000000.0,1.0,1.0,0.999,same_club
3297,Marquinhos,FRA,2015-16,Paris Saint Germain,D S,29,1919,1,1,0,9,3,1.407,1.407,0.712,12.445,12.418,1,0,181767,Marquinhos,1994-05-14,21.3,183.0,right,Defender,Centre-Back,Brazil,Brazil,29,1923,1,0,583,Paris Saint-Germain,2463,25000000.0,30000000.0,0.999,1.0,0.998,same_club
3299,Jean-Kevin Augustin,FRA,2015-16,Paris Saint Germain,F S,13,414,1,1,0,9,4,1.49,1.49,0.731,2.156,0.624,1,0,264956,Jean-Kévin Augustin,1997-06-16,18.21,179.0,right,Attack,Centre-Forward,France,France,13,419,1,0,583,Paris Saint-Germain,451,500000.0,1500000.0,0.996,1.0,0.988,same_club
3304,Maxime Le Marchand,FRA,2015-16,Nice,D,26,2198,1,1,0,6,2,0.789,0.789,0.053,5.925,5.854,5,1,60558,Maxime Le Marchand,1989-10-11,25.89,185.0,left,Defender,Centre-Back,France,France,26,2197,1,0,417,OGC Nice,2197,800000.0,1500000.0,1.0,1.0,1.0,same_club
3308,Mathieu Bodmer,FRA,2015-16,Nice,D M S,19,1364,1,1,1,4,11,1.093,1.093,1.211,5.112,4.638,3,0,27305,Mathieu Bodmer,1982-11-22,32.77,190.0,right,Midfield,Defensive Midfield,France,France,19,1356,1,1,417,OGC Nice,1356,1000000.0,1000000.0,0.998,1.0,0.994,same_club
3316,Romain Genevois,FRA,2015-16,Nice,D S,14,1007,1,1,0,1,3,0.841,0.841,0.14,3.306,3.257,4,0,57525,Romain Genevois,1987-10-28,27.84,182.0,right,Defender,Centre-Back,Haiti,Haiti,14,1007,1,0,417,OGC Nice,1007,2000000.0,2000000.0,1.0,1.0,1.0,same_club
3317,Niklas Hult,FRA,2015-16,Nice,D M S,15,789,1,1,0,5,7,0.875,0.875,0.585,2.881,1.719,2,1,113039,Niklas Hult,1990-02-13,25.55,173.0,left,Defender,Left-Back,Sweden,Sweden,15,800,1,0,417,OGC Nice,800,1500000.0,1500000.0,0.996,1.0,0.986,same_club
3334,Lassana Coulibaly,FRA,2015-16,SC Bastia,M S,15,705,1,1,0,11,4,0.598,0.598,0.065,1.101,0.935,1,0,386552,Lassana Coulibaly,1996-04-10,19.39,183.0,right,Midfield,Central Midfield,Mali,Mali,15,703,1,0,595,SC Bastia,703,,150000.0,0.999,1.0,0.997,same_club
3337,Hilton,FRA,2015-16,Montpellier,D,36,3178,1,1,1,25,11,2.262,2.262,0.887,5.843,5.393,3,1,4811,Hilton,1977-09-13,37.97,180.0,right,Defender,Centre-Back,Brazil,Brazil,36,3180,1,1,969,Montpellier HSC,3180,250000.0,250000.0,1.0,1.0,0.999,same_club
3356,Adama Soumaoro,FRA,2015-16,Lille,D M S,28,2321,1,1,0,12,2,1.542,1.542,0.053,4.154,3.38,6,0,126673,Adama Soumaoro,1992-06-18,23.2,187.0,right,Defender,Centre-Back,France,France,28,2321,1,0,1082,LOSC Lille,2321,250000.0,800000.0,1.0,1.0,1.0,same_club
3358,Ibrahim Amadou,FRA,2015-16,Lille,D M S,22,1663,1,1,0,12,4,1.049,1.049,0.164,3.487,3.257,2,0,205503,Ibrahim Amadou,1993-04-06,22.4,183.0,right,Midfield,Defensive Midfield,France,Cameroon,22,1664,1,0,1082,LOSC Lille,1664,600000.0,1500000.0,1.0,1.0,0.999,same_club
3360,Mounir Obbadi,FRA,2015-16,Lille,M S,30,2306,1,1,4,31,53,2.133,2.133,4.054,12.101,7.534,8,0,29311,Mounir Obbadi,1983-04-04,32.41,175.0,right,Midfield,Central Midfield,Morocco,France,30,2293,1,4,1082,LOSC Lille,2293,1500000.0,1000000.0,0.998,1.0,0.994,same_club
3372,Kader Mangane,FRA,2015-16,GFC Ajaccio,D M S,31,2550,1,1,1,16,14,1.031,1.031,1.051,2.95,1.894,7,0,4796,Kader Mangane,1983-03-23,32.44,193.0,right,Defender,Centre-Back,Senegal,Senegal,31,2553,1,1,3558,GFC Ajaccio,2553,300000.0,500000.0,1.0,1.0,0.999,same_club
3386,Alassane Toure,FRA,2015-16,GFC Ajaccio,D S,13,949,1,1,0,7,7,0.462,0.462,1.004,2.389,1.875,5,0,77740,Alassane Touré,1989-02-09,26.56,183.0,right,Defender,Right-Back,France,France,13,952,1,0,3558,GFC Ajaccio,952,300000.0,300000.0,0.999,1.0,0.997,same_club
3388,Karim Rekik,FRA,2015-16,Marseille,D S,24,2035,1,1,1,6,5,0.507,0.507,1.1,3.425,3.406,4,0,182579,Karim Rekik,1994-12-02,20.75,186.0,left,Defender,Centre-Back,Netherlands,Netherlands,24,2035,1,1,244,Olympique Marseille,2482,4000000.0,4000000.0,1.0,1.0,1.0,same_club
3389,Benjamin Mendy,FRA,2015-16,Marseille,D S,23,1950,1,1,1,7,29,0.17,0.17,2.216,5.505,3.968,7,0,157495,Benjamin Mendy,1994-07-17,21.13,185.0,left,Defender,Left-Back,France,France,24,1953,1,1,244,Olympique Marseille,2559,6500000.0,6500000.0,1.0,1.0,0.998,same_club
3391,Jacques-Alaixys Romao,FRA,2015-16,Marseille,M S,23,1234,1,1,1,8,6,0.276,0.276,0.225,1.952,1.74,4,2,40014,Alaixys Romao,1984-01-18,31.62,180.0,right,Midfield,Defensive Midfield,Togo,France,23,1248,1,1,244,Olympique Marseille,1698,2000000.0,1000000.0,0.967,0.95,0.989,same_club
3397,Rolando,FRA,2015-16,Marseille,D S,19,1631,1,1,0,7,2,1.574,1.574,0.077,1.87,1.819,4,0,27300,Rolando,1985-08-31,30.0,189.0,right,Defender,Centre-Back,Portugal,Cape Verde,19,1632,1,0,244,Olympique Marseille,1997,3500000.0,2500000.0,1.0,1.0,0.999,same_club
3403,Guillaume Gillet,FRA,2015-16,Nantes,M,19,1710,1,1,0,21,10,1.643,1.643,0.97,3.705,2.694,5,0,31952,Guillaume Gillet,1984-03-09,31.48,186.0,right,Midfield,Defensive Midfield,Belgium,Belgium,19,1710,1,0,995,FC Nantes,3907,2000000.0,2000000.0,1.0,1.0,1.0,same_club
3411,Ermir Lenjani,FRA,2015-16,"Nantes,Rennes",D M S,21,1475,1,1,1,20,24,1.612,1.612,1.631,3.558,1.389,2,1,66052,Ermir Lenjani,1989-08-05,26.07,175.0,left,Defender,Left-Back,Albania,Jugoslawien (SFR),21,1467,1,1,"273,995","Stade Rennais FC,FC Nantes",1467,1000000.0,1250000.0,0.998,1.0,0.995,same_club
3413,Jules Iloki,FRA,2015-16,Nantes,M S,21,1002,1,1,1,19,20,2.677,2.677,1.723,6.268,3.209,2,0,227240,Jules Iloki,1992-01-14,23.63,172.0,right,Midfield,Right Midfield,France,France,21,1013,1,1,995,FC Nantes,1013,,600000.0,0.997,1.0,0.989,same_club
3422,João Moutinho,FRA,2015-16,Monaco,M S,26,2123,1,1,2,21,43,0.955,0.955,3.985,6.267,4.251,3,0,29364,João Moutinho,1986-09-08,28.98,170.0,right,Midfield,Central Midfield,Portugal,Portugal,26,2123,1,2,162,AS Monaco,2798,20000000.0,18000000.0,1.0,1.0,1.0,same_club
3423,Kylian Mbappe-Lottin,FRA,2015-16,Monaco,F S,11,279,1,1,1,5,4,0.445,0.445,0.597,1.542,0.5,1,0,342229,Kylian Mbappé,1998-12-20,16.7,180.0,right,Attack,Centre-Forward,France,France,11,289,1,1,162,AS Monaco,323,,1000000.0,0.96,0.95,0.965,same_club
3427,Fares Bahlouli,FRA,2015-16,Monaco,M S,8,174,1,1,0,6,4,0.172,0.172,0.522,1.092,0.863,1,0,190333,Farès Bahlouli,1995-04-08,20.4,182.0,right,Midfield,Attacking Midfield,France,France,8,180,1,0,162,AS Monaco,195,1000000.0,1500000.0,0.99,1.0,0.967,same_club
3429,Tiemoué Bakayoko,FRA,2015-16,Monaco,M S,19,1365,1,1,0,16,6,1.048,1.048,0.156,3.497,3.134,3,0,182618,Tiemoué Bakayoko,1994-08-17,21.04,189.0,right,Midfield,Defensive Midfield,France,France,19,1362,1,0,162,AS Monaco,1452,5000000.0,4000000.0,0.999,1.0,0.998,same_club
3438,Stéphane Darbion,FRA,2015-16,Troyes,M S,26,1659,1,1,2,33,33,3.252,3.252,3.633,6.95,2.622,2,1,14951,Stéphane Darbion,1984-03-22,31.44,183.0,left,Midfield,Left Midfield,France,France,26,1654,1,2,1095,ESTAC Troyes,1654,500000.0,500000.0,0.999,1.0,0.997,same_club
3442,Chaouki Ben Saada,FRA,2015-16,Troyes,M S,18,812,1,1,1,24,17,2.051,2.051,1.164,3.236,0.675,1,0,5597,Chaouki Ben Saada,1984-07-01,31.17,176.0,left,Attack,Right Winger,Tunisia,France,18,815,1,1,1095,ESTAC Troyes,815,500000.0,500000.0,0.999,1.0,0.996,same_club
3443,Babacar Gueye,FRA,2015-16,Troyes,F S,10,589,1,1,2,14,8,2.449,2.449,0.534,2.343,0.279,0,0,342364,Babacar Gueye,1994-12-31,20.67,193.0,right,Attack,Centre-Forward,Senegal,Senegal,10,588,1,2,1095,ESTAC Troyes,588,200000.0,300000.0,0.999,1.0,0.998,same_club
3449,Quentin Othon,FRA,2015-16,Troyes,D S,8,584,1,1,0,3,2,0.053,0.053,0.183,0.898,0.788,0,0,56808,Quentin Othon,1988-03-27,27.43,162.0,left,Midfield,Defensive Midfield,France,France,8,585,1,0,1095,ESTAC Troyes,585,500000.0,500000.0,0.999,1.0,0.998,same_club
3458,Walid Mesloub,FRA,2015-16,Lorient,F M S,29,2120,1,1,4,22,66,1.276,1.276,5.692,9.146,4.637,3,0,98315,Walid Mesloub,1985-09-04,29.99,180.0,right,Midfield,Central Midfield,Algeria,France,29,2122,1,5,1158,FC Lorient,2122,1500000.0,1500000.0,1.0,1.0,0.999,same_club
3471,Benjamin Angoua,FRA,2015-16,Guingamp,D S,18,1231,1,1,0,4,0,0.524,0.524,0.0,1.137,1.137,4,0,55046,Benjamin Angoua,1986-11-28,28.76,183.0,right,Defender,Centre-Back,Cote d'Ivoire,Cote d'Ivoire,18,1237,1,0,855,EA Guingamp,1237,1500000.0,1500000.0,0.999,1.0,0.995,same_club
3475,Ludovic Blas,FRA,2015-16,Guingamp,M S,14,634,1,1,2,11,8,0.824,0.824,1.386,2.747,1.843,1,0,288225,Ludovic Blas,1997-12-31,17.67,180.0,left,Midfield,Right Midfield,France,France,14,640,1,2,855,EA Guingamp,640,150000.0,300000.0,0.997,1.0,0.991,same_club
3479,Marcus Coco,FRA,2015-16,Guingamp,F M S,30,1736,1,1,2,22,21,1.479,1.479,2.017,3.497,1.105,6,0,353365,Marcus Coco,1996-06-24,19.19,184.0,right,Defender,Right-Back,Guadeloupe,Guadeloupe,30,1730,1,2,855,EA Guingamp,1730,150000.0,800000.0,0.999,1.0,0.997,same_club
3487,Ismael Traoré,FRA,2015-16,Angers,D,34,2961,1,1,0,11,3,1.625,1.625,0.39,2.259,2.209,2,1,57216,Ismaël Traoré,1986-08-18,29.04,184.0,right,Defender,Centre-Back,Cote d'Ivoire,France,34,2959,1,0,1420,Angers SCO,2959,800000.0,1500000.0,1.0,1.0,0.999,same_club
3497,Grégory Bourillon,FRA,2015-16,Angers,D M S,8,515,1,1,0,3,2,0.316,0.316,0.02,0.659,0.639,1,0,12386,Grégory Bourillon,1984-07-01,31.17,187.0,right,Defender,Centre-Back,France,France,8,512,1,0,1420,Angers SCO,512,1500000.0,1000000.0,0.998,1.0,0.994,same_club
3500,Charles Diers,FRA,2015-16,Angers,M S,15,472,1,1,0,7,4,0.893,0.893,0.495,0.891,0.566,0,0,31069,Charles Diers,1981-06-06,34.24,185.0,right,Midfield,Central Midfield,France,France,15,479,1,0,1420,Angers SCO,479,250000.0,250000.0,0.996,1.0,0.985,same_club
3501,Goran Karanoviç,FRA,2015-16,Angers,F S,12,291,1,1,0,6,4,1.089,1.089,0.128,0.948,0.33,0,0,33337,Goran Karanovic,1987-10-13,27.89,185.0,right,Attack,Centre-Forward,Switzerland,Jugoslawien (SFR),12,305,1,0,1420,Angers SCO,305,750000.0,800000.0,0.986,1.0,0.954,same_club
3504,Kévin Théophile-Catherine,FRA,2015-16,Saint-Etienne,D,22,1980,1,1,1,7,14,0.296,0.296,1.421,4.677,3.797,2,0,60603,Kévin Théophile-Catherine,1989-10-28,25.84,183.0,right,Defender,Centre-Back,Martinique,France,22,1980,1,1,618,AS Saint-Étienne,2442,4000000.0,3500000.0,1.0,1.0,1.0,same_club
3507,Vincent Pajot,FRA,2015-16,Saint-Etienne,M S,28,1743,1,1,1,25,14,1.686,1.686,1.615,3.964,2.904,6,0,126699,Vincent Pajot,1990-08-19,25.03,180.0,right,Midfield,Defensive Midfield,France,France,28,1752,1,1,618,AS Saint-Étienne,2129,2000000.0,2500000.0,0.998,1.0,0.995,same_club
3514,Benjamin Corgnet,FRA,2015-16,Saint-Etienne,F M S,16,532,1,1,1,11,11,0.879,0.879,1.134,3.037,1.773,0,0,154171,Benjamin Corgnet,1987-04-06,28.41,179.0,right,Midfield,Attacking Midfield,France,France,16,543,1,1,618,AS Saint-Étienne,849,3500000.0,2500000.0,0.994,1.0,0.98,same_club
3521,Dennis Appiah,FRA,2015-16,Caen,D,38,3420,1,1,1,10,27,0.758,0.758,1.82,6.124,4.217,2,0,111038,Dennis Appiah,1992-06-09,23.23,179.0,right,Defender,Right-Back,France,France,38,3420,1,1,1162,SM Caen,3420,2000000.0,2500000.0,1.0,1.0,1.0,same_club
3524,Alaeddine Yahia,FRA,2015-16,Caen,D,26,2213,1,1,0,15,4,2.093,2.093,0.091,2.585,1.924,5,1,5451,Alaeddine Yahia,1981-09-26,33.93,187.0,right,Defender,Centre-Back,Tunisia,France,26,2214,1,0,1162,SM Caen,2214,250000.0,500000.0,1.0,1.0,1.0,same_club
3525,Vincent Bessat,FRA,2015-16,Caen,D F M S,35,2772,1,1,1,37,34,2.031,2.031,2.483,7.119,3.66,2,0,50142,Vincent Bessat,1985-11-08,29.81,178.0,left,Defender,Left-Back,France,France,35,2767,1,1,1162,SM Caen,2767,1000000.0,1500000.0,0.999,1.0,0.998,same_club
3529,Saidi Ntibazonkiza,FRA,2015-16,Caen,M S,14,598,1,1,0,19,10,1.926,1.926,0.7,2.099,0.172,0,0,45846,Saidi Ntibazonkiza,1987-05-01,28.34,170.0,right,Midfield,Attacking Midfield,Burundi,Burundi,14,595,1,0,1162,SM Caen,595,1200000.0,1000000.0,0.998,1.0,0.995,same_club
3533,Christian Kouakou,FRA,2015-16,Caen,S,6,116,1,1,0,4,0,0.443,0.443,0.0,0.318,0.0,1,0,230221,Christian Kouakou,1991-03-01,24.5,182.0,right,Attack,Left Winger,Cote d'Ivoire,Cote d'Ivoire,6,123,1,0,1162,SM Caen,123,500000.0,800000.0,0.983,1.0,0.943,same_club
3538,Tongo Doumbia,FRA,2015-16,Toulouse,M S,25,1896,1,1,1,33,12,3.24,3.24,1.098,5.34,2.943,5,1,103563,Tongo Doumbia,1989-08-06,26.07,191.0,right,Midfield,Defensive Midfield,Mali,France,25,1895,1,1,415,FC Toulouse,1895,2000000.0,2000000.0,1.0,1.0,0.999,same_club
3548,Florian Raspentino,FRA,2015-16,SC Bastia,F M S,11,510,1,1,0,8,1,0.85,0.85,0.011,0.435,0.046,2,0,189940,Florian Raspentino,1989-06-06,26.24,179.0,right,Attack,Centre-Forward,France,France,11,510,1,0,595,SC Bastia,510,1500000.0,1500000.0,1.0,1.0,1.0,same_club
3557,Lass Diarra,FRA,2015-16,Marseille,M S,26,2096,1,1,1,10,19,0.289,0.289,0.531,6.26,6.002,4,0,23914,Lassana Diarra,1985-03-10,30.48,173.0,right,Midfield,Defensive Midfield,France,France,26,2088,1,1,244,Olympique Marseille,2441,4000000.0,7500000.0,0.969,0.95,0.996,same_club
3559,Abdel Barrada,FRA,2015-16,Marseille,M S,24,1459,1,1,6,26,62,4.278,3.518,6.545,9.744,3.477,5,2,93664,Abdelaziz Barrada,1989-06-19,26.2,179.0,right,Midfield,Attacking Midfield,Morocco,France,24,1452,1,6,244,Olympique Marseille,1706,3500000.0,2500000.0,0.969,0.95,0.995,same_club
3566,Christophe Jallet,FRA,2015-16,Lyon,D S,23,1771,1,1,5,21,25,1.938,1.938,2.67,9.691,6.277,2,1,28335,Christophe Jallet,1983-10-31,31.84,178.0,right,Defender,Right-Back,France,France,23,1762,1,5,1041,Olympique Lyon,2138,3000000.0,2000000.0,0.998,1.0,0.995,same_club
3567,Samuel Umtiti,FRA,2015-16,Lyon,D,30,2661,1,1,0,16,1,2.405,2.405,0.046,5.965,5.876,6,0,126540,Samuel Umtiti,1993-11-14,21.8,182.0,left,Defender,Centre-Back,France,Cameroon,30,2658,1,0,1041,Olympique Lyon,3108,12000000.0,15000000.0,1.0,1.0,0.999,same_club
3571,Rafidine Abdullah,FRA,2015-16,Lorient,M S,12,577,1,1,0,5,6,0.137,0.137,0.607,1.367,1.173,6,1,215652,Rafidine Abdullah,1994-01-15,21.63,179.0,right,Midfield,Defensive Midfield,Comoros,France,12,575,1,0,1158,FC Lorient,575,1500000.0,1250000.0,0.999,1.0,0.997,same_club
3575,Moustapha Diallo,FRA,2015-16,Guingamp,M S,30,1919,1,1,2,18,8,1.826,1.826,0.395,5.275,4.493,12,0,41063,Mustapha Diallo,1986-05-14,29.3,190.0,right,Midfield,Defensive Midfield,Senegal,Senegal,30,1913,1,2,855,EA Guingamp,1913,1000000.0,1500000.0,0.98,0.968,0.997,same_club
3580,Alexandre Mendy,FRA,2015-16,Nice,F S,18,360,1,1,0,10,7,1.697,1.697,0.33,2.027,0.147,0,0,290561,Alexandre Mendy,1994-03-20,21.45,184.0,right,Attack,Centre-Forward,Guinea-Bissau,France,18,373,1,0,417,OGC Nice,373,200000.0,600000.0,0.99,1.0,0.965,same_club
3598,Hervin Ongenda,FRA,2015-16,Paris Saint Germain,F M S,5,349,1,1,1,5,7,0.83,0.83,1.355,4.348,2.937,0,0,182910,Hervin Ongenda,1995-06-24,20.19,171.0,right,Midfield,Attacking Midfield,France,France,5,349,1,1,583,Paris Saint-Germain,349,1500000.0,1500000.0,1.0,1.0,1.0,same_club
3602,Stoppila Sunzu,FRA,2015-16,Lille,D S,12,916,1,1,0,10,0,0.812,0.812,0.0,0.731,0.69,0,1,82324,Stoppila Sunzu,1989-06-22,26.19,192.0,right,Defender,Centre-Back,Zambia,Zambia,12,917,1,0,1082,LOSC Lille,917,1200000.0,1500000.0,1.0,1.0,0.999,same_club
3606,Joris Marveaux,FRA,2015-16,Montpellier,M S,9,434,1,1,0,4,0,0.932,0.932,0.0,0.845,0.743,2,0,23955,Joris Marveaux,1982-08-15,33.05,179.0,right,Midfield,Defensive Midfield,Martinique,France,9,438,1,0,969,Montpellier HSC,438,500000.0,500000.0,0.997,1.0,0.991,same_club
3611,Thomas Ayasse,FRA,2015-16,Troyes,M S,14,1028,1,1,0,11,4,0.726,0.726,0.117,3.546,2.955,3,1,57348,Thomas Ayasse,1987-02-17,28.54,183.0,right,Midfield,Defensive Midfield,France,France,14,1017,1,0,1095,ESTAC Troyes,1017,1250000.0,1250000.0,0.997,1.0,0.989,same_club
3621,Neal Maupay,FRA,2015-16,Saint-Etienne,F S,15,511,1,1,2,13,8,0.917,0.917,1.298,2.28,0.509,3,0,217115,Neal Maupay,1996-08-14,19.05,171.0,right,Attack,Centre-Forward,France,France,15,519,1,2,618,AS Saint-Étienne,643,2000000.0,2000000.0,0.995,1.0,0.985,same_club
3622,Emmanuel Imorou,FRA,2015-16,Caen,D,15,1207,1,1,1,1,8,0.45,0.45,1.139,2.858,1.38,1,1,74709,Emmanuel Imorou,1988-09-16,26.96,181.0,left,Defender,Left-Back,Benin,France,15,1202,1,1,1162,SM Caen,1202,2000000.0,2000000.0,0.999,1.0,0.996,same_club
3627,Juan Quintero,FRA,2015-16,Rennes,F M S,12,818,1,1,2,16,16,0.907,0.907,1.325,4.158,2.581,0,0,122582,Juan Fernando Quintero,1993-01-18,22.62,167.0,left,Midfield,Attacking Midfield,Colombia,Colombia,12,817,1,2,273,Stade Rennais FC,817,8500000.0,7000000.0,0.97,0.95,0.999,same_club
3645,Olivier Boscagli,FRA,2015-16,Nice,D S,11,770,1,1,0,2,2,0.418,0.418,0.355,1.645,0.894,3,1,318508,Olivier Boscagli,1997-11-18,17.79,181.0,left,Defender,Centre-Back,France,Monaco,11,774,1,0,417,OGC Nice,774,,1000000.0,0.998,1.0,0.995,same_club
3647,Antoine Rabillard,FRA,2015-16,Marseille,F S,3,82,1,1,0,3,0,1.089,1.089,0.0,0.0,0.0,1,0,146373,Antoine Rabillard,1995-09-22,19.94,180.0,right,Attack,Centre-Forward,France,France,3,85,1,0,244,Olympique Marseille,85,,150000.0,0.99,1.0,0.967,same_club
3651,Jeff Louis,FRA,2015-16,Caen,M S,18,698,1,1,0,21,6,1.497,1.497,0.893,2.864,0.666,2,0,164451,Jeff Louis,1992-08-08,23.06,171.0,left,Midfield,Attacking Midfield,Haiti,Haiti,18,701,1,0,1162,SM Caen,701,1500000.0,1500000.0,0.999,1.0,0.996,same_club
3654,Dorian Lévêque,FRA,2015-16,Guingamp,D S,14,1202,1,1,0,8,1,0.322,0.322,0.027,1.645,1.345,2,0,122835,Dorian Lévêque,1989-11-22,25.77,180.0,left,Defender,Left-Back,France,France,14,1205,1,0,855,EA Guingamp,1205,800000.0,1000000.0,0.999,1.0,0.998,same_club
3664,Frédéric Bulot,FRA,2015-16,Reims,F M S,16,1017,1,1,0,21,15,1.095,1.095,0.912,4.28,3.299,1,0,111005,Frédéric Bulot,1990-09-27,24.93,179.0,left,Attack,Left Winger,Gabon,Gabon,16,1022,1,1,1421,Stade Reims,1022,2000000.0,2000000.0,0.999,1.0,0.995,same_club
3666,Anthony Weber,FRA,2015-16,Reims,D,19,1596,1,1,0,3,2,0.098,0.098,0.055,2.412,2.367,5,0,56827,Anthony Weber,1987-06-11,28.22,190.0,right,Defender,Centre-Back,France,France,19,1595,1,0,1421,Stade Reims,1595,1250000.0,1500000.0,1.0,1.0,0.999,same_club
3670,Nicolas Pallois,FRA,2015-16,Bordeaux,D,17,1469,1,1,1,9,3,0.754,0.754,0.161,2.24,2.199,3,1,139279,Nicolas Pallois,1987-09-19,27.95,189.0,left,Defender,Centre-Back,France,France,17,1470,1,1,40,FC Girondins Bordeaux,2190,3500000.0,3500000.0,1.0,1.0,0.999,same_club
3673,Valentin Rongier,FRA,2015-16,Nantes,M S,11,749,1,1,1,8,7,0.196,0.196,0.287,1.7,1.502,1,0,332889,Valentin Rongier,1994-12-07,20.73,173.0,right,Midfield,Central Midfield,France,France,11,741,1,1,995,FC Nantes,741,400000.0,800000.0,0.997,1.0,0.989,same_club
3683,Ivan Cavaleiro,FRA,2015-16,Monaco,F M S,12,514,1,1,0,14,8,1.776,1.776,1.051,4.363,1.889,1,0,149716,Ivan Cavaleiro,1993-10-18,21.87,175.0,right,Attack,Left Winger,Angola,Portugal,12,509,1,0,162,AS Monaco,886,3500000.0,10000000.0,0.997,1.0,0.99,same_club
3711,Alexis Alegue,FRA,2015-16,Nantes,M S,3,95,1,1,0,3,1,0.78,0.78,0.05,0.83,0.0,0,0,228999,Alexis Alégué,1996-12-23,18.69,175.0,left,Attack,Right Winger,Cameroon,Cameroon,3,96,1,0,995,FC Nantes,96,,250000.0,0.997,1.0,0.99,same_club
3720,Milan Gajic,FRA,2015-16,Bordeaux,D M S,9,593,1,1,0,2,5,0.08,0.08,0.436,1.35,0.833,0,0,245030,Milan Gajic,1996-01-28,19.59,178.0,both,Defender,Right-Back,Serbia,Croatia,9,589,1,0,40,FC Girondins Bordeaux,769,800000.0,1250000.0,0.998,1.0,0.993,same_club
3731,Nicolas Maurice-Belay,FRA,2015-16,Bordeaux,F M S,18,1303,1,1,2,11,17,0.407,0.407,1.47,4.437,3.225,2,0,16591,Nicolas Maurice-Belay,1985-04-19,30.37,182.0,left,Midfield,Left Midfield,France,France,18,1279,1,2,40,FC Girondins Bordeaux,1653,2500000.0,1000000.0,0.994,1.0,0.982,same_club
3749,Jonathan Bamba,FRA,2015-16,Saint-Etienne,M S,5,296,1,1,0,9,2,0.83,0.83,0.181,1.241,0.23,0,0,292818,Jonathan Bamba,1996-03-26,19.43,175.0,right,Attack,Left Winger,Cote d'Ivoire,France,5,293,1,0,618,AS Saint-Étienne,375,150000.0,600000.0,0.997,1.0,0.99,same_club
3781,Denis Bouanga,FRA,2015-16,Lorient,M,1,78,1,1,0,5,2,0.19,0.19,0.041,0.191,0.0,0,0,236045,Denis Bouanga,1994-11-11,20.8,180.0,right,Attack,Left Winger,Gabon,France,4,195,1,0,1158,FC Lorient,195,,300000.0,0.82,1.0,0.4,same_club
3789,Mickael Le Bihan,FRA,2015-16,Nice,F S,3,136,1,1,1,7,3,1.04,1.04,0.748,2.377,1.29,0,0,139018,Mickaël Le Bihan,1990-05-16,25.3,184.0,right,Attack,Centre-Forward,France,France,3,136,1,1,417,OGC Nice,136,1500000.0,1500000.0,1.0,1.0,1.0,same_club
553,Anthony Martial,FRA,2015-16,Monaco,F S,3,204,0,0,1,1,4,0.082,0.082,0.806,0.823,0.431,0,0,182877,Anthony Martial,1995-12-05,19.74,184.0,right,Attack,Centre-Forward,France,France,3,202,0,1,162,AS Monaco,4594,8000000.0,32000000.0,1.0,1.0,1.0,same_club
553,Anthony Martial,FRA,2015-16,Monaco,F S,3,204,0,0,1,1,4,0.082,0.082,0.806,0.823,0.431,0,0,182877,Anthony Martial,1995-12-05,19.74,184.0,right,Attack,Centre-Forward,France,France,3,202,0,1,162,AS Monaco,4594,8000000.0,32000000.0,0.997,1.0,0.99,same_club
728,Lamine Koné,FRA,2015-16,Lorient,D S,18,1550,0,0,0,11,2,0.971,0.971,0.034,2.958,2.779,3,1,57420,Lamine Koné,1989-02-01,26.58,188.0,right,Defender,Centre-Back,Cote d'Ivoire,France,18,1552,0,0,1158,FC Lorient,2867,2500000.0,5000000.0,0.999,1.0,0.998,same_club
728,Lamine Koné,FRA,2015-16,Lorient,D S,18,1550,0,0,0,11,2,0.971,0.971,0.034,2.958,2.779,3,1,57420,Lamine Koné,1989-02-01,26.58,188.0,right,Defender,Centre-Back,Cote d'Ivoire,France,18,1552,0,0,1158,FC Lorient,2867,2500000.0,5000000.0,1.0,1.0,0.999,same_club
739,Ola Toivonen,FRA,2015-16,Rennes,S,1,13,0,0,0,1,0,0.034,0.034,0.0,0.034,0.0,0,0,36500,Ola Toivonen,1986-07-03,29.16,189.0,right,Midfield,Attacking Midfield,Sweden,Sweden,1,16,0,0,273,Stade Rennais FC,769,4000000.0,3000000.0,0.998,1.0,0.993,same_club
739,Ola Toivonen,FRA,2015-16,Rennes,S,1,13,0,0,0,1,0,0.034,0.034,0.0,0.034,0.0,0,0,36500,Ola Toivonen,1986-07-03,29.16,189.0,right,Midfield,Attacking Midfield,Sweden,Sweden,1,16,0,0,273,Stade Rennais FC,769,4000000.0,3000000.0,0.99,1.0,0.967,same_club
967,Mathieu Debuchy,FRA,2015-16,Bordeaux,D,9,784,0,0,0,6,3,0.62,0.62,0.18,1.464,1.006,1,0,27306,Mathieu Debuchy,1985-07-28,30.09,177.0,right,Defender,Centre-Back,France,France,9,783,0,0,40,FC Girondins Bordeaux,1115,13000000.0,7500000.0,0.994,1.0,0.98,same_club
967,Mathieu Debuchy,FRA,2015-16,Bordeaux,D,9,784,0,0,0,6,3,0.62,0.62,0.18,1.464,1.006,1,0,27306,Mathieu Debuchy,1985-07-28,30.09,177.0,right,Defender,Centre-Back,France,France,9,783,0,0,40,FC Girondins Bordeaux,1115,13000000.0,7500000.0,1.0,1.0,0.999,same_club
980,Franck Tabanou,FRA,2015-16,Saint-Etienne,D M S,11,688,0,0,0,7,6,0.137,0.137,0.729,0.889,0.55,0,1,66413,Franck Tabanou,1989-01-30,26.58,178.0,left,Defender,Left-Back,France,France,11,692,0,0,618,AS Saint-Étienne,932,6000000.0,4500000.0,0.998,1.0,0.994,same_club
1252,Stephan El Shaarawy,FRA,2015-16,Monaco,F M S,15,679,0,0,0,27,9,1.875,1.875,1.62,5.639,3.047,1,0,94529,Stephan El Shaarawy,1992-10-27,22.84,178.0,right,Attack,Left Winger,Italy,Italy,15,678,0,0,162,AS Monaco,2448,14000000.0,17000000.0,1.0,1.0,0.999,same_club
1252,Stephan El Shaarawy,FRA,2015-16,Monaco,F M S,15,679,0,0,0,27,9,1.875,1.875,1.62,5.639,3.047,1,0,94529,Stephan El Shaarawy,1992-10-27,22.84,178.0,right,Attack,Left Winger,Italy,Italy,15,678,0,0,162,AS Monaco,2448,14000000.0,17000000.0,0.997,1.0,0.988,same_club
1299,Mario Lemina,FRA,2015-16,Marseille,M,4,336,0,0,0,6,3,0.293,0.293,0.419,1.926,1.792,1,0,170934,Mario Lemina,1993-09-01,22.0,184.0,right,Midfield,Defensive Midfield,Gabon,Gabon,4,335,0,0,244,Olympique Marseille,1235,3000000.0,4000000.0,0.999,1.0,0.997,same_club
1299,Mario Lemina,FRA,2015-16,Marseille,M,4,336,0,0,0,6,3,0.293,0.293,0.419,1.926,1.792,1,0,170934,Mario Lemina,1993-09-01,22.0,184.0,right,Midfield,Defensive Midfield,Gabon,Gabon,4,335,0,0,244,Olympique Marseille,1235,3000000.0,4000000.0,0.999,1.0,0.997,same_club
1451,Anthony Mounier,FRA,2015-16,Montpellier,F M,3,270,0,0,0,2,1,0.084,0.084,0.041,0.317,0.294,0,0,57110,Anthony Mounier,1987-09-27,27.93,174.0,left,Attack,Left Winger,France,France,3,270,0,0,969,Montpellier HSC,2206,4500000.0,4200000.0,1.0,1.0,1.0,same_club
1451,Anthony Mounier,FRA,2015-16,Montpellier,F M,3,270,0,0,0,2,1,0.084,0.084,0.041,0.317,0.294,0,0,57110,Anthony Mounier,1987-09-27,27.93,174.0,left,Attack,Left Winger,France,France,3,270,0,0,969,Montpellier HSC,2206,4500000.0,4200000.0,0.998,1.0,0.995,same_club
1670,Steve Mandanda,FRA,2015-16,Marseille,GK,36,3240,0,0,0,0,0,0.0,0.0,0.0,3.037,3.037,5,0,23951,Steve Mandanda,1985-03-28,30.43,187.0,right,Goalkeeper,Goalkeeper,France,Zaire,36,3240,0,0,244,Olympique Marseille,3960,10000000.0,10000000.0,1.0,1.0,1.0,same_club
1719,Javier Manquillo,FRA,2015-16,Marseille,D,31,2675,0,0,1,7,17,0.237,0.237,1.566,7.152,5.594,2,0,162029,Javier Manquillo,1994-05-05,21.33,178.0,right,Defender,Right-Back,Spain,Spain,31,2672,0,1,244,Olympique Marseille,2937,6000000.0,5000000.0,1.0,1.0,0.999,same_club
1784,Jérémy Pied,FRA,2015-16,Nice,D,33,2961,0,0,3,22,33,0.807,0.807,3.876,10.431,7.925,10,0,60583,Jérémy Pied,1989-02-23,26.52,173.0,right,Defender,Right-Back,France,France,33,2961,0,3,417,OGC Nice,2961,3000000.0,3500000.0,1.0,1.0,1.0,same_club
1876,Milan Bisevac,FRA,2015-16,Lyon,D,6,456,0,0,0,0,0,0.0,0.0,0.0,0.438,0.438,1,0,24661,Milan Bisevac,1983-08-31,32.0,185.0,right,Defender,Centre-Back,Serbia,Jugoslawien (SFR),6,457,0,0,1041,Olympique Lyon,1905,2500000.0,2000000.0,0.999,1.0,0.998,same_club
1876,Milan Bisevac,FRA,2015-16,Lyon,D,6,456,0,0,0,0,0,0.0,0.0,0.0,0.438,0.438,1,0,24661,Milan Bisevac,1983-08-31,32.0,185.0,right,Defender,Centre-Back,Serbia,Jugoslawien (SFR),6,457,0,0,1041,Olympique Lyon,1905,2500000.0,2000000.0,1.0,1.0,0.999,same_club
2047,Abdelhamid El Kaoutari,FRA,2015-16,Reims,D S,8,644,0,0,0,2,2,0.1,0.1,0.343,1.523,1.18,0,0,74615,Abdelhamid El Kaoutari,1990-03-17,25.46,180.0,left,Defender,Centre-Back,Morocco,France,8,644,0,0,1421,Stade Reims,1454,4000000.0,2500000.0,1.0,1.0,1.0,same_club
2047,Abdelhamid El Kaoutari,FRA,2015-16,Reims,D S,8,644,0,0,0,2,2,0.1,0.1,0.343,1.523,1.18,0,0,74615,Abdelhamid El Kaoutari,1990-03-17,25.46,180.0,left,Defender,Centre-Back,Morocco,France,8,644,0,0,1421,Stade Reims,1454,4000000.0,2500000.0,1.0,1.0,1.0,same_club
2998,Yohan Mollo,FRA,2015-16,Saint-Etienne,S,1,20,0,0,0,1,0,0.012,0.012,0.0,0.021,0.009,0,0,60570,Yohan Mollo,1989-07-18,26.12,175.0,right,Attack,Right Winger,France,France,1,20,0,0,618,AS Saint-Étienne,2231,2500000.0,3200000.0,1.0,1.0,1.0,same_club
3201,Alban Lafont,FRA,2015-16,Toulouse,GK,24,2146,0,0,0,0,0,0.0,0.0,0.0,1.566,1.566,0,0,357117,Alban Lafont,1999-01-23,16.61,196.0,right,Goalkeeper,Goalkeeper,Cote d'Ivoire,Burkina Faso,24,2145,0,0,415,FC Toulouse,2145,,800000.0,1.0,1.0,1.0,same_club
3202,Somália,FRA,2015-16,Toulouse,D M S,27,2097,0,0,2,12,12,1.169,1.169,1.135,6.194,4.33,2,0,148754,Somália,1988-09-28,26.92,181.0,both,Midfield,Central Midfield,Brazil,Brazil,29,2120,0,2,415,FC Toulouse,2476,800000.0,1500000.0,0.997,1.0,0.989,same_club
3204,Uros Spajic,FRA,2015-16,Toulouse,D S,14,1089,0,0,0,6,0,0.903,0.903,0.0,1.643,1.643,1,1,160222,Uros Spajic,1993-02-13,22.55,188.0,right,Defender,Centre-Back,Serbia,Yugoslavia (Republic),14,1088,0,0,415,FC Toulouse,1088,3000000.0,2000000.0,1.0,1.0,0.999,same_club
3205,François Moubandje,FRA,2015-16,Toulouse,D M S,23,1870,0,0,0,4,14,0.069,0.069,0.65,2.594,2.237,4,1,123021,François Moubandje,1990-06-21,25.2,180.0,left,Defender,Left-Back,Switzerland,Cameroon,23,1872,0,0,415,FC Toulouse,1872,1500000.0,1500000.0,1.0,1.0,0.999,same_club
3207,Alexis Blin,FRA,2015-16,Toulouse,D M S,24,1402,0,0,0,13,11,0.5,0.5,0.49,2.995,2.521,5,0,236041,Alexis Blin,1996-09-16,18.96,186.0,right,Midfield,Defensive Midfield,France,France,24,1404,0,0,415,FC Toulouse,1404,250000.0,600000.0,1.0,1.0,0.999,same_club
3214,Steeve Yago,FRA,2015-16,Toulouse,D S,19,1445,0,0,0,1,3,0.056,0.056,0.148,2.4,2.361,3,1,170903,Steeve Yago,1992-12-16,22.71,178.0,right,Defender,Right-Back,Burkina Faso,France,19,1447,0,0,415,FC Toulouse,1447,1500000.0,1250000.0,1.0,1.0,0.999,same_club
3215,Étienne Didot,FRA,2015-16,Toulouse,M S,23,1670,0,0,2,12,27,0.36,0.36,2.285,7.48,6.184,1,0,5672,Étienne Didot,1983-07-24,32.11,175.0,right,Midfield,Central Midfield,France,France,23,1656,0,2,415,FC Toulouse,1656,1500000.0,500000.0,0.997,1.0,0.992,same_club
3217,Mauro Goicoechea,FRA,2015-16,Toulouse,GK S,9,734,0,0,0,0,0,0.0,0.0,0.0,0.284,0.284,1,0,72578,Mauro Goicoechea,1988-03-27,27.43,186.0,right,Goalkeeper,Goalkeeper,Uruguay,Uruguay,9,735,0,0,415,FC Toulouse,735,1700000.0,1500000.0,1.0,1.0,0.999,same_club
3218,Benoit Costil,FRA,2015-16,Rennes,GK,31,2790,0,0,0,0,1,0.0,0.0,0.132,1.744,1.612,0,0,22628,Benoît Costil,1987-07-03,28.16,188.0,right,Goalkeeper,Goalkeeper,France,France,31,2790,0,0,273,Stade Rennais FC,2790,8000000.0,8000000.0,1.0,1.0,1.0,same_club
3219,Romain Danze,FRA,2015-16,Rennes,D M S,21,1621,0,0,3,6,14,0.951,0.951,2.027,3.946,2.124,3,0,39906,Romain Danzé,1986-07-03,29.16,184.0,right,Defender,Right-Back,France,France,21,1615,0,3,273,Stade Rennais FC,1615,2500000.0,2000000.0,0.999,1.0,0.996,same_club
3221,Pedro Mendes,FRA,2015-16,Rennes,D M S,22,1852,0,0,0,8,6,0.321,0.321,0.222,2.964,2.585,5,0,72857,Pedro Mendes,1990-10-01,24.92,186.0,right,Defender,Centre-Back,Portugal,Switzerland,22,1852,0,0,273,Stade Rennais FC,1852,750000.0,1250000.0,1.0,1.0,1.0,same_club
3222,Cheikh M&#039;Bengue,FRA,2015-16,Rennes,D M S,23,1896,0,0,0,4,9,0.403,0.403,0.665,3.462,2.838,2,0,56795,Cheikh M'Bengue,1988-07-23,27.11,183.0,left,Defender,Left-Back,Senegal,France,23,1896,0,0,273,Stade Rennais FC,1896,2500000.0,2000000.0,0.97,0.95,1.0,same_club
3223,Benjamin André,FRA,2015-16,Rennes,F M S,32,2645,0,0,2,21,24,1.129,1.129,1.5,6.624,5.394,3,0,84301,Benjamin André,1990-08-03,25.08,180.0,right,Midfield,Defensive Midfield,France,France,32,2636,0,2,273,Stade Rennais FC,2636,1500000.0,2000000.0,0.999,1.0,0.997,same_club
3227,Ludovic Baal,FRA,2015-16,Rennes,D M S,22,1525,0,0,3,2,16,0.067,0.067,1.826,4.156,3.625,0,0,39913,Ludovic Baal,1986-05-24,29.27,176.0,left,Defender,Left-Back,French Guiana,French Guiana,22,1522,0,3,273,Stade Rennais FC,1522,1500000.0,1500000.0,0.999,1.0,0.998,same_club
3235,Sebastien Salles-Lamonge,FRA,2015-16,Rennes,M S,3,106,0,0,0,3,4,0.138,0.138,0.201,0.244,0.157,0,0,288251,Sébastien Salles-Lamonge,1996-01-28,19.59,174.0,right,Midfield,Central Midfield,France,France,3,108,0,0,273,Stade Rennais FC,108,,50000.0,0.994,1.0,0.981,same_club
3236,Johann Carrasso,FRA,2015-16,Reims,GK,10,900,0,0,0,0,1,0.0,0.0,0.02,0.712,0.692,2,0,57367,Johann Carrasso,1988-05-07,27.32,187.0,right,Goalkeeper,Goalkeeper,France,France,10,900,0,0,1421,Stade Reims,900,1250000.0,600000.0,1.0,1.0,1.0,same_club
3238,Antoine Conte,FRA,2015-16,Reims,D M,11,923,0,0,0,9,2,0.263,0.263,0.503,2.641,2.46,4,0,181373,Antoine Conte,1994-01-29,21.59,187.0,right,Defender,Centre-Back,Guinea,France,11,919,0,0,1421,Stade Reims,919,2000000.0,2000000.0,0.999,1.0,0.996,same_club
3241,Jaba Kankava,FRA,2015-16,Reims,M,27,2345,0,0,1,11,15,0.658,0.658,1.041,3.737,3.307,11,1,25758,Jaba Kankava,1986-03-18,29.46,176.0,both,Midfield,Defensive Midfield,Georgia,UdSSR,27,2338,0,1,1421,Stade Reims,2603,4000000.0,2500000.0,0.999,1.0,0.997,same_club
3246,Aly Ndom,FRA,2015-16,Reims,M S,8,345,0,0,0,4,4,0.173,0.173,0.225,1.674,1.353,0,0,396131,Aly Ndom,1996-05-30,19.26,189.0,left,Midfield,Defensive Midfield,France,France,8,343,0,0,1421,Stade Reims,343,,150000.0,0.998,1.0,0.994,same_club
3247,Odaïr Fortes,FRA,2015-16,Reims,F M S,16,474,0,0,0,7,9,0.542,0.542,0.88,1.907,0.825,0,0,80009,Odaïr Fortes,1987-03-31,28.42,185.0,right,Attack,Right Winger,Cape Verde,France,16,474,0,0,1421,Stade Reims,474,2000000.0,1500000.0,1.0,1.0,1.0,same_club
3248,Omenuke Mfulu,FRA,2015-16,Reims,D M S,13,359,0,0,0,5,3,0.18,0.18,0.13,0.928,0.637,3,0,203516,Nuke Mfulu,1994-03-20,21.45,183.0,right,Midfield,Defensive Midfield,DR Congo,France,13,373,0,0,1421,Stade Reims,373,250000.0,300000.0,0.959,0.95,0.962,same_club
3249,Mohamed Fofana,FRA,2015-16,Reims,D S,13,985,0,0,2,3,2,0.185,0.185,0.583,0.671,0.655,2,0,33905,Mohamed Fofana,1985-03-07,30.49,182.0,right,Defender,Centre-Back,Mali,France,13,982,0,2,1421,Stade Reims,982,500000.0,500000.0,0.999,1.0,0.997,same_club
3250,Kossi Agassa,FRA,2015-16,Reims,GK,11,904,0,0,0,0,0,0.0,0.0,0.0,0.268,0.268,0,0,12028,Kossi Agassa,1978-07-02,37.17,190.0,right,Goalkeeper,Goalkeeper,Togo,Togo,11,902,0,0,1421,Stade Reims,902,500000.0,250000.0,0.999,1.0,0.998,same_club
3251,Paul Bernardoni,FRA,2015-16,"Bordeaux,Troyes",GK,21,1890,0,0,0,0,0,0.0,0.0,0.0,0.762,0.762,0,0,318507,Paul Bernardoni,1997-04-18,18.37,193.0,left,Goalkeeper,Goalkeeper,France,France,21,1890,0,0,"40,1095","FC Girondins Bordeaux,ESTAC Troyes",1890,150000.0,1250000.0,1.0,1.0,1.0,same_club
3252,Andre Biyogo Poko,FRA,2015-16,Bordeaux,D M S,25,1868,0,0,1,23,17,1.366,1.366,1.173,4.222,2.082,10,2,170767,André Poko,1993-01-01,22.66,173.0,right,Midfield,Defensive Midfield,Gabon,Gabon,25,1875,0,1,40,FC Girondins Bordeaux,2588,1500000.0,2500000.0,0.969,0.95,0.996,same_club
3253,Frederic Guilbert,FRA,2015-16,Bordeaux,D S,30,2505,0,0,0,10,7,0.682,0.682,0.523,1.964,1.357,4,0,354352,Frédéric Guilbert,1994-12-24,20.69,178.0,right,Defender,Right-Back,France,France,30,2507,0,0,40,FC Girondins Bordeaux,2957,150000.0,1500000.0,1.0,1.0,0.999,same_club
3254,Lamine Sané,FRA,2015-16,Bordeaux,D M S,13,928,0,0,0,3,2,0.158,0.158,0.07,1.776,1.742,4,1,93758,Lamine Sané,1987-03-22,28.45,192.0,right,Defender,Centre-Back,Senegal,France,13,925,0,0,40,FC Girondins Bordeaux,1197,5000000.0,4000000.0,0.999,1.0,0.997,same_club
3256,Valentin Vada,FRA,2015-16,Bordeaux,M S,16,932,0,0,2,12,18,0.682,0.682,1.6,3.265,2.657,1,0,225004,Valentín Vada,1996-03-06,19.49,175.0,right,Midfield,Central Midfield,Argentina,Argentina,16,935,0,2,40,FC Girondins Bordeaux,1025,150000.0,600000.0,0.999,1.0,0.997,same_club
3264,Mauro Arambarri,FRA,2015-16,Bordeaux,M S,5,152,0,0,0,2,1,0.442,0.442,0.101,0.543,0.0,1,0,290249,Mauro Arambarri,1995-09-30,19.92,175.0,right,Midfield,Central Midfield,Uruguay,Uruguay,5,152,0,0,40,FC Girondins Bordeaux,152,1250000.0,3000000.0,1.0,1.0,1.0,same_club
3266,Jussiê,FRA,2015-16,Bordeaux,F M S,14,440,0,0,0,2,7,0.114,0.114,0.569,1.717,1.506,0,0,20410,Jussiê,1983-09-19,31.95,181.0,right,Midfield,Attacking Midfield,Brazil,Brazil,14,452,0,0,40,FC Girondins Bordeaux,670,500000.0,500000.0,0.992,1.0,0.973,same_club
3268,Abdou Traoré,FRA,2015-16,Bordeaux,M S,10,365,0,0,0,2,1,0.048,0.048,0.019,1.172,1.153,0,0,66415,Abdou Traoré,1988-01-17,27.62,180.0,right,Midfield,Central Midfield,Mali,Mali,10,364,0,0,40,FC Girondins Bordeaux,647,800000.0,800000.0,0.999,1.0,0.997,same_club
3269,Anthony Lopes,FRA,2015-16,Lyon,GK,37,3330,0,0,0,0,0,0.0,0.0,0.0,2.575,2.575,2,0,60561,Anthony Lopes,1990-10-01,24.92,184.0,left,Goalkeeper,Goalkeeper,Portugal,France,37,3330,0,0,1041,Olympique Lyon,3960,10000000.0,13000000.0,1.0,1.0,1.0,same_club
3271,Jérémy Morel,FRA,2015-16,Lyon,D S,31,2512,0,0,1,9,27,0.32,0.32,2.514,8.296,6.296,3,0,23960,Jérémy Morel,1984-04-02,31.41,172.0,left,Defender,Centre-Back,Madagascar,France,31,2510,0,1,1041,Olympique Lyon,2858,1500000.0,1000000.0,1.0,1.0,0.999,same_club
3273,Henri Bedimo,FRA,2015-16,Lyon,D M S,18,1219,0,0,0,6,7,0.082,0.082,1.124,4.293,3.204,0,0,6803,Henri Bedimo,1984-06-04,31.24,180.0,left,Defender,Left-Back,Cameroon,Cameroon,18,1224,0,0,1041,Olympique Lyon,1584,3000000.0,2000000.0,0.999,1.0,0.996,same_club
3274,Maxime Gonalons,FRA,2015-16,Lyon,D M,33,2891,0,0,0,23,11,1.073,1.073,0.972,12.356,11.255,7,0,60542,Maxime Gonalons,1989-03-10,26.48,187.0,right,Midfield,Defensive Midfield,France,France,33,2891,0,0,1041,Olympique Lyon,3387,16000000.0,14000000.0,1.0,1.0,1.0,same_club
3279,Bakary Koné,FRA,2015-16,Lyon,D S,6,429,0,0,0,3,0,0.204,0.204,0.0,0.303,0.303,1,0,57186,Bakary Koné,1988-04-27,27.35,188.0,right,Defender,Centre-Back,Burkina Faso,Burkina Faso,6,430,0,0,1041,Olympique Lyon,533,2000000.0,1500000.0,0.999,1.0,0.998,same_club
3280,Zakarie Labidi,FRA,2015-16,Lyon,S,3,21,0,0,0,2,0,0.15,0.15,0.0,0.204,0.054,0,0,182903,Zakarie Labidi,1995-02-08,20.56,178.0,left,Midfield,Attacking Midfield,France,France,3,23,0,0,1041,Olympique Lyon,23,150000.0,150000.0,0.993,1.0,0.978,same_club
3281,Olivier Kemen,FRA,2015-16,Lyon,M S,2,103,0,0,0,0,1,0.0,0.0,0.094,0.094,0.0,0,0,243725,Olivier Kemen,1996-07-20,19.12,179.0,right,Midfield,Central Midfield,Cameroon,Cameroon,2,105,0,0,1041,Olympique Lyon,105,,600000.0,0.994,1.0,0.981,same_club
3282,Arnold Mvuemba,FRA,2015-16,Lyon,M S,6,285,0,0,0,4,4,0.103,0.103,0.21,0.417,0.281,0,0,20622,Arnold Mvuemba,1985-01-28,30.59,172.0,right,Midfield,Defensive Midfield,DR Congo,France,6,287,0,0,1041,Olympique Lyon,287,1500000.0,1000000.0,0.998,1.0,0.993,same_club
3283,Mathieu Gorgelin,FRA,2015-16,Lyon,GK,1,90,0,0,0,0,0,0.0,0.0,0.0,0.029,0.029,0,0,60543,Mathieu Gorgelin,1990-08-05,25.07,187.0,left,Goalkeeper,Goalkeeper,France,France,1,90,0,0,1041,Olympique Lyon,90,400000.0,400000.0,1.0,1.0,1.0,same_club
3286,Kevin Trapp,FRA,2015-16,Paris Saint Germain,GK,35,3111,0,0,0,0,0,0.0,0.0,0.0,4.847,4.847,0,0,45672,Kevin Trapp,1990-07-08,25.15,189.0,right,Goalkeeper,Goalkeeper,Germany,Germany,35,3105,0,0,583,Paris Saint-Germain,4095,8000000.0,12000000.0,0.999,1.0,0.998,same_club
3290,Benjamin Stambouli,FRA,2015-16,Paris Saint Germain,M S,27,1510,0,0,0,4,4,0.181,0.181,0.429,10.321,9.728,2,0,127160,Benjamin Stambouli,1990-08-13,25.05,180.0,right,Midfield,Defensive Midfield,France,France,27,1503,0,0,583,Paris Saint-Germain,1634,5000000.0,7500000.0,0.999,1.0,0.995,same_club
3300,Christopher Nkunku,FRA,2015-16,Paris Saint Germain,M S,5,331,0,0,0,1,2,0.022,0.022,0.04,1.175,1.153,0,0,344381,Christopher Nkunku,1997-11-14,17.8,177.0,right,Attack,Centre-Forward,France,France,5,329,0,0,583,Paris Saint-Germain,332,,250000.0,0.998,1.0,0.994,same_club
3301,Salvatore Sirigu,FRA,2015-16,Paris Saint Germain,GK S,3,219,0,0,0,0,0,0.0,0.0,0.0,1.589,1.589,0,0,25508,Salvatore Sirigu,1987-01-12,28.64,192.0,right,Goalkeeper,Goalkeeper,Italy,Italy,3,225,0,0,583,Paris Saint-Germain,225,20000000.0,8000000.0,0.992,1.0,0.973,same_club
3302,Yoan Cardinale,FRA,2015-16,Nice,GK S,26,2307,0,0,0,0,0,0.0,0.0,0.0,1.289,1.289,3,0,241231,Yoan Cardinale,1994-03-27,21.43,181.0,right,Goalkeeper,Goalkeeper,France,France,26,2307,0,0,417,OGC Nice,2307,150000.0,600000.0,1.0,1.0,1.0,same_club
3303,Ricardo Pereira,FRA,2015-16,Nice,D M,26,2280,0,0,4,3,16,0.389,0.389,1.852,9.217,7.782,6,0,215876,Ricardo Pereira,1993-10-06,21.9,175.0,right,Defender,Right-Back,Portugal,Portugal,26,2280,0,4,417,OGC Nice,2280,3750000.0,4500000.0,1.0,1.0,1.0,same_club
3305,Paul Baysse,FRA,2015-16,Nice,D S,30,2584,0,0,0,13,0,1.606,1.606,0.0,5.114,5.105,2,1,43256,Paul Baysse,1988-05-18,27.29,185.0,right,Defender,Centre-Back,France,France,30,2584,0,0,417,OGC Nice,2584,1000000.0,1500000.0,1.0,1.0,1.0,same_club
3306,Remi Walter,FRA,2015-16,Nice,M S,12,543,0,0,0,12,6,0.576,0.576,0.237,2.722,2.254,0,0,215686,Rémi Walter,1995-04-26,20.35,174.0,left,Midfield,Central Midfield,France,France,12,548,0,0,417,OGC Nice,548,2000000.0,1500000.0,0.997,1.0,0.991,same_club
3313,Mouez Hassen,FRA,2015-16,Nice,GK S,14,1075,0,0,0,0,0,0.0,0.0,0.0,0.991,0.991,0,1,215677,Mouez Hassen,1995-03-05,20.49,186.0,right,Goalkeeper,Goalkeeper,Tunisia,France,14,1075,0,0,417,OGC Nice,1075,2500000.0,2500000.0,1.0,1.0,1.0,same_club
3314,Franck Honorat,FRA,2015-16,Nice,S,6,110,0,0,0,2,1,0.038,0.038,0.021,0.051,0.0,1,0,229006,Franck Honorat,1996-08-11,19.06,180.0,right,Attack,Right Winger,France,France,6,113,0,0,417,OGC Nice,113,,150000.0,0.992,1.0,0.973,same_club
3315,Dorian Caddy,FRA,2015-16,Nice,F S,7,237,0,0,0,7,1,1.032,1.032,0.1,0.92,0.1,0,0,182814,Dorian Caddy,1995-03-20,20.45,186.0,right,Attack,Centre-Forward,France,France,7,237,0,0,417,OGC Nice,237,,150000.0,1.0,1.0,1.0,same_club
3318,Jean-Louis Leca,FRA,2015-16,SC Bastia,GK,34,2992,0,0,0,0,0,0.0,0.0,0.0,1.185,1.185,2,1,27490,Jean-Louis Leca,1985-09-21,29.94,180.0,right,Goalkeeper,Goalkeeper,France,France,34,2990,0,0,595,SC Bastia,2990,300000.0,1000000.0,1.0,1.0,0.999,same_club
3319,Francois Modesto,FRA,2015-16,SC Bastia,D M S,29,2423,0,0,0,6,6,0.301,0.301,0.174,2.709,2.543,5,0,18542,François Modesto,1978-08-19,37.03,183.0,right,Defender,Centre-Back,France,France,29,2423,0,0,595,SC Bastia,2423,250000.0,250000.0,1.0,1.0,1.0,same_club
3320,Mathieu Peybernes,FRA,2015-16,SC Bastia,D S,25,2041,0,0,0,0,3,0.0,0.0,0.352,1.634,1.296,3,0,111026,Mathieu Peybernes,1990-10-21,24.86,187.0,right,Defender,Centre-Back,France,France,25,2042,0,0,595,SC Bastia,2042,1500000.0,1500000.0,1.0,1.0,1.0,same_club
3322,Alexander Djiku,FRA,2015-16,SC Bastia,D M S,20,1515,0,0,0,2,4,0.078,0.078,0.444,1.713,1.361,6,1,250844,Alexander Djiku,1994-08-09,21.06,182.0,right,Defender,Centre-Back,Ghana,France,20,1514,0,0,595,SC Bastia,1514,100000.0,300000.0,1.0,1.0,0.999,same_club
3323,Florian Marange,FRA,2015-16,SC Bastia,D M S,24,1669,0,0,1,2,4,0.049,0.049,0.72,1.525,1.359,6,0,33942,Florian Marange,1986-03-03,29.5,181.0,left,Defender,Left-Back,France,France,24,1667,0,0,595,SC Bastia,1667,800000.0,1000000.0,1.0,1.0,0.999,same_club
3324,Mehdi Mostefa,FRA,2015-16,"Lorient,SC Bastia",M S,26,1896,0,0,0,9,9,0.295,0.295,0.593,2.479,1.923,11,0,80191,Mehdi Mostefa,1983-08-30,32.01,181.0,right,Midfield,Defensive Midfield,Algeria,France,26,1899,0,0,"595,1158","SC Bastia,FC Lorient",1899,1000000.0,1000000.0,1.0,1.0,0.998,same_club
3330,Abdoulaye Keita,FRA,2015-16,SC Bastia,S,4,32,0,0,0,0,0,0.0,0.0,0.0,0.043,0.043,0,0,178019,Abdoulaye Keita,1994-01-05,21.65,175.0,right,Midfield,Defensive Midfield,Mali,Mali,4,34,0,0,595,SC Bastia,34,300000.0,300000.0,0.993,1.0,0.978,same_club
3332,Thomas Vincensini,FRA,2015-16,SC Bastia,GK S,2,117,0,0,0,0,0,0.0,0.0,0.0,0.116,0.116,0,0,149239,Thomas Vincensini,1993-09-12,21.97,185.0,right,Goalkeeper,Goalkeeper,France,France,2,118,0,0,595,SC Bastia,118,150000.0,150000.0,0.997,1.0,0.992,same_club
3335,Laurent Pionnier,FRA,2015-16,Montpellier,GK,25,2250,0,0,0,0,2,0.0,0.0,0.16,1.485,1.467,0,0,5686,Laurent Pionnier,1982-05-24,33.27,183.0,right,Goalkeeper,Goalkeeper,France,France,25,2250,0,0,969,Montpellier HSC,2250,250000.0,250000.0,1.0,1.0,1.0,same_club
3336,William Remy,FRA,2015-16,Montpellier,D M S,28,2403,0,0,1,15,9,0.856,0.856,0.615,5.068,3.817,4,0,89637,William Rémy,1991-04-04,24.41,186.0,right,Defender,Centre-Back,France,France,28,2399,0,1,969,Montpellier HSC,2399,1500000.0,1500000.0,1.0,1.0,0.998,same_club
3341,Jamel Saihi,FRA,2015-16,Montpellier,M S,13,597,0,0,0,8,10,0.228,0.228,0.265,1.752,1.4,3,0,57449,Jamel Saihi,1987-01-27,28.59,182.0,right,Midfield,Defensive Midfield,Tunisia,France,13,595,0,0,969,Montpellier HSC,595,2000000.0,1000000.0,0.999,1.0,0.997,same_club
3348,Florian Sotoca,FRA,2015-16,Montpellier,S,1,1,0,0,0,1,0,0.255,0.255,0.0,0.0,0.0,0,0,354726,Florian Sotoca,1990-10-25,24.85,187.0,right,Attack,Centre-Forward,France,France,1,1,0,0,969,Montpellier HSC,1,150000.0,150000.0,1.0,1.0,1.0,same_club
3350,Jonathan Ligali,FRA,2015-16,Montpellier,GK,6,540,0,0,0,0,0,0.0,0.0,0.0,0.34,0.34,1,0,127140,Jonathan Ligali,1991-05-28,24.26,184.0,right,Goalkeeper,Goalkeeper,France,France,6,540,0,0,969,Montpellier HSC,540,600000.0,800000.0,1.0,1.0,1.0,same_club
3351,Mathieu Deplagne,FRA,2015-16,Montpellier,D S,25,1801,0,0,0,7,6,0.207,0.207,0.143,3.339,3.094,6,0,127128,Mathieu Deplagne,1991-10-01,23.92,183.0,right,Defender,Right-Back,France,France,25,1801,0,0,969,Montpellier HSC,1801,2500000.0,2000000.0,1.0,1.0,1.0,same_club
3352,Djamel Bakar,FRA,2015-16,Montpellier,F M S,6,197,0,0,0,6,3,0.245,0.245,0.446,0.697,0.417,0,0,49872,Djamel Bakar,1989-04-06,26.4,171.0,right,Attack,Centre-Forward,Comoros,France,6,200,0,0,969,Montpellier HSC,200,1500000.0,1000000.0,0.995,1.0,0.985,same_club
3353,Vincent Enyeama,FRA,2015-16,Lille,GK,35,3129,0,0,0,0,1,0.0,0.0,0.022,1.265,1.243,3,1,37760,Vincent Enyeama,1982-08-29,33.01,182.0,left,Goalkeeper,Goalkeeper,Nigeria,Nigeria,35,3130,0,0,1082,LOSC Lille,3130,4000000.0,2000000.0,1.0,1.0,1.0,same_club
3355,Renato Civelli,FRA,2015-16,Lille,D,32,2763,0,0,0,17,7,2.512,2.512,0.261,2.039,1.772,6,2,30757,Renato Civelli,1983-10-14,31.88,193.0,right,Defender,Centre-Back,Argentina,Argentina,32,2763,0,0,1082,LOSC Lille,2763,2500000.0,1000000.0,1.0,1.0,1.0,same_club
3359,Rio Mavuba,FRA,2015-16,Lille,M S,35,2807,0,0,0,11,11,0.338,0.338,0.419,5.27,4.579,5,0,14949,Rio Mavuba,1984-03-08,31.48,172.0,right,Midfield,Defensive Midfield,France,,35,2808,0,0,1082,LOSC Lille,2808,4000000.0,2500000.0,1.0,1.0,1.0,same_club
3363,Benjamin Pavard,FRA,2015-16,Lille,D M S,13,636,0,0,0,3,4,0.122,0.122,0.203,0.625,0.592,3,0,353366,Benjamin Pavard,1996-03-28,19.43,186.0,right,Defender,Centre-Back,France,France,13,634,0,0,1082,LOSC Lille,634,250000.0,800000.0,0.999,1.0,0.997,same_club
3367,Youssouf Kone,FRA,2015-16,Lille,S,1,3,0,0,0,0,0,0.0,0.0,0.0,0.0,0.0,0,0,274484,Youssouf Koné,1995-07-05,20.16,174.0,left,Defender,Left-Back,Mali,Mali,1,5,0,0,1082,LOSC Lille,5,,150000.0,0.993,1.0,0.978,same_club
3368,Junior Tallo,FRA,2015-16,Lille,F S,23,1095,0,0,3,34,13,2.688,2.688,1.299,3.553,0.861,2,0,145416,Junior Tallo,1992-12-21,22.69,185.0,right,Attack,Centre-Forward,Cote d'Ivoire,Cote d'Ivoire,23,1106,0,3,1082,LOSC Lille,1106,2000000.0,1500000.0,0.997,1.0,0.99,same_club
3369,Clément Maury,FRA,2015-16,GFC Ajaccio,GK,34,3060,0,0,1,0,3,0.0,0.0,0.07,1.988,1.917,1,0,148597,Clément Maury,1985-11-20,29.78,182.0,both,Goalkeeper,Goalkeeper,France,France,34,3060,0,1,3558,GFC Ajaccio,3060,600000.0,1250000.0,1.0,1.0,1.0,same_club
3370,Issiaga Sylla,FRA,2015-16,GFC Ajaccio,D M S,34,2690,0,0,4,22,31,0.671,0.671,2.592,4.307,2.044,7,2,220878,Issiaga Sylla,1994-01-01,21.66,180.0,left,Defender,Left-Back,Guinea,Guinea,34,2695,0,4,3558,GFC Ajaccio,2695,1500000.0,2000000.0,0.999,1.0,0.998,same_club
3373,Pablo Martinez,FRA,2015-16,GFC Ajaccio,D S,28,2210,0,0,1,9,6,0.266,0.266,0.254,1.852,1.58,4,0,282900,Pablo Martínez,1989-02-21,26.52,182.0,left,Defender,Centre-Back,France,France,28,2206,0,1,3558,GFC Ajaccio,2206,500000.0,600000.0,0.999,1.0,0.998,same_club
3374,Jerome Le Moigne,FRA,2015-16,GFC Ajaccio,M S,31,2472,0,0,1,13,12,0.478,0.478,0.422,3.911,3.546,14,1,39893,Jérôme Le Moigne,1983-02-15,32.54,188.0,right,Midfield,Defensive Midfield,France,France,31,2465,0,1,3558,GFC Ajaccio,2465,500000.0,500000.0,0.999,1.0,0.997,same_club
3376,David Ducourtioux,FRA,2015-16,GFC Ajaccio,M S,33,2658,0,0,3,32,38,0.874,0.874,1.753,6.225,4.419,12,0,23918,David Ducourtioux,1978-04-11,37.39,177.0,right,Defender,Right-Back,France,France,33,2654,0,3,3558,GFC Ajaccio,2654,250000.0,250000.0,1.0,1.0,0.998,same_club
3381,Amine Chermiti,FRA,2015-16,GFC Ajaccio,F M S,9,279,0,0,0,6,1,0.374,0.374,0.013,0.295,0.065,0,0,61682,Amine Chermiti,1987-12-26,27.68,177.0,left,Attack,Centre-Forward,Tunisia,Tunisia,9,276,0,0,3558,GFC Ajaccio,462,900000.0,500000.0,0.997,1.0,0.989,same_club
3382,Jules Goda,FRA,2015-16,GFC Ajaccio,GK,3,221,0,0,0,0,0,0.0,0.0,0.0,0.078,0.078,0,0,63226,Jules Goda,1989-05-30,26.26,190.0,right,Goalkeeper,Goalkeeper,Cameroon,Cameroon,3,221,0,0,3558,GFC Ajaccio,221,150000.0,300000.0,1.0,1.0,1.0,same_club
3384,Louis Poggi,FRA,2015-16,GFC Ajaccio,M S,15,793,0,0,1,13,4,0.767,0.767,0.33,1.721,0.644,1,0,103054,Louis Poggi,1984-06-18,31.2,173.0,right,Midfield,Right Midfield,France,France,15,789,0,1,3558,GFC Ajaccio,789,250000.0,250000.0,0.998,1.0,0.995,same_club
3387,Nicolas N&#039;Koulou,FRA,2015-16,Marseille,D,33,2941,0,0,0,11,2,0.748,0.748,0.051,4.369,4.314,8,1,60577,Nicolas N'Koulou,1990-03-27,25.43,184.0,right,Defender,Centre-Back,Cameroon,Cameroon,33,2941,0,0,244,Olympique Marseille,3391,13000000.0,10000000.0,0.97,0.95,1.0,same_club
3392,Lucas Silva,FRA,2015-16,Marseille,M S,22,1038,0,0,0,12,9,0.437,0.437,0.64,3.62,3.117,2,0,218118,Lucas Silva,1993-02-16,22.54,181.0,right,Midfield,Defensive Midfield,Brazil,Brazil,22,1039,0,0,244,Olympique Marseille,1432,13000000.0,5000000.0,1.0,1.0,0.999,same_club
3395,Yohann Pelé,FRA,2015-16,Marseille,GK,2,180,0,0,0,0,0,0.0,0.0,0.0,0.156,0.156,0,0,6270,Yohann Pelé,1982-11-04,32.82,196.0,right,Goalkeeper,Goalkeeper,France,France,2,180,0,0,244,Olympique Marseille,180,500000.0,500000.0,1.0,1.0,1.0,same_club
3396,Paolo De Ceglie,FRA,2015-16,Marseille,D S,7,301,0,0,0,3,4,0.222,0.222,0.258,1.099,0.797,1,0,44709,Paolo De Ceglie,1986-09-17,28.96,184.0,left,Defender,Left-Back,Italy,Italy,7,305,0,0,244,Olympique Marseille,329,1500000.0,1000000.0,0.996,1.0,0.987,same_club
3398,Rémy Riou,FRA,2015-16,Nantes,GK,31,2790,0,0,0,0,1,0.0,0.0,0.014,1.841,1.828,2,0,18940,Rémy Riou,1987-08-06,28.07,191.0,right,Goalkeeper,Goalkeeper,France,France,31,2790,0,0,995,FC Nantes,2790,3000000.0,4000000.0,1.0,1.0,1.0,same_club
3400,Lorik Cana,FRA,2015-16,Nantes,D S,21,1759,0,0,0,7,3,0.32,0.32,0.436,2.629,2.533,5,0,12149,Lorik Cana,1983-07-27,32.1,186.0,right,Midfield,Defensive Midfield,Albania,Jugoslawien (SFR),21,1758,0,0,995,FC Nantes,1758,1300000.0,1000000.0,1.0,1.0,0.999,same_club
3401,Oswaldo Vizcarrondo,FRA,2015-16,Nantes,D S,30,2618,0,0,0,12,2,0.668,0.668,0.469,2.94,2.94,8,0,55237,Oswaldo Vizcarrondo,1984-05-31,31.25,191.0,both,Defender,Centre-Back,Venezuela,Venezuela,30,2616,0,0,995,FC Nantes,2616,2500000.0,1000000.0,1.0,1.0,0.999,same_club
3402,Wilfried Moimbé,FRA,2015-16,Nantes,D M,15,1327,0,0,1,7,9,0.347,0.347,0.928,2.968,1.892,4,0,66398,Wilfried Moimbé,1988-10-18,26.87,173.0,left,Defender,Left-Back,France,France,15,1323,0,1,995,FC Nantes,1323,1000000.0,1000000.0,0.999,1.0,0.997,same_club
3404,Rémi Gomis,FRA,2015-16,Nantes,D M S,17,1187,0,0,0,4,6,0.376,0.376,0.255,1.176,0.879,2,0,51283,Rémi Gomis,1984-02-14,31.55,180.0,left,Midfield,Defensive Midfield,Senegal,France,17,1192,0,0,995,FC Nantes,1192,1000000.0,500000.0,0.999,1.0,0.996,same_club
3412,Léo Dubois,FRA,2015-16,Nantes,D S,24,1982,0,0,0,11,19,0.544,0.544,1.116,4.261,3.159,3,0,236400,Léo Dubois,1994-09-14,20.96,178.0,right,Defender,Right-Back,France,France,24,1982,0,0,995,FC Nantes,1982,150000.0,1500000.0,1.0,1.0,1.0,same_club
3414,Maxime Dupé,FRA,2015-16,Nantes,GK,7,630,0,0,0,0,0,0.0,0.0,0.0,0.387,0.387,0,0,127188,Maxime Dupé,1993-03-04,22.49,188.0,right,Goalkeeper,Goalkeeper,France,France,7,630,0,0,995,FC Nantes,630,600000.0,600000.0,1.0,1.0,1.0,same_club
3415,Birama Touré,FRA,2015-16,Nantes,M S,23,1817,0,0,2,14,12,0.285,0.285,1.095,4.821,3.635,4,0,229853,Birama Touré,1992-06-06,23.24,183.0,right,Midfield,Defensive Midfield,Mali,Mali,23,1815,0,2,995,FC Nantes,1815,1500000.0,1500000.0,1.0,1.0,0.999,same_club
3416,Danijel Subasic,FRA,2015-16,Monaco,GK,36,3240,0,0,0,0,1,0.0,0.0,0.123,2.474,2.352,3,0,27941,Danijel Subasic,1984-10-27,30.84,191.0,right,Goalkeeper,Goalkeeper,Croatia,Jugoslawien (SFR),36,3240,0,0,162,AS Monaco,4140,6000000.0,5000000.0,1.0,1.0,1.0,same_club
3419,Elderson Echiéjilé,FRA,2015-16,Monaco,D M S,20,1572,0,0,1,6,8,0.797,0.797,1.369,4.201,3.208,4,1,59938,Elderson,1988-01-20,27.61,185.0,left,Defender,Left-Back,Nigeria,Nigeria,20,1569,0,1,162,AS Monaco,1856,2000000.0,2000000.0,0.969,0.95,0.998,same_club
3421,Jérémy Toulalan,FRA,2015-16,Monaco,D M,25,2230,0,0,1,7,11,0.158,0.158,0.535,4.905,4.449,5,0,5513,Jérémy Toulalan,1983-09-10,31.98,183.0,right,Midfield,Defensive Midfield,France,France,25,2216,0,1,162,AS Monaco,2965,5000000.0,3000000.0,0.998,1.0,0.994,same_club
3430,Paul Nardi,FRA,2015-16,Monaco,GK,2,180,0,0,0,0,0,0.0,0.0,0.0,0.0,0.0,0,0,189744,Paul Nardi,1994-05-18,21.29,188.0,right,Goalkeeper,Goalkeeper,France,France,2,180,0,0,162,AS Monaco,180,2000000.0,1500000.0,1.0,1.0,1.0,same_club
3433,Matthieu Dreyer,FRA,2015-16,Troyes,GK,15,1350,0,0,0,0,0,0.0,0.0,0.0,1.064,1.064,0,0,57134,Matthieu Dreyer,1989-03-20,26.45,188.0,right,Goalkeeper,Goalkeeper,France,France,15,1350,0,0,1095,ESTAC Troyes,1350,250000.0,400000.0,1.0,1.0,1.0,same_club
3434,Lossemy Karaboue,FRA,2015-16,Troyes,D M S,32,2349,0,0,2,25,31,1.206,1.206,2.16,7.321,4.705,3,1,60551,Lossémy Karaboué,1988-03-18,27.46,173.0,right,Midfield,Central Midfield,Cote d'Ivoire,France,32,2347,0,2,1095,ESTAC Troyes,2347,600000.0,800000.0,1.0,1.0,0.999,same_club
3435,Dusan Veskovac,FRA,2015-16,Troyes,D S,13,1056,0,0,0,0,0,0.0,0.0,0.0,1.581,1.581,2,0,28705,Dusan Veskovac,1986-03-16,29.46,187.0,right,Defender,Centre-Back,Serbia,Jugoslawien (SFR),13,1055,0,0,1095,ESTAC Troyes,1055,1000000.0,800000.0,1.0,1.0,0.999,same_club
3436,Anele Ngcongca,FRA,2015-16,Troyes,D S,20,1695,0,0,0,4,5,0.246,0.246,0.088,2.264,2.167,2,0,63846,Anele Ngcongca,1987-10-21,27.86,182.0,right,Defender,Right-Back,South Africa,South Africa,20,1696,0,0,1095,ESTAC Troyes,1700,2500000.0,2500000.0,1.0,1.0,0.999,same_club
3437,Mouhamadou Dabo,FRA,2015-16,Troyes,D S,17,1064,0,0,0,6,4,0.116,0.116,0.094,1.735,1.6,3,1,33914,Mouhamadou Dabo,1986-11-28,28.76,176.0,right,Defender,Right-Back,France,Senegal,17,1066,0,0,1095,ESTAC Troyes,1066,800000.0,1000000.0,0.999,1.0,0.998,same_club
3444,Brayan Perea,FRA,2015-16,Troyes,F S,12,511,0,0,0,7,5,1.101,1.101,0.235,1.589,0.377,3,1,188498,Brayan Perea,1993-02-25,22.51,190.0,right,Attack,Centre-Forward,Colombia,Colombia,12,515,0,0,1095,ESTAC Troyes,515,1500000.0,1500000.0,0.998,1.0,0.992,same_club
3446,Yoann Court,FRA,2015-16,Troyes,M S,25,956,0,0,0,22,13,1.602,1.602,0.68,2.794,1.289,5,0,60525,Yoann Court,1990-01-14,25.63,172.0,left,Attack,Left Winger,France,France,25,954,0,0,1095,ESTAC Troyes,954,600000.0,600000.0,0.999,1.0,0.998,same_club
3448,Alois Confais,FRA,2015-16,Troyes,D M S,15,1206,0,0,1,4,5,0.061,0.061,0.147,2.601,2.463,3,0,292820,Aloïs Confais,1996-09-07,18.98,174.0,right,Midfield,Defensive Midfield,France,France,15,1208,0,1,1095,ESTAC Troyes,1208,,300000.0,1.0,1.0,0.998,same_club
3451,Benjamin Lecomte,FRA,2015-16,Lorient,GK,36,3240,0,0,0,0,1,0.0,0.0,0.013,4.574,4.561,0,0,127181,Benjamin Lecomte,1991-04-26,24.35,186.0,left,Goalkeeper,Goalkeeper,France,France,37,3242,0,0,1158,FC Lorient,3242,2000000.0,2500000.0,1.0,1.0,0.999,same_club
3452,Pape Paye,FRA,2015-16,Lorient,D S,10,682,0,0,0,2,2,0.095,0.095,0.089,1.123,0.97,1,0,93744,Pape Paye,1990-05-31,25.25,168.0,right,Defender,Right-Back,France,France,10,685,0,0,1158,FC Lorient,685,400000.0,600000.0,0.999,1.0,0.996,same_club
3453,Lindsay Rose,FRA,2015-16,"Lorient,Lyon",D,11,990,0,0,0,6,1,0.325,0.325,0.047,1.885,1.833,1,0,135490,Lindsay Rose,1992-02-08,23.56,184.0,right,Defender,Centre-Back,Mauritius,France,11,990,0,0,"1041,1158","Olympique Lyon,FC Lorient",990,3500000.0,2500000.0,1.0,1.0,1.0,same_club
3457,Francois Bellugou,FRA,2015-16,Lorient,D M S,33,2302,0,0,1,3,9,0.111,0.111,0.564,5.151,4.656,6,1,75282,François Bellugou,1987-04-25,28.35,188.0,right,Midfield,Defensive Midfield,France,France,33,2301,0,1,1158,FC Lorient,2301,1000000.0,1500000.0,1.0,1.0,1.0,same_club
3459,Maxime Barthelme,FRA,2015-16,Lorient,M S,24,1283,0,0,5,19,30,1.517,1.517,3.355,5.506,2.444,1,0,112022,Maxime Barthelmé,1988-09-08,26.98,172.0,left,Midfield,Left Midfield,France,France,24,1268,0,5,1158,FC Lorient,1268,1500000.0,1250000.0,0.996,1.0,0.988,same_club
3462,Rémi Mulumba,FRA,2015-16,Lorient,M S,6,147,0,0,0,4,0,0.268,0.268,0.0,0.859,0.674,1,0,146099,Remi Mulumba,1992-11-02,22.83,178.0,right,Midfield,Defensive Midfield,DR Congo,France,6,151,0,0,1158,FC Lorient,151,1000000.0,600000.0,0.992,1.0,0.974,same_club
3463,Romain Philippoteaux,FRA,2015-16,Lorient,M S,31,1421,0,0,3,15,14,0.704,0.704,1.807,3.849,2.245,3,0,255220,Romain Philippoteaux,1988-03-02,27.5,170.0,,Midfield,Right Midfield,France,France,31,1422,0,3,1158,FC Lorient,1422,2000000.0,2000000.0,1.0,1.0,0.999,same_club
3464,Vincent Le Goff,FRA,2015-16,Lorient,D S,27,1772,0,0,0,7,14,0.238,0.238,0.524,4.394,4.02,4,0,120651,Vincent Le Goff,1989-10-15,25.88,177.0,left,Defender,Left-Back,France,France,27,1780,0,0,1158,FC Lorient,1780,1750000.0,1500000.0,0.999,1.0,0.996,same_club
3465,Alain Traoré,FRA,2015-16,Lorient,S,3,30,0,0,0,1,0,0.021,0.021,0.0,0.037,0.016,0,0,43242,Alain Traoré,1988-12-31,26.67,176.0,left,Midfield,Attacking Midfield,Burkina Faso,Burkina Faso,3,31,0,0,1158,FC Lorient,31,1750000.0,1000000.0,0.997,1.0,0.989,same_club
3466,Marvin Gakpa,FRA,2015-16,Lorient,S,3,37,0,0,0,1,2,0.025,0.025,0.061,0.759,0.698,0,0,170976,Marvin Gakpa,1993-11-01,21.83,182.0,right,Midfield,Central Midfield,France,France,3,42,0,0,1158,FC Lorient,42,,250000.0,0.983,1.0,0.944,same_club
3467,Florent Chaigneau,FRA,2015-16,Lorient,GK S,2,178,0,0,0,0,0,0.0,0.0,0.0,0.014,0.014,0,0,8498,Florent Chaigneau,1984-03-21,31.45,197.0,right,Goalkeeper,Goalkeeper,France,France,2,177,0,0,1158,FC Lorient,177,600000.0,500000.0,0.998,1.0,0.994,same_club
3468,Jonas Lössl,FRA,2015-16,Guingamp,GK,37,3330,0,0,0,0,1,0.0,0.0,0.014,1.992,1.978,0,0,48870,Jonas Lössl,1989-02-01,26.58,195.0,right,Goalkeeper,Goalkeeper,Denmark,Denmark,37,3330,0,0,855,EA Guingamp,3330,2500000.0,2500000.0,1.0,1.0,1.0,same_club
3469,Jonathan Pereira,FRA,2015-16,"Guingamp,Troyes",D,27,2287,0,0,5,7,26,0.622,0.622,2.614,7.205,5.257,7,0,30698,Jonathan Martins Pereira,1986-01-30,29.59,182.0,right,Defender,Right-Back,France,France,27,2285,0,5,"855,1095","EA Guingamp,ESTAC Troyes",2285,1000000.0,1000000.0,0.97,0.95,0.999,same_club
3470,Christophe Kerbrat,FRA,2015-16,Guingamp,D,29,2591,0,0,0,4,4,0.41,0.41,0.44,3.831,3.747,7,0,138049,Christophe Kerbrat,1986-08-02,29.08,183.0,right,Defender,Centre-Back,France,France,29,2589,0,0,855,EA Guingamp,2589,2500000.0,2500000.0,1.0,1.0,0.999,same_club
3472,Lars Jacobsen,FRA,2015-16,Guingamp,D S,32,2753,0,0,3,3,17,0.148,0.148,1.306,3.929,3.324,3,0,1423,Lars Jacobsen,1979-09-20,35.95,181.0,both,Defender,Right-Back,Denmark,Denmark,32,2750,0,3,855,EA Guingamp,2750,500000.0,500000.0,1.0,1.0,0.999,same_club
3480,Julien Cardy,FRA,2015-16,Guingamp,M S,14,492,0,0,0,5,2,0.597,0.597,0.339,1.185,0.637,1,0,6980,Julien Cardy,1981-09-29,33.92,176.0,right,Midfield,Defensive Midfield,France,France,14,506,0,0,855,EA Guingamp,506,250000.0,250000.0,0.992,1.0,0.972,same_club
3481,Reynald Lemaître,FRA,2015-16,Guingamp,D S,6,453,0,0,0,0,2,0.0,0.0,0.309,1.214,1.186,2,0,22635,Reynald Lemaître,1983-06-28,32.18,175.0,left,Defender,Left-Back,France,France,6,450,0,0,855,EA Guingamp,450,500000.0,500000.0,0.998,1.0,0.993,same_club
3482,Maxime Baca,FRA,2015-16,Guingamp,D,2,180,0,0,0,0,2,0.0,0.0,0.08,0.141,0.061,0,0,51030,Maxime Baca,1983-06-02,32.25,174.0,both,Defender,Right-Back,France,France,2,180,0,0,855,EA Guingamp,180,500000.0,500000.0,1.0,1.0,1.0,same_club
3483,Laurent Dos Santos,FRA,2015-16,Guingamp,D S,9,596,0,0,0,1,2,0.006,0.006,0.138,0.751,0.68,1,0,274571,Laurent Dos Santos,1993-03-21,22.45,177.0,right,Defender,Right-Back,France,France,9,599,0,0,855,EA Guingamp,599,600000.0,600000.0,0.998,1.0,0.995,same_club
3485,Alexandre Letellier,FRA,2015-16,Angers,GK,17,1530,0,0,0,0,2,0.0,0.0,0.064,0.536,0.473,1,0,93730,Alexandre Letellier,1990-12-11,24.72,193.0,right,Goalkeeper,Goalkeeper,France,France,17,1530,0,0,1420,Angers SCO,1530,300000.0,500000.0,1.0,1.0,1.0,same_club
3486,Vincent Manceau,FRA,2015-16,Angers,D,27,2386,0,0,1,6,13,0.075,0.075,0.566,2.698,2.328,2,0,83132,Vincent Manceau,1989-07-10,26.14,176.0,right,Defender,Centre-Back,France,France,27,2385,0,1,1420,Angers SCO,2385,600000.0,1500000.0,1.0,1.0,1.0,same_club
3489,Yoann Andreu,FRA,2015-16,Angers,D,31,2725,0,0,1,5,12,0.211,0.211,0.922,2.637,2.062,7,0,92385,Yoann Andreu,1989-05-03,26.33,178.0,right,Defender,Left-Back,France,France,31,2723,0,1,1420,Angers SCO,2723,800000.0,1500000.0,1.0,1.0,0.999,same_club
3499,Gael Angoula,FRA,2015-16,Angers,D S,13,1009,0,0,0,2,7,0.028,0.028,0.403,2.521,2.182,3,0,111163,Gaël Angoula,1982-07-18,33.12,177.0,right,Defender,Right-Back,France,France,13,1012,0,0,1420,Angers SCO,1012,250000.0,250000.0,0.999,1.0,0.997,same_club
3502,Denis Petric,FRA,2015-16,"Angers,Troyes",GK,11,990,0,0,0,0,0,0.0,0.0,0.0,0.254,0.254,0,0,28356,Denis Petric,1988-05-24,27.27,186.0,right,Goalkeeper,Goalkeeper,Slovenia,Jugoslawien (SFR),11,990,0,0,"1095,1420","ESTAC Troyes,Angers SCO",990,1500000.0,1500000.0,1.0,1.0,1.0,same_club
3503,Stéphane Ruffier,FRA,2015-16,Saint-Etienne,GK,38,3420,0,0,0,0,1,0.0,0.0,0.04,2.984,2.984,4,0,39910,Stéphane Ruffier,1986-09-27,28.93,188.0,right,Goalkeeper,Goalkeeper,France,France,38,3420,0,0,618,AS Saint-Étienne,4410,10000000.0,10000000.0,1.0,1.0,1.0,same_club
3505,Florentin Pogba,FRA,2015-16,Saint-Etienne,D S,24,1948,0,0,1,10,7,0.456,0.456,0.282,3.604,3.479,1,0,140497,Florentin Pogba,1990-08-19,25.03,189.0,left,Defender,Centre-Back,Guinea,Guinea,24,1946,0,1,618,AS Saint-Étienne,2666,2000000.0,3000000.0,1.0,1.0,0.999,same_club
3508,Jérémy Clément,FRA,2015-16,Saint-Etienne,M S,27,2227,0,0,1,1,10,0.074,0.074,0.295,6.576,6.243,6,0,18901,Jérémy Clément,1984-08-26,31.01,180.0,left,Midfield,Defensive Midfield,France,France,27,2223,0,1,618,AS Saint-Étienne,2940,3500000.0,1000000.0,0.999,1.0,0.998,same_club
3509,Fabien Lemoine,FRA,2015-16,Saint-Etienne,M S,33,2475,0,0,1,19,15,0.458,0.458,0.501,7.196,6.656,10,0,56794,Fabien Lemoine,1987-03-16,28.46,175.0,right,Midfield,Defensive Midfield,France,France,33,2461,0,1,618,AS Saint-Étienne,3175,6000000.0,4500000.0,0.998,1.0,0.994,same_club
3516,Benoit Assou-Ekotto,FRA,2015-16,Saint-Etienne,D M S,20,1704,0,0,0,11,11,0.225,0.225,0.693,2.842,2.171,1,0,18310,Benoît Assou-Ekotto,1984-03-24,31.44,178.0,left,Defender,Left-Back,Cameroon,France,20,1704,0,0,618,AS Saint-Étienne,2305,3000000.0,1000000.0,1.0,1.0,1.0,same_club
3517,Ronael Pierre Gabriel,FRA,2015-16,Saint-Etienne,D S,5,333,0,0,0,0,1,0.0,0.0,0.016,0.323,0.323,0,0,410185,Ronaël Pierre-Gabriel,1998-06-13,17.22,177.0,right,Defender,Right-Back,France,France,5,330,0,0,618,AS Saint-Étienne,330,,250000.0,0.997,1.0,0.991,same_club
3519,Ole Selnaes,FRA,2015-16,Saint-Etienne,M S,3,174,0,0,0,2,2,0.026,0.026,0.032,0.289,0.246,0,0,175961,Ole Selnæs,1994-07-07,21.15,190.0,left,Midfield,Defensive Midfield,Norway,Norway,3,175,0,0,618,AS Saint-Étienne,1296,1600000.0,3000000.0,0.938,0.9,0.994,same_club
3520,Rémy Vercoutre,FRA,2015-16,Caen,GK,38,3420,0,0,0,0,0,0.0,0.0,0.0,1.812,1.812,2,0,5338,Rémy Vercoutre,1980-06-26,35.18,185.0,right,Goalkeeper,Goalkeeper,France,France,38,3420,0,0,1162,SM Caen,3420,500000.0,500000.0,1.0,1.0,1.0,same_club
3522,Jordan Adeoti,FRA,2015-16,Caen,D M S,32,1694,0,0,0,10,3,0.953,0.953,0.086,0.778,0.573,6,0,228891,Jordan Adéoti,1989-03-12,26.47,183.0,right,Midfield,Defensive Midfield,Benin,France,32,1708,0,0,1162,SM Caen,1708,1250000.0,1250000.0,0.998,1.0,0.992,same_club
3528,Jordan Leborgne,FRA,2015-16,Caen,D M S,14,664,0,0,1,8,10,0.349,0.349,0.632,1.369,0.566,3,0,379742,Jordan Leborgne,1995-09-29,19.92,173.0,right,Midfield,Central Midfield,Guadeloupe,Guadeloupe,14,662,0,1,1162,SM Caen,662,150000.0,400000.0,0.999,1.0,0.997,same_club
3531,Alexandre Raineau,FRA,2015-16,Caen,D S,7,317,0,0,0,0,0,0.0,0.0,0.0,0.216,0.216,0,0,56815,Alexandre Raineau,1986-06-21,29.2,178.0,left,Defender,Left-Back,France,France,7,320,0,0,1162,SM Caen,320,500000.0,400000.0,0.997,1.0,0.991,same_club
3532,Herve Bazile,FRA,2015-16,Caen,F M S,25,1064,0,0,3,33,19,1.494,1.494,2.067,3.389,0.797,1,0,95680,Hervé Bazile,1990-03-18,25.46,181.0,left,Attack,Left Winger,Haiti,France,25,1076,0,3,1162,SM Caen,1076,2000000.0,1500000.0,0.997,1.0,0.989,same_club
3534,Chaker Alhadhur,FRA,2015-16,Caen,D S,10,786,0,0,0,0,4,0.0,0.0,0.083,0.635,0.568,2,0,178540,Chaker Alhadhur,1991-12-04,23.74,172.0,right,Defender,Left-Back,Comoros,France,10,785,0,0,1162,SM Caen,785,1000000.0,1250000.0,1.0,1.0,0.999,same_club
3536,Jean-Victor Makengo,FRA,2015-16,Caen,M S,10,431,0,0,0,2,3,0.025,0.025,0.089,0.254,0.172,1,0,322305,Jean-Victor Makengo,1998-06-12,17.22,177.0,left,Midfield,Attacking Midfield,France,France,10,431,0,0,1162,SM Caen,431,,600000.0,1.0,1.0,1.0,same_club
3537,Jordan N&#039;Kololo,FRA,2015-16,Caen,F M S,16,518,0,0,0,10,9,0.769,0.769,1.202,1.422,0.656,3,1,228434,Jordan N'Kololo,1992-11-09,22.81,183.0,right,Attack,Second Striker,DR Congo,France,16,530,0,0,1162,SM Caen,530,400000.0,500000.0,0.963,0.95,0.977,same_club
3540,Alexandre Coeff,FRA,2015-16,GFC Ajaccio,D M S,24,1995,0,0,2,9,22,0.283,0.283,1.84,4.284,3.276,5,0,89450,Alexandre Coeff,1992-02-20,23.53,185.0,right,Defender,Centre-Back,France,France,24,1999,0,2,3558,GFC Ajaccio,1999,600000.0,1500000.0,0.999,1.0,0.998,same_club
3543,Nicolas Seube,FRA,2015-16,Caen,D M S,33,2183,0,0,1,15,15,0.488,0.488,0.391,4.875,4.331,5,1,22642,Nicolas Seube,1979-08-11,36.06,180.0,right,Midfield,Defensive Midfield,France,France,33,2176,0,1,1162,SM Caen,2176,250000.0,250000.0,0.999,1.0,0.997,same_club
3545,Abdoulaye Diallo,FRA,2015-16,Rennes,GK,7,630,0,0,0,0,0,0.0,0.0,0.0,0.452,0.452,0,0,126681,Abdoulaye Diallo,1992-03-30,23.42,191.0,right,Goalkeeper,Goalkeeper,Senegal,France,7,630,0,0,273,Stade Rennais FC,630,1000000.0,1000000.0,1.0,1.0,1.0,same_club
3547,Jesper Hansen,FRA,2015-16,SC Bastia,GK S,4,309,0,0,0,0,0,0.0,0.0,0.0,0.085,0.085,0,0,22860,Jesper Hansen,1985-03-31,30.42,188.0,right,Goalkeeper,Goalkeeper,Denmark,Denmark,4,311,0,0,595,SC Bastia,311,800000.0,500000.0,0.998,1.0,0.994,same_club
3550,Koffi Djidji,FRA,2015-16,Nantes,D S,22,1797,0,0,0,3,1,0.213,0.213,0.069,1.676,1.676,4,0,183031,Koffi Djidji,1992-11-30,22.75,184.0,right,Defender,Centre-Back,Cote d'Ivoire,France,22,1795,0,0,995,FC Nantes,1795,600000.0,1500000.0,1.0,1.0,0.999,same_club
3552,Marco Verratti,FRA,2015-16,Paris Saint Germain,M S,18,1060,0,0,3,2,20,0.038,0.038,1.648,8.78,8.368,2,0,102558,Marco Verratti,1992-11-05,22.82,165.0,right,Midfield,Central Midfield,Italy,Italy,18,1058,0,3,583,Paris Saint-Germain,1484,40000000.0,40000000.0,0.999,1.0,0.998,same_club
3554,Mickaël Tacalfred,FRA,2015-16,Reims,D S,15,1166,0,0,0,4,1,0.09,0.09,0.063,1.756,1.674,2,0,31101,Mickaël Tacalfred,1981-04-23,34.36,176.0,right,Defender,Centre-Back,Guadeloupe,France,15,1164,0,0,1421,Stade Reims,1164,500000.0,500000.0,0.999,1.0,0.998,same_club
3555,Franck Signorino,FRA,2015-16,Reims,D M,29,2563,0,0,2,1,17,0.017,0.017,0.632,2.751,2.507,5,0,12101,Franck Signorino,1981-09-19,33.95,176.0,left,Defender,Left-Back,France,France,29,2561,0,2,1421,Stade Reims,2561,500000.0,500000.0,1.0,1.0,0.999,same_club
3558,Abou Diaby,FRA,2015-16,Marseille,M S,3,138,0,0,0,0,0,0.0,0.0,0.0,0.0,0.0,0,0,26763,Abou Diaby,1986-05-11,29.31,191.0,right,Midfield,Central Midfield,France,France,3,135,0,0,244,Olympique Marseille,135,750000.0,500000.0,0.993,1.0,0.978,same_club
3560,Renaud Cohade,FRA,2015-16,Saint-Etienne,M S,19,1153,0,0,2,12,21,0.567,0.567,1.825,2.296,1.581,3,0,18955,Renaud Cohade,1984-09-29,30.92,181.0,right,Midfield,Central Midfield,France,France,19,1147,0,2,618,AS Saint-Étienne,1398,2000000.0,1000000.0,0.998,1.0,0.995,same_club
3562,Jonathan Brison,FRA,2015-16,Saint-Etienne,D S,7,440,0,0,0,1,1,0.011,0.011,0.019,1.004,0.974,2,0,28307,Jonathan Brison,1983-02-07,32.56,179.0,left,Defender,Left-Back,France,France,7,442,0,0,618,AS Saint-Étienne,654,500000.0,500000.0,0.999,1.0,0.995,same_club
3563,Florent Balmont,FRA,2015-16,Lille,M S,28,1944,0,0,1,30,15,0.749,0.749,1.236,5.377,4.131,5,0,5348,Florent Balmont,1980-02-02,35.58,168.0,right,Midfield,Central Midfield,France,France,28,1944,0,1,1082,LOSC Lille,1944,500000.0,500000.0,1.0,1.0,1.0,same_club
3564,Lenny Nangis,FRA,2015-16,"Caen,Lille",F M S,14,503,0,0,2,11,3,0.313,0.313,0.152,1.604,1.152,3,0,157500,Lenny Nangis,1994-03-24,21.44,172.0,right,Attack,Left Winger,Guadeloupe,Guadeloupe,14,504,0,2,"1082,1162","LOSC Lille,SM Caen",504,2500000.0,2000000.0,0.999,1.0,0.998,same_club
3565,Marko Basa,FRA,2015-16,Lille,D,15,1334,0,0,0,14,2,0.91,0.91,0.054,1.635,1.635,1,0,17179,Marko Basa,1982-12-29,32.67,190.0,right,Defender,Centre-Back,Montenegro,Jugoslawien (SFR),15,1331,0,0,1082,LOSC Lille,1331,2500000.0,1000000.0,0.999,1.0,0.998,same_club
3569,Steed Malbranque,FRA,2015-16,Lyon,M S,11,401,0,0,1,5,5,0.277,0.277,1.064,1.505,1.059,0,0,3569,Steed Malbranque,1980-01-06,35.65,171.0,right,Midfield,Central Midfield,France,Belgium,11,404,0,1,1041,Olympique Lyon,489,500000.0,250000.0,0.998,1.0,0.993,same_club
3572,Yrondu Musavu-King,FRA,2015-16,Lorient,D S,3,184,0,0,0,0,0,0.0,0.0,0.0,0.042,0.042,0,0,170994,Yrondu Musavu-King,1992-01-08,23.65,187.0,left,Defender,Centre-Back,Gabon,Gabon,3,186,0,0,1158,FC Lorient,186,800000.0,800000.0,0.997,1.0,0.989,same_club
3573,Franck Hery,FRA,2015-16,Guingamp,D,3,270,0,0,0,0,0,0.0,0.0,0.0,0.61,0.61,1,0,170475,Franck Héry,1993-04-26,22.35,186.0,right,Midfield,Defensive Midfield,France,France,3,270,0,0,855,EA Guingamp,270,150000.0,250000.0,1.0,1.0,1.0,same_club
3576,Maxime Poundje,FRA,2015-16,Bordeaux,D M,14,1260,0,0,1,5,4,0.094,0.094,0.719,3.182,2.381,3,0,126528,Maxime Poundjé,1992-08-16,23.04,179.0,left,Defender,Left-Back,France,France,14,1260,0,1,40,FC Girondins Bordeaux,1786,1500000.0,1500000.0,1.0,1.0,1.0,same_club
3578,Jean Ambrose,FRA,2015-16,Bordeaux,S,1,1,0,0,0,0,0,0.0,0.0,0.0,0.0,0.0,0,0,306186,Jean Ambrose,1993-09-27,21.93,193.0,right,Defender,Centre-Back,Haiti,France,1,1,0,0,40,FC Girondins Bordeaux,1,,100000.0,1.0,1.0,1.0,same_club
3579,Antony Ranieri,FRA,2015-16,Nice,S,2,4,0,0,0,0,0,0.0,0.0,0.0,0.0,0.0,1,0,290577,Antony Ranieri,1997-06-21,18.2,163.0,right,Attack,Centre-Forward,France,France,2,3,0,0,417,OGC Nice,3,,50000.0,0.997,1.0,0.989,same_club
3581,Jemerson,FRA,2015-16,Monaco,D S,4,287,0,0,0,1,2,0.108,0.108,0.273,0.596,0.329,2,0,258254,Jemerson,1992-08-24,23.02,184.0,right,Defender,Centre-Back,Brazil,Brazil,4,288,0,0,162,AS Monaco,288,2250000.0,10000000.0,0.999,1.0,0.997,same_club
3582,Chris Mavinga,FRA,2015-16,Troyes,D S,20,1588,0,0,1,11,8,0.792,0.792,1.637,3.914,2.299,6,1,93732,Chris Mavinga,1991-05-26,24.27,183.0,left,Defender,Centre-Back,DR Congo,France,20,1587,0,1,1095,ESTAC Troyes,1587,1500000.0,1250000.0,1.0,1.0,0.999,same_club
3584,Deniz Hummet,FRA,2015-16,Troyes,F S,6,154,0,0,0,1,1,0.115,0.115,0.019,0.249,0.115,0,0,271787,Deniz Hümmet,1996-09-13,18.97,189.0,right,Attack,Centre-Forward,Türkiye,Sweden,6,154,0,0,1095,ESTAC Troyes,154,150000.0,150000.0,1.0,1.0,1.0,same_club
3586,Jean-Pierre Nsamé,FRA,2015-16,Angers,S,5,57,0,0,0,1,0,0.017,0.017,0.0,0.042,0.025,0,0,225055,Jean-Pierre Nsame,1993-05-01,22.34,188.0,right,Attack,Centre-Forward,Cameroon,Cameroon,5,61,0,0,1420,Angers SCO,61,300000.0,300000.0,0.987,1.0,0.956,same_club
3587,Guy N&#039;Gosso,FRA,2015-16,Angers,M S,2,106,0,0,0,0,1,0.0,0.0,0.024,0.024,0.0,0,0,126924,Guy N'Gosso,1985-01-11,30.64,185.0,right,Midfield,Defensive Midfield,Cameroon,Cameroon,3,152,0,0,1420,Angers SCO,152,250000.0,250000.0,0.879,0.95,0.697,same_club
3588,Olivier Auriac,FRA,2015-16,Angers,M S,16,387,0,0,0,2,3,0.084,0.084,0.193,0.587,0.464,1,0,18298,Olivier Auriac,1983-09-14,31.96,172.0,right,Midfield,Defensive Midfield,France,France,16,397,0,0,1420,Angers SCO,397,250000.0,250000.0,0.992,1.0,0.975,same_club
3589,Mathias Serin,FRA,2015-16,Angers,S,1,1,0,0,0,0,0,0.0,0.0,0.0,0.0,0.0,0,0,378630,Mathias Serin,1991-08-01,24.08,177.0,right,Midfield,Attacking Midfield,France,France,1,1,0,0,1420,Angers SCO,1,100000.0,200000.0,1.0,1.0,1.0,same_club
3592,Steven Moreira,FRA,2015-16,Rennes,D M S,16,1226,0,0,0,2,10,0.028,0.028,1.056,3.082,2.247,2,0,203517,Steven Moreira,1994-08-13,21.05,178.0,right,Defender,Right-Back,Cape Verde,France,16,1227,0,0,273,Stade Rennais FC,1227,1500000.0,1500000.0,1.0,1.0,0.999,same_club
3595,Johny Placide,FRA,2015-16,Reims,GK S,19,1616,0,0,0,0,1,0.0,0.0,0.229,1.244,1.015,0,0,51035,Johny Placide,1988-01-29,27.59,181.0,right,Goalkeeper,Goalkeeper,Haiti,France,19,1618,0,0,1421,Stade Reims,1618,1000000.0,1000000.0,1.0,1.0,0.999,same_club
3597,Gilles Cioni,FRA,2015-16,SC Bastia,D M S,20,1594,0,0,0,3,5,0.039,0.039,0.353,0.904,0.827,2,1,44688,Gilles Cioni,1984-06-14,31.21,165.0,right,Defender,Right-Back,France,France,20,1586,0,0,595,SC Bastia,1586,400000.0,500000.0,0.998,1.0,0.995,same_club
3599,Presnel Kimpembe,FRA,2015-16,Paris Saint Germain,D S,6,427,0,0,0,0,1,0.0,0.0,0.064,3.535,3.471,1,0,282041,Presnel Kimpembe,1995-08-13,20.05,183.0,left,Defender,Centre-Back,France,France,6,426,0,0,583,Paris Saint-Germain,426,150000.0,1500000.0,0.999,1.0,0.998,same_club
3601,Marvin Martin,FRA,2015-16,Lille,M S,12,415,0,0,1,5,9,0.191,0.191,0.223,0.787,0.551,1,0,77834,Marvin Martin,1988-01-10,27.64,170.0,right,Midfield,Attacking Midfield,France,France,12,424,0,1,1082,LOSC Lille,424,2000000.0,2000000.0,0.994,1.0,0.979,same_club
3604,Stéphan Raheriharimanana,FRA,2015-16,Nice,M S,4,73,0,0,0,0,1,0.0,0.0,0.008,0.064,0.056,0,0,170957,Stéphan Raheriharimanana,1993-08-16,22.04,168.0,right,Midfield,Central Midfield,Madagascar,Madagascar,4,74,0,0,417,OGC Nice,74,150000.0,150000.0,0.997,1.0,0.989,same_club
3605,Brice Dja Djédjé,FRA,2015-16,Marseille,D S,19,1491,0,0,0,8,6,0.392,0.392,0.729,4.283,3.699,2,0,93690,Brice Dja Djedje,1990-12-23,24.69,176.0,right,Midfield,Defensive Midfield,Cote d'Ivoire,Cote d'Ivoire,19,1477,0,0,244,Olympique Marseille,1654,4500000.0,3500000.0,0.997,1.0,0.991,same_club
3607,Lamine Gassama,FRA,2015-16,Lorient,D,31,2715,0,0,1,0,12,0.0,0.0,1.007,5.645,4.703,6,2,60539,Lamine Gassama,1989-10-20,25.86,181.0,right,Defender,Right-Back,Senegal,France,31,2708,0,1,1158,FC Lorient,2708,1500000.0,1500000.0,0.999,1.0,0.997,same_club
3608,Moryke Fofana,FRA,2015-16,Lorient,S,6,108,0,0,0,0,1,0.0,0.0,0.027,0.064,0.037,1,0,240497,Moryké Fofana,1991-11-23,23.77,175.0,right,Attack,Left Winger,Cote d'Ivoire,Cote d'Ivoire,6,114,0,0,1158,FC Lorient,114,700000.0,800000.0,0.984,1.0,0.947,same_club
3609,Matthieu Saunier,FRA,2015-16,Troyes,D,28,2419,0,0,0,8,5,1.41,1.41,0.37,2.155,1.92,3,0,93759,Matthieu Saunier,1990-02-07,25.56,181.0,right,Defender,Centre-Back,France,France,28,2418,0,0,1095,ESTAC Troyes,2418,1000000.0,1000000.0,1.0,1.0,1.0,same_club
3610,Mory Kone,FRA,2015-16,Troyes,D,3,240,0,0,1,0,1,0.0,0.0,0.051,0.26,0.26,0,0,157494,Mory Koné,1994-04-21,21.36,190.0,right,Defender,Centre-Back,France,France,3,239,0,1,1095,ESTAC Troyes,239,500000.0,500000.0,0.999,1.0,0.996,same_club
3612,Henri Bienvenu,FRA,2015-16,Troyes,F S,7,173,0,0,0,5,1,0.672,0.672,0.03,0.676,0.026,0,0,65921,Henri Bienvenu,1988-07-05,27.16,180.0,right,Attack,Centre-Forward,Cameroon,Cameroon,7,175,0,0,1095,ESTAC Troyes,175,1250000.0,800000.0,0.997,1.0,0.989,same_club
3613,Amos Youga,FRA,2015-16,GFC Ajaccio,M S,18,1142,0,0,1,15,13,0.764,0.764,0.85,3.575,2.349,4,1,203540,Amos Youga,1992-12-08,22.73,186.0,right,Midfield,Defensive Midfield,Central African Republic,France,18,1142,0,1,3558,GFC Ajaccio,1142,800000.0,1250000.0,1.0,1.0,1.0,same_club
3623,Ismael Diomande,FRA,2015-16,"Caen,Saint-Etienne",M S,13,706,0,0,0,5,7,0.092,0.092,0.133,1.994,1.809,2,0,170495,Ismael Diomande,1992-08-28,23.01,183.0,right,Midfield,Defensive Midfield,Cote d'Ivoire,Cote d'Ivoire,13,709,0,0,"618,1162","AS Saint-Étienne,SM Caen",1053,2000000.0,2000000.0,0.999,1.0,0.996,same_club
3625,Johan Martial,FRA,2015-16,Troyes,D S,8,569,0,0,0,1,0,0.059,0.059,0.0,0.239,0.239,2,0,105388,Johan Martial,1991-05-30,24.26,184.0,right,Defender,Centre-Back,France,France,8,570,0,0,1095,ESTAC Troyes,570,800000.0,600000.0,0.999,1.0,0.998,same_club
3626,Mexer,FRA,2015-16,Rennes,D,16,1317,0,0,0,5,0,0.209,0.209,0.0,2.015,2.015,4,0,127610,Mexer,1988-09-08,26.98,188.0,right,Defender,Centre-Back,Mozambique,Mozambique,16,1308,0,0,273,Stade Rennais FC,1308,6000000.0,5000000.0,0.998,1.0,0.993,same_club
3628,Lionel Mathis,FRA,2015-16,Guingamp,M S,20,1379,0,0,1,11,7,0.358,0.358,0.186,2.592,2.342,6,1,5430,Lionel Mathis,1981-10-04,33.91,174.0,right,Midfield,Defensive Midfield,France,France,20,1386,0,1,855,EA Guingamp,1386,500000.0,500000.0,0.998,1.0,0.995,same_club
3630,Mamadou N&#039;Diaye,FRA,2015-16,Montpellier,D S,8,131,0,0,1,2,2,0.048,0.048,0.402,0.169,0.114,0,0,290569,Mamadou N'Diaye,1995-05-28,20.26,174.0,left,Defender,Left-Back,Senegal,Senegal,8,137,0,1,969,Montpellier HSC,137,150000.0,300000.0,0.957,0.95,0.956,same_club
3631,Jerome Prior,FRA,2015-16,Bordeaux,GK S,13,1074,0,0,0,0,0,0.0,0.0,0.0,1.122,1.122,0,0,238720,Jérôme Prior,1995-08-08,20.07,187.0,both,Goalkeeper,Goalkeeper,France,France,13,1074,0,0,40,FC Girondins Bordeaux,1344,250000.0,800000.0,1.0,1.0,1.0,same_club
3632,Kevin Malcuit,FRA,2015-16,Saint-Etienne,D F M,9,716,0,0,1,2,4,0.048,0.048,0.757,1.206,0.699,1,2,126711,Kévin Malcuit,1991-07-31,24.09,178.0,right,Defender,Right-Back,France,France,9,713,0,1,618,AS Saint-Étienne,713,600000.0,800000.0,0.999,1.0,0.996,same_club
3636,Ilyes Chaibi,FRA,2015-16,Monaco,S,1,10,0,0,0,0,0,0.0,0.0,0.0,0.0,0.0,0,0,342230,Ilyes Chaïbi,1996-10-12,18.89,176.0,right,Attack,Centre-Forward,France,France,1,10,0,0,162,AS Monaco,10,,150000.0,1.0,1.0,1.0,same_club
3639,Paulin Puel,FRA,2015-16,Nice,F S,11,182,0,0,0,2,1,0.064,0.064,0.011,0.556,0.481,0,0,322397,Paulin Puel,1997-05-09,18.31,179.0,right,Attack,Centre-Forward,France,France,11,187,0,0,417,OGC Nice,187,,150000.0,0.992,1.0,0.973,same_club
3641,Yacouba Sylla,FRA,2015-16,Rennes,M S,20,1499,0,0,1,9,10,0.434,0.434,0.808,3.449,2.384,4,1,160080,Yacouba Sylla,1990-11-29,24.76,184.0,right,Midfield,Defensive Midfield,Mali,France,20,1498,0,1,273,Stade Rennais FC,1498,1000000.0,1500000.0,1.0,1.0,0.999,same_club
3642,Alexis Peuget,FRA,2015-16,Reims,M S,12,670,0,0,0,6,5,0.456,0.456,0.165,1.772,1.345,3,0,127213,Alexi Peuget,1990-12-18,24.7,187.0,right,Midfield,Defensive Midfield,France,France,12,667,0,0,1421,Stade Reims,667,400000.0,600000.0,0.975,0.96,0.996,same_club
3644,Wallyson Mallmann,FRA,2015-16,Nice,M S,14,697,0,0,2,13,8,0.891,0.891,0.699,1.561,1.331,3,0,257459,Wallyson,1994-02-16,21.54,183.0,left,Midfield,Defensive Midfield,Brazil,Brazil,17,745,0,2,417,OGC Nice,745,600000.0,1250000.0,0.951,0.95,0.936,same_club
3646,William Matheus,FRA,2015-16,Toulouse,D,14,1250,0,0,1,0,8,0.0,0.0,1.199,3.062,1.883,2,0,75058,William Matheus,1990-04-02,25.42,181.0,left,Defender,Left-Back,Brazil,Brazil,14,1247,0,1,415,FC Toulouse,1247,800000.0,1000000.0,0.999,1.0,0.998,same_club
3649,Stephane Sparagna,FRA,2015-16,Marseille,D S,8,228,0,0,0,2,1,0.177,0.177,0.612,0.781,0.781,3,0,289216,Stéphane Sparagna,1995-02-17,20.54,187.0,right,Defender,Centre-Back,France,France,8,230,0,0,244,Olympique Marseille,455,500000.0,1000000.0,0.997,1.0,0.991,same_club
3652,Enock Kwateng,FRA,2015-16,Nantes,S,2,28,0,0,0,0,0,0.0,0.0,0.0,0.0,0.0,0,0,288241,Enock Kwateng,1997-04-09,18.4,181.0,right,Defender,Right-Back,France,France,1,18,0,0,995,FC Nantes,18,,150000.0,0.967,1.0,0.889,same_club
3653,Jeremie Bréchet,FRA,2015-16,GFC Ajaccio,D,23,1936,0,0,0,1,2,0.013,0.013,0.045,1.695,1.695,0,0,5339,Jérémie Bréchet,1979-08-14,36.05,187.0,left,Defender,Centre-Back,France,France,23,1938,0,0,3558,GFC Ajaccio,1938,250000.0,250000.0,1.0,1.0,0.999,same_club
3655,Charles Traore,FRA,2015-16,Troyes,D,5,450,0,0,0,1,2,0.034,0.034,0.444,0.629,0.186,1,0,394906,Charles Traoré,1992-01-01,23.67,180.0,left,Defender,Left-Back,Mali,France,5,450,0,0,1095,ESTAC Troyes,450,,150000.0,1.0,1.0,1.0,same_club
3659,Christopher Maboulou,FRA,2015-16,SC Bastia,F S,9,228,0,0,1,3,3,0.176,0.176,0.27,0.943,0.513,0,0,138199,Christopher Maboulou,1990-03-19,25.45,185.0,right,Attack,Centre-Forward,Congo,France,9,242,0,0,595,SC Bastia,242,800000.0,800000.0,0.983,1.0,0.942,same_club
3661,Kermit Erasmus,FRA,2015-16,Rennes,S,2,32,0,0,0,0,3,0.0,0.0,0.09,0.09,0.014,0,0,65992,Kermit Erasmus,1990-07-08,25.15,167.0,right,Attack,Centre-Forward,South Africa,South Africa,2,33,0,0,273,Stade Rennais FC,33,650000.0,1250000.0,0.997,1.0,0.989,same_club
3668,Jonathan Delaplace,FRA,2015-16,Caen,M S,22,1574,0,0,2,18,18,0.812,0.812,1.855,4.456,2.681,2,0,149551,Jonathan Delaplace,1986-03-20,29.45,168.0,right,Midfield,Central Midfield,France,France,22,1570,0,2,1162,SM Caen,1570,1500000.0,1750000.0,0.999,1.0,0.997,same_club
3671,Robin Maulun,FRA,2015-16,Bordeaux,S,1,51,0,0,0,1,1,0.02,0.02,0.072,0.121,0.029,0,0,250030,Robin Maulun,1996-11-23,18.77,176.0,right,Midfield,Attacking Midfield,France,France,1,50,0,0,40,FC Girondins Bordeaux,210,,150000.0,0.997,1.0,0.989,same_club
3672,Nicolas Douchez,FRA,2015-16,Paris Saint Germain,GK,1,90,0,0,0,0,0,0.0,0.0,0.0,0.216,0.216,0,0,18036,Nicolas Douchez,1980-04-22,35.36,185.0,right,Goalkeeper,Goalkeeper,France,France,1,90,0,0,583,Paris Saint-Germain,90,500000.0,250000.0,1.0,1.0,1.0,same_club
3674,Abdoulaye Touré,FRA,2015-16,Nantes,M S,4,202,0,0,0,2,3,0.032,0.032,0.376,0.679,0.607,0,0,181382,Abdoulaye Touré,1994-03-03,21.5,188.0,right,Midfield,Defensive Midfield,Guinea,France,4,201,0,0,995,FC Nantes,201,150000.0,150000.0,0.999,1.0,0.995,same_club
3676,Erwin Koffi,FRA,2015-16,Lorient,D,1,90,0,0,0,0,0,0.0,0.0,0.0,0.881,0.881,0,0,341942,Erwin Koffi,1995-01-10,20.64,175.0,right,Defender,Right-Back,France,France,1,90,0,0,1158,FC Lorient,90,,,1.0,1.0,1.0,same_club
3677,Wesley Lautoa,FRA,2015-16,Lorient,D S,13,1011,0,0,0,4,4,0.254,0.254,1.057,1.84,1.48,1,0,154199,Wesley Lautoa,1987-08-25,28.02,184.0,left,Defender,Centre-Back,Neukaledonien,France,13,1008,0,0,1158,FC Lorient,1008,3000000.0,2500000.0,0.999,1.0,0.997,same_club
3678,Issam Ben Khemis,FRA,2015-16,Lorient,S,1,16,0,0,0,0,1,0.0,0.0,0.301,0.301,0.0,0,0,358508,Issam Ben Khemis,1996-01-10,19.64,176.0,left,Midfield,Central Midfield,Tunisia,France,1,19,0,0,1158,FC Lorient,19,,,0.99,1.0,0.967,same_club
3679,Hamadou Karamoko,FRA,2015-16,Lorient,D,3,270,0,0,0,0,1,0.0,0.0,0.023,0.122,0.122,0,0,353205,Hamadou Karamoko,1995-10-31,19.84,194.0,right,Defender,Centre-Back,France,France,3,270,0,0,1158,FC Lorient,270,,250000.0,1.0,1.0,1.0,same_club
3681,Rincon,FRA,2015-16,Troyes,D,8,716,0,0,0,3,2,0.252,0.252,0.058,1.033,0.975,2,0,47653,Rincón,1987-05-31,28.25,188.0,right,Defender,Centre-Back,Brazil,Brazil,8,716,0,0,1095,ESTAC Troyes,716,1250000.0,1000000.0,1.0,1.0,1.0,same_club
3684,Mahamadou N&#039;Diaye,FRA,2015-16,Troyes,S,1,11,0,0,0,0,0,0.0,0.0,0.0,0.0,0.0,0,0,160910,Mahamadou N'Diaye,1990-07-21,25.11,185.0,right,Defender,Centre-Back,Mali,Senegal,1,12,0,0,1095,ESTAC Troyes,12,500000.0,500000.0,0.967,0.95,0.989,same_club
3685,Pantxi Sirieix,FRA,2015-16,Toulouse,S,5,65,0,0,2,0,3,0.0,0.0,0.597,0.636,0.039,1,0,5431,Pantxi Sirieix,1980-10-07,34.9,180.0,right,Midfield,Central Midfield,France,France,5,67,0,2,415,FC Toulouse,67,250000.0,250000.0,0.993,1.0,0.978,same_club
3686,Pavle Ninkov,FRA,2015-16,Toulouse,D S,10,507,0,0,1,1,4,0.014,0.014,0.899,2.188,1.793,0,0,36039,Pavle Ninkov,1985-04-20,30.37,181.0,right,Defender,Right-Back,Serbia,Jugoslawien (SFR),10,508,0,1,415,FC Toulouse,508,1000000.0,500000.0,0.999,1.0,0.998,same_club
3687,Yassine Jebbour,FRA,2015-16,SC Bastia,D S,4,175,0,0,0,0,0,0.0,0.0,0.0,0.184,0.184,0,0,126692,Yassine Jebbour,1991-08-24,24.02,180.0,right,Defender,Right-Back,Morocco,France,4,178,0,0,595,SC Bastia,178,500000.0,600000.0,0.995,1.0,0.983,same_club
3688,Mamadou Samassa,FRA,2015-16,Guingamp,GK,1,90,0,0,0,0,0,0.0,0.0,0.0,0.339,0.339,0,0,72422,Mamadou Samassa,1990-02-16,25.54,198.0,right,Goalkeeper,Goalkeeper,Mali,France,1,90,0,0,855,EA Guingamp,90,800000.0,800000.0,1.0,1.0,1.0,same_club
3690,Pierre-Yves Polomat,FRA,2015-16,Saint-Etienne,D S,15,906,0,0,0,5,6,0.276,0.276,0.334,1.988,1.507,2,0,203764,Pierre-Yves Polomat,1993-12-27,21.68,183.0,left,Defender,Left-Back,Martinique,Martinique,15,914,0,0,618,AS Saint-Étienne,1188,500000.0,1250000.0,0.997,1.0,0.991,same_club
3692,Franck Beria,FRA,2015-16,Lille,D S,2,64,0,0,0,0,1,0.0,0.0,0.071,0.071,0.0,0,0,12096,Franck Béria,1983-05-23,32.28,177.0,right,Defender,Right-Back,France,France,2,62,0,0,1082,LOSC Lille,62,1000000.0,1000000.0,0.993,1.0,0.978,same_club
3694,Joris Gnagnon,FRA,2015-16,Rennes,D M S,7,222,0,0,0,3,1,0.054,0.054,0.042,0.651,0.619,1,0,378954,Joris Gnagnon,1997-01-13,18.63,182.0,right,Defender,Centre-Back,France,France,7,224,0,0,273,Stade Rennais FC,224,,150000.0,0.997,1.0,0.991,same_club
3695,Adama Traoré,FRA,2015-16,Monaco,M S,6,369,0,0,1,5,2,0.505,0.505,0.366,1.149,0.399,1,0,262608,Adama Traoré,1995-06-28,20.18,178.0,left,Midfield,Attacking Midfield,Mali,Mali,6,397,0,1,162,AS Monaco,497,1250000.0,8000000.0,0.979,1.0,0.929,same_club
3698,Ferebory Dore,FRA,2015-16,Angers,F M S,9,622,0,0,1,11,6,1.112,1.112,0.72,1.993,0.598,2,0,139286,Férébory Doré,1989-01-21,26.61,193.0,right,Attack,Centre-Forward,Congo,People's republic of the Congo,9,618,0,0,1420,Angers SCO,618,600000.0,600000.0,0.998,1.0,0.994,same_club
3699,Aissa Laidouni,FRA,2015-16,Angers,D,1,90,0,0,0,0,1,0.0,0.0,0.07,0.186,0.116,0,0,233782,Aïssa Laïdouni,1996-12-13,18.72,184.0,right,Midfield,Central Midfield,Tunisia,France,1,90,0,0,1420,Angers SCO,90,,,1.0,1.0,1.0,same_club
3700,Hicham M&#039;Laab,FRA,2015-16,Nantes,S,2,25,0,0,0,0,0,0.0,0.0,0.0,0.0,0.0,0,0,126697,Hicham M'Laab,1990-02-27,25.51,178.0,left,Midfield,Attacking Midfield,France,France,2,27,0,0,995,FC Nantes,27,,50000.0,0.963,0.95,0.978,same_club
3701,Gautier Lloris,FRA,2015-16,Nice,D S,2,66,0,0,0,0,0,0.0,0.0,0.0,0.072,0.072,0,0,249636,Gautier Lloris,1995-07-18,20.12,191.0,left,Defender,Centre-Back,France,France,2,65,0,0,417,OGC Nice,65,,150000.0,0.997,1.0,0.989,same_club
3702,Nill de Pauw,FRA,2015-16,Guingamp,M S,13,345,0,0,0,10,2,0.795,0.795,0.356,0.558,0.091,2,0,52746,Nill De Pauw,1990-01-06,25.65,180.0,right,Attack,Right Winger,DR Congo,Zaire,13,360,0,0,855,EA Guingamp,360,2500000.0,1500000.0,0.987,1.0,0.958,same_club
3703,Geoffrey Jourdren,FRA,2015-16,Montpellier,GK,7,630,0,0,0,0,0,0.0,0.0,0.0,0.591,0.591,2,0,23938,Geoffrey Jourdren,1986-02-04,29.57,183.0,right,Goalkeeper,Goalkeeper,France,France,7,630,0,0,969,Montpellier HSC,630,4500000.0,3000000.0,1.0,1.0,1.0,same_club
3704,Mana Dembele,FRA,2015-16,Guingamp,F S,13,423,0,0,0,13,4,1.016,1.016,0.465,2.012,0.738,2,0,86915,Mana Dembélé,1988-11-29,26.75,180.0,right,Attack,Centre-Forward,Mali,France,13,427,0,0,855,EA Guingamp,427,1000000.0,1000000.0,0.997,1.0,0.991,same_club
3705,Hugo Rodriguez,FRA,2015-16,Reims,M S,3,173,0,0,0,1,1,0.021,0.021,0.019,0.077,0.077,0,0,127151,Hugo Rodriguez,1991-04-02,24.42,179.0,right,Midfield,Central Midfield,France,France,3,173,0,0,1421,Stade Reims,173,400000.0,300000.0,1.0,1.0,1.0,same_club
3706,Timothee Taufflieb,FRA,2015-16,Paris Saint Germain,S,1,1,0,0,0,0,0,0.0,0.0,0.0,0.0,0.0,0,0,392276,Timothée Taufflieb,1992-12-01,22.75,172.0,left,Midfield,Central Midfield,France,France,1,3,0,0,583,Paris Saint-Germain,3,,,0.993,1.0,0.978,same_club
3707,Kevin Rimane,FRA,2015-16,Paris Saint Germain,S,1,1,0,0,0,0,0,0.0,0.0,0.0,0.0,0.0,0,0,93751,Kévin Rimane,1991-02-23,24.52,181.0,right,Defender,Centre-Back,French Guiana,French Guiana,1,2,0,0,583,Paris Saint-Germain,2,300000.0,300000.0,0.997,1.0,0.989,same_club
3709,Sébastien Wüthrich,FRA,2015-16,Montpellier,S,1,1,0,0,0,1,0,0.025,0.025,0.0,0.025,0.0,0,0,52744,Sébastien Wüthrich,1990-05-29,25.26,181.0,left,Midfield,Attacking Midfield,Switzerland,Switzerland,1,1,0,0,969,Montpellier HSC,1,1000000.0,500000.0,1.0,1.0,1.0,same_club
3710,Anthony Walongwa,FRA,2015-16,Nantes,D,1,90,0,0,0,0,0,0.0,0.0,0.0,0.123,0.123,0,0,247300,Anthony Walongwa,1993-10-15,21.88,182.0,right,Defender,Centre-Back,DR Congo,France,1,90,0,0,995,FC Nantes,90,150000.0,150000.0,1.0,1.0,1.0,same_club
3712,Isaac Thelin,FRA,2015-16,Bordeaux,F S,7,290,0,0,0,6,2,1.012,1.012,0.046,1.18,0.535,0,0,201311,Isaac Kiese Thelin,1992-06-24,23.19,189.0,right,Attack,Centre-Forward,Sweden,Sweden,7,311,0,0,40,FC Girondins Bordeaux,672,3000000.0,1750000.0,0.95,0.95,0.932,same_club
3713,Samuel Grandsir,FRA,2015-16,Troyes,S,1,13,0,0,0,0,0,0.0,0.0,0.0,0.022,0.022,0,0,432772,Samuel Grandsir,1996-08-14,19.05,170.0,right,Attack,Right Winger,France,France,1,14,0,0,1095,ESTAC Troyes,14,,,0.997,1.0,0.989,same_club
3714,Yakou Meite,FRA,2015-16,Paris Saint Germain,S,1,1,0,0,0,0,0,0.0,0.0,0.0,0.0,0.0,0,0,289433,Yakou Méïté,1996-02-11,19.55,185.0,left,Attack,Centre-Forward,Cote d'Ivoire,France,1,1,0,0,583,Paris Saint-Germain,1,,,1.0,1.0,1.0,same_club
3717,Slimane Sissoko,FRA,2015-16,Angers,F S,10,240,0,0,0,10,5,0.565,0.565,0.152,1.094,0.432,1,1,126704,Slimane Sissoko,1991-03-20,24.45,190.0,right,Attack,Centre-Forward,France,France,12,311,0,1,1420,Angers SCO,311,50000.0,400000.0,0.932,1.0,0.772,same_club
3721,Romain Del Castillo,FRA,2015-16,Lyon,S,2,32,0,0,0,1,0,0.089,0.089,0.0,0.101,0.012,0,0,353399,Romain Del Castillo,1996-03-29,19.43,172.0,left,Attack,Right Winger,France,France,2,34,0,0,1041,Olympique Lyon,34,,150000.0,0.993,1.0,0.978,same_club
3722,Kevin Gomis,FRA,2015-16,Nice,D S,3,178,0,0,0,0,2,0.0,0.0,0.14,0.268,0.268,0,0,89643,Kévin Gomis,1989-01-20,26.61,186.0,right,Defender,Centre-Back,France,France,3,174,0,0,417,OGC Nice,174,800000.0,500000.0,0.993,1.0,0.978,same_club
3724,Baptiste Guillaume,FRA,2015-16,Lille,F M S,10,539,0,0,0,8,2,0.6,0.6,0.129,0.891,0.28,1,0,264567,Baptiste Guillaume,1995-06-16,20.21,189.0,right,Attack,Centre-Forward,Belgium,Belgium,10,538,0,0,1082,LOSC Lille,538,1250000.0,3000000.0,0.999,1.0,0.998,same_club
3726,Anthony Ribelin,FRA,2015-16,Montpellier,M,1,59,0,0,0,0,1,0.0,0.0,0.018,0.018,0.0,0,0,334006,Anthony Ribelin,1996-04-08,19.4,180.0,right,Midfield,Right Midfield,France,France,1,58,0,0,969,Montpellier HSC,58,,150000.0,0.997,1.0,0.989,same_club
3727,Cédric Carrasso,FRA,2015-16,Bordeaux,GK,20,1716,0,0,0,0,0,0.0,0.0,0.0,1.623,1.623,0,0,5308,Cédric Carrasso,1981-12-30,33.67,187.0,right,Goalkeeper,Goalkeeper,France,France,20,1716,0,0,40,FC Girondins Bordeaux,2346,2500000.0,2000000.0,1.0,1.0,1.0,same_club
3728,Paul Andre Guerin,FRA,2015-16,GFC Ajaccio,GK S,2,139,0,0,0,0,0,0.0,0.0,0.0,0.155,0.155,0,0,399382,Paul-André Guerin,1997-09-26,17.93,,,Goalkeeper,Goalkeeper,France,France,2,139,0,0,3558,GFC Ajaccio,139,,50000.0,1.0,1.0,1.0,same_club
3729,Hassane Kamara,FRA,2015-16,Reims,S,2,29,0,0,0,1,0,0.008,0.008,0.0,0.008,0.0,0,0,290017,Hassane Kamara,1994-03-05,21.49,170.0,left,Defender,Left-Back,Cote d'Ivoire,France,2,30,0,0,1421,Stade Reims,30,300000.0,300000.0,0.997,1.0,0.989,same_club
3730,Valentin Lavigne,FRA,2015-16,Lorient,F S,6,149,0,0,0,2,0,0.102,0.102,0.0,0.102,0.0,0,0,236414,Valentin Lavigne,1994-06-04,21.24,171.0,right,Attack,Centre-Forward,France,France,6,151,0,0,1158,FC Lorient,151,800000.0,800000.0,0.996,1.0,0.987,same_club
3733,Nicolas Janvier,FRA,2015-16,Rennes,S,3,25,0,0,0,1,2,0.09,0.09,0.039,0.129,0.0,0,0,324803,Nicolas Janvier,1998-08-11,17.06,172.0,right,Midfield,Central Midfield,France,France,3,27,0,0,273,Stade Rennais FC,27,,300000.0,0.993,1.0,0.978,same_club
3734,Jérémie Porsan-Clemente,FRA,2015-16,Marseille,S,1,1,0,0,0,0,0,0.0,0.0,0.0,0.0,0.0,0,0,290872,Jérémie Porsan-Clémente,1997-12-16,17.71,179.0,right,Attack,Centre-Forward,France,Martinique,1,1,0,0,244,Olympique Marseille,1,150000.0,150000.0,1.0,1.0,1.0,same_club
3737,Mike Maignan,FRA,2015-16,Lille,GK S,4,288,0,0,0,0,0,0.0,0.0,0.0,0.269,0.269,0,0,182906,Mike Maignan,1995-07-03,20.16,191.0,right,Goalkeeper,Goalkeeper,France,French Guiana,4,289,0,0,1082,LOSC Lille,289,250000.0,1000000.0,0.999,1.0,0.997,same_club
3738,Serhou Guirassy,FRA,2015-16,Lille,F S,8,300,0,0,0,5,2,0.747,0.747,0.335,1.098,0.127,2,0,270541,Serhou Guirassy,1996-03-12,19.47,187.0,right,Attack,Centre-Forward,Guinea,France,8,299,0,0,1082,LOSC Lille,299,400000.0,800000.0,0.999,1.0,0.997,same_club
3739,Soualiho Meité,FRA,2015-16,Lille,S,3,44,0,0,0,1,0,0.122,0.122,0.0,0.0,0.0,0,0,164913,Soualiho Meïté,1994-03-17,21.46,187.0,right,Midfield,Defensive Midfield,France,France,3,47,0,0,1082,LOSC Lille,168,1250000.0,900000.0,0.99,1.0,0.967,same_club
3740,Lucas Deaux,FRA,2015-16,Nantes,D M S,16,1182,0,0,0,2,4,0.212,0.212,0.316,2.904,2.641,3,0,57372,Lucas Deaux,1988-12-26,26.68,188.0,right,Midfield,Defensive Midfield,France,France,16,1184,0,0,995,FC Nantes,1407,3000000.0,2500000.0,0.999,1.0,0.998,same_club
3741,Paul Lasne,FRA,2015-16,Montpellier,M S,9,519,0,0,0,3,2,0.188,0.188,0.026,0.37,0.314,1,0,93726,Paul Lasne,1989-01-16,26.62,186.0,left,Midfield,Defensive Midfield,France,France,9,517,0,0,969,Montpellier HSC,517,1500000.0,1500000.0,0.999,1.0,0.996,same_club
3742,Jean Deza,FRA,2015-16,Montpellier,F M S,7,184,0,0,0,4,2,0.146,0.146,0.029,0.159,0.0,0,0,198027,Jean Deza,1993-06-09,22.23,180.0,right,Attack,Left Winger,Peru,Peru,7,189,0,0,969,Montpellier HSC,189,800000.0,600000.0,0.992,1.0,0.974,same_club
3743,Lucas Tousart,FRA,2015-16,Lyon,M,1,63,0,0,0,0,0,0.0,0.0,0.0,0.022,0.022,0,0,353948,Lucas Tousart,1997-04-29,18.34,184.0,right,Midfield,Central Midfield,France,France,1,61,0,0,1041,Olympique Lyon,61,400000.0,2000000.0,0.993,1.0,0.978,same_club
3744,Ludovic Butelle,FRA,2015-16,Angers,GK,19,1710,0,0,0,0,0,0.0,0.0,0.0,0.836,0.836,0,0,12029,Ludovic Butelle,1983-04-03,32.41,188.0,left,Goalkeeper,Goalkeeper,France,France,19,1710,0,0,1420,Angers SCO,2520,1000000.0,1500000.0,1.0,1.0,1.0,same_club
3746,Gaetan Laborde,FRA,2015-16,Bordeaux,S,1,11,0,0,0,1,0,0.056,0.056,0.0,0.056,0.0,0,0,181378,Gaëtan Laborde,1994-05-03,21.33,181.0,left,Attack,Centre-Forward,France,France,1,11,0,0,40,FC Girondins Bordeaux,83,500000.0,600000.0,1.0,1.0,1.0,same_club
3747,Boschilia,FRA,2015-16,Monaco,M S,5,139,0,0,0,2,2,0.527,0.527,0.067,0.784,0.216,0,0,288496,Boschilia,1996-03-05,19.49,173.0,left,Midfield,Attacking Midfield,Brazil,Brazil,5,144,0,0,162,AS Monaco,466,3000000.0,4000000.0,0.99,1.0,0.965,same_club
3748,Erin Pinheiro,FRA,2015-16,Saint-Etienne,S,2,17,0,0,0,1,0,0.012,0.012,0.0,0.012,0.0,0,0,395447,Erin Pinheiro,1997-07-15,18.13,190.0,right,Midfield,Central Midfield,Cape Verde,Cape Verde,2,19,0,0,618,AS Saint-Étienne,52,,150000.0,0.993,1.0,0.978,same_club
3751,Thomas Henry,FRA,2015-16,Nantes,S,2,25,0,0,0,0,0,0.0,0.0,0.0,0.0,0.0,1,0,412513,Thomas Henry,1994-09-20,20.95,191.0,right,Attack,Centre-Forward,France,France,2,26,0,0,995,FC Nantes,26,,50000.0,0.997,1.0,0.989,same_club
3753,Eddy Maanane,FRA,2015-16,Reims,S,1,14,0,0,0,0,0,0.0,0.0,0.0,0.0,0.0,0,0,241325,Edwin Maanane,1995-02-03,20.57,182.0,right,Attack,Centre-Forward,France,France,1,14,0,0,1421,Stade Reims,14,,50000.0,0.97,0.95,1.0,same_club
3754,Issiar Dia,FRA,2015-16,GFC Ajaccio,F S,11,351,0,0,0,6,3,0.343,0.343,0.121,0.618,0.208,0,0,43942,Issiar Dia,1987-06-08,28.23,173.0,right,Attack,Right Winger,Senegal,France,11,356,0,0,3558,GFC Ajaccio,356,2000000.0,1000000.0,0.996,1.0,0.986,same_club
3755,Lyes Houri,FRA,2015-16,SC Bastia,S,1,14,0,0,0,1,0,0.021,0.021,0.0,0.0,0.0,0,0,229007,Lyes Houri,1996-01-19,19.62,169.0,right,Midfield,Attacking Midfield,France,France,1,16,0,0,595,SC Bastia,16,400000.0,400000.0,0.993,1.0,0.978,same_club
3756,Jeremy Livolant,FRA,2015-16,Guingamp,S,1,7,0,0,0,0,1,0.0,0.0,0.044,0.044,0.0,0,0,324806,Jérémy Livolant,1998-01-09,17.64,175.0,right,Attack,Right Winger,France,France,1,7,0,0,855,EA Guingamp,7,,50000.0,1.0,1.0,1.0,same_club
3757,Jonathan Correia,FRA,2015-16,Nice,D S,4,231,0,0,0,0,1,0.0,0.0,0.353,0.773,0.773,1,0,290540,Jonathan Correia,1994-02-13,21.55,175.0,right,Midfield,Defensive Midfield,Monaco,Monaco,4,234,0,0,417,OGC Nice,234,,50000.0,0.996,1.0,0.987,same_club
3758,Ali Ahamada,FRA,2015-16,Toulouse,GK,6,540,0,0,0,0,0,0.0,0.0,0.0,0.0,0.0,0,0,126767,Ali Ahamada,1991-08-19,24.04,189.0,right,Goalkeeper,Goalkeeper,Comoros,France,6,540,0,0,415,FC Toulouse,1710,2000000.0,1500000.0,1.0,1.0,1.0,same_club
3759,Francois Clerc,FRA,2015-16,Saint-Etienne,D M,10,872,0,0,1,4,5,0.101,0.101,0.818,2.184,1.954,0,0,12134,François Clerc,1983-04-18,32.37,186.0,right,Defender,Right-Back,France,France,10,871,0,1,618,AS Saint-Étienne,1399,1500000.0,1000000.0,1.0,1.0,0.999,same_club
3762,Yaw Yeboah,FRA,2015-16,Lille,F S,3,102,0,0,0,0,2,0.0,0.0,0.083,0.087,0.059,0,0,358985,Yaw Yeboah,1997-03-28,18.43,175.0,left,Attack,Right Winger,Ghana,Ghana,3,103,0,0,1082,LOSC Lille,103,,300000.0,0.997,1.0,0.99,same_club
3766,Kevin Soni,FRA,2015-16,Bordeaux,M S,2,89,0,0,0,1,0,0.019,0.019,0.0,0.019,0.0,0,0,353959,Kévin Soni,1998-04-17,17.37,183.0,left,Attack,Centre-Forward,Cameroon,Cameroon,2,88,0,0,40,FC Girondins Bordeaux,114,150000.0,250000.0,0.997,1.0,0.989,same_club
3767,Ilias Hassani,FRA,2015-16,Bordeaux,S,1,15,0,0,0,0,0,0.0,0.0,0.0,0.0,0.0,0,0,270410,Ilias Hassani,1995-11-08,19.81,186.0,right,Defender,Centre-Back,Algeria,France,1,15,0,0,40,FC Girondins Bordeaux,15,,100000.0,1.0,1.0,1.0,same_club
3770,Quentin Cornette,FRA,2015-16,Montpellier,M S,5,142,0,0,0,4,1,0.212,0.212,0.039,0.105,0.015,1,0,238630,Quentin Cornette,1994-01-17,21.62,172.0,right,Attack,Right Winger,France,France,5,145,0,0,969,Montpellier HSC,145,150000.0,300000.0,0.994,1.0,0.979,same_club
3771,Julien Begue,FRA,2015-16,Guingamp,S,3,38,0,0,1,2,1,0.623,0.623,0.876,0.069,0.042,1,0,301841,Julien Begue,1993-08-08,22.06,168.0,right,Attack,Centre-Forward,France,Réunion,3,43,0,1,855,EA Guingamp,43,150000.0,300000.0,0.983,1.0,0.944,same_club
3773,Nolan Mbemba,FRA,2015-16,Lille,M,1,67,0,0,0,0,0,0.0,0.0,0.0,0.045,0.045,0,0,276768,Nolan Mbemba,1995-02-19,20.53,181.0,right,Midfield,Defensive Midfield,Congo,France,1,66,0,0,1082,LOSC Lille,66,500000.0,500000.0,0.997,1.0,0.989,same_club
3774,Alexis Araujo,FRA,2015-16,Lille,S,1,2,0,0,0,0,1,0.0,0.0,0.031,0.031,0.0,0,0,277268,Alexis Araujo,1996-11-07,18.81,159.0,both,Midfield,Attacking Midfield,Portugal,France,1,3,0,0,1082,LOSC Lille,3,,150000.0,0.997,1.0,0.989,same_club
3776,Diego Gomez,FRA,2015-16,Angers,S,1,23,0,0,0,1,0,0.017,0.017,0.0,0.017,0.0,0,0,45082,Diego Gómez,1984-01-05,31.66,164.0,right,Midfield,Attacking Midfield,Argentina,Argentina,1,25,0,0,1420,Angers SCO,25,200000.0,200000.0,0.993,1.0,0.978,same_club
3778,Albert Rafetraniaina,FRA,2015-16,Nice,S,1,1,0,0,0,0,0,0.0,0.0,0.0,0.0,0.0,1,0,236783,Albert Rafetraniaina,1996-09-09,18.98,176.0,right,Midfield,Defensive Midfield,Madagascar,Madagascar,1,3,0,0,417,OGC Nice,3,1000000.0,1000000.0,0.993,1.0,0.978,same_club
3783,Youssef Benali,FRA,2015-16,Toulouse,S,1,12,0,0,0,0,0,0.0,0.0,0.0,0.0,0.0,0,0,182813,Youssef Ben Ali,1995-02-04,20.57,168.0,right,Attack,Right Winger,Morocco,France,1,13,0,0,415,FC Toulouse,13,,150000.0,0.852,0.759,0.989,same_club
3787,Mouhamadou Habib Habibou,FRA,2015-16,Rennes,S,1,5,0,0,0,0,0,0.0,0.0,0.0,0.0,0.0,0,0,41261,Habib Habibou,1987-04-16,28.38,192.0,right,Missing,,Central African Republic,Central African Republic,1,7,0,0,273,Stade Rennais FC,648,1500000.0,2000000.0,0.963,0.95,0.978,same_club
3791,Ryan Mendes,FRA,2015-16,Lille,S,3,84,0,0,0,1,1,0.012,0.012,0.072,0.085,0.0,0,0,111627,Ryan Mendes,1990-01-08,25.65,178.0,right,Attack,Left Winger,Cape Verde,Cape Verde,3,83,0,0,1082,LOSC Lille,83,1500000.0,1500000.0,0.997,1.0,0.989,same_club
3799,Wesley Said,FRA,2015-16,Rennes,S,1,8,0,0,0,0,1,0.0,0.0,0.087,0.104,0.018,0,0,182916,Wesley Saïd,1995-04-19,20.37,171.0,right,Attack,Second Striker,France,France,1,9,0,0,273,Stade Rennais FC,9,1000000.0,1000000.0,0.997,1.0,0.989,same_club
3800,Steve Mounie,FRA,2015-16,Montpellier,S,2,35,0,0,0,0,1,0.0,0.0,0.013,0.041,0.041,0,0,238639,Steve Mounié,1994-09-29,20.92,189.0,right,Attack,Centre-Forward,Benin,Benin,2,36,0,0,969,Montpellier HSC,36,150000.0,600000.0,0.997,1.0,0.989,same_club
3804,Olivier Veigneau,FRA,2015-16,Nantes,D,2,169,0,0,0,0,2,0.0,0.0,0.073,0.167,0.136,0,0,31773,Olivier Veigneau,1985-07-16,30.13,176.0,left,Defender,Left-Back,France,France,2,169,0,0,995,FC Nantes,2721,1500000.0,1500000.0,1.0,1.0,1.0,same_club
3805,Simon Pouplin,FRA,2015-16,Nice,GK,1,36,0,0,0,0,0,0.0,0.0,0.0,0.0,0.0,0,0,24105,Simon Pouplin,1985-05-28,30.26,,,Goalkeeper,Goalkeeper,France,France,1,37,0,0,417,OGC Nice,37,800000.0,500000.0,0.997,1.0,0.989,same_club
3809,Grégory Sertic,FRA,2015-16,Bordeaux,D,1,24,0,0,0,0,0,0.0,0.0,0.0,0.0,0.0,0,0,81386,Grégory Sertic,1989-08-05,26.07,183.0,right,Midfield,Defensive Midfield,France,France,1,25,0,0,40,FC Girondins Bordeaux,141,5000000.0,4000000.0,0.997,1.0,0.989,same_club
6434,Franck Zambo,FRA,2015-16,Marseille,M S,9,279,0,0,0,4,2,0.237,0.237,0.12,1.384,1.049,0,0,354361,Frank Anguissa,1995-11-16,19.79,184.0,right,Midfield,Central Midfield,Cameroon,Cameroon,9,285,0,0,244,Olympique Marseille,375,,300000.0,,,,manual
