understat_player_id,player,league,season,team,position_understat,games,minutes,goals,non_penalty_goals,assists,shots,key_passes,xg,npxg,xa,xg_chain,xg_buildup,yellow_cards,red_cards,tm_player_id,tm_name,date_of_birth,age_on_sep_1,height_cm,foot,tm_position,tm_sub_position,citizenship,country_of_birth,tm_league_games,tm_league_minutes,tm_league_goals,tm_league_assists,tm_club_ids,tm_club_names,tm_all_competition_minutes,market_value_start_eur,market_value_end_eur,match_score,match_name_similarity,match_minutes_similarity,match_method
8260,Erling Haaland,EPL,2023-24,Manchester City,F S,31,2581,27,20,5,122,29,31.654,25.565,4.752,30.197,3.129,1,0,418560,Erling Haaland,2000-07-21,23.11,195.0,left,Attack,Centre-Forward,Norway,England,31,2558,27,4,281,Manchester City,3745,180000000.0,180000000.0,0.997,1.0,0.991,same_club
8497,Cole Palmer,EPL,2023-24,"Chelsea,Manchester City",F M S,34,2640,22,13,11,108,72,17.832,10.982,11.869,31.037,15.302,7,0,568177,Cole Palmer,2002-05-06,21.32,185.0,left,Midfield,Attacking Midfield,England,England,34,2628,22,11,"281,631","Manchester City,Chelsea FC",3182,18000000.0,80000000.0,0.999,1.0,0.995,same_club
5232,Alexander Isak,EPL,2023-24,Newcastle United,F S,30,2305,21,16,2,78,27,22.074,17.507,3.652,24.041,5.755,1,0,349066,Alexander Isak,1999-09-21,23.95,190.0,right,Attack,Centre-Forward,Sweden,Sweden,30,2266,21,2,762,Newcastle United,3001,70000000.0,75000000.0,0.995,1.0,0.983,same_club
1679,Dominic Solanke,EPL,2023-24,Bournemouth,F S,38,3346,19,17,3,109,39,21.407,19.123,3.544,22.588,4.08,3,0,258889,Dominic Solanke,1997-09-14,25.96,186.0,right,Attack,Centre-Forward,England,England,38,3333,19,3,989,AFC Bournemouth,3378,20000000.0,40000000.0,0.999,1.0,0.996,same_club
6055,Phil Foden,EPL,2023-24,Manchester City,F M S,35,2895,19,19,8,105,73,11.308,11.308,8.516,30.417,16.999,2,0,406635,Phil Foden,2000-05-28,23.26,171.0,left,Midfield,Attacking Midfield,England,England,35,2871,19,8,281,Manchester City,4259,110000000.0,150000000.0,0.998,1.0,0.992,same_club
8865,Ollie Watkins,EPL,2023-24,Aston Villa,F,37,3250,19,19,13,106,45,19.265,19.265,7.746,29.229,5.9,4,0,324358,Ollie Watkins,1995-12-30,27.67,180.0,right,Attack,Centre-Forward,England,England,37,3226,19,13,405,Aston Villa,3523,40000000.0,65000000.0,0.998,1.0,0.993,same_club
1250,Mohamed Salah,EPL,2023-24,Liverpool,F S,32,2556,18,13,10,114,66,21.941,16.613,12.332,31.875,8.364,2,0,148455,Mohamed Salah,1992-06-15,31.21,175.0,left,Attack,Right Winger,Egypt,Egypt,32,2536,18,10,31,Liverpool FC,3012,65000000.0,55000000.0,0.998,1.0,0.992,same_club
453,Son Heung-Min,EPL,2023-24,Tottenham,F M S,35,2989,17,15,10,85,69,12.979,11.456,13.341,30.116,10.446,1,0,91845,Heung-min Son,1992-07-08,31.15,183.0,both,Attack,Left Winger,"Korea, South","Korea, South",35,2948,17,10,148,Tottenham Hotspur,2948,50000000.0,45000000.0,0.996,1.0,0.986,same_club
1776,Jarrod Bowen,EPL,2023-24,West Ham,F M,34,3026,16,16,6,85,32,13.499,13.499,6.438,17.769,2.457,2,0,314875,Jarrod Bowen,1996-12-20,26.7,176.0,left,Attack,Right Winger,England,England,34,3022,16,6,379,West Ham United,3752,38000000.0,50000000.0,1.0,1.0,0.999,same_club
5735,Jean-Philippe Mateta,EPL,2023-24,Crystal Palace,F S,35,2303,16,14,5,46,32,12.291,10.768,3.527,15.486,2.852,3,0,420002,Jean-Philippe Mateta,1997-06-28,26.18,192.0,right,Attack,Centre-Forward,France,France,35,2285,16,5,873,Crystal Palace,2484,7000000.0,20000000.0,0.998,1.0,0.992,same_club
7322,Bukayo Saka,EPL,2023-24,Arsenal,F,35,2990,16,10,8,107,89,16.807,12.24,11.326,30.358,13.229,4,0,433177,Bukayo Saka,2001-09-05,21.99,178.0,left,Attack,Right Winger,England,England,35,2936,16,9,11,Arsenal FC,3841,120000000.0,140000000.0,0.995,1.0,0.982,same_club
4456,Chris Wood,EPL,2023-24,Nottingham Forest,F S,31,1797,14,14,1,48,22,13.364,13.364,1.987,15.345,0.916,0,0,108725,Chris Wood,1991-12-07,31.73,191.0,right,Attack,Centre-Forward,New Zealand,New Zealand,31,1807,14,1,703,Nottingham Forest,2107,8000000.0,7000000.0,0.998,1.0,0.994,same_club
10048,Nicolas Jackson,EPL,2023-24,Chelsea,F M S,35,2818,14,14,5,80,36,19.861,19.861,5.284,27.917,7.27,10,0,776890,Nicolas Jackson,2001-06-20,22.2,187.0,right,Attack,Centre-Forward,Senegal,The Gambia,35,2810,14,5,631,Chelsea FC,3167,30000000.0,35000000.0,0.999,1.0,0.997,same_club
5220,Kai Havertz,EPL,2023-24,Arsenal,F M S,37,2651,13,12,7,69,45,13.466,12.705,5.814,24.79,9.346,11,0,309400,Kai Havertz,1999-06-11,24.22,193.0,left,Attack,Centre-Forward,Germany,Germany,37,2640,13,7,11,Arsenal FC,3647,55000000.0,70000000.0,0.999,1.0,0.996,same_club
5786,Yoane Wissa,EPL,2023-24,Brentford,F S,34,2556,12,12,3,67,29,11.17,11.17,3.829,16.368,4.588,7,0,388165,Yoane Wissa,1996-09-03,26.99,176.0,right,Attack,Centre-Forward,DR Congo,France,34,2508,12,3,1148,Brentford FC,2525,18000000.0,28000000.0,0.994,1.0,0.981,same_club
7080,Matheus Cunha,EPL,2023-24,Wolverhampton Wanderers,F M S,32,2499,12,11,7,73,28,10.229,9.468,3.92,12.985,2.337,8,0,517894,Matheus Cunha,1999-05-27,24.27,183.0,right,Attack,Centre-Forward,Brazil,Brazil,32,2454,12,7,543,Wolverhampton Wanderers,2743,25000000.0,45000000.0,0.995,1.0,0.982,same_club
7698,Leandro Trossard,EPL,2023-24,Arsenal,F M S,34,1649,12,12,1,60,24,9.576,9.576,3.252,16.976,5.503,2,0,144028,Leandro Trossard,1994-12-04,28.74,172.0,right,Attack,Left Winger,Belgium,Belgium,34,1646,12,1,11,Arsenal FC,2197,35000000.0,35000000.0,0.999,1.0,0.998,same_club
8845,Hee-Chan Hwang,EPL,2023-24,Wolverhampton Wanderers,F M S,29,2154,12,11,3,45,17,8.682,7.921,3.14,12.024,2.624,6,0,292246,Hee-chan Hwang,1996-01-26,27.6,177.0,right,Attack,Centre-Forward,"Korea, South","Korea, South",29,2124,12,3,543,Wolverhampton Wanderers,2208,12000000.0,25000000.0,0.996,1.0,0.986,same_club
6026,Richarlison,EPL,2023-24,Tottenham,F M S,28,1511,11,11,4,61,15,9.619,9.619,1.968,12.735,2.289,3,0,378710,Richarlison,1997-05-10,26.31,184.0,right,Attack,Centre-Forward,Brazil,Brazil,28,1492,11,4,148,Tottenham Hotspur,1665,48000000.0,38000000.0,0.996,1.0,0.987,same_club
8150,Anthony Gordon,EPL,2023-24,Newcastle United,F M S,35,2956,11,10,10,81,56,11.294,10.533,8.833,26.57,11.442,10,1,503733,Anthony Gordon,2001-02-24,22.52,183.0,right,Attack,Left Winger,England,England,35,2906,11,10,762,Newcastle United,3737,38000000.0,60000000.0,0.995,1.0,0.983,same_club
8706,Eberechi Eze,EPL,2023-24,Crystal Palace,F M S,27,2097,11,10,4,83,54,9.373,8.612,6.845,16.382,6.348,3,0,479999,Eberechi Eze,1998-06-29,25.17,178.0,right,Midfield,Attacking Midfield,England,England,27,2066,11,4,873,Crystal Palace,2310,40000000.0,55000000.0,0.996,1.0,0.985,same_club
10720,Darwin Núñez,EPL,2023-24,Liverpool,F S,36,2037,11,11,8,108,33,19.188,18.427,5.95,25.079,5.313,9,0,546543,Darwin Núñez,1999-06-24,24.19,185.0,right,Attack,Centre-Forward,Uruguay,Uruguay,36,2045,11,8,31,Liverpool FC,2780,65000000.0,70000000.0,0.999,1.0,0.996,same_club
10846,Julián Álvarez,EPL,2023-24,Manchester City,F M S,36,2682,11,9,8,98,66,14.374,12.851,5.823,27.162,13.089,2,0,576024,Julián Alvarez,2000-01-31,23.58,170.0,right,Attack,Centre-Forward,Argentina,Argentina,36,2659,11,9,281,Manchester City,3407,60000000.0,90000000.0,0.997,1.0,0.991,same_club
11717,Carlton Morris,EPL,2023-24,Luton,F M S,38,2879,11,6,4,72,22,12.307,8.501,3.692,12.546,5.203,4,0,246963,Carlton Morris,1995-12-16,27.71,185.0,right,Attack,Centre-Forward,England,England,38,2868,11,4,1031,Luton Town,3214,6000000.0,13000000.0,0.999,1.0,0.996,same_club
1228,Bruno Fernandes,EPL,2023-24,Manchester United,F M,35,3121,10,6,8,95,113,10.746,6.94,13.159,22.693,12.647,9,0,240306,Bruno Fernandes,1994-09-08,28.98,183.0,right,Midfield,Attacking Midfield,Portugal,Portugal,35,3120,10,8,985,Manchester United,4260,75000000.0,70000000.0,1.0,1.0,1.0,same_club
5221,Leon Bailey,EPL,2023-24,Aston Villa,F M S,35,2112,10,10,9,53,51,6.466,6.466,10.299,17.99,6.671,5,0,387626,Leon Bailey,1997-08-09,26.06,178.0,left,Attack,Right Winger,Jamaica,Jamaica,35,2076,10,9,405,Aston Villa,2393,28000000.0,42000000.0,0.995,1.0,0.983,same_club
6854,Diogo Jota,EPL,2023-24,Liverpool,F S,21,1164,10,10,3,41,23,6.725,6.725,3.196,12.29,5.314,1,1,340950,Diogo Jota,1996-12-04,26.74,178.0,right,Attack,Left Winger,Portugal,Portugal,21,1151,10,3,31,Liverpool FC,1499,50000000.0,50000000.0,0.997,1.0,0.989,same_club
9948,Michael Olise,EPL,2023-24,Crystal Palace,F M S,19,1281,10,9,6,56,35,5.687,4.926,5.197,12.075,5.047,0,0,566723,Michael Olise,2001-12-12,21.72,180.0,left,Attack,Right Winger,France,England,19,1278,10,6,873,Crystal Palace,1278,38000000.0,55000000.0,0.999,1.0,0.998,same_club
11055,Rasmus Højlund,EPL,2023-24,Manchester United,F S,30,2210,10,10,2,38,28,9.339,9.339,1.779,11.463,2.95,2,0,610442,Rasmus Højlund,2003-02-04,20.57,191.0,left,Attack,Centre-Forward,Denmark,Denmark,30,2171,10,2,985,Manchester United,3047,45000000.0,65000000.0,0.995,1.0,0.982,same_club
11718,Elijah Adebayo,EPL,2023-24,Luton,F M S,27,1422,10,10,0,31,14,6.631,6.631,0.814,8.281,1.941,1,0,319900,Elijah Adebayo,1998-01-07,25.65,193.0,,Attack,Centre-Forward,England,England,27,1416,10,0,1031,Luton Town,1581,6000000.0,12000000.0,0.999,1.0,0.996,same_club
468,Callum Wilson,EPL,2023-24,Newcastle United,F S,20,963,9,7,1,35,8,10.125,8.602,0.934,10.548,1.861,3,0,123682,Callum Wilson,1992-02-27,31.51,180.0,right,Attack,Centre-Forward,England,England,20,985,9,1,762,Newcastle United,1222,16000000.0,13000000.0,0.993,1.0,0.978,same_club
6122,Douglas Luiz,EPL,2023-24,Aston Villa,M,35,3043,9,5,5,48,53,7.572,4.527,5.288,17.311,13.624,12,0,447661,Douglas Luiz,1998-05-09,25.31,177.0,right,Midfield,Central Midfield,Brazil,Brazil,35,3002,9,5,405,Aston Villa,3361,40000000.0,70000000.0,0.996,1.0,0.987,same_club
6552,Bryan Mbeumo,EPL,2023-24,Brentford,F S,25,1954,9,6,6,53,32,9.158,6.875,5.14,15.156,6.124,2,0,413039,Bryan Mbeumo,1999-08-07,24.07,171.0,left,Attack,Right Winger,Cameroon,France,25,1961,9,6,1148,Brentford FC,1961,35000000.0,40000000.0,0.999,1.0,0.996,same_club
8272,João Pedro,EPL,2023-24,Brighton,F M S,31,2026,9,5,3,75,37,11.919,8.113,5.422,17.548,7.59,2,0,626724,João Pedro,2001-09-26,21.93,186.0,right,Attack,Centre-Forward,Brazil,Brazil,31,2047,9,3,1237,Brighton & Hove Albion,2657,32000000.0,45000000.0,0.997,1.0,0.99,same_club
10717,Rodrigo Muniz,EPL,2023-24,Fulham,F S,26,1602,9,9,1,72,16,8.482,8.482,1.388,9.756,2.102,1,0,735571,Rodrigo Muniz,2001-05-04,22.33,186.0,right,Attack,Centre-Forward,Brazil,Brazil,26,1599,9,1,931,Fulham FC,1762,5000000.0,20000000.0,0.999,1.0,0.998,same_club
618,Raheem Sterling,EPL,2023-24,Chelsea,F M S,31,1987,8,8,4,51,30,8.574,8.574,4.971,19.29,8.898,7,0,134425,Raheem Sterling,1994-12-08,28.73,170.0,right,Attack,Right Winger,England,Jamaica,31,1983,8,4,631,Chelsea FC,2327,55000000.0,35000000.0,0.999,1.0,0.998,same_club
2496,Rodri,EPL,2023-24,Manchester City,M,34,2967,8,8,9,62,50,4.294,4.294,5.326,31.623,26.292,8,1,357565,Rodri,1996-06-22,27.19,190.0,right,Midfield,Defensive Midfield,Spain,Spain,34,2938,8,9,281,Manchester City,4327,90000000.0,120000000.0,0.997,1.0,0.99,same_club
2517,Martin Odegaard,EPL,2023-24,Arsenal,M,35,3117,8,6,10,77,102,7.67,6.148,11.577,29.815,18.138,2,0,316264,Martin Ødegaard,1998-12-17,24.71,178.0,left,Midfield,Attacking Midfield,Norway,Norway,35,3104,8,10,11,Arsenal FC,4035,90000000.0,110000000.0,0.927,0.88,0.996,same_club
6456,Callum Hudson-Odoi,EPL,2023-24,Nottingham Forest,F M S,29,1844,8,8,1,38,36,3.02,3.02,3.087,12.357,6.948,0,0,392768,Callum Hudson-Odoi,2000-11-07,22.81,178.0,right,Attack,Left Winger,England,England,29,1857,8,1,703,Nottingham Forest,2211,15000000.0,18000000.0,0.998,1.0,0.993,same_club
6691,Dejan Kulusevski,EPL,2023-24,Tottenham,F M S,36,2787,8,8,3,57,65,5.835,5.835,8.616,23.717,12.507,7,0,431755,Dejan Kulusevski,2000-04-25,23.35,186.0,left,Midfield,Attacking Midfield,Sweden,Sweden,36,2766,8,3,148,Tottenham Hotspur,2946,50000000.0,55000000.0,0.998,1.0,0.992,same_club
10408,Luis Díaz,EPL,2023-24,Liverpool,F S,37,2706,8,8,5,94,64,12.865,12.865,6.482,24.427,10.309,3,0,480692,Luis Díaz,1997-01-13,26.63,179.0,right,Attack,Left Winger,Colombia,Colombia,37,2646,8,5,31,Liverpool FC,3303,75000000.0,75000000.0,0.993,1.0,0.978,same_club
11296,Cody Gakpo,EPL,2023-24,Liverpool,F M S,35,1640,8,8,5,66,25,8.769,8.769,4.229,17.55,6.474,1,0,434675,Cody Gakpo,1999-05-07,24.32,193.0,right,Attack,Left Winger,Netherlands,Netherlands,35,1646,8,5,31,Liverpool FC,2564,55000000.0,50000000.0,0.999,1.0,0.996,same_club
11363,Antoine Semenyo,EPL,2023-24,Bournemouth,M S,33,2141,8,8,2,70,29,6.424,6.424,3.8,15.411,5.713,7,0,583255,Antoine Semenyo,2000-01-07,23.65,185.0,right,Attack,Right Winger,Ghana,England,33,2113,8,2,989,AFC Bournemouth,2209,9000000.0,10000000.0,0.996,1.0,0.987,same_club
12027,Mohammed Kudus,EPL,2023-24,West Ham,F M S,33,2490,8,8,6,66,28,5.177,5.177,3.509,11.517,4.337,6,0,543499,Mohammed Kudus,2000-08-02,23.08,177.0,left,Attack,Right Winger,Ghana,Ghana,33,2489,8,6,379,West Ham United,3546,40000000.0,50000000.0,1.0,1.0,1.0,same_club
556,Marcus Rashford,EPL,2023-24,Manchester United,F M S,33,2292,7,5,2,62,24,7.662,6.139,2.39,12.686,4.95,2,0,258923,Marcus Rashford,1997-10-31,25.83,185.0,right,Attack,Left Winger,England,England,33,2278,7,3,985,Manchester United,3032,80000000.0,60000000.0,0.998,1.0,0.994,same_club
843,James Ward-Prowse,EPL,2023-24,West Ham,M S,37,3025,7,5,7,44,64,5.639,4.117,8.108,11.992,7.065,4,0,181579,James Ward-Prowse,1994-11-01,28.83,177.0,right,Midfield,Central Midfield,England,England,37,3004,7,7,379,West Ham United,4055,38000000.0,30000000.0,0.998,1.0,0.993,same_club
1726,Abdoulaye Doucouré,EPL,2023-24,Everton,M,32,2678,7,7,1,47,33,10.204,10.204,2.553,13.337,5.225,7,0,127187,Abdoulaye Doucouré,1993-01-01,30.66,183.0,right,Midfield,Attacking Midfield,Mali,France,32,2642,7,2,29,Everton FC,2642,12000000.0,10000000.0,0.996,1.0,0.987,same_club
3697,Odsonne Edouard,EPL,2023-24,Crystal Palace,F M S,30,1534,7,7,0,51,18,7.87,7.87,1.036,8.317,2.136,4,0,344152,Odsonne Édouard,1998-01-16,25.62,187.0,right,Attack,Centre-Forward,France,French Guiana,30,1555,7,0,873,Crystal Palace,1632,15000000.0,18000000.0,0.996,1.0,0.986,same_club
4105,Raúl Jiménez,EPL,2023-24,Fulham,F S,24,1423,7,7,0,41,11,5.99,5.99,1.692,7.902,1.737,3,1,206040,Raúl Jiménez,1991-05-05,32.33,188.0,right,Attack,Centre-Forward,Mexico,Mexico,24,1402,7,0,931,Fulham FC,1511,6000000.0,5000000.0,0.996,1.0,0.985,same_club
5553,Declan Rice,EPL,2023-24,Arsenal,M S,38,3256,7,7,8,58,47,3.186,3.186,5.895,19.678,16.131,5,0,357662,Declan Rice,1999-01-14,24.63,188.0,right,Midfield,Central Midfield,England,England,38,3231,7,9,11,Arsenal FC,4241,90000000.0,120000000.0,0.998,1.0,0.992,same_club
5555,Dominic Calvert-Lewin,EPL,2023-24,Everton,F S,32,2234,7,5,2,73,19,13.627,12.105,3.068,11.615,1.835,2,0,306024,Dominic Calvert-Lewin,1997-03-16,26.46,189.0,right,Attack,Centre-Forward,England,England,32,2186,7,2,29,Everton FC,2429,25000000.0,22000000.0,0.994,1.0,0.979,same_club
5560,Scott McTominay,EPL,2023-24,Manchester United,F M S,32,1861,7,7,1,44,11,6.777,6.777,1.062,9.315,3.723,2,0,315969,Scott McTominay,1996-12-08,26.73,193.0,right,Midfield,Central Midfield,Scotland,England,32,1892,7,1,985,Manchester United,2775,25000000.0,32000000.0,0.995,1.0,0.984,same_club
6963,Justin Kluivert,EPL,2023-24,Bournemouth,M S,32,2029,7,7,1,56,21,7.297,7.297,1.669,11.757,4.572,5,0,330659,Justin Kluivert,1999-05-05,24.33,173.0,both,Midfield,Attacking Midfield,Netherlands,Netherlands,32,1935,7,1,989,AFC Bournemouth,2032,14000000.0,14000000.0,0.986,1.0,0.954,same_club
8288,Tomas Soucek,EPL,2023-24,West Ham,M S,37,2885,7,7,2,42,20,7.467,7.467,2.149,12.123,6.039,7,0,283628,Tomáš Souček,1995-02-27,28.51,192.0,right,Midfield,Defensive Midfield,Czech Republic,Czech Republic,37,2874,7,2,379,West Ham United,3816,35000000.0,30000000.0,0.999,1.0,0.996,same_club
8327,Bruno Guimarães,EPL,2023-24,Newcastle United,M,37,3292,7,7,8,48,62,4.978,4.978,7.889,23.881,18.57,8,0,520624,Bruno Guimarães,1997-11-16,25.79,182.0,right,Midfield,Central Midfield,Brazil,Brazil,37,3269,7,8,762,Newcastle United,4274,70000000.0,85000000.0,0.998,1.0,0.993,same_club
10552,Alejandro Garnacho,EPL,2023-24,Manchester United,M S,36,2601,7,7,4,100,46,9.865,9.865,5.915,18.37,5.97,4,0,811779,Alejandro Garnacho,2004-07-01,19.17,180.0,right,Attack,Left Winger,Argentina,Spain,36,2576,7,4,985,Manchester United,3419,25000000.0,45000000.0,0.997,1.0,0.99,same_club
531,Michail Antonio,EPL,2023-24,West Ham,F S,26,1775,6,6,2,30,9,6.026,6.026,1.559,8.234,2.525,6,0,104124,Michail Antonio,1990-03-28,33.43,180.0,right,Attack,Centre-Forward,Jamaica,England,26,1711,6,2,379,West Ham United,2032,7000000.0,4000000.0,0.989,1.0,0.964,same_club
1736,Oliver McBurnie,EPL,2023-24,Sheffield United,F S,21,1290,6,4,3,33,12,7.43,5.907,2.192,6.993,2.892,3,2,298477,Oli McBurnie,1996-06-04,27.24,188.0,right,Attack,Centre-Forward,Scotland,England,21,1285,6,3,350,Sheffield United,1312,5000000.0,4500000.0,0.969,0.95,0.996,same_club
3621,Neal Maupay,EPL,2023-24,"Brentford,Everton",F S,31,1381,6,6,3,42,16,7.23,7.23,2.383,11.593,3.028,8,0,217115,Neal Maupay,1996-08-14,27.05,171.0,right,Attack,Centre-Forward,France,France,31,1424,6,3,"29,1148","Everton FC,Brentford FC",1634,10000000.0,12000000.0,0.991,1.0,0.97,same_club
3635,Bernardo Silva,EPL,2023-24,Manchester City,M S,33,2599,6,6,9,34,65,4.097,4.097,8.529,24.372,15.577,8,0,241641,Bernardo Silva,1994-08-10,29.06,173.0,left,Midfield,Attacking Midfield,Portugal,Portugal,33,2582,6,9,281,Manchester City,3798,80000000.0,70000000.0,0.998,1.0,0.993,same_club
5355,Jacob Bruun Larsen,EPL,2023-24,Burnley,F M S,32,1272,6,5,0,44,25,5.294,4.533,1.455,7.314,2.519,1,0,293281,Jacob Bruun Larsen,1998-09-19,24.95,183.0,right,Attack,Left Winger,Denmark,Denmark,32,1247,6,0,1132,Burnley FC,1292,3000000.0,8000000.0,0.994,1.0,0.98,same_club
6556,Moussa Diaby,EPL,2023-24,Aston Villa,F M S,38,2233,6,6,8,54,46,6.458,6.458,8.621,17.953,6.211,1,0,395516,Moussa Diaby,1999-07-07,24.15,170.0,left,Attack,Right Winger,France,France,38,2186,6,8,405,Aston Villa,2404,50000000.0,55000000.0,0.994,1.0,0.979,same_club
6827,Bobby Reid,EPL,2023-24,Fulham,F M S,33,1431,6,6,2,33,17,5.469,5.469,1.577,6.415,1.677,4,0,186186,Bobby De Cordova-Reid,1993-02-02,30.58,170.0,right,Midfield,Attacking Midfield,Jamaica,England,33,1423,6,2,931,Fulham FC,1584,7000000.0,5000000.0,0.968,0.95,0.994,same_club
7078,Sean Longstaff,EPL,2023-24,Newcastle United,M S,35,2748,6,6,2,41,20,7.077,7.077,3.019,17.236,9.954,7,0,346707,Sean Longstaff,1997-10-30,25.84,187.0,right,Midfield,Central Midfield,England,England,35,2747,6,2,762,Newcastle United,3491,25000000.0,25000000.0,1.0,1.0,1.0,same_club
7723,John McGinn,EPL,2023-24,Aston Villa,M,35,3053,6,6,4,40,45,4.672,4.672,5.627,20.781,13.845,9,1,193116,John McGinn,1994-10-18,28.87,178.0,left,Midfield,Central Midfield,Scotland,Scotland,35,3010,6,4,405,Aston Villa,3377,27000000.0,30000000.0,0.996,1.0,0.986,same_club
7752,Gabriel Martinelli,EPL,2023-24,Arsenal,F S,35,2056,6,6,4,58,46,7.12,7.12,5.323,16.809,6.638,1,0,655488,Gabriel Martinelli,2001-06-18,22.2,178.0,right,Attack,Left Winger,Brazil,Brazil,35,2029,6,4,11,Arsenal FC,2616,80000000.0,70000000.0,0.996,1.0,0.987,same_club
7814,Taiwo Awoniyi,EPL,2023-24,Nottingham Forest,F S,20,1066,6,6,3,22,10,5.061,5.061,1.629,6.061,1.55,2,0,295313,Taiwo Awoniyi,1997-08-12,26.05,183.0,right,Attack,Centre-Forward,Nigeria,Nigeria,20,1046,6,3,703,Nottingham Forest,1282,25000000.0,28000000.0,0.994,1.0,0.981,same_club
10177,Evan Ferguson,EPL,2023-24,Brighton,F S,27,1364,6,6,0,33,6,3.966,3.966,0.651,6.869,2.484,1,0,648046,Evan Ferguson,2004-10-19,18.87,188.0,right,Attack,Centre-Forward,Ireland,Ireland,27,1365,6,0,1237,Brighton & Hove Albion,1721,30000000.0,50000000.0,1.0,1.0,0.999,same_club
11710,Simon Adingra,EPL,2023-24,Brighton,D F M S,31,2256,6,6,1,52,33,5.097,5.097,3.302,13.104,6.308,3,0,658536,Simon Adingra,2002-01-01,21.66,175.0,right,Attack,Left Winger,Cote d'Ivoire,Cote d'Ivoire,31,2232,6,1,1237,Brighton & Hove Albion,2943,10000000.0,30000000.0,0.997,1.0,0.989,same_club
11815,Ben Brereton Díaz,EPL,2023-24,Sheffield United,F M,14,1134,6,5,1,35,8,6.061,5.299,1.643,7.23,1.546,3,0,426192,Ben Brereton Díaz,1999-04-18,24.37,185.0,right,Attack,Centre-Forward,Chile,England,14,1110,6,1,350,Sheffield United,1760,16000000.0,8000000.0,0.994,1.0,0.979,same_club
11815,Ben Brereton Díaz,EPL,2023-24,Sheffield United,F M,14,1134,6,5,1,35,8,6.061,5.299,1.643,7.23,1.546,3,0,426192,Ben Brereton Díaz,1999-04-18,24.37,185.0,right,Attack,Centre-Forward,Chile,England,14,1110,6,1,350,Sheffield United,1760,16000000.0,8000000.0,0.967,1.0,0.888,same_club
500,Alex Iwobi,EPL,2023-24,"Everton,Fulham",M S,32,2398,5,5,2,55,52,5.662,5.662,4.811,16.545,8.542,2,0,242631,Alex Iwobi,1996-05-03,27.33,183.0,right,Attack,Left Winger,Nigeria,Nigeria,32,2346,5,2,"29,931","Everton FC,Fulham FC",2358,28000000.0,25000000.0,0.993,1.0,0.978,same_club
501,Danny Welbeck,EPL,2023-24,Brighton,F M S,29,1723,5,5,1,40,22,6.242,6.242,2.188,13.547,7.475,4,0,67063,Danny Welbeck,1990-11-26,32.76,185.0,right,Attack,Centre-Forward,England,England,29,1703,5,1,1237,Brighton & Hove Albion,2066,7000000.0,5000000.0,0.997,1.0,0.988,same_club
592,Ross Barkley,EPL,2023-24,Luton,M S,32,2627,5,5,4,66,43,4.483,4.483,4.824,11.164,5.912,6,0,131978,Ross Barkley,1993-12-05,29.74,189.0,right,Midfield,Central Midfield,England,England,32,2622,5,4,1031,Luton Town,2968,6000000.0,8000000.0,0.999,1.0,0.998,same_club
6482,Eddie Nketiah,EPL,2023-24,Arsenal,F S,27,1036,5,5,2,38,9,5.057,5.057,1.21,5.851,0.991,3,0,340324,Eddie Nketiah,1999-05-30,24.26,175.0,right,Attack,Centre-Forward,England,England,27,1072,5,2,11,Arsenal FC,1226,25000000.0,30000000.0,0.99,1.0,0.966,same_club
6681,Harvey Barnes,EPL,2023-24,Newcastle United,F M S,21,738,5,5,3,27,13,3.468,3.468,4.211,9.08,2.55,3,0,398065,Harvey Barnes,1997-12-09,25.73,182.0,right,Attack,Left Winger,England,England,21,794,5,3,762,Newcastle United,943,35000000.0,35000000.0,0.979,1.0,0.929,same_club
6857,Morgan Gibbs-White,EPL,2023-24,Nottingham Forest,F M S,37,3177,5,4,10,71,74,6.07,5.308,9.522,18.273,9.269,9,0,429014,Morgan Gibbs-White,2000-01-27,23.59,171.0,right,Midfield,Attacking Midfield,England,England,37,3162,5,10,703,Nottingham Forest,3507,40000000.0,40000000.0,0.999,1.0,0.995,same_club
7218,Cristian Romero,EPL,2023-24,Tottenham,D,33,2796,5,5,0,24,7,3.985,3.985,0.342,17.812,16.454,7,1,355915,Cristian Romero,1998-04-27,25.35,185.0,right,Defender,Centre-Back,Argentina,Argentina,33,2792,5,0,148,Tottenham Hotspur,2882,60000000.0,60000000.0,1.0,1.0,0.999,same_club
7498,Lyle Foster,EPL,2023-24,Burnley,F M S,24,1938,5,5,3,34,19,5.608,5.608,1.499,8.676,2.612,0,1,467623,Lyle Foster,2000-09-03,22.99,185.0,right,Attack,Centre-Forward,South Africa,South Africa,24,1909,5,3,1132,Burnley FC,1954,9000000.0,13000000.0,0.996,1.0,0.985,same_club
8379,Alexis Mac Allister,EPL,2023-24,Liverpool,M S,33,2661,5,4,5,44,47,3.999,3.238,3.578,22.714,18.187,7,1,534033,Alexis Mac Allister,1998-12-24,24.69,176.0,right,Midfield,Central Midfield,Argentina,Argentina,33,2612,5,5,31,Liverpool FC,3228,65000000.0,75000000.0,0.994,1.0,0.982,same_club
9040,Conor Gallagher,EPL,2023-24,Chelsea,M,37,3171,5,5,7,48,52,4.718,4.718,5.793,25.909,18.712,7,1,488362,Conor Gallagher,2000-02-06,23.57,182.0,right,Midfield,Central Midfield,England,England,37,3136,5,7,631,Chelsea FC,3539,32000000.0,50000000.0,0.997,1.0,0.989,same_club
9524,Anthony Elanga,EPL,2023-24,Nottingham Forest,F M S,36,2430,5,5,9,54,33,6.773,6.773,7.091,17.626,5.616,1,0,583189,Anthony Elanga,2002-04-27,21.35,178.0,right,Attack,Right Winger,Sweden,Sweden,36,2434,5,9,703,Nottingham Forest,2599,18000000.0,22000000.0,1.0,1.0,0.998,same_club
10760,Brennan Johnson,EPL,2023-24,"Nottingham Forest,Tottenham",F M S,35,2350,5,5,10,53,46,12.17,12.17,7.638,21.617,3.085,3,0,470607,Brennan Johnson,2001-05-23,22.28,186.0,right,Attack,Right Winger,Wales,England,35,2333,5,10,"148,703","Tottenham Hotspur,Nottingham Forest",2488,38000000.0,48000000.0,0.998,1.0,0.993,same_club
11305,Mykhailo Mudryk,EPL,2023-24,Chelsea,F M S,31,1563,5,5,2,35,32,5.111,5.111,3.885,10.991,4.357,5,0,537860,Mykhaylo Mudryk,2001-01-05,22.65,175.0,right,Attack,Left Winger,Ukraine,Ukraine,31,1579,5,2,631,Chelsea FC,1832,50000000.0,35000000.0,0.967,0.95,0.99,same_club
11357,Noni Madueke,EPL,2023-24,Chelsea,M S,23,1066,5,4,2,32,20,3.004,2.242,2.161,7.781,4.741,2,0,503987,Noni Madueke,2002-03-10,21.48,182.0,left,Attack,Right Winger,England,England,23,1053,5,2,631,Chelsea FC,1378,30000000.0,28000000.0,0.996,1.0,0.988,same_club
11366,Jhon Durán,EPL,2023-24,Aston Villa,F S,23,394,5,5,0,20,4,1.949,1.949,0.215,3.182,1.117,5,0,649317,Jhon Durán,2003-12-13,19.72,185.0,left,Attack,Centre-Forward,Colombia,Colombia,23,462,5,0,405,Aston Villa,615,12000000.0,20000000.0,0.956,1.0,0.853,same_club
11701,Zeki Amdouni,EPL,2023-24,Burnley,F M S,34,2025,5,4,1,49,16,6.1,5.339,1.495,7.888,2.689,2,0,548729,Zeki Amdouni,2000-12-04,22.74,183.0,right,Attack,Centre-Forward,Switzerland,Switzerland,34,1973,5,1,1132,Burnley FC,2063,10000000.0,12000000.0,0.992,1.0,0.974,same_club
76,Fabian Schär,EPL,2023-24,Newcastle United,D S,36,3057,4,4,1,35,9,2.68,2.68,1.225,13.9,13.216,5,0,135343,Fabian Schär,1991-12-20,31.7,186.0,right,Defender,Centre-Back,Switzerland,Switzerland,36,3056,4,1,762,Newcastle United,3986,10000000.0,10000000.0,1.0,1.0,1.0,same_club
239,Pascal Groß,EPL,2023-24,Brighton,D M S,36,3107,4,3,10,55,101,6.079,5.317,8.45,23.866,17.946,6,0,82873,Pascal Groß,1991-06-15,32.21,181.0,right,Midfield,Central Midfield,Germany,Germany,36,3114,4,10,1237,Brighton & Hove Albion,4104,8000000.0,8000000.0,0.999,1.0,0.998,same_club
447,Kevin De Bruyne,EPL,2023-24,Manchester City,M S,18,1233,4,4,10,44,58,2.579,2.579,11.979,15.636,7.777,2,0,88755,Kevin De Bruyne,1991-06-28,32.18,181.0,right,Midfield,Attacking Midfield,Belgium,Belgium,18,1228,4,10,281,Manchester City,1750,70000000.0,50000000.0,0.999,1.0,0.996,same_club
668,Idrissa Gueye,EPL,2023-24,Everton,M S,25,1930,4,4,0,26,15,1.662,1.662,1.035,7.904,5.928,8,0,126665,Idrissa Gueye,1989-09-26,33.93,174.0,right,Midfield,Defensive Midfield,Senegal,Senegal,25,1893,4,0,29,Everton FC,1916,5000000.0,3000000.0,0.994,1.0,0.981,same_club
672,Jordan Ayew,EPL,2023-24,Crystal Palace,F M S,35,2563,4,4,7,48,25,4.262,4.262,4.959,10.702,5.52,7,1,108354,Jordan Ayew,1991-09-11,31.97,182.0,right,Attack,Centre-Forward,Ghana,France,35,2551,4,7,873,Crystal Palace,2624,5000000.0,4000000.0,0.999,1.0,0.995,same_club
700,Willian,EPL,2023-24,Fulham,F M S,31,2080,4,2,2,45,45,5.018,3.495,4.145,13.592,9.297,1,0,52769,Willian,1988-08-09,35.06,175.0,right,Attack,Left Winger,Brazil,Brazil,31,2056,4,2,931,Fulham FC,2117,3000000.0,3000000.0,0.997,1.0,0.988,same_club
998,Ivan Toney,EPL,2023-24,Brentford,F S,17,1447,4,4,2,51,13,7.133,7.133,2.186,7.65,1.106,5,0,251664,Ivan Toney,1996-03-16,27.46,185.0,right,Attack,Centre-Forward,England,England,17,1449,4,2,1148,Brentford FC,1449,35000000.0,50000000.0,1.0,1.0,0.999,same_club
1299,Mario Lemina,EPL,2023-24,Wolverhampton Wanderers,M S,35,3002,4,4,1,48,20,4.611,4.611,1.787,8.972,6.05,10,1,170934,Mario Lemina,1993-09-01,30.0,184.0,right,Midfield,Defensive Midfield,Gabon,Gabon,35,2975,4,1,543,Wolverhampton Wanderers,3306,10000000.0,10000000.0,0.997,1.0,0.991,same_club
2199,Pablo Sarabia,EPL,2023-24,Wolverhampton Wanderers,F M S,30,1763,4,2,7,46,52,5.981,4.459,6.066,10.233,3.583,5,0,74230,Pablo Sarabia,1992-05-11,31.31,174.0,left,Midfield,Attacking Midfield,Spain,Spain,30,1751,4,7,543,Wolverhampton Wanderers,2079,14000000.0,10000000.0,0.998,1.0,0.993,same_club
5543,Gabriel Jesus,EPL,2023-24,Arsenal,F S,27,1496,4,4,5,55,28,7.292,7.292,4.235,15.055,5.21,6,0,363205,Gabriel Jesus,1997-04-03,26.41,175.0,right,Attack,Centre-Forward,Brazil,Brazil,27,1483,4,5,11,Arsenal FC,1888,75000000.0,65000000.0,0.997,1.0,0.991,same_club
5596,Harry Wilson,EPL,2023-24,Fulham,F M S,35,1576,4,4,6,39,22,2.82,2.82,3.151,7.546,3.509,6,0,279455,Harry Wilson,1997-03-22,26.44,173.0,left,Attack,Right Winger,Wales,Wales,35,1614,4,6,931,Fulham FC,1820,16000000.0,17000000.0,0.993,1.0,0.976,same_club
6818,James Maddison,EPL,2023-24,Tottenham,M S,28,2206,4,4,9,57,66,6.298,6.298,7.142,20.873,12.041,5,0,294057,James Maddison,1996-11-23,26.77,175.0,right,Midfield,Attacking Midfield,England,England,28,2154,4,9,148,Tottenham Hotspur,2171,60000000.0,70000000.0,0.993,1.0,0.976,same_club
7298,Ben White,EPL,2023-24,Arsenal,D S,37,3024,4,4,4,13,38,2.016,2.016,4.759,20.149,17.29,8,0,335721,Ben White,1997-10-08,25.9,186.0,right,Defender,Right-Back,England,England,37,2995,4,4,11,Arsenal FC,3927,55000000.0,55000000.0,0.997,1.0,0.99,same_club
7365,Lucas Paquetá,EPL,2023-24,West Ham,F M,31,2676,4,2,6,42,41,4.605,3.083,5.833,13.32,7.106,10,0,444523,Lucas Paquetá,1997-08-27,26.01,183.0,left,Midfield,Attacking Midfield,Brazil,Brazil,31,2639,4,6,379,West Ham United,3385,45000000.0,65000000.0,0.996,1.0,0.986,same_club
7439,Tahith Chong,EPL,2023-24,Luton,D F M S,33,1978,4,4,0,30,9,3.519,3.519,0.438,5.898,3.575,4,0,344830,Tahith Chong,1999-12-04,23.74,185.0,left,Midfield,Attacking Midfield,Curacao,Curacao,33,1987,4,0,1031,Luton Town,2242,3200000.0,6000000.0,0.999,1.0,0.995,same_club
8323,Josh Brownhill,EPL,2023-24,Burnley,M S,33,2229,4,4,2,28,34,1.831,1.831,1.827,6.496,4.306,4,1,293569,Josh Brownhill,1995-12-19,27.7,179.0,right,Midfield,Central Midfield,England,England,33,2252,4,2,1132,Burnley FC,2284,18000000.0,15000000.0,0.997,1.0,0.99,same_club
9790,Josko Gvardiol,EPL,2023-24,Manchester City,D S,28,2335,4,4,1,32,19,3.082,3.082,2.116,18.245,14.995,3,0,475959,Josko Gvardiol,2002-01-23,21.6,185.0,left,Defender,Centre-Back,Croatia,Croatia,28,2329,4,2,281,Manchester City,3389,75000000.0,75000000.0,0.999,1.0,0.997,same_club
9912,Cameron Archer,EPL,2023-24,"Aston Villa,Sheffield United",F M S,30,1870,4,4,1,41,24,5.785,5.785,2.984,9.175,1.595,2,0,533662,Cameron Archer,2001-12-09,21.73,175.0,right,Attack,Centre-Forward,England,England,30,1840,4,1,"350,405","Sheffield United,Aston Villa",2092,12000000.0,13000000.0,0.995,1.0,0.984,same_club
10715,João Palhinha,EPL,2023-24,Fulham,M S,33,2742,4,4,1,44,12,3.246,3.246,0.845,11.166,9.492,13,0,257455,João Palhinha,1995-07-09,28.15,190.0,right,Midfield,Defensive Midfield,Portugal,Portugal,33,2709,4,1,931,Fulham FC,2728,40000000.0,55000000.0,0.996,1.0,0.988,same_club
10864,Marcos Senesi,EPL,2023-24,Bournemouth,D S,31,2253,4,4,5,13,22,2.366,2.366,1.885,8.664,7.7,13,0,469781,Marcos Senesi,1997-05-10,26.31,184.0,left,Defender,Centre-Back,Argentina,Argentina,31,2247,4,5,989,AFC Bournemouth,2590,22000000.0,22000000.0,0.999,1.0,0.997,same_club
11295,David Datro Fofana,EPL,2023-24,Burnley,F S,15,876,4,4,1,19,8,4.029,4.029,1.494,4.77,0.416,1,0,787232,David Datro Fofana,2002-12-22,20.69,182.0,right,Attack,Centre-Forward,Cote d'Ivoire,Cote d'Ivoire,15,879,4,1,1132,Burnley FC,1855,10000000.0,12000000.0,0.999,1.0,0.997,same_club
11295,David Datro Fofana,EPL,2023-24,Burnley,F S,15,876,4,4,1,19,8,4.029,4.029,1.494,4.77,0.416,1,0,787232,David Datro Fofana,2002-12-22,20.69,182.0,right,Attack,Centre-Forward,Cote d'Ivoire,Cote d'Ivoire,15,879,4,1,1132,Burnley FC,1855,10000000.0,12000000.0,0.998,1.0,0.994,same_club
11719,Chiedozie Ogbene,EPL,2023-24,Luton,D F M S,30,1984,4,4,1,35,27,4.807,4.807,3.469,10.154,3.829,1,0,392591,Chiedozie Ogbene,1997-05-01,26.34,181.0,right,Attack,Right Winger,Ireland,Nigeria,30,1992,4,1,1031,Luton Town,2369,2000000.0,8000000.0,0.999,1.0,0.996,same_club
11839,Gustavo Hamer,EPL,2023-24,Sheffield United,F M S,36,2986,4,4,6,49,68,2.414,2.414,6.986,9.918,4.241,9,0,322985,Gustavo Hamer,1997-06-24,26.19,169.0,right,Midfield,Central Midfield,Netherlands,Brazil,36,2924,4,6,350,Sheffield United,3090,8000000.0,15000000.0,0.994,1.0,0.979,same_club
675,Jack Grealish,EPL,2023-24,Manchester City,M S,20,975,3,3,1,22,26,2.384,2.384,2.774,11.643,7.496,6,0,203460,Jack Grealish,1995-09-10,27.98,180.0,right,Attack,Left Winger,England,England,20,1001,3,1,281,Manchester City,2024,75000000.0,60000000.0,0.992,1.0,0.974,same_club
922,Andreas Pereira,EPL,2023-24,Fulham,M S,37,2756,3,3,7,52,83,5.156,5.156,6.918,15.477,7.726,7,0,203394,Andreas Pereira,1996-01-01,27.67,178.0,right,Midfield,Central Midfield,Brazil,Belgium,37,2639,3,7,931,Fulham FC,2786,18000000.0,20000000.0,0.987,1.0,0.958,same_club
935,Kurt Zouma,EPL,2023-24,West Ham,D S,33,2849,3,3,0,16,4,2.34,2.34,0.183,3.845,3.715,3,0,157509,Kurt Zouma,1994-10-27,28.85,190.0,right,Defender,Centre-Back,France,France,33,2839,3,0,379,West Ham United,3379,22000000.0,25000000.0,0.999,1.0,0.996,same_club
1688,Andrew Robertson,EPL,2023-24,Liverpool,D S,23,1684,3,3,2,12,62,2.433,2.433,6.655,15.878,10.362,2,0,234803,Andrew Robertson,1994-03-11,29.48,178.0,left,Defender,Left-Back,Scotland,Scotland,23,1692,3,2,31,Liverpool FC,2107,40000000.0,30000000.0,0.999,1.0,0.995,same_club
1791,Trent Alexander-Arnold,EPL,2023-24,Liverpool,D S,28,2190,3,3,4,47,64,2.745,2.745,8.362,19.358,14.501,6,0,314353,Trent Alexander-Arnold,1998-10-07,24.9,180.0,right,Defender,Right-Back,England,England,28,2163,3,4,31,Liverpool FC,2558,65000000.0,70000000.0,0.996,1.0,0.988,same_club
3288,Thiago Silva,EPL,2023-24,Chelsea,D S,31,2530,3,3,1,14,9,0.792,0.792,1.404,14.303,14.19,4,0,29241,Thiago Silva,1984-09-22,38.94,181.0,right,Defender,Centre-Back,Brazil,Brazil,31,2528,3,1,631,Chelsea FC,2746,2000000.0,1000000.0,1.0,1.0,0.999,same_club
3300,Christopher Nkunku,EPL,2023-24,Chelsea,F M S,11,416,3,3,0,16,3,2.412,2.412,0.228,4.838,2.729,0,0,344381,Christopher Nkunku,1997-11-14,25.8,177.0,right,Attack,Centre-Forward,France,France,11,439,3,0,631,Chelsea FC,442,80000000.0,65000000.0,0.984,1.0,0.948,same_club
5613,Gabriel,EPL,2023-24,Arsenal,D S,36,3050,3,3,0,31,3,4.025,4.025,0.875,13.232,12.333,4,0,435338,Gabriel,1997-12-19,25.7,190.0,left,Defender,Centre-Back,Brazil,Brazil,36,3044,4,0,11,Arsenal FC,4151,55000000.0,70000000.0,0.966,1.0,0.998,same_club
6048,Lewis Dunk,EPL,2023-24,Brighton,D,33,2895,3,3,1,34,13,2.965,2.965,1.17,13.593,13.53,7,1,148153,Lewis Dunk,1991-11-21,31.78,192.0,right,Defender,Centre-Back,England,England,33,2872,3,1,1237,Brighton & Hove Albion,3658,16000000.0,12000000.0,0.998,1.0,0.992,same_club
6049,Solly March,EPL,2023-24,Brighton,D M,7,571,3,3,1,14,7,2.72,2.72,0.991,4.907,2.401,1,0,209212,Solly March,1994-07-20,29.12,180.0,left,Attack,Right Winger,England,England,7,559,3,1,1237,Brighton & Hove Albion,726,22000000.0,18000000.0,0.994,1.0,0.979,same_club
6063,Jacob Murphy,EPL,2023-24,Newcastle United,D F M S,21,1216,3,3,7,30,31,2.898,2.898,5.226,11.552,4.935,1,0,199527,Jacob Murphy,1995-02-24,28.52,179.0,right,Attack,Right Winger,England,England,21,1193,3,7,762,Newcastle United,1507,15000000.0,15000000.0,0.994,1.0,0.981,same_club
6756,Dwight McNeil,EPL,2023-24,Everton,D M S,35,2914,3,3,6,57,69,3.641,3.641,10.325,14.694,5.355,2,0,584769,Dwight McNeil,1999-11-22,23.78,183.0,left,Attack,Left Winger,England,England,35,2898,3,6,29,Everton FC,3245,20000000.0,22000000.0,0.998,1.0,0.995,same_club
6912,Pedro Porro,EPL,2023-24,Tottenham,D,35,3101,3,3,7,53,52,2.835,2.835,7.285,20.236,15.794,3,0,553875,Pedro Porro,1999-09-13,23.97,173.0,right,Defender,Right-Back,Spain,Spain,35,3093,3,7,148,Tottenham Hotspur,3273,40000000.0,45000000.0,0.999,1.0,0.997,same_club
7166,Mathias Jensen,EPL,2023-24,Brentford,M S,32,2294,3,3,3,14,41,0.689,0.689,4.908,11.096,9.512,5,0,319859,Mathias Jensen,1996-01-01,27.67,180.0,right,Midfield,Central Midfield,Denmark,Denmark,32,2221,3,3,1148,Brentford FC,2401,22000000.0,28000000.0,0.99,1.0,0.968,same_club
7420,Miguel Almirón,EPL,2023-24,Newcastle United,F S,33,1967,3,3,1,41,25,5.133,5.133,3.076,12.225,5.606,2,0,272999,Miguel Almirón,1994-02-10,29.56,178.0,left,Attack,Right Winger,Paraguay,Paraguay,33,1947,3,1,762,Newcastle United,2597,32000000.0,20000000.0,0.997,1.0,0.99,same_club
7546,Harvey Elliott,EPL,2023-24,Liverpool,F M S,34,1268,3,3,6,49,36,2.577,2.577,4.262,14.047,9.563,2,0,565822,Harvey Elliott,2003-04-04,20.41,170.0,left,Midfield,Attacking Midfield,England,England,34,1335,3,6,31,Liverpool FC,2280,35000000.0,35000000.0,0.985,1.0,0.95,same_club
8476,Jarrad Branthwaite,EPL,2023-24,Everton,D,35,3122,3,3,0,14,4,1.911,1.911,0.932,6.322,6.261,8,0,661053,Jarrad Branthwaite,2002-06-27,21.18,195.0,left,Defender,Centre-Back,England,England,35,3117,3,1,29,Everton FC,3387,10000000.0,42000000.0,1.0,1.0,0.998,same_club
8720,Jack Harrison,EPL,2023-24,Everton,M S,29,2229,3,3,3,34,27,4.15,4.15,4.347,8.462,2.36,1,0,417346,Jack Harrison,1996-11-20,26.78,175.0,left,Attack,Left Winger,England,England,29,2219,3,3,29,Everton FC,2512,22000000.0,18000000.0,0.999,1.0,0.996,same_club
8756,Dara O&#039;Shea,EPL,2023-24,Burnley,D S,33,2899,3,3,4,19,13,0.907,0.907,1.644,4.856,4.503,5,1,401320,Dara O'Shea,1999-03-04,24.5,189.0,right,Defender,Centre-Back,Ireland,Ireland,33,2895,3,4,1132,Burnley FC,3075,5000000.0,7000000.0,0.97,0.95,0.999,same_club
8981,Jéremy Doku,EPL,2023-24,Manchester City,D M S,29,1616,3,3,8,56,45,3.77,3.77,5.476,14.622,7.702,3,0,486049,Jérémy Doku,2002-05-27,21.26,173.0,right,Attack,Left Winger,Belgium,Belgium,29,1594,3,10,281,Manchester City,2260,28000000.0,65000000.0,0.996,1.0,0.986,same_club
8981,Jéremy Doku,EPL,2023-24,Manchester City,D M S,29,1616,3,3,8,56,45,3.77,3.77,5.476,14.622,7.702,3,0,486049,Jérémy Doku,2002-05-27,21.26,173.0,right,Attack,Left Winger,Belgium,Belgium,29,1594,3,10,281,Manchester City,2260,28000000.0,65000000.0,0.997,1.0,0.991,same_club
9021,Pape Sarr,EPL,2023-24,Tottenham,M S,34,2141,3,3,3,36,20,3.842,3.842,2.032,16.108,11.238,9,0,568693,Pape Matar Sarr,2002-09-14,20.96,185.0,right,Midfield,Central Midfield,Senegal,Senegal,34,2085,3,3,148,Tottenham Hotspur,2085,15000000.0,45000000.0,0.962,0.95,0.974,same_club
9205,Jayden Bogle,EPL,2023-24,Sheffield United,D M S,34,2817,3,3,0,32,10,2.602,2.602,0.733,5.203,2.629,8,0,465717,Jayden Bogle,2000-07-27,23.1,178.0,right,Defender,Right-Back,England,England,34,2793,3,0,350,Sheffield United,2883,3800000.0,3800000.0,0.997,1.0,0.991,same_club
9788,Dominik Szoboszlai,EPL,2023-24,Liverpool,M S,33,2135,3,3,2,60,55,3.519,3.519,5.658,21.231,15.891,1,0,451276,Dominik Szoboszlai,2000-10-25,22.85,187.0,right,Midfield,Attacking Midfield,Hungary,Hungary,33,2111,3,2,31,Liverpool FC,2543,50000000.0,75000000.0,0.997,1.0,0.989,same_club
9983,Beto,EPL,2023-24,Everton,F S,30,898,3,3,0,43,11,7.167,6.406,1.194,7.353,1.001,2,0,595809,Beto,1998-01-31,25.58,194.0,right,Attack,Centre-Forward,Guinea-Bissau,Portugal,30,941,3,0,29,Everton FC,1283,25000000.0,20000000.0,0.986,1.0,0.954,same_club
9983,Beto,EPL,2023-24,Everton,F S,30,898,3,3,0,43,11,7.167,6.406,1.194,7.353,1.001,2,0,595809,Beto,1998-01-31,25.58,194.0,right,Attack,Centre-Forward,Guinea-Bissau,Portugal,30,941,3,0,29,Everton FC,1283,25000000.0,20000000.0,0.98,1.0,0.933,same_club
10050,Micky van de Ven,EPL,2023-24,Tottenham,D,27,2345,3,3,0,8,1,0.971,0.971,0.035,10.606,10.423,5,0,557459,Micky van de Ven,2001-04-19,22.37,193.0,left,Defender,Centre-Back,Netherlands,Netherlands,27,2343,3,0,148,Tottenham Hotspur,2433,30000000.0,55000000.0,1.0,1.0,0.999,same_club
10126,James McAtee,EPL,2023-24,"Manchester City,Sheffield United",F M S,31,1848,3,2,3,26,28,3.202,2.441,3.065,7.374,2.797,2,0,583199,James McAtee,2002-10-18,20.87,180.0,left,Midfield,Attacking Midfield,England,England,31,1828,3,3,"281,350","Manchester City,Sheffield United",1945,12000000.0,12000000.0,0.997,1.0,0.989,same_club
10741,Marcus Tavernier,EPL,2023-24,Bournemouth,F M S,30,2163,3,3,4,53,44,4.385,4.385,6.265,14.909,7.105,3,0,399434,Marcus Tavernier,1999-03-22,24.45,178.0,left,Midfield,Attacking Midfield,England,England,30,2133,3,4,989,AFC Bournemouth,2357,17000000.0,20000000.0,0.996,1.0,0.986,same_club
10806,Kaoru Mitoma,EPL,2023-24,Brighton,D F M S,19,1482,3,3,4,34,25,4.68,4.68,3.388,14.05,8.152,4,0,504849,Kaoru Mitoma,1997-05-20,26.28,178.0,right,Attack,Left Winger,Japan,Japan,19,1488,3,4,1237,Brighton & Hove Albion,2003,32000000.0,45000000.0,0.999,1.0,0.996,same_club
10809,Keane Lewis-Potter,EPL,2023-24,Brentford,D F S,30,1432,3,3,1,43,13,8.582,8.582,1.615,9.345,1.259,0,0,644401,Keane Lewis-Potter,2001-02-22,22.52,170.0,right,Midfield,Left Midfield,England,England,30,1441,3,1,1148,Brentford FC,1720,12000000.0,15000000.0,0.998,1.0,0.994,same_club
10822,Wilson Odobert,EPL,2023-24,Burnley,F M S,29,2150,3,3,2,49,31,2.544,2.544,4.428,10.005,4.203,3,0,743498,Wilson Odobert,2004-11-28,18.76,182.0,right,Attack,Left Winger,France,France,29,2108,3,3,1132,Burnley FC,2166,6000000.0,10000000.0,0.994,1.0,0.98,same_club
11174,Kobbie Mainoo,EPL,2023-24,Manchester United,M,24,1980,3,3,1,11,15,0.774,0.774,0.845,5.081,3.867,3,0,820374,Kobbie Mainoo,2005-04-19,18.37,184.0,right,Midfield,Central Midfield,England,England,24,1940,3,1,985,Manchester United,2405,800000.0,50000000.0,0.994,1.0,0.98,same_club
11269,Jack Hinshelwood,EPL,2023-24,Brighton,D M S,12,890,3,3,0,14,8,2.164,2.164,0.838,4.876,2.707,1,0,867688,Jack Hinshelwood,2005-04-11,18.39,182.0,right,Midfield,Defensive Midfield,England,England,12,871,3,0,1237,Brighton & Hove Albion,1197,,16000000.0,0.994,1.0,0.979,same_club
11356,Enzo Fernández,EPL,2023-24,Chelsea,M S,28,2237,3,2,2,47,32,6.148,4.625,3.559,18.343,12.553,7,0,648195,Enzo Fernández,2001-01-17,22.62,178.0,right,Midfield,Central Midfield,Argentina,Argentina,28,2215,3,2,631,Chelsea FC,2661,80000000.0,75000000.0,0.997,1.0,0.99,same_club
11362,Facundo Buonanotte,EPL,2023-24,Brighton,F M S,27,1408,3,3,1,21,19,2.975,2.975,2.304,6.952,3.328,7,0,983989,Facundo Buonanotte,2004-12-23,18.69,174.0,left,Midfield,Attacking Midfield,Argentina,Argentina,27,1369,3,1,1237,Brighton & Hove Albion,1784,12000000.0,18000000.0,0.992,1.0,0.972,same_club
12412,Morgan Rogers,EPL,2023-24,Aston Villa,M S,11,652,3,3,1,11,9,1.087,1.087,0.905,3.679,2.278,3,0,503743,Morgan Rogers,2002-07-26,21.1,187.0,right,Midfield,Attacking Midfield,England,England,11,641,3,1,405,Aston Villa,731,1800000.0,15000000.0,0.995,1.0,0.983,same_club
65,Timo Werner,EPL,2023-24,Tottenham,F M S,13,827,2,2,3,29,15,4.213,4.213,3.477,10.507,3.768,1,0,170527,Timo Werner,1996-03-06,27.49,180.0,right,Attack,Centre-Forward,Germany,Germany,13,815,2,3,148,Tottenham Hotspur,1291,25000000.0,17000000.0,0.996,1.0,0.985,same_club
65,Timo Werner,EPL,2023-24,Tottenham,F M S,13,827,2,2,3,29,15,4.213,4.213,3.477,10.507,3.768,1,0,170527,Timo Werner,1996-03-06,27.49,180.0,right,Attack,Centre-Forward,Germany,Germany,13,815,2,3,148,Tottenham Hotspur,1291,25000000.0,17000000.0,0.984,1.0,0.946,same_club
87,Joelinton,EPL,2023-24,Newcastle United,F M S,20,1289,2,2,1,19,23,2.559,2.559,2.959,10.311,6.361,6,0,333241,Joelinton,1996-08-14,27.05,186.0,right,Midfield,Central Midfield,Brazil,Brazil,20,1282,2,1,762,Newcastle United,1754,42000000.0,40000000.0,0.998,1.0,0.995,same_club
579,Nathan Aké,EPL,2023-24,Manchester City,D S,29,2046,2,2,2,20,10,2.18,2.18,1.737,13.196,12.082,0,0,177476,Nathan Aké,1995-02-18,28.53,180.0,left,Defender,Centre-Back,Netherlands,Netherlands,29,2044,2,2,281,Manchester City,2989,42000000.0,40000000.0,1.0,1.0,0.999,same_club
757,Jeffrey Schlupp,EPL,2023-24,Crystal Palace,F M S,29,1370,2,2,2,19,18,1.882,1.882,2.171,6.629,2.941,1,0,157506,Jeffrey Schlupp,1992-12-23,30.69,178.0,left,Midfield,Left Midfield,Ghana,Germany,29,1354,2,2,873,Crystal Palace,1515,7000000.0,7000000.0,0.996,1.0,0.988,same_club
833,Virgil van Dijk,EPL,2023-24,Liverpool,D,36,3177,2,2,2,45,11,3.3,3.3,1.863,18.085,17.598,3,1,139208,Virgil van Dijk,1991-07-08,32.15,195.0,right,Defender,Centre-Back,Netherlands,Netherlands,36,3178,2,2,31,Liverpool FC,3711,35000000.0,30000000.0,1.0,1.0,1.0,same_club
844,Jay Rodriguez,EPL,2023-24,Burnley,F S,21,781,2,1,1,22,4,4.622,3.861,0.171,3.988,0.883,0,0,53360,Jay Rodríguez,1989-07-29,34.09,185.0,right,Attack,Centre-Forward,England,England,21,813,2,1,1132,Burnley FC,813,1000000.0,1000000.0,0.988,1.0,0.961,same_club
900,Adama Traoré,EPL,2023-24,Fulham,M S,17,310,2,2,3,11,7,1.492,1.492,0.702,1.841,0.195,2,0,204103,Adama Traoré,1996-01-25,27.6,178.0,right,Attack,Right Winger,Spain,Spain,17,364,2,3,931,Fulham FC,367,10000000.0,9000000.0,0.955,1.0,0.852,same_club
1018,Josh Cullen,EPL,2023-24,Burnley,M S,25,2072,2,2,3,16,26,0.533,0.533,1.926,8.981,7.677,9,0,242606,Josh Cullen,1996-04-07,27.4,175.0,right,Midfield,Central Midfield,Ireland,England,25,2060,2,3,1132,Burnley FC,2150,13000000.0,10000000.0,0.998,1.0,0.994,same_club
1654,Ben Mee,EPL,2023-24,Brentford,D S,16,1290,2,2,0,10,6,1.456,1.456,0.25,1.844,1.364,1,1,74810,Ben Mee,1989-09-21,33.94,180.0,left,Defender,Centre-Back,England,England,16,1276,2,0,1148,Brentford FC,1486,2000000.0,1000000.0,0.997,1.0,0.989,same_club
1687,Harry Maguire,EPL,2023-24,Manchester United,D S,22,1645,2,2,2,20,6,2.138,2.138,1.307,5.503,4.456,3,0,177907,Harry Maguire,1993-03-05,30.49,194.0,right,Defender,Centre-Back,England,England,22,1650,2,3,985,Manchester United,2130,20000000.0,18000000.0,0.999,1.0,0.997,same_club
4120,Álex Moreno,EPL,2023-24,Aston Villa,D S,21,1033,2,2,0,8,11,1.444,1.444,1.159,6.872,4.589,2,0,193098,Álex Moreno,1993-06-08,30.23,179.0,left,Defender,Left-Back,Spain,Spain,21,1030,2,0,405,Aston Villa,1390,15000000.0,13000000.0,0.999,1.0,0.997,same_club
5136,Estupiñán,EPL,2023-24,Brighton,D S,19,1239,2,2,3,11,26,1.034,1.034,3.286,8.131,5.95,4,0,349599,Pervis Estupiñán,1998-01-21,25.61,175.0,left,Defender,Left-Back,Ecuador,Ecuador,19,1245,2,3,1237,Brighton & Hove Albion,1712,32000000.0,30000000.0,0.999,1.0,0.995,same_club
5590,Tosin Adarabioyo,EPL,2023-24,Fulham,D S,20,1618,2,2,0,14,2,0.948,0.948,0.137,5.476,5.466,2,0,258878,Tosin Adarabioyo,1997-09-24,25.94,197.0,right,Defender,Centre-Back,England,England,20,1617,2,0,931,Fulham FC,1726,16000000.0,20000000.0,1.0,1.0,0.999,same_club
5681,Giovani Lo Celso,EPL,2023-24,Tottenham,M S,22,466,2,2,2,13,17,0.498,0.498,1.603,3.478,2.748,2,0,348795,Giovani Lo Celso,1996-04-09,27.39,177.0,left,Midfield,Attacking Midfield,Argentina,Argentina,22,494,2,2,148,Tottenham Hotspur,552,14000000.0,16000000.0,0.983,1.0,0.943,same_club
5956,Youri Tielemans,EPL,2023-24,Aston Villa,F M S,32,1580,2,2,6,14,18,1.005,1.005,3.054,10.675,8.061,3,0,249565,Youri Tielemans,1997-05-07,26.32,176.0,right,Midfield,Central Midfield,Belgium,Belgium,32,1621,2,6,405,Aston Villa,1887,25000000.0,25000000.0,0.992,1.0,0.975,same_club
6034,Philip Billing,EPL,2023-24,Bournemouth,M S,29,1359,2,2,2,30,23,2.871,2.871,3.717,7.184,2.833,3,1,320411,Philip Billing,1996-06-11,27.22,193.0,left,Midfield,Central Midfield,Denmark,Denmark,29,1393,2,2,989,AFC Bournemouth,1602,20000000.0,22000000.0,0.993,1.0,0.976,same_club
6219,Enes Ünal,EPL,2023-24,Bournemouth,F S,16,283,2,2,2,23,5,4.018,4.018,1.209,3.647,0.715,1,0,251106,Enes Ünal,1997-05-10,26.31,187.0,right,Attack,Centre-Forward,Türkiye,Türkiye,16,319,2,2,989,AFC Bournemouth,562,25000000.0,18000000.0,0.966,1.0,0.887,same_club
6219,Enes Ünal,EPL,2023-24,Bournemouth,F S,16,283,2,2,2,23,5,4.018,4.018,1.209,3.647,0.715,1,0,251106,Enes Ünal,1997-05-10,26.31,187.0,right,Attack,Centre-Forward,Türkiye,Türkiye,16,319,2,2,989,AFC Bournemouth,562,25000000.0,18000000.0,0.989,1.0,0.964,same_club
6221,Pau Torres,EPL,2023-24,Aston Villa,D S,29,2467,2,2,0,12,8,1.531,1.531,0.623,12.139,11.884,1,0,399776,Pau Torres,1997-01-16,26.62,192.0,left,Defender,Centre-Back,Spain,Spain,29,2463,2,0,405,Aston Villa,2616,45000000.0,45000000.0,1.0,1.0,0.998,same_club
6314,Joachim Andersen,EPL,2023-24,Crystal Palace,D,38,3420,2,2,3,21,21,2.444,2.444,2.889,10.297,9.624,7,0,260827,Joachim Andersen,1996-05-31,27.25,192.0,right,Defender,Centre-Back,Denmark,Denmark,38,3417,2,3,873,Crystal Palace,3687,30000000.0,35000000.0,1.0,1.0,0.999,same_club
6382,Pedro Neto,EPL,2023-24,Wolverhampton Wanderers,F M S,20,1524,2,2,9,36,37,3.287,3.287,5.216,8.703,2.208,4,0,487465,Pedro Neto,2000-03-09,23.48,174.0,left,Attack,Right Winger,Portugal,Portugal,20,1519,2,9,543,Wolverhampton Wanderers,1729,28000000.0,55000000.0,0.999,1.0,0.997,same_club
6490,Manuel Akanji,EPL,2023-24,Manchester City,D M S,30,2517,2,2,0,15,13,2.2,2.2,0.527,16.701,15.839,2,1,284730,Manuel Akanji,1995-07-19,28.12,188.0,right,Defender,Centre-Back,Switzerland,Switzerland,30,2514,2,0,281,Manchester City,3774,38000000.0,45000000.0,1.0,1.0,0.999,same_club
6674,Rayan Ait Nouri,EPL,2023-24,Wolverhampton Wanderers,D M S,33,2391,2,2,1,23,25,3.244,3.244,2.351,10.71,6.928,7,0,578391,Rayan Aït-Nouri,2001-06-06,22.24,180.0,left,Defender,Left-Back,Algeria,France,33,2343,2,1,543,Wolverhampton Wanderers,2605,22000000.0,35000000.0,0.994,1.0,0.98,same_club
6686,Nicolo Zaniolo,EPL,2023-24,Aston Villa,F M S,25,820,2,2,0,27,10,3.705,3.705,0.64,5.261,1.718,7,0,392085,Nicolò Zaniolo,1999-07-02,24.17,190.0,left,Attack,Second Striker,Italy,Italy,25,830,2,0,405,Aston Villa,934,27000000.0,20000000.0,0.996,1.0,0.988,same_club
6850,Willy Boly,EPL,2023-24,Nottingham Forest,D S,20,1461,2,2,1,14,8,1.47,1.47,1.375,4.125,3.095,1,1,142310,Willy Boly,1991-02-03,32.57,195.0,right,Defender,Centre-Back,Cote d'Ivoire,France,20,1443,2,1,703,Nottingham Forest,1533,2500000.0,2500000.0,0.996,1.0,0.988,same_club
6885,Axel Disasi,EPL,2023-24,Chelsea,D S,31,2586,2,2,0,16,3,2.679,2.679,0.195,14.653,14.107,6,0,386047,Axel Disasi,1998-03-11,25.48,191.0,right,Defender,Centre-Back,France,France,31,2581,2,0,631,Chelsea FC,3042,30000000.0,40000000.0,0.999,1.0,0.998,same_club
6888,William Saliba,EPL,2023-24,Arsenal,D,38,3420,2,2,1,10,6,2.367,2.367,0.249,16.632,16.435,4,0,495666,William Saliba,2001-03-24,22.44,192.0,right,Defender,Centre-Back,France,France,38,3420,2,1,11,Arsenal FC,4502,65000000.0,80000000.0,1.0,1.0,1.0,same_club
7083,Christian Nørgaard,EPL,2023-24,Brentford,M S,31,2556,2,2,1,36,24,3.172,3.172,2.971,9.007,6.332,8,0,148367,Christian Nørgaard,1994-03-10,29.48,187.0,right,Midfield,Defensive Midfield,Denmark,Denmark,31,2514,2,1,1148,Brentford FC,2525,16000000.0,18000000.0,0.995,1.0,0.984,same_club
7281,Diogo Dalot,EPL,2023-24,Manchester United,D S,36,3171,2,2,3,30,38,1.329,1.329,3.086,10.953,8.365,4,1,357147,Diogo Dalot,1999-03-18,24.46,184.0,right,Defender,Right-Back,Portugal,Portugal,36,3174,2,3,985,Manchester United,4229,40000000.0,35000000.0,1.0,1.0,0.999,same_club
7332,Max Kilman,EPL,2023-24,Wolverhampton Wanderers,D,38,3420,2,2,0,14,17,2.598,2.598,1.14,9.354,8.875,7,0,525247,Maximilian Kilman,1997-05-23,26.28,194.0,left,Defender,Centre-Back,England,England,38,3420,2,0,543,Wolverhampton Wanderers,3990,30000000.0,32000000.0,0.97,0.95,1.0,same_club
7382,Dan Burn,EPL,2023-24,Newcastle United,D S,33,2763,2,2,2,23,9,4.111,4.111,1.897,15.224,13.172,4,0,134270,Dan Burn,1992-05-09,31.31,201.0,left,Defender,Centre-Back,England,England,33,2732,2,2,762,Newcastle United,3461,10000000.0,8000000.0,0.997,1.0,0.989,same_club
7395,Carlos Vinicius,EPL,2023-24,Fulham,F S,13,286,2,2,0,9,5,1.624,1.624,0.576,3.164,1.07,2,0,525287,Carlos Vinícius,1995-03-25,28.44,190.0,left,Attack,Centre-Forward,Brazil,Brazil,13,306,2,0,931,Fulham FC,460,6000000.0,4000000.0,0.98,1.0,0.935,same_club
7762,Jean-Ricner Bellegarde,EPL,2023-24,Wolverhampton Wanderers,D F M S,22,938,2,2,1,15,12,1.361,1.361,0.955,3.177,1.523,0,1,450050,Jean-Ricner Bellegarde,1998-06-27,25.18,170.0,right,Midfield,Central Midfield,Haiti,France,22,957,2,1,543,Wolverhampton Wanderers,1548,10000000.0,15000000.0,0.994,1.0,0.98,same_club
7762,Jean-Ricner Bellegarde,EPL,2023-24,Wolverhampton Wanderers,D F M S,22,938,2,2,1,15,12,1.361,1.361,0.955,3.177,1.523,0,1,450050,Jean-Ricner Bellegarde,1998-06-27,25.18,170.0,right,Midfield,Central Midfield,Haiti,France,22,957,2,1,543,Wolverhampton Wanderers,1548,10000000.0,15000000.0,1.0,1.0,1.0,same_club
7931,Takehiro Tomiyasu,EPL,2023-24,Arsenal,D S,22,1106,2,2,1,17,6,1.619,1.619,0.592,3.818,3.413,0,1,331560,Takehiro Tomiyasu,1998-11-05,24.82,187.0,right,Defender,Centre-Back,Japan,Japan,22,1143,2,1,11,Arsenal FC,1531,25000000.0,35000000.0,0.99,1.0,0.968,same_club
7967,Anssumane Fati,EPL,2023-24,Brighton,F M S,19,456,2,2,0,26,6,3.82,3.82,0.655,5.572,1.621,2,0,466810,Ansu Fati,2002-10-31,20.84,178.0,right,Attack,Left Winger,Spain,Guinea-Bissau,19,511,2,0,1237,Brighton & Hove Albion,996,35000000.0,25000000.0,0.938,0.95,0.892,same_club
7967,Anssumane Fati,EPL,2023-24,Brighton,F M S,19,456,2,2,0,26,6,3.82,3.82,0.655,5.572,1.621,2,0,466810,Ansu Fati,2002-10-31,20.84,178.0,right,Attack,Left Winger,Spain,Guinea-Bissau,19,511,2,0,1237,Brighton & Hove Albion,996,35000000.0,25000000.0,0.9,0.95,0.767,same_club
8214,Tyrick Mitchell,EPL,2023-24,Crystal Palace,D,37,3221,2,2,3,12,24,2.212,2.212,3.637,12.868,8.858,6,0,730893,Tyrick Mitchell,1999-09-01,24.0,181.0,left,Defender,Left-Back,England,England,37,3210,2,3,873,Crystal Palace,3454,22000000.0,25000000.0,0.999,1.0,0.997,same_club
8252,Nicolás Domínguez,EPL,2023-24,Nottingham Forest,M S,26,1543,2,2,2,22,10,1.702,1.702,0.909,6.102,3.843,4,0,497291,Nicolás Domínguez,1998-06-28,25.18,179.0,right,Midfield,Central Midfield,Argentina,Argentina,26,1503,2,2,703,Nottingham Forest,2040,17000000.0,17000000.0,0.992,1.0,0.974,same_club
8252,Nicolás Domínguez,EPL,2023-24,Nottingham Forest,M S,26,1543,2,2,2,22,10,1.702,1.702,0.909,6.102,3.843,4,0,497291,Nicolás Domínguez,1998-06-28,25.18,179.0,right,Midfield,Central Midfield,Argentina,Argentina,26,1503,2,2,703,Nottingham Forest,2040,17000000.0,17000000.0,0.997,1.0,0.99,same_club
8635,Sven Botman,EPL,2023-24,Newcastle United,D S,17,1383,2,2,2,10,5,0.983,0.983,1.14,5.531,5.531,2,0,361093,Sven Botman,2000-01-12,23.64,193.0,left,Defender,Centre-Back,Netherlands,Netherlands,17,1378,2,2,762,Newcastle United,1731,45000000.0,45000000.0,0.999,1.0,0.996,same_club
8812,Sasa Kalajdzic,EPL,2023-24,Wolverhampton Wanderers,F S,11,132,2,2,0,4,4,1.352,1.352,1.08,2.564,0.159,0,0,369567,Sasa Kalajdzic,1997-07-07,26.15,200.0,right,Attack,Centre-Forward,Austria,Austria,11,159,2,0,543,Wolverhampton Wanderers,488,15000000.0,5000000.0,0.949,1.0,0.83,same_club
8812,Sasa Kalajdzic,EPL,2023-24,Wolverhampton Wanderers,F S,11,132,2,2,0,4,4,1.352,1.352,1.08,2.564,0.159,0,0,369567,Sasa Kalajdzic,1997-07-07,26.15,200.0,right,Attack,Centre-Forward,Austria,Austria,11,159,2,0,543,Wolverhampton Wanderers,488,15000000.0,5000000.0,0.998,1.0,0.994,same_club
8831,Iyenoma Destiny Udogie,EPL,2023-24,Tottenham,D,28,2437,2,2,3,9,24,2.814,2.814,2.55,14.849,10.907,5,1,556385,Destiny Udogie,2002-11-28,20.76,188.0,left,Defender,Left-Back,Italy,Italy,28,2398,2,3,148,Tottenham Hotspur,2578,25000000.0,45000000.0,0.965,0.95,0.984,same_club
8864,Matthew Cash,EPL,2023-24,Aston Villa,D M S,29,2142,2,2,2,33,13,4.486,4.486,2.97,14.262,8.85,8,0,425334,Matty Cash,1997-08-07,26.07,185.0,right,Defender,Right-Back,Poland,England,29,2143,2,2,405,Aston Villa,2465,25000000.0,28000000.0,0.97,0.95,1.0,same_club
9156,Kevin Schade,EPL,2023-24,Brentford,F S,11,299,2,2,1,8,4,1.402,1.402,0.947,2.114,0.197,0,0,473050,Kevin Schade,2001-11-27,21.76,185.0,right,Attack,Left Winger,Germany,Germany,11,330,2,1,1148,Brentford FC,403,25000000.0,22000000.0,0.972,1.0,0.906,same_club
9667,Amadou Onana,EPL,2023-24,Everton,M S,30,2093,2,2,0,29,18,2.553,2.553,2.414,10.676,8.993,5,0,485706,Amadou Onana,2001-08-16,22.04,195.0,right,Midfield,Defensive Midfield,Belgium,Senegal,30,2090,2,0,29,Everton FC,2360,45000000.0,50000000.0,1.0,1.0,0.999,same_club
9677,Kristoffer Ajer,EPL,2023-24,Brentford,D S,28,1845,2,2,1,12,12,1.468,1.468,2.601,5.71,3.668,5,0,328658,Kristoffer Ajer,1998-04-17,25.37,198.0,right,Defender,Centre-Back,Norway,Norway,28,1833,2,1,1148,Brentford FC,1895,16000000.0,15000000.0,0.998,1.0,0.993,same_club
9678,Ethan Pinnock,EPL,2023-24,Brentford,D S,29,2521,2,2,0,19,4,3.382,3.382,0.583,5.525,4.472,1,0,442248,Ethan Pinnock,1993-05-29,30.26,194.0,left,Defender,Centre-Back,Jamaica,England,29,2521,2,0,1148,Brentford FC,2611,14000000.0,12000000.0,1.0,1.0,1.0,same_club
10187,Jarell Quansah,EPL,2023-24,Liverpool,D S,17,1182,2,2,0,6,3,1.427,1.427,0.076,7.204,7.15,1,0,632349,Jarell Quansah,2003-01-29,20.59,190.0,right,Defender,Centre-Back,England,England,17,1190,2,0,31,Liverpool FC,2119,400000.0,22000000.0,0.998,1.0,0.993,same_club
10291,Vitalii Mykolenko,EPL,2023-24,Everton,D,28,2482,2,2,0,26,13,1.909,1.909,1.246,7.136,5.507,0,0,404842,Vitaliy Mykolenko,1999-05-29,24.26,180.0,left,Defender,Left-Back,Ukraine,Ukraine,28,2471,2,0,29,Everton FC,2831,25000000.0,28000000.0,0.969,0.95,0.996,same_club
10386,Anel Ahmedhodzic,EPL,2023-24,Sheffield United,D S,31,2646,2,2,0,19,7,3.464,3.464,0.951,5.816,2.93,9,1,377468,Anel Ahmedhodzic,1999-03-26,24.44,190.0,right,Defender,Centre-Back,Bosnia-Herzegovina,Sweden,31,2650,2,0,350,Sheffield United,2740,20000000.0,18000000.0,1.0,1.0,0.998,same_club
10847,Rico Lewis,EPL,2023-24,Manchester City,D M S,16,802,2,2,0,5,13,0.856,0.856,1.764,6.614,4.864,1,0,701057,Rico Lewis,2004-11-21,18.78,170.0,right,Defender,Right-Back,England,England,16,807,2,0,281,Manchester City,1518,20000000.0,38000000.0,0.998,1.0,0.994,same_club
10866,Luis Sinisterra,EPL,2023-24,Bournemouth,M S,20,670,2,2,2,27,19,2.296,2.296,2.322,4.859,2.42,0,0,512385,Luis Sinisterra,1999-06-17,24.21,172.0,right,Attack,Left Winger,Colombia,Colombia,20,691,2,2,989,AFC Bournemouth,1029,22000000.0,17000000.0,0.991,1.0,0.97,same_club
11317,Danilo,EPL,2023-24,Nottingham Forest,F M S,29,1799,2,2,2,23,20,1.665,1.665,1.529,10.227,7.998,4,0,808509,Danilo,2001-04-29,22.34,177.0,left,Midfield,Central Midfield,Brazil,Brazil,29,1797,2,2,703,Nottingham Forest,2307,28000000.0,28000000.0,1.0,1.0,0.999,same_club
11384,João Gomes,EPL,2023-24,Wolverhampton Wanderers,M S,34,2690,2,2,1,26,19,1.855,1.855,1.328,6.303,4.639,11,0,735570,João Gomes,2001-02-12,22.55,176.0,right,Midfield,Central Midfield,Brazil,Brazil,34,2659,2,1,543,Wolverhampton Wanderers,2848,18000000.0,35000000.0,0.997,1.0,0.988,same_club
11720,Jacob Brown,EPL,2023-24,Luton,F M S,19,1031,2,2,0,25,8,3.079,3.079,0.842,3.89,0.42,4,0,469958,Jacob Brown,1998-04-10,25.39,178.0,right,Attack,Centre-Forward,Scotland,England,19,1020,2,0,1031,Luton Town,1035,6000000.0,4000000.0,0.997,1.0,0.989,same_club
11722,Luke Berry,EPL,2023-24,Luton,M S,17,272,2,2,1,8,1,1.133,1.133,0.062,0.815,0.239,1,0,125685,Luke Berry,1992-07-12,31.14,177.0,right,Midfield,Central Midfield,England,England,17,311,2,1,1031,Luton Town,325,400000.0,400000.0,0.962,1.0,0.875,same_club
11723,Alfie Doughty,EPL,2023-24,Luton,D S,37,2980,2,2,8,26,70,1.832,1.832,6.612,11.055,7.995,5,0,608175,Alfie Doughty,1999-12-21,23.7,183.0,left,Midfield,Left Midfield,England,England,37,2937,2,8,1031,Luton Town,3238,2200000.0,10000000.0,0.996,1.0,0.986,same_club
12151,Gabriel Osho,EPL,2023-24,Luton,D,21,1853,2,2,0,10,2,1.246,1.246,0.095,2.962,2.874,3,0,364409,Gabriel Osho,1998-08-14,25.05,185.0,right,Defender,Centre-Back,Nigeria,England,21,1848,2,0,1031,Luton Town,2028,600000.0,3000000.0,0.999,1.0,0.997,same_club
461,Matt Ritchie,EPL,2023-24,Newcastle United,S,13,97,1,1,0,6,0,1.526,1.526,0.0,2.366,0.858,1,0,92469,Matt Ritchie,1989-09-10,33.97,173.0,left,Midfield,Right Midfield,Scotland,England,13,120,1,0,762,Newcastle United,122,1000000.0,1000000.0,0.942,1.0,0.808,same_club
553,Anthony Martial,EPL,2023-24,Manchester United,F S,13,430,1,1,0,6,6,1.057,1.057,0.276,1.701,0.412,0,0,182877,Anthony Martial,1995-12-05,27.74,184.0,right,Attack,Centre-Forward,France,France,13,444,1,0,985,Manchester United,490,15000000.0,10000000.0,0.991,1.0,0.968,same_club
586,John Stones,EPL,2023-24,Manchester City,D M S,16,1060,1,1,0,4,6,0.749,0.749,0.261,6.699,6.49,2,0,186590,John Stones,1994-05-28,29.26,188.0,right,Defender,Centre-Back,England,England,16,1064,1,0,281,Manchester City,1859,40000000.0,38000000.0,0.999,1.0,0.996,same_club
646,Christian Eriksen,EPL,2023-24,Manchester United,M S,22,1130,1,1,2,13,27,0.689,0.689,2.346,5.237,3.57,1,0,69633,Christian Eriksen,1992-02-14,31.55,182.0,right,Midfield,Attacking Midfield,Denmark,Denmark,22,1140,1,2,985,Manchester United,1432,22000000.0,8000000.0,0.997,1.0,0.991,same_club
652,Kieran Trippier,EPL,2023-24,Newcastle United,D S,28,2255,1,1,10,8,66,0.647,0.647,8.593,13.876,10.366,5,0,95810,Kieran Trippier,1990-09-19,32.95,173.0,right,Defender,Right-Back,England,England,28,2240,1,10,762,Newcastle United,3081,11000000.0,10000000.0,0.998,1.0,0.993,same_club
660,Ben Davies,EPL,2023-24,Tottenham,D S,17,1067,1,1,0,12,4,2.077,2.077,0.311,7.614,6.319,2,0,192765,Ben Davies,1993-04-24,30.35,181.0,left,Defender,Centre-Back,Wales,Wales,17,1086,1,0,148,Tottenham Hotspur,1176,15000000.0,10000000.0,0.995,1.0,0.983,same_club
725,Ola Aina,EPL,2023-24,Nottingham Forest,D S,22,1730,1,1,1,11,11,0.297,0.297,0.731,6.002,5.237,3,0,236490,Ola Aina,1996-10-08,26.9,184.0,right,Defender,Right-Back,Nigeria,England,22,1701,1,1,703,Nottingham Forest,1701,3500000.0,12000000.0,0.995,1.0,0.983,same_club
766,Jamaal Lascelles,EPL,2023-24,Newcastle United,D S,16,1072,1,1,0,6,2,1.076,1.076,0.036,3.617,3.511,4,0,183318,Jamaal Lascelles,1993-11-11,29.8,188.0,right,Defender,Centre-Back,England,England,16,1081,1,0,762,Newcastle United,1742,4500000.0,7000000.0,0.998,1.0,0.992,same_club
775,Andros Townsend,EPL,2023-24,Luton,F M S,27,1211,1,1,3,20,18,1.422,1.422,1.457,2.802,1.201,1,0,61842,Andros Townsend,1991-07-16,32.13,181.0,left,Attack,Right Winger,England,England,27,1209,1,3,1031,Luton Town,1348,1500000.0,1800000.0,1.0,1.0,0.998,same_club
804,Craig Dawson,EPL,2023-24,Wolverhampton Wanderers,D,25,2214,1,1,1,16,9,1.358,1.358,1.35,4.39,4.195,7,0,121477,Craig Dawson,1990-05-06,33.32,188.0,right,Defender,Centre-Back,England,England,25,2211,1,1,543,Wolverhampton Wanderers,2375,2000000.0,2000000.0,1.0,1.0,0.999,same_club
986,Danny Ings,EPL,2023-24,West Ham,F M S,20,342,1,1,0,12,5,1.223,1.223,0.379,1.657,0.4,1,0,134294,Danny Ings,1992-07-23,31.11,177.0,right,Attack,Centre-Forward,England,England,20,390,1,0,379,West Ham United,667,12000000.0,8000000.0,0.963,1.0,0.877,same_club
1245,Emerson,EPL,2023-24,West Ham,D S,36,3163,1,1,2,19,23,1.602,1.602,1.522,8.584,6.391,10,0,181778,Emerson,1994-08-03,29.08,176.0,left,Defender,Left-Back,Italy,Brazil,36,3143,1,2,379,West Ham United,3842,12000000.0,12000000.0,0.998,1.0,0.994,same_club
1537,Sasa Lukic,EPL,2023-24,Fulham,M S,24,1107,1,1,0,13,10,1.282,1.282,0.611,4.723,3.863,3,0,245056,Saša Lukić,1996-08-13,27.05,182.0,right,Midfield,Central Midfield,Serbia,Yugoslavia (Republic),24,1120,1,0,931,Fulham FC,1312,12000000.0,10000000.0,0.997,1.0,0.988,same_club
1653,Michael Keane,EPL,2023-24,Everton,D S,9,432,1,1,0,6,0,0.926,0.926,0.0,0.837,0.837,2,0,118534,Michael Keane,1993-01-11,30.64,188.0,right,Defender,Centre-Back,England,England,9,438,1,0,29,Everton FC,528,10000000.0,6000000.0,0.996,1.0,0.986,same_club
1663,Johann Berg Gudmundsson,EPL,2023-24,Burnley,F M S,26,1175,1,1,3,15,34,2.048,2.048,3.143,6.296,2.996,2,0,89231,Jóhann Berg Gudmundsson,1990-10-27,32.85,186.0,left,Attack,Right Winger,Iceland,Iceland,26,1192,1,3,1132,Burnley FC,1192,1200000.0,1000000.0,0.996,1.0,0.986,same_club
1665,James Tarkowski,EPL,2023-24,Everton,D,38,3420,1,1,1,25,21,3.344,3.344,2.958,6.767,6.193,11,0,173504,James Tarkowski,1992-11-19,30.78,185.0,right,Defender,Centre-Back,England,England,38,3420,1,1,29,Everton FC,3690,18000000.0,13000000.0,1.0,1.0,1.0,same_club
1823,Lucas Digne,EPL,2023-24,Aston Villa,D S,33,2406,1,1,3,20,37,1.298,1.298,2.93,10.58,9.227,7,0,126664,Lucas Digne,1993-07-20,30.12,178.0,left,Defender,Left-Back,France,France,33,2413,1,3,405,Aston Villa,2503,15000000.0,12000000.0,0.999,1.0,0.997,same_club
2182,Jefferson Lerma,EPL,2023-24,Crystal Palace,D M S,28,2413,1,1,1,34,24,2.385,2.385,2.438,8.659,5.521,8,0,262980,Jefferson Lerma,1994-10-25,28.85,180.0,right,Midfield,Defensive Midfield,Colombia,Colombia,28,2404,1,1,873,Crystal Palace,2579,20000000.0,20000000.0,0.999,1.0,0.996,same_club
2245,Raphael Varane,EPL,2023-24,Manchester United,D S,22,1374,1,1,0,8,1,1.156,1.156,0.081,4.323,3.452,2,0,164770,Raphaël Varane,1993-04-25,30.35,191.0,right,Defender,Centre-Back,France,France,22,1371,1,0,985,Manchester United,2150,35000000.0,20000000.0,0.999,1.0,0.998,same_club
2248,Casemiro,EPL,2023-24,Manchester United,D M S,25,2006,1,1,2,38,16,3.124,3.124,1.386,8.275,6.855,7,0,16306,Casemiro,1992-02-23,31.52,185.0,right,Midfield,Defensive Midfield,Brazil,Brazil,25,1985,1,2,985,Manchester United,2443,40000000.0,20000000.0,0.997,1.0,0.99,same_club
2254,Mateo Kovacic,EPL,2023-24,Manchester City,M S,30,1540,1,1,0,22,21,1.429,1.429,1.686,13.514,12.226,4,0,51471,Mateo Kovacic,1994-05-06,29.32,178.0,right,Midfield,Central Midfield,Croatia,Austria,30,1548,1,0,281,Manchester City,2645,38000000.0,30000000.0,0.998,1.0,0.995,same_club
2383,André Gomes,EPL,2023-24,Everton,M S,12,476,1,1,0,8,3,0.315,0.315,0.26,1.349,0.93,4,0,221025,André Gomes,1993-07-30,30.09,190.0,right,Midfield,Central Midfield,Portugal,Portugal,12,504,1,0,29,Everton FC,582,16000000.0,10000000.0,0.983,1.0,0.944,same_club
2958,Oleksandr Zinchenko,EPL,2023-24,Arsenal,D S,27,1742,1,1,2,17,29,0.566,0.566,3.026,9.755,8.133,2,0,203853,Oleksandr Zinchenko,1996-12-15,26.71,175.0,left,Defender,Left-Back,Ukraine,Ukraine,27,1725,1,2,11,Arsenal FC,2004,42000000.0,38000000.0,0.997,1.0,0.99,same_club
3278,Maxwel Cornet,EPL,2023-24,West Ham,M S,7,101,1,1,0,4,4,0.531,0.531,0.161,0.63,0.106,0,0,234781,Maxwel Cornet,1996-09-27,26.93,179.0,left,Attack,Left Winger,Cote d'Ivoire,Cote d'Ivoire,7,110,1,0,379,West Ham United,274,12000000.0,9000000.0,0.975,1.0,0.918,same_club
5973,Kenny Tete,EPL,2023-24,Fulham,D S,14,880,1,1,0,4,3,1.178,1.178,0.161,1.805,1.734,2,0,206746,Kenny Tete,1995-10-09,27.9,180.0,right,Defender,Right-Back,Netherlands,Netherlands,14,868,1,0,931,Fulham FC,1048,15000000.0,15000000.0,0.996,1.0,0.986,same_club
5989,Moussa Niakhate,EPL,2023-24,Nottingham Forest,D S,21,1446,1,1,0,5,3,1.167,1.167,0.098,5.421,5.338,3,1,291200,Moussa Niakhaté,1996-03-08,27.48,190.0,left,Defender,Centre-Back,Senegal,France,21,1457,1,0,703,Nottingham Forest,1577,18000000.0,16000000.0,0.998,1.0,0.992,same_club
6030,Zanka,EPL,2023-24,Brentford,D S,14,1082,1,1,0,8,6,0.6,0.6,0.95,4.571,3.705,4,0,52059,Zanka,1990-04-23,33.36,189.0,right,Defender,Centre-Back,Denmark,Denmark,14,1087,1,0,1148,Brentford FC,1218,1500000.0,1000000.0,0.999,1.0,0.995,same_club
6044,Charlie Taylor,EPL,2023-24,Burnley,D S,28,2336,1,1,1,10,15,0.24,0.24,1.883,4.919,4.102,8,0,195633,Charlie Taylor,1993-09-18,29.95,183.0,left,Defender,Left-Back,England,England,28,2332,1,1,1132,Burnley FC,2489,3500000.0,3000000.0,0.999,1.0,0.998,same_club
6080,Victor Lindelöf,EPL,2023-24,Manchester United,D S,19,1340,1,1,1,6,8,0.431,0.431,0.285,3.862,3.649,2,0,184573,Victor Lindelöf,1994-07-17,29.13,187.0,right,Defender,Centre-Back,Sweden,Sweden,19,1332,1,1,985,Manchester United,1825,18000000.0,15000000.0,0.998,1.0,0.994,same_club
6088,Orel Mangala,EPL,2023-24,Nottingham Forest,M S,20,1599,1,1,0,10,6,0.892,0.892,0.287,3.669,2.842,6,0,289592,Orel Mangala,1998-03-18,25.46,178.0,right,Midfield,Defensive Midfield,Belgium,Belgium,20,1570,1,0,703,Nottingham Forest,2177,16000000.0,20000000.0,0.995,1.0,0.982,same_club
6088,Orel Mangala,EPL,2023-24,Nottingham Forest,M S,20,1599,1,1,0,10,6,0.892,0.892,0.287,3.669,2.842,6,0,289592,Orel Mangala,1998-03-18,25.46,178.0,right,Midfield,Defensive Midfield,Belgium,Belgium,20,1570,1,0,703,Nottingham Forest,2177,16000000.0,20000000.0,0.995,1.0,0.982,same_club
6108,Rodrigo Bentancur,EPL,2023-24,Tottenham,M S,23,1016,1,1,1,18,8,1.623,1.623,0.504,8.577,7.389,7,0,354362,Rodrigo Bentancur,1997-06-25,26.18,187.0,right,Midfield,Defensive Midfield,Uruguay,Uruguay,23,1007,1,1,148,Tottenham Hotspur,1163,40000000.0,35000000.0,0.997,1.0,0.991,same_club
6157,Timothy Castagne,EPL,2023-24,Fulham,D S,34,2627,1,1,3,14,18,1.336,1.336,1.585,8.171,6.21,3,0,262226,Timothy Castagne,1995-12-05,27.74,185.0,right,Defender,Right-Back,Belgium,Belgium,34,2634,1,3,931,Fulham FC,2806,25000000.0,17000000.0,0.999,1.0,0.997,same_club
6615,Trevoh Chalobah,EPL,2023-24,Chelsea,D S,13,944,1,1,0,2,2,0.359,0.359,0.075,4.417,4.417,1,0,346314,Trevoh Chalobah,1999-07-05,24.16,192.0,right,Defender,Centre-Back,England,Sierra Leone,13,950,1,0,631,Chelsea FC,1220,18000000.0,13000000.0,0.998,1.0,0.994,same_club
6630,Joe Willock,EPL,2023-24,Newcastle United,M S,9,419,1,1,0,7,7,1.046,1.046,0.448,2.097,0.661,0,0,340329,Joe Willock,1999-08-20,24.03,186.0,right,Midfield,Central Midfield,England,England,9,419,1,0,762,Newcastle United,658,38000000.0,30000000.0,1.0,1.0,1.0,same_club
6665,Curtis Jones,EPL,2023-24,Liverpool,M S,23,1152,1,1,1,19,11,2.483,2.483,0.951,9.832,6.741,3,1,433188,Curtis Jones,2001-01-30,22.58,185.0,right,Midfield,Central Midfield,England,England,23,1166,1,1,31,Liverpool FC,1689,25000000.0,35000000.0,0.996,1.0,0.988,same_club
6722,Konstantinos Mavropanos,EPL,2023-24,West Ham,D S,19,1490,1,1,0,12,2,0.872,0.872,0.104,1.404,1.16,2,0,415912,Konstantinos Mavropanos,1997-12-11,25.72,194.0,right,Defender,Centre-Back,Greece,Greece,19,1501,1,0,379,West Ham United,2481,15000000.0,20000000.0,0.998,1.0,0.993,same_club
6820,David Brooks,EPL,2023-24,Bournemouth,M S,13,241,1,1,1,13,8,2.204,2.204,0.907,3.816,0.932,1,0,277033,David Brooks,1997-07-08,26.15,173.0,left,Attack,Right Winger,Wales,England,13,273,1,1,989,AFC Bournemouth,389,12000000.0,8000000.0,0.965,1.0,0.883,same_club
6835,Tom Cairney,EPL,2023-24,Fulham,M S,34,1427,1,1,4,17,25,1.01,1.01,3.114,9.089,7.377,3,0,123275,Tom Cairney,1991-01-20,32.61,185.0,left,Midfield,Central Midfield,Scotland,England,34,1478,1,4,931,Fulham FC,1597,2000000.0,2000000.0,0.99,1.0,0.965,same_club
6852,Matt Doherty,EPL,2023-24,Wolverhampton Wanderers,D M S,30,1087,1,1,0,8,12,1.113,1.113,1.099,3.62,2.181,2,0,171679,Matt Doherty,1992-01-16,31.62,185.0,right,Defender,Right-Back,Ireland,Ireland,30,1141,1,0,543,Wolverhampton Wanderers,1526,5000000.0,3000000.0,0.986,1.0,0.953,same_club
6935,Naif Aguerd,EPL,2023-24,West Ham,D,21,1871,1,1,0,14,4,1.655,1.655,0.285,3.505,3.467,1,1,361914,Nayef Aguerd,1996-03-30,27.42,190.0,left,Defender,Centre-Back,Morocco,Morocco,21,1859,1,0,379,West Ham United,2268,35000000.0,35000000.0,0.968,0.95,0.994,same_club
7069,Saman Ghoddos,EPL,2023-24,Brentford,D S,19,701,1,1,0,9,10,0.302,0.302,1.03,2.326,2.068,5,0,204294,Saman Ghoddos,1993-09-06,29.98,176.0,right,Midfield,Attacking Midfield,Iran,Sweden,19,730,1,0,1148,Brentford FC,730,2000000.0,2000000.0,0.988,1.0,0.96,same_club
7184,Tim Ream,EPL,2023-24,Fulham,D S,18,1513,1,1,0,1,0,0.961,0.961,0.0,4.038,4.038,2,1,145466,Tim Ream,1987-10-05,35.91,186.0,left,Defender,Centre-Back,United States,United States,18,1505,1,0,931,Fulham FC,1595,1000000.0,800000.0,0.998,1.0,0.995,same_club
7236,Leander Dendoncker,EPL,2023-24,Aston Villa,M S,8,117,1,1,0,2,0,0.81,0.81,0.0,0.636,0.591,0,0,168157,Leander Dendoncker,1995-04-15,28.38,188.0,right,Midfield,Defensive Midfield,Belgium,Belgium,8,119,1,0,405,Aston Villa,231,15000000.0,7000000.0,0.995,1.0,0.983,same_club
7236,Leander Dendoncker,EPL,2023-24,Aston Villa,M S,8,117,1,1,0,2,0,0.81,0.81,0.0,0.636,0.591,0,0,168157,Leander Dendoncker,1995-04-15,28.38,188.0,right,Midfield,Defensive Midfield,Belgium,Belgium,8,119,1,0,405,Aston Villa,231,15000000.0,7000000.0,0.983,1.0,0.944,same_club
7430,Emerson,EPL,2023-24,Tottenham,D S,22,1145,1,1,0,6,3,0.177,0.177,0.416,4.48,4.326,4,0,476344,Emerson Royal,1999-01-14,24.63,183.0,right,Defender,Right-Back,Brazil,Brazil,22,1155,1,0,148,Tottenham Hotspur,1245,20000000.0,18000000.0,0.967,0.95,0.991,same_club
7438,James Garner,EPL,2023-24,Everton,M S,37,3016,1,1,2,41,43,2.225,2.225,5.288,9.332,5.183,7,0,505219,James Garner,2001-03-13,22.47,182.0,right,Midfield,Defensive Midfield,England,England,37,3005,1,2,29,Everton FC,3342,16000000.0,22000000.0,0.999,1.0,0.996,same_club
7710,Oliver Norwood,EPL,2023-24,Sheffield United,M S,27,1413,1,0,0,15,16,0.986,0.225,0.693,2.789,2.407,8,0,73547,Oliver Norwood,1991-04-12,32.39,175.0,right,Midfield,Central Midfield,Northern Ireland,England,27,1433,1,0,350,Sheffield United,1613,2000000.0,1000000.0,0.996,1.0,0.986,same_club
7726,Ezri Konsa Ngoyo,EPL,2023-24,Aston Villa,D,35,3090,1,1,0,19,8,2.328,2.328,0.687,14.66,13.563,5,0,413403,Ezri Konsa,1997-10-23,25.86,180.0,right,Defender,Centre-Back,England,England,35,3074,1,0,405,Aston Villa,3374,25000000.0,35000000.0,0.968,0.95,0.995,same_club
7768,Mason Mount,EPL,2023-24,Manchester United,M S,14,501,1,1,0,5,6,0.624,0.624,0.374,3.081,2.231,2,0,346483,Mason Mount,1999-01-10,24.64,181.0,right,Midfield,Attacking Midfield,England,England,14,514,1,0,985,Manchester United,621,60000000.0,35000000.0,0.992,1.0,0.975,same_club
7958,Sandro Tonali,EPL,2023-24,Newcastle United,M S,8,436,1,1,0,3,7,0.858,0.858,0.552,3.416,2.179,2,0,397033,Sandro Tonali,2000-05-08,23.32,181.0,right,Midfield,Defensive Midfield,Italy,Italy,8,440,1,0,762,Newcastle United,664,50000000.0,38000000.0,0.997,1.0,0.991,same_club
8066,Arnaut Danjuma Groeneveld,EPL,2023-24,Everton,F M S,14,572,1,1,0,25,6,3.423,3.423,0.854,4.256,0.095,0,0,355861,Arnaut Danjuma,1997-01-31,26.58,178.0,right,Attack,Left Winger,Netherlands,Nigeria,14,589,1,0,29,Everton FC,681,25000000.0,13000000.0,0.961,0.95,0.971,same_club
8127,Amad Diallo Traore,EPL,2023-24,Manchester United,M S,9,375,1,1,1,10,10,0.559,0.559,1.011,2.294,1.457,1,0,536835,Amad Diallo,2002-07-11,21.14,173.0,left,Attack,Right Winger,Cote d'Ivoire,Cote d'Ivoire,9,388,1,1,985,Manchester United,470,18000000.0,18000000.0,0.96,0.95,0.966,same_club
8285,Sander Berge,EPL,2023-24,Burnley,M S,37,3020,1,1,2,25,29,2.122,2.122,3.185,12.193,8.591,8,1,333014,Sander Berge,1998-02-14,25.54,195.0,right,Midfield,Defensive Midfield,Norway,Norway,37,3006,1,2,1132,Burnley FC,3071,20000000.0,20000000.0,0.999,1.0,0.995,same_club
8286,Jack Robinson,EPL,2023-24,Sheffield United,D S,34,2885,1,1,1,14,12,1.512,1.512,1.087,3.867,2.726,10,0,128909,Jack Robinson,1993-09-01,30.0,180.0,left,Defender,Centre-Back,England,England,34,2886,1,1,350,Sheffield United,2976,700000.0,1000000.0,1.0,1.0,1.0,same_club
8384,Armando Broja,EPL,2023-24,"Chelsea,Fulham",F S,21,500,1,1,1,13,4,2.489,2.489,0.739,4.233,1.65,0,0,571743,Armando Broja,2001-09-10,21.97,191.0,right,Attack,Centre-Forward,Albania,England,21,534,1,2,"631,931","Chelsea FC,Fulham FC",623,28000000.0,22000000.0,0.981,1.0,0.936,same_club
8430,Chris Richards,EPL,2023-24,Crystal Palace,D M S,26,2085,1,1,1,11,6,0.64,0.64,0.678,5.398,4.987,3,0,578539,Chris Richards,2000-03-28,23.43,189.0,right,Defender,Centre-Back,United States,United States,26,2091,1,1,873,Crystal Palace,2351,10000000.0,12000000.0,0.999,1.0,0.997,same_club
8780,Joël Veltman,EPL,2023-24,Brighton,D S,27,1549,1,1,1,6,4,0.744,0.744,0.522,3.686,3.088,4,0,111195,Joël Veltman,1992-01-15,31.63,184.0,right,Defender,Right-Back,Netherlands,Netherlands,27,1582,1,1,1237,Brighton & Hove Albion,1958,10000000.0,10000000.0,0.994,1.0,0.979,same_club
8808,Wataru Endo,EPL,2023-24,Liverpool,M S,29,1718,1,1,0,10,16,0.438,0.438,1.493,12.218,11.228,10,0,146310,Wataru Endo,1993-02-09,30.56,178.0,right,Midfield,Defensive Midfield,Japan,Japan,29,1720,1,0,31,Liverpool FC,2517,6500000.0,13000000.0,1.0,1.0,0.999,same_club
8941,Jacob Ramsey,EPL,2023-24,Aston Villa,M S,16,824,1,1,1,19,9,2.317,2.317,0.917,5.195,2.259,2,0,503749,Jacob Ramsey,2001-05-28,22.26,180.0,right,Midfield,Central Midfield,England,England,16,851,1,1,405,Aston Villa,960,42000000.0,35000000.0,0.99,1.0,0.968,same_club
8973,Lorenz Assignon,EPL,2023-24,Burnley,D,15,1249,1,1,2,9,13,0.409,0.409,2.075,3.95,3.192,3,1,711969,Lorenz Assignon,2000-06-22,23.19,181.0,right,Defender,Right-Back,France,France,15,1238,1,2,1132,Burnley FC,2612,5000000.0,10000000.0,0.997,1.0,0.991,same_club
8973,Lorenz Assignon,EPL,2023-24,Burnley,D,15,1249,1,1,2,9,13,0.409,0.409,2.075,3.95,3.192,3,1,711969,Lorenz Assignon,2000-06-22,23.19,181.0,right,Defender,Right-Back,France,France,15,1238,1,2,1132,Burnley FC,2612,5000000.0,10000000.0,0.999,1.0,0.997,same_club
9356,Carney Chukwuemeka,EPL,2023-24,Chelsea,M S,9,219,1,1,1,3,5,0.118,0.118,0.248,0.471,0.105,2,0,659459,Carney Chukwuemeka,2003-10-20,19.87,187.0,right,Midfield,Central Midfield,Austria,Austria,9,223,1,1,631,Chelsea FC,236,15000000.0,15000000.0,0.995,1.0,0.982,same_club
9453,Moisés Caicedo,EPL,2023-24,Chelsea,M S,35,2897,1,1,3,13,22,0.297,0.297,2.499,25.048,23.262,11,0,687626,Moisés Caicedo,2001-11-02,21.83,178.0,right,Midfield,Defensive Midfield,Ecuador,Ecuador,35,2874,1,3,631,Chelsea FC,3414,75000000.0,75000000.0,0.998,1.0,0.992,same_club
9512,Valentino Livramento,EPL,2023-24,Newcastle United,D S,26,1275,1,1,0,4,12,0.961,0.961,1.081,6.642,5.265,1,0,503981,Tino Livramento,2002-11-12,20.8,182.0,right,Defender,Right-Back,England,England,26,1306,1,0,762,Newcastle United,1650,25000000.0,35000000.0,0.963,0.95,0.976,same_club
9558,Hannibal Mejbri,EPL,2023-24,Manchester United,M S,5,124,1,1,0,1,2,0.017,0.017,0.218,0.616,0.382,1,0,607224,Hannibal,2003-01-21,20.61,177.0,right,Midfield,Attacking Midfield,Tunisia,France,5,131,1,0,985,Manchester United,294,8000000.0,9000000.0,0.954,0.95,0.947,same_club
9558,Hannibal Mejbri,EPL,2023-24,Manchester United,M S,5,124,1,1,0,1,2,0.017,0.017,0.218,0.616,0.382,1,0,607224,Hannibal,2003-01-21,20.61,177.0,right,Midfield,Attacking Midfield,Tunisia,France,5,131,1,0,985,Manchester United,294,8000000.0,9000000.0,0.94,0.95,0.901,same_club
9662,Dango Ouattara,EPL,2023-24,Bournemouth,D F M S,30,1200,1,1,2,30,17,2.821,2.821,1.691,5.185,3.138,3,0,823231,Dango Ouattara,2002-02-11,21.55,177.0,left,Attack,Right Winger,Burkina Faso,Burkina Faso,30,1220,1,2,989,AFC Bournemouth,1380,25000000.0,20000000.0,0.995,1.0,0.984,same_club
9680,Vitaly Janelt,EPL,2023-24,Brentford,D M S,38,3137,1,1,3,21,37,2.016,2.016,4.314,12.405,9.033,8,0,270171,Vitaly Janelt,1998-05-10,25.31,184.0,left,Midfield,Defensive Midfield,Germany,Germany,38,3073,1,3,1148,Brentford FC,3346,20000000.0,22000000.0,0.994,1.0,0.98,same_club
9681,Frank Onyeka,EPL,2023-24,Brentford,M S,26,1124,1,1,2,22,12,2.007,2.007,1.848,6.113,2.385,8,0,421637,Frank Onyeka,1998-01-01,25.66,183.0,right,Midfield,Central Midfield,Nigeria,Nigeria,26,1153,1,2,1148,Brentford FC,1242,8000000.0,9000000.0,0.992,1.0,0.975,same_club
9685,Mads Roerslev,EPL,2023-24,Brentford,D S,34,2009,1,1,2,7,15,1.128,1.128,2.065,6.287,4.378,1,0,391005,Mads Roerslev,1999-06-24,24.19,184.0,right,Defender,Right-Back,Denmark,Denmark,34,1988,1,2,1148,Brentford FC,2153,6000000.0,10000000.0,0.997,1.0,0.99,same_club
9689,Albert Sambi Lokonga,EPL,2023-24,Luton,M S,17,1331,1,1,3,8,9,0.753,0.753,1.487,4.319,3.18,4,0,381967,Albert Sambi Lokonga,1999-10-22,23.86,183.0,right,Midfield,Central Midfield,Belgium,Belgium,17,1310,1,3,1031,Luton Town,1443,15000000.0,15000000.0,0.995,1.0,0.984,same_club
9733,Nathan Collins,EPL,2023-24,Brentford,D S,32,2647,1,1,1,10,11,1.963,1.963,2.057,7.092,4.63,3,0,469050,Nathan Collins,2001-04-30,22.34,193.0,right,Defender,Centre-Back,Ireland,Ireland,32,2650,1,1,1148,Brentford FC,2876,22000000.0,25000000.0,1.0,1.0,0.999,same_club
9914,Shandon Baptiste,EPL,2023-24,Brentford,M S,10,203,1,1,1,2,4,0.861,0.861,0.43,1.331,0.265,1,0,533916,Shandon Baptiste,1998-04-08,25.4,180.0,right,Midfield,Central Midfield,Grenada,England,10,224,1,1,1148,Brentford FC,299,3000000.0,2500000.0,0.972,1.0,0.906,same_club
10012,Jakub Kiwior,EPL,2023-24,Arsenal,D S,20,953,1,1,3,6,6,1.196,1.196,0.908,5.18,3.991,1,0,425918,Jakub Kiwior,2000-02-15,23.54,189.0,left,Defender,Centre-Back,Poland,Poland,20,945,1,3,11,Arsenal FC,1414,25000000.0,30000000.0,0.997,1.0,0.992,same_club
10027,Lewis Dobbin,EPL,2023-24,Everton,M S,12,198,1,1,0,5,4,0.503,0.503,0.499,0.677,0.136,1,0,627248,Lewis Dobbin,2003-01-03,20.66,175.0,right,Attack,Left Winger,England,England,12,227,1,0,29,Everton FC,240,900000.0,2500000.0,0.962,1.0,0.872,same_club
10120,Conor Bradley,EPL,2023-24,Liverpool,D S,11,776,1,1,3,12,15,0.903,0.903,1.952,6.451,4.834,2,0,624258,Conor Bradley,2003-07-09,20.15,181.0,right,Defender,Right-Back,Northern Ireland,Northern Ireland,11,760,1,3,31,Liverpool FC,1232,1500000.0,15000000.0,0.994,1.0,0.979,same_club
10216,Lewis Hall,EPL,2023-24,Newcastle United,D S,18,748,1,1,0,11,3,0.416,0.416,0.301,6.009,5.447,2,0,670858,Lewis Hall,2004-09-08,18.98,179.0,left,Defender,Left-Back,England,England,18,775,1,0,762,Newcastle United,938,10000000.0,18000000.0,0.99,1.0,0.965,same_club
10293,Toti,EPL,2023-24,Wolverhampton Wanderers,D S,35,2789,1,1,3,10,6,1.679,1.679,1.211,5.864,5.54,7,0,606718,Toti,1999-01-16,24.62,187.0,left,Defender,Centre-Back,Portugal,Guinea-Bissau,35,2776,1,3,543,Wolverhampton Wanderers,3254,6000000.0,20000000.0,0.999,1.0,0.995,same_club
10620,Luca Koleosho,EPL,2023-24,Burnley,F M S,15,1015,1,1,1,23,11,2.324,2.324,1.457,3.732,0.279,0,0,745461,Luca Koleosho,2004-09-15,18.96,175.0,right,Attack,Right Winger,Italy,United States,15,986,1,1,1132,Burnley FC,986,1000000.0,7000000.0,0.991,1.0,0.971,same_club
10697,Ryan Gravenberch,EPL,2023-24,Liverpool,M S,26,1116,1,1,0,23,15,1.713,1.713,1.092,7.44,5.028,0,0,478573,Ryan Gravenberch,2002-05-16,21.3,190.0,right,Midfield,Defensive Midfield,Netherlands,Netherlands,26,1121,1,0,31,Liverpool FC,1601,30000000.0,35000000.0,0.999,1.0,0.996,same_club
10697,Ryan Gravenberch,EPL,2023-24,Liverpool,M S,26,1116,1,1,0,23,15,1.713,1.713,1.092,7.44,5.028,0,0,478573,Ryan Gravenberch,2002-05-16,21.3,190.0,right,Midfield,Defensive Midfield,Netherlands,Netherlands,26,1121,1,0,31,Liverpool FC,1601,30000000.0,35000000.0,0.99,1.0,0.967,same_club
10743,Kieffer Moore,EPL,2023-24,Bournemouth,S,8,76,1,1,0,6,2,1.254,1.254,0.48,1.998,0.79,0,0,275590,Kieffer Moore,1992-08-08,31.06,196.0,right,Attack,Centre-Forward,Wales,England,8,100,1,0,989,AFC Bournemouth,229,4000000.0,2000000.0,0.928,1.0,0.76,same_club
10758,Harry Toffolo,EPL,2023-24,Nottingham Forest,D S,23,1439,1,1,3,8,18,1.41,1.41,1.481,4.174,2.71,3,0,198516,Harry Toffolo,1995-08-19,28.04,183.0,left,Defender,Left-Back,England,England,23,1455,1,3,703,Nottingham Forest,1724,3500000.0,5000000.0,0.997,1.0,0.989,same_club
10805,Levi Colwill,EPL,2023-24,Chelsea,D S,23,1813,1,1,1,11,7,0.776,0.776,1.238,8.106,7.156,2,0,614258,Levi Colwill,2003-02-26,20.51,187.0,left,Defender,Centre-Back,England,England,23,1798,1,1,631,Chelsea FC,1904,35000000.0,50000000.0,0.998,1.0,0.992,same_club
10872,Vinicius Souza,EPL,2023-24,Sheffield United,D M S,36,2676,1,1,0,14,5,0.5,0.5,0.782,4.085,2.989,3,0,663581,Vini Souza,1999-06-17,24.21,187.0,right,Midfield,Defensive Midfield,Brazil,Brazil,36,2672,1,0,350,Sheffield United,2699,6000000.0,12000000.0,0.97,0.95,0.999,same_club
11003,Ryan Yates,EPL,2023-24,Nottingham Forest,M S,35,1967,1,1,1,32,7,2.622,2.622,1.006,7.968,5.583,6,0,425902,Ryan Yates,1997-11-21,25.78,190.0,right,Midfield,Central Midfield,England,England,35,1986,1,1,703,Nottingham Forest,2322,11000000.0,12000000.0,0.997,1.0,0.99,same_club
11007,Fábio Vieira,EPL,2023-24,Arsenal,M S,11,277,1,0,2,7,5,1.164,0.403,1.31,1.59,0.293,0,1,537598,Fábio Vieira,2000-05-30,23.26,170.0,left,Midfield,Attacking Midfield,Portugal,Portugal,11,292,1,2,11,Arsenal FC,381,25000000.0,22000000.0,0.985,1.0,0.949,same_club
11094,Antony,EPL,2023-24,Manchester United,M S,29,1329,1,1,1,43,22,3.493,3.493,3.496,11.481,6.455,5,0,602105,Antony,2000-02-24,23.52,172.0,left,Attack,Right Winger,Brazil,Brazil,29,1323,1,1,985,Manchester United,1820,60000000.0,25000000.0,0.999,1.0,0.995,same_club
11386,Lewis Miley,EPL,2023-24,Newcastle United,M S,17,1223,1,1,3,13,12,1.117,1.117,1.546,6.223,4.035,1,0,922769,Lewis Miley,2006-05-01,17.34,189.0,right,Midfield,Central Midfield,England,England,17,1208,1,3,762,Newcastle United,1594,,22000000.0,0.996,1.0,0.988,same_club
11486,Illia Zabarnyi,EPL,2023-24,Bournemouth,D,37,3330,1,1,0,8,7,1.737,1.737,0.383,9.3,9.115,5,0,659089,Ilya Zabarnyi,2002-09-01,21.0,189.0,right,Defender,Centre-Back,Ukraine,Ukraine,37,3330,1,0,989,AFC Bournemouth,3546,20000000.0,32000000.0,0.97,0.95,1.0,same_club
11595,Alfie Gilchrist,EPL,2023-24,Chelsea,D S,11,192,1,1,0,5,0,0.641,0.641,0.0,0.985,0.51,1,0,790992,Alfie Gilchrist,2003-11-28,19.76,183.0,right,Defender,Centre-Back,England,England,11,202,1,0,631,Chelsea FC,405,,5000000.0,0.985,1.0,0.95,same_club
11699,Ameen Al Dakhil,EPL,2023-24,Burnley,D S,13,1055,1,1,0,8,2,1.222,1.222,0.098,2.836,1.757,1,0,620598,Ameen Al-Dakhil,2002-03-06,21.49,187.0,right,Defender,Centre-Back,Belgium,Iraq,13,1055,1,0,1132,Burnley FC,1078,6000000.0,12000000.0,1.0,1.0,1.0,same_club
11714,Tom Lockyer,EPL,2023-24,Luton,D,14,1185,1,1,1,7,3,1.619,1.619,0.376,1.866,0.991,4,0,207742,Tom Lockyer,1994-12-03,28.74,185.0,right,Defender,Centre-Back,Wales,Wales,14,1172,1,1,1031,Luton Town,1172,3000000.0,2500000.0,0.997,1.0,0.989,same_club
11715,Mads Andersen,EPL,2023-24,Luton,D S,8,390,1,1,0,3,0,0.694,0.694,0.0,0.615,0.042,1,0,407021,Mads Andersen,1997-12-27,25.68,194.0,right,Defender,Centre-Back,Denmark,Denmark,8,399,1,0,1031,Luton Town,399,2000000.0,3000000.0,0.993,1.0,0.977,same_club
11721,Cauley Woodrow,EPL,2023-24,Luton,F S,24,344,1,1,1,16,10,0.977,0.977,1.199,2.164,0.344,2,0,169801,Cauley Woodrow,1994-12-02,28.75,184.0,right,Attack,Centre-Forward,England,England,24,408,1,1,1031,Luton Town,502,1200000.0,1000000.0,0.953,1.0,0.843,same_club
11728,Calvin Bassey,EPL,2023-24,Fulham,D S,29,2278,1,1,0,5,2,0.368,0.368,0.106,8.237,8.237,4,1,461883,Calvin Bassey,1999-12-31,23.67,185.0,left,Defender,Centre-Back,Nigeria,Italy,29,2300,1,0,931,Fulham FC,2300,15000000.0,16000000.0,0.997,1.0,0.99,same_club
11903,Oscar Bobb,EPL,2023-24,Manchester City,M S,14,269,1,1,1,4,8,1.494,1.494,1.188,5.021,2.876,0,0,661207,Oscar Bobb,2003-07-12,20.14,177.0,left,Attack,Right Winger,Norway,Norway,14,295,1,1,281,Manchester City,729,,25000000.0,0.974,1.0,0.912,same_club
11926,Edson Álvarez,EPL,2023-24,West Ham,M S,31,2405,1,1,1,17,12,1.212,1.212,0.593,6.417,5.055,11,0,401356,Edson Álvarez,1997-10-24,25.85,190.0,right,Midfield,Defensive Midfield,Mexico,Mexico,31,2383,1,1,379,West Ham United,3020,35000000.0,35000000.0,0.997,1.0,0.991,same_club
12073,Teden Mengi,EPL,2023-24,Luton,D S,30,2465,1,1,0,11,6,0.679,0.679,0.348,3.329,2.984,3,0,548470,Teden Mengi,2002-04-30,21.34,186.0,right,Defender,Centre-Back,England,England,30,2470,1,0,1031,Luton Town,2785,2000000.0,12000000.0,0.999,1.0,0.998,same_club
12105,Alejo Véliz,EPL,2023-24,Tottenham,S,8,27,1,1,0,2,0,0.206,0.206,0.0,0.206,0.0,1,0,888493,Alejo Veliz,2003-09-19,19.95,186.0,right,Attack,Centre-Forward,Argentina,Argentina,8,45,1,0,148,Tottenham Hotspur,76,7000000.0,9000000.0,0.94,1.0,0.8,same_club
12105,Alejo Véliz,EPL,2023-24,Tottenham,S,8,27,1,1,0,2,0,0.206,0.206,0.0,0.206,0.0,1,0,888493,Alejo Veliz,2003-09-19,19.95,186.0,right,Attack,Centre-Forward,Argentina,Argentina,8,45,1,0,148,Tottenham Hotspur,76,7000000.0,9000000.0,0.97,1.0,0.9,same_club
12149,Alex Scott,EPL,2023-24,Bournemouth,M S,23,997,1,1,1,15,22,0.642,0.642,2.071,4.818,2.625,3,0,855256,Alex Scott,2003-08-21,20.03,178.0,right,Midfield,Central Midfield,England,Guernsey,23,1010,1,1,989,AFC Bournemouth,1382,20000000.0,20000000.0,0.996,1.0,0.987,same_club
12187,Jordan Clark,EPL,2023-24,Luton,M S,23,1326,1,1,1,17,12,0.926,0.926,1.849,4.374,2.607,4,0,184129,Jordan Clark,1993-09-22,29.94,183.0,right,Midfield,Central Midfield,England,England,23,1306,1,1,1031,Luton Town,1472,900000.0,1000000.0,0.995,1.0,0.985,same_club
12474,George Earthy,EPL,2023-24,West Ham,S,3,21,1,1,0,1,0,0.63,0.63,0.0,0.63,0.0,0,0,697280,George Earthy,2004-09-05,18.99,180.0,right,Midfield,Attacking Midfield,England,England,3,32,1,0,379,West Ham United,36,,1000000.0,0.963,1.0,0.878,same_club
37,Loris Karius,EPL,2023-24,Newcastle United,GK,1,90,0,0,0,0,0,0.0,0.0,0.0,0.0,0.0,0,0,85864,Loris Karius,1993-06-22,30.19,191.0,right,Goalkeeper,Goalkeeper,Germany,Germany,1,90,0,0,762,Newcastle United,90,1200000.0,1000000.0,1.0,1.0,1.0,same_club
181,Bernd Leno,EPL,2023-24,Fulham,GK,38,3420,0,0,0,0,0,0.0,0.0,0.0,4.715,4.715,3,0,72476,Bernd Leno,1992-03-04,31.49,190.0,right,Goalkeeper,Goalkeeper,Germany,Germany,38,3420,0,0,931,Fulham FC,3420,12000000.0,13000000.0,1.0,1.0,1.0,same_club
205,Mahmoud Dahoud,EPL,2023-24,Brighton,M S,9,462,0,0,1,6,10,0.165,0.165,1.101,3.164,2.48,1,1,191422,Mahmoud Dahoud,1996-01-01,27.67,178.0,right,Midfield,Central Midfield,Syria,Syria,9,454,0,1,1237,Brighton & Hove Albion,840,12000000.0,6000000.0,0.995,1.0,0.983,same_club
205,Mahmoud Dahoud,EPL,2023-24,Brighton,M S,9,462,0,0,1,6,10,0.165,0.165,1.101,3.164,2.48,1,1,191422,Mahmoud Dahoud,1996-01-01,27.67,178.0,right,Midfield,Central Midfield,Syria,Syria,9,454,0,1,1237,Brighton & Hove Albion,840,12000000.0,6000000.0,0.921,1.0,0.737,same_club
229,Thiago Alcántara,EPL,2023-24,Liverpool,S,1,1,0,0,0,0,0,0.0,0.0,0.0,0.0,0.0,0,0,60444,Thiago Alcántara,1991-04-11,32.39,174.0,right,Midfield,Central Midfield,Spain,Italy,1,5,0,0,31,Liverpool FC,5,15000000.0,10000000.0,0.987,1.0,0.956,same_club
332,Joel Matip,EPL,2023-24,Liverpool,D S,10,798,0,0,0,5,2,0.555,0.555,0.049,4.663,4.636,2,0,82105,Joel Matip,1991-08-08,32.07,195.0,right,Defender,Centre-Back,Cameroon,Germany,10,782,0,0,31,Liverpool FC,970,12000000.0,8000000.0,0.994,1.0,0.98,same_club
343,Pierre-Emile Højbjerg,EPL,2023-24,Tottenham,M S,36,1212,0,0,0,19,8,0.544,0.544,1.135,11.556,10.494,4,0,167799,Pierre-Emile Højbjerg,1995-08-05,28.07,185.0,right,Midfield,Defensive Midfield,Denmark,Denmark,36,1293,0,0,148,Tottenham Hotspur,1396,45000000.0,18000000.0,0.981,1.0,0.937,same_club
375,Odisseas Vlachodimos,EPL,2023-24,Nottingham Forest,GK,5,450,0,0,0,0,1,0.0,0.0,0.033,1.1,1.067,0,0,124419,Odysseas Vlachodimos,1994-04-26,29.35,191.0,right,Goalkeeper,Goalkeeper,Greece,Germany,5,450,0,0,703,Nottingham Forest,840,16000000.0,7000000.0,0.97,0.95,1.0,same_club
448,Ivan Perisic,EPL,2023-24,Tottenham,S,5,71,0,0,1,2,5,0.13,0.13,1.16,1.804,0.991,2,0,42460,Ivan Perišić,1989-02-02,34.58,186.0,both,Attack,Left Winger,Croatia,Jugoslawien (SFR),5,98,0,1,148,Tottenham Hotspur,98,7000000.0,2000000.0,0.917,1.0,0.724,same_club
484,Divock Origi,EPL,2023-24,Nottingham Forest,F M S,20,557,0,0,1,14,7,1.546,1.546,1.592,4.103,1.076,1,0,148368,Divock Origi,1995-04-18,28.37,189.0,right,Attack,Centre-Forward,Belgium,Belgium,20,600,0,1,703,Nottingham Forest,754,6000000.0,5000000.0,0.978,1.0,0.928,same_club
486,Adam Lallana,EPL,2023-24,Brighton,M S,25,875,0,0,1,11,15,0.764,0.764,1.491,4.825,2.977,2,0,43530,Adam Lallana,1988-05-10,35.31,172.0,both,Midfield,Attacking Midfield,England,England,25,846,0,1,1237,Brighton & Hove Albion,966,1200000.0,1000000.0,0.99,1.0,0.967,same_club
488,Philippe Coutinho,EPL,2023-24,Aston Villa,S,2,18,0,0,0,3,0,0.142,0.142,0.0,0.142,0.012,0,0,80444,Philippe Coutinho,1992-06-12,31.22,172.0,right,Midfield,Attacking Midfield,Brazil,Brazil,2,24,0,0,405,Aston Villa,24,10000000.0,7500000.0,0.98,1.0,0.933,same_club
489,James Milner,EPL,2023-24,Brighton,D M S,15,788,0,0,2,5,16,0.286,0.286,1.487,4.586,4.168,3,0,3333,James Milner,1986-01-04,37.66,175.0,right,Midfield,Central Midfield,England,England,15,778,0,2,1237,Brighton & Hove Albion,955,1500000.0,1000000.0,0.996,1.0,0.987,same_club
496,Mohamed Elneny,EPL,2023-24,Arsenal,S,3,18,0,0,0,2,0,0.058,0.058,0.0,0.155,0.097,0,0,160438,Mohamed Elneny,1992-07-11,31.14,179.0,right,Midfield,Defensive Midfield,Egypt,Egypt,3,25,0,0,11,Arsenal FC,88,6000000.0,3500000.0,0.977,1.0,0.922,same_club
508,Calum Chambers,EPL,2023-24,Aston Villa,M S,5,137,0,0,1,0,1,0.0,0.0,0.057,0.612,0.612,1,0,215118,Calum Chambers,1995-01-20,28.61,182.0,right,Defender,Centre-Back,England,England,5,150,0,1,405,Aston Villa,240,8000000.0,4000000.0,0.974,1.0,0.913,same_club
510,Joel Ward,EPL,2023-24,Crystal Palace,D S,26,1985,0,0,1,10,2,0.785,0.785,0.097,5.341,5.244,4,0,92572,Joel Ward,1989-10-29,33.84,186.0,right,Defender,Right-Back,England,England,26,1982,0,1,873,Crystal Palace,1993,1200000.0,1000000.0,1.0,1.0,0.998,same_club
528,Angelo Ogbonna,EPL,2023-24,West Ham,D S,11,629,0,0,0,1,0,0.041,0.041,0.0,0.212,0.171,1,0,48002,Angelo Ogbonna,1988-05-23,35.27,191.0,left,Defender,Centre-Back,Italy,Italy,11,634,0,0,379,West Ham United,910,900000.0,700000.0,0.998,1.0,0.992,same_club
530,James Tomkins,EPL,2023-24,Crystal Palace,S,4,4,0,0,0,0,0,0.0,0.0,0.0,0.0,0.0,0,0,61592,James Tomkins,1989-03-29,34.43,192.0,right,Defender,Centre-Back,England,England,4,8,0,0,873,Crystal Palace,8,800000.0,700000.0,0.987,1.0,0.956,same_club
532,Cheikhou Kouyaté,EPL,2023-24,Nottingham Forest,M S,12,199,0,0,0,5,1,0.401,0.401,0.056,0.872,0.456,2,0,66934,Cheikhou Kouyaté,1989-12-21,33.69,189.0,right,Midfield,Defensive Midfield,Senegal,Senegal,12,208,0,0,703,Nottingham Forest,272,2000000.0,1000000.0,0.987,1.0,0.957,same_club
534,Aaron Cresswell,EPL,2023-24,West Ham,D S,11,414,0,0,0,0,5,0.0,0.0,0.445,0.323,0.273,1,0,92571,Aaron Cresswell,1989-12-15,33.71,170.0,left,Defender,Left-Back,England,England,11,432,0,0,379,West Ham United,928,1200000.0,900000.0,0.987,1.0,0.958,same_club
561,Joe Rothwell,EPL,2023-24,Bournemouth,M S,11,370,0,0,0,2,4,0.05,0.05,0.137,1.697,1.635,0,0,183293,Joe Rothwell,1995-01-11,28.64,185.0,right,Midfield,Central Midfield,England,England,11,381,0,0,989,AFC Bournemouth,590,4000000.0,2500000.0,0.991,1.0,0.971,same_club
585,Seamus Coleman,EPL,2023-24,Everton,D S,12,654,0,0,0,0,3,0.0,0.0,0.889,2.344,1.455,0,0,68390,Séamus Coleman,1988-10-11,34.89,177.0,right,Defender,Right-Back,Ireland,Ireland,12,662,0,0,29,Everton FC,819,1000000.0,500000.0,0.996,1.0,0.988,same_club
603,Nathaniel Clyne,EPL,2023-24,Crystal Palace,D S,19,1341,0,0,0,4,3,0.183,0.183,0.15,3.289,3.01,0,0,85177,Nathaniel Clyne,1991-04-05,32.41,175.0,right,Defender,Right-Back,England,England,19,1338,0,0,873,Crystal Palace,1577,2000000.0,1500000.0,0.999,1.0,0.998,same_club
631,Ashley Young,EPL,2023-24,Everton,D M S,31,2305,0,0,0,13,21,0.567,0.567,2.473,6.804,5.16,5,1,14086,Ashley Young,1985-07-09,38.15,175.0,both,Defender,Right-Back,England,England,31,2290,0,0,29,Everton FC,2313,600000.0,500000.0,0.998,1.0,0.993,same_club
638,Kyle Walker,EPL,2023-24,Manchester City,D S,32,2770,0,0,4,16,25,0.365,0.365,3.342,21.998,20.065,2,0,95424,Kyle Walker,1990-05-28,33.26,183.0,right,Defender,Right-Back,England,England,32,2768,0,4,281,Manchester City,4083,13000000.0,13000000.0,1.0,1.0,0.999,same_club
643,Eric Dier,EPL,2023-24,Tottenham,D S,4,187,0,0,0,0,0,0.0,0.0,0.0,0.285,0.285,0,0,175722,Eric Dier,1994-01-15,29.63,191.0,right,Defender,Centre-Back,England,England,4,199,0,0,148,Tottenham Hotspur,1808,18000000.0,12000000.0,0.982,1.0,0.94,same_club
643,Eric Dier,EPL,2023-24,Tottenham,D S,4,187,0,0,0,0,0,0.0,0.0,0.0,0.285,0.285,0,0,175722,Eric Dier,1994-01-15,29.63,191.0,right,Defender,Centre-Back,England,England,4,199,0,0,148,Tottenham Hotspur,1808,18000000.0,12000000.0,0.999,1.0,0.996,same_club
695,Bertrand Traoré,EPL,2023-24,Aston Villa,S,2,7,0,0,0,0,0,0.0,0.0,0.0,0.0,0.0,0,0,131996,Bertrand Traoré,1995-09-06,27.99,181.0,left,Attack,Right Winger,Burkina Faso,Burkina Faso,2,10,0,0,405,Aston Villa,600,12000000.0,9000000.0,0.99,1.0,0.967,same_club
695,Bertrand Traoré,EPL,2023-24,Aston Villa,S,2,7,0,0,0,0,0,0.0,0.0,0.0,0.0,0.0,0,0,131996,Bertrand Traoré,1995-09-06,27.99,181.0,left,Attack,Right Winger,Burkina Faso,Burkina Faso,2,10,0,0,405,Aston Villa,600,12000000.0,9000000.0,0.999,1.0,0.998,same_club
706,Lukasz Fabianski,EPL,2023-24,West Ham,GK S,10,706,0,0,0,0,0,0.0,0.0,0.0,0.316,0.316,0,0,29692,Lukasz Fabianski,1985-04-18,38.37,190.0,right,Goalkeeper,Goalkeeper,Poland,Poland,10,721,0,0,379,West Ham United,1801,900000.0,700000.0,0.994,1.0,0.979,same_club
712,Jack Cork,EPL,2023-24,Burnley,S,4,16,0,0,0,0,0,0.0,0.0,0.0,0.249,0.249,0,0,40613,Jack Cork,1989-06-25,34.18,185.0,right,Midfield,Defensive Midfield,England,England,4,25,0,0,1132,Burnley FC,25,1000000.0,800000.0,0.97,1.0,0.9,same_club
741,Jordan Pickford,EPL,2023-24,Everton,GK,38,3420,0,0,0,0,4,0.0,0.0,0.136,4.562,4.441,5,0,130164,Jordan Pickford,1994-03-07,29.49,185.0,left,Goalkeeper,Goalkeeper,England,England,38,3420,0,0,29,Everton FC,3510,22000000.0,22000000.0,1.0,1.0,1.0,same_club
773,Aleksandar Mitrovic,EPL,2023-24,Fulham,S,1,31,0,0,0,2,0,0.191,0.191,0.0,0.191,0.0,0,0,51152,Aleksandar Mitrović,1994-09-16,28.96,189.0,right,Attack,Centre-Forward,Serbia,Yugoslavia (Republic),1,32,0,0,931,Fulham FC,32,28000000.0,28000000.0,0.997,1.0,0.989,same_club
782,Ben Chilwell,EPL,2023-24,Chelsea,D S,13,771,0,0,1,12,14,1.221,1.221,1.793,3.85,1.957,5,0,316125,Ben Chilwell,1996-12-21,26.69,180.0,left,Defender,Left-Back,England,England,13,757,0,1,631,Chelsea FC,904,35000000.0,28000000.0,0.995,1.0,0.982,same_club
790,Nathan Redmond,EPL,2023-24,Burnley,S,12,100,0,0,0,0,4,0.0,0.0,0.252,0.905,0.822,1,0,129078,Nathan Redmond,1994-03-06,29.49,173.0,right,Attack,Right Winger,England,England,12,132,0,0,1132,Burnley FC,155,10000000.0,5000000.0,0.927,1.0,0.758,same_club
807,Jonny Evans,EPL,2023-24,Manchester United,D S,23,1399,0,0,1,1,6,0.082,0.082,0.712,3.113,3.084,2,0,42412,Jonny Evans,1988-01-03,35.66,188.0,both,Defender,Centre-Back,Northern Ireland,Northern Ireland,23,1396,0,1,985,Manchester United,1571,2000000.0,2000000.0,0.999,1.0,0.998,same_club
825,Adam Smith,EPL,2023-24,Bournemouth,D S,28,2185,0,0,2,2,17,0.04,0.04,1.462,7.45,6.158,6,0,61841,Adam Smith,1991-04-29,32.34,174.0,right,Defender,Right-Back,England,England,28,2157,0,2,989,AFC Bournemouth,2367,1200000.0,1000000.0,0.996,1.0,0.987,same_club
847,Cédric Soares,EPL,2023-24,Arsenal,S,3,44,0,0,0,0,0,0.0,0.0,0.0,0.197,0.197,0,0,112988,Cédric Soares,1991-08-31,32.0,171.0,right,Defender,Right-Back,Portugal,Germany,3,59,0,0,11,Arsenal FC,121,3000000.0,2000000.0,0.95,1.0,0.833,same_club
853,Paul Dummett,EPL,2023-24,Newcastle United,S,5,11,0,0,0,0,0,0.0,0.0,0.0,0.036,0.036,0,0,170321,Paul Dummett,1991-09-26,31.93,183.0,left,Defender,Centre-Back,Wales,England,5,18,0,0,762,Newcastle United,19,1000000.0,900000.0,0.977,1.0,0.922,same_club
884,Matt Targett,EPL,2023-24,Newcastle United,D S,3,78,0,0,0,0,1,0.0,0.0,0.063,0.089,0.026,1,0,250478,Matt Targett,1995-09-18,27.95,183.0,left,Defender,Left-Back,England,England,3,78,0,0,762,Newcastle United,99,13000000.0,10000000.0,1.0,1.0,1.0,same_club
910,Harrison Reed,EPL,2023-24,Fulham,M S,27,1298,0,0,2,9,14,0.286,0.286,1.29,4.718,4.137,6,0,226973,Harrison Reed,1995-01-27,28.59,181.0,right,Midfield,Central Midfield,England,England,27,1326,0,2,931,Fulham FC,1558,18000000.0,15000000.0,0.994,1.0,0.979,same_club
978,Sam Johnstone,EPL,2023-24,Crystal Palace,GK,20,1800,0,0,0,0,0,0.0,0.0,0.0,1.973,1.973,1,0,110864,Sam Johnstone,1993-03-25,30.44,193.0,right,Goalkeeper,Goalkeeper,England,England,20,1797,0,0,873,Crystal Palace,1887,6000000.0,10000000.0,1.0,1.0,0.998,same_club
985,Mason Holgate,EPL,2023-24,Sheffield United,D S,10,718,0,0,0,3,1,0.926,0.926,0.441,1.085,0.643,3,1,348623,Mason Holgate,1996-10-22,26.86,187.0,right,Defender,Centre-Back,Jamaica,England,10,714,0,0,350,Sheffield United,894,9000000.0,5000000.0,0.998,1.0,0.994,same_club
987,Joseph Gomez,EPL,2023-24,Liverpool,D M S,32,1749,0,0,1,19,21,0.816,0.816,1.5,10.546,8.967,5,0,256178,Joe Gomez,1997-05-23,26.28,188.0,right,Defender,Centre-Back,England,England,32,1776,0,1,31,Liverpool FC,2681,22000000.0,28000000.0,0.965,0.95,0.985,same_club
1006,Luke Shaw,EPL,2023-24,Manchester United,D,12,976,0,0,0,2,13,0.071,0.071,0.954,2.188,1.98,6,0,183288,Luke Shaw,1995-07-12,28.14,178.0,left,Defender,Left-Back,England,England,12,963,0,0,985,Manchester United,1180,42000000.0,32000000.0,0.996,1.0,0.987,same_club
1024,Tyrone Mings,EPL,2023-24,Aston Villa,D,1,30,0,0,0,1,1,0.014,0.014,0.138,0.138,0.0,0,0,253677,Tyrone Mings,1993-03-13,30.47,196.0,left,Defender,Centre-Back,England,England,1,31,0,0,405,Aston Villa,31,22000000.0,13000000.0,0.997,1.0,0.989,same_club
1042,Tom Davies,EPL,2023-24,Sheffield United,M S,9,194,0,0,0,4,1,0.251,0.251,0.035,0.631,0.436,2,0,314210,Tom Davies,1998-06-30,25.17,180.0,right,Midfield,Central Midfield,England,England,9,214,0,0,350,Sheffield United,214,9000000.0,5000000.0,0.972,1.0,0.907,same_club
1214,Thomas Strakosha,EPL,2023-24,Brentford,GK S,2,127,0,0,0,0,0,0.0,0.0,0.0,0.0,0.0,0,0,222209,Thomas Strakosha,1995-03-19,28.45,193.0,right,Goalkeeper,Goalkeeper,Albania,Greece,2,135,0,0,1148,Brentford FC,345,3500000.0,3000000.0,0.982,1.0,0.941,same_club
1257,Alisson,EPL,2023-24,Liverpool,GK,28,2520,0,0,0,0,0,0.0,0.0,0.0,8.493,8.493,1,0,105470,Alisson,1992-10-02,30.91,193.0,right,Goalkeeper,Goalkeeper,Brazil,Brazil,28,2520,0,0,31,Liverpool FC,2880,35000000.0,28000000.0,1.0,1.0,1.0,same_club
1297,Neto,EPL,2023-24,Bournemouth,GK,32,2880,0,0,0,0,0,0.0,0.0,0.0,4.502,4.502,5,0,111819,Neto,1989-07-19,34.12,190.0,right,Goalkeeper,Goalkeeper,Brazil,Brazil,32,2880,0,0,989,AFC Bournemouth,2970,2500000.0,2500000.0,1.0,1.0,1.0,same_club
1389,Jorginho,EPL,2023-24,Arsenal,M S,24,911,0,0,2,4,10,0.08,0.08,1.553,6.153,5.498,1,0,102017,Jorginho,1991-12-20,31.7,180.0,right,Midfield,Defensive Midfield,Italy,Brazil,24,920,0,2,11,Arsenal FC,1534,25000000.0,12000000.0,0.997,1.0,0.99,same_club
1545,Emil Krafth,EPL,2023-24,Newcastle United,D S,17,912,0,0,0,4,9,0.225,0.225,0.97,4.405,3.778,2,0,184528,Emil Krafth,1994-08-02,29.08,184.0,right,Defender,Right-Back,Sweden,Sweden,17,910,0,0,762,Newcastle United,1011,3000000.0,2500000.0,0.999,1.0,0.998,same_club
1771,Reece Burke,EPL,2023-24,Luton,D S,22,1691,0,0,4,13,13,2.164,2.164,2.321,4.144,3.868,5,0,264220,Reece Burke,1996-09-02,27.0,189.0,right,Defender,Centre-Back,England,England,22,1664,0,4,1031,Luton Town,1919,1800000.0,1800000.0,0.995,1.0,0.984,same_club
1789,Lewis Cook,EPL,2023-24,Bournemouth,D M S,33,2799,0,0,3,12,46,0.413,0.413,3.678,11.351,8.915,5,1,249089,Lewis Cook,1997-02-03,26.57,175.0,right,Midfield,Central Midfield,England,England,33,2792,0,3,989,AFC Bournemouth,3103,10000000.0,12000000.0,0.999,1.0,0.997,same_club
1830,Ionut Radu,EPL,2023-24,Bournemouth,GK,2,180,0,0,0,0,0,0.0,0.0,0.0,0.0,0.0,0,0,303657,Ionuț Radu,1997-05-28,26.26,188.0,right,Goalkeeper,Goalkeeper,Romania,Romania,2,180,0,0,989,AFC Bournemouth,180,3500000.0,3000000.0,1.0,1.0,1.0,same_club
2280,Jonny,EPL,2023-24,Wolverhampton Wanderers,S,1,1,0,0,0,0,0,0.0,0.0,0.0,0.0,0.0,0,0,175446,Jonny Otto,1994-03-03,29.5,175.0,both,Defender,Right-Back,Spain,Spain,1,4,0,0,543,Wolverhampton Wanderers,428,13000000.0,5000000.0,0.96,0.95,0.967,same_club
2310,Alphonse Areola,EPL,2023-24,West Ham,GK,31,2715,0,0,0,0,0,0.0,0.0,0.0,1.769,1.769,1,0,120629,Alphonse Areola,1993-02-27,30.51,195.0,right,Goalkeeper,Goalkeeper,France,France,31,2700,0,0,379,West Ham United,2790,8000000.0,10000000.0,0.998,1.0,0.994,same_club
2328,Thomas Partey,EPL,2023-24,Arsenal,D M S,14,793,0,0,0,8,6,0.364,0.364,0.43,5.987,5.495,3,0,230784,Thomas Partey,1993-06-13,30.22,185.0,right,Midfield,Defensive Midfield,Ghana,Ghana,14,789,0,0,11,Arsenal FC,883,35000000.0,18000000.0,0.998,1.0,0.995,same_club
2335,Pablo Fornals,EPL,2023-24,West Ham,M S,15,392,0,0,0,7,5,0.292,0.292,0.567,1.448,0.99,0,0,357885,Pablo Fornals,1996-02-22,27.52,178.0,right,Midfield,Central Midfield,Spain,Spain,15,419,0,0,379,West Ham United,1964,22000000.0,14000000.0,0.981,1.0,0.936,same_club
2335,Pablo Fornals,EPL,2023-24,West Ham,M S,15,392,0,0,0,7,5,0.292,0.292,0.567,1.448,0.99,0,0,357885,Pablo Fornals,1996-02-22,27.52,178.0,right,Midfield,Central Midfield,Spain,Spain,15,419,0,0,379,West Ham United,1964,22000000.0,14000000.0,0.993,1.0,0.978,same_club
2498,Aymeric Laporte,EPL,2023-24,Manchester City,S,1,6,0,0,0,1,0,0.112,0.112,0.0,0.0,0.0,0,0,176553,Aymeric Laporte,1994-05-27,29.26,191.0,left,Defender,Centre-Back,Spain,France,1,11,0,0,281,Manchester City,11,25000000.0,20000000.0,0.983,1.0,0.944,same_club
2674,Thilo Kehrer,EPL,2023-24,West Ham,S,4,12,0,0,0,0,0,0.0,0.0,0.0,0.092,0.092,2,0,228948,Thilo Kehrer,1996-09-21,26.94,186.0,both,Defender,Centre-Back,Germany,Germany,4,19,0,0,379,West Ham United,1607,18000000.0,10000000.0,0.977,1.0,0.922,same_club
2674,Thilo Kehrer,EPL,2023-24,West Ham,S,4,12,0,0,0,0,0,0.0,0.0,0.0,0.092,0.092,2,0,228948,Thilo Kehrer,1996-09-21,26.94,186.0,both,Defender,Centre-Back,Germany,Germany,4,19,0,0,379,West Ham United,1607,18000000.0,10000000.0,1.0,1.0,0.998,same_club
3203,Issa Diop,EPL,2023-24,Fulham,D S,18,1435,0,0,0,5,0,0.269,0.269,0.0,2.923,2.923,2,1,272622,Issa Diop,1997-01-09,26.64,194.0,right,Defender,Centre-Back,Morocco,France,18,1425,0,0,931,Fulham FC,1586,18000000.0,20000000.0,0.998,1.0,0.993,same_club
3585,Said Benrahma,EPL,2023-24,West Ham,M S,13,619,0,0,1,19,11,1.924,1.163,1.634,4.429,1.784,1,0,290532,Saïd Benrahma,1995-08-10,28.06,172.0,right,Attack,Left Winger,Algeria,Algeria,13,615,0,1,379,West Ham United,1753,25000000.0,20000000.0,0.998,1.0,0.994,same_club
3585,Said Benrahma,EPL,2023-24,West Ham,M S,13,619,0,0,1,19,11,1.924,1.163,1.634,4.429,1.784,1,0,290532,Saïd Benrahma,1995-08-10,28.06,172.0,right,Attack,Left Winger,Algeria,Algeria,13,615,0,1,379,West Ham United,1753,25000000.0,20000000.0,0.992,1.0,0.974,same_club
3600,Serge Aurier,EPL,2023-24,Nottingham Forest,D S,12,843,0,0,2,6,3,0.204,0.204,0.6,2.742,2.113,2,0,127032,Serge Aurier,1992-12-24,30.69,176.0,right,Defender,Right-Back,Cote d'Ivoire,Cote d'Ivoire,12,834,0,2,703,Nottingham Forest,905,8000000.0,3700000.0,0.997,1.0,0.989,same_club
4401,Emiliano Martinez,EPL,2023-24,Aston Villa,GK,34,3022,0,0,0,0,1,0.0,0.0,0.018,9.159,9.14,4,0,111873,Emiliano Martínez,1992-09-02,31.0,195.0,right,Goalkeeper,Goalkeeper,Argentina,Argentina,34,3015,0,0,405,Aston Villa,3330,28000000.0,28000000.0,0.999,1.0,0.998,same_club
5050,Clement Lenglet,EPL,2023-24,Aston Villa,D,14,1167,0,0,1,7,2,0.984,0.984,0.856,7.291,7.291,3,0,182904,Clément Lenglet,1995-06-17,28.21,186.0,left,Defender,Centre-Back,France,France,14,1155,0,1,405,Aston Villa,1425,10000000.0,10000000.0,0.997,1.0,0.99,same_club
5552,Nick Pope,EPL,2023-24,Newcastle United,GK,15,1347,0,0,0,1,0,0.016,0.016,0.0,4.397,4.397,1,0,192080,Nick Pope,1992-04-19,31.37,198.0,right,Goalkeeper,Goalkeeper,England,England,15,1346,0,0,762,Newcastle United,1886,20000000.0,16000000.0,1.0,1.0,0.999,same_club
5568,Connor Roberts,EPL,2023-24,Burnley,D S,14,804,0,0,1,0,7,0.0,0.0,0.313,2.113,1.902,3,1,214666,Connor Roberts,1995-09-23,27.94,175.0,right,Defender,Right-Back,Wales,Wales,14,819,0,0,1132,Burnley FC,909,8000000.0,7000000.0,0.995,1.0,0.982,same_club
5569,Rhian Brewster,EPL,2023-24,Sheffield United,F S,13,302,0,0,0,7,2,0.345,0.345,0.101,0.784,0.338,0,1,406560,Rhian Brewster,2000-04-01,23.42,180.0,right,Attack,Centre-Forward,England,England,13,340,0,0,350,Sheffield United,358,4000000.0,3000000.0,0.966,1.0,0.888,same_club
5584,Aaron Wan-Bissaka,EPL,2023-24,Manchester United,D S,22,1784,0,0,2,3,12,0.146,0.146,1.431,7.738,6.425,4,0,477758,Aaron Wan-Bissaka,1997-11-26,25.76,183.0,right,Defender,Right-Back,DR Congo,England,22,1782,0,2,985,Manchester United,2456,25000000.0,20000000.0,1.0,1.0,0.999,same_club
5603,Aaron Ramsdale,EPL,2023-24,Arsenal,GK,6,540,0,0,0,0,0,0.0,0.0,0.0,0.783,0.783,0,0,427568,Aaron Ramsdale,1998-05-14,25.3,190.0,right,Goalkeeper,Goalkeeper,England,England,6,540,0,0,11,Arsenal FC,810,40000000.0,25000000.0,1.0,1.0,1.0,same_club
5609,Yves Bissouma,EPL,2023-24,Tottenham,M S,28,2120,0,0,0,24,10,1.166,1.166,0.405,11.258,10.59,8,2,410425,Yves Bissouma,1996-08-30,27.0,182.0,right,Midfield,Defensive Midfield,Mali,Cote d'Ivoire,28,2083,0,0,148,Tottenham Hotspur,2083,18000000.0,35000000.0,0.995,1.0,0.983,same_club
5712,Diego Carlos,EPL,2023-24,Aston Villa,D S,27,1784,0,0,0,9,4,1.81,1.81,0.11,5.88,5.674,4,0,329145,Diego Carlos,1993-03-15,30.46,185.0,right,Defender,Centre-Back,Brazil,Brazil,27,1811,0,0,405,Aston Villa,2026,20000000.0,16000000.0,0.996,1.0,0.985,same_club
5722,Ibrahim Sangare,EPL,2023-24,Nottingham Forest,M S,17,1053,0,0,0,8,7,0.834,0.834,0.351,4.501,3.517,6,0,375885,Ibrahim Sangaré,1997-12-02,25.75,191.0,right,Midfield,Defensive Midfield,Cote d'Ivoire,Cote d'Ivoire,17,1038,0,0,703,Nottingham Forest,1697,35000000.0,30000000.0,0.996,1.0,0.986,same_club
5789,Boubacar Kamara,EPL,2023-24,Aston Villa,M,20,1686,0,0,1,5,20,0.144,0.144,1.096,9.23,8.439,7,1,394327,Boubacar Kamara,1999-11-23,23.77,184.0,right,Midfield,Defensive Midfield,France,France,20,1661,0,1,405,Aston Villa,2040,30000000.0,38000000.0,0.996,1.0,0.985,same_club
5803,Fode Toure,EPL,2023-24,Fulham,S,6,41,0,0,0,0,0,0.0,0.0,0.0,0.637,0.637,1,0,296422,Fodé Ballo-Touré,1997-01-03,26.66,182.0,left,Defender,Left-Back,Senegal,France,6,65,0,0,931,Fulham FC,65,3500000.0,3000000.0,0.89,0.95,0.733,same_club
6027,Jairo Riedewald,EPL,2023-24,Crystal Palace,M S,9,219,0,0,0,1,0,0.059,0.059,0.0,1.66,1.6,0,0,241481,Jaïro Riedewald,1996-09-09,26.98,182.0,left,Midfield,Defensive Midfield,Netherlands,Netherlands,9,230,0,0,873,Crystal Palace,256,3000000.0,3000000.0,0.986,1.0,0.952,same_club
6054,Ederson,EPL,2023-24,Manchester City,GK,33,2794,0,0,0,0,0,0.0,0.0,0.0,8.034,8.034,5,0,238223,Ederson,1993-08-17,30.04,188.0,left,Goalkeeper,Goalkeeper,Brazil,Brazil,33,2788,0,0,281,Manchester City,3718,40000000.0,35000000.0,0.999,1.0,0.998,same_club
6104,Will Hughes,EPL,2023-24,Crystal Palace,M S,30,1924,0,0,1,8,21,0.301,0.301,1.707,5.738,5.33,6,0,207014,Will Hughes,1995-04-17,28.38,185.0,left,Midfield,Central Midfield,England,England,30,1900,0,1,873,Crystal Palace,2079,5000000.0,9000000.0,0.996,1.0,0.988,same_club
6163,Nélson Semedo,EPL,2023-24,Wolverhampton Wanderers,D M,36,3127,0,0,1,17,24,1.232,1.232,2.005,8.87,6.638,10,1,231572,Nélson Semedo,1993-11-16,29.79,179.0,right,Defender,Right-Back,Portugal,Portugal,36,3093,0,1,543,Wolverhampton Wanderers,3484,15000000.0,12000000.0,0.997,1.0,0.989,same_club
6249,Davinson Sánchez,EPL,2023-24,Tottenham,S,1,77,0,0,0,1,0,0.11,0.11,0.0,0.139,0.139,1,0,341429,Davinson Sánchez,1996-06-12,27.22,188.0,right,Defender,Centre-Back,Colombia,Colombia,1,76,0,0,148,Tottenham Hotspur,2204,15000000.0,17000000.0,0.997,1.0,0.989,same_club
6326,Ibrahima Konaté,EPL,2023-24,Liverpool,D S,22,1555,0,0,0,11,8,0.548,0.548,0.51,10.232,10.1,3,1,357119,Ibrahima Konaté,1999-05-25,24.27,194.0,right,Defender,Centre-Back,France,France,22,1573,0,0,31,Liverpool FC,2267,38000000.0,45000000.0,0.997,1.0,0.989,same_club
6345,Jadon Sancho,EPL,2023-24,Manchester United,S,3,68,0,0,0,0,1,0.0,0.0,0.128,0.271,0.143,0,0,401173,Jadon Sancho,2000-03-25,23.44,180.0,right,Attack,Left Winger,England,England,3,76,0,0,985,Manchester United,1593,45000000.0,30000000.0,0.973,1.0,0.911,same_club
6345,Jadon Sancho,EPL,2023-24,Manchester United,S,3,68,0,0,0,0,1,0.0,0.0,0.128,0.271,0.143,0,0,401173,Jadon Sancho,2000-03-25,23.44,180.0,right,Attack,Left Winger,England,England,3,76,0,0,985,Manchester United,1593,45000000.0,30000000.0,0.991,1.0,0.97,same_club
6420,Romain Faivre,EPL,2023-24,Bournemouth,S,5,21,0,0,0,2,0,0.131,0.131,0.0,0.148,0.148,1,0,555076,Romain Faivre,1998-07-14,25.13,180.0,left,Midfield,Attacking Midfield,France,France,5,37,0,0,989,AFC Bournemouth,1505,10000000.0,15000000.0,0.947,1.0,0.822,same_club
6420,Romain Faivre,EPL,2023-24,Bournemouth,S,5,21,0,0,0,2,0,0.131,0.131,0.0,0.148,0.148,1,0,555076,Romain Faivre,1998-07-14,25.13,180.0,left,Midfield,Attacking Midfield,France,France,5,37,0,0,989,AFC Bournemouth,1505,10000000.0,15000000.0,1.0,1.0,0.999,same_club
6424,Ben Johnson,EPL,2023-24,West Ham,D M S,14,509,0,0,0,6,0,0.216,0.216,0.0,0.686,0.552,1,0,468002,Ben Johnson,2000-01-24,23.6,184.0,right,Defender,Right-Back,England,England,14,539,0,0,379,West Ham United,769,10000000.0,8000000.0,0.983,1.0,0.944,same_club
6492,Reiss Nelson,EPL,2023-24,Arsenal,F S,15,215,0,0,0,4,5,0.238,0.238,0.641,3.199,2.479,1,0,340325,Reiss Nelson,1999-12-10,23.73,175.0,right,Attack,Left Winger,England,England,15,257,0,0,11,Arsenal FC,493,12000000.0,15000000.0,0.951,1.0,0.837,same_club
6504,Michael Obafemi,EPL,2023-24,Burnley,S,2,9,0,0,0,2,0,0.117,0.117,0.0,0.154,0.037,0,0,444208,Michael Obafemi,2000-07-06,23.15,170.0,right,Attack,Centre-Forward,Ireland,Ireland,2,18,0,0,1132,Burnley FC,18,5000000.0,2200000.0,0.97,1.0,0.9,same_club
6532,Martin Dubravka,EPL,2023-24,Newcastle United,GK S,23,1983,0,0,0,0,1,0.0,0.0,0.12,3.543,3.423,1,0,74960,Martin Dúbravka,1989-01-15,34.63,191.0,right,Goalkeeper,Goalkeeper,Slovakia,CSSR,23,1984,0,0,762,Newcastle United,2464,1500000.0,1000000.0,1.0,1.0,0.999,same_club
6557,Louis Beyer,EPL,2023-24,Burnley,D,15,1252,0,0,1,5,3,0.427,0.427,0.411,1.906,1.517,6,0,403898,Jordan Beyer,2000-05-19,23.29,187.0,right,Defender,Centre-Back,Germany,Germany,15,1238,0,1,1132,Burnley FC,1238,16000000.0,13000000.0,0.967,0.95,0.989,same_club
6656,Sergio Gómez,EPL,2023-24,Manchester City,S,6,29,0,0,1,2,1,0.62,0.62,0.129,0.987,0.367,0,0,366930,Sergio Gómez,2000-09-04,22.99,173.0,left,Defender,Left-Back,Spain,Spain,6,48,0,1,281,Manchester City,359,13000000.0,10000000.0,0.937,1.0,0.789,same_club
6903,Matz Sels,EPL,2023-24,Nottingham Forest,GK,16,1440,0,0,0,0,1,0.0,0.0,0.07,0.82,0.751,1,0,127202,Matz Sels,1992-02-26,31.51,188.0,right,Goalkeeper,Goalkeeper,Belgium,Belgium,16,1440,0,0,703,Nottingham Forest,3150,7000000.0,7000000.0,1.0,1.0,1.0,same_club
6903,Matz Sels,EPL,2023-24,Nottingham Forest,GK,16,1440,0,0,0,0,1,0.0,0.0,0.07,0.82,0.751,1,0,127202,Matz Sels,1992-02-26,31.51,188.0,right,Goalkeeper,Goalkeeper,Belgium,Belgium,16,1440,0,0,703,Nottingham Forest,3150,7000000.0,7000000.0,1.0,1.0,1.0,same_club
6962,Robin Olsen,EPL,2023-24,Aston Villa,GK S,5,398,0,0,0,0,0,0.0,0.0,0.0,0.275,0.275,0,0,75458,Robin Olsen,1990-01-08,33.65,196.0,right,Goalkeeper,Goalkeeper,Sweden,Sweden,5,405,0,0,405,Aston Villa,540,1500000.0,1500000.0,0.995,1.0,0.983,same_club
6986,Hamed Junior Traore,EPL,2023-24,Bournemouth,S,3,32,0,0,0,3,1,0.137,0.137,0.06,0.536,0.338,0,0,391065,Hamed Traoré,2000-02-16,23.54,177.0,right,Attack,Left Winger,Cote d'Ivoire,Cote d'Ivoire,3,44,0,0,989,AFC Bournemouth,527,22000000.0,17000000.0,0.93,0.95,0.867,same_club
6986,Hamed Junior Traore,EPL,2023-24,Bournemouth,S,3,32,0,0,0,3,1,0.137,0.137,0.06,0.536,0.338,0,0,391065,Hamed Traoré,2000-02-16,23.54,177.0,right,Attack,Left Winger,Cote d'Ivoire,Cote d'Ivoire,3,44,0,0,989,AFC Bournemouth,527,22000000.0,17000000.0,0.968,0.95,0.992,same_club
7027,Arijanet Muric,EPL,2023-24,Burnley,GK,10,900,0,0,0,0,4,0.0,0.0,0.373,2.251,1.879,0,0,371021,Arijanet Murić,1998-11-07,24.82,198.0,right,Goalkeeper,Goalkeeper,Kosovo,Switzerland,10,900,0,0,1132,Burnley FC,990,12000000.0,7000000.0,1.0,1.0,1.0,same_club
7047,Mark Flekken,EPL,2023-24,Brentford,GK,37,3293,0,0,1,0,3,0.0,0.0,0.291,4.713,4.525,3,0,125714,Mark Flekken,1993-06-13,30.22,195.0,both,Goalkeeper,Goalkeeper,Netherlands,Netherlands,37,3285,0,1,1148,Brentford FC,3285,10000000.0,12000000.0,0.999,1.0,0.998,same_club
7134,Marc Cucurella,EPL,2023-24,Chelsea,D S,21,1788,0,0,2,8,19,1.454,1.454,1.255,12.102,10.092,10,0,284857,Marc Cucurella,1998-07-22,25.11,173.0,left,Defender,Left-Back,Spain,Spain,21,1785,0,2,631,Chelsea FC,1963,35000000.0,25000000.0,0.999,1.0,0.998,same_club
7187,Sergio Reguilón,EPL,2023-24,"Brentford,Manchester United",D S,25,1539,0,0,4,17,28,1.177,1.177,3.638,6.46,3.608,7,1,282429,Sergio Reguilón,1996-12-16,26.71,178.0,left,Defender,Left-Back,Spain,Spain,25,1536,0,4,"985,1148","Manchester United,Brentford FC",1689,10000000.0,12000000.0,0.999,1.0,0.998,same_club
7198,Oliver Skipp,EPL,2023-24,Tottenham,D M S,21,660,0,0,0,4,7,0.682,0.682,0.541,5.027,4.434,3,0,406638,Oliver Skipp,2000-09-16,22.96,175.0,right,Midfield,Defensive Midfield,England,England,21,694,0,0,148,Tottenham Hotspur,852,15000000.0,15000000.0,0.985,1.0,0.951,same_club
7230,Emile Smith-Rowe,EPL,2023-24,Arsenal,M S,13,325,0,0,1,15,4,1.52,1.52,0.24,3.766,2.056,0,0,392765,Emile Smith Rowe,2000-07-28,23.09,182.0,right,Midfield,Attacking Midfield,England,England,13,346,0,2,11,Arsenal FC,396,35000000.0,22000000.0,0.982,1.0,0.939,same_club
7235,Jason Steele,EPL,2023-24,Brighton,GK,17,1530,0,0,0,0,0,0.0,0.0,0.0,3.745,3.745,0,0,73564,Jason Steele,1990-08-18,33.04,188.0,right,Goalkeeper,Goalkeeper,England,England,17,1530,0,0,1237,Brighton & Hove Albion,2070,4000000.0,3500000.0,1.0,1.0,1.0,same_club
7240,Benoit Badiashile Mukinayi,EPL,2023-24,Chelsea,D S,18,1338,0,0,1,6,6,0.517,0.517,1.555,8.46,8.367,2,0,463603,Benoît Badiashile,2001-03-26,22.43,194.0,left,Defender,Centre-Back,France,France,18,1338,0,1,631,Chelsea FC,1515,40000000.0,30000000.0,0.97,0.95,1.0,same_club
7264,Han-Noah Massengo,EPL,2023-24,Burnley,S,3,9,0,0,0,0,0,0.0,0.0,0.0,0.0,0.0,0,0,536508,Han-Noah Massengo,2001-07-07,22.15,178.0,right,Midfield,Central Midfield,France,France,3,14,0,0,1132,Burnley FC,104,5000000.0,4000000.0,0.983,1.0,0.944,same_club
7277,Ryan John Giles,EPL,2023-24,Luton,D S,11,492,0,0,0,2,5,0.147,0.147,0.226,0.745,0.526,0,0,504581,Ryan Giles,2000-01-26,23.6,183.0,left,Defender,Left-Back,England,England,11,501,0,0,1031,Luton Town,546,9000000.0,4500000.0,0.965,0.95,0.982,same_club
7338,Bryan Gil Salvatierra,EPL,2023-24,Tottenham,M S,11,182,0,0,0,4,4,0.79,0.79,0.192,2.118,1.36,0,0,537382,Bryan Gil,2001-02-11,22.55,175.0,left,Attack,Left Winger,Spain,Spain,11,201,0,0,148,Tottenham Hotspur,233,15000000.0,14000000.0,0.942,0.95,0.905,same_club
7352,Tyler Adams,EPL,2023-24,Bournemouth,M S,3,111,0,0,0,0,1,0.0,0.0,0.098,0.549,0.452,0,0,332705,Tyler Adams,1999-02-14,24.54,175.0,right,Midfield,Defensive Midfield,United States,United States,3,118,0,0,989,AFC Bournemouth,118,18000000.0,15000000.0,0.982,1.0,0.941,same_club
7384,Chris Mepham,EPL,2023-24,Bournemouth,D S,10,610,0,0,1,1,3,0.09,0.09,0.474,1.973,1.935,2,0,480987,Chris Mepham,1997-11-05,25.82,190.0,right,Defender,Centre-Back,Wales,England,10,613,0,1,989,AFC Bournemouth,658,8000000.0,6000000.0,0.999,1.0,0.995,same_club
7582,Mark Travers,EPL,2023-24,Bournemouth,GK,4,360,0,0,0,0,0,0.0,0.0,0.0,0.0,0.0,0,0,357658,Mark Travers,1999-05-18,24.29,191.0,right,Goalkeeper,Goalkeeper,Ireland,Ireland,4,360,0,0,989,AFC Bournemouth,660,2000000.0,3500000.0,1.0,1.0,1.0,same_club
7603,Marc Guehi,EPL,2023-24,Crystal Palace,D M S,25,2021,0,0,1,5,7,0.489,0.489,0.963,6.668,6.455,2,0,392757,Marc Guéhi,2000-07-13,23.13,182.0,right,Defender,Centre-Back,England,Cote d'Ivoire,25,2023,0,1,873,Crystal Palace,2293,35000000.0,38000000.0,1.0,1.0,0.999,same_club
7688,Max Aarons,EPL,2023-24,Bournemouth,D S,20,1219,0,0,1,2,7,0.048,0.048,0.876,3.96,3.397,1,0,471690,Max Aarons,2000-01-04,23.66,177.0,right,Defender,Right-Back,England,England,20,1234,0,1,989,AFC Bournemouth,1324,16000000.0,16000000.0,0.996,1.0,0.988,same_club
7689,Ben Godfrey,EPL,2023-24,Everton,D S,15,1131,0,0,0,15,3,2.167,2.167,0.203,1.428,1.147,2,0,343475,Ben Godfrey,1998-01-15,25.63,184.0,right,Defender,Centre-Back,England,England,15,1123,0,0,29,Everton FC,1123,13000000.0,10000000.0,0.998,1.0,0.993,same_club
7699,Adam Webster,EPL,2023-24,Brighton,D S,15,1146,0,0,0,8,5,0.455,0.455,0.211,6.527,6.406,1,0,212847,Adam Webster,1995-01-04,28.66,190.0,right,Defender,Centre-Back,England,England,15,1143,0,0,1237,Brighton & Hove Albion,1360,25000000.0,20000000.0,0.999,1.0,0.997,same_club
7702,Dean Henderson,EPL,2023-24,Crystal Palace,GK,18,1620,0,0,0,0,0,0.0,0.0,0.0,1.233,1.233,2,0,258919,Dean Henderson,1997-03-12,26.47,188.0,right,Goalkeeper,Goalkeeper,England,England,18,1620,0,0,873,Crystal Palace,1800,18000000.0,12000000.0,1.0,1.0,1.0,same_club
7703,John Egan,EPL,2023-24,Sheffield United,D,6,491,0,0,0,3,0,0.238,0.238,0.0,0.385,0.265,2,0,121324,John Egan,1992-10-20,30.86,185.0,right,Defender,Centre-Back,Ireland,Ireland,6,484,0,0,350,Sheffield United,484,6000000.0,4000000.0,0.996,1.0,0.986,same_club
7704,Chris Basham,EPL,2023-24,Sheffield United,D M S,8,298,0,0,0,2,2,0.409,0.409,0.143,0.304,0.304,1,0,52495,Chris Basham,1988-07-20,35.12,190.0,right,Defender,Centre-Back,England,England,8,318,0,0,350,Sheffield United,318,300000.0,300000.0,0.981,1.0,0.937,same_club
7706,George Baldock,EPL,2023-24,Sheffield United,D S,13,965,0,0,1,1,7,0.025,0.025,0.856,1.779,1.544,4,0,146690,George Baldock,1993-03-09,30.48,178.0,right,Defender,Right-Back,Greece,England,13,970,0,1,350,Sheffield United,970,3500000.0,2500000.0,0.998,1.0,0.995,same_club
7709,John Fleck,EPL,2023-24,Sheffield United,M S,4,82,0,0,0,0,1,0.0,0.0,0.105,0.143,0.038,1,0,54383,John Fleck,1991-08-24,32.02,169.0,left,Midfield,Central Midfield,Scotland,Scotland,4,89,0,0,350,Sheffield United,89,1000000.0,900000.0,0.977,1.0,0.922,same_club
7714,Ben Osborn,EPL,2023-24,Sheffield United,D M S,24,1343,0,0,2,4,13,0.179,0.179,1.076,3.071,2.045,3,0,218087,Ben Osborn,1994-08-05,29.07,176.0,left,Midfield,Central Midfield,England,England,24,1363,0,2,350,Sheffield United,1431,1000000.0,1000000.0,0.996,1.0,0.985,same_club
7904,Caoimhin Kelleher,EPL,2023-24,Liverpool,GK,10,900,0,0,0,0,1,0.0,0.0,0.045,3.161,3.161,0,0,340918,Caoimhín Kelleher,1998-11-23,24.77,188.0,right,Goalkeeper,Goalkeeper,Ireland,Ireland,10,900,0,0,31,Liverpool FC,1830,12000000.0,20000000.0,1.0,1.0,1.0,same_club
7921,Felipe,EPL,2023-24,Nottingham Forest,D S,7,369,0,0,0,3,2,0.171,0.171,0.038,1.483,1.443,3,0,156501,Felipe,1989-05-16,34.29,190.0,right,Defender,Centre-Back,Brazil,Brazil,7,373,0,0,703,Nottingham Forest,583,2000000.0,1500000.0,0.997,1.0,0.989,same_club
7927,Sofyan Amrabat,EPL,2023-24,Manchester United,D M S,21,922,0,0,0,3,6,0.074,0.074,0.268,2.209,2.053,6,0,287579,Sofyan Amrabat,1996-08-21,27.03,185.0,right,Midfield,Defensive Midfield,Morocco,Netherlands,21,932,0,0,985,Manchester United,1439,30000000.0,22000000.0,0.997,1.0,0.989,same_club
7943,Igor Julio,EPL,2023-24,Brighton,D S,24,1640,0,0,0,5,7,0.218,0.218,0.624,10.448,10.266,4,0,380350,Igor Julio,1998-02-07,25.56,188.0,left,Defender,Centre-Back,Brazil,Brazil,24,1636,0,0,1237,Brighton & Hove Albion,2287,10000000.0,17000000.0,0.999,1.0,0.998,same_club
7988,Billy Gilmour,EPL,2023-24,Brighton,M S,30,2154,0,0,1,25,22,0.729,0.729,2.09,17.747,16.257,8,1,423744,Billy Gilmour,2001-06-11,22.22,170.0,right,Midfield,Defensive Midfield,Scotland,Scotland,30,2126,0,1,1237,Brighton & Hove Albion,2900,12000000.0,18000000.0,0.996,1.0,0.987,same_club
8040,Marvelous Nakamba,EPL,2023-24,Luton,M,13,1140,0,0,0,5,7,0.136,0.136,0.326,3.025,2.754,5,0,324882,Marvelous Nakamba,1994-01-19,29.62,177.0,left,Midfield,Defensive Midfield,Zimbabwe,Zimbabwe,13,1133,0,0,1031,Luton Town,1133,4000000.0,5000000.0,0.998,1.0,0.994,same_club
8067,Reece James,EPL,2023-24,Chelsea,D S,10,422,0,0,2,7,11,0.339,0.339,2.68,3.034,1.843,0,2,472423,Reece James,1999-12-08,23.73,180.0,right,Defender,Right-Back,England,England,10,421,0,2,631,Chelsea FC,421,65000000.0,40000000.0,0.999,1.0,0.998,same_club
8090,Lloyd Kelly,EPL,2023-24,Bournemouth,D S,23,1567,0,0,1,4,9,0.313,0.313,1.647,5.734,4.145,2,0,480116,Lloyd Kelly,1998-10-06,24.9,189.0,left,Defender,Centre-Back,England,England,23,1556,0,1,989,AFC Bournemouth,1601,18000000.0,18000000.0,0.998,1.0,0.993,same_club
8119,Boubacar Traore,EPL,2023-24,Wolverhampton Wanderers,M S,24,760,0,0,0,11,5,0.267,0.267,0.281,3.789,3.408,4,0,649020,Boubacar Traoré,2001-08-20,22.03,183.0,right,Midfield,Defensive Midfield,Mali,Mali,24,803,0,0,543,Wolverhampton Wanderers,862,5000000.0,6000000.0,0.984,1.0,0.946,same_club
8191,Giovanni Reyna,EPL,2023-24,Nottingham Forest,M S,9,206,0,0,1,5,6,0.209,0.209,0.392,1.217,0.809,0,0,504215,Giovanni Reyna,2002-11-13,20.8,187.0,right,Midfield,Attacking Midfield,United States,England,9,230,0,1,703,Nottingham Forest,592,25000000.0,18000000.0,0.969,1.0,0.896,same_club
8191,Giovanni Reyna,EPL,2023-24,Nottingham Forest,M S,9,206,0,0,1,5,6,0.209,0.209,0.392,1.217,0.809,0,0,504215,Giovanni Reyna,2002-11-13,20.8,187.0,right,Midfield,Attacking Midfield,United States,England,9,230,0,1,703,Nottingham Forest,592,25000000.0,18000000.0,0.965,1.0,0.882,same_club
8204,Neco Williams,EPL,2023-24,Nottingham Forest,D M S,26,1622,0,0,1,15,11,0.934,0.934,1.112,4.656,3.011,4,0,503680,Neco Williams,2001-04-13,22.38,183.0,right,Defender,Left-Back,Wales,Wales,26,1634,0,1,703,Nottingham Forest,1948,20000000.0,17000000.0,0.998,1.0,0.993,same_club
8226,Tariq Lamptey,EPL,2023-24,Brighton,D M S,19,923,0,0,3,6,10,0.571,0.571,1.211,2.859,1.608,3,0,504148,Tariq Lamptey,2000-09-30,22.92,163.0,right,Defender,Right-Back,Ghana,England,19,914,0,3,1237,Brighton & Hove Albion,1288,12000000.0,12000000.0,0.997,1.0,0.99,same_club
8496,Tommy Doyle,EPL,2023-24,Wolverhampton Wanderers,M S,26,1175,0,0,0,14,8,0.414,0.414,0.676,4.575,4.246,2,0,433183,Tommy Doyle,2001-10-17,21.87,172.0,right,Midfield,Central Midfield,England,England,26,1214,0,0,543,Wolverhampton Wanderers,1767,7000000.0,10000000.0,0.99,1.0,0.968,same_club
8562,Luke Thomas,EPL,2023-24,Sheffield United,D M S,12,940,0,0,0,6,2,0.686,0.686,0.07,1.449,0.763,3,0,505194,Luke Thomas,2001-06-10,22.23,181.0,left,Defender,Left-Back,England,England,12,919,0,0,350,Sheffield United,1099,12000000.0,6000000.0,0.993,1.0,0.978,same_club
8666,Cheick Oumar Doucoure,EPL,2023-24,Crystal Palace,M,11,926,0,0,0,6,10,0.199,0.199,0.736,3.296,2.666,2,0,543387,Cheick Doucouré,2000-01-08,23.65,180.0,right,Midfield,Defensive Midfield,Mali,Mali,11,922,0,0,873,Crystal Palace,992,35000000.0,35000000.0,0.969,0.95,0.996,same_club
8719,Kalvin Phillips,EPL,2023-24,"Manchester City,West Ham",M S,12,358,0,0,0,5,0,0.194,0.194,0.0,1.117,0.941,1,1,351749,Kalvin Phillips,1995-12-02,27.75,179.0,right,Midfield,Defensive Midfield,England,England,12,396,0,0,"281,379","Manchester City,West Ham United",615,32000000.0,25000000.0,0.971,1.0,0.904,same_club
8776,Wes Foderingham,EPL,2023-24,Sheffield United,GK S,30,2644,0,0,0,0,1,0.0,0.0,0.065,0.943,0.878,2,0,61697,Wes Foderingham,1991-01-14,32.63,185.0,left,Goalkeeper,Goalkeeper,England,England,30,2648,0,0,350,Sheffield United,2738,700000.0,900000.0,1.0,1.0,0.998,same_club
8778,Fabio Silva,EPL,2023-24,Wolverhampton Wanderers,F S,8,257,0,0,0,7,4,0.914,0.914,0.242,1.2,0.17,2,0,505653,Fábio Silva,2002-07-19,21.12,185.0,right,Attack,Centre-Forward,Portugal,Portugal,8,262,0,0,543,Wolverhampton Wanderers,1426,13000000.0,11000000.0,0.994,1.0,0.981,same_club
8786,Stefan Ortega Moreno,EPL,2023-24,Manchester City,GK S,9,626,0,0,0,0,0,0.0,0.0,0.0,1.716,1.716,0,0,85941,Stefan Ortega,1992-11-06,30.82,185.0,right,Goalkeeper,Goalkeeper,Germany,Germany,9,632,0,0,281,Manchester City,1532,9000000.0,9000000.0,0.967,0.95,0.991,same_club
8821,Donny van de Beek,EPL,2023-24,Manchester United,S,1,1,0,0,0,1,1,0.032,0.032,0.066,0.098,0.0,0,0,288255,Donny van de Beek,1997-04-18,26.37,184.0,right,Midfield,Central Midfield,Netherlands,Netherlands,1,2,0,0,985,Manchester United,359,13000000.0,5000000.0,0.997,1.0,0.989,same_club
8821,Donny van de Beek,EPL,2023-24,Manchester United,S,1,1,0,0,0,1,1,0.032,0.032,0.066,0.098,0.0,0,0,288255,Donny van de Beek,1997-04-18,26.37,184.0,right,Midfield,Central Midfield,Netherlands,Netherlands,1,2,0,0,985,Manchester United,359,13000000.0,5000000.0,0.997,1.0,0.992,same_club
8852,Konstantinos Tsimikas,EPL,2023-24,Liverpool,D S,13,667,0,0,3,3,16,0.093,0.093,1.168,2.015,1.775,0,0,338070,Konstantinos Tsimikas,1996-05-12,27.3,179.0,left,Defender,Left-Back,Greece,Greece,13,677,0,3,31,Liverpool FC,1183,18000000.0,22000000.0,0.996,1.0,0.985,same_club
8858,Guglielmo Vicario,EPL,2023-24,Tottenham,GK,38,3420,0,0,0,0,0,0.0,0.0,0.0,6.606,6.606,2,0,286047,Guglielmo Vicario,1996-10-07,26.9,194.0,right,Goalkeeper,Goalkeeper,Italy,Italy,38,3420,0,0,148,Tottenham Hotspur,3600,16000000.0,35000000.0,1.0,1.0,1.0,same_club
8859,Mikkel Damsgaard,EPL,2023-24,Brentford,M S,23,797,0,0,2,9,10,0.875,0.875,2.291,4.729,2.397,2,0,540941,Mikkel Damsgaard,2000-07-03,23.16,180.0,right,Midfield,Attacking Midfield,Denmark,Denmark,23,836,0,2,1148,Brentford FC,1061,13000000.0,10000000.0,0.986,1.0,0.953,same_club
8918,Max Lowe,EPL,2023-24,Sheffield United,D S,10,499,0,0,0,2,1,0.94,0.94,0.013,1.841,0.888,1,0,258885,Max Lowe,1997-05-11,26.31,175.0,left,Defender,Left-Back,England,England,10,500,0,1,350,Sheffield United,500,3000000.0,2500000.0,0.999,1.0,0.998,same_club
8923,Ivo Grbic,EPL,2023-24,Sheffield United,GK,9,776,0,0,0,0,0,0.0,0.0,0.0,0.594,0.594,1,0,226073,Ivo Grbic,1996-01-18,27.62,195.0,right,Goalkeeper,Goalkeeper,Croatia,Croatia,9,772,0,0,350,Sheffield United,952,3500000.0,3500000.0,0.998,1.0,0.995,same_club
8940,Antonee Robinson,EPL,2023-24,Fulham,D,37,3290,0,0,6,16,31,0.853,0.853,3.767,13.781,11.461,6,0,349701,Antonee Robinson,1997-08-08,26.06,183.0,left,Defender,Left-Back,United States,England,37,3270,0,6,931,Fulham FC,3368,15000000.0,25000000.0,0.998,1.0,0.994,same_club
8942,Aaron Hickey,EPL,2023-24,Brentford,D,9,749,0,0,0,7,1,0.193,0.193,0.047,1.126,0.999,5,0,591949,Aaron Hickey,2002-06-10,21.23,185.0,both,Defender,Right-Back,Scotland,Scotland,9,720,0,0,1148,Brentford FC,720,25000000.0,28000000.0,0.988,1.0,0.961,same_club
8961,Rúben Dias,EPL,2023-24,Manchester City,D S,30,2552,0,0,0,20,7,1.828,1.828,0.601,16.811,16.459,0,0,258004,Rúben Dias,1997-05-14,26.3,187.0,right,Defender,Centre-Back,Portugal,Portugal,30,2557,0,0,281,Manchester City,3818,80000000.0,80000000.0,0.999,1.0,0.998,same_club
8965,Vladimir Coufal,EPL,2023-24,West Ham,D,36,3153,0,0,7,8,33,0.285,0.285,4.301,10.107,6.967,5,1,157672,Vladimír Coufal,1992-08-22,31.03,175.0,right,Defender,Right-Back,Czech Republic,CSSR,36,3139,0,7,379,West Ham United,3991,9000000.0,8000000.0,0.999,1.0,0.996,same_club
9017,Malo Gusto,EPL,2023-24,Chelsea,D S,27,1754,0,0,6,15,32,1.7,1.7,5.507,14.042,10.586,7,1,620322,Malo Gusto,2003-05-19,20.29,178.0,right,Defender,Right-Back,France,France,27,1756,0,6,631,Chelsea FC,2166,25000000.0,35000000.0,1.0,1.0,0.999,same_club
9077,James Trafford,EPL,2023-24,Burnley,GK,28,2520,0,0,0,0,0,0.0,0.0,0.0,2.382,2.382,2,0,566799,James Trafford,2002-10-10,20.89,192.0,right,Goalkeeper,Goalkeeper,England,England,28,2520,0,0,1132,Burnley FC,2520,15000000.0,18000000.0,1.0,1.0,1.0,same_club
9098,Robert Sánchez,EPL,2023-24,Chelsea,GK,16,1438,0,0,0,0,0,0.0,0.0,0.0,4.148,4.148,2,0,403151,Robert Sánchez,1997-11-18,25.79,197.0,right,Goalkeeper,Goalkeeper,Spain,Spain,16,1434,0,0,631,Chelsea FC,1614,22000000.0,20000000.0,0.999,1.0,0.997,same_club
9105,Radu Dragusin,EPL,2023-24,Tottenham,D S,9,417,0,0,0,1,0,0.073,0.073,0.0,2.963,2.889,1,0,568559,Radu Drăgușin,2002-02-03,21.57,191.0,right,Defender,Centre-Back,Romania,Romania,9,424,0,0,148,Tottenham Hotspur,2358,8000000.0,25000000.0,0.995,1.0,0.983,same_club
9105,Radu Dragusin,EPL,2023-24,Tottenham,D S,9,417,0,0,0,1,0,0.073,0.073,0.0,2.963,2.889,1,0,568559,Radu Drăgușin,2002-02-03,21.57,191.0,right,Defender,Centre-Back,Romania,Romania,9,424,0,0,148,Tottenham Hotspur,2358,8000000.0,25000000.0,1.0,1.0,1.0,same_club
9154,Elliot Anderson,EPL,2023-24,Newcastle United,D F M S,21,997,0,0,2,19,15,1.342,1.342,1.523,6.667,4.969,3,0,567576,Elliot Anderson,2002-11-06,20.82,179.0,right,Midfield,Central Midfield,England,England,21,1024,0,2,762,Newcastle United,1178,8000000.0,15000000.0,0.992,1.0,0.974,same_club
9222,Antwoine Hackford,EPL,2023-24,Sheffield United,S,2,8,0,0,0,0,0,0.0,0.0,0.0,0.0,0.0,0,0,670859,Antwoine Hackford,2004-03-20,19.45,177.0,right,Attack,Centre-Forward,England,England,2,11,0,0,350,Sheffield United,11,100000.0,500000.0,0.99,1.0,0.967,same_club
9274,Naouirou Ahamada,EPL,2023-24,Crystal Palace,S,20,282,0,0,0,9,1,0.53,0.53,0.056,2.506,1.965,2,1,538971,Naouirou Ahamada,2002-03-29,21.43,183.0,right,Midfield,Central Midfield,France,France,20,331,0,0,873,Crystal Palace,376,10000000.0,8000000.0,0.956,1.0,0.852,same_club
9284,Jakub Moder,EPL,2023-24,Brighton,D M S,17,586,0,0,0,11,5,0.893,0.893,0.757,2.499,1.125,2,0,384461,Jakub Moder,1999-04-07,24.4,191.0,right,Midfield,Central Midfield,Poland,Poland,17,613,0,0,1237,Brighton & Hove Albion,732,10000000.0,10000000.0,0.987,1.0,0.956,same_club
9287,Tyler Onyango,EPL,2023-24,Everton,S,1,1,0,0,0,0,0,0.0,0.0,0.0,0.0,0.0,0,0,663225,Tyler Onyango,2003-03-04,20.5,196.0,right,Midfield,Central Midfield,England,England,1,1,0,0,29,Everton FC,1,450000.0,500000.0,1.0,1.0,1.0,same_club
9324,Facundo Pellistri,EPL,2023-24,Manchester United,M S,9,144,0,0,1,4,1,0.374,0.374,0.071,1.411,0.966,0,0,676318,Facundo Pellistri,2001-12-20,21.7,174.0,right,Attack,Right Winger,Uruguay,Uruguay,9,165,0,1,985,Manchester United,1498,6000000.0,8000000.0,0.962,1.0,0.873,same_club
9324,Facundo Pellistri,EPL,2023-24,Manchester United,M S,9,144,0,0,1,4,1,0.374,0.374,0.071,1.411,0.966,0,0,676318,Facundo Pellistri,2001-12-20,21.7,174.0,right,Attack,Right Winger,Uruguay,Uruguay,9,165,0,1,985,Manchester United,1498,6000000.0,8000000.0,0.995,1.0,0.984,same_club
9332,Dane Scarlett,EPL,2023-24,Tottenham,S,4,16,0,0,0,0,0,0.0,0.0,0.0,0.0,0.0,0,0,670883,Dane Scarlett,2004-03-24,19.44,180.0,right,Attack,Centre-Forward,England,England,4,19,0,0,148,Tottenham Hotspur,110,1800000.0,1800000.0,0.99,1.0,0.967,same_club
9409,Kaine Hayden,EPL,2023-24,Aston Villa,S,3,3,0,0,0,0,0,0.0,0.0,0.0,0.0,0.0,0,0,626888,Kaine Kesler-Hayden,2002-10-23,20.86,175.0,right,Defender,Right-Back,England,England,3,5,0,0,405,Aston Villa,18,1500000.0,2200000.0,0.963,0.95,0.978,same_club
9415,Jaden Philogene-Bidace,EPL,2023-24,Aston Villa,S,1,1,0,0,0,0,0,0.0,0.0,0.0,0.107,0.107,0,0,665390,Jaden Philogene,2002-02-08,21.56,181.0,right,Attack,Left Winger,England,England,1,3,0,0,405,Aston Villa,3,2800000.0,15000000.0,0.963,0.95,0.978,same_club
9451,Chimuanya Ugochukwu,EPL,2023-24,Chelsea,M S,12,289,0,0,0,0,3,0.0,0.0,0.185,2.284,2.163,2,0,711999,Lesley Ugochukwu,2004-03-26,19.43,190.0,right,Midfield,Defensive Midfield,France,France,12,297,0,0,631,Chelsea FC,361,9000000.0,25000000.0,0.962,0.95,0.973,same_club
9461,Jesurun Rak-Sakyi,EPL,2023-24,Crystal Palace,S,6,124,0,0,0,5,2,0.356,0.356,0.077,1.157,0.743,0,0,586834,Jesurun Rak-Sakyi,2002-10-05,20.91,178.0,left,Attack,Right Winger,Ghana,England,6,132,0,0,873,Crystal Palace,132,1000000.0,2000000.0,0.982,1.0,0.939,same_club
9487,Maxime Estève,EPL,2023-24,Burnley,D S,16,1314,0,0,0,7,1,0.241,0.241,0.013,1.906,1.865,6,0,842341,Maxime Estève,2002-05-26,21.27,193.0,left,Defender,Centre-Back,France,France,16,1312,0,0,1132,Burnley FC,2310,7000000.0,7000000.0,1.0,1.0,0.998,same_club
9487,Maxime Estève,EPL,2023-24,Burnley,D S,16,1314,0,0,0,7,1,0.241,0.241,0.013,1.906,1.865,6,0,842341,Maxime Estève,2002-05-26,21.27,193.0,left,Defender,Centre-Back,France,France,16,1312,0,0,1132,Burnley FC,2310,7000000.0,7000000.0,0.999,1.0,0.996,same_club
9509,Daniel Jebbison,EPL,2023-24,Sheffield United,S,1,15,0,0,0,0,0,0.0,0.0,0.0,0.0,0.0,0,0,746740,Daniel Jebbison,2003-08-13,20.05,190.0,right,Attack,Centre-Forward,Canada,Canada,1,20,0,0,350,Sheffield United,65,1000000.0,1000000.0,0.983,1.0,0.944,same_club
9554,Tim Iroegbunam,EPL,2023-24,Aston Villa,M S,9,136,0,0,0,0,0,0.0,0.0,0.0,0.087,0.087,0,0,696589,Tim Iroegbunam,2003-06-30,20.17,183.0,right,Midfield,Central Midfield,England,England,9,158,0,0,405,Aston Villa,246,5000000.0,4000000.0,0.958,1.0,0.861,same_club
9556,William Osula,EPL,2023-24,Sheffield United,F S,21,769,0,0,0,21,1,2.072,2.072,0.099,2.056,0.162,4,0,609556,William Osula,2003-08-04,20.08,191.0,right,Attack,Centre-Forward,Denmark,Denmark,21,784,0,0,350,Sheffield United,919,250000.0,3000000.0,0.994,1.0,0.981,same_club
9619,Issa Kabore,EPL,2023-24,Luton,D S,24,1748,0,0,2,6,16,0.304,0.304,3.148,6.18,3.283,7,0,649452,Issa Kaboré,2001-05-12,22.31,180.0,right,Defender,Right-Back,Burkina Faso,Burkina Faso,24,1732,0,2,1031,Luton Town,1732,7000000.0,10000000.0,0.997,1.0,0.991,same_club
9676,David Raya,EPL,2023-24,Arsenal,GK,32,2880,0,0,0,0,0,0.0,0.0,0.0,7.518,7.518,2,0,262749,David Raya,1995-09-15,27.96,186.0,right,Goalkeeper,Goalkeeper,Spain,Spain,32,2880,0,0,11,Arsenal FC,3720,30000000.0,35000000.0,1.0,1.0,1.0,same_club
9679,Rico Henry,EPL,2023-24,Brentford,D,5,401,0,0,1,2,4,0.045,0.045,0.79,2.132,1.466,1,0,339556,Rico Henry,1997-07-08,26.15,170.0,left,Defender,Left-Back,Jamaica,England,5,402,0,1,1148,Brentford FC,402,28000000.0,20000000.0,0.999,1.0,0.998,same_club
9691,Nuno Tavares,EPL,2023-24,Nottingham Forest,D S,8,447,0,0,0,7,2,0.173,0.173,0.249,0.67,0.354,2,0,535955,Nuno Tavares,2000-01-26,23.6,183.0,left,Defender,Left-Back,Portugal,Portugal,8,455,0,0,703,Nottingham Forest,696,18000000.0,15000000.0,0.995,1.0,0.982,same_club
9740,José Sá,EPL,2023-24,Wolverhampton Wanderers,GK,35,3041,0,0,0,0,0,0.0,0.0,0.0,2.765,2.765,1,0,249994,José Sá,1993-01-17,30.62,192.0,right,Goalkeeper,Goalkeeper,Portugal,Portugal,35,3038,0,0,543,Wolverhampton Wanderers,3518,18000000.0,14000000.0,1.0,1.0,0.999,same_club
9833,Andrew Omobamidele,EPL,2023-24,Nottingham Forest,D S,11,771,0,0,0,1,2,0.081,0.081,0.077,1.928,1.826,2,0,621993,Andrew Omobamidele,2002-06-23,21.19,188.0,right,Defender,Centre-Back,Ireland,Ireland,11,782,0,0,703,Nottingham Forest,1187,6000000.0,11000000.0,0.996,1.0,0.986,same_club
9834,Remi Matthews,EPL,2023-24,Crystal Palace,S,1,1,0,0,0,0,0,0.0,0.0,0.0,0.0,0.0,0,0,196722,Remi Matthews,1994-02-10,29.56,183.0,right,Goalkeeper,Goalkeeper,England,England,1,3,0,0,873,Crystal Palace,3,350000.0,500000.0,0.993,1.0,0.978,same_club
9897,Gonzalo Montiel,EPL,2023-24,Nottingham Forest,D S,14,809,0,0,2,3,9,0.12,0.12,1.73,4.527,3.031,5,0,402733,Gonzalo Montiel,1997-01-01,26.66,175.0,right,Defender,Right-Back,Argentina,Argentina,14,802,0,2,703,Nottingham Forest,1096,12000000.0,10000000.0,0.997,1.0,0.991,same_club
9913,Aaron Ramsey,EPL,2023-24,Burnley,M S,14,516,0,0,0,6,1,0.402,0.402,0.392,1.294,0.534,1,0,646658,Aaron Ramsey,2003-01-21,20.61,181.0,right,Midfield,Attacking Midfield,England,England,14,526,0,0,1132,Burnley FC,593,5000000.0,15000000.0,0.994,1.0,0.981,same_club
9959,Joe White,EPL,2023-24,Newcastle United,S,4,8,0,0,0,0,0,0.0,0.0,0.0,0.0,0.0,1,0,614811,Joe White,2002-10-01,20.92,186.0,left,Midfield,Attacking Midfield,England,England,4,12,0,0,762,Newcastle United,274,250000.0,300000.0,0.987,1.0,0.956,same_club
10004,Romeo Lavia,EPL,2023-24,Chelsea,S,1,29,0,0,0,0,0,0.0,0.0,0.0,0.0,0.0,0,0,628451,Roméo Lavia,2004-01-06,19.65,181.0,right,Midfield,Defensive Midfield,Belgium,Belgium,1,32,0,0,631,Chelsea FC,32,32000000.0,35000000.0,0.99,1.0,0.967,same_club
10041,Yasser Larouci,EPL,2023-24,Sheffield United,D S,11,531,0,0,0,6,2,0.259,0.259,0.31,1.01,0.453,1,0,554251,Yasser Larouci,2001-01-01,22.66,176.0,left,Defender,Left-Back,Algeria,Algeria,11,533,0,0,350,Sheffield United,567,3500000.0,3000000.0,0.999,1.0,0.996,same_club
10118,Kaide Gordon,EPL,2023-24,Liverpool,S,1,1,0,0,0,0,0,0.0,0.0,0.0,0.0,0.0,0,0,732119,Kaide Gordon,2004-10-05,18.9,173.0,left,Attack,Right Winger,England,England,1,1,0,0,31,Liverpool FC,77,1500000.0,1200000.0,1.0,1.0,1.0,same_club
10119,Owen Beck,EPL,2023-24,Liverpool,S,1,5,0,0,0,0,0,0.0,0.0,0.0,0.504,0.504,0,0,551001,Owen Beck,2002-08-09,21.06,177.0,left,Defender,Left-Back,Wales,Wales,1,7,0,0,31,Liverpool FC,2240,400000.0,1250000.0,0.993,1.0,0.978,same_club
10140,Hugo Bueno,EPL,2023-24,Wolverhampton Wanderers,D M S,22,706,0,0,0,5,5,0.277,0.277,0.846,2.213,1.422,1,0,698678,Hugo Bueno,2002-09-18,20.95,180.0,left,Defender,Left-Back,Spain,Spain,22,732,0,0,543,Wolverhampton Wanderers,782,6000000.0,6000000.0,0.989,1.0,0.964,same_club
10205,Myles Peart-Harris,EPL,2023-24,Brentford,S,3,3,0,0,0,0,1,0.0,0.0,0.011,0.16,0.149,0,0,587002,Myles Peart-Harris,2002-09-18,20.95,187.0,right,Midfield,Attacking Midfield,Jamaica,England,3,11,0,0,1148,Brentford FC,120,700000.0,700000.0,0.973,1.0,0.911,same_club
10292,Nathan Patterson,EPL,2023-24,Everton,D S,20,979,0,0,2,4,8,0.452,0.452,1.617,5.134,3.856,4,0,424015,Nathan Patterson,2001-10-16,21.88,183.0,right,Defender,Right-Back,Scotland,Scotland,20,1000,0,2,29,Everton FC,1180,16000000.0,15000000.0,0.994,1.0,0.979,same_club
10405,Josh Dasilva,EPL,2023-24,Brentford,S,3,16,0,0,0,0,2,0.0,0.0,0.127,0.109,0.0,0,0,340321,Josh Dasilva,1998-10-23,24.86,184.0,left,Midfield,Central Midfield,England,England,3,23,0,0,1148,Brentford FC,148,16000000.0,10000000.0,0.977,1.0,0.922,same_club
10433,Cesare Casadei,EPL,2023-24,Chelsea,S,11,48,0,0,0,0,2,0.0,0.0,0.119,0.185,0.088,0,0,622380,Cesare Casadei,2003-01-10,20.64,192.0,right,Midfield,Central Midfield,Italy,Italy,11,71,0,0,631,Chelsea FC,161,12000000.0,10000000.0,0.923,1.0,0.744,same_club
10453,Odeluga Offiah,EPL,2023-24,Brighton,D S,4,122,0,0,0,0,0,0.0,0.0,0.0,0.496,0.496,0,0,567597,Odeluga Offiah,2002-10-26,20.85,187.0,right,Defender,Centre-Back,England,England,4,127,0,0,1237,Brighton & Hove Albion,357,200000.0,300000.0,0.988,1.0,0.961,same_club
10527,Carlos Baleba,EPL,2023-24,Brighton,M S,27,1303,0,0,0,21,8,0.773,0.773,0.447,5.225,4.549,7,0,973085,Carlos Baleba,2004-01-03,19.66,179.0,left,Midfield,Defensive Midfield,Cameroon,Cameroon,27,1320,0,0,1237,Brighton & Hove Albion,1569,5000000.0,22000000.0,0.996,1.0,0.987,same_club
10527,Carlos Baleba,EPL,2023-24,Brighton,M S,27,1303,0,0,0,21,8,0.773,0.773,0.447,5.225,4.549,7,0,973085,Carlos Baleba,2004-01-03,19.66,179.0,left,Midfield,Defensive Midfield,Cameroon,Cameroon,27,1320,0,0,1237,Brighton & Hove Albion,1569,5000000.0,22000000.0,0.99,1.0,0.967,same_club
10700,Matt Turner,EPL,2023-24,Nottingham Forest,GK,17,1530,0,0,0,0,0,0.0,0.0,0.0,1.997,1.997,1,0,425306,Matt Turner,1994-06-24,29.19,190.0,right,Goalkeeper,Goalkeeper,United States,United States,17,1530,0,0,703,Nottingham Forest,1830,8000000.0,7000000.0,1.0,1.0,1.0,same_club
10716,Manor Solomon,EPL,2023-24,Tottenham,M S,5,194,0,0,2,7,12,0.389,0.389,0.934,2.026,1.147,1,0,396638,Manor Solomon,1999-07-24,24.11,170.0,right,Attack,Left Winger,Israel,Israel,5,198,0,2,148,Tottenham Hotspur,198,18000000.0,13000000.0,0.994,1.0,0.98,same_club
10719,Luke Harris,EPL,2023-24,Fulham,S,1,75,0,0,0,1,0,0.338,0.338,0.0,0.338,0.0,0,0,817612,Luke Harris,2005-03-04,18.49,177.0,right,Midfield,Attacking Midfield,Wales,Jersey,1,74,0,0,931,Fulham FC,74,500000.0,1000000.0,0.997,1.0,0.989,same_club
10723,Stefan Bajcetic,EPL,2023-24,Liverpool,S,1,23,0,0,0,0,0,0.0,0.0,0.0,0.0,0.0,0,0,864799,Stefan Bajcetic,2004-10-22,18.86,185.0,right,Midfield,Defensive Midfield,Spain,Spain,1,25,0,0,31,Liverpool FC,86,13000000.0,11000000.0,0.993,1.0,0.978,same_club
10744,Ryan Christie,EPL,2023-24,Bournemouth,M S,37,2974,0,0,5,43,53,2.033,2.033,6.36,14.908,9.682,6,0,188077,Ryan Christie,1995-02-22,28.52,178.0,left,Midfield,Central Midfield,Scotland,Scotland,37,2920,0,5,989,AFC Bournemouth,3192,10000000.0,12000000.0,0.995,1.0,0.982,same_club
10746,Jaidon Anthony,EPL,2023-24,Bournemouth,M S,3,153,0,0,0,2,0,0.077,0.077,0.0,0.153,0.076,1,0,684210,Jaidon Anthony,1999-12-01,23.75,183.0,right,Attack,Left Winger,England,England,3,153,0,0,989,AFC Bournemouth,501,9000000.0,6000000.0,1.0,1.0,1.0,same_club
10747,James Hill,EPL,2023-24,Bournemouth,D S,5,74,0,0,0,0,0,0.0,0.0,0.0,0.144,0.144,0,0,611793,James Hill,2002-01-10,21.64,184.0,right,Defender,Centre-Back,England,England,5,75,0,0,989,AFC Bournemouth,222,1000000.0,2000000.0,0.997,1.0,0.989,same_club
10756,Joe Worrall,EPL,2023-24,Nottingham Forest,D S,7,440,0,0,0,2,2,0.081,0.081,0.129,0.379,0.379,0,1,415970,Joe Worrall,1997-01-10,26.64,190.0,right,Defender,Centre-Back,England,England,7,440,0,0,703,Nottingham Forest,1040,12000000.0,7500000.0,1.0,1.0,1.0,same_club
10757,Scott McKenna,EPL,2023-24,Nottingham Forest,D,5,420,0,0,0,2,3,0.17,0.17,0.19,0.286,0.181,0,0,255906,Scott McKenna,1996-11-12,26.8,189.0,left,Defender,Centre-Back,Scotland,Scotland,5,417,0,0,703,Nottingham Forest,1065,10000000.0,9000000.0,0.998,1.0,0.993,same_club
10775,Lewis Warrington,EPL,2023-24,Everton,S,1,1,0,0,0,0,0,0.0,0.0,0.0,0.0,0.0,0,0,652979,Lewis Warrington,2002-10-10,20.89,182.0,right,Midfield,Central Midfield,England,England,1,1,0,0,29,Everton FC,1,500000.0,500000.0,1.0,1.0,1.0,same_club
10802,Lisandro Martínez,EPL,2023-24,Manchester United,D S,11,656,0,0,1,0,3,0.0,0.0,0.048,2.159,2.122,3,0,480762,Lisandro Martínez,1998-01-18,25.62,175.0,left,Defender,Centre-Back,Argentina,Argentina,11,648,0,1,985,Manchester United,900,50000000.0,45000000.0,0.996,1.0,0.988,same_club
10807,Jan Paul van Hecke,EPL,2023-24,Brighton,D M S,28,2365,0,0,0,15,10,1.584,1.584,0.488,11.123,10.832,4,0,576314,Jan Paul van Hecke,2000-06-08,23.23,189.0,right,Defender,Centre-Back,Netherlands,Netherlands,28,2368,0,0,1237,Brighton & Hove Albion,3263,5000000.0,18000000.0,1.0,1.0,0.999,same_club
10913,André Onana,EPL,2023-24,Manchester United,GK,38,3420,0,0,0,0,3,0.0,0.0,0.132,4.993,4.861,5,0,234509,André Onana,1996-04-02,27.41,190.0,right,Goalkeeper,Goalkeeper,Cameroon,Cameroon,38,3420,0,0,985,Manchester United,4470,35000000.0,35000000.0,1.0,1.0,1.0,same_club
10945,Santiago Bueno,EPL,2023-24,Wolverhampton Wanderers,D S,12,817,0,0,0,0,2,0.0,0.0,0.191,2.108,1.935,1,0,438001,Santiago Bueno,1998-11-09,24.81,191.0,right,Defender,Centre-Back,Uruguay,Uruguay,12,820,0,0,543,Wolverhampton Wanderers,1300,8000000.0,8000000.0,0.999,1.0,0.996,same_club
10997,Bobby Clark,EPL,2023-24,Liverpool,M S,5,79,0,0,0,2,0,0.074,0.074,0.0,0.255,0.222,0,0,712117,Bobby Clark,2005-02-07,18.56,178.0,right,Midfield,Central Midfield,England,England,5,87,0,0,31,Liverpool FC,297,350000.0,1000000.0,0.973,1.0,0.911,same_club
11000,Matheus Nunes,EPL,2023-24,"Manchester City,Wolverhampton Wanderers",M S,19,817,0,0,2,10,12,0.925,0.925,1.558,6.406,4.531,0,1,601883,Matheus Nunes,1998-08-27,25.01,183.0,right,Defender,Right-Back,Portugal,Brazil,19,834,0,2,"281,543","Manchester City,Wolverhampton Wanderers",1518,45000000.0,50000000.0,0.994,1.0,0.98,same_club
11058,Julio Enciso,EPL,2023-24,Brighton,M S,12,476,0,0,2,28,9,1.771,1.771,2.373,4.641,1.594,2,0,660867,Julio Enciso,2004-01-23,19.61,173.0,right,Midfield,Attacking Midfield,Paraguay,Paraguay,12,472,0,2,1237,Brighton & Hove Albion,662,22000000.0,22000000.0,0.997,1.0,0.992,same_club
11132,Ethan Nwaneri,EPL,2023-24,Arsenal,S,1,6,0,0,0,0,1,0.0,0.0,0.025,0.025,0.025,0,0,890719,Ethan Nwaneri,2007-03-21,16.45,176.0,left,Midfield,Attacking Midfield,England,England,1,13,0,0,11,Arsenal FC,13,,8000000.0,0.977,1.0,0.922,same_club
11210,Nathan Fraser,EPL,2023-24,Wolverhampton Wanderers,F S,7,175,0,0,0,3,2,0.431,0.431,0.066,0.663,0.166,1,0,863741,Nathan Fraser,2005-02-22,18.52,188.0,right,Attack,Centre-Forward,Ireland,England,7,184,0,0,543,Wolverhampton Wanderers,294,,1000000.0,0.985,1.0,0.951,same_club
11231,Ben Doak,EPL,2023-24,Liverpool,S,1,6,0,0,0,0,0,0.0,0.0,0.0,0.0,0.0,0,0,719673,Ben Gannon-Doak,2005-11-11,17.8,173.0,right,Attack,Right Winger,Scotland,Scotland,1,13,0,0,31,Liverpool FC,182,3000000.0,10000000.0,0.947,0.95,0.922,same_club
11232,Thomas Cannon,EPL,2023-24,Everton,S,1,1,0,0,0,0,0,0.0,0.0,0.0,0.0,0.0,0,0,669366,Tom Cannon,2002-12-28,20.68,180.0,right,Attack,Centre-Forward,Ireland,England,1,1,0,0,29,Everton FC,178,5000000.0,4000000.0,0.97,0.95,1.0,same_club
11242,Divin Mubama,EPL,2023-24,West Ham,S,5,67,0,0,0,1,0,0.054,0.054,0.0,0.054,0.0,0,0,670848,Divin Mubama,2004-10-25,18.85,183.0,left,Attack,Centre-Forward,England,England,5,75,0,0,379,West Ham United,247,250000.0,1000000.0,0.973,1.0,0.911,same_club
11268,David Ozoh,EPL,2023-24,Crystal Palace,S,9,133,0,0,0,0,0,0.0,0.0,0.0,0.742,0.742,1,0,865993,David Ozoh,2005-05-06,18.32,189.0,right,Midfield,Defensive Midfield,England,Spain,9,148,0,0,873,Crystal Palace,307,,700000.0,0.97,1.0,0.899,same_club
11300,Dominic Sadi,EPL,2023-24,Bournemouth,S,1,1,0,0,0,0,0,0.0,0.0,0.0,0.0,0.0,0,0,936901,Dominic Sadi,2003-09-02,20.0,174.0,right,Attack,Right Winger,England,England,1,1,0,0,989,AFC Bournemouth,8,100000.0,100000.0,1.0,1.0,1.0,same_club
11361,Daniel Bentley,EPL,2023-24,Wolverhampton Wanderers,GK S,5,379,0,0,0,0,0,0.0,0.0,0.0,0.468,0.468,0,0,136401,Daniel Bentley,1993-07-13,30.14,193.0,,Goalkeeper,Goalkeeper,England,England,5,382,0,0,543,Wolverhampton Wanderers,472,2000000.0,2000000.0,0.998,1.0,0.992,same_club
11409,Kaelan Casey,EPL,2023-24,West Ham,S,1,1,0,0,0,0,0,0.0,0.0,0.0,0.0,0.0,0,0,845321,Kaelan Casey,2004-10-28,18.84,185.0,right,Defender,Centre-Back,England,,1,1,0,0,379,West Ham United,1,,1000000.0,1.0,1.0,1.0,same_club
11487,Michael Olakigbe,EPL,2023-24,Brentford,S,8,35,0,0,0,3,0,0.084,0.084,0.0,0.205,0.121,0,0,734425,Michael Olakigbe,2004-04-25,19.35,180.0,,Attack,Right Winger,England,England,8,51,0,0,1148,Brentford FC,99,,600000.0,0.947,1.0,0.822,same_club
11700,Vitinho,EPL,2023-24,Burnley,D M S,32,2324,0,0,2,25,11,1.764,1.764,1.035,6.745,4.774,1,0,468249,Vitinho,1999-07-23,24.11,174.0,right,Defender,Right-Back,Brazil,Brazil,32,2318,0,2,1132,Burnley FC,2408,4000000.0,5000000.0,0.999,1.0,0.997,same_club
11702,Benson Manuel,EPL,2023-24,Burnley,M S,8,91,0,0,0,4,1,0.099,0.099,0.089,0.163,0.127,0,0,322702,Benson Manuel,1997-03-28,26.43,166.0,left,Attack,Right Winger,Angola,Belgium,8,110,0,0,1132,Burnley FC,110,7000000.0,5000000.0,0.948,1.0,0.827,same_club
11703,Anass Zaroury,EPL,2023-24,Burnley,F S,6,141,0,0,0,3,2,0.175,0.175,0.048,0.21,0.0,0,1,491296,Anass Zaroury,2000-11-07,22.81,176.0,right,Attack,Left Winger,Morocco,Belgium,6,149,0,0,1132,Burnley FC,216,12000000.0,9000000.0,0.984,1.0,0.946,same_club
11704,Hjalmar Ekdal,EPL,2023-24,Burnley,D S,8,440,0,0,0,2,1,0.077,0.077,0.03,0.541,0.511,2,0,392179,Hjalmar Ekdal,1998-10-21,24.86,187.0,right,Defender,Centre-Back,Sweden,Sweden,8,438,0,0,1132,Burnley FC,438,8000000.0,7000000.0,0.999,1.0,0.995,same_club
11707,Jurriën Timber,EPL,2023-24,Arsenal,D S,2,70,0,0,0,0,0,0.0,0.0,0.0,0.279,0.279,2,0,420243,Jurriën Timber,2001-06-17,22.21,179.0,right,Defender,Right-Back,Netherlands,Netherlands,2,71,0,0,11,Arsenal FC,147,42000000.0,38000000.0,0.997,1.0,0.989,same_club
11709,Milos Kerkez,EPL,2023-24,Bournemouth,D M S,28,1982,0,0,1,16,13,1.697,1.697,1.392,7.39,5.424,4,1,730861,Milos Kerkez,2003-11-07,19.82,180.0,left,Defender,Left-Back,Hungary,Serbia and Montenegro,28,1976,0,1,989,AFC Bournemouth,2126,15000000.0,20000000.0,0.999,1.0,0.997,same_club
11711,Bart Verbruggen,EPL,2023-24,Brighton,GK,21,1890,0,0,0,0,0,0.0,0.0,0.0,3.662,3.662,3,0,565093,Bart Verbruggen,2002-08-18,21.04,193.0,right,Goalkeeper,Goalkeeper,Netherlands,Netherlands,21,1890,0,0,1237,Brighton & Hove Albion,2430,10000000.0,18000000.0,1.0,1.0,1.0,same_club
11712,Thomas Kaminski,EPL,2023-24,Luton,GK,38,3410,0,0,0,0,1,0.0,0.0,0.039,2.813,2.775,3,0,77757,Thomas Kaminski,1992-10-23,30.86,190.0,,Goalkeeper,Goalkeeper,Belgium,Belgium,38,3406,0,0,1031,Luton Town,3406,2200000.0,3000000.0,1.0,1.0,0.999,same_club
11713,Amari&#039;i Bell,EPL,2023-24,Luton,D,21,1724,0,0,0,2,8,0.499,0.499,0.345,5.261,4.456,0,0,278166,Amari'i Bell,1994-05-05,29.33,180.0,left,Defender,Centre-Back,Jamaica,England,21,1723,0,0,1031,Luton Town,1987,2000000.0,2500000.0,0.97,0.95,0.999,same_club
11716,Pelly Ruddock Mpanzu,EPL,2023-24,Luton,M S,27,1068,0,0,0,11,6,1.261,1.261,0.531,2.66,1.222,1,0,244338,Pelly Ruddock Mpanzu,1994-03-22,29.45,175.0,right,Midfield,Defensive Midfield,DR Congo,England,27,1093,0,0,1031,Luton Town,1235,1000000.0,1500000.0,0.993,1.0,0.977,same_club
11724,James Shea,EPL,2023-24,Luton,S,1,10,0,0,0,0,0,0.0,0.0,0.0,0.0,0.0,0,0,91340,James Shea,1991-06-16,32.21,185.0,,Goalkeeper,Goalkeeper,England,England,1,14,0,0,1031,Luton Town,14,200000.0,200000.0,0.987,1.0,0.956,same_club
11729,Bénie Traoré,EPL,2023-24,Sheffield United,F M S,8,360,0,0,0,1,4,0.321,0.321,0.395,1.25,0.69,0,0,852024,Bénie Traoré,2002-11-30,20.75,172.0,right,Attack,Left Winger,Cote d'Ivoire,Cote d'Ivoire,8,385,0,0,350,Sheffield United,884,3500000.0,4000000.0,0.981,1.0,0.935,same_club
11729,Bénie Traoré,EPL,2023-24,Sheffield United,F M S,8,360,0,0,0,1,4,0.321,0.321,0.395,1.25,0.69,0,0,852024,Bénie Traoré,2002-11-30,20.75,172.0,right,Attack,Left Winger,Cote d'Ivoire,Cote d'Ivoire,8,385,0,0,350,Sheffield United,884,3500000.0,4000000.0,0.992,1.0,0.974,same_club
11730,Anis Ben Slimane,EPL,2023-24,Sheffield United,M S,15,394,0,0,0,8,3,0.803,0.803,0.485,1.545,0.411,2,0,546712,Anis Ben Slimane,2001-03-16,22.46,188.0,both,Midfield,Attacking Midfield,Tunisia,Denmark,15,412,0,0,350,Sheffield United,412,2500000.0,2500000.0,0.987,1.0,0.956,same_club
11731,Andre Brooks,EPL,2023-24,Sheffield United,D M S,20,948,0,0,0,9,3,0.494,0.494,0.092,1.295,0.944,1,0,746739,Andre Brooks,2003-08-20,20.03,180.0,left,Midfield,Central Midfield,England,England,20,942,0,0,350,Sheffield United,1045,,2500000.0,0.998,1.0,0.994,same_club
11732,Auston Trusty,EPL,2023-24,Sheffield United,D S,32,2576,0,0,0,8,8,0.664,0.664,1.102,2.353,1.666,4,0,389253,Auston Trusty,1998-08-12,25.05,190.0,left,Defender,Centre-Back,United States,United States,32,2572,0,0,350,Sheffield United,2780,10000000.0,7000000.0,1.0,1.0,0.998,same_club
11739,Omari Kellyman,EPL,2023-24,Aston Villa,S,2,25,0,0,0,1,0,0.049,0.049,0.0,0.049,0.0,0,0,926135,Omari Kellyman,2005-09-15,17.96,191.0,left,Midfield,Attacking Midfield,England,England,2,35,0,0,405,Aston Villa,125,,1000000.0,0.967,1.0,0.889,same_club
11772,Yehor Yarmolyuk,EPL,2023-24,Brentford,M S,27,619,0,0,0,11,3,1.033,1.033,0.083,3.168,2.109,2,0,717411,Yegor Yarmolyuk,2004-03-01,19.5,180.0,right,Midfield,Central Midfield,Ukraine,Ukraine,27,674,0,0,1148,Brentford FC,811,400000.0,10000000.0,0.946,0.95,0.918,same_club
11807,Ian Maatsen,EPL,2023-24,Chelsea,M S,12,169,0,0,0,5,2,0.683,0.683,0.057,1.35,0.653,1,0,485585,Ian Maatsen,2002-03-10,21.48,178.0,left,Defender,Left-Back,Netherlands,Netherlands,12,201,0,0,631,Chelsea FC,2100,12000000.0,40000000.0,0.952,1.0,0.841,same_club
11807,Ian Maatsen,EPL,2023-24,Chelsea,M S,12,169,0,0,0,5,2,0.683,0.683,0.057,1.35,0.653,1,0,485585,Ian Maatsen,2002-03-10,21.48,178.0,left,Defender,Left-Back,Netherlands,Netherlands,12,201,0,0,631,Chelsea FC,2100,12000000.0,40000000.0,0.996,1.0,0.985,same_club
11808,Andrey Santos,EPL,2023-24,Nottingham Forest,S,1,3,0,0,0,2,0,0.072,0.072,0.0,0.028,0.028,0,0,743600,Andrey Santos,2004-05-03,19.33,180.0,right,Midfield,Central Midfield,Brazil,Brazil,1,7,0,0,703,Nottingham Forest,838,15000000.0,15000000.0,0.987,1.0,0.956,same_club
11808,Andrey Santos,EPL,2023-24,Nottingham Forest,S,1,3,0,0,0,2,0,0.072,0.072,0.0,0.028,0.028,0,0,743600,Andrey Santos,2004-05-03,19.33,180.0,right,Midfield,Central Midfield,Brazil,Brazil,1,7,0,0,703,Nottingham Forest,838,15000000.0,15000000.0,0.998,1.0,0.994,same_club
11810,Mason Burstow,EPL,2023-24,Chelsea,S,2,2,0,0,0,0,0,0.0,0.0,0.0,0.0,0.0,0,0,874080,Mason Burstow,2003-08-04,20.08,187.0,right,Attack,Centre-Forward,England,England,2,8,0,0,631,Chelsea FC,8,200000.0,1800000.0,0.98,1.0,0.933,same_club
11811,James McConnell,EPL,2023-24,Liverpool,S,3,3,0,0,0,0,0,0.0,0.0,0.0,0.0,0.0,0,0,845289,James McConnell,2004-09-13,18.97,180.0,right,Midfield,Defensive Midfield,England,England,3,3,0,0,31,Liverpool FC,205,,500000.0,1.0,1.0,1.0,same_club
11980,Joseph Johnson,EPL,2023-24,Luton,S,2,75,0,0,0,0,0,0.0,0.0,0.0,0.035,0.035,1,0,1088818,Joe Johnson,2006-02-21,17.52,180.0,left,Defender,Left-Back,England,England,2,75,0,0,1031,Luton Town,140,,100000.0,0.97,0.95,1.0,same_club
11984,Youssef Chermiti,EPL,2023-24,Everton,F S,18,159,0,0,0,6,3,0.604,0.604,0.425,1.201,0.238,3,0,670688,Youssef Chermiti,2004-05-24,19.27,192.0,right,Attack,Centre-Forward,Portugal,Portugal,18,196,0,0,29,Everton FC,208,3000000.0,9000000.0,0.943,1.0,0.811,same_club
11987,Daniel Gore,EPL,2023-24,Manchester United,S,1,1,0,0,0,0,0,0.0,0.0,0.0,0.0,0.0,0,0,747153,Dan Gore,2004-09-26,18.93,170.0,right,Midfield,Central Midfield,England,England,1,1,0,0,985,Manchester United,1,,900000.0,0.97,0.95,1.0,same_club
11998,Hannes Delcroix,EPL,2023-24,Burnley,D S,12,575,0,0,0,4,4,0.233,0.233,0.204,1.681,1.478,2,0,338635,Hannes Delcroix,1999-02-28,24.51,183.0,left,Defender,Centre-Back,Haiti,Haiti,12,585,0,0,1132,Burnley FC,682,2000000.0,4000000.0,0.995,1.0,0.983,same_club
12032,Djordje Petrovic,EPL,2023-24,Chelsea,GK S,23,1982,0,0,0,0,0,0.0,0.0,0.0,3.312,3.312,2,0,465555,Djordje Petrovic,1999-10-08,23.9,194.0,right,Goalkeeper,Goalkeeper,Serbia,Yugoslavia (Republic),23,1986,0,0,631,Chelsea FC,2346,6000000.0,20000000.0,0.999,1.0,0.998,same_club
12033,Deivid Washington,EPL,2023-24,Chelsea,S,2,7,0,0,0,1,0,0.125,0.125,0.0,0.192,0.067,0,0,1082850,Deivid Washington,2005-06-05,18.24,187.0,right,Attack,Centre-Forward,Brazil,Brazil,2,11,0,0,631,Chelsea FC,25,4000000.0,9000000.0,0.987,1.0,0.956,same_club
12034,Brandon Aguilera,EPL,2023-24,Nottingham Forest,S,1,1,0,0,0,0,0,0.0,0.0,0.0,0.0,0.0,0,0,631996,Brandon Aguilera,2003-06-28,20.18,179.0,left,Midfield,Central Midfield,Costa Rica,Costa Rica,1,4,0,0,703,Nottingham Forest,38,275000.0,300000.0,0.99,1.0,0.967,same_club
12047,Enso González,EPL,2023-24,Wolverhampton Wanderers,S,1,1,0,0,0,0,0,0.0,0.0,0.0,0.0,0.0,0,0,1060740,Enso González,2005-01-20,18.61,169.0,left,Attack,Left Winger,Paraguay,Paraguay,1,1,0,0,543,Wolverhampton Wanderers,1,1900000.0,4000000.0,1.0,1.0,1.0,same_club
12086,Alex Matos,EPL,2023-24,Chelsea,S,1,1,0,0,0,0,0,0.0,0.0,0.0,0.0,0.0,0,0,670850,Alex Matos,2004-10-03,18.91,175.0,right,Midfield,Central Midfield,England,England,1,1,0,0,631,Chelsea FC,62,,1200000.0,1.0,1.0,1.0,same_club
12094,Mike Trésor,EPL,2023-24,Burnley,F M S,16,384,0,0,0,5,7,0.662,0.662,0.649,0.983,0.34,0,0,381963,Mike Tresor,1999-05-28,24.26,172.0,right,Midfield,Attacking Midfield,Belgium,Belgium,16,413,0,0,1132,Burnley FC,748,15000000.0,12000000.0,0.979,1.0,0.93,same_club
12118,Jamie Donley,EPL,2023-24,Tottenham,S,3,3,0,0,0,0,0,0.0,0.0,0.0,0.0,0.0,1,0,796305,Jamie Donley,2005-01-03,18.66,183.0,left,Midfield,Attacking Midfield,Northern Ireland,Northern Ireland,3,3,0,0,148,Tottenham Hotspur,10,,1500000.0,1.0,1.0,1.0,same_club
12123,Murillo,EPL,2023-24,Nottingham Forest,D,32,2813,0,0,2,17,8,1.665,1.665,1.217,8.485,7.433,5,0,1005649,Murillo,2002-07-04,21.16,180.0,left,Defender,Centre-Back,Brazil,Brazil,32,2793,0,2,703,Nottingham Forest,3165,3500000.0,35000000.0,0.998,1.0,0.993,same_club
12152,Matheus França,EPL,2023-24,Crystal Palace,M S,10,197,0,0,1,8,6,0.292,0.292,0.864,1.126,0.592,1,0,743597,Matheus França,2004-04-01,19.42,184.0,right,Midfield,Attacking Midfield,Brazil,Brazil,10,225,0,1,873,Crystal Palace,322,9000000.0,15000000.0,0.963,1.0,0.876,same_club
12158,Ryan Oné,EPL,2023-24,Sheffield United,S,1,4,0,0,0,0,0,0.0,0.0,0.0,0.0,0.0,0,0,1031293,Ryan Oné,2006-06-26,17.18,,,Attack,Centre-Forward,Scotland,Scotland,1,7,0,0,350,Sheffield United,7,125000.0,200000.0,0.99,1.0,0.967,same_club
12188,Zack Nelson,EPL,2023-24,Luton,S,2,2,0,0,0,0,0,0.0,0.0,0.0,0.068,0.068,0,0,965940,Zack Nelson,2005-04-21,18.36,,,Midfield,Attacking Midfield,England,England,2,4,0,0,1031,Luton Town,4,,100000.0,0.993,1.0,0.978,same_club
12198,Ben Parkinson,EPL,2023-24,Newcastle United,S,1,18,0,0,0,0,0,0.0,0.0,0.0,0.0,0.0,0,0,922764,Ben Parkinson,2005-03-10,18.48,183.0,right,Attack,Centre-Forward,England,England,1,24,0,0,762,Newcastle United,24,,250000.0,0.98,1.0,0.933,same_club
12199,Alex Murphy,EPL,2023-24,Newcastle United,S,2,5,0,0,0,0,0,0.0,0.0,0.0,0.0,0.0,0,0,900601,Alex Murphy,2004-06-25,19.18,188.0,left,Defender,Left-Back,Ireland,Ireland,2,11,0,0,762,Newcastle United,11,,250000.0,0.98,1.0,0.933,same_club
12200,Amadou Diallo,EPL,2023-24,Newcastle United,S,1,1,0,0,0,0,0,0.0,0.0,0.0,0.0,0.0,0,0,533086,Amadou Diallo,2003-02-15,20.54,,,Attack,Left Winger,England,England,1,1,0,0,762,Newcastle United,1,,400000.0,1.0,1.0,1.0,same_club
12204,Benicio Baker-Boaitey,EPL,2023-24,Brighton,S,5,22,0,0,0,1,1,0.02,0.02,0.096,0.27,0.153,1,0,657817,Benicio Baker-Boaitey,2004-01-09,19.64,,left,Attack,Left Winger,England,,5,37,0,0,1237,Brighton & Hove Albion,57,,400000.0,0.95,1.0,0.833,same_club
12205,Mark O’Mahony,EPL,2023-24,Brighton,F S,3,64,0,0,0,1,0,0.071,0.071,0.0,0.0,0.0,1,0,943549,Mark O'Mahony,2005-01-14,18.63,182.0,right,Attack,Centre-Forward,Ireland,Ireland,3,61,0,0,1237,Brighton & Hove Albion,142,25000.0,300000.0,0.918,0.88,0.967,same_club
12215,Michael Ndiweni,EPL,2023-24,Newcastle United,S,1,1,0,0,0,0,0,0.0,0.0,0.0,0.0,0.0,0,0,698151,Michael Ndiweni,2003-12-02,19.75,,right,Attack,Centre-Forward,England,England,1,1,0,0,762,Newcastle United,1,,200000.0,1.0,1.0,1.0,same_club
12234,Tawanda Chirewa,EPL,2023-24,Wolverhampton Wanderers,F S,8,129,0,0,0,3,1,0.109,0.109,0.016,0.172,0.071,1,0,724783,Tawanda Chirewa,2003-10-12,19.89,181.0,right,Midfield,Attacking Midfield,Zimbabwe,England,8,139,0,0,543,Wolverhampton Wanderers,197,,500000.0,0.978,1.0,0.928,same_club
12251,Sydie Peck,EPL,2023-24,Sheffield United,S,1,6,0,0,0,0,0,0.0,0.0,0.0,0.0,0.0,0,0,745851,Sydie Peck,2004-09-13,18.97,173.0,right,Midfield,Central Midfield,England,,1,9,0,0,350,Sheffield United,9,,200000.0,0.99,1.0,0.967,same_club
12275,Willy Kambwala,EPL,2023-24,Manchester United,D S,8,318,0,0,0,0,0,0.0,0.0,0.0,0.387,0.387,1,0,780630,Willy Kambwala,2004-08-25,19.02,192.0,right,Defender,Centre-Back,France,DR Congo,8,326,0,0,985,Manchester United,341,,5000000.0,0.993,1.0,0.975,same_club
12291,Rhys Norrington-Davies,EPL,2023-24,Sheffield United,D S,5,107,0,0,0,0,1,0.0,0.0,0.026,0.083,0.057,1,0,543164,Rhys Norrington-Davies,1999-04-22,24.36,181.0,left,Defender,Left-Back,Wales,Saudi Arabia,5,111,0,0,350,Sheffield United,253,3000000.0,2500000.0,0.989,1.0,0.964,same_club
12340,Omari Forson,EPL,2023-24,Manchester United,M S,4,62,0,0,1,1,2,0.049,0.049,0.128,0.068,0.034,0,0,670845,Omari Forson,2004-07-20,19.12,179.0,left,Attack,Right Winger,England,England,4,68,0,1,985,Manchester United,88,,2000000.0,0.98,1.0,0.933,same_club
12408,Daniel Muñoz,EPL,2023-24,Crystal Palace,D,16,1440,0,0,4,8,21,1.755,1.755,3.085,6.923,3.61,4,0,493003,Daniel Muñoz,1996-05-26,27.27,180.0,right,Defender,Right-Back,Colombia,Colombia,16,1440,0,4,873,Crystal Palace,3563,9000000.0,18000000.0,1.0,1.0,1.0,same_club
12409,Adam Wharton,EPL,2023-24,Crystal Palace,M S,16,1333,0,0,3,10,20,0.356,0.356,2.556,6.305,4.828,2,0,744149,Adam Wharton,2004-02-06,19.57,182.0,left,Midfield,Defensive Midfield,England,England,16,1305,0,3,873,Crystal Palace,1402,3500000.0,30000000.0,0.994,1.0,0.979,same_club
12418,Rodrigo Ribeiro,EPL,2023-24,Nottingham Forest,S,4,11,0,0,0,0,0,0.0,0.0,0.0,0.0,0.0,0,0,726701,Rodrigo Ribeiro,2005-04-28,18.34,186.0,right,Attack,Centre-Forward,Portugal,Portugal,4,14,0,0,703,Nottingham Forest,15,3000000.0,3000000.0,0.99,1.0,0.967,same_club
12449,Oliver Arblaster,EPL,2023-24,Sheffield United,M S,12,954,0,0,0,1,12,0.022,0.022,1.03,2.881,2.645,2,0,874066,Oliver Arblaster,2004-01-08,19.65,180.0,right,Midfield,Central Midfield,England,England,12,946,0,0,350,Sheffield United,1093,,450000.0,0.997,1.0,0.992,same_club
12455,Jayden Danns,EPL,2023-24,Liverpool,S,2,6,0,0,0,0,0,0.0,0.0,0.0,0.0,0.0,1,0,939290,Jayden Danns,2006-01-16,17.62,183.0,right,Attack,Centre-Forward,England,England,2,7,0,0,31,Liverpool FC,45,,1000000.0,0.997,1.0,0.989,same_club
12465,Sam Curtis,EPL,2023-24,Sheffield United,S,1,24,0,0,0,0,0,0.0,0.0,0.0,0.076,0.076,0,0,741267,Sam Curtis,2005-12-01,17.75,185.0,right,Defender,Right-Back,Ireland,Ireland,1,27,0,0,350,Sheffield United,275,125000.0,150000.0,0.99,1.0,0.967,same_club
12497,Jimi Tauriainen,EPL,2023-24,Chelsea,S,1,1,0,0,0,0,0,0.0,0.0,0.0,0.0,0.0,0,0,681615,Jimi Tauriainen,2004-03-08,19.48,188.0,left,Midfield,Central Midfield,Finland,Finland,1,1,0,0,631,Chelsea FC,2,,200000.0,1.0,1.0,1.0,same_club
12498,Valentín Barco,EPL,2023-24,Brighton,D S,6,299,0,0,0,4,4,0.308,0.308,0.305,2.314,1.935,1,0,849410,Valentín Barco,2004-07-23,19.11,172.0,left,Midfield,Central Midfield,Argentina,Argentina,6,308,0,0,1237,Brighton & Hove Albion,318,3500000.0,13000000.0,0.991,1.0,0.971,same_club
12509,Daiki Hashioka,EPL,2023-24,Luton,D S,10,583,0,0,0,2,3,0.1,0.1,0.519,2.065,1.512,0,0,387191,Daiki Hashioka,1999-05-17,24.29,184.0,right,Defender,Right-Back,Japan,Japan,10,595,0,0,1031,Luton Town,2129,1800000.0,2000000.0,0.994,1.0,0.98,same_club
12532,Leon Chiwome,EPL,2023-24,Wolverhampton Wanderers,F S,3,178,0,0,0,2,0,0.145,0.145,0.0,0.059,0.013,0,0,1043634,Leon Chiwome,2006-01-10,17.64,186.0,,Attack,Centre-Forward,England,England,3,175,0,0,543,Wolverhampton Wanderers,205,,1000000.0,0.995,1.0,0.983,same_club
12535,Josh Acheampong,EPL,2023-24,Chelsea,S,1,1,0,0,0,0,0,0.0,0.0,0.0,0.0,0.0,0,0,1004708,Josh Acheampong,2006-05-05,17.33,190.0,right,Defender,Right-Back,England,England,1,5,0,0,631,Chelsea FC,5,,300000.0,0.987,1.0,0.956,same_club
12549,Fred Onyedinma,EPL,2023-24,Luton,D S,8,419,0,0,0,5,2,0.184,0.184,0.131,0.567,0.252,1,0,305274,Fred Onyedinma,1996-11-24,26.77,185.0,right,Midfield,Attacking Midfield,Nigeria,Nigeria,8,407,0,0,1031,Luton Town,407,500000.0,500000.0,0.991,1.0,0.971,same_club
12568,Ethan Wheatley,EPL,2023-24,Manchester United,S,3,9,0,0,0,0,0,0.0,0.0,0.0,0.0,0.0,0,0,888639,Ethan Wheatley,2006-01-20,17.61,187.0,,Attack,Centre-Forward,England,England,3,13,0,0,985,Manchester United,13,,,0.987,1.0,0.956,same_club
12581,Finley Munroe,EPL,2023-24,Aston Villa,S,1,1,0,0,0,0,0,0.0,0.0,0.0,0.0,0.0,0,0,845723,Finley Munroe,2005-02-08,18.56,,left,Defender,Centre-Back,England,,1,3,0,0,405,Aston Villa,3,,100000.0,0.993,1.0,0.978,same_club
12603,Mikey Moore,EPL,2023-24,Tottenham,S,2,2,0,0,0,0,0,0.0,0.0,0.0,0.0,0.0,0,0,1011147,Mikey Moore,2007-08-11,16.06,180.0,right,Attack,Left Winger,England,England,2,3,0,0,148,Tottenham Hotspur,3,,,0.997,1.0,0.989,same_club
11736,Artem Dovbyk,ESP,2023-24,Girona,F S,36,2678,24,17,8,85,27,23.314,17.368,6.51,23.677,3.993,2,0,343537,Artem Dovbyk,1997-06-21,26.2,189.0,left,Attack,Centre-Forward,Ukraine,Ukraine,36,2605,24,8,12321,Girona FC,2857,15000000.0,35000000.0,0.992,1.0,0.973,same_club
6531,Alexander Sørloth,ESP,2023-24,Villarreal,F S,34,2487,23,23,6,78,33,15.429,15.429,4.058,20.515,3.432,3,0,238407,Alexander Sørloth,1995-12-05,27.74,196.0,left,Attack,Centre-Forward,Norway,Norway,34,2491,23,6,1050,Villarreal CF,2954,12000000.0,25000000.0,1.0,1.0,0.998,same_club
227,Robert Lewandowski,ESP,2023-24,Barcelona,F S,35,2777,19,15,8,92,27,17.915,14.942,5.1,25.662,9.227,5,0,38253,Robert Lewandowski,1988-08-21,35.03,186.0,right,Attack,Centre-Forward,Poland,Poland,35,2759,19,8,131,FC Barcelona,3800,30000000.0,15000000.0,0.998,1.0,0.994,same_club
8824,Jude Bellingham,ESP,2023-24,Real Madrid,F M S,28,2351,19,18,6,63,48,12.975,12.231,5.894,27.422,15.475,5,0,581678,Jude Bellingham,2003-06-29,20.18,186.0,right,Midfield,Attacking Midfield,England,England,28,2324,19,6,418,Real Madrid,3644,120000000.0,180000000.0,0.997,1.0,0.989,same_club
1235,Ante Budimir,ESP,2023-24,Osasuna,F S,33,2476,17,14,2,77,12,15.208,12.235,2.322,12.839,1.578,4,0,46413,Ante Budimir,1991-07-22,32.11,190.0,left,Attack,Centre-Forward,Croatia,Jugoslawien (SFR),33,2449,17,2,331,CA Osasuna,2761,6000000.0,5000000.0,0.997,1.0,0.989,same_club
2270,Antoine Griezmann,ESP,2023-24,Atletico Madrid,F M S,33,2685,16,12,6,79,43,13.233,10.26,5.677,25.458,11.906,5,0,125781,Antoine Griezmann,1991-03-21,32.45,176.0,left,Attack,Second Striker,France,France,33,2654,16,6,13,Atlético de Madrid,3918,25000000.0,25000000.0,0.997,1.0,0.988,same_club
5169,Youssef En-Nesyri,ESP,2023-24,Sevilla,F S,33,2580,16,15,2,73,9,13.388,12.645,1.388,14.379,2.695,4,0,433049,Youssef En-Nesyri,1997-06-01,26.25,188.0,left,Attack,Centre-Forward,Morocco,Morocco,33,2576,16,2,368,Sevilla FC,3243,20000000.0,20000000.0,1.0,1.0,0.998,same_club
1804,Álvaro Morata,ESP,2023-24,Atletico Madrid,F S,32,1924,15,15,3,67,15,17.681,16.938,2.825,20.134,3.361,2,1,128223,Álvaro Morata,1992-10-23,30.86,189.0,right,Attack,Centre-Forward,Spain,Spain,32,1909,15,4,13,Atlético de Madrid,2968,20000000.0,16000000.0,0.998,1.0,0.992,same_club
2252,Borja Mayoral,ESP,2023-24,Getafe,F M S,27,2193,15,11,1,47,20,11.781,8.808,1.931,12.544,2.434,2,0,298976,Borja Mayoral,1997-04-05,26.41,182.0,right,Attack,Centre-Forward,Spain,Spain,27,2165,15,1,3709,Getafe CF,2381,9000000.0,15000000.0,0.996,1.0,0.987,same_club
7008,Vinícius Júnior,ESP,2023-24,Real Madrid,F M S,26,1902,15,14,5,78,31,15.999,15.256,4.434,20.518,4.835,7,0,371998,Vinicius Junior,2000-07-12,23.14,176.0,right,Attack,Left Winger,Brazil,Brazil,26,1875,15,6,418,Real Madrid,3084,150000000.0,180000000.0,0.996,1.0,0.986,same_club
7020,Gorka Guruzeta,ESP,2023-24,Athletic Club,F S,32,2321,14,14,5,65,27,13.065,12.321,3.077,15.981,2.684,2,0,340205,Gorka Guruzeta,1996-09-12,26.97,188.0,right,Attack,Centre-Forward,Spain,Spain,32,2241,14,5,621,Athletic Bilbao,2546,2000000.0,18000000.0,0.99,1.0,0.966,same_club
6637,Hugo Duro,ESP,2023-24,Valencia,F M S,37,3050,13,13,2,65,15,11.411,11.411,1.568,14.39,2.716,4,0,573775,Hugo Duro,1999-11-10,23.81,177.0,left,Attack,Centre-Forward,Spain,Spain,37,2996,13,4,1049,Valencia CF,3146,4000000.0,16000000.0,0.995,1.0,0.982,same_club
11070,Jørgen Strand Larsen,ESP,2023-24,Celta Vigo,F M S,37,2951,13,13,3,81,24,16.672,16.672,2.747,20.406,4.552,3,0,429983,Jørgen Strand Larsen,2000-02-06,23.57,193.0,right,Attack,Centre-Forward,Norway,Norway,37,2888,13,3,940,Celta de Vigo,2902,11000000.0,25000000.0,0.994,1.0,0.979,same_club
2399,Iñaki Williams,ESP,2023-24,Athletic Club,F M S,34,2880,12,12,3,93,44,11.432,11.432,6.192,21.492,5.148,4,0,255508,Iñaki Williams,1994-06-15,29.21,186.0,right,Attack,Right Winger,Ghana,Spain,34,2856,12,3,621,Athletic Bilbao,3188,25000000.0,25000000.0,0.997,1.0,0.992,same_club
10400,Myrto Uzuni,ESP,2023-24,Granada,F M S,34,2490,11,7,1,64,18,12.619,8.903,3.16,10.584,1.757,3,0,315289,Myrto Uzuni,1995-05-31,28.25,178.0,right,Attack,Left Winger,Albania,Albania,34,2461,11,1,16795,Granada CF,2461,9000000.0,8000000.0,0.997,1.0,0.988,same_club
866,Joselu,ESP,2023-24,Real Madrid,F S,34,1631,10,10,2,63,12,13.564,12.077,2.325,17.44,5.646,0,0,81999,Joselu,1990-03-27,33.43,191.0,right,Attack,Centre-Forward,Spain,Germany,34,1675,10,2,418,Real Madrid,2097,6000000.0,5000000.0,0.992,1.0,0.974,same_club
2120,Gerard Moreno,ESP,2023-24,Villarreal,F M S,30,2296,10,8,6,63,53,9.998,7.768,5.869,16.736,7.896,0,0,177467,Gerard Moreno,1992-04-07,31.4,180.0,left,Attack,Centre-Forward,Spain,Spain,30,2276,10,6,1050,Villarreal CF,2771,20000000.0,10000000.0,0.997,1.0,0.991,same_club
2361,Willian José,ESP,2023-24,Real Betis,F S,33,2004,10,10,5,48,27,6.604,6.604,3.089,11.78,2.724,0,1,122155,Willian José,1991-11-23,31.77,186.0,right,Attack,Centre-Forward,Brazil,Brazil,33,1980,10,5,150,Real Betis Balompié,2265,6000000.0,5000000.0,0.996,1.0,0.988,same_club
8015,Rodrygo,ESP,2023-24,Real Madrid,F S,34,2426,10,10,5,87,46,12.43,11.687,4.425,22.538,10.114,2,0,412363,Rodrygo,2001-01-09,22.64,174.0,right,Attack,Right Winger,Brazil,Brazil,34,2391,10,5,418,Real Madrid,3707,100000000.0,110000000.0,0.996,1.0,0.986,same_club
770,Ayoze Pérez,ESP,2023-24,Real Betis,F M S,31,2346,9,9,1,68,31,8.99,8.99,4.214,17.232,6.425,4,0,246968,Ayoze Pérez,1993-07-29,30.09,178.0,right,Attack,Centre-Forward,Spain,Spain,31,2307,9,1,150,Real Betis Balompié,2680,6000000.0,7000000.0,0.995,1.0,0.983,same_club
1709,Cristhian Stuani,ESP,2023-24,Girona,F S,31,694,9,9,3,34,10,11.262,11.262,2.24,11.823,0.315,6,0,59323,Cristhian Stuani,1986-10-12,36.89,184.0,right,Attack,Centre-Forward,Uruguay,Uruguay,31,783,9,3,12321,Girona FC,1218,2000000.0,1800000.0,0.966,1.0,0.886,same_club
2234,Mikel Oyarzabal,ESP,2023-24,Real Sociedad,F M S,33,2160,9,7,3,40,21,10.143,8.656,2.191,10.526,1.315,3,0,351478,Mikel Oyarzabal,1997-04-21,26.36,181.0,left,Attack,Centre-Forward,Spain,Spain,33,2160,9,3,681,Real Sociedad,3059,40000000.0,45000000.0,1.0,1.0,1.0,same_club
2275,Ángel Correa,ESP,2023-24,Atletico Madrid,F M S,32,1502,9,9,2,43,32,7.45,7.45,4.268,16.604,6.348,3,0,266807,Ángel Correa,1995-03-09,28.48,171.0,right,Attack,Second Striker,Argentina,Argentina,32,1525,9,2,13,Atlético de Madrid,2013,30000000.0,18000000.0,0.995,1.0,0.985,same_club
2290,Iago Aspas,ESP,2023-24,Celta Vigo,F M S,35,2736,9,6,10,78,90,10.404,6.688,12.151,23.68,10.63,6,1,72047,Iago Aspas,1987-08-01,36.08,176.0,left,Attack,Centre-Forward,Spain,Spain,35,2717,9,10,940,Celta de Vigo,2743,6000000.0,3000000.0,0.998,1.0,0.993,same_club
8862,Sergio Arribas,ESP,2023-24,Almeria,F M S,34,2065,9,9,4,60,40,9.642,9.642,4.135,15.821,4.311,1,0,537762,Sergio Arribas,2001-09-30,21.92,174.0,left,Midfield,Attacking Midfield,Spain,Spain,34,2057,9,4,3302,UD Almería,2192,5000000.0,10000000.0,0.999,1.0,0.996,same_club
11735,Sávio,ESP,2023-24,Girona,F M S,37,3062,9,9,10,45,52,6.156,6.156,8.477,24.986,13.196,5,0,743591,Savinho,2004-04-10,19.39,176.0,left,Attack,Left Winger,Brazil,Brazil,37,2993,9,10,12321,Girona FC,3253,5000000.0,50000000.0,0.921,0.88,0.977,same_club
11831,Samu Omorodion,ESP,2023-24,"Alaves,Granada",F S,35,2014,9,9,1,67,18,13.301,13.301,1.884,15.396,3.026,6,0,,,,,,,,,,,,,,,,,,,,,,,
2255,Isco,ESP,2023-24,Real Betis,M S,29,2377,8,6,5,63,81,9.667,8.18,8.341,19.041,7.847,10,0,85288,Isco,1992-04-21,31.36,176.0,right,Midfield,Attacking Midfield,Spain,Spain,29,2339,8,5,150,Real Betis Balompié,2791,5000000.0,8000000.0,0.995,1.0,0.984,same_club
6421,Brahim Diaz,ESP,2023-24,Real Madrid,F M S,31,1548,8,8,6,38,30,7.065,7.065,5.103,17.72,7.118,0,0,314678,Brahim Díaz,1999-08-03,24.08,170.0,both,Attack,Right Winger,Morocco,Spain,31,1551,8,7,418,Real Madrid,2066,20000000.0,40000000.0,0.999,1.0,0.998,same_club
7490,Mason Greenwood,ESP,2023-24,Getafe,F M S,34,2766,8,6,7,103,40,9.606,7.376,5.15,14.052,4.136,6,1,532826,Mason Greenwood,2001-10-01,21.92,181.0,both,Attack,Right Winger,England,England,33,2668,8,6,3709,Getafe CF,2908,5000000.0,25000000.0,0.989,1.0,0.965,same_club
11322,Viktor Tsygankov,ESP,2023-24,Girona,D F M S,30,2118,8,8,7,44,35,7.183,7.183,6.849,18.071,9.44,0,0,264372,Viktor Tsygankov,1997-11-15,25.79,178.0,left,Attack,Right Winger,Ukraine,Israel,30,2067,8,7,12321,Girona FC,2275,22000000.0,30000000.0,0.993,1.0,0.976,same_club
11822,Fermín López,ESP,2023-24,Barcelona,F M S,31,1447,8,8,0,51,17,8.456,8.456,1.42,12.827,3.399,2,0,636703,Fermín López,2003-05-11,20.31,176.0,right,Midfield,Attacking Midfield,Spain,Spain,31,1444,8,0,131,FC Barcelona,1901,300000.0,30000000.0,0.999,1.0,0.998,same_club
2186,Morales,ESP,2023-24,Villarreal,F M S,29,996,7,7,0,25,5,5.825,5.825,0.593,8.63,2.666,0,0,252677,José Luis Morales,1987-07-23,36.11,180.0,right,Attack,Centre-Forward,Spain,Spain,29,1036,7,0,1050,Villarreal CF,1504,3000000.0,1500000.0,0.988,1.0,0.961,same_club
2551,Pepelu,ESP,2023-24,Valencia,M,37,3314,7,0,1,35,52,6.946,1.0,3.305,11.623,10.691,4,0,328480,Pepelu,1998-08-11,25.06,186.0,right,Midfield,Defensive Midfield,Spain,Spain,37,3305,7,1,1049,Valencia CF,3495,3000000.0,22000000.0,0.999,1.0,0.997,same_club
5091,Alex Berenguer,ESP,2023-24,Athletic Club,M S,35,1533,7,6,3,32,33,5.916,5.173,4.65,8.557,1.839,4,0,338425,Álex Berenguer,1995-07-04,28.16,175.0,right,Attack,Left Winger,Spain,Spain,35,1580,7,3,621,Athletic Bilbao,1939,15000000.0,12000000.0,0.991,1.0,0.97,same_club
6118,Portu,ESP,2023-24,"Getafe,Girona",F M S,36,1205,7,7,5,22,18,4.974,4.974,3.654,11.467,3.548,4,0,99353,Portu,1992-05-21,31.28,167.0,right,Attack,Right Winger,Spain,Spain,36,1271,7,5,"3709,12321","Getafe CF,Girona FC",1633,3500000.0,3500000.0,0.984,1.0,0.948,same_club
6441,Ferrán Torres,ESP,2023-24,Barcelona,F M S,29,1168,7,7,2,38,26,6.147,6.147,2.07,11.047,4.375,2,0,398184,Ferran Torres,2000-02-29,23.5,183.0,right,Attack,Centre-Forward,Spain,Spain,29,1204,7,3,131,FC Barcelona,1994,30000000.0,30000000.0,0.991,1.0,0.97,same_club
7892,João Félix,ESP,2023-24,Barcelona,F M S,30,1530,7,7,3,61,19,8.802,8.802,3.088,17.653,7.778,3,0,462250,João Félix,1999-11-10,23.81,179.0,right,Attack,Second Striker,Portugal,Portugal,30,1542,7,3,131,FC Barcelona,2143,50000000.0,30000000.0,0.998,1.0,0.992,same_club
8001,Takefusa Kubo,ESP,2023-24,Real Sociedad,F M S,30,2169,7,7,4,46,58,5.007,5.007,6.733,12.395,3.64,1,0,405398,Takefusa Kubo,2001-06-04,22.24,173.0,left,Attack,Right Winger,Japan,Japan,30,2156,7,4,681,Real Sociedad,2935,25000000.0,50000000.0,0.998,1.0,0.994,same_club
9002,Vedat Muriqi,ESP,2023-24,Mallorca,F S,29,2335,7,6,2,66,34,11.221,8.991,3.225,9.769,2.221,4,0,256267,Vedat Muriqi,1994-04-24,29.36,194.0,left,Attack,Centre-Forward,Kosovo,Yugoslavia (Republic),29,2330,7,2,237,RCD Mallorca,2549,15000000.0,12000000.0,0.999,1.0,0.998,same_club
12030,Tasos Douvikas,ESP,2023-24,Celta Vigo,F S,32,846,7,7,1,26,8,5.597,5.597,1.189,6.697,0.697,2,0,523318,Anastasios Douvikas,1999-08-02,24.08,186.0,right,Attack,Centre-Forward,Greece,Greece,32,886,7,1,940,Celta de Vigo,1514,9000000.0,6000000.0,0.956,0.95,0.955,same_club
1189,Lucas Boyé,ESP,2023-24,Granada,F M S,31,2613,6,6,3,56,27,7.145,7.145,3.209,10.558,3.427,8,1,334222,Lucas Boyé,1996-02-28,27.51,183.0,right,Attack,Centre-Forward,Argentina,Argentina,31,2556,6,3,16795,Granada CF,2556,10000000.0,7000000.0,0.993,1.0,0.978,same_club
2304,Leo Baptistao,ESP,2023-24,Almeria,F M S,32,1869,6,6,0,47,19,5.838,5.838,1.827,10.266,3.072,6,1,221899,Léo Baptistão,1992-08-26,31.01,183.0,right,Attack,Centre-Forward,Brazil,Brazil,32,1841,6,0,3302,UD Almería,1910,1800000.0,1500000.0,0.996,1.0,0.985,same_club
2518,Marcos Llorente,ESP,2023-24,Atletico Madrid,D F M S,37,2580,6,6,4,30,26,4.877,4.877,6.642,19.585,10.337,5,0,282411,Marcos Llorente,1995-01-30,28.59,183.0,right,Defender,Right-Back,Spain,Spain,37,2570,6,4,13,Atlético de Madrid,3602,35000000.0,30000000.0,0.999,1.0,0.996,same_club
7071,Álvaro García,ESP,2023-24,Rayo Vallecano,F M S,32,2537,6,6,1,45,40,7.112,7.112,3.698,11.994,1.854,6,1,257062,Álvaro García,1992-10-27,30.84,167.0,both,Attack,Left Winger,Spain,Spain,32,2498,6,1,367,Rayo Vallecano,2522,6000000.0,3000000.0,0.995,1.0,0.985,same_club
8014,Abdón Prats,ESP,2023-24,Mallorca,F S,34,1218,6,6,1,33,14,4.045,4.045,2.339,5.668,1.205,4,0,177452,Abdón Prats,1992-12-07,30.73,181.0,left,Attack,Centre-Forward,Spain,Spain,34,1257,6,1,237,RCD Mallorca,1836,1200000.0,1800000.0,0.991,1.0,0.969,same_club
8026,Raphinha,ESP,2023-24,Barcelona,F M S,28,1385,6,5,9,59,40,7.732,6.989,6.222,14.77,7.722,4,1,411295,Raphinha,1996-12-14,26.71,176.0,left,Attack,Left Winger,Brazil,Brazil,28,1371,6,9,131,FC Barcelona,1950,60000000.0,50000000.0,0.997,1.0,0.99,same_club
8042,Raul García,ESP,2023-24,Osasuna,F S,35,1328,6,6,1,33,10,5.833,5.833,1.268,7.176,1.346,4,0,631002,Raúl García,2000-11-03,22.83,192.0,right,Attack,Centre-Forward,Spain,Spain,35,1346,6,2,331,CA Osasuna,1476,4000000.0,4000000.0,0.996,1.0,0.987,same_club
8978,Luis Suárez,ESP,2023-24,Almeria,F M S,15,922,6,5,0,40,8,5.411,4.668,0.699,5.61,0.505,3,0,424784,Luis Suárez,1997-12-02,25.75,179.0,right,Attack,Centre-Forward,Colombia,Colombia,15,920,6,0,3302,UD Almería,920,8000000.0,3500000.0,0.999,1.0,0.998,same_club
10143,Bryan Zaragoza,ESP,2023-24,Granada,F M S,21,1651,6,5,2,33,22,3.497,2.754,3.296,8.613,3.227,5,0,713644,Bryan Zaragoza,2001-09-09,21.98,164.0,right,Attack,Left Winger,Spain,Spain,21,1639,6,2,16795,Granada CF,1810,1500000.0,12000000.0,0.998,1.0,0.993,same_club
10143,Bryan Zaragoza,ESP,2023-24,Granada,F M S,21,1651,6,5,2,33,22,3.497,2.754,3.296,8.613,3.227,5,0,713644,Bryan Zaragoza,2001-09-09,21.98,164.0,right,Attack,Left Winger,Spain,Spain,21,1639,6,2,16795,Granada CF,1810,1500000.0,12000000.0,0.947,1.0,0.825,same_club
11743,Kirian Rodríguez,ESP,2023-24,Las Palmas,M S,37,3232,6,6,2,43,37,1.838,1.838,1.91,11.235,8.897,8,0,566574,Kirian Rodríguez,1996-03-05,27.49,178.0,right,Midfield,Attacking Midfield,Spain,Spain,37,3220,6,2,472,UD Las Palmas,3243,800000.0,12000000.0,0.999,1.0,0.996,same_club
12190,Arda Güler,ESP,2023-24,Real Madrid,F M S,10,365,6,6,0,15,2,1.991,1.991,0.178,4.973,3.296,1,0,861410,Arda Güler,2005-02-25,18.51,175.0,left,Midfield,Attacking Midfield,Türkiye,Türkiye,10,373,6,0,418,Real Madrid,440,15000000.0,30000000.0,0.994,1.0,0.979,same_club
314,Ilkay Gündogan,ESP,2023-24,Barcelona,M S,36,3014,5,4,9,43,97,7.261,5.775,10.577,30.592,20.012,5,0,53622,İlkay Gündoğan,1990-10-24,32.85,180.0,right,Midfield,Central Midfield,Germany,Germany,36,2998,5,9,131,FC Barcelona,4180,20000000.0,15000000.0,0.998,1.0,0.995,same_club
555,Memphis Depay,ESP,2023-24,Atletico Madrid,F S,23,870,5,5,1,39,12,6.286,6.286,2.168,9.11,1.083,2,0,167850,Memphis Depay,1994-02-13,29.55,178.0,right,Attack,Centre-Forward,Netherlands,Netherlands,23,888,5,1,13,Atlético de Madrid,1205,14000000.0,10000000.0,0.994,1.0,0.98,same_club
5304,Mikel Merino,ESP,2023-24,Real Sociedad,M S,32,2476,5,5,3,30,19,3.817,3.817,2.578,11.672,6.878,10,0,338424,Mikel Merino,1996-06-22,27.19,188.0,left,Midfield,Central Midfield,Spain,Spain,32,2485,5,3,681,Real Sociedad,3601,50000000.0,50000000.0,0.999,1.0,0.996,same_club
5706,Dodi Lukebakio,ESP,2023-24,Sevilla,F M S,23,1122,5,5,1,42,13,6.54,6.54,0.636,9.136,3.598,0,0,303259,Dodi Lukébakio,1997-09-24,25.94,184.0,left,Attack,Right Winger,Belgium,Belgium,23,1124,5,1,368,Sevilla FC,1371,12000000.0,12000000.0,0.999,1.0,0.998,same_club
6227,Brais Méndez,ESP,2023-24,Real Sociedad,F M S,32,2435,5,5,6,66,40,4.253,4.253,5.09,12.606,7.558,7,0,309110,Brais Méndez,1997-01-07,26.65,187.0,left,Midfield,Attacking Midfield,Spain,Spain,32,2419,5,6,681,Real Sociedad,3318,25000000.0,40000000.0,0.998,1.0,0.993,same_club
6920,Chris Ramos,ESP,2023-24,Cadiz,F M S,38,2752,5,5,1,78,18,10.752,10.752,1.779,11.691,2.073,5,0,538810,Chris Ramos,1997-01-18,26.62,190.0,right,Attack,Centre-Forward,Spain,Spain,37,2617,5,2,2687,Cádiz CF,2652,1500000.0,4000000.0,0.985,1.0,0.951,same_club
7009,Jaime Mata,ESP,2023-24,Getafe,F M S,36,1891,5,5,1,34,18,5.709,5.709,1.541,7.415,1.964,8,1,227961,Jaime Mata,1988-10-24,34.85,186.0,right,Attack,Centre-Forward,Spain,Spain,35,1788,5,1,3709,Getafe CF,1964,1200000.0,900000.0,0.984,1.0,0.946,same_club
7350,Yangel Herrera,ESP,2023-24,Girona,D M S,29,2164,5,5,0,52,18,6.053,6.053,2.115,18.59,13.715,9,0,378293,Yangel Herrera,1998-01-07,25.65,184.0,right,Midfield,Central Midfield,Venezuela,Venezuela,29,2122,5,0,12321,Girona FC,2228,5000000.0,25000000.0,0.994,1.0,0.981,same_club
7529,Iván Martín,ESP,2023-24,Girona,F M S,36,2801,5,5,4,19,29,3.257,3.257,3.426,23.636,18.004,5,0,341278,Iván Martín,1999-02-14,24.54,178.0,left,Midfield,Central Midfield,Spain,Spain,36,2747,5,4,12321,Girona FC,2931,3000000.0,15000000.0,0.994,1.0,0.981,same_club
7870,Luis Rioja,ESP,2023-24,Alaves,F M S,37,2576,5,2,4,57,41,5.842,2.869,5.503,11.75,7.457,4,0,278837,Luis Rioja,1993-10-16,29.88,176.0,left,Attack,Right Winger,Spain,Spain,37,2516,5,4,1108,Deportivo Alavés,2617,3000000.0,4000000.0,0.993,1.0,0.977,same_club
8045,Eric Garcia,ESP,2023-24,"Barcelona,Girona",D S,32,2700,5,5,0,17,10,3.564,3.564,0.373,19.982,19.822,4,0,466794,Eric García,2001-01-09,22.64,183.0,right,Defender,Centre-Back,Spain,Spain,32,2697,5,0,"131,12321","FC Barcelona,Girona FC",2726,10000000.0,20000000.0,1.0,1.0,0.999,same_club
9211,Nico Williams,ESP,2023-24,Athletic Club,M S,31,2336,5,5,11,56,46,6.556,6.556,7.379,20.138,8.773,4,1,709187,Nico Williams,2002-07-12,21.14,181.0,right,Attack,Left Winger,Spain,Spain,31,2282,5,14,621,Athletic Bilbao,2729,30000000.0,60000000.0,0.993,1.0,0.977,same_club
10870,Williot Swedberg,ESP,2023-24,Celta Vigo,F S,15,421,5,5,0,12,3,2.656,2.656,0.213,3.393,0.638,1,0,764859,Williot Swedberg,2004-02-01,19.58,187.0,right,Attack,Left Winger,Sweden,Sweden,15,434,5,0,940,Celta de Vigo,861,3000000.0,5000000.0,0.991,1.0,0.97,same_club
11527,Lamine Yamal,ESP,2023-24,Barcelona,D F M S,37,2186,5,5,5,58,39,5.793,5.793,6.702,22.475,12.034,3,0,937958,Lamine Yamal,2007-07-13,16.14,183.0,left,Attack,Right Winger,Spain,Spain,37,2196,5,7,131,FC Barcelona,2957,25000000.0,90000000.0,0.999,1.0,0.995,same_club
1109,Lucas Ocampos,ESP,2023-24,Sevilla,D F M S,35,2934,4,3,3,64,36,6.915,6.172,5.846,16.758,7.75,9,0,189441,Lucas Ocampos,1994-07-11,29.14,178.0,right,Attack,Left Winger,Argentina,Argentina,35,2887,4,3,368,Sevilla FC,3619,12000000.0,9000000.0,0.995,1.0,0.984,same_club
2260,Daniel Carvajal,ESP,2023-24,Real Madrid,D S,28,2191,4,4,3,18,21,2.584,2.584,2.847,17.78,13.596,3,1,138927,Daniel Carvajal,1992-01-11,31.64,173.0,right,Defender,Right-Back,Spain,Spain,28,2175,4,3,418,Real Madrid,3351,12000000.0,12000000.0,0.998,1.0,0.993,same_club
4226,Darwin Machís,ESP,2023-24,Cadiz,M S,21,789,4,3,0,21,11,1.661,0.918,0.722,1.621,0.494,0,1,211251,Darwin Machís,1993-02-07,30.56,170.0,right,Attack,Left Winger,Venezuela,Venezuela,21,775,4,0,2687,Cádiz CF,775,3000000.0,2000000.0,0.995,1.0,0.982,same_club
5159,Marc Cardona,ESP,2023-24,Las Palmas,F S,26,692,4,3,1,22,8,3.43,2.687,1.046,4.098,1.05,4,0,443222,Marc Cardona,1995-07-08,28.15,182.0,right,Attack,Centre-Forward,Spain,Spain,26,724,4,1,472,UD Las Palmas,832,1400000.0,1400000.0,0.987,1.0,0.956,same_club
6076,Nemanja Maksimovic,ESP,2023-24,Getafe,F M,38,3381,4,4,0,34,21,5.083,5.083,1.093,8.056,2.844,4,0,273152,Nemanja Maksimovic,1995-01-26,28.6,189.0,right,Midfield,Central Midfield,Serbia,Yugoslavia (Republic),37,3273,4,0,3709,Getafe CF,3446,6000000.0,6000000.0,0.99,1.0,0.968,same_club
6917,Rubén Alcaraz,ESP,2023-24,Cadiz,M,37,3256,4,1,1,49,21,3.219,1.732,1.471,9.143,7.632,14,0,247250,Rubén Alcaraz,1991-05-01,32.34,180.0,right,Midfield,Central Midfield,Spain,Spain,36,3140,3,1,2687,Cádiz CF,3188,2000000.0,1500000.0,0.956,1.0,0.964,same_club
7308,Ander Barrenetxea,ESP,2023-24,Real Sociedad,F M S,29,1459,4,4,1,37,13,4.39,4.39,1.1,9.234,4.015,1,0,616369,Ander Barrenetxea,2001-12-27,21.68,175.0,right,Attack,Left Winger,Spain,Spain,29,1437,4,1,681,Real Sociedad,2059,6000000.0,20000000.0,0.995,1.0,0.985,same_club
7526,Martín Zubimendi,ESP,2023-24,Real Sociedad,M S,31,2647,4,4,1,22,16,2.6,2.6,1.44,9.633,7.486,5,0,423440,Martín Zubimendi,1999-02-02,24.58,181.0,right,Midfield,Defensive Midfield,Spain,Spain,31,2655,4,1,681,Real Sociedad,3735,40000000.0,50000000.0,0.999,1.0,0.997,same_club
7779,Oihan Sancet,ESP,2023-24,Athletic Club,M S,30,2041,4,4,5,42,42,7.62,6.876,5.002,19.384,8.901,3,2,571020,Oihan Sancet,2000-04-25,23.35,188.0,right,Midfield,Attacking Midfield,Spain,Spain,30,1993,4,5,621,Athletic Bilbao,2496,30000000.0,35000000.0,0.993,1.0,0.976,same_club
8935,Pedri,ESP,2023-24,Barcelona,F M S,24,1482,4,4,2,15,37,3.128,3.128,4.838,17.994,12.403,3,0,683840,Pedri,2002-11-25,20.77,174.0,right,Midfield,Central Midfield,Spain,Spain,24,1482,4,2,131,FC Barcelona,2027,100000000.0,80000000.0,1.0,1.0,1.0,same_club
9812,Isi Palazón,ESP,2023-24,Rayo Vallecano,F M S,37,2854,4,2,1,72,36,6.336,4.849,2.226,10.12,5.024,7,0,362086,Isi Palazón,1994-12-27,28.68,169.0,left,Attack,Second Striker,Spain,Spain,37,2820,4,1,367,Rayo Vallecano,2944,12000000.0,8000000.0,0.996,1.0,0.988,same_club
10322,Javier Guerra,ESP,2023-24,Valencia,F M S,36,2512,4,4,1,42,12,2.657,2.657,1.336,10.262,6.621,3,1,834764,Javi Guerra,2003-05-13,20.3,187.0,right,Midfield,Central Midfield,Spain,Spain,36,2502,4,1,1049,Valencia CF,2734,2000000.0,20000000.0,0.969,0.95,0.996,same_club
10943,Samuel Lino,ESP,2023-24,Atletico Madrid,D M S,34,2109,4,4,5,54,34,6.05,6.05,5.474,18.711,9.383,1,0,694928,Samuel Lino,1999-12-23,23.69,177.0,right,Attack,Left Winger,Brazil,Brazil,34,2087,4,5,13,Atlético de Madrid,2997,16000000.0,30000000.0,0.997,1.0,0.99,same_club
11395,Iker Muñoz,ESP,2023-24,Osasuna,M S,28,1857,4,4,0,23,5,1.441,1.441,0.121,4.939,4.333,5,0,710677,Iker Muñoz,2002-09-05,20.99,180.0,right,Midfield,Defensive Midfield,Spain,Spain,28,1856,4,0,331,CA Osasuna,1926,500000.0,5000000.0,1.0,1.0,0.999,same_club
12305,Isaac Romero,ESP,2023-24,Sevilla,F,14,1079,4,4,4,42,11,9.279,9.279,2.405,9.818,0.559,2,0,687609,Isaac Romero,2000-05-18,23.29,183.0,left,Attack,Centre-Forward,Spain,Spain,14,1050,4,4,368,Sevilla FC,1190,150000.0,18000000.0,0.992,1.0,0.973,same_club
897,Juanmi,ESP,2023-24,Cadiz,F S,17,902,3,3,1,14,11,2.394,2.394,1.381,3.843,0.459,3,0,126737,Juanmi,1993-05-20,30.28,172.0,right,Attack,Left Winger,Spain,Spain,16,883,3,1,2687,Cádiz CF,883,12000000.0,6000000.0,0.994,1.0,0.979,same_club
1055,Aleix García,ESP,2023-24,Girona,M S,37,3211,3,3,6,39,57,1.655,1.655,6.333,27.959,26.101,4,1,261504,Aleix García,1997-06-28,26.18,173.0,right,Midfield,Central Midfield,Spain,Spain,37,3201,3,6,12321,Girona FC,3326,10000000.0,25000000.0,0.999,1.0,0.997,same_club
1145,Rodrigo de Paul,ESP,2023-24,Atletico Madrid,M S,34,2138,3,3,5,30,40,2.414,2.414,5.956,18.401,12.855,7,0,255901,Rodrigo De Paul,1994-05-24,29.27,178.0,right,Midfield,Central Midfield,Argentina,Argentina,34,2085,3,5,13,Atlético de Madrid,3211,40000000.0,30000000.0,0.993,1.0,0.975,same_club
1450,Umar Sadiq,ESP,2023-24,Real Sociedad,F S,26,1084,3,3,1,33,10,4.328,4.328,1.304,5.59,0.798,4,0,337715,Umar Sadiq,1997-02-02,26.58,191.0,right,Attack,Centre-Forward,Nigeria,Nigeria,26,1074,3,1,681,Real Sociedad,1364,18000000.0,10000000.0,0.997,1.0,0.991,same_club
1857,David López,ESP,2023-24,Girona,D M,25,2004,3,3,0,16,3,2.561,2.561,0.178,11.615,11.585,4,0,129444,David López,1989-10-09,33.89,185.0,right,Defender,Centre-Back,Spain,Spain,25,1975,3,0,12321,Girona FC,1975,2000000.0,2500000.0,0.996,1.0,0.986,same_club
2104,Sergi Roberto,ESP,2023-24,Barcelona,D M S,14,861,3,3,2,10,10,1.757,1.757,0.927,7.062,5.188,4,0,85370,Sergi Roberto,1992-02-07,31.56,178.0,right,Midfield,Central Midfield,Spain,Spain,14,863,3,2,131,FC Barcelona,1313,5000000.0,2500000.0,0.999,1.0,0.998,same_club
2106,Munir,ESP,2023-24,Las Palmas,F M S,38,2529,3,3,2,43,24,5.857,5.114,1.977,6.821,1.933,2,0,223725,Munir El Haddadi,1995-09-01,28.0,177.0,left,Midfield,Attacking Midfield,Morocco,Spain,38,2469,3,2,472,UD Las Palmas,2510,3500000.0,2500000.0,0.963,0.95,0.976,same_club
2166,Adrián Embarba,ESP,2023-24,Almeria,F M S,36,2525,3,2,2,64,53,4.704,3.96,4.463,9.753,4.13,5,0,288318,Adrián Embarba,1992-05-07,31.32,173.0,right,Attack,Right Winger,Spain,Spain,36,2485,3,2,3302,UD Almería,2485,2500000.0,1800000.0,0.995,1.0,0.984,same_club
2183,Rubén García,ESP,2023-24,Osasuna,F M S,30,1565,3,3,2,28,32,2.855,2.855,3.817,7.513,2.656,1,0,213260,Rubén García,1993-07-14,30.13,172.0,left,Attack,Right Winger,Spain,Spain,30,1552,3,1,331,CA Osasuna,1759,6000000.0,2500000.0,0.998,1.0,0.992,same_club
2198,Moi Gómez,ESP,2023-24,Osasuna,F M S,28,2034,3,3,0,19,24,2.794,2.794,1.185,9.093,5.766,3,0,175449,Moi Gómez,1994-06-23,29.19,176.0,right,Midfield,Attacking Midfield,Spain,Spain,28,2011,3,0,331,CA Osasuna,2252,10000000.0,3500000.0,0.997,1.0,0.989,same_club
2229,Yuri,ESP,2023-24,Athletic Club,D S,27,1927,3,3,1,18,14,0.93,0.93,2.338,8.478,7.353,5,0,61812,Yuri Berchiche,1990-02-10,33.56,181.0,left,Defender,Left-Back,Spain,Spain,27,1931,3,2,621,Athletic Bilbao,2447,2000000.0,1800000.0,0.969,0.95,0.998,same_club
2246,Sergio Ramos,ESP,2023-24,Sevilla,D,28,2520,3,3,0,28,4,2.363,2.363,0.114,7.145,6.97,7,1,25557,Sergio Ramos,1986-03-30,37.42,184.0,right,Defender,Centre-Back,Spain,Spain,28,2517,3,0,368,Sevilla FC,3301,4500000.0,2500000.0,1.0,1.0,0.999,same_club
2253,Lucas Vázquez,ESP,2023-24,Real Madrid,D S,29,1385,3,3,5,11,29,1.475,1.475,5.109,13.439,9.925,0,0,221316,Lucas Vázquez,1991-07-01,32.17,173.0,right,Defender,Right-Back,Spain,Spain,29,1411,3,7,418,Real Madrid,1784,8000000.0,4000000.0,0.994,1.0,0.982,same_club
2335,Pablo Fornals,ESP,2023-24,Real Betis,M S,15,1180,3,3,2,17,23,2.758,2.758,2.494,6.277,2.004,2,0,357885,Pablo Fornals,1996-02-22,27.52,178.0,right,Midfield,Central Midfield,Spain,Spain,15,1154,3,2,150,Real Betis Balompié,1964,22000000.0,14000000.0,0.981,1.0,0.936,same_club
2335,Pablo Fornals,ESP,2023-24,Real Betis,M S,15,1180,3,3,2,17,23,2.758,2.758,2.494,6.277,2.004,2,0,357885,Pablo Fornals,1996-02-22,27.52,178.0,right,Midfield,Central Midfield,Spain,Spain,15,1154,3,2,150,Real Betis Balompié,1964,22000000.0,14000000.0,0.993,1.0,0.978,same_club
2378,Daniel Parejo,ESP,2023-24,Villarreal,M S,33,2602,3,0,5,12,35,2.754,0.525,3.763,13.775,12.097,4,0,59561,Dani Parejo,1989-04-16,34.38,182.0,right,Midfield,Central Midfield,Spain,Spain,33,2586,3,5,1050,Villarreal CF,3241,6000000.0,2500000.0,0.968,0.95,0.994,same_club
2584,Raíllo,ESP,2023-24,Mallorca,D S,26,2200,3,3,2,29,8,1.09,1.09,1.946,3.329,2.411,4,1,278296,Antonio Raíllo,1991-10-08,31.9,187.0,right,Defender,Centre-Back,Spain,Spain,26,2198,3,2,237,RCD Mallorca,2596,4000000.0,2000000.0,1.0,1.0,0.999,same_club
3749,Jonathan Bamba,ESP,2023-24,Celta Vigo,F M S,27,2024,3,3,2,41,39,3.753,3.753,4.273,11.568,5.416,0,0,292818,Jonathan Bamba,1996-03-26,27.43,175.0,right,Attack,Left Winger,Cote d'Ivoire,France,27,1993,3,2,940,Celta de Vigo,2038,20000000.0,9000000.0,0.995,1.0,0.985,same_club
5073,Florian Lejeune,ESP,2023-24,Rayo Vallecano,D,37,3330,3,3,1,64,9,2.779,2.779,1.122,6.016,5.366,5,0,127108,Florian Lejeune,1991-05-20,32.28,190.0,right,Defender,Centre-Back,France,France,37,3328,3,1,367,Rayo Vallecano,3342,4000000.0,3000000.0,1.0,1.0,0.999,same_club
5074,Kike García,ESP,2023-24,Alaves,F S,33,1422,3,3,2,57,18,10.354,9.611,1.804,11.454,1.909,3,0,93936,Kike García,1989-11-25,33.77,186.0,right,Attack,Centre-Forward,Spain,Spain,33,1420,3,2,1108,Deportivo Alavés,1526,1800000.0,1000000.0,1.0,1.0,0.999,same_club
5077,Mikel Vesga,ESP,2023-24,Athletic Club,M S,27,1529,3,1,1,19,7,2.686,1.2,1.327,5.111,3.482,2,0,300168,Mikel Vesga,1993-04-08,30.4,191.0,left,Midfield,Defensive Midfield,Spain,Spain,27,1535,3,1,621,Athletic Bilbao,1818,6000000.0,4000000.0,0.999,1.0,0.996,same_club
5179,Jon Guridi,ESP,2023-24,Alaves,F M S,36,2758,3,3,4,36,32,4.945,4.945,4.211,15.954,9.553,2,0,289257,Jon Guridi,1995-02-28,28.51,179.0,left,Midfield,Central Midfield,Spain,Spain,36,2700,3,4,1108,Deportivo Alavés,2724,1600000.0,4000000.0,0.994,1.0,0.979,same_club
5682,Gonçalo Guedes,ESP,2023-24,Villarreal,F M S,17,947,3,3,2,25,18,2.451,2.451,1.932,5.377,1.639,0,0,225122,Gonçalo Guedes,1996-11-29,26.75,179.0,right,Attack,Left Winger,Portugal,Portugal,17,951,3,2,1050,Villarreal CF,1436,23000000.0,15000000.0,0.999,1.0,0.996,same_club
6170,André Silva,ESP,2023-24,Real Sociedad,F S,19,717,3,2,0,16,5,2.993,2.25,0.31,2.71,0.677,1,0,198008,André Silva,1995-11-06,27.82,186.0,right,Attack,Centre-Forward,Portugal,Portugal,19,728,3,0,681,Real Sociedad,1064,15000000.0,6000000.0,0.995,1.0,0.985,same_club
6533,Anthony Lozano,ESP,2023-24,"Almeria,Getafe",F S,19,844,3,3,0,27,9,4.72,4.72,0.914,4.993,0.752,2,0,131275,Choco Lozano,1993-04-25,30.35,183.0,right,Attack,Centre-Forward,Honduras,Honduras,19,869,3,0,"3302,3709","UD Almería,Getafe CF",959,2500000.0,1200000.0,0.961,0.95,0.971,same_club
6560,Aurelien Tchouameni,ESP,2023-24,Real Madrid,D M S,27,1989,3,3,1,27,10,1.128,1.128,1.016,14.342,13.378,6,0,413112,Aurélien Tchouaméni,2000-01-27,23.59,188.0,right,Midfield,Defensive Midfield,France,France,27,1986,3,1,418,Real Madrid,2809,85000000.0,100000000.0,1.0,1.0,0.998,same_club
7528,Sergio Camello,ESP,2023-24,Rayo Vallecano,F S,31,1686,3,3,1,34,20,4.553,4.553,1.602,9.426,3.885,3,0,505674,Sergio Camello,2001-02-10,22.55,182.0,right,Attack,Centre-Forward,Spain,Spain,30,1646,3,1,367,Rayo Vallecano,1746,10000000.0,3000000.0,0.993,1.0,0.976,same_club
8002,Rodrigo Riquelme,ESP,2023-24,Atletico Madrid,D F M S,34,1502,3,3,5,36,28,3.189,3.189,4.154,10.463,4.837,1,0,461617,Rodrigo Riquelme,2000-04-02,23.41,174.0,right,Attack,Left Winger,Spain,Spain,34,1521,3,5,13,Atlético de Madrid,1990,12000000.0,25000000.0,0.996,1.0,0.988,same_club
8319,Ricard Sánchez,ESP,2023-24,Granada,D S,33,2317,3,3,0,14,23,0.687,0.687,1.71,4.334,2.66,7,0,388545,Ricard Sánchez,2000-02-22,23.52,175.0,right,Defender,Right-Back,Spain,Spain,33,2300,3,1,16795,Granada CF,2300,2200000.0,2500000.0,0.998,1.0,0.993,same_club
8429,Luka Romero,ESP,2023-24,Almeria,M S,13,418,3,3,0,8,2,1.359,1.359,0.061,2.419,1.062,2,0,769063,Luka Romero,2004-11-18,18.78,169.0,left,Attack,Right Winger,Argentina,Mexico,13,434,3,0,3302,UD Almería,590,3000000.0,5000000.0,0.989,1.0,0.963,same_club
8429,Luka Romero,ESP,2023-24,Almeria,M S,13,418,3,3,0,8,2,1.359,1.359,0.061,2.419,1.062,2,0,769063,Luka Romero,2004-11-18,18.78,169.0,left,Attack,Right Winger,Argentina,Mexico,13,434,3,0,3302,UD Almería,590,3000000.0,5000000.0,0.957,1.0,0.856,same_club
8489,Jorge Cuenca,ESP,2023-24,Villarreal,D S,29,1943,3,3,1,19,6,1.572,1.572,0.258,5.851,5.564,7,0,494880,Jorge Cuenca,1999-11-17,23.79,190.0,left,Defender,Centre-Back,Spain,Spain,29,1960,3,1,1050,Villarreal CF,2745,5000000.0,6000000.0,0.997,1.0,0.991,same_club
9694,Diego López,ESP,2023-24,Valencia,F M S,36,2717,3,3,6,40,40,4.588,4.588,5.838,11.754,2.967,2,0,617081,Diego López,2002-05-13,21.3,172.0,right,Attack,Right Winger,Spain,Spain,36,2672,3,6,1049,Valencia CF,2847,1500000.0,14000000.0,0.995,1.0,0.983,same_club
9970,Antonio Sánchez,ESP,2023-24,Mallorca,D F M S,29,1484,3,3,1,23,12,2.457,2.457,0.995,4.21,1.473,3,0,513031,Antonio Sánchez,1997-04-22,26.36,179.0,right,Midfield,Central Midfield,Spain,Spain,29,1464,3,1,237,RCD Mallorca,1883,2500000.0,2500000.0,0.996,1.0,0.987,same_club
10334,Kike Salas,ESP,2023-24,Sevilla,D S,23,1607,3,3,0,16,5,1.046,1.046,0.247,3.058,2.742,9,0,766583,Kike Salas,2002-04-23,21.36,188.0,left,Defender,Centre-Back,Spain,Spain,23,1606,3,0,368,Sevilla FC,1979,1000000.0,10000000.0,1.0,1.0,0.999,same_club
10399,Juan Latasa,ESP,2023-24,Getafe,F S,33,1557,3,3,0,45,19,5.341,5.341,1.221,6.517,1.124,5,1,623521,Juanmi Latasa,2001-03-23,22.44,192.0,left,Attack,Centre-Forward,Spain,Spain,32,1553,2,0,3709,Getafe CF,1793,3000000.0,2800000.0,0.936,0.95,0.997,same_club
10975,Largie Ramazani,ESP,2023-24,Almeria,F M S,29,1561,3,3,5,40,25,5.039,5.039,5.374,10.195,2.575,7,2,518644,Largie Ramazani,2001-02-27,22.51,168.0,right,Attack,Left Winger,Belgium,Belgium,29,1568,3,5,3302,UD Almería,1667,6000000.0,5000000.0,0.999,1.0,0.996,same_club
11340,Cyle Larin,ESP,2023-24,Mallorca,F S,35,1834,3,3,2,69,10,8.655,8.655,0.674,9.256,1.677,8,0,343463,Cyle Larin,1995-04-17,28.38,188.0,right,Attack,Centre-Forward,Canada,Canada,35,1824,3,2,237,RCD Mallorca,2260,8000000.0,4000000.0,0.998,1.0,0.995,same_club
11826,Carlos Benavídez,ESP,2023-24,Alaves,M S,29,1084,3,3,1,14,6,1.042,1.042,0.449,4.364,3.634,5,0,,,,,,,,,,,,,,,,,,,,,,,
12041,Roman Yaremchuk,ESP,2023-24,Valencia,F S,25,930,3,3,0,18,6,4.172,4.172,0.213,4.631,0.366,2,0,221958,Roman Yaremchuk,1995-11-27,27.76,191.0,right,Attack,Centre-Forward,Ukraine,Ukraine,25,926,3,0,1049,Valencia CF,1369,5000000.0,3500000.0,0.999,1.0,0.996,same_club
12160,Alberto Moleiro,ESP,2023-24,Las Palmas,F M S,28,1817,3,3,3,33,27,1.887,1.887,2.469,5.956,2.779,2,0,733576,Alberto Moleiro,2003-09-30,19.92,171.0,right,Attack,Left Winger,Spain,Spain,28,1809,3,3,472,UD Las Palmas,1908,5000000.0,15000000.0,0.999,1.0,0.996,same_club
200,Andreas Christensen,ESP,2023-24,Barcelona,D M S,30,2071,2,2,2,11,6,0.733,0.733,1.126,11.99,11.356,4,0,196948,Andreas Christensen,1996-04-10,27.39,189.0,right,Defender,Centre-Back,Denmark,Denmark,30,1991,2,2,131,FC Barcelona,2790,40000000.0,40000000.0,0.988,1.0,0.961,same_club
451,Matija Nastasic,ESP,2023-24,Mallorca,D S,26,2251,2,2,0,8,5,1.344,1.344,0.34,3.435,2.652,8,0,143559,Matija Nastasić,1993-03-28,30.43,187.0,left,Defender,Centre-Back,Serbia,Yugoslavia (Republic),26,2257,2,0,237,RCD Mallorca,2678,1500000.0,1500000.0,0.999,1.0,0.997,same_club
608,Alberto Moreno,ESP,2023-24,Villarreal,D M S,27,1507,2,2,2,17,16,1.203,1.203,1.743,8.268,5.658,1,2,207917,Alberto Moreno,1992-07-05,31.16,171.0,left,Defender,Left-Back,Spain,Spain,27,1446,2,2,1050,Villarreal CF,1939,3000000.0,1800000.0,0.988,1.0,0.96,same_club
644,Erik Lamela,ESP,2023-24,Sevilla,M S,13,443,2,2,0,9,12,1.778,1.778,1.397,3.969,1.897,3,0,111630,Erik Lamela,1992-03-04,31.49,184.0,left,Attack,Right Winger,Argentina,Argentina,13,459,2,0,368,Sevilla FC,845,9000000.0,2000000.0,0.99,1.0,0.965,same_club
2070,Carlos Fernández,ESP,2023-24,Real Sociedad,F S,10,407,2,1,1,9,2,1.421,0.677,0.438,0.823,0.051,2,0,216464,Carlos Fernández,1996-05-22,27.28,185.0,left,Attack,Centre-Forward,Spain,Spain,10,406,2,1,681,Real Sociedad,560,3000000.0,1500000.0,0.999,1.0,0.998,same_club
2094,Ivan Rakitic,ESP,2023-24,Sevilla,M S,18,1438,2,2,1,32,49,1.08,1.08,3.313,4.867,3.657,6,0,32467,Ivan Rakitic,1988-03-10,35.48,184.0,right,Midfield,Central Midfield,Croatia,Switzerland,18,1425,2,1,368,Sevilla FC,2037,4000000.0,3500000.0,0.997,1.0,0.991,same_club
2110,Rubén Duarte,ESP,2023-24,Alaves,D S,28,1882,2,2,1,15,17,0.779,0.779,1.666,4.89,4.11,7,0,177046,Rubén Duarte,1995-10-18,27.87,182.0,left,Defender,Centre-Back,Spain,Spain,28,1875,2,1,1108,Deportivo Alavés,2200,2500000.0,3000000.0,0.999,1.0,0.996,same_club
2168,Bebé,ESP,2023-24,Rayo Vallecano,S,19,157,2,1,0,16,3,1.549,0.806,0.266,1.515,0.806,1,0,153427,Bebé,1990-07-12,33.14,190.0,right,Attack,Left Winger,Cape Verde,Portugal,19,194,2,0,367,Rayo Vallecano,347,800000.0,600000.0,0.943,1.0,0.809,same_club
2250,Luka Modric,ESP,2023-24,Real Madrid,M S,32,1673,2,2,6,25,55,1.234,1.234,7.648,17.07,14.451,2,0,27992,Luka Modrić,1985-09-09,37.98,172.0,right,Midfield,Central Midfield,Croatia,Jugoslawien (SFR),32,1687,2,6,418,Real Madrid,2243,10000000.0,6000000.0,0.998,1.0,0.992,same_club
2358,Jonathan Viera,ESP,2023-24,"Almeria,Las Palmas",F M S,21,1569,2,0,4,26,45,3.42,1.933,3.984,9.01,5.227,2,1,153238,Jonathan Viera,1989-10-21,33.86,171.0,right,Midfield,Attacking Midfield,Spain,Spain,21,1542,2,4,"472,3302","UD Las Palmas,UD Almería",1542,1500000.0,1000000.0,0.995,1.0,0.983,same_club
2379,João Cancelo,ESP,2023-24,Barcelona,D M S,32,2522,2,2,4,31,35,2.178,2.178,6.668,20.927,15.55,7,0,182712,João Cancelo,1994-05-27,29.26,182.0,right,Defender,Right-Back,Portugal,Portugal,32,2508,2,4,131,FC Barcelona,3318,50000000.0,25000000.0,0.998,1.0,0.994,same_club
2401,Muniain,ESP,2023-24,Athletic Club,M S,20,567,2,2,0,13,13,2.109,2.109,0.869,4.539,2.599,1,0,54235,Iker Muniain,1992-12-19,30.7,169.0,right,Attack,Left Winger,Spain,Spain,20,585,2,0,621,Athletic Bilbao,952,9000000.0,5000000.0,0.991,1.0,0.969,same_club
2566,Roger,ESP,2023-24,Cadiz,F S,24,1464,2,2,3,36,12,2.631,2.631,3.442,5.959,1.57,3,0,212391,Roger Martí,1991-01-03,32.66,179.0,right,Attack,Centre-Forward,Spain,Spain,23,1369,2,3,2687,Cádiz CF,1369,2000000.0,1200000.0,0.951,0.95,0.935,same_club
2589,Rafa Mir,ESP,2023-24,Sevilla,F S,15,350,2,2,0,15,5,1.506,1.506,0.262,1.872,0.125,1,0,361254,Rafa Mir,1997-06-18,26.2,191.0,right,Attack,Centre-Forward,Spain,Spain,15,382,2,0,368,Sevilla FC,696,10000000.0,2500000.0,0.975,1.0,0.916,same_club
2594,Sergio Akieme,ESP,2023-24,Almeria,D M,19,1681,2,2,0,9,17,1.318,1.318,2.537,7.069,4.767,2,0,355627,Sergio Akieme,1997-12-16,25.71,175.0,left,Defender,Left-Back,Spain,Spain,19,1676,2,0,3302,UD Almería,2495,7500000.0,7000000.0,0.999,1.0,0.997,same_club
2594,Sergio Akieme,ESP,2023-24,Almeria,D M,19,1681,2,2,0,9,17,1.318,1.318,2.537,7.069,4.767,2,0,355627,Sergio Akieme,1997-12-16,25.71,175.0,left,Defender,Left-Back,Spain,Spain,19,1676,2,0,3302,UD Almería,2495,7500000.0,7000000.0,0.995,1.0,0.984,same_club
2621,Sergi Darder,ESP,2023-24,Mallorca,M S,36,2130,2,2,5,32,51,1.787,1.787,5.889,7.913,3.574,4,0,142021,Sergi Darder,1993-12-22,29.69,180.0,right,Midfield,Central Midfield,Spain,Spain,36,2155,2,5,237,RCD Mallorca,2521,16000000.0,6000000.0,0.997,1.0,0.988,same_club
3059,Axel Witsel,ESP,2023-24,Atletico Madrid,D S,35,2762,2,2,0,6,3,1.186,1.186,0.394,14.694,14.316,5,0,35047,Axel Witsel,1989-01-12,34.63,186.0,right,Midfield,Defensive Midfield,Belgium,Belgium,35,2783,2,0,13,Atlético de Madrid,4181,5000000.0,3500000.0,0.998,1.0,0.992,same_club
4168,Javi Muñoz,ESP,2023-24,Las Palmas,M S,37,2659,2,2,3,38,24,3.155,3.155,1.682,9.51,5.553,6,0,282421,Javi Muñoz,1995-02-28,28.51,177.0,right,Midfield,Central Midfield,Spain,Spain,37,2646,2,3,472,UD Las Palmas,2646,1000000.0,3000000.0,0.999,1.0,0.995,same_club
5086,Marc Roca,ESP,2023-24,Real Betis,M S,26,2023,2,2,2,20,19,1.066,1.066,1.964,10.028,8.131,5,0,336869,Marc Roca,1996-11-26,26.76,184.0,left,Midfield,Defensive Midfield,Spain,Spain,26,1987,2,2,150,Real Betis Balompié,2622,10000000.0,9000000.0,0.995,1.0,0.982,same_club
5173,Asier Villalibre,ESP,2023-24,Athletic Club,F S,18,456,2,2,1,12,9,2.616,2.616,1.155,3.516,0.421,0,0,251897,Asier Villalibre,1997-09-30,25.92,182.0,left,Attack,Centre-Forward,Spain,Spain,18,503,2,1,621,Athletic Bilbao,856,2500000.0,2500000.0,0.972,1.0,0.907,same_club
6241,Federico Valverde,ESP,2023-24,Real Madrid,M S,37,2931,2,2,7,56,49,4.202,4.202,6.222,27.967,20.867,2,0,369081,Federico Valverde,1998-07-22,25.11,182.0,right,Midfield,Central Midfield,Uruguay,Uruguay,37,2911,2,7,418,Real Madrid,4280,100000000.0,120000000.0,0.998,1.0,0.993,same_club
6427,Aitor Ruibal,ESP,2023-24,Real Betis,D M S,18,1040,2,2,1,13,10,1.238,1.238,1.127,4.722,3.365,5,0,378139,Aitor Ruibal,1996-03-22,27.44,176.0,right,Attack,Right Winger,Spain,Spain,18,1016,2,1,150,Real Betis Balompié,1584,5000000.0,3500000.0,0.993,1.0,0.977,same_club
6470,José Arnáiz,ESP,2023-24,Osasuna,F M S,26,922,2,2,1,29,14,1.793,1.793,2.628,3.398,1.706,3,0,364603,José Manuel Arnáiz,1995-04-15,28.38,173.0,right,Attack,Left Winger,Spain,Spain,26,922,2,1,331,CA Osasuna,1138,3200000.0,2000000.0,0.97,0.95,1.0,same_club
6955,Ezequiel Ávila,ESP,2023-24,"Osasuna,Real Betis",F M S,23,1177,2,2,3,36,23,2.762,2.762,1.978,7.255,3.986,5,3,167721,Chimy Ávila,1994-02-06,29.57,172.0,right,Attack,Centre-Forward,Argentina,Argentina,23,1167,2,3,"150,331","Real Betis Balompié,CA Osasuna",1326,9000000.0,3000000.0,0.967,0.95,0.992,same_club
7070,Santiago Comesaña,ESP,2023-24,Villarreal,M S,27,1645,2,2,0,17,12,2.165,2.165,1.437,7.749,5.864,6,2,380598,Santi Comesaña,1996-10-05,26.9,188.0,both,Midfield,Central Midfield,Spain,Spain,27,1655,2,0,1050,Villarreal CF,2246,7500000.0,6000000.0,0.968,0.95,0.994,same_club
7246,Valery Fernández,ESP,2023-24,Girona,M S,27,405,2,2,0,5,6,0.948,0.948,0.714,5.432,4.05,1,0,331496,Valery Fernández,1999-11-23,23.77,182.0,right,Attack,Right Winger,Spain,Spain,27,486,2,0,12321,Girona FC,816,1500000.0,2500000.0,0.95,1.0,0.833,same_club
7276,Robin Le Normand,ESP,2023-24,Real Sociedad,D S,29,2484,2,2,0,9,3,0.845,0.845,0.114,7.548,7.534,13,0,351809,Robin Le Normand,1996-11-11,26.8,187.0,right,Defender,Centre-Back,Spain,France,29,2472,2,0,681,Real Sociedad,3623,35000000.0,40000000.0,0.999,1.0,0.995,same_club
7432,Reinildo,ESP,2023-24,Atletico Madrid,D S,16,713,2,2,1,5,5,1.254,1.254,0.7,3.793,2.96,2,0,240692,Reinildo Mandava,1994-01-21,29.61,180.0,left,Defender,Left-Back,Mozambique,Mozambique,16,723,2,1,13,Atlético de Madrid,827,25000000.0,9000000.0,0.966,0.95,0.986,same_club
7781,Frenkie de Jong,ESP,2023-24,Barcelona,D M,20,1641,2,2,0,7,21,1.06,1.06,2.509,17.805,15.505,7,0,326330,Frenkie de Jong,1997-05-12,26.31,181.0,right,Midfield,Central Midfield,Netherlands,Netherlands,20,1637,2,0,131,FC Barcelona,2512,75000000.0,70000000.0,0.999,1.0,0.998,same_club
7841,Dani Rodríguez,ESP,2023-24,Mallorca,F M S,36,2672,2,2,4,27,50,1.549,1.549,5.382,8.063,4.184,8,0,139435,Dani Rodríguez,1988-06-06,35.24,178.0,right,Midfield,Attacking Midfield,Spain,Spain,36,2634,2,4,237,RCD Mallorca,3097,1200000.0,1000000.0,0.996,1.0,0.986,same_club
7882,Sheraldo Becker,ESP,2023-24,Real Sociedad,F M S,15,769,2,2,2,21,8,1.946,1.946,1.617,3.569,0.446,1,0,188888,Sheraldo Becker,1995-02-09,28.56,180.0,right,Attack,Left Winger,Suriname,Netherlands,15,772,2,2,681,Real Sociedad,2148,17000000.0,10000000.0,0.999,1.0,0.996,same_club
7882,Sheraldo Becker,ESP,2023-24,Real Sociedad,F M S,15,769,2,2,2,21,8,1.946,1.946,1.617,3.569,0.446,1,0,188888,Sheraldo Becker,1995-02-09,28.56,180.0,right,Attack,Left Winger,Suriname,Netherlands,15,772,2,2,681,Real Sociedad,2148,17000000.0,10000000.0,0.993,1.0,0.977,same_club
8107,Jorge De Frutos,ESP,2023-24,Rayo Vallecano,M S,36,1499,2,2,0,29,17,4.204,4.204,1.277,7.655,2.875,1,0,455181,Jorge de Frutos,1997-02-20,26.53,173.0,right,Attack,Right Winger,Spain,Spain,35,1534,2,0,367,Rayo Vallecano,1851,8000000.0,4000000.0,0.993,1.0,0.977,same_club
8142,Edgar González,ESP,2023-24,Almeria,D M S,31,2541,2,2,0,13,7,1.941,1.941,0.3,5.983,5.704,5,1,401624,Edgar González,1997-04-01,26.42,192.0,right,Defender,Centre-Back,Spain,Spain,31,2528,2,0,3302,UD Almería,2618,9000000.0,3000000.0,0.998,1.0,0.995,same_club
8267,Guido Rodríguez,ESP,2023-24,Real Betis,M S,24,1865,2,2,0,18,4,0.761,0.761,0.76,6.566,5.561,6,0,342385,Guido Rodríguez,1994-04-12,29.39,185.0,right,Midfield,Defensive Midfield,Argentina,Argentina,24,1850,2,0,150,Real Betis Balompié,2271,28000000.0,20000000.0,0.998,1.0,0.992,same_club
8417,Álex Baena,ESP,2023-24,Villarreal,F M S,34,2665,2,2,14,73,84,6.943,6.199,10.451,18.367,7.157,11,1,548111,Álex Baena,2001-07-20,22.12,172.0,right,Attack,Left Winger,Spain,Spain,34,2601,2,14,1050,Villarreal CF,3137,20000000.0,40000000.0,0.993,1.0,0.976,same_club
8424,Aimar Oroz,ESP,2023-24,Osasuna,M S,33,2370,2,1,1,25,26,2.921,2.178,2.431,11.146,7.547,3,0,634131,Aimar Oroz,2001-11-27,21.76,177.0,right,Midfield,Attacking Midfield,Spain,Spain,33,2350,2,1,331,CA Osasuna,2656,15000000.0,15000000.0,0.997,1.0,0.992,same_club
8513,Miguel Gutiérrez,ESP,2023-24,Girona,D,35,3058,2,2,7,35,42,2.811,2.811,9.734,25.913,19.389,4,0,525299,Miguel Gutiérrez,2001-07-27,22.1,180.0,left,Defender,Left-Back,Spain,Spain,35,3037,2,7,12321,Girona FC,3378,10000000.0,25000000.0,0.998,1.0,0.993,same_club
8963,Nahuel Molina,ESP,2023-24,Atletico Madrid,D S,30,1845,2,2,3,12,19,1.304,1.304,2.75,13.152,10.883,4,1,424042,Nahuel Molina,1998-04-06,25.4,179.0,right,Defender,Right-Back,Argentina,Argentina,30,1858,2,3,13,Atlético de Madrid,3025,35000000.0,28000000.0,0.998,1.0,0.993,same_club
9011,Óscar Mingueza,ESP,2023-24,Celta Vigo,D F M S,38,2998,2,2,2,28,49,2.313,2.313,5.043,16.735,13.703,4,0,331505,Óscar Mingueza,1999-05-13,24.3,184.0,right,Defender,Right-Back,Spain,Spain,38,3002,2,2,940,Celta de Vigo,3118,2500000.0,8000000.0,1.0,1.0,0.999,same_club
9324,Facundo Pellistri,ESP,2023-24,Granada,F M S,15,1242,2,2,1,17,18,2.189,2.189,0.915,3.394,1.402,0,1,676318,Facundo Pellistri,2001-12-20,21.7,174.0,right,Attack,Right Winger,Uruguay,Uruguay,15,1222,2,2,16795,Granada CF,1498,6000000.0,8000000.0,0.962,1.0,0.873,same_club
9324,Facundo Pellistri,ESP,2023-24,Granada,F M S,15,1242,2,2,1,17,18,2.189,2.189,0.915,3.394,1.402,0,1,676318,Facundo Pellistri,2001-12-20,21.7,174.0,right,Attack,Right Winger,Uruguay,Uruguay,15,1222,2,2,16795,Granada CF,1498,6000000.0,8000000.0,0.995,1.0,0.984,same_club
9958,Yerson Mosquera,ESP,2023-24,Villarreal,D S,16,1231,2,2,1,10,5,1.175,1.175,0.292,5.195,5.021,4,0,716276,Yerson Mosquera,2001-05-02,22.33,188.0,right,Defender,Centre-Back,Colombia,Colombia,16,1228,2,1,1050,Villarreal CF,1357,3000000.0,6000000.0,0.999,1.0,0.998,same_club
10121,Ilias Akhomach,ESP,2023-24,Villarreal,F M S,31,1517,2,2,2,30,20,2.852,2.852,2.783,7.819,3.066,4,0,709969,Ilias Akhomach,2004-04-16,19.38,175.0,left,Attack,Right Winger,Morocco,Spain,31,1511,2,2,1050,Villarreal CF,2124,3000000.0,15000000.0,0.999,1.0,0.996,same_club
10412,Gastón Álvarez,ESP,2023-24,Getafe,D S,35,2628,2,2,0,14,7,1.434,1.434,0.724,4.233,3.514,7,0,577486,Gastón Álvarez,2000-03-24,23.44,184.0,left,Defender,Centre-Back,Uruguay,Uruguay,34,2536,2,0,3709,Getafe CF,2693,5000000.0,15000000.0,0.989,1.0,0.965,same_club
11057,André Almeida,ESP,2023-24,Valencia,F M S,18,991,2,2,1,10,13,0.548,0.548,1.376,3.806,2.963,0,0,375382,André Almeida,2000-05-30,23.26,176.0,right,Midfield,Attacking Midfield,Portugal,Portugal,18,969,2,1,1049,Valencia CF,969,20000000.0,15000000.0,0.993,1.0,0.978,same_club
11531,Unai Gómez,ESP,2023-24,Athletic Club,M S,25,839,2,2,0,16,12,1.74,1.74,0.844,3.611,1.576,1,0,834752,Unai Gómez,2003-05-25,20.27,183.0,left,Midfield,Attacking Midfield,Spain,Spain,25,867,2,0,621,Athletic Bilbao,1183,100000.0,6000000.0,0.99,1.0,0.968,same_club
11742,Álex Suárez,ESP,2023-24,Las Palmas,D S,32,2589,2,2,0,7,6,2.243,2.243,0.227,2.811,2.659,7,0,510396,Álex Suárez,1993-03-18,30.46,180.0,right,Defender,Centre-Back,Spain,Spain,32,2569,2,0,472,UD Las Palmas,2748,600000.0,1200000.0,0.998,1.0,0.992,same_club
11746,Pejiño,ESP,2023-24,Las Palmas,F M S,17,489,2,2,0,17,9,1.211,1.211,0.358,2.024,0.516,0,0,534379,Pejiño,1996-07-29,27.09,178.0,left,Attack,Right Winger,Spain,Spain,17,498,2,0,472,UD Las Palmas,674,1800000.0,1200000.0,0.995,1.0,0.982,same_club
11747,Juan Herzog,ESP,2023-24,Las Palmas,D S,4,290,2,2,0,3,0,0.68,0.68,0.0,0.259,0.259,1,0,1146029,Juanma Herzog,2004-05-13,19.3,186.0,right,Defender,Centre-Back,Spain,Spain,4,291,2,0,472,UD Las Palmas,589,,1000000.0,0.969,0.95,0.997,same_club
12081,Assane Diao,ESP,2023-24,Real Betis,F M S,18,1093,2,2,0,21,11,3.337,3.337,0.574,4.841,2.213,4,0,1061282,Assane Diao,2005-09-07,17.98,185.0,right,Attack,Left Winger,Senegal,Senegal,18,1052,2,0,150,Real Betis Balompié,1413,200000.0,12000000.0,0.989,1.0,0.962,same_club
12294,Carlos Vicente,ESP,2023-24,Alaves,M S,18,1125,2,2,4,15,33,2.099,2.099,4.538,5.82,0.691,1,0,540536,Carlos Vicente,1999-04-23,24.36,179.0,right,Attack,Right Winger,Spain,Spain,18,1118,2,4,1108,Deportivo Alavés,1275,500000.0,4000000.0,0.998,1.0,0.994,same_club
12299,Bruno Méndez,ESP,2023-24,Granada,D S,17,1339,2,2,0,8,4,0.398,0.398,0.125,1.793,1.635,4,0,552912,Bruno Méndez,1999-09-10,23.98,181.0,right,Defender,Centre-Back,Uruguay,Uruguay,17,1336,2,0,16795,Granada CF,1336,5000000.0,5000000.0,0.999,1.0,0.998,same_club
12302,Vitor Roque,ESP,2023-24,Barcelona,F S,14,298,2,2,0,13,1,2.889,2.889,0.061,2.973,0.024,2,1,943837,Vitor Roque,2005-02-28,18.51,174.0,right,Attack,Centre-Forward,Brazil,Brazil,14,319,2,0,131,FC Barcelona,353,32000000.0,30000000.0,0.98,1.0,0.934,same_club
548,Daley Blind,ESP,2023-24,Girona,D S,34,2971,1,1,2,16,17,2.13,2.13,1.211,24.092,23.503,6,0,12282,Daley Blind,1990-03-09,33.48,180.0,left,Defender,Centre-Back,Netherlands,Netherlands,34,2972,1,2,12321,Girona FC,3213,3000000.0,3000000.0,1.0,1.0,1.0,same_club
572,Etienne Capoue,ESP,2023-24,Villarreal,M S,32,1407,1,1,1,14,9,1.383,1.383,0.935,7.874,6.263,8,0,63494,Étienne Capoue,1988-07-11,35.14,189.0,right,Midfield,Defensive Midfield,France,France,32,1443,1,1,1050,Villarreal CF,1973,3000000.0,1500000.0,0.993,1.0,0.975,same_club
695,Bertrand Traoré,ESP,2023-24,Villarreal,M S,11,568,1,1,0,20,5,1.03,1.03,0.405,3.725,2.359,4,0,131996,Bertrand Traoré,1995-09-06,27.99,181.0,left,Attack,Right Winger,Burkina Faso,Burkina Faso,11,569,1,0,1050,Villarreal CF,600,12000000.0,9000000.0,0.99,1.0,0.967,same_club
695,Bertrand Traoré,ESP,2023-24,Villarreal,M S,11,568,1,1,0,20,5,1.03,1.03,0.405,3.725,2.359,4,0,131996,Bertrand Traoré,1995-09-06,27.99,181.0,left,Attack,Right Winger,Burkina Faso,Burkina Faso,11,569,1,0,1050,Villarreal CF,600,12000000.0,9000000.0,0.999,1.0,0.998,same_club
696,Falcao,ESP,2023-24,Rayo Vallecano,F S,22,330,1,0,0,17,4,2.718,1.975,0.475,1.644,0.184,3,0,39152,Radamel Falcao,1986-02-10,37.56,177.0,right,Attack,Centre-Forward,Colombia,Colombia,22,379,1,0,367,Rayo Vallecano,528,2000000.0,800000.0,0.961,1.0,0.871,same_club
1003,Pablo Maffeo,ESP,2023-24,Mallorca,D S,22,1467,1,1,2,10,10,1.068,1.068,0.751,4.11,2.831,3,0,251876,Pablo Maffeo,1997-07-12,26.14,172.0,right,Defender,Right-Back,Argentina,Spain,22,1455,1,2,237,RCD Mallorca,1530,8000000.0,5000000.0,0.998,1.0,0.992,same_club
1078,Sergi Canos,ESP,2023-24,Valencia,M S,27,1245,1,1,2,43,12,3.121,3.121,2.454,6.819,2.015,1,0,251845,Sergi Canós,1997-02-02,26.58,177.0,right,Attack,Left Winger,Spain,Spain,27,1235,1,2,1049,Valencia CF,1489,9000000.0,2500000.0,0.998,1.0,0.992,same_club
1129,Suso,ESP,2023-24,Sevilla,F M S,29,1512,1,1,4,26,40,1.337,1.337,5.227,8.485,5.247,5,1,111961,Suso,1993-11-19,29.78,177.0,left,Midfield,Attacking Midfield,Spain,Spain,29,1514,1,4,368,Sevilla FC,1753,6000000.0,4000000.0,1.0,1.0,0.999,same_club
1680,Luis Hernández,ESP,2023-24,Cadiz,D S,9,721,1,1,0,1,6,0.948,0.948,0.341,1.154,0.812,4,0,62945,Luis Hernández,1989-04-14,34.38,182.0,right,Defender,Centre-Back,Spain,Spain,9,722,1,0,2687,Cádiz CF,722,1000000.0,500000.0,1.0,1.0,0.999,same_club
1822,Antonio Rüdiger,ESP,2023-24,Real Madrid,D S,33,2704,1,1,0,19,5,1.828,1.828,1.111,18.695,17.799,7,0,86202,Antonio Rüdiger,1993-03-03,30.5,190.0,right,Defender,Centre-Back,Germany,Germany,33,2707,1,1,418,Real Madrid,4076,32000000.0,25000000.0,1.0,1.0,0.999,same_club
2130,Dani García,ESP,2023-24,Athletic Club,M S,17,717,1,1,0,6,2,1.043,1.043,0.161,2.973,1.929,4,0,178425,Dani García,1990-05-24,33.27,180.0,right,Midfield,Defensive Midfield,Spain,Spain,17,738,1,0,621,Athletic Bilbao,782,2000000.0,1800000.0,0.991,1.0,0.972,same_club
2143,Germán Pezzella,ESP,2023-24,Real Betis,D,32,2794,1,1,0,23,4,2.002,2.002,0.606,6.907,6.844,7,0,113133,Germán Pezzella,1991-06-27,32.18,187.0,right,Defender,Centre-Back,Argentina,Argentina,32,2770,1,0,150,Real Betis Balompié,3393,5000000.0,3000000.0,0.997,1.0,0.991,same_club
2266,Saúl Ñíguez,ESP,2023-24,Atletico Madrid,M S,34,1321,1,1,4,16,13,1.537,1.537,3.257,7.874,3.537,8,1,148928,Saúl Ñíguez,1994-11-21,28.78,184.0,left,Midfield,Central Midfield,Spain,Spain,34,1363,1,5,13,Atlético de Madrid,2064,10000000.0,7500000.0,0.991,1.0,0.969,same_club
2369,Toni Kroos,ESP,2023-24,Real Madrid,M S,33,2152,1,1,8,35,62,1.728,1.728,6.074,19.83,18.522,3,0,31909,Toni Kroos,1990-01-04,33.66,183.0,right,Midfield,Central Midfield,Germany,East Germany (GDR),33,2130,1,8,418,Real Madrid,3181,15000000.0,10000000.0,0.997,1.0,0.99,same_club
2400,Raúl García,ESP,2023-24,Athletic Club,F S,20,359,1,1,0,10,0,0.885,0.885,0.0,0.682,0.062,3,0,34601,Raúl García,1986-07-11,37.14,184.0,right,Attack,Centre-Forward,Spain,Spain,20,403,1,0,621,Athletic Bilbao,599,2500000.0,1500000.0,0.967,1.0,0.891,same_club
2437,Gonzalo Escalante,ESP,2023-24,Cadiz,M S,26,1790,1,1,2,15,11,1.526,1.526,1.464,3.778,3.027,2,1,266795,Gonzalo Escalante,1993-03-27,30.43,182.0,right,Midfield,Central Midfield,Argentina,Argentina,25,1691,1,2,2687,Cádiz CF,1811,2000000.0,1500000.0,0.983,1.0,0.945,same_club
2452,De Marcos,ESP,2023-24,Athletic Club,D S,28,2261,1,1,5,5,21,0.944,0.944,3.225,12.38,10.082,5,0,96718,Óscar de Marcos,1989-04-14,34.38,182.0,right,Defender,Right-Back,Spain,Spain,28,2261,1,5,621,Athletic Bilbao,2680,1800000.0,1500000.0,1.0,1.0,1.0,same_club
2505,José Gayá,ESP,2023-24,Valencia,D S,24,1823,1,1,2,10,24,0.69,0.69,2.949,8.298,6.487,3,0,221322,José Gayà,1995-05-25,28.27,172.0,left,Defender,Left-Back,Spain,Spain,24,1797,1,2,1049,Valencia CF,1917,30000000.0,25000000.0,0.996,1.0,0.986,same_club
2521,Alfonso,ESP,2023-24,Villarreal,D M S,19,1122,1,1,3,9,20,0.767,0.767,3.281,5.181,2.833,4,1,356197,Alfonso Pedraza,1996-04-09,27.39,184.0,left,Defender,Left-Back,Spain,Spain,19,1118,1,3,1050,Villarreal CF,1333,15000000.0,5000000.0,0.969,0.95,0.996,same_club
2537,Sandro Ramírez,ESP,2023-24,Las Palmas,F M S,27,1843,1,1,3,51,31,4.187,3.444,3.552,6.364,2.099,2,0,199369,Sandro Ramírez,1995-07-09,28.15,174.0,right,Attack,Centre-Forward,Spain,Spain,27,1819,1,3,472,UD Las Palmas,1819,2000000.0,1500000.0,0.996,1.0,0.987,same_club
2624,Djibril Sow,ESP,2023-24,Sevilla,M S,24,1499,1,1,1,18,15,1.603,1.603,1.044,6.618,4.245,6,0,212723,Djibril Sow,1997-02-06,26.57,183.0,right,Midfield,Central Midfield,Switzerland,Switzerland,24,1468,1,1,368,Sevilla FC,2094,22000000.0,9000000.0,0.994,1.0,0.979,same_club
3237,Aissa Mandi,ESP,2023-24,Villarreal,D S,16,1110,1,1,0,4,2,0.781,0.781,0.429,4.181,3.734,3,0,80293,Aïssa Mandi,1991-10-22,31.86,184.0,right,Defender,Centre-Back,Algeria,France,16,1114,1,0,1050,Villarreal CF,1609,3000000.0,1800000.0,0.999,1.0,0.996,same_club
3667,Nabil Fekir,ESP,2023-24,Real Betis,F M S,19,1052,1,1,2,27,30,2.299,2.299,2.275,4.825,2.525,1,0,203496,Nabil Fekir,1993-07-18,30.12,173.0,left,Midfield,Attacking Midfield,France,France,19,1048,1,2,150,Real Betis Balompié,1128,20000000.0,10000000.0,0.999,1.0,0.996,same_club
4091,Unai López,ESP,2023-24,Rayo Vallecano,M S,35,2184,1,1,2,32,31,0.879,0.879,2.645,6.509,4.76,8,0,192009,Unai López,1995-10-30,27.84,170.0,right,Midfield,Central Midfield,Spain,Spain,34,2088,1,2,367,Rayo Vallecano,2301,3500000.0,3000000.0,0.987,1.0,0.956,same_club
4113,Cristian Herrera,ESP,2023-24,Las Palmas,M S,8,139,1,1,0,1,1,0.827,0.827,0.022,1.621,0.794,1,0,237617,Cristian Herrera,1991-03-13,32.47,182.0,both,Attack,Centre-Forward,Spain,Spain,8,160,1,0,472,UD Las Palmas,460,600000.0,300000.0,0.961,1.0,0.869,same_club
4229,Raúl de Tomás,ESP,2023-24,Rayo Vallecano,F S,25,1295,1,0,2,39,8,3.939,3.196,1.156,5.204,2.344,5,0,162038,Raúl de Tomás,1994-10-17,28.87,180.0,right,Attack,Centre-Forward,Spain,Spain,25,1309,1,2,367,Rayo Vallecano,1541,8000000.0,2000000.0,0.997,1.0,0.989,same_club
4242,Stefan Mitrovic,ESP,2023-24,Getafe,D S,11,721,1,1,0,1,2,0.114,0.114,0.414,0.824,0.41,3,0,143029,Stefan Mitrovic,1990-05-22,33.28,189.0,right,Defender,Centre-Back,Serbia,Jugoslawien (SFR),11,700,1,0,3709,Getafe CF,1290,2000000.0,1300000.0,0.991,1.0,0.971,same_club
5041,Benito Ramírez,ESP,2023-24,Las Palmas,M S,20,331,1,1,1,10,2,0.495,0.495,0.499,1.86,1.004,0,0,282672,Benito Ramírez,1995-07-11,28.14,179.0,left,Attack,Left Winger,Spain,Spain,20,367,1,1,472,UD Las Palmas,622,600000.0,600000.0,0.971,1.0,0.902,same_club
5058,Carles Aleñá,ESP,2023-24,Getafe,M S,30,1039,1,1,1,16,17,1.577,1.577,1.884,2.781,1.221,5,0,284854,Carles Aleñá,1998-01-05,25.65,180.0,left,Midfield,Central Midfield,Spain,Spain,29,1007,1,1,3709,Getafe CF,1181,9000000.0,3000000.0,0.991,1.0,0.969,same_club
5141,Unai García,ESP,2023-24,Osasuna,D S,9,558,1,1,0,2,1,0.083,0.083,0.007,1.045,1.045,3,1,197122,Unai García,1992-02-03,31.58,186.0,right,Defender,Centre-Back,Spain,Spain,9,559,1,0,331,CA Osasuna,559,2500000.0,1200000.0,0.999,1.0,0.998,same_club
5162,Nacho Vidal,ESP,2023-24,"Mallorca,Osasuna",D S,15,494,1,1,0,11,4,1.382,1.382,0.212,1.892,0.822,2,0,216870,Nacho Vidal,1995-01-24,28.6,180.0,right,Defender,Right-Back,Spain,Spain,15,507,1,0,"237,331","RCD Mallorca,CA Osasuna",572,5000000.0,2000000.0,0.992,1.0,0.974,same_club
5212,Sergi Guardiola,ESP,2023-24,Cadiz,F S,22,386,1,1,1,12,4,1.91,1.91,1.011,3.72,1.211,1,0,256429,Sergi Guardiola,1991-05-29,32.26,185.0,left,Attack,Centre-Forward,Spain,Spain,22,465,1,1,2687,Cádiz CF,627,2000000.0,800000.0,0.949,1.0,0.83,same_club
5666,Mouctar Diakhaby,ESP,2023-24,Valencia,D M S,14,1081,1,1,0,7,2,1.15,1.15,0.033,2.144,2.008,6,0,346289,Mouctar Diakhaby,1996-12-19,26.7,192.0,right,Defender,Centre-Back,Guinea,France,14,1073,1,0,1049,Valencia CF,1163,6000000.0,2000000.0,0.998,1.0,0.993,same_club
6126,Ander Guevara,ESP,2023-24,Alaves,M S,37,2951,1,1,0,16,21,0.563,0.563,0.995,8.877,8.046,7,0,465967,Ander Guevara,1997-07-07,26.15,180.0,right,Midfield,Central Midfield,Spain,Spain,37,2933,1,1,1108,Deportivo Alavés,3134,2500000.0,5000000.0,0.998,1.0,0.994,same_club
6149,Unai Núñez,ESP,2023-24,Celta Vigo,D S,34,2807,1,1,0,21,10,2.56,2.56,0.577,9.435,9.208,4,0,338285,Unai Núñez,1997-01-30,26.58,186.0,right,Defender,Centre-Back,Spain,Spain,34,2803,1,0,940,Celta de Vigo,3047,6000000.0,7000000.0,1.0,1.0,0.999,same_club
6306,Juan Foyth,ESP,2023-24,Villarreal,D,12,1066,1,1,1,6,5,0.911,0.911,0.809,3.286,2.536,1,0,480763,Juan Foyth,1998-01-12,25.63,187.0,right,Defender,Centre-Back,Argentina,Argentina,12,1062,1,1,1050,Villarreal CF,1319,25000000.0,15000000.0,0.999,1.0,0.996,same_club
6325,Andoni Gorosabel,ESP,2023-24,Alaves,D M S,36,2884,1,1,0,15,15,0.671,0.671,1.969,8.045,6.261,7,0,289255,Andoni Gorosabel,1996-08-04,27.07,174.0,right,Defender,Right-Back,Spain,Spain,36,2869,1,0,1108,Deportivo Alavés,2879,9000000.0,5000000.0,0.998,1.0,0.995,same_club
6433,Jules Koundé,ESP,2023-24,Barcelona,D S,35,2887,1,1,2,24,23,1.762,1.762,2.467,23.406,22.409,4,0,411975,Jules Koundé,1998-11-12,24.8,181.0,right,Defender,Right-Back,France,France,35,2899,1,2,131,FC Barcelona,4099,60000000.0,45000000.0,0.999,1.0,0.996,same_club
6442,Ignasi Miquel,ESP,2023-24,Granada,D S,34,3003,1,1,1,20,12,1.452,1.452,1.322,5.337,4.783,5,0,70245,Ignasi Miquel,1992-09-28,30.92,189.0,left,Defender,Centre-Back,Spain,Spain,34,2991,1,1,16795,Granada CF,3006,1400000.0,1200000.0,0.999,1.0,0.996,same_club
6570,Óscar Rodríguez,ESP,2023-24,Getafe,F M S,25,973,1,1,1,34,21,1.609,1.609,1.427,5.657,3.209,10,0,284884,Óscar Rodríguez,1998-06-28,25.18,174.0,right,Midfield,Attacking Midfield,Spain,Spain,24,964,2,1,3709,Getafe CF,1206,8000000.0,2500000.0,0.964,1.0,0.991,same_club
6740,Miguel Ángel Rubio,ESP,2023-24,Granada,D S,19,1544,1,1,0,9,2,0.929,0.929,0.185,2.311,2.126,5,0,583510,Miguel Rubio,1998-03-11,25.48,191.0,right,Defender,Centre-Back,Spain,Spain,19,1561,1,0,16795,Granada CF,1561,1200000.0,1500000.0,0.967,0.95,0.989,same_club
6750,Gonzalo Villar,ESP,2023-24,Granada,F M S,35,1787,1,1,3,22,13,1.465,1.465,1.408,5.99,3.542,7,0,398163,Gonzalo Villar,1998-03-23,25.44,181.0,right,Midfield,Central Midfield,Spain,Spain,35,1785,1,3,16795,Granada CF,1844,2800000.0,3000000.0,1.0,1.0,0.999,same_club
6926,William Carvalho,ESP,2023-24,Real Betis,M S,22,604,1,1,3,8,10,0.339,0.339,0.834,3.338,3.022,2,0,100131,William Carvalho,1992-04-07,31.4,189.0,right,Midfield,Defensive Midfield,Portugal,Angola,22,669,1,2,150,Real Betis Balompié,1115,14000000.0,3000000.0,0.971,1.0,0.903,same_club
6953,Gonzalo Melero,ESP,2023-24,Almeria,F M S,28,1062,1,1,1,14,11,2.322,2.322,1.244,6.898,4.402,3,0,162056,Gonzalo Melero,1994-01-02,29.66,183.0,right,Midfield,Central Midfield,Spain,Spain,28,1094,1,1,3302,UD Almería,1178,4000000.0,1800000.0,0.991,1.0,0.971,same_club
7050,Lucas Torró,ESP,2023-24,Osasuna,M S,28,1791,1,1,0,30,9,1.496,1.496,0.654,5.144,3.709,5,0,213670,Lucas Torró,1994-07-19,29.12,190.0,right,Midfield,Defensive Midfield,Spain,Spain,28,1791,1,0,331,CA Osasuna,2141,8000000.0,4000000.0,1.0,1.0,1.0,same_club
7174,Adrià Pedrosa,ESP,2023-24,Sevilla,D S,31,1705,1,1,4,16,27,0.677,0.677,3.719,5.681,3.735,1,0,501418,Adrià Pedrosa,1998-05-13,25.3,172.0,left,Defender,Left-Back,Spain,Spain,31,1749,1,4,368,Sevilla FC,2491,5000000.0,6000000.0,0.992,1.0,0.975,same_club
7286,Juan Miranda,ESP,2023-24,Real Betis,D S,25,1871,1,1,1,15,21,2.554,2.554,2.277,9.586,6.43,8,0,341227,Juan Miranda,2000-01-19,23.62,185.0,left,Defender,Left-Back,Spain,Spain,25,1860,1,1,150,Real Betis Balompié,2181,9000000.0,9000000.0,0.998,1.0,0.994,same_club
7406,Sory Kaba,ESP,2023-24,Las Palmas,F S,17,721,1,1,1,13,6,1.744,1.744,0.331,2.637,0.607,2,0,355689,Sory Kaba,1995-07-28,28.1,191.0,right,Attack,Centre-Forward,Guinea,Guinea,17,719,1,1,472,UD Las Palmas,1272,2800000.0,1500000.0,0.999,1.0,0.997,same_club
7600,Luca De La Torre,ESP,2023-24,Celta Vigo,F M S,31,1968,1,1,4,24,17,2.602,2.602,1.636,9.559,6.625,2,1,315762,Luca de la Torre,1998-05-23,25.28,177.0,right,Midfield,Central Midfield,United States,United States,31,1958,1,5,940,Celta de Vigo,2179,3000000.0,3000000.0,0.998,1.0,0.995,same_club
7604,Alejandro Catena,ESP,2023-24,Osasuna,D S,30,2543,1,1,3,18,6,2.217,2.217,1.251,5.492,5.34,8,1,449796,Alejandro Catena,1994-10-28,28.84,194.0,right,Defender,Centre-Back,Spain,Spain,30,2536,1,3,331,CA Osasuna,2862,8000000.0,4000000.0,0.999,1.0,0.997,same_club
7609,Carles Pérez,ESP,2023-24,Celta Vigo,D M S,16,764,1,1,1,24,10,1.379,1.379,1.367,4.661,2.778,3,0,282810,Carles Pérez,1998-02-16,25.54,173.0,left,Attack,Right Winger,Spain,Spain,16,768,1,1,940,Celta de Vigo,841,5000000.0,2500000.0,0.998,1.0,0.995,same_club
7655,Carl Starfelt,ESP,2023-24,Celta Vigo,D S,27,2232,1,1,0,12,2,2.107,2.107,0.106,5.273,5.273,4,0,258987,Carl Starfelt,1995-06-01,28.25,185.0,right,Defender,Centre-Back,Sweden,Sweden,27,2219,1,0,940,Celta de Vigo,2512,6500000.0,6000000.0,0.998,1.0,0.994,same_club
7845,Aleksander Sedlar,ESP,2023-24,Alaves,D,11,958,1,1,0,4,2,0.225,0.225,0.068,3.772,3.704,2,0,237499,Aleksandar Sedlar,1991-12-13,31.72,180.0,right,Defender,Centre-Back,Serbia,Jugoslawien (SFR),11,949,1,0,1108,Deportivo Alavés,949,500000.0,400000.0,0.967,0.95,0.991,same_club
7857,Jon Moncayola,ESP,2023-24,Osasuna,F M S,33,1800,1,1,3,16,21,0.933,0.933,2.594,7.214,5.366,2,1,552425,Jon Moncayola,1998-05-13,25.3,182.0,right,Midfield,Central Midfield,Spain,Spain,33,1803,1,3,331,CA Osasuna,2107,12000000.0,7000000.0,1.0,1.0,0.998,same_club
7888,Nemanja Gudelj,ESP,2023-24,Sevilla,D M S,22,1745,1,1,1,19,7,0.756,0.756,0.704,2.87,2.707,7,0,74294,Nemanja Gudelj,1991-11-16,31.79,187.0,right,Midfield,Defensive Midfield,Serbia,Jugoslawien (SFR),22,1744,1,1,368,Sevilla FC,2400,4000000.0,3500000.0,1.0,1.0,0.999,same_club
7905,Fede San Emeterio,ESP,2023-24,Cadiz,M S,4,164,1,1,0,1,1,0.128,0.128,0.074,0.297,0.223,1,1,307519,Fede San Emeterio,1997-03-16,26.46,176.0,right,Midfield,Central Midfield,Spain,Spain,4,155,1,0,2687,Cádiz CF,200,2000000.0,1500000.0,0.984,1.0,0.945,same_club
8091,Ronald Araújo,ESP,2023-24,Barcelona,D S,25,1992,1,1,2,23,8,2.443,2.443,1.735,12.875,11.938,6,0,480267,Ronald Araujo,1999-03-07,24.49,192.0,right,Defender,Centre-Back,Uruguay,Uruguay,25,1994,1,2,131,FC Barcelona,3024,70000000.0,70000000.0,1.0,1.0,0.999,same_club
8334,Hugo Guillamón,ESP,2023-24,Valencia,M S,26,1262,1,1,0,3,7,0.143,0.143,0.236,3.123,2.908,7,0,495629,Hugo Guillamón,2000-01-31,23.58,178.0,right,Midfield,Defensive Midfield,Spain,Spain,26,1305,1,0,1049,Valencia CF,1558,14000000.0,8000000.0,0.99,1.0,0.967,same_club
8413,Javier López,ESP,2023-24,Alaves,D S,32,2377,1,1,3,18,14,0.848,0.848,2.723,9.45,6.396,3,0,568158,Javi López,2002-03-25,21.44,183.0,left,Defender,Left-Back,Spain,Spain,32,2387,1,3,1108,Deportivo Alavés,2498,700000.0,7500000.0,0.969,0.95,0.996,same_club
8422,Javi Hernández,ESP,2023-24,Cadiz,D S,31,2613,1,1,2,31,32,1.994,1.994,2.169,6.219,4.069,11,0,422466,Javi Hernández,1998-05-02,25.33,180.0,left,Defender,Left-Back,Spain,Spain,30,2518,1,2,2687,Cádiz CF,2518,2500000.0,2500000.0,0.989,1.0,0.964,same_club
8423,Jon Pacheco Dozagarat,ESP,2023-24,Real Sociedad,D S,23,1499,1,1,1,6,3,1.053,1.053,0.398,5.409,5.031,8,0,580560,Jon Pacheco,2001-01-08,22.64,184.0,left,Defender,Centre-Back,Spain,Spain,23,1521,1,1,681,Real Sociedad,1833,8000000.0,15000000.0,0.966,0.95,0.986,same_club
8470,Kike Pérez,ESP,2023-24,Rayo Vallecano,F M S,24,820,1,1,0,13,7,1.45,1.45,0.553,3.194,1.799,7,0,527698,Kike Pérez,1997-02-14,26.54,184.0,left,Midfield,Central Midfield,Spain,Spain,23,817,1,0,367,Rayo Vallecano,937,4500000.0,3000000.0,0.999,1.0,0.996,same_club
8760,Arsen Zakharyan,ESP,2023-24,Real Sociedad,F M S,29,1246,1,1,2,33,26,2.444,2.444,2.343,5.965,3.866,1,0,555143,Arsen Zakharyan,2003-05-26,20.27,183.0,right,Midfield,Attacking Midfield,Russia,Russia,29,1230,1,2,681,Real Sociedad,2116,15000000.0,18000000.0,0.996,1.0,0.987,same_club
8765,Roberto Navarro,ESP,2023-24,Cadiz,M S,29,2029,1,1,1,32,45,3.0,3.0,3.742,7.747,3.156,0,1,563137,Robert Navarro,2002-04-12,21.39,178.0,right,Attack,Right Winger,Spain,Spain,28,1912,1,1,2687,Cádiz CF,2042,3000000.0,6000000.0,0.962,0.966,0.942,same_club
8939,Marcos Acuña,ESP,2023-24,Sevilla,D S,21,1340,1,1,2,9,23,0.429,0.429,2.071,5.245,3.391,7,0,60410,Marcos Acuña,1991-10-28,31.84,172.0,left,Defender,Left-Back,Argentina,Argentina,21,1296,1,2,368,Sevilla FC,1590,10000000.0,4000000.0,0.99,1.0,0.967,same_club
8948,Aitor Paredes,ESP,2023-24,Athletic Club,D S,34,2727,1,1,0,13,4,1.315,1.315,0.165,8.531,8.531,6,1,591916,Aitor Paredes,2000-04-29,23.34,185.0,right,Defender,Centre-Back,Spain,Spain,34,2706,1,0,621,Athletic Bilbao,3306,4000000.0,22000000.0,0.998,1.0,0.992,same_club
9209,Theo Corbeanu,ESP,2023-24,Granada,M S,9,180,1,1,0,5,0,0.184,0.184,0.0,0.092,0.019,2,0,568535,Theo Corbeanu,2002-05-17,21.29,190.0,left,Attack,Right Winger,Canada,Canada,9,196,1,0,16795,Granada CF,196,1200000.0,1500000.0,0.976,1.0,0.918,same_club
9217,Jesús Vázquez,ESP,2023-24,Valencia,D S,20,671,1,1,0,7,3,1.404,1.404,0.044,2.657,1.306,1,0,623024,Jesús Vázquez,2003-01-02,20.66,182.0,left,Defender,Left-Back,Spain,Spain,20,705,1,0,1049,Valencia CF,918,3000000.0,3000000.0,0.986,1.0,0.952,same_club
9755,Inigo Ruiz de Galarreta,ESP,2023-24,Athletic Club,M S,29,2140,1,1,1,11,27,0.333,0.333,2.631,10.054,8.726,7,0,126751,Iñigo Ruiz de Galarreta,1993-08-06,30.07,175.0,right,Midfield,Central Midfield,Spain,Spain,29,2105,1,1,621,Athletic Bilbao,2419,3000000.0,5000000.0,0.995,1.0,0.984,same_club
9768,Jesús Areso,ESP,2023-24,Osasuna,D S,37,2667,1,1,6,9,36,0.174,0.174,3.529,8.423,6.303,3,0,488626,Jesús Areso,1999-07-02,24.17,182.0,right,Defender,Right-Back,Spain,Spain,37,2661,1,6,331,CA Osasuna,2899,1200000.0,7500000.0,0.999,1.0,0.998,same_club
9796,Giuliano Simeone,ESP,2023-24,Alaves,M S,14,617,1,1,2,15,11,2.737,1.994,2.201,6.374,2.683,1,0,742201,Giuliano Simeone,2002-12-18,20.7,174.0,right,Attack,Right Winger,Argentina,Italy,14,628,1,2,1108,Deportivo Alavés,719,2500000.0,3000000.0,0.995,1.0,0.982,same_club
9804,Gavi,ESP,2023-24,Barcelona,F M S,12,939,1,1,1,10,11,1.08,1.08,1.367,7.008,5.83,5,0,646740,Gavi,2004-08-05,19.07,173.0,right,Midfield,Central Midfield,Spain,Spain,12,943,1,1,131,FC Barcelona,1172,90000000.0,90000000.0,0.999,1.0,0.996,same_club
9809,José Ángel Carmona,ESP,2023-24,Getafe,D M S,31,1401,1,1,1,12,11,0.773,0.773,1.204,4.321,2.778,8,0,711625,José Ángel Carmona,2002-01-29,21.59,184.0,right,Defender,Right-Back,Spain,Spain,30,1312,1,1,3709,Getafe CF,1376,4000000.0,3500000.0,0.981,1.0,0.936,same_club
9810,Fran García,ESP,2023-24,Real Madrid,D S,25,1377,1,1,5,9,16,0.862,0.862,2.606,10.994,8.379,2,0,341264,Fran García,1999-08-14,24.05,169.0,left,Defender,Left-Back,Spain,Spain,25,1395,1,5,418,Real Madrid,1688,12000000.0,15000000.0,0.996,1.0,0.987,same_club
9811,Óscar Valentín,ESP,2023-24,Rayo Vallecano,M S,34,2728,1,1,0,15,11,2.518,2.518,0.755,6.878,6.031,5,1,517753,Óscar Valentín,1994-08-20,29.03,177.0,right,Midfield,Central Midfield,Spain,Spain,34,2719,1,0,367,Rayo Vallecano,2923,5000000.0,4000000.0,0.999,1.0,0.997,same_club
9813,Randy Nteka,ESP,2023-24,Rayo Vallecano,F S,16,548,1,0,1,15,9,2.324,1.581,1.202,2.822,0.32,3,0,560483,Randy Nteka,1997-12-06,25.74,189.0,left,Midfield,Attacking Midfield,Angola,France,16,564,1,1,367,Rayo Vallecano,831,1800000.0,1500000.0,0.991,1.0,0.972,same_club
9815,Pathé Ciss,ESP,2023-24,Rayo Vallecano,D M S,31,1624,1,1,0,22,11,1.403,1.403,0.421,4.941,3.483,10,0,525578,Pathé Ciss,1994-03-16,29.46,186.0,right,Midfield,Central Midfield,Senegal,Senegal,31,1649,1,0,367,Rayo Vallecano,1676,3000000.0,2500000.0,0.995,1.0,0.985,same_club
10078,Hugo Álvarez,ESP,2023-24,Celta Vigo,D F S,12,766,1,1,1,12,19,1.049,1.049,2.219,7.986,5.228,1,0,892929,Hugo Álvarez,2003-07-02,20.17,176.0,right,Attack,Left Winger,Spain,Spain,12,763,1,1,940,Celta de Vigo,886,200000.0,1500000.0,0.999,1.0,0.996,same_club
10095,Abdessamad Ezzalzouli,ESP,2023-24,"Barcelona,Real Betis",M S,28,839,1,1,0,38,6,4.379,3.636,0.483,5.901,2.308,1,0,724520,Abde Ezzalzouli,2001-12-17,21.71,177.0,right,Attack,Left Winger,Morocco,Morocco,28,921,1,0,"131,150","FC Barcelona,Real Betis Balompié",1481,15000000.0,9000000.0,0.943,0.95,0.911,same_club
10128,Javi Llabrés,ESP,2023-24,Mallorca,M S,16,191,1,1,0,9,5,0.787,0.787,0.273,0.999,0.126,1,0,706138,Javi Llabrés,2002-09-11,20.97,174.0,both,Attack,Left Winger,Spain,Spain,16,234,1,0,237,RCD Mallorca,525,300000.0,700000.0,0.945,1.0,0.816,same_club
10189,Marc Pubill,ESP,2023-24,Almeria,D S,23,1907,1,1,3,20,22,0.825,0.825,1.703,4.611,3.019,2,0,844637,Marc Pubill,2003-06-20,20.2,191.0,right,Defender,Centre-Back,Spain,Spain,23,1890,1,3,3302,UD Almería,1890,1000000.0,4000000.0,0.997,1.0,0.991,same_club
10364,Nahuel Tenaglia,ESP,2023-24,Alaves,D S,25,1111,1,1,0,8,6,0.772,0.772,0.484,4.125,3.55,5,0,533568,Nahuel Tenaglia,1996-02-21,27.53,181.0,right,Defender,Right-Back,Argentina,Argentina,25,1131,1,0,1108,Deportivo Alavés,1477,3000000.0,2000000.0,0.995,1.0,0.982,same_club
10371,Giovanni González,ESP,2023-24,Mallorca,D S,34,2477,1,1,1,14,21,0.545,0.545,1.341,5.487,4.53,5,0,339699,Giovanni González,1994-09-20,28.95,173.0,right,Defender,Right-Back,Uruguay,Uruguay,34,2464,1,1,237,RCD Mallorca,3172,2000000.0,3000000.0,0.998,1.0,0.995,same_club
10561,Jesús Santiago,ESP,2023-24,Getafe,M S,15,741,1,1,0,6,7,0.644,0.644,0.362,1.028,0.245,4,0,941869,Yellu Santiago,2004-05-25,19.27,192.0,right,Midfield,Central Midfield,Spain,Spain,14,657,1,0,3709,Getafe CF,657,100000.0,1000000.0,0.936,0.95,0.887,same_club
10857,Pablo Ibáñez,ESP,2023-24,Osasuna,M S,33,1126,1,1,2,27,12,2.069,2.069,1.313,4.281,1.946,3,0,785353,Pablo Ibáñez,1998-09-20,24.95,179.0,right,Midfield,Central Midfield,Spain,Spain,33,1142,1,2,331,CA Osasuna,1260,1500000.0,2500000.0,0.996,1.0,0.986,same_club
10944,Fran Pérez,ESP,2023-24,Valencia,M S,32,2135,1,1,4,20,19,1.198,1.198,3.348,7.535,3.51,4,0,622988,Fran Pérez,2002-09-09,20.98,176.0,right,Attack,Right Winger,Spain,Spain,32,2069,1,4,1049,Valencia CF,2243,500000.0,8000000.0,0.991,1.0,0.969,same_club
10946,Yan Couto,ESP,2023-24,Girona,D F M S,34,2244,1,1,8,29,27,1.822,1.822,4.98,19.296,16.317,8,0,627228,Yan Couto,2002-06-03,21.25,168.0,right,Defender,Right-Back,Brazil,Brazil,34,2244,1,10,12321,Girona FC,2483,4000000.0,25000000.0,1.0,1.0,1.0,same_club
10970,Kaiky,ESP,2023-24,Almeria,D S,8,512,1,1,0,3,1,0.204,0.204,0.034,1.053,0.893,2,0,743589,Kaiky,2004-01-12,19.64,182.0,right,Defender,Centre-Back,Brazil,Brazil,8,520,1,0,3302,UD Almería,665,3000000.0,2000000.0,0.995,1.0,0.985,same_club
10974,Samú Costa,ESP,2023-24,Mallorca,M S,34,2307,1,1,1,22,12,1.549,1.549,0.491,4.818,4.285,8,0,657430,Samú Costa,2000-11-27,22.76,185.0,left,Midfield,Defensive Midfield,Portugal,Portugal,34,2305,1,1,237,RCD Mallorca,2649,5000000.0,10000000.0,1.0,1.0,0.999,same_club
10982,Copete,ESP,2023-24,Mallorca,D S,19,1355,1,1,1,7,4,0.441,0.441,0.644,0.753,0.65,7,0,520840,José Copete,1999-10-10,23.89,190.0,left,Defender,Centre-Back,Spain,Spain,19,1336,1,1,237,RCD Mallorca,2047,3500000.0,2800000.0,0.996,1.0,0.986,same_club
11042,Marko Milovanovic,ESP,2023-24,Almeria,F S,11,279,1,1,0,5,2,0.792,0.792,0.175,1.879,0.977,0,0,845568,Marko Milovanović,2003-08-04,20.08,197.0,right,Attack,Centre-Forward,Serbia,Serbia and Montenegro,11,302,1,0,3302,UD Almería,368,1000000.0,900000.0,0.977,1.0,0.924,same_club
11071,Brian Ocampo,ESP,2023-24,Cadiz,M S,13,201,1,1,0,5,2,0.248,0.248,0.11,1.343,1.003,2,0,598765,Brian Ocampo,1999-06-25,24.19,172.0,right,Attack,Left Winger,Uruguay,Uruguay,13,237,1,0,2687,Cádiz CF,304,2000000.0,900000.0,0.954,1.0,0.848,same_club
11087,Pep Chavarría,ESP,2023-24,Rayo Vallecano,D M S,22,1149,1,1,1,11,13,0.943,0.943,1.032,4.356,2.827,3,1,596122,Pep Chavarría,1998-04-10,25.39,174.0,left,Defender,Left-Back,Spain,Spain,21,1156,1,1,367,Rayo Vallecano,1531,1500000.0,2000000.0,0.998,1.0,0.994,same_club
11105,Abdul Mumin,ESP,2023-24,Rayo Vallecano,D S,20,1698,1,1,0,6,4,0.652,0.652,0.491,3.133,2.766,5,1,451801,Abdul Mumin,1998-06-06,25.24,188.0,right,Defender,Centre-Back,Ghana,Ghana,20,1695,1,0,367,Rayo Vallecano,1905,1500000.0,2500000.0,0.999,1.0,0.998,same_club
11412,Alberto Mari,ESP,2023-24,Valencia,F S,16,229,1,0,1,7,6,1.994,1.251,0.954,2.645,0.621,0,0,634105,Alberto Marí,2001-07-11,22.14,183.0,right,Attack,Centre-Forward,Spain,Spain,16,264,1,1,1049,Valencia CF,378,800000.0,1500000.0,0.96,1.0,0.867,same_club
11633,Marc Guiu,ESP,2023-24,Barcelona,F S,3,75,1,1,0,4,1,0.952,0.952,0.324,1.362,0.086,1,0,938158,Marc Guiu,2006-01-04,17.66,187.0,right,Attack,Centre-Forward,Spain,Spain,3,73,1,0,131,FC Barcelona,182,,7500000.0,0.993,1.0,0.978,same_club
11741,Saúl Coco,ESP,2023-24,Las Palmas,D S,30,2286,1,1,0,20,1,0.851,0.851,0.017,2.864,2.789,6,1,588426,Saúl Coco,1999-02-09,24.56,187.0,right,Defender,Centre-Back,Equatorial Guinea,Spain,30,2293,1,0,472,UD Las Palmas,2322,1000000.0,8000000.0,0.999,1.0,0.997,same_club
11744,Sergi Cardona,ESP,2023-24,Las Palmas,D S,35,2813,1,1,2,26,39,2.381,2.381,3.154,7.975,5.032,9,0,678406,Sergi Cardona,1999-07-08,24.15,186.0,both,Defender,Left-Back,Spain,Spain,35,2816,1,2,472,UD Las Palmas,2906,1200000.0,6000000.0,1.0,1.0,0.999,same_club
11745,Julián Araujo,ESP,2023-24,Las Palmas,D S,25,1448,1,1,0,7,16,0.926,0.926,1.19,3.523,1.697,5,0,513970,Julián Araujo,2001-08-13,22.05,176.0,right,Defender,Right-Back,Mexico,United States,25,1463,1,0,472,UD Las Palmas,1657,3500000.0,8000000.0,0.997,1.0,0.99,same_club
11824,Lucas Pires,ESP,2023-24,Cadiz,D S,29,1485,1,1,0,11,23,0.823,0.823,1.861,3.804,1.985,6,0,927768,Lucas Pires,2001-03-24,22.44,182.0,left,Defender,Left-Back,Brazil,Brazil,28,1527,1,0,2687,Cádiz CF,1665,1500000.0,2000000.0,0.992,1.0,0.972,same_club
11825,Abderrahmane Rebbach,ESP,2023-24,Alaves,M S,23,681,1,1,0,17,18,1.146,1.146,1.739,2.844,0.511,1,0,718034,Abde Rebbach,1998-08-11,25.06,176.0,right,Attack,Left Winger,Algeria,Algeria,23,713,1,0,1108,Deportivo Alavés,809,500000.0,800000.0,0.957,0.95,0.955,same_club
11953,Sergi Altimira,ESP,2023-24,Real Betis,M S,14,564,1,1,0,7,4,0.239,0.239,0.125,1.379,1.162,1,0,466801,Sergi Altimira,2001-08-25,22.02,188.0,right,Midfield,Central Midfield,Spain,Spain,14,566,1,0,150,Real Betis Balompié,796,300000.0,2500000.0,0.999,1.0,0.996,same_club
12323,Johnny Cardoso,ESP,2023-24,Real Betis,M S,17,1347,1,1,2,12,8,1.401,1.401,0.457,2.723,2.139,3,0,689505,Johnny Cardoso,2001-09-20,21.95,186.0,right,Midfield,Central Midfield,United States,United States,17,1332,1,2,150,Real Betis Balompié,1332,5000000.0,25000000.0,0.997,1.0,0.989,same_club
12403,Bruno Langa,ESP,2023-24,Almeria,D S,11,821,1,1,0,8,7,0.36,0.36,0.344,1.94,1.352,1,1,631472,Bruno Langa,1997-10-31,25.83,178.0,left,Defender,Left-Back,Mozambique,Mozambique,11,819,1,0,3302,UD Almería,1985,1500000.0,1500000.0,0.999,1.0,0.998,same_club
12423,Tadeo Allende,ESP,2023-24,Celta Vigo,M S,10,310,1,1,0,9,2,1.381,1.381,0.362,2.285,0.787,1,0,872184,Tadeo Allende,1999-02-20,24.53,183.0,right,Attack,Right Winger,Argentina,Argentina,10,330,1,0,940,Celta de Vigo,330,2500000.0,4000000.0,0.982,1.0,0.939,same_club
250,Ørjan Nyland,ESP,2023-24,Sevilla,GK,24,2160,0,0,0,0,2,0.0,0.0,0.336,5.453,5.117,1,0,73517,Ørjan Nyland,1990-09-10,32.97,192.0,right,Goalkeeper,Goalkeeper,Norway,Norway,24,2160,0,0,368,Sevilla FC,2520,600000.0,1400000.0,1.0,1.0,1.0,same_club
323,Adnan Januzaj,ESP,2023-24,Sevilla,S,8,174,0,0,0,6,2,0.495,0.495,0.052,0.53,0.02,0,0,177847,Adnan Januzaj,1995-02-05,28.57,186.0,left,Attack,Right Winger,Belgium,Belgium,8,187,0,0,368,Sevilla FC,308,6000000.0,2000000.0,0.979,1.0,0.93,same_club
371,Sokratis,ESP,2023-24,Real Betis,D S,15,1128,0,0,0,2,1,0.147,0.147,0.039,2.856,2.856,6,0,34322,Sokratis Papastathopoulos,1988-06-09,35.23,186.0,right,Defender,Centre-Back,Greece,Greece,15,1135,0,0,150,Real Betis Balompié,1225,1000000.0,700000.0,0.968,0.95,0.994,same_club
391,David Alaba,ESP,2023-24,Real Madrid,D,14,1154,0,0,1,14,10,1.293,1.293,0.84,6.041,5.476,2,0,59016,David Alaba,1992-06-24,31.19,180.0,left,Defender,Centre-Back,Austria,Austria,14,1156,0,1,418,Real Madrid,1407,40000000.0,20000000.0,0.999,1.0,0.998,same_club
492,Héctor Bellerín,ESP,2023-24,Real Betis,D M S,23,1704,0,0,1,2,15,0.334,0.334,1.948,6.716,5.353,0,1,191217,Héctor Bellerín,1995-03-19,28.45,178.0,right,Defender,Right-Back,Spain,Spain,23,1714,0,1,150,Real Betis Balompié,1967,8000000.0,4000000.0,0.998,1.0,0.994,same_club
493,Gabriel,ESP,2023-24,"Atletico Madrid,Valencia",D S,23,1821,0,0,0,8,4,0.402,0.402,0.321,5.431,5.304,5,1,149498,Gabriel Paulista,1990-11-26,32.76,185.0,right,Defender,Centre-Back,Brazil,Brazil,23,1806,0,0,"13,1049","Atlético de Madrid,Valencia CF",1896,2500000.0,2000000.0,0.968,0.95,0.992,same_club
497,Francis Coquelin,ESP,2023-24,Villarreal,M S,17,910,0,0,0,3,1,0.164,0.164,0.095,4.419,4.272,4,0,74869,Francis Coquelin,1991-05-13,32.3,177.0,right,Midfield,Defensive Midfield,France,France,17,910,0,0,1050,Villarreal CF,1146,3000000.0,1500000.0,1.0,1.0,1.0,same_club
552,Ander Herrera,ESP,2023-24,Athletic Club,M S,23,1010,0,0,3,14,12,0.773,0.773,1.468,4.633,3.931,4,0,99343,Ander Herrera,1989-08-14,34.05,182.0,right,Midfield,Central Midfield,Spain,Spain,23,1022,0,3,621,Athletic Bilbao,1234,2500000.0,2000000.0,0.996,1.0,0.988,same_club
615,Fernando,ESP,2023-24,Sevilla,M S,8,450,0,0,0,1,2,0.017,0.017,0.749,1.634,0.984,0,0,51174,Fernando,1987-07-25,36.1,183.0,right,Midfield,Defensive Midfield,Brazil,Brazil,8,461,0,0,368,Sevilla FC,854,3000000.0,2000000.0,0.993,1.0,0.976,same_club
616,Jesús Navas,ESP,2023-24,Sevilla,D S,29,2032,0,0,2,7,23,0.168,0.168,3.474,8.609,6.223,5,1,15956,Jesús Navas,1985-11-21,37.78,170.0,right,Midfield,Right Midfield,Spain,Spain,29,2013,0,2,368,Sevilla FC,2431,3000000.0,2500000.0,0.997,1.0,0.991,same_club
680,Thibaut Courtois,ESP,2023-24,Real Madrid,GK,4,336,0,0,0,0,1,0.0,0.0,0.176,2.617,2.44,0,0,108390,Thibaut Courtois,1992-05-11,31.31,199.0,left,Goalkeeper,Goalkeeper,Belgium,Belgium,4,333,0,0,418,Real Madrid,423,45000000.0,28000000.0,0.997,1.0,0.991,same_club
681,César Azpilicueta,ESP,2023-24,Atletico Madrid,D S,25,1411,0,0,2,2,15,0.494,0.494,2.634,12.24,10.219,4,0,57500,César Azpilicueta,1989-08-28,34.01,178.0,right,Defender,Centre-Back,Spain,Spain,25,1422,0,2,13,Atlético de Madrid,1826,5000000.0,2000000.0,0.998,1.0,0.992,same_club
842,Oriol Romeu,ESP,2023-24,Barcelona,M S,28,932,0,0,1,10,7,0.487,0.487,1.093,6.968,5.978,4,0,66100,Oriol Romeu,1991-09-24,31.94,183.0,right,Midfield,Defensive Midfield,Spain,Spain,28,930,0,1,131,FC Barcelona,1435,5000000.0,2000000.0,0.999,1.0,0.998,same_club
973,Paulo Gazzaniga,ESP,2023-24,Girona,GK,38,3420,0,0,0,0,3,0.0,0.0,0.273,11.873,11.618,2,0,195488,Paulo Gazzaniga,1992-01-02,31.66,195.0,right,Goalkeeper,Goalkeeper,Argentina,Argentina,38,3420,0,0,12321,Girona FC,3420,3000000.0,4000000.0,1.0,1.0,1.0,same_club
1374,José Reina,ESP,2023-24,Villarreal,GK,2,180,0,0,0,0,0,0.0,0.0,0.0,0.394,0.394,0,0,7825,Pepe Reina,1982-08-31,41.0,188.0,right,Goalkeeper,Goalkeeper,Spain,Spain,2,180,0,0,1050,Villarreal CF,1140,700000.0,600000.0,0.97,0.95,1.0,same_club
1382,José Callejón,ESP,2023-24,Granada,D F M S,25,763,0,0,1,11,16,1.4,1.4,1.513,5.023,3.423,2,0,61253,José Callejón,1987-02-11,36.55,178.0,right,Attack,Right Winger,Spain,Spain,25,794,0,1,16795,Granada CF,884,1200000.0,800000.0,0.988,1.0,0.961,same_club
1428,Ianis Hagi,ESP,2023-24,Alaves,M S,22,786,0,0,2,27,24,2.304,1.561,2.246,4.481,2.406,3,0,282076,Ianis Hagi,1998-10-22,24.86,182.0,both,Midfield,Attacking Midfield,Romania,Türkiye,22,796,0,2,1108,Deportivo Alavés,999,4000000.0,2000000.0,0.996,1.0,0.987,same_club
1588,Raúl Albiol,ESP,2023-24,Villarreal,D S,26,2039,0,0,1,6,3,0.187,0.187,1.514,5.379,5.379,6,0,15452,Raúl Albiol,1985-09-04,37.99,190.0,right,Defender,Centre-Back,Spain,Spain,26,2035,0,1,1050,Villarreal CF,2221,2500000.0,1500000.0,0.999,1.0,0.998,same_club
1621,Marcos Alonso,ESP,2023-24,Barcelona,D S,5,250,0,0,0,3,5,0.065,0.065,0.62,1.769,1.184,0,0,112515,Marcos Alonso,1990-12-28,32.68,188.0,left,Defender,Centre-Back,Spain,Spain,5,250,0,0,131,FC Barcelona,389,5000000.0,2000000.0,1.0,1.0,1.0,same_club
1715,Álvaro Negredo,ESP,2023-24,Cadiz,S,7,16,0,0,0,3,1,0.096,0.096,0.059,0.159,0.085,0,0,18644,Álvaro Negredo,1985-08-20,38.03,186.0,left,Attack,Centre-Forward,Spain,Spain,7,47,0,0,2687,Cádiz CF,194,1000000.0,300000.0,0.897,1.0,0.656,same_club
1716,Bernardo,ESP,2023-24,Girona,S,2,2,0,0,0,0,0,0.0,0.0,0.0,0.0,0.0,0,0,64598,Bernardo Espinosa,1989-07-11,34.14,192.0,right,Defender,Centre-Back,Colombia,Colombia,2,2,0,0,12321,Girona FC,182,1500000.0,550000.0,0.97,0.95,1.0,same_club
1719,Javier Manquillo,ESP,2023-24,Celta Vigo,D S,12,757,0,0,1,1,1,0.062,0.062,0.328,3.705,3.642,3,0,162029,Javier Manquillo,1994-05-05,29.33,178.0,right,Defender,Right-Back,Spain,Spain,12,747,0,1,940,Celta de Vigo,747,2500000.0,1800000.0,0.996,1.0,0.987,same_club
1731,Claudio Bravo,ESP,2023-24,Real Betis,GK,7,630,0,0,0,0,1,0.0,0.0,0.047,0.672,0.625,0,0,40423,Claudio Bravo,1983-04-13,40.39,184.0,right,Goalkeeper,Goalkeeper,Chile,Chile,7,630,0,0,150,Real Betis Balompié,810,1000000.0,800000.0,1.0,1.0,1.0,same_club
1739,Eric Bailly,ESP,2023-24,Villarreal,D S,10,845,0,0,0,2,1,0.17,0.17,0.075,2.841,2.752,4,0,286384,Eric Bailly,1994-04-12,29.39,187.0,right,Defender,Centre-Back,Cote d'Ivoire,Cote d'Ivoire,10,838,0,0,1050,Villarreal CF,1384,5000000.0,3000000.0,0.998,1.0,0.992,same_club
2090,Marc-André ter Stegen,ESP,2023-24,Barcelona,GK,28,2520,0,0,0,0,1,0.0,0.0,0.069,10.277,10.277,3,0,74857,Marc-André ter Stegen,1992-04-30,31.34,187.0,right,Goalkeeper,Goalkeeper,Germany,Germany,28,2520,0,0,131,FC Barcelona,3240,35000000.0,28000000.0,1.0,1.0,1.0,same_club
2122,Joan Jordán,ESP,2023-24,Sevilla,M S,8,376,0,0,0,6,2,0.204,0.204,0.045,0.689,0.61,0,0,263727,Joan Jordán,1994-07-06,29.16,185.0,right,Midfield,Central Midfield,Spain,Spain,8,378,0,0,368,Sevilla FC,729,9000000.0,3500000.0,0.998,1.0,0.995,same_club
2174,Diego Mariño,ESP,2023-24,Almeria,GK,1,90,0,0,0,0,0,0.0,0.0,0.0,0.029,0.029,0,0,59349,Diego Mariño,1990-05-09,33.31,185.0,right,Goalkeeper,Goalkeeper,Spain,Spain,1,90,0,0,3302,UD Almería,180,300000.0,300000.0,1.0,1.0,1.0,same_club
2190,Vicente Guaita,ESP,2023-24,Celta Vigo,GK S,27,2403,0,0,0,0,0,0.0,0.0,0.0,3.776,3.776,2,0,64399,Vicente Guaita,1987-01-10,36.64,190.0,right,Goalkeeper,Goalkeeper,Spain,Spain,27,2402,0,0,940,Celta de Vigo,2402,1000000.0,800000.0,1.0,1.0,1.0,same_club
2194,Damián Suárez,ESP,2023-24,Getafe,D M S,16,1323,0,0,2,4,17,0.307,0.307,0.784,3.218,2.711,6,1,76746,Damián Suárez,1988-04-27,35.35,173.0,right,Defender,Right-Back,Uruguay,Uruguay,16,1285,0,2,3709,Getafe CF,1375,1000000.0,650000.0,0.991,1.0,0.971,same_club
2208,Iván Cuéllar,ESP,2023-24,Mallorca,GK,1,90,0,0,0,0,0,0.0,0.0,0.0,0.039,0.039,0,0,27493,Iván Cuéllar,1984-05-27,39.26,187.0,left,Goalkeeper,Goalkeeper,Spain,Spain,1,90,0,0,237,RCD Mallorca,180,100000.0,100000.0,1.0,1.0,1.0,same_club
2210,Jorge Meré,ESP,2023-24,Cadiz,D S,10,689,0,0,0,4,0,0.191,0.191,0.0,0.427,0.415,0,0,286779,Jorge Meré,1997-04-17,26.37,182.0,right,Defender,Centre-Back,Spain,Spain,10,676,0,0,2687,Cádiz CF,795,1200000.0,1000000.0,0.994,1.0,0.981,same_club
2226,Zaldúa,ESP,2023-24,Cadiz,D M S,13,713,0,0,0,1,5,0.014,0.014,0.653,1.913,1.361,3,0,197135,Joseba Zaldua,1992-06-24,31.19,174.0,right,Defender,Right-Back,Spain,Spain,13,709,0,0,2687,Cádiz CF,919,2500000.0,900000.0,0.998,1.0,0.994,same_club
2228,Aritz Elustondo,ESP,2023-24,Real Sociedad,D S,15,792,0,0,1,6,7,0.273,0.273,0.713,1.222,1.029,2,0,229804,Aritz Elustondo,1994-03-28,29.43,180.0,right,Defender,Centre-Back,Spain,Spain,15,818,0,2,681,Real Sociedad,1235,14000000.0,5000000.0,0.99,1.0,0.968,same_club
2247,Nacho,ESP,2023-24,Real Madrid,D S,29,1719,0,0,1,5,5,0.348,0.348,1.065,8.828,8.596,4,2,58884,Nacho Fernández,1990-01-18,33.62,180.0,right,Defender,Centre-Back,Spain,Spain,29,1740,0,1,418,Real Madrid,3126,6000000.0,3000000.0,0.966,0.95,0.988,same_club
2261,Jan Oblak,ESP,2023-24,Atletico Madrid,GK,38,3420,0,0,0,0,0,0.0,0.0,0.0,6.289,6.289,1,0,121483,Jan Oblak,1993-01-07,30.65,188.0,right,Goalkeeper,Goalkeeper,Slovenia,Slovenia,38,3420,0,0,13,Atlético de Madrid,4950,35000000.0,28000000.0,1.0,1.0,1.0,same_club
2263,Stefan Savic,ESP,2023-24,Atletico Madrid,D S,23,1632,0,0,0,5,1,0.232,0.232,0.072,8.325,8.325,5,1,107010,Stefan Savic,1991-01-08,32.65,187.0,right,Defender,Centre-Back,Montenegro,Jugoslawien (SFR),23,1631,0,0,13,Atlético de Madrid,2349,6000000.0,2500000.0,1.0,1.0,0.999,same_club
2269,Koke,ESP,2023-24,Atletico Madrid,M S,35,2528,0,0,4,10,26,0.869,0.869,3.341,22.304,19.23,6,0,74229,Koke,1992-01-08,31.65,176.0,right,Midfield,Central Midfield,Spain,Spain,35,2502,0,4,13,Atlético de Madrid,3787,16000000.0,12000000.0,0.997,1.0,0.99,same_club
2272,Yannick Carrasco,ESP,2023-24,Atletico Madrid,D,3,234,0,0,1,2,4,0.072,0.072,0.232,0.996,0.882,0,0,140776,Yannick Carrasco,1993-09-04,29.99,181.0,right,Attack,Left Winger,Belgium,Belgium,3,223,0,1,13,Atlético de Madrid,223,25000000.0,14000000.0,0.986,1.0,0.953,same_club
2278,Giménez,ESP,2023-24,Atletico Madrid,D S,22,1321,0,0,0,7,1,0.384,0.384,0.055,4.855,4.8,5,0,250845,José María Giménez,1995-01-20,28.61,186.0,right,Defender,Centre-Back,Uruguay,Uruguay,22,1323,0,0,13,Atlético de Madrid,2225,35000000.0,22000000.0,1.0,1.0,0.998,same_club
2301,Manu Trigueros,ESP,2023-24,Villarreal,M S,14,278,0,0,0,6,5,0.701,0.701,0.183,1.56,0.89,0,0,188854,Manu Trigueros,1991-10-17,31.87,178.0,right,Midfield,Central Midfield,Spain,Spain,14,299,0,0,1050,Villarreal CF,854,4000000.0,1500000.0,0.979,1.0,0.93,same_club
2306,Cédric Bakambu,ESP,2023-24,Real Betis,F S,4,197,0,0,0,4,3,0.339,0.339,0.669,0.978,0.094,1,0,127048,Cédric Bakambu,1991-04-11,32.39,182.0,right,Attack,Centre-Forward,DR Congo,France,4,195,0,0,150,Real Betis Balompié,558,5000000.0,2500000.0,0.997,1.0,0.99,same_club
2308,Denis Suárez,ESP,2023-24,Villarreal,M S,4,114,0,0,0,1,3,0.068,0.068,0.495,0.597,0.055,0,0,165007,Denis Suárez,1994-01-06,29.65,176.0,right,Midfield,Attacking Midfield,Spain,Spain,4,130,0,0,1050,Villarreal CF,160,5000000.0,1500000.0,0.963,1.0,0.877,same_club
2346,Aarón,ESP,2023-24,Las Palmas,GK S,2,153,0,0,0,0,0,0.0,0.0,0.0,0.116,0.116,0,0,284430,Aarón Escandell,1995-09-27,27.93,186.0,right,Goalkeeper,Goalkeeper,Spain,Spain,2,152,0,0,472,UD Las Palmas,452,1000000.0,1000000.0,0.968,0.95,0.993,same_club
2391,José Mari,ESP,2023-24,Cadiz,S,3,3,0,0,0,0,2,0.0,0.0,0.047,0.122,0.075,0,0,225462,José Mari,1987-12-06,35.74,182.0,right,Midfield,Defensive Midfield,Spain,Spain,3,12,0,0,2687,Cádiz CF,146,400000.0,200000.0,0.97,1.0,0.9,same_club
2403,Íñigo Lekue,ESP,2023-24,Athletic Club,D S,27,1999,0,0,2,5,17,0.225,0.225,1.038,6.857,5.856,4,0,255501,Iñigo Lekue,1993-05-04,30.33,180.0,right,Defender,Right-Back,Spain,Spain,27,2001,0,3,621,Athletic Bilbao,2445,3000000.0,3000000.0,1.0,1.0,0.999,same_club
2415,David Soria,ESP,2023-24,Getafe,GK,39,3504,0,0,0,0,0,0.0,0.0,0.0,1.67,1.67,3,0,226012,David Soria,1993-04-04,30.41,192.0,right,Goalkeeper,Goalkeeper,Spain,Spain,38,3414,0,0,3709,Getafe CF,3594,8000000.0,5000000.0,0.992,1.0,0.974,same_club
2417,Igor Zubeldia,ESP,2023-24,Real Sociedad,D S,30,2540,0,0,2,12,10,0.722,0.722,0.64,7.493,7.105,11,1,355628,Igor Zubeldia,1997-03-30,26.42,181.0,right,Defender,Centre-Back,Spain,Spain,30,2524,0,2,681,Real Sociedad,3698,15000000.0,22000000.0,0.998,1.0,0.994,same_club
2418,Álvaro Odriozola,ESP,2023-24,Real Sociedad,D S,9,395,0,0,0,0,2,0.0,0.0,0.164,1.124,1.124,0,0,280730,Álvaro Odriozola,1995-12-14,27.72,175.0,right,Defender,Right-Back,Spain,Spain,9,397,0,0,681,Real Sociedad,721,5000000.0,2500000.0,0.998,1.0,0.995,same_club
2424,Óliver Torres,ESP,2023-24,Sevilla,F M S,27,1633,0,0,1,9,22,0.643,0.643,2.452,7.697,5.101,3,0,214775,Óliver Torres,1994-11-10,28.81,175.0,right,Midfield,Central Midfield,Spain,Spain,27,1623,0,1,368,Sevilla FC,2108,9000000.0,6000000.0,0.998,1.0,0.994,same_club
2433,Mamadou Sylla,ESP,2023-24,Alaves,S,2,5,0,0,0,0,0,0.0,0.0,0.0,0.0,0.0,0,0,166683,Mamadou Sylla,1994-03-20,29.45,180.0,right,Attack,Centre-Forward,Senegal,Senegal,2,16,0,0,1108,Deportivo Alavés,16,1000000.0,1500000.0,0.963,1.0,0.878,same_club
2446,Dani Ceballos,ESP,2023-24,Real Madrid,M S,20,556,0,0,2,7,12,0.517,0.517,1.324,6.057,4.672,2,0,319745,Dani Ceballos,1996-08-07,27.07,179.0,right,Midfield,Central Midfield,Spain,Spain,20,587,0,2,418,Real Madrid,864,12000000.0,6000000.0,0.984,1.0,0.947,same_club
2453,Marc Bartra,ESP,2023-24,Real Betis,D,3,230,0,0,0,3,0,0.218,0.218,0.0,0.419,0.419,1,0,99922,Marc Bartra,1991-01-15,32.63,184.0,right,Defender,Centre-Back,Spain,Spain,3,225,0,0,150,Real Betis Balompié,315,3700000.0,1000000.0,0.993,1.0,0.978,same_club
2456,Omar Mascarell,ESP,2023-24,Mallorca,D M S,29,1577,0,0,0,6,2,0.207,0.207,0.031,4.019,3.941,6,1,142031,Omar Mascarell,1993-02-02,30.58,181.0,right,Midfield,Defensive Midfield,Equatorial Guinea,Spain,29,1573,0,0,237,RCD Mallorca,1853,3000000.0,1000000.0,0.999,1.0,0.997,same_club
2475,Jaume,ESP,2023-24,Valencia,GK S,2,73,0,0,0,0,0,0.0,0.0,0.0,0.0,0.0,0,0,227805,Jaume Doménech,1990-11-05,32.82,185.0,right,Goalkeeper,Goalkeeper,Spain,Spain,2,79,0,0,1049,Valencia CF,469,1000000.0,800000.0,0.95,0.95,0.933,same_club
2479,Toni Lato,ESP,2023-24,Mallorca,D S,28,1535,0,0,1,5,10,0.263,0.263,1.541,4.736,3.345,3,0,320271,Toni Lato,1997-11-21,25.78,171.0,left,Defender,Left-Back,Spain,Spain,28,1546,0,1,237,RCD Mallorca,1868,2500000.0,3500000.0,0.998,1.0,0.993,same_club
2484,Iñigo Martínez,ESP,2023-24,Barcelona,D S,20,1276,0,0,0,8,1,0.566,0.566,0.017,9.24,9.24,5,0,158863,Iñigo Martínez,1991-05-17,32.29,182.0,left,Defender,Centre-Back,Spain,Spain,20,1293,0,0,131,FC Barcelona,1622,10000000.0,5000000.0,0.996,1.0,0.987,same_club
2509,Dimitri Foulquier,ESP,2023-24,Valencia,D M S,33,1804,0,0,0,7,14,0.66,0.66,1.088,6.549,5.64,3,0,170472,Dimitri Foulquier,1993-03-23,30.44,183.0,right,Defender,Right-Back,Guadeloupe,France,33,1833,0,0,1049,Valencia CF,1923,2500000.0,2500000.0,0.995,1.0,0.984,same_club
2532,Amath Diedhiou,ESP,2023-24,Mallorca,F M S,15,362,0,0,0,12,3,1.608,1.608,0.461,2.532,0.832,2,0,339820,Amath Ndiaye,1996-07-16,27.13,173.0,right,Attack,Right Winger,Senegal,Senegal,15,388,0,0,237,RCD Mallorca,620,2000000.0,1500000.0,0.795,0.692,0.933,same_club
2539,Jaume Costa,ESP,2023-24,Mallorca,D S,30,1692,0,0,1,6,19,0.376,0.376,1.076,2.632,1.667,7,0,65318,Jaume Costa,1988-03-18,35.46,171.0,left,Defender,Left-Back,Spain,Spain,30,1682,0,1,237,RCD Mallorca,1969,1200000.0,900000.0,0.998,1.0,0.994,same_club
2543,Borja Iglesias,ESP,2023-24,Real Betis,F S,11,388,0,0,1,10,11,0.768,0.768,1.134,2.836,1.062,2,0,278359,Borja Iglesias,1993-01-17,30.62,187.0,right,Attack,Centre-Forward,Spain,Spain,11,404,0,1,150,Real Betis Balompié,1288,20000000.0,5000000.0,0.988,1.0,0.96,same_club
2543,Borja Iglesias,ESP,2023-24,Real Betis,F S,11,388,0,0,1,10,11,0.768,0.768,1.134,2.836,1.062,2,0,278359,Borja Iglesias,1993-01-17,30.62,187.0,right,Attack,Centre-Forward,Spain,Spain,11,404,0,1,150,Real Betis Balompié,1288,20000000.0,5000000.0,0.994,1.0,0.98,same_club
2555,Remiro,ESP,2023-24,Real Sociedad,GK,37,3275,0,0,0,0,1,0.0,0.0,0.027,2.696,2.669,3,1,212862,Álex Remiro,1995-03-24,28.44,192.0,right,Goalkeeper,Goalkeeper,Spain,Spain,37,3276,0,0,681,Real Sociedad,4386,25000000.0,25000000.0,1.0,1.0,1.0,same_club
2609,Gerard Gumbau,ESP,2023-24,Granada,M S,35,2714,0,0,3,45,41,1.89,1.89,4.485,7.92,4.411,12,0,268670,Gerard Gumbau,1994-12-18,28.7,188.0,left,Midfield,Defensive Midfield,Spain,Spain,35,2685,0,3,16795,Granada CF,2716,3500000.0,3000000.0,0.997,1.0,0.989,same_club
2619,Stole Dimitrievski,ESP,2023-24,Rayo Vallecano,GK,37,3330,0,0,0,0,2,0.0,0.0,0.052,1.67,1.618,1,0,165467,Stole Dimitrievski,1993-12-25,29.68,188.0,right,Goalkeeper,Goalkeeper,North Macedonia,Macedonia,37,3330,0,0,367,Rayo Vallecano,3330,4000000.0,4000000.0,1.0,1.0,1.0,same_club
3208,Óscar Trejo,ESP,2023-24,Rayo Vallecano,F M S,31,1400,0,0,0,18,22,0.845,0.845,1.49,4.245,2.539,4,1,30321,Óscar Trejo,1988-04-26,35.35,180.0,right,Midfield,Attacking Midfield,Argentina,Argentina,31,1416,0,0,367,Rayo Vallecano,1440,3000000.0,1000000.0,0.997,1.0,0.989,same_club
3239,Hamari Traore,ESP,2023-24,Real Sociedad,D S,31,2320,0,0,2,18,29,0.48,0.48,1.784,8.387,6.796,7,0,297070,Hamari Traoré,1992-01-27,31.59,175.0,right,Defender,Right-Back,Mali,Mali,31,2296,0,2,681,Real Sociedad,3036,10000000.0,6000000.0,0.997,1.0,0.99,same_club
3248,Omenuke Mfulu,ESP,2023-24,Las Palmas,M S,5,69,0,0,0,0,0,0.0,0.0,0.0,0.062,0.062,0,0,203516,Nuke Mfulu,1994-03-20,29.45,183.0,right,Midfield,Defensive Midfield,DR Congo,France,5,76,0,0,472,UD Las Palmas,324,800000.0,700000.0,0.947,0.95,0.922,same_club
3264,Mauro Arambarri,ESP,2023-24,Getafe,M S,7,321,0,0,0,9,2,0.276,0.276,0.04,0.771,0.494,2,0,290249,Mauro Arambarri,1995-09-30,27.92,175.0,right,Midfield,Central Midfield,Uruguay,Uruguay,7,337,0,0,3709,Getafe CF,337,9000000.0,5000000.0,0.986,1.0,0.953,same_club
3399,Youssouf Sabaly,ESP,2023-24,Real Betis,D,12,1053,0,0,1,4,4,0.11,0.11,0.68,2.209,1.863,2,0,135492,Youssouf Sabaly,1993-03-05,30.49,173.0,right,Defender,Right-Back,Senegal,France,12,1048,0,1,150,Real Betis Balompié,1048,5000000.0,2500000.0,0.999,1.0,0.995,same_club
3425,Thomas Lemar,ESP,2023-24,Atletico Madrid,M,3,177,0,0,0,2,1,0.122,0.122,0.015,0.829,0.707,0,0,205562,Thomas Lemar,1995-11-12,27.8,171.0,left,Midfield,Attacking Midfield,France,Guadeloupe,3,167,0,0,13,Atlético de Madrid,167,22000000.0,10000000.0,0.983,1.0,0.944,same_club
4034,José Campaña,ESP,2023-24,Las Palmas,M S,8,154,0,0,0,1,0,0.018,0.018,0.0,0.641,0.641,0,0,120095,José Campaña,1993-05-31,30.25,179.0,right,Midfield,Central Midfield,Spain,Spain,8,166,0,0,472,UD Las Palmas,166,3000000.0,1500000.0,0.978,1.0,0.928,same_club
4177,Álex Fernández,ESP,2023-24,Cadiz,F M S,26,1270,0,0,1,7,13,0.268,0.268,0.805,2.135,1.465,3,0,89733,Álex Fernández,1992-10-15,30.88,183.0,right,Midfield,Central Midfield,Spain,Spain,26,1282,0,1,2687,Cádiz CF,1367,4000000.0,1500000.0,0.997,1.0,0.991,same_club
4193,Aitor Fernández,ESP,2023-24,Osasuna,GK S,7,545,0,0,0,1,0,0.132,0.132,0.0,0.885,0.885,1,0,118997,Aitor Fernández,1991-05-03,32.33,182.0,right,Goalkeeper,Goalkeeper,Spain,Spain,7,550,0,0,331,CA Osasuna,850,3000000.0,1800000.0,0.997,1.0,0.991,same_club
4202,Kevin,ESP,2023-24,Celta Vigo,D S,12,720,0,0,0,2,3,0.077,0.077,0.211,1.5,1.39,3,0,221315,Kevin Vázquez,1993-03-23,30.44,175.0,right,Defender,Right-Back,Spain,Spain,12,705,0,0,940,Celta de Vigo,1036,1000000.0,800000.0,0.964,0.95,0.979,same_club
4485,José Pozo,ESP,2023-24,Rayo Vallecano,S,2,15,0,0,0,0,0,0.0,0.0,0.0,0.0,0.0,0,0,195605,José Pozo,1996-03-15,27.46,171.0,left,Midfield,Attacking Midfield,Spain,Spain,2,17,0,0,367,Rayo Vallecano,131,1000000.0,1000000.0,0.993,1.0,0.978,same_club
4920,Matteo Gabbia,ESP,2023-24,Villarreal,D S,7,492,0,0,0,0,1,0.0,0.0,0.033,1.273,1.273,2,0,323167,Matteo Gabbia,1999-10-21,23.86,185.0,right,Defender,Centre-Back,Italy,Italy,7,479,0,0,1050,Villarreal CF,2784,5000000.0,8000000.0,0.992,1.0,0.974,same_club
4920,Matteo Gabbia,ESP,2023-24,Villarreal,D S,7,492,0,0,0,0,1,0.0,0.0,0.033,1.273,1.273,2,0,323167,Matteo Gabbia,1999-10-21,23.86,185.0,right,Defender,Centre-Back,Italy,Italy,7,479,0,0,1050,Villarreal CF,2784,5000000.0,8000000.0,0.999,1.0,0.998,same_club
5031,Álvaro Lemos,ESP,2023-24,Las Palmas,D S,4,259,0,0,0,1,0,0.019,0.019,0.0,0.368,0.349,1,0,230222,Álvaro Lemos,1993-03-30,30.42,177.0,right,Defender,Right-Back,Spain,Spain,4,251,0,0,472,UD Las Palmas,251,800000.0,700000.0,0.991,1.0,0.969,same_club
5033,Iván Villar,ESP,2023-24,Celta Vigo,GK,12,1014,0,0,0,0,1,0.0,0.0,0.053,1.057,1.057,0,1,297194,Iván Villar,1997-07-09,26.15,183.0,right,Goalkeeper,Goalkeeper,Spain,Spain,12,1015,0,0,940,Celta de Vigo,1375,2000000.0,1200000.0,1.0,1.0,0.999,same_club
5037,Darko Brasanac,ESP,2023-24,Osasuna,S,2,43,0,0,0,0,1,0.0,0.0,0.059,0.092,0.033,0,0,95641,Darko Brasanac,1992-02-12,31.55,178.0,right,Midfield,Central Midfield,Serbia,Jugoslawien (SFR),2,46,0,0,331,CA Osasuna,123,2000000.0,1400000.0,0.99,1.0,0.967,same_club
5043,Kiko Femenía,ESP,2023-24,Villarreal,D M S,23,1559,0,0,0,1,7,0.018,0.018,0.71,8.147,7.607,6,1,76467,Kiko Femenía,1991-02-02,32.58,174.0,right,Defender,Right-Back,Spain,Spain,23,1581,0,0,1050,Villarreal CF,2005,2500000.0,1400000.0,0.996,1.0,0.986,same_club
5047,Rubén Sobrino,ESP,2023-24,Cadiz,F M S,33,1707,0,0,1,21,23,1.719,1.719,2.139,4.474,1.434,9,1,85383,Rubén Sobrino,1992-06-01,31.25,185.0,right,Attack,Centre-Forward,Spain,Spain,32,1662,0,1,2687,Cádiz CF,1675,2000000.0,1400000.0,0.992,1.0,0.974,same_club
5061,Kepa,ESP,2023-24,Real Madrid,GK S,14,1194,0,0,0,0,0,0.0,0.0,0.0,3.691,3.691,1,0,192279,Kepa Arrizabalaga,1994-10-03,28.91,188.0,right,Goalkeeper,Goalkeeper,Spain,Spain,14,1197,0,0,418,Real Madrid,1767,18000000.0,12000000.0,0.969,0.95,0.997,same_club
5062,Yeray Álvarez,ESP,2023-24,Athletic Club,D S,19,1145,0,0,0,7,3,0.245,0.245,0.129,2.147,2.046,1,1,255488,Yeray Álvarez,1995-01-24,28.6,182.0,right,Defender,Centre-Back,Spain,Spain,19,1155,0,0,621,Athletic Bilbao,1161,15000000.0,8000000.0,0.997,1.0,0.991,same_club
5065,Diego Rico,ESP,2023-24,Getafe,D M S,33,2629,0,0,7,21,39,0.369,0.369,4.589,8.167,4.461,10,0,249513,Diego Rico,1993-02-23,30.52,183.0,left,Defender,Left-Back,Spain,Spain,32,2536,0,7,3709,Getafe CF,2720,3000000.0,1500000.0,0.989,1.0,0.965,same_club
5075,Rubén Peña,ESP,2023-24,Osasuna,D F M S,29,2126,0,0,2,17,29,1.053,1.053,2.698,7.286,5.073,3,0,238868,Rubén Peña,1991-07-18,32.12,170.0,right,Defender,Right-Back,Spain,Spain,29,2103,0,2,331,CA Osasuna,2411,2500000.0,2200000.0,0.997,1.0,0.989,same_club
5090,David García,ESP,2023-24,Osasuna,D,27,2338,0,0,1,15,5,1.16,1.16,0.963,5.989,5.917,5,0,298589,David García,1994-02-14,29.54,186.0,both,Defender,Centre-Back,Spain,Spain,27,2336,0,1,331,CA Osasuna,2816,20000000.0,10000000.0,1.0,1.0,0.999,same_club
5103,Martin Hongla,ESP,2023-24,Granada,D M S,13,551,0,0,0,3,0,0.137,0.137,0.0,0.319,0.248,0,0,398808,Martin Hongla,1998-03-16,25.46,182.0,right,Midfield,Defensive Midfield,Cameroon,Cameroon,13,559,0,0,16795,Granada CF,1806,3000000.0,2500000.0,0.996,1.0,0.986,same_club
5103,Martin Hongla,ESP,2023-24,Granada,D M S,13,551,0,0,0,3,0,0.137,0.137,0.0,0.319,0.248,0,0,398808,Martin Hongla,1998-03-16,25.46,182.0,right,Midfield,Defensive Midfield,Cameroon,Cameroon,13,559,0,0,16795,Granada CF,1806,3000000.0,2500000.0,0.998,1.0,0.994,same_club
5109,Rui Silva,ESP,2023-24,Real Betis,GK,28,2479,0,0,0,0,0,0.0,0.0,0.0,2.693,2.693,4,0,234811,Rui Silva,1994-02-07,29.56,191.0,left,Goalkeeper,Goalkeeper,Portugal,Portugal,28,2475,0,0,150,Real Betis Balompié,3105,15000000.0,8000000.0,1.0,1.0,0.998,same_club
5110,Mariano,ESP,2023-24,Sevilla,F S,9,232,0,0,0,14,2,1.283,1.283,0.108,0.832,0.119,1,0,225020,Mariano Díaz,1993-08-01,30.08,180.0,right,Attack,Centre-Forward,Dominican Republic,Spain,9,239,0,1,368,Sevilla FC,319,2500000.0,1500000.0,0.961,0.95,0.971,same_club
5117,Víctor Díaz,ESP,2023-24,Granada,D S,4,159,0,0,0,0,0,0.0,0.0,0.0,0.389,0.389,1,0,58330,Víctor Díaz,1988-06-12,35.22,183.0,right,Defender,Right-Back,Spain,Spain,4,162,0,0,16795,Granada CF,252,700000.0,400000.0,0.994,1.0,0.981,same_club
5134,Óscar Melendo,ESP,2023-24,Granada,F M S,26,1159,0,0,0,6,11,0.312,0.312,0.552,3.404,2.935,2,0,448344,Óscar Melendo,1997-08-23,26.02,167.0,left,Midfield,Attacking Midfield,Spain,Spain,26,1127,0,0,16795,Granada CF,1127,2000000.0,2000000.0,0.992,1.0,0.972,same_club
5138,Alejandro Pozo,ESP,2023-24,Almeria,D M S,21,944,0,0,0,4,13,0.225,0.225,0.461,2.829,2.222,3,0,341272,Álex Pozo,1999-02-22,24.52,172.0,right,Attack,Right Winger,Spain,Spain,21,962,0,0,3302,UD Almería,1073,3000000.0,2000000.0,0.964,0.95,0.981,same_club
5140,Kike Barja,ESP,2023-24,Osasuna,F M S,16,276,0,0,0,4,5,0.389,0.389,0.298,1.102,0.862,3,0,298575,Kike Barja,1997-04-01,26.42,179.0,right,Attack,Right Winger,Spain,Spain,16,294,0,0,331,CA Osasuna,398,4000000.0,2000000.0,0.982,1.0,0.939,same_club
5185,Unai Simón,ESP,2023-24,Athletic Club,GK,36,3186,0,0,0,0,1,0.0,0.0,0.025,6.069,6.043,2,0,262396,Unai Simón,1997-06-11,26.22,190.0,right,Goalkeeper,Goalkeeper,Spain,Spain,36,3184,0,0,621,Athletic Bilbao,3184,25000000.0,30000000.0,1.0,1.0,0.999,same_club
5200,Eric Curbelo,ESP,2023-24,Las Palmas,D S,2,100,0,0,0,0,0,0.0,0.0,0.0,0.046,0.046,0,0,390823,Eric Curbelo,1994-01-14,29.63,180.0,right,Defender,Centre-Back,Spain,Spain,2,101,0,0,472,UD Las Palmas,191,1200000.0,800000.0,0.997,1.0,0.99,same_club
5234,Jesús Vallejo,ESP,2023-24,Granada,D S,3,92,0,0,0,0,0,0.0,0.0,0.0,0.916,0.916,1,0,251896,Jesús Vallejo,1997-01-05,26.65,184.0,right,Defender,Centre-Back,Spain,Spain,3,106,0,0,16795,Granada CF,106,2000000.0,1000000.0,0.96,1.0,0.868,same_club
5264,Caglar Söyüncü,ESP,2023-24,Atletico Madrid,D S,6,95,0,0,0,0,0,0.0,0.0,0.0,0.229,0.229,0,1,320141,Çağlar Söyüncü,1996-05-23,27.27,185.0,both,Defender,Centre-Back,Türkiye,Türkiye,6,110,0,0,13,Atlético de Madrid,1127,15000000.0,10000000.0,0.959,1.0,0.864,same_club
5635,Faitout Maouassa,ESP,2023-24,Granada,D S,6,240,0,0,1,5,5,0.236,0.236,0.334,0.403,0.144,0,0,357072,Faitout Maouassa,1998-07-06,25.16,170.0,left,Defender,Left-Back,France,France,6,244,0,1,16795,Granada CF,318,6000000.0,4000000.0,0.995,1.0,0.984,same_club
5635,Faitout Maouassa,ESP,2023-24,Granada,D S,6,240,0,0,1,5,5,0.236,0.236,0.334,0.403,0.144,0,0,357072,Faitout Maouassa,1998-07-06,25.16,170.0,left,Defender,Left-Back,France,France,6,244,0,1,16795,Granada CF,318,6000000.0,4000000.0,0.993,1.0,0.978,same_club
5672,Iván Balliu,ESP,2023-24,Rayo Vallecano,D S,33,2878,0,0,1,11,24,0.959,0.959,2.487,7.488,5.418,4,0,85295,Iván Balliu,1992-01-01,31.67,172.0,right,Defender,Right-Back,Albania,Spain,33,2876,0,1,367,Rayo Vallecano,2876,4000000.0,2000000.0,1.0,1.0,0.999,same_club
5730,Famara Diedhiou,ESP,2023-24,Granada,S,8,51,0,0,1,5,1,0.728,0.728,0.397,1.239,0.147,1,0,237125,Famara Diédhiou,1992-12-15,30.71,189.0,right,Attack,Centre-Forward,Senegal,Senegal,8,81,0,1,16795,Granada CF,171,1500000.0,500000.0,0.9,1.0,0.667,same_club
5947,Mihailo Ristic,ESP,2023-24,Celta Vigo,D S,12,809,0,0,0,10,5,0.426,0.426,0.13,2.743,2.467,2,0,271455,Mihailo Ristic,1995-10-31,27.84,180.0,left,Defender,Left-Back,Serbia,Bosnia-Herzegovina,12,808,0,0,940,Celta de Vigo,1098,3000000.0,1000000.0,1.0,1.0,0.999,same_club
6014,Rominigue Kouame,ESP,2023-24,Cadiz,M S,16,822,0,0,0,5,4,0.261,0.261,0.096,1.816,1.583,2,0,277635,Rominigue Kouamé,1996-12-17,26.7,177.0,left,Midfield,Central Midfield,Mali,Cote d'Ivoire,16,832,0,0,2687,Cádiz CF,895,4500000.0,2000000.0,0.996,1.0,0.988,same_club
6075,Antonio Sivera,ESP,2023-24,Alaves,GK,34,3060,0,0,0,0,3,0.0,0.0,0.09,2.312,2.232,3,0,298197,Antonio Sivera,1996-08-11,27.06,185.0,right,Goalkeeper,Goalkeeper,Spain,Spain,34,3060,0,0,1108,Deportivo Alavés,3150,1200000.0,6000000.0,1.0,1.0,1.0,same_club
6079,Fabio González,ESP,2023-24,Las Palmas,M S,6,111,0,0,0,0,0,0.0,0.0,0.0,0.153,0.153,1,0,531062,Fabio González,1997-02-12,26.55,176.0,right,Midfield,Central Midfield,Spain,Spain,6,121,0,0,472,UD Las Palmas,121,600000.0,500000.0,0.975,1.0,0.917,same_club
6120,Bono,ESP,2023-24,Sevilla,GK,1,90,0,0,0,0,0,0.0,0.0,0.0,0.0,0.0,0,0,207834,Yassine Bounou,1991-04-05,32.41,192.0,left,Goalkeeper,Goalkeeper,Morocco,Canada,1,90,0,0,368,Sevilla FC,180,12000000.0,9000000.0,0.928,0.88,1.0,same_club
6121,Juanpe,ESP,2023-24,Girona,D S,17,718,0,0,0,4,0,0.193,0.193,0.0,2.506,2.449,4,0,115333,Juanpe,1991-04-30,32.34,192.0,right,Defender,Centre-Back,Spain,Spain,17,739,0,0,12321,Girona FC,1054,1500000.0,1000000.0,0.991,1.0,0.972,same_club
6124,Maxi Gómez,ESP,2023-24,Cadiz,F S,32,1170,0,0,0,16,10,1.302,1.302,0.526,2.671,1.319,2,0,396894,Maxi Gómez,1996-08-14,27.05,186.0,right,Attack,Centre-Forward,Uruguay,Uruguay,31,1167,0,0,2687,Cádiz CF,1325,7000000.0,2000000.0,0.999,1.0,0.997,same_club
6136,Mario Hermoso,ESP,2023-24,Atletico Madrid,D S,31,2559,0,0,1,17,17,1.428,1.428,0.712,16.164,15.305,9,0,281769,Mario Hermoso,1995-06-18,28.21,184.0,left,Defender,Centre-Back,Spain,Spain,31,2556,0,1,13,Atlético de Madrid,3802,20000000.0,25000000.0,1.0,1.0,0.999,same_club
6151,Djené Dakonam,ESP,2023-24,Getafe,D M S,34,2580,0,0,0,7,6,0.125,0.125,0.284,3.298,3.03,13,1,221150,Dakonam Djené,1991-12-31,31.67,178.0,right,Defender,Centre-Back,Togo,Togo,33,2491,0,0,3709,Getafe CF,2581,5000000.0,2500000.0,0.99,1.0,0.966,same_club
6164,Andrés Guardado,ESP,2023-24,Real Betis,M S,12,421,0,0,0,5,5,0.124,0.124,0.178,2.279,2.159,2,0,20506,Andrés Guardado,1986-09-28,36.93,167.0,left,Midfield,Central Midfield,Mexico,Mexico,12,442,0,0,150,Real Betis Balompié,866,1500000.0,1000000.0,0.986,1.0,0.952,same_club
6177,Luiz Felipe,ESP,2023-24,Real Betis,D,4,360,0,0,0,2,1,0.108,0.108,0.099,0.665,0.665,1,0,457931,Luiz Felipe,1997-03-22,26.44,187.0,right,Defender,Centre-Back,Italy,Brazil,4,360,0,0,150,Real Betis Balompié,360,15000000.0,13000000.0,1.0,1.0,1.0,same_club
6214,Raúl Fernández,ESP,2023-24,Granada,GK,4,280,0,0,0,0,0,0.0,0.0,0.0,0.0,0.0,0,0,54217,Raúl Fernández,1988-03-13,35.47,195.0,right,Goalkeeper,Goalkeeper,Spain,Spain,4,281,0,0,16795,Granada CF,281,300000.0,200000.0,0.999,1.0,0.996,same_club
6219,Enes Ünal,ESP,2023-24,Getafe,F S,3,133,0,0,1,1,3,0.081,0.081,0.683,0.788,0.095,0,0,251106,Enes Ünal,1997-05-10,26.31,187.0,right,Attack,Centre-Forward,Türkiye,Türkiye,3,138,0,1,3709,Getafe CF,562,25000000.0,18000000.0,0.966,1.0,0.887,same_club
6219,Enes Ünal,ESP,2023-24,Getafe,F S,3,133,0,0,1,1,3,0.081,0.081,0.683,0.788,0.095,0,0,251106,Enes Ünal,1997-05-10,26.31,187.0,right,Attack,Centre-Forward,Türkiye,Türkiye,3,138,0,1,3709,Getafe CF,562,25000000.0,18000000.0,0.989,1.0,0.964,same_club
6224,Marko Dmitrovic,ESP,2023-24,Sevilla,GK,13,1170,0,0,0,0,0,0.0,0.0,0.0,1.051,1.051,1,0,94308,Marko Dmitrovic,1992-01-24,31.6,189.0,left,Goalkeeper,Goalkeeper,Serbia,Jugoslawien (SFR),13,1170,0,0,368,Sevilla FC,1710,4000000.0,900000.0,1.0,1.0,1.0,same_club
6226,Iván Alejo,ESP,2023-24,Cadiz,M S,31,1770,0,0,2,12,15,0.59,0.59,2.02,3.699,1.878,18,0,281755,Iván Alejo,1995-02-10,28.56,186.0,right,Attack,Right Winger,Spain,Spain,30,1690,0,2,2687,Cádiz CF,1690,1200000.0,1500000.0,0.986,1.0,0.955,same_club
6233,Ferland Mendy,ESP,2023-24,Real Madrid,D S,23,1758,0,0,0,5,11,0.267,0.267,1.109,12.092,10.997,5,0,291417,Ferland Mendy,1995-06-08,28.23,180.0,left,Defender,Left-Back,France,France,23,1726,0,0,418,Real Madrid,2835,25000000.0,22000000.0,0.995,1.0,0.982,same_club
6242,Johan Mojica,ESP,2023-24,Osasuna,D F S,30,2035,0,0,3,17,24,1.077,1.077,3.277,7.46,5.054,1,0,262939,Johan Mojica,1992-08-21,31.03,184.0,left,Defender,Left-Back,Colombia,Colombia,30,2041,0,3,331,CA Osasuna,2299,3000000.0,2200000.0,0.999,1.0,0.997,same_club
6310,Boubakary Soumare,ESP,2023-24,Sevilla,M S,28,2289,0,0,1,1,8,0.023,0.023,1.038,6.839,5.843,10,0,344605,Boubakary Soumaré,1999-02-27,24.51,188.0,right,Midfield,Defensive Midfield,France,France,28,2287,0,1,368,Sevilla FC,2682,20000000.0,14000000.0,1.0,1.0,0.999,same_club
6592,Manuel Morlanes,ESP,2023-24,Mallorca,M S,35,1607,0,0,2,11,16,0.921,0.921,1.595,4.827,3.211,2,0,335225,Manu Morlanes,1999-01-12,24.64,178.0,right,Midfield,Central Midfield,Spain,Spain,35,1610,0,2,237,RCD Mallorca,1919,4000000.0,2500000.0,0.969,0.95,0.998,same_club
6643,Francisco Vieites,ESP,2023-24,Real Betis,GK S,4,311,0,0,0,0,0,0.0,0.0,0.0,0.932,0.932,0,0,551182,Fran Vieites,1999-05-07,24.32,196.0,left,Goalkeeper,Goalkeeper,Spain,Spain,4,315,0,0,150,Real Betis Balompié,315,200000.0,500000.0,0.966,0.95,0.987,same_club
6712,Enzo Loiodice,ESP,2023-24,Las Palmas,M S,34,1805,0,0,1,16,19,0.615,0.615,1.175,4.875,4.102,3,0,581781,Enzo Loiodice,2000-11-27,22.76,177.0,left,Midfield,Central Midfield,France,France,34,1793,0,1,472,UD Las Palmas,2011,2000000.0,4000000.0,0.998,1.0,0.993,same_club
6759,Juan Cruz,ESP,2023-24,Real Betis,S,5,53,0,0,0,2,1,0.086,0.086,0.052,0.156,0.018,0,0,585700,Juan Cruz,2000-04-25,23.35,180.0,left,Attack,Left Winger,Spain,Argentina,5,71,0,0,150,Real Betis Balompié,152,1500000.0,1500000.0,0.94,1.0,0.8,same_club
6766,Dani Vivian,ESP,2023-24,Athletic Club,D S,33,2884,0,0,0,11,6,0.887,0.887,0.583,8.652,8.477,6,0,524000,Dani Vivian,1999-07-05,24.16,184.0,right,Defender,Centre-Back,Spain,Spain,33,2879,0,0,621,Athletic Bilbao,3493,14000000.0,25000000.0,0.999,1.0,0.998,same_club
6919,Toni Villa,ESP,2023-24,Girona,S,2,8,0,0,0,1,0,0.026,0.026,0.0,0.026,0.0,0,0,337066,Toni Villa,1995-01-07,28.65,172.0,right,Attack,Left Winger,Spain,Spain,2,11,0,0,12321,Girona FC,11,2500000.0,1500000.0,0.99,1.0,0.967,same_club
6924,Miguel De la Fuente,ESP,2023-24,Alaves,F S,3,65,0,0,0,2,0,0.13,0.13,0.0,0.13,0.0,0,0,480883,Miguel de la Fuente,1999-09-03,23.99,182.0,right,Attack,Centre-Forward,Spain,Spain,3,64,0,0,1108,Deportivo Alavés,64,2000000.0,2500000.0,0.997,1.0,0.989,same_club
6931,Fran Beltrán,ESP,2023-24,Celta Vigo,M S,33,2463,0,0,0,21,18,0.691,0.691,1.181,12.352,11.673,2,0,423444,Fran Beltrán,1999-02-03,24.57,165.0,right,Midfield,Central Midfield,Spain,Spain,33,2437,0,0,940,Celta de Vigo,2713,15000000.0,6000000.0,0.997,1.0,0.989,same_club
6966,Daniel Fuzato,ESP,2023-24,Getafe,S,1,6,0,0,0,0,0,0.0,0.0,0.0,0.0,0.0,0,0,438682,Daniel Fuzato,1997-07-04,26.16,190.0,right,Goalkeeper,Goalkeeper,Brazil,Brazil,1,6,0,0,3709,Getafe CF,186,1000000.0,900000.0,1.0,1.0,1.0,same_club
7019,Peru Nolaskoain,ESP,2023-24,Athletic Club,S,2,5,0,0,0,0,0,0.0,0.0,0.0,0.0,0.0,0,0,447052,Peru Nolaskoain,1998-10-25,24.85,186.0,right,Midfield,Defensive Midfield,Spain,Spain,2,8,0,0,621,Athletic Bilbao,192,1000000.0,1000000.0,0.99,1.0,0.967,same_club
7160,Nemanja Radonjic,ESP,2023-24,Mallorca,M S,11,342,0,0,0,10,7,1.108,1.108,0.79,1.889,0.174,0,0,245078,Nemanja Radonjic,1996-02-15,27.54,182.0,right,Attack,Left Winger,Serbia,Yugoslavia (Republic),11,350,0,0,237,RCD Mallorca,862,4000000.0,2800000.0,0.993,1.0,0.977,same_club
7160,Nemanja Radonjic,ESP,2023-24,Mallorca,M S,11,342,0,0,0,10,7,1.108,1.108,0.79,1.889,0.174,0,0,245078,Nemanja Radonjic,1996-02-15,27.54,182.0,right,Attack,Left Winger,Serbia,Yugoslavia (Republic),11,350,0,0,237,RCD Mallorca,862,4000000.0,2800000.0,0.998,1.0,0.992,same_club
7194,Andriy Lunin,ESP,2023-24,Real Madrid,GK,21,1890,0,0,0,0,1,0.0,0.0,0.106,5.532,5.426,2,0,404839,Andriy Lunin,1999-02-11,24.55,191.0,right,Goalkeeper,Goalkeeper,Ukraine,Ukraine,21,1890,0,0,418,Real Madrid,2850,5000000.0,25000000.0,1.0,1.0,1.0,same_club
7226,Chumi,ESP,2023-24,Almeria,D S,31,2427,0,0,1,5,4,0.794,0.794,1.37,4.136,3.891,4,0,333361,Chumi,1999-03-02,24.5,183.0,right,Defender,Centre-Back,Spain,Spain,31,2432,0,1,3302,UD Almería,2546,2000000.0,2000000.0,0.999,1.0,0.998,same_club
7287,Iñaki Peña,ESP,2023-24,Barcelona,GK,10,900,0,0,0,0,0,0.0,0.0,0.0,3.193,3.193,0,0,283170,Iñaki Peña,1999-03-02,24.5,184.0,right,Goalkeeper,Goalkeeper,Spain,Spain,10,900,0,0,131,FC Barcelona,1560,4000000.0,8000000.0,1.0,1.0,1.0,same_club
7306,Aihen Muñoz,ESP,2023-24,Real Sociedad,D S,21,1094,0,0,2,7,12,0.272,0.272,1.652,5.011,3.686,2,0,517842,Aihen Muñoz,1997-08-16,26.04,175.0,left,Defender,Left-Back,Spain,Spain,21,1110,0,1,681,Real Sociedad,1753,6000000.0,8000000.0,0.996,1.0,0.986,same_club
7355,Paul Akouokou,ESP,2023-24,Real Betis,S,2,17,0,0,0,0,0,0.0,0.0,0.0,0.378,0.378,0,0,429901,Paul Akouokou,1997-12-20,25.7,181.0,right,Midfield,Defensive Midfield,Cote d'Ivoire,Cote d'Ivoire,2,26,0,0,150,Real Betis Balompié,334,3500000.0,1500000.0,0.97,1.0,0.9,same_club
7355,Paul Akouokou,ESP,2023-24,Real Betis,S,2,17,0,0,0,0,0,0.0,0.0,0.0,0.378,0.378,0,0,429901,Paul Akouokou,1997-12-20,25.7,181.0,right,Midfield,Defensive Midfield,Cote d'Ivoire,Cote d'Ivoire,2,26,0,0,150,Real Betis Balompié,334,3500000.0,1500000.0,0.997,1.0,0.99,same_club
7359,Eduardo Camavinga,ESP,2023-24,Real Madrid,D M S,31,1847,0,0,2,17,20,0.876,0.876,1.748,14.269,12.718,9,0,640428,Eduardo Camavinga,2002-11-10,20.81,182.0,left,Midfield,Central Midfield,France,Angola,31,1823,0,2,418,Real Madrid,2824,85000000.0,100000000.0,0.996,1.0,0.987,same_club
7385,Javi Galán,ESP,2023-24,"Atletico Madrid,Real Sociedad",D M S,19,1162,0,0,1,3,11,0.107,0.107,1.208,4.258,3.985,4,0,448628,Javi Galán,1994-11-19,28.78,172.0,left,Defender,Left-Back,Spain,Spain,19,1159,0,1,"13,681","Atlético de Madrid,Real Sociedad",1696,12000000.0,7000000.0,0.999,1.0,0.997,same_club
7424,Alex Sola,ESP,2023-24,"Alaves,Real Sociedad",D F M S,31,1265,0,0,3,28,27,2.303,2.303,2.648,5.904,1.967,2,0,434990,Álex Sola,1999-06-09,24.23,178.0,right,Attack,Right Winger,Spain,Spain,31,1286,0,3,"681,1108","Real Sociedad,Deportivo Alavés",1606,3000000.0,4000000.0,0.995,1.0,0.984,same_club
7510,Cristian Rivero,ESP,2023-24,Valencia,S,1,57,0,0,0,0,0,0.0,0.0,0.0,0.079,0.079,0,0,398131,Cristian Rivero,1998-03-21,25.45,188.0,right,Goalkeeper,Goalkeeper,Spain,Spain,1,56,0,0,1049,Valencia CF,56,200000.0,200000.0,0.997,1.0,0.989,same_club
7515,Andrei Ratiu,ESP,2023-24,Rayo Vallecano,D S,12,629,0,0,0,6,6,0.306,0.306,0.768,2.333,1.378,1,0,527966,Andrei Rațiu,1998-06-20,25.2,183.0,right,Defender,Right-Back,Romania,Romania,12,628,0,0,367,Rayo Vallecano,1018,1500000.0,1400000.0,1.0,1.0,0.998,same_club
7605,Manuel Sánchez,ESP,2023-24,Celta Vigo,D S,26,1784,0,0,5,9,20,0.543,0.543,3.505,7.517,5.352,3,0,618809,Manu Sánchez,2000-08-24,23.02,171.0,left,Defender,Left-Back,Spain,Spain,26,1776,0,5,940,Celta de Vigo,1892,10000000.0,8000000.0,0.969,0.95,0.996,same_club
7718,Predrag Rajkovic,ESP,2023-24,Mallorca,GK,36,3240,0,0,0,0,4,0.0,0.0,0.16,2.208,2.048,2,0,190263,Predrag Rajković,1995-10-31,27.84,191.0,right,Goalkeeper,Goalkeeper,Serbia,Yugoslavia (Republic),36,3240,0,0,237,RCD Mallorca,3240,10000000.0,10000000.0,1.0,1.0,1.0,same_club
7826,Joseph Aidoo,ESP,2023-24,Celta Vigo,D S,6,400,0,0,0,3,1,0.129,0.129,0.044,0.747,0.701,0,0,358250,Joseph Aidoo,1995-09-29,27.92,181.0,right,Defender,Centre-Back,Ghana,Ghana,6,406,0,1,940,Celta de Vigo,406,8000000.0,4000000.0,0.996,1.0,0.985,same_club
7829,Eder Militão,ESP,2023-24,Real Madrid,D S,10,498,0,0,0,2,0,0.08,0.08,0.0,3.25,3.235,0,0,401530,Éder Militão,1998-01-18,25.62,186.0,right,Defender,Centre-Back,Brazil,Brazil,10,497,0,0,418,Real Madrid,509,70000000.0,60000000.0,0.999,1.0,0.998,same_club
7838,Martin Valjent,ESP,2023-24,Mallorca,D,28,2376,0,0,1,9,7,0.28,0.28,0.764,3.387,2.824,5,0,277384,Martin Valjent,1995-12-11,27.72,187.0,right,Defender,Centre-Back,Slovakia,Slovakia,28,2354,0,1,237,RCD Mallorca,2744,4500000.0,6000000.0,0.997,1.0,0.991,same_club
7840,Iddrisu Baba,ESP,2023-24,Almeria,M S,25,1416,0,0,0,8,6,0.366,0.366,0.454,1.829,1.307,5,0,442805,Iddrisu Baba,1996-01-22,27.61,182.0,right,Midfield,Central Midfield,Ghana,Ghana,25,1424,0,0,3302,UD Almería,1514,3000000.0,2200000.0,0.998,1.0,0.994,same_club
7856,Aridane Hernández,ESP,2023-24,Rayo Vallecano,D,19,1697,0,0,0,5,3,0.542,0.542,0.085,3.713,3.691,3,0,82503,Aridane Hernández,1989-03-23,34.44,188.0,right,Defender,Centre-Back,Spain,Spain,19,1691,0,0,367,Rayo Vallecano,1871,1000000.0,800000.0,0.999,1.0,0.996,same_club
7859,Sergio Herrera,ESP,2023-24,Osasuna,GK,32,2875,0,0,0,0,1,0.0,0.0,0.007,1.963,1.956,2,0,248738,Sergio Herrera,1993-06-05,30.24,192.0,right,Goalkeeper,Goalkeeper,Spain,Spain,32,2870,0,0,331,CA Osasuna,3050,8000000.0,6000000.0,0.999,1.0,0.998,same_club
7860,Domingos Duarte,ESP,2023-24,Getafe,D S,15,898,0,0,0,1,2,0.1,0.1,0.082,1.595,1.513,3,2,257376,Domingos Duarte,1995-03-10,28.48,192.0,right,Defender,Centre-Back,Portugal,Portugal,15,908,0,0,3709,Getafe CF,1088,5000000.0,2000000.0,0.997,1.0,0.989,same_club
7863,Antonio Puertas,ESP,2023-24,Granada,F M S,27,693,0,0,2,19,10,3.954,2.468,0.693,4.048,1.522,2,1,262365,Antonio Puertas,1992-02-21,31.53,183.0,right,Attack,Right Winger,Spain,Spain,27,719,0,2,16795,Granada CF,719,4000000.0,2000000.0,0.989,1.0,0.964,same_club
7864,Carlos Neva,ESP,2023-24,Granada,D,36,3180,0,0,2,4,21,0.129,0.129,3.277,7.631,5.564,4,0,448844,Carlos Neva,1996-06-12,27.22,174.0,left,Defender,Left-Back,Spain,Spain,36,3156,0,2,16795,Granada CF,3156,2000000.0,2500000.0,0.998,1.0,0.992,same_club
7868,Diadie Samassékou,ESP,2023-24,Cadiz,S,4,83,0,0,0,1,1,0.023,0.023,0.012,0.057,0.034,0,0,315604,Diadié Samassékou,1996-01-11,27.64,177.0,right,Midfield,Defensive Midfield,Mali,Mali,4,88,0,0,2687,Cádiz CF,89,7000000.0,2000000.0,0.983,1.0,0.944,same_club
7868,Diadie Samassékou,ESP,2023-24,Cadiz,S,4,83,0,0,0,1,1,0.023,0.023,0.012,0.057,0.034,0,0,315604,Diadié Samassékou,1996-01-11,27.64,177.0,right,Midfield,Defensive Midfield,Mali,Mali,4,88,0,0,2687,Cádiz CF,89,7000000.0,2000000.0,1.0,1.0,1.0,same_club
7899,Daley Sinkgraven,ESP,2023-24,Las Palmas,D S,10,382,0,0,0,0,0,0.0,0.0,0.0,0.239,0.239,0,1,215099,Daley Sinkgraven,1995-07-04,28.16,179.0,left,Defender,Left-Back,Netherlands,Netherlands,10,376,0,0,472,UD Las Palmas,524,2500000.0,1000000.0,0.995,1.0,0.984,same_club
7967,Anssumane Fati,ESP,2023-24,Barcelona,S,3,26,0,0,0,7,0,0.852,0.852,0.0,1.326,0.475,0,0,466810,Ansu Fati,2002-10-31,20.84,178.0,right,Attack,Left Winger,Spain,Guinea-Bissau,3,47,0,0,131,FC Barcelona,996,35000000.0,25000000.0,0.938,0.95,0.892,same_club
7967,Anssumane Fati,ESP,2023-24,Barcelona,S,3,26,0,0,0,7,0,0.852,0.852,0.0,1.326,0.475,0,0,466810,Ansu Fati,2002-10-31,20.84,178.0,right,Attack,Left Winger,Spain,Guinea-Bissau,3,47,0,0,131,FC Barcelona,996,35000000.0,25000000.0,0.9,0.95,0.767,same_club
7981,Nianzou Kouassi,ESP,2023-24,Sevilla,D S,8,309,0,0,0,1,0,0.026,0.026,0.0,1.349,1.349,3,0,538996,Tanguy Nianzou,2002-06-07,21.23,191.0,right,Defender,Centre-Back,France,France,8,315,0,0,368,Sevilla FC,610,7500000.0,3000000.0,0.964,0.95,0.981,same_club
8058,Thierry Correia,ESP,2023-24,Valencia,D M S,31,2180,0,0,2,5,18,0.826,0.826,2.285,8.928,7.468,4,1,367466,Thierry Correia,1999-03-09,24.48,176.0,right,Defender,Right-Back,Portugal,Portugal,31,2160,0,2,1049,Valencia CF,2382,8000000.0,6000000.0,0.997,1.0,0.991,same_club
8089,Kieran Tierney,ESP,2023-24,Real Sociedad,D S,20,1255,0,0,2,2,8,0.139,0.139,0.799,2.85,2.693,1,0,300716,Kieran Tierney,1997-06-05,26.24,180.0,left,Defender,Left-Back,Scotland,Isle of Man,20,1246,0,2,681,Real Sociedad,1496,25000000.0,12000000.0,0.998,1.0,0.993,same_club
8108,Daniel Cárdenas,ESP,2023-24,Rayo Vallecano,GK,1,90,0,0,0,0,0,0.0,0.0,0.0,0.0,0.0,0,0,397676,Dani Cárdenas,1997-03-28,26.43,186.0,right,Goalkeeper,Goalkeeper,Spain,Spain,1,90,0,0,367,Rayo Vallecano,480,2000000.0,1800000.0,0.97,0.95,1.0,same_club
8165,Lucien Agoume,ESP,2023-24,Sevilla,M S,12,774,0,0,0,6,9,1.159,1.159,0.765,4.68,4.037,3,0,569384,Lucien Agoumé,2002-02-09,21.56,185.0,right,Midfield,Defensive Midfield,France,Cameroon,12,777,0,0,368,Sevilla FC,791,7000000.0,6000000.0,0.999,1.0,0.996,same_club
8165,Lucien Agoume,ESP,2023-24,Sevilla,M S,12,774,0,0,0,6,9,1.159,1.159,0.765,4.68,4.037,3,0,569384,Lucien Agoumé,2002-02-09,21.56,185.0,right,Midfield,Defensive Midfield,France,Cameroon,12,777,0,0,368,Sevilla FC,791,7000000.0,6000000.0,0.997,1.0,0.989,same_club
8409,Juanlu Sanchez,ESP,2023-24,Sevilla,D S,26,1155,0,0,2,11,17,0.832,0.832,0.762,3.89,2.833,2,0,676042,Juanlu Sánchez,2003-08-15,20.05,186.0,right,Defender,Right-Back,Spain,Spain,26,1173,0,2,368,Sevilla FC,1744,800000.0,15000000.0,0.995,1.0,0.985,same_club
8410,Rodrigo Sánchez,ESP,2023-24,Real Betis,M S,29,988,0,0,0,18,15,1.287,1.287,1.013,4.86,2.76,0,0,630995,Rodri Sánchez,2000-05-16,23.29,175.0,left,Attack,Right Winger,Spain,Spain,29,1038,0,0,150,Real Betis Balompié,1271,8000000.0,3000000.0,0.956,0.95,0.952,same_club
8473,Pablo Gozálbez,ESP,2023-24,Valencia,M S,5,89,0,0,0,1,0,0.012,0.012,0.0,0.481,0.468,0,0,622992,Pablo Gozálbez,2001-04-30,22.34,171.0,right,Midfield,Attacking Midfield,Spain,Spain,5,99,0,0,1049,Valencia CF,279,200000.0,800000.0,0.97,1.0,0.899,same_club
8571,Ricardo Visus,ESP,2023-24,Real Betis,D S,3,151,0,0,0,0,0,0.0,0.0,0.0,0.286,0.286,0,0,630989,Ricardo Visus,2001-04-24,22.35,192.0,right,Defender,Centre-Back,Spain,Spain,3,165,0,0,150,Real Betis Balompié,195,150000.0,150000.0,0.975,1.0,0.915,same_club
8649,Houboulang Mendes,ESP,2023-24,Almeria,D S,7,396,0,0,0,1,1,0.017,0.017,0.031,0.174,0.143,0,0,442552,Houboulang Mendes,1998-05-04,25.33,185.0,right,Defender,Right-Back,Guinea-Bissau,France,7,396,0,0,3302,UD Almería,531,2000000.0,700000.0,1.0,1.0,1.0,same_club
8665,Loic Bade,ESP,2023-24,Sevilla,D S,28,2308,0,0,1,14,9,0.597,0.597,0.441,5.535,5.375,5,1,730581,Loïc Badé,2000-04-11,23.39,191.0,right,Defender,Centre-Back,France,France,28,2283,0,1,368,Sevilla FC,2620,12000000.0,14000000.0,0.997,1.0,0.989,same_club
8685,Mohamed Ali-Cho,ESP,2023-24,Real Sociedad,F S,11,207,0,0,0,3,1,0.517,0.517,0.071,0.607,0.019,0,0,670847,Mohamed-Ali Cho,2004-01-19,19.62,182.0,left,Attack,Right Winger,France,France,11,239,0,0,681,Real Sociedad,1324,12000000.0,10000000.0,0.96,1.0,0.866,same_club
8685,Mohamed Ali-Cho,ESP,2023-24,Real Sociedad,F S,11,207,0,0,0,3,1,0.517,0.517,0.071,0.607,0.019,0,0,670847,Mohamed-Ali Cho,2004-01-19,19.62,182.0,left,Attack,Right Winger,France,France,11,239,0,0,681,Real Sociedad,1324,12000000.0,10000000.0,0.997,1.0,0.989,same_club
8710,Renato Tapia,ESP,2023-24,Celta Vigo,D M S,21,1337,0,0,0,19,6,1.114,1.114,0.588,5.395,4.477,3,1,277137,Renato Tapia,1995-07-28,28.1,185.0,right,Midfield,Defensive Midfield,Peru,Peru,21,1337,0,0,940,Celta de Vigo,1449,6000000.0,5000000.0,1.0,1.0,1.0,same_club
8712,Miguel Rodriguez,ESP,2023-24,Celta Vigo,D M S,15,259,0,0,0,6,2,0.141,0.141,0.135,0.453,0.177,2,0,634427,Miguel Rodríguez,2003-04-29,20.34,179.0,left,Attack,Right Winger,Spain,Spain,15,291,0,0,940,Celta de Vigo,647,1000000.0,800000.0,0.967,1.0,0.89,same_club
8713,Gabriel Veiga,ESP,2023-24,Celta Vigo,S,1,14,0,0,0,0,0,0.0,0.0,0.0,0.095,0.095,0,0,699704,Gabri Veiga,2002-05-27,21.26,185.0,right,Midfield,Attacking Midfield,Spain,Spain,1,17,0,0,940,Celta de Vigo,17,30000000.0,25000000.0,0.96,0.95,0.967,same_club
8725,Luis Milla,ESP,2023-24,Getafe,M S,28,2220,0,0,1,17,30,0.765,0.765,1.65,6.789,5.594,6,0,281989,Luis Milla,1994-10-07,28.9,175.0,right,Midfield,Central Midfield,Spain,Spain,27,2123,0,1,3709,Getafe CF,2393,4000000.0,3500000.0,0.987,1.0,0.956,same_club
8726,Alberto Soro,ESP,2023-24,Granada,S,1,2,0,0,0,0,1,0.0,0.0,0.094,0.094,0.0,0,0,487688,Alberto Soro,1999-03-09,24.48,173.0,left,Attack,Right Winger,Spain,Spain,1,7,0,0,16795,Granada CF,907,1500000.0,700000.0,0.983,1.0,0.944,same_club
8730,David Gil,ESP,2023-24,Cadiz,GK S,5,368,0,0,0,0,0,0.0,0.0,0.0,0.038,0.038,1,0,162027,David Gil,1994-01-11,29.64,186.0,right,Goalkeeper,Goalkeeper,Spain,Spain,5,371,0,0,2687,Cádiz CF,491,700000.0,700000.0,0.998,1.0,0.992,same_club
8731,Isaac Carcelén,ESP,2023-24,Cadiz,D M S,36,2639,0,0,0,10,16,0.418,0.418,0.785,3.809,3.013,2,0,254037,Iza Carcelén,1993-04-23,30.36,170.0,right,Defender,Right-Back,Spain,Spain,35,2610,0,0,2687,Cádiz CF,2610,1500000.0,1500000.0,0.967,0.95,0.989,same_club
8733,Alfonso Espino,ESP,2023-24,Rayo Vallecano,D S,31,2535,0,0,1,18,28,0.97,0.97,3.367,7.078,3.917,9,0,311044,Alfonso Espino,1992-01-05,31.66,172.0,left,Defender,Left-Back,Uruguay,Uruguay,31,2513,0,1,367,Rayo Vallecano,2648,3500000.0,2400000.0,0.997,1.0,0.991,same_club
8735,Salvi Sánchez,ESP,2023-24,Rayo Vallecano,S,1,21,0,0,0,0,0,0.0,0.0,0.0,0.0,0.0,0,0,246204,Salvi Sánchez,1991-03-30,32.42,170.0,right,Attack,Right Winger,Spain,Spain,1,27,0,0,367,Rayo Vallecano,225,1500000.0,1200000.0,0.98,1.0,0.933,same_club
8741,Fali,ESP,2023-24,Cadiz,D,31,2655,0,0,0,13,4,0.935,0.935,0.105,3.331,3.208,12,0,252667,Fali,1993-08-12,30.05,186.0,right,Defender,Centre-Back,Spain,Spain,30,2551,0,0,2687,Cádiz CF,2551,2500000.0,2000000.0,0.988,1.0,0.961,same_club
8744,Juan Cruz,ESP,2023-24,Osasuna,D S,26,1655,0,0,1,3,5,0.054,0.054,0.569,2.553,2.369,3,0,169497,Juan Cruz,1992-07-28,31.09,182.0,left,Defender,Left-Back,Spain,Spain,26,1663,0,1,331,CA Osasuna,2040,2500000.0,2200000.0,0.999,1.0,0.995,same_club
8761,Shon Weissman,ESP,2023-24,Granada,S,5,61,0,0,0,1,0,0.028,0.028,0.0,0.041,0.014,0,0,247652,Shon Weissman,1996-02-14,27.55,174.0,right,Attack,Centre-Forward,Israel,Israel,5,77,0,0,16795,Granada CF,660,4000000.0,1700000.0,0.947,1.0,0.822,same_club
8761,Shon Weissman,ESP,2023-24,Granada,S,5,61,0,0,0,1,0,0.028,0.028,0.0,0.041,0.014,0,0,247652,Shon Weissman,1996-02-14,27.55,174.0,right,Attack,Centre-Forward,Israel,Israel,5,77,0,0,16795,Granada CF,660,4000000.0,1700000.0,0.998,1.0,0.994,same_club
8773,Álex Centelles,ESP,2023-24,Almeria,D M S,14,974,0,0,1,2,11,0.057,0.057,1.292,1.705,1.308,2,0,423443,Álex Centelles,1999-08-30,24.01,185.0,left,Defender,Left-Back,Spain,Spain,14,979,0,1,3302,UD Almería,1069,1500000.0,1200000.0,0.998,1.0,0.995,same_club
8849,Alberto Perea,ESP,2023-24,Granada,S,2,2,0,0,0,0,1,0.0,0.0,0.065,0.065,0.065,0,0,99559,Alberto Perea,1990-12-19,32.7,180.0,right,Attack,Left Winger,Spain,Spain,2,2,0,0,16795,Granada CF,77,1000000.0,450000.0,1.0,1.0,1.0,same_club
8861,Urko Gonzalez,ESP,2023-24,Real Sociedad,M S,5,160,0,0,0,2,0,0.059,0.059,0.0,0.06,0.037,1,0,625651,Urko González de Zárate,2001-03-20,22.45,189.0,right,Midfield,Defensive Midfield,Spain,Spain,5,154,0,0,681,Real Sociedad,364,700000.0,1200000.0,0.959,0.95,0.962,same_club
8863,Marvin Park,ESP,2023-24,Las Palmas,D F M S,31,1826,0,0,2,14,13,1.239,1.239,2.645,6.172,2.953,5,0,603940,Marvin Park,2000-07-03,23.16,177.0,right,Defender,Right-Back,Spain,Spain,31,1854,0,2,472,UD Las Palmas,1909,600000.0,2000000.0,0.995,1.0,0.985,same_club
8949,Jeremías Ledesma,ESP,2023-24,Cadiz,GK,34,3052,0,0,0,0,1,0.0,0.0,0.054,2.63,2.576,0,0,284342,Conan Ledesma,1993-02-13,30.55,183.0,right,Goalkeeper,Goalkeeper,Argentina,Argentina,34,3049,0,0,2687,Cádiz CF,3049,8000000.0,5000000.0,0.97,0.95,0.999,same_club
8972,Victor Chust,ESP,2023-24,Cadiz,D,23,1969,0,0,1,5,6,0.342,0.342,0.356,4.529,4.084,4,2,495625,Víctor Chust,2000-03-05,23.49,184.0,both,Defender,Centre-Back,Spain,Spain,22,1869,0,1,2687,Cádiz CF,2050,2500000.0,2000000.0,0.985,1.0,0.949,same_club
8986,Omar Alderete,ESP,2023-24,Getafe,D M S,32,2228,0,0,1,23,12,2.029,2.029,1.054,3.485,3.262,7,1,353032,Omar Alderete,1996-12-26,26.68,190.0,left,Defender,Centre-Back,Paraguay,Paraguay,31,2193,0,1,3709,Getafe CF,2457,4000000.0,5000000.0,0.995,1.0,0.984,same_club
9015,Cenk Özkacar,ESP,2023-24,Valencia,D S,23,1582,0,0,0,5,1,0.249,0.249,0.033,3.786,3.712,2,0,615350,Cenk Özkacar,2000-10-06,22.9,190.0,left,Defender,Centre-Back,Türkiye,Türkiye,23,1595,0,0,1049,Valencia CF,1805,5000000.0,4000000.0,0.998,1.0,0.992,same_club
9024,Yeremi Pino,ESP,2023-24,Villarreal,F M,7,501,0,0,0,9,5,0.901,0.901,0.294,1.359,0.387,4,0,568157,Yéremy Pino,2002-10-20,20.87,174.0,right,Attack,Right Winger,Spain,Spain,7,480,0,0,1050,Villarreal CF,621,40000000.0,30000000.0,0.957,0.95,0.958,same_club
9038,Aleksandar Radovanovic,ESP,2023-24,Almeria,D S,9,575,0,0,0,1,1,0.051,0.051,0.016,0.635,0.635,2,0,339501,Aleksandar Radovanovic,1993-11-11,29.8,190.0,left,Defender,Centre-Back,Serbia,Yugoslavia (Republic),9,571,0,0,3302,UD Almería,1557,550000.0,900000.0,0.998,1.0,0.993,same_club
9198,Unai Marrero,ESP,2023-24,Real Sociedad,GK S,2,142,0,0,0,0,0,0.0,0.0,0.0,0.0,0.0,0,0,625657,Unai Marrero,2001-10-09,21.89,189.0,right,Goalkeeper,Goalkeeper,Spain,Spain,2,141,0,0,681,Real Sociedad,411,250000.0,300000.0,0.998,1.0,0.993,same_club
9218,Juan Iglesias,ESP,2023-24,Getafe,D M S,23,1402,0,0,2,15,12,0.455,0.455,0.95,2.237,1.035,3,0,390688,Juan Iglesias,1998-07-03,25.16,187.0,right,Defender,Right-Back,Spain,Spain,23,1416,0,2,3709,Getafe CF,1667,3500000.0,2500000.0,0.997,1.0,0.99,same_club
9243,Ilaix Moriba,ESP,2023-24,Getafe,M S,15,616,0,0,2,4,6,0.209,0.209,0.925,1.719,0.705,3,1,617074,Ilaix Moriba,2003-01-19,20.62,185.0,right,Midfield,Central Midfield,Guinea,Guinea,14,608,0,2,3709,Getafe CF,608,4000000.0,3000000.0,0.996,1.0,0.987,same_club
9267,Momo Mbaye,ESP,2023-24,Cadiz,D S,4,288,0,0,0,2,0,0.388,0.388,0.0,0.292,0.017,2,0,490421,Momo Mbaye,1998-06-28,25.18,192.0,left,Defender,Centre-Back,Senegal,Senegal,4,286,0,0,2687,Cádiz CF,309,700000.0,400000.0,0.998,1.0,0.993,same_club
9272,Filip Jorgensen,ESP,2023-24,Villarreal,GK,36,3240,0,0,0,0,0,0.0,0.0,0.0,7.288,7.288,4,0,585323,Filip Jørgensen,2002-04-16,21.38,192.0,right,Goalkeeper,Goalkeeper,Denmark,Sweden,36,3240,0,0,1050,Villarreal CF,3330,1500000.0,20000000.0,0.979,0.966,1.0,same_club
9280,Antonio Blanco,ESP,2023-24,Alaves,M S,33,2457,0,0,1,20,20,0.656,0.656,1.479,6.338,4.706,4,1,495621,Antonio Blanco,2000-07-23,23.11,176.0,right,Midfield,Defensive Midfield,Spain,Spain,33,2436,0,1,1108,Deportivo Alavés,2548,5000000.0,7500000.0,0.997,1.0,0.991,same_club
9297,Abdelkabir Abqar,ESP,2023-24,Alaves,D,27,2318,0,0,0,10,3,0.507,0.507,0.17,2.451,2.36,9,0,559979,Abdel Abqar,1999-03-10,24.48,188.0,right,Defender,Centre-Back,Morocco,Morocco,27,2315,0,0,1108,Deportivo Alavés,2315,1400000.0,7500000.0,0.97,0.95,0.999,same_club
9403,Raúl Torrente,ESP,2023-24,Granada,D S,17,1258,0,0,0,3,2,0.135,0.135,0.254,2.115,1.933,4,0,631222,Raúl Torrente,2001-09-11,21.97,193.0,left,Defender,Centre-Back,Spain,Spain,17,1251,0,0,16795,Granada CF,1251,1000000.0,3000000.0,0.998,1.0,0.994,same_club
9450,Dion Lopy,ESP,2023-24,Almeria,M S,30,1922,0,0,0,23,13,0.793,0.793,1.03,6.642,5.285,4,0,649033,Dion Lopy,2002-02-02,21.58,184.0,right,Midfield,Defensive Midfield,Senegal,Senegal,30,1918,0,0,3302,UD Almería,2098,4000000.0,10000000.0,0.999,1.0,0.998,same_club
9465,Beñat Turrientes,ESP,2023-24,Real Sociedad,M S,29,1715,0,0,1,23,9,0.785,0.785,0.415,3.72,2.729,4,0,634431,Beñat Turrientes,2002-01-31,21.58,181.0,right,Midfield,Central Midfield,Spain,Spain,29,1690,0,1,681,Real Sociedad,2174,2000000.0,20000000.0,0.996,1.0,0.985,same_club
9466,Jon Ander Olasagasti,ESP,2023-24,Real Sociedad,M S,14,335,0,0,0,9,6,1.179,1.179,0.188,1.611,0.449,3,0,625660,Jon Ander Olasagasti,2000-08-16,23.04,176.0,left,Midfield,Central Midfield,Spain,Spain,14,351,0,1,681,Real Sociedad,540,1000000.0,1200000.0,0.986,1.0,0.954,same_club
9505,Beñat Prados,ESP,2023-24,Athletic Club,D M S,26,1457,0,0,0,7,10,0.318,0.318,0.513,4.94,4.346,1,0,625047,Beñat Prados,2001-02-08,22.56,180.0,right,Midfield,Central Midfield,Spain,Spain,26,1450,0,0,621,Athletic Bilbao,2004,600000.0,15000000.0,0.999,1.0,0.995,same_club
9506,Eneko Ortiz,ESP,2023-24,Alaves,S,1,12,0,0,0,0,0,0.0,0.0,0.0,0.0,0.0,0,0,892217,Eneko Ortiz,2003-05-26,20.27,,,Defender,Left-Back,Spain,Spain,1,13,0,0,1108,Deportivo Alavés,13,100000.0,150000.0,0.997,1.0,0.989,same_club
9519,Carlos Domínguez,ESP,2023-24,Celta Vigo,D S,22,1589,0,0,0,5,3,0.269,0.269,0.112,3.732,3.601,2,0,636093,Carlos Domínguez,2001-02-11,22.55,187.0,left,Defender,Centre-Back,Spain,Spain,22,1586,0,0,940,Celta de Vigo,1846,800000.0,3000000.0,0.999,1.0,0.998,same_club
9520,Hugo Sotelo,ESP,2023-24,Celta Vigo,M S,17,706,0,0,1,8,15,0.356,0.356,1.734,5.741,5.177,1,0,892221,Hugo Sotelo,2003-12-19,19.7,180.0,right,Midfield,Central Midfield,Spain,Spain,17,718,0,1,940,Celta de Vigo,988,150000.0,2500000.0,0.995,1.0,0.983,same_club
9558,Hannibal Mejbri,ESP,2023-24,Sevilla,M S,6,91,0,0,0,1,4,0.021,0.021,0.979,0.528,0.0,2,0,607224,Hannibal,2003-01-21,20.61,177.0,right,Midfield,Attacking Midfield,Tunisia,France,6,101,0,0,368,Sevilla FC,294,8000000.0,9000000.0,0.954,0.95,0.947,same_club
9558,Hannibal Mejbri,ESP,2023-24,Sevilla,M S,6,91,0,0,0,1,4,0.021,0.021,0.979,0.528,0.0,2,0,607224,Hannibal,2003-01-21,20.61,177.0,right,Midfield,Attacking Midfield,Tunisia,France,6,101,0,0,368,Sevilla FC,294,8000000.0,9000000.0,0.94,0.95,0.901,same_club
9693,Giorgi Mamardashvili,ESP,2023-24,Valencia,GK,37,3288,0,0,0,0,2,0.0,0.0,0.27,2.166,1.896,3,1,502676,Giorgi Mamardashvili,2000-09-29,22.92,197.0,left,Goalkeeper,Goalkeeper,Georgia,Georgia,37,3285,0,0,1049,Valencia CF,3285,25000000.0,35000000.0,1.0,1.0,0.999,same_club
9756,Dominik Greif,ESP,2023-24,Mallorca,GK,1,90,0,0,0,0,0,0.0,0.0,0.0,0.073,0.073,0,0,316884,Dominik Greif,1997-04-06,26.4,197.0,right,Goalkeeper,Goalkeeper,Slovakia,Slovakia,1,90,0,0,237,RCD Mallorca,810,1500000.0,2500000.0,1.0,1.0,1.0,same_club
9762,Milutin Osmajic,ESP,2023-24,Cadiz,S,1,1,0,0,0,2,1,0.097,0.097,0.056,0.154,0.0,0,0,542819,Milutin Osmajic,1999-07-25,24.1,186.0,right,Attack,Centre-Forward,Montenegro,Yugoslavia (Republic),1,4,0,0,2687,Cádiz CF,68,2000000.0,2000000.0,0.99,1.0,0.967,same_club
9794,Franco Cervi,ESP,2023-24,Celta Vigo,D M S,17,514,0,0,1,9,10,0.399,0.399,1.785,3.603,1.607,2,0,341110,Franco Cervi,1994-05-26,29.27,166.0,left,Attack,Left Winger,Argentina,Argentina,17,538,0,1,940,Celta de Vigo,716,3000000.0,1500000.0,0.987,1.0,0.955,same_club
9805,Álex Balde,ESP,2023-24,Barcelona,D M S,18,1379,0,0,1,5,12,0.151,0.151,1.092,9.59,8.505,1,0,636688,Alejandro Balde,2003-10-18,19.87,177.0,left,Defender,Left-Back,Spain,Spain,18,1378,0,1,131,FC Barcelona,2000,50000000.0,40000000.0,0.97,0.95,0.999,same_club
9819,Jorge Moreno,ESP,2023-24,Osasuna,S,1,11,0,0,0,0,0,0.0,0.0,0.0,0.0,0.0,0,0,717957,Jorge Moreno,2001-07-25,22.1,184.0,right,Defender,Centre-Back,Spain,Spain,1,13,0,0,331,CA Osasuna,13,500000.0,500000.0,0.993,1.0,0.978,same_club
9824,Julen Agirrezabala,ESP,2023-24,Athletic Club,GK S,4,234,0,0,0,0,0,0.0,0.0,0.0,0.13,0.13,0,0,625014,Julen Agirrezabala,2000-12-26,22.68,187.0,left,Goalkeeper,Goalkeeper,Spain,Spain,4,236,0,0,621,Athletic Bilbao,1016,5000000.0,5000000.0,0.997,1.0,0.992,same_club
9847,Luís Maximiano,ESP,2023-24,Almeria,GK,33,2970,0,0,0,0,0,0.0,0.0,0.0,3.255,3.255,1,0,367464,Luís Maximiano,1999-01-05,24.65,190.0,both,Goalkeeper,Goalkeeper,Portugal,Portugal,33,2970,0,0,3302,UD Almería,3060,6000000.0,5000000.0,1.0,1.0,1.0,same_club
9922,Jon Karrikaburu,ESP,2023-24,Alaves,S,2,5,0,0,0,0,0,0.0,0.0,0.0,0.0,0.0,0,0,711382,Jon Karrikaburu,2002-09-19,20.95,183.0,right,Attack,Centre-Forward,Spain,Spain,2,14,0,0,1108,Deportivo Alavés,177,5000000.0,2500000.0,0.97,1.0,0.9,same_club
10010,Jesús Owono,ESP,2023-24,Alaves,GK,4,360,0,0,0,0,0,0.0,0.0,0.0,1.329,1.329,1,0,631693,Jesús Owono,2001-03-01,22.5,186.0,both,Goalkeeper,Goalkeeper,Equatorial Guinea,Equatorial Guinea,4,360,0,0,1108,Deportivo Alavés,630,200000.0,1000000.0,1.0,1.0,1.0,same_club
10024,Cristhian Mosquera,ESP,2023-24,Valencia,D S,36,3060,0,0,0,9,1,0.996,0.996,0.072,7.333,7.305,2,0,646750,Cristhian Mosquera,2004-06-27,19.18,191.0,right,Defender,Centre-Back,Spain,Spain,36,3075,0,0,1049,Valencia CF,3252,1000000.0,30000000.0,0.999,1.0,0.995,same_club
10082,Hugo Gonzalez,ESP,2023-24,Valencia,S,9,59,0,0,1,1,4,0.019,0.019,0.493,0.326,0.0,0,0,707279,Hugo González,2003-02-07,20.56,177.0,right,Attack,Right Winger,Spain,Spain,9,79,0,1,1049,Valencia CF,156,200000.0,300000.0,0.933,1.0,0.778,same_club
10107,César Tárrega,ESP,2023-24,Valencia,S,1,3,0,0,0,0,0,0.0,0.0,0.0,0.0,0.0,0,0,707274,César Tárrega,2002-02-26,21.51,194.0,right,Defender,Centre-Back,Spain,Spain,1,7,0,0,1049,Valencia CF,97,150000.0,1500000.0,0.987,1.0,0.956,same_club
10155,Rubén Iranzo,ESP,2023-24,Valencia,S,1,7,0,0,0,0,0,0.0,0.0,0.0,0.0,0.0,0,0,668212,Rubén Iranzo,2003-03-14,20.47,182.0,right,Defender,Right-Back,Spain,Spain,1,10,0,0,1049,Valencia CF,91,200000.0,300000.0,0.99,1.0,0.967,same_club
10188,Peter,ESP,2023-24,Valencia,M S,15,642,0,0,0,17,7,1.686,1.686,0.885,4.073,2.323,1,0,710004,Peter Federico,2002-07-25,21.1,180.0,left,Attack,Right Winger,Dominican Republic,Spain,15,646,0,1,1049,Valencia CF,646,1000000.0,3000000.0,0.968,0.95,0.994,same_club
10200,Rafa Marín,ESP,2023-24,Alaves,D S,33,2434,0,0,0,13,5,1.094,1.094,0.231,6.729,6.57,6,0,662261,Rafa Marín,2002-05-19,21.29,191.0,right,Defender,Centre-Back,Spain,Spain,33,2442,0,0,1108,Deportivo Alavés,2546,500000.0,7500000.0,0.999,1.0,0.997,same_club
10221,Tomás Mendes,ESP,2023-24,Alaves,S,1,4,0,0,0,0,0,0.0,0.0,0.0,0.033,0.033,0,0,646734,Tomás Mendes,2004-11-21,18.78,189.0,right,Midfield,Defensive Midfield,Guinea-Bissau,Spain,1,5,0,0,1108,Deportivo Alavés,50,100000.0,200000.0,0.997,1.0,0.989,same_club
10224,Mika Mármol,ESP,2023-24,Las Palmas,D,36,3193,0,0,1,3,5,0.146,0.146,0.825,6.355,6.325,4,1,617060,Mika Mármol,2001-07-02,22.17,183.0,left,Defender,Centre-Back,Spain,Spain,36,3181,0,1,472,UD Las Palmas,3181,1200000.0,15000000.0,0.999,1.0,0.996,same_club
10323,Jesús Corona,ESP,2023-24,Sevilla,S,2,9,0,0,0,0,0,0.0,0.0,0.0,0.0,0.0,0,0,125165,Jesús Corona,1993-01-06,30.65,174.0,right,Attack,Right Winger,Mexico,Mexico,2,16,0,0,368,Sevilla FC,16,8000000.0,3500000.0,0.977,1.0,0.922,same_club
10381,Ibrahima Koné,ESP,2023-24,Almeria,F S,9,254,0,0,0,4,2,0.648,0.648,0.116,0.803,0.089,0,0,490223,Ibrahima Koné,1999-06-16,24.21,190.0,left,Attack,Centre-Forward,Mali,Mali,9,273,0,0,3302,UD Almería,304,4000000.0,2500000.0,0.979,1.0,0.93,same_club
10381,Ibrahima Koné,ESP,2023-24,Almeria,F S,9,254,0,0,0,4,2,0.648,0.648,0.116,0.803,0.089,0,0,490223,Ibrahima Koné,1999-06-16,24.21,190.0,left,Attack,Centre-Forward,Mali,Mali,9,273,0,0,3302,UD Almería,304,4000000.0,2500000.0,0.997,1.0,0.989,same_club
10401,Njegos Petrovic,ESP,2023-24,Granada,S,10,112,0,0,0,3,2,0.082,0.082,0.088,0.673,0.553,0,0,376588,Njegos Petrovic,1999-07-18,24.12,185.0,right,Midfield,Defensive Midfield,Serbia,Yugoslavia (Republic),10,148,0,0,16795,Granada CF,238,2200000.0,2500000.0,0.927,1.0,0.757,same_club
10402,Matías Arezo,ESP,2023-24,Granada,F S,14,331,0,0,0,12,2,0.925,0.925,0.096,1.666,0.678,1,0,611426,Matías Arezo,2002-11-21,20.78,177.0,right,Attack,Centre-Forward,Uruguay,Uruguay,14,359,0,0,16795,Granada CF,359,7000000.0,7000000.0,0.977,1.0,0.922,same_club
10494,Pablo Barrios Rivas,ESP,2023-24,Atletico Madrid,M S,24,1571,0,0,1,16,16,1.004,1.004,1.717,8.838,6.902,4,0,775605,Pablo Barrios,2003-06-15,20.21,181.0,right,Midfield,Central Midfield,Spain,Spain,24,1555,0,1,13,Atlético de Madrid,1978,5000000.0,25000000.0,0.967,0.95,0.99,same_club
10562,Mario Dominguez,ESP,2023-24,Valencia,S,3,15,0,0,0,3,0,0.14,0.14,0.0,0.126,0.0,0,0,941867,Mario Domínguez,2004-02-10,19.56,180.0,,Attack,Centre-Forward,Spain,Spain,3,23,0,0,1049,Valencia CF,23,50000.0,200000.0,0.973,1.0,0.911,same_club
10566,Miguel Ángel Brau,ESP,2023-24,Granada,S,1,25,0,0,0,0,0,0.0,0.0,0.0,0.099,0.099,0,0,713649,Miguel Ángel Brau,2001-12-27,21.68,183.0,left,Defender,Left-Back,Spain,Spain,1,30,0,0,16795,Granada CF,30,200000.0,150000.0,0.983,1.0,0.944,same_club
10576,Álvaro Fernández,ESP,2023-24,Granada,D F M S,13,452,0,0,0,7,7,0.489,0.489,0.776,2.26,1.465,1,0,811778,Álvaro Carreras,2003-03-23,20.44,186.0,left,Defender,Left-Back,Spain,Spain,13,473,0,0,16795,Granada CF,1243,7000000.0,7000000.0,0.774,0.645,0.956,same_club
10614,Damián Rodríguez,ESP,2023-24,Celta Vigo,M S,5,256,0,0,2,1,6,0.023,0.023,0.703,1.793,1.721,1,0,715628,Damián Rodríguez,2003-03-17,20.46,180.0,left,Midfield,Defensive Midfield,Spain,Spain,5,257,0,2,940,Celta de Vigo,257,150000.0,500000.0,0.999,1.0,0.996,same_club
10618,Unai Ropero,ESP,2023-24,Alaves,S,1,2,0,0,0,0,0,0.0,0.0,0.0,0.0,0.0,0,0,718029,Unai Ropero,2001-11-20,21.78,188.0,right,Attack,Right Winger,Spain,Spain,1,4,0,0,1108,Deportivo Alavés,77,100000.0,500000.0,0.993,1.0,0.978,same_club
10858,Jorge Herrando,ESP,2023-24,Osasuna,D S,19,1643,0,0,1,4,3,0.608,0.608,0.806,1.836,1.506,4,0,555500,Jorge Herrando,2001-02-28,22.51,192.0,left,Defender,Centre-Back,Spain,Spain,19,1644,0,1,331,CA Osasuna,1764,400000.0,6000000.0,1.0,1.0,0.999,same_club
10915,Diego Méndez,ESP,2023-24,Rayo Vallecano,S,1,1,0,0,0,0,0,0.0,0.0,0.0,0.0,0.0,0,0,932349,Diego Méndez,2003-08-29,20.01,182.0,right,Midfield,Central Midfield,Spain,Spain,1,4,0,0,367,Rayo Vallecano,156,,,0.99,1.0,0.967,same_club
10930,Etta Eyong,ESP,2023-24,Cadiz,S,1,19,0,0,0,0,0,0.0,0.0,0.0,0.0,0.0,0,0,1038950,Karl Etta Eyong,2003-10-14,19.88,181.0,right,Attack,Centre-Forward,Cameroon,Cameroon,1,20,0,0,2687,Cádiz CF,20,50000.0,300000.0,0.997,1.0,0.989,same_club
10947,Ramón Terrats,ESP,2023-24,Villarreal,M S,19,776,0,0,2,8,8,0.387,0.387,1.227,4.125,3.289,4,0,783396,Ramón Terrats,2000-10-18,22.87,181.0,left,Midfield,Central Midfield,Spain,Spain,19,781,0,2,1050,Villarreal CF,1035,4000000.0,4000000.0,0.998,1.0,0.994,same_club
10949,Arnau Martinez,ESP,2023-24,Girona,D S,21,1236,0,0,2,1,10,0.067,0.067,1.766,8.932,8.253,5,0,826224,Arnau Martínez,2003-04-25,20.35,182.0,right,Defender,Right-Back,Spain,Spain,21,1242,0,2,12321,Girona FC,1567,15000000.0,10000000.0,0.999,1.0,0.995,same_club
10969,Fernando Martínez,ESP,2023-24,Almeria,GK,4,360,0,0,0,0,0,0.0,0.0,0.0,0.171,0.171,0,0,81997,Fernando Martínez,1990-06-10,33.23,183.0,right,Goalkeeper,Goalkeeper,Spain,Spain,4,360,0,0,3302,UD Almería,360,2000000.0,700000.0,1.0,1.0,1.0,same_club
10971,Srdjan Babic,ESP,2023-24,Almeria,D,1,90,0,0,0,1,0,0.058,0.058,0.0,0.104,0.104,0,0,222805,Srdjan Babic,1996-04-22,27.36,194.0,left,Defender,Centre-Back,Serbia,Bosnia-Herzegovina,1,90,0,0,3302,UD Almería,1977,3500000.0,4000000.0,1.0,1.0,1.0,same_club
10972,Lucas Robertone,ESP,2023-24,Almeria,M S,33,2454,0,0,5,37,33,1.035,1.035,2.886,10.685,8.121,11,0,457221,Lucas Robertone,1997-03-18,26.46,169.0,right,Midfield,Central Midfield,Argentina,Argentina,33,2391,0,5,3302,UD Almería,2426,7000000.0,7000000.0,0.992,1.0,0.974,same_club
10977,Arnau Puigmal,ESP,2023-24,Almeria,D M S,11,232,0,0,0,0,3,0.0,0.0,0.223,0.278,0.152,3,0,536030,Arnau Puigmal,2001-01-10,22.64,173.0,right,Midfield,Central Midfield,Spain,Spain,11,249,0,0,3302,UD Almería,396,2000000.0,1800000.0,0.98,1.0,0.932,same_club
10981,Malcom Adu,ESP,2023-24,Athletic Club,M S,12,238,0,0,0,4,1,0.114,0.114,0.021,0.895,0.799,2,0,895480,Adu Ares,2001-10-12,21.89,183.0,right,Attack,Right Winger,Spain,Spain,12,257,0,0,621,Athletic Bilbao,482,500000.0,2000000.0,0.711,0.556,0.926,same_club
10987,Fabrizio Angileri,ESP,2023-24,Getafe,D S,12,215,0,0,0,0,4,0.0,0.0,1.304,1.189,0.668,2,0,268506,Fabrizio Angileri,1994-03-15,29.46,185.0,left,Defender,Left-Back,Argentina,Argentina,11,160,0,0,3709,Getafe CF,218,2000000.0,1000000.0,0.923,1.0,0.744,same_club
10991,Gorka Rivera,ESP,2023-24,Getafe,S,1,1,0,0,0,0,0,0.0,0.0,0.0,0.0,0.0,0,0,1000136,Gorka Rivera,2004-08-01,19.08,,left,Defender,Left-Back,Spain,Spain,1,2,0,0,3709,Getafe CF,2,,100000.0,0.997,1.0,0.989,same_club
10999,Marcão,ESP,2023-24,Sevilla,D S,7,341,0,0,0,0,1,0.0,0.0,0.3,1.186,1.186,2,0,439022,Marcão,1996-06-05,27.24,185.0,left,Defender,Centre-Back,Brazil,Brazil,7,354,0,0,368,Sevilla FC,540,7500000.0,4000000.0,0.989,1.0,0.963,same_club
11025,Pablo Torre,ESP,2023-24,Girona,M S,26,632,0,0,2,13,13,1.16,1.16,0.97,5.892,4.51,1,0,720038,Pablo Torre,2003-04-03,20.41,173.0,right,Midfield,Attacking Midfield,Spain,Spain,26,689,0,2,12321,Girona FC,802,3000000.0,3000000.0,0.975,1.0,0.917,same_club
11030,Luiz Henrique,ESP,2023-24,Real Betis,M S,14,604,0,0,3,18,11,1.616,1.616,2.723,4.46,1.529,1,0,800175,Luiz Henrique,2001-01-02,22.66,182.0,left,Attack,Right Winger,Brazil,Brazil,14,611,0,3,150,Real Betis Balompié,982,15000000.0,12000000.0,0.997,1.0,0.989,same_club
11099,Lázaro,ESP,2023-24,Almeria,M S,14,241,0,0,0,8,6,0.785,0.785,0.304,1.012,0.131,0,0,574772,Lázaro,2002-03-12,21.47,181.0,right,Attack,Centre-Forward,Brazil,Brazil,14,273,0,0,3302,UD Almería,375,6000000.0,3500000.0,0.965,1.0,0.883,same_club
11151,Marc Casadó,ESP,2023-24,Barcelona,S,2,11,0,0,0,0,0,0.0,0.0,0.0,0.0,0.0,0,0,636695,Marc Casadó,2003-09-14,19.96,172.0,right,Midfield,Defensive Midfield,Spain,Spain,2,13,0,0,131,FC Barcelona,35,300000.0,2500000.0,0.993,1.0,0.978,same_club
11167,Chadi Riad,ESP,2023-24,Real Betis,D S,26,2160,0,0,0,11,2,0.635,0.635,0.139,3.817,3.809,1,0,689637,Chadi Riad,2003-06-17,20.21,186.0,left,Defender,Centre-Back,Morocco,Spain,26,2164,0,0,150,Real Betis Balompié,2324,500000.0,15000000.0,0.999,1.0,0.998,same_club
11186,Alvaro Rodríguez,ESP,2023-24,Real Madrid,S,1,1,0,0,0,0,0,0.0,0.0,0.0,0.0,0.0,0,0,948275,Álvaro Rodríguez,2004-07-14,19.13,193.0,left,Attack,Centre-Forward,Uruguay,Spain,1,1,0,0,418,Real Madrid,3,6000000.0,3500000.0,1.0,1.0,1.0,same_club
11204,Jon Magunacelaya,ESP,2023-24,Real Sociedad,F S,5,112,0,0,0,4,1,0.237,0.237,0.477,1.006,0.452,0,0,625655,Jon Magunazelaia,2001-07-13,22.14,180.0,right,Midfield,Attacking Midfield,Spain,Spain,5,119,0,0,681,Real Sociedad,214,700000.0,1000000.0,0.91,0.88,0.941,same_club
11265,Diego Hormigo,ESP,2023-24,Sevilla,S,1,32,0,0,0,0,0,0.0,0.0,0.0,0.0,0.0,0,0,767229,Diego Hormigo,2003-04-16,20.38,182.0,left,Defender,Left-Back,Spain,Spain,1,36,0,0,368,Sevilla FC,36,100000.0,200000.0,0.987,1.0,0.956,same_club
11266,Manu Bueno,ESP,2023-24,Sevilla,M S,4,114,0,0,0,1,2,0.016,0.016,0.068,0.664,0.58,1,0,766723,Manu Bueno,2004-07-27,19.1,178.0,left,Midfield,Central Midfield,Spain,Spain,4,116,0,0,368,Sevilla FC,215,300000.0,300000.0,0.995,1.0,0.983,same_club
11288,César Montes,ESP,2023-24,Almeria,D,21,1800,0,0,0,13,5,0.561,0.561,0.185,2.718,2.591,5,0,387687,César Montes,1997-02-24,26.52,195.0,right,Defender,Centre-Back,Mexico,Mexico,21,1792,0,0,3302,UD Almería,1798,8000000.0,3000000.0,0.999,1.0,0.996,same_club
11318,Abner,ESP,2023-24,Real Betis,D S,23,1384,0,0,1,4,8,0.178,0.178,1.261,5.192,4.444,3,0,646402,Abner,2000-05-27,23.26,181.0,left,Defender,Left-Back,Brazil,Brazil,23,1397,0,1,150,Real Betis Balompié,1886,7000000.0,7000000.0,0.997,1.0,0.991,same_club
11349,Mario Martín,ESP,2023-24,Real Madrid,S,2,9,0,0,0,0,0,0.0,0.0,0.0,0.0,0.0,0,0,948273,Mario Martín,2004-03-05,19.49,177.0,right,Midfield,Defensive Midfield,Spain,Spain,2,16,0,0,418,Real Madrid,36,250000.0,300000.0,0.977,1.0,0.922,same_club
11378,Máximo Perrone,ESP,2023-24,Las Palmas,M S,29,1643,0,0,0,7,9,0.175,0.175,0.374,5.222,4.927,6,0,668547,Máximo Perrone,2003-01-07,20.65,177.0,left,Midfield,Defensive Midfield,Argentina,Argentina,29,1627,0,0,472,UD Las Palmas,1692,10000000.0,9000000.0,0.997,1.0,0.99,same_club
11379,Selim Amallah,ESP,2023-24,Valencia,F M S,20,566,0,0,1,11,4,0.626,0.626,0.453,1.592,0.593,3,1,377219,Selim Amallah,1996-11-15,26.79,185.0,right,Midfield,Attacking Midfield,Morocco,Belgium,20,598,0,1,1049,Valencia CF,742,3000000.0,1500000.0,0.984,1.0,0.946,same_club
11402,Carlos Romero,ESP,2023-24,Villarreal,D S,7,256,0,0,0,2,0,0.456,0.456,0.0,1.658,1.201,1,0,709372,Carlos Romero,2001-10-29,21.84,174.0,left,Defender,Left-Back,Spain,Spain,7,260,0,0,1050,Villarreal CF,305,100000.0,1500000.0,0.995,1.0,0.985,same_club
11419,Jorge Pascual,ESP,2023-24,Villarreal,S,1,10,0,0,0,0,0,0.0,0.0,0.0,0.0,0.0,0,0,669511,Jorge Pascual,2003-04-09,20.4,187.0,left,Attack,Centre-Forward,Spain,Spain,1,13,0,0,1050,Villarreal CF,139,100000.0,1000000.0,0.99,1.0,0.967,same_club
11503,Marciano Sanca,ESP,2023-24,Almeria,S,6,24,0,0,0,1,1,0.011,0.011,0.042,0.069,0.016,0,0,1013774,Marciano Sanca,2004-03-03,19.5,182.0,right,Attack,Centre-Forward,Guinea-Bissau,Guinea-Bissau,6,36,0,0,3302,UD Almería,93,,800000.0,0.96,1.0,0.867,same_club
11537,Santiago García,ESP,2023-24,Getafe,S,1,18,0,0,0,0,0,0.0,0.0,0.0,0.074,0.074,0,0,732096,Santi García,2001-08-29,22.01,188.0,right,Midfield,Attacking Midfield,Spain,Spain,1,24,0,0,3709,Getafe CF,24,50000.0,200000.0,0.95,0.95,0.933,same_club
11540,Carlos Dotor,ESP,2023-24,Celta Vigo,M S,17,690,0,0,0,4,1,0.189,0.189,0.11,0.98,0.77,2,0,623524,Carlos Dotor,2001-03-15,22.46,180.0,right,Midfield,Central Midfield,Spain,Spain,17,703,0,0,940,Celta de Vigo,883,700000.0,2000000.0,0.994,1.0,0.982,same_club
11541,Nico Paz,ESP,2023-24,Real Madrid,S,4,12,0,0,0,2,0,0.105,0.105,0.0,0.105,0.0,0,0,948294,Nico Paz,2004-09-08,18.98,185.0,left,Midfield,Attacking Midfield,Argentina,Spain,4,19,0,0,418,Real Madrid,128,2000000.0,10000000.0,0.977,1.0,0.922,same_club
11560,Marcos Peña,ESP,2023-24,Almeria,M S,7,436,0,0,0,4,1,0.386,0.386,0.046,1.395,1.332,3,0,1064121,Marcos Peña,2005-01-22,18.61,180.0,right,Midfield,Central Midfield,Spain,Spain,7,439,0,0,3302,UD Almería,439,,1000000.0,0.998,1.0,0.993,same_club
11629,Abdellah Raihani,ESP,2023-24,Atletico Madrid,S,1,5,0,0,0,0,0,0.0,0.0,0.0,0.0,0.0,0,0,860062,Abde Raihani,2004-02-03,19.58,187.0,right,Attack,Centre-Forward,Morocco,Spain,1,9,0,0,13,Atlético de Madrid,9,300000.0,300000.0,0.957,0.95,0.956,same_club
11630,Salim El Jebari,ESP,2023-24,Atletico Madrid,S,1,10,0,0,0,0,0,0.0,0.0,0.0,0.0,0.0,0,0,935457,Salim El Jebari,2004-02-05,19.57,178.0,right,Attack,Left Winger,Morocco,Spain,1,12,0,0,13,Atlético de Madrid,12,300000.0,1000000.0,0.993,1.0,0.978,same_club
11705,Federico Gattoni,ESP,2023-24,Sevilla,S,2,5,0,0,0,0,0,0.0,0.0,0.0,0.0,0.0,0,0,660735,Federico Gattoni,1999-02-16,24.54,183.0,right,Defender,Centre-Back,Argentina,Argentina,2,9,0,0,368,Sevilla FC,226,5500000.0,3500000.0,0.987,1.0,0.956,same_club
11737,Silvi Clua,ESP,2023-24,Girona,S,1,1,0,0,0,0,0,0.0,0.0,0.0,0.132,0.132,0,0,1061660,Selvi Clua,2005-01-29,18.59,189.0,left,Midfield,Defensive Midfield,Spain,Spain,1,1,0,0,12321,Girona FC,6,,,0.97,0.95,1.0,same_club
11740,Álvaro Vallés,ESP,2023-24,Las Palmas,GK,37,3263,0,0,0,0,0,0.0,0.0,0.0,3.436,3.436,2,1,417913,Álvaro Valles,1997-07-25,26.1,191.0,right,Goalkeeper,Goalkeeper,Spain,Spain,37,3264,0,0,472,UD Las Palmas,3264,1000000.0,12000000.0,1.0,1.0,1.0,same_club
11748,Iñaki González,ESP,2023-24,Las Palmas,S,1,3,0,0,0,0,0,0.0,0.0,0.0,0.124,0.124,0,0,1019408,Iñaki González,2004-07-27,19.1,183.0,right,Midfield,Central Midfield,Spain,Spain,1,4,0,0,472,UD Las Palmas,6,,,0.997,1.0,0.989,same_club
11749,Siebe Van der Heyden,ESP,2023-24,Mallorca,D S,6,291,0,0,0,2,0,0.104,0.104,0.0,0.072,0.072,1,0,400131,Siebe Van der Heyden,1998-05-30,25.26,185.0,left,Defender,Centre-Back,Belgium,Belgium,6,285,0,0,237,RCD Mallorca,617,4000000.0,2000000.0,0.994,1.0,0.979,same_club
11760,Imanol García de Albéniz,ESP,2023-24,Athletic Club,D S,9,529,0,0,0,1,2,0.015,0.015,0.141,2.202,2.126,2,0,626954,Imanol García de Albéniz,2000-06-08,23.23,177.0,left,Defender,Left-Back,Spain,Spain,9,523,0,0,621,Athletic Bilbao,613,1200000.0,1200000.0,0.997,1.0,0.989,same_club
11815,Ben Brereton Díaz,ESP,2023-24,Villarreal,F M S,14,231,0,0,0,5,2,0.249,0.249,0.134,0.61,0.282,2,0,426192,Ben Brereton Díaz,1999-04-18,24.37,185.0,right,Attack,Centre-Forward,Chile,England,14,260,0,0,1050,Villarreal CF,1760,16000000.0,8000000.0,0.994,1.0,0.979,same_club
11815,Ben Brereton Díaz,ESP,2023-24,Villarreal,F M S,14,231,0,0,0,5,2,0.249,0.249,0.134,0.61,0.282,2,0,426192,Ben Brereton Díaz,1999-04-18,24.37,185.0,right,Attack,Centre-Forward,Chile,England,14,260,0,0,1050,Villarreal CF,1760,16000000.0,8000000.0,0.967,1.0,0.888,same_club
11827,Xeber Alkain,ESP,2023-24,Alaves,F M S,10,296,0,0,0,5,6,0.509,0.509,0.606,1.177,0.245,1,0,572271,Xeber Alkain,1997-06-26,26.18,174.0,right,Attack,Right Winger,Spain,Spain,10,300,0,0,1108,Deportivo Alavés,554,1600000.0,1500000.0,0.996,1.0,0.987,same_club
11829,André Ferreira,ESP,2023-24,Granada,GK S,15,1340,0,0,0,0,0,0.0,0.0,0.0,2.29,2.29,1,0,290346,André Ferreira,1996-05-29,27.26,193.0,right,Goalkeeper,Goalkeeper,Portugal,Portugal,15,1339,0,0,16795,Granada CF,1339,800000.0,800000.0,1.0,1.0,0.999,same_club
11830,Sergio Ruiz,ESP,2023-24,Granada,M S,35,2536,0,0,4,13,12,0.914,0.914,1.795,8.087,6.461,8,0,394694,Sergio Ruiz,1994-12-16,28.71,176.0,right,Midfield,Central Midfield,Spain,Spain,35,2504,0,4,16795,Granada CF,2519,1000000.0,2000000.0,0.996,1.0,0.987,same_club
11832,Wilson Manafá,ESP,2023-24,Granada,D M S,4,241,0,0,0,1,1,0.011,0.011,0.092,0.913,0.913,1,0,257388,Wilson Manafá,1994-07-23,29.11,177.0,right,Defender,Right-Back,Portugal,Portugal,4,241,0,0,16795,Granada CF,331,2000000.0,1300000.0,1.0,1.0,1.0,same_club
11833,Miki Bosch,ESP,2023-24,Granada,S,1,21,0,0,0,0,0,0.0,0.0,0.0,0.07,0.07,0,0,707276,Miki Bosch,2001-06-09,22.23,190.0,right,Defender,Centre-Back,Spain,,1,25,0,0,16795,Granada CF,100,100000.0,100000.0,0.987,1.0,0.956,same_club
11834,Adrià Alti,ESP,2023-24,Villarreal,D M S,11,792,0,0,0,1,2,0.017,0.017,0.077,3.7,3.659,3,0,466807,Adrià Altimira,2001-03-28,22.43,170.0,right,Defender,Right-Back,Spain,Spain,11,778,0,0,1050,Villarreal CF,1345,1000000.0,2000000.0,0.895,0.833,0.982,same_club
11995,Ibrahima Kebe,ESP,2023-24,Girona,S,2,6,0,0,0,0,0,0.0,0.0,0.0,0.056,0.056,1,0,785967,Ibrahima Kébé,2000-08-02,23.08,186.0,right,Midfield,Defensive Midfield,Mali,Mali,2,7,0,0,12321,Girona FC,122,500000.0,500000.0,0.997,1.0,0.989,same_club
12005,Pau Cubarsí,ESP,2023-24,Barcelona,D S,19,1581,0,0,0,3,5,0.085,0.085,0.503,8.707,8.553,4,0,962110,Pau Cubarsí,2007-01-22,16.61,184.0,right,Defender,Centre-Back,Spain,Spain,19,1562,0,0,131,FC Barcelona,1927,,30000000.0,0.996,1.0,0.988,same_club
12035,Gonzalo García,ESP,2023-24,Real Madrid,S,2,10,0,0,0,1,0,0.054,0.054,0.0,0.054,0.0,0,0,935230,Gonzalo García,2004-03-24,19.44,182.0,both,Attack,Centre-Forward,Spain,Spain,2,17,0,0,418,Real Madrid,17,200000.0,1000000.0,0.977,1.0,0.922,same_club
12046,Jhon Solis,ESP,2023-24,Girona,M S,18,337,0,0,0,9,3,1.423,1.423,0.516,4.462,3.327,0,0,742521,Jhon Solís,2004-10-03,18.91,186.0,right,Midfield,Central Midfield,Colombia,Colombia,18,370,0,0,12321,Girona FC,690,700000.0,3000000.0,0.973,1.0,0.911,same_club
12082,Pablo Busto,ESP,2023-24,Real Betis,S,2,37,0,0,0,1,1,0.013,0.013,0.285,0.392,0.107,0,0,1054909,Pablo Busto,2005-09-25,17.93,180.0,right,Defender,Right-Back,Spain,Spain,2,42,0,0,150,Real Betis Balompié,42,150000.0,500000.0,0.983,1.0,0.944,same_club
12098,Jastin García,ESP,2023-24,Girona,S,3,24,0,0,0,0,0,0.0,0.0,0.0,0.0,0.0,0,0,1061665,Jastin Garcia,2004-01-15,19.63,180.0,right,Attack,Left Winger,Portugal,Spain,3,30,0,0,12321,Girona FC,30,,,0.98,1.0,0.933,same_club
12105,Alejo Véliz,ESP,2023-24,Sevilla,S,6,22,0,0,0,2,0,0.49,0.49,0.0,0.49,0.046,0,0,888493,Alejo Veliz,2003-09-19,19.95,186.0,right,Attack,Centre-Forward,Argentina,Argentina,6,31,0,0,368,Sevilla FC,76,7000000.0,9000000.0,0.94,1.0,0.8,same_club
12105,Alejo Véliz,ESP,2023-24,Sevilla,S,6,22,0,0,0,2,0,0.49,0.49,0.0,0.49,0.046,0,0,888493,Alejo Veliz,2003-09-19,19.95,186.0,right,Attack,Centre-Forward,Argentina,Argentina,6,31,0,0,368,Sevilla FC,76,7000000.0,9000000.0,0.97,1.0,0.9,same_club
12121,Paco Sanz,ESP,2023-24,Almeria,S,1,22,0,0,0,0,0,0.0,0.0,0.0,0.0,0.0,0,0,1064116,Paco Sanz,2004-11-15,18.79,188.0,right,Defender,Centre-Back,Spain,Spain,1,23,0,0,3302,UD Almería,23,,,0.997,1.0,0.989,same_club
12139,Yarek Gasiorowski,ESP,2023-24,Valencia,D S,14,714,0,0,0,1,0,0.037,0.037,0.0,0.848,0.848,1,0,895334,Yarek Gasiorowski,2005-01-12,18.63,191.0,left,Defender,Centre-Back,Spain,Spain,14,733,0,0,1049,Valencia CF,913,,15000000.0,0.992,1.0,0.974,same_club
12154,Nabil Aberdin,ESP,2023-24,Getafe,D,2,180,0,0,0,0,0,0.0,0.0,0.0,0.115,0.115,0,0,908621,Nabil Aberdin,2002-08-23,21.02,192.0,right,Defender,Centre-Back,Morocco,France,2,180,0,0,3709,Getafe CF,180,50000.0,100000.0,1.0,1.0,1.0,same_club
12171,Hector Fort,ESP,2023-24,Barcelona,D S,7,318,0,0,2,1,3,0.022,0.022,0.765,2.22,1.523,0,0,937955,Héctor Fort,2006-08-02,17.08,185.0,right,Defender,Right-Back,Spain,Spain,7,319,0,2,131,FC Barcelona,566,,10000000.0,0.999,1.0,0.997,same_club
12174,Jordi Martín,ESP,2023-24,Getafe,M S,13,563,0,0,0,7,7,1.692,1.692,0.533,3.972,1.768,1,0,537763,Jordi Martín,2001-01-05,22.65,176.0,left,Defender,Left-Back,Spain,Spain,13,574,0,0,3709,Getafe CF,761,100000.0,600000.0,0.994,1.0,0.981,same_club
12182,Jon Aramburu,ESP,2023-24,Real Sociedad,D S,11,535,0,0,0,4,0,0.125,0.125,0.0,1.578,1.467,3,0,661145,Jon Aramburu,2002-07-23,21.11,176.0,right,Defender,Right-Back,Venezuela,Venezuela,11,540,0,0,681,Real Sociedad,658,300000.0,2500000.0,0.997,1.0,0.991,same_club
12197,Rachad Dhimi,ESP,2023-24,Almeria,S,1,13,0,0,0,1,1,0.063,0.063,0.022,0.101,0.016,0,0,891310,Rachad Fettal,2005-01-16,18.62,184.0,left,Attack,Centre-Forward,Morocco,Spain,1,16,0,0,3302,UD Almería,61,,,0.726,0.56,0.967,same_club
12207,Victor Parada,ESP,2023-24,Alaves,S,2,2,0,0,0,0,0,0.0,0.0,0.0,0.0,0.0,0,0,591957,Victor Parada,2002-04-04,21.41,185.0,left,Defender,Left-Back,Spain,Spain,2,2,0,0,1108,Deportivo Alavés,179,150000.0,200000.0,1.0,1.0,1.0,same_club
12229,Moussa Diakité,ESP,2023-24,Cadiz,S,1,1,0,0,0,0,0,0.0,0.0,0.0,0.0,0.0,0,0,979235,Moussa Diakité,2003-11-04,19.82,189.0,,Midfield,Central Midfield,Mali,,1,1,0,0,2687,Cádiz CF,46,50000.0,150000.0,1.0,1.0,1.0,same_club
12262,Aingeru Olabarrieta,ESP,2023-24,Athletic Club,S,1,5,0,0,0,1,0,0.036,0.036,0.0,0.058,0.022,0,0,1056971,Aingeru Olabarrieta,2005-11-14,17.8,182.0,left,Attack,Right Winger,Spain,Spain,1,8,0,0,621,Athletic Bilbao,8,,500000.0,0.99,1.0,0.967,same_club
12263,Mikel Jauregizar,ESP,2023-24,Athletic Club,M S,7,137,0,0,0,2,2,0.049,0.049,0.12,0.588,0.527,0,0,938729,Mikel Jauregizar,2003-11-13,19.8,177.0,right,Midfield,Central Midfield,Spain,Spain,7,145,0,0,621,Athletic Bilbao,190,,800000.0,0.983,1.0,0.945,same_club
12298,Augusto Batalla,ESP,2023-24,Granada,GK,17,1530,0,0,0,1,1,0.027,0.027,0.047,2.248,2.201,3,0,275218,Augusto Batalla,1996-04-30,27.34,185.0,right,Goalkeeper,Goalkeeper,Argentina,Argentina,17,1530,0,0,16795,Granada CF,1530,3500000.0,5000000.0,1.0,1.0,1.0,same_club
12300,Jaílson,ESP,2023-24,Celta Vigo,D M S,14,885,0,0,1,5,2,0.198,0.198,0.753,4.851,3.997,1,0,366948,Jailson,1995-09-07,27.98,187.0,right,Midfield,Defensive Midfield,Brazil,Brazil,14,893,0,1,940,Celta de Vigo,1050,1500000.0,1500000.0,0.997,1.0,0.991,same_club
12301,Antal Yaakobishvili,ESP,2023-24,Girona,S,1,61,0,0,0,0,1,0.0,0.0,0.364,1.2,1.2,0,0,923915,Antal Yaakobishvili,2004-07-12,19.14,193.0,both,Defender,Centre-Back,Hungary,Hungary,1,60,0,0,12321,Girona FC,195,,,0.997,1.0,0.989,same_club
12310,Stefan Lekovic,ESP,2023-24,Villarreal,S,1,23,0,0,0,0,0,0.0,0.0,0.0,0.0,0.0,0,0,797572,Stefan Lekovic,2004-01-09,19.64,192.0,right,Defender,Centre-Back,Serbia,Serbia and Montenegro,1,28,0,0,1050,Villarreal CF,71,1000000.0,1800000.0,0.983,1.0,0.944,same_club
12321,Alberto Dadie,ESP,2023-24,Real Sociedad,S,1,23,0,0,0,0,0,0.0,0.0,0.0,0.077,0.077,0,0,711377,Alberto Dadie,2002-07-20,21.12,170.0,right,Attack,Right Winger,Spain,Spain,1,27,0,0,681,Real Sociedad,140,100000.0,250000.0,0.987,1.0,0.956,same_club
12325,Kamil Piatkowski,ESP,2023-24,Granada,D S,9,504,0,0,0,4,2,0.72,0.72,0.078,0.469,0.455,1,1,345449,Kamil Piątkowski,2000-06-21,23.2,191.0,right,Defender,Centre-Back,Poland,Poland,9,507,0,0,16795,Granada CF,688,5000000.0,2500000.0,0.998,1.0,0.994,same_club
12353,Jon Martín,ESP,2023-24,Real Sociedad,S,1,20,0,0,0,0,0,0.0,0.0,0.0,0.0,0.0,0,0,1018938,Jon Martín,2006-04-23,17.36,187.0,right,Defender,Centre-Back,Spain,Spain,1,23,0,0,681,Real Sociedad,23,,2000000.0,0.99,1.0,0.967,same_club
12363,Pablo Sáenz,ESP,2023-24,Granada,S,1,13,0,0,0,0,0,0.0,0.0,0.0,0.0,0.0,0,0,821820,Pablo Sáenz,2001-05-22,22.28,175.0,left,Attack,Centre-Forward,Spain,Spain,1,18,0,0,16795,Granada CF,18,50000.0,150000.0,0.983,1.0,0.944,same_club
12392,Arthur Vermeeren,ESP,2023-24,Atletico Madrid,M S,5,161,0,0,0,0,2,0.0,0.0,0.125,0.511,0.432,2,0,926694,Arthur Vermeeren,2005-02-07,18.56,180.0,right,Midfield,Defensive Midfield,Belgium,Belgium,5,160,0,0,13,Atlético de Madrid,2843,17000000.0,25000000.0,0.998,1.0,0.994,same_club
12394,Marc Martínez,ESP,2023-24,Granada,GK,3,270,0,0,0,0,0,0.0,0.0,0.0,0.038,0.038,0,0,129374,Marc Martínez,1990-04-04,33.41,186.0,right,Goalkeeper,Goalkeeper,Spain,Spain,3,270,0,0,16795,Granada CF,270,400000.0,300000.0,1.0,1.0,1.0,same_club
12398,Miguel Crespo,ESP,2023-24,Rayo Vallecano,M S,15,491,0,0,0,2,6,0.098,0.098,1.212,3.121,1.926,4,0,498529,Miguel Crespo,1996-09-11,26.97,186.0,right,Midfield,Central Midfield,Portugal,France,15,523,0,0,367,Rayo Vallecano,1234,8000000.0,4000000.0,0.982,1.0,0.939,same_club
12413,Joaquín Panichelli,ESP,2023-24,Alaves,F M S,8,212,0,0,0,9,2,0.418,0.418,0.089,0.654,0.147,0,0,1064871,Joaquín Panichelli,2002-10-07,20.9,190.0,right,Attack,Centre-Forward,Argentina,Argentina,8,222,0,0,1108,Deportivo Alavés,222,25000.0,300000.0,0.986,1.0,0.955,same_club
12417,Aiham Ousou,ESP,2023-24,Cadiz,D S,6,434,0,0,0,2,0,0.148,0.148,0.0,1.189,1.189,0,0,585068,Aiham Ousou,2000-01-09,23.64,186.0,right,Defender,Centre-Back,Syria,Sweden,6,429,0,0,2687,Cádiz CF,955,1500000.0,1800000.0,0.997,1.0,0.988,same_club
12442,Kamil Józwiak,ESP,2023-24,Granada,M S,11,585,0,0,1,4,5,0.152,0.152,1.202,1.742,0.4,2,0,289167,Kamil Jóźwiak,1998-04-22,25.36,176.0,right,Attack,Left Winger,Poland,Poland,11,573,0,1,16795,Granada CF,573,2500000.0,2000000.0,0.994,1.0,0.979,same_club
12472,Iñigo Arguibide,ESP,2023-24,Osasuna,S,1,14,0,0,0,0,0,0.0,0.0,0.0,0.0,0.0,0,0,1065442,Iñigo Arguibide,2005-04-19,18.37,178.0,right,Defender,Right-Back,Spain,Spain,1,16,0,0,331,CA Osasuna,16,,150000.0,0.993,1.0,0.978,same_club
12473,Max Svensson,ESP,2023-24,Osasuna,S,1,1,0,0,0,0,0,0.0,0.0,0.0,0.0,0.0,0,0,705808,Max Svensson,2001-11-08,21.81,182.0,right,Attack,Centre-Forward,Spain,Spain,1,2,0,0,331,CA Osasuna,2,400000.0,400000.0,0.997,1.0,0.989,same_club
12537,Asier Osambela,ESP,2023-24,Osasuna,S,1,5,0,0,0,0,0,0.0,0.0,0.0,0.0,0.0,0,0,1038512,Asier Osambela,2004-10-30,18.84,186.0,right,Midfield,Central Midfield,Spain,Spain,1,8,0,0,331,CA Osasuna,8,150000.0,500000.0,0.99,1.0,0.967,same_club
12566,Alberto Risco,ESP,2023-24,Getafe,M S,4,124,0,0,0,2,4,0.119,0.119,0.477,0.716,0.188,0,0,1255616,Alberto Risco,2005-08-30,18.0,,,Midfield,Attacking Midfield,Spain,Spain,4,135,0,0,3709,Getafe CF,135,,,0.976,1.0,0.919,same_club
12579,Yassin Tallal,ESP,2023-24,Getafe,S,1,1,0,0,0,0,0,0.0,0.0,0.0,0.0,0.0,0,0,1184137,Yassin Tallal,2005-03-03,18.5,173.0,right,Attack,Left Winger,Morocco,Spain,1,2,0,0,3709,Getafe CF,2,,50000.0,0.997,1.0,0.989,same_club
12604,Jeremy Jorge,ESP,2023-24,Getafe,S,1,1,0,0,0,0,0,0.0,0.0,0.0,0.0,0.0,0,0,1041934,Jeremy Jorge,2003-02-09,20.56,,,Attack,Left Winger,Spain,Spain,1,1,0,0,3709,Getafe CF,49,50000.0,200000.0,1.0,1.0,1.0,same_club
12608,Xabi Huarte,ESP,2023-24,Osasuna,S,1,1,0,0,0,0,0,0.0,0.0,0.0,0.0,0.0,0,0,634125,Xabi Huarte,2001-02-25,22.51,172.0,right,Midfield,Attacking Midfield,Spain,Spain,1,8,0,0,331,CA Osasuna,8,300000.0,200000.0,0.977,1.0,0.922,same_club
12624,Sergio Rodelas,ESP,2023-24,Granada,F M S,3,123,0,0,1,2,2,0.038,0.038,1.073,1.18,0.087,0,0,1064103,Sergio Rodelas,2004-12-01,18.75,168.0,left,Attack,Left Winger,Spain,Spain,3,122,0,1,16795,Granada CF,122,50000.0,200000.0,0.998,1.0,0.992,same_club
12641,Borja Vázquez,ESP,2023-24,Cadiz,S,1,2,0,0,0,0,1,0.0,0.0,0.054,0.054,0.0,0,0,1230202,Borja Vázquez,2005-01-18,18.62,,,Attack,Centre-Forward,Spain,Spain,1,3,0,0,2687,Cádiz CF,3,,50000.0,0.997,1.0,0.989,same_club
12642,Yoel Lago,ESP,2023-24,Celta Vigo,D,1,90,0,0,0,0,0,0.0,0.0,0.0,0.0,0.0,0,0,939374,Yoel Lago,2004-03-25,19.44,185.0,right,Defender,Centre-Back,Spain,Spain,1,90,0,0,940,Celta de Vigo,90,200000.0,200000.0,1.0,1.0,1.0,same_club
12643,Javier Rueda,ESP,2023-24,Celta Vigo,S,1,16,0,0,0,0,0,0.0,0.0,0.0,0.0,0.0,0,0,652331,Javi Rueda,2002-05-08,21.32,177.0,right,Defender,Right-Back,Spain,Spain,1,19,0,0,940,Celta de Vigo,19,200000.0,250000.0,0.96,0.95,0.967,same_club
647,Harry Kane,GER,2023-24,Bayern Munich,F,32,2854,36,31,8,146,31,33.116,29.327,6.784,38.14,8.295,2,0,132098,Harry Kane,1993-07-28,30.09,188.0,right,Attack,Centre-Forward,England,England,32,2843,36,8,27,Bayern Munich,3934,90000000.0,100000000.0,0.999,1.0,0.996,same_club
3738,Serhou Guirassy,GER,2023-24,VfB Stuttgart,F S,28,2228,28,24,3,91,53,23.512,20.481,7.669,32.289,7.665,0,0,270541,Serhou Guirassy,1996-03-12,27.47,187.0,right,Attack,Centre-Forward,Guinea,France,28,2214,28,2,79,VfB Stuttgart,2380,14000000.0,40000000.0,0.998,1.0,0.994,same_club
10832,Loïs Openda,GER,2023-24,RasenBallsport Leipzig,F S,34,2772,24,22,7,120,36,24.743,22.47,6.524,29.703,4.37,4,0,368887,Loïs Openda,2000-02-16,23.54,177.0,right,Attack,Centre-Forward,Belgium,Belgium,34,2716,24,7,23826,RB Leipzig,3449,35000000.0,60000000.0,0.994,1.0,0.98,same_club
10804,Deniz Undav,GER,2023-24,VfB Stuttgart,F M S,30,2135,18,18,10,107,39,17.093,16.336,7.172,26.27,6.986,5,0,339314,Deniz Undav,1996-07-19,27.12,179.0,both,Attack,Centre-Forward,Germany,Germany,30,2097,18,10,79,VfB Stuttgart,2339,10000000.0,25000000.0,0.995,1.0,0.982,same_club
8137,Maximilian Beier,GER,2023-24,Hoffenheim,F M S,33,2477,16,16,1,82,24,12.458,12.458,2.661,15.763,2.573,1,0,578392,Maximilian Beier,2002-10-17,20.87,185.0,right,Attack,Centre-Forward,Germany,Germany,33,2435,16,3,533,TSG 1899 Hoffenheim,2535,2000000.0,30000000.0,0.995,1.0,0.983,same_club
956,Andrej Kramaric,GER,2023-24,Hoffenheim,F M S,30,2231,15,10,6,69,77,12.077,8.288,9.024,18.804,8.48,4,0,46580,Andrej Kramaric,1991-06-19,32.2,177.0,right,Attack,Second Striker,Croatia,Jugoslawien (SFR),30,2207,15,6,533,TSG 1899 Hoffenheim,2297,8000000.0,5000000.0,0.997,1.0,0.989,same_club
6496,Ermedin Demirovic,GER,2023-24,Augsburg,F M,33,2911,15,12,9,83,33,14.406,11.375,4.684,17.194,4.088,7,0,335457,Ermedin Demirovic,1998-03-25,25.44,185.0,right,Attack,Centre-Forward,Bosnia-Herzegovina,Germany,33,2884,15,10,167,FC Augsburg,2945,12000000.0,28000000.0,0.997,1.0,0.991,same_club
11867,Victor Boniface,GER,2023-24,Bayer Leverkusen,F M S,23,1565,14,10,8,80,22,16.99,13.959,4.492,21.3,4.197,2,0,656681,Victor Boniface,2000-12-23,22.69,190.0,right,Attack,Centre-Forward,Nigeria,Nigeria,23,1555,14,9,15,Bayer 04 Leverkusen,2109,12000000.0,40000000.0,0.998,1.0,0.994,same_club
11974,Benjamin Sesko,GER,2023-24,RasenBallsport Leipzig,F S,31,1523,14,14,2,47,12,8.596,8.596,0.917,11.76,4.803,0,0,627442,Benjamin Sesko,2003-05-31,20.25,195.0,right,Attack,Centre-Forward,Slovenia,Slovenia,31,1528,14,2,23826,RB Leipzig,2057,24000000.0,50000000.0,0.999,1.0,0.997,same_club
9749,Donyell Malen,GER,2023-24,Borussia Dortmund,F M S,27,1797,13,13,1,72,22,9.38,9.38,3.628,15.994,6.438,5,0,326029,Donyell Malen,1999-01-19,24.62,178.0,right,Attack,Centre-Forward,Netherlands,Netherlands,27,1784,13,3,16,Borussia Dortmund,2378,28000000.0,40000000.0,0.998,1.0,0.993,same_club
4329,Marvin Ducksch,GER,2023-24,Werder Bremen,F M S,33,2734,12,7,9,80,58,12.537,7.99,8.121,17.139,7.285,8,0,125103,Marvin Ducksch,1994-03-07,29.49,188.0,right,Attack,Centre-Forward,Germany,Germany,33,2713,12,10,86,SV Werder Bremen,2773,7500000.0,9000000.0,0.998,1.0,0.992,same_club
6098,Niclas Füllkrug,GER,2023-24,"Borussia Dortmund,Werder Bremen",F S,31,2453,12,9,8,58,36,14.847,12.574,4.508,15.357,3.506,1,0,75489,Niclas Füllkrug,1993-02-09,30.56,189.0,right,Attack,Centre-Forward,Germany,Germany,31,2407,12,8,"16,86","Borussia Dortmund,SV Werder Bremen",3679,13000000.0,15000000.0,0.994,1.0,0.981,same_club
6142,Tim Kleindienst,GER,2023-24,FC Heidenheim,F M,33,2892,12,10,3,83,27,16.782,15.266,2.506,15.012,3.284,6,0,193033,Tim Kleindienst,1995-08-31,28.0,194.0,both,Attack,Centre-Forward,Germany,Germany,33,2878,12,5,2036,1. Fußballclub Heidenheim 1846,2984,4000000.0,6000000.0,0.999,1.0,0.995,same_club
8393,Omar Marmoush,GER,2023-24,Eintracht Frankfurt,F M S,29,2343,12,10,6,78,41,11.406,9.891,4.691,15.563,2.895,7,0,445939,Omar Marmoush,1999-02-07,24.56,183.0,right,Attack,Centre-Forward,Egypt,Egypt,29,2313,12,6,24,Eintracht Frankfurt,2602,6000000.0,22000000.0,0.996,1.0,0.987,same_club
8397,Florian Wirtz,GER,2023-24,Bayer Leverkusen,M S,32,2393,11,10,11,71,72,9.357,8.599,8.887,28.522,15.226,3,0,598577,Florian Wirtz,2003-05-03,20.33,177.0,right,Midfield,Attacking Midfield,Germany,Germany,32,2384,11,12,15,Bayer 04 Leverkusen,3475,85000000.0,130000000.0,0.999,1.0,0.996,same_club
10394,Jonas Wind,GER,2023-24,Wolfsburg,F M S,34,2689,11,11,7,73,37,11.242,10.485,4.637,17.153,5.675,3,0,391004,Jonas Wind,1999-02-07,24.56,190.0,right,Attack,Centre-Forward,Denmark,Denmark,34,2663,11,7,82,VfL Wolfsburg,2889,14000000.0,20000000.0,0.997,1.0,0.99,same_club
6351,Robin Hack,GER,2023-24,Borussia M.Gladbach,F M S,29,1357,10,10,2,43,23,4.568,4.568,2.017,7.4,1.644,2,0,284010,Robin Hack,1998-08-27,25.01,178.0,right,Attack,Left Winger,Germany,Germany,29,1344,10,2,18,Borussia Mönchengladbach,1560,3000000.0,8000000.0,0.997,1.0,0.99,same_club
8418,Jamal Musiala,GER,2023-24,Bayern Munich,M S,24,1795,10,10,5,58,41,8.375,8.375,6.258,24.166,11.27,2,0,580195,Jamal Musiala,2003-02-26,20.51,184.0,right,Midfield,Attacking Midfield,Germany,Germany,24,1767,10,6,27,Bayern Munich,2860,110000000.0,120000000.0,0.995,1.0,0.984,same_club
9201,Eren Sami Dinkci,GER,2023-24,FC Heidenheim,M,33,2730,10,10,4,49,35,3.683,3.683,4.121,10.546,4.091,8,0,645774,Eren Dinkçi,2001-12-13,21.72,188.0,right,Attack,Right Winger,Türkiye,Germany,33,2676,10,5,2036,1. Fußballclub Heidenheim 1846,2737,1000000.0,12000000.0,0.964,0.95,0.98,same_club
11866,Álex Grimaldo,GER,2023-24,Bayer Leverkusen,D M S,33,2787,10,10,13,71,78,5.481,5.481,10.641,22.194,13.786,1,0,193082,Alejandro Grimaldo,1995-09-20,27.95,171.0,left,Defender,Left-Back,Spain,Spain,33,2788,10,15,15,Bayer 04 Leverkusen,4077,25000000.0,45000000.0,0.97,0.95,1.0,same_club
9328,Jeremie Frimpong,GER,2023-24,Bayer Leverkusen,D M S,31,2296,9,9,7,56,45,10.86,10.86,6.64,22.838,6.853,6,0,484547,Jeremie Frimpong,2000-12-10,22.72,172.0,right,Defender,Right-Back,Netherlands,Netherlands,31,2266,9,9,15,Bayer 04 Leverkusen,3364,40000000.0,50000000.0,0.996,1.0,0.987,same_club
337,Leroy Sané,GER,2023-24,Bayern Munich,M S,27,2139,8,8,11,73,72,10.463,10.463,11.307,29.357,12.488,4,0,192565,Leroy Sané,1996-01-11,27.64,183.0,left,Attack,Right Winger,Germany,Germany,27,2137,8,11,27,Bayern Munich,3224,65000000.0,70000000.0,1.0,1.0,0.999,same_club
5266,Vincenzo Grifo,GER,2023-24,Freiburg,M S,32,2416,8,2,8,49,56,7.684,3.138,8.201,12.518,5.632,3,0,185077,Vincenzo Grifo,1993-04-07,30.4,180.0,right,Attack,Left Winger,Italy,Germany,32,2345,8,8,60,SC Freiburg,3152,12000000.0,9000000.0,0.991,1.0,0.971,same_club
6449,Chris Führich,GER,2023-24,VfB Stuttgart,D M S,34,2709,8,8,7,54,52,7.51,6.753,8.933,24.86,13.97,2,0,272278,Chris Führich,1998-01-09,25.64,181.0,right,Attack,Left Winger,Germany,Germany,34,2595,8,7,79,VfB Stuttgart,2925,4000000.0,28000000.0,0.987,1.0,0.958,same_club
7108,Jonathan Burkardt,GER,2023-24,Mainz 05,F M S,21,1554,8,7,2,41,14,6.991,6.234,2.515,10.679,3.766,2,0,333647,Jonathan Burkardt,2000-07-11,23.14,181.0,right,Attack,Centre-Forward,Germany,Germany,21,1543,8,2,39,1.FSV Mainz 05,1543,10000000.0,12000000.0,0.998,1.0,0.993,same_club
8700,Xavi Simons,GER,2023-24,RasenBallsport Leipzig,M,32,2738,8,7,11,81,79,7.735,6.219,10.54,23.965,12.515,9,1,566931,Xavi Simons,2003-04-21,20.36,179.0,right,Midfield,Attacking Midfield,Netherlands,Netherlands,32,2676,8,13,23826,RB Leipzig,3468,40000000.0,80000000.0,0.993,1.0,0.977,same_club
10926,Tim Skarke,GER,2023-24,Darmstadt,D F M S,30,2454,8,8,0,69,30,3.939,3.939,2.045,8.126,3.315,7,0,287920,Tim Skarke,1996-09-07,26.98,181.0,right,Attack,Centre-Forward,Germany,Germany,30,2419,8,2,105,SV Darmstadt 98,2419,1200000.0,3000000.0,0.996,1.0,0.986,same_club
11845,Phillip Tietz,GER,2023-24,Augsburg,F S,34,2470,8,8,4,52,29,9.151,9.151,2.795,12.387,3.89,1,0,288340,Phillip Tietz,1997-07-09,26.15,190.0,right,Attack,Centre-Forward,Germany,Germany,34,2406,8,4,167,FC Augsburg,2435,2700000.0,5000000.0,0.992,1.0,0.974,same_club
11982,Jan-Niklas Beste,GER,2023-24,FC Heidenheim,M,31,2658,8,8,12,49,70,4.455,3.697,6.619,6.629,2.206,4,0,342967,Niklas Beste,1999-01-04,24.66,175.0,left,Attack,Right Winger,Germany,Germany,31,2629,8,13,2036,1. Fußballclub Heidenheim 1846,2693,3000000.0,15000000.0,0.967,0.95,0.989,same_club
171,Michael Gregoritsch,GER,2023-24,Freiburg,F M S,32,1681,7,7,4,72,14,11.3,11.3,1.263,11.065,2.936,2,0,120205,Michael Gregoritsch,1994-04-18,29.37,193.0,left,Attack,Centre-Forward,Austria,Austria,32,1682,7,5,60,SC Freiburg,2171,8000000.0,8000000.0,1.0,1.0,0.999,same_club
261,Julian Brandt,GER,2023-24,Borussia Dortmund,F M S,32,2251,7,7,11,33,80,4.834,4.834,10.615,15.424,7.738,2,0,187492,Julian Brandt,1996-05-02,27.33,185.0,right,Midfield,Attacking Midfield,Germany,Germany,32,2232,7,12,16,Borussia Dortmund,3247,40000000.0,40000000.0,0.997,1.0,0.992,same_club
1236,Patrik Schick,GER,2023-24,Bayer Leverkusen,F S,20,1062,7,6,0,40,8,6.778,6.021,1.123,9.454,3.176,1,0,242086,Patrik Schick,1996-01-24,27.6,191.0,left,Attack,Centre-Forward,Czech Republic,Czech Republic,20,1065,7,2,15,Bayer 04 Leverkusen,1555,25000000.0,22000000.0,0.999,1.0,0.997,same_club
3310,Alassane Pléa,GER,2023-24,Borussia M.Gladbach,F M S,27,1957,7,6,4,58,36,6.88,6.122,3.642,13.663,5.829,1,0,167329,Alassane Pléa,1993-03-10,30.48,181.0,right,Attack,Centre-Forward,France,France,27,1926,7,5,18,Borussia Mönchengladbach,2150,8000000.0,7000000.0,0.995,1.0,0.984,same_club
6271,Ihlas Bebou,GER,2023-24,Hoffenheim,D F M S,32,1615,7,7,5,38,15,5.355,5.355,2.887,12.528,4.38,3,0,237164,Ihlas Bebou,1994-04-23,29.36,185.0,right,Attack,Centre-Forward,Togo,Togo,32,1631,7,6,533,TSG 1899 Hoffenheim,1749,7000000.0,4000000.0,0.997,1.0,0.99,same_club
6475,Lucas Höler,GER,2023-24,Freiburg,F M S,33,2354,7,6,2,34,32,7.733,6.218,2.174,11.548,4.904,7,0,248999,Lucas Höler,1994-07-10,29.14,184.0,right,Attack,Centre-Forward,Germany,Germany,33,2313,7,3,60,SC Freiburg,3195,5000000.0,4000000.0,0.995,1.0,0.983,same_club
7052,Wout Weghorst,GER,2023-24,Hoffenheim,F S,28,2019,7,6,3,39,34,7.09,6.332,3.511,12.107,4.091,4,0,228645,Wout Weghorst,1992-08-07,31.07,197.0,right,Attack,Centre-Forward,Netherlands,Netherlands,28,1986,7,3,533,TSG 1899 Hoffenheim,2166,12000000.0,6000000.0,0.995,1.0,0.984,same_club
7058,Kevin Stöger,GER,2023-24,Bochum,M,32,2714,7,3,9,75,126,6.653,3.622,10.591,13.064,7.339,8,0,106872,Kevin Stöger,1993-08-27,30.01,175.0,left,Midfield,Attacking Midfield,Austria,Austria,32,2678,7,9,80,VfL Bochum,2798,3000000.0,5000000.0,0.996,1.0,0.987,same_club
8791,Ritsu Doan,GER,2023-24,Freiburg,D M S,30,2264,7,7,2,37,31,5.62,5.62,3.538,10.874,3.092,2,0,358504,Ritsu Doan,1998-06-16,25.21,172.0,left,Attack,Right Winger,Japan,Japan,30,2256,7,4,60,SC Freiburg,3225,18000000.0,18000000.0,0.999,1.0,0.996,same_club
8989,Ansgar Knauff,GER,2023-24,Eintracht Frankfurt,D F M S,31,2159,7,7,2,37,19,6.451,6.451,3.277,11.878,3.446,5,1,429874,Ansgar Knauff,2002-01-10,21.64,180.0,right,Attack,Right Winger,Germany,Germany,31,2119,7,3,24,Eintracht Frankfurt,2169,8000000.0,10000000.0,0.994,1.0,0.981,same_club
9780,Mathys Tel,GER,2023-24,Bayern Munich,F M S,30,965,7,7,5,43,12,4.883,4.883,2.555,11.93,5.438,2,0,801734,Mathys Tel,2005-04-27,18.35,183.0,right,Attack,Centre-Forward,France,France,30,1023,7,5,27,Bayern Munich,1406,20000000.0,40000000.0,0.983,1.0,0.943,same_club
319,Marco Reus,GER,2023-24,Borussia Dortmund,M S,26,1625,6,6,6,42,36,7.89,7.89,6.096,14.217,5.956,2,0,35207,Marco Reus,1989-05-31,34.25,180.0,right,Midfield,Attacking Midfield,Germany,Germany,26,1611,6,8,16,Borussia Dortmund,2281,7000000.0,5000000.0,0.997,1.0,0.991,same_club
335,Leon Goretzka,GER,2023-24,Bayern Munich,M S,30,2253,6,6,7,56,32,4.689,4.689,5.582,22.469,15.75,3,0,153084,Leon Goretzka,1995-02-06,28.57,189.0,right,Midfield,Central Midfield,Germany,Germany,30,2243,6,9,27,Bayern Munich,3106,45000000.0,30000000.0,0.999,1.0,0.996,same_club
4280,Davie Selke,GER,2023-24,FC Cologne,F S,19,1286,6,6,0,33,12,4.872,4.872,0.41,4.405,0.958,3,0,178459,Davie Selke,1995-01-20,28.61,195.0,right,Attack,Centre-Forward,Germany,Germany,19,1273,6,0,3,1.FC Köln,1394,2500000.0,2800000.0,0.997,1.0,0.99,same_club
6087,Takuma Asano,GER,2023-24,Bochum,F M S,29,2048,6,6,1,63,21,9.964,9.964,1.63,9.919,2.151,2,0,245744,Takuma Asano,1994-11-10,28.81,173.0,right,Attack,Right Winger,Japan,Japan,29,2003,6,1,80,VfL Bochum,2108,4000000.0,4000000.0,0.993,1.0,0.978,same_club
6155,Robin Gosens,GER,2023-24,Union Berlin,D M S,30,2354,6,6,3,32,34,2.476,2.476,3.412,7.791,4.173,7,1,273132,Robin Gosens,1994-07-05,29.16,183.0,left,Defender,Left-Back,Germany,Germany,30,2297,6,4,89,1.FC Union Berlin,2748,15000000.0,12000000.0,0.993,1.0,0.976,same_club
8826,Rocco Reitz,GER,2023-24,Borussia M.Gladbach,M S,34,2150,6,6,3,34,20,3.823,3.823,2.189,11.016,6.001,2,0,467434,Rocco Reitz,2002-05-29,21.26,176.0,right,Midfield,Central Midfield,Germany,Germany,34,2144,6,3,18,Borussia Mönchengladbach,2359,800000.0,10000000.0,0.999,1.0,0.997,same_club
9783,Jae-Sung Lee,GER,2023-24,Mainz 05,F M S,29,2150,6,6,3,38,32,6.214,6.214,3.71,12.726,4.898,6,0,314398,Jae-sung Lee,1992-08-10,31.06,180.0,left,Midfield,Attacking Midfield,"Korea, South","Korea, South",29,2128,6,4,39,1.FSV Mainz 05,2267,4000000.0,2500000.0,0.997,1.0,0.99,same_club
10585,Justin Njinmah,GER,2023-24,Werder Bremen,F M S,24,1011,6,6,2,33,13,4.317,4.317,2.433,8.945,2.4,1,0,596153,Justin Njinmah,2000-11-15,22.79,185.0,right,Attack,Right Winger,Germany,Germany,24,1012,6,2,86,SV Werder Bremen,1012,800000.0,9000000.0,1.0,1.0,0.999,same_club
224,Thomas Müller,GER,2023-24,Bayern Munich,M S,31,1675,5,5,9,35,51,5.794,5.794,10.091,23.439,10.763,0,0,58358,Thomas Müller,1989-09-13,33.97,185.0,right,Attack,Second Striker,Germany,Germany,31,1666,5,11,27,Bayern Munich,2180,12000000.0,8000000.0,0.998,1.0,0.995,same_club
320,Jonas Hofmann,GER,2023-24,Bayer Leverkusen,F M S,32,2243,5,5,7,60,79,6.534,6.534,9.633,22.731,12.598,3,0,7161,Jonas Hofmann,1992-07-14,31.13,176.0,right,Midfield,Attacking Midfield,Germany,Germany,32,2216,5,10,15,Bayer 04 Leverkusen,2768,13000000.0,10000000.0,0.996,1.0,0.988,same_club
3682,Jordan Siebatcheu,GER,2023-24,"Borussia M.Gladbach,Union Berlin",F S,26,1475,5,5,3,36,21,6.951,6.951,3.479,10.483,2.011,2,0,355369,Jordan,1996-04-26,27.35,191.0,right,Attack,Centre-Forward,United States,United States,26,1450,5,4,"18,89","Borussia Mönchengladbach,1.FC Union Berlin",1627,7000000.0,4000000.0,0.965,0.95,0.983,same_club
5231,Florian Kainz,GER,2023-24,FC Cologne,F M S,33,2269,5,0,4,28,54,4.688,0.9,4.048,7.009,5.491,4,0,106270,Florian Kainz,1992-10-24,30.85,176.0,both,Midfield,Attacking Midfield,Austria,Austria,33,2213,5,4,3,1.FC Köln,2363,5000000.0,2500000.0,0.993,1.0,0.975,same_club
5250,Yussuf Poulsen,GER,2023-24,RasenBallsport Leipzig,F S,28,1194,5,5,2,28,13,6.92,6.92,2.184,10.636,2.998,0,0,157635,Yussuf Poulsen,1994-06-15,29.21,192.0,right,Attack,Centre-Forward,Denmark,Denmark,28,1211,5,2,23826,RB Leipzig,1696,7000000.0,6000000.0,0.996,1.0,0.986,same_club
7401,Keven Schlotterbeck,GER,2023-24,Bochum,D S,27,2184,5,5,1,25,10,2.616,2.616,0.489,2.412,1.543,9,0,413843,Keven Schlotterbeck,1997-04-28,26.34,188.0,left,Defender,Centre-Back,Germany,Germany,27,2184,5,3,80,VfL Bochum,2184,3000000.0,6000000.0,1.0,1.0,1.0,same_club
7422,Christoph Baumgartner,GER,2023-24,RasenBallsport Leipzig,F M S,32,1114,5,5,1,31,16,4.064,4.064,1.494,9.496,5.53,3,0,324278,Christoph Baumgartner,1999-08-01,24.08,180.0,right,Midfield,Attacking Midfield,Austria,Austria,32,1149,5,2,23826,RB Leipzig,1287,24000000.0,18000000.0,0.991,1.0,0.97,same_club
7562,Eric Junior Dina Ebimbe,GER,2023-24,Eintracht Frankfurt,D F M S,31,1985,5,5,3,52,20,5.963,5.963,3.138,9.779,3.534,5,0,536482,Junior Dina Ebimbe,2000-11-21,22.78,184.0,right,Midfield,Right Midfield,Cameroon,France,31,1969,5,3,24,Eintracht Frankfurt,2311,10000000.0,12000000.0,0.968,0.95,0.992,same_club
7612,Nathan N&#039;Goumou Minpol,GER,2023-24,Borussia M.Gladbach,F M S,32,1356,5,5,2,30,17,4.342,4.342,2.299,9.861,4.399,1,0,629588,Nathan Ngoumou,2000-03-14,23.47,185.0,right,Attack,Right Winger,Cameroon,France,32,1382,5,2,18,Borussia Mönchengladbach,1611,5000000.0,5000000.0,0.922,0.88,0.981,same_club
8456,Nathan Tella,GER,2023-24,Bayer Leverkusen,D M S,24,805,5,5,2,21,14,3.714,3.714,3.482,8.951,3.122,2,0,340322,Nathan Tella,1999-07-05,24.16,173.0,right,Attack,Right Winger,Nigeria,England,24,810,5,4,15,Bayer 04 Leverkusen,1471,18000000.0,23000000.0,0.998,1.0,0.994,same_club
8645,Enzo Millot,GER,2023-24,VfB Stuttgart,F M S,31,2282,5,4,4,39,33,6.215,5.457,4.119,18.628,11.732,5,0,569366,Enzo Millot,2002-07-17,21.13,175.0,left,Midfield,Attacking Midfield,France,France,31,2255,5,8,79,VfB Stuttgart,2492,7000000.0,30000000.0,0.996,1.0,0.988,same_club
8807,Silas Wamangituka,GER,2023-24,VfB Stuttgart,M S,27,861,5,5,2,24,15,5.937,5.18,2.404,10.556,4.659,0,0,612826,Silas,1998-10-06,24.9,189.0,right,Attack,Right Winger,DR Congo,DR Congo,27,890,5,5,79,VfB Stuttgart,994,8000000.0,10000000.0,0.96,0.95,0.967,same_club
9133,Youssoufa Moukoko,GER,2023-24,Borussia Dortmund,F S,20,566,5,5,0,14,7,3.792,3.792,0.443,4.09,0.536,1,0,467720,Youssoufa Moukoko,2004-11-20,18.78,179.0,left,Attack,Centre-Forward,Germany,Cameroon,20,613,5,0,16,Borussia Dortmund,758,30000000.0,22000000.0,0.977,1.0,0.923,same_club
9712,Kevin Behrens,GER,2023-24,"Union Berlin,Wolfsburg",F S,31,1916,5,5,1,52,24,8.322,8.322,2.096,11.046,3.755,4,0,117432,Kevin Behrens,1991-02-03,32.57,185.0,both,Attack,Centre-Forward,Germany,Germany,31,1882,5,1,"82,89","VfL Wolfsburg,1.FC Union Berlin",2310,2000000.0,2000000.0,0.995,1.0,0.982,same_club
9931,Lovro Majer,GER,2023-24,Wolfsburg,F M S,32,2177,5,3,5,37,39,6.303,4.787,4.539,13.406,7.745,5,0,387106,Lovro Majer,1998-01-17,25.62,178.0,left,Midfield,Attacking Midfield,Croatia,Croatia,32,2119,5,5,82,VfL Wolfsburg,2148,20000000.0,20000000.0,0.99,1.0,0.967,same_club
9931,Lovro Majer,GER,2023-24,Wolfsburg,F M S,32,2177,5,3,5,37,39,6.303,4.787,4.539,13.406,7.745,5,0,387106,Lovro Majer,1998-01-17,25.62,178.0,left,Midfield,Attacking Midfield,Croatia,Croatia,32,2119,5,5,82,VfL Wolfsburg,2148,20000000.0,20000000.0,0.992,1.0,0.973,same_club
11981,Benedict Hollerbach,GER,2023-24,Union Berlin,F M S,28,1330,5,5,0,34,14,4.145,4.145,1.625,6.934,1.877,2,0,453870,Benedict Hollerbach,2001-05-17,22.29,181.0,both,Attack,Centre-Forward,Germany,Germany,28,1283,5,0,89,1.FC Union Berlin,1363,1200000.0,4000000.0,0.989,1.0,0.965,same_club
183,Jonathan Tah,GER,2023-24,Bayer Leverkusen,D S,31,2641,4,4,1,26,5,2.289,2.289,0.529,14.6,14.494,6,0,196357,Jonathan Tah,1996-02-11,27.55,195.0,right,Defender,Centre-Back,Germany,Germany,31,2632,4,1,15,Bayer 04 Leverkusen,3984,20000000.0,30000000.0,0.999,1.0,0.997,same_club
4340,Grischa Prömel,GER,2023-24,Hoffenheim,D M S,28,2176,4,4,5,26,21,3.075,3.075,2.637,12.817,7.653,8,1,234029,Grischa Prömel,1995-01-09,28.64,184.0,right,Midfield,Central Midfield,Germany,Germany,28,2147,4,5,533,TSG 1899 Hoffenheim,2287,7000000.0,7000000.0,0.996,1.0,0.987,same_club
5113,Santos Borré,GER,2023-24,Werder Bremen,F S,19,984,4,4,0,20,13,2.414,2.414,1.719,5.101,1.501,0,0,323831,Rafael Borré,1995-09-15,27.96,174.0,right,Attack,Centre-Forward,Colombia,Colombia,19,991,4,0,86,SV Werder Bremen,991,9000000.0,8000000.0,0.968,0.95,0.993,same_club
5248,Marcel Sabitzer,GER,2023-24,Borussia Dortmund,M S,25,1971,4,3,3,47,22,3.611,2.853,3.098,15.106,10.237,3,1,106987,Marcel Sabitzer,1994-03-17,29.46,178.0,right,Midfield,Central Midfield,Austria,Austria,25,1963,4,3,16,Borussia Dortmund,3034,20000000.0,20000000.0,0.999,1.0,0.996,same_club
7065,Florian Neuhaus,GER,2023-24,Borussia M.Gladbach,M S,25,1253,4,3,2,38,19,5.169,4.411,2.202,9.523,4.268,4,0,278332,Florian Neuhaus,1997-03-16,26.46,185.0,right,Midfield,Central Midfield,Germany,Germany,25,1229,4,2,18,Borussia Mönchengladbach,1412,12000000.0,7000000.0,0.994,1.0,0.981,same_club
7109,Leandro Barreiro Martins,GER,2023-24,Mainz 05,M S,31,2600,4,4,1,38,20,5.028,5.028,1.381,10.785,5.84,8,0,357233,Leandro Barreiro,2000-01-03,23.66,174.0,right,Midfield,Central Midfield,Luxembourg,Luxembourg,31,2607,4,1,39,1.FSV Mainz 05,2767,14000000.0,17000000.0,0.969,0.95,0.997,same_club
7376,Ozan Kabak,GER,2023-24,Hoffenheim,D,28,2325,4,4,1,18,8,2.576,2.576,1.061,8.384,8.008,9,1,361260,Ozan Kabak,2000-03-25,23.44,187.0,right,Defender,Centre-Back,Türkiye,Türkiye,28,2291,4,1,533,TSG 1899 Hoffenheim,2362,10000000.0,10000000.0,0.996,1.0,0.985,same_club
7810,Ruben Vargas,GER,2023-24,Augsburg,D F M S,31,2017,4,4,4,49,28,4.297,4.297,2.481,8.265,3.853,3,0,345886,Rubén Vargas,1998-08-05,25.07,179.0,right,Attack,Left Winger,Switzerland,Switzerland,31,1977,4,4,167,FC Augsburg,2067,6500000.0,7500000.0,0.994,1.0,0.98,same_club
7877,Robert Andrich,GER,2023-24,Bayer Leverkusen,D M S,28,1664,4,4,2,23,22,2.207,2.207,1.767,11.025,9.481,4,0,159088,Robert Andrich,1994-09-22,28.94,187.0,right,Midfield,Defensive Midfield,Germany,Germany,28,1682,4,2,15,Bayer 04 Leverkusen,2917,11000000.0,17000000.0,0.997,1.0,0.989,same_club
7997,Julian Ryerson,GER,2023-24,Borussia Dortmund,D S,21,1794,4,4,1,18,14,2.067,2.067,3.673,10.107,5.779,3,0,370789,Julian Ryerson,1997-11-17,25.79,183.0,right,Defender,Right-Back,Norway,Norway,21,1773,4,1,16,Borussia Dortmund,2940,13000000.0,20000000.0,0.996,1.0,0.988,same_club
8211,Amine Adli,GER,2023-24,Bayer Leverkusen,F M S,23,882,4,4,6,27,23,3.675,3.675,2.639,8.639,3.996,5,0,532776,Amine Adli,2000-05-10,23.31,180.0,left,Attack,Left Winger,Morocco,France,23,889,4,6,15,Bayer 04 Leverkusen,2261,20000000.0,30000000.0,0.998,1.0,0.992,same_club
8292,Dani Olmo,GER,2023-24,RasenBallsport Leipzig,F M S,21,1487,4,4,5,45,32,3.743,3.743,5.405,14.853,8.098,0,0,293385,Dani Olmo,1998-05-07,25.32,179.0,right,Midfield,Attacking Midfield,Spain,Spain,21,1456,4,5,23826,RB Leipzig,1715,40000000.0,50000000.0,0.994,1.0,0.979,same_club
8325,Exequiel Palacios,GER,2023-24,Bayer Leverkusen,M S,24,1858,4,2,4,21,26,3.467,1.951,3.058,17.1,13.884,6,0,401578,Exequiel Palacios,1998-10-05,24.91,177.0,right,Midfield,Central Midfield,Argentina,Argentina,24,1840,4,4,15,Bayer 04 Leverkusen,2661,22000000.0,45000000.0,0.997,1.0,0.99,same_club
8853,Maxence Lacroix,GER,2023-24,Wolfsburg,D S,28,2365,4,4,1,12,8,1.007,1.007,0.648,6.922,6.567,3,3,434224,Maxence Lacroix,2000-04-06,23.4,190.0,right,Defender,Centre-Back,France,France,28,2365,4,1,82,VfL Wolfsburg,2665,17000000.0,20000000.0,1.0,1.0,1.0,same_club
8995,Hugo Ekitike,GER,2023-24,Eintracht Frankfurt,F S,14,710,4,4,2,30,12,3.668,3.668,1.841,4.457,0.866,3,0,709726,Hugo Ekitiké,2002-06-20,21.2,190.0,right,Attack,Centre-Forward,France,France,14,719,4,2,24,Eintracht Frankfurt,727,20000000.0,20000000.0,1.0,1.0,1.0,same_club
8995,Hugo Ekitike,GER,2023-24,Eintracht Frankfurt,F S,14,710,4,4,2,30,12,3.668,3.668,1.841,4.457,0.866,3,0,709726,Hugo Ekitiké,2002-06-20,21.2,190.0,right,Attack,Centre-Forward,France,France,14,719,4,2,24,Eintracht Frankfurt,727,20000000.0,20000000.0,0.996,1.0,0.987,same_club
9069,Romano Schmid,GER,2023-24,Werder Bremen,F M S,33,2638,4,4,6,38,51,5.486,5.486,6.075,18.433,10.512,5,0,346853,Romano Schmid,2000-01-27,23.59,168.0,right,Midfield,Attacking Midfield,Austria,Austria,33,2615,4,7,86,SV Werder Bremen,2705,4500000.0,10000000.0,0.997,1.0,0.991,same_club
9718,Jamie Leweling,GER,2023-24,VfB Stuttgart,D F M S,34,1548,4,4,4,43,23,6.184,6.184,2.672,12.171,4.742,3,0,518505,Jamie Leweling,2001-02-26,22.51,185.0,both,Attack,Right Winger,Germany,Germany,34,1523,4,7,79,VfB Stuttgart,1647,3000000.0,9000000.0,0.995,1.0,0.984,same_club
10695,Faride Alidou,GER,2023-24,FC Cologne,F M S,26,1297,4,4,0,33,14,4.491,4.491,0.612,5.367,1.728,4,0,456492,Faride Alidou,2001-07-18,22.12,186.0,right,Attack,Left Winger,Germany,Germany,26,1285,4,0,3,1.FC Köln,1285,2500000.0,2500000.0,0.997,1.0,0.991,same_club
10736,Philipp Hofmann,GER,2023-24,Bochum,F S,29,1573,4,4,2,39,19,5.457,5.457,2.557,7.84,1.97,1,0,119037,Philipp Hofmann,1993-03-30,30.42,195.0,left,Attack,Centre-Forward,Germany,Germany,29,1576,4,3,80,VfL Bochum,1696,2800000.0,1800000.0,0.999,1.0,0.998,same_club
11310,Brajan Gruda,GER,2023-24,Mainz 05,F M S,28,1671,4,4,3,30,43,4.424,4.424,5.528,15.224,6.06,5,0,700106,Brajan Gruda,2004-05-31,19.25,178.0,left,Midfield,Attacking Midfield,Germany,Germany,28,1650,4,3,39,1.FSV Mainz 05,1740,500000.0,20000000.0,0.996,1.0,0.987,same_club
11846,Tomás Cvancara,GER,2023-24,Borussia M.Gladbach,F M S,21,869,4,3,1,36,7,6.689,5.173,1.124,6.334,0.994,4,0,544148,Tomas Cvancara,2000-08-13,23.05,190.0,right,Attack,Centre-Forward,Czech Republic,Czech Republic,21,892,4,2,18,Borussia Mönchengladbach,1049,4000000.0,8000000.0,0.992,1.0,0.974,same_club
11851,Václav Cerny,GER,2023-24,Wolfsburg,F M S,22,937,4,4,0,20,14,2.509,2.509,0.918,6.92,4.175,2,0,242063,Vaclav Cerny,1997-10-17,25.87,182.0,left,Attack,Right Winger,Czech Republic,Czech Republic,22,923,4,0,82,VfL Wolfsburg,1056,8000000.0,7000000.0,0.996,1.0,0.985,same_club
11918,Oscar Vilhelmsson,GER,2023-24,Darmstadt,F M S,26,1356,4,4,1,28,10,3.689,3.689,0.791,4.701,0.726,2,0,673071,Oscar Vilhelmsson,2003-10-02,19.92,188.0,left,Attack,Centre-Forward,Sweden,Sweden,26,1375,4,1,105,SV Darmstadt 98,1390,1500000.0,2000000.0,0.996,1.0,0.986,same_club
9,Tobias Kempe,GER,2023-24,Darmstadt,F M S,24,1352,3,0,2,21,28,3.458,1.185,2.228,4.239,2.438,1,0,42072,Tobias Kempe,1989-06-27,34.18,184.0,right,Midfield,Central Midfield,Germany,Germany,24,1351,3,2,105,SV Darmstadt 98,1351,500000.0,500000.0,1.0,1.0,0.999,same_club
28,Mitchell Weiser,GER,2023-24,Werder Bremen,D M,30,2649,3,3,7,44,37,3.825,3.825,5.451,14.797,8.214,5,0,119211,Mitchell Weiser,1994-04-21,29.36,177.0,right,Defender,Right-Back,Germany,Germany,30,2640,3,7,86,SV Werder Bremen,2659,6000000.0,6000000.0,0.999,1.0,0.997,same_club
74,Pavel Kaderábek,GER,2023-24,Hoffenheim,D M S,29,2439,3,3,4,20,35,2.409,2.409,5.177,11.637,6.729,7,0,143798,Pavel Kaderabek,1992-04-25,31.35,182.0,right,Midfield,Right Midfield,Czech Republic,CSSR,29,2422,3,5,533,TSG 1899 Hoffenheim,2512,3000000.0,3000000.0,0.998,1.0,0.993,same_club
83,Kevin Volland,GER,2023-24,Union Berlin,F M S,26,1394,3,1,4,36,20,5.798,3.525,2.59,6.613,1.914,1,2,82009,Kevin Volland,1992-07-30,31.09,179.0,left,Midfield,Attacking Midfield,Germany,Germany,26,1345,3,5,89,1.FC Union Berlin,1650,8000000.0,4000000.0,0.989,1.0,0.965,same_club
204,Granit Xhaka,GER,2023-24,Bayer Leverkusen,M S,33,2842,3,3,0,45,41,1.407,1.407,2.925,27.561,24.802,5,0,111455,Granit Xhaka,1992-09-27,30.93,183.0,left,Midfield,Defensive Midfield,Switzerland,Switzerland,33,2827,3,0,15,Bayer 04 Leverkusen,4156,20000000.0,20000000.0,0.998,1.0,0.995,same_club
226,Kingsley Coman,GER,2023-24,Bayern Munich,M S,17,1156,3,3,3,34,29,3.009,3.009,3.586,11.753,7.293,1,0,243714,Kingsley Coman,1996-06-13,27.22,181.0,right,Attack,Left Winger,France,France,17,1123,3,3,27,Bayern Munich,1737,65000000.0,50000000.0,0.991,1.0,0.971,same_club
294,Gian-Luca Waldschmidt,GER,2023-24,FC Cologne,F M S,22,1162,3,3,0,43,16,3.121,2.363,1.253,5.107,2.149,0,0,196095,Luca Waldschmidt,1996-05-19,27.29,181.0,left,Attack,Centre-Forward,Germany,Germany,22,1150,3,1,3,1.FC Köln,1327,3000000.0,2500000.0,0.967,0.95,0.99,same_club
373,Mats Hummels,GER,2023-24,Borussia Dortmund,D S,25,1590,3,3,0,16,9,3.939,3.939,1.078,8.435,7.727,4,1,39728,Mats Hummels,1988-12-16,34.71,191.0,right,Defender,Centre-Back,Germany,Germany,25,1582,3,0,16,Borussia Dortmund,2932,6000000.0,5000000.0,0.998,1.0,0.995,same_club
422,Mario Götze,GER,2023-24,Eintracht Frankfurt,F M S,30,2079,3,3,2,13,35,2.786,2.786,3.757,12.172,7.013,3,1,74842,Mario Götze,1992-06-03,31.24,176.0,right,Midfield,Attacking Midfield,Germany,Germany,30,2079,3,2,24,Eintracht Frankfurt,2388,12000000.0,5500000.0,1.0,1.0,1.0,same_club
993,Serge Gnabry,GER,2023-24,Bayern Munich,M S,10,431,3,3,1,17,9,3.34,3.34,1.297,4.916,1.623,0,0,159471,Serge Gnabry,1995-07-14,28.13,176.0,right,Attack,Second Striker,Germany,Germany,10,433,3,2,27,Bayern Munich,764,55000000.0,40000000.0,0.999,1.0,0.995,same_club
1277,Roland Sallai,GER,2023-24,Freiburg,D F M S,27,1875,3,3,1,56,30,7.084,6.326,4.517,14.219,4.068,6,0,332798,Roland Sallai,1997-05-22,26.28,183.0,right,Defender,Right-Back,Hungary,Hungary,27,1852,3,2,60,SC Freiburg,2550,10000000.0,15000000.0,0.996,1.0,0.988,same_club
3314,Franck Honorat,GER,2023-24,Borussia M.Gladbach,D F M S,32,2405,3,3,9,28,88,1.739,1.739,11.502,14.151,8.552,1,0,229006,Franck Honorat,1996-08-11,27.06,180.0,right,Attack,Right Winger,France,France,32,2358,3,11,18,Borussia Mönchengladbach,2617,10000000.0,12000000.0,0.994,1.0,0.98,same_club
3455,Raphael Guerreiro,GER,2023-24,Bayern Munich,D M S,20,1202,3,3,0,18,23,2.152,2.152,2.056,10.516,7.552,2,0,170986,Raphaël Guerreiro,1993-12-22,29.69,170.0,left,Defender,Left-Back,Portugal,France,20,1201,3,0,27,Bayern Munich,1617,20000000.0,12000000.0,1.0,1.0,0.999,same_club
7051,Gonçalo Paciência,GER,2023-24,Bochum,F S,19,621,3,3,1,39,9,3.627,3.627,1.841,4.654,0.618,2,0,181547,Gonçalo Paciência,1994-08-01,29.08,184.0,right,Attack,Centre-Forward,Portugal,Portugal,19,644,3,1,80,VfL Bochum,644,2000000.0,1500000.0,0.989,1.0,0.964,same_club
7867,Robert Skov,GER,2023-24,Hoffenheim,D M S,25,1252,3,3,4,32,23,1.869,1.869,1.725,3.931,1.822,2,0,270393,Robert Skov,1996-05-20,27.28,185.0,left,Midfield,Left Midfield,Denmark,Spain,25,1260,3,5,533,TSG 1899 Hoffenheim,1260,6500000.0,5000000.0,0.998,1.0,0.994,same_club
8109,Niels Nkounkou,GER,2023-24,Eintracht Frankfurt,D M S,29,1275,3,3,2,23,15,1.192,1.192,2.099,5.449,2.733,3,1,591193,Niels Nkounkou,2000-11-01,22.83,180.0,left,Defender,Left-Back,France,France,29,1301,3,3,24,Eintracht Frankfurt,1481,5000000.0,7500000.0,0.994,1.0,0.98,same_club
9227,Steffen Tigges,GER,2023-24,FC Cologne,F S,25,684,3,3,0,22,10,3.28,3.28,1.532,4.252,0.521,0,0,296879,Steffen Tigges,1998-07-31,25.09,194.0,left,Attack,Centre-Forward,Germany,Germany,25,715,3,0,3,1.FC Köln,736,3500000.0,1500000.0,0.987,1.0,0.957,same_club
9458,Josip Stanisic,GER,2023-24,Bayer Leverkusen,D S,20,1237,3,3,1,10,11,0.697,0.697,1.404,10.422,9.14,3,0,483046,Josip Stanisic,2000-04-02,23.41,187.0,both,Defender,Right-Back,Croatia,Germany,20,1256,3,1,15,Bayer 04 Leverkusen,2354,12000000.0,28000000.0,0.995,1.0,0.985,same_club
10395,Kevin Paredes,GER,2023-24,Wolfsburg,D F M S,28,1432,3,3,0,19,17,4.302,4.302,1.256,10.853,5.547,4,0,711517,Kevin Paredes,2003-05-07,20.32,175.0,left,Midfield,Left Midfield,United States,United States,28,1429,3,0,82,VfL Wolfsburg,1454,5000000.0,7500000.0,0.999,1.0,0.998,same_club
10721,Sepp van den Berg,GER,2023-24,Mainz 05,D S,33,2831,3,3,0,25,7,3.709,3.709,0.558,6.752,6.563,9,0,541231,Sepp van den Berg,2001-12-20,21.7,192.0,right,Defender,Centre-Back,Netherlands,Netherlands,33,2838,3,0,39,1.FSV Mainz 05,2970,5000000.0,12000000.0,0.999,1.0,0.998,same_club
10727,Ko Itakura,GER,2023-24,Borussia M.Gladbach,D M S,20,1608,3,3,0,20,4,1.855,1.855,0.176,4.365,4.071,9,0,355816,Ko Itakura,1997-01-27,26.59,188.0,right,Defender,Centre-Back,Japan,Japan,20,1599,3,0,18,Borussia Mönchengladbach,1734,12000000.0,12000000.0,0.998,1.0,0.994,same_club
10734,Jens Stage,GER,2023-24,Werder Bremen,M S,30,2351,3,3,1,40,26,4.944,4.944,2.254,11.307,6.111,5,1,289835,Jens Stage,1996-11-08,26.81,187.0,right,Midfield,Central Midfield,Denmark,Denmark,30,2336,3,3,86,SV Werder Bremen,2426,5000000.0,7500000.0,0.998,1.0,0.994,same_club
10772,Karim Adeyemi,GER,2023-24,Borussia Dortmund,F M S,21,913,3,3,1,23,8,3.524,3.524,1.786,5.555,1.477,4,1,496094,Karim Adeyemi,2002-01-18,21.62,180.0,left,Attack,Right Winger,Germany,Germany,21,911,3,1,16,Borussia Dortmund,1710,40000000.0,28000000.0,0.999,1.0,0.998,same_club
11323,Arne Engels,GER,2023-24,Augsburg,D M S,32,1386,3,3,2,20,19,1.374,1.374,1.287,3.52,1.931,1,1,565435,Arne Engels,2003-09-08,19.98,185.0,right,Midfield,Central Midfield,Belgium,Belgium,32,1396,3,5,167,FC Augsburg,1486,7500000.0,9000000.0,0.998,1.0,0.993,same_club
11841,Maximilian Wittek,GER,2023-24,Bochum,D M S,21,1060,3,3,1,26,24,1.344,1.344,1.02,3.365,1.73,4,0,196793,Maximilian Wittek,1995-08-21,28.03,173.0,left,Defender,Left-Back,Germany,Germany,21,1068,3,1,80,VfL Bochum,1158,2000000.0,2000000.0,0.998,1.0,0.993,same_club
11856,Marvin Pieringer,GER,2023-24,FC Heidenheim,F M S,31,1527,3,3,3,27,14,2.794,2.794,1.703,4.504,1.105,5,0,471055,Marvin Pieringer,1999-10-04,23.91,191.0,right,Attack,Centre-Forward,Germany,Germany,31,1518,3,3,2036,1. Fußballclub Heidenheim 1846,1650,2000000.0,3000000.0,0.998,1.0,0.994,same_club
11857,Nikola Dovedan,GER,2023-24,FC Heidenheim,M S,21,624,3,3,1,14,8,1.67,1.67,1.333,4.254,1.874,0,1,120189,Nikola Dovedan,1994-07-06,29.16,172.0,right,Attack,Second Striker,Austria,Austria,21,646,3,1,2036,1. Fußballclub Heidenheim 1846,675,600000.0,800000.0,0.99,1.0,0.966,same_club
11860,Kevin Sessa,GER,2023-24,FC Heidenheim,M S,30,954,3,3,0,29,17,2.826,2.826,1.508,5.808,3.044,1,0,448028,Kevin Sessa,2000-07-06,23.15,175.0,right,Midfield,Central Midfield,Germany,Germany,30,1002,3,0,2036,1. Fußballclub Heidenheim 1846,1121,1500000.0,2500000.0,0.986,1.0,0.952,same_club
11916,Marvin Mehlem,GER,2023-24,Darmstadt,M S,20,1538,3,3,2,23,22,3.028,3.028,1.338,6.995,3.066,3,0,237226,Marvin Mehlem,1997-09-11,25.97,174.0,right,Midfield,Attacking Midfield,Germany,Germany,20,1494,3,2,105,SV Darmstadt 98,1584,1500000.0,2500000.0,0.991,1.0,0.971,same_club
12424,Yorbe Vertessen,GER,2023-24,Union Berlin,F M S,13,575,3,3,2,24,7,3.011,3.011,1.433,5.263,1.618,1,0,409517,Yorbe Vertessen,2001-01-08,22.64,174.0,right,Attack,Centre-Forward,Belgium,Belgium,13,593,3,2,89,1.FC Union Berlin,1364,3800000.0,5000000.0,0.991,1.0,0.97,same_club
22,John Brooks,GER,2023-24,Hoffenheim,D S,21,1548,2,2,0,11,3,2.466,2.466,0.087,4.942,4.308,6,1,124732,John Brooks,1993-01-28,30.59,194.0,left,Defender,Centre-Back,United States,Germany,21,1539,2,0,533,TSG 1899 Hoffenheim,1719,2000000.0,2000000.0,0.998,1.0,0.994,same_club
65,Timo Werner,GER,2023-24,RasenBallsport Leipzig,F M S,8,192,2,1,0,9,2,2.619,1.861,0.061,2.503,0.605,0,0,170527,Timo Werner,1996-03-06,27.49,180.0,right,Attack,Centre-Forward,Germany,Germany,8,203,2,0,23826,RB Leipzig,1291,25000000.0,17000000.0,0.996,1.0,0.985,same_club
65,Timo Werner,GER,2023-24,RasenBallsport Leipzig,F M S,8,192,2,1,0,9,2,2.619,1.861,0.061,2.503,0.605,0,0,170527,Timo Werner,1996-03-06,27.49,180.0,right,Attack,Centre-Forward,Germany,Germany,8,203,2,0,23826,RB Leipzig,1291,25000000.0,17000000.0,0.984,1.0,0.946,same_club
140,Yannick Gerhardt,GER,2023-24,Wolfsburg,D M S,25,1618,2,2,1,19,14,1.837,1.837,1.233,6.461,4.579,5,0,119277,Yannick Gerhardt,1994-03-13,29.47,184.0,left,Midfield,Central Midfield,Germany,Germany,25,1636,2,1,82,VfL Wolfsburg,1928,6000000.0,4000000.0,0.997,1.0,0.989,same_club
153,Maximilian Arnold,GER,2023-24,Wolfsburg,M S,30,2498,2,2,1,32,48,0.936,0.936,4.071,8.472,7.077,9,0,117674,Maximilian Arnold,1994-05-27,29.26,184.0,left,Midfield,Central Midfield,Germany,Germany,30,2504,2,1,82,VfL Wolfsburg,2678,14000000.0,7000000.0,0.999,1.0,0.998,same_club
212,Nico Elvedi,GER,2023-24,Borussia M.Gladbach,D S,30,2490,2,2,1,16,3,1.983,1.983,0.104,8.107,7.502,5,0,192635,Nico Elvedi,1996-09-30,26.92,189.0,right,Defender,Centre-Back,Switzerland,Switzerland,30,2485,2,0,18,Borussia Mönchengladbach,2754,18000000.0,10000000.0,0.999,1.0,0.998,same_club
339,Eric Maxim Choupo-Moting,GER,2023-24,Bayern Munich,M S,27,695,2,2,2,26,16,5.641,5.641,2.186,10.653,4.075,1,0,45660,Eric-Maxim Choupo-Moting,1989-03-23,34.44,191.0,right,Attack,Centre-Forward,Cameroon,Germany,27,709,2,3,27,Bayern Munich,921,5000000.0,2500000.0,0.994,1.0,0.98,same_club
372,Julian Weigl,GER,2023-24,Borussia M.Gladbach,M,31,2774,2,0,3,19,24,2.382,0.866,2.265,11.471,9.569,10,0,196792,Julian Weigl,1995-09-08,27.98,186.0,right,Midfield,Defensive Midfield,Germany,Germany,31,2766,2,3,18,Borussia Mönchengladbach,3131,10000000.0,6000000.0,0.999,1.0,0.997,same_club
418,Niklas Stark,GER,2023-24,Werder Bremen,D S,17,1081,2,2,0,5,0,0.407,0.407,0.0,2.917,2.9,5,0,162434,Niklas Stark,1995-04-14,28.38,190.0,right,Defender,Centre-Back,Germany,Germany,17,1087,2,0,86,SV Werder Bremen,1177,5500000.0,5500000.0,0.998,1.0,0.994,same_club
419,Maximilian Mittelstädt,GER,2023-24,VfB Stuttgart,D S,31,2113,2,2,4,21,31,0.974,0.974,5.204,19.498,16.148,5,0,282660,Maximilian Mittelstädt,1997-03-18,26.46,180.0,left,Defender,Left-Back,Germany,Germany,31,2102,2,4,79,VfB Stuttgart,2272,2000000.0,17000000.0,0.998,1.0,0.995,same_club
604,Emre Can,GER,2023-24,Borussia Dortmund,D M S,25,1969,2,0,2,17,20,2.447,0.931,1.29,9.788,8.786,5,0,119296,Emre Can,1994-01-12,29.63,186.0,right,Defender,Centre-Back,Germany,Germany,25,1956,2,2,16,Borussia Dortmund,3049,14000000.0,10000000.0,0.998,1.0,0.993,same_club
2663,Felix Passlack,GER,2023-24,Bochum,D S,15,974,2,2,2,14,14,1.145,1.145,1.643,4.242,1.652,2,1,274461,Felix Passlack,1998-05-29,25.26,170.0,right,Defender,Right-Back,Germany,Germany,15,967,2,2,80,VfL Bochum,1044,1500000.0,1800000.0,0.998,1.0,0.993,same_club
2691,Milos Veljkovic,GER,2023-24,Werder Bremen,D S,23,1919,2,2,1,6,6,1.322,1.322,0.537,7.289,6.293,2,0,202228,Milos Veljkovic,1995-09-26,27.93,188.0,right,Defender,Centre-Back,Serbia,Switzerland,23,1921,2,2,86,SV Werder Bremen,2011,5500000.0,4500000.0,1.0,1.0,0.999,same_club
3347,Ellyes Skhiri,GER,2023-24,Eintracht Frankfurt,M S,27,2180,2,2,2,18,20,2.733,2.733,2.173,11.285,7.836,1,0,290587,Ellyes Skhiri,1995-05-10,28.31,185.0,right,Midfield,Defensive Midfield,Tunisia,France,27,2171,2,2,24,Eintracht Frankfurt,2531,13000000.0,11000000.0,0.999,1.0,0.996,same_club
5249,Emil Forsberg,GER,2023-24,RasenBallsport Leipzig,M S,14,449,2,2,1,12,6,1.626,0.868,0.852,4.331,2.926,0,0,111078,Emil Forsberg,1991-10-23,31.86,177.0,right,Attack,Left Winger,Sweden,Sweden,14,460,2,1,23826,RB Leipzig,958,7000000.0,5000000.0,0.993,1.0,0.976,same_club
5298,Arne Maier,GER,2023-24,Augsburg,M S,22,981,2,2,4,22,27,1.195,1.195,2.215,4.212,2.575,0,0,296397,Arne Maier,1999-01-08,24.65,186.0,right,Midfield,Central Midfield,Germany,Germany,22,998,2,3,167,FC Augsburg,1059,6500000.0,5000000.0,0.995,1.0,0.983,same_club
6100,Felix Uduokhai,GER,2023-24,Augsburg,D,33,2930,2,2,0,13,9,2.064,2.064,0.584,8.342,6.876,3,1,278343,Felix Uduokhai,1997-09-09,25.98,193.0,left,Defender,Centre-Back,Germany,Germany,33,2922,2,0,167,FC Augsburg,2922,8500000.0,7000000.0,0.999,1.0,0.997,same_club
6273,Robin Koch,GER,2023-24,Eintracht Frankfurt,D,31,2742,2,2,0,24,5,3.794,3.794,0.388,10.042,8.559,10,0,328784,Robin Koch,1996-07-17,27.12,192.0,right,Defender,Centre-Back,Germany,Germany,31,2740,2,0,24,Eintracht Frankfurt,3142,18000000.0,18000000.0,1.0,1.0,0.999,same_club
6345,Jadon Sancho,GER,2023-24,Borussia Dortmund,F M S,14,983,2,2,2,9,25,1.285,1.285,3.42,7.454,4.485,1,0,401173,Jadon Sancho,2000-03-25,23.44,180.0,right,Attack,Left Winger,England,England,14,954,2,3,16,Borussia Dortmund,1593,45000000.0,30000000.0,0.973,1.0,0.911,same_club
6345,Jadon Sancho,GER,2023-24,Borussia Dortmund,F M S,14,983,2,2,2,9,25,1.285,1.285,3.42,7.454,4.485,1,0,401173,Jadon Sancho,2000-03-25,23.44,180.0,right,Attack,Left Winger,England,England,14,954,2,3,16,Borussia Dortmund,1593,45000000.0,30000000.0,0.991,1.0,0.97,same_club
6380,Anthony Caci,GER,2023-24,Mainz 05,D S,31,2506,2,2,3,31,25,1.863,1.863,2.94,9.771,6.269,8,0,453016,Anthony Caci,1997-07-01,26.17,184.0,both,Defender,Right-Back,France,France,31,2493,2,3,39,1.FSV Mainz 05,2663,8500000.0,7000000.0,0.998,1.0,0.995,same_club
6445,Elvis Rexhbecaj,GER,2023-24,Augsburg,M S,25,2025,2,1,0,28,12,1.593,0.835,0.511,5.118,3.973,4,0,280575,Elvis Rexhbecaj,1997-11-01,25.83,182.0,left,Midfield,Central Midfield,Kosovo,Yugoslavia (Republic),25,1995,2,0,167,FC Augsburg,2024,3500000.0,3500000.0,0.996,1.0,0.985,same_club
6626,Joshua Vagnoman,GER,2023-24,VfB Stuttgart,D M S,18,1147,2,2,2,17,7,1.702,1.702,1.509,7.624,5.904,2,0,448258,Josha Vagnoman,2000-12-11,22.72,190.0,right,Defender,Right-Back,Germany,Germany,18,1182,2,2,79,VfB Stuttgart,1353,8000000.0,10000000.0,0.97,0.966,0.97,same_club
6905,Ludovic Ajorque,GER,2023-24,Mainz 05,F S,26,1347,2,2,0,30,15,5.716,4.2,0.859,6.111,2.059,4,0,283994,Ludovic Ajorque,1994-02-25,29.51,196.0,left,Attack,Centre-Forward,France,Réunion,26,1356,2,0,39,1.FSV Mainz 05,1478,9000000.0,3000000.0,0.998,1.0,0.993,same_club
7197,Fredrik Jensen,GER,2023-24,Augsburg,M S,22,1393,2,2,5,14,32,1.329,1.329,5.257,7.159,2.832,1,0,249157,Fredrik Jensen,1997-09-09,25.98,183.0,right,Midfield,Attacking Midfield,Finland,Finland,22,1352,2,5,167,FC Augsburg,1352,2500000.0,3500000.0,0.991,1.0,0.971,same_club
7267,Woo-Yeong Jeong,GER,2023-24,VfB Stuttgart,M S,26,552,2,2,3,18,9,2.606,2.606,2.102,7.996,3.449,1,0,297583,Woo-yeong Jeong,1999-09-20,23.95,179.0,right,Midfield,Attacking Midfield,"Korea, South","Korea, South",26,619,2,3,79,VfB Stuttgart,715,3500000.0,3500000.0,0.968,1.0,0.892,same_club
7345,Alphonso Davies,GER,2023-24,Bayern Munich,D S,29,2080,2,2,5,13,37,0.839,0.839,3.291,17.92,15.283,0,0,424204,Alphonso Davies,2000-11-02,22.83,183.0,left,Defender,Left-Back,Canada,Ghana,29,2067,2,6,27,Bayern Munich,3013,70000000.0,50000000.0,0.998,1.0,0.994,same_club
7366,Maximilian Wöber,GER,2023-24,Borussia M.Gladbach,D S,25,2104,2,2,3,19,12,1.566,1.566,1.224,7.774,7.407,2,1,263361,Maximilian Wöber,1998-02-04,25.57,188.0,left,Defender,Centre-Back,Austria,Austria,25,2072,2,3,18,Borussia Mönchengladbach,2238,14000000.0,10000000.0,0.995,1.0,0.985,same_club
7485,Nico Schlotterbeck,GER,2023-24,Borussia Dortmund,D S,33,2865,2,2,1,26,16,3.536,3.536,2.055,12.025,10.594,4,0,388198,Nico Schlotterbeck,1999-12-01,23.75,191.0,left,Defender,Centre-Back,Germany,Germany,33,2861,2,3,16,Borussia Dortmund,4078,40000000.0,40000000.0,1.0,1.0,0.999,same_club
7501,Amadou Haidara,GER,2023-24,RasenBallsport Leipzig,M S,21,1582,2,2,1,21,17,0.992,0.992,1.624,12.831,10.556,5,0,402008,Amadou Haidara,1998-01-31,25.58,178.0,right,Midfield,Central Midfield,Mali,Mali,21,1539,2,2,23826,RB Leipzig,1886,17000000.0,20000000.0,0.992,1.0,0.973,same_club
7551,Mohamed Simakan,GER,2023-24,RasenBallsport Leipzig,D S,32,2147,2,2,3,30,15,3.792,3.792,2.594,13.175,10.862,8,0,666234,Mohamed Simakan,2000-05-03,23.33,187.0,right,Defender,Centre-Back,France,France,32,2140,2,4,23826,RB Leipzig,2853,25000000.0,35000000.0,0.999,1.0,0.997,same_club
7798,Christopher Antwi-Adjei,GER,2023-24,Bochum,F M S,25,1229,2,2,2,29,23,1.971,1.971,3.855,6.187,1.159,6,0,289182,Christopher Antwi-Adjei,1994-02-07,29.56,174.0,right,Attack,Left Winger,Ghana,Germany,25,1221,2,2,80,VfL Bochum,1304,2200000.0,1200000.0,0.998,1.0,0.993,same_club
7799,Sven Michel,GER,2023-24,Augsburg,F M S,22,552,2,1,1,14,12,2.414,0.899,0.998,1.823,0.093,2,0,186988,Sven Michel,1990-07-15,33.13,177.0,left,Attack,Left Winger,Germany,Germany,22,572,2,1,167,FC Augsburg,649,900000.0,700000.0,0.99,1.0,0.965,same_club
7902,Matthijs de Ligt,GER,2023-24,Bayern Munich,D S,22,1390,2,2,0,14,3,1.95,1.95,0.175,13.828,13.669,5,0,326031,Matthijs de Ligt,1999-08-12,24.05,189.0,right,Defender,Centre-Back,Netherlands,Netherlands,22,1387,2,0,27,Bayern Munich,1924,75000000.0,65000000.0,0.999,1.0,0.998,same_club
8117,Nick Woltemade,GER,2023-24,Werder Bremen,F M S,30,1170,2,2,0,21,24,2.118,2.118,1.358,7.065,4.378,1,0,455661,Nick Woltemade,2002-02-14,21.54,198.0,right,Attack,Centre-Forward,Germany,Germany,30,1184,2,0,86,SV Werder Bremen,1184,1500000.0,4000000.0,0.996,1.0,0.988,same_club
8392,Julian Justvan,GER,2023-24,"Darmstadt,Hoffenheim",F M S,18,1046,2,2,2,17,24,0.684,0.684,2.797,3.558,0.815,1,0,324861,Julian Justvan,1998-04-02,25.42,177.0,left,Midfield,Attacking Midfield,Germany,Germany,18,1070,2,2,"105,533","SV Darmstadt 98,TSG 1899 Hoffenheim",1099,1500000.0,1500000.0,0.993,1.0,0.978,same_club
9233,Joakim Maehle,GER,2023-24,Wolfsburg,D M S,30,2464,2,2,3,20,22,1.698,1.698,3.132,10.414,8.042,5,0,369674,Joakim Maehle,1997-05-20,26.28,185.0,right,Defender,Left-Back,Denmark,Denmark,30,2455,2,4,82,VfL Wolfsburg,2681,14000000.0,14000000.0,0.999,1.0,0.996,same_club
9711,Patrick Osterhage,GER,2023-24,Bochum,D M S,24,1870,2,2,1,21,13,1.269,1.269,0.7,5.741,4.423,5,0,443331,Patrick Osterhage,2000-02-01,23.58,186.0,left,Midfield,Defensive Midfield,Germany,Germany,24,1863,2,2,80,VfL Bochum,1878,4000000.0,7000000.0,0.999,1.0,0.996,same_club
9724,David Raum,GER,2023-24,RasenBallsport Leipzig,D M,31,2761,2,2,8,14,68,1.164,1.164,8.823,19.402,15.504,6,0,318204,David Raum,1998-04-22,25.36,181.0,left,Defender,Left-Back,Germany,Germany,31,2745,2,10,23826,RB Leipzig,3555,14000000.0,20000000.0,0.998,1.0,0.994,same_club
9730,Patrick Wimmer,GER,2023-24,Wolfsburg,F M S,14,604,2,2,0,10,4,1.811,1.811,0.1,2.134,1.186,3,1,533295,Patrick Wimmer,2001-05-30,22.26,182.0,right,Attack,Right Winger,Austria,Austria,14,594,2,0,82,VfL Wolfsburg,624,18000000.0,15000000.0,0.995,1.0,0.983,same_club
9910,Anton Stach,GER,2023-24,"Hoffenheim,Mainz 05",M S,33,2523,2,2,3,40,21,1.948,1.948,3.386,10.367,7.443,4,0,344069,Anton Stach,1998-11-15,24.79,194.0,right,Midfield,Defensive Midfield,Germany,Germany,33,2497,2,4,"39,533","1.FSV Mainz 05,TSG 1899 Hoffenheim",2677,15000000.0,15000000.0,0.997,1.0,0.99,same_club
9986,Kristijan Jakic,GER,2023-24,"Augsburg,Eintracht Frankfurt",M S,18,1253,2,2,1,14,8,0.68,0.68,0.513,3.743,2.993,5,0,374954,Kristijan Jakic,1997-05-14,26.3,181.0,right,Midfield,Defensive Midfield,Croatia,Croatia,18,1253,2,1,"24,167","Eintracht Frankfurt,FC Augsburg",1297,7000000.0,6500000.0,1.0,1.0,1.0,same_club
10725,Danilho Doekhi,GER,2023-24,Union Berlin,D,24,2160,2,2,0,16,4,1.211,1.211,0.192,4.428,4.25,2,0,387047,Danilho Doekhi,1998-06-30,25.17,190.0,right,Defender,Centre-Back,Netherlands,Netherlands,24,2160,2,0,89,1.FC Union Berlin,2510,17000000.0,17000000.0,1.0,1.0,1.0,same_club
10751,Brenden Aaronson,GER,2023-24,Union Berlin,F M S,30,1203,2,2,2,19,22,2.38,2.38,2.728,7.426,3.352,1,1,393323,Brenden Aaronson,2000-10-22,22.86,177.0,right,Midfield,Attacking Midfield,United States,United States,30,1263,2,2,89,1.FC Union Berlin,1446,25000000.0,12000000.0,0.986,1.0,0.952,same_club
10774,Adam Hlozek,GER,2023-24,Bayer Leverkusen,F M S,23,429,2,2,3,18,9,3.049,3.049,1.45,6.154,1.806,1,0,552057,Adam Hlozek,2002-07-25,21.1,188.0,right,Attack,Centre-Forward,Czech Republic,Czech Republic,23,452,2,3,15,Bayer 04 Leverkusen,1011,18000000.0,12000000.0,0.985,1.0,0.949,same_club
10792,Farès Chaïbi,GER,2023-24,Eintracht Frankfurt,F M S,28,1937,2,2,4,40,50,4.54,4.54,7.007,11.821,4.844,2,0,855015,Farès Chaïbi,2002-11-28,20.76,183.0,right,Midfield,Attacking Midfield,Algeria,France,28,1923,2,6,24,Eintracht Frankfurt,2151,10000000.0,18000000.0,0.977,1.0,0.922,same_club
10792,Farès Chaïbi,GER,2023-24,Eintracht Frankfurt,F M S,28,1937,2,2,4,40,50,4.54,4.54,7.007,11.821,4.844,2,0,855015,Farès Chaïbi,2002-11-28,20.76,183.0,right,Midfield,Attacking Midfield,Algeria,France,28,1923,2,6,24,Eintracht Frankfurt,2151,10000000.0,18000000.0,0.998,1.0,0.993,same_club
11324,Dion Beljo,GER,2023-24,Augsburg,F M S,26,506,2,2,0,19,8,3.423,3.423,0.412,4.547,0.963,2,0,618350,Dion Beljo,2002-03-01,21.5,195.0,left,Attack,Centre-Forward,Croatia,Croatia,26,561,2,0,167,FC Augsburg,590,6500000.0,4000000.0,0.971,1.0,0.902,same_club
11331,Merlin Röhl,GER,2023-24,Freiburg,F M S,24,1509,2,2,3,24,18,3.107,3.107,2.434,8.705,3.557,3,1,608832,Merlin Röhl,2002-07-05,21.16,192.0,right,Midfield,Attacking Midfield,Germany,Germany,24,1484,2,4,60,SC Freiburg,1869,2000000.0,12000000.0,0.995,1.0,0.983,same_club
11336,Moritz Broschinski,GER,2023-24,Bochum,F M S,26,1249,2,2,2,26,15,2.911,2.911,2.345,6.101,1.953,4,0,406973,Moritz Broschinski,2000-09-23,22.94,190.0,right,Attack,Centre-Forward,Germany,Germany,26,1245,2,4,80,VfL Bochum,1296,1000000.0,3000000.0,0.999,1.0,0.997,same_club
11411,Damion Downs,GER,2023-24,FC Cologne,S,10,147,2,2,0,5,0,1.175,1.175,0.0,1.336,0.552,0,0,820241,Damion Downs,2004-07-06,19.15,192.0,right,Attack,Centre-Forward,United States,Germany,10,173,2,0,3,1.FC Köln,173,250000.0,2000000.0,0.955,1.0,0.85,same_club
11547,Aleksandar Pavlovic,GER,2023-24,Bayern Munich,M S,19,1226,2,2,2,8,11,1.345,1.345,1.513,7.815,6.84,6,0,792380,Aleksandar Pavlovic,2004-05-03,19.33,188.0,both,Midfield,Defensive Midfield,Germany,Germany,19,1229,2,2,27,Bayern Munich,1435,200000.0,30000000.0,0.999,1.0,0.998,same_club
11807,Ian Maatsen,GER,2023-24,Borussia Dortmund,D S,16,1288,2,2,2,11,8,0.849,0.849,1.495,8.603,7.318,5,0,485585,Ian Maatsen,2002-03-10,21.48,178.0,left,Defender,Left-Back,Netherlands,Netherlands,16,1269,2,2,16,Borussia Dortmund,2100,12000000.0,40000000.0,0.952,1.0,0.841,same_club
11807,Ian Maatsen,GER,2023-24,Borussia Dortmund,D S,16,1288,2,2,2,11,8,0.849,0.849,1.495,8.603,7.318,5,0,485585,Ian Maatsen,2002-03-10,21.48,178.0,left,Defender,Left-Back,Netherlands,Netherlands,16,1269,2,2,16,Borussia Dortmund,2100,12000000.0,40000000.0,0.996,1.0,0.985,same_club
11853,Patrick Mainka,GER,2023-24,FC Heidenheim,D,34,3060,2,2,0,29,3,3.592,3.592,0.087,2.335,2.202,1,0,133731,Patrick Mainka,1994-11-06,28.82,194.0,right,Defender,Centre-Back,Germany,Germany,34,3060,2,0,2036,1. Fußballclub Heidenheim 1846,3240,2000000.0,2500000.0,1.0,1.0,1.0,same_club
11865,Jan Schöppner,GER,2023-24,FC Heidenheim,M S,26,2000,2,2,2,17,14,0.838,0.838,1.751,4.881,2.866,3,0,581357,Jan Schöppner,1999-06-12,24.22,190.0,right,Midfield,Central Midfield,Germany,Germany,26,2000,2,2,2036,1. Fußballclub Heidenheim 1846,2045,1500000.0,3000000.0,1.0,1.0,1.0,same_club
11911,Hugo Larsson,GER,2023-24,Eintracht Frankfurt,M S,29,1883,2,2,1,10,10,1.079,1.079,1.792,6.495,4.085,1,0,931838,Hugo Larsson,2004-06-27,19.18,187.0,right,Midfield,Central Midfield,Sweden,Sweden,29,1887,2,1,24,Eintracht Frankfurt,2063,9000000.0,28000000.0,0.999,1.0,0.998,same_club
11913,Christoph Klarer,GER,2023-24,Darmstadt,D S,30,2397,2,2,2,9,12,1.721,1.721,1.46,3.122,2.65,9,0,346849,Christoph Klarer,2000-06-14,23.21,191.0,right,Defender,Centre-Back,Austria,Austria,30,2356,2,2,105,SV Darmstadt 98,2431,2200000.0,3000000.0,0.995,1.0,0.983,same_club
12028,Olivier Deman,GER,2023-24,Werder Bremen,D M S,29,1343,2,2,1,17,13,1.644,1.644,1.276,5.017,2.817,5,0,621802,Olivier Deman,2000-04-06,23.4,181.0,left,Defender,Left-Back,Belgium,Belgium,29,1360,2,1,86,SV Werder Bremen,1741,3000000.0,5000000.0,0.996,1.0,0.988,same_club
75,Niklas Süle,GER,2023-24,Borussia Dortmund,D S,23,1488,1,1,0,7,4,0.737,0.737,0.111,5.144,4.969,0,0,166601,Niklas Süle,1995-09-03,27.99,195.0,right,Defender,Centre-Back,Germany,Germany,23,1508,1,0,16,Borussia Dortmund,2022,35000000.0,15000000.0,0.996,1.0,0.987,same_club
82,Nadiem Amiri,GER,2023-24,"Bayer Leverkusen,Mainz 05",M S,23,1412,1,1,4,39,51,2.392,1.634,5.076,7.325,5.173,5,0,232454,Nadiem Amiri,1996-10-27,26.84,180.0,right,Midfield,Central Midfield,Germany,Germany,23,1401,1,4,"15,39","Bayer 04 Leverkusen,1.FSV Mainz 05",1465,6000000.0,7000000.0,0.998,1.0,0.992,same_club
116,Florian Grillitsch,GER,2023-24,Hoffenheim,D M S,30,2299,1,1,6,21,19,0.901,0.901,1.513,13.645,12.218,8,0,195736,Florian Grillitsch,1995-08-07,28.07,186.0,right,Midfield,Defensive Midfield,Austria,Austria,30,2297,1,6,533,TSG 1899 Hoffenheim,2373,6500000.0,6500000.0,1.0,1.0,0.999,same_club
125,Maximilian Eggestein,GER,2023-24,Freiburg,M,33,2926,1,1,1,39,25,2.301,2.301,2.667,11.088,7.465,6,0,190284,Maximilian Eggestein,1996-12-08,26.73,181.0,right,Midfield,Central Midfield,Germany,Germany,33,2919,1,2,60,SC Freiburg,3961,10000000.0,10000000.0,0.999,1.0,0.998,same_club
161,Robin Knoche,GER,2023-24,Union Berlin,D S,24,1920,1,1,0,8,3,1.396,0.638,0.308,3.995,3.888,1,0,94201,Robin Knoche,1992-05-22,31.28,189.0,right,Defender,Centre-Back,Germany,Germany,24,1918,1,0,89,1.FC Union Berlin,2368,5000000.0,2500000.0,1.0,1.0,0.999,same_club
188,Kevin Kampl,GER,2023-24,RasenBallsport Leipzig,M S,26,1348,1,1,0,6,14,0.19,0.19,1.156,6.405,5.421,3,0,53418,Kevin Kampl,1990-10-09,32.9,178.0,right,Midfield,Central Midfield,Slovenia,Germany,26,1359,1,0,23826,RB Leipzig,1746,3500000.0,3500000.0,0.998,1.0,0.992,same_club
205,Mahmoud Dahoud,GER,2023-24,VfB Stuttgart,M S,13,160,1,1,0,2,7,0.474,0.474,0.593,4.059,3.538,0,0,191422,Mahmoud Dahoud,1996-01-01,27.67,178.0,right,Midfield,Central Midfield,Syria,Syria,13,217,1,0,79,VfB Stuttgart,840,12000000.0,6000000.0,0.995,1.0,0.983,same_club
205,Mahmoud Dahoud,GER,2023-24,VfB Stuttgart,M S,13,160,1,1,0,2,7,0.474,0.474,0.593,4.059,3.538,0,0,191422,Mahmoud Dahoud,1996-01-01,27.67,178.0,right,Midfield,Central Midfield,Syria,Syria,13,217,1,0,79,VfB Stuttgart,840,12000000.0,6000000.0,0.921,1.0,0.737,same_club
223,Joshua Kimmich,GER,2023-24,Bayern Munich,D M S,28,2225,1,1,6,25,73,1.243,1.243,7.947,23.675,19.971,1,1,161056,Joshua Kimmich,1995-02-08,28.56,177.0,right,Midfield,Defensive Midfield,Germany,Germany,28,2192,1,7,27,Bayern Munich,3503,75000000.0,50000000.0,0.996,1.0,0.985,same_club
262,Leonardo Bittencourt,GER,2023-24,Werder Bremen,M S,29,1600,1,1,2,31,26,3.068,3.068,3.055,9.704,4.665,8,0,93844,Leonardo Bittencourt,1993-12-19,29.7,171.0,right,Midfield,Central Midfield,Germany,Germany,29,1584,1,2,86,SV Werder Bremen,1655,2800000.0,2500000.0,0.997,1.0,0.99,same_club
267,Philipp Max,GER,2023-24,Eintracht Frankfurt,D S,23,1388,1,1,2,8,20,0.179,0.179,2.86,6.712,4.351,2,0,111275,Philipp Max,1993-09-30,29.92,177.0,left,Defender,Left-Back,Germany,Germany,23,1359,1,4,24,Eintracht Frankfurt,1501,3000000.0,2000000.0,0.994,1.0,0.979,same_club
269,Dominik Kohr,GER,2023-24,Mainz 05,D M S,31,2216,1,1,0,25,15,1.902,1.902,0.874,5.235,3.878,13,1,118847,Dominik Kohr,1994-01-31,29.58,183.0,right,Defender,Centre-Back,Germany,Germany,31,2190,1,0,39,1.FSV Mainz 05,2300,3500000.0,3000000.0,0.996,1.0,0.988,same_club
378,Milos Pantovic,GER,2023-24,Union Berlin,S,1,9,1,1,0,1,0,0.562,0.562,0.0,0.562,0.0,0,0,232144,Milos Pantovic,1996-07-07,27.15,185.0,right,Midfield,Attacking Midfield,Serbia,Germany,1,14,1,0,89,1.FC Union Berlin,1308,1500000.0,800000.0,0.983,1.0,0.944,same_club
435,Benjamin Henrichs,GER,2023-24,RasenBallsport Leipzig,D M S,33,2539,1,1,5,36,40,2.718,2.718,5.07,18.744,14.129,5,0,202591,Benjamin Henrichs,1997-02-23,26.52,185.0,right,Defender,Right-Back,Germany,Germany,33,2531,1,5,23826,RB Leipzig,3289,15000000.0,20000000.0,0.999,1.0,0.997,same_club
1139,Silvan Widmer,GER,2023-24,Mainz 05,D M S,20,1226,1,1,3,14,15,1.191,1.191,3.63,7.669,4.941,4,0,168989,Silvan Widmer,1993-03-05,30.49,183.0,right,Defender,Right-Back,Switzerland,Switzerland,20,1245,1,3,39,1.FSV Mainz 05,1245,3500000.0,3000000.0,0.995,1.0,0.985,same_club
1287,Leonardo Bonucci,GER,2023-24,Union Berlin,D S,7,467,1,0,0,1,2,0.758,0.0,0.293,1.457,1.457,0,0,39983,Leonardo Bonucci,1987-05-01,36.34,189.0,right,Defender,Centre-Back,Italy,Italy,7,463,1,0,89,1.FC Union Berlin,920,1500000.0,1000000.0,0.997,1.0,0.991,same_club
2611,Philipp Lienhart,GER,2023-24,Freiburg,D S,15,1265,1,1,0,7,3,1.894,1.894,0.998,2.905,2.545,3,0,225657,Philipp Lienhart,1996-07-11,27.14,189.0,right,Defender,Centre-Back,Austria,Austria,15,1265,1,0,60,SC Freiburg,1815,20000000.0,15000000.0,1.0,1.0,1.0,same_club
2631,Karim Onisiwo,GER,2023-24,Mainz 05,F M S,24,1513,1,1,3,33,16,2.483,2.483,1.909,5.309,2.115,1,0,119234,Karim Onisiwo,1992-03-17,31.46,188.0,right,Attack,Centre-Forward,Austria,Austria,24,1497,1,3,39,1.FSV Mainz 05,1677,3500000.0,1500000.0,0.997,1.0,0.989,same_club
2665,Jeffrey Gouweleeuw,GER,2023-24,Augsburg,D S,30,2595,1,1,0,23,15,1.047,1.047,1.606,6.97,6.029,7,0,106405,Jeffrey Gouweleeuw,1991-07-10,32.15,188.0,right,Defender,Centre-Back,Netherlands,Netherlands,30,2594,1,1,167,FC Augsburg,2594,3000000.0,2000000.0,1.0,1.0,1.0,same_club
4243,Christian Günter,GER,2023-24,Freiburg,D M S,15,1059,1,1,2,6,18,0.505,0.505,2.26,4.3,3.023,1,0,93707,Christian Günter,1993-02-28,30.51,184.0,left,Defender,Left-Back,Germany,Germany,15,1066,1,3,60,SC Freiburg,1300,7500000.0,5000000.0,0.998,1.0,0.993,same_club
4247,Maximilian Philipp,GER,2023-24,Freiburg,F S,17,267,1,1,0,9,3,0.627,0.627,0.444,1.279,0.36,2,0,143891,Maximilian Philipp,1994-03-01,29.5,183.0,right,Attack,Second Striker,Germany,Germany,17,310,1,0,60,SC Freiburg,410,2000000.0,2000000.0,0.958,1.0,0.861,same_club
4250,Nicolas Höfler,GER,2023-24,Freiburg,D M S,28,2340,1,1,1,16,9,0.855,0.855,0.306,5.147,4.745,10,1,55099,Nicolas Höfler,1990-03-09,33.48,181.0,right,Midfield,Defensive Midfield,Germany,Germany,28,2333,1,1,60,SC Freiburg,3348,2500000.0,2000000.0,0.999,1.0,0.997,same_club
4271,Janik Haberer,GER,2023-24,Union Berlin,D M S,21,1230,1,1,1,15,10,1.052,1.052,0.801,3.138,2.247,7,0,177779,Janik Haberer,1994-04-02,29.42,187.0,right,Midfield,Central Midfield,Germany,Germany,21,1222,1,1,89,1.FC Union Berlin,1611,7000000.0,3000000.0,0.998,1.0,0.993,same_club
5217,Anthony Jung,GER,2023-24,Werder Bremen,D M S,31,2591,1,1,0,5,7,0.681,0.681,0.324,9.421,9.088,3,1,58995,Anthony Jung,1991-11-03,31.83,186.0,left,Defender,Centre-Back,Germany,Spain,31,2582,1,0,86,SV Werder Bremen,2672,1500000.0,1000000.0,0.999,1.0,0.997,same_club
5235,Aymen Barkok,GER,2023-24,Mainz 05,M S,13,286,1,1,0,12,5,2.205,1.447,0.392,1.8,0.354,2,0,315332,Aymen Barkok,1998-05-21,25.28,189.0,right,Midfield,Attacking Midfield,Morocco,Germany,13,312,1,1,39,1.FSV Mainz 05,460,2000000.0,1000000.0,0.975,1.0,0.917,same_club
5243,Dayotchanculle Upamecano,GER,2023-24,Bayern Munich,D S,25,1777,1,1,0,12,6,1.954,1.954,0.615,13.3,12.805,1,1,344695,Dayot Upamecano,1998-10-27,24.85,186.0,right,Defender,Centre-Back,France,France,25,1770,1,0,27,Bayern Munich,2360,60000000.0,45000000.0,0.969,0.95,0.996,same_club
5245,Bernardo,GER,2023-24,Bochum,D,33,2928,1,1,0,29,12,1.866,1.866,0.469,7.205,6.138,9,0,364258,Bernardo,1995-05-14,28.3,186.0,left,Defender,Left-Back,Brazil,Brazil,33,2925,1,0,80,VfL Bochum,3045,2500000.0,5500000.0,1.0,1.0,0.999,same_club
5263,Lukas Kübler,GER,2023-24,Freiburg,D S,26,1862,1,1,0,8,5,0.553,0.553,0.258,4.734,4.273,7,0,93604,Lukas Kübler,1992-08-30,31.0,182.0,right,Defender,Right-Back,Germany,Germany,26,1848,1,0,60,SC Freiburg,2287,2500000.0,2000000.0,0.998,1.0,0.992,same_club
5292,Manuel Gulde,GER,2023-24,Freiburg,D S,27,2052,1,1,0,12,3,1.311,1.311,0.106,7.105,7.074,3,1,45683,Manuel Gulde,1991-02-12,32.55,184.0,right,Defender,Centre-Back,Germany,Germany,27,2048,1,0,60,SC Freiburg,2714,1500000.0,1500000.0,0.999,1.0,0.998,same_club
5306,Aaron Seydel,GER,2023-24,Darmstadt,F S,16,581,1,1,0,14,8,1.19,1.19,0.502,2.638,1.25,1,0,187499,Aaron Seydel,1996-02-07,27.56,199.0,left,Attack,Centre-Forward,Germany,Germany,16,615,1,0,105,SV Darmstadt 98,615,500000.0,500000.0,0.983,1.0,0.945,same_club
5340,Marco Friedl,GER,2023-24,Werder Bremen,D,25,2207,1,1,0,7,1,0.228,0.228,0.091,2.774,2.636,6,0,156990,Marco Friedl,1998-03-16,25.46,187.0,left,Defender,Centre-Back,Austria,Austria,25,2198,1,1,86,SV Werder Bremen,2199,7000000.0,7500000.0,0.999,1.0,0.996,same_club
5358,Lukas Klostermann,GER,2023-24,RasenBallsport Leipzig,D S,25,1423,1,1,0,6,5,1.114,1.114,0.437,6.337,6.201,3,0,215599,Lukas Klostermann,1996-06-03,27.24,189.0,right,Defender,Centre-Back,Germany,Germany,25,1432,1,0,23826,RB Leipzig,1970,12000000.0,8000000.0,0.998,1.0,0.994,same_club
5743,Randal Kolo Muani,GER,2023-24,Eintracht Frankfurt,F,2,162,1,1,0,5,0,1.239,1.239,0.0,1.348,0.142,0,0,487969,Randal Kolo Muani,1998-12-05,24.74,187.0,right,Attack,Centre-Forward,France,France,2,155,1,0,24,Eintracht Frankfurt,2049,80000000.0,45000000.0,0.999,1.0,0.998,same_club
5743,Randal Kolo Muani,GER,2023-24,Eintracht Frankfurt,F,2,162,1,1,0,5,0,1.239,1.239,0.0,1.348,0.142,0,0,487969,Randal Kolo Muani,1998-12-05,24.74,187.0,right,Attack,Centre-Forward,France,France,2,155,1,0,24,Eintracht Frankfurt,2049,80000000.0,45000000.0,0.987,1.0,0.957,same_club
6103,Dan-Axel Zagadou,GER,2023-24,VfB Stuttgart,D S,19,1444,1,1,0,11,3,1.144,1.144,0.149,6.56,6.354,1,0,344598,Dan-Axel Zagadou,1999-06-03,24.25,196.0,left,Defender,Centre-Back,France,France,19,1452,1,0,79,VfB Stuttgart,1722,2500000.0,10000000.0,0.998,1.0,0.994,same_club
6312,Rogerio,GER,2023-24,Wolfsburg,D S,13,914,1,1,0,4,6,0.45,0.45,0.429,4.382,3.606,0,0,401527,Rogério,1998-01-13,25.63,178.0,left,Defender,Left-Back,Brazil,Brazil,13,906,1,0,82,VfL Wolfsburg,998,5500000.0,5000000.0,0.997,1.0,0.991,same_club
6357,Marco Richter,GER,2023-24,Mainz 05,M S,20,679,1,1,0,38,12,2.062,2.062,1.979,3.921,1.146,3,0,279009,Marco Richter,1997-11-24,25.77,176.0,right,Midfield,Attacking Midfield,Germany,Germany,20,712,1,0,39,1.FSV Mainz 05,813,5000000.0,2000000.0,0.986,1.0,0.954,same_club
6544,Lukas Nmecha,GER,2023-24,Wolfsburg,S,3,23,1,1,0,1,1,0.131,0.131,0.021,0.042,0.021,0,0,314288,Lukas Nmecha,1998-12-14,24.71,185.0,right,Attack,Centre-Forward,Germany,Germany,3,39,1,0,82,VfL Wolfsburg,82,12000000.0,5000000.0,0.947,1.0,0.822,same_club
6638,Linton Maina,GER,2023-24,FC Cologne,F M S,31,1911,1,1,3,33,21,2.223,2.223,3.356,8.13,3.746,4,0,335103,Linton Maina,1999-06-23,24.19,180.0,right,Attack,Left Winger,Germany,Germany,31,1907,1,3,3,1.FC Köln,1976,6000000.0,3000000.0,0.999,1.0,0.998,same_club
6708,Bote Baku,GER,2023-24,Wolfsburg,D F M S,33,1989,1,1,0,27,28,2.036,2.036,3.348,9.37,5.987,4,0,327251,Ridle Baku,1998-04-08,25.4,176.0,right,Defender,Right-Back,Germany,Germany,33,2014,1,0,82,VfL Wolfsburg,2215,13000000.0,7000000.0,0.966,0.95,0.988,same_club
6974,Mattias Svanberg,GER,2023-24,Wolfsburg,M S,25,1764,1,1,3,42,26,2.856,2.856,2.829,8.329,4.604,8,0,342405,Mattias Svanberg,1999-01-05,24.65,186.0,right,Midfield,Central Midfield,Sweden,Sweden,25,1726,1,4,82,VfL Wolfsburg,1869,18000000.0,12000000.0,0.994,1.0,0.978,same_club
7106,Philipp Mwene,GER,2023-24,Mainz 05,D M,23,2021,1,1,2,24,23,1.428,1.428,2.306,6.641,4.366,4,1,127573,Phillipp Mwene,1994-01-29,29.59,170.0,right,Defender,Left-Back,Austria,Austria,23,2003,1,2,39,1.FSV Mainz 05,2003,3000000.0,1800000.0,0.975,0.963,0.991,same_club
7410,Andras Schafer,GER,2023-24,Union Berlin,D M S,20,1264,1,1,2,21,18,1.744,1.744,2.118,5.693,2.863,1,1,454863,András Schäfer,1999-04-13,24.39,178.0,right,Midfield,Central Midfield,Hungary,Hungary,20,1219,1,2,89,1.FC Union Berlin,1219,5000000.0,5000000.0,0.989,1.0,0.964,same_club
7482,Kouadio Kone,GER,2023-24,Borussia M.Gladbach,M S,22,1585,1,1,0,23,24,1.228,1.228,1.234,8.967,7.069,4,1,624690,Manu Koné,2001-05-17,22.29,185.0,right,Midfield,Central Midfield,France,France,22,1567,1,2,18,Borussia Mönchengladbach,1717,40000000.0,20000000.0,0.967,0.95,0.989,same_club
7524,Tuta,GER,2023-24,Eintracht Frankfurt,D M,30,2617,1,1,2,18,12,1.643,1.643,2.177,8.827,6.959,1,2,546213,Tuta,1999-07-04,24.16,185.0,right,Defender,Centre-Back,Brazil,Brazil,30,2607,1,2,24,Eintracht Frankfurt,2943,15000000.0,12000000.0,0.999,1.0,0.996,same_club
7632,Ivan Ordets,GER,2023-24,Bochum,D S,24,1870,1,1,0,16,4,1.063,1.063,0.426,1.826,1.629,4,0,118850,Ivan Ordets,1992-07-08,31.15,195.0,right,Defender,Centre-Back,Ukraine,Ukraine,24,1878,1,1,80,VfL Bochum,1998,3000000.0,2500000.0,0.999,1.0,0.996,same_club
7793,Matthias Bader,GER,2023-24,Darmstadt,D M S,24,1825,1,1,2,17,18,0.739,0.739,2.271,6.16,4.311,1,0,237162,Matthias Bader,1997-06-17,26.21,176.0,right,Defender,Right-Back,Germany,Germany,24,1808,1,2,105,SV Darmstadt 98,1808,2000000.0,1800000.0,0.997,1.0,0.991,same_club
7809,Mads Pedersen,GER,2023-24,Augsburg,D M S,27,1762,1,1,1,14,13,0.689,0.689,1.295,4.514,2.944,5,1,288429,Mads Pedersen,1996-09-01,27.0,178.0,left,Defender,Left-Back,Denmark,Denmark,27,1784,1,1,167,FC Augsburg,1829,3500000.0,2500000.0,0.996,1.0,0.988,same_club
7879,Marius Bülter,GER,2023-24,Hoffenheim,D F M S,30,1331,1,1,4,22,22,1.895,1.895,3.47,9.167,5.122,1,1,116088,Marius Bülter,1993-03-29,30.43,188.0,right,Attack,Left Winger,Germany,Germany,30,1347,1,4,533,TSG 1899 Hoffenheim,1515,3000000.0,2500000.0,0.996,1.0,0.988,same_club
7900,Sargis Adamyan,GER,2023-24,FC Cologne,F M S,20,795,1,1,2,31,12,5.122,5.122,2.355,6.304,2.052,2,0,125614,Sargis Adamyan,1993-05-23,30.28,184.0,right,Attack,Centre-Forward,Armenia,Armenia,20,796,1,3,3,1.FC Köln,864,1000000.0,600000.0,1.0,1.0,0.999,same_club
8065,Iago,GER,2023-24,Augsburg,D M S,23,1625,1,1,1,18,17,1.644,1.644,2.34,6.704,4.033,4,0,520468,Iago,1997-03-23,26.44,181.0,left,Defender,Left-Back,Brazil,Brazil,23,1623,1,1,167,FC Augsburg,1623,5500000.0,4000000.0,1.0,1.0,0.999,same_club
8092,Tom Krauß,GER,2023-24,Mainz 05,M S,29,1320,1,1,2,17,8,0.594,0.594,0.637,3.856,3.005,5,0,405687,Tom Krauß,2001-06-22,22.19,182.0,right,Midfield,Defensive Midfield,Germany,Germany,29,1342,1,2,39,1.FSV Mainz 05,1442,7000000.0,4000000.0,0.995,1.0,0.984,same_club
8205,Jan Thielmann,GER,2023-24,FC Cologne,D F M S,22,1610,1,1,0,37,16,2.862,2.862,1.147,3.822,0.939,4,1,472249,Jan Thielmann,2002-05-26,21.27,178.0,right,Attack,Right Winger,Germany,Germany,22,1591,1,0,3,1.FC Köln,1612,6500000.0,5000000.0,0.996,1.0,0.988,same_club
8206,Yannik Keitel,GER,2023-24,Freiburg,D M S,15,926,1,1,0,6,2,0.828,0.828,0.06,1.33,0.807,0,0,342039,Yannik Keitel,2000-02-15,23.54,186.0,both,Midfield,Defensive Midfield,Germany,Germany,15,921,1,0,60,SC Freiburg,1020,4000000.0,5000000.0,0.998,1.0,0.995,same_club
9053,Eric Martel,GER,2023-24,FC Cologne,M S,30,2484,1,1,1,27,12,2.567,2.567,1.151,4.24,3.29,6,0,597000,Eric Martel,2002-04-29,21.34,188.0,right,Midfield,Defensive Midfield,Germany,Germany,30,2465,1,2,3,1.FC Köln,2652,9000000.0,7500000.0,0.998,1.0,0.992,same_club
9202,Felix Nmecha,GER,2023-24,Borussia Dortmund,M S,20,1004,1,1,2,23,13,2.301,2.301,0.758,6.009,3.728,3,0,406640,Felix Nmecha,2000-10-10,22.89,190.0,right,Midfield,Central Midfield,Germany,Germany,20,1017,1,2,16,Borussia Dortmund,1385,15000000.0,20000000.0,0.996,1.0,0.987,same_club
9511,Castello Lukeba,GER,2023-24,RasenBallsport Leipzig,D S,32,2176,1,1,0,7,4,1.005,1.005,0.182,11.89,11.759,3,0,618472,Castello Lukeba,2002-12-17,20.71,184.0,left,Defender,Centre-Back,France,France,32,2185,1,0,23826,RB Leipzig,2968,25000000.0,40000000.0,0.999,1.0,0.996,same_club
9674,Joe Scally,GER,2023-24,Borussia M.Gladbach,D M S,31,2223,1,1,4,11,15,0.67,0.67,1.28,6.563,5.671,4,0,504153,Joe Scally,2002-12-31,20.67,184.0,right,Defender,Right-Back,United States,United States,31,2236,1,4,18,Borussia Mönchengladbach,2545,12000000.0,10000000.0,0.998,1.0,0.994,same_club
9705,Anthony Losilla,GER,2023-24,Bochum,M,31,2622,1,1,2,27,19,2.157,2.157,1.602,6.349,3.719,10,0,111266,Anthony Losilla,1986-03-10,37.48,185.0,right,Midfield,Defensive Midfield,France,France,31,2587,1,2,80,VfL Bochum,2656,500000.0,500000.0,0.996,1.0,0.987,same_club
9714,Odilon Kossounou,GER,2023-24,Bayer Leverkusen,D S,22,1822,1,1,0,5,10,0.673,0.673,1.288,10.892,10.126,3,0,644771,Odilon Kossounou,2001-01-04,22.66,191.0,right,Defender,Centre-Back,Cote d'Ivoire,Cote d'Ivoire,22,1812,1,0,15,Bayer 04 Leverkusen,2295,18000000.0,35000000.0,0.998,1.0,0.995,same_club
9716,Maximilian Bauer,GER,2023-24,Augsburg,D S,14,798,1,1,0,4,0,1.481,1.481,0.0,2.054,2.054,3,0,388363,Maximilian Bauer,2000-02-09,23.56,189.0,right,Defender,Centre-Back,Germany,Germany,14,808,1,0,167,FC Augsburg,808,3500000.0,3000000.0,0.996,1.0,0.988,same_club
9725,Angelo Stiller,GER,2023-24,"Hoffenheim,VfB Stuttgart",D M S,32,2803,1,1,5,18,51,2.023,2.023,5.376,26.745,22.893,5,0,443710,Angelo Stiller,2001-04-04,22.41,183.0,left,Midfield,Defensive Midfield,Germany,Germany,32,2781,1,5,"79,533","VfB Stuttgart,TSG 1899 Hoffenheim",3141,5000000.0,20000000.0,0.998,1.0,0.992,same_club
9732,Noah Weißhaupt,GER,2023-24,Freiburg,D M S,24,693,1,1,2,4,16,0.371,0.371,2.048,4.1,2.9,1,0,392163,Noah Weißhaupt,2001-09-20,21.95,182.0,right,Attack,Left Winger,Germany,Germany,24,746,1,4,60,SC Freiburg,1152,4000000.0,5000000.0,0.979,1.0,0.929,same_club
9911,Piero Hincapié,GER,2023-24,Bayer Leverkusen,D S,26,1482,1,1,2,18,6,2.349,2.349,0.669,9.342,8.566,2,0,659813,Piero Hincapié,2002-01-09,21.64,183.0,left,Defender,Centre-Back,Ecuador,Ecuador,26,1483,1,1,15,Bayer 04 Leverkusen,2617,35000000.0,40000000.0,1.0,1.0,0.999,same_club
10071,Lennard Maloney,GER,2023-24,FC Heidenheim,D M S,29,2316,1,1,1,14,8,0.786,0.786,1.678,2.253,1.716,1,0,392710,Lennard Maloney,1999-10-08,23.9,188.0,right,Midfield,Defensive Midfield,United States,Germany,29,2294,1,1,2036,1. Fußballclub Heidenheim 1846,2429,2000000.0,5000000.0,0.997,1.0,0.991,same_club
10105,Matej Maglica,GER,2023-24,Darmstadt,D S,26,1702,1,1,0,11,8,0.84,0.84,0.399,2.996,2.666,7,2,433388,Matej Maglica,1998-09-25,24.93,198.0,left,Defender,Centre-Back,Croatia,Croatia,26,1700,1,0,105,SV Darmstadt 98,1715,1000000.0,2000000.0,1.0,1.0,0.999,same_club
10367,Tiago Tomás,GER,2023-24,Wolfsburg,F M S,26,1007,1,1,1,27,9,2.929,2.929,0.985,5.174,1.693,3,0,616344,Tiago Tomás,2002-06-16,21.21,180.0,right,Attack,Right Winger,Portugal,Portugal,26,1028,1,1,82,VfL Wolfsburg,1261,7000000.0,6000000.0,0.994,1.0,0.98,same_club
10542,Jamie Bynoe-Gittens,GER,2023-24,Borussia Dortmund,D F M S,25,1058,1,1,4,42,17,2.827,2.827,3.044,8.045,3.494,1,0,670882,Jamie Gittens,2004-08-08,19.06,178.0,right,Attack,Left Winger,England,England,25,1059,1,6,16,Borussia Dortmund,1396,14000000.0,28000000.0,0.97,0.95,0.999,same_club
10838,Luca Pfeiffer,GER,2023-24,Darmstadt,F M S,24,1657,1,1,3,48,19,5.838,5.838,1.617,8.553,2.138,3,0,232463,Luca Pfeiffer,1996-08-20,27.03,196.0,right,Attack,Centre-Forward,Germany,Germany,24,1626,1,4,105,SV Darmstadt 98,1626,1700000.0,1200000.0,0.994,1.0,0.981,same_club
10861,Hrvoje Smolcic,GER,2023-24,Eintracht Frankfurt,D S,11,342,1,1,0,3,1,0.845,0.845,0.018,0.548,0.518,0,0,571299,Hrvoje Smolcic,2000-08-17,23.04,185.0,left,Defender,Centre-Back,Croatia,Croatia,11,344,1,0,24,Eintracht Frankfurt,350,4000000.0,3000000.0,0.998,1.0,0.994,same_club
10986,Kim Min-Jae,GER,2023-24,Bayern Munich,D S,25,1969,1,1,1,10,8,1.065,1.065,0.636,16.283,15.945,3,0,503482,Min-jae Kim,1996-11-15,26.79,190.0,right,Defender,Centre-Back,"Korea, South","Korea, South",25,1972,1,2,27,Bayern Munich,2765,60000000.0,45000000.0,1.0,1.0,0.998,same_club
11295,David Datro Fofana,GER,2023-24,Union Berlin,F M S,12,684,1,1,0,26,5,4.061,4.061,0.383,4.917,0.922,0,0,787232,David Datro Fofana,2002-12-22,20.69,182.0,right,Attack,Centre-Forward,Cote d'Ivoire,Cote d'Ivoire,12,688,1,0,89,1.FC Union Berlin,1855,10000000.0,12000000.0,0.999,1.0,0.997,same_club
11295,David Datro Fofana,GER,2023-24,Union Berlin,F M S,12,684,1,1,0,26,5,4.061,4.061,0.383,4.917,0.922,0,0,787232,David Datro Fofana,2002-12-22,20.69,182.0,right,Attack,Centre-Forward,Cote d'Ivoire,Cote d'Ivoire,12,688,1,0,89,1.FC Union Berlin,1855,10000000.0,12000000.0,0.998,1.0,0.994,same_club
11309,Andreas Hanche-Olsen,GER,2023-24,Mainz 05,D S,15,1019,1,1,0,4,1,0.996,0.996,0.013,2.492,2.479,5,0,370683,Andreas Hanche-Olsen,1997-01-17,26.62,185.0,right,Defender,Centre-Back,Norway,Norway,15,994,1,0,39,1.FSV Mainz 05,994,7500000.0,9000000.0,0.993,1.0,0.975,same_club
11311,Aurélio Buta,GER,2023-24,Eintracht Frankfurt,D F S,30,1765,1,1,1,13,9,0.479,0.479,0.529,6.759,5.985,5,0,258039,Aurélio Buta,1997-02-10,26.55,172.0,right,Defender,Right-Back,Portugal,Angola,30,1747,1,2,24,Eintracht Frankfurt,2087,8000000.0,5000000.0,0.997,1.0,0.99,same_club
11604,Mert Kömür,GER,2023-24,Augsburg,M S,4,113,1,1,0,2,1,0.139,0.139,0.044,0.51,0.385,0,0,777005,Mert Kömür,2005-07-17,18.12,184.0,both,Midfield,Attacking Midfield,Germany,Germany,4,116,1,0,167,FC Augsburg,116,,2000000.0,0.992,1.0,0.974,same_club
11842,Lukas Daschner,GER,2023-24,Bochum,F M S,20,480,1,1,1,13,10,2.504,2.504,1.158,4.537,1.624,2,0,334213,Lukas Daschner,1998-10-01,24.92,185.0,both,Midfield,Attacking Midfield,Germany,Germany,20,524,1,1,80,VfL Bochum,570,1500000.0,1200000.0,0.975,1.0,0.916,same_club
11855,Adrian Beck,GER,2023-24,FC Heidenheim,M S,23,982,1,1,1,12,11,0.993,0.993,1.06,1.412,0.92,1,0,273669,Adrian Beck,1997-06-09,26.23,186.0,right,Midfield,Attacking Midfield,Germany,Germany,23,971,1,1,2036,1. Fußballclub Heidenheim 1846,1068,650000.0,1500000.0,0.997,1.0,0.989,same_club
11864,Benedikt Gimber,GER,2023-24,FC Heidenheim,D,24,2042,1,1,1,18,3,1.88,1.88,1.192,1.781,1.525,9,0,227084,Benedikt Gimber,1997-02-19,26.53,187.0,left,Defender,Centre-Back,Germany,Germany,24,2026,1,1,2036,1. Fußballclub Heidenheim 1846,2071,1500000.0,2800000.0,0.998,1.0,0.992,same_club
11894,Max Finkgrafe,GER,2023-24,FC Cologne,D M S,24,1748,1,1,0,12,23,1.038,1.038,1.387,4.175,2.481,4,0,810649,Max Finkgräfe,2004-03-27,19.43,183.0,left,Defender,Left-Back,Germany,Germany,24,1757,1,0,3,1.FC Köln,1757,300000.0,6000000.0,0.998,1.0,0.995,same_club
11915,Fabian Nürnberger,GER,2023-24,Darmstadt,D M S,21,1495,1,1,1,19,30,0.843,0.843,1.755,5.696,4.431,2,0,349433,Fabian Nürnberger,1999-07-28,24.1,181.0,left,Midfield,Left Midfield,Bulgaria,Germany,21,1517,1,2,105,SV Darmstadt 98,1607,1200000.0,2500000.0,0.996,1.0,0.985,same_club
11917,Mathias Honsak,GER,2023-24,Darmstadt,F M S,23,1004,1,1,1,23,12,2.131,2.131,1.003,2.995,0.596,1,0,283497,Mathias Honsak,1996-12-20,26.7,188.0,left,Attack,Left Winger,Austria,Austria,23,1014,1,1,105,SV Darmstadt 98,1089,1500000.0,1200000.0,0.997,1.0,0.99,same_club
11975,Leonidas Stergiou,GER,2023-24,VfB Stuttgart,D S,15,564,1,1,0,3,5,0.325,0.325,0.422,2.538,2.374,0,0,507345,Leonidas Stergiou,2002-03-03,21.5,181.0,right,Defender,Right-Back,Switzerland,Switzerland,15,588,1,0,79,VfB Stuttgart,626,3000000.0,5000000.0,0.988,1.0,0.959,same_club
11983,Matús Bero,GER,2023-24,Bochum,F M S,24,1678,1,1,1,30,11,3.561,3.561,1.684,6.11,1.302,6,0,204047,Matus Bero,1995-09-06,27.99,181.0,right,Midfield,Central Midfield,Slovakia,Slovakia,24,1669,1,2,80,VfL Bochum,1743,2300000.0,3500000.0,0.998,1.0,0.995,same_club
12013,Skelly Alvero,GER,2023-24,Werder Bremen,M S,6,117,1,1,0,5,0,0.303,0.303,0.0,0.374,0.219,1,0,855134,Skelly Alvero,2002-05-04,21.33,202.0,right,Midfield,Defensive Midfield,France,France,6,120,1,0,86,SV Werder Bremen,546,3000000.0,4000000.0,0.996,1.0,0.986,same_club
12013,Skelly Alvero,GER,2023-24,Werder Bremen,M S,6,117,1,1,0,5,0,0.303,0.303,0.0,0.374,0.219,1,0,855134,Skelly Alvero,2002-05-04,21.33,202.0,right,Midfield,Defensive Midfield,France,France,6,120,1,0,86,SV Werder Bremen,546,3000000.0,4000000.0,0.992,1.0,0.975,same_club
12053,Mikkel Kaufmann,GER,2023-24,Union Berlin,F S,18,424,1,1,0,15,4,1.222,1.222,1.064,2.828,1.095,0,0,545332,Mikkel Kaufmann,2001-01-03,22.66,189.0,right,Attack,Centre-Forward,Denmark,Denmark,18,478,1,0,89,1.FC Union Berlin,509,2700000.0,2700000.0,0.966,1.0,0.887,same_club
12107,Nacho Ferri,GER,2023-24,Eintracht Frankfurt,S,8,56,1,1,0,5,1,0.985,0.985,0.047,1.508,0.523,0,0,867357,Nacho Ferri,2004-10-05,18.9,192.0,right,Attack,Centre-Forward,Spain,Spain,8,68,1,0,24,Eintracht Frankfurt,113,500000.0,2000000.0,0.96,1.0,0.867,same_club
12308,Lovro Zvonarek,GER,2023-24,Bayern Munich,M S,5,157,1,1,0,1,2,0.066,0.066,0.242,0.626,0.501,0,0,892973,Lovro Zvonarek,2005-05-08,18.32,180.0,right,Midfield,Attacking Midfield,Croatia,Croatia,5,161,1,0,27,Bayern Munich,161,1500000.0,3000000.0,0.993,1.0,0.975,same_club
12360,Julián Malatini,GER,2023-24,Werder Bremen,D S,10,603,1,1,0,3,4,0.899,0.899,0.203,2.783,1.821,1,0,830108,Julián Malatini,2001-05-31,22.25,191.0,right,Defender,Centre-Back,Argentina,Argentina,11,602,1,0,86,SV Werder Bremen,602,550000.0,2500000.0,1.0,1.0,0.998,same_club
12364,Chris Bedia,GER,2023-24,Union Berlin,S,7,113,1,1,0,3,3,0.443,0.443,0.157,1.201,0.625,0,0,294791,Chris Bedia,1996-03-05,27.49,190.0,left,Attack,Centre-Forward,Cote d'Ivoire,Cote d'Ivoire,7,139,1,0,89,1.FC Union Berlin,870,2000000.0,2500000.0,0.944,1.0,0.813,same_club
5,Fabian Holland,GER,2023-24,Darmstadt,D M,23,1874,0,0,2,11,17,0.768,0.768,1.16,6.395,4.934,4,1,54846,Fabian Holland,1990-07-11,33.14,172.0,left,Defender,Left-Back,Germany,Germany,23,1847,0,2,105,SV Darmstadt 98,1937,600000.0,500000.0,0.996,1.0,0.986,same_club
35,Genki Haraguchi,GER,2023-24,VfB Stuttgart,S,2,18,0,0,0,0,0,0.0,0.0,0.0,0.061,0.061,0,0,79377,Genki Haraguchi,1991-05-09,32.31,178.0,right,Midfield,Attacking Midfield,Japan,Japan,2,25,0,0,79,VfB Stuttgart,26,1000000.0,500000.0,0.977,1.0,0.922,same_club
40,Stefan Bell,GER,2023-24,Mainz 05,D S,10,667,0,0,0,4,1,0.229,0.229,0.091,0.388,0.177,3,0,82350,Stefan Bell,1991-08-24,32.02,192.0,right,Defender,Centre-Back,Germany,Germany,10,669,0,0,39,1.FSV Mainz 05,759,2000000.0,800000.0,0.999,1.0,0.997,same_club
73,Oliver Baumann,GER,2023-24,Hoffenheim,GK,34,3060,0,0,1,0,2,0.0,0.0,0.306,5.773,5.466,1,0,55089,Oliver Baumann,1990-06-02,33.25,187.0,right,Goalkeeper,Goalkeeper,Germany,Germany,34,3060,0,1,533,TSG 1899 Hoffenheim,3240,4000000.0,3000000.0,1.0,1.0,1.0,same_club
88,Mark Uth,GER,2023-24,FC Cologne,F M S,11,347,0,0,1,12,9,2.022,2.022,1.053,3.916,1.622,2,0,112935,Mark Uth,1991-08-24,32.02,185.0,left,Attack,Centre-Forward,Germany,Germany,11,369,0,1,3,1.FC Köln,435,1500000.0,1000000.0,0.982,1.0,0.94,same_club
106,Waldemar Anton,GER,2023-24,VfB Stuttgart,D S,33,2889,0,0,3,27,10,1.552,1.552,1.403,17.27,16.39,7,0,193004,Waldemar Anton,1996-07-20,27.12,189.0,right,Defender,Centre-Back,Germany,Uzbekistan,33,2888,0,3,79,VfB Stuttgart,3248,4500000.0,20000000.0,1.0,1.0,1.0,same_club
126,Michael Zetterer,GER,2023-24,Werder Bremen,GK,27,2430,0,0,0,1,3,0.082,0.082,0.146,5.234,5.088,2,0,196813,Michael Zetterer,1995-07-12,28.14,187.0,both,Goalkeeper,Goalkeeper,Germany,Germany,27,2430,0,0,86,SV Werder Bremen,2430,500000.0,3000000.0,1.0,1.0,1.0,same_club
129,Dominique Heintz,GER,2023-24,FC Cologne,D S,12,561,0,0,0,0,7,0.0,0.0,0.33,0.903,0.703,0,0,110036,Dominique Heintz,1993-08-15,30.05,188.0,left,Defender,Centre-Back,Germany,Germany,12,565,0,0,3,1.FC Köln,565,1200000.0,800000.0,0.998,1.0,0.993,same_club
133,Kevin Vogt,GER,2023-24,"Hoffenheim,Union Berlin",D S,32,2650,0,0,0,3,3,0.602,0.602,0.133,8.392,7.747,7,0,84435,Kevin Vogt,1991-09-23,31.94,194.0,right,Defender,Centre-Back,Germany,Germany,32,2643,0,0,"89,533","1.FC Union Berlin,TSG 1899 Hoffenheim",2795,2500000.0,2000000.0,0.999,1.0,0.997,same_club
139,Simon Zoller,GER,2023-24,Bochum,S,1,38,0,0,0,0,0,0.0,0.0,0.0,0.0,0.0,0,0,79967,Simon Zoller,1991-06-26,32.18,179.0,right,Attack,Centre-Forward,Germany,Germany,1,45,0,0,80,VfL Bochum,161,1100000.0,350000.0,0.977,1.0,0.922,same_club
150,Josuha Guilavogui,GER,2023-24,Mainz 05,D S,11,389,0,0,1,0,1,0.0,0.0,0.068,0.699,0.699,1,0,93704,Josuha Guilavogui,1990-09-19,32.95,188.0,right,Midfield,Defensive Midfield,France,France,11,408,0,1,39,1.FSV Mainz 05,498,2000000.0,700000.0,0.986,1.0,0.953,same_club
159,Koen Casteels,GER,2023-24,Wolfsburg,GK,25,2250,0,0,0,0,1,0.0,0.0,0.206,3.945,3.945,2,0,108880,Koen Casteels,1992-06-25,31.18,197.0,left,Goalkeeper,Goalkeeper,Belgium,Belgium,25,2250,0,0,82,VfL Wolfsburg,2460,8000000.0,6000000.0,1.0,1.0,1.0,same_club
187,Christoph Kramer,GER,2023-24,Borussia M.Gladbach,M S,14,197,0,0,0,1,2,0.07,0.07,0.076,1.385,1.268,3,0,82097,Christoph Kramer,1991-02-19,32.53,191.0,right,Midfield,Defensive Midfield,Germany,Germany,14,239,0,0,18,Borussia Mönchengladbach,345,2500000.0,1700000.0,0.947,1.0,0.824,same_club
201,Tony Jantschke,GER,2023-24,Borussia M.Gladbach,S,4,18,0,0,0,0,0,0.0,0.0,0.0,0.0,0.0,0,0,47587,Tony Jantschke,1990-04-07,33.4,177.0,right,Defender,Right-Back,Germany,East Germany (GDR),4,24,0,0,18,Borussia Mönchengladbach,42,600000.0,400000.0,0.98,1.0,0.933,same_club
213,Thorgan Hazard,GER,2023-24,Borussia Dortmund,S,1,4,0,0,0,0,0,0.0,0.0,0.0,0.0,0.0,0,0,102226,Thorgan Hazard,1993-03-29,30.43,175.0,right,Midfield,Attacking Midfield,Belgium,Belgium,1,6,0,0,16,Borussia Dortmund,1387,7000000.0,5000000.0,0.993,1.0,0.978,same_club
217,Manuel Neuer,GER,2023-24,Bayern Munich,GK,23,2055,0,0,0,0,0,0.0,0.0,0.0,6.971,6.971,1,0,17259,Manuel Neuer,1986-03-27,37.43,193.0,right,Goalkeeper,Goalkeeper,Germany,Germany,23,2054,0,0,27,Bayern Munich,2954,7000000.0,4000000.0,1.0,1.0,1.0,same_club
228,Sebastian Rode,GER,2023-24,Eintracht Frankfurt,M S,8,45,0,0,0,0,1,0.0,0.0,0.091,0.164,0.164,0,0,44466,Sebastian Rode,1990-10-11,32.89,179.0,right,Midfield,Central Midfield,Germany,Germany,8,56,0,0,24,Eintracht Frankfurt,56,2000000.0,1000000.0,0.963,1.0,0.878,same_club
231,Sven Ulreich,GER,2023-24,Bayern Munich,GK,11,990,0,0,0,0,1,0.0,0.0,0.072,4.778,4.706,1,0,40680,Sven Ulreich,1988-08-03,35.08,192.0,right,Goalkeeper,Goalkeeper,Germany,Germany,11,990,0,0,27,Bayern Munich,1350,700000.0,700000.0,1.0,1.0,1.0,same_club
247,Danilo Soares,GER,2023-24,Bochum,D S,5,350,0,0,0,4,3,0.117,0.117,0.12,0.373,0.182,0,0,154396,Danilo Soares,1991-10-29,31.84,170.0,left,Defender,Left-Back,Brazil,Brazil,5,351,0,0,80,VfL Bochum,351,1800000.0,700000.0,0.999,1.0,0.997,same_club
249,Danny da Costa,GER,2023-24,Mainz 05,D S,19,831,0,0,1,6,9,0.222,0.222,1.581,2.934,1.242,1,0,85906,Danny da Costa,1993-07-13,30.14,187.0,right,Defender,Centre-Back,Germany,Germany,19,826,0,1,39,1.FSV Mainz 05,936,1800000.0,1200000.0,0.998,1.0,0.994,same_club
256,Jens Grahl,GER,2023-24,Eintracht Frankfurt,GK,2,180,0,0,1,0,1,0.0,0.0,0.071,0.455,0.455,0,0,40034,Jens Grahl,1988-09-22,34.94,192.0,right,Goalkeeper,Goalkeeper,Germany,Germany,2,180,0,1,24,Eintracht Frankfurt,270,200000.0,200000.0,1.0,1.0,1.0,same_club
281,Lukas Hradecky,GER,2023-24,Bayer Leverkusen,GK,33,2970,0,0,0,0,0,0.0,0.0,0.0,5.699,5.699,2,0,48015,Lukas Hradecky,1989-11-24,33.77,192.0,right,Goalkeeper,Goalkeeper,Finland,CSSR,33,2970,0,0,15,Bayer 04 Leverkusen,3150,2500000.0,2500000.0,1.0,1.0,1.0,same_club
282,Makoto Hasebe,GER,2023-24,Eintracht Frankfurt,D M S,8,212,0,0,0,0,0,0.0,0.0,0.0,0.633,0.633,1,0,39259,Makoto Hasebe,1984-01-18,39.62,180.0,right,Defender,Centre-Back,Japan,Japan,8,216,0,0,24,Eintracht Frankfurt,474,800000.0,500000.0,0.994,1.0,0.981,same_club
315,Matthias Ginter,GER,2023-24,Freiburg,D S,23,1929,0,0,2,7,5,1.002,1.002,1.28,5.465,5.323,3,0,124502,Matthias Ginter,1994-01-19,29.62,189.0,right,Defender,Centre-Back,Germany,Germany,23,1917,0,2,60,SC Freiburg,2851,18000000.0,10000000.0,0.998,1.0,0.994,same_club
326,Pascal Stenzel,GER,2023-24,VfB Stuttgart,D S,23,1125,0,0,5,14,15,0.327,0.327,3.146,9.023,7.023,1,1,195246,Pascal Stenzel,1996-03-20,27.45,183.0,right,Defender,Right-Back,Germany,Germany,23,1071,0,5,79,VfB Stuttgart,1227,1500000.0,2500000.0,0.986,1.0,0.952,same_club
359,Timothy Chandler,GER,2023-24,Eintracht Frankfurt,S,6,8,0,0,0,2,1,0.087,0.087,0.025,0.175,0.113,0,0,49723,Timothy Chandler,1990-03-29,33.43,187.0,right,Defender,Right-Back,United States,Germany,6,15,0,1,24,Eintracht Frankfurt,15,700000.0,500000.0,0.977,1.0,0.922,same_club
370,Marvin Friedrich,GER,2023-24,Borussia M.Gladbach,D S,24,1540,0,0,0,12,5,1.357,1.357,0.201,3.112,2.897,1,0,196231,Marvin Friedrich,1995-12-13,27.72,193.0,right,Defender,Centre-Back,Germany,Germany,24,1561,0,0,18,Borussia Mönchengladbach,1746,4000000.0,3500000.0,0.996,1.0,0.987,same_club
420,Patrick Herrmann,GER,2023-24,Borussia M.Gladbach,S,8,48,0,0,0,3,2,0.201,0.201,0.07,0.658,0.405,1,0,32711,Patrick Herrmann,1991-02-12,32.55,179.0,right,Attack,Right Winger,Germany,Germany,8,78,0,0,18,Borussia Mönchengladbach,78,1500000.0,1000000.0,0.9,1.0,0.667,same_club
449,Robin Zentner,GER,2023-24,Mainz 05,GK,30,2700,0,0,0,1,1,0.027,0.027,0.02,1.293,1.293,3,0,160963,Robin Zentner,1994-10-28,28.84,194.0,right,Goalkeeper,Goalkeeper,Germany,Germany,30,2700,0,0,39,1.FSV Mainz 05,2880,5000000.0,3000000.0,1.0,1.0,1.0,same_club
643,Eric Dier,GER,2023-24,Bayern Munich,D S,15,1164,0,0,0,9,2,1.152,1.152,0.059,7.967,7.946,1,0,175722,Eric Dier,1994-01-15,29.63,191.0,right,Defender,Centre-Back,England,England,15,1159,0,0,27,Bayern Munich,1808,18000000.0,12000000.0,0.982,1.0,0.94,same_club
643,Eric Dier,GER,2023-24,Bayern Munich,D S,15,1164,0,0,0,9,2,1.152,1.152,0.059,7.967,7.946,1,0,175722,Eric Dier,1994-01-15,29.63,191.0,right,Defender,Centre-Back,England,England,15,1159,0,0,27,Bayern Munich,1808,18000000.0,12000000.0,0.999,1.0,0.996,same_club
855,Cristian Gamboa,GER,2023-24,Bochum,D S,22,1174,0,0,1,6,10,0.076,0.076,0.685,3.115,2.447,7,0,121686,Cristian Gamboa,1989-10-24,33.85,175.0,right,Defender,Right-Back,Costa Rica,Costa Rica,22,1187,0,1,80,VfL Bochum,1230,600000.0,500000.0,0.997,1.0,0.989,same_club
983,Kevin Mbabu,GER,2023-24,Augsburg,D M S,25,2052,0,0,2,4,21,0.124,0.124,2.425,6.461,4.814,5,0,183321,Kevin Mbabu,1995-04-19,28.37,184.0,right,Defender,Right-Back,Switzerland,Switzerland,25,2049,0,2,167,FC Augsburg,2049,3500000.0,4000000.0,1.0,1.0,0.999,same_club
1673,Edimilson Fernandes,GER,2023-24,Mainz 05,D S,21,1277,0,0,2,15,18,0.528,0.528,0.815,4.359,3.72,4,0,247555,Edimilson Fernandes,1996-04-15,27.38,187.0,right,Midfield,Defensive Midfield,Switzerland,Switzerland,21,1284,0,2,39,1.FSV Mainz 05,1444,5500000.0,3500000.0,0.998,1.0,0.995,same_club
2543,Borja Iglesias,GER,2023-24,Bayer Leverkusen,F S,7,247,0,0,0,8,3,1.571,1.571,0.438,2.504,1.276,0,0,278359,Borja Iglesias,1993-01-17,30.62,187.0,right,Attack,Centre-Forward,Spain,Spain,7,252,0,0,15,Bayer 04 Leverkusen,1288,20000000.0,5000000.0,0.988,1.0,0.96,same_club
2543,Borja Iglesias,GER,2023-24,Bayer Leverkusen,F S,7,247,0,0,0,8,3,1.571,1.571,0.438,2.504,1.276,0,0,278359,Borja Iglesias,1993-01-17,30.62,187.0,right,Attack,Centre-Forward,Spain,Spain,7,252,0,0,15,Bayer 04 Leverkusen,1288,20000000.0,5000000.0,0.994,1.0,0.98,same_club
2639,Alexander Nübel,GER,2023-24,VfB Stuttgart,GK,30,2700,0,0,0,0,0,0.0,0.0,0.0,7.694,7.694,1,0,195778,Alexander Nübel,1996-09-30,26.92,193.0,right,Goalkeeper,Goalkeeper,Germany,Germany,30,2700,0,0,79,VfB Stuttgart,3060,8000000.0,12000000.0,1.0,1.0,1.0,same_club
2693,Marius Wolf,GER,2023-24,Borussia Dortmund,D S,22,1136,0,0,1,9,11,0.885,0.885,1.41,7.56,6.596,2,0,193900,Marius Wolf,1995-05-27,28.27,188.0,right,Defender,Right-Back,Germany,Germany,22,1161,0,2,16,Borussia Dortmund,1570,10000000.0,3000000.0,0.994,1.0,0.978,same_club
3286,Kevin Trapp,GER,2023-24,Eintracht Frankfurt,GK,32,2880,0,0,0,0,0,0.0,0.0,0.0,4.489,4.489,2,0,45672,Kevin Trapp,1990-07-08,33.15,189.0,right,Goalkeeper,Goalkeeper,Germany,Germany,32,2880,0,0,24,Eintracht Frankfurt,3240,8500000.0,4000000.0,1.0,1.0,1.0,same_club
3339,Jérôme Roussillon,GER,2023-24,Union Berlin,D S,23,703,0,0,1,7,8,0.537,0.537,0.748,3.121,2.243,2,0,127076,Jérôme Roussillon,1993-01-06,30.65,175.0,left,Defender,Left-Back,Guadeloupe,France,23,743,0,1,89,1.FC Union Berlin,1187,3000000.0,2500000.0,0.984,1.0,0.946,same_club
3349,Ramy Bensebaini,GER,2023-24,Borussia Dortmund,D S,17,1042,0,0,0,16,7,1.668,1.668,0.558,5.923,4.59,2,1,284732,Ramy Bensebaini,1995-04-16,28.38,187.0,left,Defender,Centre-Back,Algeria,Algeria,17,1030,0,0,16,Borussia Dortmund,1549,20000000.0,7000000.0,0.997,1.0,0.988,same_club
3393,Bouna Sarr,GER,2023-24,Bayern Munich,D S,2,103,0,0,0,1,0,0.605,0.605,0.0,0.907,0.907,0,0,190685,Bouna Sarr,1992-01-31,31.58,178.0,right,Defender,Right-Back,Senegal,France,2,105,0,0,27,Bayern Munich,204,2000000.0,1500000.0,0.994,1.0,0.981,same_club
3699,Aissa Laidouni,GER,2023-24,Union Berlin,M S,23,1029,0,0,3,13,12,0.768,0.768,1.501,4.841,3.014,2,0,233782,Aïssa Laïdouni,1996-12-13,26.72,184.0,right,Midfield,Central Midfield,Tunisia,France,23,1064,0,3,89,1.FC Union Berlin,1489,7000000.0,6000000.0,0.99,1.0,0.967,same_club
3743,Lucas Tousart,GER,2023-24,Union Berlin,M S,23,1591,0,0,0,25,6,1.446,1.446,0.531,3.935,2.431,5,0,353948,Lucas Tousart,1997-04-29,26.34,184.0,right,Midfield,Central Midfield,France,France,23,1574,0,0,89,1.FC Union Berlin,1822,9000000.0,7000000.0,0.997,1.0,0.989,same_club
4284,Alexander Brunst,GER,2023-24,Darmstadt,GK,3,270,0,0,0,0,0,0.0,0.0,0.0,0.136,0.136,0,0,146693,Alexander Brunst,1995-07-07,28.15,195.0,right,Goalkeeper,Goalkeeper,Germany,Germany,3,270,0,0,105,SV Darmstadt 98,270,200000.0,400000.0,1.0,1.0,1.0,same_club
4312,Marnon Busch,GER,2023-24,FC Heidenheim,D S,16,572,0,0,0,5,5,0.13,0.13,0.223,0.696,0.614,1,0,117478,Marnon Busch,1994-12-08,28.73,182.0,right,Defender,Right-Back,Germany,Germany,16,591,0,0,2036,1. Fußballclub Heidenheim 1846,681,1500000.0,1200000.0,0.99,1.0,0.968,same_club
4313,Janis Blaswich,GER,2023-24,RasenBallsport Leipzig,GK,21,1890,0,0,0,0,1,0.0,0.0,0.038,4.855,4.817,0,0,81173,Janis Blaswich,1991-05-02,32.33,193.0,right,Goalkeeper,Goalkeeper,Germany,Germany,21,1890,0,0,23826,RB Leipzig,2430,2500000.0,2000000.0,1.0,1.0,1.0,same_club
4335,Nicolai Rapp,GER,2023-24,Werder Bremen,D S,2,80,0,0,0,0,0,0.0,0.0,0.0,0.064,0.064,1,0,185427,Nicolai Rapp,1996-12-13,26.72,186.0,right,Midfield,Defensive Midfield,Germany,Germany,2,76,0,0,86,SV Werder Bremen,95,700000.0,700000.0,0.987,1.0,0.956,same_club
4376,Marvin Schwäbe,GER,2023-24,FC Cologne,GK,34,3060,0,0,0,0,1,0.0,0.0,0.025,2.487,2.462,0,0,160929,Marvin Schwäbe,1995-04-25,28.35,190.0,right,Goalkeeper,Goalkeeper,Germany,Germany,34,3060,0,0,3,1.FC Köln,3270,7000000.0,4000000.0,1.0,1.0,1.0,same_club
5241,Péter Gulácsi,GER,2023-24,RasenBallsport Leipzig,GK,13,1170,0,0,0,0,0,0.0,0.0,0.0,2.95,2.95,0,0,57071,Péter Gulácsi,1990-05-06,33.32,193.0,right,Goalkeeper,Goalkeeper,Hungary,Hungary,13,1170,0,0,23826,RB Leipzig,1620,5000000.0,3000000.0,1.0,1.0,1.0,same_club
5247,Naby Keita,GER,2023-24,Werder Bremen,M S,5,105,0,0,0,2,0,0.084,0.084,0.0,1.157,1.073,2,0,302215,Naby Keïta,1995-02-10,28.56,172.0,right,Midfield,Central Midfield,Guinea,Guinea,5,107,0,0,86,SV Werder Bremen,107,12000000.0,2000000.0,0.994,1.0,0.981,same_club
5251,Rani Khedira,GER,2023-24,Union Berlin,M S,20,1377,0,0,0,3,5,0.226,0.226,0.149,2.216,2.081,5,1,124410,Rani Khedira,1994-01-27,29.59,188.0,right,Midfield,Defensive Midfield,Tunisia,Germany,20,1350,0,0,89,1.FC Union Berlin,1721,10000000.0,5000000.0,0.994,1.0,0.98,same_club
5253,Benno Schmitz,GER,2023-24,FC Cologne,D S,22,1163,0,0,1,8,5,0.218,0.218,0.438,3.473,2.888,5,0,160968,Benno Schmitz,1994-11-17,28.79,182.0,right,Defender,Right-Back,Germany,Germany,22,1151,0,1,3,1.FC Köln,1361,3000000.0,1500000.0,0.997,1.0,0.99,same_club
5256,Oliver Burke,GER,2023-24,Werder Bremen,S,1,28,0,0,0,0,0,0.0,0.0,0.0,0.0,0.0,0,0,341317,Oliver Burke,1997-04-07,26.4,188.0,right,Attack,Centre-Forward,Scotland,Scotland,1,31,0,0,86,SV Werder Bremen,193,2500000.0,2000000.0,0.99,1.0,0.967,same_club
5257,Willi Orban,GER,2023-24,RasenBallsport Leipzig,D S,19,1587,0,0,0,7,7,0.469,0.469,0.659,9.486,9.461,2,0,93740,Willi Orbán,1992-11-03,30.83,186.0,right,Defender,Centre-Back,Hungary,Germany,19,1583,0,0,23826,RB Leipzig,1853,10000000.0,10000000.0,0.999,1.0,0.997,same_club
5260,Andreas Luthe,GER,2023-24,Bochum,GK,1,90,0,0,0,0,0,0.0,0.0,0.0,0.018,0.018,0,0,41323,Andreas Luthe,1987-03-10,36.48,195.0,right,Goalkeeper,Goalkeeper,Germany,Germany,1,90,0,0,80,VfL Bochum,90,500000.0,300000.0,1.0,1.0,1.0,same_club
5262,Alexander Schwolow,GER,2023-24,Union Berlin,GK,1,90,0,0,0,0,0,0.0,0.0,0.0,0.063,0.063,0,0,93763,Alexander Schwolow,1992-06-02,31.25,190.0,right,Goalkeeper,Goalkeeper,Germany,Germany,1,90,0,0,89,1.FC Union Berlin,90,900000.0,700000.0,1.0,1.0,1.0,same_club
5270,Gerrit Holtmann,GER,2023-24,Darmstadt,M S,10,371,0,0,0,14,5,0.79,0.79,0.193,1.508,0.622,1,0,190289,Gerrit Holtmann,1995-03-25,28.44,185.0,left,Attack,Left Winger,Philippines,Germany,10,388,0,0,105,SV Darmstadt 98,584,2500000.0,1000000.0,0.987,1.0,0.956,same_club
5288,Gregor Kobel,GER,2023-24,Borussia Dortmund,GK,27,2365,0,0,0,0,0,0.0,0.0,0.0,5.48,5.48,1,0,257814,Gregor Kobel,1997-12-06,25.74,196.0,right,Goalkeeper,Goalkeeper,Switzerland,Switzerland,27,2366,0,0,16,Borussia Dortmund,3716,35000000.0,40000000.0,1.0,1.0,1.0,same_club
5294,Salih Özcan,GER,2023-24,Borussia Dortmund,M S,23,1159,0,0,0,5,10,0.129,0.129,0.981,6.332,5.518,3,0,244940,Salih Özcan,1998-01-11,25.64,182.0,right,Midfield,Defensive Midfield,Türkiye,Germany,23,1178,0,0,16,Borussia Dortmund,1785,13000000.0,10000000.0,0.995,1.0,0.984,same_club
5347,Jonas Föhrenbach,GER,2023-24,FC Heidenheim,D S,33,2796,0,0,0,12,14,0.513,0.513,0.685,4.061,3.75,2,0,192169,Jonas Föhrenbach,1996-01-26,27.6,184.0,left,Defender,Left-Back,Germany,Germany,33,2790,0,0,2036,1. Fußballclub Heidenheim 1846,2925,1000000.0,2000000.0,0.999,1.0,0.998,same_club
5612,Anwar El Ghazi,GER,2023-24,Mainz 05,S,3,44,0,0,1,1,2,0.054,0.054,0.627,0.748,0.067,0,0,183720,Anwar El Ghazi,1995-05-03,28.33,189.0,right,Attack,Right Winger,Netherlands,Netherlands,3,51,0,1,39,1.FSV Mainz 05,58,5000000.0,2500000.0,0.977,1.0,0.922,same_club
5680,Thomas Meunier,GER,2023-24,Borussia Dortmund,D S,8,593,0,0,0,8,4,0.446,0.446,0.882,2.966,2.796,0,0,100986,Thomas Meunier,1991-09-12,31.97,190.0,right,Defender,Right-Back,Belgium,Belgium,8,588,0,0,16,Borussia Dortmund,1833,5000000.0,2500000.0,0.997,1.0,0.992,same_club
5724,Irvin Cardona,GER,2023-24,Augsburg,S,3,42,0,0,0,3,0,0.13,0.13,0.0,0.086,0.068,1,0,342226,Irvin Cardona,1997-08-08,26.06,185.0,right,Attack,Right Winger,Malta,France,3,51,0,0,167,FC Augsburg,51,2500000.0,2500000.0,0.97,1.0,0.9,same_club
6007,Nicolas Cozza,GER,2023-24,Wolfsburg,D S,6,277,0,0,0,1,2,0.017,0.017,0.087,1.46,1.393,1,0,485965,Nicolas Cozza,1999-01-08,24.65,181.0,left,Defender,Centre-Back,France,France,6,277,0,0,82,VfL Wolfsburg,1194,3500000.0,3500000.0,0.999,1.0,0.996,same_club
6007,Nicolas Cozza,GER,2023-24,Wolfsburg,D S,6,277,0,0,0,1,2,0.017,0.017,0.087,1.46,1.393,1,0,485965,Nicolas Cozza,1999-01-08,24.65,181.0,left,Defender,Centre-Back,France,France,6,277,0,0,82,VfL Wolfsburg,1194,3500000.0,3500000.0,1.0,1.0,1.0,same_club
6081,Dennis Geiger,GER,2023-24,Hoffenheim,S,3,57,0,0,0,0,1,0.0,0.0,0.111,0.111,0.111,1,0,251309,Dennis Geiger,1998-06-10,25.23,173.0,right,Midfield,Central Midfield,Germany,Germany,3,62,0,0,533,TSG 1899 Hoffenheim,62,8000000.0,3000000.0,0.983,1.0,0.944,same_club
6082,Jiri Pavlenka,GER,2023-24,Werder Bremen,GK,7,630,0,0,0,0,0,0.0,0.0,0.0,1.09,1.09,0,0,260053,Jiri Pavlenka,1992-04-14,31.38,196.0,right,Goalkeeper,Goalkeeper,Czech Republic,CSSR,7,630,0,0,86,SV Werder Bremen,720,3000000.0,1500000.0,1.0,1.0,1.0,same_club
6109,Konrad Laimer,GER,2023-24,Bayern Munich,D M S,29,1757,0,0,3,17,25,1.334,1.334,3.444,16.895,13.477,3,0,223967,Konrad Laimer,1997-05-27,26.26,180.0,right,Defender,Right-Back,Austria,Austria,29,1769,0,3,27,Bayern Munich,2713,28000000.0,30000000.0,0.998,1.0,0.993,same_club
6144,Sébastien Haller,GER,2023-24,Borussia Dortmund,F S,14,379,0,0,1,7,5,0.557,0.557,0.426,1.605,0.948,2,0,181375,Sébastien Haller,1994-06-22,29.19,190.0,right,Attack,Centre-Forward,Cote d'Ivoire,France,14,388,0,1,16,Borussia Dortmund,524,30000000.0,10000000.0,0.993,1.0,0.977,same_club
6190,Dawid Kownacki,GER,2023-24,Werder Bremen,F S,22,340,0,0,0,19,5,1.373,1.373,0.275,1.974,0.697,0,0,208167,Dawid Kownacki,1997-03-14,26.47,186.0,right,Attack,Centre-Forward,Poland,Poland,22,364,0,0,86,SV Werder Bremen,364,3500000.0,2000000.0,0.98,1.0,0.934,same_club
6290,Alexander Meyer,GER,2023-24,Borussia Dortmund,GK S,8,695,0,0,0,0,0,0.0,0.0,0.0,0.899,0.899,0,0,76158,Alexander Meyer,1991-04-13,32.39,195.0,right,Goalkeeper,Goalkeeper,Germany,Germany,8,694,0,0,16,Borussia Dortmund,784,1000000.0,800000.0,1.0,1.0,0.999,same_club
6292,Tomas Koubek,GER,2023-24,Augsburg,GK,3,270,0,0,0,0,0,0.0,0.0,0.0,0.315,0.315,0,0,146714,Tomas Koubek,1992-08-26,31.01,197.0,right,Goalkeeper,Goalkeeper,Czech Republic,CSSR,3,270,0,0,167,FC Augsburg,270,1000000.0,800000.0,1.0,1.0,1.0,same_club
6321,Moritz Nicolas,GER,2023-24,Borussia M.Gladbach,GK,27,2430,0,0,0,0,0,0.0,0.0,0.0,3.91,3.91,2,0,284270,Moritz Nicolas,1997-10-21,25.86,193.0,right,Goalkeeper,Goalkeeper,Germany,Germany,27,2430,0,0,18,Borussia Mönchengladbach,2730,350000.0,2500000.0,1.0,1.0,1.0,same_club
6327,Kevin Akpoguma,GER,2023-24,Hoffenheim,D M S,17,1080,0,0,0,2,5,0.673,0.673,0.247,3.894,3.01,7,0,160241,Kevin Akpoguma,1995-04-19,28.37,192.0,right,Defender,Centre-Back,Nigeria,Germany,17,1095,0,0,533,TSG 1899 Hoffenheim,1159,3500000.0,3000000.0,0.996,1.0,0.986,same_club
6403,Timo Hübers,GER,2023-24,FC Cologne,D,31,2782,0,0,0,22,6,1.954,1.954,0.574,5.163,4.702,6,0,236981,Timo Hübers,1996-07-20,27.12,190.0,right,Defender,Centre-Back,Germany,Germany,31,2779,0,1,3,1.FC Köln,2970,8500000.0,5500000.0,1.0,1.0,0.999,same_club
6411,Niklas Dorsch,GER,2023-24,Augsburg,M S,21,1395,0,0,0,14,3,0.593,0.593,0.128,3.947,3.559,5,0,251302,Niklas Dorsch,1998-01-15,25.63,178.0,right,Midfield,Defensive Midfield,Germany,Germany,21,1388,0,0,167,FC Augsburg,1449,7000000.0,4000000.0,0.998,1.0,0.995,same_club
6436,Stanley N&#039;Soki,GER,2023-24,Hoffenheim,D M S,11,630,0,0,0,0,2,0.0,0.0,0.13,1.431,1.373,1,1,371141,Stanley Nsoki,1999-04-09,24.4,184.0,left,Defender,Centre-Back,France,France,11,632,0,0,533,TSG 1899 Hoffenheim,632,5500000.0,2500000.0,0.927,0.88,0.997,same_club
6595,Paul Jäckel,GER,2023-24,Union Berlin,D S,6,216,0,0,0,0,2,0.0,0.0,0.074,0.159,0.084,0,0,284248,Paul Jaeckel,1998-07-22,25.11,186.0,right,Defender,Centre-Back,Germany,Germany,6,231,0,0,89,1.FC Union Berlin,406,5000000.0,2000000.0,0.954,0.957,0.935,same_club
6596,Finn Dahmen,GER,2023-24,Augsburg,GK,31,2790,0,0,0,0,1,0.0,0.0,0.034,3.327,3.327,4,0,251299,Finn Dahmen,1998-03-27,25.43,186.0,right,Goalkeeper,Goalkeeper,Germany,Germany,31,2790,0,0,167,FC Augsburg,2880,2500000.0,5000000.0,1.0,1.0,1.0,same_club
7024,Kasim Nuhu,GER,2023-24,Hoffenheim,S,1,1,0,0,0,0,0,0.0,0.0,0.0,0.0,0.0,0,0,,,,,,,,,,,,,,,,,,,,,,,
7030,Fabian Bredlow,GER,2023-24,VfB Stuttgart,GK,4,360,0,0,0,0,0,0.0,0.0,0.0,0.564,0.564,0,0,187624,Fabian Bredlow,1995-03-02,28.5,190.0,both,Goalkeeper,Goalkeeper,Germany,Germany,4,360,0,0,79,VfB Stuttgart,360,1500000.0,1000000.0,1.0,1.0,1.0,same_club
7048,Frederik Rönnow,GER,2023-24,Union Berlin,GK,33,2970,0,0,0,3,1,0.122,0.122,0.222,3.59,3.368,2,0,107775,Frederik Rönnow,1992-08-04,31.07,188.0,right,Goalkeeper,Goalkeeper,Denmark,Denmark,33,2970,0,0,89,1.FC Union Berlin,3690,5500000.0,4500000.0,1.0,1.0,1.0,same_club
7053,Pavao Pervan,GER,2023-24,Wolfsburg,GK,9,810,0,0,0,0,0,0.0,0.0,0.0,0.636,0.636,1,0,51977,Pavao Pervan,1987-11-13,35.8,194.0,both,Goalkeeper,Goalkeeper,Austria,Jugoslawien (SFR),9,810,0,0,82,VfL Wolfsburg,900,400000.0,300000.0,1.0,1.0,1.0,same_club
7075,Borna Sosa,GER,2023-24,VfB Stuttgart,S,2,32,0,0,0,1,1,0.02,0.02,0.012,0.092,0.092,0,0,293194,Borna Sosa,1998-01-21,25.61,187.0,left,Defender,Left-Back,Croatia,Croatia,2,44,0,0,79,VfB Stuttgart,1268,12000000.0,7500000.0,0.96,1.0,0.867,same_club
7164,Florent Muslija,GER,2023-24,Freiburg,S,10,70,0,0,0,2,6,0.053,0.053,0.61,0.643,0.111,0,0,337036,Florent Muslija,1998-07-06,25.16,172.0,right,Attack,Left Winger,Kosovo,Germany,10,95,0,0,60,SC Freiburg,353,1500000.0,2500000.0,0.921,1.0,0.737,same_club
7320,Amos Pieper,GER,2023-24,Werder Bremen,D,7,594,0,0,0,4,1,0.339,0.339,0.534,1.759,1.225,0,0,334221,Amos Pieper,1998-01-17,25.62,192.0,right,Defender,Centre-Back,Germany,Germany,7,591,0,0,86,SV Werder Bremen,602,6000000.0,4000000.0,0.998,1.0,0.995,same_club
7511,Sacha Boey,GER,2023-24,Bayern Munich,D S,2,108,0,0,0,1,0,0.436,0.436,0.0,0.566,0.13,1,0,475413,Sacha Boey,2000-09-13,22.97,178.0,right,Defender,Right-Back,France,France,2,109,0,0,27,Bayern Munich,2899,16000000.0,18000000.0,0.997,1.0,0.991,same_club
7719,Nathanael Mbuku,GER,2023-24,Augsburg,S,1,3,0,0,0,1,1,0.02,0.02,0.033,0.053,0.0,0,0,557614,Nathanaël Mbuku,2002-03-16,21.46,170.0,left,Attack,Left Winger,DR Congo,France,1,4,0,0,167,FC Augsburg,4,3000000.0,2000000.0,0.997,1.0,0.989,same_club
7783,Xaver Schlager,GER,2023-24,RasenBallsport Leipzig,M,29,2499,0,0,5,21,27,1.001,1.001,2.174,21.959,20.258,7,0,223979,Xaver Schlager,1997-09-28,25.92,174.0,left,Midfield,Central Midfield,Austria,Austria,29,2484,0,5,23826,RB Leipzig,3299,22000000.0,28000000.0,0.998,1.0,0.994,same_club
7791,Sebastiaan Bornauw,GER,2023-24,Wolfsburg,D S,20,1438,0,0,0,10,3,0.69,0.69,0.25,2.404,2.194,5,0,338629,Sebastiaan Bornauw,1999-03-22,24.45,191.0,right,Defender,Centre-Back,Belgium,Belgium,20,1431,0,0,82,VfL Wolfsburg,1521,8500000.0,7000000.0,0.999,1.0,0.995,same_club
7796,Klaus Gjasula,GER,2023-24,Darmstadt,D M S,22,1361,0,0,0,9,6,0.73,0.73,0.223,4.124,3.76,7,1,57598,Klaus Gjasula,1989-12-14,33.71,190.0,both,Midfield,Defensive Midfield,Albania,Albania,22,1366,0,0,105,SV Darmstadt 98,1366,500000.0,400000.0,0.999,1.0,0.996,same_club
7807,Luca Kilian,GER,2023-24,FC Cologne,D S,13,623,0,0,0,0,1,0.0,0.0,0.05,0.244,0.244,1,0,384553,Luca Kilian,1999-09-01,24.0,192.0,right,Defender,Centre-Back,Germany,Germany,13,632,0,0,3,1.FC Köln,651,3500000.0,2000000.0,0.996,1.0,0.986,same_club
7815,Christian Groß,GER,2023-24,Werder Bremen,D M S,20,779,0,0,1,3,5,0.112,0.112,0.216,2.988,2.71,1,0,58396,Christian Groß,1989-02-08,34.56,182.0,both,Midfield,Defensive Midfield,Germany,Germany,20,792,0,1,86,SV Werder Bremen,822,500000.0,300000.0,0.995,1.0,0.984,same_club
7831,Stefan Lainer,GER,2023-24,Borussia M.Gladbach,D M S,15,739,0,0,1,3,8,0.371,0.371,0.666,2.528,1.813,2,0,85791,Stefan Lainer,1992-08-27,31.01,175.0,right,Defender,Right-Back,Austria,Austria,15,750,0,1,18,Borussia Mönchengladbach,758,3000000.0,2500000.0,0.996,1.0,0.985,same_club
7868,Diadie Samassékou,GER,2023-24,Hoffenheim,S,1,1,0,0,0,0,0,0.0,0.0,0.0,0.0,0.0,0,0,315604,Diadié Samassékou,1996-01-11,27.64,177.0,right,Midfield,Defensive Midfield,Mali,Mali,1,1,0,0,533,TSG 1899 Hoffenheim,89,7000000.0,2000000.0,0.983,1.0,0.944,same_club
7868,Diadie Samassékou,GER,2023-24,Hoffenheim,S,1,1,0,0,0,0,0,0.0,0.0,0.0,0.0,0.0,0,0,315604,Diadié Samassékou,1996-01-11,27.64,177.0,right,Midfield,Defensive Midfield,Mali,Mali,1,1,0,0,533,TSG 1899 Hoffenheim,89,7000000.0,2000000.0,1.0,1.0,1.0,same_club
7875,Christopher Trimmel,GER,2023-24,Union Berlin,D M S,26,1680,0,0,2,6,39,0.315,0.315,2.441,5.509,4.362,2,1,75921,Christopher Trimmel,1987-02-24,36.52,189.0,right,Defender,Right-Back,Austria,Austria,26,1651,0,2,89,1.FC Union Berlin,1876,800000.0,600000.0,0.995,1.0,0.983,same_club
7876,Christopher Lenz,GER,2023-24,"Eintracht Frankfurt,RasenBallsport Leipzig",S,6,34,0,0,0,0,1,0.0,0.0,0.11,0.923,0.812,0,0,159844,Christopher Lenz,1994-09-22,28.94,180.0,left,Defender,Left-Back,Germany,Germany,6,52,0,0,"24,23826","Eintracht Frankfurt,RB Leipzig",234,2500000.0,1500000.0,0.94,1.0,0.8,same_club
7881,Sebastian Polter,GER,2023-24,Darmstadt,F S,9,456,0,0,1,9,3,1.125,1.125,0.356,2.069,0.986,0,0,60957,Sebastian Polter,1991-04-01,32.42,192.0,right,Attack,Centre-Forward,Germany,Germany,9,445,0,1,105,SV Darmstadt 98,533,800000.0,500000.0,0.993,1.0,0.976,same_club
7882,Sheraldo Becker,GER,2023-24,Union Berlin,F M S,11,664,0,0,1,16,12,0.978,0.978,2.154,3.857,1.771,0,0,188888,Sheraldo Becker,1995-02-09,28.56,180.0,right,Attack,Left Winger,Suriname,Netherlands,11,649,0,2,89,1.FC Union Berlin,2148,17000000.0,10000000.0,0.999,1.0,0.996,same_club
7882,Sheraldo Becker,GER,2023-24,Union Berlin,F M S,11,664,0,0,1,16,12,0.978,0.978,2.154,3.857,1.771,0,0,188888,Sheraldo Becker,1995-02-09,28.56,180.0,right,Attack,Left Winger,Suriname,Netherlands,11,649,0,2,89,1.FC Union Berlin,2148,17000000.0,10000000.0,0.993,1.0,0.977,same_club
7912,Eljif Elmas,GER,2023-24,RasenBallsport Leipzig,M S,14,221,0,0,0,10,2,1.205,1.205,0.167,2.634,1.537,0,0,400489,Eljif Elmas,1999-09-24,23.94,184.0,right,Midfield,Attacking Midfield,North Macedonia,Macedonia,14,255,0,0,23826,RB Leipzig,752,26000000.0,20000000.0,0.96,1.0,0.867,same_club
7912,Eljif Elmas,GER,2023-24,RasenBallsport Leipzig,M S,14,221,0,0,0,10,2,1.205,1.205,0.167,2.634,1.537,0,0,400489,Eljif Elmas,1999-09-24,23.94,184.0,right,Midfield,Attacking Midfield,North Macedonia,Macedonia,14,255,0,0,23826,RB Leipzig,752,26000000.0,20000000.0,0.993,1.0,0.976,same_club
7937,Julian Chabot,GER,2023-24,FC Cologne,D,32,2721,0,0,0,19,9,1.098,1.098,0.421,5.183,4.941,7,1,303219,Jeff Chabot,1998-02-12,25.55,195.0,left,Defender,Centre-Back,Germany,Germany,32,2707,0,1,3,1.FC Köln,2917,5500000.0,9000000.0,0.968,0.95,0.995,same_club
7990,Christoph Zimmermann,GER,2023-24,Darmstadt,D S,19,1236,0,0,0,4,3,0.206,0.206,0.074,1.741,1.667,5,0,77812,Christoph Zimmermann,1993-01-12,30.63,194.0,right,Defender,Centre-Back,Germany,Germany,19,1217,0,0,105,SV Darmstadt 98,1262,1300000.0,1000000.0,0.995,1.0,0.985,same_club
8000,Ilia Gruev,GER,2023-24,Werder Bremen,S,1,2,0,0,0,0,0,0.0,0.0,0.0,0.0,0.0,0,0,381753,Ilia Gruev,2000-05-06,23.32,185.0,left,Midfield,Defensive Midfield,Bulgaria,Bulgaria,1,3,0,0,86,SV Werder Bremen,303,3000000.0,5000000.0,0.997,1.0,0.989,same_club
8017,Alex Kral,GER,2023-24,Union Berlin,D M S,24,1340,0,0,0,18,5,1.717,1.717,0.219,4.689,3.057,2,0,337333,Alex Král,1998-05-19,25.29,186.0,right,Midfield,Central Midfield,Czech Republic,Slovakia,24,1365,0,0,89,1.FC Union Berlin,1714,7000000.0,5000000.0,0.995,1.0,0.982,same_club
8070,Mateu Morey,GER,2023-24,Borussia Dortmund,D S,3,113,0,0,0,1,1,0.017,0.017,0.113,0.835,0.705,0,0,388513,Mateu Morey,2000-03-02,23.5,173.0,right,Defender,Right-Back,Spain,Spain,3,110,0,0,16,Borussia Dortmund,110,1000000.0,800000.0,0.992,1.0,0.973,same_club
8191,Giovanni Reyna,GER,2023-24,Borussia Dortmund,M S,11,239,0,0,0,9,7,1.065,1.065,1.005,4.44,2.584,1,0,504215,Giovanni Reyna,2002-11-13,20.8,187.0,right,Midfield,Attacking Midfield,United States,England,11,271,0,1,16,Borussia Dortmund,592,25000000.0,18000000.0,0.969,1.0,0.896,same_club
8191,Giovanni Reyna,GER,2023-24,Borussia Dortmund,M S,11,239,0,0,0,9,7,1.065,1.065,1.005,4.44,2.584,1,0,504215,Giovanni Reyna,2002-11-13,20.8,187.0,right,Midfield,Attacking Midfield,United States,England,11,271,0,1,16,Borussia Dortmund,592,25000000.0,18000000.0,0.965,1.0,0.882,same_club
8317,Edmond Tapsoba,GER,2023-24,Bayer Leverkusen,D S,28,2085,0,0,1,12,9,1.059,1.059,0.689,16.959,16.242,4,0,564545,Edmond Tapsoba,1999-02-02,24.58,194.0,right,Defender,Centre-Back,Burkina Faso,Burkina Faso,28,2085,0,1,15,Bayer 04 Leverkusen,3488,30000000.0,45000000.0,1.0,1.0,1.0,same_club
8396,Jessic Ngankam,GER,2023-24,"Eintracht Frankfurt,Mainz 05",F M S,22,417,0,0,0,15,5,2.264,1.506,0.461,2.052,0.859,2,1,448177,Jessic Ngankam,2000-07-20,23.12,184.0,right,Attack,Centre-Forward,Germany,Germany,22,449,0,0,"24,39","Eintracht Frankfurt,1.FSV Mainz 05",569,5000000.0,1500000.0,0.979,1.0,0.929,same_club
8401,Luca Netz,GER,2023-24,Borussia M.Gladbach,D M S,30,2254,0,0,4,17,36,1.159,1.159,3.096,9.006,6.364,2,0,524285,Luca Netz,2003-05-15,20.3,184.0,left,Defender,Left-Back,Germany,Germany,30,2232,0,5,18,Borussia Mönchengladbach,2613,6500000.0,10000000.0,0.997,1.0,0.99,same_club
8648,Fraser Hornby,GER,2023-24,Darmstadt,F S,7,203,0,0,0,10,4,1.077,1.077,0.402,1.524,0.28,1,0,388160,Fraser Hornby,1999-09-13,23.97,195.0,right,Attack,Centre-Forward,Scotland,England,7,213,0,0,105,SV Darmstadt 98,303,1000000.0,1200000.0,0.986,1.0,0.953,same_club
8678,Jonas Omlin,GER,2023-24,Borussia M.Gladbach,GK,7,630,0,0,1,0,1,0.0,0.0,0.33,1.416,1.086,1,0,247915,Jonas Omlin,1994-01-10,29.64,190.0,right,Goalkeeper,Goalkeeper,Switzerland,Switzerland,7,630,0,1,18,Borussia Mönchengladbach,720,9000000.0,6000000.0,1.0,1.0,1.0,same_club
8803,Robert Gumny,GER,2023-24,Augsburg,D S,13,467,0,0,0,3,2,0.169,0.169,0.176,1.609,1.423,3,0,353826,Robert Gumny,1998-06-04,25.24,182.0,right,Defender,Right-Back,Poland,Poland,13,477,0,0,167,FC Augsburg,477,3500000.0,2000000.0,0.994,1.0,0.979,same_club
8804,Felix Agu,GER,2023-24,Werder Bremen,D S,24,1646,0,0,0,11,7,1.05,1.05,0.746,5.799,4.187,2,0,393512,Felix Agu,1999-09-27,23.93,180.0,right,Defender,Left-Back,Nigeria,Germany,24,1624,0,3,86,SV Werder Bremen,1624,1000000.0,4000000.0,0.996,1.0,0.987,same_club
8806,Roberto Massimo,GER,2023-24,VfB Stuttgart,S,5,56,0,0,0,0,1,0.0,0.0,0.058,0.132,0.074,1,0,431561,Roberto Massimo,2000-10-12,22.89,183.0,right,Attack,Right Winger,Germany,Ghana,5,79,0,0,79,VfB Stuttgart,83,1000000.0,800000.0,0.923,1.0,0.744,same_club
8812,Sasa Kalajdzic,GER,2023-24,Eintracht Frankfurt,F,5,331,0,0,1,2,3,0.167,0.167,0.73,1.31,0.565,0,0,369567,Sasa Kalajdzic,1997-07-07,26.15,200.0,right,Attack,Centre-Forward,Austria,Austria,5,329,0,1,24,Eintracht Frankfurt,488,15000000.0,5000000.0,0.949,1.0,0.83,same_club
8812,Sasa Kalajdzic,GER,2023-24,Eintracht Frankfurt,F,5,331,0,0,1,2,3,0.167,0.167,0.73,1.31,0.565,0,0,369567,Sasa Kalajdzic,1997-07-07,26.15,200.0,right,Attack,Centre-Forward,Austria,Austria,5,329,0,1,24,Eintracht Frankfurt,488,15000000.0,5000000.0,0.998,1.0,0.994,same_club
8821,Donny van de Beek,GER,2023-24,Eintracht Frankfurt,F M S,8,360,0,0,0,1,3,0.081,0.081,0.626,0.975,0.935,1,0,288255,Donny van de Beek,1997-04-18,26.37,184.0,right,Midfield,Central Midfield,Netherlands,Netherlands,8,357,0,0,24,Eintracht Frankfurt,359,13000000.0,5000000.0,0.997,1.0,0.989,same_club
8821,Donny van de Beek,GER,2023-24,Eintracht Frankfurt,F M S,8,360,0,0,0,1,3,0.081,0.081,0.626,0.975,0.935,1,0,288255,Donny van de Beek,1997-04-18,26.37,184.0,right,Midfield,Central Midfield,Netherlands,Netherlands,8,357,0,0,24,Eintracht Frankfurt,359,13000000.0,5000000.0,0.997,1.0,0.992,same_club
8854,Tim Siersleben,GER,2023-24,FC Heidenheim,D S,14,903,0,0,0,3,3,0.121,0.121,0.794,1.346,1.285,1,0,337092,Tim Siersleben,2000-03-09,23.48,187.0,left,Defender,Centre-Back,Germany,Germany,14,909,0,0,2036,1. Fußballclub Heidenheim 1846,1044,1500000.0,1500000.0,0.998,1.0,0.993,same_club
8878,Atakan Karazor,GER,2023-24,VfB Stuttgart,M S,33,2660,0,0,4,19,29,0.965,0.965,3.105,18.898,15.486,9,0,232320,Atakan Karazor,1996-10-13,26.88,191.0,right,Midfield,Defensive Midfield,Türkiye,Germany,33,2630,0,4,79,VfB Stuttgart,2986,4000000.0,12000000.0,0.997,1.0,0.989,same_club
8974,Jens Petter Hauge,GER,2023-24,Eintracht Frankfurt,S,10,115,0,0,0,1,1,0.067,0.067,0.032,0.646,0.579,0,0,422355,Jens Petter Hauge,1999-10-12,23.89,184.0,right,Attack,Left Winger,Norway,Norway,10,138,0,0,24,Eintracht Frankfurt,313,2500000.0,2500000.0,0.95,1.0,0.833,same_club
8987,Lilian Egloff,GER,2023-24,VfB Stuttgart,M S,5,93,0,0,0,3,0,0.122,0.122,0.0,0.223,0.115,1,0,472243,Lilian Egloff,2002-08-20,21.03,182.0,right,Midfield,Attacking Midfield,Germany,Germany,5,103,0,0,79,VfB Stuttgart,117,1500000.0,800000.0,0.971,1.0,0.903,same_club
9076,Philipp Förster,GER,2023-24,Bochum,M S,13,362,0,0,0,6,8,0.374,0.374,0.413,1.111,0.651,1,0,179635,Philipp Förster,1995-02-04,28.57,188.0,left,Midfield,Attacking Midfield,Germany,Germany,13,379,0,0,80,VfL Bochum,379,2800000.0,1800000.0,0.987,1.0,0.955,same_club
9178,Merveille Papela,GER,2023-24,Mainz 05,D M S,11,264,0,0,0,4,3,0.444,0.444,0.535,1.524,1.026,1,0,405689,Merveille Papela,2001-01-18,22.62,174.0,right,Midfield,Central Midfield,Germany,Germany,11,253,0,0,39,1.FSV Mainz 05,254,1000000.0,1000000.0,0.987,1.0,0.958,same_club
9270,Kiliann Sildillia,GER,2023-24,Freiburg,D S,27,1790,0,0,1,7,11,0.536,0.536,0.591,5.848,5.125,2,1,548348,Kiliann Sildillia,2002-05-16,21.3,186.0,right,Defender,Right-Back,France,France,27,1804,0,1,60,SC Freiburg,2583,12000000.0,15000000.0,0.998,1.0,0.992,same_club
9352,Masaya Okugawa,GER,2023-24,Augsburg,S,2,23,0,0,0,0,0,0.0,0.0,0.0,0.014,0.014,0,0,307052,Masaya Okugawa,1996-04-14,27.38,177.0,both,Attack,Left Winger,Japan,Japan,2,30,0,0,167,FC Augsburg,30,2500000.0,1500000.0,0.977,1.0,0.922,same_club
9501,Fabio Carvalho,GER,2023-24,RasenBallsport Leipzig,M S,9,132,0,0,0,3,2,0.214,0.214,0.23,0.722,0.371,0,0,559263,Fábio Carvalho,2002-08-30,21.0,170.0,right,Midfield,Attacking Midfield,Portugal,Portugal,9,158,0,0,23826,RB Leipzig,444,16000000.0,14000000.0,0.951,1.0,0.835,same_club
9629,El Chadaille Bitshiabu,GER,2023-24,RasenBallsport Leipzig,S,6,15,0,0,0,0,0,0.0,0.0,0.0,0.174,0.174,0,0,787912,El Chadaille Bitshiabu,2005-05-16,18.29,196.0,left,Defender,Centre-Back,France,France,6,29,0,0,23826,RB Leipzig,29,7000000.0,12000000.0,0.953,1.0,0.844,same_club
9702,Manuel Riemann,GER,2023-24,Bochum,GK,33,2970,0,0,0,0,4,0.0,0.0,0.147,3.768,3.659,5,0,40792,Manuel Riemann,1988-09-09,34.98,186.0,right,Goalkeeper,Goalkeeper,Germany,Germany,33,2970,0,0,80,VfL Bochum,3090,1000000.0,600000.0,1.0,1.0,1.0,same_club
9703,Maxim Leitsch,GER,2023-24,Mainz 05,D S,7,377,0,0,0,0,0,0.0,0.0,0.0,0.333,0.333,0,0,334207,Maxim Leitsch,1998-05-18,25.29,189.0,left,Defender,Centre-Back,Germany,Germany,7,377,0,0,39,1.FSV Mainz 05,435,2000000.0,1500000.0,1.0,1.0,1.0,same_club
9709,Erhan Masovic,GER,2023-24,Bochum,D M S,29,2227,0,0,0,17,4,1.44,1.44,1.028,5.085,3.398,7,0,343959,Erhan Masovic,1998-11-22,24.77,189.0,both,Defender,Centre-Back,Serbia,Yugoslavia (Republic),29,2218,0,0,80,VfL Bochum,2338,8000000.0,5000000.0,0.999,1.0,0.996,same_club
9715,Hiroki Ito,GER,2023-24,VfB Stuttgart,D S,26,2240,0,0,2,18,18,0.748,0.748,1.997,16.274,14.244,1,0,353892,Hiroki Ito,1999-05-12,24.31,188.0,left,Defender,Centre-Back,Japan,Japan,26,2232,0,2,79,VfB Stuttgart,2502,10000000.0,30000000.0,0.999,1.0,0.996,same_club
9750,Antonios Papadopoulos,GER,2023-24,Borussia Dortmund,D S,2,113,0,0,0,0,0,0.0,0.0,0.0,1.417,1.417,0,0,482573,Antonios Papadopoulos,1999-09-10,23.98,187.0,right,Defender,Centre-Back,Germany,Germany,2,116,0,0,16,Borussia Dortmund,116,600000.0,1000000.0,0.992,1.0,0.974,same_club
9752,Jesper Lindstrom,GER,2023-24,Eintracht Frankfurt,F,1,87,0,0,0,1,0,0.142,0.142,0.0,0.946,0.804,0,0,513245,Jesper Lindstrøm,2000-02-29,23.5,182.0,right,Attack,Right Winger,Denmark,Denmark,1,84,0,0,24,Eintracht Frankfurt,826,28000000.0,22000000.0,0.971,0.968,0.967,same_club
9752,Jesper Lindstrom,GER,2023-24,Eintracht Frankfurt,F,1,87,0,0,0,1,0,0.142,0.142,0.0,0.946,0.804,0,0,513245,Jesper Lindstrøm,2000-02-29,23.5,182.0,right,Attack,Right Winger,Denmark,Denmark,1,84,0,0,24,Eintracht Frankfurt,826,28000000.0,22000000.0,0.961,0.968,0.935,same_club
9797,Dejan Ljubicic,GER,2023-24,FC Cologne,M S,26,2088,0,0,2,38,28,2.151,2.151,4.017,8.004,3.965,6,0,287188,Dejan Ljubicic,1997-10-08,25.9,187.0,right,Midfield,Defensive Midfield,Austria,Austria,26,2054,0,2,3,1.FC Köln,2111,10000000.0,5000000.0,0.995,1.0,0.984,same_club
9935,Aster Vranckx,GER,2023-24,Wolfsburg,M S,24,1128,0,0,0,4,4,0.111,0.111,0.138,2.323,2.216,6,0,503881,Aster Vranckx,2002-10-04,20.91,183.0,right,Midfield,Central Midfield,Belgium,Belgium,24,1143,0,0,82,VfL Wolfsburg,1339,8500000.0,12000000.0,0.996,1.0,0.987,same_club
9943,Moritz Jenz,GER,2023-24,Wolfsburg,D S,22,1775,0,0,1,7,4,0.47,0.47,0.567,6.539,6.472,5,1,460245,Moritz Jenz,1999-04-30,24.34,190.0,right,Defender,Centre-Back,Germany,Germany,22,1745,0,1,82,VfL Wolfsburg,1865,7500000.0,7500000.0,0.995,1.0,0.983,same_club
10143,Bryan Zaragoza,GER,2023-24,Bayern Munich,M S,7,141,0,0,0,7,4,0.499,0.499,0.531,1.952,1.07,1,0,713644,Bryan Zaragoza,2001-09-09,21.98,164.0,right,Attack,Left Winger,Spain,Spain,7,171,0,0,27,Bayern Munich,1810,1500000.0,12000000.0,0.998,1.0,0.993,same_club
10143,Bryan Zaragoza,GER,2023-24,Bayern Munich,M S,7,141,0,0,0,7,4,0.499,0.499,0.531,1.952,1.07,1,0,713644,Bryan Zaragoza,2001-09-09,21.98,164.0,right,Attack,Left Winger,Spain,Spain,7,171,0,0,27,Bayern Munich,1810,1500000.0,12000000.0,0.947,1.0,0.825,same_club
10157,Mathias Olesen,GER,2023-24,FC Cologne,S,6,94,0,0,0,1,1,0.014,0.014,0.008,0.022,0.008,0,1,490581,Mathias Olesen,2001-03-21,22.45,188.0,both,Midfield,Defensive Midfield,Luxembourg,Denmark,6,107,0,0,3,1.FC Köln,227,1200000.0,1500000.0,0.964,1.0,0.879,same_club
10160,Noah Atubolu,GER,2023-24,Freiburg,GK,34,3060,0,0,0,0,0,0.0,0.0,0.0,5.104,5.104,0,0,526845,Noah Atubolu,2002-05-25,21.27,190.0,right,Goalkeeper,Goalkeeper,Germany,Germany,34,3060,0,0,60,SC Freiburg,4080,3500000.0,10000000.0,1.0,1.0,1.0,same_club
10289,Tom Bischof,GER,2023-24,Hoffenheim,M S,13,141,0,0,2,5,5,0.192,0.192,0.722,0.794,0.464,0,0,822959,Tom Bischof,2005-06-28,18.18,176.0,left,Midfield,Central Midfield,Germany,Germany,13,169,0,1,533,TSG 1899 Hoffenheim,171,3500000.0,3500000.0,0.95,1.0,0.834,same_club
10427,Bambasé Conté,GER,2023-24,Hoffenheim,S,7,26,0,0,0,3,1,0.135,0.135,0.034,0.213,0.043,0,0,574193,Bambasé Conté,2003-07-07,20.15,182.0,left,Attack,Left Winger,Germany,Germany,7,43,0,0,533,TSG 1899 Hoffenheim,69,200000.0,700000.0,0.943,1.0,0.811,same_club
10498,Kenneth Schmidt,GER,2023-24,Freiburg,S,5,51,0,0,0,1,2,0.012,0.012,0.107,0.157,0.126,0,0,527276,Kenneth Schmidt,2002-06-03,21.25,189.0,left,Defender,Left-Back,Germany,Germany,5,64,0,0,60,SC Freiburg,121,3000000.0,2500000.0,0.957,1.0,0.856,same_club
10595,Umut Tohumcu,GER,2023-24,Hoffenheim,M S,20,1022,0,0,2,15,9,0.571,0.571,1.241,6.797,5.651,5,0,569031,Umut Tohumcu,2004-08-11,19.06,175.0,right,Midfield,Central Midfield,Germany,Germany,20,1012,0,2,533,TSG 1899 Hoffenheim,1023,1500000.0,7000000.0,0.997,1.0,0.99,same_club
10696,Noussair Mazraoui,GER,2023-24,Bayern Munich,D S,19,1202,0,0,3,12,16,0.928,0.928,2.602,14.217,13.024,3,0,340456,Noussair Mazraoui,1997-11-14,25.8,183.0,right,Defender,Right-Back,Morocco,Netherlands,19,1198,0,3,27,Bayern Munich,1982,28000000.0,30000000.0,0.999,1.0,0.997,same_club
10697,Ryan Gravenberch,GER,2023-24,Bayern Munich,S,1,6,0,0,0,0,2,0.0,0.0,0.19,0.594,0.404,1,0,478573,Ryan Gravenberch,2002-05-16,21.3,190.0,right,Midfield,Defensive Midfield,Netherlands,Netherlands,1,9,0,0,27,Bayern Munich,1601,30000000.0,35000000.0,0.999,1.0,0.996,same_club
10697,Ryan Gravenberch,GER,2023-24,Bayern Munich,S,1,6,0,0,0,0,2,0.0,0.0,0.19,0.594,0.404,1,0,478573,Ryan Gravenberch,2002-05-16,21.3,190.0,right,Midfield,Defensive Midfield,Netherlands,Netherlands,1,9,0,0,27,Bayern Munich,1601,30000000.0,35000000.0,0.99,1.0,0.967,same_club
10724,Diogo Leite,GER,2023-24,Union Berlin,D S,32,2710,0,0,0,12,6,0.573,0.573,0.541,6.325,5.752,6,0,357156,Diogo Leite,1999-01-23,24.61,190.0,left,Defender,Centre-Back,Portugal,Portugal,32,2707,0,0,89,1.FC Union Berlin,3427,15000000.0,15000000.0,1.0,1.0,0.999,same_club
10729,Yvandro Borges Sanches,GER,2023-24,Borussia M.Gladbach,S,3,7,0,0,0,0,0,0.0,0.0,0.0,0.0,0.0,0,0,586659,Yvandro Borges Sanches,2004-05-24,19.27,180.0,right,Attack,Left Winger,Luxembourg,Luxembourg,3,16,0,1,18,Borussia Mönchengladbach,304,1500000.0,1000000.0,0.97,1.0,0.9,same_club
10731,Finn Becker,GER,2023-24,Hoffenheim,M S,22,555,0,0,0,6,6,0.17,0.17,0.448,2.163,1.622,1,0,334999,Finn Becker,2000-06-08,23.23,177.0,left,Midfield,Central Midfield,Germany,Germany,22,597,0,0,533,TSG 1899 Hoffenheim,611,2500000.0,2500000.0,0.979,1.0,0.93,same_club
10732,Jakub Kaminski,GER,2023-24,Wolfsburg,D M S,17,441,0,0,2,10,6,1.102,1.102,1.505,3.939,1.415,0,0,407098,Jakub Kamiński,2002-06-05,21.24,179.0,right,Attack,Left Winger,Poland,Poland,17,465,0,2,82,VfL Wolfsburg,606,12000000.0,6000000.0,0.985,1.0,0.948,same_club
10733,Bartol Franjic,GER,2023-24,Darmstadt,D M S,20,1234,0,0,1,4,2,0.196,0.196,0.423,2.849,2.821,5,0,370998,Bartol Franjic,2000-01-14,23.63,188.0,left,Defender,Left-Back,Croatia,Croatia,20,1231,0,1,105,SV Darmstadt 98,1231,3000000.0,1800000.0,0.999,1.0,0.998,same_club
10789,Anthony Rouault,GER,2023-24,VfB Stuttgart,D S,22,1002,0,0,2,3,8,0.105,0.105,1.301,3.694,2.872,3,0,690799,Anthony Rouault,2001-05-29,22.26,186.0,right,Defender,Centre-Back,France,France,22,1008,0,2,79,VfB Stuttgart,1117,10000000.0,7000000.0,0.998,1.0,0.994,same_club
10830,Jean Négoce,GER,2023-24,Eintracht Frankfurt,M S,8,162,0,0,0,0,3,0.0,0.0,0.079,1.05,1.003,0,0,,,,,,,,,,,,,,,,,,,,,,,
10848,Florian Dietz,GER,2023-24,FC Cologne,S,5,58,0,0,0,3,2,0.264,0.264,0.062,0.287,0.019,0,0,283871,Florian Dietz,1998-08-03,25.08,190.0,right,Attack,Centre-Forward,Germany,Germany,5,65,0,0,3,1.FC Köln,65,1000000.0,600000.0,0.977,1.0,0.922,same_club
10862,Tim Oermann,GER,2023-24,Bochum,D S,16,722,0,0,0,5,4,0.113,0.113,0.48,0.964,0.477,2,0,696164,Tim Oermann,2003-10-06,19.9,189.0,right,Defender,Centre-Back,Germany,Germany,16,708,0,0,80,VfL Bochum,708,800000.0,4000000.0,0.994,1.0,0.981,same_club
11031,Kilian Fischer,GER,2023-24,Wolfsburg,D S,6,290,0,0,0,4,2,0.164,0.164,0.098,0.931,0.728,1,0,435796,Kilian Fischer,2000-10-12,22.89,182.0,both,Defender,Right-Back,Germany,Germany,6,291,0,0,82,VfL Wolfsburg,291,2000000.0,1500000.0,0.999,1.0,0.997,same_club
11069,Matej Kovár,GER,2023-24,Bayer Leverkusen,GK,1,90,0,0,0,0,0,0.0,0.0,0.0,0.11,0.11,0,0,550829,Matej Kovar,2000-05-17,23.29,196.0,right,Goalkeeper,Goalkeeper,Czech Republic,Czech Republic,1,90,0,0,15,Bayer 04 Leverkusen,1530,1800000.0,7000000.0,1.0,1.0,1.0,same_club
11073,Fabio Chiarodia,GER,2023-24,Borussia M.Gladbach,D S,7,137,0,0,0,0,1,0.0,0.0,0.138,0.93,0.792,0,0,724104,Fabio Chiarodia,2005-06-05,18.24,186.0,left,Defender,Centre-Back,Italy,Germany,7,148,0,0,18,Borussia Mönchengladbach,300,1000000.0,2000000.0,0.978,1.0,0.926,same_club
11074,Denis Huseinbasic,GER,2023-24,FC Cologne,M S,26,1626,0,0,3,12,16,0.341,0.341,0.619,3.472,2.84,5,0,678479,Denis Huseinbasic,2001-07-03,22.16,184.0,right,Midfield,Central Midfield,Bosnia-Herzegovina,Germany,26,1625,0,3,3,1.FC Köln,1703,5000000.0,4000000.0,1.0,1.0,0.999,same_club
11092,Mërgim Berisha,GER,2023-24,"Augsburg,Hoffenheim",F S,8,251,0,0,0,11,4,0.567,0.567,0.356,0.916,0.162,0,0,307924,Mergim Berisha,1998-05-11,25.31,188.0,right,Attack,Centre-Forward,Germany,Germany,8,263,0,0,"167,533","FC Augsburg,TSG 1899 Hoffenheim",340,12000000.0,10000000.0,0.986,1.0,0.954,same_club
11143,Nelson Weiper,GER,2023-24,Mainz 05,F S,5,114,0,0,0,2,2,0.66,0.66,0.131,0.791,0.0,0,0,796213,Nelson Weiper,2005-03-17,18.46,192.0,right,Attack,Centre-Forward,Germany,Germany,5,121,0,0,39,1.FSV Mainz 05,122,5000000.0,5000000.0,0.983,1.0,0.942,same_club
11227,Dzenan Pejcinovic,GER,2023-24,Wolfsburg,S,4,16,0,0,0,2,2,0.159,0.159,0.122,0.202,0.0,1,0,819636,Dzenan Pejcinovic,2005-02-15,18.54,190.0,left,Attack,Centre-Forward,Germany,Germany,4,33,0,0,82,VfL Wolfsburg,33,1000000.0,1000000.0,0.943,1.0,0.811,same_club
11236,Aljoscha Kemlein,GER,2023-24,Union Berlin,S,2,23,0,0,0,1,0,0.033,0.033,0.0,0.674,0.641,0,0,692737,Aljoscha Kemlein,2004-08-02,19.08,188.0,right,Midfield,Defensive Midfield,Germany,Germany,2,27,0,0,89,1.FC Union Berlin,108,250000.0,3000000.0,0.987,1.0,0.956,same_club
11319,Justin Diehl,GER,2023-24,FC Cologne,M S,7,143,0,0,0,7,5,0.216,0.216,0.203,0.502,0.359,0,0,720162,Justin Diehl,2004-11-27,18.76,174.0,right,Attack,Left Winger,Germany,Germany,7,164,0,0,3,1.FC Köln,164,500000.0,2500000.0,0.962,1.0,0.872,same_club
11333,Josip Juranovic,GER,2023-24,Union Berlin,D M S,21,1272,0,0,2,12,39,1.307,0.549,2.854,3.448,2.262,4,0,362977,Josip Juranovic,1995-08-16,28.04,173.0,right,Defender,Right-Back,Croatia,Croatia,21,1292,0,3,89,1.FC Union Berlin,1777,12000000.0,7500000.0,0.995,1.0,0.985,same_club
11350,Amin Sarr,GER,2023-24,Wolfsburg,F M S,14,350,0,0,0,6,2,0.42,0.42,0.121,1.757,1.412,0,0,748382,Amin Sarr,2001-03-11,22.48,188.0,right,Attack,Centre-Forward,Sweden,Sweden,14,377,0,0,82,VfL Wolfsburg,474,8000000.0,4000000.0,0.978,1.0,0.928,same_club
11350,Amin Sarr,GER,2023-24,Wolfsburg,F M S,14,350,0,0,0,6,2,0.42,0.42,0.121,1.757,1.412,0,0,748382,Amin Sarr,2001-03-11,22.48,188.0,right,Attack,Centre-Forward,Sweden,Sweden,14,377,0,0,82,VfL Wolfsburg,474,8000000.0,4000000.0,0.979,1.0,0.928,same_club
11355,Noah Mbamba-Muanda,GER,2023-24,Bayer Leverkusen,S,3,8,0,0,1,1,1,0.042,0.042,0.6,0.938,0.337,0,0,743395,Noah Mbamba,2005-01-05,18.65,196.0,right,Midfield,Central Midfield,Belgium,Belgium,3,14,0,1,15,Bayer 04 Leverkusen,104,3000000.0,2500000.0,0.95,0.95,0.933,same_club
11410,Paxten Aaronson,GER,2023-24,Eintracht Frankfurt,M S,7,83,0,0,1,2,1,0.092,0.092,0.066,0.743,0.584,0,0,795738,Paxten Aaronson,2003-08-26,20.02,175.0,right,Midfield,Attacking Midfield,United States,United States,7,95,0,1,24,Eintracht Frankfurt,1440,4500000.0,4500000.0,0.962,1.0,0.874,same_club
11585,Julien Duranville,GER,2023-24,Borussia Dortmund,S,2,5,0,0,0,0,0,0.0,0.0,0.0,0.0,0.0,0,0,819215,Julien Duranville,2006-05-05,17.33,173.0,right,Attack,Left Winger,Belgium,Belgium,2,10,0,0,16,Borussia Dortmund,10,8500000.0,8500000.0,0.983,1.0,0.944,same_club
11835,Senne Lynen,GER,2023-24,Werder Bremen,M S,32,1787,0,0,3,12,15,0.362,0.362,1.737,6.228,5.27,6,0,338668,Senne Lynen,1999-02-19,24.53,185.0,right,Midfield,Defensive Midfield,Belgium,Belgium,32,1793,0,3,86,SV Werder Bremen,1973,4000000.0,7000000.0,0.999,1.0,0.997,same_club
11836,Leon Opitz,GER,2023-24,Werder Bremen,S,3,10,0,0,0,0,0,0.0,0.0,0.0,0.0,0.0,0,0,825073,Leon Opitz,2005-04-11,18.39,183.0,left,Midfield,Attacking Midfield,Germany,Germany,3,16,0,0,86,SV Werder Bremen,16,300000.0,600000.0,0.98,1.0,0.933,same_club
11838,Frans Krätzig,GER,2023-24,Bayern Munich,S,4,44,0,0,0,2,2,0.21,0.21,0.205,1.162,0.829,0,0,604320,Frans Krätzig,2003-01-14,20.63,177.0,left,Defender,Left-Back,Germany,Germany,4,52,0,0,27,Bayern Munich,195,150000.0,2000000.0,0.973,1.0,0.911,same_club
11840,Jovan Milosevic,GER,2023-24,VfB Stuttgart,S,5,12,0,0,0,0,0,0.0,0.0,0.0,0.0,0.0,0,0,943795,Jovan Milosevic,2005-07-31,18.09,190.0,right,Attack,Centre-Forward,Serbia,Serbia and Montenegro,5,26,0,0,79,VfB Stuttgart,40,500000.0,700000.0,0.953,1.0,0.844,same_club
11843,Noah Loosli,GER,2023-24,Bochum,D S,10,316,0,0,0,0,0,0.0,0.0,0.0,0.035,0.035,1,0,265209,Noah Loosli,1997-01-23,26.6,186.0,right,Defender,Centre-Back,Switzerland,Switzerland,10,340,0,0,80,VfL Bochum,340,800000.0,800000.0,0.979,1.0,0.929,same_club
11844,Tim Breithaupt,GER,2023-24,Augsburg,M S,16,613,0,0,0,3,3,0.077,0.077,0.105,1.55,1.488,3,0,569457,Tim Breithaupt,2002-02-07,21.56,192.0,right,Midfield,Defensive Midfield,Germany,Germany,16,626,0,0,167,FC Augsburg,716,3500000.0,3000000.0,0.994,1.0,0.979,same_club
11847,Grant-Leon Ranos,GER,2023-24,Borussia M.Gladbach,S,9,22,0,0,0,3,0,0.145,0.145,0.0,0.335,0.189,0,0,574201,Grant-Leon Ranos,2003-07-20,20.12,180.0,right,Attack,Centre-Forward,Armenia,Germany,9,42,0,0,18,Borussia Mönchengladbach,60,1000000.0,1000000.0,0.933,1.0,0.778,same_club
11848,Attila Szalai,GER,2023-24,"Freiburg,Hoffenheim",D S,7,393,0,0,0,1,3,0.007,0.007,0.766,1.421,0.8,1,0,263380,Attila Szalai,1998-01-20,25.61,192.0,left,Defender,Centre-Back,Hungary,Hungary,7,390,0,0,"60,533","SC Freiburg,TSG 1899 Hoffenheim",435,14000000.0,4000000.0,0.998,1.0,0.992,same_club
11849,Maximilian Breunig,GER,2023-24,Freiburg,S,2,4,0,0,0,0,0,0.0,0.0,0.0,0.0,0.0,0,0,584254,Maximilian Breunig,2000-08-14,23.05,195.0,left,Attack,Centre-Forward,Germany,Germany,2,7,0,0,60,SC Freiburg,18,225000.0,800000.0,0.99,1.0,0.967,same_club
11850,Cédric Zesiger,GER,2023-24,Wolfsburg,D S,23,1608,0,0,0,16,1,0.91,0.91,0.048,6.076,5.858,5,0,382478,Cédric Zesiger,1998-06-24,25.19,194.0,left,Defender,Centre-Back,Switzerland,Switzerland,23,1635,0,0,82,VfL Wolfsburg,1935,5500000.0,5000000.0,0.995,1.0,0.983,same_club
11852,Kevin Müller,GER,2023-24,FC Heidenheim,GK,34,3060,0,0,0,0,1,0.0,0.0,0.055,2.473,2.418,1,0,43824,Kevin Müller,1991-03-15,32.47,190.0,right,Goalkeeper,Goalkeeper,Germany,Germany,34,3060,0,0,2036,1. Fußballclub Heidenheim 1846,3150,800000.0,1000000.0,1.0,1.0,1.0,same_club
11854,Florian Pick,GER,2023-24,FC Heidenheim,M S,22,281,0,0,1,8,9,0.302,0.302,0.961,1.318,0.337,2,0,191359,Florian Pick,1995-09-08,27.98,176.0,right,Attack,Left Winger,Germany,Germany,22,312,0,1,2036,1. Fußballclub Heidenheim 1846,428,900000.0,700000.0,0.97,1.0,0.901,same_club
11858,Denis Thomalla,GER,2023-24,FC Heidenheim,M S,21,413,0,0,0,3,4,0.202,0.202,0.585,0.386,0.077,0,0,94030,Denis Thomalla,1992-08-16,31.04,186.0,right,Midfield,Attacking Midfield,Germany,Germany,21,435,0,0,2036,1. Fußballclub Heidenheim 1846,554,750000.0,750000.0,0.985,1.0,0.949,same_club
11859,Omar Traoré,GER,2023-24,FC Heidenheim,D M S,31,2495,0,0,2,11,19,0.3,0.3,1.549,5.334,3.825,5,0,388294,Omar Traoré,1998-02-04,25.57,187.0,right,Defender,Right-Back,Germany,Germany,31,2478,0,5,2036,1. Fußballclub Heidenheim 1846,2568,400000.0,2500000.0,0.998,1.0,0.993,same_club
11861,Stefan Schimmer,GER,2023-24,FC Heidenheim,S,16,117,0,0,1,5,1,0.599,0.599,0.817,1.578,0.278,0,0,394033,Stefan Schimmer,1994-04-28,29.34,185.0,right,Attack,Centre-Forward,Germany,Germany,16,140,0,1,2036,1. Fußballclub Heidenheim 1846,152,500000.0,500000.0,0.951,1.0,0.836,same_club
11862,Norman Theuerkauf,GER,2023-24,FC Heidenheim,D M S,25,1261,0,0,1,7,11,0.563,0.563,0.762,2.716,1.886,3,0,31599,Norman Theuerkauf,,,183.0,left,Midfield,Defensive Midfield,Germany,East Germany (GDR),25,1258,0,1,2036,1. Fußballclub Heidenheim 1846,1303,300000.0,300000.0,0.999,1.0,0.998,same_club
11868,Arthur,GER,2023-24,Bayer Leverkusen,D S,4,175,0,0,2,2,5,0.098,0.098,0.399,0.657,0.159,0,0,977464,Arthur,2003-03-17,20.46,174.0,right,Defender,Right-Back,Brazil,Brazil,4,183,0,2,15,Bayer 04 Leverkusen,204,5000000.0,5000000.0,0.987,1.0,0.956,same_club
11869,Gustavo Puerta,GER,2023-24,Bayer Leverkusen,S,7,32,0,0,0,2,1,0.1,0.1,0.07,0.486,0.34,0,0,936981,Gustavo Puerta,2003-07-23,20.11,173.0,right,Midfield,Central Midfield,Colombia,Colombia,7,41,0,0,15,Bayer 04 Leverkusen,229,1500000.0,3000000.0,0.97,1.0,0.9,same_club
11871,Nicolas Seiwald,GER,2023-24,RasenBallsport Leipzig,M S,21,677,0,0,2,0,5,0.0,0.0,0.253,2.531,2.332,1,0,404950,Nicolas Seiwald,2001-05-04,22.33,179.0,right,Midfield,Defensive Midfield,Austria,Austria,21,707,0,2,23826,RB Leipzig,1134,20000000.0,16000000.0,0.987,1.0,0.958,same_club
11892,Leart Paqarada,GER,2023-24,FC Cologne,D S,17,1064,0,0,0,10,21,0.329,0.329,1.964,1.471,1.035,0,0,107219,Leart Paçarada,1994-10-08,28.9,184.0,left,Defender,Left-Back,Kosovo,Germany,17,1073,0,0,3,1.FC Köln,1283,2000000.0,1500000.0,0.955,0.929,0.992,same_club
11893,Rasmus Carstensen,GER,2023-24,FC Cologne,D M S,23,1643,0,0,0,10,16,0.879,0.879,3.298,5.462,3.313,0,1,542697,Rasmus Carstensen,2000-11-10,22.81,183.0,right,Midfield,Right Midfield,Denmark,Denmark,23,1661,0,1,3,1.FC Köln,1715,1500000.0,2000000.0,0.997,1.0,0.989,same_club
11895,Jacob Christensen,GER,2023-24,FC Cologne,M S,7,205,0,0,0,1,2,0.018,0.018,0.094,0.658,0.62,1,0,515017,Jacob Christensen,2001-06-25,22.18,180.0,right,Midfield,Defensive Midfield,Denmark,Denmark,7,216,0,0,3,1.FC Köln,270,2500000.0,1500000.0,0.985,1.0,0.949,same_club
11908,David Mamutovic,GER,2023-24,Mainz 05,S,2,5,0,0,0,0,0,0.0,0.0,0.0,0.0,0.0,0,0,361508,David Mamutovic,2000-12-05,22.74,189.0,left,Attack,Right Winger,Germany,,2,9,0,0,39,1.FSV Mainz 05,9,125000.0,250000.0,0.987,1.0,0.956,same_club
11910,William Pacho,GER,2023-24,Eintracht Frankfurt,D,33,2970,0,0,2,10,7,1.309,1.309,0.866,10.656,9.838,7,0,661171,Willian Pacho,2001-10-16,21.88,188.0,left,Defender,Centre-Back,Ecuador,Ecuador,33,2970,0,2,24,Eintracht Frankfurt,3399,11000000.0,35000000.0,0.97,0.95,1.0,same_club
11912,Marcel Schuhen,GER,2023-24,Darmstadt,GK,31,2790,0,0,0,0,1,0.0,0.0,0.086,3.556,3.47,2,0,93651,Marcel Schuhen,1993-01-13,30.63,188.0,right,Goalkeeper,Goalkeeper,Germany,Germany,31,2790,0,0,105,SV Darmstadt 98,2880,1000000.0,800000.0,1.0,1.0,1.0,same_club
11914,Emir Karic,GER,2023-24,Darmstadt,D M S,27,1789,0,0,0,12,20,0.439,0.439,1.407,5.251,4.495,4,0,286596,Emir Karic,1997-06-09,26.23,184.0,left,Defender,Left-Back,Bosnia-Herzegovina,Austria,27,1782,0,0,105,SV Darmstadt 98,1872,700000.0,1000000.0,0.999,1.0,0.996,same_club
11919,Fabian Schnellhardt,GER,2023-24,Darmstadt,M S,10,218,0,0,0,5,2,0.142,0.142,0.061,0.663,0.573,1,0,94148,Fabian Schnellhardt,1994-01-12,29.63,180.0,left,Midfield,Central Midfield,Germany,Germany,10,228,0,0,105,SV Darmstadt 98,273,1000000.0,1000000.0,0.987,1.0,0.956,same_club
11920,Braydon Manu,GER,2023-24,Darmstadt,M S,4,179,0,0,0,5,3,0.417,0.417,0.039,0.507,0.088,1,0,231590,Braydon Manu,1997-03-28,26.43,170.0,both,Attack,Left Winger,Ghana,Germany,4,171,0,0,105,SV Darmstadt 98,216,1500000.0,1200000.0,0.987,1.0,0.955,same_club
11921,Filip Stojilkovic,GER,2023-24,Darmstadt,S,6,127,0,0,0,3,0,0.111,0.111,0.0,0.048,0.008,1,0,464195,Filip Stojilkovic,2000-01-04,23.66,186.0,right,Attack,Centre-Forward,Switzerland,Switzerland,6,149,0,0,105,SV Darmstadt 98,244,2000000.0,800000.0,0.956,1.0,0.852,same_club
11923,Jannik Müller,GER,2023-24,Darmstadt,D M S,16,1115,0,0,0,3,2,0.127,0.127,0.063,1.29,1.212,5,0,119286,Jannik Müller,1994-01-18,29.62,187.0,right,Defender,Centre-Back,Germany,Germany,16,1133,0,0,105,SV Darmstadt 98,1133,1000000.0,800000.0,0.995,1.0,0.984,same_club
11924,Clemens Riedel,GER,2023-24,Darmstadt,D M S,14,749,0,0,0,8,6,0.301,0.301,0.549,2.552,2.35,2,0,692070,Clemens Riedel,2003-07-19,20.12,186.0,right,Defender,Centre-Back,Germany,Germany,14,753,0,0,105,SV Darmstadt 98,843,1000000.0,2000000.0,0.998,1.0,0.995,same_club
11925,Thomas Isherwood,GER,2023-24,Darmstadt,D S,12,649,0,0,0,0,1,0.0,0.0,0.035,0.812,0.812,1,0,322075,Thomas Isherwood,1998-01-28,25.59,195.0,left,Defender,Centre-Back,Sweden,Sweden,12,638,0,0,105,SV Darmstadt 98,638,900000.0,500000.0,0.995,1.0,0.983,same_club
11991,Lukas Ullrich,GER,2023-24,Borussia M.Gladbach,S,4,39,0,0,0,0,0,0.0,0.0,0.0,0.091,0.091,0,0,787151,Lukas Ullrich,2004-03-16,19.46,180.0,left,Defender,Left-Back,Germany,Germany,4,44,0,0,18,Borussia Mönchengladbach,44,750000.0,750000.0,0.983,1.0,0.944,same_club
12023,Thomas Keller,GER,2023-24,FC Heidenheim,S,2,2,0,0,0,0,0,0.0,0.0,0.0,0.0,0.0,0,0,485747,Thomas Keller,1999-08-05,24.07,188.0,right,Defender,Centre-Back,Germany,Germany,2,2,0,0,2036,1. Fußballclub Heidenheim 1846,2,350000.0,350000.0,1.0,1.0,1.0,same_club
12029,Daniel Batz,GER,2023-24,Mainz 05,GK,4,360,0,0,0,0,0,0.0,0.0,0.0,0.143,0.143,0,0,90317,Daniel Batz,1991-01-12,32.64,191.0,both,Goalkeeper,Goalkeeper,Germany,Germany,4,360,0,0,39,1.FSV Mainz 05,360,350000.0,350000.0,1.0,1.0,1.0,same_club
12042,Daniel Peretz,GER,2023-24,Bayern Munich,S,1,15,0,0,0,0,0,0.0,0.0,0.0,0.0,0.0,0,0,468539,Daniel Peretz,2000-07-10,23.14,190.0,right,Goalkeeper,Goalkeeper,Israel,Israel,1,16,0,0,27,Bayern Munich,556,4000000.0,3000000.0,0.997,1.0,0.989,same_club
12067,Luca Raimund,GER,2023-24,VfB Stuttgart,S,3,23,0,0,0,2,0,0.893,0.893,0.0,1.534,0.641,1,0,907489,Luca Raimund,2005-04-09,18.4,188.0,left,Attack,Right Winger,Germany,Germany,3,28,0,0,79,VfB Stuttgart,28,,500000.0,0.983,1.0,0.944,same_club
12069,Junior Adamu,GER,2023-24,Freiburg,S,15,63,0,0,0,2,1,0.099,0.099,0.306,0.521,0.116,0,0,452477,Junior Adamu,2001-06-06,22.24,183.0,right,Attack,Centre-Forward,Austria,Nigeria,15,93,0,0,60,SC Freiburg,263,8000000.0,4000000.0,0.903,1.0,0.677,same_club
12070,Jordy Makengo,GER,2023-24,Freiburg,D S,20,1043,0,0,0,3,5,0.153,0.153,0.194,3.584,3.265,1,0,815078,Jordy Makengo,2001-08-03,22.08,191.0,left,Defender,Left-Back,France,France,20,1023,0,0,60,SC Freiburg,1343,350000.0,3500000.0,0.994,1.0,0.981,same_club
12072,Patric Pfeiffer,GER,2023-24,Augsburg,D S,11,503,0,0,1,11,4,0.453,0.453,0.67,1.068,0.254,0,0,391742,Patric Pfeiffer,1999-08-20,24.03,196.0,right,Defender,Centre-Back,Ghana,Germany,11,509,0,1,167,FC Augsburg,599,3000000.0,2000000.0,0.996,1.0,0.988,same_club
12090,Andreas Müller,GER,2023-24,Darmstadt,M S,11,334,0,0,0,3,1,0.073,0.073,0.017,0.942,0.902,3,0,438315,Andreas Müller,2000-07-20,23.12,173.0,right,Midfield,Defensive Midfield,Germany,Germany,11,341,0,0,105,SV Darmstadt 98,341,1000000.0,800000.0,0.994,1.0,0.979,same_club
12099,Frank Ronstadt,GER,2023-24,Darmstadt,S,4,62,0,0,0,3,1,0.072,0.072,0.014,0.084,0.041,0,0,270027,Frank Ronstadt,1997-07-21,26.11,179.0,right,Defender,Right-Back,Germany,Germany,4,73,0,0,105,SV Darmstadt 98,134,550000.0,550000.0,0.963,1.0,0.878,same_club
12108,Fabian Rüdlin,GER,2023-24,Freiburg,S,1,3,0,0,0,0,0,0.0,0.0,0.0,0.037,0.037,0,0,230818,Fabian Rüdlin,1997-01-13,26.63,171.0,right,Midfield,Defensive Midfield,Germany,Germany,1,6,0,0,60,SC Freiburg,6,250000.0,350000.0,0.99,1.0,0.967,same_club
12134,Moritz-Broni Kwarteng,GER,2023-24,Bochum,F M S,11,254,0,0,1,14,4,1.74,1.74,0.374,1.895,0.635,1,1,316575,Moritz-Broni Kwarteng,1998-04-28,25.34,175.0,both,Midfield,Attacking Midfield,Germany,Germany,11,267,0,1,80,VfL Bochum,267,1500000.0,1200000.0,0.985,1.0,0.951,same_club
12226,Marcus Müller,GER,2023-24,Mainz 05,S,1,15,0,0,0,1,0,0.013,0.013,0.0,0.013,0.0,0,0,698523,Marcus Müller,2002-08-20,21.03,188.0,,Attack,Centre-Forward,Germany,Germany,1,17,0,0,39,1.FSV Mainz 05,17,100000.0,200000.0,0.993,1.0,0.978,same_club
12232,Kofi Amoako,GER,2023-24,Wolfsburg,S,2,2,0,0,0,0,0,0.0,0.0,0.0,0.0,0.0,0,0,814950,Kofi Amoako,2005-05-06,18.32,186.0,,Midfield,Defensive Midfield,Germany,Germany,2,2,0,0,82,VfL Wolfsburg,2,,400000.0,1.0,1.0,1.0,same_club
12249,Fabio Torsiello,GER,2023-24,Darmstadt,F S,10,116,0,0,0,4,1,0.5,0.5,0.072,0.593,0.066,0,0,917015,Fabio Torsiello,2005-02-02,18.58,177.0,right,Attack,Centre-Forward,Germany,Germany,10,147,0,0,105,SV Darmstadt 98,147,500000.0,500000.0,0.937,1.0,0.789,same_club
12250,Elias Baum,GER,2023-24,Eintracht Frankfurt,S,4,21,0,0,0,0,0,0.0,0.0,0.0,0.033,0.033,0,0,744857,Elias Baum,2005-10-26,17.85,180.0,right,Defender,Right-Back,Germany,Germany,4,25,0,0,24,Eintracht Frankfurt,25,,1000000.0,0.987,1.0,0.956,same_club
12254,Hendry Blank,GER,2023-24,Borussia Dortmund,S,1,36,0,0,0,0,0,0.0,0.0,0.0,0.085,0.085,0,0,804831,Hendry Blank,2004-08-21,19.03,189.0,left,Defender,Centre-Back,Germany,Germany,1,45,0,0,16,Borussia Dortmund,45,150000.0,2500000.0,0.97,1.0,0.9,same_club
12266,Samuel Bamba,GER,2023-24,Borussia Dortmund,S,2,40,0,0,0,2,1,0.1,0.1,0.101,0.521,0.32,0,0,684318,Samuel Bamba,2004-02-13,19.55,179.0,both,Attack,Right Winger,Germany,Germany,2,45,0,0,16,Borussia Dortmund,45,150000.0,800000.0,0.983,1.0,0.944,same_club
12277,Samuele Di Benedetto,GER,2023-24,VfB Stuttgart,S,1,1,0,0,0,0,1,0.0,0.0,0.021,0.0,0.0,0,0,826064,Samuele Di Benedetto,2005-07-16,18.13,175.0,left,Midfield,Defensive Midfield,Germany,Germany,1,6,0,0,79,VfB Stuttgart,6,,450000.0,0.983,1.0,0.944,same_club
12348,Ole Pohlmann,GER,2023-24,Borussia Dortmund,S,2,50,0,0,0,1,1,0.058,0.058,0.05,0.108,0.0,0,0,405690,Ole Pohlmann,2001-04-05,22.41,183.0,right,Midfield,Attacking Midfield,Germany,Germany,2,52,0,0,16,Borussia Dortmund,52,400000.0,1500000.0,0.993,1.0,0.978,same_club
12370,Nuha Jatta,GER,2023-24,RasenBallsport Leipzig,S,1,1,0,0,0,0,0,0.0,0.0,0.0,0.0,0.0,0,0,974561,Nuha Jatta,2006-03-15,17.46,193.0,right,Midfield,Attacking Midfield,Germany,Germany,1,1,0,0,23826,RB Leipzig,1,,,1.0,1.0,1.0,same_club
12372,David Jurásek,GER,2023-24,Hoffenheim,D M S,13,474,0,0,1,5,6,0.1,0.1,1.215,3.209,1.957,1,0,500054,David Jurásek,2000-08-07,23.07,183.0,left,Defender,Left-Back,Czech Republic,Czech Republic,13,490,0,1,533,TSG 1899 Hoffenheim,925,5000000.0,8000000.0,0.99,1.0,0.967,same_club
12373,Shio Fukuda,GER,2023-24,Borussia M.Gladbach,S,5,23,0,0,0,2,1,0.098,0.098,0.012,0.208,0.138,0,0,1073997,Shio Fukuda,2004-04-08,19.4,178.0,right,Attack,Centre-Forward,Japan,Japan,5,32,0,0,18,Borussia Mönchengladbach,32,150000.0,300000.0,0.97,1.0,0.9,same_club
12399,Kjell-Arik Wätjen,GER,2023-24,Borussia Dortmund,M S,2,103,0,0,1,0,3,0.0,0.0,0.719,1.178,0.459,0,0,884810,Kjell Wätjen,2006-02-16,17.54,184.0,right,Midfield,Central Midfield,Germany,Germany,2,104,0,1,16,Borussia Dortmund,104,,2000000.0,0.967,0.95,0.99,same_club
12406,Pep Biel,GER,2023-24,Augsburg,S,11,242,0,0,0,6,4,0.949,0.949,0.179,1.212,0.104,1,0,263804,Pep Biel,1996-09-05,26.99,172.0,left,Midfield,Attacking Midfield,Spain,Spain,11,275,0,0,167,FC Augsburg,1145,6000000.0,3000000.0,0.964,1.0,0.88,same_club
12430,Nnamdi Collins,GER,2023-24,Eintracht Frankfurt,D S,2,87,0,0,0,0,0,0.0,0.0,0.0,0.104,0.104,0,0,684315,Nnamdi Collins,2004-01-10,19.64,188.0,right,Defender,Centre-Back,Germany,Germany,2,90,0,0,24,Eintracht Frankfurt,90,750000.0,1000000.0,0.99,1.0,0.967,same_club
12431,Isak Hansen-Aaröen,GER,2023-24,Werder Bremen,S,3,18,0,0,0,0,1,0.0,0.0,0.123,0.123,0.0,1,0,670116,Isak Hansen-Aarøen,2004-08-22,19.03,173.0,right,Midfield,Attacking Midfield,Norway,Norway,3,25,0,0,86,SV Werder Bremen,25,,1500000.0,0.96,0.971,0.922,same_club
12432,Christian Kühlwetter,GER,2023-24,FC Heidenheim,S,1,6,0,0,1,0,1,0.0,0.0,0.622,0.622,0.0,0,0,184204,Christian Kühlwetter,1996-04-21,27.36,182.0,both,Attack,Centre-Forward,Germany,Germany,1,7,0,1,2036,1. Fußballclub Heidenheim 1846,52,600000.0,500000.0,0.997,1.0,0.989,same_club
12469,Tim Drexler,GER,2023-24,Hoffenheim,D S,8,565,0,0,0,0,1,0.0,0.0,0.014,2.854,2.854,1,0,822958,Tim Drexler,2005-03-06,18.49,186.0,right,Defender,Centre-Back,Germany,Germany,8,573,0,0,533,TSG 1899 Hoffenheim,573,,2500000.0,0.996,1.0,0.986,same_club
12470,Max Moerstedt,GER,2023-24,Hoffenheim,S,1,10,0,0,0,0,0,0.0,0.0,0.0,0.0,0.0,0,0,923595,Max Moerstedt,2006-01-15,17.63,194.0,right,Attack,Centre-Forward,Germany,Germany,1,11,0,0,533,TSG 1899 Hoffenheim,11,,1000000.0,0.997,1.0,0.989,same_club
12547,Joel Imasuen,GER,2023-24,Werder Bremen,S,1,1,0,0,0,0,0,0.0,0.0,0.0,0.0,0.0,0,0,797563,Joel Imasuen,2004-10-27,18.84,193.0,,Attack,Centre-Forward,United States,United States,1,1,0,0,86,SV Werder Bremen,1,,,1.0,1.0,1.0,same_club
12569,Marko Mladenovic,GER,2023-24,Eintracht Frankfurt,S,1,1,0,0,0,0,0,0.0,0.0,0.0,0.0,0.0,0,0,922413,Marko Mladenovic,2005-01-30,18.58,174.0,both,Midfield,Attacking Midfield,Serbia,Germany,1,5,0,0,24,Eintracht Frankfurt,5,,500000.0,0.987,1.0,0.956,same_club
12599,Asaf Arania,GER,2023-24,Darmstadt,S,1,2,0,0,0,0,0,0.0,0.0,0.0,0.0,0.0,0,0,917014,Asaf Arania,2005-10-19,17.87,182.0,right,Attack,Centre-Forward,Israel,,1,5,0,0,105,SV Darmstadt 98,5,,,0.99,1.0,0.967,same_club
12619,Matteo Vinlöf,GER,2023-24,Bayern Munich,S,1,14,0,0,0,0,0,0.0,0.0,0.0,0.0,0.0,0,0,920283,Matteo Pérez Vinlöf,2005-12-18,17.7,178.0,left,Defender,Left-Back,Sweden,Sweden,1,15,0,0,27,Bayern Munich,15,150000.0,600000.0,0.967,0.95,0.989,same_club
12620,Jonathan Asp Jensen,GER,2023-24,Bayern Munich,S,1,1,0,0,0,0,0,0.0,0.0,0.0,0.0,0.0,0,0,856274,Jonathan Asp Jensen,2006-01-14,17.63,182.0,right,Midfield,Attacking Midfield,Denmark,Denmark,1,1,0,0,27,Bayern Munich,1,,1300000.0,1.0,1.0,1.0,same_club
12627,Mahmut Kücüksahin,GER,2023-24,Augsburg,S,1,1,0,0,0,0,0,0.0,0.0,0.0,0.0,0.0,0,0,730486,Mahmut Kücüksahin,2004-04-07,19.4,182.0,right,Midfield,Defensive Midfield,Türkiye,,1,1,0,0,167,FC Augsburg,1,150000.0,100000.0,1.0,1.0,1.0,same_club
12628,Jonathan Norbye,GER,2023-24,RasenBallsport Leipzig,S,1,1,0,0,0,0,0,0.0,0.0,0.0,0.0,0.0,0,0,1006916,Jonathan Norbye,2007-03-26,16.44,194.0,left,Defender,Centre-Back,Norway,Norway,1,1,0,0,23826,RB Leipzig,1,,,1.0,1.0,1.0,same_club
12629,Bennit Bröger,GER,2023-24,Wolfsburg,S,1,7,0,0,0,0,0,0.0,0.0,0.0,0.0,0.0,0,0,897479,Bennit Bröger,2006-07-01,17.17,181.0,right,Attack,Right Winger,Germany,Germany,1,10,0,0,82,VfL Wolfsburg,10,,,0.99,1.0,0.967,same_club
7006,Lautaro Martínez,ITA,2023-24,Inter,F S,33,2688,24,22,3,109,36,19.917,17.633,4.228,29.067,11.011,5,0,406625,Lautaro Martínez,1997-08-22,26.03,174.0,right,Attack,Centre-Forward,Argentina,Argentina,33,2667,24,6,46,Inter Milan,3461,85000000.0,110000000.0,0.998,1.0,0.992,same_club
7084,Dusan Vlahovic,ITA,2023-24,Juventus,F S,33,2346,16,14,4,110,29,18.16,15.115,2.741,15.924,3.549,6,1,357498,Dušan Vlahović,2000-01-28,23.59,190.0,left,Attack,Centre-Forward,Serbia,Yugoslavia (Republic),33,2319,16,3,506,Juventus FC,2609,70000000.0,65000000.0,0.997,1.0,0.988,same_club
502,Olivier Giroud,ITA,2023-24,AC Milan,F S,35,2397,15,11,8,77,32,15.563,11.757,5.82,15.761,2.256,1,1,82442,Olivier Giroud,1986-09-30,36.92,192.0,left,Attack,Centre-Forward,France,France,35,2372,15,8,5,AC Milan,3341,4000000.0,3000000.0,0.997,1.0,0.99,same_club
5322,Victor Osimhen,ITA,2023-24,Napoli,F S,25,2015,15,12,3,90,24,17.078,13.271,3.63,17.016,3.571,4,1,401923,Victor Osimhen,1998-12-29,24.67,186.0,right,Attack,Centre-Forward,Nigeria,Nigeria,25,1989,15,3,6195,SSC Napoli,2476,120000000.0,100000000.0,0.996,1.0,0.987,same_club
10366,Albert Gudmundsson,ITA,2023-24,Genoa,F M S,35,3034,14,10,4,56,79,10.583,6.776,5.503,11.851,3.625,4,0,305947,Albert Gudmundsson,1997-06-15,26.21,177.0,right,Attack,Second Striker,Iceland,Iceland,35,3023,14,4,252,Genoa CFC,3157,4500000.0,30000000.0,0.999,1.0,0.996,same_club
189,Hakan Calhanoglu,ITA,2023-24,Inter,M,32,2618,13,3,3,62,51,9.977,2.364,4.403,21.515,18.073,5,0,126414,Hakan Çalhanoğlu,1994-02-08,29.56,178.0,right,Midfield,Defensive Midfield,Türkiye,Germany,32,2576,13,3,46,Inter Milan,3260,40000000.0,45000000.0,0.995,1.0,0.984,same_club
594,Romelu Lukaku,ITA,2023-24,Roma,F S,32,2665,13,13,3,65,29,11.805,11.044,2.702,16.639,3.66,5,1,96341,Romelu Lukaku,1993-05-13,30.3,190.0,left,Attack,Centre-Forward,Belgium,Belgium,32,2644,13,3,12,Associazione Sportiva Roma,3908,40000000.0,30000000.0,0.998,1.0,0.992,same_club
1148,Duván Zapata,ITA,2023-24,"Atalanta,Torino",F S,37,3036,13,13,4,104,29,12.925,12.925,3.023,16.456,6.094,2,0,73794,Duván Zapata,1991-04-01,32.42,188.0,right,Attack,Centre-Forward,Colombia,Colombia,37,3005,13,4,"416,800","Torino FC,Atalanta BC",3083,8000000.0,8000000.0,0.997,1.0,0.99,same_club
1294,Paulo Dybala,ITA,2023-24,Roma,F M S,28,2011,13,6,9,59,50,10.748,5.419,5.363,13.226,8.16,3,0,206050,Paulo Dybala,1993-11-15,29.79,177.0,left,Attack,Second Striker,Argentina,Argentina,28,1974,13,9,12,Associazione Sportiva Roma,2671,30000000.0,20000000.0,0.994,1.0,0.982,same_club
5992,Marcus Thuram,ITA,2023-24,Inter,F S,35,2750,13,13,7,77,30,15.489,15.489,4.381,25.698,8.536,3,0,318528,Marcus Thuram,1997-08-06,26.07,192.0,right,Attack,Centre-Forward,France,Italy,35,2707,13,13,46,Inter Milan,3366,32000000.0,65000000.0,0.995,1.0,0.984,same_club
2662,Christian Pulisic,ITA,2023-24,AC Milan,F M S,36,2658,12,12,8,65,45,8.113,8.113,5.248,19.752,8.286,2,0,315779,Christian Pulisic,1998-09-18,24.95,177.0,right,Attack,Right Winger,United States,United States,36,2621,12,9,5,AC Milan,3613,25000000.0,40000000.0,0.996,1.0,0.986,same_club
6253,Gianluca Scamacca,ITA,2023-24,Atalanta,F S,29,1445,12,12,6,60,33,8.274,8.274,3.806,13.531,4.084,1,0,315867,Gianluca Scamacca,1999-01-01,24.67,195.0,right,Attack,Centre-Forward,Italy,Italy,29,1459,12,6,800,Atalanta BC,2319,22000000.0,35000000.0,0.997,1.0,0.99,same_club
7074,Nicolás González,ITA,2023-24,Fiorentina,M S,29,1915,12,11,2,85,22,10.855,8.571,2.029,10.354,3.541,1,0,486031,Nico González,1998-04-06,25.4,180.0,left,Attack,Left Winger,Argentina,Argentina,29,1913,12,2,430,ACF Fiorentina,2273,30000000.0,35000000.0,0.97,0.95,0.999,same_club
8044,Joshua Zirkzee,ITA,2023-24,Bologna,F S,34,2802,12,10,4,86,43,9.107,7.584,6.038,16.888,6.857,8,0,435648,Joshua Zirkzee,2001-05-22,22.28,193.0,right,Attack,Centre-Forward,Netherlands,Netherlands,34,2774,11,5,1025,Bologna Football Club 1909,2942,9000000.0,50000000.0,0.964,1.0,0.99,same_club
9969,Teun Koopmeiners,ITA,2023-24,Atalanta,F M S,34,2641,12,10,5,54,59,6.477,4.955,6.848,18.902,11.485,5,0,360518,Teun Koopmeiners,1998-02-28,25.51,185.0,left,Midfield,Defensive Midfield,Netherlands,Netherlands,34,2633,12,5,800,Atalanta BC,3924,30000000.0,50000000.0,0.999,1.0,0.997,same_club
4895,Andrea Pinamonti,ITA,2023-24,Sassuolo,F S,38,3161,11,9,1,84,18,10.101,7.817,1.992,12.745,4.148,4,0,315865,Andrea Pinamonti,1999-05-19,24.29,185.0,right,Attack,Centre-Forward,Italy,Italy,38,3097,11,2,6574,US Sassuolo,3202,15000000.0,15000000.0,0.994,1.0,0.98,same_club
5556,Ademola Lookman,ITA,2023-24,Atalanta,F M S,31,1930,11,11,7,67,49,11.021,11.021,6.36,19.686,5.548,4,0,406040,Ademola Lookman,1997-10-20,25.86,174.0,right,Attack,Left Winger,Nigeria,England,31,1901,11,8,800,Atalanta BC,2809,30000000.0,40000000.0,0.995,1.0,0.985,same_club
7453,Khvicha Kvaratskhelia,ITA,2023-24,Napoli,F M S,34,2774,11,11,6,129,63,12.989,12.989,6.76,24.399,8.898,8,0,502670,Khvicha Kvaratskhelia,2001-02-12,22.55,183.0,both,Attack,Left Winger,Georgia,Georgia,34,2753,11,8,6195,SSC Napoli,3594,85000000.0,80000000.0,0.998,1.0,0.992,same_club
9965,Matìas Soulè Malvano,ITA,2023-24,Frosinone,F M,36,3173,11,6,3,84,81,11.002,6.434,6.402,18.09,9.647,4,0,668951,Matías Soulé,2003-04-15,20.38,182.0,left,Attack,Right Winger,Argentina,Argentina,36,3141,11,3,8970,Frosinone Calcio,3263,4000000.0,25000000.0,0.967,0.95,0.99,same_club
6160,Riccardo Orsolini,ITA,2023-24,Bologna,M S,33,1795,10,8,2,59,36,8.407,6.123,5.723,10.489,2.695,2,0,368482,Riccardo Orsolini,1997-01-24,26.6,186.0,left,Attack,Right Winger,Italy,Italy,33,1791,10,2,1025,Bologna Football Club 1909,1911,12000000.0,16000000.0,0.999,1.0,0.998,same_club
10877,Charles De Ketelaere,ITA,2023-24,Atalanta,F M S,35,2064,10,9,8,45,49,7.577,6.816,7.673,17.621,7.474,1,0,435772,Charles De Ketelaere,2001-03-10,22.48,192.0,left,Midfield,Attacking Midfield,Belgium,Belgium,35,2042,10,8,800,Atalanta BC,2940,22000000.0,34000000.0,0.997,1.0,0.989,same_club
1433,Federico Chiesa,ITA,2023-24,Juventus,F M S,33,2220,9,8,2,74,54,8.022,7.26,7.34,18.358,6.65,1,0,341092,Federico Chiesa,1997-10-25,25.85,175.0,right,Attack,Right Winger,Italy,Italy,33,2206,9,3,506,Juventus FC,2512,40000000.0,35000000.0,0.998,1.0,0.994,same_club
1612,Domenico Berardi,ITA,2023-24,Sassuolo,F M,17,1448,9,4,3,51,28,6.615,2.809,3.469,7.929,3.125,6,0,177843,Domenico Berardi,1994-08-01,29.08,183.0,left,Attack,Right Winger,Italy,Italy,17,1437,9,3,6574,US Sassuolo,1481,18000000.0,10000000.0,0.998,1.0,0.992,same_club
3856,Milan Djuric,ITA,2023-24,"Monza,Verona",F S,37,2479,9,8,2,51,21,7.573,5.289,2.52,9.163,3.657,4,0,67556,Milan Djuric,1990-05-22,33.28,199.0,right,Attack,Centre-Forward,Bosnia-Herzegovina,Jugoslawien (SFR),37,2464,9,3,"276,2919","Hellas Verona,AC Monza",2554,1000000.0,1500000.0,0.998,1.0,0.994,same_club
7193,Rafael Leão,ITA,2023-24,AC Milan,F M S,34,2534,9,9,9,70,59,9.51,9.51,10.244,22.98,8.598,5,0,357164,Rafael Leão,1999-06-10,24.23,188.0,right,Attack,Left Winger,Portugal,Portugal,34,2525,9,10,5,AC Milan,3548,90000000.0,90000000.0,0.999,1.0,0.996,same_club
1121,Giacomo Bonaventura,ITA,2023-24,Fiorentina,M S,31,2325,8,8,3,52,40,5.704,4.942,3.079,11.382,5.078,6,0,57280,Giacomo Bonaventura,1989-08-22,34.03,180.0,right,Midfield,Attacking Midfield,Italy,Italy,31,2287,8,3,430,ACF Fiorentina,2772,2500000.0,3000000.0,0.995,1.0,0.984,same_club
1471,Lorenzo Pellegrini,ITA,2023-24,Roma,M S,29,1878,8,7,3,47,36,5.226,4.465,2.866,8.609,4.905,7,0,286297,Lorenzo Pellegrini,1996-06-19,27.2,186.0,right,Midfield,Attacking Midfield,Italy,Italy,29,1866,8,4,12,Associazione Sportiva Roma,2731,35000000.0,25000000.0,0.998,1.0,0.994,same_club
1473,Matteo Politano,ITA,2023-24,Napoli,F M S,37,2436,8,6,7,75,70,7.065,4.781,8.614,19.04,10.03,2,1,165895,Matteo Politano,1993-08-03,30.08,171.0,left,Attack,Right Winger,Italy,Italy,37,2385,8,8,6195,SSC Napoli,3126,15000000.0,13000000.0,0.994,1.0,0.979,same_club
6718,Andrea Colpani,ITA,2023-24,Monza,F M S,38,2751,8,8,4,65,57,5.196,5.196,6.015,16.833,8.73,1,0,392959,Andrea Colpani,1999-05-11,24.31,184.0,left,Midfield,Attacking Midfield,Italy,Italy,38,2680,8,4,2919,AC Monza,2751,4000000.0,18000000.0,0.992,1.0,0.974,same_club
11306,Cyril Ngonge,ITA,2023-24,"Napoli,Verona",F M S,32,1750,8,8,2,59,30,5.593,5.593,2.709,8.655,2.435,6,0,358032,Cyril Ngonge,2000-05-26,23.27,180.0,left,Attack,Right Winger,Belgium,Belgium,32,1746,7,3,"276,6195","Hellas Verona,SSC Napoli",1841,2000000.0,12000000.0,0.966,1.0,0.998,same_club
11936,Lorenzo Lucca,ITA,2023-24,Udinese,F S,37,2624,8,8,4,61,20,9.098,9.098,1.446,10.789,1.702,6,0,572265,Lorenzo Lucca,2000-09-10,22.97,201.0,right,Attack,Centre-Forward,Italy,Italy,37,2601,8,4,410,Udinese Calcio,2707,5000000.0,12000000.0,0.997,1.0,0.991,same_club
1209,Ciro Immobile,ITA,2023-24,Lazio,F S,31,1675,7,3,1,49,17,10.909,7.864,2.223,12.374,3.281,8,0,105521,Ciro Immobile,1990-02-20,33.53,185.0,right,Attack,Centre-Forward,Italy,Italy,31,1656,7,1,398,Società Sportiva Lazio S.p.A.,2359,15000000.0,4000000.0,0.997,1.0,0.989,same_club
11898,Mateo Retegui,ITA,2023-24,Genoa,F S,29,2235,7,6,2,63,12,7.062,6.301,0.954,7.495,2.68,5,0,554903,Mateo Retegui,1999-04-29,24.34,186.0,right,Attack,Centre-Forward,Italy,Argentina,29,2224,7,2,252,Genoa CFC,2371,16000000.0,16000000.0,0.999,1.0,0.995,same_club
11989,Walid Cheddira,ITA,2023-24,Frosinone,F M S,36,2150,7,6,1,60,16,9.745,8.984,1.124,11.387,2.739,0,0,521407,Walid Cheddira,1998-01-22,25.61,187.0,right,Attack,Centre-Forward,Morocco,Italy,36,2130,7,1,8970,Frosinone Calcio,2322,7500000.0,6000000.0,0.997,1.0,0.991,same_club
12008,Nikola Krstovic,ITA,2023-24,Lecce,F S,35,2401,7,6,1,92,40,12.603,10.319,2.696,13.926,3.329,4,1,434433,Nikola Krstović,2000-04-05,23.41,185.0,right,Attack,Centre-Forward,Montenegro,Yugoslavia (Republic),35,2388,7,2,1005,US Lecce,2569,2200000.0,6000000.0,0.998,1.0,0.995,same_club
688,Ruben Loftus-Cheek,ITA,2023-24,AC Milan,M S,29,2111,6,6,1,41,25,3.988,3.988,2.217,11.732,6.347,5,0,202886,Ruben Loftus-Cheek,1996-01-23,27.61,191.0,right,Midfield,Central Midfield,England,England,29,2081,6,2,5,AC Milan,2860,25000000.0,25000000.0,0.996,1.0,0.986,same_club
1126,M&#039;Baye Niang,ITA,2023-24,Empoli,F S,14,692,6,2,1,24,8,5.778,2.732,0.935,3.516,0.947,1,0,157501,M'Baye Niang,1994-12-19,28.7,188.0,right,Attack,Centre-Forward,Senegal,France,14,706,6,1,749,FC Empoli,1782,2500000.0,2500000.0,0.964,0.95,0.98,same_club
1134,Mario Pasalic,ITA,2023-24,Atalanta,F M S,34,2039,6,4,6,40,31,7.948,6.426,5.142,16.404,7.419,3,0,205938,Mario Pašalić,1995-02-09,28.56,188.0,right,Midfield,Central Midfield,Croatia,Germany,34,2046,6,6,800,Atalanta BC,2729,20000000.0,13000000.0,0.999,1.0,0.997,same_club
1186,Andrea Belotti,ITA,2023-24,"Fiorentina,Roma",F S,29,1626,6,6,2,47,13,7.543,7.543,2.63,10.188,3.012,1,0,167727,Andrea Belotti,1993-12-20,29.7,181.0,right,Attack,Centre-Forward,Italy,Italy,29,1626,6,3,"12,430","Associazione Sportiva Roma,ACF Fiorentina",2090,8000000.0,5000000.0,1.0,1.0,1.0,same_club
1423,Matías Vecino,ITA,2023-24,Lazio,M S,31,1100,6,6,1,33,7,4.235,4.235,0.475,8.142,5.132,8,0,143812,Matías Vecino,1991-08-24,32.02,187.0,right,Midfield,Central Midfield,Uruguay,Uruguay,31,1136,6,1,398,Società Sportiva Lazio S.p.A.,1908,4500000.0,2500000.0,0.99,1.0,0.968,same_club
1517,Antonio Candreva,ITA,2023-24,Salernitana,F M S,34,2769,6,5,6,65,60,4.41,3.648,5.322,9.028,2.992,5,0,25488,Antonio Candreva,1987-02-28,36.51,180.0,right,Midfield,Right Midfield,Italy,Italy,34,2757,6,6,380,US Salernitana 1919,2847,1500000.0,1000000.0,0.999,1.0,0.996,same_club
1958,Mattia Zaccagni,ITA,2023-24,Lazio,D F M S,28,2001,6,6,1,42,29,5.531,5.531,2.135,10.957,4.79,8,0,283735,Mattia Zaccagni,1995-06-16,28.21,177.0,right,Attack,Left Winger,Italy,Italy,28,1973,6,2,398,Società Sportiva Lazio S.p.A.,2519,30000000.0,20000000.0,0.996,1.0,0.986,same_club
4981,Davide Frattesi,ITA,2023-24,Inter,M S,32,877,6,6,3,32,10,8.651,8.651,2.204,12.41,3.091,1,0,394300,Davide Frattesi,1999-09-22,23.94,178.0,right,Midfield,Central Midfield,Italy,Italy,32,935,6,4,46,Inter Milan,1555,25000000.0,35000000.0,0.981,1.0,0.938,same_club
6228,Luka Jovic,ITA,2023-24,AC Milan,F S,23,844,6,6,1,22,11,5.654,5.654,1.21,6.619,0.527,2,1,257462,Luka Jović,1997-12-23,25.69,182.0,right,Attack,Centre-Forward,Serbia,Yugoslavia (Republic),23,868,6,1,5,AC Milan,1242,8000000.0,7000000.0,0.992,1.0,0.972,same_club
7013,Matteo Pessina,ITA,2023-24,Monza,M,37,3243,6,2,3,28,27,6.191,2.385,1.221,13.444,10.651,3,1,332179,Matteo Pessina,1997-04-21,26.36,187.0,left,Midfield,Central Midfield,Italy,Italy,37,3229,6,3,2919,AC Monza,3319,15000000.0,15000000.0,0.999,1.0,0.996,same_club
8341,Lazar Samardzic,ITA,2023-24,Udinese,M S,34,2393,6,5,2,57,61,3.765,3.004,5.843,7.747,5.526,3,0,528833,Lazar Samardžić,2002-02-24,21.52,184.0,left,Midfield,Attacking Midfield,Serbia,Germany,34,2382,6,2,410,Udinese Calcio,2382,14000000.0,20000000.0,0.999,1.0,0.995,same_club
10404,Éderson,ITA,2023-24,Atalanta,M S,36,2888,6,6,1,38,18,4.508,4.508,1.569,16.615,12.261,8,0,607854,Éderson,1999-07-07,24.15,183.0,right,Midfield,Central Midfield,Brazil,Brazil,36,2874,6,1,800,Atalanta BC,4177,20000000.0,40000000.0,0.999,1.0,0.995,same_club
10994,Kristian Thorstvedt,ITA,2023-24,Sassuolo,M S,34,2439,6,6,1,42,37,4.574,4.574,1.941,8.221,3.546,7,0,564785,Kristian Thorstvedt,1999-03-13,24.47,189.0,left,Midfield,Central Midfield,Norway,Norway,34,2412,6,1,6574,US Sassuolo,2471,7500000.0,8000000.0,0.997,1.0,0.989,same_club
11039,Lewis Ferguson,ITA,2023-24,Bologna,M,31,2725,6,6,3,60,33,6.609,6.609,3.129,14.555,7.732,8,0,428563,Lewis Ferguson,1999-08-24,24.02,181.0,right,Midfield,Central Midfield,Scotland,Scotland,31,2718,6,4,1025,Bologna Football Club 1909,2928,12000000.0,24000000.0,0.999,1.0,0.997,same_club
11900,Lucas Beltrán,ITA,2023-24,Fiorentina,F M S,32,1712,6,5,2,31,25,3.811,3.05,2.241,6.6,2.844,6,0,628366,Lucas Beltrán,2001-03-29,22.43,176.0,right,Attack,Centre-Forward,Argentina,Argentina,32,1694,6,3,430,ACF Fiorentina,2093,12000000.0,16000000.0,0.997,1.0,0.989,same_club
11966,Noah Okafor,ITA,2023-24,AC Milan,F M S,28,837,6,6,2,22,8,4.566,4.566,1.147,6.37,1.883,1,0,346890,Noah Okafor,2000-05-24,23.27,185.0,right,Attack,Left Winger,Switzerland,Switzerland,28,871,6,2,5,AC Milan,1005,20000000.0,20000000.0,0.988,1.0,0.961,same_club
865,Marko Arnautovic,ITA,2023-24,Inter,F S,27,748,5,5,3,17,16,5.603,5.603,2.896,9.664,2.593,0,0,41384,Marko Arnautovic,1989-04-19,34.37,192.0,both,Attack,Centre-Forward,Austria,Austria,27,781,5,3,46,Inter Milan,1149,5000000.0,4000000.0,0.987,1.0,0.958,same_club
942,Florian Thauvin,ITA,2023-24,Udinese,F M S,29,1717,5,4,3,48,38,5.914,5.152,5.438,12.572,4.254,4,0,184892,Florian Thauvin,1993-01-26,30.6,181.0,left,Attack,Right Winger,France,France,29,1715,5,3,410,Udinese Calcio,1870,3500000.0,3000000.0,1.0,1.0,0.999,same_club
1208,Felipe Anderson,ITA,2023-24,Lazio,D F M S,38,2812,5,5,6,43,42,5.54,5.54,6.977,19.133,9.11,3,0,159372,Felipe Anderson,1993-04-15,30.38,175.0,right,Attack,Left Winger,Brazil,Brazil,38,2783,5,6,398,Società Sportiva Lazio S.p.A.,3723,15000000.0,8000000.0,0.997,1.0,0.99,same_club
1219,Luis Alberto,ITA,2023-24,Lazio,M S,33,2341,5,5,7,56,64,5.472,5.472,6.289,16.425,8.889,7,0,128220,Luis Alberto,1992-09-28,30.92,183.0,right,Midfield,Attacking Midfield,Spain,Spain,33,2323,5,8,398,Società Sportiva Lazio S.p.A.,3171,18000000.0,11000000.0,0.998,1.0,0.992,same_club
1324,Federico Dimarco,ITA,2023-24,Inter,D S,30,2166,5,5,6,50,63,3.209,3.209,9.559,18.552,12.901,0,0,198116,Federico Dimarco,1997-11-10,25.81,175.0,left,Defender,Left-Back,Italy,Italy,30,2104,5,6,46,Inter Milan,2685,35000000.0,50000000.0,0.991,1.0,0.971,same_club
1477,Luca Mazzitelli,ITA,2023-24,Frosinone,M S,29,2229,5,5,0,49,12,2.271,2.271,1.24,8.944,6.533,4,1,226025,Luca Mazzitelli,1995-11-15,27.79,184.0,right,Midfield,Central Midfield,Italy,Italy,29,2222,5,0,8970,Frosinone Calcio,2463,3000000.0,4000000.0,0.999,1.0,0.997,same_club
2217,Antonio Sanabria,ITA,2023-24,Torino,F M S,35,2156,5,3,0,54,15,10.538,9.015,1.17,12.769,5.512,2,0,234523,Antonio Sanabria,1996-03-04,27.49,180.0,right,Attack,Centre-Forward,Paraguay,Paraguay,35,2133,5,0,416,Torino FC,2300,10000000.0,7000000.0,0.997,1.0,0.989,same_club
2547,Theo Hernández,ITA,2023-24,AC Milan,D S,32,2804,5,4,4,57,44,5.674,4.151,5.117,19.027,14.887,11,1,339808,Theo Hernández,1997-10-06,25.9,184.0,left,Defender,Left-Back,France,France,32,2795,5,4,5,AC Milan,4055,60000000.0,60000000.0,0.999,1.0,0.997,same_club
3291,Adrien Rabiot,ITA,2023-24,Juventus,M S,31,2650,5,5,3,38,26,3.885,3.885,4.416,12.905,7.4,8,0,182913,Adrien Rabiot,1995-04-03,28.41,191.0,left,Midfield,Central Midfield,France,France,31,2652,5,3,506,Juventus FC,3012,40000000.0,35000000.0,1.0,1.0,0.999,same_club
6196,Nicolas Viola,ITA,2023-24,Cagliari,F M S,26,1183,5,5,2,38,33,3.546,2.784,4.303,5.865,2.655,3,0,85393,Nicolas Viola,1989-10-12,33.89,180.0,left,Midfield,Attacking Midfield,Italy,Italy,26,1202,5,2,1390,Cagliari Calcio,1281,600000.0,800000.0,0.995,1.0,0.984,same_club
6697,Armand Lauriente,ITA,2023-24,Sassuolo,F M S,37,2972,5,5,4,84,47,6.066,6.066,4.803,11.796,3.544,5,0,579930,Armand Laurienté,1998-12-04,24.74,177.0,right,Attack,Left Winger,France,France,37,2926,5,6,6574,US Sassuolo,3078,18000000.0,10000000.0,0.995,1.0,0.985,same_club
7375,Roberto Piccoli,ITA,2023-24,"Empoli,Lecce",F M S,37,1366,5,4,0,58,10,6.926,6.164,1.346,7.419,2.861,5,0,432092,Roberto Piccoli,2001-01-27,22.59,190.0,right,Attack,Centre-Forward,Italy,Italy,37,1399,5,0,"749,1005","FC Empoli,US Lecce",1579,3500000.0,4000000.0,0.993,1.0,0.976,same_club
7500,Giacomo Raspadori,ITA,2023-24,Napoli,F M S,37,1546,5,5,3,61,36,6.703,5.941,4.484,13.593,5.702,0,0,405885,Giacomo Raspadori,2000-02-18,23.53,172.0,right,Attack,Second Striker,Italy,Italy,37,1571,5,3,6195,SSC Napoli,1900,35000000.0,25000000.0,0.995,1.0,0.984,same_club
7507,Gianluca Gaetano,ITA,2023-24,"Cagliari,Napoli",F M S,20,910,5,4,1,22,21,2.407,1.646,2.227,3.942,1.365,2,1,358008,Gianluca Gaetano,2000-05-05,23.32,183.0,right,Midfield,Defensive Midfield,Italy,Italy,20,904,5,2,"1390,6195","Cagliari Calcio,SSC Napoli",1048,4500000.0,6000000.0,0.998,1.0,0.993,same_club
9019,Lucas Martínez Quarta,ITA,2023-24,Fiorentina,D S,29,2290,5,5,1,24,14,2.62,2.62,1.476,7.482,6.213,9,0,373373,Lucas Martínez Quarta,1996-05-10,27.31,183.0,right,Defender,Centre-Back,Argentina,Argentina,29,2292,5,1,430,ACF Fiorentina,2534,10000000.0,15000000.0,1.0,1.0,0.999,same_club
11877,Michael Folorunsho,ITA,2023-24,Verona,F M S,34,2827,5,5,1,47,18,4.302,4.302,1.4,6.74,2.494,5,0,377042,Michael Folorunsho,1998-02-07,25.56,190.0,right,Midfield,Central Midfield,Italy,Italy,34,2794,5,1,276,Hellas Verona,2794,2500000.0,8500000.0,0.996,1.0,0.988,same_club
11964,Giovanni Fabbian,ITA,2023-24,Bologna,F M S,27,1044,5,5,2,28,16,4.738,4.738,1.95,5.781,1.803,4,0,633668,Giovanni Fabbian,2003-01-14,20.63,190.0,right,Midfield,Attacking Midfield,Italy,Italy,27,1053,5,2,1025,Bologna Football Club 1909,1263,6000000.0,14000000.0,0.997,1.0,0.991,same_club
12378,Tijjani Noslin,ITA,2023-24,Verona,F M,17,1368,5,5,4,36,26,3.636,3.636,1.871,7.413,2.348,2,0,457736,Tijjani Noslin,1999-07-07,24.15,178.0,right,Attack,Right Winger,Netherlands,Netherlands,17,1346,5,4,276,Hellas Verona,2463,750000.0,10000000.0,0.995,1.0,0.984,same_club
703,Fikayo Tomori,ITA,2023-24,AC Milan,D S,26,2133,4,4,0,17,4,3.608,3.608,0.111,8.231,8.094,6,1,303254,Fikayo Tomori,1997-12-19,25.7,185.0,right,Defender,Centre-Back,England,Canada,26,2125,4,0,5,AC Milan,2845,40000000.0,40000000.0,0.999,1.0,0.996,same_club
1104,Leonardo Pavoletti,ITA,2023-24,Cagliari,F S,19,595,4,4,1,25,7,3.134,3.134,0.625,3.234,1.061,4,0,64793,Leonardo Pavoletti,1988-11-26,34.76,188.0,right,Attack,Centre-Forward,Italy,Italy,19,621,4,1,1390,Cagliari Calcio,706,1000000.0,800000.0,0.987,1.0,0.958,same_club
1583,Arkadiusz Milik,ITA,2023-24,Juventus,F S,32,858,4,4,1,36,15,5.394,5.394,3.417,8.824,1.219,2,1,191891,Arkadiusz Milik,1994-02-28,29.51,186.0,left,Attack,Centre-Forward,Poland,Poland,32,900,4,1,506,Juventus FC,1056,8000000.0,6000000.0,0.986,1.0,0.953,same_club
1723,Roberto Pereyra,ITA,2023-24,Udinese,D F M S,27,1873,4,3,3,28,25,4.361,3.6,2.316,6.533,2.879,6,0,112302,Roberto Pereyra,1991-01-07,32.65,182.0,both,Midfield,Central Midfield,Argentina,Argentina,27,1862,4,4,410,Udinese Calcio,1862,6000000.0,2000000.0,0.998,1.0,0.994,same_club
5733,Houssem Aouar,ITA,2023-24,Roma,F M S,16,743,4,4,0,12,10,3.093,3.093,0.364,4.621,1.437,3,0,395693,Houssem Aouar,1998-06-30,25.17,175.0,right,Midfield,Attacking Midfield,Algeria,France,16,775,4,0,12,Associazione Sportiva Roma,1171,13000000.0,10000000.0,0.988,1.0,0.959,same_club
6159,Gianluca Mancini,ITA,2023-24,Roma,D S,36,2881,4,4,1,19,10,2.598,2.598,0.986,9.496,9.208,9,0,256448,Gianluca Mancini,1996-04-17,27.37,190.0,right,Defender,Centre-Back,Italy,Italy,36,2874,4,1,12,Associazione Sportiva Roma,4049,18000000.0,25000000.0,0.999,1.0,0.998,same_club
7224,Boulaye Dia,ITA,2023-24,Salernitana,F M S,17,1134,4,3,0,29,10,4.598,3.837,0.525,4.802,0.84,1,0,626913,Boulaye Dia,1996-11-16,26.79,180.0,right,Attack,Centre-Forward,Senegal,France,17,1143,4,0,380,US Salernitana 1919,1157,25000000.0,10000000.0,0.998,1.0,0.992,same_club
7284,Marco Brescianini,ITA,2023-24,Frosinone,D F M S,36,2324,4,4,2,31,22,2.033,2.033,2.125,7.01,3.681,1,0,459128,Marco Brescianini,2000-01-20,23.61,188.0,left,Midfield,Central Midfield,Italy,Italy,36,2322,4,2,8970,Frosinone Calcio,2554,900000.0,3500000.0,1.0,1.0,0.999,same_club
7910,Szymon Zurkowski,ITA,2023-24,Empoli,M S,13,879,4,4,0,16,4,1.453,1.453,0.112,2.171,0.698,4,0,387234,Szymon Żurkowski,1997-09-25,25.93,185.0,right,Midfield,Central Midfield,Poland,Poland,13,872,4,0,749,FC Empoli,928,3500000.0,2500000.0,0.998,1.0,0.992,same_club
7947,Ruslan Malinovskiy,ITA,2023-24,Genoa,F M S,28,1551,4,4,1,39,11,0.985,0.985,0.591,3.035,2.201,7,0,207877,Ruslan Malinovskyi,1993-05-04,30.33,181.0,left,Midfield,Central Midfield,Ukraine,Ukraine,28,1548,4,1,252,Genoa CFC,1599,15000000.0,8000000.0,0.966,0.944,0.998,same_club
8163,Daniel Maldini,ITA,2023-24,"Empoli,Monza",F M S,18,568,4,4,1,21,12,1.816,1.816,0.973,3.545,1.682,1,0,539134,Daniel Maldini,2001-10-11,21.89,188.0,right,Midfield,Attacking Midfield,Italy,Italy,18,588,4,1,"749,2919","FC Empoli,AC Monza",588,3000000.0,4500000.0,0.99,1.0,0.966,same_club
8297,Alexis Saelemaekers,ITA,2023-24,Bologna,F M S,30,1909,4,4,2,29,44,2.825,2.825,3.019,8.585,4.748,4,1,381950,Alexis Saelemaekers,1999-06-27,24.18,180.0,right,Midfield,Right Midfield,Belgium,Belgium,30,1894,4,3,1025,Bologna Football Club 1909,2099,15000000.0,12000000.0,0.998,1.0,0.992,same_club
8478,Lorenzo Colombo,ITA,2023-24,Monza,F S,25,1351,4,4,1,37,8,4.195,4.195,0.434,6.46,1.997,3,0,487843,Lorenzo Colombo,2002-03-08,21.48,183.0,left,Attack,Centre-Forward,Italy,Italy,25,1366,4,1,2919,AC Monza,1366,5000000.0,6000000.0,0.997,1.0,0.989,same_club
8944,Giulio Maggiore,ITA,2023-24,Salernitana,M S,27,1826,4,4,2,23,11,3.374,3.374,0.967,5.263,3.605,7,1,353796,Giulio Maggiore,1998-03-12,25.47,184.0,right,Midfield,Central Midfield,Italy,Italy,27,1806,4,2,380,US Salernitana 1919,1977,5500000.0,3500000.0,0.997,1.0,0.989,same_club
9071,Matteo Cancellieri,ITA,2023-24,Empoli,D F M S,36,1772,4,4,2,40,17,5.752,5.752,3.437,8.571,1.8,7,0,550106,Matteo Cancellieri,2002-02-12,21.55,185.0,left,Attack,Right Winger,Italy,Italy,36,1784,4,3,749,FC Empoli,1784,5000000.0,4800000.0,0.998,1.0,0.993,same_club
9840,Denzel Dumfries,ITA,2023-24,Inter,D S,31,1648,4,4,4,24,27,3.937,3.937,4.149,10.218,5.087,2,1,321528,Denzel Dumfries,1996-04-18,27.37,188.0,right,Defender,Right-Back,Netherlands,Netherlands,31,1643,4,5,46,Inter Milan,1965,28000000.0,24000000.0,0.999,1.0,0.997,same_club
9843,Caleb Ekuban,ITA,2023-24,Genoa,F S,29,1104,4,4,1,26,15,3.07,3.07,1.605,4.363,0.676,0,0,199953,Caleb Ekuban,1994-03-23,29.44,182.0,right,Attack,Centre-Forward,Ghana,Italy,29,1126,4,3,252,Genoa CFC,1169,1300000.0,1500000.0,0.994,1.0,0.98,same_club
9977,Loum Tchaouna,ITA,2023-24,Salernitana,F M S,33,2096,4,4,3,44,22,2.741,2.741,2.286,6.496,2.617,4,0,607226,Loum Tchaouna,2003-09-08,19.98,180.0,left,Attack,Right Winger,France,Chad,33,2100,4,4,380,US Salernitana 1919,2233,1800000.0,8000000.0,0.999,1.0,0.998,same_club
10380,Zito,ITA,2023-24,Cagliari,F M S,30,1942,4,4,5,51,25,4.576,4.576,2.946,9.083,2.41,6,0,666547,Zito Luvumbo,2002-03-09,21.48,171.0,left,Attack,Right Winger,Angola,Angola,30,1947,4,6,1390,Cagliari Calcio,2099,2000000.0,7500000.0,0.969,0.95,0.997,same_club
10895,Dany Mota,ITA,2023-24,Monza,D F M S,34,2084,4,4,3,38,34,5.252,5.252,3.442,11.032,5.334,3,0,347253,Dany Mota,1998-05-02,25.33,180.0,right,Attack,Centre-Forward,Portugal,Luxembourg,34,2058,4,4,2919,AC Monza,2148,6000000.0,5000000.0,0.996,1.0,0.988,same_club
10948,Valentín Castellanos,ITA,2023-24,Lazio,F S,35,1650,4,4,3,54,19,6.692,6.692,1.954,10.104,3.248,2,0,522784,Taty Castellanos,1998-10-03,24.91,178.0,right,Attack,Centre-Forward,Argentina,Argentina,35,1677,4,3,398,Società Sportiva Lazio S.p.A.,2131,15000000.0,15000000.0,0.965,0.95,0.984,same_club
10993,Federico Gatti,ITA,2023-24,Juventus,D S,32,2654,4,4,0,35,10,6.302,6.302,2.332,9.019,6.177,7,0,509022,Federico Gatti,1998-06-24,25.19,190.0,right,Defender,Centre-Back,Italy,Italy,32,2640,4,0,506,Juventus FC,3000,12000000.0,18000000.0,0.998,1.0,0.995,same_club
1106,Darko Lazovic,ITA,2023-24,Verona,D F M S,32,1965,3,2,2,34,31,3.126,2.365,3.623,7.023,2.465,0,1,70411,Darko Lazović,1990-09-15,32.96,181.0,right,Midfield,Left Midfield,Serbia,Jugoslawien (SFR),32,1945,3,2,276,Hellas Verona,2025,2500000.0,1500000.0,0.997,1.0,0.99,same_club
1136,Gianluca Lapadula,ITA,2023-24,Cagliari,F S,23,1203,3,2,1,35,19,4.98,4.219,1.364,5.257,0.951,3,0,130394,Gianluca Lapadula,1990-02-07,33.56,178.0,left,Attack,Centre-Forward,Peru,Italy,23,1205,3,1,1390,Cagliari Calcio,1249,2700000.0,1500000.0,1.0,1.0,0.998,same_club
1168,Bryan Cristante,ITA,2023-24,Roma,D M,37,3300,3,3,4,54,29,4.357,4.357,3.065,16.061,12.435,8,0,199248,Bryan Cristante,1995-03-03,28.5,186.0,right,Midfield,Defensive Midfield,Italy,Italy,37,3292,3,4,12,Associazione Sportiva Roma,4540,20000000.0,20000000.0,0.999,1.0,0.998,same_club
1248,Leandro Paredes,ITA,2023-24,Roma,M S,34,2680,3,0,5,32,27,3.029,0.745,2.58,12.67,11.15,15,1,166237,Leandro Paredes,1994-06-29,29.17,182.0,right,Midfield,Defensive Midfield,Argentina,Argentina,34,2644,3,5,12,Associazione Sportiva Roma,3854,12000000.0,8000000.0,0.996,1.0,0.987,same_club
1252,Stephan El Shaarawy,ITA,2023-24,Roma,D F M S,33,1732,3,3,4,40,20,2.455,2.455,2.535,8.609,5.056,2,0,94529,Stephan El Shaarawy,1992-10-27,30.84,178.0,right,Attack,Left Winger,Italy,Italy,33,1740,3,4,12,Associazione Sportiva Roma,2795,5000000.0,5000000.0,0.999,1.0,0.995,same_club
1362,Simy,ITA,2023-24,Salernitana,F S,15,679,3,3,0,13,5,3.108,3.108,0.433,3.476,0.669,0,0,194549,Simy,1992-05-07,31.32,198.0,right,Attack,Centre-Forward,Nigeria,Nigeria,15,681,3,0,380,US Salernitana 1919,742,600000.0,500000.0,0.999,1.0,0.997,same_club
1386,Piotr Zielinski,ITA,2023-24,Napoli,M S,28,1979,3,2,2,30,48,2.769,2.008,3.894,11.81,9.097,1,0,181136,Piotr Zielinski,1994-05-20,29.28,180.0,both,Midfield,Central Midfield,Poland,Poland,28,1938,3,2,6195,SSC Napoli,2427,35000000.0,22000000.0,0.994,1.0,0.979,same_club
1463,Francesco Acerbi,ITA,2023-24,Inter,D S,29,2381,3,3,1,15,7,1.417,1.417,1.542,14.983,14.751,1,0,131075,Francesco Acerbi,1988-02-10,35.56,192.0,left,Defender,Centre-Back,Italy,Italy,29,2386,3,1,46,Inter Milan,3107,4000000.0,3500000.0,0.999,1.0,0.998,same_club
2019,Federico Bonazzoli,ITA,2023-24,Verona,F S,24,997,3,3,1,27,8,2.086,2.086,1.164,4.57,2.416,2,0,241527,Federico Bonazzoli,1997-05-21,26.28,185.0,left,Attack,Centre-Forward,Italy,Italy,24,1014,3,1,276,Hellas Verona,1014,4000000.0,2500000.0,0.995,1.0,0.983,same_club
2711,Aleksey Miranchuk,ITA,2023-24,Atalanta,F M S,27,1168,3,3,5,38,45,7.989,7.989,5.326,13.763,3.994,1,0,255450,Aleksey Miranchuk,1995-10-17,27.87,182.0,left,Midfield,Attacking Midfield,Russia,Russia,27,1171,3,6,800,Atalanta BC,1851,12000000.0,10000000.0,0.999,1.0,0.997,same_club
2774,Sardar Azmoun,ITA,2023-24,Roma,F M S,23,528,3,3,0,16,8,2.558,2.558,1.477,3.883,1.146,4,0,180337,Sardar Azmoun,1995-01-01,28.67,186.0,both,Attack,Centre-Forward,Iran,Iran,23,571,3,2,12,Associazione Sportiva Roma,801,12000000.0,8000000.0,0.977,1.0,0.925,same_club
3751,Thomas Henry,ITA,2023-24,Verona,F S,18,287,3,3,0,14,3,3.189,2.428,0.088,2.491,0.367,2,2,412513,Thomas Henry,1994-09-20,28.95,191.0,right,Attack,Centre-Forward,France,France,18,322,3,0,276,Hellas Verona,323,4000000.0,2000000.0,0.967,1.0,0.891,same_club
3821,Rolando Mandragora,ITA,2023-24,Fiorentina,M S,33,1563,3,3,3,30,13,3.847,3.847,1.481,4.725,2.651,5,0,308279,Rolando Mandragora,1997-06-29,26.17,183.0,left,Midfield,Defensive Midfield,Italy,Italy,33,1583,3,3,430,ACF Fiorentina,2021,10000000.0,8500000.0,0.996,1.0,0.987,same_club
4951,Grigoris Kastanos,ITA,2023-24,Salernitana,D M S,26,1504,3,3,3,30,28,2.411,2.411,2.159,5.491,2.434,5,0,298635,Grigoris Kastanos,1998-01-30,25.59,179.0,left,Midfield,Central Midfield,Cyprus,Cyprus,26,1486,3,3,380,US Salernitana 1919,1575,1800000.0,1800000.0,0.996,1.0,0.988,same_club
5025,Alessandro Buongiorno,ITA,2023-24,Torino,D,29,2531,3,3,0,13,4,2.134,2.134,0.165,6.109,5.353,7,0,386446,Alessandro Buongiorno,1999-06-06,24.24,190.0,left,Defender,Centre-Back,Italy,Italy,29,2530,3,1,416,Torino FC,2740,10000000.0,35000000.0,1.0,1.0,1.0,same_club
5661,Jonathan Ikone,ITA,2023-24,Fiorentina,M S,28,1666,3,3,1,39,15,6.107,6.107,2.092,10.086,2.237,5,0,324690,Jonathan Ikoné,1998-05-02,25.33,175.0,left,Attack,Right Winger,France,France,28,1685,3,2,430,ACF Fiorentina,1814,16000000.0,10000000.0,0.997,1.0,0.989,same_club
5954,Eldor Shomurodov,ITA,2023-24,Cagliari,F M S,22,924,3,3,3,21,10,3.288,3.288,1.954,5.609,1.148,1,0,358166,Eldor Shomurodov,1995-06-29,28.18,190.0,right,Attack,Centre-Forward,Uzbekistan,Uzbekistan,22,933,3,3,1390,Cagliari Calcio,1044,6000000.0,5000000.0,0.997,1.0,0.99,same_club
6276,Nikola Vlasic,ITA,2023-24,Torino,F M S,33,2630,3,3,2,46,35,3.214,3.214,3.407,13.114,7.353,3,0,293200,Nikola Vlašić,1997-10-04,25.91,179.0,right,Midfield,Attacking Midfield,Croatia,Croatia,33,2615,3,2,416,Torino FC,2759,17000000.0,10000000.0,0.998,1.0,0.994,same_club
6884,Remi Oudin,ITA,2023-24,Lecce,F M S,31,1839,3,3,2,34,58,1.356,1.356,5.605,7.772,4.818,3,0,399543,Rémi Oudin,1996-11-18,26.78,186.0,left,Midfield,Attacking Midfield,France,France,31,1828,3,2,1005,US Lecce,1891,4000000.0,3500000.0,0.998,1.0,0.994,same_club
6960,Bremer,ITA,2023-24,Juventus,D,36,3235,3,3,0,18,7,2.343,2.343,0.362,10.726,10.574,9,0,516716,Bremer,1997-03-18,26.46,188.0,right,Defender,Centre-Back,Brazil,Brazil,36,3234,3,0,506,Juventus FC,3594,40000000.0,60000000.0,1.0,1.0,1.0,same_club
6980,Francesco Caputo,ITA,2023-24,Empoli,F S,20,1296,3,2,0,23,10,3.819,3.057,0.859,5.465,2.03,0,0,84765,Francesco Caputo,1987-08-06,36.07,181.0,right,Attack,Centre-Forward,Italy,Italy,20,1274,3,0,749,FC Empoli,1364,1500000.0,1000000.0,0.995,1.0,0.983,same_club
7160,Nemanja Radonjic,ITA,2023-24,Torino,M S,10,370,3,3,0,12,3,1.127,1.127,0.438,1.606,0.098,1,0,245078,Nemanja Radonjic,1996-02-15,27.54,182.0,right,Attack,Left Winger,Serbia,Yugoslavia (Republic),10,373,3,0,416,Torino FC,862,4000000.0,2800000.0,0.993,1.0,0.977,same_club
7160,Nemanja Radonjic,ITA,2023-24,Torino,M S,10,370,3,3,0,12,3,1.127,1.127,0.438,1.606,0.098,1,0,245078,Nemanja Radonjic,1996-02-15,27.54,182.0,right,Attack,Left Winger,Serbia,Yugoslavia (Republic),10,373,3,0,416,Torino FC,862,4000000.0,2800000.0,0.998,1.0,0.992,same_club
7924,Amir Rrahmani,ITA,2023-24,Napoli,D,30,2612,3,3,0,25,13,3.407,3.407,0.762,13.804,13.218,5,0,257732,Amir Rrahmani,1994-02-24,29.52,192.0,right,Defender,Centre-Back,Kosovo,Yugoslavia (Republic),30,2602,3,0,6195,SSC Napoli,3335,25000000.0,15000000.0,0.999,1.0,0.996,same_club
8828,Ivan Ilic,ITA,2023-24,Torino,M S,31,2097,3,3,2,27,47,2.572,2.572,5.42,7.879,4.573,3,0,470794,Ivan Ilić,2001-03-17,22.46,186.0,left,Midfield,Central Midfield,Serbia,Yugoslavia (Republic),31,2100,3,2,416,Torino FC,2244,19000000.0,18000000.0,1.0,1.0,0.999,same_club
9018,M&#039;Bala Nzola,ITA,2023-24,Fiorentina,F M S,33,1526,3,2,3,32,21,4.341,3.579,1.853,5.83,1.899,2,0,354814,M'Bala Nzola,1996-08-18,27.04,185.0,left,Attack,Centre-Forward,Angola,Angola,33,1546,3,3,430,ACF Fiorentina,1899,8000000.0,7000000.0,0.966,0.95,0.987,same_club
9872,Kaio Jorge,ITA,2023-24,Frosinone,F S,20,791,3,2,0,27,8,7.668,6.146,0.247,4.43,0.446,2,0,620477,Kaio Jorge,2002-01-24,21.6,182.0,right,Attack,Centre-Forward,Brazil,Brazil,20,805,3,0,8970,Frosinone Calcio,913,3000000.0,4000000.0,0.995,1.0,0.983,same_club
9996,Abdou Harroui,ITA,2023-24,Frosinone,F M S,18,1041,3,2,3,33,16,3.398,2.636,1.701,4.955,1.351,2,0,416386,Abdou Harroui,1998-01-13,25.63,182.0,both,Midfield,Central Midfield,Morocco,Netherlands,18,1026,3,3,8970,Frosinone Calcio,1185,2700000.0,2700000.0,0.996,1.0,0.986,same_club
11951,Gustav Isaksen,ITA,2023-24,Lazio,D F M S,28,1061,3,3,1,23,19,1.645,1.645,2.605,6.753,3.516,3,0,462823,Gustav Isaksen,2001-04-19,22.37,181.0,left,Attack,Right Winger,Denmark,Denmark,28,1069,3,2,398,Società Sportiva Lazio S.p.A.,1678,7500000.0,12000000.0,0.998,1.0,0.993,same_club
11965,Tijjani Reijnders,ITA,2023-24,AC Milan,M S,36,2843,3,3,3,44,50,4.088,4.088,3.857,20.719,14.411,8,0,460939,Tijjani Reijnders,1998-07-29,25.09,178.0,right,Midfield,Central Midfield,Netherlands,Netherlands,36,2829,3,4,5,AC Milan,3871,14000000.0,30000000.0,0.999,1.0,0.995,same_club
12095,Tomás Suslov,ITA,2023-24,Verona,M S,32,2105,3,2,5,53,28,3.383,2.621,3.226,5.602,2.192,7,0,540333,Tomas Suslov,2002-06-07,21.23,174.0,left,Midfield,Attacking Midfield,Slovakia,Slovakia,32,2097,3,5,276,Hellas Verona,2164,2000000.0,7000000.0,0.999,1.0,0.996,same_club
317,Henrikh Mkhitaryan,ITA,2023-24,Inter,M S,36,2847,2,2,8,39,40,3.488,3.488,5.048,26.458,19.628,4,0,55735,Henrikh Mkhitaryan,1989-01-21,34.61,177.0,both,Midfield,Central Midfield,Armenia,UdSSR,36,2804,2,10,46,Inter Milan,3526,6000000.0,6000000.0,0.995,1.0,0.985,same_club
498,Alexis Sánchez,ITA,2023-24,Inter,F S,23,716,2,1,5,18,18,2.658,1.896,4.304,8.541,5.726,0,0,40433,Alexis Sánchez,1988-12-19,34.7,169.0,right,Attack,Second Striker,Chile,Chile,23,750,2,5,46,Inter Milan,1110,4000000.0,2500000.0,0.986,1.0,0.955,same_club
557,Matteo Darmian,ITA,2023-24,Inter,D S,33,2436,2,2,1,10,23,1.566,1.566,1.69,16.104,13.303,2,0,54906,Matteo Darmian,1989-12-02,33.75,183.0,right,Defender,Right-Back,Italy,Italy,33,2411,2,2,46,Inter Milan,3116,4000000.0,4000000.0,0.997,1.0,0.99,same_club
1164,Cristiano Biraghi,ITA,2023-24,Fiorentina,D S,29,2366,2,2,5,17,45,1.541,0.78,4.97,6.196,5.446,8,0,124555,Cristiano Biraghi,1992-09-01,31.0,185.0,left,Defender,Left-Back,Italy,Italy,29,2359,2,5,430,ACF Fiorentina,2840,5000000.0,3500000.0,0.999,1.0,0.997,same_club
1178,Davide Zappacosta,ITA,2023-24,Atalanta,D M S,31,1888,2,2,1,37,17,3.114,3.114,2.084,9.884,5.855,5,0,173859,Davide Zappacosta,1992-06-11,31.22,182.0,right,Midfield,Right Midfield,Italy,Italy,31,1875,2,1,800,Atalanta BC,2845,7000000.0,6000000.0,0.998,1.0,0.993,same_club
1193,Lorenzo De Silvestri,ITA,2023-24,Bologna,D S,15,668,2,2,0,4,0,0.201,0.201,0.0,1.144,1.095,0,0,33571,Lorenzo De Silvestri,1988-05-23,35.27,187.0,right,Defender,Right-Back,Italy,Italy,15,673,2,0,1025,Bologna Football Club 1909,720,400000.0,400000.0,0.998,1.0,0.993,same_club
1204,Patric,ITA,2023-24,Lazio,D S,20,1606,2,2,0,6,4,1.412,1.412,0.187,6.177,6.023,4,0,126729,Patric,1993-04-17,30.37,184.0,right,Defender,Centre-Back,Spain,Spain,20,1610,2,0,398,Società Sportiva Lazio S.p.A.,2224,5000000.0,4000000.0,0.999,1.0,0.998,same_club
1229,Luis Muriel,ITA,2023-24,Atalanta,F S,18,364,2,2,1,23,14,1.207,1.207,1.244,2.416,0.766,0,0,119228,Luis Muriel,1991-04-16,32.38,180.0,right,Attack,Centre-Forward,Colombia,Colombia,18,395,2,1,800,Atalanta BC,683,5000000.0,2000000.0,0.976,1.0,0.922,same_club
1301,Daniele Rugani,ITA,2023-24,Juventus,D S,17,1195,2,2,0,8,3,2.44,2.44,0.367,3.885,3.631,2,0,162959,Daniele Rugani,1994-07-29,29.09,190.0,right,Defender,Centre-Back,Italy,Italy,17,1189,2,0,506,Juventus FC,1279,2000000.0,4000000.0,0.998,1.0,0.995,same_club
1409,Nicolò Barella,ITA,2023-24,Inter,M S,37,2896,2,2,3,41,42,5.04,5.04,3.771,25.447,19.667,7,0,255942,Nicolò Barella,1997-02-07,26.56,175.0,right,Midfield,Central Midfield,Italy,Italy,37,2859,2,6,46,Inter Milan,3502,75000000.0,80000000.0,0.996,1.0,0.987,same_club
1461,Pol Lirola,ITA,2023-24,Frosinone,D S,25,1557,2,2,1,9,13,1.171,1.171,1.459,6.209,4.397,1,0,298975,Pol Lirola,1997-08-13,26.05,183.0,right,Defender,Right-Back,Spain,Spain,25,1540,2,1,8970,Frosinone Calcio,1784,2000000.0,1800000.0,0.997,1.0,0.989,same_club
1474,Alfred Duncan,ITA,2023-24,Fiorentina,M S,30,1922,2,2,5,23,36,1.748,1.748,1.81,7.86,5.145,2,0,184894,Alfred Duncan,1993-03-10,30.48,178.0,left,Midfield,Central Midfield,Ghana,Ghana,30,1896,2,5,430,ACF Fiorentina,2127,4000000.0,4000000.0,0.996,1.0,0.986,same_club
1826,Nicola Sansone,ITA,2023-24,Lecce,F M S,25,714,2,2,2,23,17,3.139,3.139,1.163,5.156,2.678,4,0,82048,Nicola Sansone,1991-09-10,31.98,174.0,right,Attack,Left Winger,Italy,Germany,25,750,2,2,1005,US Lecce,813,1500000.0,1000000.0,0.986,1.0,0.952,same_club
4920,Matteo Gabbia,ITA,2023-24,AC Milan,D S,18,1273,2,2,1,11,3,1.6,1.6,0.469,5.305,5.207,5,0,323167,Matteo Gabbia,1999-10-21,23.86,185.0,right,Defender,Centre-Back,Italy,Italy,18,1276,2,1,5,AC Milan,2784,5000000.0,8000000.0,0.992,1.0,0.974,same_club
4920,Matteo Gabbia,ITA,2023-24,AC Milan,D S,18,1273,2,2,1,11,3,1.6,1.6,0.469,5.305,5.207,5,0,323167,Matteo Gabbia,1999-10-21,23.86,185.0,right,Defender,Centre-Back,Italy,Italy,18,1276,2,1,5,AC Milan,2784,5000000.0,8000000.0,0.999,1.0,0.998,same_club
5226,Walace,ITA,2023-24,Udinese,M,37,3260,2,2,0,27,21,0.567,0.567,1.014,7.691,6.658,7,0,323954,Walace,1995-04-04,28.41,188.0,right,Midfield,Defensive Midfield,Brazil,Brazil,37,3243,2,0,410,Udinese Calcio,3333,7000000.0,6000000.0,0.998,1.0,0.995,same_club
5759,Matteo Guendouzi,ITA,2023-24,Lazio,M S,33,2378,2,2,3,26,23,1.35,1.35,3.337,9.757,7.132,3,1,465830,Mattéo Guendouzi,1999-04-14,24.38,185.0,right,Midfield,Central Midfield,France,France,33,2371,2,3,398,Società Sportiva Lazio S.p.A.,3342,25000000.0,25000000.0,0.97,1.0,0.9,same_club
5759,Matteo Guendouzi,ITA,2023-24,Lazio,M S,33,2378,2,2,3,26,23,1.35,1.35,3.337,9.757,7.132,3,1,465830,Mattéo Guendouzi,1999-04-14,24.38,185.0,right,Midfield,Central Midfield,France,France,33,2371,2,3,398,Società Sportiva Lazio S.p.A.,3342,25000000.0,25000000.0,0.999,1.0,0.997,same_club
6145,Daichi Kamada,ITA,2023-24,Lazio,M S,29,1552,2,2,2,29,24,1.77,1.77,3.275,9.195,6.055,3,0,356141,Daichi Kamada,1996-08-05,27.07,180.0,right,Midfield,Attacking Midfield,Japan,Japan,29,1542,2,2,398,Società Sportiva Lazio S.p.A.,1967,27000000.0,18000000.0,0.998,1.0,0.994,same_club
6208,Antonin Barak,ITA,2023-24,Fiorentina,F M S,21,784,2,2,3,20,15,2.34,2.34,3.231,7.537,3.275,2,0,272261,Antonín Barák,1994-12-03,28.74,190.0,left,Midfield,Attacking Midfield,Czech Republic,Czech Republic,21,802,2,3,430,ACF Fiorentina,930,10000000.0,4500000.0,0.993,1.0,0.978,same_club
6212,Mattia Bani,ITA,2023-24,Genoa,D,27,2313,2,2,0,9,2,1.613,1.613,0.104,1.457,1.457,9,0,176139,Mattia Bani,1993-12-10,29.72,188.0,right,Defender,Centre-Back,Italy,Italy,27,2310,2,0,252,Genoa CFC,2365,1700000.0,2500000.0,1.0,1.0,0.999,same_club
6414,Yann Bisseck,ITA,2023-24,Inter,D S,16,880,2,2,0,12,1,0.839,0.839,0.491,8.878,8.468,0,0,441986,Yann Bisseck,2000-11-29,22.75,196.0,right,Defender,Centre-Back,Germany,Germany,16,900,2,1,46,Inter Milan,1162,5000000.0,16000000.0,0.993,1.0,0.978,same_club
6517,Charalampos Lykogiannis,ITA,2023-24,Bologna,D S,22,882,2,2,1,15,9,1.234,1.234,1.362,5.777,4.214,3,0,136514,Charalampos Lykogiannis,1993-10-22,29.86,191.0,left,Defender,Left-Back,Greece,Greece,22,899,2,1,1025,Bologna Football Club 1909,1047,1000000.0,1000000.0,0.994,1.0,0.981,same_club
6521,Yerry Mina,ITA,2023-24,"Cagliari,Fiorentina",D S,18,1261,2,1,0,4,0,1.41,0.649,0.0,2.117,2.117,5,0,289446,Yerry Mina,1994-09-23,28.94,195.0,right,Defender,Centre-Back,Colombia,Colombia,18,1259,2,0,"430,1390","ACF Fiorentina,Cagliari Calcio",1315,10000000.0,3000000.0,1.0,1.0,0.998,same_club
6672,Riccardo Sottil,ITA,2023-24,Fiorentina,M S,22,1116,2,2,3,34,13,2.646,2.646,2.761,7.37,3.562,1,0,386455,Riccardo Sottil,1999-06-03,24.25,180.0,right,Attack,Left Winger,Italy,Italy,22,1108,2,3,430,ACF Fiorentina,1298,8000000.0,6000000.0,0.998,1.0,0.993,same_club
6696,Luca Ranieri,ITA,2023-24,Fiorentina,D S,26,2066,2,2,1,10,7,1.441,1.441,0.504,4.796,4.065,14,0,346561,Luca Ranieri,1999-04-23,24.36,187.0,left,Defender,Centre-Back,Italy,Italy,26,2067,2,1,430,ACF Fiorentina,2612,2500000.0,8000000.0,1.0,1.0,1.0,same_club
6942,Arthur,ITA,2023-24,Fiorentina,M S,33,2030,2,1,3,12,34,1.016,0.254,1.91,9.552,8.295,2,0,362842,Arthur Melo,1996-08-12,27.05,172.0,right,Midfield,Central Midfield,Brazil,Brazil,33,1996,2,4,430,ACF Fiorentina,2365,15000000.0,15000000.0,0.965,0.95,0.983,same_club
6981,Ismael Bennacer,ITA,2023-24,AC Milan,M S,20,1158,2,1,2,12,17,1.85,1.089,2.435,8.583,5.898,2,0,351816,Ismaël Bennacer,1997-12-01,25.75,175.0,left,Midfield,Defensive Midfield,Algeria,France,20,1151,2,2,5,AC Milan,1335,40000000.0,30000000.0,0.998,1.0,0.994,same_club
7005,Jens Odgaard,ITA,2023-24,Bologna,F M S,10,430,2,2,0,11,2,1.237,1.237,0.11,1.414,0.067,1,0,345590,Jens Odgaard,1999-03-31,24.42,188.0,left,Midfield,Attacking Midfield,Denmark,Denmark,10,431,2,0,1025,Bologna Football Club 1909,1071,6000000.0,4500000.0,0.999,1.0,0.998,same_club
7091,Christian Kouamé,ITA,2023-24,Fiorentina,F M S,23,1073,2,2,1,24,12,2.188,2.188,2.138,6.242,2.501,0,0,337725,Christian Kouamé,1997-12-06,25.74,193.0,right,Attack,Centre-Forward,Cote d'Ivoire,Cote d'Ivoire,23,1083,2,1,430,ACF Fiorentina,1342,12000000.0,7500000.0,0.997,1.0,0.991,same_club
7628,Lameck Banda,ITA,2023-24,Lecce,F M S,21,1381,2,2,4,50,24,4.25,4.25,2.862,8.565,2.569,5,1,545538,Lameck Banda,2001-01-29,22.59,169.0,right,Attack,Left Winger,Zambia,Zambia,21,1361,2,4,1005,US Lecce,1461,4000000.0,6000000.0,0.996,1.0,0.986,same_club
7742,Valentin Gendrey,ITA,2023-24,Lecce,D S,37,3054,2,2,3,17,24,1.349,1.349,1.871,7.327,5.637,5,0,569387,Valentin Gendrey,2000-06-21,23.2,179.0,right,Defender,Right-Back,France,France,37,3051,2,3,1005,US Lecce,3141,4000000.0,7000000.0,1.0,1.0,0.999,same_club
7912,Eljif Elmas,ITA,2023-24,Napoli,F M S,11,326,2,2,0,6,6,0.556,0.556,0.257,2.007,1.388,2,0,400489,Eljif Elmas,1999-09-24,23.94,184.0,right,Midfield,Attacking Midfield,North Macedonia,Macedonia,11,334,2,0,6195,SSC Napoli,752,26000000.0,20000000.0,0.96,1.0,0.867,same_club
7912,Eljif Elmas,ITA,2023-24,Napoli,F M S,11,326,2,2,0,6,6,0.556,0.556,0.257,2.007,1.388,2,0,400489,Eljif Elmas,1999-09-24,23.94,184.0,right,Midfield,Attacking Midfield,North Macedonia,Macedonia,11,334,2,0,6195,SSC Napoli,752,26000000.0,20000000.0,0.993,1.0,0.976,same_club
7939,Morten Thorsby,ITA,2023-24,Genoa,M S,24,1127,2,2,2,13,9,2.073,2.073,1.582,2.851,0.802,2,0,226524,Morten Thorsby,1996-05-05,27.32,188.0,right,Midfield,Central Midfield,Norway,Norway,24,1142,2,2,252,Genoa CFC,1368,5500000.0,3000000.0,0.996,1.0,0.987,same_club
7953,Nahitan Nández,ITA,2023-24,Cagliari,D F M S,33,2374,2,1,3,23,43,3.648,2.887,2.56,6.032,1.754,7,0,315063,Nahitan Nández,1995-12-28,27.68,172.0,right,Midfield,Right Midfield,Uruguay,Uruguay,33,2353,2,3,1390,Cagliari Calcio,2411,5000000.0,5000000.0,0.997,1.0,0.991,same_club
8129,Riccardo Calafiori,ITA,2023-24,Bologna,D S,30,2342,2,2,5,17,17,1.367,1.367,1.719,9.83,8.616,3,0,502821,Riccardo Calafiori,2002-05-19,21.29,188.0,left,Defender,Left-Back,Italy,Italy,30,2338,2,5,1025,Bologna Football Club 1909,2537,4500000.0,30000000.0,0.999,1.0,0.998,same_club
8197,Ilario Monterisi,ITA,2023-24,Frosinone,D S,24,1470,2,2,2,5,5,1.417,1.417,0.392,3.253,2.732,1,0,550116,Ilario Monterisi,2001-12-19,21.7,190.0,right,Defender,Centre-Back,Italy,Italy,24,1467,2,3,8970,Frosinone Calcio,1767,300000.0,2800000.0,0.999,1.0,0.998,same_club
8294,El Bilal Touré,ITA,2023-24,Atalanta,F S,11,369,2,2,0,12,7,1.883,1.883,1.041,3.592,0.791,2,0,649016,El Bilal Touré,2001-10-03,21.91,185.0,right,Attack,Left Winger,Mali,Cote d'Ivoire,11,387,2,1,800,Atalanta BC,478,12000000.0,20000000.0,0.986,1.0,0.953,same_club
8728,Oier Zarraga,ITA,2023-24,Udinese,M S,15,383,2,2,0,6,2,0.556,0.556,0.035,0.977,0.807,0,0,524010,Oier Zarraga,1999-01-04,24.66,175.0,right,Midfield,Central Midfield,Spain,Spain,15,396,2,0,410,Udinese Calcio,606,3000000.0,2000000.0,0.99,1.0,0.967,same_club
8825,Reinier,ITA,2023-24,Frosinone,F M S,22,1089,2,2,2,14,16,1.441,1.441,1.63,4.741,1.971,3,0,627226,Reinier,2002-01-19,21.62,185.0,right,Midfield,Attacking Midfield,Brazil,Brazil,22,1066,2,2,8970,Frosinone Calcio,1108,2000000.0,3500000.0,0.994,1.0,0.979,same_club
9061,Pontus Almqvist,ITA,2023-24,Lecce,F M S,30,2132,2,2,1,40,28,2.967,2.967,3.025,6.589,1.215,5,0,300532,Pontus Almqvist,1999-07-10,24.15,183.0,left,Attack,Right Winger,Sweden,Sweden,30,2116,2,3,1005,US Lecce,2226,1800000.0,3000000.0,0.998,1.0,0.992,same_club
9105,Radu Dragusin,ITA,2023-24,Genoa,D,19,1710,2,2,1,17,7,1.219,1.219,0.91,2.691,1.726,1,0,568559,Radu Drăgușin,2002-02-03,21.57,191.0,right,Defender,Centre-Back,Romania,Romania,19,1710,2,1,252,Genoa CFC,2358,8000000.0,25000000.0,0.995,1.0,0.983,same_club
9105,Radu Dragusin,ITA,2023-24,Genoa,D,19,1710,2,2,1,17,7,1.219,1.219,0.91,2.691,1.726,1,0,568559,Radu Drăgușin,2002-02-03,21.57,191.0,right,Defender,Centre-Back,Romania,Romania,19,1710,2,1,252,Genoa CFC,2358,8000000.0,25000000.0,1.0,1.0,1.0,same_club
9344,Viktor Kovalenko,ITA,2023-24,Empoli,M S,17,595,2,2,1,11,8,1.272,1.272,0.895,3.282,1.495,1,0,203842,Viktor Kovalenko,1996-02-14,27.55,182.0,right,Midfield,Central Midfield,Ukraine,Ukraine,17,606,2,1,749,FC Empoli,606,1500000.0,1500000.0,0.995,1.0,0.982,same_club
9841,Andrea Cambiaso,ITA,2023-24,Juventus,D F M S,34,2410,2,2,3,29,37,3.401,3.401,3.769,10.551,6.422,10,0,459658,Andrea Cambiaso,2000-02-20,23.53,182.0,both,Defender,Left-Back,Italy,Italy,34,2389,2,3,506,Juventus FC,2723,8000000.0,25000000.0,0.997,1.0,0.991,same_club
9851,Nedim Bajrami,ITA,2023-24,Sassuolo,F M S,28,1326,2,2,2,32,20,2.207,2.207,1.639,5.084,2.323,0,0,390177,Nedim Bajrami,1999-02-28,24.51,179.0,right,Midfield,Attacking Midfield,Albania,Switzerland,28,1313,2,2,6574,US Sassuolo,1498,7500000.0,4500000.0,0.997,1.0,0.99,same_club
9866,Nadir Zortea,ITA,2023-24,"Atalanta,Frosinone",D M S,19,1389,2,2,5,12,24,0.519,0.519,3.534,6.043,4.33,4,0,392966,Nadir Zortea,1999-06-19,24.2,187.0,right,Defender,Right-Back,Italy,Italy,19,1405,2,5,"800,8970","Atalanta BC,Frosinone Calcio",1498,2000000.0,3000000.0,0.997,1.0,0.989,same_club
9936,Matheus Henrique,ITA,2023-24,Sassuolo,M S,31,2502,2,2,2,19,36,3.348,3.348,1.78,8.526,4.392,6,1,552549,Matheus Henrique,1997-12-19,25.7,175.0,right,Midfield,Central Midfield,Brazil,Brazil,31,2502,2,2,6574,US Sassuolo,2622,10000000.0,8500000.0,1.0,1.0,1.0,same_club
9951,Tommaso Baldanzi,ITA,2023-24,"Empoli,Roma",F M S,27,1261,2,2,0,29,17,2.679,2.679,2.006,5.812,1.84,3,0,641537,Tommaso Baldanzi,2003-03-23,20.44,170.0,left,Midfield,Attacking Midfield,Italy,Italy,27,1241,2,0,"12,749","Associazione Sportiva Roma,FC Empoli",1374,15000000.0,15000000.0,0.995,1.0,0.984,same_club
10169,Diego Coppola,ITA,2023-24,Verona,D S,24,1639,2,2,0,13,4,1.705,1.705,0.199,1.787,1.64,9,0,660860,Diego Coppola,2003-12-28,19.68,193.0,right,Defender,Centre-Back,Italy,Italy,24,1636,2,0,276,Hellas Verona,1816,4000000.0,6000000.0,0.999,1.0,0.998,same_club
10365,Morten Frendrup,ITA,2023-24,Genoa,D M S,37,3154,2,2,5,30,14,1.541,1.541,2.274,8.211,5.892,6,0,503871,Morten Frendrup,2001-04-07,22.4,178.0,right,Midfield,Defensive Midfield,Denmark,Denmark,37,3147,2,5,252,Genoa CFC,3311,4200000.0,15000000.0,0.999,1.0,0.998,same_club
10985,Sulemana,ITA,2023-24,Cagliari,M S,21,1349,2,2,0,13,4,0.561,0.561,0.167,1.731,1.289,4,0,982267,Ibrahim Sulemana,2003-05-22,20.28,180.0,right,Midfield,Defensive Midfield,Ghana,Ghana,21,1343,2,0,1390,Cagliari Calcio,1586,1500000.0,4000000.0,0.999,1.0,0.996,same_club
11080,Valentín Carboni,ITA,2023-24,Monza,M S,31,1137,2,2,3,23,24,2.119,2.119,1.995,4.993,2.265,2,0,787618,Valentín Carboni,2005-03-05,18.49,185.0,left,Midfield,Attacking Midfield,Argentina,Argentina,31,1159,2,4,2919,AC Monza,1178,5000000.0,15000000.0,0.994,1.0,0.981,same_club
11380,Vitinha,ITA,2023-24,Genoa,F M S,9,273,2,2,0,14,2,1.188,1.188,0.156,1.35,0.159,2,0,586853,Vitinha,2000-03-15,23.46,178.0,right,Attack,Centre-Forward,Portugal,Portugal,9,281,2,0,252,Genoa CFC,1514,18000000.0,14000000.0,1.0,1.0,0.999,same_club
11380,Vitinha,ITA,2023-24,Genoa,F M S,9,273,2,2,0,14,2,1.188,1.188,0.156,1.35,0.159,2,0,586853,Vitinha,2000-03-15,23.46,178.0,right,Attack,Centre-Forward,Portugal,Portugal,9,281,2,0,252,Genoa CFC,1514,18000000.0,14000000.0,0.991,1.0,0.972,same_club
11942,Kenan Yildiz,ITA,2023-24,Juventus,F S,27,923,2,2,0,19,18,1.904,1.904,1.623,4.989,2.573,3,0,845654,Kenan Yıldız,2005-05-04,18.33,187.0,both,Attack,Left Winger,Türkiye,Germany,27,945,2,1,506,Juventus FC,1086,1000000.0,30000000.0,0.938,0.909,0.977,same_club
11943,Dean Huijsen,ITA,2023-24,"Juventus,Roma",D S,14,494,2,2,0,6,1,0.538,0.538,0.06,2.139,2.119,4,0,890290,Dean Huijsen,2005-04-14,18.38,197.0,both,Defender,Centre-Back,Spain,Netherlands,14,533,2,1,"12,506","Associazione Sportiva Roma,Juventus FC",704,400000.0,10000000.0,0.978,1.0,0.927,same_club
11944,Patrick Dorgu,ITA,2023-24,Lecce,D F M S,32,1553,2,2,0,19,18,2.84,2.84,2.05,6.467,3.394,6,0,926952,Patrick Dorgu,2004-10-26,18.85,185.0,left,Attack,Left Winger,Denmark,Denmark,32,1563,2,0,1005,US Lecce,1639,400000.0,12000000.0,0.998,1.0,0.994,same_club
11955,Alberto Dossena,ITA,2023-24,Cagliari,D S,35,2978,2,2,4,24,12,2.615,2.615,2.216,3.802,3.273,5,0,385394,Alberto Dossena,1998-10-13,24.88,195.0,right,Defender,Centre-Back,Italy,Italy,35,2979,2,4,1390,Cagliari Calcio,3099,1700000.0,5000000.0,1.0,1.0,1.0,same_club
11958,Gaetano Oristanio,ITA,2023-24,Cagliari,F M S,25,1094,2,2,1,23,15,2.044,2.044,0.828,4.424,2.51,1,0,613393,Gaetano Oristanio,2002-09-28,20.93,174.0,left,Midfield,Attacking Midfield,Italy,Italy,25,1102,2,1,1390,Cagliari Calcio,1263,1000000.0,4000000.0,0.998,1.0,0.993,same_club
11962,Oussama El Azzouzi,ITA,2023-24,Bologna,M S,18,520,2,2,2,2,6,0.472,0.472,0.957,2.403,1.316,4,0,531065,Oussama El Azzouzi,2001-05-29,22.26,189.0,right,Midfield,Defensive Midfield,Morocco,Netherlands,18,537,2,2,1025,Bologna Football Club 1909,617,800000.0,2500000.0,0.991,1.0,0.968,same_club
12084,Martín Payero,ITA,2023-24,Udinese,M S,29,1796,2,2,2,38,14,1.415,1.415,1.636,5.586,3.487,6,1,555820,Martín Payero,1998-09-11,24.97,182.0,right,Midfield,Central Midfield,Argentina,Argentina,29,1801,2,3,410,Udinese Calcio,1801,3500000.0,4500000.0,0.999,1.0,0.997,same_club
12419,Karol Swiderski,ITA,2023-24,Verona,F M S,15,484,2,2,0,15,8,2.081,2.081,0.393,2.517,0.188,0,0,330126,Karol Świderski,1997-01-23,26.6,184.0,left,Attack,Centre-Forward,Poland,Poland,15,496,2,0,276,Hellas Verona,496,6000000.0,5000000.0,0.993,1.0,0.976,same_club
3,Luca Caldirola,ITA,2023-24,Monza,D S,29,2140,1,1,1,9,5,0.723,0.723,0.49,6.14,5.715,5,1,88680,Luca Caldirola,1991-02-01,32.58,186.0,left,Defender,Centre-Back,Italy,Italy,29,2139,1,1,2919,AC Monza,2229,1500000.0,1300000.0,1.0,1.0,1.0,same_club
308,Ricardo Rodríguez,ITA,2023-24,Torino,D M S,35,2792,1,1,2,11,20,0.277,0.277,1.469,8.556,7.499,4,0,86784,Ricardo Rodríguez,1992-08-25,31.02,182.0,left,Defender,Left-Back,Switzerland,Switzerland,35,2784,1,2,416,Torino FC,2993,3500000.0,3500000.0,0.999,1.0,0.997,same_club
342,Sead Kolasinac,ITA,2023-24,Atalanta,D S,30,2206,1,1,0,13,8,1.111,1.111,0.81,6.664,5.959,4,0,94005,Sead Kolasinac,1993-06-20,30.2,183.0,left,Defender,Centre-Back,Bosnia-Herzegovina,Germany,30,2182,1,0,800,Atalanta BC,3200,8000000.0,10000000.0,0.997,1.0,0.989,same_club
687,Pedro,ITA,2023-24,Lazio,F S,33,753,1,1,1,11,17,1.82,1.82,2.239,5.228,1.493,4,0,65278,Pedro,1987-07-28,36.1,167.0,both,Attack,Right Winger,Spain,Spain,33,797,1,1,398,Società Sportiva Lazio S.p.A.,1167,1500000.0,1000000.0,0.983,1.0,0.945,same_club
702,Tammy Abraham,ITA,2023-24,Roma,F S,8,230,1,1,0,4,3,0.694,0.694,0.151,0.408,0.014,1,0,331726,Tammy Abraham,1997-10-02,25.91,194.0,right,Attack,Centre-Forward,England,England,8,241,1,1,12,Associazione Sportiva Roma,321,40000000.0,30000000.0,0.986,1.0,0.954,same_club
1000,Federico Fazio,ITA,2023-24,Salernitana,D S,17,1353,1,1,0,8,3,0.608,0.608,0.123,3.372,3.223,3,0,45314,Federico Fazio,1987-03-17,36.46,195.0,right,Defender,Centre-Back,Argentina,Argentina,17,1356,1,0,380,US Salernitana 1919,1401,400000.0,400000.0,0.999,1.0,0.998,same_club
1053,Keinan Davis,ITA,2023-24,Udinese,S,8,160,1,1,0,6,3,0.551,0.551,0.065,0.854,0.238,2,0,412660,Keinan Davis,1998-02-13,25.55,189.0,left,Attack,Centre-Forward,England,England,8,182,1,0,410,Udinese Calcio,182,3000000.0,3000000.0,0.964,1.0,0.879,same_club
1102,Giovanni Simeone,ITA,2023-24,Napoli,F S,28,752,1,1,0,35,10,4.133,4.133,0.798,3.853,0.701,3,0,282388,Giovanni Simeone,1995-07-05,28.16,180.0,right,Attack,Centre-Forward,Argentina,Argentina,28,786,1,1,6195,SSC Napoli,1093,15000000.0,10000000.0,0.987,1.0,0.957,same_club
1114,Davide Biraschi,ITA,2023-24,Genoa,D,1,90,1,1,0,1,0,0.415,0.415,0.0,0.0,0.0,0,0,199927,Davide Biraschi,1994-07-02,29.17,182.0,right,Defender,Centre-Back,Italy,Italy,1,90,1,0,252,Genoa CFC,2665,1300000.0,900000.0,1.0,1.0,1.0,same_club
1122,Manuel Locatelli,ITA,2023-24,Juventus,M S,36,3023,1,1,4,25,26,1.189,1.189,1.748,13.121,11.252,6,0,265088,Manuel Locatelli,1998-01-08,25.65,185.0,right,Midfield,Defensive Midfield,Italy,Italy,36,3011,1,4,506,Juventus FC,3343,30000000.0,28000000.0,0.999,1.0,0.996,same_club
1146,Jakub Jankto,ITA,2023-24,Cagliari,M S,18,900,1,1,2,12,6,1.454,1.454,0.548,3.171,1.53,0,0,319160,Jakub Jankto,1996-01-19,27.62,184.0,left,Midfield,Left Midfield,Czech Republic,Czech Republic,18,878,1,2,1390,Cagliari Calcio,987,1000000.0,1200000.0,0.993,1.0,0.976,same_club
1206,Danilo Cataldi,ITA,2023-24,Lazio,M S,28,1355,1,1,0,12,11,0.313,0.313,0.959,4.394,3.72,8,0,199733,Danilo Cataldi,1994-08-06,29.07,180.0,right,Midfield,Defensive Midfield,Italy,Italy,28,1360,1,0,398,Società Sportiva Lazio S.p.A.,1713,10000000.0,5500000.0,0.999,1.0,0.996,same_club
1247,Juan Jesus,ITA,2023-24,Napoli,D S,24,2122,1,1,0,8,5,1.422,1.422,0.662,8.702,8.664,7,0,121985,Juan Jesus,1991-06-10,32.23,185.0,left,Defender,Centre-Back,Brazil,Brazil,24,2119,1,0,6195,SSC Napoli,2729,3500000.0,2500000.0,1.0,1.0,0.999,same_club
1254,Alessandro Florenzi,ITA,2023-24,AC Milan,D M S,31,1721,1,1,4,32,45,1.533,1.533,3.232,9.018,7.24,5,0,130365,Alessandro Florenzi,1991-03-11,32.48,173.0,right,Defender,Right-Back,Italy,Italy,31,1729,1,4,5,AC Milan,2140,2000000.0,2000000.0,0.999,1.0,0.995,same_club
1289,Alex Sandro,ITA,2023-24,Juventus,D S,16,702,1,1,0,5,5,0.775,0.775,1.042,3.548,3.488,1,0,79960,Alex Sandro,1991-01-26,32.6,180.0,left,Defender,Left-Back,Brazil,Brazil,16,716,1,0,506,Juventus FC,807,3000000.0,2000000.0,0.994,1.0,0.98,same_club
1354,Gianmarco Ferrari,ITA,2023-24,Sassuolo,D S,31,2257,1,1,0,16,9,1.423,1.423,0.328,2.8,2.407,4,0,277167,Gian Marco Ferrari,1992-05-15,31.3,189.0,left,Defender,Centre-Back,Italy,Italy,31,2269,1,0,6574,US Sassuolo,2359,2000000.0,1400000.0,0.981,0.971,0.995,same_club
1430,Milan Badelj,ITA,2023-24,Genoa,M S,33,2588,1,1,3,21,18,1.333,1.333,0.969,5.304,4.211,6,0,40633,Milan Badelj,1989-02-25,34.51,186.0,right,Midfield,Defensive Midfield,Croatia,Jugoslawien (SFR),33,2556,1,3,252,Genoa CFC,2708,800000.0,800000.0,0.996,1.0,0.988,same_club
1449,Federico Di Francesco,ITA,2023-24,Lecce,S,2,13,1,1,0,2,0,0.108,0.108,0.0,0.18,0.17,0,0,38607,Federico Di Francesco,1994-06-14,29.22,171.0,right,Attack,Left Winger,Italy,Italy,2,14,1,0,1005,US Lecce,31,1800000.0,1400000.0,0.997,1.0,0.989,same_club
1468,Gregoire Defrel,ITA,2023-24,Sassuolo,F M S,20,728,1,1,2,12,8,0.986,0.986,1.052,2.358,0.51,0,0,163222,Grégoire Defrel,1991-06-17,32.21,179.0,left,Attack,Centre-Forward,France,France,20,753,1,2,6574,US Sassuolo,949,1500000.0,1000000.0,0.99,1.0,0.967,same_club
1488,Remo Freuler,ITA,2023-24,Bologna,M S,32,2657,1,1,1,14,20,1.587,1.587,1.159,11.167,9.253,9,0,148252,Remo Freuler,1992-04-15,31.38,181.0,right,Midfield,Central Midfield,Switzerland,Switzerland,32,2632,1,1,1025,Bologna Football Club 1909,2778,8000000.0,6500000.0,0.997,1.0,0.991,same_club
1493,Andrea Petagna,ITA,2023-24,Cagliari,F S,18,1017,1,1,1,19,18,1.785,1.785,0.992,3.453,0.973,2,0,199258,Andrea Petagna,1995-06-30,28.17,190.0,left,Attack,Centre-Forward,Italy,Italy,18,997,1,1,1390,Cagliari Calcio,1181,10000000.0,3800000.0,0.994,1.0,0.98,same_club
1496,Roberto Gagliardini,ITA,2023-24,Monza,D M S,33,2392,1,1,2,36,20,4.719,4.719,1.451,12.743,10.013,5,0,197471,Roberto Gagliardini,1994-04-07,29.4,188.0,right,Midfield,Central Midfield,Italy,Italy,33,2365,1,2,2919,AC Monza,2455,4000000.0,3000000.0,0.997,1.0,0.989,same_club
1500,Leonardo Spinazzola,ITA,2023-24,Roma,D M S,24,1297,1,1,2,8,27,0.241,0.241,3.263,5.901,3.721,0,0,118689,Leonardo Spinazzola,1993-03-25,30.44,186.0,right,Defender,Left-Back,Italy,Italy,24,1315,1,2,12,Associazione Sportiva Roma,2067,10000000.0,4000000.0,0.996,1.0,0.986,same_club
1541,Stefan de Vrij,ITA,2023-24,Inter,D S,25,1561,1,1,0,10,2,0.738,0.738,0.192,6.488,6.336,0,0,111196,Stefan de Vrij,1992-02-05,31.57,189.0,right,Defender,Centre-Back,Netherlands,Netherlands,25,1579,1,0,46,Inter Milan,2163,8000000.0,7000000.0,0.997,1.0,0.989,same_club
1574,Davide Calabria,ITA,2023-24,AC Milan,D S,29,2216,1,1,3,21,12,1.233,1.233,1.209,8.848,8.138,3,2,262523,Davide Calabria,1996-12-06,26.74,176.0,right,Defender,Right-Back,Italy,Italy,29,2194,1,3,5,AC Milan,2970,20000000.0,13000000.0,0.997,1.0,0.99,same_club
1634,Alessandro Deiola,ITA,2023-24,Cagliari,M S,27,1611,1,1,0,25,10,2.924,2.924,0.982,4.59,2.583,7,0,235931,Alessandro Deiola,1995-08-01,28.08,190.0,right,Midfield,Central Midfield,Italy,Italy,27,1608,1,0,1390,Cagliari Calcio,1775,1800000.0,1900000.0,0.999,1.0,0.998,same_club
1639,Sebastiano Luperto,ITA,2023-24,Empoli,D,38,3410,1,1,1,20,11,1.451,1.451,1.328,6.717,6.352,4,0,278531,Sebastiano Luperto,1996-09-06,26.98,191.0,left,Defender,Centre-Back,Italy,Italy,38,3407,1,1,749,FC Empoli,3497,3000000.0,3500000.0,1.0,1.0,0.999,same_club
1724,Isaac Success,ITA,2023-24,Udinese,F M S,27,837,1,1,1,19,11,2.894,2.133,1.481,5.025,2.435,4,0,295331,Isaac Success,1996-01-07,27.65,182.0,right,Attack,Centre-Forward,Nigeria,Nigeria,27,871,1,1,410,Udinese Calcio,871,4000000.0,2500000.0,0.988,1.0,0.961,same_club
1725,Christian Kabasele,ITA,2023-24,Udinese,D S,13,858,1,1,1,6,2,0.938,0.938,0.599,1.051,0.665,5,0,81512,Christian Kabasele,1991-02-24,32.52,187.0,right,Defender,Centre-Back,Belgium,Zaire,13,861,1,1,410,Udinese Calcio,951,1000000.0,1000000.0,0.999,1.0,0.997,same_club
1970,Jaime Báez,ITA,2023-24,Frosinone,F M S,11,523,1,1,0,9,8,0.438,0.438,0.665,1.709,1.108,1,0,238654,Jaime Báez,1995-04-25,28.35,178.0,right,Attack,Left Winger,Uruguay,Uruguay,11,501,1,1,8970,Frosinone Calcio,576,1200000.0,900000.0,0.987,1.0,0.958,same_club
1971,Simone Romagnoli,ITA,2023-24,Frosinone,D S,33,2706,1,1,1,12,3,1.288,1.288,0.407,6.114,6.027,6,0,88706,Simone Romagnoli,1990-02-09,33.56,193.0,right,Defender,Centre-Back,Italy,Italy,33,2716,1,1,8970,Frosinone Calcio,2900,750000.0,800000.0,0.999,1.0,0.996,same_club
2053,Martin Erlic,ITA,2023-24,Sassuolo,D S,32,2637,1,1,0,8,0,1.26,1.26,0.0,3.757,3.757,5,0,357003,Martin Erlić,1998-01-24,25.6,192.0,right,Defender,Centre-Back,Croatia,Croatia,32,2625,1,0,6574,US Sassuolo,2745,5000000.0,3000000.0,0.999,1.0,0.995,same_club
2163,Diego Llorente,ITA,2023-24,Roma,D S,29,2267,1,1,1,9,4,0.32,0.32,0.439,5.958,5.541,5,0,246291,Diego Llorente,1993-08-16,30.04,186.0,right,Defender,Centre-Back,Spain,Spain,29,2246,1,1,12,Associazione Sportiva Roma,2947,12000000.0,7000000.0,0.997,1.0,0.991,same_club
2244,Danilo,ITA,2023-24,Juventus,D S,29,2449,1,1,1,17,21,1.117,1.117,1.231,10.109,8.304,7,0,145707,Danilo,1991-07-15,32.13,184.0,right,Defender,Centre-Back,Brazil,Brazil,29,2451,1,1,506,Juventus FC,2901,15000000.0,10000000.0,1.0,1.0,0.999,same_club
3729,Hassane Kamara,ITA,2023-24,Udinese,D S,35,2285,1,1,1,26,21,2.537,2.537,2.913,10.386,6.274,4,0,290017,Hassane Kamara,1994-03-05,29.49,170.0,left,Defender,Left-Back,Cote d'Ivoire,France,35,2238,1,1,410,Udinese Calcio,2328,8000000.0,4500000.0,0.994,1.0,0.979,same_club
4906,Alberto Cerri,ITA,2023-24,Empoli,F S,12,567,1,1,0,10,4,1.471,1.471,0.288,2.039,0.374,2,0,197751,Alberto Cerri,1996-04-16,27.38,194.0,right,Attack,Centre-Forward,Italy,Italy,12,552,1,0,749,FC Empoli,623,2000000.0,1700000.0,0.992,1.0,0.974,same_club
4932,Pietro Pellegri,ITA,2023-24,Torino,F M S,24,728,1,1,1,13,4,1.563,1.563,0.179,1.303,0.492,3,0,364133,Pietro Pellegri,2001-03-17,22.46,189.0,right,Attack,Centre-Forward,Italy,Italy,24,748,1,1,416,Torino FC,761,3500000.0,3000000.0,0.992,1.0,0.973,same_club
4939,Alessandro Bastoni,ITA,2023-24,Inter,D,28,2307,1,1,3,15,22,1.216,1.216,4.359,18.893,16.129,5,0,315853,Alessandro Bastoni,1999-04-13,24.39,190.0,left,Defender,Centre-Back,Italy,Italy,28,2282,1,4,46,Inter Milan,2924,60000000.0,70000000.0,0.997,1.0,0.989,same_club
4970,Luca Pellegrini,ITA,2023-24,Lazio,D S,19,774,1,1,0,7,2,0.269,0.269,0.511,2.629,2.438,5,1,346567,Luca Pellegrini,1999-03-07,24.49,178.0,left,Defender,Left-Back,Italy,Italy,19,783,1,0,398,Società Sportiva Lazio S.p.A.,1080,7000000.0,3500000.0,0.997,1.0,0.989,same_club
5228,Renato Sanches,ITA,2023-24,Roma,M S,7,133,1,1,0,2,3,0.242,0.242,0.112,0.487,0.391,2,0,258027,Renato Sanches,1997-08-18,26.04,176.0,right,Midfield,Central Midfield,Portugal,Portugal,7,142,1,0,12,Associazione Sportiva Roma,262,15000000.0,6500000.0,0.981,1.0,0.937,same_club
5240,Ondrej Duda,ITA,2023-24,Verona,M S,32,2505,1,1,4,23,54,2.167,1.406,3.783,6.364,4.314,10,2,232418,Ondrej Duda,1994-12-05,28.74,180.0,right,Midfield,Central Midfield,Slovakia,Slovakia,32,2465,1,4,276,Hellas Verona,2483,3400000.0,4000000.0,0.995,1.0,0.984,same_club
5329,Stefan Posch,ITA,2023-24,Bologna,D S,31,2441,1,1,2,18,22,1.268,1.268,2.878,7.706,6.156,7,0,223974,Stefan Posch,1997-05-14,26.3,188.0,right,Defender,Centre-Back,Austria,Austria,31,2418,1,2,1025,Bologna Football Club 1909,2702,14000000.0,14000000.0,0.997,1.0,0.991,same_club
5353,Josip Brekalo,ITA,2023-24,Fiorentina,M S,11,664,1,1,0,9,6,0.471,0.471,0.3,3.3,2.71,0,0,293169,Josip Brekalo,1998-06-23,25.19,175.0,right,Attack,Left Winger,Croatia,Croatia,11,654,1,0,430,ACF Fiorentina,814,5000000.0,3500000.0,0.995,1.0,0.985,same_club
6176,Adam Marusic,ITA,2023-24,Lazio,D,37,3120,1,1,0,8,10,0.767,0.767,0.714,9.413,8.193,3,1,239802,Adam Marusic,1992-10-17,30.87,185.0,right,Defender,Right-Back,Montenegro,Yugoslavia (Republic),37,3107,1,0,398,Società Sportiva Lazio S.p.A.,3982,8000000.0,5000000.0,0.999,1.0,0.996,same_club
6239,Junior Sambia,ITA,2023-24,Salernitana,D S,18,1015,1,1,2,12,12,0.528,0.528,0.987,1.82,1.374,4,0,335147,Junior Sambia,1996-09-07,26.98,185.0,right,Defender,Right-Back,France,France,18,1034,1,2,380,US Salernitana 1919,1214,3500000.0,2000000.0,0.994,1.0,0.982,same_club
6368,Mathías Olivera,ITA,2023-24,Napoli,D S,23,1573,1,1,1,12,19,0.813,0.813,1.107,7.65,6.485,3,0,376514,Mathías Olivera,1997-10-31,25.83,185.0,left,Defender,Left-Back,Uruguay,Uruguay,23,1572,1,1,6195,SSC Napoli,1898,18000000.0,15000000.0,1.0,1.0,0.999,same_club
6412,Raoul Bellanova,ITA,2023-24,Torino,D M S,37,3104,1,1,7,32,52,1.76,1.76,6.651,11.594,6.986,5,0,357992,Raoul Bellanova,2000-05-17,23.29,188.0,right,Midfield,Right Midfield,Italy,Italy,37,3065,1,7,416,Torino FC,3210,5000000.0,15000000.0,0.996,1.0,0.987,same_club
6762,Yacine Adli,ITA,2023-24,AC Milan,M S,24,1435,1,1,2,4,22,0.172,0.172,1.649,8.186,7.409,3,0,395236,Yacine Adli,2000-07-29,23.09,186.0,right,Midfield,Defensive Midfield,Algeria,France,24,1411,1,2,5,AC Milan,1860,8000000.0,15000000.0,0.995,1.0,0.983,same_club
6978,Giovanni Di Lorenzo,ITA,2023-24,Napoli,D,36,3235,1,1,6,38,51,3.103,3.103,5.272,20.945,17.021,6,0,169880,Giovanni Di Lorenzo,1993-08-04,30.08,183.0,right,Defender,Right-Back,Italy,Italy,36,3235,1,6,6195,SSC Napoli,4171,25000000.0,15000000.0,1.0,1.0,1.0,same_club
7208,Samuel Chukwueze,ITA,2023-24,AC Milan,F M S,24,1011,1,1,3,28,20,2.321,2.321,2.814,7.76,4.58,1,0,401922,Samuel Chukwueze,1999-05-22,24.28,172.0,left,Attack,Right Winger,Nigeria,Nigeria,24,1011,1,3,5,AC Milan,1380,25000000.0,20000000.0,1.0,1.0,1.0,same_club
7330,Uros Racic,ITA,2023-24,Sassuolo,M S,22,800,1,1,1,17,6,0.944,0.944,0.237,2.026,1.135,1,0,417575,Uros Racic,1998-03-17,25.46,193.0,both,Midfield,Defensive Midfield,Serbia,Yugoslavia (Republic),22,813,1,1,6574,US Sassuolo,903,6500000.0,2500000.0,0.995,1.0,0.984,same_club
7530,Samuele Ricci,ITA,2023-24,Torino,M S,32,2425,1,1,2,30,26,1.25,1.25,2.917,9.49,6.508,6,1,467992,Samuele Ricci,2001-08-21,22.03,181.0,right,Midfield,Defensive Midfield,Italy,Italy,32,2401,1,4,416,Torino FC,2479,20000000.0,22000000.0,0.997,1.0,0.99,same_club
7576,Nicolò Cambiaghi,ITA,2023-24,Empoli,F M S,37,2573,1,1,1,72,31,4.166,4.166,2.809,9.304,3.279,3,0,459151,Nicolò Cambiaghi,2000-12-28,22.67,176.0,right,Attack,Left Winger,Italy,Italy,37,2563,1,5,749,FC Empoli,2563,8000000.0,7000000.0,0.999,1.0,0.996,same_club
7909,Gaetano Castrovilli,ITA,2023-24,Fiorentina,M S,6,374,1,1,2,5,7,0.584,0.584,0.631,1.694,0.479,0,0,303116,Gaetano Castrovilli,1997-02-17,26.54,187.0,right,Midfield,Central Midfield,Italy,Italy,6,370,1,2,430,ACF Fiorentina,370,10000000.0,7000000.0,0.997,1.0,0.989,same_club
7938,Tommaso Augello,ITA,2023-24,Cagliari,D M S,32,2446,1,1,1,10,27,0.551,0.551,2.756,4.408,3.384,5,0,284595,Tommaso Augello,1994-08-30,29.0,180.0,left,Defender,Left-Back,Italy,Italy,32,2431,1,1,1390,Cagliari Calcio,2551,2000000.0,2000000.0,0.998,1.0,0.994,same_club
7944,Gabriel Strefezza,ITA,2023-24,Lecce,F M S,19,1125,1,0,0,28,20,2.288,1.526,1.627,4.337,2.593,4,0,457673,Gabriel Strefezza,1997-04-18,26.37,168.0,right,Attack,Right Winger,Brazil,Brazil,19,1117,1,0,1005,US Lecce,1280,10000000.0,6000000.0,0.998,1.0,0.993,same_club
8232,Andrea Carboni,ITA,2023-24,Monza,D S,21,1489,1,1,0,18,8,1.467,1.467,0.542,5.456,3.966,1,0,481834,Andrea Carboni,2001-02-04,22.57,187.0,left,Defender,Centre-Back,Italy,Italy,21,1490,1,0,2919,AC Monza,1503,4000000.0,4000000.0,1.0,1.0,0.999,same_club
8245,Lorenzo Pirola,ITA,2023-24,Salernitana,D S,27,2006,1,1,0,15,1,0.785,0.785,0.049,2.332,2.118,4,0,487834,Lorenzo Pirola,2002-02-20,21.53,188.0,left,Defender,Centre-Back,Italy,Italy,27,1991,1,0,380,US Salernitana 1919,2113,8000000.0,5500000.0,0.998,1.0,0.993,same_club
8310,Mitchel Bakker,ITA,2023-24,Atalanta,D M S,14,363,1,1,0,5,4,0.286,0.286,0.186,1.308,0.997,1,0,361065,Mitchel Bakker,2000-06-20,23.2,189.0,left,Midfield,Left Midfield,Netherlands,Netherlands,14,374,1,0,800,Atalanta BC,556,9000000.0,6500000.0,0.991,1.0,0.971,same_club
8626,Nikola Moro,ITA,2023-24,Bologna,F M S,23,839,1,1,0,11,11,1.007,1.007,0.36,3.988,2.798,0,0,316934,Nikola Moro,1998-03-12,25.47,183.0,right,Midfield,Defensive Midfield,Croatia,Croatia,23,834,1,0,1025,Bologna Football Club 1909,1103,6500000.0,5000000.0,0.998,1.0,0.994,same_club
8662,Dan Ndoye,ITA,2023-24,Bologna,F M S,32,1780,1,1,1,41,22,6.087,6.087,2.248,11.47,3.715,4,0,365108,Dan Ndoye,2000-10-25,22.85,184.0,right,Attack,Right Winger,Switzerland,Switzerland,32,1776,1,2,1025,Bologna Football Club 1909,2078,3500000.0,14000000.0,0.999,1.0,0.998,same_club
8761,Shon Weissman,ITA,2023-24,Salernitana,F S,11,496,1,1,0,6,2,0.781,0.781,0.13,0.962,0.1,0,0,247652,Shon Weissman,1996-02-14,27.55,174.0,right,Attack,Centre-Forward,Israel,Israel,11,493,1,0,380,US Salernitana 1919,660,4000000.0,1700000.0,0.947,1.0,0.822,same_club
8761,Shon Weissman,ITA,2023-24,Salernitana,F S,11,496,1,1,0,6,2,0.781,0.781,0.13,0.962,0.1,0,0,247652,Shon Weissman,1996-02-14,27.55,174.0,right,Attack,Centre-Forward,Israel,Israel,11,493,1,0,380,US Salernitana 1919,660,4000000.0,1700000.0,0.998,1.0,0.994,same_club
8838,Junior Messias,ITA,2023-24,Genoa,D F M S,18,1042,1,1,0,22,16,1.692,1.692,2.162,3.888,1.894,0,0,449151,Junior Messias,1991-05-13,32.3,174.0,left,Attack,Right Winger,Brazil,Brazil,18,1057,1,0,252,Genoa CFC,1057,4500000.0,2500000.0,0.996,1.0,0.986,same_club
8857,Gabriele Zappa,ITA,2023-24,Cagliari,D M S,38,2553,1,1,3,19,25,1.48,1.48,3.2,7.566,3.502,2,0,392569,Gabriele Zappa,1999-12-22,23.69,187.0,right,Defender,Right-Back,Italy,Italy,38,2559,1,3,1390,Cagliari Calcio,2799,2000000.0,2500000.0,0.999,1.0,0.998,same_club
8913,Emmanuel Gyasi,ITA,2023-24,Empoli,D F M S,33,1855,1,1,2,16,10,3.24,3.24,1.246,5.847,1.742,9,0,241076,Emmanuel Gyasi,1994-01-11,29.64,181.0,right,Midfield,Right Midfield,Ghana,Italy,33,1874,1,3,749,FC Empoli,1951,2000000.0,1800000.0,0.997,1.0,0.99,same_club
8916,Simone Bastoni,ITA,2023-24,Empoli,D M S,16,747,1,1,0,7,12,0.376,0.376,0.56,2.568,2.113,3,0,257751,Simone Bastoni,1996-11-05,26.82,181.0,left,Midfield,Central Midfield,Italy,Italy,16,748,1,0,749,FC Empoli,777,6500000.0,1500000.0,1.0,1.0,0.999,same_club
9010,Hamza Rafia,ITA,2023-24,Lecce,M S,28,1234,1,1,0,16,15,0.663,0.663,0.609,3.909,2.836,4,0,418571,Hamza Rafia,1999-04-02,24.42,181.0,right,Midfield,Central Midfield,Tunisia,Tunisia,28,1211,1,0,1005,US Lecce,1285,600000.0,1700000.0,0.994,1.0,0.981,same_club
9107,Giorgio Scalvini,ITA,2023-24,Atalanta,D M S,33,2579,1,1,3,19,10,1.321,1.321,1.277,11.571,10.104,3,0,571604,Giorgio Scalvini,2003-12-11,19.72,194.0,right,Defender,Centre-Back,Italy,Italy,33,2553,1,3,800,Atalanta BC,3224,40000000.0,45000000.0,0.997,1.0,0.99,same_club
9260,Chaka Traorè,ITA,2023-24,AC Milan,S,2,13,1,1,0,1,0,0.114,0.114,0.0,0.114,0.0,0,0,700998,Chaka Traorè,2004-12-23,18.69,175.0,right,Attack,Left Winger,Cote d'Ivoire,Cote d'Ivoire,2,18,1,0,5,AC Milan,101,500000.0,1500000.0,0.983,1.0,0.944,same_club
9854,Kristjan Asllani,ITA,2023-24,Inter,M S,23,746,1,1,2,15,8,0.692,0.692,1.317,6.137,5.026,1,0,543771,Kristjan Asllani,2002-03-09,21.48,179.0,right,Midfield,Defensive Midfield,Albania,Albania,23,772,1,2,46,Inter Milan,1066,12000000.0,18000000.0,0.99,1.0,0.966,same_club
9855,Mattia Viti,ITA,2023-24,Sassuolo,D S,15,993,1,1,0,4,1,1.28,1.28,0.017,2.853,2.293,0,0,493702,Mattia Viti,2002-01-24,21.6,190.0,left,Defender,Centre-Back,Italy,Italy,15,984,1,0,6574,US Sassuolo,1214,7000000.0,5000000.0,0.997,1.0,0.991,same_club
9966,Fabio Miretti,ITA,2023-24,Juventus,F M S,25,1118,1,1,1,20,25,1.325,1.325,1.468,4.887,2.945,3,0,571607,Fabio Miretti,2003-08-03,20.08,180.0,right,Midfield,Central Midfield,Italy,Italy,25,1105,1,1,506,Juventus FC,1271,15000000.0,15000000.0,0.997,1.0,0.988,same_club
9985,Johan Vásquez,ITA,2023-24,Genoa,D M S,37,2843,1,1,1,34,11,2.077,2.077,0.938,5.811,4.709,6,0,532937,Johan Vásquez,1998-10-22,24.86,182.0,left,Defender,Centre-Back,Mexico,Mexico,37,2853,1,1,252,Genoa CFC,2943,3600000.0,10000000.0,0.999,1.0,0.996,same_club
10084,Cristian Volpato,ITA,2023-24,Sassuolo,F M S,22,606,1,1,0,12,16,0.437,0.437,1.426,1.714,0.756,1,0,746891,Cristian Volpato,2003-11-15,19.79,187.0,left,Midfield,Attacking Midfield,Australia,Australia,22,633,1,0,6574,US Sassuolo,826,3000000.0,4500000.0,0.987,1.0,0.957,same_club
10237,Leo Østigard,ITA,2023-24,Napoli,D S,25,1611,1,1,0,7,3,1.028,1.028,0.109,5.103,5.032,2,0,367284,Leo Østigård,1999-11-28,23.76,183.0,right,Defender,Centre-Back,Norway,Norway,25,1621,1,0,6195,SSC Napoli,1947,7000000.0,8000000.0,0.998,1.0,0.994,same_club
10248,Arijon Ibrahimovic,ITA,2023-24,Frosinone,F M S,16,463,1,1,1,12,8,0.772,0.772,1.15,2.624,1.34,1,0,744728,Arijon Ibrahimovic,2005-12-11,17.72,178.0,right,Midfield,Attacking Midfield,Germany,Germany,16,471,1,1,8970,Frosinone Calcio,594,1000000.0,4000000.0,0.995,1.0,0.983,same_club
10303,Jacopo Fazzini,ITA,2023-24,Empoli,M S,31,1213,1,1,1,23,24,1.073,1.073,2.079,5.487,3.578,6,0,691482,Jacopo Fazzini,2003-03-16,20.46,178.0,right,Midfield,Central Midfield,Italy,Italy,31,1226,1,2,749,FC Empoli,1226,3500000.0,6000000.0,0.997,1.0,0.989,same_club
10378,Jovane Cabral,ITA,2023-24,Salernitana,D F M S,12,681,1,1,0,25,10,1.301,1.301,0.598,2.039,0.843,1,0,448466,Jovane Cabral,1998-06-14,25.22,174.0,right,Attack,Left Winger,Cape Verde,Cape Verde,12,679,1,0,380,US Salernitana 1919,839,3500000.0,2500000.0,0.999,1.0,0.997,same_club
10616,Samuel Iling-Junior,ITA,2023-24,Juventus,D S,24,759,1,1,2,9,19,0.871,0.871,1.757,4.294,3.092,1,0,581672,Samuel Iling-Junior,2003-10-04,19.91,182.0,left,Midfield,Left Midfield,England,England,24,799,1,2,506,Juventus FC,983,9000000.0,13000000.0,0.985,1.0,0.95,same_club
10740,Jordan Zemura,ITA,2023-24,Udinese,D S,27,1006,1,1,0,5,8,0.615,0.615,0.451,2.964,1.898,1,0,633530,Jordan Zemura,1999-11-14,23.8,173.0,left,Defender,Left-Back,Zimbabwe,England,27,1035,1,0,410,Udinese Calcio,1155,6000000.0,5000000.0,0.992,1.0,0.972,same_club
10750,Rasmus Kristensen,ITA,2023-24,Roma,D M S,29,1748,1,1,1,9,12,0.668,0.668,0.778,7.335,6.31,5,0,369684,Rasmus Nissen Kristensen,1997-07-11,26.14,187.0,right,Defender,Right-Back,Denmark,Denmark,29,1743,1,2,12,Associazione Sportiva Roma,1878,13000000.0,10000000.0,0.969,0.95,0.997,same_club
10878,Sandi Lovric,ITA,2023-24,Udinese,M S,29,1995,1,1,3,43,43,3.507,3.507,3.84,9.014,4.242,1,1,268429,Sandi Lovrić,1998-03-28,25.43,180.0,right,Midfield,Central Midfield,Slovenia,Austria,29,1990,1,3,410,Udinese Calcio,2146,10000000.0,8000000.0,0.999,1.0,0.997,same_club
10897,Samuele Vignato,ITA,2023-24,Monza,M S,10,332,1,1,0,7,4,1.605,1.605,0.169,2.086,0.416,2,0,650966,Samuele Vignato,2004-02-24,19.52,172.0,right,Midfield,Attacking Midfield,Italy,Italy,10,339,1,0,2919,AC Monza,371,600000.0,3500000.0,0.994,1.0,0.979,same_club
10898,Warren Bondo,ITA,2023-24,Monza,M S,25,1456,1,1,1,17,7,1.016,1.016,0.55,5.25,3.849,9,0,659516,Warren Bondo,2003-09-15,19.96,177.0,right,Midfield,Central Midfield,France,France,25,1471,1,1,2919,AC Monza,1471,700000.0,6000000.0,0.997,1.0,0.99,same_club
10904,Joan Gonzàlez,ITA,2023-24,Lecce,M S,29,1283,1,1,1,14,15,1.737,1.737,1.334,5.52,3.424,6,0,692209,Joan González,2002-02-01,21.58,190.0,right,Midfield,Central Midfield,Spain,Spain,29,1282,1,1,1005,US Lecce,1372,6000000.0,4500000.0,1.0,1.0,0.999,same_club
10956,Emil Holm,ITA,2023-24,Atalanta,D M S,22,956,1,1,1,26,4,3.351,3.351,1.213,5.255,3.026,5,0,496745,Emil Holm,2000-05-13,23.3,191.0,right,Defender,Right-Back,Sweden,Sweden,22,949,1,3,800,Atalanta BC,1525,5000000.0,12000000.0,0.998,1.0,0.993,same_club
11008,Perr Schuurs,ITA,2023-24,Torino,D,9,771,1,1,0,7,1,0.724,0.724,0.123,1.179,0.848,2,0,418543,Perr Schuurs,1999-11-26,23.76,191.0,right,Defender,Centre-Back,Netherlands,Netherlands,9,771,1,0,416,Torino FC,861,25000000.0,25000000.0,1.0,1.0,1.0,same_club
11281,Michael Kayode,ITA,2023-24,Fiorentina,D S,26,2076,1,1,1,7,15,0.858,0.858,0.954,6.573,5.422,2,0,823486,Michael Kayode,2004-07-10,19.14,179.0,right,Defender,Right-Back,Italy,Italy,26,2062,1,2,430,ACF Fiorentina,2489,800000.0,25000000.0,0.998,1.0,0.993,same_club
11498,Mirko Maric,ITA,2023-24,Monza,F S,10,266,1,1,0,7,5,1.159,1.159,0.727,2.161,0.762,0,0,215649,Mirko Marić,1995-05-16,28.3,188.0,left,Attack,Centre-Forward,Croatia,Bosnia-Herzegovina,10,280,1,0,2919,AC Monza,280,800000.0,800000.0,0.985,1.0,0.95,same_club
11881,Marvin Çuni,ITA,2023-24,Frosinone,F S,22,506,1,1,0,10,6,1.365,1.365,0.301,1.866,0.513,0,0,453864,Marvin Cuni,2001-07-10,22.14,188.0,right,Attack,Centre-Forward,Albania,Germany,22,523,1,1,8970,Frosinone Calcio,548,400000.0,900000.0,0.99,1.0,0.967,same_club
11930,Daniel Boloca,ITA,2023-24,Sassuolo,M S,30,2031,1,1,0,13,14,0.66,0.66,0.414,6.659,5.76,6,1,441515,Daniel Boloca,1998-12-22,24.69,185.0,right,Midfield,Defensive Midfield,Italy,Italy,30,2024,1,0,6574,US Sassuolo,2054,3500000.0,7000000.0,0.999,1.0,0.997,same_club
11945,Ylber Ramadani,ITA,2023-24,Lecce,M,34,2989,1,1,0,31,16,1.126,1.126,0.801,7.142,5.901,13,0,442703,Ylber Ramadani,1996-04-12,27.39,185.0,right,Midfield,Defensive Midfield,Albania,Germany,34,2977,1,0,1005,US Lecce,3157,800000.0,4000000.0,0.999,1.0,0.996,same_club
11957,Antoine Makoumbou,ITA,2023-24,Cagliari,M,32,2715,1,1,0,8,15,0.623,0.623,1.2,6.939,5.55,3,2,460651,Antoine Makoumbou,1998-07-18,25.12,187.0,right,Midfield,Defensive Midfield,Congo,France,32,2708,1,0,1390,Cagliari Calcio,3003,3000000.0,4500000.0,0.999,1.0,0.997,same_club
11959,Matteo Prati,ITA,2023-24,Cagliari,M S,26,1978,1,1,1,35,14,2.13,2.13,0.582,4.893,4.056,4,0,876298,Matteo Prati,2003-12-28,19.68,185.0,right,Midfield,Defensive Midfield,Italy,Italy,26,1973,1,1,1390,Cagliari Calcio,1973,1000000.0,10000000.0,0.999,1.0,0.997,same_club
11961,Sam Beukema,ITA,2023-24,Bologna,D S,30,2554,1,1,1,12,7,2.655,2.655,0.6,7.412,7.236,4,1,433984,Sam Beukema,1998-11-17,24.79,188.0,right,Defender,Centre-Back,Netherlands,Netherlands,30,2549,1,1,1025,Bologna Football Club 1909,2879,4500000.0,18000000.0,0.999,1.0,0.998,same_club
12016,Chukwubuikem Ikwuemesi,ITA,2023-24,Salernitana,F S,25,1039,1,1,1,22,8,2.509,2.509,0.494,3.637,0.693,2,0,929494,Chukwubuikem Ikwuemesi,2001-08-05,22.07,195.0,right,Attack,Centre-Forward,Nigeria,,25,1058,1,1,380,US Salernitana 1919,1425,500000.0,1800000.0,0.995,1.0,0.982,same_club
12017,Agustín Martegani,ITA,2023-24,Salernitana,M S,18,717,1,1,0,15,6,0.712,0.712,0.341,1.923,1.13,1,0,732507,Agustín Martegani,2000-05-20,23.28,182.0,left,Midfield,Attacking Midfield,Argentina,Argentina,18,725,1,0,380,US Salernitana 1919,734,2000000.0,1800000.0,0.997,1.0,0.989,same_club
12155,Zanos Savva,ITA,2023-24,Torino,S,2,25,1,1,0,1,0,0.45,0.45,0.0,1.048,0.598,0,0,928900,Zanos Savva,2005-11-26,17.76,191.0,left,Attack,Right Winger,Cyprus,Cyprus,2,26,1,0,416,Torino FC,26,,1000000.0,0.997,1.0,0.989,same_club
12178,Niccolò Pierozzi,ITA,2023-24,Salernitana,D S,12,878,1,1,0,8,1,0.248,0.248,0.057,0.844,0.825,6,0,534084,Niccolò Pierozzi,2001-09-12,21.97,184.0,right,Defender,Right-Back,Italy,Italy,12,874,1,0,380,US Salernitana 1919,874,1600000.0,1800000.0,0.999,1.0,0.995,same_club
12181,Jan-Carlo Simic,ITA,2023-24,AC Milan,S,4,137,1,1,0,2,0,0.663,0.663,0.0,0.234,0.234,0,0,800948,Jan-Carlo Simić,2005-05-02,18.33,186.0,right,Defender,Centre-Back,Serbia,Germany,4,143,1,0,5,AC Milan,262,,5000000.0,0.987,1.0,0.958,same_club
12322,Tajon Buchanan,ITA,2023-24,Inter,S,10,133,1,1,0,4,2,0.257,0.257,0.388,0.816,0.599,0,0,638793,Tajon Buchanan,1999-02-08,24.56,183.0,right,Attack,Right Winger,Canada,Canada,10,151,1,0,46,Inter Milan,1375,10000000.0,8000000.0,0.964,1.0,0.881,same_club
12334,Kingstone Mutandwa,ITA,2023-24,Cagliari,S,5,25,1,1,0,2,0,0.051,0.051,0.0,0.051,0.0,0,0,1111663,Kingstone Mutandwa,2003-01-05,20.65,180.0,right,Attack,Centre-Forward,Zambia,Zambia,5,34,1,0,1390,Cagliari Calcio,34,,1000000.0,0.97,1.0,0.9,same_club
12341,Lautaro Giannetti,ITA,2023-24,Udinese,D,7,630,1,1,0,3,1,1.042,1.042,0.091,2.332,2.332,4,0,225963,Lautaro Giannetti,1993-11-13,29.8,185.0,right,Defender,Centre-Back,Argentina,Argentina,7,630,1,0,410,Udinese Calcio,630,3000000.0,2500000.0,1.0,1.0,1.0,same_club
12528,Santiago Castro,ITA,2023-24,Bologna,F S,8,229,1,1,1,7,1,0.837,0.837,0.399,2.045,1.248,1,0,849520,Santiago Castro,2004-09-18,18.95,179.0,right,Attack,Centre-Forward,Argentina,Argentina,8,237,1,1,1025,Bologna Football Club 1909,237,1000000.0,12000000.0,0.99,1.0,0.966,same_club
64,Filip Kostic,ITA,2023-24,Juventus,D S,29,1876,0,0,4,21,40,0.708,0.708,6.124,8.758,6.036,2,0,161011,Filip Kostić,1992-11-01,30.83,184.0,left,Midfield,Left Midfield,Serbia,Yugoslavia (Republic),29,1831,0,4,506,Juventus FC,2107,22000000.0,6500000.0,0.993,1.0,0.976,same_club
193,Giulio Donati,ITA,2023-24,Monza,S,4,23,0,0,0,1,3,0.018,0.018,0.352,0.39,0.034,1,0,88684,Giulio Donati,1990-02-05,33.57,178.0,right,Defender,Right-Back,Italy,Italy,4,32,0,0,2919,AC Monza,32,500000.0,300000.0,0.97,1.0,0.9,same_club
199,Yann Sommer,ITA,2023-24,Inter,GK,34,3060,0,0,0,0,0,0.0,0.0,0.0,9.556,9.556,1,0,42205,Yann Sommer,1988-12-17,34.7,183.0,right,Goalkeeper,Goalkeeper,Switzerland,Switzerland,34,3060,0,0,46,Inter Milan,3900,5000000.0,5000000.0,1.0,1.0,1.0,same_club
220,Jérôme Boateng,ITA,2023-24,Salernitana,D S,7,245,0,0,0,0,1,0.0,0.0,0.086,0.575,0.489,0,0,26485,Jérôme Boateng,1988-09-03,34.99,192.0,right,Defender,Centre-Back,Germany,Germany,7,238,0,0,380,US Salernitana 1919,238,800000.0,400000.0,0.991,1.0,0.971,same_club
257,Jeremy Toljan,ITA,2023-24,Sassuolo,D S,25,2088,0,0,5,12,18,0.687,0.687,1.856,6.239,4.488,1,0,129674,Jeremy Toljan,1994-08-08,29.07,182.0,right,Defender,Right-Back,Germany,Germany,25,2085,0,6,6574,US Sassuolo,2250,4500000.0,3500000.0,1.0,1.0,0.999,same_club
307,Suat Serdar,ITA,2023-24,Verona,M S,25,1661,0,0,2,22,17,1.061,1.061,1.17,3.127,1.527,7,0,261905,Suat Serdar,1997-04-11,26.39,184.0,right,Midfield,Central Midfield,Germany,Germany,25,1658,0,2,276,Hellas Verona,1788,4500000.0,5000000.0,0.999,1.0,0.998,same_club
542,Pedro Obiang,ITA,2023-24,Sassuolo,M S,8,451,0,0,0,2,5,0.034,0.034,0.65,0.792,0.668,1,0,101213,Pedro Obiang,1992-03-27,31.43,186.0,right,Midfield,Central Midfield,Equatorial Guinea,Spain,8,453,0,0,6574,US Sassuolo,453,800000.0,500000.0,0.999,1.0,0.996,same_club
628,Chris Smalling,ITA,2023-24,Roma,D S,8,377,0,0,0,1,1,0.028,0.028,0.023,0.388,0.388,0,0,103427,Chris Smalling,1989-11-22,33.77,194.0,right,Defender,Centre-Back,England,England,8,390,0,0,12,Associazione Sportiva Roma,669,8000000.0,2500000.0,0.99,1.0,0.967,same_club
1040,Angelino,ITA,2023-24,Roma,D S,16,1169,0,0,1,8,19,0.21,0.21,1.635,4.212,3.599,2,0,277179,Angeliño,1997-01-04,26.66,171.0,left,Defender,Left-Back,Spain,Spain,16,1148,0,1,12,Associazione Sportiva Roma,2754,12000000.0,8000000.0,0.995,1.0,0.982,same_club
1089,Juan Cuadrado,ITA,2023-24,Inter,S,10,234,0,0,2,5,9,0.243,0.243,1.708,2.334,1.924,1,0,91970,Juan Cuadrado,1988-05-26,35.27,176.0,right,Midfield,Right Midfield,Colombia,Colombia,10,258,0,2,46,Inter Milan,371,4000000.0,1000000.0,0.972,1.0,0.907,same_club
1093,Mattia Perin,ITA,2023-24,Juventus,GK,3,227,0,0,0,0,0,0.0,0.0,0.0,0.136,0.136,0,0,110923,Mattia Perin,1992-11-10,30.81,188.0,right,Goalkeeper,Goalkeeper,Italy,Italy,3,225,0,0,506,Juventus FC,675,4000000.0,3000000.0,0.997,1.0,0.991,same_club
1096,Armando Izzo,ITA,2023-24,Monza,D S,23,1663,0,0,0,5,7,0.523,0.523,0.756,5.485,5.326,9,0,32113,Armando Izzo,1992-03-02,31.5,183.0,right,Defender,Centre-Back,Italy,Italy,23,1652,0,0,2919,AC Monza,1671,3000000.0,2500000.0,0.998,1.0,0.993,same_club
1119,Alessio Romagnoli,ITA,2023-24,Lazio,D S,29,2408,0,0,0,11,6,0.831,0.831,0.316,6.718,6.468,9,0,197747,Alessio Romagnoli,1995-01-12,28.64,185.0,left,Defender,Centre-Back,Italy,Italy,29,2409,0,0,398,Società Sportiva Lazio S.p.A.,3309,18000000.0,15000000.0,1.0,1.0,1.0,same_club
1120,Mattia De Sciglio,ITA,2023-24,Juventus,D,1,46,0,0,0,0,0,0.0,0.0,0.0,0.072,0.072,0,0,88682,Mattia De Sciglio,1992-10-20,30.86,183.0,right,Defender,Right-Back,Italy,Italy,1,45,0,0,506,Juventus FC,45,3000000.0,1000000.0,0.997,1.0,0.989,same_club
1157,Samuele Perisan,ITA,2023-24,Empoli,GK,1,90,0,0,0,0,0,0.0,0.0,0.0,0.061,0.061,0,0,301240,Samuele Perisan,1997-08-21,26.03,192.0,left,Goalkeeper,Goalkeeper,Italy,Italy,1,90,0,0,749,FC Empoli,90,800000.0,600000.0,1.0,1.0,1.0,same_club
1158,Simone Scuffet,ITA,2023-24,Cagliari,GK,31,2790,0,0,0,0,0,0.0,0.0,0.0,3.285,3.285,3,0,238993,Simone Scuffet,1996-05-31,27.25,193.0,right,Goalkeeper,Goalkeeper,Italy,Italy,31,2790,0,0,1390,Cagliari Calcio,2790,2000000.0,2500000.0,1.0,1.0,1.0,same_club
1170,Gianluca Caprari,ITA,2023-24,Monza,F M S,6,284,0,0,0,8,11,0.774,0.774,0.987,1.63,0.226,0,0,146752,Gianluca Caprari,1993-07-30,30.09,171.0,right,Attack,Second Striker,Italy,Italy,6,286,0,0,2919,AC Monza,344,8000000.0,4000000.0,0.998,1.0,0.993,same_club
1175,Vincenzo Fiorillo,ITA,2023-24,Salernitana,GK,4,360,0,0,0,0,0,0.0,0.0,0.0,0.013,0.013,1,0,55000,Vincenzo Fiorillo,1990-01-13,33.63,190.0,left,Goalkeeper,Goalkeeper,Italy,Italy,4,360,0,0,380,US Salernitana 1919,450,200000.0,150000.0,1.0,1.0,1.0,same_club
1226,Karol Linetty,ITA,2023-24,Torino,M S,28,1856,0,0,0,16,15,0.541,0.541,1.115,5.901,4.935,12,0,225873,Karol Linetty,1995-02-02,28.58,175.0,right,Midfield,Central Midfield,Poland,Poland,28,1860,0,0,416,Torino FC,1926,3500000.0,3500000.0,0.999,1.0,0.998,same_club
1241,Pedro Pereira,ITA,2023-24,Monza,D S,23,828,0,0,2,3,14,0.189,0.189,1.636,3.208,1.527,3,0,314965,Pedro Pereira,1998-01-22,25.61,185.0,right,Defender,Right-Back,Portugal,Portugal,23,831,0,2,2919,AC Monza,831,2000000.0,1500000.0,0.999,1.0,0.996,same_club
1244,Wojciech Szczesny,ITA,2023-24,Juventus,GK,35,3150,0,0,0,0,1,0.0,0.0,0.07,3.576,3.505,1,0,44058,Wojciech Szczesny,1990-04-18,33.37,195.0,right,Goalkeeper,Goalkeeper,Poland,Poland,35,3150,0,0,506,Juventus FC,3150,10000000.0,6000000.0,1.0,1.0,1.0,same_club
1246,Kostas Manolas,ITA,2023-24,Salernitana,D S,8,492,0,0,0,2,1,0.256,0.256,0.049,0.189,0.139,0,0,104752,Konstantinos Manolas,1991-06-14,32.22,185.0,right,Defender,Centre-Back,Greece,Greece,8,492,0,0,380,US Salernitana 1919,492,3000000.0,1000000.0,0.97,0.95,1.0,same_club
1256,Kevin Strootman,ITA,2023-24,Genoa,M S,27,1222,0,0,2,1,22,0.071,0.071,1.914,2.846,1.778,4,0,68864,Kevin Strootman,1990-02-13,33.55,186.0,left,Midfield,Central Midfield,Netherlands,Netherlands,27,1210,0,2,252,Genoa CFC,1342,1300000.0,800000.0,0.997,1.0,0.99,same_club
1264,Edoardo Goldaniga,ITA,2023-24,Cagliari,D S,13,1017,0,0,0,4,4,0.616,0.616,0.146,1.496,1.484,3,0,242940,Edoardo Goldaniga,1993-11-02,29.83,193.0,right,Defender,Centre-Back,Italy,Italy,13,1013,0,0,1390,Cagliari Calcio,1014,700000.0,1200000.0,0.999,1.0,0.996,same_club
1281,Giuseppe Pezzella,ITA,2023-24,Empoli,D S,19,1089,0,0,0,3,8,0.122,0.122,0.439,1.487,1.05,4,0,336960,Giuseppe Pezzella,1997-11-29,25.75,187.0,left,Defender,Left-Back,Italy,Italy,19,1085,0,0,749,FC Empoli,1117,2500000.0,2200000.0,0.999,1.0,0.996,same_club
1302,Emil Audero,ITA,2023-24,Inter,GK,4,339,0,0,0,0,0,0.0,0.0,0.0,1.575,1.575,0,0,256339,Emil Audero,1997-01-18,26.62,192.0,right,Goalkeeper,Goalkeeper,Indonesia,Indonesia,4,338,0,0,46,Inter Milan,548,6000000.0,5000000.0,0.999,1.0,0.997,same_club
1304,Moise Kean,ITA,2023-24,Juventus,F S,19,646,0,0,0,16,5,2.702,2.702,0.639,3.156,0.716,2,0,364135,Moise Kean,2000-02-28,23.51,183.0,right,Attack,Centre-Forward,Italy,Italy,19,650,0,0,506,Juventus FC,654,18000000.0,14000000.0,0.998,1.0,0.994,same_club
1305,Lukasz Skorupski,ITA,2023-24,Bologna,GK,32,2880,0,0,0,0,0,0.0,0.0,0.0,3.884,3.884,2,0,80894,Lukasz Skorupski,1991-05-05,32.33,188.0,right,Goalkeeper,Goalkeeper,Poland,Poland,32,2880,0,0,1025,Bologna Football Club 1909,3090,3500000.0,3500000.0,1.0,1.0,1.0,same_club
1311,Rade Krunic,ITA,2023-24,AC Milan,M S,10,684,0,0,0,2,5,0.194,0.194,0.436,3.132,2.842,3,0,259953,Rade Krunic,1993-10-07,29.9,184.0,right,Midfield,Defensive Midfield,Bosnia-Herzegovina,Bosnia-Herzegovina,10,686,0,0,5,AC Milan,1667,10000000.0,6000000.0,0.999,1.0,0.997,same_club
1313,Riccardo Saponara,ITA,2023-24,Verona,F M S,12,323,0,0,0,5,3,0.137,0.137,0.208,0.863,0.575,0,0,88909,Riccardo Saponara,1991-12-21,31.7,183.0,right,Midfield,Attacking Midfield,Italy,Italy,12,336,0,0,276,Hellas Verona,649,2000000.0,700000.0,0.988,1.0,0.961,same_club
1375,Elseid Hysaj,ITA,2023-24,Lazio,D S,22,1188,0,0,0,2,9,0.416,0.416,0.39,3.838,3.514,2,0,200056,Elseid Hysaj,1994-02-02,29.58,182.0,right,Defender,Right-Back,Albania,Albania,22,1192,0,0,398,Società Sportiva Lazio S.p.A.,1732,5000000.0,2500000.0,0.999,1.0,0.997,same_club
1441,Adam Masina,ITA,2023-24,"Torino,Udinese",D S,20,1081,0,0,0,6,2,0.221,0.221,0.083,3.519,3.483,2,0,286949,Adam Masina,1994-01-02,29.66,191.0,left,Defender,Centre-Back,Morocco,Morocco,20,1082,0,0,"410,416","Udinese Calcio,Torino FC",1148,2500000.0,1500000.0,1.0,1.0,0.999,same_club
1445,Simone Verdi,ITA,2023-24,Torino,S,1,1,0,0,0,0,1,0.0,0.0,0.06,0.06,0.0,0,0,130360,Simone Verdi,1992-07-12,31.14,174.0,both,Midfield,Attacking Midfield,Italy,Italy,1,3,0,0,416,Torino FC,28,4000000.0,2500000.0,0.993,1.0,0.978,same_club
1460,Andrea Consigli,ITA,2023-24,Sassuolo,GK,35,3150,0,0,0,0,0,0.0,0.0,0.0,2.411,2.411,1,0,35865,Andrea Consigli,1987-01-27,36.59,189.0,right,Goalkeeper,Goalkeeper,Italy,Italy,35,3150,0,0,6574,US Sassuolo,3270,1000000.0,800000.0,1.0,1.0,1.0,same_club
1465,Stefano Sensi,ITA,2023-24,Inter,S,4,34,0,0,1,2,3,0.077,0.077,0.178,0.283,0.141,0,0,216179,Stefano Sensi,1995-08-05,28.07,168.0,right,Midfield,Central Midfield,Italy,Italy,4,43,0,1,46,Inter Milan,80,8000000.0,3000000.0,0.97,1.0,0.9,same_club
1483,Etrit Berisha,ITA,2023-24,Empoli,GK,14,1260,0,0,0,0,0,0.0,0.0,0.0,1.68,1.68,0,0,77825,Etrit Berisha,1989-03-10,34.48,195.0,left,Goalkeeper,Goalkeeper,Albania,Jugoslawien (SFR),14,1260,0,0,749,FC Empoli,1260,400000.0,500000.0,1.0,1.0,1.0,same_club
1484,Rafael Toloi,ITA,2023-24,Atalanta,D S,18,956,0,0,0,3,2,0.067,0.067,0.059,1.833,1.753,4,1,72441,Rafael Tolói,1990-10-10,32.89,185.0,right,Defender,Centre-Back,Italy,Brazil,18,963,0,0,800,Atalanta BC,1286,6000000.0,2500000.0,0.998,1.0,0.993,same_club
1486,Mattia Caldara,ITA,2023-24,AC Milan,S,1,31,0,0,0,1,0,0.084,0.084,0.0,0.098,0.098,0,0,197470,Mattia Caldara,1994-05-05,29.33,187.0,right,Defender,Centre-Back,Italy,Italy,1,32,0,0,5,AC Milan,32,2000000.0,800000.0,0.997,1.0,0.989,same_club
1491,Alejandro Gomez,ITA,2023-24,Monza,S,2,37,0,0,0,0,1,0.0,0.0,0.136,0.823,0.687,0,0,20005,Papu Gómez,1988-02-15,35.54,167.0,right,Attack,Left Winger,Argentina,Argentina,2,40,0,0,2919,AC Monza,40,3000000.0,2000000.0,0.87,0.8,0.967,same_club
1501,Marco Sportiello,ITA,2023-24,AC Milan,GK,7,630,0,0,0,0,0,0.0,0.0,0.0,0.54,0.54,0,0,199976,Marco Sportiello,1992-05-10,31.31,192.0,right,Goalkeeper,Goalkeeper,Italy,Italy,7,630,0,0,5,AC Milan,708,1500000.0,1500000.0,1.0,1.0,1.0,same_club
1504,Alberto Grassi,ITA,2023-24,Empoli,M S,27,1837,0,0,1,23,6,0.909,0.909,0.839,4.838,4.473,4,1,197473,Alberto Grassi,1995-03-07,28.49,183.0,right,Midfield,Defensive Midfield,Italy,Italy,27,1815,0,1,749,FC Empoli,1905,2000000.0,1800000.0,0.996,1.0,0.988,same_club
1523,Danilo D&#039;Ambrosio,ITA,2023-24,Monza,D S,24,1525,0,0,0,14,4,0.74,0.74,0.231,4.485,4.147,3,1,55769,Danilo D'Ambrosio,1988-09-09,34.98,180.0,right,Defender,Centre-Back,Italy,Italy,24,1536,0,0,2919,AC Monza,1607,1500000.0,1000000.0,0.968,0.95,0.993,same_club
1544,Federico Ravaglia,ITA,2023-24,Bologna,GK,6,538,0,0,0,0,0,0.0,0.0,0.0,1.568,1.568,0,0,390304,Federico Ravaglia,1999-11-11,23.81,196.0,right,Goalkeeper,Goalkeeper,Italy,Italy,6,536,0,0,1025,Bologna Football Club 1909,746,450000.0,1000000.0,0.999,1.0,0.996,same_club
1580,Mattia Destro,ITA,2023-24,Empoli,F S,15,340,0,0,0,10,3,1.255,1.255,0.4,1.52,0.072,2,0,88683,Mattia Destro,1991-03-20,32.45,182.0,right,Attack,Centre-Forward,Italy,Italy,15,356,0,0,749,FC Empoli,356,1300000.0,500000.0,0.987,1.0,0.955,same_club
1599,Norbert Gyömbér,ITA,2023-24,Salernitana,D S,22,1779,0,0,0,4,5,0.147,0.147,0.13,2.504,2.309,9,0,205054,Norbert Gyömbér,1992-07-03,31.16,189.0,right,Defender,Centre-Back,Slovakia,CSSR,22,1761,0,0,380,US Salernitana 1919,1986,1500000.0,1300000.0,0.997,1.0,0.99,same_club
1601,Riccardo Marchizza,ITA,2023-24,Frosinone,D,13,1152,0,0,4,8,11,0.253,0.253,0.963,2.582,1.581,1,0,297645,Riccardo Marchizza,1998-03-26,25.43,186.0,left,Defender,Left-Back,Italy,Italy,13,1149,0,4,8970,Frosinone Calcio,1298,1000000.0,2500000.0,0.999,1.0,0.997,same_club
1609,Antonio Mirante,ITA,2023-24,AC Milan,GK,2,179,0,0,0,0,0,0.0,0.0,0.0,0.112,0.112,0,0,22141,Antonio Mirante,1983-07-08,40.15,193.0,right,Goalkeeper,Goalkeeper,Italy,Italy,2,178,0,0,5,AC Milan,268,100000.0,100000.0,0.998,1.0,0.994,same_club
1710,Marten de Roon,ITA,2023-24,Atalanta,D M S,30,2598,0,0,5,16,23,0.606,0.606,1.544,10.94,9.393,10,0,133179,Marten de Roon,1991-03-29,32.43,186.0,right,Midfield,Defensive Midfield,Netherlands,Netherlands,30,2599,0,5,800,Atalanta BC,3938,10000000.0,7000000.0,1.0,1.0,1.0,same_club
1740,Paul Pogba,ITA,2023-24,Juventus,S,2,47,0,0,0,0,1,0.0,0.0,0.021,0.972,0.972,0,0,122153,Paul Pogba,1993-03-15,30.46,191.0,both,Midfield,Central Midfield,France,France,2,52,0,0,506,Juventus FC,52,15000000.0,15000000.0,0.983,1.0,0.944,same_club
1792,Mário Rui,ITA,2023-24,Napoli,D S,21,1206,0,0,2,5,26,0.114,0.114,1.897,8.784,7.998,5,1,87884,Mário Rui,1991-05-27,32.27,168.0,left,Defender,Left-Back,Portugal,Portugal,21,1207,0,2,6195,SSC Napoli,1563,8000000.0,3500000.0,1.0,1.0,0.999,same_club
1841,Pierluigi Gollini,ITA,2023-24,Napoli,GK,7,630,0,0,0,1,0,0.015,0.015,0.0,0.892,0.892,0,0,244192,Pierluigi Gollini,1995-03-18,28.46,194.0,right,Goalkeeper,Goalkeeper,Italy,Italy,7,630,0,0,6195,SSC Napoli,900,4500000.0,4000000.0,1.0,1.0,1.0,same_club
1873,Nicola Leali,ITA,2023-24,Genoa,GK,2,178,0,0,0,0,0,0.0,0.0,0.0,0.076,0.076,1,0,136111,Nicola Leali,1993-02-17,30.54,193.0,right,Goalkeeper,Goalkeeper,Italy,Italy,3,177,0,0,252,Genoa CFC,477,900000.0,600000.0,0.998,1.0,0.994,same_club
1892,Alex Meret,ITA,2023-24,Napoli,GK,31,2774,0,0,0,0,1,0.0,0.0,0.185,4.149,4.149,0,0,240414,Alex Meret,1997-03-22,26.44,190.0,left,Goalkeeper,Goalkeeper,Italy,Italy,31,2774,0,0,6195,SSC Napoli,3494,18000000.0,12000000.0,1.0,1.0,1.0,same_club
1898,Stefano Sabelli,ITA,2023-24,Genoa,D M S,32,2491,0,0,1,9,20,0.878,0.878,2.556,5.0,2.27,5,0,167491,Stefano Sabelli,1993-01-13,30.63,176.0,right,Defender,Right-Back,Italy,Italy,32,2450,0,1,252,Genoa CFC,2461,1200000.0,1500000.0,0.995,1.0,0.984,same_club
1922,Daniele Sommariva,ITA,2023-24,Genoa,S,1,2,0,0,0,0,0,0.0,0.0,0.0,0.0,0.0,0,0,312773,Daniele Sommariva,1997-07-18,26.12,185.0,right,Goalkeeper,Goalkeeper,Italy,Italy,1,4,0,0,252,Genoa CFC,4,100000.0,100000.0,0.993,1.0,0.978,same_club
1926,Boris Radunovic,ITA,2023-24,Cagliari,GK,7,630,0,0,0,0,0,0.0,0.0,0.0,0.215,0.215,0,0,258482,Boris Radunović,1996-05-26,27.27,194.0,right,Goalkeeper,Goalkeeper,Serbia,Yugoslavia (Republic),7,630,0,0,1390,Cagliari Calcio,960,1500000.0,1000000.0,1.0,1.0,1.0,same_club
1927,Berat Gjimshiti,ITA,2023-24,Atalanta,D S,37,2829,0,0,1,13,7,0.984,0.984,0.735,6.919,6.847,5,0,165513,Berat Djimsiti,1993-02-19,30.53,190.0,right,Defender,Centre-Back,Albania,Switzerland,37,2831,0,1,800,Atalanta BC,4325,10000000.0,10000000.0,0.938,0.897,0.999,same_club
1946,Pepín,ITA,2023-24,Monza,M S,10,224,0,0,0,5,2,0.144,0.144,0.077,0.721,0.598,2,0,355104,Pepín Machín,1996-08-14,27.05,184.0,right,Midfield,Attacking Midfield,Equatorial Guinea,Equatorial Guinea,10,234,0,0,2919,AC Monza,234,1500000.0,1000000.0,0.957,0.95,0.957,same_club
2303,Samu Castillejo,ITA,2023-24,Sassuolo,F M S,17,521,0,0,0,6,15,0.347,0.347,0.742,1.576,0.675,2,0,195171,Samu Castillejo,1995-01-18,28.62,182.0,left,Attack,Right Winger,Spain,Spain,17,530,0,0,6574,US Sassuolo,681,6000000.0,600000.0,0.995,1.0,0.983,same_club
2330,Guillermo Ochoa,ITA,2023-24,Salernitana,GK,21,1890,0,0,0,0,0,0.0,0.0,0.0,1.477,1.477,0,0,29559,Guillermo Ochoa,1985-07-13,38.14,185.0,right,Goalkeeper,Goalkeeper,Mexico,Mexico,21,1890,0,0,380,US Salernitana 1919,1890,1500000.0,1000000.0,1.0,1.0,1.0,same_club
3207,Alexis Blin,ITA,2023-24,Lecce,M S,31,1619,0,0,2,13,7,1.137,1.137,1.092,5.702,4.996,4,0,236041,Alexis Blin,1996-09-16,26.96,186.0,right,Midfield,Defensive Midfield,France,France,31,1632,0,2,1005,US Lecce,1648,2500000.0,3000000.0,0.998,1.0,0.992,same_club
3209,Jean-Daniel Akpa-Akpro,ITA,2023-24,Monza,D M S,19,685,0,0,0,7,1,0.354,0.354,0.082,2.562,2.15,5,0,170481,Jean-Daniel Akpa Akpro,1992-10-11,30.89,180.0,right,Midfield,Central Midfield,Cote d'Ivoire,France,19,700,0,0,2919,AC Monza,700,1500000.0,1000000.0,0.994,1.0,0.979,same_club
3218,Benoit Costil,ITA,2023-24,Salernitana,GK,13,1170,0,0,0,0,1,0.0,0.0,0.044,0.856,0.811,0,0,22628,Benoît Costil,1987-07-03,36.16,188.0,right,Goalkeeper,Goalkeeper,France,France,13,1170,0,0,380,US Salernitana 1919,1350,1000000.0,600000.0,1.0,1.0,1.0,same_club
3334,Lassana Coulibaly,ITA,2023-24,Salernitana,M S,28,2096,0,0,1,13,11,0.437,0.437,0.973,5.652,5.297,5,0,386552,Lassana Coulibaly,1996-04-10,27.39,183.0,right,Midfield,Central Midfield,Mali,Mali,28,2086,0,1,380,US Salernitana 1919,2176,5000000.0,3500000.0,0.999,1.0,0.995,same_club
3363,Benjamin Pavard,ITA,2023-24,Inter,D S,23,1692,0,0,2,15,10,0.908,0.908,1.292,9.948,9.048,6,0,353366,Benjamin Pavard,1996-03-28,27.43,186.0,right,Defender,Centre-Back,France,France,23,1677,0,2,46,Inter Milan,2412,40000000.0,50000000.0,0.997,1.0,0.991,same_club
3550,Koffi Djidji,ITA,2023-24,Torino,D S,13,751,0,0,0,2,0,0.093,0.093,0.0,2.633,2.633,2,0,183031,Koffi Djidji,1992-11-30,30.75,184.0,right,Defender,Centre-Back,Cote d'Ivoire,France,13,760,0,0,416,Torino FC,760,3000000.0,2500000.0,0.996,1.0,0.988,same_club
3737,Mike Maignan,ITA,2023-24,AC Milan,GK,29,2610,0,0,1,0,3,0.0,0.0,0.187,8.047,7.86,1,1,182906,Mike Maignan,1995-07-03,28.16,191.0,right,Goalkeeper,Goalkeeper,France,French Guiana,29,2610,0,1,5,AC Milan,3702,45000000.0,38000000.0,1.0,1.0,1.0,same_club
3772,Maxime Lopez,ITA,2023-24,"Fiorentina,Sassuolo",M S,21,913,0,0,0,4,10,0.165,0.165,0.547,2.559,2.008,1,1,290862,Maxime Lopez,1997-12-04,25.74,167.0,right,Midfield,Defensive Midfield,France,France,21,937,0,0,"430,6574","ACF Fiorentina,US Sassuolo",1282,15000000.0,7500000.0,0.992,1.0,0.974,same_club
3872,George Puscas,ITA,2023-24,Genoa,F S,8,177,0,0,0,11,1,2.792,2.792,0.071,2.244,0.038,0,0,208690,George Pușcaș,1996-04-08,27.4,188.0,right,Attack,Centre-Forward,Romania,Romania,8,185,0,0,252,Genoa CFC,283,2500000.0,1500000.0,0.987,1.0,0.957,same_club
3927,Alessio Cragno,ITA,2023-24,Sassuolo,GK,3,270,0,0,0,0,0,0.0,0.0,0.0,0.655,0.655,0,0,12907,Alessio Cragno,1994-06-28,29.18,184.0,right,Goalkeeper,Goalkeeper,Italy,Italy,3,270,0,0,6574,US Sassuolo,480,3000000.0,1500000.0,1.0,1.0,1.0,same_club
3939,Nikita Contini,ITA,2023-24,Napoli,S,1,16,0,0,0,0,0,0.0,0.0,0.0,0.345,0.345,0,0,250683,Nikita Contini,1996-05-21,27.28,190.0,right,Goalkeeper,Goalkeeper,Italy,Ukraine,1,16,0,0,6195,SSC Napoli,16,500000.0,400000.0,1.0,1.0,1.0,same_club
3951,Kevin Bonifazi,ITA,2023-24,"Bologna,Frosinone",D S,7,394,0,0,0,0,1,0.0,0.0,0.069,0.691,0.622,0,0,247377,Kevin Bonifazi,1996-05-19,27.29,187.0,right,Defender,Centre-Back,Italy,Italy,7,397,0,0,"1025,8970","Bologna Football Club 1909,Frosinone Calcio",588,2800000.0,1800000.0,0.998,1.0,0.992,same_club
3976,Karlo Lulic,ITA,2023-24,Frosinone,S,1,14,0,0,0,0,0,0.0,0.0,0.0,0.05,0.05,0,0,240252,Karlo Lulić,1996-05-10,27.31,187.0,right,Midfield,Central Midfield,Croatia,Croatia,1,18,0,0,8970,Frosinone Calcio,47,750000.0,450000.0,0.987,1.0,0.956,same_club
3978,Marco Faraoni,ITA,2023-24,"Fiorentina,Verona",D M S,19,997,0,0,2,10,12,0.575,0.575,0.683,2.772,2.287,5,0,73926,Davide Faraoni,1991-10-25,31.85,180.0,right,Defender,Right-Back,Italy,Italy,19,993,0,2,"276,430","Hellas Verona,ACF Fiorentina",995,3000000.0,1500000.0,0.969,0.95,0.996,same_club
4010,Luca Garritano,ITA,2023-24,Frosinone,D M S,12,474,0,0,0,12,4,1.093,1.093,0.335,2.044,0.982,1,0,205677,Luca Garritano,1994-02-11,29.55,172.0,right,Midfield,Attacking Midfield,Italy,Italy,12,484,0,0,8970,Frosinone Calcio,679,1700000.0,1200000.0,0.994,1.0,0.979,same_club
4699,Simon Kjaer,ITA,2023-24,AC Milan,D S,20,1171,0,0,1,6,4,0.709,0.709,1.043,5.137,5.07,1,0,48859,Simon Kjær,1989-03-26,34.43,191.0,right,Defender,Centre-Back,Denmark,Denmark,20,1171,0,1,5,AC Milan,1465,3500000.0,1500000.0,0.94,0.9,1.0,same_club
4733,José Luis Palomino,ITA,2023-24,Atalanta,S,4,15,0,0,0,0,0,0.0,0.0,0.0,0.0,0.0,0,0,125020,José Luis Palomino,1990-01-05,33.65,188.0,left,Defender,Centre-Back,Argentina,Argentina,4,23,0,0,800,Atalanta BC,42,2500000.0,700000.0,0.973,1.0,0.911,same_club
4903,Mamadou Coulibaly,ITA,2023-24,Salernitana,S,1,1,0,0,0,0,0,0.0,0.0,0.0,0.0,0.0,0,0,472161,Mamadou Coulibaly,1999-02-03,24.57,183.0,right,Midfield,Central Midfield,Senegal,Senegal,1,2,0,0,380,US Salernitana 1919,47,1300000.0,1300000.0,0.997,1.0,0.989,same_club
4907,Bartosz Bereszynski,ITA,2023-24,Empoli,D S,24,1780,0,0,1,3,8,0.042,0.042,0.348,2.98,2.725,3,0,144143,Bartosz Bereszyński,1992-07-12,31.14,183.0,right,Defender,Right-Back,Poland,Poland,24,1766,0,1,749,FC Empoli,1795,1600000.0,1300000.0,0.998,1.0,0.992,same_club
4911,Alessio Zerbin,ITA,2023-24,"Monza,Napoli",D F M S,20,820,0,0,1,9,16,0.799,0.799,1.572,3.745,2.148,0,1,433584,Alessio Zerbin,1999-03-03,24.5,182.0,right,Midfield,Right Midfield,Italy,Italy,20,830,0,1,"2919,6195","AC Monza,SSC Napoli",897,4000000.0,4000000.0,0.996,1.0,0.988,same_club
4940,Francesco Rossi,ITA,2023-24,Atalanta,S,1,3,0,0,0,0,0,0.0,0.0,0.0,0.0,0.0,0,0,126634,Francesco Rossi,1991-04-27,32.35,193.0,right,Goalkeeper,Goalkeeper,Italy,Italy,1,4,0,0,800,Atalanta BC,10,100000.0,100000.0,0.997,1.0,0.989,same_club
4941,Hans Hateboer,ITA,2023-24,Atalanta,D M S,23,1094,0,0,1,11,22,0.329,0.329,2.446,5.454,4.465,5,0,275303,Hans Hateboer,1994-01-09,29.64,187.0,right,Defender,Right-Back,Netherlands,Netherlands,23,1104,0,1,800,Atalanta BC,1413,6000000.0,3500000.0,0.997,1.0,0.991,same_club
4943,Emanuel Vignato,ITA,2023-24,Salernitana,F M S,9,305,0,0,1,1,5,0.019,0.019,0.331,0.876,0.526,1,0,394346,Emanuel Vignato,2000-08-24,23.02,175.0,right,Attack,Right Winger,Italy,Italy,9,308,0,1,380,US Salernitana 1919,308,2000000.0,1100000.0,0.997,1.0,0.99,same_club
4956,Michele Cerofolini,ITA,2023-24,Frosinone,GK S,8,672,0,0,0,0,0,0.0,0.0,0.0,0.332,0.332,1,0,370701,Michele Cerofolini,1999-01-04,24.66,188.0,right,Goalkeeper,Goalkeeper,Italy,Italy,8,675,0,0,8970,Frosinone Calcio,975,500000.0,700000.0,0.999,1.0,0.996,same_club
4984,Wladimiro Falcone,ITA,2023-24,Lecce,GK,38,3420,0,0,0,0,0,0.0,0.0,0.0,2.945,2.945,0,0,238537,Wladimiro Falcone,1995-04-12,28.39,195.0,right,Goalkeeper,Goalkeeper,Italy,Italy,38,3420,0,1,1005,US Lecce,3510,5000000.0,5000000.0,1.0,1.0,1.0,same_club
5103,Martin Hongla,ITA,2023-24,Verona,M S,15,1079,0,0,0,3,9,0.09,0.09,0.296,1.572,1.256,0,0,398808,Martin Hongla,1998-03-16,25.46,182.0,right,Midfield,Defensive Midfield,Cameroon,Cameroon,15,1085,0,0,276,Hellas Verona,1806,3000000.0,2500000.0,0.996,1.0,0.986,same_club
5103,Martin Hongla,ITA,2023-24,Verona,M S,15,1079,0,0,0,3,9,0.09,0.09,0.296,1.572,1.256,0,0,398808,Martin Hongla,1998-03-16,25.46,182.0,right,Midfield,Defensive Midfield,Cameroon,Cameroon,15,1085,0,0,276,Hellas Verona,1806,3000000.0,2500000.0,0.998,1.0,0.994,same_club
5133,Aarón Martín,ITA,2023-24,Genoa,D S,22,1393,0,0,1,5,26,0.188,0.188,1.639,1.548,0.802,2,1,251878,Aarón Martín,1997-04-22,26.36,178.0,left,Defender,Left-Back,Spain,Spain,22,1381,0,1,252,Genoa CFC,1550,7000000.0,5000000.0,0.997,1.0,0.991,same_club
5246,Diego Demme,ITA,2023-24,Napoli,M S,2,68,0,0,0,1,0,0.011,0.011,0.0,0.461,0.461,1,0,82070,Diego Demme,1991-11-21,31.78,170.0,right,Midfield,Defensive Midfield,Germany,Germany,2,73,0,0,6195,SSC Napoli,127,3000000.0,800000.0,0.983,1.0,0.944,same_club
5360,Weston McKennie,ITA,2023-24,Juventus,D M S,34,2603,0,0,7,23,41,3.135,3.135,4.233,12.872,8.707,6,0,332697,Weston McKennie,1998-08-28,25.01,180.0,right,Midfield,Central Midfield,United States,United States,34,2602,0,7,506,Juventus FC,2952,18000000.0,28000000.0,1.0,1.0,1.0,same_club
5573,Domingos Quina,ITA,2023-24,Udinese,S,2,10,0,0,0,0,0,0.0,0.0,0.0,0.0,0.0,0,0,391719,Domingos Quina,1999-11-18,23.79,173.0,right,Midfield,Central Midfield,Portugal,Guinea-Bissau,2,12,0,0,410,Udinese Calcio,799,1800000.0,1500000.0,0.993,1.0,0.978,same_club
5700,Yann Karamoh,ITA,2023-24,Torino,M S,10,135,0,0,0,2,1,0.178,0.178,0.095,0.404,0.183,0,0,324804,Yann Karamoh,1998-07-08,25.15,184.0,right,Attack,Left Winger,France,Cote d'Ivoire,10,154,0,0,416,Torino FC,470,3500000.0,2500000.0,0.966,1.0,0.887,same_club
5700,Yann Karamoh,ITA,2023-24,Torino,M S,10,135,0,0,0,2,1,0.178,0.178,0.095,0.404,0.183,0,0,324804,Yann Karamoh,1998-07-08,25.15,184.0,right,Attack,Left Winger,France,Cote d'Ivoire,10,154,0,0,416,Torino FC,470,3500000.0,2500000.0,0.963,1.0,0.877,same_club
5996,Adrien Tameze,ITA,2023-24,Torino,D M S,29,2171,0,0,2,9,19,0.469,0.469,2.188,8.491,7.367,6,1,157507,Adrien Tamèze,1994-02-04,29.57,182.0,right,Midfield,Defensive Midfield,France,France,29,2152,0,2,416,Torino FC,2230,6000000.0,5000000.0,0.997,1.0,0.991,same_club
6045,Davy Klaassen,ITA,2023-24,Inter,M S,13,181,0,0,0,1,3,0.053,0.053,0.211,1.08,0.897,1,0,182932,Davy Klaassen,1993-02-21,30.52,179.0,right,Midfield,Central Midfield,Netherlands,Netherlands,13,196,0,0,46,Inter Milan,475,10000000.0,4000000.0,0.977,1.0,0.923,same_club
6107,Carlo Pinsoglio,ITA,2023-24,Juventus,S,1,43,0,0,0,0,0,0.0,0.0,0.0,0.0,0.0,0,0,75411,Carlo Pinsoglio,1990-03-16,33.46,194.0,left,Goalkeeper,Goalkeeper,Italy,Italy,1,45,0,0,506,Juventus FC,45,200000.0,200000.0,0.993,1.0,0.978,same_club
6125,Stanislav Lobotka,ITA,2023-24,Napoli,M,38,3324,0,0,1,14,23,0.628,0.628,1.486,16.704,15.061,4,0,192735,Stanislav Lobotka,1994-11-25,28.77,168.0,right,Midfield,Defensive Midfield,Slovakia,Slovakia,38,3294,0,1,6195,SSC Napoli,4191,40000000.0,28000000.0,0.997,1.0,0.991,same_club
6132,Marco Silvestri,ITA,2023-24,Udinese,GK,17,1530,0,0,0,0,0,0.0,0.0,0.0,1.969,1.969,0,0,85528,Marco Silvestri,1991-03-02,32.5,191.0,right,Goalkeeper,Goalkeeper,Italy,Italy,17,1530,0,0,410,Udinese Calcio,1620,5000000.0,1000000.0,1.0,1.0,1.0,same_club
6161,Nicolas Haas,ITA,2023-24,Empoli,M,1,90,0,0,0,1,0,0.069,0.069,0.0,0.195,0.127,1,0,192638,Nicolas Haas,1996-01-23,27.61,178.0,right,Midfield,Central Midfield,Switzerland,Switzerland,1,90,0,0,749,FC Empoli,122,2000000.0,700000.0,1.0,1.0,1.0,same_club
6167,Vanja Milinkovic-Savic,ITA,2023-24,Torino,GK,36,3240,0,0,0,0,0,0.0,0.0,0.0,4.208,4.208,2,0,257474,Vanja Milinković-Savić,1997-02-20,26.53,202.0,right,Goalkeeper,Goalkeeper,Serbia,Spain,36,3240,0,0,416,Torino FC,3330,3500000.0,5000000.0,1.0,1.0,1.0,same_club
6174,Nikola Milenkovic,ITA,2023-24,Fiorentina,D S,34,2497,0,0,0,10,8,0.609,0.609,0.888,5.866,5.716,4,0,413507,Nikola Milenković,1997-10-12,25.89,195.0,right,Defender,Centre-Back,Serbia,Yugoslavia (Republic),34,2505,0,0,430,ACF Fiorentina,3188,18000000.0,15000000.0,0.999,1.0,0.997,same_club
6180,Manuel Lazzari,ITA,2023-24,Lazio,D S,24,1678,0,0,2,8,9,1.022,1.022,1.607,6.414,4.335,4,1,331401,Manuel Lazzari,1993-11-29,29.75,174.0,right,Defender,Right-Back,Italy,Italy,24,1676,0,2,398,Società Sportiva Lazio S.p.A.,2249,7500000.0,4000000.0,1.0,1.0,0.999,same_club
6191,Lorenzo Venuti,ITA,2023-24,Lecce,D S,14,353,0,0,0,3,5,0.08,0.08,0.284,1.913,1.549,1,0,240219,Lorenzo Venuti,1995-04-12,28.39,179.0,right,Defender,Right-Back,Italy,Italy,14,357,0,0,1005,US Lecce,447,2000000.0,1200000.0,0.997,1.0,0.989,same_club
6324,Marash Kumbulla,ITA,2023-24,Sassuolo,D S,7,357,0,0,0,0,0,0.0,0.0,0.0,0.183,0.183,1,0,371371,Marash Kumbulla,2000-02-08,23.56,191.0,right,Defender,Centre-Back,Albania,Italy,7,358,0,0,6574,US Sassuolo,358,8000000.0,4500000.0,0.999,1.0,0.997,same_club
6352,Valentino Lazaro,ITA,2023-24,Torino,D M S,35,1966,0,0,4,18,34,2.348,2.348,3.119,7.662,4.81,3,0,186368,Valentino Lazaro,1996-03-24,27.44,181.0,right,Midfield,Right Midfield,Austria,Austria,35,1988,0,4,416,Torino FC,2041,5000000.0,3500000.0,0.997,1.0,0.989,same_club
6362,Rick Karsdorp,ITA,2023-24,Roma,D S,18,1195,0,0,2,8,11,0.407,0.407,2.539,6.804,4.41,2,0,205006,Rick Karsdorp,1995-02-11,28.55,184.0,right,Defender,Right-Back,Netherlands,Netherlands,18,1198,0,3,12,Associazione Sportiva Roma,1810,7000000.0,5000000.0,0.999,1.0,0.997,same_club
6396,Jordi Mboula,ITA,2023-24,Verona,F M S,11,311,0,0,1,4,3,0.428,0.428,0.238,1.693,1.088,0,0,331498,Jordi Mboula,1999-03-16,24.46,183.0,right,Attack,Right Winger,Spain,Spain,11,304,0,1,276,Hellas Verona,483,1200000.0,1200000.0,0.993,1.0,0.977,same_club
6434,Franck Zambo,ITA,2023-24,Napoli,M S,34,2793,0,0,2,33,39,2.703,2.703,4.441,15.261,11.884,2,0,354361,Frank Anguissa,1995-11-16,27.79,184.0,right,Midfield,Central Midfield,Cameroon,Cameroon,34,2793,0,2,6195,SSC Napoli,3421,40000000.0,27000000.0,,,,manual
6601,Timothy Weah,ITA,2023-24,Juventus,D S,30,1245,0,0,1,12,13,1.857,1.857,0.883,6.292,4.093,5,0,370846,Timothy Weah,2000-02-22,23.52,183.0,right,Midfield,Right Midfield,United States,United States,30,1248,0,1,506,Juventus FC,1381,14000000.0,12000000.0,0.999,1.0,0.998,same_club
6706,Ndary Adopo,ITA,2023-24,Atalanta,S,10,84,0,0,1,1,2,0.253,0.253,0.104,0.994,0.89,0,0,564305,Michel Adopo,2000-07-19,23.12,187.0,right,Midfield,Central Midfield,France,France,10,102,0,1,800,Atalanta BC,192,500000.0,1000000.0,0.917,0.95,0.824,same_club
6807,Jaka Bijol,ITA,2023-24,Udinese,D S,24,2082,0,0,0,15,3,1.359,1.359,0.112,4.954,4.864,4,0,371851,Jaka Bijol,1999-02-05,24.57,190.0,right,Defender,Centre-Back,Slovenia,Slovenia,24,2083,0,0,410,Udinese Calcio,2173,10000000.0,10000000.0,1.0,1.0,1.0,same_club
6849,Rui Patrício,ITA,2023-24,Roma,GK,23,2070,0,0,0,0,0,0.0,0.0,0.0,3.071,3.071,1,0,45026,Rui Patrício,1988-02-15,35.54,190.0,left,Goalkeeper,Goalkeeper,Portugal,Portugal,23,2070,0,0,12,Associazione Sportiva Roma,2160,5000000.0,1000000.0,1.0,1.0,1.0,same_club
6856,Rúben Vinagre,ITA,2023-24,Verona,D S,12,267,0,0,0,2,5,0.024,0.024,0.236,0.273,0.143,0,0,357158,Rúben Vinagre,1999-04-09,24.4,174.0,left,Midfield,Left Midfield,Portugal,Portugal,12,276,0,0,276,Hellas Verona,276,4000000.0,2400000.0,0.99,1.0,0.967,same_club
6872,Mehmet Zeki Çelik,ITA,2023-24,Roma,D S,17,645,0,0,0,2,9,0.126,0.126,0.579,1.831,1.134,1,0,251075,Zeki Çelik,1997-02-17,26.54,180.0,right,Defender,Right-Back,Türkiye,Türkiye,17,663,0,0,12,Associazione Sportiva Roma,1521,10000000.0,6000000.0,0.962,0.95,0.973,same_club
6902,Toma Basic,ITA,2023-24,Salernitana,M S,15,1172,0,0,0,12,16,0.445,0.445,0.418,2.665,2.299,5,0,334835,Toma Bašić,1996-11-25,26.77,190.0,left,Midfield,Central Midfield,Croatia,Croatia,15,1166,0,0,380,US Salernitana 1919,1175,6000000.0,2800000.0,0.998,1.0,0.995,same_club
6977,Pietro Terracciano,ITA,2023-24,Fiorentina,GK,33,2970,0,0,0,0,2,0.0,0.0,0.046,2.879,2.871,3,0,96254,Pietro Terracciano,1990-03-08,33.48,193.0,right,Goalkeeper,Goalkeeper,Italy,Italy,33,2970,0,0,430,ACF Fiorentina,3420,2000000.0,2500000.0,1.0,1.0,1.0,same_club
6982,Ivan Provedel,ITA,2023-24,Lazio,GK,30,2700,0,0,0,0,0,0.0,0.0,0.0,5.31,5.31,0,0,197929,Ivan Provedel,1994-03-17,29.46,194.0,right,Goalkeeper,Goalkeeper,Italy,Italy,30,2700,0,0,398,Società Sportiva Lazio S.p.A.,3600,12000000.0,14000000.0,1.0,1.0,1.0,same_club
6986,Hamed Junior Traore,ITA,2023-24,Napoli,M S,9,386,0,0,0,10,8,0.711,0.711,0.644,2.085,1.064,1,0,391065,Hamed Traoré,2000-02-16,23.54,177.0,right,Attack,Left Winger,Cote d'Ivoire,Cote d'Ivoire,9,383,0,0,6195,SSC Napoli,527,22000000.0,17000000.0,0.93,0.95,0.867,same_club
6986,Hamed Junior Traore,ITA,2023-24,Napoli,M S,9,386,0,0,0,10,8,0.711,0.711,0.644,2.085,1.064,1,0,391065,Hamed Traoré,2000-02-16,23.54,177.0,right,Attack,Left Winger,Cote d'Ivoire,Cote d'Ivoire,9,383,0,0,6195,SSC Napoli,527,22000000.0,17000000.0,0.968,0.95,0.992,same_club
6988,Simone Aresti,ITA,2023-24,Cagliari,S,1,1,0,0,0,0,0,0.0,0.0,0.0,0.0,0.0,0,0,41912,Simone Aresti,1986-03-15,37.46,187.0,right,Goalkeeper,Goalkeeper,Italy,Italy,1,1,0,0,1390,Cagliari Calcio,1,75000.0,75000.0,1.0,1.0,1.0,same_club
7002,Giangiacomo Magnani,ITA,2023-24,Verona,D S,33,2433,0,0,0,11,6,0.525,0.525,0.438,4.217,3.739,6,0,310458,Giangiacomo Magnani,1995-10-04,27.91,192.0,right,Defender,Centre-Back,Italy,Italy,33,2441,0,0,276,Hellas Verona,2611,3000000.0,3000000.0,0.999,1.0,0.997,same_club
7003,Mehdi Bourabia,ITA,2023-24,Frosinone,M S,10,194,0,0,0,2,1,0.154,0.154,0.023,0.274,0.12,1,0,131731,Mehdi Bourabia,1991-08-07,32.07,183.0,right,Midfield,Central Midfield,Morocco,France,10,197,0,0,8970,Frosinone Calcio,1500,1300000.0,1000000.0,0.995,1.0,0.985,same_club
7049,Evan Ndicka,ITA,2023-24,Roma,D,25,2187,0,0,3,9,6,1.162,1.162,1.258,9.609,9.145,6,0,371149,Evan Ndicka,1999-08-20,24.03,192.0,left,Defender,Centre-Back,Cote d'Ivoire,France,25,2169,0,3,12,Associazione Sportiva Roma,2924,28000000.0,25000000.0,0.998,1.0,0.992,same_club
7087,Elia Caprile,ITA,2023-24,Empoli,GK,23,2070,0,0,0,0,2,0.0,0.0,0.196,1.164,0.969,0,0,421873,Elia Caprile,2001-08-25,22.02,191.0,right,Goalkeeper,Goalkeeper,Italy,Italy,23,2070,0,0,749,FC Empoli,2160,4000000.0,6000000.0,1.0,1.0,1.0,same_club
7095,Juan Musso,ITA,2023-24,Atalanta,GK,11,990,0,0,0,0,0,0.0,0.0,0.0,1.683,1.683,0,0,242359,Juan Musso,1994-05-06,29.32,193.0,right,Goalkeeper,Goalkeeper,Argentina,Argentina,11,990,0,0,800,Atalanta BC,2160,8000000.0,5000000.0,1.0,1.0,1.0,same_club
7124,Davide Bettella,ITA,2023-24,Monza,S,1,1,0,0,0,0,0,0.0,0.0,0.0,0.0,0.0,0,0,357995,Davide Bettella,2000-04-07,23.4,185.0,right,Defender,Centre-Back,Italy,Italy,1,2,0,0,2919,AC Monza,2,1400000.0,1000000.0,0.997,1.0,0.989,same_club
7236,Leander Dendoncker,ITA,2023-24,Napoli,S,3,16,0,0,0,1,0,0.024,0.024,0.0,0.1,0.1,0,0,168157,Leander Dendoncker,1995-04-15,28.38,188.0,right,Midfield,Defensive Midfield,Belgium,Belgium,3,21,0,0,6195,SSC Napoli,231,15000000.0,7000000.0,0.995,1.0,0.983,same_club
7236,Leander Dendoncker,ITA,2023-24,Napoli,S,3,16,0,0,0,1,0,0.024,0.024,0.0,0.1,0.1,0,0,168157,Leander Dendoncker,1995-04-15,28.38,188.0,right,Midfield,Defensive Midfield,Belgium,Belgium,3,21,0,0,6195,SSC Napoli,231,15000000.0,7000000.0,0.983,1.0,0.944,same_club
7324,Luca Gemello,ITA,2023-24,Torino,GK,2,180,0,0,0,0,0,0.0,0.0,0.0,0.642,0.642,0,0,463792,Luca Gemello,2000-07-03,23.16,190.0,right,Goalkeeper,Goalkeeper,Italy,Italy,2,180,0,0,416,Torino FC,300,300000.0,300000.0,1.0,1.0,1.0,same_club
7333,Caleb Okoli,ITA,2023-24,Frosinone,D S,34,2908,0,0,1,13,5,0.661,0.661,0.708,5.585,5.563,9,0,461833,Caleb Okoli,2001-07-13,22.14,191.0,right,Defender,Centre-Back,Italy,Italy,34,2915,0,1,8970,Frosinone Calcio,3305,10000000.0,8000000.0,0.999,1.0,0.998,same_club
7379,Nicolo Fagioli,ITA,2023-24,Juventus,M S,8,432,0,0,2,6,11,0.279,0.279,1.375,2.449,1.659,1,0,432090,Nicolò Fagioli,2001-02-12,22.55,178.0,right,Midfield,Central Midfield,Italy,Italy,8,439,0,2,506,Juventus FC,439,35000000.0,15000000.0,0.995,1.0,0.984,same_club
7411,Nicolo Rovella,ITA,2023-24,Lazio,M S,23,1328,0,0,2,5,10,0.567,0.567,0.383,4.864,4.157,6,0,525704,Nicolò Rovella,2001-12-04,21.74,179.0,right,Midfield,Defensive Midfield,Italy,Italy,23,1322,0,2,398,Società Sportiva Lazio S.p.A.,1621,18000000.0,18000000.0,0.999,1.0,0.995,same_club
7483,Hans Nicolussi Caviglia,ITA,2023-24,Juventus,M S,8,263,0,0,1,3,8,0.111,0.111,0.356,1.079,0.994,1,0,430280,Hans Nicolussi Caviglia,2000-06-18,23.2,184.0,right,Midfield,Defensive Midfield,Italy,Italy,8,266,0,1,506,Juventus FC,356,2000000.0,3000000.0,0.997,1.0,0.989,same_club
7502,Iron Gomis,ITA,2023-24,Salernitana,M S,5,124,0,0,0,3,3,0.444,0.444,0.167,0.677,0.24,0,0,693352,Iron Gomis,1999-11-09,23.81,182.0,right,Midfield,Attacking Midfield,France,France,5,130,0,0,380,US Salernitana 1919,1243,800000.0,900000.0,0.986,1.0,0.954,same_club
7516,Nehuén Pérez,ITA,2023-24,Udinese,D,36,3240,0,0,0,20,7,1.709,1.709,0.153,8.736,8.582,7,1,491693,Nehuén Pérez,2000-06-24,23.19,186.0,right,Defender,Centre-Back,Argentina,Argentina,36,3240,0,1,410,Udinese Calcio,3240,10000000.0,13000000.0,1.0,1.0,1.0,same_club
7754,Tiago Djaló,ITA,2023-24,Juventus,S,1,15,0,0,0,0,0,0.0,0.0,0.0,0.0,0.0,0,0,420465,Tiago Djaló,2000-04-09,23.39,190.0,right,Defender,Centre-Back,Portugal,Portugal,1,16,0,0,506,Juventus FC,16,16000000.0,12000000.0,0.997,1.0,0.989,same_club
7755,Domagoj Bradaric,ITA,2023-24,Salernitana,D M S,34,2759,0,0,3,19,35,0.59,0.59,1.682,6.264,4.611,5,0,357796,Domagoj Bradarić,1999-12-10,23.73,178.0,left,Defender,Left-Back,Croatia,Croatia,34,2751,0,3,380,US Salernitana 1919,2976,7000000.0,5000000.0,0.999,1.0,0.997,same_club
7763,Fabien Centonze,ITA,2023-24,Verona,D S,10,680,0,0,1,1,6,0.009,0.009,0.878,1.526,0.869,2,0,384859,Fabien Centonze,1996-01-16,27.62,182.0,right,Defender,Right-Back,France,France,10,675,0,1,276,Hellas Verona,767,4000000.0,3000000.0,0.997,1.0,0.989,same_club
7763,Fabien Centonze,ITA,2023-24,Verona,D S,10,680,0,0,1,1,6,0.009,0.009,0.878,1.526,0.869,2,0,384859,Fabien Centonze,1996-01-16,27.62,182.0,right,Defender,Right-Back,France,France,10,675,0,1,276,Hellas Verona,767,4000000.0,3000000.0,0.998,1.0,0.993,same_club
7785,Kingsley Ehizibue,ITA,2023-24,Udinese,D S,23,957,0,0,1,18,8,1.5,1.5,0.441,3.045,1.404,4,0,272812,Kingsley Ehizibue,1995-05-25,28.27,189.0,right,Defender,Right-Back,Netherlands,Germany,23,956,0,1,410,Udinese Calcio,956,2500000.0,2200000.0,1.0,1.0,0.999,same_club
7923,Pawel Dawidowicz,ITA,2023-24,Verona,D M S,28,2144,0,0,0,9,2,0.43,0.43,0.04,2.515,2.478,5,0,248732,Paweł Dawidowicz,1995-05-20,28.28,189.0,both,Defender,Centre-Back,Poland,Poland,28,2143,0,0,276,Hellas Verona,2233,3000000.0,3000000.0,0.981,0.968,1.0,same_club
7925,Liam Henderson,ITA,2023-24,Empoli,S,1,1,0,0,0,0,0,0.0,0.0,0.0,0.0,0.0,0,0,193867,Liam Henderson,1996-04-25,27.35,183.0,right,Midfield,Central Midfield,Scotland,Scotland,1,4,0,0,749,FC Empoli,72,2500000.0,1400000.0,0.99,1.0,0.967,same_club
7936,Filip Jagiello,ITA,2023-24,Genoa,S,2,30,0,0,0,0,0,0.0,0.0,0.0,0.013,0.013,0,0,242813,Filip Jagiełło,1997-08-08,26.06,179.0,right,Midfield,Attacking Midfield,Poland,Poland,2,32,0,0,252,Genoa CFC,94,1400000.0,1100000.0,0.947,0.923,0.978,same_club
7973,Marco Mancosu,ITA,2023-24,Cagliari,F M S,6,164,0,0,0,7,2,1.252,0.491,0.149,0.809,0.227,0,0,51736,Marco Mancosu,1988-08-22,35.03,177.0,right,Midfield,Attacking Midfield,Italy,Italy,6,156,0,0,1390,Cagliari Calcio,228,900000.0,400000.0,0.985,1.0,0.951,same_club
8009,Antonino Gallo,ITA,2023-24,Lecce,D S,35,2526,0,0,3,15,47,0.761,0.761,5.052,9.663,6.295,2,0,392516,Antonino Gallo,2000-01-05,23.66,183.0,left,Defender,Left-Back,Italy,Italy,35,2502,0,3,1005,US Lecce,2606,2500000.0,4500000.0,0.997,1.0,0.99,same_club
8030,Sebastian Walukiewicz,ITA,2023-24,Empoli,D S,27,2051,0,0,0,4,3,0.187,0.187,0.116,3.88,3.812,6,0,345458,Sebastian Walukiewicz,2000-04-05,23.41,188.0,right,Defender,Right-Back,Poland,Poland,27,2055,0,0,749,FC Empoli,2055,3000000.0,2500000.0,0.999,1.0,0.998,same_club
8034,Georgios Kyriakopoulos,ITA,2023-24,Monza,D S,28,1722,0,0,3,24,21,1.161,1.161,1.863,5.851,4.496,3,0,311178,Georgios Kyriakopoulos,1996-02-05,27.57,186.0,left,Defender,Left-Back,Greece,Greece,28,1715,0,3,2919,AC Monza,1773,3800000.0,3500000.0,0.999,1.0,0.996,same_club
8037,Marley Aké,ITA,2023-24,Udinese,S,1,7,0,0,0,0,0,0.0,0.0,0.0,0.0,0.0,0,0,682032,Marley Aké,2001-01-05,22.65,178.0,right,Attack,Left Winger,France,France,1,9,0,0,410,Udinese Calcio,131,1800000.0,1600000.0,0.993,1.0,0.978,same_club
8101,Stefano Turati,ITA,2023-24,Frosinone,GK,31,2748,0,0,0,0,0,0.0,0.0,0.0,1.893,1.893,0,0,543666,Stefano Turati,2001-09-05,21.99,188.0,right,Goalkeeper,Goalkeeper,Italy,Italy,31,2745,0,0,8970,Frosinone Calcio,2835,4500000.0,7000000.0,1.0,1.0,0.999,same_club
8165,Lucien Agoume,ITA,2023-24,Inter,S,1,3,0,0,0,0,0,0.0,0.0,0.0,0.521,0.521,0,0,569384,Lucien Agoumé,2002-02-09,21.56,185.0,right,Midfield,Defensive Midfield,France,Cameroon,1,4,0,0,46,Inter Milan,791,7000000.0,6000000.0,0.999,1.0,0.996,same_club
8165,Lucien Agoume,ITA,2023-24,Inter,S,1,3,0,0,0,0,0,0.0,0.0,0.0,0.521,0.521,0,0,569384,Lucien Agoumé,2002-02-09,21.56,185.0,right,Midfield,Defensive Midfield,France,Cameroon,1,4,0,0,46,Inter Milan,791,7000000.0,6000000.0,0.997,1.0,0.989,same_club
8244,Dylan Bronn,ITA,2023-24,Salernitana,S,4,44,0,0,0,1,0,0.065,0.065,0.0,0.542,0.542,0,0,450417,Dylan Bronn,1995-06-19,28.2,186.0,right,Defender,Centre-Back,Tunisia,France,4,49,0,0,380,US Salernitana 1919,229,2500000.0,1300000.0,0.983,1.0,0.944,same_club
8252,Nicolás Domínguez,ITA,2023-24,Bologna,M S,2,103,0,0,0,0,1,0.0,0.0,0.055,0.331,0.276,0,0,497291,Nicolás Domínguez,1998-06-28,25.18,179.0,right,Midfield,Central Midfield,Argentina,Argentina,2,102,0,0,1025,Bologna Football Club 1909,2040,17000000.0,17000000.0,0.992,1.0,0.974,same_club
8252,Nicolás Domínguez,ITA,2023-24,Bologna,M S,2,103,0,0,0,0,1,0.0,0.0,0.055,0.331,0.276,0,0,497291,Nicolás Domínguez,1998-06-28,25.18,179.0,right,Midfield,Central Midfield,Argentina,Argentina,2,102,0,0,1025,Bologna Football Club 1909,2040,17000000.0,17000000.0,0.997,1.0,0.99,same_club
8303,Marin Pongracic,ITA,2023-24,Lecce,D,36,3220,0,0,0,13,11,1.301,1.301,0.459,7.105,6.591,7,1,282144,Marin Pongracic,1997-09-11,25.97,193.0,right,Defender,Centre-Back,Croatia,Germany,36,3220,0,0,1005,US Lecce,3355,4000000.0,7000000.0,1.0,1.0,1.0,same_club
8313,Pierre Kalulu Kyatengwa,ITA,2023-24,AC Milan,D S,9,363,0,0,0,2,2,0.083,0.083,0.084,0.882,0.882,0,0,585949,Pierre Kalulu,2000-06-05,23.24,182.0,right,Defender,Centre-Back,France,France,9,370,0,0,5,AC Milan,505,30000000.0,20000000.0,0.964,0.95,0.981,same_club
8326,Maduka Okoye,ITA,2023-24,Udinese,GK,21,1890,0,0,0,0,0,0.0,0.0,0.0,0.213,0.213,2,0,340353,Maduka Okoye,1999-08-28,24.01,198.0,right,Goalkeeper,Goalkeeper,Nigeria,Germany,21,1890,0,0,410,Udinese Calcio,2010,2000000.0,4000000.0,1.0,1.0,1.0,same_club
8378,Malick Thiaw,ITA,2023-24,AC Milan,D S,21,1626,0,0,1,5,4,0.682,0.682,0.202,6.565,6.342,5,1,521964,Malick Thiaw,2001-08-08,22.06,194.0,right,Defender,Centre-Back,Germany,Germany,21,1620,0,1,5,AC Milan,2161,20000000.0,25000000.0,0.999,1.0,0.996,same_club
8380,Pablo Marí,ITA,2023-24,Monza,D S,34,2609,0,0,0,8,4,0.316,0.316,0.665,5.76,5.715,7,0,210178,Pablo Marí,1993-08-31,30.0,193.0,left,Defender,Centre-Back,Spain,Spain,34,2616,0,0,2919,AC Monza,2693,5000000.0,3500000.0,0.999,1.0,0.997,same_club
8429,Luka Romero,ITA,2023-24,AC Milan,S,4,72,0,0,0,1,0,0.134,0.134,0.0,0.618,0.483,1,0,769063,Luka Romero,2004-11-18,18.78,169.0,left,Attack,Right Winger,Argentina,Mexico,4,85,0,0,5,AC Milan,590,3000000.0,5000000.0,0.989,1.0,0.963,same_club
8429,Luka Romero,ITA,2023-24,AC Milan,S,4,72,0,0,0,1,0,0.134,0.134,0.0,0.618,0.483,1,0,769063,Luka Romero,2004-11-18,18.78,169.0,left,Attack,Right Winger,Argentina,Mexico,4,85,0,0,5,AC Milan,590,3000000.0,5000000.0,0.957,1.0,0.856,same_club
8512,Filippo Terracciano,ITA,2023-24,"AC Milan,Verona",D M S,21,1361,0,0,1,8,17,0.343,0.343,1.181,3.912,2.631,2,0,631007,Filippo Terracciano,2003-02-08,20.56,186.0,right,Defender,Centre-Back,Italy,Italy,21,1371,0,1,"5,276","AC Milan,Hellas Verona",1500,1500000.0,4500000.0,0.998,1.0,0.993,same_club
8522,Matteo Lovato,ITA,2023-24,"Salernitana,Torino",D S,26,1482,0,0,0,2,3,0.054,0.054,0.169,3.056,2.981,4,0,459655,Matteo Lovato,2000-02-14,23.55,188.0,right,Defender,Centre-Back,Italy,Italy,26,1489,0,0,"380,416","US Salernitana 1919,Torino FC",1643,6000000.0,4000000.0,0.999,1.0,0.995,same_club
8632,Enzo Ebosse,ITA,2023-24,Udinese,S,1,15,0,0,0,0,0,0.0,0.0,0.0,0.047,0.047,0,0,342877,Enzo Ebosse,1999-03-11,24.48,185.0,left,Defender,Centre-Back,Cameroon,France,1,7,0,0,410,Udinese Calcio,7,4500000.0,2500000.0,0.973,1.0,0.911,same_club
8639,Brandon Soppy,ITA,2023-24,Torino,D S,5,173,0,0,0,1,1,0.018,0.018,0.041,0.441,0.441,0,0,546880,Brandon Soppy,2002-02-21,21.52,180.0,right,Midfield,Right Midfield,France,France,5,177,0,0,416,Torino FC,177,9000000.0,2000000.0,0.993,1.0,0.977,same_club
8663,Flavius Daniliuc,ITA,2023-24,Salernitana,D S,14,732,0,0,0,2,5,0.134,0.134,0.223,1.872,1.686,2,0,322655,Flavius Daniliuc,2001-04-27,22.35,188.0,right,Defender,Centre-Back,Austria,Austria,14,744,0,0,380,US Salernitana 1919,834,8000000.0,6000000.0,0.995,1.0,0.984,same_club
8771,Yunus Musah,ITA,2023-24,AC Milan,D M S,30,1439,0,0,2,14,14,0.649,0.649,1.508,5.728,3.955,5,0,503991,Yunus Musah,2002-11-29,20.76,178.0,right,Midfield,Central Midfield,United States,United States,30,1470,0,2,5,AC Milan,2241,18000000.0,22000000.0,0.994,1.0,0.979,same_club
8819,Mergim Vojvoda,ITA,2023-24,Torino,D M S,28,1372,0,0,3,9,18,0.267,0.267,1.501,5.784,5.116,3,0,336125,Mërgim Vojvoda,1995-02-01,28.58,187.0,right,Defender,Right-Back,Kosovo,Germany,28,1372,0,3,416,Torino FC,1582,4000000.0,3000000.0,1.0,1.0,1.0,same_club
8829,Nicolò Casale,ITA,2023-24,Lazio,D S,20,1559,0,0,0,7,2,0.976,0.976,0.076,4.498,4.311,5,0,389837,Nicolò Casale,1998-02-14,25.54,191.0,right,Defender,Centre-Back,Italy,Italy,20,1557,0,0,398,Società Sportiva Lazio S.p.A.,1872,22000000.0,14000000.0,1.0,1.0,0.999,same_club
8856,Razvan Marin,ITA,2023-24,Empoli,M S,30,1815,0,0,3,35,33,1.008,1.008,3.311,5.588,4.377,3,0,295183,Răzvan Marin,1996-05-23,27.27,178.0,right,Midfield,Central Midfield,Romania,Romania,30,1818,0,3,749,FC Empoli,1876,8000000.0,2700000.0,1.0,1.0,0.998,same_club
8871,Marco Carnesecchi,ITA,2023-24,Atalanta,GK,27,2427,0,0,0,0,0,0.0,0.0,0.0,2.171,2.171,0,0,459763,Marco Carnesecchi,2000-07-01,23.17,191.0,right,Goalkeeper,Goalkeeper,Italy,Italy,27,2426,0,0,800,Atalanta BC,2870,13000000.0,16000000.0,1.0,1.0,1.0,same_club
8872,Matteo Ruggeri,ITA,2023-24,Atalanta,D M S,34,2489,0,0,4,12,24,0.632,0.632,2.544,10.971,9.309,3,0,616631,Matteo Ruggeri,2002-07-11,21.14,187.0,left,Defender,Left-Back,Italy,Italy,34,2467,0,5,800,Atalanta BC,3658,4000000.0,20000000.0,0.997,1.0,0.991,same_club
8881,Lorenzo Montipò,ITA,2023-24,Verona,GK,37,3330,0,0,1,0,1,0.0,0.0,0.015,2.23,2.215,0,0,241923,Lorenzo Montipò,1996-02-20,27.53,191.0,right,Goalkeeper,Goalkeeper,Italy,Italy,37,3330,0,1,276,Hellas Verona,3420,4000000.0,3500000.0,1.0,1.0,1.0,same_club
8912,Tommaso Pobega,ITA,2023-24,AC Milan,D M S,11,298,0,0,0,5,1,0.318,0.318,0.257,2.486,2.022,0,0,392538,Tommaso Pobega,1999-07-15,24.13,188.0,left,Midfield,Central Midfield,Italy,Italy,11,315,0,0,5,AC Milan,464,14000000.0,10000000.0,0.984,1.0,0.946,same_club
9036,Nicola Zalewski,ITA,2023-24,Roma,D F S,22,976,0,0,1,16,17,1.106,1.106,1.913,5.137,3.117,1,1,550108,Nicola Zalewski,2002-01-23,21.6,175.0,right,Midfield,Left Midfield,Poland,Italy,22,965,0,1,12,Associazione Sportiva Roma,1546,20000000.0,12000000.0,0.997,1.0,0.989,same_club
9041,Bruno Amione,ITA,2023-24,Verona,D S,10,587,0,0,0,5,1,0.163,0.163,0.013,0.493,0.493,2,0,644676,Bruno Amione,2002-01-03,21.66,187.0,left,Defender,Centre-Back,Argentina,Argentina,10,581,0,0,276,Hellas Verona,681,2700000.0,3000000.0,0.997,1.0,0.99,same_club
9046,Giuseppe Caso,ITA,2023-24,Frosinone,F S,14,381,0,0,0,7,3,0.334,0.334,0.147,0.636,0.155,2,0,398030,Giuseppe Caso,1998-12-09,24.73,172.0,right,Attack,Left Winger,Italy,Italy,14,410,0,1,8970,Frosinone Calcio,547,3000000.0,1500000.0,0.979,1.0,0.929,same_club
9052,Josep Martínez,ITA,2023-24,Genoa,GK,36,3240,0,0,0,0,1,0.0,0.0,0.019,2.737,2.718,2,1,388516,Josep Martínez,1998-05-27,25.26,191.0,right,Goalkeeper,Goalkeeper,Spain,Spain,36,3240,0,0,252,Genoa CFC,3240,3500000.0,8000000.0,1.0,1.0,1.0,same_club
9090,Ardian Ismajli,ITA,2023-24,Empoli,D S,26,2037,0,0,0,5,4,0.257,0.257,0.092,4.935,4.92,2,0,435228,Ardian Ismajli,1996-09-30,26.92,187.0,right,Defender,Centre-Back,Albania,Yugoslavia (Republic),26,2046,0,0,749,FC Empoli,2136,3500000.0,3000000.0,0.999,1.0,0.996,same_club
9134,Alessandro Di Pardo,ITA,2023-24,Cagliari,D S,15,318,0,0,0,3,5,0.111,0.111,0.195,0.652,0.521,0,0,457674,Alessandro Di Pardo,1999-07-18,24.12,182.0,right,Defender,Right-Back,Italy,Italy,15,351,0,0,1390,Cagliari Calcio,476,600000.0,900000.0,0.972,1.0,0.906,same_club
9263,Filippo Ranocchia,ITA,2023-24,Empoli,M S,9,474,0,0,0,6,4,0.21,0.21,0.902,1.034,0.23,3,0,489611,Filippo Ranocchia,2001-05-14,22.3,186.0,both,Midfield,Central Midfield,Italy,Italy,9,477,0,0,749,FC Empoli,477,1800000.0,4000000.0,0.998,1.0,0.994,same_club
9381,Saba Sazonov,ITA,2023-24,Torino,D S,12,340,0,0,0,1,1,0.384,0.384,0.038,0.387,0.349,2,0,655456,Saba Sazonov,2002-02-01,21.58,194.0,right,Defender,Centre-Back,Georgia,Russia,12,348,0,0,416,Torino FC,523,3000000.0,2800000.0,0.993,1.0,0.977,same_club
9425,Emil Bohinen,ITA,2023-24,"Genoa,Salernitana",M S,17,580,0,0,0,4,7,0.077,0.077,0.406,2.065,1.721,1,0,406806,Emil Bohinen,1999-03-12,24.47,189.0,left,Midfield,Defensive Midfield,Norway,England,17,589,0,0,"252,380","Genoa CFC,US Salernitana 1919",679,3400000.0,1800000.0,0.995,1.0,0.985,same_club
9503,Kacper Urbanski,ITA,2023-24,Bologna,F M S,22,911,0,0,1,17,16,1.476,1.476,0.918,5.41,3.954,3,0,699442,Kacper Urbański,2004-09-07,18.98,183.0,right,Midfield,Attacking Midfield,Poland,Poland,22,920,0,1,1025,Bologna Football Club 1909,1079,600000.0,7000000.0,0.997,1.0,0.99,same_club
9518,Edoardo Bove,ITA,2023-24,Roma,M S,31,1766,0,0,2,19,16,1.519,1.519,0.92,8.769,6.592,2,0,562049,Edoardo Bove,2002-05-16,21.3,181.0,right,Midfield,Central Midfield,Italy,Italy,31,1777,0,2,12,Associazione Sportiva Roma,2627,10000000.0,18000000.0,0.998,1.0,0.994,same_club
9550,Yayah Kallon,ITA,2023-24,Verona,S,1,2,0,0,0,0,0,0.0,0.0,0.0,0.0,0.0,0,0,623040,Yayah Kallon,2001-06-30,22.17,175.0,left,Attack,Right Winger,Sierra Leone,Sierra Leone,1,3,0,0,276,Hellas Verona,3,1500000.0,1000000.0,0.997,1.0,0.989,same_club
9752,Jesper Lindstrom,ITA,2023-24,Napoli,F S,22,389,0,0,1,14,13,0.591,0.591,1.413,3.046,1.747,2,0,513245,Jesper Lindstrøm,2000-02-29,23.5,182.0,right,Attack,Right Winger,Denmark,Denmark,22,416,0,0,6195,SSC Napoli,826,28000000.0,22000000.0,0.971,0.968,0.967,same_club
9752,Jesper Lindstrom,ITA,2023-24,Napoli,F S,22,389,0,0,1,14,13,0.591,0.591,1.413,3.046,1.747,2,0,513245,Jesper Lindstrøm,2000-02-29,23.5,182.0,right,Attack,Right Winger,Denmark,Denmark,22,416,0,0,6195,SSC Napoli,826,28000000.0,22000000.0,0.961,0.968,0.935,same_club
9856,Emmanuel Ekong,ITA,2023-24,Empoli,S,1,1,0,0,0,0,1,0.0,0.0,0.017,0.017,0.0,0,0,603891,Emmanuel Ekong,2002-06-25,21.19,181.0,right,Attack,Left Winger,Sweden,Italy,1,4,0,0,749,FC Empoli,17,250000.0,500000.0,0.99,1.0,0.967,same_club
9862,Sydney van Hooijdonk,ITA,2023-24,Bologna,F S,9,190,0,0,0,5,2,0.733,0.733,0.107,1.261,0.472,0,0,439292,Sydney van Hooijdonk,2000-02-06,23.57,190.0,right,Attack,Centre-Forward,Netherlands,Netherlands,9,207,0,0,1025,Bologna Football Club 1909,382,6000000.0,4000000.0,0.975,1.0,0.918,same_club
9876,Alessandro Zanoli,ITA,2023-24,"Napoli,Salernitana",D S,21,963,0,0,2,3,12,0.211,0.211,1.477,3.135,1.963,4,0,397225,Alessandro Zanoli,2000-10-03,22.91,188.0,right,Defender,Right-Back,Italy,Italy,21,969,0,2,"380,6195","US Salernitana 1919,SSC Napoli",1062,6000000.0,5000000.0,0.998,1.0,0.994,same_club
9877,Tyronne Ebuehi,ITA,2023-24,Empoli,D S,15,1093,0,0,1,5,11,0.263,0.263,0.596,2.222,1.668,0,0,309944,Tyronne Ebuehi,1995-12-16,27.71,187.0,right,Defender,Right-Back,Nigeria,Netherlands,15,1097,0,1,749,FC Empoli,1155,2500000.0,2000000.0,0.999,1.0,0.996,same_club
9892,Matias Viña,ITA,2023-24,Sassuolo,D S,15,1047,0,0,3,8,16,0.359,0.359,1.341,3.482,2.483,1,0,439072,Matías Viña,1997-11-09,25.81,180.0,left,Defender,Left-Back,Uruguay,Uruguay,15,1020,0,3,6574,US Sassuolo,1116,8000000.0,8000000.0,0.992,1.0,0.974,same_club
9893,Youssef Maleh,ITA,2023-24,Empoli,M S,34,2639,0,0,1,18,34,0.927,0.927,2.161,6.282,3.827,11,0,324377,Youssef Maleh,1998-08-22,25.03,179.0,left,Midfield,Central Midfield,Morocco,Italy,34,2610,0,1,749,FC Empoli,2610,4500000.0,4500000.0,0.997,1.0,0.989,same_club
9902,Pasquale Mazzocchi,ITA,2023-24,"Napoli,Salernitana",D S,28,1730,0,0,2,13,17,0.339,0.339,1.428,3.657,2.875,4,1,250153,Pasquale Mazzocchi,1995-07-27,28.1,183.0,right,Defender,Right-Back,Italy,Italy,28,1704,0,2,"380,6195","US Salernitana 1919,SSC Napoli",1872,4800000.0,3000000.0,0.995,1.0,0.985,same_club
9905,David Okereke,ITA,2023-24,Torino,F M S,9,238,0,0,0,8,2,0.363,0.363,0.101,1.143,0.782,0,0,413605,David Okereke,1997-08-29,26.01,181.0,right,Attack,Centre-Forward,Nigeria,Nigeria,9,248,0,0,416,Torino FC,359,4000000.0,2400000.0,0.988,1.0,0.96,same_club
9924,Fabiano Parisi,ITA,2023-24,Fiorentina,D S,21,1451,0,0,1,12,16,1.101,1.101,2.193,9.432,7.189,4,0,547985,Fabiano Parisi,2000-11-09,22.81,178.0,left,Defender,Left-Back,Italy,Italy,21,1451,0,1,430,ACF Fiorentina,1660,10000000.0,9500000.0,1.0,1.0,1.0,same_club
9952,Ridgeciano Haps,ITA,2023-24,Genoa,D M S,16,767,0,0,1,4,3,0.096,0.096,0.894,1.006,0.638,0,0,228444,Ridgeciano Haps,1993-06-12,30.22,175.0,left,Defender,Left-Back,Suriname,Netherlands,16,770,0,2,252,Genoa CFC,919,1000000.0,900000.0,0.999,1.0,0.996,same_club
9964,Koni de Winter,ITA,2023-24,Genoa,D S,29,2383,0,0,1,11,5,0.545,0.545,0.903,3.991,3.682,6,1,490384,Koni De Winter,2002-06-12,21.22,191.0,right,Defender,Centre-Back,Belgium,Belgium,29,2380,0,1,252,Genoa CFC,2521,4000000.0,12000000.0,1.0,1.0,0.999,same_club
9982,David Zima,ITA,2023-24,Torino,S,5,81,0,0,0,0,0,0.0,0.0,0.0,0.336,0.336,0,0,544149,David Zima,2000-11-08,22.81,190.0,right,Defender,Centre-Back,Czech Republic,Czech Republic,5,87,0,0,416,Torino FC,387,5000000.0,4000000.0,0.98,1.0,0.933,same_club
9983,Beto,ITA,2023-24,Udinese,F,1,81,0,0,0,0,6,0.0,0.0,0.178,0.178,0.033,0,0,595809,Beto,1998-01-31,25.58,194.0,right,Attack,Centre-Forward,Guinea-Bissau,Portugal,1,75,0,0,410,Udinese Calcio,1283,25000000.0,20000000.0,0.986,1.0,0.954,same_club
9983,Beto,ITA,2023-24,Udinese,F,1,81,0,0,0,0,6,0.0,0.0,0.178,0.178,0.033,0,0,595809,Beto,1998-01-31,25.58,194.0,right,Attack,Centre-Forward,Guinea-Bissau,Portugal,1,75,0,0,410,Udinese Calcio,1283,25000000.0,20000000.0,0.98,1.0,0.933,same_club
9992,Oliver Christensen,ITA,2023-24,Fiorentina,GK,4,360,0,0,0,0,0,0.0,0.0,0.0,1.405,1.405,0,0,471936,Oliver Christensen,1999-03-22,24.45,190.0,right,Goalkeeper,Goalkeeper,Denmark,Denmark,4,360,0,0,430,ACF Fiorentina,600,4000000.0,3000000.0,1.0,1.0,1.0,same_club
10034,Pablo Galdames,ITA,2023-24,Genoa,S,2,8,0,0,0,1,0,0.026,0.026,0.0,0.495,0.469,0,0,313830,Pablo Galdames,1996-12-30,26.67,176.0,right,Midfield,Central Midfield,Chile,Chile,2,9,0,0,252,Genoa CFC,196,2300000.0,1500000.0,0.997,1.0,0.989,same_club
10039,Nicola Bagnolini,ITA,2023-24,Bologna,S,1,2,0,0,0,0,0,0.0,0.0,0.0,0.0,0.0,0,0,818892,Nicola Bagnolini,2004-03-14,19.47,194.0,right,Goalkeeper,Goalkeeper,Italy,Italy,1,4,0,0,1025,Bologna Football Club 1909,4,200000.0,200000.0,0.993,1.0,0.978,same_club
10073,Adam Obert,ITA,2023-24,Cagliari,D S,17,929,0,0,0,3,6,0.126,0.126,0.85,3.203,2.463,1,0,568333,Adam Obert,2002-08-23,21.02,188.0,left,Defender,Left-Back,Slovakia,Slovakia,17,940,0,0,1390,Cagliari Calcio,1224,1800000.0,3500000.0,0.996,1.0,0.988,same_club
10076,Filippo Missori,ITA,2023-24,Sassuolo,D S,8,254,0,0,0,4,2,0.237,0.237,0.045,0.547,0.299,0,0,650993,Filippo Missori,2004-03-24,19.44,182.0,right,Defender,Right-Back,Italy,Italy,8,262,0,0,6574,US Sassuolo,496,800000.0,1500000.0,0.991,1.0,0.969,same_club
10232,Ruan,ITA,2023-24,Sassuolo,D S,26,1513,0,0,0,7,4,0.557,0.557,0.652,2.383,2.134,5,1,555015,Ruan,1999-06-07,24.24,187.0,right,Defender,Centre-Back,Brazil,Brazil,26,1514,0,1,6574,US Sassuolo,1779,4500000.0,2500000.0,1.0,1.0,0.999,same_club
10233,Justin Kumi,ITA,2023-24,Sassuolo,S,1,1,0,0,0,0,0,0.0,0.0,0.0,0.0,0.0,0,0,808559,Justin Kumi,2004-07-16,19.13,,right,Midfield,Central Midfield,Italy,Italy,1,3,0,0,6574,US Sassuolo,3,300000.0,800000.0,0.993,1.0,0.978,same_club
10236,Silvan Hefti,ITA,2023-24,Genoa,D S,6,104,0,0,0,0,0,0.0,0.0,0.0,0.0,0.0,0,0,237666,Silvan Hefti,1997-10-25,25.85,183.0,right,Defender,Right-Back,Switzerland,Switzerland,6,110,0,0,252,Genoa CFC,1003,3400000.0,2500000.0,0.999,1.0,0.997,same_club
10236,Silvan Hefti,ITA,2023-24,Genoa,D S,6,104,0,0,0,0,0,0.0,0.0,0.0,0.0,0.0,0,0,237666,Silvan Hefti,1997-10-25,25.85,183.0,right,Defender,Right-Back,Switzerland,Switzerland,6,110,0,0,252,Genoa CFC,1003,3400000.0,2500000.0,0.984,1.0,0.945,same_club
10238,Lapo Francesco Maria Nava,ITA,2023-24,AC Milan,S,1,1,0,0,0,0,0,0.0,0.0,0.0,0.0,0.0,0,0,815563,Lapo Nava,2004-01-22,19.61,197.0,right,Goalkeeper,Goalkeeper,Italy,Italy,1,2,0,0,5,AC Milan,2,150000.0,150000.0,0.967,0.95,0.989,same_club
10268,Giorgio Cittadini,ITA,2023-24,"Genoa,Monza",D S,6,117,0,0,0,0,0,0.0,0.0,0.0,0.083,0.083,1,0,616628,Giorgio Cittadini,2002-04-18,21.37,193.0,right,Defender,Centre-Back,Italy,Italy,6,118,0,0,"252,2919","Genoa CFC,AC Monza",118,3000000.0,2400000.0,0.997,1.0,0.992,same_club
10301,Jens Cajuste,ITA,2023-24,Napoli,M S,26,986,0,0,2,16,15,1.443,1.443,1.337,6.839,4.323,7,0,468066,Jens Cajuste,1999-08-10,24.06,188.0,right,Midfield,Defensive Midfield,Sweden,Sweden,26,1010,0,2,6195,SSC Napoli,1474,6000000.0,10000000.0,0.993,1.0,0.976,same_club
10383,Michel Aebischer,ITA,2023-24,Bologna,M S,36,2232,0,0,1,17,17,0.975,0.975,1.528,7.669,6.009,8,0,237658,Michel Aebischer,1997-01-06,26.65,183.0,right,Midfield,Central Midfield,Switzerland,Switzerland,36,2233,0,1,1025,Bologna Football Club 1909,2594,4000000.0,9000000.0,1.0,1.0,1.0,same_club
10385,Liberato Cacace,ITA,2023-24,Empoli,D S,31,1914,0,0,1,13,21,0.46,0.46,1.865,5.031,4.169,6,0,469211,Liberato Cacace,2000-09-27,22.93,182.0,left,Defender,Left-Back,New Zealand,New Zealand,31,1910,0,1,749,FC Empoli,1978,2000000.0,2000000.0,0.999,1.0,0.998,same_club
10393,Emil Ceïde,ITA,2023-24,Sassuolo,S,11,141,0,0,0,2,4,0.14,0.14,0.205,0.408,0.102,0,0,508371,Emil Konradsen Ceide,2001-09-03,21.99,185.0,right,Attack,Left Winger,Norway,Norway,11,166,0,0,6574,US Sassuolo,345,2500000.0,2000000.0,0.925,0.95,0.849,same_club
10396,Demba Seck,ITA,2023-24,"Frosinone,Torino",F M S,20,716,0,0,0,16,5,1.484,1.484,0.744,2.756,0.716,1,0,551752,Demba Seck,2001-02-10,22.55,190.0,left,Attack,Right Winger,Senegal,Senegal,20,719,0,0,"416,8970","Torino FC,Frosinone Calcio",749,2700000.0,2000000.0,0.999,1.0,0.996,same_club
10413,Giovanni Bonfanti,ITA,2023-24,Atalanta,D S,2,86,0,0,0,1,0,0.05,0.05,0.0,0.618,0.618,0,0,663900,Giovanni Bonfanti,2003-01-17,20.62,187.0,left,Defender,Centre-Back,Italy,Italy,2,89,0,0,800,Atalanta BC,179,100000.0,1000000.0,0.99,1.0,0.967,same_club
10577,Mario Gila,ITA,2023-24,Lazio,D,21,1822,0,0,0,8,7,0.428,0.428,0.646,6.568,6.383,2,1,618341,Mario Gila,2000-08-29,23.01,185.0,right,Defender,Centre-Back,Spain,Spain,21,1813,0,0,398,Società Sportiva Lazio S.p.A.,2469,3000000.0,13000000.0,0.999,1.0,0.995,same_club
10596,Simone Pafundi,ITA,2023-24,Udinese,S,1,3,0,0,0,0,0,0.0,0.0,0.0,0.0,0.0,0,0,876400,Simone Pafundi,2006-03-14,17.47,166.0,left,Midfield,Attacking Midfield,Italy,Italy,1,7,0,0,410,Udinese Calcio,60,8000000.0,10000000.0,0.987,1.0,0.956,same_club
10764,Djed Spence,ITA,2023-24,Genoa,D M S,16,836,0,0,0,2,6,0.089,0.089,0.237,0.668,0.455,1,0,483348,Djed Spence,2000-08-09,23.06,184.0,right,Defender,Left-Back,England,England,16,853,0,0,252,Genoa CFC,853,10000000.0,8000000.0,0.994,1.0,0.98,same_club
10781,Mateusz Wieteska,ITA,2023-24,Cagliari,D S,19,954,0,0,1,4,4,0.273,0.273,0.576,1.584,1.299,3,1,208172,Mateusz Wieteska,1997-02-11,26.55,187.0,right,Defender,Centre-Back,Poland,Poland,19,959,0,2,1390,Cagliari Calcio,1344,3000000.0,3000000.0,0.992,1.0,0.972,same_club
10781,Mateusz Wieteska,ITA,2023-24,Cagliari,D S,19,954,0,0,1,4,4,0.273,0.273,0.576,1.584,1.299,3,1,208172,Mateusz Wieteska,1997-02-11,26.55,187.0,right,Defender,Centre-Back,Poland,Poland,19,959,0,2,1390,Cagliari Calcio,1344,3000000.0,3000000.0,0.998,1.0,0.995,same_club
10879,Festy Ebosele,ITA,2023-24,Udinese,D S,31,1732,0,0,0,16,16,0.811,0.811,1.562,4.619,2.364,4,1,586756,Festy Ebosele,2002-08-02,21.08,180.0,right,Defender,Right-Back,Ireland,Ireland,31,1706,0,1,410,Udinese Calcio,1773,3500000.0,6000000.0,0.995,1.0,0.985,same_club
10880,Axel Guessand,ITA,2023-24,Udinese,S,1,38,0,0,0,1,0,0.012,0.012,0.0,0.378,0.378,0,0,925584,Axel Guessand,2004-11-06,18.82,192.0,left,Defender,Centre-Back,France,France,1,45,0,0,410,Udinese Calcio,205,250000.0,500000.0,0.977,1.0,0.922,same_club
10890,Michele Di Gregorio,ITA,2023-24,Monza,GK,33,2872,0,0,0,0,0,0.0,0.0,0.0,5.726,5.726,0,0,301238,Michele Di Gregorio,1997-07-27,26.1,187.0,right,Goalkeeper,Goalkeeper,Italy,Italy,33,2874,0,0,2919,AC Monza,2964,8000000.0,18000000.0,1.0,1.0,0.999,same_club
10891,Carlos Augusto,ITA,2023-24,Inter,D S,37,1659,0,0,3,22,19,1.103,1.103,3.164,12.28,9.813,1,0,585982,Carlos Augusto,1999-01-07,24.65,184.0,left,Defender,Left-Back,Brazil,Brazil,37,1704,0,3,46,Inter Milan,2326,15000000.0,22000000.0,0.992,1.0,0.974,same_club
10892,Samuele Birindelli,ITA,2023-24,Monza,D S,35,2006,0,0,2,25,23,1.205,1.205,2.663,9.275,6.305,7,0,461019,Samuele Birindelli,1999-07-19,24.12,176.0,right,Defender,Right-Back,Italy,Italy,35,2016,0,2,2919,AC Monza,2016,2300000.0,3500000.0,0.999,1.0,0.995,same_club
10894,Patrick Ciurria,ITA,2023-24,Monza,D F M S,22,1606,0,0,1,28,31,1.475,1.475,3.146,7.06,3.734,2,0,255838,Patrick Ciurria,1995-02-09,28.56,178.0,both,Midfield,Right Midfield,Italy,Italy,22,1602,0,2,2919,AC Monza,1692,5000000.0,4000000.0,0.999,1.0,0.998,same_club
10896,Alessandro Sorrentino,ITA,2023-24,Monza,GK S,7,548,0,0,0,0,0,0.0,0.0,0.0,0.565,0.565,0,0,542588,Alessandro Sorrentino,2002-04-03,21.41,190.0,right,Goalkeeper,Goalkeeper,Italy,Italy,7,546,0,0,2919,AC Monza,546,500000.0,800000.0,0.999,1.0,0.996,same_club
10902,Federico Baschirotto,ITA,2023-24,Lecce,D,37,3298,0,0,1,18,2,2.309,2.309,0.557,5.681,5.65,3,1,351955,Federico Baschirotto,1996-09-20,26.95,187.0,right,Defender,Centre-Back,Italy,Italy,37,3295,0,1,1005,US Lecce,3430,8000000.0,6000000.0,1.0,1.0,0.999,same_club
10907,Marcin Listkowski,ITA,2023-24,Lecce,S,1,7,0,0,0,1,0,0.012,0.012,0.0,0.0,0.0,0,0,291276,Marcin Listkowski,1998-02-10,25.56,178.0,both,Midfield,Attacking Midfield,Poland,Poland,1,7,0,0,1005,US Lecce,7,300000.0,200000.0,1.0,1.0,1.0,same_club
10908,Medon Berisha,ITA,2023-24,Lecce,M S,6,196,0,0,0,2,5,0.126,0.126,0.325,0.706,0.435,0,0,583046,Medon Berisha,2003-10-21,19.86,186.0,right,Midfield,Central Midfield,Albania,Switzerland,6,204,0,0,1005,US Lecce,294,500000.0,1000000.0,0.988,1.0,0.961,same_club
10935,Dodô,ITA,2023-24,Fiorentina,D S,9,522,0,0,0,2,10,0.084,0.084,0.705,1.838,1.268,0,0,401529,Dodô,1998-11-17,24.79,166.0,right,Defender,Right-Back,Brazil,Brazil,9,524,0,0,430,ACF Fiorentina,787,20000000.0,17000000.0,0.999,1.0,0.996,same_club
10963,Erik Botheim,ITA,2023-24,Salernitana,F M S,7,317,0,0,0,1,0,0.033,0.033,0.0,0.188,0.155,1,0,418559,Erik Botheim,2000-01-10,23.64,187.0,right,Attack,Centre-Forward,Norway,Norway,7,317,0,0,380,US Salernitana 1919,526,3500000.0,3500000.0,1.0,1.0,1.0,same_club
10967,Mile Svilar,ITA,2023-24,Roma,GK,15,1350,0,0,0,0,1,0.0,0.0,0.04,1.633,1.633,1,0,338670,Mile Svilar,1999-08-27,24.01,189.0,right,Goalkeeper,Goalkeeper,Serbia,Belgium,15,1350,0,0,12,Associazione Sportiva Roma,2730,1500000.0,9000000.0,1.0,1.0,1.0,same_club
11022,Simone Perilli,ITA,2023-24,Verona,GK,1,90,0,0,0,0,0,0.0,0.0,0.0,0.016,0.016,0,0,240675,Simone Perilli,1995-01-07,28.65,196.0,right,Goalkeeper,Goalkeeper,Italy,Italy,1,90,0,0,276,Hellas Verona,180,200000.0,200000.0,1.0,1.0,1.0,same_club
11023,Josh Doig,ITA,2023-24,"Sassuolo,Verona",D M S,28,2205,0,0,2,13,19,0.591,0.591,1.293,4.78,3.459,7,0,567129,Josh Doig,2002-05-18,21.29,189.0,left,Defender,Left-Back,Scotland,Scotland,28,2185,0,2,"276,6574","Hellas Verona,US Sassuolo",2285,8000000.0,6000000.0,0.997,1.0,0.991,same_club
11027,Emanuele Valeri,ITA,2023-24,Frosinone,D M S,16,1173,0,0,1,20,24,1.367,1.367,2.414,5.232,2.042,3,0,445126,Emanuele Valeri,1998-12-07,24.73,180.0,left,Defender,Left-Back,Italy,Italy,16,1178,0,2,8970,Frosinone Calcio,1178,3500000.0,2300000.0,0.999,1.0,0.996,same_club
11038,Jhon Lucumí,ITA,2023-24,Bologna,D S,29,2201,0,0,0,11,4,0.75,0.75,0.433,8.966,8.595,1,0,413565,Jhon Lucumí,1998-06-26,25.18,187.0,left,Defender,Centre-Back,Colombia,Colombia,29,2213,0,0,1025,Bologna Football Club 1909,2399,12000000.0,17000000.0,0.998,1.0,0.995,same_club
11049,Reda Belahyane,ITA,2023-24,Verona,M S,2,88,0,0,0,1,0,0.028,0.028,0.0,0.864,0.836,0,0,982855,Reda Belahyane,2004-06-01,19.25,173.0,right,Midfield,Defensive Midfield,Morocco,France,2,90,0,0,276,Hellas Verona,116,300000.0,500000.0,0.993,1.0,0.978,same_club
11049,Reda Belahyane,ITA,2023-24,Verona,M S,2,88,0,0,0,1,0,0.028,0.028,0.0,0.864,0.836,0,0,982855,Reda Belahyane,2004-06-01,19.25,173.0,right,Midfield,Defensive Midfield,Morocco,France,2,90,0,0,276,Hellas Verona,116,300000.0,500000.0,0.993,1.0,0.978,same_club
11053,Isak Hien,ITA,2023-24,"Atalanta,Verona",D S,26,1783,0,0,1,8,1,0.36,0.36,0.043,5.499,5.456,4,1,503075,Isak Hien,1999-01-13,24.63,191.0,right,Defender,Centre-Back,Sweden,Sweden,26,1794,0,1,"276,800","Hellas Verona,Atalanta BC",2622,6000000.0,20000000.0,0.998,1.0,0.994,same_club
11054,Juan Cabal,ITA,2023-24,Verona,D S,22,1498,0,0,0,12,12,0.438,0.438,0.445,4.163,3.88,6,0,686965,Juan Cabal,2001-01-08,22.64,186.0,left,Defender,Left-Back,Colombia,Colombia,22,1498,0,0,276,Hellas Verona,1498,2500000.0,3500000.0,1.0,1.0,1.0,same_club
11096,Vivaldo Semedo,ITA,2023-24,Udinese,S,1,9,0,0,0,0,0,0.0,0.0,0.0,0.0,0.0,0,0,1014243,Vivaldo Semedo,2005-01-28,18.59,192.0,left,Attack,Centre-Forward,Portugal,,1,11,0,0,410,Udinese Calcio,636,500000.0,500000.0,0.993,1.0,0.978,same_club
11140,Enzo Barrenechea,ITA,2023-24,Frosinone,M S,36,2836,0,0,1,20,25,0.504,0.504,1.489,10.444,9.522,10,0,671915,Enzo Barrenechea,2001-05-22,22.28,186.0,right,Midfield,Defensive Midfield,Argentina,Argentina,36,2817,0,1,8970,Frosinone Calcio,2979,900000.0,7500000.0,0.998,1.0,0.993,same_club
11278,Gvidas Gineitis,ITA,2023-24,Torino,M S,14,522,0,0,0,9,8,0.606,0.606,0.412,2.425,2.001,2,0,798929,Gvidas Gineitis,2004-04-15,19.38,191.0,left,Midfield,Central Midfield,Lithuania,Lithuania,14,532,0,0,416,Torino FC,652,900000.0,2000000.0,0.994,1.0,0.981,same_club
11282,Lorenzo Amatucci,ITA,2023-24,Fiorentina,S,2,14,0,0,0,1,0,0.017,0.017,0.0,0.16,0.16,0,0,707450,Lorenzo Amatucci,2004-02-05,19.57,172.0,right,Midfield,Defensive Midfield,Italy,Italy,2,20,0,0,430,ACF Fiorentina,20,700000.0,1000000.0,0.98,1.0,0.933,same_club
11289,Ola Solbakken,ITA,2023-24,Roma,S,1,16,0,0,0,0,0,0.0,0.0,0.0,0.0,0.0,0,0,431811,Ola Solbakken,1998-09-07,24.98,189.0,left,Attack,Right Winger,Norway,Norway,1,22,0,0,12,Associazione Sportiva Roma,327,3500000.0,2500000.0,0.98,1.0,0.933,same_club
11297,Carlos Alcaraz,ITA,2023-24,Juventus,M S,10,378,0,0,1,11,2,0.399,0.399,0.298,1.172,0.877,0,0,748319,Carlos Alcaraz,2002-11-30,20.75,176.0,right,Midfield,Central Midfield,Argentina,Argentina,10,377,0,1,506,Juventus FC,559,15000000.0,15000000.0,0.999,1.0,0.997,same_club
11367,Victor Kristiansen,ITA,2023-24,Bologna,D S,32,2323,0,0,3,6,23,0.256,0.256,2.373,7.188,5.701,5,0,564529,Victor Kristiansen,2002-12-16,20.71,181.0,left,Defender,Left-Back,Denmark,Denmark,32,2312,0,4,1025,Bologna Football Club 1909,2522,12000000.0,15000000.0,0.999,1.0,0.995,same_club
11413,Andrea Ferraris,ITA,2023-24,Monza,S,1,8,0,0,0,0,0,0.0,0.0,0.0,0.0,0.0,0,0,708079,Andrea Ferraris,2003-02-22,20.52,,right,Attack,Left Winger,Italy,Italy,1,9,0,0,2919,AC Monza,9,100000.0,200000.0,0.997,1.0,0.989,same_club
11418,Alphadjo Cissè,ITA,2023-24,Verona,S,1,6,0,0,0,0,0,0.0,0.0,0.0,0.0,0.0,0,0,964087,Alphadjo Cissè,2006-10-22,16.86,181.0,right,Midfield,Attacking Midfield,Italy,Italy,1,7,0,0,276,Hellas Verona,8,,1400000.0,0.997,1.0,0.989,same_club
11470,Niccolò Pisilli,ITA,2023-24,Roma,S,1,8,0,0,0,0,0,0.0,0.0,0.0,0.0,0.0,0,0,813137,Niccolò Pisilli,2004-09-23,18.94,180.0,right,Midfield,Central Midfield,Italy,Italy,1,9,0,0,12,Associazione Sportiva Roma,26,1000000.0,3500000.0,0.997,1.0,0.989,same_club
11478,Nikola Sekulov,ITA,2023-24,Juventus,S,1,10,0,0,0,0,0,0.0,0.0,0.0,0.0,0.0,0,0,542336,Nikola Sekulov,2002-02-18,21.53,185.0,right,Attack,Right Winger,Italy,Italy,1,10,0,0,506,Juventus FC,111,600000.0,800000.0,1.0,1.0,1.0,same_club
11529,Leonardo Mendicino,ITA,2023-24,Atalanta,S,1,1,0,0,0,0,0,0.0,0.0,0.0,0.0,0.0,0,0,938678,Leonardo Mendicino,2006-06-25,17.19,182.0,right,Midfield,Defensive Midfield,Italy,Italy,1,1,0,0,800,Atalanta BC,2,250000.0,800000.0,1.0,1.0,1.0,same_club
11554,Andres Sfait,ITA,2023-24,Salernitana,S,2,17,0,0,0,0,1,0.0,0.0,0.066,0.066,0.066,0,0,808224,Andres Sfait,2004-12-09,18.73,182.0,right,Attack,Left Winger,Romania,Romania,2,21,0,0,380,US Salernitana 1919,81,50000.0,500000.0,0.987,1.0,0.956,same_club
11586,Ebenezer Akinsanmiro,ITA,2023-24,Inter,S,1,12,0,0,0,0,1,0.0,0.0,0.087,0.087,0.087,0,0,969192,Ebenezer Akinsanmiro,2004-11-25,18.77,184.0,right,Midfield,Central Midfield,Nigeria,Nigeria,1,14,0,0,46,Inter Milan,14,800000.0,1800000.0,0.993,1.0,0.978,same_club
11610,Riccardo Pagano,ITA,2023-24,Roma,S,4,39,0,0,0,1,1,0.059,0.059,0.057,0.114,0.055,0,0,659415,Riccardo Pagano,2004-11-28,18.76,175.0,right,Midfield,Central Midfield,Italy,Italy,4,48,0,0,12,Associazione Sportiva Roma,117,900000.0,2500000.0,0.97,1.0,0.9,same_club
11875,Steven Shpendi,ITA,2023-24,Empoli,F S,12,401,0,0,1,7,5,0.46,0.46,0.726,1.762,0.631,0,0,931567,Stiven Shpendi,2003-05-19,20.29,181.0,right,Attack,Centre-Forward,Albania,Italy,12,407,0,0,749,FC Empoli,429,1400000.0,2000000.0,0.966,0.95,0.985,same_club
11879,Anthony Oyono,ITA,2023-24,Frosinone,D S,16,1193,0,0,1,4,10,0.242,0.242,1.117,3.032,2.335,4,0,804812,Anthony Oyono,2001-04-12,22.39,184.0,right,Defender,Right-Back,Gabon,France,16,1197,0,1,8970,Frosinone Calcio,1407,400000.0,2000000.0,0.999,1.0,0.997,same_club
11880,Francesco Gelli,ITA,2023-24,Frosinone,D F M S,27,1562,0,0,0,10,25,0.77,0.77,3.516,4.085,2.202,3,0,337811,Francesco Gelli,1996-10-15,26.88,173.0,right,Midfield,Attacking Midfield,Italy,Italy,27,1559,0,0,8970,Frosinone Calcio,1703,400000.0,1000000.0,0.999,1.0,0.998,same_club
11882,Giorgi Kvernadze,ITA,2023-24,Frosinone,S,5,45,0,0,0,0,0,0.0,0.0,0.0,0.0,0.0,0,0,412758,Giorgi Kvernadze,2003-02-07,20.56,188.0,right,Attack,Left Winger,Georgia,Georgia,5,59,0,0,8970,Frosinone Calcio,190,500000.0,800000.0,0.953,1.0,0.844,same_club
11883,Gennaro Borrelli,ITA,2023-24,Frosinone,S,1,19,0,0,0,0,0,0.0,0.0,0.0,0.0,0.0,0,0,459988,Gennaro Borrelli,2000-03-10,23.48,194.0,right,Attack,Centre-Forward,Italy,Italy,1,23,0,0,8970,Frosinone Calcio,88,500000.0,1400000.0,0.987,1.0,0.956,same_club
11884,Luigi Canotto,ITA,2023-24,Frosinone,S,1,11,0,0,0,0,0,0.0,0.0,0.0,0.0,0.0,0,0,188436,Luigi Canotto,1994-05-19,29.29,178.0,both,Attack,Right Winger,Italy,Italy,1,15,0,0,8970,Frosinone Calcio,15,900000.0,600000.0,0.987,1.0,0.956,same_club
11887,Przemyslaw Szyminski,ITA,2023-24,Frosinone,S,1,2,0,0,0,0,0,0.0,0.0,0.0,0.0,0.0,0,0,255461,Przemyslaw Szyminski,1994-06-24,29.19,185.0,right,Defender,Centre-Back,Poland,Poland,1,8,0,0,8970,Frosinone Calcio,8,800000.0,700000.0,0.98,1.0,0.933,same_club
11890,Natan,ITA,2023-24,Napoli,D S,14,963,0,0,0,6,4,0.255,0.255,0.137,4.064,3.937,1,1,735568,Natan,2001-02-06,22.57,188.0,left,Defender,Centre-Back,Brazil,Brazil,14,955,0,0,6195,SSC Napoli,1496,5500000.0,12000000.0,0.998,1.0,0.992,same_club
11897,Raffaele Di Gennaro,ITA,2023-24,Inter,S,1,21,0,0,0,0,0,0.0,0.0,0.0,0.0,0.0,0,0,70580,Raffaele Di Gennaro,1993-10-03,29.91,188.0,right,Goalkeeper,Goalkeeper,Italy,Italy,1,22,0,0,46,Inter Milan,22,350000.0,300000.0,0.997,1.0,0.989,same_club
11899,Gino Infantino,ITA,2023-24,Fiorentina,S,6,68,0,0,0,1,1,0.015,0.015,0.082,0.78,0.683,1,0,831162,Gino Infantino,2003-05-19,20.29,178.0,left,Midfield,Central Midfield,Argentina,Argentina,6,91,0,0,430,ACF Fiorentina,185,3000000.0,3000000.0,0.924,1.0,0.747,same_club
11901,Tomasso Martinelli,ITA,2023-24,Fiorentina,GK,1,90,0,0,0,0,0,0.0,0.0,0.0,0.0,0.0,0,0,934159,Tommaso Martinelli,2006-01-06,17.65,194.0,right,Goalkeeper,Goalkeeper,Italy,Italy,1,90,0,0,430,ACF Fiorentina,90,200000.0,1000000.0,0.97,0.95,1.0,same_club
11902,Pietro Comuzzo,ITA,2023-24,Fiorentina,S,4,37,0,0,0,0,0,0.0,0.0,0.0,0.444,0.444,1,0,746712,Pietro Comuzzo,2005-02-20,18.53,188.0,right,Defender,Centre-Back,Italy,Italy,4,39,0,0,430,ACF Fiorentina,46,150000.0,700000.0,0.993,1.0,0.978,same_club
11927,Samuele Mulattieri,ITA,2023-24,Sassuolo,F S,27,388,0,0,0,13,7,1.295,1.295,0.601,2.411,0.642,1,0,457422,Samuele Mulattieri,2000-10-07,22.9,183.0,right,Attack,Centre-Forward,Italy,Italy,27,443,0,1,6574,US Sassuolo,686,4500000.0,4000000.0,0.963,1.0,0.876,same_club
11928,Kevin Miranda,ITA,2023-24,Sassuolo,S,1,10,0,0,0,0,0,0.0,0.0,0.0,0.02,0.02,0,0,734898,Kevin Miranda,2003-03-10,20.48,188.0,right,Defender,Centre-Back,Italy,Italy,1,13,0,0,6574,US Sassuolo,13,125000.0,350000.0,0.99,1.0,0.967,same_club
11929,Luca Lipani,ITA,2023-24,Sassuolo,M S,8,392,0,0,0,3,3,0.18,0.18,0.208,0.447,0.259,0,0,724106,Luca Lipani,2005-05-18,18.29,185.0,right,Midfield,Defensive Midfield,Italy,Italy,8,386,0,0,6574,US Sassuolo,500,400000.0,4000000.0,0.995,1.0,0.985,same_club
11932,Mateusz Legowski,ITA,2023-24,Salernitana,M S,29,1099,0,0,0,7,7,0.303,0.303,0.265,1.693,1.335,3,0,570466,Mateusz Legowski,2003-01-29,20.59,181.0,right,Midfield,Defensive Midfield,Poland,Poland,29,1132,0,0,380,US Salernitana 1919,1417,1800000.0,3000000.0,0.991,1.0,0.971,same_club
11937,João Ferreira,ITA,2023-24,Udinese,D S,35,1788,0,0,1,3,13,0.153,0.153,1.015,4.543,4.268,10,0,481623,João Ferreira,2001-03-22,22.44,185.0,right,Defender,Right-Back,Portugal,Portugal,35,1812,0,1,410,Udinese Calcio,1955,400000.0,2000000.0,0.996,1.0,0.987,same_club
11946,Mohamed Kaba,ITA,2023-24,Lecce,M S,23,1375,0,0,0,14,13,1.487,1.487,0.827,5.888,3.675,2,1,911328,Mohamed Kaba,2001-10-27,21.85,185.0,right,Midfield,Central Midfield,Guinea,France,23,1383,0,0,1005,US Lecce,1383,3000000.0,3500000.0,0.998,1.0,0.994,same_club
11947,Rares Burnete,ITA,2023-24,Lecce,S,1,6,0,0,1,0,1,0.0,0.0,0.098,0.098,0.098,0,0,731525,Rareș Burnete,2004-01-31,19.58,185.0,right,Attack,Centre-Forward,Romania,Romania,1,7,0,1,1005,US Lecce,14,700000.0,700000.0,0.997,1.0,0.989,same_club
11948,Jeppe Corfitzen,ITA,2023-24,Lecce,S,1,7,0,0,0,0,0,0.0,0.0,0.0,0.0,0.0,0,0,709985,Jeppe Corfitzen,2004-12-29,18.67,179.0,left,Attack,Right Winger,Denmark,,1,8,0,0,1005,US Lecce,25,200000.0,400000.0,0.997,1.0,0.989,same_club
11956,Paulo Azzi,ITA,2023-24,Cagliari,D M S,25,923,0,0,0,22,9,0.937,0.937,0.533,2.527,1.643,1,0,310527,Paulo Azzi,1994-07-15,29.13,188.0,right,Midfield,Left Midfield,Brazil,Brazil,25,938,0,0,1390,Cagliari Calcio,1099,1600000.0,1000000.0,0.995,1.0,0.984,same_club
11963,Tommaso Corazza,ITA,2023-24,Bologna,D S,9,178,0,0,0,1,1,0.099,0.099,0.055,0.731,0.577,1,0,818880,Tommaso Corazza,2004-06-29,19.17,174.0,right,Midfield,Left Midfield,Italy,Italy,9,187,0,0,1025,Bologna Football Club 1909,352,100000.0,1000000.0,0.986,1.0,0.952,same_club
11967,Davide Bartesaghi,ITA,2023-24,AC Milan,S,6,61,0,0,0,0,0,0.0,0.0,0.0,0.157,0.157,0,0,887638,Davide Bartesaghi,2005-12-29,17.67,193.0,left,Defender,Left-Back,Italy,Italy,6,74,0,0,5,AC Milan,86,,1000000.0,0.957,1.0,0.856,same_club
11968,Kevin Zeroli,ITA,2023-24,AC Milan,S,3,22,0,0,0,0,0,0.0,0.0,0.0,0.0,0.0,0,0,883349,Kevin Zeroli,2005-01-11,18.64,187.0,right,Midfield,Central Midfield,Italy,Italy,3,25,0,0,5,AC Milan,35,,2000000.0,0.99,1.0,0.967,same_club
11990,Mateus Lusuardi,ITA,2023-24,Frosinone,D S,4,230,0,0,0,1,0,0.047,0.047,0.0,0.272,0.272,1,0,1159022,Mateus Lusuardi,2004-01-08,19.65,190.0,left,Defender,Centre-Back,Brazil,Brazil,4,220,0,0,8970,Frosinone Calcio,396,50000.0,300000.0,0.987,1.0,0.957,same_club
11994,Marco Pellegrino,ITA,2023-24,"AC Milan,Salernitana",D S,11,609,0,0,0,3,1,0.113,0.113,0.083,1.749,1.749,1,0,776303,Marco Pellegrino,2002-07-18,21.12,184.0,left,Defender,Centre-Back,Argentina,Argentina,11,611,0,0,"5,380","AC Milan,US Salernitana 1919",611,400000.0,3500000.0,0.999,1.0,0.997,same_club
12006,Jesper Karlsson,ITA,2023-24,Bologna,M S,7,344,0,0,0,6,5,0.477,0.477,0.15,0.636,0.144,0,0,367992,Jesper Karlsson,1998-07-25,25.1,179.0,right,Attack,Left Winger,Sweden,Sweden,7,345,0,0,1025,Bologna Football Club 1909,485,18000000.0,8000000.0,0.999,1.0,0.997,same_club
12011,Seydou Fini,ITA,2023-24,Genoa,S,3,31,0,0,0,2,0,0.139,0.139,0.0,0.561,0.444,0,0,866250,Seydou Fini,2006-06-02,17.25,178.0,left,Attack,Right Winger,Italy,Cote d'Ivoire,3,32,0,0,252,Genoa CFC,80,,1000000.0,0.997,1.0,0.989,same_club
12012,Marcus Pedersen,ITA,2023-24,Sassuolo,D S,28,1580,0,0,2,3,10,0.15,0.15,1.442,3.236,2.297,4,0,583404,Marcus Pedersen,2000-07-16,23.13,184.0,right,Defender,Right-Back,Norway,Norway,28,1606,0,2,6574,US Sassuolo,1823,7000000.0,5500000.0,0.995,1.0,0.984,same_club
12040,Thomas Thiesson Kristensen,ITA,2023-24,Udinese,D S,26,2100,0,0,1,10,4,1.321,1.321,0.3,3.721,3.51,2,1,698259,Thomas Kristensen,2002-01-17,21.62,198.0,right,Defender,Centre-Back,Denmark,Denmark,26,2098,0,1,410,Udinese Calcio,2805,700000.0,4500000.0,0.97,0.95,0.999,same_club
12043,Christos Mandas,ITA,2023-24,Lazio,GK S,9,721,0,0,0,0,0,0.0,0.0,0.0,0.514,0.514,0,0,481675,Christos Mandas,2001-09-17,21.95,189.0,right,Goalkeeper,Goalkeeper,Greece,Greece,9,721,0,0,398,Società Sportiva Lazio S.p.A.,1171,1000000.0,3000000.0,1.0,1.0,1.0,same_club
12055,Berkan Kutlu,ITA,2023-24,Genoa,S,6,182,0,0,0,4,5,0.219,0.219,0.219,0.46,0.096,0,0,469787,Berkan Kutlu,1998-01-25,25.6,186.0,left,Midfield,Central Midfield,Türkiye,Switzerland,6,193,0,0,252,Genoa CFC,1746,4000000.0,3800000.0,0.983,1.0,0.943,same_club
12061,Ahmed Touba,ITA,2023-24,Lecce,D S,6,272,0,0,0,1,0,0.041,0.041,0.0,0.536,0.536,1,0,325924,Ahmed Touba,1998-03-13,25.47,190.0,left,Defender,Centre-Back,Algeria,France,6,275,0,0,1005,US Lecce,422,3300000.0,1600000.0,0.997,1.0,0.989,same_club
12078,Alan Matturro,ITA,2023-24,Genoa,D S,6,101,0,0,0,1,0,0.048,0.048,0.0,0.291,0.291,0,0,861981,Alan Matturro,2004-10-11,18.89,189.0,left,Defender,Centre-Back,Uruguay,Uruguay,6,103,0,0,252,Genoa CFC,284,2500000.0,4000000.0,0.994,1.0,0.981,same_club
12083,Pantelis Hatzidiakos,ITA,2023-24,Cagliari,D,13,890,0,0,0,4,1,0.264,0.264,0.019,1.275,1.244,1,0,144244,Pantelis Hatzidiakos,1997-01-18,26.62,185.0,right,Defender,Centre-Back,Greece,Greece,13,863,0,0,1390,Cagliari Calcio,1643,4000000.0,2500000.0,0.991,1.0,0.97,same_club
12096,Juan Manuel Cruz,ITA,2023-24,Verona,F S,4,100,0,0,0,1,1,0.024,0.024,0.24,0.264,0.0,0,0,748316,Juan Manuel Cruz,1999-07-19,24.12,185.0,right,Attack,Centre-Forward,Argentina,Argentina,4,107,0,0,276,Hellas Verona,174,450000.0,450000.0,0.98,1.0,0.935,same_club
12097,Charlys,ITA,2023-24,Verona,S,2,23,0,0,0,0,2,0.0,0.0,0.038,0.107,0.09,0,0,1082519,Charlys,2004-02-19,19.53,188.0,right,Midfield,Defensive Midfield,Brazil,Brazil,2,24,0,0,276,Hellas Verona,34,,100000.0,0.997,1.0,0.989,same_club
12106,Antonio Tikvic,ITA,2023-24,Udinese,S,1,1,0,0,0,0,0,0.0,0.0,0.0,0.0,0.0,0,0,797791,Antonio Tikvic,2004-04-21,19.36,198.0,left,Defender,Centre-Back,Croatia,Germany,1,1,0,0,410,Udinese Calcio,121,150000.0,700000.0,1.0,1.0,1.0,same_club
12112,Trivante Stewart,ITA,2023-24,Salernitana,S,4,93,0,0,0,2,1,0.071,0.071,0.028,0.202,0.103,0,0,880054,Trivante Stewart,2000-03-22,23.44,192.0,right,Attack,Centre-Forward,Jamaica,Jamaica,4,96,0,0,380,US Salernitana 1919,141,,150000.0,0.991,1.0,0.969,same_club
12113,Jackson Tchatchoua,ITA,2023-24,Verona,D S,26,1713,0,0,2,0,15,0.0,0.0,1.477,4.331,3.095,2,0,848509,Jackson Tchatchoua,2001-09-14,21.96,180.0,right,Defender,Right-Back,Cameroon,Belgium,26,1725,0,2,276,Hellas Verona,1815,2000000.0,3000000.0,0.998,1.0,0.993,same_club
12124,Alessandro Vogliacco,ITA,2023-24,Genoa,D S,20,1183,0,0,1,5,13,0.221,0.221,0.477,2.252,1.788,4,0,330208,Alessandro Vogliacco,1998-09-14,24.96,186.0,right,Defender,Centre-Back,Italy,Italy,20,1173,0,2,252,Genoa CFC,1422,2000000.0,2000000.0,0.997,1.0,0.992,same_club
12129,João Costa,ITA,2023-24,Roma,S,3,6,0,0,0,0,1,0.0,0.0,0.017,0.107,0.09,1,0,936536,João Costa,2005-03-28,18.43,178.0,left,Attack,Right Winger,Portugal,Brazil,3,11,0,0,12,Associazione Sportiva Roma,18,,1000000.0,0.983,1.0,0.944,same_club
12168,Alejandro Jiménez,ITA,2023-24,AC Milan,S,3,64,0,0,0,0,1,0.0,0.0,0.097,0.177,0.177,1,0,741257,Álex Jiménez,2005-05-08,18.32,177.0,right,Defender,Right-Back,Spain,Spain,3,65,0,0,5,AC Milan,207,100000.0,4000000.0,0.967,0.95,0.989,same_club
12170,Joseph Nonge,ITA,2023-24,Juventus,S,2,22,0,0,0,0,0,0.0,0.0,0.0,0.058,0.058,1,0,748807,Joseph Nonge,2005-05-15,18.3,184.0,left,Midfield,Central Midfield,Belgium,Belgium,2,23,0,0,506,Juventus FC,49,150000.0,3000000.0,0.997,1.0,0.989,same_club
12218,Francesco Camarda,ITA,2023-24,AC Milan,S,2,8,0,0,0,0,0,0.0,0.0,0.0,0.0,0.0,0,0,1058368,Francesco Camarda,2008-03-10,15.48,189.0,right,Attack,Centre-Forward,Italy,Italy,2,12,0,0,5,AC Milan,12,,10000000.0,0.987,1.0,0.956,same_club
12221,Christos Papadopoulos,ITA,2023-24,Genoa,S,1,2,0,0,0,0,0,0.0,0.0,0.0,0.0,0.0,0,0,940135,Christos Papadopoulos,2004-11-01,18.83,188.0,left,Midfield,Attacking Midfield,Greece,Greece,1,3,0,0,252,Genoa CFC,3,25000.0,800000.0,0.997,1.0,0.989,same_club
12303,Farès Ghedjemis,ITA,2023-24,Frosinone,F S,6,159,0,0,0,3,2,0.244,0.244,0.119,2.241,1.878,1,0,888738,Farès Ghedjemis,2002-09-06,20.99,183.0,left,Attack,Right Winger,France,France,6,180,0,0,8970,Frosinone Calcio,180,,600000.0,0.965,1.0,0.883,same_club
12319,Andrea Sodero,ITA,2023-24,Empoli,S,1,2,0,0,0,0,0,0.0,0.0,0.0,0.0,0.0,0,0,814453,Andrea Sodero,2004-08-07,19.07,,left,Midfield,Attacking Midfield,Italy,Italy,1,4,0,0,749,FC Empoli,4,25000.0,300000.0,0.993,1.0,0.978,same_club
12320,Giacomo Corona,ITA,2023-24,Empoli,S,1,2,0,0,0,0,0,0.0,0.0,0.0,0.012,0.012,0,0,909894,Giacomo Corona,2004-02-24,19.52,195.0,right,Attack,Centre-Forward,Italy,Italy,1,4,0,0,749,FC Empoli,4,25000.0,400000.0,0.993,1.0,0.978,same_club
12342,Brenner,ITA,2023-24,Udinese,F M S,8,190,0,0,0,4,2,0.544,0.544,0.031,0.528,0.076,0,0,412366,Brenner,2000-01-16,23.62,175.0,right,Attack,Centre-Forward,Brazil,Brazil,8,185,0,0,410,Udinese Calcio,185,8000000.0,7000000.0,0.992,1.0,0.974,same_club
12362,Santiago Pierotti,ITA,2023-24,Lecce,S,11,175,0,0,2,7,2,0.327,0.327,0.885,1.407,0.29,0,0,674806,Santiago Pierotti,2001-04-03,22.41,189.0,right,Attack,Right Winger,Argentina,Argentina,11,190,0,2,1005,US Lecce,190,2500000.0,2500000.0,0.976,1.0,0.921,same_club
12379,Elayis Tavsan,ITA,2023-24,Verona,S,3,39,0,0,0,3,0,0.102,0.102,0.0,0.102,0.0,0,0,462086,Elayis Tavsan,2001-04-30,22.34,183.0,left,Attack,Right Winger,Türkiye,Netherlands,3,47,0,0,276,Hellas Verona,521,1400000.0,1000000.0,0.973,1.0,0.911,same_club
12380,Dani Silva,ITA,2023-24,Verona,M S,14,415,0,0,0,3,3,0.061,0.061,0.305,1.509,1.425,2,0,372445,Dani Silva,2000-04-11,23.39,180.0,right,Midfield,Central Midfield,Portugal,Portugal,14,439,0,0,276,Hellas Verona,1440,2000000.0,2000000.0,0.984,1.0,0.945,same_club
12415,Triantafyllos Pasalidis,ITA,2023-24,Salernitana,D S,8,453,0,0,0,0,2,0.0,0.0,0.032,0.368,0.368,3,0,470422,Triantafyllos Pasalidis,1996-07-19,27.12,185.0,right,Defender,Centre-Back,Greece,Greece,8,451,0,0,380,US Salernitana 1919,1418,500000.0,500000.0,0.999,1.0,0.996,same_club
12439,Stefan Mitrovic,ITA,2023-24,Verona,M S,10,377,0,0,0,7,3,0.408,0.408,0.067,0.598,0.212,0,0,726526,Stefan Mitrović,2002-08-15,21.05,182.0,right,Attack,Left Winger,Serbia,Yugoslavia (Republic),10,388,0,0,276,Hellas Verona,601,3500000.0,1800000.0,0.991,1.0,0.972,same_club
12440,David Ankeye,ITA,2023-24,Genoa,S,6,48,0,0,0,0,0,0.0,0.0,0.0,0.029,0.029,0,0,881610,David Ankeye,2002-05-22,21.28,191.0,right,Attack,Centre-Forward,Nigeria,Nigeria,6,52,0,0,252,Genoa CFC,677,250000.0,2000000.0,0.987,1.0,0.956,same_club
12443,Leonardo Cerri,ITA,2023-24,Juventus,S,1,4,0,0,0,0,0,0.0,0.0,0.0,0.0,0.0,0,0,672830,Leonardo Cerri,2003-03-04,20.5,198.0,both,Attack,Centre-Forward,Italy,Italy,1,6,0,0,506,Juventus FC,6,200000.0,800000.0,0.993,1.0,0.978,same_club
12597,Alessandro Dellavalle,ITA,2023-24,Torino,S,1,13,0,0,0,0,0,0.0,0.0,0.0,0.055,0.055,0,0,704825,Alessandro Dellavalle,2004-05-11,19.31,189.0,right,Defender,Centre-Back,Italy,Italy,1,14,0,0,416,Torino FC,14,200000.0,800000.0,0.997,1.0,0.989,same_club
12617,Gerardo Fusco,ITA,2023-24,Salernitana,S,1,10,0,0,0,0,1,0.0,0.0,0.03,0.0,0.0,0,0,928051,Gerardo Fusco,2005-05-18,18.29,,right,Attack,Centre-Forward,Italy,Italy,1,14,0,0,380,US Salernitana 1919,14,,125000.0,0.987,1.0,0.956,same_club
3423,Kylian Mbappe-Lottin,FRA,2023-24,Paris Saint Germain,F M S,29,2144,27,21,7,120,40,21.305,15.224,6.111,27.302,9.622,4,0,342229,Kylian Mbappé,1998-12-20,24.7,180.0,right,Attack,Centre-Forward,France,France,29,2159,27,7,583,Paris Saint-Germain,3329,180000000.0,180000000.0,0.968,0.95,0.993,same_club
3277,Alexandre Lacazette,FRA,2023-24,Lyon,F S,29,2328,19,17,2,62,20,14.315,12.795,2.146,14.286,2.908,3,1,93720,Alexandre Lacazette,1991-05-28,32.26,175.0,right,Attack,Centre-Forward,France,France,29,2305,19,3,1041,Olympique Lyon,2305,14000000.0,9000000.0,0.997,1.0,0.99,same_club
8636,Jonathan Christian David,FRA,2023-24,Lille,F S,34,2662,19,17,4,79,32,20.246,17.966,3.628,23.106,5.179,4,0,533738,Jonathan David,2000-01-14,23.63,178.0,both,Attack,Centre-Forward,Canada,United States,34,2642,19,4,1082,LOSC Lille,2852,60000000.0,50000000.0,0.968,0.95,0.992,same_club
318,Pierre-Emerick Aubameyang,FRA,2023-24,Marseille,F M S,34,2651,16,12,8,116,26,22.922,19.882,5.676,26.332,4.607,4,0,58864,Pierre-Emerick Aubameyang,1989-06-18,34.2,187.0,right,Attack,Centre-Forward,Gabon,France,34,2628,17,8,244,Olympique Marseille,3825,4000000.0,5000000.0,0.964,1.0,0.991,same_club
3210,Wissam Ben Yedder,FRA,2023-24,Monaco,F S,32,2329,16,15,2,64,38,15.413,14.653,5.341,22.804,5.483,2,0,146854,Wissam Ben Yedder,1990-08-12,33.05,170.0,both,Attack,Centre-Forward,France,France,32,2322,16,2,162,AS Monaco,2322,15000000.0,8000000.0,0.999,1.0,0.997,same_club
10794,Thijs Dallinga,FRA,2023-24,Toulouse,F S,33,2526,14,13,2,84,19,15.851,13.571,1.828,14.746,2.934,6,0,538964,Thijs Dallinga,2000-08-03,23.08,190.0,right,Attack,Centre-Forward,Netherlands,Netherlands,33,2514,14,3,415,FC Toulouse,3263,12000000.0,18000000.0,0.999,1.0,0.995,same_club
8187,Georges Mikautadze,FRA,2023-24,Metz,F,20,1767,13,10,4,57,21,9.64,7.36,2.278,11.434,2.777,0,1,729814,Georges Mikautadze,2000-10-31,22.83,176.0,right,Attack,Centre-Forward,Georgia,France,20,1755,13,4,347,FC Metz,2095,10000000.0,15000000.0,0.998,1.0,0.993,same_club
8997,Terem Igobor Moffi,FRA,2023-24,Nice,F S,30,1985,11,8,2,49,22,10.773,8.493,4.157,13.665,2.87,4,0,538874,Terem Moffi,1999-05-25,24.27,188.0,left,Attack,Centre-Forward,Nigeria,Nigeria,30,1961,11,2,417,OGC Nice,1961,20000000.0,25000000.0,0.966,0.95,0.988,same_club
11767,Gonçalo Ramos,FRA,2023-24,Paris Saint Germain,F S,29,1432,11,10,1,55,16,10.042,9.282,2.327,14.445,5.904,1,0,550550,Gonçalo Ramos,2001-06-20,22.2,185.0,right,Attack,Centre-Forward,Portugal,Portugal,29,1420,11,2,583,Paris Saint-Germain,1631,50000000.0,50000000.0,0.997,1.0,0.992,same_club
8056,Arnaud Kalimuendo Muinga,FRA,2023-24,Rennes,F S,30,2185,10,8,1,61,28,9.686,8.166,2.393,13.255,3.546,6,0,585959,Arnaud Kalimuendo,2002-01-20,21.61,178.0,right,Attack,Centre-Forward,France,France,30,2155,10,4,273,Stade Rennais FC,2459,22000000.0,20000000.0,0.966,0.95,0.986,same_club
8239,Takumi Minamino,FRA,2023-24,Monaco,F M S,30,2159,10,10,6,61,34,7.045,7.045,5.27,17.907,7.168,4,0,165793,Takumi Minamino,1995-01-16,28.62,172.0,right,Attack,Left Winger,Japan,Japan,30,2127,9,6,162,AS Monaco,2127,6000000.0,20000000.0,0.962,1.0,0.985,same_club
4773,Benjamin Bourigeaud,FRA,2023-24,Rennes,D F M S,32,2467,9,2,6,51,69,9.492,4.172,6.859,14.01,7.763,2,0,266359,Benjamin Bourigeaud,1994-01-14,29.63,178.0,right,Midfield,Central Midfield,France,France,32,2437,9,6,273,Stade Rennais FC,2911,18000000.0,18000000.0,0.996,1.0,0.988,same_club
6863,Téji Savanier,FRA,2023-24,Montpellier,M,32,2802,9,2,7,82,96,9.534,4.213,8.263,13.434,7.707,8,1,127156,Téji Savanier,1991-12-22,31.69,172.0,right,Midfield,Attacking Midfield,France,France,32,2778,9,7,969,Montpellier HSC,2778,10000000.0,9000000.0,0.997,1.0,0.991,same_club
9182,Sepe Elye Wahi,FRA,2023-24,"Lens,Montpellier",F S,28,1723,9,8,3,60,17,14.084,13.324,3.177,18.523,2.332,8,1,659542,Elye Wahi,2003-01-02,20.66,181.0,right,Attack,Centre-Forward,Cote d'Ivoire,France,28,1716,9,3,"826,969","RC Lens,Montpellier HSC",2322,35000000.0,35000000.0,0.969,0.95,0.996,same_club
3721,Romain Del Castillo,FRA,2023-24,Brest,F M S,33,2557,8,5,8,39,89,5.391,3.111,10.251,17.506,9.412,4,0,353399,Romain Del Castillo,1996-03-29,27.43,172.0,left,Attack,Right Winger,France,France,33,2521,8,8,3911,Stade Brestois 29,2521,3000000.0,10000000.0,0.996,1.0,0.986,same_club
10783,Muhammed-Cham Saracevic,FRA,2023-24,Clermont Foot,F M S,33,2580,8,4,4,74,49,9.278,5.478,3.049,11.947,6.488,4,0,422281,Muhammed Cham,2000-09-26,22.93,180.0,left,Midfield,Attacking Midfield,Austria,Austria,33,2565,8,4,3524,Clermont Foot 63,2565,6000000.0,6000000.0,0.968,0.95,0.994,same_club
10831,Mostafa Mohamed,FRA,2023-24,Nantes,F S,29,2052,8,5,2,65,23,7.875,5.595,2.762,8.694,1.455,3,1,462348,Mostafa Mohamed,1997-11-28,25.76,185.0,right,Attack,Centre-Forward,Egypt,Egypt,29,2017,8,2,995,FC Nantes,2017,6000000.0,10000000.0,0.995,1.0,0.983,same_club
11783,Akor Adams,FRA,2023-24,Montpellier,F S,32,2304,8,8,1,79,18,13.716,13.716,1.971,14.545,1.309,2,0,607034,Akor Adams,2000-01-29,23.59,190.0,right,Attack,Centre-Forward,Nigeria,Nigeria,32,2264,8,1,969,Montpellier HSC,2264,4000000.0,10000000.0,0.995,1.0,0.983,same_club
11817,Emanuel Emegha,FRA,2023-24,Strasbourg,F S,28,2105,8,8,1,48,9,10.775,10.015,0.34,10.693,1.147,3,0,559328,Emmanuel Emegha,2003-02-03,20.57,196.0,right,Attack,Centre-Forward,Netherlands,Netherlands,28,2089,8,2,667,RC Strasbourg Alsace,2089,8000000.0,12000000.0,0.968,0.95,0.992,same_club
12383,Mohamed Bamba,FRA,2023-24,Lorient,F M S,16,1163,8,7,3,38,14,7.703,6.943,2.107,9.102,1.475,3,0,619461,Mohamed Bamba,2001-12-10,21.72,185.0,right,Attack,Centre-Forward,Cote d'Ivoire,Cote d'Ivoire,16,1149,8,3,1158,FC Lorient,1149,300000.0,6000000.0,0.996,1.0,0.988,same_club
3348,Florian Sotoca,FRA,2023-24,Lens,D F M S,32,2615,7,3,6,68,50,8.7,5.66,7.505,21.025,11.286,4,1,354726,Florian Sotoca,1990-10-25,32.85,187.0,right,Attack,Centre-Forward,France,France,32,2605,7,6,826,RC Lens,3283,4000000.0,3000000.0,0.999,1.0,0.996,same_club
3799,Wesley Said,FRA,2023-24,Lens,F S,27,1004,7,7,1,45,13,6.774,6.774,1.091,7.255,0.894,1,0,182916,Wesley Saïd,1995-04-19,28.37,171.0,right,Attack,Second Striker,France,France,27,1015,7,2,826,RC Lens,1102,2000000.0,4000000.0,0.997,1.0,0.989,same_club
5611,Martin Terrier,FRA,2023-24,Rennes,F M S,24,1561,7,7,3,38,16,5.485,5.485,3.058,8.32,2.023,2,1,442891,Martin Terrier,1997-03-04,26.49,184.0,right,Attack,Left Winger,France,France,24,1534,7,3,273,Stade Rennais FC,1942,30000000.0,20000000.0,0.995,1.0,0.983,same_club
6401,Amine Gouiri,FRA,2023-24,Rennes,F M S,31,2090,7,7,3,78,21,8.593,8.593,2.247,13.87,5.274,2,0,418659,Amine Gouiri,2000-02-16,23.54,180.0,right,Attack,Centre-Forward,Algeria,France,31,2077,7,3,273,Stade Rennais FC,2403,35000000.0,25000000.0,0.998,1.0,0.994,same_club
6452,Mahdi Camara,FRA,2023-24,Brest,M S,32,2071,7,6,3,42,31,5.037,4.277,3.473,10.79,4.385,7,0,324795,Mahdi Camara,1998-06-30,25.17,176.0,right,Midfield,Central Midfield,France,France,32,2038,7,4,3911,Stade Brestois 29,2038,3000000.0,10000000.0,0.995,1.0,0.984,same_club
8777,Vitinha,FRA,2023-24,Paris Saint Germain,F M S,28,2127,7,7,4,45,36,3.117,3.117,3.476,19.427,15.858,0,0,487469,Vitinha,2000-02-13,23.55,170.0,right,Midfield,Defensive Midfield,Portugal,Portugal,28,2129,7,4,583,Paris Saint-Germain,3133,42000000.0,50000000.0,1.0,1.0,0.999,same_club
9690,Folarin Balogun,FRA,2023-24,Monaco,F S,29,1712,7,7,5,66,25,12.502,10.222,3.484,14.938,3.168,1,0,503770,Folarin Balogun,2001-07-03,22.16,179.0,right,Attack,Centre-Forward,United States,United States,29,1695,7,6,162,AS Monaco,1695,30000000.0,30000000.0,0.997,1.0,0.99,same_club
10058,Maghnes Akliouche,FRA,2023-24,Monaco,F M S,28,1618,7,7,4,35,38,5.472,5.472,3.782,15.917,8.48,5,0,745200,Maghnes Akliouche,2002-02-25,21.51,183.0,left,Attack,Right Winger,France,France,28,1619,7,4,162,AS Monaco,1619,6000000.0,25000000.0,1.0,1.0,0.999,same_club
2897,Aleksandr Golovin,FRA,2023-24,Monaco,F M,25,2177,6,6,6,45,51,4.375,4.375,5.106,12.569,6.56,8,1,263918,Aleksandr Golovin,1996-05-30,27.26,178.0,right,Midfield,Attacking Midfield,Russia,Russia,25,2156,6,6,162,AS Monaco,2156,28000000.0,30000000.0,0.997,1.0,0.99,same_club
3544,Jeremie Boga,FRA,2023-24,Nice,D F M S,28,2034,6,6,6,39,34,5.111,5.111,5.039,13.021,6.126,1,0,216569,Jérémie Boga,1997-01-03,26.66,172.0,right,Attack,Left Winger,Cote d'Ivoire,France,28,2011,6,6,417,OGC Nice,2011,14000000.0,15000000.0,0.997,1.0,0.989,same_club
3800,Steve Mounie,FRA,2023-24,Brest,F S,32,1778,6,6,2,59,21,10.936,10.936,1.905,13.2,4.719,2,1,238639,Steve Mounié,1994-09-29,28.92,189.0,right,Attack,Centre-Forward,Benin,Benin,32,1772,6,2,3911,Stade Brestois 29,1772,5000000.0,6000000.0,0.999,1.0,0.997,same_club
5311,Vincent Sierro,FRA,2023-24,Toulouse,M S,30,2268,6,2,2,36,31,5.41,1.61,2.151,5.913,4.691,8,0,280387,Vincent Sierro,1995-10-08,27.9,185.0,right,Midfield,Central Midfield,Switzerland,Switzerland,30,2270,6,2,415,FC Toulouse,3066,1500000.0,4000000.0,1.0,1.0,0.999,same_club
5684,Arnaud Nordin,FRA,2023-24,Montpellier,F M S,20,1253,6,6,3,31,21,3.402,3.402,3.06,7.795,2.715,1,1,324811,Arnaud Nordin,1998-06-17,25.21,170.0,both,Attack,Right Winger,France,France,20,1251,6,4,969,Montpellier HSC,1251,7000000.0,8000000.0,1.0,1.0,0.998,same_club
5743,Randal Kolo Muani,FRA,2023-24,Paris Saint Germain,F M S,26,1261,6,6,5,22,26,6.06,6.06,2.946,11.092,3.891,1,0,487969,Randal Kolo Muani,1998-12-05,24.74,187.0,right,Attack,Centre-Forward,France,France,26,1264,6,5,583,Paris Saint-Germain,2049,80000000.0,45000000.0,0.999,1.0,0.998,same_club
5743,Randal Kolo Muani,FRA,2023-24,Paris Saint Germain,F M S,26,1261,6,6,5,22,26,6.06,6.06,2.946,11.092,3.891,1,0,487969,Randal Kolo Muani,1998-12-05,24.74,187.0,right,Attack,Centre-Forward,France,France,26,1264,6,5,583,Paris Saint-Germain,2049,80000000.0,45000000.0,0.987,1.0,0.957,same_club
8006,Evann Guessand,FRA,2023-24,Nice,F M S,34,1508,6,4,0,48,15,9.788,8.268,1.426,9.983,2.019,1,0,500689,Evann Guessand,2001-07-01,22.17,188.0,right,Attack,Right Winger,Cote d'Ivoire,France,34,1540,6,2,417,OGC Nice,1540,4500000.0,8000000.0,0.994,1.0,0.979,same_club
10100,Kamory Doumbia,FRA,2023-24,Brest,M S,25,845,6,6,5,25,12,3.516,3.516,1.03,6.355,2.294,1,0,671594,Kamory Doumbia,2003-02-18,20.53,170.0,right,Midfield,Attacking Midfield,Mali,Mali,25,869,6,5,3911,Stade Brestois 29,869,2500000.0,5000000.0,0.992,1.0,0.972,same_club
10328,Edon Zhegrova,FRA,2023-24,Lille,F M S,33,2333,6,6,6,82,47,6.624,6.624,6.066,15.321,6.366,3,1,496857,Edon Zhegrova,1999-03-31,24.42,180.0,left,Attack,Right Winger,Kosovo,Germany,33,2301,6,6,1082,LOSC Lille,2466,8000000.0,25000000.0,0.996,1.0,0.986,same_club
11754,Teddy Teuma,FRA,2023-24,Reims,M S,28,2143,6,5,3,44,43,3.221,2.461,3.953,9.892,7.326,7,0,409153,Teddy Teuma,1993-09-30,29.92,176.0,left,Midfield,Central Midfield,Malta,France,28,2124,6,3,1421,Stade Reims,2124,5000000.0,7000000.0,0.997,1.0,0.991,same_club
713,André Ayew,FRA,2023-24,Le Havre,F M S,19,1106,5,5,0,33,8,3.909,3.909,1.187,5.209,0.786,2,1,45403,André Ayew,1989-12-17,33.71,175.0,left,Attack,Centre-Forward,Ghana,France,19,1105,5,0,738,Le Havre AC,1105,1800000.0,1000000.0,1.0,1.0,0.999,same_club
3746,Gaetan Laborde,FRA,2023-24,Nice,F M S,34,1922,5,4,2,63,27,8.126,6.606,2.399,11.621,4.086,2,0,181378,Gaëtan Laborde,1994-05-03,29.33,181.0,left,Attack,Centre-Forward,France,France,34,1913,5,2,417,OGC Nice,1913,16000000.0,10000000.0,0.999,1.0,0.995,same_club
6420,Romain Faivre,FRA,2023-24,Lorient,F M S,17,1452,5,5,1,27,16,2.751,2.751,1.369,6.283,3.763,1,0,555076,Romain Faivre,1998-07-14,25.13,180.0,left,Midfield,Attacking Midfield,France,France,17,1453,5,1,1158,FC Lorient,1505,10000000.0,15000000.0,0.947,1.0,0.822,same_club
6420,Romain Faivre,FRA,2023-24,Lorient,F M S,17,1452,5,5,1,27,16,2.751,2.751,1.369,6.283,3.763,1,0,555076,Romain Faivre,1998-07-14,25.13,180.0,left,Midfield,Attacking Midfield,France,France,17,1453,5,1,1158,FC Lorient,1505,10000000.0,15000000.0,1.0,1.0,0.999,same_club
7268,Bafode Diakite,FRA,2023-24,Lille,D S,21,1695,5,5,2,16,13,2.971,2.971,1.723,5.853,5.479,4,0,463605,Bafodé Diakité,2001-01-06,22.65,184.0,right,Defender,Centre-Back,France,France,21,1696,5,2,1082,LOSC Lille,1736,10000000.0,18000000.0,1.0,1.0,0.999,same_club
7756,Yusuf Yazici,FRA,2023-24,Lille,D F M S,27,1318,5,5,2,40,18,6.34,6.34,2.655,8.72,2.336,5,0,386726,Yusuf Yazıcı,1997-01-29,26.59,183.0,left,Midfield,Attacking Midfield,Türkiye,Türkiye,27,1316,5,2,1082,LOSC Lille,1347,9000000.0,10000000.0,0.945,0.909,0.998,same_club
9490,Matthis Abline,FRA,2023-24,Nantes,F M S,22,1048,5,5,0,42,17,3.476,3.476,2.267,7.099,1.942,1,0,659543,Matthis Abline,2003-03-28,20.43,182.0,right,Attack,Centre-Forward,France,France,22,1044,5,1,995,FC Nantes,1044,4500000.0,6000000.0,0.999,1.0,0.996,same_club
9646,Mohamed Bayo,FRA,2023-24,Le Havre,F S,22,1408,5,3,1,47,13,7.345,5.825,0.623,6.416,0.438,4,0,594991,Mohamed Bayo,1998-06-04,25.24,187.0,right,Attack,Centre-Forward,Guinea,France,22,1395,5,1,738,Le Havre AC,1395,6000000.0,5000000.0,0.997,1.0,0.991,same_club
10193,Frank Magri,FRA,2023-24,Toulouse,F M S,29,1425,5,5,2,41,14,3.865,3.865,1.385,6.836,2.552,4,0,807689,Frank Magri,1999-09-04,23.99,178.0,right,Attack,Centre-Forward,Cameroon,France,29,1428,5,2,415,FC Toulouse,1644,1000000.0,3000000.0,0.999,1.0,0.998,same_club
11504,Eli Junior Kroupi,FRA,2023-24,Lorient,F M S,30,1065,5,5,3,22,11,4.236,4.236,2.085,7.327,2.478,1,0,955357,Junior Kroupi,2006-06-23,17.19,179.0,right,Attack,Centre-Forward,France,France,30,1077,5,3,1158,FC Lorient,1077,400000.0,15000000.0,0.967,0.95,0.989,same_club
11753,Oumar Diakité,FRA,2023-24,Reims,F S,28,1601,5,5,1,36,15,6.596,5.836,1.855,8.397,2.009,4,0,847279,Oumar Diakité,2003-12-20,19.7,182.0,right,Attack,Centre-Forward,Cote d'Ivoire,Cote d'Ivoire,28,1587,5,1,1421,Stade Reims,1587,1500000.0,6000000.0,0.997,1.0,0.991,same_club
11782,Mousa Al Tamari,FRA,2023-24,Montpellier,F M S,27,1969,5,5,2,47,20,4.405,4.405,3.339,9.41,2.763,0,0,551505,Mousa Tamari,1997-06-10,26.23,176.0,left,Attack,Right Winger,Jordan,Jordan,27,1940,5,4,969,Montpellier HSC,1940,2500000.0,8000000.0,0.966,0.95,0.985,same_club
11906,Emmanuel Sabbi,FRA,2023-24,Le Havre,F M S,30,1598,5,3,1,31,10,4.693,3.173,1.694,6.174,2.054,5,0,381187,Emmanuel Sabbi,1997-12-24,25.69,178.0,right,Attack,Right Winger,United States,Italy,30,1593,5,1,738,Le Havre AC,1593,600000.0,2500000.0,0.999,1.0,0.997,same_club
11907,Mohamed Daramy,FRA,2023-24,Reims,F M S,25,1674,5,4,5,32,23,6.099,5.339,2.916,9.444,3.331,0,0,574385,Mohamed Daramy,2002-01-07,21.65,180.0,right,Attack,Left Winger,Denmark,Denmark,25,1656,4,5,1421,Stade Reims,1656,6000000.0,10000000.0,0.963,1.0,0.989,same_club
2117,Marco Asensio,FRA,2023-24,Paris Saint Germain,F M S,19,1113,4,4,5,27,33,4.187,4.187,5.454,13.653,6.292,0,0,296622,Marco Asensio,1996-01-21,27.61,182.0,left,Midfield,Attacking Midfield,Spain,Spain,19,1113,4,5,583,Paris Saint-Germain,1256,25000000.0,20000000.0,1.0,1.0,1.0,same_club
2442,Kevin Gameiro,FRA,2023-24,Strasbourg,F M S,27,1347,4,2,2,29,24,3.814,2.294,3.141,6.658,2.18,0,0,27389,Kévin Gameiro,1987-05-09,36.31,172.0,right,Attack,Centre-Forward,France,France,27,1346,4,2,667,RC Strasbourg Alsace,1346,1200000.0,700000.0,1.0,1.0,0.999,same_club
3223,Benjamin André,FRA,2023-24,Lille,M S,30,2576,4,4,0,23,20,3.675,3.675,1.477,11.224,8.86,8,0,84301,Benjamin André,1990-08-03,33.08,180.0,right,Midfield,Defensive Midfield,France,France,30,2575,4,0,1082,LOSC Lille,2785,9000000.0,8000000.0,1.0,1.0,1.0,same_club
3475,Ludovic Blas,FRA,2023-24,Rennes,F M S,29,1561,4,3,1,45,20,4.78,3.26,1.949,7.356,3.027,3,0,288225,Ludovic Blas,1997-12-31,25.67,180.0,left,Midfield,Right Midfield,France,France,29,1564,4,1,273,Stade Rennais FC,1931,20000000.0,15000000.0,0.999,1.0,0.998,same_club
5197,Achraf Hakimi,FRA,2023-24,Paris Saint Germain,D S,25,1933,4,4,5,42,43,3.993,3.993,5.583,17.54,11.594,3,0,398073,Achraf Hakimi,1998-11-04,24.82,180.0,right,Defender,Right-Back,Morocco,Spain,25,1930,4,5,583,Paris Saint-Germain,3003,65000000.0,60000000.0,1.0,1.0,0.998,same_club
5619,Pierre Lees-Melou,FRA,2023-24,Brest,M,29,2530,4,4,0,52,28,2.414,2.414,3.014,14.741,10.845,10,1,377393,Pierre Lees-Melou,1993-05-25,30.27,185.0,right,Midfield,Defensive Midfield,France,France,29,2521,4,0,3911,Stade Brestois 29,2521,4000000.0,10000000.0,0.999,1.0,0.996,same_club
5624,Yunis Abdelhamid,FRA,2023-24,Reims,D,31,2785,4,3,0,22,6,3.332,2.572,0.23,8.614,7.436,5,0,199704,Yunis Abdelhamid,1987-09-28,35.93,190.0,left,Defender,Centre-Back,Morocco,France,31,2782,4,0,1421,Stade Reims,2782,700000.0,600000.0,1.0,1.0,0.999,same_club
5677,Florent Mollet,FRA,2023-24,Nantes,F M S,29,2100,4,4,4,63,38,6.727,6.727,2.383,11.437,4.163,4,0,222859,Florent Mollet,1991-11-19,31.78,175.0,right,Midfield,Attacking Midfield,France,France,29,2091,4,5,995,FC Nantes,2091,2000000.0,1800000.0,0.999,1.0,0.996,same_club
6147,Denis Zakaria,FRA,2023-24,Monaco,D M S,25,2155,4,4,0,26,11,2.243,2.243,1.085,8.511,6.227,9,2,334526,Denis Zakaria,1996-11-20,26.78,189.0,right,Midfield,Defensive Midfield,Switzerland,Switzerland,25,2142,4,0,162,AS Monaco,2142,18000000.0,25000000.0,0.998,1.0,0.994,same_club
6945,Youssouf Fofana,FRA,2023-24,Monaco,M S,32,2709,4,4,4,52,40,5.709,5.709,4.075,17.212,11.401,3,0,569598,Youssouf Fofana,1999-01-10,24.64,185.0,right,Midfield,Defensive Midfield,France,France,32,2703,4,4,162,AS Monaco,2703,25000000.0,30000000.0,0.999,1.0,0.998,same_club
7908,Marshall Munetsi,FRA,2023-24,Reims,F M S,27,2187,4,4,3,44,12,7.321,7.321,1.812,10.675,3.606,5,0,414908,Marshall Munetsi,1996-06-22,27.19,188.0,right,Midfield,Central Midfield,Zimbabwe,Zimbabwe,27,2178,4,4,1421,Stade Reims,2178,9000000.0,10000000.0,0.999,1.0,0.996,same_club
8657,Jeremy Le Douaron,FRA,2023-24,Brest,F M S,33,1634,4,4,0,50,9,7.361,7.361,0.546,9.565,2.099,3,0,737781,Jérémy Le Douaron,1998-04-21,25.36,189.0,left,Attack,Centre-Forward,France,France,33,1622,4,1,3911,Stade Brestois 29,1622,4500000.0,5000000.0,0.998,1.0,0.993,same_club
8759,David Pereira Da Costa,FRA,2023-24,Lens,F M S,25,1508,4,4,2,30,26,3.397,3.397,2.882,8.579,4.865,3,0,719442,David Da Costa,2001-01-05,22.65,168.0,right,Midfield,Attacking Midfield,Portugal,Portugal,25,1499,4,3,826,RC Lens,1765,8000000.0,8000000.0,0.968,0.95,0.994,same_club
9001,Martín Satriano,FRA,2023-24,Brest,F M S,33,1883,4,4,4,63,21,6.565,6.565,3.337,11.129,3.488,4,0,640109,Martín Satriano,2001-02-20,22.53,187.0,right,Attack,Centre-Forward,Uruguay,Uruguay,33,1869,4,4,3911,Stade Brestois 29,1869,7000000.0,7000000.0,0.998,1.0,0.993,same_club
9345,Ahmadou Bamba Dieng,FRA,2023-24,Lorient,F S,16,530,4,4,1,17,8,3.505,3.505,1.24,4.981,0.546,3,0,822458,Bamba Dieng,2000-03-23,23.44,178.0,right,Attack,Centre-Forward,Senegal,Senegal,16,543,4,1,1158,FC Lorient,543,8000000.0,4000000.0,0.963,0.95,0.976,same_club
9632,Deiver Machado,FRA,2023-24,Lens,D S,19,1136,4,4,0,16,13,1.785,1.785,1.256,4.552,2.484,4,0,332560,Deiver Machado,1993-09-02,30.0,173.0,left,Defender,Left-Back,Colombia,Colombia,19,1127,4,0,826,RC Lens,1498,4000000.0,4000000.0,0.998,1.0,0.992,same_club
10016,Bradley Barcola,FRA,2023-24,"Lyon,Paris Saint Germain",D F M S,28,1665,4,4,7,33,32,5.587,5.587,5.79,14.698,5.266,1,1,708265,Bradley Barcola,2002-09-02,21.0,187.0,right,Attack,Left Winger,France,France,28,1647,4,7,"583,1041","Paris Saint-Germain,Olympique Lyon",2188,18000000.0,50000000.0,0.997,1.0,0.989,same_club
10431,Désiré Doué,FRA,2023-24,Rennes,F M S,31,1613,4,4,4,34,31,2.507,2.507,3.244,8.331,4.203,3,0,914562,Désiré Doué,2005-06-03,18.25,181.0,right,Attack,Right Winger,France,France,31,1624,4,5,273,Stade Rennais FC,1971,15000000.0,30000000.0,0.998,1.0,0.993,same_club
10455,Shamar Nicholson,FRA,2023-24,Clermont Foot,F S,26,1489,4,3,3,40,18,6.595,5.075,1.192,7.211,1.272,2,0,354666,Shamar Nicholson,1997-03-16,26.46,193.0,right,Attack,Centre-Forward,Jamaica,Jamaica,26,1487,4,3,3524,Clermont Foot 63,1487,4500000.0,5000000.0,1.0,1.0,0.999,same_club
11371,Ibrahim Salah,FRA,2023-24,Rennes,F M S,23,480,4,4,1,17,5,3.457,3.457,0.824,4.434,0.811,3,0,928323,Ibrahim Salah,2001-08-30,22.0,186.0,right,Attack,Left Winger,Morocco,Belgium,23,509,4,1,273,Stade Rennais FC,727,3000000.0,4000000.0,0.983,1.0,0.943,same_club
11755,Keito Nakamura,FRA,2023-24,Reims,F M S,25,1410,4,4,1,41,14,3.657,3.657,1.675,7.118,2.852,1,0,405397,Keito Nakamura,2000-07-28,23.09,180.0,right,Attack,Left Winger,Japan,Japan,25,1388,4,1,1421,Stade Reims,1388,8000000.0,9000000.0,0.995,1.0,0.984,same_club
11791,Nabil Alioui,FRA,2023-24,Le Havre,F M S,18,1026,4,4,1,28,24,2.153,2.153,1.971,3.755,1.07,1,0,344607,Nabil Alioui,1999-02-18,24.53,175.0,right,Midfield,Attacking Midfield,Morocco,France,18,1012,4,1,738,Le Havre AC,1199,1500000.0,3200000.0,0.996,1.0,0.986,same_club
12014,Jake O&#039;Brien,FRA,2023-24,Lyon,D,27,2369,4,4,2,18,5,3.16,3.16,1.714,6.374,6.311,4,1,711544,Jake O'Brien,2001-05-15,22.3,197.0,right,Defender,Right-Back,Ireland,Ireland,27,2370,4,2,1041,Olympique Lyon,2460,700000.0,12000000.0,0.97,0.95,1.0,same_club
3226,Ousmane Dembélé,FRA,2023-24,Paris Saint Germain,F M S,26,1522,3,3,8,43,59,5.468,5.468,7.214,17.947,8.733,0,0,288230,Ousmane Dembélé,1997-05-15,26.3,179.0,both,Attack,Centre-Forward,France,France,26,1509,3,9,583,Paris Saint-Germain,2529,60000000.0,60000000.0,0.997,1.0,0.991,same_club
3585,Said Benrahma,FRA,2023-24,Lyon,F M S,12,799,3,3,3,25,23,1.609,1.609,3.684,6.621,2.861,2,0,290532,Saïd Benrahma,1995-08-10,28.06,172.0,right,Attack,Left Winger,Algeria,Algeria,12,778,3,3,1041,Olympique Lyon,1753,25000000.0,20000000.0,0.998,1.0,0.994,same_club
3585,Said Benrahma,FRA,2023-24,Lyon,F M S,12,799,3,3,3,25,23,1.609,1.609,3.684,6.621,2.861,2,0,290532,Saïd Benrahma,1995-08-10,28.06,172.0,right,Attack,Left Winger,Algeria,Algeria,12,778,3,3,1041,Olympique Lyon,1753,25000000.0,20000000.0,0.992,1.0,0.974,same_club
5675,Ismaila Sarr,FRA,2023-24,Marseille,F M S,23,1434,3,3,4,25,20,4.053,4.053,2.765,10.088,4.578,1,0,410225,Ismaïla Sarr,1998-02-25,25.51,185.0,right,Attack,Right Winger,Senegal,Senegal,23,1447,3,4,244,Olympique Marseille,2094,20000000.0,18000000.0,0.997,1.0,0.991,same_club
5745,Matthieu Udol,FRA,2023-24,Metz,D,30,2700,3,3,3,19,32,1.553,1.553,2.996,5.108,3.377,5,0,344886,Matthieu Udol,1996-03-20,27.45,178.0,left,Defender,Left-Back,France,France,30,2700,3,3,347,FC Metz,2700,2500000.0,2500000.0,1.0,1.0,1.0,same_club
5800,Lebo Mothiba,FRA,2023-24,Strasbourg,F S,15,597,3,3,0,16,5,5.461,5.461,0.188,5.827,0.345,0,0,427161,Lebo Mothiba,1996-01-28,27.59,182.0,right,Attack,Centre-Forward,South Africa,South Africa,15,610,3,0,667,RC Strasbourg Alsace,610,1200000.0,1500000.0,0.994,1.0,0.979,same_club
5801,Christopher Operi,FRA,2023-24,Le Havre,D,28,2448,3,3,4,23,49,1.937,1.937,4.102,6.741,4.176,6,0,469976,Christopher Operi,1997-04-29,26.34,183.0,left,Defender,Left-Back,Cote d'Ivoire,Cote d'Ivoire,28,2447,3,5,738,Le Havre AC,2447,2000000.0,4000000.0,1.0,1.0,1.0,same_club
6069,Ablie Jallow,FRA,2023-24,Metz,F M S,17,924,3,2,2,18,12,2.102,1.342,0.721,2.676,1.151,1,0,366045,Ablie Jallow,1998-11-14,24.8,166.0,left,Midfield,Right Midfield,The Gambia,The Gambia,17,922,3,2,347,FC Metz,922,1500000.0,2000000.0,0.999,1.0,0.998,same_club
6773,Samuel Gigot,FRA,2023-24,Marseille,D S,21,1735,3,3,0,19,7,3.784,3.784,0.65,7.087,6.359,7,1,276896,Samuel Gigot,1993-10-12,29.89,187.0,right,Defender,Centre-Back,France,France,21,1730,3,0,244,Olympique Marseille,2581,10000000.0,9000000.0,0.999,1.0,0.997,same_club
6874,Yann Gboho,FRA,2023-24,Toulouse,F M S,16,1215,3,3,2,23,17,1.632,1.632,1.975,5.8,2.678,1,0,463613,Yann Gboho,2001-01-14,22.63,178.0,right,Attack,Left Winger,France,Cote d'Ivoire,16,1200,3,4,415,FC Toulouse,2757,1800000.0,4000000.0,0.996,1.0,0.988,same_club
7169,Moses Simon,FRA,2023-24,Nantes,F M S,22,1803,3,2,5,34,29,4.668,3.908,3.968,9.504,2.426,0,0,274862,Moses Simon,1995-07-12,28.14,168.0,right,Attack,Left Winger,Nigeria,Nigeria,22,1793,3,6,995,FC Nantes,1793,8000000.0,12000000.0,0.998,1.0,0.994,same_club
7313,Lee Kang-In,FRA,2023-24,Paris Saint Germain,D F M S,23,1477,3,3,4,23,27,2.02,2.02,3.273,10.943,6.929,2,0,557149,Kang-in Lee,2001-02-19,22.53,174.0,left,Midfield,Attacking Midfield,"Korea, South","Korea, South",23,1472,3,4,583,Paris Saint-Germain,1904,22000000.0,25000000.0,0.999,1.0,0.997,same_club
7743,Pereira Lage,FRA,2023-24,Brest,F M S,30,1167,3,3,2,36,14,3.957,3.957,2.335,6.132,1.287,3,0,424072,Mathias Pereira Lage,1996-11-30,26.75,180.0,right,Attack,Left Winger,Portugal,France,30,1181,3,2,3911,Stade Brestois 29,1181,2000000.0,2500000.0,0.996,1.0,0.988,same_club
8677,Lilian Brassier,FRA,2023-24,Brest,D,30,2679,3,3,0,11,6,1.217,1.217,0.634,6.12,5.744,9,1,485960,Lilian Brassier,1999-11-02,23.83,186.0,left,Defender,Centre-Back,France,France,30,2679,3,0,3911,Stade Brestois 29,2679,5000000.0,12000000.0,1.0,1.0,1.0,same_club
8686,Cheick Tidiane Sabaly,FRA,2023-24,Metz,F M S,29,1408,3,3,1,21,9,2.584,2.584,1.142,4.657,1.644,5,0,568696,Cheikh Sabaly,1999-03-04,24.5,168.0,right,Attack,Left Winger,Senegal,Senegal,29,1385,3,1,347,FC Metz,1385,700000.0,2000000.0,0.965,0.95,0.984,same_club
8697,Jonathan Clauss,FRA,2023-24,Marseille,D M S,27,2089,3,3,4,28,46,1.395,1.395,4.359,13.267,9.87,2,1,175639,Jonathan Clauss,1992-09-25,30.93,178.0,right,Defender,Right-Back,France,France,27,2071,3,4,244,Olympique Marseille,3286,14000000.0,12000000.0,0.997,1.0,0.991,same_club
8920,Dilane Bakwa,FRA,2023-24,Strasbourg,F M S,31,2187,3,3,6,44,48,3.361,3.361,5.994,10.854,3.851,4,1,540664,Dilane Bakwa,2002-08-26,21.02,180.0,left,Attack,Right Winger,France,France,31,2187,3,6,667,RC Strasbourg Alsace,2187,4000000.0,10000000.0,1.0,1.0,1.0,same_club
9307,Iliman Ndiaye,FRA,2023-24,Marseille,F M S,30,1647,3,3,3,35,22,4.742,4.742,2.83,12.222,5.668,0,1,623570,Iliman Ndiaye,2000-03-06,23.49,180.0,right,Attack,Right Winger,Senegal,France,30,1625,3,5,244,Olympique Marseille,2555,18000000.0,15000000.0,0.996,1.0,0.987,same_club
9448,Dion Moise Sahi,FRA,2023-24,Strasbourg,F M S,18,613,3,3,1,24,5,3.761,3.761,1.216,5.306,1.617,0,0,880330,Moïse Sahi Dion,2001-12-20,21.7,175.0,left,Attack,Centre-Forward,Cote d'Ivoire,Cote d'Ivoire,18,624,3,1,667,RC Strasbourg Alsace,624,3000000.0,2000000.0,0.995,1.0,0.982,same_club
9633,Przemyslaw Frankowski,FRA,2023-24,Lens,D M S,30,2199,3,2,2,31,39,4.116,2.596,4.828,12.677,8.175,4,0,239743,Przemyslaw Frankowski,1995-04-12,28.39,175.0,right,Defender,Right-Back,Poland,Poland,30,2193,3,2,826,RC Lens,2884,9000000.0,9000000.0,0.999,1.0,0.997,same_club
9767,Habib Diarra,FRA,2023-24,Strasbourg,F M S,31,2337,3,2,1,39,21,3.155,2.395,1.586,7.444,4.464,3,0,876631,Habib Diarra,2004-01-03,19.66,178.0,right,Midfield,Central Midfield,Senegal,Senegal,31,2313,3,1,667,RC Strasbourg Alsace,2313,10000000.0,18000000.0,0.997,1.0,0.99,same_club
10271,Vanderson,FRA,2023-24,Monaco,D M,20,1677,3,3,1,30,19,2.644,2.644,2.201,10.887,6.513,4,1,789082,Vanderson,2001-06-21,22.2,173.0,right,Defender,Right-Back,Brazil,Brazil,20,1649,3,1,162,AS Monaco,1649,20000000.0,20000000.0,0.995,1.0,0.983,same_club
10701,Nicolás Tagliafico,FRA,2023-24,Lyon,D M,25,2139,3,3,1,15,18,3.264,3.264,0.897,7.982,5.227,5,1,131225,Nicolás Tagliafico,1992-08-31,31.0,172.0,left,Defender,Left-Back,Argentina,Argentina,25,2127,3,2,1041,Olympique Lyon,2127,9000000.0,8000000.0,0.998,1.0,0.994,same_club
10796,Zakaria Aboukhlal,FRA,2023-24,Toulouse,F M S,13,764,3,2,0,28,5,3.204,2.444,0.231,2.953,0.936,2,0,393238,Zakaria Aboukhlal,2000-02-18,23.53,179.0,both,Attack,Right Winger,Morocco,Netherlands,13,758,3,0,415,FC Toulouse,798,9000000.0,10000000.0,0.998,1.0,0.992,same_club
10819,Khalil Fayad,FRA,2023-24,Montpellier,F M S,23,1022,3,3,0,17,8,2.12,2.12,0.918,2.413,0.885,2,0,782630,Khalil Fayad,2004-06-09,19.23,172.0,right,Midfield,Central Midfield,Morocco,France,23,1023,3,0,969,Montpellier HSC,1023,4500000.0,5000000.0,1.0,1.0,0.999,same_club
10920,Junya Ito,FRA,2023-24,Reims,D F M,31,2745,3,3,7,46,79,5.085,5.085,11.214,17.437,5.177,2,0,348791,Junya Ito,1993-03-09,30.48,177.0,right,Attack,Right Winger,Japan,Japan,31,2723,3,7,1421,Stade Reims,2723,10000000.0,8000000.0,0.998,1.0,0.992,same_club
11015,Julien Ponceau,FRA,2023-24,Lorient,F M S,32,2272,3,3,2,33,35,3.197,3.197,2.755,10.707,6.225,5,0,569390,Julien Ponceau,2000-11-28,22.76,170.0,right,Midfield,Attacking Midfield,France,Angola,32,2253,3,2,1158,FC Lorient,2253,2500000.0,3500000.0,0.997,1.0,0.992,same_club
11380,Vitinha,FRA,2023-24,Marseille,F S,18,921,3,3,2,37,18,5.534,5.534,2.816,11.575,4.519,1,0,586853,Vitinha,2000-03-15,23.46,178.0,right,Attack,Centre-Forward,Portugal,Portugal,18,920,3,2,244,Olympique Marseille,1514,18000000.0,14000000.0,1.0,1.0,0.999,same_club
11380,Vitinha,FRA,2023-24,Marseille,F S,18,921,3,3,2,37,18,5.534,5.534,2.816,11.575,4.519,1,0,586853,Vitinha,2000-03-15,23.46,178.0,right,Attack,Centre-Forward,Portugal,Portugal,18,920,3,2,244,Olympique Marseille,1514,18000000.0,14000000.0,0.991,1.0,0.972,same_club
11752,Amir Richardson,FRA,2023-24,Reims,M S,28,1354,3,3,1,17,12,2.054,2.054,1.216,4.412,3.383,4,0,893675,Amir Richardson,2002-01-24,21.6,197.0,left,Midfield,Central Midfield,Morocco,France,28,1350,3,1,1421,Stade Reims,1350,3500000.0,6000000.0,0.999,1.0,0.997,same_club
12060,Ernest Nuamah,FRA,2023-24,Lyon,F M S,29,1861,3,3,2,43,29,4.488,4.488,4.664,10.614,4.294,4,0,955070,Ernest Nuamah,2003-11-01,19.83,178.0,left,Attack,Right Winger,Ghana,Ghana,29,1853,3,2,1041,Olympique Lyon,2243,6000000.0,18000000.0,0.999,1.0,0.996,same_club
12111,Amir Murillo,FRA,2023-24,Marseille,D S,16,979,3,3,2,5,7,0.944,0.944,1.605,5.326,3.957,3,0,354482,Amir Murillo,1996-02-11,27.55,185.0,right,Defender,Right-Back,Panama,Panama,16,995,3,2,244,Olympique Marseille,1274,3000000.0,4000000.0,0.995,1.0,0.984,same_club
12336,Malick Fofana,FRA,2023-24,Lyon,D F S,17,521,3,3,0,9,6,2.304,2.304,0.664,4.472,2.039,0,0,743386,Malick Fofana,2005-03-31,18.42,169.0,right,Attack,Left Winger,Belgium,Belgium,17,547,3,1,1041,Olympique Lyon,1944,2800000.0,15000000.0,0.986,1.0,0.952,same_club
12425,Faris Moumbagna,FRA,2023-24,Marseille,F S,13,532,3,3,1,16,4,2.297,2.297,0.985,3.656,0.905,0,1,599663,Faris Moumbagna,2000-07-01,23.17,185.0,left,Attack,Centre-Forward,Cameroon,Cameroon,13,543,3,2,244,Olympique Marseille,1370,2500000.0,10000000.0,0.994,1.0,0.98,same_club
849,Chancel Mbemba,FRA,2023-24,Marseille,D,25,2213,2,2,2,19,7,1.802,1.802,0.992,8.688,8.569,1,0,203348,Chancel Mbemba,1994-08-08,29.07,182.0,right,Defender,Centre-Back,DR Congo,Zaire,25,2209,2,2,244,Olympique Marseille,3405,20000000.0,15000000.0,0.999,1.0,0.998,same_club
1754,Joel Asoro,FRA,2023-24,Metz,F M S,20,849,2,2,1,6,8,0.85,0.85,0.455,1.727,0.582,2,0,375391,Joel Asoro,1999-04-27,24.35,176.0,right,Attack,Right Winger,Sweden,Sweden,20,849,2,2,347,FC Metz,966,1500000.0,1500000.0,1.0,1.0,1.0,same_club
2478,Carlos Soler,FRA,2023-24,Paris Saint Germain,D M S,24,1086,2,2,2,14,21,1.777,1.777,2.304,7.149,3.471,1,0,372246,Carlos Soler,1997-01-02,26.66,180.0,right,Midfield,Central Midfield,Spain,Spain,24,1089,2,2,583,Paris Saint-Germain,1097,25000000.0,20000000.0,0.999,1.0,0.997,same_club
2594,Sergio Akieme,FRA,2023-24,Reims,D S,13,806,2,2,0,11,6,1.132,1.132,0.322,3.69,2.303,2,0,355627,Sergio Akieme,1997-12-16,25.71,175.0,left,Defender,Left-Back,Spain,Spain,13,819,2,0,1421,Stade Reims,2495,7500000.0,7000000.0,0.999,1.0,0.997,same_club
2594,Sergio Akieme,FRA,2023-24,Reims,D S,13,806,2,2,0,11,6,1.132,1.132,0.322,3.69,2.303,2,0,355627,Sergio Akieme,1997-12-16,25.71,175.0,left,Defender,Left-Back,Spain,Spain,13,819,2,0,1421,Stade Reims,2495,7500000.0,7000000.0,0.995,1.0,0.984,same_club
2854,Daler Kuzyaev,FRA,2023-24,Le Havre,F M S,30,2114,2,2,2,16,30,1.955,1.955,1.279,6.679,3.955,1,0,279570,Daler Kuzyaev,1993-01-15,30.63,182.0,right,Midfield,Central Midfield,Russia,Russia,30,2100,2,2,738,Le Havre AC,2100,10000000.0,8000000.0,0.998,1.0,0.993,same_club
3253,Frederic Guilbert,FRA,2023-24,Strasbourg,D S,32,2514,2,2,0,21,21,0.953,0.953,1.255,5.256,4.154,3,0,354352,Frédéric Guilbert,1994-12-24,28.69,178.0,right,Defender,Right-Back,France,France,32,2493,2,0,667,RC Strasbourg Alsace,2493,4500000.0,4000000.0,0.997,1.0,0.992,same_club
3389,Benjamin Mendy,FRA,2023-24,Lorient,D M S,15,699,2,2,1,13,15,1.054,1.054,2.151,3.945,1.886,3,0,157495,Benjamin Mendy,1994-07-17,29.13,185.0,left,Defender,Left-Back,France,France,15,708,2,1,1158,FC Lorient,708,3000000.0,2000000.0,0.996,1.0,0.987,same_club
3390,Rémy Cabella,FRA,2023-24,Lille,F M S,30,1458,2,2,2,33,32,5.503,5.503,3.479,11.918,5.674,0,0,113707,Rémy Cabella,1990-03-08,33.48,172.0,right,Midfield,Attacking Midfield,France,France,30,1470,2,2,1082,LOSC Lille,1675,5000000.0,3500000.0,0.998,1.0,0.992,same_club
3429,Tiemoué Bakayoko,FRA,2023-24,Lorient,M S,20,1320,2,2,1,12,4,1.536,1.536,0.514,5.11,3.614,5,0,182618,Tiemoué Bakayoko,1994-08-17,29.04,189.0,right,Midfield,Defensive Midfield,France,France,20,1317,2,1,1158,FC Lorient,1317,2500000.0,2000000.0,0.999,1.0,0.998,same_club
3487,Ismael Traoré,FRA,2023-24,Metz,D S,26,2225,2,2,0,10,2,1.028,1.028,0.09,1.987,1.95,2,0,57216,Ismaël Traoré,1986-08-18,37.04,184.0,right,Defender,Centre-Back,Cote d'Ivoire,France,26,2221,2,0,347,FC Metz,2221,300000.0,250000.0,0.999,1.0,0.998,same_club
3603,Corentin Tolisso,FRA,2023-24,Lyon,D M S,25,1764,2,1,1,39,26,2.95,2.19,2.181,9.692,6.481,5,0,190393,Corentin Tolisso,1994-08-03,29.08,181.0,right,Midfield,Central Midfield,France,France,25,1752,2,1,1041,Olympique Lyon,1752,14000000.0,5000000.0,0.998,1.0,0.993,same_club
3663,Grejohn Kyei,FRA,2023-24,Clermont Foot,F S,26,1014,2,1,1,31,12,4.918,4.158,1.201,6.223,1.375,1,0,321647,Grejohn Kyei,1995-08-12,28.05,187.0,right,Attack,Centre-Forward,France,France,26,1020,2,1,3524,Clermont Foot 63,1020,2500000.0,1500000.0,0.998,1.0,0.994,same_club
3674,Abdoulaye Touré,FRA,2023-24,Le Havre,M S,30,2314,2,0,0,32,13,2.779,1.258,0.659,8.389,7.484,4,0,181382,Abdoulaye Touré,1994-03-03,29.5,188.0,right,Midfield,Defensive Midfield,Guinea,France,30,2288,2,0,738,Le Havre AC,2288,1300000.0,3000000.0,0.997,1.0,0.989,same_club
3696,Morgan Sanson,FRA,2023-24,Nice,M S,29,2005,2,2,3,41,42,2.481,2.481,4.764,10.806,6.085,4,0,174094,Morgan Sanson,1994-08-18,29.04,180.0,right,Midfield,Central Midfield,France,France,29,1980,2,3,417,OGC Nice,1980,6000000.0,8000000.0,0.996,1.0,0.988,same_club
3701,Gautier Lloris,FRA,2023-24,Le Havre,D,31,2782,2,2,0,16,3,2.239,2.239,0.167,4.126,4.036,2,0,249636,Gautier Lloris,1995-07-18,28.12,191.0,left,Defender,Centre-Back,France,France,31,2780,2,0,738,Le Havre AC,2780,1500000.0,3000000.0,1.0,1.0,0.999,same_club
4882,Laurent Abergel,FRA,2023-24,Lorient,M S,33,2863,2,2,1,26,31,0.918,0.918,2.059,10.165,8.125,4,0,238626,Laurent Abergel,1993-02-01,30.58,170.0,right,Midfield,Defensive Midfield,France,France,33,2862,2,1,1158,FC Lorient,2862,3000000.0,3000000.0,1.0,1.0,1.0,same_club
5742,Hugo Magnetti,FRA,2023-24,Brest,M S,33,2385,2,2,0,36,24,2.324,2.324,1.24,7.814,5.735,6,0,474662,Hugo Magnetti,1998-05-30,25.26,180.0,right,Midfield,Central Midfield,France,France,33,2359,2,0,3911,Stade Brestois 29,2359,2000000.0,7000000.0,0.997,1.0,0.989,same_club
5975,Kenny Lala,FRA,2023-24,Brest,D,33,2970,2,2,3,14,34,0.489,0.489,3.721,11.237,9.642,7,0,174196,Kenny Lala,1991-10-03,31.91,178.0,right,Defender,Right-Back,France,France,33,2970,2,3,3911,Stade Brestois 29,2970,1500000.0,3000000.0,1.0,1.0,1.0,same_club
6088,Orel Mangala,FRA,2023-24,Lyon,M S,8,390,2,2,0,5,7,0.632,0.632,0.545,2.743,1.866,0,0,289592,Orel Mangala,1998-03-18,25.46,178.0,right,Midfield,Defensive Midfield,Belgium,Belgium,8,397,2,0,1041,Olympique Lyon,2177,16000000.0,20000000.0,0.995,1.0,0.982,same_club
6088,Orel Mangala,FRA,2023-24,Lyon,M S,8,390,2,2,0,5,7,0.632,0.632,0.545,2.743,1.866,0,0,289592,Orel Mangala,1998-03-18,25.46,178.0,right,Midfield,Defensive Midfield,Belgium,Belgium,8,397,2,0,1041,Olympique Lyon,2177,16000000.0,20000000.0,0.995,1.0,0.982,same_club
7486,Leonardo Balerdi,FRA,2023-24,Marseille,D S,27,2286,2,2,0,14,5,1.59,1.59,0.145,8.153,7.985,4,1,575998,Leonardo Balerdi,1999-01-26,24.6,188.0,right,Defender,Centre-Back,Argentina,Argentina,27,2275,2,1,244,Olympique Marseille,3395,10000000.0,20000000.0,0.999,1.0,0.995,same_club
7730,Jean-Charles Castelletto,FRA,2023-24,Nantes,D,28,2468,2,2,0,10,10,0.438,0.438,1.074,6.622,5.691,5,0,182875,Jean-Charles Castelletto,1995-01-26,28.6,186.0,both,Defender,Centre-Back,Cameroon,France,28,2466,2,0,995,FC Nantes,2466,3500000.0,3500000.0,1.0,1.0,0.999,same_club
7747,Mama Baldé,FRA,2023-24,Lyon,F S,20,521,2,2,3,17,14,3.157,3.157,2.396,5.199,0.334,1,0,325223,Mama Baldé,1995-11-06,27.82,176.0,right,Attack,Centre-Forward,Guinea-Bissau,Guinea-Bissau,20,542,2,3,1041,Olympique Lyon,542,8000000.0,4000000.0,0.988,1.0,0.961,same_club
7760,Abdoul Kader Bamba,FRA,2023-24,Nantes,M S,23,542,2,2,1,14,11,2.078,2.078,1.301,4.803,2.209,2,0,560725,Abdoul Kader Bamba,1994-04-25,29.35,177.0,right,Attack,Right Winger,France,France,23,593,2,1,995,FC Nantes,593,900000.0,900000.0,0.974,1.0,0.914,same_club
7762,Jean-Ricner Bellegarde,FRA,2023-24,Strasbourg,F M,3,270,2,2,2,5,3,0.585,0.585,1.346,2.334,0.574,2,0,450050,Jean-Ricner Bellegarde,1998-06-27,25.18,170.0,right,Midfield,Central Midfield,Haiti,France,3,270,2,2,667,RC Strasbourg Alsace,1548,10000000.0,15000000.0,0.994,1.0,0.98,same_club
7762,Jean-Ricner Bellegarde,FRA,2023-24,Strasbourg,F M,3,270,2,2,2,5,3,0.585,0.585,1.346,2.334,0.574,2,0,450050,Jean-Ricner Bellegarde,1998-06-27,25.18,170.0,right,Midfield,Central Midfield,Haiti,France,3,270,2,2,667,RC Strasbourg Alsace,1548,10000000.0,15000000.0,1.0,1.0,1.0,same_club
8050,Hichem Boudaoui,FRA,2023-24,Nice,M S,29,1609,2,2,0,29,20,3.568,3.568,2.252,9.234,4.888,5,0,560593,Hicham Boudaoui,1999-09-23,23.94,175.0,right,Midfield,Central Midfield,Algeria,Algeria,29,1609,2,0,417,OGC Nice,1609,8000000.0,9000000.0,0.97,0.95,1.0,same_club
8103,Modibo Sagnan,FRA,2023-24,Montpellier,D S,13,1063,2,2,0,10,3,1.489,1.489,0.568,1.675,1.53,5,0,524925,Modibo Sagnan,1999-04-14,24.38,187.0,left,Defender,Centre-Back,Mali,France,13,1057,2,0,969,Montpellier HSC,2020,3000000.0,3000000.0,0.998,1.0,0.994,same_club
8328,Azz-Eddine Ounahi,FRA,2023-24,Marseille,M S,21,1234,2,2,0,16,15,0.938,0.938,1.652,5.264,3.745,3,0,593482,Azzedine Ounahi,2000-04-19,23.37,182.0,right,Midfield,Central Midfield,Morocco,Morocco,21,1214,2,0,244,Olympique Marseille,1968,12000000.0,12000000.0,0.965,0.95,0.984,same_club
9645,Jim Allevinah,FRA,2023-24,Clermont Foot,D F M S,29,1915,2,2,1,37,20,2.769,2.769,1.344,6.709,3.74,1,0,646733,Jim Allevinah,1995-02-27,28.51,172.0,right,Attack,Right Winger,Gabon,France,29,1871,2,1,3524,Clermont Foot 63,1871,2000000.0,2000000.0,0.993,1.0,0.977,same_club
9648,Elbasan Rashani,FRA,2023-24,Clermont Foot,F M S,24,1173,2,2,0,16,12,1.893,1.893,0.697,2.91,1.171,4,2,149579,Elbasan Rashani,1993-05-09,30.31,181.0,left,Attack,Left Winger,Kosovo,Sweden,24,1176,2,1,3524,Clermont Foot 63,1176,2000000.0,1500000.0,0.999,1.0,0.997,same_club
9999,Arthur Theate,FRA,2023-24,Rennes,D S,28,2306,2,2,0,22,6,2.005,2.005,0.749,7.147,6.187,4,0,368891,Arthur Theate,2000-05-25,23.27,185.0,left,Defender,Centre-Back,Belgium,Belgium,28,2299,2,0,273,Stade Rennais FC,2939,22000000.0,20000000.0,0.999,1.0,0.997,same_club
10382,Eray Cömert,FRA,2023-24,Nantes,D M S,25,1991,2,2,0,9,4,0.557,0.557,0.156,4.401,4.295,5,0,298583,Eray Cömert,1998-02-04,25.57,183.0,right,Defender,Centre-Back,Switzerland,Switzerland,25,1998,2,0,995,FC Nantes,1998,3500000.0,4000000.0,0.999,1.0,0.996,same_club
10564,Leny Yoro,FRA,2023-24,Lille,D S,32,2670,2,2,0,14,2,2.277,2.277,0.104,6.415,6.283,5,0,923831,Leny Yoro,2005-11-13,17.8,190.0,right,Defender,Centre-Back,France,France,32,2672,2,0,1082,LOSC Lille,2842,10000000.0,50000000.0,1.0,1.0,0.999,same_club
10771,Ben Seghir,FRA,2023-24,Monaco,F M S,13,404,2,2,1,14,5,0.819,0.819,0.425,2.69,1.646,0,1,810895,Eliesse Ben Seghir,2005-02-16,18.54,178.0,right,Attack,Left Winger,Morocco,France,13,424,2,2,162,AS Monaco,424,18000000.0,15000000.0,0.986,1.0,0.953,same_club
10786,Warren Zaïre-Emery,FRA,2023-24,Paris Saint Germain,D M S,26,1967,2,2,3,14,21,1.787,1.787,2.971,18.727,16.46,4,0,810092,Warren Zaïre-Emery,2006-03-08,17.48,176.0,right,Midfield,Central Midfield,France,France,26,1962,2,3,583,Paris Saint-Germain,2957,20000000.0,60000000.0,0.999,1.0,0.997,same_club
10788,Rasmus Nicolaisen,FRA,2023-24,Toulouse,D,33,2929,2,2,0,19,5,1.422,1.422,0.567,6.099,6.038,4,1,283227,Rasmus Nicolaisen,1997-03-16,26.46,191.0,left,Defender,Centre-Back,Denmark,Denmark,33,2927,2,0,415,FC Toulouse,3737,6000000.0,6000000.0,1.0,1.0,0.999,same_club
11131,Christian Mawissa Elebi,FRA,2023-24,Toulouse,D M S,17,1115,2,2,0,5,3,0.738,0.738,0.346,3.083,2.72,3,0,1005240,Christian Mawissa,2005-04-18,18.37,184.0,left,Defender,Centre-Back,France,France,17,1116,2,0,415,FC Toulouse,1302,250000.0,9000000.0,0.97,0.95,0.999,same_club
11757,Hákon Haraldsson,FRA,2023-24,Lille,F M S,26,1280,2,2,0,12,15,1.26,1.26,1.696,4.924,2.429,5,0,652275,Hákon Arnar Haraldsson,2003-04-10,20.39,178.0,right,Midfield,Attacking Midfield,Iceland,Iceland,26,1289,2,0,1082,LOSC Lille,1388,6000000.0,9000000.0,0.968,0.95,0.993,same_club
11762,Morgan Guilavogui,FRA,2023-24,Lens,F S,23,493,2,2,0,21,14,2.305,2.305,1.857,6.791,2.903,1,0,691786,Morgan Guilavogui,1998-03-10,25.48,189.0,right,Attack,Right Winger,Guinea,France,23,549,2,0,826,RC Lens,662,2500000.0,3000000.0,0.969,1.0,0.898,same_club
11795,Yassine Kechta,FRA,2023-24,Le Havre,M S,32,1868,2,2,1,20,26,1.646,1.646,1.652,5.331,2.405,4,0,667967,Yassine Kechta,2002-02-25,21.51,174.0,left,Midfield,Central Midfield,Morocco,France,32,1860,2,1,738,Le Havre AC,1860,3500000.0,5000000.0,0.999,1.0,0.996,same_club
11816,Abakar Sylla,FRA,2023-24,Strasbourg,D S,22,1798,2,2,0,11,5,2.259,2.259,0.204,5.921,5.831,4,0,962555,Abakar Sylla,2002-12-25,20.68,188.0,left,Defender,Centre-Back,Cote d'Ivoire,Cote d'Ivoire,22,1792,2,0,667,RC Strasbourg Alsace,1792,8000000.0,12000000.0,0.999,1.0,0.997,same_club
12002,Papa Amadou Diallo,FRA,2023-24,Metz,F M S,16,883,2,2,1,13,12,2.509,2.509,0.99,3.749,0.855,1,0,1099726,Papa Amadou Diallo,2004-06-25,19.18,182.0,right,Attack,Left Winger,Senegal,Senegal,16,890,2,1,347,FC Metz,890,150000.0,1000000.0,0.998,1.0,0.992,same_club
12049,Aiyegun Tosin,FRA,2023-24,Lorient,F M S,19,900,2,2,0,11,7,1.174,1.174,0.318,2.248,0.805,0,1,239647,Aiyegun Tosin,1998-06-26,25.18,179.0,right,Attack,Centre-Forward,Benin,Nigeria,19,901,2,1,1158,FC Lorient,901,3200000.0,3000000.0,1.0,1.0,0.999,same_club
12183,Jeremy Sebas,FRA,2023-24,Strasbourg,F M S,14,391,2,2,0,7,1,1.017,1.017,0.044,1.673,0.729,0,0,999229,Jérémy Sebas,2003-04-14,20.38,187.0,right,Attack,Centre-Forward,Martinique,Martinique,14,391,2,1,667,RC Strasbourg Alsace,391,,500000.0,1.0,1.0,1.0,same_club
148,Dante,FRA,2023-24,Nice,D,32,2847,1,1,1,15,13,1.575,1.575,0.852,11.099,10.868,5,1,16136,Dante,1983-10-18,39.87,188.0,left,Defender,Centre-Back,Brazil,Brazil,32,2844,1,1,417,OGC Nice,2844,600000.0,500000.0,1.0,1.0,0.999,same_club
677,Jordan Veretout,FRA,2023-24,Marseille,M S,29,2181,1,1,2,36,48,2.16,2.16,5.629,12.616,9.14,4,0,164771,Jordan Veretout,1993-03-01,30.5,177.0,right,Midfield,Central Midfield,France,France,29,2184,1,2,244,Olympique Marseille,3388,16000000.0,15000000.0,1.0,1.0,0.999,same_club
734,Wahbi Khazri,FRA,2023-24,Montpellier,F M S,25,1151,1,1,0,44,10,4.433,4.433,1.322,6.197,1.484,6,0,103565,Wahbi Khazri,1991-02-08,32.56,176.0,right,Attack,Left Winger,Tunisia,France,25,1131,1,0,969,Montpellier HSC,1131,2500000.0,1800000.0,0.995,1.0,0.983,same_club
961,Jordan Amavi,FRA,2023-24,Brest,D S,2,91,1,1,0,1,0,0.068,0.068,0.0,0.04,0.04,1,0,241229,Jordan Amavi,1994-03-09,29.48,176.0,left,Defender,Left-Back,France,France,2,91,1,0,3911,Stade Brestois 29,91,2000000.0,1200000.0,1.0,1.0,1.0,same_club
1022,Pedro Chirivella,FRA,2023-24,Nantes,M S,32,2625,1,1,1,17,17,1.309,1.309,0.85,9.587,8.02,5,0,242273,Pedro Chirivella,1997-05-23,26.28,178.0,right,Midfield,Defensive Midfield,Spain,Spain,32,2601,1,1,995,FC Nantes,2601,6000000.0,7000000.0,0.997,1.0,0.991,same_club
1750,Ainsley Maitland-Niles,FRA,2023-24,Lyon,D F M S,23,1440,1,0,4,18,18,3.219,2.459,1.914,6.286,5.339,1,1,285845,Ainsley Maitland-Niles,1997-08-29,26.01,180.0,right,Defender,Right-Back,England,England,23,1432,1,4,1041,Olympique Lyon,1432,8000000.0,9000000.0,0.998,1.0,0.994,same_club
2276,Lucas Hernández,FRA,2023-24,Paris Saint Germain,D S,27,1937,1,1,1,6,12,0.587,0.587,2.114,13.214,11.73,6,0,281963,Lucas Hernández,1996-02-14,27.55,184.0,left,Defender,Left-Back,France,France,27,1915,1,2,583,Paris Saint-Germain,2847,45000000.0,40000000.0,0.997,1.0,0.989,same_club
2447,Fabián,FRA,2023-24,Paris Saint Germain,M S,21,1189,1,1,3,19,18,1.769,1.769,1.434,11.031,8.591,3,0,350219,Fabián Ruiz,1996-04-03,27.41,188.0,left,Midfield,Central Midfield,Spain,Spain,21,1196,1,3,583,Paris Saint-Germain,1817,32000000.0,30000000.0,0.968,0.95,0.994,same_club
2674,Thilo Kehrer,FRA,2023-24,Monaco,D,15,1326,1,1,1,12,5,0.934,0.934,0.912,5.538,5.191,2,1,228948,Thilo Kehrer,1996-09-21,26.94,186.0,both,Defender,Centre-Back,Germany,Germany,15,1324,1,1,162,AS Monaco,1607,18000000.0,10000000.0,0.977,1.0,0.922,same_club
2674,Thilo Kehrer,FRA,2023-24,Monaco,D,15,1326,1,1,1,12,5,0.934,0.934,0.912,5.538,5.191,2,1,228948,Thilo Kehrer,1996-09-21,26.94,186.0,both,Defender,Centre-Back,Germany,Germany,15,1324,1,1,162,AS Monaco,1607,18000000.0,10000000.0,1.0,1.0,0.998,same_club
3259,Adam Ounas,FRA,2023-24,Lille,M S,17,388,1,1,0,9,13,0.619,0.619,2.255,3.244,1.571,0,0,400485,Adam Ounas,1996-11-11,26.8,172.0,left,Attack,Right Winger,Algeria,France,17,408,1,0,1082,LOSC Lille,422,7000000.0,4000000.0,0.985,1.0,0.951,same_club
3274,Maxime Gonalons,FRA,2023-24,Clermont Foot,M S,21,1339,1,1,0,13,7,0.443,0.443,0.225,2.983,2.592,4,0,60542,Maxime Gonalons,1989-03-10,34.48,187.0,right,Midfield,Defensive Midfield,France,France,21,1306,1,0,3524,Clermont Foot 63,1306,900000.0,700000.0,0.993,1.0,0.975,same_club
3275,Jordan Ferri,FRA,2023-24,Montpellier,M S,30,2045,1,1,1,9,27,0.878,0.878,1.811,7.436,5.903,5,0,118284,Jordan Ferri,1992-03-12,31.47,173.0,right,Midfield,Central Midfield,France,France,30,2038,1,1,969,Montpellier HSC,2038,5000000.0,4500000.0,0.999,1.0,0.997,same_club
3370,Issiaga Sylla,FRA,2023-24,Montpellier,D M S,19,1459,1,1,2,12,15,1.112,1.112,1.298,5.379,4.698,3,0,220878,Issiaga Sylla,1994-01-01,29.66,180.0,left,Defender,Left-Back,Guinea,Guinea,19,1457,1,2,969,Montpellier HSC,1457,2500000.0,2500000.0,1.0,1.0,0.999,same_club
3464,Vincent Le Goff,FRA,2023-24,Lorient,D S,9,560,1,1,1,4,9,0.134,0.134,0.993,1.875,0.914,1,0,120651,Vincent Le Goff,1989-10-15,33.88,177.0,left,Defender,Left-Back,France,France,9,546,1,1,1158,FC Lorient,546,1000000.0,900000.0,0.992,1.0,0.975,same_club
3479,Marcus Coco,FRA,2023-24,Nantes,D F M S,28,1510,1,1,0,9,12,1.131,1.131,1.021,3.738,2.317,2,0,353365,Marcus Coco,1996-06-24,27.19,184.0,right,Defender,Right-Back,Guadeloupe,Guadeloupe,28,1489,1,0,995,FC Nantes,1489,1200000.0,1500000.0,0.996,1.0,0.986,same_club
3549,Adrien Thomasson,FRA,2023-24,Lens,M S,29,1186,1,1,2,30,30,4.733,4.733,4.164,10.887,4.301,2,1,215977,Adrien Thomasson,1993-12-10,29.72,175.0,right,Midfield,Central Midfield,France,France,29,1191,1,3,826,RC Lens,1415,6000000.0,5000000.0,0.999,1.0,0.996,same_club
3683,Ivan Cavaleiro,FRA,2023-24,Lille,F M S,17,782,1,1,1,10,12,1.707,1.707,1.439,3.409,1.504,1,0,149716,Ivan Cavaleiro,1993-10-18,29.87,175.0,right,Attack,Left Winger,Angola,Portugal,17,773,1,1,1082,LOSC Lille,884,2200000.0,2000000.0,0.997,1.0,0.988,same_club
3693,Nolan Mbemba,FRA,2023-24,Le Havre,S,6,7,1,1,0,2,0,0.045,0.045,0.0,0.045,0.0,0,0,276768,Nolan Mbemba,1995-02-19,28.53,181.0,right,Midfield,Defensive Midfield,Congo,France,6,17,1,0,738,Le Havre AC,17,500000.0,350000.0,0.967,1.0,0.889,same_club
3713,Samuel Grandsir,FRA,2023-24,Le Havre,M S,23,556,1,1,0,15,13,2.609,1.849,1.23,3.419,0.97,2,2,432772,Samuel Grandsir,1996-08-14,27.05,170.0,right,Attack,Right Winger,France,France,23,586,1,0,738,Le Havre AC,586,2000000.0,1500000.0,0.985,1.0,0.949,same_club
4345,Christopher Jullien,FRA,2023-24,Montpellier,D S,20,1215,1,1,0,7,2,1.456,1.456,0.033,2.264,2.252,5,0,201737,Christopher Jullien,1993-03-22,30.44,196.0,right,Defender,Centre-Back,Guadeloupe,France,20,1229,1,0,969,Montpellier HSC,1229,3500000.0,2500000.0,0.997,1.0,0.989,same_club
4830,Bilal Boutobba,FRA,2023-24,Clermont Foot,F M S,27,912,1,1,1,25,12,2.462,2.462,1.879,4.804,1.804,1,0,344151,Bilal Boutobba,1998-08-29,25.01,172.0,left,Attack,Right Winger,France,France,27,919,1,1,3524,Clermont Foot 63,919,2500000.0,1800000.0,0.998,1.0,0.992,same_club
5261,Kevin Danso,FRA,2023-24,Lens,D,30,2657,1,1,0,21,8,2.295,2.295,0.308,11.926,11.647,6,0,263236,Kevin Danso,1998-09-19,24.95,190.0,right,Defender,Centre-Back,Austria,Austria,30,2655,1,0,826,RC Lens,3285,22000000.0,25000000.0,1.0,1.0,0.999,same_club
5352,Niklas Schmidt,FRA,2023-24,Toulouse,M S,22,1265,1,1,1,20,28,1.517,1.517,3.152,5.743,2.544,4,0,275249,Niklas Schmidt,1998-03-01,25.5,184.0,both,Midfield,Central Midfield,Germany,Germany,22,1267,1,1,415,FC Toulouse,1685,2500000.0,3000000.0,1.0,1.0,0.998,same_club
5356,Breel Embolo,FRA,2023-24,Monaco,F S,5,175,1,1,0,6,3,0.826,0.826,0.171,1.324,0.327,0,0,237662,Breel Embolo,1997-02-14,26.54,184.0,right,Attack,Centre-Forward,Switzerland,Cameroon,5,182,1,0,162,AS Monaco,182,20000000.0,12000000.0,0.988,1.0,0.962,same_club
5700,Yann Karamoh,FRA,2023-24,Montpellier,F S,12,243,1,1,0,5,5,0.674,0.674,0.138,1.28,0.491,1,0,324804,Yann Karamoh,1998-07-08,25.15,184.0,right,Attack,Left Winger,France,Cote d'Ivoire,12,274,1,0,969,Montpellier HSC,470,3500000.0,2500000.0,0.966,1.0,0.887,same_club
5700,Yann Karamoh,FRA,2023-24,Montpellier,F S,12,243,1,1,0,5,5,0.674,0.674,0.138,1.28,0.491,1,0,324804,Yann Karamoh,1998-07-08,25.15,184.0,right,Attack,Left Winger,France,Cote d'Ivoire,12,274,1,0,969,Montpellier HSC,470,3500000.0,2500000.0,0.963,1.0,0.877,same_club
5717,Amine Harit,FRA,2023-24,Marseille,F M S,28,1837,1,1,2,33,39,2.993,2.993,3.882,10.563,5.626,5,0,372711,Amine Harit,1997-06-18,26.2,180.0,right,Attack,Left Winger,Morocco,France,28,1829,1,2,244,Olympique Marseille,3075,12000000.0,15000000.0,0.999,1.0,0.996,same_club
5761,Youssef Maziz,FRA,2023-24,Metz,M,2,131,1,1,0,4,3,0.409,0.409,0.043,0.47,0.084,0,0,481116,Youssef Maziz,1998-06-24,25.19,175.0,right,Midfield,Attacking Midfield,France,France,2,126,1,0,347,FC Metz,1716,1500000.0,1500000.0,0.989,1.0,0.962,same_club
5976,Yoann Salmier,FRA,2023-24,Le Havre,D S,20,1570,1,1,1,10,6,1.445,1.445,1.381,4.788,4.244,3,0,351843,Yoann Salmier,1992-11-21,30.78,188.0,right,Defender,Centre-Back,French Guiana,France,20,1569,1,1,738,Le Havre AC,1569,2000000.0,1500000.0,1.0,1.0,0.999,same_club
6006,Ruben Aguilar,FRA,2023-24,Lens,D M S,25,1934,1,1,3,12,26,1.778,1.778,3.152,10.541,6.294,4,0,203746,Ruben Aguilar,1993-04-26,30.35,172.0,right,Defender,Right-Back,France,France,25,1925,1,3,826,RC Lens,2134,7000000.0,5000000.0,0.999,1.0,0.995,same_club
6018,Samuel Moutoussamy,FRA,2023-24,Nantes,M S,26,1085,1,1,0,15,11,2.123,2.123,0.659,5.354,3.142,2,0,353403,Samuel Moutoussamy,1996-08-12,27.05,176.0,left,Midfield,Central Midfield,DR Congo,France,26,1100,1,1,995,FC Nantes,1100,5000000.0,3000000.0,0.996,1.0,0.986,same_club
6019,Angelo Fulgini,FRA,2023-24,Lens,M S,29,1398,1,1,2,46,38,3.694,3.694,3.696,8.241,3.449,1,0,250013,Angelo Fulgini,1996-08-20,27.03,183.0,right,Midfield,Attacking Midfield,New Caledonia,Cote d'Ivoire,29,1378,1,2,826,RC Lens,1724,9000000.0,7000000.0,0.996,1.0,0.986,same_club
6073,Guillermo Maripán,FRA,2023-24,Monaco,D S,23,1772,1,1,0,11,3,0.528,0.528,0.801,5.216,5.132,0,1,249730,Guillermo Maripán,1994-05-06,29.32,193.0,right,Defender,Centre-Back,Chile,Chile,23,1768,1,0,162,AS Monaco,1768,10000000.0,10000000.0,0.999,1.0,0.998,same_club
6878,Youcef Atal,FRA,2023-24,Nice,D S,6,373,1,1,0,4,4,0.142,0.142,0.852,1.101,0.635,2,0,416108,Youcef Atal,1996-05-17,27.29,176.0,right,Defender,Right-Back,Algeria,Algeria,6,362,1,0,417,OGC Nice,1180,7000000.0,4300000.0,0.991,1.0,0.971,same_club
7206,Jonathan Gradit,FRA,2023-24,Lens,D,26,2141,1,1,0,4,5,0.222,0.222,0.132,7.429,7.327,9,1,126557,Jonathan Gradit,1992-11-24,30.77,180.0,right,Defender,Centre-Back,France,France,26,2116,1,0,826,RC Lens,2821,5000000.0,4500000.0,0.996,1.0,0.988,same_club
7265,Kephren Thuram,FRA,2023-24,Nice,M S,27,2131,1,1,1,39,31,3.918,3.918,4.024,13.109,7.109,7,0,463618,Khéphren Thuram,2001-03-26,22.43,192.0,right,Midfield,Central Midfield,France,Italy,27,2114,1,1,417,OGC Nice,2114,40000000.0,35000000.0,0.977,0.966,0.992,same_club
7278,Imran Louza,FRA,2023-24,Lorient,M S,14,874,1,1,3,22,25,0.94,0.94,3.333,4.069,1.751,1,0,635336,Imrân Louza,1999-05-01,24.34,178.0,left,Midfield,Central Midfield,Morocco,France,14,866,1,3,1158,FC Lorient,887,9000000.0,7000000.0,0.997,1.0,0.991,same_club
7328,Maxence Caqueret,FRA,2023-24,Lyon,M,34,3033,1,1,3,24,56,2.339,2.339,6.245,17.271,11.143,1,0,395237,Maxence Caqueret,2000-02-15,23.54,174.0,right,Midfield,Central Midfield,France,France,34,3026,1,3,1041,Olympique Lyon,3026,25000000.0,20000000.0,0.999,1.0,0.998,same_club
7472,Wilfried Stephane Singo,FRA,2023-24,Monaco,D S,25,2183,1,1,1,19,14,0.667,0.667,1.153,6.803,6.192,8,1,648779,Wilfried Singo,2000-12-25,22.68,182.0,right,Defender,Right-Back,Cote d'Ivoire,Cote d'Ivoire,25,2187,1,1,162,AS Monaco,2188,12000000.0,25000000.0,0.969,0.95,0.998,same_club
7613,Moussa Diarra,FRA,2023-24,Toulouse,D S,22,1391,1,1,2,5,10,0.367,0.367,1.367,4.584,3.881,5,0,694509,Moussa Diarra,2000-11-10,22.81,185.0,left,Defender,Centre-Back,Mali,France,22,1400,1,2,415,FC Toulouse,2042,800000.0,2000000.0,0.998,1.0,0.994,same_club
7736,Brendan Chardonnet,FRA,2023-24,Brest,D,33,2970,1,1,1,19,10,1.481,1.481,1.946,8.328,7.037,4,0,250779,Brendan Chardonnet,1994-12-22,28.69,181.0,right,Defender,Centre-Back,France,France,33,2970,1,1,3911,Stade Brestois 29,2970,5000000.0,8000000.0,1.0,1.0,1.0,same_club
7765,Thomas Delaine,FRA,2023-24,Strasbourg,D F M S,27,2074,1,1,1,12,26,1.901,1.901,3.375,8.621,4.677,5,0,170961,Thomas Delaine,1992-03-24,31.44,180.0,left,Defender,Left-Back,France,France,27,2054,1,1,667,RC Strasbourg Alsace,2054,1200000.0,1000000.0,0.997,1.0,0.99,same_club
8094,Mathis Cherki,FRA,2023-24,Lyon,F M S,33,1721,1,1,6,57,43,5.684,5.684,4.493,12.133,4.881,0,0,607223,Rayan Cherki,2003-08-17,20.04,177.0,both,Midfield,Attacking Midfield,France,France,33,1718,1,6,1041,Olympique Lyon,1718,30000000.0,25000000.0,0.969,0.95,0.998,same_club
8146,Ismail Jakobs,FRA,2023-24,Monaco,D M S,22,1465,1,1,2,21,17,1.719,1.719,1.791,7.152,4.182,0,0,375137,Ismail Jakobs,1999-08-17,24.04,184.0,left,Defender,Left-Back,Senegal,Germany,22,1468,1,2,162,AS Monaco,1468,6000000.0,8000000.0,0.999,1.0,0.998,same_club
8190,Melvin Bard,FRA,2023-24,Nice,D S,32,2683,1,1,2,15,18,0.578,0.578,2.73,12.88,11.107,7,1,532775,Melvin Bard,2000-11-06,22.82,173.0,left,Defender,Left-Back,France,France,32,2661,1,2,417,OGC Nice,2661,7000000.0,12000000.0,0.998,1.0,0.992,same_club
8200,Logan Costa,FRA,2023-24,Toulouse,D S,31,2643,1,1,1,14,6,1.653,1.653,0.506,6.15,5.733,6,0,484988,Logan Costa,2001-04-01,22.42,190.0,right,Defender,Centre-Back,Cape Verde,France,31,2645,1,1,415,FC Toulouse,3275,1200000.0,12000000.0,1.0,1.0,0.999,same_club
8330,Jean Onana,FRA,2023-24,Marseille,M S,13,553,1,1,0,8,2,0.724,0.724,0.101,2.491,2.371,1,0,656441,Jean Onana,2000-01-08,23.65,189.0,right,Midfield,Defensive Midfield,Cameroon,Cameroon,13,562,1,0,244,Olympique Marseille,681,6000000.0,4000000.0,0.995,1.0,0.984,same_club
8640,Adrien Truffert,FRA,2023-24,Rennes,D S,30,2145,1,1,2,20,19,1.245,1.245,2.754,7.636,5.306,6,0,654539,Adrien Truffert,2001-11-20,21.78,176.0,left,Defender,Left-Back,France,Belgium,30,2145,1,3,273,Stade Rennais FC,2709,18000000.0,18000000.0,1.0,1.0,1.0,same_club
8643,Chrislain Matsima,FRA,2023-24,"Clermont Foot,Monaco",D S,20,1472,1,1,1,7,3,0.276,0.276,0.046,1.975,1.916,4,0,569383,Chrislain Matsima,2002-05-15,21.3,193.0,right,Defender,Centre-Back,France,France,20,1476,1,1,"162,3524","AS Monaco,Clermont Foot 63",1476,6000000.0,7000000.0,0.999,1.0,0.997,same_club
8660,Jordan Lotomba,FRA,2023-24,Nice,D S,28,1822,1,1,0,11,12,1.352,1.352,1.38,4.949,3.488,4,0,313094,Jordan Lotomba,1998-09-29,24.92,177.0,right,Defender,Right-Back,Switzerland,Switzerland,28,1810,1,0,417,OGC Nice,1810,8000000.0,8000000.0,0.998,1.0,0.993,same_club
8664,Facundo Medina,FRA,2023-24,Lens,D S,31,2714,1,1,3,21,26,1.03,1.03,2.136,12.229,10.284,11,0,474800,Facundo Medina,1999-05-28,24.26,184.0,left,Defender,Centre-Back,Argentina,Argentina,31,2714,1,3,826,RC Lens,3329,22000000.0,25000000.0,1.0,1.0,1.0,same_club
8685,Mohamed Ali-Cho,FRA,2023-24,Nice,F S,17,875,1,1,2,18,14,1.171,1.171,1.544,5.678,3.318,2,0,670847,Mohamed-Ali Cho,2004-01-19,19.62,182.0,left,Attack,Right Winger,France,France,17,865,1,3,417,OGC Nice,1324,12000000.0,10000000.0,0.96,1.0,0.866,same_club
8685,Mohamed Ali-Cho,FRA,2023-24,Nice,F S,17,875,1,1,2,18,14,1.171,1.171,1.544,5.678,3.318,2,0,670847,Mohamed-Ali Cho,2004-01-19,19.62,182.0,left,Attack,Right Winger,France,France,17,865,1,3,417,OGC Nice,1324,12000000.0,10000000.0,0.997,1.0,0.989,same_club
8696,Pape Alassane Gueye,FRA,2023-24,Marseille,D M S,15,765,1,1,0,8,4,0.64,0.64,0.526,3.97,3.065,2,0,485963,Pape Gueye,1999-01-24,24.6,189.0,left,Midfield,Central Midfield,Senegal,France,15,766,1,0,244,Olympique Marseille,766,10000000.0,6000000.0,0.97,0.95,0.999,same_club
8702,Tinotenda Kadewere,FRA,2023-24,"Lyon,Nantes",F M S,25,1076,1,1,0,16,18,2.537,1.777,1.274,5.227,3.034,1,0,384060,Tino Kadewere,1996-01-05,27.66,183.0,right,Attack,Centre-Forward,Zimbabwe,Zimbabwe,25,1069,1,0,"995,1041","FC Nantes,Olympique Lyon",1069,4000000.0,2500000.0,0.968,0.95,0.993,same_club
8813,Tanguy Coulibaly,FRA,2023-24,Montpellier,F M S,16,620,1,1,0,16,9,2.271,2.271,1.061,4.566,1.42,2,0,618425,Tanguy Coulibaly,2001-02-18,22.53,179.0,left,Attack,Right Winger,France,France,16,622,1,1,969,Montpellier HSC,622,2500000.0,2000000.0,0.999,1.0,0.997,same_club
8973,Lorenz Assignon,FRA,2023-24,Rennes,D S,14,1010,1,1,1,11,20,0.464,0.464,1.762,5.593,4.569,4,0,711969,Lorenz Assignon,2000-06-22,23.19,181.0,right,Defender,Right-Back,France,France,14,1013,1,2,273,Stade Rennais FC,2612,5000000.0,10000000.0,0.997,1.0,0.991,same_club
8973,Lorenz Assignon,FRA,2023-24,Rennes,D S,14,1010,1,1,1,11,20,0.464,0.464,1.762,5.593,4.569,4,0,711969,Lorenz Assignon,2000-06-22,23.19,181.0,right,Defender,Right-Back,France,France,14,1013,1,2,273,Stade Rennais FC,2612,5000000.0,10000000.0,0.999,1.0,0.997,same_club
8980,Luis Henrique,FRA,2023-24,Marseille,D F M S,15,773,1,1,0,12,10,1.092,1.092,0.758,3.037,1.397,0,0,691316,Luis Henrique,2001-12-14,21.71,181.0,right,Midfield,Right Midfield,Brazil,Brazil,15,781,1,0,244,Olympique Marseille,1141,6000000.0,8000000.0,0.997,1.0,0.99,same_club
8981,Jéremy Doku,FRA,2023-24,Rennes,F S,2,110,1,1,0,6,3,1.192,1.192,0.194,2.211,0.906,0,0,486049,Jérémy Doku,2002-05-27,21.26,173.0,right,Attack,Left Winger,Belgium,Belgium,2,111,1,0,273,Stade Rennais FC,2260,28000000.0,65000000.0,0.996,1.0,0.986,same_club
8981,Jéremy Doku,FRA,2023-24,Rennes,F S,2,110,1,1,0,6,3,1.192,1.192,0.194,2.211,0.906,0,0,486049,Jérémy Doku,2002-05-27,21.26,173.0,right,Attack,Left Winger,Belgium,Belgium,2,111,1,0,273,Stade Rennais FC,2260,28000000.0,65000000.0,0.997,1.0,0.991,same_club
9092,Marvin Senaya,FRA,2023-24,Strasbourg,D S,32,2130,1,1,1,15,20,1.176,1.176,2.655,9.352,6.04,3,1,830890,Marvin Senaya,2001-01-28,22.59,181.0,right,Defender,Right-Back,Ghana,France,32,2139,1,1,667,RC Strasbourg Alsace,2139,900000.0,2000000.0,0.999,1.0,0.996,same_club
9250,Reda Khadra,FRA,2023-24,Reims,D F M S,29,1363,1,1,3,23,22,2.098,2.098,3.556,8.141,2.898,1,0,405686,Reda Khadra,2001-07-04,22.16,175.0,right,Midfield,Attacking Midfield,Germany,Germany,29,1364,1,3,1421,Stade Reims,1364,1400000.0,3000000.0,1.0,1.0,0.999,same_club
9487,Maxime Estève,FRA,2023-24,Montpellier,D,12,1002,1,1,1,6,5,0.433,0.433,0.246,1.145,1.072,1,1,842341,Maxime Estève,2002-05-26,21.27,193.0,left,Defender,Centre-Back,France,France,12,998,1,1,969,Montpellier HSC,2310,7000000.0,7000000.0,1.0,1.0,0.998,same_club
9487,Maxime Estève,FRA,2023-24,Montpellier,D,12,1002,1,1,1,6,5,0.433,0.433,0.246,1.145,1.072,1,1,842341,Maxime Estève,2002-05-26,21.27,193.0,left,Defender,Centre-Back,France,France,12,998,1,1,969,Montpellier HSC,2310,7000000.0,7000000.0,0.999,1.0,0.996,same_club
9491,Warmed Omari,FRA,2023-24,Rennes,D S,25,2077,1,1,0,3,5,0.648,0.648,0.285,5.751,5.701,5,1,711996,Warmed Omari,2000-04-23,23.36,188.0,right,Defender,Centre-Back,Comoros,Mayotte,25,2071,1,0,273,Stade Rennais FC,2611,9000000.0,8000000.0,0.999,1.0,0.997,same_club
9510,Habib Keita,FRA,2023-24,Clermont Foot,M S,27,1264,1,1,0,20,10,0.638,0.638,0.689,4.81,4.056,4,0,669000,Habib Keïta,2002-02-05,21.57,182.0,left,Midfield,Central Midfield,Mali,Mali,27,1274,1,0,3524,Clermont Foot 63,1274,650000.0,1000000.0,0.998,1.0,0.992,same_club
9523,Andy Diouf,FRA,2023-24,Lens,M S,25,1351,1,1,0,28,21,1.498,1.498,1.1,8.886,7.491,2,0,711976,Andy Diouf,2003-05-17,20.29,187.0,left,Midfield,Central Midfield,France,France,25,1320,1,0,826,RC Lens,1436,7000000.0,9000000.0,0.993,1.0,0.977,same_club
9612,Myron Boadu,FRA,2023-24,Monaco,S,9,71,1,1,0,2,0,0.787,0.787,0.0,0.787,0.0,0,0,412932,Myron Boadu,2001-01-14,22.63,183.0,right,Attack,Centre-Forward,Netherlands,Netherlands,9,80,1,0,162,AS Monaco,374,7000000.0,5000000.0,0.97,1.0,0.9,same_club
9631,Christopher Wooh,FRA,2023-24,Rennes,D S,18,1385,1,1,0,10,5,1.629,1.629,0.448,3.017,2.612,3,1,572326,Christopher Wooh,2001-09-18,21.95,191.0,right,Defender,Centre-Back,Cameroon,France,18,1388,1,0,273,Stade Rennais FC,1658,6000000.0,6000000.0,0.999,1.0,0.998,same_club
9640,Florent Ogier,FRA,2023-24,Clermont Foot,D S,14,921,1,1,1,6,1,0.229,0.229,0.565,1.831,1.831,1,0,91473,Florent Ogier,1989-03-21,34.45,183.0,right,Defender,Centre-Back,France,France,14,941,1,1,3524,Clermont Foot 63,941,450000.0,300000.0,0.994,1.0,0.979,same_club
9778,Henrique,FRA,2023-24,Lyon,D M S,11,607,1,1,0,8,5,0.416,0.416,0.506,2.36,1.568,2,0,204072,Henrique Silva,1994-04-25,29.35,173.0,left,Defender,Left-Back,Brazil,Brazil,11,606,1,0,1041,Olympique Lyon,606,1000000.0,1000000.0,0.97,0.95,0.998,same_club
9944,Gabriel Gudmundsson,FRA,2023-24,Lille,D F M S,25,1253,1,1,0,15,13,1.589,1.589,1.378,5.163,2.623,2,0,362108,Gabriel Gudmundsson,1999-04-29,24.34,181.0,left,Defender,Left-Back,Sweden,Sweden,25,1263,1,0,1082,LOSC Lille,1353,4500000.0,5000000.0,0.998,1.0,0.992,same_club
9961,Nuno Mendes,FRA,2023-24,Paris Saint Germain,D S,6,259,1,1,1,4,3,0.37,0.37,0.853,2.618,2.049,3,0,616341,Nuno Mendes,2002-06-19,21.2,177.0,left,Defender,Left-Back,Portugal,Portugal,6,266,1,1,583,Paris Saint-Germain,688,65000000.0,55000000.0,0.992,1.0,0.974,same_club
9978,Azor Matusiwa,FRA,2023-24,"Reims,Rennes",M S,28,2186,1,1,1,18,25,1.14,1.14,1.124,9.342,8.34,5,0,315145,Azor Matusiwa,1998-04-28,25.34,173.0,right,Midfield,Defensive Midfield,Netherlands,Netherlands,28,2183,1,1,"273,1421","Stade Rennais FC,Stade Reims",2292,7500000.0,12000000.0,1.0,1.0,0.999,same_club
10005,Joshua Wilson-Esbrand,FRA,2023-24,Reims,D M S,11,460,1,1,1,4,5,0.191,0.191,1.229,1.477,0.968,1,0,576121,Josh Wilson-Esbrand,2002-12-26,20.68,176.0,left,Defender,Left-Back,England,England,11,460,1,1,1421,Stade Reims,460,1500000.0,4000000.0,0.97,0.95,1.0,same_club
10132,Yohann Magnin,FRA,2023-24,Clermont Foot,D F M S,31,1654,1,1,0,14,9,1.621,1.621,1.018,5.417,3.448,2,0,594997,Yohann Magnin,1997-06-21,26.2,183.0,right,Midfield,Defensive Midfield,France,France,31,1679,1,0,3524,Clermont Foot 63,1679,2500000.0,2000000.0,0.996,1.0,0.985,same_club
10439,Didier Lamkel Zé,FRA,2023-24,Metz,F M S,9,560,1,1,0,11,6,1.214,1.214,0.594,2.837,1.185,1,0,442320,Didier Lamkel Zé,1996-09-17,26.95,189.0,right,Attack,Left Winger,Cameroon,Cameroon,9,552,1,0,347,FC Metz,1499,800000.0,1000000.0,0.996,1.0,0.986,same_club
10581,Junior Mwanga,FRA,2023-24,Strasbourg,F M S,22,1474,1,1,1,20,13,1.113,1.113,0.943,4.572,3.237,3,0,1011200,Junior Mwanga,2003-05-11,20.31,184.0,both,Midfield,Defensive Midfield,France,France,22,1456,1,1,667,RC Strasbourg Alsace,1456,4000000.0,7000000.0,0.996,1.0,0.988,same_club
10781,Mateusz Wieteska,FRA,2023-24,Clermont Foot,D,2,180,1,1,0,3,0,0.081,0.081,0.0,0.765,0.765,0,0,208172,Mateusz Wieteska,1997-02-11,26.55,187.0,right,Defender,Centre-Back,Poland,Poland,2,175,1,0,3524,Clermont Foot 63,1344,3000000.0,3000000.0,0.992,1.0,0.972,same_club
10781,Mateusz Wieteska,FRA,2023-24,Clermont Foot,D,2,180,1,1,0,3,0,0.081,0.081,0.0,0.765,0.765,0,0,208172,Mateusz Wieteska,1997-02-11,26.55,187.0,right,Defender,Centre-Back,Poland,Poland,2,175,1,0,3524,Clermont Foot 63,1344,3000000.0,3000000.0,0.998,1.0,0.995,same_club
10811,Ismaily,FRA,2023-24,Lille,D S,30,2479,1,1,1,7,10,0.559,0.559,1.493,8.811,7.801,1,0,124028,Ismaily,1990-01-11,33.64,177.0,left,Defender,Left-Back,Brazil,Brazil,30,2467,1,1,1082,LOSC Lille,2587,2500000.0,1800000.0,0.999,1.0,0.995,same_club
10844,Darline Yongwa,FRA,2023-24,Lorient,D S,22,1140,1,1,1,15,12,1.031,1.031,1.502,4.639,2.833,3,0,717118,Darlin Yongwa,2000-09-22,22.94,177.0,left,Defender,Left-Back,Cameroon,Cameroon,22,1152,1,1,1158,FC Lorient,1152,1200000.0,1500000.0,0.975,0.963,0.99,same_club
10854,Souleymane Isaak Touré,FRA,2023-24,Lorient,D S,24,2052,1,1,1,18,7,2.045,2.045,0.416,7.044,6.051,6,0,708678,Isaak Touré,2003-03-28,20.43,206.0,left,Defender,Centre-Back,France,France,24,2052,1,1,1158,FC Lorient,2052,6000000.0,7000000.0,0.97,0.95,1.0,same_club
10856,Emmanuel Agbadou,FRA,2023-24,Reims,D S,32,2601,1,1,1,33,12,2.313,2.313,1.051,9.483,8.557,1,0,683895,Emmanuel Agbadou,1997-06-17,26.21,185.0,right,Defender,Centre-Back,Cote d'Ivoire,Cote d'Ivoire,32,2595,1,1,1421,Stade Reims,2595,7500000.0,9000000.0,0.999,1.0,0.998,same_club
11006,Mohamed Camara,FRA,2023-24,Monaco,M S,20,1073,1,0,2,14,14,1.595,0.835,0.487,6.617,5.58,4,0,543382,Mohamed Camara,2000-01-06,23.65,173.0,right,Midfield,Defensive Midfield,Mali,Mali,20,1041,1,2,162,AS Monaco,1041,30000000.0,20000000.0,0.991,1.0,0.97,same_club
11062,Badredine Bouanani,FRA,2023-24,"Lorient,Nice",F M S,18,583,1,1,0,19,15,1.371,1.371,1.345,4.55,2.493,0,0,707242,Badredine Bouanani,2004-12-08,18.73,177.0,left,Attack,Right Winger,Algeria,France,18,595,1,0,"417,1158","OGC Nice,FC Lorient",595,6000000.0,5000000.0,0.994,1.0,0.98,same_club
11090,Siriné Doucouré,FRA,2023-24,Lorient,F S,11,422,1,1,3,9,10,1.078,1.078,1.028,2.625,1.155,2,0,802747,Siriné Doucouré,2002-04-08,21.4,193.0,right,Attack,Centre-Forward,Mali,France,11,422,1,3,1158,FC Lorient,422,500000.0,1000000.0,1.0,1.0,1.0,same_club
11182,Ayman Kari,FRA,2023-24,Lorient,F M S,14,920,1,1,1,7,13,1.07,1.07,1.005,3.734,2.589,1,0,810093,Ayman Kari,2004-11-19,18.78,176.0,right,Midfield,Central Midfield,France,France,14,902,1,1,1158,FC Lorient,902,1000000.0,4000000.0,0.994,1.0,0.98,same_club
11387,Cheick Konate,FRA,2023-24,Clermont Foot,D S,19,1065,1,1,1,14,16,0.574,0.574,1.92,3.295,1.503,4,0,1108145,Cheick Oumar Konaté,2004-04-02,19.41,173.0,right,Defender,Right-Back,Mali,Mali,19,1068,1,1,3524,Clermont Foot 63,1068,1000000.0,1500000.0,0.969,0.95,0.997,same_club
11399,Jeffinho,FRA,2023-24,Lyon,F M S,10,293,1,1,1,11,6,1.284,1.284,0.929,2.414,0.394,0,0,884072,Jeffinho,1999-12-30,23.67,176.0,right,Attack,Left Winger,Brazil,Brazil,10,304,1,2,1041,Olympique Lyon,304,8000000.0,5000000.0,0.989,1.0,0.964,same_club
11515,Tom Louchet,FRA,2023-24,Nice,D F M S,13,381,1,1,1,2,8,1.006,1.006,1.014,2.043,1.0,1,0,750904,Tom Louchet,2003-05-04,20.33,178.0,both,Midfield,Right Midfield,France,France,13,399,1,2,417,OGC Nice,399,100000.0,3000000.0,0.986,1.0,0.955,same_club
11750,Emran Soglo,FRA,2023-24,Marseille,M S,3,118,1,1,1,1,2,0.063,0.063,0.059,0.847,0.725,1,0,913495,Emran Soglo,2005-07-11,18.14,178.0,left,Defender,Left-Back,England,France,3,111,1,1,244,Olympique Marseille,200,,1000000.0,0.982,1.0,0.941,same_club
11751,Joseph Okumu,FRA,2023-24,Reims,D S,21,1737,1,1,0,11,0,1.165,1.165,0.0,6.22,6.204,3,0,453376,Joseph Okumu,1997-05-26,26.27,190.0,right,Defender,Centre-Back,Kenya,Kenya,21,1743,1,0,1421,Stade Reims,1743,4000000.0,9000000.0,0.999,1.0,0.997,same_club
11756,Tiago Santos,FRA,2023-24,Lille,D S,29,2362,1,1,2,33,27,1.254,1.254,2.645,10.692,8.113,6,0,816580,Tiago Santos,2002-07-23,21.11,175.0,right,Defender,Right-Back,Portugal,Portugal,29,2363,1,2,1082,LOSC Lille,2549,3500000.0,15000000.0,1.0,1.0,1.0,same_club
11765,Óscar Cortés,FRA,2023-24,Lens,S,4,30,1,1,1,1,1,0.443,0.443,0.611,1.054,0.0,0,0,975689,Óscar Cortés,2003-12-03,19.75,178.0,right,Attack,Left Winger,Colombia,Colombia,4,40,1,1,826,RC Lens,419,4200000.0,3500000.0,0.967,1.0,0.889,same_club
11777,Cristian Cásseres Jr.,FRA,2023-24,Toulouse,M S,32,1964,1,1,3,15,14,1.449,1.449,2.04,7.773,5.091,1,0,467632,Cristian Cásseres Jr.,2000-01-20,23.61,176.0,right,Midfield,Central Midfield,Venezuela,Venezuela,32,1950,1,3,415,FC Toulouse,2526,3500000.0,4000000.0,0.998,1.0,0.993,same_club
11779,César Gelabert,FRA,2023-24,Toulouse,F M S,16,771,1,1,2,14,14,0.999,0.999,1.647,4.528,2.194,1,0,505308,César Gelabert,2000-10-31,22.83,182.0,right,Midfield,Attacking Midfield,Spain,Spain,16,757,1,2,415,FC Toulouse,1018,700000.0,1500000.0,0.995,1.0,0.982,same_club
11784,Lucas Mincarelli Davin,FRA,2023-24,Montpellier,D S,13,996,1,1,1,6,4,0.519,0.519,0.711,2.026,0.916,1,1,982393,Lucas Mincarelli,2004-01-05,19.66,180.0,left,Defender,Left-Back,France,France,13,983,1,1,969,Montpellier HSC,983,,1000000.0,0.966,0.95,0.987,same_club
11799,Lamine Camara,FRA,2023-24,Metz,M S,31,2277,1,1,4,30,40,1.856,1.095,3.525,4.857,3.607,3,0,918969,Lamine Camara,2004-01-01,19.67,174.0,right,Midfield,Central Midfield,Senegal,Senegal,31,2266,1,4,347,FC Metz,2266,200000.0,10000000.0,0.999,1.0,0.995,same_club
11800,Arthur Atta,FRA,2023-24,Metz,M S,21,915,1,1,2,9,12,1.007,1.007,1.934,4.284,1.917,0,0,855308,Arthur Atta,2003-01-14,20.63,189.0,right,Midfield,Central Midfield,France,France,21,917,1,2,347,FC Metz,917,500000.0,1000000.0,0.999,1.0,0.998,same_club
11805,Simon Elisor,FRA,2023-24,Metz,F S,14,785,1,1,0,14,11,2.055,1.295,0.849,3.154,1.259,1,0,804661,Simon Elisor,1999-07-22,24.11,185.0,left,Attack,Centre-Forward,France,France,14,769,1,0,347,FC Metz,769,800000.0,1000000.0,0.994,1.0,0.98,same_club
11808,Andrey Santos,FRA,2023-24,Strasbourg,M S,11,826,1,1,0,12,6,1.014,1.014,0.588,2.865,1.606,3,0,743600,Andrey Santos,2004-05-03,19.33,180.0,right,Midfield,Central Midfield,Brazil,Brazil,11,831,1,0,667,RC Strasbourg Alsace,838,15000000.0,15000000.0,0.987,1.0,0.956,same_club
11808,Andrey Santos,FRA,2023-24,Strasbourg,M S,11,826,1,1,0,12,6,1.014,1.014,0.588,2.865,1.606,3,0,743600,Andrey Santos,2004-05-03,19.33,180.0,right,Midfield,Central Midfield,Brazil,Brazil,11,831,1,0,667,RC Strasbourg Alsace,838,15000000.0,15000000.0,0.998,1.0,0.994,same_club
12000,Ibou Sané,FRA,2023-24,Metz,S,9,104,1,1,0,2,1,0.496,0.496,0.029,0.587,0.072,1,0,1111776,Ibou Sané,2005-03-28,18.43,179.0,right,Attack,Centre-Forward,Senegal,Senegal,9,121,1,0,347,FC Metz,121,,300000.0,0.958,1.0,0.86,same_club
12013,Skelly Alvero,FRA,2023-24,Lyon,M S,8,432,1,1,0,9,1,0.501,0.501,0.038,1.02,0.631,2,0,855134,Skelly Alvero,2002-05-04,21.33,202.0,right,Midfield,Defensive Midfield,France,France,8,426,1,0,1041,Olympique Lyon,546,3000000.0,4000000.0,0.996,1.0,0.986,same_club
12013,Skelly Alvero,FRA,2023-24,Lyon,M S,8,432,1,1,0,9,1,0.501,0.501,0.038,1.02,0.631,2,0,855134,Skelly Alvero,2002-05-04,21.33,202.0,right,Midfield,Defensive Midfield,France,France,8,426,1,0,1041,Olympique Lyon,546,3000000.0,4000000.0,0.992,1.0,0.975,same_club
12038,Fabian Rieder,FRA,2023-24,Rennes,M S,15,342,1,1,0,5,4,0.462,0.462,0.553,1.129,0.2,0,0,507341,Fabian Rieder,2002-02-16,21.54,181.0,left,Midfield,Attacking Midfield,Switzerland,Switzerland,15,355,1,0,273,Stade Rennais FC,671,15000000.0,8000000.0,0.989,1.0,0.963,same_club
12048,Kévin Van Den Kerkhof,FRA,2023-24,Metz,D F M S,29,1922,1,1,2,20,21,1.194,1.194,2.951,6.07,2.922,2,0,400680,Kevin Van Den Kerkhof,1996-03-14,27.47,190.0,right,Defender,Right-Back,Algeria,France,29,1918,1,2,347,FC Metz,1918,2000000.0,3000000.0,0.999,1.0,0.998,same_club
12104,Neil El Aynaoui,FRA,2023-24,Lens,M S,25,1569,1,1,2,22,16,2.567,2.567,1.084,6.94,4.417,1,0,901019,Neil El Aynaoui,2001-07-02,22.17,185.0,right,Midfield,Central Midfield,Morocco,France,25,1568,1,3,826,RC Lens,1913,700000.0,8000000.0,1.0,1.0,0.999,same_club
12184,Ibrahim Cissoko,FRA,2023-24,Toulouse,M S,11,221,1,1,1,8,6,0.927,0.927,0.369,1.34,0.469,1,0,575693,Ibrahim Cissoko,2003-03-26,20.44,188.0,right,Attack,Left Winger,Netherlands,Netherlands,11,239,1,1,415,FC Toulouse,320,2500000.0,1500000.0,0.977,1.0,0.925,same_club
12186,Kassoum Ouattara,FRA,2023-24,Monaco,D M S,14,633,1,1,0,8,6,0.906,0.906,1.099,2.958,1.358,2,0,947360,Kassoum Ouattara,2004-10-14,18.88,184.0,left,Defender,Left-Back,France,France,14,634,1,0,162,AS Monaco,634,500000.0,8000000.0,1.0,1.0,0.998,same_club
12192,Othmane Maamma,FRA,2023-24,Montpellier,F S,2,90,1,1,0,3,3,0.488,0.488,0.495,0.962,0.396,0,0,1081219,Othmane Maamma,2005-10-06,17.9,182.0,both,Attack,Right Winger,Morocco,France,2,88,1,0,969,Montpellier HSC,88,,300000.0,0.993,1.0,0.978,same_club
12346,Beraldo,FRA,2023-24,Paris Saint Germain,D S,13,1015,1,1,0,5,4,1.084,1.084,0.244,4.045,4.008,4,1,872171,Lucas Beraldo,2003-11-24,19.77,186.0,left,Defender,Centre-Back,Brazil,Brazil,13,1010,1,0,583,Paris Saint-Germain,1437,6000000.0,30000000.0,0.999,1.0,0.995,same_club
12367,Gift Orban,FRA,2023-24,Lyon,F S,13,465,1,1,0,8,0,1.301,1.301,0.0,3.229,2.114,2,0,1018259,Gift Orban,2002-07-17,21.13,178.0,right,Attack,Centre-Forward,Nigeria,Nigeria,13,473,1,0,1041,Olympique Lyon,1658,20000000.0,15000000.0,0.995,1.0,0.983,same_club
12381,Panos Katseris,FRA,2023-24,Lorient,D S,15,1059,1,1,1,17,9,2.21,2.21,0.875,4.749,1.872,4,0,816308,Panos Katseris,2001-07-05,22.16,187.0,right,Midfield,Right Midfield,Greece,Greece,15,1049,1,1,1158,FC Lorient,1049,100000.0,2500000.0,0.997,1.0,0.991,same_club
12389,Shavy Babicka,FRA,2023-24,Toulouse,F M S,12,364,1,1,0,8,2,0.953,0.953,0.192,1.556,0.506,0,0,916920,Shavy Babicka,2000-06-01,23.25,179.0,right,Attack,Right Winger,Gabon,Gabon,12,367,1,0,415,FC Toulouse,1026,800000.0,2000000.0,0.998,1.0,0.992,same_club
12402,Yoram Zague,FRA,2023-24,Paris Saint Germain,D S,5,368,1,1,0,2,3,0.607,0.607,0.341,2.492,1.586,1,0,1047097,Yoram Zague,2006-05-15,17.3,168.0,right,Defender,Right-Back,France,France,5,372,1,0,583,Paris Saint-Germain,372,,2500000.0,0.997,1.0,0.989,same_club
399,Ulisses García,FRA,2023-24,Marseille,D S,13,904,0,0,0,11,8,0.405,0.405,1.06,4.882,4.345,0,0,192616,Ulisses Garcia,1996-01-11,27.64,182.0,left,Defender,Left-Back,Switzerland,Portugal,13,905,0,0,244,Olympique Marseille,1410,2700000.0,4000000.0,1.0,1.0,0.999,same_club
485,Mamadou Sakho,FRA,2023-24,Montpellier,S,1,4,0,0,0,0,0,0.0,0.0,0.0,0.074,0.074,0,0,47713,Mamadou Sakho,1990-02-13,33.55,187.0,left,Defender,Centre-Back,France,France,1,6,0,0,969,Montpellier HSC,6,2500000.0,800000.0,0.993,1.0,0.978,same_club
602,Dejan Lovren,FRA,2023-24,Lyon,D S,10,728,0,0,0,6,1,0.728,0.728,0.017,1.125,1.107,2,1,37838,Dejan Lovren,1989-07-05,34.16,188.0,right,Defender,Centre-Back,Croatia,Jugoslawien (SFR),10,721,0,0,1041,Olympique Lyon,721,2500000.0,1200000.0,0.997,1.0,0.99,same_club
697,Nemanja Matic,FRA,2023-24,"Lyon,Rennes",M S,28,2294,0,0,0,11,19,0.726,0.726,1.153,10.501,9.544,9,0,74683,Nemanja Matić,1988-08-01,35.08,194.0,left,Midfield,Defensive Midfield,Serbia,Jugoslawien (SFR),28,2288,0,0,"273,1041","Stade Rennais FC,Olympique Lyon",2726,4000000.0,3000000.0,0.999,1.0,0.997,same_club
726,Vito Mannone,FRA,2023-24,Lille,GK S,2,91,0,0,0,0,0,0.0,0.0,0.0,0.0,0.0,0,0,33781,Vito Mannone,1988-03-02,35.5,188.0,right,Goalkeeper,Goalkeeper,Italy,Italy,2,91,0,0,1082,LOSC Lille,91,300000.0,200000.0,1.0,1.0,1.0,same_club
772,Moussa Sissoko,FRA,2023-24,Nantes,F M S,26,1832,0,0,0,10,14,1.25,1.25,1.287,6.023,3.961,7,0,46001,Moussa Sissoko,1989-08-16,34.04,187.0,right,Midfield,Central Midfield,France,France,26,1824,0,0,995,FC Nantes,1824,2500000.0,1200000.0,0.999,1.0,0.996,same_club
914,Nabil Bentaleb,FRA,2023-24,Lille,M S,26,1975,0,0,3,10,14,0.294,0.294,0.69,7.288,6.598,7,0,245537,Nabil Bentaleb,1994-11-24,28.77,189.0,left,Midfield,Defensive Midfield,Algeria,France,26,1967,0,3,1082,LOSC Lille,1967,7000000.0,10000000.0,0.999,1.0,0.996,same_club
943,Massadio Haidara,FRA,2023-24,Lens,D S,18,719,0,0,1,3,1,0.158,0.158,0.244,1.473,1.071,1,0,170929,Massadio Haïdara,1992-12-02,30.75,179.0,left,Defender,Left-Back,Mali,France,18,735,0,1,826,RC Lens,979,3000000.0,2000000.0,0.993,1.0,0.978,same_club
1116,Gianluigi Donnarumma,FRA,2023-24,Paris Saint Germain,GK,25,2169,0,0,0,0,0,0.0,0.0,0.0,5.924,5.924,3,1,315858,Gianluigi Donnarumma,1999-02-25,24.51,196.0,right,Goalkeeper,Goalkeeper,Italy,Italy,25,2170,0,0,583,Paris Saint-Germain,3340,45000000.0,40000000.0,1.0,1.0,1.0,same_club
1223,Milan Skriniar,FRA,2023-24,Paris Saint Germain,D S,24,1613,0,0,0,3,1,0.141,0.141,0.035,9.251,9.251,1,0,204069,Milan Škriniar,1995-02-11,28.55,187.0,right,Defender,Centre-Back,Slovakia,Slovakia,24,1624,0,0,583,Paris Saint-Germain,2234,50000000.0,30000000.0,0.998,1.0,0.993,same_club
1516,Geoffrey Kondogbia,FRA,2023-24,Marseille,M S,26,1442,0,0,0,8,10,0.375,0.375,0.735,4.446,4.012,3,0,127189,Geoffrey Kondogbia,1993-02-15,30.54,188.0,left,Midfield,Defensive Midfield,Central African Republic,France,26,1458,0,0,244,Olympique Marseille,2620,14000000.0,12000000.0,0.997,1.0,0.989,same_club
1670,Steve Mandanda,FRA,2023-24,Rennes,GK,34,3060,0,0,0,0,0,0.0,0.0,0.0,4.258,4.258,1,0,23951,Steve Mandanda,1985-03-28,38.43,187.0,right,Goalkeeper,Goalkeeper,France,Zaire,34,3060,0,0,273,Stade Rennais FC,3690,1000000.0,800000.0,1.0,1.0,1.0,same_club
1785,Nampalys Mendy,FRA,2023-24,Lens,M S,16,1066,0,0,1,7,8,0.161,0.161,1.63,6.372,5.254,2,0,111051,Nampalys Mendy,1992-06-23,31.19,168.0,right,Midfield,Defensive Midfield,Senegal,France,16,1057,0,1,826,RC Lens,1430,2500000.0,3000000.0,0.997,1.0,0.992,same_club
1809,Joaquín Correa,FRA,2023-24,Marseille,F M S,12,434,0,0,0,4,5,0.583,0.583,0.643,1.867,0.854,2,0,227081,Joaquín Correa,1994-08-13,29.05,188.0,right,Attack,Second Striker,Argentina,Argentina,12,431,0,0,244,Olympique Marseille,682,12000000.0,6000000.0,0.998,1.0,0.993,same_club
1932,Sanjin Prcic,FRA,2023-24,Strasbourg,M S,3,90,0,0,0,1,3,0.011,0.011,0.228,0.985,0.768,0,0,125783,Sanjin Prcic,1993-11-20,29.78,181.0,right,Midfield,Central Midfield,Bosnia-Herzegovina,France,3,88,0,0,667,RC Strasbourg Alsace,88,3000000.0,1200000.0,0.993,1.0,0.978,same_club
2107,Pau López,FRA,2023-24,Marseille,GK,33,2943,0,0,0,0,2,0.0,0.0,0.387,6.892,6.505,1,0,286415,Pau López,1994-12-13,28.72,189.0,left,Goalkeeper,Goalkeeper,Spain,Spain,33,2940,0,0,244,Olympique Marseille,4350,14000000.0,10000000.0,1.0,1.0,0.999,same_club
2243,Keylor Navas,FRA,2023-24,Paris Saint Germain,GK,4,360,0,0,0,0,0,0.0,0.0,0.0,0.315,0.315,0,0,79422,Keylor Navas,1986-12-15,36.71,185.0,right,Goalkeeper,Goalkeeper,Costa Rica,Costa Rica,4,360,0,0,583,Paris Saint-Germain,360,4000000.0,1500000.0,1.0,1.0,1.0,same_club
2293,Rubén Blanco,FRA,2023-24,Marseille,GK S,2,117,0,0,0,0,0,0.0,0.0,0.0,0.271,0.271,0,0,199321,Rubén Blanco,1995-07-25,28.1,188.0,right,Goalkeeper,Goalkeeper,Spain,Spain,2,120,0,0,244,Olympique Marseille,211,4000000.0,2000000.0,0.992,1.0,0.975,same_club
3201,Alban Lafont,FRA,2023-24,Nantes,GK,28,2501,0,0,0,0,0,0.0,0.0,0.0,2.201,2.201,2,0,357117,Alban Lafont,1999-01-23,24.61,196.0,right,Goalkeeper,Goalkeeper,Cote d'Ivoire,Burkina Faso,28,2497,0,0,995,FC Nantes,2497,16000000.0,9000000.0,1.0,1.0,0.998,same_club
3233,Mehdi Zeffane,FRA,2023-24,Clermont Foot,D S,23,1254,0,0,0,19,9,1.455,1.455,0.382,4.35,3.004,2,0,118303,Mehdi Zeffane,1992-05-19,31.29,176.0,right,Defender,Right-Back,Algeria,France,23,1235,0,1,3524,Clermont Foot 63,1235,450000.0,500000.0,0.995,1.0,0.985,same_club
3269,Anthony Lopes,FRA,2023-24,Lyon,GK,31,2790,0,0,0,0,1,0.0,0.0,0.271,3.393,3.122,0,0,60561,Anthony Lopes,1990-10-01,32.92,184.0,left,Goalkeeper,Goalkeeper,Portugal,France,31,2790,0,0,1041,Olympique Lyon,2790,8000000.0,4000000.0,1.0,1.0,1.0,same_club
3283,Mathieu Gorgelin,FRA,2023-24,Le Havre,GK,1,90,0,0,0,0,0,0.0,0.0,0.0,0.0,0.0,1,0,60543,Mathieu Gorgelin,1990-08-05,33.07,187.0,left,Goalkeeper,Goalkeeper,France,France,1,90,0,0,738,Le Havre AC,90,200000.0,200000.0,1.0,1.0,1.0,same_club
3290,Benjamin Stambouli,FRA,2023-24,Reims,M S,7,282,0,0,1,2,3,0.044,0.044,0.098,0.458,0.42,4,0,127160,Benjamin Stambouli,1990-08-13,33.05,180.0,right,Midfield,Defensive Midfield,France,France,7,286,0,1,1421,Stade Reims,2223,1200000.0,700000.0,0.996,1.0,0.986,same_club
3297,Marquinhos,FRA,2023-24,Paris Saint Germain,D S,21,1549,0,0,1,4,9,0.278,0.278,0.722,10.214,9.713,1,0,181767,Marquinhos,1994-05-14,29.3,183.0,right,Defender,Centre-Back,Brazil,Brazil,21,1540,0,1,583,Paris Saint-Germain,2530,65000000.0,50000000.0,0.998,1.0,0.994,same_club
3298,Layvin Kurzawa,FRA,2023-24,Paris Saint Germain,S,1,6,0,0,0,0,0,0.0,0.0,0.0,0.0,0.0,0,0,126710,Layvin Kurzawa,1992-09-04,30.99,182.0,left,Defender,Left-Back,France,France,1,8,0,0,583,Paris Saint-Germain,8,3000000.0,1800000.0,0.993,1.0,0.978,same_club
3318,Jean-Louis Leca,FRA,2023-24,Lens,GK,1,90,0,0,0,0,0,0.0,0.0,0.0,0.041,0.041,0,0,27490,Jean-Louis Leca,1985-09-21,37.94,180.0,right,Goalkeeper,Goalkeeper,France,France,1,90,0,0,826,RC Lens,90,200000.0,200000.0,1.0,1.0,1.0,same_club
3346,Jonas Martin,FRA,2023-24,Brest,M S,31,1176,0,0,1,10,15,0.607,0.607,1.383,5.374,4.072,5,0,127142,Jonas Martin,1990-04-09,33.4,184.0,right,Midfield,Defensive Midfield,France,France,31,1192,0,1,3911,Stade Brestois 29,1192,1500000.0,1000000.0,0.996,1.0,0.987,same_club
3398,Rémy Riou,FRA,2023-24,Lyon,GK,3,270,0,0,0,0,0,0.0,0.0,0.0,0.212,0.212,0,0,18940,Rémy Riou,1987-08-06,36.07,191.0,right,Goalkeeper,Goalkeeper,France,France,3,270,0,0,1041,Olympique Lyon,270,400000.0,250000.0,1.0,1.0,1.0,same_club
3448,Alois Confais,FRA,2023-24,Le Havre,S,2,5,0,0,0,0,0,0.0,0.0,0.0,0.0,0.0,0,0,292820,Aloïs Confais,1996-09-07,26.98,174.0,right,Midfield,Defensive Midfield,France,France,2,6,0,0,738,Le Havre AC,6,300000.0,250000.0,0.997,1.0,0.989,same_club
3451,Benjamin Lecomte,FRA,2023-24,Montpellier,GK,30,2700,0,0,1,0,2,0.0,0.0,0.26,2.862,2.601,1,0,127181,Benjamin Lecomte,1991-04-26,32.35,186.0,left,Goalkeeper,Goalkeeper,France,France,30,2700,0,1,969,Montpellier HSC,2700,4000000.0,3500000.0,1.0,1.0,1.0,same_club
3502,Denis Petric,FRA,2023-24,Nantes,S,1,19,0,0,0,0,0,0.0,0.0,0.0,0.0,0.0,0,0,28356,Denis Petric,1988-05-24,35.27,186.0,right,Goalkeeper,Goalkeeper,Slovenia,Jugoslawien (SFR),1,23,0,0,995,FC Nantes,23,150000.0,100000.0,0.987,1.0,0.956,same_club
3517,Ronael Pierre Gabriel,FRA,2023-24,Nantes,D S,12,587,0,0,0,7,2,0.271,0.271,0.748,1.437,0.542,3,0,410185,Ronaël Pierre-Gabriel,1998-06-13,25.22,177.0,right,Defender,Right-Back,France,France,12,594,0,0,995,FC Nantes,594,3500000.0,3500000.0,0.996,1.0,0.988,same_club
3536,Jean-Victor Makengo,FRA,2023-24,Lorient,F M S,11,476,0,0,0,5,1,0.183,0.183,0.266,2.062,1.647,0,0,322305,Jean-Victor Makengo,1998-06-12,25.22,177.0,left,Midfield,Attacking Midfield,France,France,11,478,0,0,1158,FC Lorient,478,10000000.0,6000000.0,0.999,1.0,0.996,same_club
3567,Samuel Umtiti,FRA,2023-24,Lille,D S,6,184,0,0,0,0,0,0.0,0.0,0.0,0.648,0.648,0,0,126540,Samuel Umtiti,1993-11-14,29.8,182.0,left,Defender,Centre-Back,France,Cameroon,6,182,0,0,1082,LOSC Lille,187,4000000.0,2500000.0,0.997,1.0,0.989,same_club
3591,Dimitry Bertaud,FRA,2023-24,Montpellier,GK,4,360,0,0,0,0,0,0.0,0.0,0.0,0.074,0.074,0,0,371816,Dimitry Bertaud,1998-06-06,25.24,183.0,right,Goalkeeper,Goalkeeper,DR Congo,France,4,360,0,0,969,Montpellier HSC,360,1500000.0,1200000.0,1.0,1.0,1.0,same_club
3657,Kevin N&#039;Doram,FRA,2023-24,Metz,M S,23,1611,0,0,2,7,7,0.283,0.283,0.529,1.963,1.487,4,0,342209,Kévin N'Doram,1996-01-22,27.61,184.0,right,Midfield,Defensive Midfield,France,France,23,1604,0,2,347,FC Metz,1604,1500000.0,1500000.0,0.969,0.95,0.996,same_club
3670,Nicolas Pallois,FRA,2023-24,Nantes,D S,23,1581,0,0,1,4,3,0.208,0.208,0.53,2.895,2.807,5,0,139279,Nicolas Pallois,1987-09-19,35.95,189.0,left,Defender,Centre-Back,France,France,23,1587,0,1,995,FC Nantes,1587,900000.0,600000.0,0.999,1.0,0.996,same_club
3673,Valentin Rongier,FRA,2023-24,Marseille,M,10,862,0,0,0,10,9,0.473,0.473,0.736,5.079,4.197,2,0,332889,Valentin Rongier,1994-12-07,28.73,173.0,right,Midfield,Central Midfield,France,France,10,853,0,0,244,Olympique Marseille,1266,22000000.0,12000000.0,0.997,1.0,0.99,same_club
3785,Kelvin Adou,FRA,2023-24,Nantes,D S,12,813,0,0,1,1,5,0.03,0.03,1.012,2.17,1.498,2,0,344072,Kelvin Amian,1998-02-08,25.56,180.0,right,Defender,Right-Back,France,France,12,800,0,1,995,FC Nantes,920,3800000.0,2500000.0,0.813,0.696,0.984,same_club
4748,Brice Samba,FRA,2023-24,Lens,GK,33,2970,0,0,0,0,2,0.0,0.0,0.18,7.4,7.342,3,0,191056,Brice Samba,1994-04-25,29.35,187.0,left,Goalkeeper,Goalkeeper,France,Congo,33,2970,0,0,826,RC Lens,3720,13000000.0,15000000.0,1.0,1.0,1.0,same_club
5177,Caio Henrique,FRA,2023-24,Monaco,D S,9,628,0,0,5,6,13,0.209,0.209,2.154,5.091,3.904,0,0,420064,Caio Henrique,1997-07-31,26.09,178.0,left,Defender,Left-Back,Brazil,Brazil,9,625,0,5,162,AS Monaco,625,20000000.0,20000000.0,0.999,1.0,0.995,same_club
5598,Angel Gomes,FRA,2023-24,Lille,M S,31,2605,0,0,8,35,48,1.734,1.734,7.538,12.07,7.67,5,0,392770,Angel Gomes,2000-08-31,23.0,168.0,right,Midfield,Attacking Midfield,England,England,31,2585,0,8,1082,LOSC Lille,2795,18000000.0,25000000.0,0.998,1.0,0.992,same_club
5615,Valentin Rosier,FRA,2023-24,Nice,S,3,36,0,0,0,1,2,0.018,0.018,0.122,0.086,0.086,0,0,441170,Valentin Rosier,1996-08-19,27.03,175.0,right,Defender,Right-Back,France,France,3,50,0,0,417,OGC Nice,1497,6000000.0,4000000.0,0.953,1.0,0.844,same_club
5626,Jeremie Bela,FRA,2023-24,Clermont Foot,M S,12,159,0,0,0,6,3,0.187,0.187,0.105,0.673,0.518,0,0,170966,Jérémie Bela,1993-04-08,30.4,173.0,right,Attack,Left Winger,Angola,France,12,194,0,0,3524,Clermont Foot 63,194,1500000.0,600000.0,0.946,1.0,0.82,same_club
5635,Faitout Maouassa,FRA,2023-24,Lens,D S,3,76,0,0,0,3,2,0.369,0.369,0.126,0.531,0.119,0,0,357072,Faitout Maouassa,1998-07-06,25.16,170.0,left,Defender,Left-Back,France,France,3,74,0,0,826,RC Lens,318,6000000.0,4000000.0,0.995,1.0,0.984,same_club
5635,Faitout Maouassa,FRA,2023-24,Lens,D S,3,76,0,0,0,3,2,0.369,0.369,0.126,0.531,0.119,0,0,357072,Faitout Maouassa,1998-07-06,25.16,170.0,left,Defender,Left-Back,France,France,3,74,0,0,826,RC Lens,318,6000000.0,4000000.0,0.993,1.0,0.978,same_club
5654,Baptiste Santamaria,FRA,2023-24,Rennes,M S,30,1937,0,0,1,28,14,1.93,1.93,0.807,7.682,6.316,3,0,285323,Baptiste Santamaria,1995-03-09,28.48,183.0,right,Midfield,Defensive Midfield,France,France,30,1931,0,1,273,Stade Rennais FC,2287,14000000.0,10000000.0,0.999,1.0,0.997,same_club
5659,Nordi Mukiele,FRA,2023-24,Paris Saint Germain,D S,16,779,0,0,0,9,3,1.645,1.645,0.161,4.288,3.29,2,0,348026,Nordi Mukiele,1997-11-01,25.83,187.0,right,Defender,Right-Back,France,France,16,793,0,0,583,Paris Saint-Germain,848,18000000.0,10000000.0,0.995,1.0,0.982,same_club
5686,Digbo Maiga,FRA,2023-24,Metz,M S,7,127,0,0,0,2,0,0.069,0.069,0.0,0.047,0.047,0,0,293944,Habib Maïga,1996-01-01,27.67,181.0,right,Midfield,Defensive Midfield,Cote d'Ivoire,Cote d'Ivoire,7,142,0,0,347,FC Metz,142,2500000.0,2500000.0,0.938,0.95,0.894,same_club
5752,Alexis Claude Maurice,FRA,2023-24,Nice,M S,18,470,0,0,0,18,6,1.001,1.001,0.228,2.574,1.607,1,0,384593,Alexis Claude-Maurice,1998-06-06,25.24,176.0,right,Midfield,Attacking Midfield,France,France,18,495,0,0,417,OGC Nice,495,4500000.0,3500000.0,0.985,1.0,0.949,same_club
5759,Matteo Guendouzi,FRA,2023-24,Marseille,S,2,8,0,0,0,2,0,0.417,0.417,0.0,0.417,0.0,0,0,465830,Mattéo Guendouzi,1999-04-14,24.38,185.0,right,Midfield,Central Midfield,France,France,2,17,0,0,244,Olympique Marseille,3342,25000000.0,25000000.0,0.97,1.0,0.9,same_club
5759,Matteo Guendouzi,FRA,2023-24,Marseille,S,2,8,0,0,0,2,0,0.417,0.417,0.0,0.417,0.0,0,0,465830,Mattéo Guendouzi,1999-04-14,24.38,185.0,right,Midfield,Central Midfield,France,France,2,17,0,0,244,Olympique Marseille,3342,25000000.0,25000000.0,0.999,1.0,0.997,same_club
5768,Remy Descamps,FRA,2023-24,Nantes,GK,6,540,0,0,0,0,0,0.0,0.0,0.0,0.479,0.479,1,0,282028,Rémy Descamps,1996-06-25,27.18,196.0,both,Goalkeeper,Goalkeeper,France,France,6,540,0,0,995,FC Nantes,540,700000.0,1500000.0,1.0,1.0,1.0,same_club
5778,Johan Gastien,FRA,2023-24,Clermont Foot,M,28,2315,0,0,0,11,32,0.219,0.219,2.071,7.304,6.239,7,0,72121,Johan Gastien,1988-01-25,35.6,179.0,right,Midfield,Defensive Midfield,France,France,28,2274,0,0,3524,Clermont Foot 63,2274,700000.0,500000.0,0.995,1.0,0.982,same_club
5958,Oualid El Hajjam,FRA,2023-24,Le Havre,D S,13,379,0,0,0,8,7,0.707,0.707,0.436,1.186,0.34,1,0,283127,Oualid El Hajjam,1991-02-19,32.53,181.0,right,Defender,Right-Back,Morocco,France,13,390,0,1,738,Le Havre AC,390,1200000.0,800000.0,0.992,1.0,0.972,same_club
5984,Alexandre Oukidja,FRA,2023-24,Metz,GK,34,2987,0,0,0,0,0,0.0,0.0,0.0,2.098,2.098,3,0,56809,Alexandre Oukidja,1988-07-19,35.12,184.0,right,Goalkeeper,Goalkeeper,Algeria,France,34,2988,0,0,347,FC Metz,2988,500000.0,500000.0,1.0,1.0,1.0,same_club
5998,Christophe Herelle,FRA,2023-24,Metz,D S,19,1624,0,0,0,4,1,0.092,0.092,0.062,2.748,2.73,4,1,170544,Christophe Hérelle,1992-08-22,31.03,191.0,right,Defender,Centre-Back,Martinique,France,19,1620,0,0,347,FC Metz,1620,2000000.0,1500000.0,0.999,1.0,0.998,same_club
6007,Nicolas Cozza,FRA,2023-24,Nantes,D S,13,900,0,0,0,5,3,0.964,0.964,0.259,3.139,2.05,2,0,485965,Nicolas Cozza,1999-01-08,24.65,181.0,left,Defender,Centre-Back,France,France,13,896,0,0,995,FC Nantes,1194,3500000.0,3500000.0,0.999,1.0,0.996,same_club
6007,Nicolas Cozza,FRA,2023-24,Nantes,D S,13,900,0,0,0,5,3,0.964,0.964,0.259,3.139,2.05,2,0,485965,Nicolas Cozza,1999-01-08,24.65,181.0,left,Defender,Centre-Back,France,France,13,896,0,0,995,FC Nantes,1194,3500000.0,3500000.0,1.0,1.0,1.0,same_club
6110,Yvon Mvogo,FRA,2023-24,Lorient,GK,34,3060,0,0,0,0,0,0.0,0.0,0.0,4.603,4.603,1,0,147051,Yvon Mvogo,1994-06-06,29.24,190.0,right,Goalkeeper,Goalkeeper,Switzerland,Cameroon,34,3060,0,0,1158,FC Lorient,3060,3500000.0,3000000.0,1.0,1.0,1.0,same_club
6238,Ignatius Ganago,FRA,2023-24,Nantes,F M S,6,174,0,0,0,6,4,0.363,0.363,0.808,1.656,0.696,0,0,531949,Ignatius Ganago,1999-02-16,24.54,176.0,right,Attack,Centre-Forward,Cameroon,Cameroon,6,182,0,0,995,FC Nantes,182,4000000.0,3000000.0,0.987,1.0,0.956,same_club
6293,Gerzino Nyamsi,FRA,2023-24,Strasbourg,D,13,1092,0,0,0,7,4,0.248,0.248,0.126,1.637,1.517,1,0,378953,Gerzino Nyamsi,1997-01-22,26.61,195.0,right,Defender,Centre-Back,Cameroon,France,13,1093,0,0,667,RC Strasbourg Alsace,1903,5000000.0,4500000.0,1.0,1.0,0.999,same_club
6308,Jessy Deminguet,FRA,2023-24,Strasbourg,F M S,18,689,0,0,0,3,2,0.136,0.136,0.104,0.265,0.159,1,0,539232,Jessy Deminguet,1998-01-07,25.65,178.0,left,Midfield,Central Midfield,France,France,18,689,0,0,667,RC Strasbourg Alsace,689,2000000.0,1200000.0,1.0,1.0,1.0,same_club
6379,Yoel Armougom,FRA,2023-24,Clermont Foot,D S,5,223,0,0,0,2,5,0.045,0.045,0.289,0.602,0.313,1,0,548716,Yoël Armougom,1998-06-05,25.24,178.0,left,Defender,Left-Back,France,Réunion,5,231,0,0,3524,Clermont Foot 63,231,400000.0,300000.0,0.99,1.0,0.965,same_club
6500,Romain Perraud,FRA,2023-24,Nice,D S,19,326,0,0,1,2,3,0.047,0.047,0.759,1.118,1.084,2,0,318523,Romain Perraud,1997-09-22,25.94,173.0,left,Defender,Left-Back,France,France,19,358,0,1,417,OGC Nice,358,12000000.0,5000000.0,0.973,1.0,0.911,same_club
6501,Andy Pelmard,FRA,2023-24,Clermont Foot,D S,34,2984,0,0,0,2,6,0.429,0.429,0.542,5.971,5.799,1,0,494236,Andy Pelmard,2000-03-12,23.47,183.0,right,Defender,Centre-Back,Madagascar,France,34,2988,0,0,3524,Clermont Foot 63,2988,4300000.0,3500000.0,1.0,1.0,0.999,same_club
6709,Yehvann Diouf,FRA,2023-24,Reims,GK,34,3060,0,0,0,0,0,0.0,0.0,0.0,5.634,5.634,0,0,448632,Yehvann Diouf,1999-11-16,23.79,188.0,right,Goalkeeper,Goalkeeper,Senegal,France,34,3060,0,0,1421,Stade Reims,3060,8000000.0,8000000.0,1.0,1.0,1.0,same_club
6816,Jean-Clair Todibo,FRA,2023-24,Nice,D,30,2661,0,0,2,9,9,0.787,0.787,1.453,9.045,8.252,2,1,605184,Jean-Clair Todibo,1999-12-30,23.67,190.0,right,Defender,Centre-Back,France,French Guiana,30,2654,0,2,417,OGC Nice,2699,30000000.0,35000000.0,0.999,1.0,0.997,same_club
6846,Sofiane Diop,FRA,2023-24,Nice,F M S,10,505,0,0,0,14,8,1.518,1.518,0.709,2.644,0.735,0,0,569389,Sofiane Diop,2000-06-09,23.23,175.0,right,Attack,Left Winger,Morocco,France,10,500,0,0,417,OGC Nice,500,15000000.0,12000000.0,0.997,1.0,0.99,same_club
6903,Matz Sels,FRA,2023-24,Strasbourg,GK,19,1710,0,0,0,0,1,0.0,0.0,0.386,1.233,0.846,2,0,127202,Matz Sels,1992-02-26,31.51,188.0,right,Goalkeeper,Goalkeeper,Belgium,Belgium,19,1710,0,0,667,RC Strasbourg Alsace,3150,7000000.0,7000000.0,1.0,1.0,1.0,same_club
6903,Matz Sels,FRA,2023-24,Strasbourg,GK,19,1710,0,0,0,0,1,0.0,0.0,0.386,1.233,0.846,2,0,127202,Matz Sels,1992-02-26,31.51,188.0,right,Goalkeeper,Goalkeeper,Belgium,Belgium,19,1710,0,0,667,RC Strasbourg Alsace,3150,7000000.0,7000000.0,1.0,1.0,1.0,same_club
6904,Ibrahima Sissoko,FRA,2023-24,Strasbourg,M S,27,1640,0,0,1,14,12,0.873,0.873,1.923,6.205,4.821,7,0,372712,Ibrahima Sissoko,1997-10-27,25.85,193.0,right,Midfield,Defensive Midfield,Mali,France,27,1641,0,1,667,RC Strasbourg Alsace,1641,6000000.0,6000000.0,1.0,1.0,0.999,same_club
6923,Mohammed Salisu,FRA,2023-24,Monaco,D S,12,1030,0,0,1,4,3,0.19,0.19,0.464,3.277,2.836,2,0,563963,Mohammed Salisu,1999-04-17,24.38,188.0,left,Defender,Centre-Back,Ghana,Ghana,12,1035,0,1,162,AS Monaco,1035,18000000.0,15000000.0,0.999,1.0,0.995,same_club
7007,Duje Caleta-Car,FRA,2023-24,Lyon,D S,24,1986,0,0,0,7,7,0.629,0.629,1.22,7.836,7.826,2,1,238266,Duje Caleta-Car,1996-09-17,26.95,193.0,right,Defender,Centre-Back,Croatia,Croatia,24,1992,0,0,1041,Olympique Lyon,1992,11000000.0,7000000.0,0.999,1.0,0.997,same_club
7151,Thomas Foket,FRA,2023-24,Reims,D M S,27,1867,0,0,1,3,11,0.19,0.19,1.148,7.333,6.401,7,1,215114,Thomas Foket,1994-09-25,28.93,177.0,right,Defender,Right-Back,Belgium,Belgium,27,1841,0,1,1421,Stade Reims,1841,5000000.0,6000000.0,0.996,1.0,0.986,same_club
7355,Paul Akouokou,FRA,2023-24,Lyon,M S,8,311,0,0,0,2,0,0.055,0.055,0.0,0.623,0.623,1,0,429901,Paul Akouokou,1997-12-20,25.7,181.0,right,Midfield,Defensive Midfield,Cote d'Ivoire,Cote d'Ivoire,8,308,0,0,1041,Olympique Lyon,334,3500000.0,1500000.0,0.97,1.0,0.9,same_club
7355,Paul Akouokou,FRA,2023-24,Lyon,M S,8,311,0,0,0,2,0,0.055,0.055,0.0,0.623,0.623,1,0,429901,Paul Akouokou,1997-12-20,25.7,181.0,right,Midfield,Defensive Midfield,Cote d'Ivoire,Cote d'Ivoire,8,308,0,0,1041,Olympique Lyon,334,3500000.0,1500000.0,0.997,1.0,0.99,same_club
7540,Theo Sainte Luce,FRA,2023-24,Montpellier,D S,6,348,0,0,0,3,1,0.111,0.111,0.09,0.174,0.059,1,0,537127,Théo Sainte-Luce,1998-10-20,24.87,176.0,left,Defender,Left-Back,France,France,6,345,0,0,969,Montpellier HSC,345,2000000.0,1000000.0,0.997,1.0,0.991,same_club
7614,Lucas Perrin,FRA,2023-24,Strasbourg,D S,31,2719,0,0,1,12,7,0.514,0.514,1.241,8.627,7.5,3,0,352392,Lucas Perrin,1998-11-19,24.78,188.0,right,Defender,Centre-Back,France,France,31,2723,0,1,667,RC Strasbourg Alsace,2723,3000000.0,3000000.0,1.0,1.0,0.999,same_club
7739,Joris Chotard,FRA,2023-24,Montpellier,M S,31,2623,0,0,3,21,15,0.78,0.78,1.776,6.459,4.583,5,0,624037,Joris Chotard,2001-09-24,21.94,179.0,right,Midfield,Defensive Midfield,France,France,31,2593,0,3,969,Montpellier HSC,2593,9000000.0,10000000.0,0.997,1.0,0.989,same_club
7763,Fabien Centonze,FRA,2023-24,Nantes,M S,3,91,0,0,0,0,0,0.0,0.0,0.0,0.356,0.356,1,0,384859,Fabien Centonze,1996-01-16,27.62,182.0,right,Defender,Right-Back,France,France,3,92,0,0,995,FC Nantes,767,4000000.0,3000000.0,0.997,1.0,0.989,same_club
7763,Fabien Centonze,FRA,2023-24,Nantes,M S,3,91,0,0,0,0,0,0.0,0.0,0.0,0.356,0.356,1,0,384859,Fabien Centonze,1996-01-16,27.62,182.0,right,Defender,Right-Back,France,France,3,92,0,0,995,FC Nantes,767,4000000.0,3000000.0,0.998,1.0,0.993,same_club
7772,Marcin Bulka,FRA,2023-24,Nice,GK,34,3060,0,0,0,1,0,0.054,0.054,0.0,4.75,4.75,2,0,465955,Marcin Bulka,1999-10-04,23.91,199.0,right,Goalkeeper,Goalkeeper,Poland,Poland,34,3060,0,0,417,OGC Nice,3060,2000000.0,20000000.0,1.0,1.0,1.0,same_club
7891,Renan Lodi,FRA,2023-24,Marseille,D,14,1244,0,0,0,6,14,0.717,0.717,1.239,4.841,3.482,6,0,476352,Renan Lodi,1998-04-08,25.4,173.0,left,Defender,Left-Back,Brazil,Brazil,14,1237,0,0,244,Olympique Marseille,1859,20000000.0,18000000.0,0.998,1.0,0.994,same_club
7915,Adrien Lebeau,FRA,2023-24,Brest,S,7,34,0,0,1,1,4,0.054,0.054,0.663,0.697,0.072,0,0,395674,Adrien Lebeau,1999-07-08,24.15,175.0,right,Attack,Second Striker,France,France,7,48,0,1,3911,Stade Brestois 29,48,250000.0,300000.0,0.953,1.0,0.844,same_club
8049,Jean-Kevin Duverne,FRA,2023-24,Nantes,D S,19,1349,0,0,0,4,3,0.621,0.621,0.138,2.109,2.022,4,0,344864,Jean-Kévin Duverne,1997-07-12,26.14,184.0,right,Defender,Centre-Back,Haiti,France,19,1350,0,0,995,FC Nantes,1350,4000000.0,3500000.0,1.0,1.0,0.999,same_club
8097,Guillaume Dietsch,FRA,2023-24,Metz,S,1,73,0,0,0,0,0,0.0,0.0,0.0,0.0,0.0,0,0,463601,Guillaume Dietsch,2001-04-17,22.37,184.0,right,Goalkeeper,Goalkeeper,France,France,1,72,0,0,347,FC Metz,72,700000.0,600000.0,0.997,1.0,0.989,same_club
8151,Hianga&#039;a M&#039;Bock,FRA,2023-24,Brest,S,2,5,0,0,0,1,1,0.082,0.082,0.533,0.622,0.008,0,0,684062,Hianga'a Mbock,1999-12-28,23.68,186.0,right,Midfield,Central Midfield,France,France,2,8,0,0,3911,Stade Brestois 29,8,1200000.0,700000.0,0.918,0.88,0.967,same_club
8548,Arnau Tenas,FRA,2023-24,Paris Saint Germain,GK S,6,529,0,0,1,0,1,0.0,0.0,0.289,0.866,0.577,0,0,466783,Arnau Tenas,2001-05-30,22.26,185.0,right,Goalkeeper,Goalkeeper,Spain,Spain,6,528,0,1,583,Paris Saint-Germain,528,5000000.0,5000000.0,0.999,1.0,0.998,same_club
8638,Lucas Chevalier,FRA,2023-24,Lille,GK,33,2970,0,0,0,0,2,0.0,0.0,0.117,3.205,3.089,1,0,463600,Lucas Chevalier,2001-11-06,21.82,189.0,right,Goalkeeper,Goalkeeper,France,France,33,2970,0,0,1082,LOSC Lille,3180,10000000.0,25000000.0,1.0,1.0,1.0,same_club
8641,Radoslaw Majecki,FRA,2023-24,Monaco,GK,12,1080,0,0,0,0,0,0.0,0.0,0.0,0.844,0.844,1,0,346546,Radoslaw Majecki,1999-11-16,23.79,193.0,right,Goalkeeper,Goalkeeper,Poland,Poland,12,1080,0,0,162,AS Monaco,1080,2000000.0,5000000.0,1.0,1.0,1.0,same_club
8644,Eliot Matazo,FRA,2023-24,Monaco,S,6,72,0,0,1,1,2,0.087,0.087,0.969,1.283,0.228,2,0,535834,Eliot Matazo,2002-02-15,21.54,170.0,right,Midfield,Central Midfield,Belgium,Belgium,6,98,0,1,162,AS Monaco,117,7000000.0,5000000.0,0.92,1.0,0.735,same_club
8647,Thibault De Smet,FRA,2023-24,Reims,D M S,27,1852,0,0,0,4,14,0.175,0.175,0.71,5.105,4.743,7,1,340177,Thibault De Smet,1998-06-05,25.24,183.0,left,Defender,Left-Back,Belgium,Belgium,27,1835,0,1,1421,Stade Reims,1835,3000000.0,4000000.0,0.997,1.0,0.991,same_club
8650,Julien Laporte,FRA,2023-24,Lorient,D S,23,1823,0,0,0,13,1,0.817,0.817,0.044,3.085,3.017,4,0,386057,Julien Laporte,1993-11-04,29.82,185.0,right,Defender,Centre-Back,France,France,23,1816,0,0,1158,FC Lorient,1816,2500000.0,2000000.0,0.999,1.0,0.996,same_club
8651,Enzo Le Fée,FRA,2023-24,Rennes,M S,25,1548,0,0,1,12,28,0.518,0.518,1.744,5.879,4.99,3,0,633992,Enzo Le Fée,2000-02-03,23.58,173.0,right,Midfield,Central Midfield,France,France,25,1534,0,1,273,Stade Rennais FC,1855,20000000.0,18000000.0,0.997,1.0,0.991,same_club
8653,Adrian Grbic,FRA,2023-24,Lorient,S,1,28,0,0,0,2,0,0.112,0.112,0.0,0.179,0.11,0,0,167342,Adrian Grbic,1996-08-04,27.07,188.0,right,Attack,Centre-Forward,Austria,Austria,1,30,0,0,1158,FC Lorient,30,1500000.0,1200000.0,0.993,1.0,0.978,same_club
8656,Birger Meling,FRA,2023-24,Rennes,S,1,12,0,0,0,1,0,0.12,0.12,0.0,0.163,0.043,0,0,282250,Birger Meling,1994-12-17,28.71,173.0,left,Defender,Left-Back,Norway,Norway,1,15,0,0,273,Stade Rennais FC,1266,5000000.0,3500000.0,0.99,1.0,0.967,same_club
8687,Kiki Kouyate,FRA,2023-24,Montpellier,D S,23,1936,0,0,2,13,5,0.852,0.852,1.597,2.321,2.102,5,1,211637,Kiki Kouyaté,1997-04-15,26.38,192.0,right,Defender,Centre-Back,Mali,Mali,23,1930,0,2,969,Montpellier HSC,1930,5000000.0,5000000.0,0.999,1.0,0.997,same_club
8691,Saidou Sow,FRA,2023-24,Strasbourg,D S,10,714,0,0,1,3,2,0.114,0.114,0.474,1.506,1.032,2,0,807128,Saïdou Sow,2002-07-04,21.16,187.0,right,Defender,Centre-Back,Guinea,Guinea,10,717,0,1,667,RC Strasbourg Alsace,717,3500000.0,2500000.0,0.999,1.0,0.996,same_club
8703,Sinaly Diomande,FRA,2023-24,Lyon,D,10,892,0,0,0,6,3,0.806,0.806,0.394,1.321,1.212,2,0,702441,Sinaly Diomandé,2001-04-09,22.4,184.0,right,Defender,Centre-Back,Cote d'Ivoire,Cote d'Ivoire,10,890,0,0,1041,Olympique Lyon,890,9000000.0,4000000.0,0.999,1.0,0.998,same_club
8995,Hugo Ekitike,FRA,2023-24,Paris Saint Germain,S,1,8,0,0,0,0,1,0.0,0.0,0.03,0.052,0.022,0,0,709726,Hugo Ekitiké,2002-06-20,21.2,190.0,right,Attack,Centre-Forward,France,France,1,8,0,0,583,Paris Saint-Germain,727,20000000.0,20000000.0,1.0,1.0,1.0,same_club
8995,Hugo Ekitike,FRA,2023-24,Paris Saint Germain,S,1,8,0,0,0,0,1,0.0,0.0,0.03,0.052,0.022,0,0,709726,Hugo Ekitiké,2002-06-20,21.2,190.0,right,Attack,Centre-Forward,France,France,1,8,0,0,583,Paris Saint-Germain,727,20000000.0,20000000.0,0.996,1.0,0.987,same_club
9060,Danilo Pereira,FRA,2023-24,Paris Saint Germain,D S,26,1981,0,0,0,10,0,1.796,1.796,0.0,10.689,10.57,2,0,141050,Danilo Pereira,1991-09-09,31.98,188.0,right,Defender,Centre-Back,Portugal,Guinea-Bissau,26,1993,0,0,583,Paris Saint-Germain,2152,10000000.0,8000000.0,0.998,1.0,0.994,same_club
9068,Komnen Andric,FRA,2023-24,Clermont Foot,F S,7,135,0,0,0,3,4,0.078,0.078,0.147,0.261,0.051,0,0,260316,Komnen Andric,1995-07-01,28.17,189.0,right,Attack,Centre-Forward,Serbia,Yugoslavia (Republic),7,164,0,0,3524,Clermont Foot 63,164,1800000.0,1000000.0,0.947,1.0,0.823,same_club
9140,Maxime Busi,FRA,2023-24,Reims,M S,5,152,0,0,0,1,3,0.364,0.364,0.225,1.248,0.659,1,0,570817,Maxime Busi,1999-10-14,23.88,182.0,right,Defender,Right-Back,Belgium,Belgium,5,158,0,0,1421,Stade Reims,158,2500000.0,1500000.0,0.989,1.0,0.962,same_club
9197,Loris Mouyokolo,FRA,2023-24,Lorient,D,1,90,0,0,0,0,0,0.0,0.0,0.0,0.123,0.123,0,0,799936,Loris Mouyokolo,2001-05-22,22.28,194.0,right,Defender,Centre-Back,France,France,1,90,0,0,1158,FC Lorient,90,500000.0,300000.0,1.0,1.0,1.0,same_club
9279,Krépin Diatta,FRA,2023-24,Monaco,D M S,26,1163,0,0,2,9,23,0.809,0.809,2.623,7.895,6.786,2,0,490426,Krépin Diatta,1999-02-25,24.51,173.0,right,Midfield,Right Midfield,Senegal,Senegal,26,1194,0,2,162,AS Monaco,1194,15000000.0,12000000.0,0.992,1.0,0.974,same_club
9317,Oussama Targhaline,FRA,2023-24,Le Havre,M S,14,1053,0,0,0,6,8,0.141,0.141,0.288,2.448,2.199,3,1,667965,Oussama Targhalline,2002-05-20,21.28,186.0,right,Midfield,Defensive Midfield,Morocco,Morocco,14,1032,0,0,738,Le Havre AC,1032,800000.0,2500000.0,0.978,0.973,0.98,same_club
9399,Quentin Merlin,FRA,2023-24,"Marseille,Nantes",D M S,26,2014,0,0,2,19,30,0.723,0.723,2.912,8.895,7.161,1,0,557613,Quentin Merlin,2002-05-16,21.3,174.0,left,Defender,Left-Back,France,France,26,1995,0,2,"244,995","Olympique Marseille,FC Nantes",2492,7000000.0,10000000.0,0.997,1.0,0.991,same_club
9514,Antoine Mendy,FRA,2023-24,Nice,D S,10,414,0,0,0,2,2,0.122,0.122,0.394,3.142,2.827,0,0,891998,Antoine Mendy,2004-05-27,19.26,187.0,right,Defender,Centre-Back,Senegal,France,10,415,0,0,417,OGC Nice,415,1000000.0,800000.0,0.999,1.0,0.998,same_club
9562,Sacha Delaye,FRA,2023-24,Montpellier,S,9,104,0,0,0,5,2,0.278,0.278,0.102,0.356,0.024,1,0,842425,Sacha Delaye,2002-04-23,21.36,171.0,right,Midfield,Attacking Midfield,France,France,9,123,0,0,969,Montpellier HSC,123,400000.0,300000.0,0.954,1.0,0.846,same_club
9614,Marco Bizot,FRA,2023-24,Brest,GK,32,2877,0,0,0,0,3,0.0,0.0,0.132,4.476,4.392,3,1,124884,Marco Bizot,1991-03-10,32.48,193.0,right,Goalkeeper,Goalkeeper,Netherlands,Netherlands,32,2877,0,0,3911,Stade Brestois 29,2877,3500000.0,4000000.0,1.0,1.0,1.0,same_club
9616,Grégoire Coudert,FRA,2023-24,Brest,GK S,3,181,0,0,0,0,0,0.0,0.0,0.0,0.369,0.369,0,0,525155,Grégoire Coudert,1999-04-03,24.41,192.0,left,Goalkeeper,Goalkeeper,France,France,3,181,0,0,3911,Stade Brestois 29,181,150000.0,400000.0,1.0,1.0,1.0,same_club
9638,Arthur Desmas,FRA,2023-24,Le Havre,GK,33,2970,0,0,0,0,1,0.0,0.0,0.175,2.016,1.841,2,0,379869,Arthur Desmas,1994-04-07,29.4,196.0,right,Goalkeeper,Goalkeeper,France,France,33,2970,0,0,738,Le Havre AC,2970,1500000.0,2500000.0,1.0,1.0,1.0,same_club
9642,Salis Abdul Samed,FRA,2023-24,Lens,M S,27,1510,0,0,0,5,6,0.84,0.84,0.65,8.305,6.873,2,0,688707,Salis Abdul Samed,2000-03-26,23.43,179.0,right,Midfield,Defensive Midfield,Ghana,Ghana,27,1513,0,0,826,RC Lens,2138,18000000.0,8000000.0,0.999,1.0,0.998,same_club
9652,Alidu Seidu,FRA,2023-24,"Clermont Foot,Rennes",D S,25,1728,0,0,1,8,8,0.096,0.096,0.835,4.521,4.368,8,1,798404,Alidu Seidu,2000-06-04,23.24,173.0,right,Defender,Centre-Back,Ghana,Ghana,25,1726,0,1,"273,3524","Stade Rennais FC,Clermont Foot 63",1782,7000000.0,9000000.0,1.0,1.0,0.999,same_club
9655,Pablo Rosario,FRA,2023-24,Nice,D M S,30,1996,0,0,0,16,17,0.837,0.837,1.459,10.211,8.955,4,0,370791,Pablo Rosario,1997-01-07,26.65,188.0,right,Midfield,Defensive Midfield,Dominican Republic,Netherlands,30,2005,0,1,417,OGC Nice,2005,6000000.0,8000000.0,0.999,1.0,0.996,same_club
9658,Billal Brahimi,FRA,2023-24,"Brest,Nice",F S,20,186,0,0,0,4,7,0.129,0.129,0.566,1.512,0.987,1,1,543051,Billal Brahimi,2000-03-14,23.47,183.0,left,Attack,Right Winger,Algeria,France,20,217,0,0,"417,3911","OGC Nice,Stade Brestois 29",217,7000000.0,3000000.0,0.957,1.0,0.857,same_club
9659,Bradley Locko,FRA,2023-24,Brest,D,33,2962,0,0,3,12,23,0.275,0.275,1.622,11.308,10.338,5,0,805908,Bradley Locko,2002-05-06,21.32,180.0,left,Defender,Left-Back,France,France,33,2961,0,3,3911,Stade Brestois 29,2961,2500000.0,12000000.0,1.0,1.0,1.0,same_club
9661,Igor Silva,FRA,2023-24,Lorient,D S,5,251,0,0,0,1,2,0.05,0.05,0.205,0.401,0.351,2,0,391720,Igor Silva,1996-08-21,27.03,173.0,right,Defender,Right-Back,Brazil,Brazil,5,259,0,0,1158,FC Lorient,259,1500000.0,1000000.0,0.991,1.0,0.969,same_club
9670,Léo Leroy,FRA,2023-24,Montpellier,M S,21,439,0,0,1,7,4,0.824,0.824,0.357,2.77,1.984,3,0,650350,Léo Leroy,2000-02-14,23.55,187.0,right,Midfield,Central Midfield,France,France,21,485,0,1,969,Montpellier HSC,485,1200000.0,1000000.0,0.972,1.0,0.905,same_club
9673,Bilal Nadir,FRA,2023-24,Marseille,M S,5,100,0,0,0,1,2,0.083,0.083,0.13,0.213,0.073,1,0,659520,Bilal Nadir,2003-11-28,19.76,179.0,left,Midfield,Central Midfield,Morocco,France,5,110,0,0,244,Olympique Marseille,112,150000.0,500000.0,0.973,1.0,0.909,same_club
9699,Bamo Meïté,FRA,2023-24,"Lorient,Marseille",D S,18,761,0,0,0,1,1,0.086,0.086,0.011,3.301,3.301,1,0,807165,Bamo Meïté,2001-12-03,21.74,184.0,right,Defender,Centre-Back,Cote d'Ivoire,Cote d'Ivoire,18,776,0,0,"244,1158","Olympique Marseille,FC Lorient",1079,2500000.0,6000000.0,0.994,1.0,0.981,same_club
9826,Axel Camblan,FRA,2023-24,Brest,S,7,70,0,0,0,2,1,0.32,0.32,0.033,0.305,0.061,2,0,924800,Axel Camblan,2003-08-30,20.01,174.0,right,Attack,Right Winger,France,France,7,84,0,0,3911,Stade Brestois 29,84,400000.0,500000.0,0.953,1.0,0.844,same_club
9873,Montassar Talbi,FRA,2023-24,Lorient,D,25,2204,0,0,0,5,7,0.689,0.689,0.252,4.524,4.414,2,0,496706,Montassar Talbi,1998-05-26,25.27,190.0,right,Defender,Centre-Back,Tunisia,France,25,2205,0,0,1158,FC Lorient,2205,8000000.0,7000000.0,1.0,1.0,1.0,same_club
9929,Théo Le Bris,FRA,2023-24,Lorient,D M S,26,1498,0,0,2,13,13,1.004,1.004,1.313,5.162,3.079,2,0,766412,Théo Le Bris,2002-10-01,20.92,170.0,right,Midfield,Right Midfield,France,France,26,1512,0,2,1158,FC Lorient,1512,3000000.0,2000000.0,0.997,1.0,0.991,same_club
9931,Lovro Majer,FRA,2023-24,Rennes,S,1,12,0,0,0,1,2,0.043,0.043,0.258,0.372,0.071,0,0,387106,Lovro Majer,1998-01-17,25.62,178.0,left,Midfield,Attacking Midfield,Croatia,Croatia,1,15,0,0,273,Stade Rennais FC,2148,20000000.0,20000000.0,0.99,1.0,0.967,same_club
9931,Lovro Majer,FRA,2023-24,Rennes,S,1,12,0,0,0,1,2,0.043,0.043,0.258,0.372,0.071,0,0,387106,Lovro Majer,1998-01-17,25.62,178.0,left,Midfield,Attacking Midfield,Croatia,Croatia,1,15,0,0,273,Stade Rennais FC,2148,20000000.0,20000000.0,0.992,1.0,0.973,same_club
9963,Maximiliano Caufriez,FRA,2023-24,Clermont Foot,D,20,1686,0,0,1,6,9,0.222,0.222,0.191,2.318,2.169,5,3,369267,Maximiliano Caufriez,1997-02-16,26.54,189.0,right,Defender,Centre-Back,Belgium,Belgium,20,1665,0,1,3524,Clermont Foot 63,1665,2500000.0,2500000.0,0.996,1.0,0.988,same_club
10044,Aiman Maurer,FRA,2023-24,Clermont Foot,S,5,44,0,0,0,3,0,0.125,0.125,0.0,0.285,0.16,0,0,860056,Aïman Maurer,2004-09-25,18.93,173.0,right,Midfield,Attacking Midfield,Morocco,France,5,53,0,0,3524,Clermont Foot 63,53,800000.0,500000.0,0.97,1.0,0.9,same_club
10195,Ibrahim Diakité,FRA,2023-24,Reims,D S,5,100,0,0,0,0,2,0.0,0.0,0.098,0.471,0.394,0,0,919173,Ibrahim Diakité,2003-10-31,19.84,180.0,right,Defender,Right-Back,Guinea,France,5,107,0,0,1421,Stade Reims,107,350000.0,800000.0,0.98,1.0,0.935,same_club
10236,Silvan Hefti,FRA,2023-24,Montpellier,D M S,11,711,0,0,1,4,4,0.217,0.217,1.411,2.409,1.232,1,0,237666,Silvan Hefti,1997-10-25,25.85,183.0,right,Defender,Right-Back,Switzerland,Switzerland,11,713,0,1,969,Montpellier HSC,1003,3400000.0,2500000.0,0.999,1.0,0.997,same_club
10236,Silvan Hefti,FRA,2023-24,Montpellier,D M S,11,711,0,0,1,4,4,0.217,0.217,1.411,2.409,1.232,1,0,237666,Silvan Hefti,1997-10-25,25.85,183.0,right,Defender,Right-Back,Switzerland,Switzerland,11,713,0,1,969,Montpellier HSC,1003,3400000.0,2500000.0,0.984,1.0,0.945,same_club
10263,Alaa Bellarouch,FRA,2023-24,Strasbourg,GK,15,1350,0,0,0,0,1,0.0,0.0,0.033,1.661,1.661,1,0,667991,Alaa Bellaarouch,2002-02-01,21.58,189.0,right,Goalkeeper,Goalkeeper,Morocco,Morocco,15,1350,0,0,667,RC Strasbourg Alsace,1350,200000.0,2000000.0,0.981,0.968,1.0,same_club
10300,Jeanuël Belocian,FRA,2023-24,Rennes,D S,23,1459,0,0,1,3,6,0.488,0.488,0.355,4.262,4.069,0,0,919515,Jeanuël Belocian,2005-02-17,18.54,186.0,left,Defender,Centre-Back,France,Guadeloupe,23,1451,0,1,273,Stade Rennais FC,1643,7000000.0,10000000.0,0.998,1.0,0.995,same_club
10302,Danley Jean Jacques,FRA,2023-24,Metz,M S,33,2694,0,0,0,34,9,2.962,2.962,0.445,4.654,1.774,4,0,628834,Danley Jean Jacques,2000-05-20,23.28,182.0,right,Midfield,Defensive Midfield,Haiti,Haiti,33,2688,0,0,347,FC Metz,2688,1500000.0,2000000.0,0.999,1.0,0.998,same_club
10318,Kelvin Yeboah,FRA,2023-24,Montpellier,S,13,233,0,0,0,7,5,0.542,0.542,0.236,0.959,0.228,0,0,589737,Kelvin Yeboah,2000-05-06,23.32,185.0,right,Attack,Centre-Forward,Italy,Ghana,13,264,0,0,969,Montpellier HSC,705,3500000.0,4000000.0,0.965,1.0,0.883,same_club
10346,Bonke Innocent,FRA,2023-24,Lorient,M S,4,211,0,0,0,2,2,0.071,0.071,0.118,1.193,1.165,1,0,333383,Bonke Innocent,1996-01-20,27.61,178.0,right,Midfield,Defensive Midfield,Nigeria,Nigeria,4,211,0,0,1158,FC Lorient,211,2000000.0,1000000.0,1.0,1.0,1.0,same_club
10347,Pablo Pagis,FRA,2023-24,Lorient,M,3,175,0,0,0,3,0,0.109,0.109,0.0,0.085,0.023,1,0,810411,Pablo Pagis,2002-12-29,20.67,180.0,both,Attack,Left Winger,France,France,3,167,0,0,1158,FC Lorient,167,1500000.0,1000000.0,0.986,1.0,0.954,same_club
10373,Falaye Sacko,FRA,2023-24,Montpellier,D S,19,1373,0,0,1,1,7,0.024,0.024,0.371,2.646,2.495,0,0,364857,Falaye Sacko,1995-05-01,28.34,180.0,right,Defender,Right-Back,Mali,Mali,19,1380,0,1,969,Montpellier HSC,1380,4000000.0,4000000.0,0.998,1.0,0.995,same_club
10375,Enzo Tchato Mbiayi,FRA,2023-24,Montpellier,D S,17,1119,0,0,0,5,7,0.342,0.342,0.195,3.254,2.815,2,0,842338,Enzo Tchato,2002-11-23,20.77,182.0,right,Defender,Right-Back,Cameroon,France,17,1123,0,0,969,Montpellier HSC,1123,2500000.0,2500000.0,0.969,0.95,0.996,same_club
10381,Ibrahima Koné,FRA,2023-24,Lorient,S,1,30,0,0,0,0,0,0.0,0.0,0.0,0.0,0.0,0,0,490223,Ibrahima Koné,1999-06-16,24.21,190.0,left,Attack,Centre-Forward,Mali,Mali,1,31,0,0,1158,FC Lorient,304,4000000.0,2500000.0,0.979,1.0,0.93,same_club
10381,Ibrahima Koné,FRA,2023-24,Lorient,S,1,30,0,0,0,0,0,0.0,0.0,0.0,0.0,0.0,0,0,490223,Ibrahima Koné,1999-06-16,24.21,190.0,left,Attack,Centre-Forward,Mali,Mali,1,31,0,0,1158,FC Lorient,304,4000000.0,2500000.0,0.997,1.0,0.989,same_club
10389,Fali Candé,FRA,2023-24,Metz,D S,25,1836,0,0,1,13,6,0.771,0.771,0.251,2.007,1.836,4,0,520530,Fali Candé,1998-01-24,25.6,184.0,left,Defender,Centre-Back,Guinea-Bissau,Guinea-Bissau,25,1846,0,2,347,FC Metz,1846,2500000.0,2500000.0,0.998,1.0,0.995,same_club
10390,Ismaël Doukouré,FRA,2023-24,Strasbourg,D M S,22,1672,0,0,0,9,9,0.216,0.216,0.207,3.439,3.055,4,0,786436,Ismaël Doukouré,2003-07-24,20.11,183.0,right,Defender,Centre-Back,France,France,22,1660,0,0,667,RC Strasbourg Alsace,1660,6000000.0,10000000.0,0.998,1.0,0.993,same_club
10527,Carlos Baleba,FRA,2023-24,Lille,M S,2,65,0,0,0,2,0,0.03,0.03,0.0,0.545,0.514,0,0,973085,Carlos Baleba,2004-01-03,19.66,179.0,left,Midfield,Defensive Midfield,Cameroon,Cameroon,2,62,0,0,1082,LOSC Lille,1569,5000000.0,22000000.0,0.996,1.0,0.987,same_club
10527,Carlos Baleba,FRA,2023-24,Lille,M S,2,65,0,0,0,2,0,0.03,0.03,0.0,0.545,0.514,0,0,973085,Carlos Baleba,2004-01-03,19.66,179.0,left,Midfield,Defensive Midfield,Cameroon,Cameroon,2,62,0,0,1082,LOSC Lille,1569,5000000.0,22000000.0,0.99,1.0,0.967,same_club
10702,Johann Lepenant,FRA,2023-24,Lyon,M S,6,251,0,0,0,4,3,0.088,0.088,0.165,0.595,0.519,1,0,585973,Johann Lepenant,2002-10-22,20.86,176.0,right,Midfield,Defensive Midfield,France,France,6,250,0,0,1041,Olympique Lyon,250,10000000.0,6000000.0,0.999,1.0,0.996,same_club
10703,Mohamed El Arouch,FRA,2023-24,Lyon,S,1,1,0,0,0,0,0,0.0,0.0,0.0,0.0,0.0,0,0,743533,Mohamed El Arouch,2004-04-06,19.4,166.0,right,Midfield,Central Midfield,France,France,1,1,0,0,1041,Olympique Lyon,1,2000000.0,1500000.0,1.0,1.0,1.0,same_club
10770,Soungoutou Magassa,FRA,2023-24,Monaco,D M S,21,1339,0,0,0,8,2,0.591,0.591,0.114,4.742,4.714,7,0,745181,Soungoutou Magassa,2003-10-08,19.9,190.0,right,Midfield,Defensive Midfield,France,France,21,1343,0,0,162,AS Monaco,1343,800000.0,8000000.0,0.999,1.0,0.997,same_club
10780,Mory Diaw,FRA,2023-24,Clermont Foot,GK,30,2700,0,0,0,0,2,0.0,0.0,0.046,2.308,2.262,3,0,164904,Mory Diaw,1993-06-22,30.19,197.0,right,Goalkeeper,Goalkeeper,Senegal,France,30,2700,0,0,3524,Clermont Foot 63,2700,2000000.0,1800000.0,1.0,1.0,1.0,same_club
10782,Neto Borges,FRA,2023-24,Clermont Foot,D,28,2520,0,0,1,16,25,0.518,0.518,2.267,5.686,4.103,3,1,557939,Neto Borges,1996-09-13,26.97,185.0,left,Defender,Left-Back,Brazil,Brazil,28,2517,0,3,3524,Clermont Foot 63,2517,4000000.0,3000000.0,1.0,1.0,0.999,same_club
10787,Mikkel Desler,FRA,2023-24,Toulouse,D M S,24,1560,0,0,1,16,9,1.15,1.15,1.205,3.599,2.864,2,0,221873,Mikkel Desler,1995-02-19,28.53,184.0,right,Defender,Right-Back,Denmark,Denmark,24,1549,0,1,415,FC Toulouse,2102,2500000.0,3000000.0,0.998,1.0,0.993,same_club
10791,Stijn Spierings,FRA,2023-24,"Lens,Toulouse",M S,26,1611,0,0,1,11,14,0.321,0.321,0.794,6.609,6.118,7,0,241501,Stijn Spierings,1996-03-12,27.47,188.0,right,Midfield,Central Midfield,Netherlands,Netherlands,26,1631,0,1,"415,826","FC Toulouse,RC Lens",1888,6000000.0,4500000.0,0.996,1.0,0.988,same_club
10792,Farès Chaïbi,FRA,2023-24,Toulouse,S,2,49,0,0,1,0,2,0.0,0.0,0.502,0.068,0.027,1,0,855015,Farès Chaïbi,2002-11-28,20.76,183.0,right,Midfield,Attacking Midfield,Algeria,France,2,56,0,1,415,FC Toulouse,2151,10000000.0,18000000.0,0.977,1.0,0.922,same_club
10792,Farès Chaïbi,FRA,2023-24,Toulouse,S,2,49,0,0,1,0,2,0.0,0.0,0.502,0.068,0.027,1,0,855015,Farès Chaïbi,2002-11-28,20.76,183.0,right,Midfield,Attacking Midfield,Algeria,France,2,56,0,1,415,FC Toulouse,2151,10000000.0,18000000.0,0.998,1.0,0.993,same_club
10795,Denis Genreau,FRA,2023-24,Toulouse,M S,9,466,0,0,0,3,6,0.397,0.397,0.626,2.014,1.32,0,0,470618,Denis Genreau,1999-05-21,24.28,175.0,right,Midfield,Attacking Midfield,Australia,France,9,464,0,0,415,FC Toulouse,524,1500000.0,1500000.0,0.999,1.0,0.996,same_club
10797,Kévin Biakolo,FRA,2023-24,Toulouse,D S,8,541,0,0,0,1,3,0.01,0.01,0.134,1.36,1.268,1,0,855014,Kévin Keben,2004-01-26,19.6,187.0,right,Defender,Centre-Back,Cameroon,Cameroon,8,525,0,0,415,FC Toulouse,593,400000.0,500000.0,0.741,0.583,0.97,same_club
10810,Alexsandro Ribeiro,FRA,2023-24,Lille,D S,29,2207,0,0,0,17,5,2.444,2.444,1.012,7.511,7.345,6,1,648020,Alexsandro,1999-08-09,24.06,191.0,both,Defender,Centre-Back,Brazil,Brazil,29,2218,0,0,1082,LOSC Lille,2428,5000000.0,8000000.0,0.969,0.95,0.995,same_club
10827,Amine Salama,FRA,2023-24,Reims,F S,11,285,0,0,0,6,5,1.288,1.288,0.214,1.689,0.699,0,0,980576,Amine Salama,2000-07-18,23.12,192.0,right,Attack,Centre-Forward,France,France,11,306,0,0,1421,Stade Reims,306,1500000.0,2000000.0,0.979,1.0,0.931,same_club
10835,Achraf Dari,FRA,2023-24,Brest,D S,4,117,0,0,0,1,0,0.047,0.047,0.0,0.056,0.056,0,0,566823,Achraf Dari,1999-05-06,24.32,188.0,right,Defender,Centre-Back,Morocco,Morocco,4,119,0,0,3911,Stade Brestois 29,436,2000000.0,2000000.0,0.995,1.0,0.983,same_club
10836,Karamoko Dembele,FRA,2023-24,Brest,S,1,11,0,0,0,0,0,0.0,0.0,0.0,0.0,0.0,0,0,466602,Karamoko Dembélé,2003-02-22,20.52,167.0,left,Midfield,Attacking Midfield,England,England,1,15,0,0,3911,Stade Brestois 29,231,500000.0,900000.0,0.987,1.0,0.956,same_club
10843,Gédéon Kalulu,FRA,2023-24,Lorient,D S,19,975,0,0,1,6,8,0.643,0.643,1.188,3.727,2.31,0,0,395685,Gédéon Kalulu,1997-08-29,26.01,178.0,right,Defender,Right-Back,DR Congo,France,19,968,0,1,1158,FC Lorient,968,5000000.0,3500000.0,0.998,1.0,0.993,same_club
10868,Guela Doué,FRA,2023-24,Rennes,D S,24,1218,0,0,2,15,17,0.462,0.462,1.249,3.631,2.743,1,1,711980,Guéla Doué,2002-10-17,20.87,187.0,right,Defender,Right-Back,Cote d'Ivoire,France,24,1228,0,4,273,Stade Rennais FC,1532,300000.0,7000000.0,0.998,1.0,0.992,same_club
10919,Yanis Begraoui,FRA,2023-24,Toulouse,F M S,14,279,0,0,0,7,1,0.439,0.439,0.123,0.777,0.416,0,0,569376,Yanis Begraoui,2001-07-04,22.16,179.0,both,Attack,Centre-Forward,Morocco,France,14,298,0,0,415,FC Toulouse,330,1000000.0,900000.0,0.981,1.0,0.936,same_club
11013,Naatan Skyttä,FRA,2023-24,Toulouse,S,8,97,0,0,0,5,5,0.502,0.502,0.579,1.302,0.787,0,0,567309,Naatan Skyttä,2002-05-07,21.32,174.0,left,Midfield,Attacking Midfield,Finland,Finland,8,114,0,0,415,FC Toulouse,156,500000.0,400000.0,0.955,1.0,0.851,same_club
11024,Alan Virginius,FRA,2023-24,"Clermont Foot,Lille",F M S,16,1039,0,0,2,10,12,0.996,0.996,1.545,3.98,1.78,0,0,654415,Alan Virginius,2003-01-03,20.66,180.0,right,Midfield,Left Midfield,France,France,16,1015,0,3,"1082,3524","LOSC Lille,Clermont Foot 63",1015,4000000.0,3500000.0,0.993,1.0,0.977,same_club
11035,Marquinhos,FRA,2023-24,Nantes,M S,7,147,0,0,0,5,5,0.24,0.24,1.021,1.842,1.015,0,0,668268,Marquinhos,2003-04-07,20.4,175.0,left,Attack,Right Winger,Brazil,Brazil,7,150,0,1,995,FC Nantes,150,12000000.0,7000000.0,0.994,1.0,0.98,same_club
11049,Reda Belahyane,FRA,2023-24,Nice,S,1,24,0,0,0,0,0,0.0,0.0,0.0,0.0,0.0,0,0,982855,Reda Belahyane,2004-06-01,19.25,173.0,right,Midfield,Defensive Midfield,Morocco,France,1,26,0,0,417,OGC Nice,116,300000.0,500000.0,0.993,1.0,0.978,same_club
11049,Reda Belahyane,FRA,2023-24,Nice,S,1,24,0,0,0,0,0,0.0,0.0,0.0,0.0,0.0,0,0,982855,Reda Belahyane,2004-06-01,19.25,173.0,right,Midfield,Defensive Midfield,Morocco,France,1,26,0,0,417,OGC Nice,116,300000.0,500000.0,0.993,1.0,0.978,same_club
11066,Yaya Fofana,FRA,2023-24,Reims,S,4,16,0,0,0,3,0,0.087,0.087,0.0,0.145,0.093,0,0,1044893,Yaya Fofana,2004-06-12,19.22,180.0,right,Midfield,Central Midfield,Cote d'Ivoire,Cote d'Ivoire,4,28,0,0,1421,Stade Reims,28,150000.0,150000.0,0.96,1.0,0.867,same_club
11084,Axel Gueguin,FRA,2023-24,Montpellier,D S,3,124,0,0,0,0,1,0.0,0.0,0.082,0.103,0.022,0,0,981977,Axel Guéguin,2005-03-24,18.44,172.0,left,Attack,Right Winger,France,France,3,130,0,0,969,Montpellier HSC,130,800000.0,700000.0,0.986,1.0,0.954,same_club
11157,Sael Kumbedi,FRA,2023-24,Lyon,D M S,17,908,0,0,1,6,5,0.276,0.276,0.643,2.888,2.093,4,0,951579,Saël Kumbedi,2005-03-26,18.43,175.0,right,Defender,Right-Back,France,France,17,916,0,2,1041,Olympique Lyon,916,12000000.0,7000000.0,0.997,1.0,0.991,same_club
11252,Ichem Ferrah,FRA,2023-24,Lille,S,1,1,0,0,0,0,0,0.0,0.0,0.0,0.0,0.0,0,0,1083024,Ichem Ferrah,2005-09-23,17.94,171.0,left,Attack,Right Winger,France,France,1,2,0,0,1082,LOSC Lille,2,100000.0,100000.0,0.997,1.0,0.989,same_club
11253,Mamadou Sarr,FRA,2023-24,Lyon,S,1,4,0,0,0,0,0,0.0,0.0,0.0,0.0,0.0,0,0,910905,Mamadou Sarr,2005-08-29,18.01,194.0,right,Defender,Centre-Back,Senegal,France,1,7,0,0,1041,Olympique Lyon,547,1000000.0,1000000.0,0.99,1.0,0.967,same_club
11259,Julien Le Cardinal,FRA,2023-24,"Brest,Lens",D S,14,515,0,0,0,4,2,0.344,0.344,0.153,0.725,0.516,3,0,794349,Julien Le Cardinal,1997-08-03,26.08,184.0,right,Defender,Centre-Back,France,France,14,525,0,0,"826,3911","RC Lens,Stade Brestois 29",525,2000000.0,1500000.0,0.994,1.0,0.981,same_club
11271,Nathan Zeze,FRA,2023-24,Nantes,D S,13,1026,0,0,0,3,0,0.148,0.148,0.0,1.79,1.781,1,0,923832,Nathan Zézé,2005-06-18,18.2,190.0,left,Defender,Centre-Back,France,France,13,1022,0,0,995,FC Nantes,1022,400000.0,5000000.0,0.999,1.0,0.996,same_club
11291,Warren Kamanzi,FRA,2023-24,Toulouse,D M S,24,1173,0,0,3,6,12,0.605,0.605,2.352,4.152,1.924,1,0,794758,Warren Kamanzi,2000-11-11,22.8,177.0,right,Defender,Right-Back,Norway,Norway,24,1182,0,3,415,FC Toulouse,1314,1200000.0,2000000.0,0.998,1.0,0.992,same_club
11293,François Mughe,FRA,2023-24,Marseille,M S,5,175,0,0,0,3,2,0.092,0.092,0.145,0.459,0.235,1,0,1027216,François Mughe,2004-06-16,19.21,173.0,right,Attack,Right Winger,Cameroon,Cameroon,5,176,0,0,244,Olympique Marseille,202,300000.0,800000.0,0.998,1.0,0.994,same_club
11339,Youssouf Ndayishimiye,FRA,2023-24,Nice,D M S,23,1715,0,0,0,14,11,1.22,1.22,0.803,6.717,6.467,6,1,674612,Youssouf Ndayishimiye,1998-10-27,24.85,183.0,right,Defender,Centre-Back,Burundi,Burundi,23,1713,0,0,417,OGC Nice,1713,12000000.0,15000000.0,1.0,1.0,0.999,same_club
11342,Eduard Sobol,FRA,2023-24,Strasbourg,S,3,16,0,0,0,0,0,0.0,0.0,0.0,0.0,0.0,0,0,206717,Eduard Sobol,1995-04-20,28.37,186.0,left,Defender,Left-Back,Ukraine,Ukraine,3,22,0,0,667,RC Strasbourg Alsace,342,2500000.0,1500000.0,0.98,1.0,0.933,same_club
11343,Gabriel Suazo,FRA,2023-24,Toulouse,D F M S,31,2380,0,0,4,10,43,0.62,0.62,2.914,7.372,5.552,5,0,385105,Gabriel Suazo,1997-08-09,26.06,178.0,left,Defender,Left-Back,Chile,Chile,31,2362,0,4,415,FC Toulouse,3030,2500000.0,3500000.0,0.998,1.0,0.992,same_club
11344,Jaouen Hadjam,FRA,2023-24,Nantes,S,8,90,0,0,0,1,4,0.042,0.042,0.436,1.346,0.931,0,0,750903,Jaouen Hadjam,2003-03-26,20.44,185.0,left,Defender,Left-Back,Algeria,France,8,105,0,0,995,FC Nantes,256,2000000.0,2000000.0,0.957,1.0,0.857,same_club
11350,Amin Sarr,FRA,2023-24,Lyon,F S,3,90,0,0,0,5,1,0.601,0.601,0.089,0.689,0.078,0,0,748382,Amin Sarr,2001-03-11,22.48,188.0,right,Attack,Centre-Forward,Sweden,Sweden,3,97,0,0,1041,Olympique Lyon,474,8000000.0,4000000.0,0.978,1.0,0.928,same_club
11350,Amin Sarr,FRA,2023-24,Lyon,F S,3,90,0,0,0,5,1,0.601,0.601,0.089,0.689,0.078,0,0,748382,Amin Sarr,2001-03-11,22.48,188.0,right,Attack,Centre-Forward,Sweden,Sweden,3,97,0,0,1041,Olympique Lyon,474,8000000.0,4000000.0,0.979,1.0,0.928,same_club
11389,Valentin Atangana Edoa,FRA,2023-24,Reims,M S,15,541,0,0,0,9,2,0.409,0.409,0.122,0.898,0.528,0,0,923759,Valentin Atangana,2005-08-25,18.02,176.0,right,Midfield,Central Midfield,France,Cameroon,15,553,0,0,1421,Stade Reims,553,250000.0,1000000.0,0.963,0.95,0.978,same_club
11407,Edan Diop,FRA,2023-24,Monaco,S,10,137,0,0,0,0,0,0.0,0.0,0.0,0.121,0.121,3,0,745178,Edan Diop,2004-08-28,19.01,185.0,right,Midfield,Central Midfield,France,France,10,155,0,0,162,AS Monaco,155,2000000.0,2000000.0,0.965,1.0,0.884,same_club
11465,Stredair Appuah,FRA,2023-24,Nantes,S,4,69,0,0,0,4,0,0.409,0.409,0.0,0.462,0.097,0,0,1004618,Stredair Appuah,2004-06-27,19.18,185.0,left,Attack,Left Winger,France,France,4,80,0,0,995,FC Nantes,80,150000.0,500000.0,0.963,1.0,0.878,same_club
11468,Thérence Koudou,FRA,2023-24,Reims,D S,9,291,0,0,0,2,5,0.031,0.031,0.221,0.965,0.744,3,0,910176,Thérence Koudou,2004-12-13,18.72,178.0,right,Defender,Right-Back,France,France,9,311,0,0,1421,Stade Reims,311,100000.0,800000.0,0.981,1.0,0.936,same_club
11505,Aurelien Pelon,FRA,2023-24,Lorient,D,1,90,0,0,0,0,0,0.0,0.0,0.0,0.0,0.0,1,0,918268,Aurélien Pelon,2004-05-06,19.32,186.0,right,Defender,Centre-Back,France,France,1,90,0,0,1158,FC Lorient,90,50000.0,50000.0,1.0,1.0,1.0,same_club
11545,Jérémy Jacquet,FRA,2023-24,"Clermont Foot,Rennes",D S,7,234,0,0,1,1,2,0.103,0.103,0.167,0.514,0.384,0,0,1004301,Jérémy Jacquet,2005-07-13,18.14,190.0,right,Defender,Centre-Back,France,France,7,253,0,1,"273,3524","Stade Rennais FC,Clermont Foot 63",253,50000.0,500000.0,0.977,1.0,0.925,same_club
11613,Mamadou Diakhon,FRA,2023-24,Reims,F S,11,174,0,0,0,1,1,0.026,0.026,0.143,0.939,0.769,0,0,1054839,Mamadou Diakhon,2005-09-22,17.94,180.0,right,Attack,Left Winger,Senegal,France,11,200,0,0,1421,Stade Reims,200,,700000.0,0.961,1.0,0.87,same_club
11729,Bénie Traoré,FRA,2023-24,Nantes,F S,14,486,0,0,1,7,8,0.742,0.742,1.247,2.742,0.911,1,1,852024,Bénie Traoré,2002-11-30,20.75,172.0,right,Attack,Left Winger,Cote d'Ivoire,Cote d'Ivoire,14,499,0,1,995,FC Nantes,884,3500000.0,4000000.0,0.981,1.0,0.935,same_club
11729,Bénie Traoré,FRA,2023-24,Nantes,F S,14,486,0,0,1,7,8,0.742,0.742,1.247,2.742,0.911,1,1,852024,Bénie Traoré,2002-11-30,20.75,172.0,right,Attack,Left Winger,Cote d'Ivoire,Cote d'Ivoire,14,499,0,1,995,FC Nantes,884,3500000.0,4000000.0,0.992,1.0,0.974,same_club
11759,Aaron Malouda,FRA,2023-24,Lille,S,1,1,0,0,0,0,0,0.0,0.0,0.0,0.0,0.0,0,0,974996,Aaron Malouda,2005-11-30,17.75,183.0,right,Attack,Right Winger,France,France,1,1,0,0,1082,LOSC Lille,1,,150000.0,1.0,1.0,1.0,same_club
11763,Abduqodir Khusanov,FRA,2023-24,Lens,D S,11,819,0,0,0,5,1,0.194,0.194,0.073,1.763,1.636,4,0,763079,Abdukodir Khusanov,2004-02-29,19.5,186.0,right,Defender,Centre-Back,Uzbekistan,Uzbekistan,11,811,0,0,826,RC Lens,961,400000.0,2500000.0,0.967,0.95,0.99,same_club
11764,Ayanda Sishuba,FRA,2023-24,Lens,S,7,44,0,0,0,12,1,1.061,1.061,0.025,1.243,0.244,0,0,977877,Ayanda Sishuba,2005-02-02,18.58,169.0,right,Midfield,Attacking Midfield,Belgium,Belgium,7,56,0,0,826,RC Lens,56,,500000.0,0.96,1.0,0.867,same_club
11766,Manuel Ugarte,FRA,2023-24,Paris Saint Germain,M S,25,1938,0,0,2,10,14,0.432,0.432,1.051,12.846,11.889,5,0,476701,Manuel Ugarte,2001-04-11,22.39,182.0,right,Midfield,Defensive Midfield,Uruguay,Uruguay,25,1933,0,3,583,Paris Saint-Germain,2325,50000000.0,45000000.0,0.999,1.0,0.997,same_club
11768,Cher Ndour,FRA,2023-24,Paris Saint Germain,S,3,20,0,0,0,0,0,0.0,0.0,0.0,0.212,0.212,1,0,651005,Cher Ndour,2004-07-27,19.1,190.0,right,Midfield,Central Midfield,Italy,Italy,3,25,0,0,583,Paris Saint-Germain,309,1500000.0,4000000.0,0.983,1.0,0.944,same_club
11769,Dembo Sylla,FRA,2023-24,Lorient,S,1,42,0,0,0,1,0,0.038,0.038,0.0,0.038,0.0,0,0,1049151,Dembo Sylla,2002-11-10,20.81,175.0,right,Defender,Right-Back,Guinea,France,1,45,0,0,1158,FC Lorient,45,600000.0,700000.0,0.99,1.0,0.967,same_club
11770,Formose Mendy,FRA,2023-24,Lorient,D S,18,1246,0,0,0,7,2,0.265,0.265,0.162,2.088,1.927,6,0,649023,Formose Mendy,2001-01-02,22.66,191.0,right,Defender,Centre-Back,Senegal,Senegal,18,1254,0,0,1158,FC Lorient,1254,3000000.0,4500000.0,0.998,1.0,0.994,same_club
11773,Douglas Augusto,FRA,2023-24,Nantes,M S,25,1791,0,0,0,16,18,1.354,1.354,1.577,5.938,4.404,7,0,393621,Douglas Augusto,1997-01-13,26.63,173.0,left,Midfield,Central Midfield,Brazil,Brazil,25,1782,0,0,995,FC Nantes,1822,4500000.0,6000000.0,0.998,1.0,0.995,same_club
11774,Lamine Diack,FRA,2023-24,Nantes,S,1,1,0,0,0,0,0,0.0,0.0,0.0,0.0,0.0,0,0,649024,Lamine Diack,2000-11-15,22.79,186.0,right,Midfield,Defensive Midfield,Senegal,Senegal,1,1,0,0,995,FC Nantes,1,1700000.0,1200000.0,1.0,1.0,1.0,same_club
11775,Bastien Meupiyou,FRA,2023-24,Nantes,D,1,8,0,0,0,0,0,0.0,0.0,0.0,0.008,0.008,0,1,955253,Bastien Meupiyou,2006-03-19,17.45,191.0,left,Defender,Centre-Back,France,France,1,9,0,0,995,FC Nantes,9,,800000.0,0.997,1.0,0.989,same_club
11776,Guillaume Restes,FRA,2023-24,Toulouse,GK,34,3060,0,0,0,0,0,0.0,0.0,0.0,2.86,2.86,3,0,912902,Guillaume Restes,2005-03-11,18.48,188.0,left,Goalkeeper,Goalkeeper,France,France,34,3060,0,0,415,FC Toulouse,3870,,18000000.0,1.0,1.0,1.0,same_club
11778,Mamady Bangré,FRA,2023-24,Toulouse,S,8,73,0,0,1,3,5,0.18,0.18,0.87,1.104,0.214,2,0,817180,Mamady Bangré,2001-06-15,22.21,171.0,left,Attack,Right Winger,Burkina Faso,France,8,98,0,1,415,FC Toulouse,98,1000000.0,800000.0,0.923,1.0,0.745,same_club
11780,Massamba Ndiaye,FRA,2023-24,Clermont Foot,GK,4,360,0,0,0,0,0,0.0,0.0,0.0,0.51,0.51,0,0,916497,Massamba N'Diaye,2001-10-08,21.9,202.0,,Goalkeeper,Goalkeeper,Senegal,Senegal,4,360,0,0,3524,Clermont Foot 63,360,500000.0,500000.0,0.928,0.88,1.0,same_club
11781,Philipp Köhn,FRA,2023-24,Monaco,GK,22,1980,0,0,0,0,0,0.0,0.0,0.0,2.378,2.378,0,0,251322,Philipp Köhn,1998-04-02,25.42,190.0,right,Goalkeeper,Goalkeeper,Switzerland,Germany,22,1980,0,0,162,AS Monaco,1980,4500000.0,5000000.0,1.0,1.0,1.0,same_club
11786,Becir Omeragic,FRA,2023-24,Montpellier,D M S,28,2316,0,0,0,9,10,0.32,0.32,0.832,4.198,3.986,4,0,507344,Becir Omeragic,2002-01-20,21.61,186.0,right,Defender,Centre-Back,Switzerland,Switzerland,28,2312,0,0,969,Montpellier HSC,2312,3000000.0,6000000.0,0.999,1.0,0.998,same_club
11787,Loïc Négo,FRA,2023-24,Le Havre,D M S,28,1583,0,0,3,18,13,1.351,1.351,1.167,4.848,2.489,2,0,122840,Loïc Nego,1991-01-15,32.63,181.0,right,Defender,Right-Back,Hungary,France,28,1561,0,5,738,Le Havre AC,1561,1000000.0,900000.0,0.996,1.0,0.986,same_club
11788,Arouna Sangante,FRA,2023-24,Le Havre,D,30,2698,0,0,0,16,17,0.652,0.652,1.263,5.548,4.773,8,0,768380,Arouna Sangante,2002-04-12,21.39,189.0,right,Defender,Centre-Back,Senegal,Senegal,30,2690,0,0,738,Le Havre AC,2690,5000000.0,10000000.0,0.999,1.0,0.997,same_club
11789,Josué Casimir,FRA,2023-24,Le Havre,D F M S,30,2066,0,0,5,21,30,1.49,1.49,4.365,7.464,3.63,6,0,763182,Josué Casimir,2001-09-24,21.94,178.0,right,Attack,Right Winger,Haiti,Guadeloupe,30,2028,0,5,738,Le Havre AC,2028,1800000.0,3000000.0,0.994,1.0,0.982,same_club
11790,Rassoul Ndiaye,FRA,2023-24,Le Havre,M S,19,508,0,0,0,5,2,0.118,0.118,0.113,0.755,0.564,2,2,662242,Rassoul Ndiaye,2001-12-11,21.72,179.0,right,Midfield,Central Midfield,Senegal,France,19,524,0,0,738,Le Havre AC,524,4000000.0,2500000.0,0.991,1.0,0.969,same_club
11792,Issa Soumaré,FRA,2023-24,Le Havre,F M S,7,243,0,0,0,5,3,0.457,0.457,0.723,0.521,0.081,0,0,568698,Issa Soumaré,2000-10-10,22.89,184.0,right,Attack,Left Winger,Senegal,Senegal,7,236,0,0,738,Le Havre AC,236,1000000.0,800000.0,0.991,1.0,0.971,same_club
11793,Andy Logbo,FRA,2023-24,Le Havre,F S,10,225,0,0,0,4,3,0.322,0.322,0.101,0.255,0.0,0,0,770407,Elysée Logbo,2004-05-06,19.32,188.0,left,Attack,Centre-Forward,France,France,10,242,0,0,738,Le Havre AC,242,,800000.0,0.949,0.95,0.93,same_club
11794,Antoine Joujou,FRA,2023-24,Le Havre,F M S,23,722,0,0,2,20,9,1.213,1.213,0.587,2.825,1.356,1,0,1028162,Antoine Joujou,2003-03-12,20.47,189.0,right,Attack,Left Winger,France,France,23,772,0,2,738,Le Havre AC,772,800000.0,1500000.0,0.981,1.0,0.935,same_club
11796,Étienne Youté,FRA,2023-24,Le Havre,D,22,1947,0,0,0,6,3,0.252,0.252,0.124,3.494,3.387,1,0,639712,Étienne Youté Kinkoué,2002-01-14,21.63,196.0,right,Defender,Centre-Back,France,France,22,1943,0,0,738,Le Havre AC,1943,300000.0,7000000.0,0.969,0.95,0.998,same_club
11797,Maxime Colin,FRA,2023-24,Metz,D,22,1835,0,0,0,6,4,0.23,0.23,0.689,2.892,2.573,3,0,156618,Maxime Colin,1991-11-15,31.79,180.0,right,Defender,Right-Back,France,France,22,1836,0,1,347,FC Metz,1836,1200000.0,900000.0,1.0,1.0,0.999,same_club
11798,Koffi Kouao,FRA,2023-24,Metz,D S,13,868,0,0,2,5,6,0.239,0.239,1.354,2.682,1.692,2,0,481513,Koffi Kouao,1998-05-20,25.28,173.0,right,Defender,Right-Back,Cote d'Ivoire,Cote d'Ivoire,13,863,0,2,347,FC Metz,863,2000000.0,1500000.0,0.998,1.0,0.994,same_club
11801,Benjamin Tetteh,FRA,2023-24,Metz,F S,12,247,0,0,0,3,2,0.199,0.199,0.062,0.265,0.066,2,0,306382,Benjamin Tetteh,1997-07-10,26.14,193.0,right,Attack,Centre-Forward,Ghana,Ghana,12,268,0,0,347,FC Metz,268,1500000.0,1000000.0,0.976,1.0,0.922,same_club
11802,Malick Mbaye,FRA,2023-24,Metz,M S,5,144,0,0,0,4,2,0.509,0.509,0.08,0.546,0.051,1,0,707063,Malick Mbaye,2004-04-06,19.4,173.0,right,Attack,Right Winger,Senegal,Senegal,5,151,0,0,347,FC Metz,151,150000.0,500000.0,0.986,1.0,0.954,same_club
11803,Jean N&#039;Guessan,FRA,2023-24,Metz,M S,6,103,0,0,0,3,0,0.059,0.059,0.0,0.097,0.076,0,0,837329,Jean N'Guessan,2003-04-17,20.38,177.0,right,Midfield,Central Midfield,Cote d'Ivoire,Cote d'Ivoire,6,108,0,0,347,FC Metz,108,1200000.0,800000.0,0.956,0.95,0.954,same_club
11804,Aboubacar Lô,FRA,2023-24,Metz,D M S,6,191,0,0,0,1,2,0.049,0.049,0.292,0.3,0.037,0,1,739076,Aboubacar Lô,2000-01-02,23.66,187.0,right,Defender,Centre-Back,Senegal,Senegal,6,195,0,0,347,FC Metz,195,250000.0,300000.0,0.994,1.0,0.979,same_club
11806,Sadibou Sané,FRA,2023-24,Metz,D S,14,845,0,0,0,5,1,0.304,0.304,0.009,1.854,1.854,1,0,1111777,Sadibou Sané,2004-06-10,19.23,184.0,right,Defender,Centre-Back,Senegal,Senegal,14,842,0,0,347,FC Metz,842,,800000.0,0.999,1.0,0.996,same_club
11818,Ângelo,FRA,2023-24,Strasbourg,F M S,21,1065,0,0,3,9,26,0.588,0.588,3.148,6.498,4.074,2,0,743598,Ângelo,2004-12-21,18.69,180.0,left,Attack,Right Winger,Brazil,Brazil,21,1090,0,4,667,RC Strasbourg Alsace,1090,13000000.0,15000000.0,0.993,1.0,0.977,same_club
11819,Clinton Mata,FRA,2023-24,Lyon,D S,28,2223,0,0,3,14,14,0.621,0.621,2.38,8.999,6.73,6,0,187718,Clinton Mata,1992-11-07,30.81,180.0,right,Defender,Centre-Back,Angola,Belgium,28,2222,0,3,1041,Olympique Lyon,2222,4500000.0,4000000.0,1.0,1.0,1.0,same_club
11905,Ignacio Miramón,FRA,2023-24,Lille,M S,2,39,0,0,0,2,0,0.029,0.029,0.0,0.211,0.182,0,0,836518,Ignacio Miramón,2003-06-12,20.22,173.0,right,Midfield,Defensive Midfield,Argentina,Argentina,2,40,0,0,1082,LOSC Lille,40,4000000.0,2500000.0,0.997,1.0,0.989,same_club
11978,Diego Moreira,FRA,2023-24,Lyon,M S,7,269,0,0,0,5,3,0.907,0.907,0.354,1.406,0.357,1,0,655006,Diego Moreira,2004-08-06,19.07,179.0,left,Midfield,Left Midfield,Belgium,Belgium,7,271,0,0,1041,Olympique Lyon,271,2000000.0,3000000.0,0.998,1.0,0.993,same_club
11996,Mathis Lambourde,FRA,2023-24,Rennes,S,1,8,0,0,0,0,0,0.0,0.0,0.0,0.0,0.0,0,0,979766,Mathis Lambourde,2006-01-09,17.64,179.0,left,Attack,Centre-Forward,France,France,1,9,0,0,273,Stade Rennais FC,16,,500000.0,0.997,1.0,0.989,same_club
12001,Joseph N&#039;Duquidi,FRA,2023-24,Metz,D M S,13,744,0,0,0,4,2,0.16,0.16,0.036,0.518,0.433,2,0,919620,Joseph Nduquidi,2004-10-25,18.85,187.0,,Midfield,Central Midfield,Angola,France,13,749,0,0,347,FC Metz,749,250000.0,800000.0,0.926,0.88,0.993,same_club
12004,Joel Mvuka,FRA,2023-24,Lorient,D S,7,189,0,0,0,1,0,0.029,0.029,0.0,0.029,0.0,1,0,700078,Joel Mvuka,2002-11-12,20.8,176.0,right,Midfield,Right Midfield,Norway,,7,195,0,0,1158,FC Lorient,279,4500000.0,3500000.0,0.991,1.0,0.969,same_club
12024,Adson,FRA,2023-24,Nantes,M S,8,220,0,0,0,5,3,0.272,0.272,0.079,1.333,1.178,0,0,868891,Adson,2000-10-06,22.9,171.0,left,Attack,Right Winger,Brazil,Brazil,8,233,0,0,995,FC Nantes,233,6000000.0,4500000.0,0.983,1.0,0.944,same_club
12039,Bertug Yildirim,FRA,2023-24,Rennes,F S,21,411,0,0,1,9,4,1.448,1.448,0.571,1.729,0.578,3,0,672803,Bertuğ Yıldırım,2002-07-12,21.14,191.0,right,Attack,Centre-Forward,Türkiye,Türkiye,21,453,0,2,273,Stade Rennais FC,993,2700000.0,3500000.0,0.906,0.889,0.907,same_club
12045,Aron Dønnum,FRA,2023-24,Toulouse,F M S,27,1628,0,0,1,21,23,1.218,1.218,2.474,5.741,3.548,8,0,476836,Aron Dønnum,1998-04-20,25.37,178.0,left,Midfield,Right Midfield,Norway,Norway,27,1601,0,2,415,FC Toulouse,2722,3000000.0,3500000.0,0.995,1.0,0.983,same_club
12052,Aliou Balde,FRA,2023-24,Nice,S,7,58,0,0,0,3,0,0.114,0.114,0.0,0.583,0.469,0,0,666977,Aliou Baldé,2002-12-12,20.72,170.0,right,Attack,Left Winger,Guinea,Senegal,7,65,0,0,417,OGC Nice,65,800000.0,800000.0,0.977,1.0,0.922,same_club
12066,Ethan Mbappé,FRA,2023-24,Paris Saint Germain,S,3,39,0,0,0,2,0,0.163,0.163,0.0,0.763,0.599,0,0,903666,Ethan Mbappé,2006-12-29,16.67,180.0,left,Attack,Right Winger,France,France,3,46,0,0,583,Paris Saint-Germain,46,,1500000.0,0.977,1.0,0.922,same_club
12079,Óscar Estupiñán,FRA,2023-24,Metz,F S,6,259,0,0,0,6,1,0.269,0.269,0.01,0.255,0.0,0,0,388266,Óscar Estupiñán,1996-12-29,26.67,188.0,left,Attack,Centre-Forward,Colombia,Colombia,6,262,0,0,347,FC Metz,289,5000000.0,4000000.0,0.997,1.0,0.989,same_club
12119,Antonin Cartillier,FRA,2023-24,Monaco,S,1,6,0,0,0,0,0,0.0,0.0,0.0,0.0,0.0,0,0,774772,Antonin Cartillier,2004-06-23,19.19,176.0,left,Defender,Left-Back,France,France,1,7,0,0,162,AS Monaco,7,,200000.0,0.997,1.0,0.989,same_club
12120,Noam Mayoka-Tika,FRA,2023-24,Marseille,S,1,1,0,0,0,0,0,0.0,0.0,0.0,0.0,0.0,0,0,902467,Noam Mayoka-Tika,2003-11-02,19.83,184.0,right,Midfield,Defensive Midfield,Belgium,Belgium,1,1,0,0,244,Olympique Marseille,1,50000.0,50000.0,1.0,1.0,1.0,same_club
12127,Yanis Issoufou,FRA,2023-24,Montpellier,S,1,9,0,0,0,0,0,0.0,0.0,0.0,0.0,0.0,0,0,1047104,Yanis Issoufou,2006-10-28,16.84,182.0,left,Attack,Left Winger,France,France,1,12,0,0,969,Montpellier HSC,12,,300000.0,0.99,1.0,0.967,same_club
12133,Steven Baseya,FRA,2023-24,Strasbourg,S,2,3,0,0,0,0,0,0.0,0.0,0.0,0.0,0.0,0,0,988468,Steven Baseya,2005-01-14,18.63,190.0,right,Defender,Centre-Back,France,France,2,5,0,0,667,RC Strasbourg Alsace,5,50000.0,50000.0,0.993,1.0,0.978,same_club
12143,Mahamadou Diawara,FRA,2023-24,Lyon,M S,11,354,0,0,0,6,3,0.767,0.767,0.179,1.014,0.144,2,0,1053147,Mahamadou Diawara,2005-02-17,18.54,187.0,left,Midfield,Central Midfield,France,France,11,355,0,0,1041,Olympique Lyon,355,,3000000.0,0.999,1.0,0.997,same_club
12144,Bassirou N&#039;Diaye,FRA,2023-24,Lorient,S,5,138,0,0,0,0,2,0.0,0.0,0.312,0.416,0.124,0,0,938009,Bassirou N'Diaye,2002-02-15,21.54,181.0,right,Attack,Centre-Forward,Senegal,,5,149,0,0,1158,FC Lorient,149,,500000.0,0.948,0.95,0.926,same_club
12159,Mahamadou Nagida,FRA,2023-24,Rennes,D S,3,104,0,0,0,3,3,0.163,0.163,0.268,0.647,0.309,0,0,1176345,Mahamadou Nagida,2005-06-28,18.18,176.0,left,Defender,Left-Back,Cameroon,Cameroon,3,104,0,0,273,Stade Rennais FC,215,,500000.0,1.0,1.0,1.0,same_club
12162,Ayyoub Bouaddi,FRA,2023-24,Lille,M S,9,117,0,0,0,0,1,0.0,0.0,0.017,0.8,0.783,1,1,1097139,Ayyoub Bouaddi,2007-10-02,15.92,185.0,right,Midfield,Central Midfield,Morocco,France,9,126,0,0,1082,LOSC Lille,126,,6000000.0,0.979,1.0,0.929,same_club
12163,Amadou Koné,FRA,2023-24,Reims,M S,16,459,0,0,0,6,4,0.171,0.171,0.353,1.235,1.106,2,1,1178474,Amadou Koné,2005-05-14,18.3,178.0,left,Midfield,Defensive Midfield,Cote d'Ivoire,Mali,16,468,0,0,1421,Stade Reims,468,,500000.0,0.994,1.0,0.981,same_club
12164,Adama Bojang,FRA,2023-24,Reims,S,9,59,0,0,0,4,1,0.869,0.869,0.053,1.697,0.775,1,0,1111912,Adama Bojang,2004-05-28,19.26,191.0,right,Attack,Centre-Forward,The Gambia,The Gambia,9,75,0,0,1421,Stade Reims,75,150000.0,500000.0,0.947,1.0,0.822,same_club
12228,Abdellah Baallal,FRA,2023-24,Clermont Foot,S,1,1,0,0,0,0,0,0.0,0.0,0.0,0.0,0.0,0,0,1028125,Abdellah Baallal,2004-11-07,18.81,,right,Midfield,Attacking Midfield,Morocco,Morocco,1,3,0,0,3524,Clermont Foot 63,3,,50000.0,0.993,1.0,0.978,same_club
12258,Luc Zogbe,FRA,2023-24,Brest,S,1,7,0,0,0,0,0,0.0,0.0,0.0,0.011,0.011,0,0,1144999,Luck Zogbé,2005-03-24,18.44,178.0,right,Defender,Right-Back,Cote d'Ivoire,Cote d'Ivoire,1,10,0,0,3911,Stade Brestois 29,10,,100000.0,0.96,0.95,0.967,same_club
12264,Saïmon Bouabré,FRA,2023-24,Monaco,S,1,40,0,0,0,0,0,0.0,0.0,0.0,0.088,0.088,0,0,955356,Saïmon Bouabré,2006-06-01,17.25,174.0,right,Midfield,Attacking Midfield,France,France,1,45,0,0,162,AS Monaco,45,,200000.0,0.983,1.0,0.944,same_club
12283,Daouda Traoré,FRA,2023-24,Nice,S,1,14,0,0,0,1,0,0.062,0.062,0.0,0.489,0.427,0,0,986300,Daouda Traoré,2006-07-22,17.11,188.0,right,Midfield,Central Midfield,France,France,1,15,0,0,417,OGC Nice,15,100000.0,50000.0,0.997,1.0,0.989,same_club
12285,Mamadou Coulibaly,FRA,2023-24,Monaco,M S,5,120,0,0,0,2,1,0.117,0.117,0.021,0.521,0.382,0,0,745173,Mamadou Coulibaly,2004-04-21,19.36,179.0,left,Midfield,Central Midfield,France,France,5,115,0,0,162,AS Monaco,115,,300000.0,0.987,1.0,0.958,same_club
12307,Mohamed Bechikh,FRA,2023-24,Strasbourg,S,2,9,0,0,0,0,0,0.0,0.0,0.0,0.024,0.024,0,0,886503,Mohamed Bechikh,2005-07-13,18.14,183.0,right,Attack,Centre-Forward,France,France,2,12,0,0,667,RC Strasbourg Alsace,12,,150000.0,0.99,1.0,0.967,same_club
12326,Royce Openda,FRA,2023-24,Lorient,S,1,14,0,0,0,0,0,0.0,0.0,0.0,0.0,0.0,0,0,934838,Royce Openda,2002-04-21,21.36,,right,Attack,Left Winger,Gabon,Gabon,1,15,0,0,1158,FC Lorient,15,,50000.0,0.997,1.0,0.989,same_club
12327,Gino Caoki,FRA,2023-24,Lorient,S,1,5,0,0,0,0,0,0.0,0.0,0.0,0.0,0.0,0,0,918250,Gino Caoki,2004-07-17,19.12,,right,Midfield,Central Midfield,France,France,1,6,0,0,1158,FC Lorient,6,,50000.0,0.997,1.0,0.989,same_club
12332,Hugo Boutsingkham,FRA,2023-24,Nantes,S,2,6,0,0,0,0,0,0.0,0.0,0.0,0.0,0.0,0,0,620319,Hugo Boutsingkham,2003-01-20,20.61,173.0,left,Defender,Left-Back,France,France,2,10,0,0,995,FC Nantes,10,,200000.0,0.987,1.0,0.956,same_club
12335,Steve Ngoura,FRA,2023-24,Le Havre,F S,12,193,0,0,1,7,1,0.631,0.631,0.077,1.79,1.082,0,0,923838,Steve Ngoura,2005-02-22,18.52,193.0,right,Attack,Centre-Forward,France,France,12,213,0,1,738,Le Havre AC,213,100000.0,400000.0,0.972,1.0,0.906,same_club
12337,Adryelson,FRA,2023-24,Lyon,S,2,3,0,0,0,0,0,0.0,0.0,0.0,0.0,0.0,0,0,373433,Adryelson,1998-03-23,25.44,182.0,right,Defender,Centre-Back,Brazil,Brazil,2,5,0,0,1041,Olympique Lyon,5,5000000.0,4000000.0,0.993,1.0,0.978,same_club
12343,Jhoanner Chávez,FRA,2023-24,Lens,D M S,8,486,0,0,0,3,4,0.512,0.512,0.93,3.585,2.242,1,0,713787,Jhoanner Chávez,2002-04-25,21.35,182.0,left,Defender,Left-Back,Ecuador,Ecuador,8,486,0,0,826,RC Lens,593,2000000.0,2000000.0,1.0,1.0,1.0,same_club
12345,Senny Mayulu,FRA,2023-24,Paris Saint Germain,F M S,8,321,0,0,1,3,6,0.189,0.189,0.483,1.974,1.361,0,0,903693,Senny Mayulu,2006-05-17,17.29,183.0,both,Midfield,Central Midfield,France,France,8,323,0,1,583,Paris Saint-Germain,323,,5000000.0,0.998,1.0,0.994,same_club
12368,Chaïm El Djebali,FRA,2023-24,Lyon,S,1,8,0,0,0,0,0,0.0,0.0,0.0,0.0,0.0,0,0,743501,Chaïm El Djebali,2004-02-07,19.56,170.0,right,Midfield,Central Midfield,Tunisia,France,1,11,0,0,1041,Olympique Lyon,11,500000.0,300000.0,0.99,1.0,0.967,same_club
12375,Sofiane Sidi Ali,FRA,2023-24,Marseille,S,2,12,0,0,0,1,0,0.068,0.068,0.0,0.391,0.323,0,0,608739,Sofiane Sidi Ali,1995-07-14,28.13,175.0,right,Attack,Centre-Forward,France,France,2,16,0,0,244,Olympique Marseille,16,100000.0,50000.0,0.987,1.0,0.956,same_club
12376,Lucas Michal,FRA,2023-24,Monaco,S,1,2,0,0,0,0,0,0.0,0.0,0.0,0.0,0.0,0,0,810909,Lucas Michal,2005-06-22,18.19,185.0,right,Attack,Left Winger,France,France,1,6,0,0,162,AS Monaco,6,,100000.0,0.987,1.0,0.956,same_club
12382,Nathaniel Adjei,FRA,2023-24,Lorient,D S,15,1243,0,0,0,4,3,0.365,0.365,0.071,2.799,2.756,2,0,646829,Nathaniel Adjei,2002-08-21,21.03,191.0,right,Defender,Centre-Back,Ghana,Ghana,15,1243,0,0,1158,FC Lorient,1398,400000.0,2500000.0,1.0,1.0,1.0,same_club
12384,Mohamed-Amine Bouchenna,FRA,2023-24,Clermont Foot,S,2,20,0,0,0,1,1,0.039,0.039,0.103,0.142,0.0,1,0,955360,Mohamed-Amine Bouchenna,2006-06-15,17.21,179.0,right,Attack,Second Striker,France,France,2,27,0,0,3524,Clermont Foot 63,27,,200000.0,0.977,1.0,0.922,same_club
12386,Adel Mahamoud,FRA,2023-24,Nantes,S,1,5,0,0,0,0,0,0.0,0.0,0.0,0.0,0.0,0,0,952436,Adel Mahamoud,2003-02-04,20.57,183.0,right,Attack,Left Winger,Comoros,France,1,9,0,0,995,FC Nantes,9,,100000.0,0.987,1.0,0.956,same_club
12388,Enzo Mongo,FRA,2023-24,Nantes,S,1,5,0,0,0,0,0,0.0,0.0,0.0,0.0,0.0,0,0,1119455,Enzo Mongo,2005-04-08,18.4,185.0,,Defender,Centre-Back,France,,1,9,0,0,995,FC Nantes,9,,,0.987,1.0,0.956,same_club
12400,Rabby Nzingoula,FRA,2023-24,Strasbourg,M S,6,123,0,0,1,1,2,0.095,0.095,0.151,0.259,0.013,1,0,1068110,Rabby Nzingoula,2005-11-25,17.77,183.0,right,Midfield,Defensive Midfield,France,France,6,131,0,1,667,RC Strasbourg Alsace,131,,300000.0,0.982,1.0,0.939,same_club
12420,Tiago Morais,FRA,2023-24,Lille,S,3,35,0,0,0,1,0,0.316,0.316,0.0,0.316,0.0,0,0,815652,Tiago Morais,2003-09-03,19.99,168.0,right,Attack,Left Winger,Portugal,Portugal,3,43,0,0,1082,LOSC Lille,1457,550000.0,3000000.0,0.973,1.0,0.911,same_club
12421,Andrej Ilic,FRA,2023-24,Lille,S,2,2,0,0,0,0,0,0.0,0.0,0.0,0.026,0.026,0,0,583699,Andrej Ilic,2000-04-03,23.41,189.0,right,Attack,Centre-Forward,Serbia,Yugoslavia (Republic),2,8,0,0,1082,LOSC Lille,362,1000000.0,3000000.0,0.98,1.0,0.933,same_club
12446,Simon Ebonog,FRA,2023-24,Le Havre,S,4,14,0,0,0,0,0,0.0,0.0,0.0,0.631,0.631,0,0,770436,Simon Ebonog,2004-08-16,19.04,186.0,right,Midfield,Central Midfield,France,Cameroon,4,17,0,0,738,Le Havre AC,17,50000.0,100000.0,0.99,1.0,0.967,same_club
12451,Djaoui Cissé,FRA,2023-24,Rennes,S,2,2,0,0,0,0,0,0.0,0.0,0.0,0.0,0.0,0,0,931160,Djaoui Cissé,2004-01-31,19.58,188.0,right,Midfield,Central Midfield,France,France,2,3,0,0,273,Stade Rennais FC,3,,100000.0,0.997,1.0,0.989,same_club
12468,Trévis Dago,FRA,2023-24,Lille,S,4,16,0,0,1,1,1,0.129,0.129,0.231,0.36,0.0,1,0,984697,Trévis Dago,2005-01-21,18.61,185.0,right,Attack,Centre-Forward,France,France,4,21,0,1,1082,LOSC Lille,21,,200000.0,0.983,1.0,0.944,same_club
12519,Aboubacar Ali Abdallah,FRA,2023-24,Strasbourg,F S,9,107,0,0,1,4,1,0.161,0.161,0.282,0.41,0.016,0,0,1010855,Aboubacar Ali,2006-04-02,17.42,183.0,right,Attack,Centre-Forward,Comoros,Réunion,9,126,0,1,667,RC Strasbourg Alsace,126,,150000.0,0.925,0.95,0.849,same_club
12552,Christ Mbondi,FRA,2023-24,Reims,S,1,1,0,0,0,0,0,0.0,0.0,0.0,0.0,0.0,0,0,1069038,Christ-Emmanuel Letono Mbondi,2004-04-28,19.34,198.0,right,Attack,Centre-Forward,Cameroon,Cameroon,1,1,0,0,1421,Stade Reims,1,,,0.97,0.95,1.0,same_club
12555,Ivan M&#039;Bahia,FRA,2023-24,Clermont Foot,S,1,7,0,0,0,0,1,0.0,0.0,0.014,0.027,0.012,1,0,1247360,Ivan M'Bahia,2005-04-19,18.37,174.0,right,Defender,Centre-Back,Cote d'Ivoire,Cote d'Ivoire,1,13,0,0,3524,Clermont Foot 63,13,,50000.0,0.95,0.95,0.933,same_club
12586,Raimane Daou,FRA,2023-24,Marseille,S,1,22,0,0,0,0,0,0.0,0.0,0.0,0.072,0.072,0,0,960655,Raimane Daou,2004-11-20,18.78,182.0,right,Midfield,Defensive Midfield,Comoros,,1,24,0,0,244,Olympique Marseille,44,,150000.0,0.993,1.0,0.978,same_club
12587,Keyliane Abdallah,FRA,2023-24,Marseille,S,1,1,0,0,0,0,0,0.0,0.0,0.0,0.0,0.0,0,0,1183719,Keyliane Abdallah,2006-04-05,17.41,185.0,left,Attack,Right Winger,France,France,1,3,0,0,244,Olympique Marseille,3,,,0.993,1.0,0.978,same_club
12606,Ilhan Fakili,FRA,2023-24,Clermont Foot,M S,3,93,0,0,0,4,1,0.118,0.118,0.026,0.28,0.135,0,0,1047101,Ilhan Fakili,2006-01-20,17.61,,right,Attack,Left Winger,France,France,3,93,0,0,3524,Clermont Foot 63,93,,,1.0,1.0,1.0,same_club
12618,Abdoul Koné,FRA,2023-24,Reims,D,3,202,0,0,0,0,2,0.0,0.0,0.623,0.692,0.069,1,0,1130445,Abdoul Koné,2005-04-22,18.36,192.0,right,Defender,Centre-Back,France,France,3,196,0,1,1421,Stade Reims,196,,,0.991,1.0,0.97,same_club
12636,Vignon Ouotro,FRA,2023-24,Strasbourg,S,1,3,0,0,0,0,0,0.0,0.0,0.0,0.0,0.0,0,0,1099652,Patrick Ouotro,2005-09-13,17.97,182.0,right,Attack,Centre-Forward,Cote d'Ivoire,Cote d'Ivoire,1,7,0,0,667,RC Strasbourg Alsace,7,,,0.957,0.95,0.956,same_club
