player,player_id,ranker,nationality,position,squad,age,birth_year,games,games_starts,minutes,minutes_90s,goals,assists,goals_assists,goals_pens,pens_made,pens_att,cards_yellow,cards_red,goals_per90,assists_per90,goals_assists_per90,goals_pens_per90,goals_assists_pens_per90,matches,season,league,tackles,tackles_won,tackles_def_3rd,tackles_mid_3rd,tackles_att_3rd,challenge_tackles,challenges,challenge_tackles_pct,challenges_lost,blocks,blocked_shots,blocked_passes,interceptions,tackles_interceptions,clearances,errors,passes_completed,passes,passes_pct,passes_total_distance,passes_progressive_distance,passes_completed_short,passes_short,passes_pct_short,passes_completed_medium,passes_medium,passes_pct_medium,passes_completed_long,passes_long,passes_pct_long,xg_assist_net,assisted_shots,passes_into_final_third,passes_into_penalty_area,crosses_into_penalty_area,shots,shots_on_target,shots_on_target_pct,shots_per90,shots_on_target_per90,goals_per_shot,goals_per_shot_on_target,gk_games,gk_games_starts,gk_minutes,gk_goals_against,gk_goals_against_per90,gk_shots_on_target_against,gk_saves,gk_save_pct,gk_wins,gk_ties,gk_losses,gk_clean_sheets,gk_clean_sheets_pct,gk_pens_att,gk_pens_allowed,gk_pens_saved,gk_pens_missed,gk_pens_save_pct
Abner,7f9c5d2d,1,brBRA,DF,Real Betis,22.0,2000.0,13,7,607.0,6.7,0.0,0.0,0.0,0.0,0.0,0.0,2,0,0.0,0.0,0.0,0.0,0.0,Matches,2022-2023,ESP,,9.0,,,,,,,,,,,8.0,,,,,,,,,,,,,,,,,,,,,,,5.0,2.0,40.0,0.74,0.3,0.0,0.0,,,,,,,,,,,,,,,,,,
Álvaro Aceves,be6faae0,2,esESP,GK,Valladolid,19.0,2003.0,1,0,13.0,0.1,0.0,0.0,0.0,0.0,0.0,0.0,0,0,0.0,0.0,0.0,0.0,0.0,Matches,2022-2023,ESP,,0.0,,,,,,,,,,,0.0,,,,,,,,,,,,,,,,,,,,,,,0.0,0.0,,0.0,0.0,,,1.0,0.0,13.0,0.0,0.0,3.0,3.0,100.0,0.0,0.0,0.0,0.0,,0.0,0.0,0.0,0.0,
Marcos Acuña,81442ecb,3,arARG,DF,Sevilla,30.0,1991.0,30,21,1912.0,21.2,3.0,2.0,5.0,3.0,0.0,0.0,10,3,0.14,0.09,0.24,0.14,0.24,Matches,2022-2023,ESP,,40.0,,,,,,,,,,,24.0,,,,,,,,,,,,,,,,,,,,,,,20.0,5.0,25.0,0.94,0.24,0.15,0.6,,,,,,,,,,,,,,,,,,
Julen Agirrezabala,a2c1a8d3,4,esESP,GK,Athletic Club,21.0,2000.0,8,7,675.0,7.5,0.0,0.0,0.0,0.0,0.0,0.0,0,0,0.0,0.0,0.0,0.0,0.0,Matches,2022-2023,ESP,,0.0,,,,,,,,,,,0.0,,,,,,,,,,,,,,,,,,,,,,,0.0,0.0,,0.0,0.0,,,8.0,7.0,675.0,6.0,0.8,19.0,13.0,68.4,1.0,3.0,3.0,2.0,28.6,0.0,0.0,0.0,0.0,
Álvaro Aguado,014aa7bd,5,esESP,MF,Valladolid,26.0,1996.0,34,18,1888.0,21.0,1.0,2.0,3.0,1.0,0.0,0.0,4,0,0.05,0.1,0.14,0.05,0.14,Matches,2022-2023,ESP,,13.0,,,,,,,,,,,13.0,,,,,,,,,,,,,,,,,,,,,,,20.0,6.0,30.0,0.95,0.29,0.05,0.17,,,,,,,,,,,,,,,,,,
Joseph Aidoo,18abe173,6,ghGHA,DF,Celta Vigo,26.0,1995.0,35,35,3119.0,34.7,3.0,0.0,3.0,3.0,0.0,0.0,6,1,0.09,0.0,0.09,0.09,0.09,Matches,2022-2023,ESP,,35.0,,,,,,,,,,,28.0,,,,,,,,,,,,,,,,,,,,,,,14.0,3.0,21.4,0.4,0.09,0.21,1.0,,,,,,,,,,,,,,,,,,
Sergio Akieme,06efa9dc,7,esESP,DF,Almería,24.0,1997.0,29,27,2297.0,25.5,1.0,0.0,1.0,1.0,0.0,0.0,5,0,0.04,0.0,0.04,0.04,0.04,Matches,2022-2023,ESP,,15.0,,,,,,,,,,,13.0,,,,,,,,,,,,,,,,,,,,,,,23.0,7.0,30.4,0.9,0.27,0.04,0.14,,,,,,,,,,,,,,,,,,
Babatunde Akinsola,733aab44,8,ngNGA,MF,Valladolid,19.0,2003.0,1,0,11.0,0.1,0.0,0.0,0.0,0.0,0.0,0.0,0,0,0.0,0.0,0.0,0.0,0.0,Matches,2022-2023,ESP,,1.0,,,,,,,,,,,0.0,,,,,,,,,,,,,,,,,,,,,,,0.0,0.0,,0.0,0.0,,,,,,,,,,,,,,,,,,,,
Paul Akouokou,31f5b89b,9,ciCIV,"MF,DF",Real Betis,24.0,1997.0,12,3,447.0,5.0,0.0,0.0,0.0,0.0,0.0,0.0,3,0,0.0,0.0,0.0,0.0,0.0,Matches,2022-2023,ESP,,8.0,,,,,,,,,,,12.0,,,,,,,,,,,,,,,,,,,,,,,3.0,1.0,33.3,0.6,0.2,0.0,0.0,,,,,,,,,,,,,,,,,,
David Alaba,05439de2,10,atAUT,DF,Real Madrid,30.0,1992.0,23,21,1838.0,20.4,1.0,3.0,4.0,1.0,0.0,0.0,3,0,0.05,0.15,0.2,0.05,0.2,Matches,2022-2023,ESP,,11.0,,,,,,,,,,,13.0,,,,,,,,,,,,,,,,,,,,,,,14.0,3.0,21.4,0.69,0.15,0.07,0.33,,,,,,,,,,,,,,,,,,
Ángel Alarcón,455c26a4,11,esESP,FW,Barcelona,18.0,2004.0,4,0,25.0,0.3,0.0,0.0,0.0,0.0,0.0,0.0,0,0,0.0,0.0,0.0,0.0,0.0,Matches,2022-2023,ESP,,0.0,,,,,,,,,,,0.0,,,,,,,,,,,,,,,,,,,,,,,1.0,1.0,100.0,3.6,3.6,0.0,0.0,,,,,,,,,,,,,,,,,,
Tomás Alarcón,99ea2ddd,12,clCHI,MF,Cádiz,23.0,1999.0,4,2,223.0,2.5,0.0,0.0,0.0,0.0,0.0,0.0,2,1,0.0,0.0,0.0,0.0,0.0,Matches,2022-2023,ESP,,2.0,,,,,,,,,,,2.0,,,,,,,,,,,,,,,,,,,,,,,2.0,1.0,50.0,0.81,0.4,0.0,0.0,,,,,,,,,,,,,,,,,,
Jordi Alba,4601e194,13,esESP,DF,Barcelona,33.0,1989.0,24,14,1419.0,15.8,2.0,3.0,5.0,2.0,0.0,0.0,6,1,0.13,0.19,0.32,0.13,0.32,Matches,2022-2023,ESP,,17.0,,,,,,,,,,,12.0,,,,,,,,,,,,,,,,,,,,,,,13.0,4.0,30.8,0.82,0.25,0.15,0.5,,,,,,,,,,,,,,,,,,
Raúl Albiol,4bd414c1,14,esESP,DF,Villarreal,36.0,1985.0,25,24,2119.0,23.5,0.0,0.0,0.0,0.0,0.0,0.0,6,0,0.0,0.0,0.0,0.0,0.0,Matches,2022-2023,ESP,,18.0,,,,,,,,,,,14.0,,,,,,,,,,,,,,,,,,,,,,,2.0,1.0,50.0,0.08,0.04,0.0,0.0,,,,,,,,,,,,,,,,,,
Rubén Alcaraz,036bba5f,15,esESP,MF,Cádiz,31.0,1991.0,31,22,2043.0,22.7,3.0,0.0,3.0,1.0,2.0,3.0,11,1,0.13,0.0,0.13,0.04,0.04,Matches,2022-2023,ESP,,32.0,,,,,,,,,,,19.0,,,,,,,,,,,,,,,,,,,,,,,34.0,7.0,20.6,1.5,0.31,0.03,0.14,,,,,,,,,,,,,,,,,,
Omar Alderete,bb08bce9,16,pyPAR,DF,Getafe,25.0,1996.0,25,23,2047.0,22.7,1.0,1.0,2.0,1.0,0.0,0.0,9,0,0.04,0.04,0.09,0.04,0.09,Matches,2022-2023,ESP,,18.0,,,,,,,,,,,27.0,,,,,,,,,,,,,,,,,,,,,,,17.0,8.0,47.1,0.75,0.35,0.06,0.13,,,,,,,,,,,,,,,,,,
Iván Alejo,3d7e48ce,17,esESP,MF,Cádiz,27.0,1995.0,31,13,1311.0,14.6,0.0,1.0,1.0,0.0,0.0,0.0,13,1,0.0,0.07,0.07,0.0,0.07,Matches,2022-2023,ESP,,22.0,,,,,,,,,,,4.0,,,,,,,,,,,,,,,,,,,,,,,23.0,6.0,26.1,1.58,0.41,0.0,0.0,,,,,,,,,,,,,,,,,,
Carles Aleñá,6c811eb7,18,esESP,"MF,FW",Getafe,24.0,1998.0,35,26,2119.0,23.5,2.0,2.0,4.0,2.0,0.0,0.0,12,1,0.08,0.08,0.17,0.08,0.17,Matches,2022-2023,ESP,,12.0,,,,,,,,,,,4.0,,,,,,,,,,,,,,,,,,,,,,,33.0,10.0,30.3,1.4,0.42,0.06,0.2,,,,,,,,,,,,,,,,,,
Alejandro Alfaro,b907d169,19,esESP,MF,Elche,20.0,2002.0,1,0,15.0,0.2,0.0,0.0,0.0,0.0,0.0,0.0,0,0,0.0,0.0,0.0,0.0,0.0,Matches,2022-2023,ESP,,0.0,,,,,,,,,,,0.0,,,,,,,,,,,,,,,,,,,,,,,0.0,0.0,,0.0,0.0,,,,,,,,,,,,,,,,,,,,
Ángel Algobia,acc1aefa,20,esESP,MF,Getafe,23.0,1999.0,26,11,1138.0,12.6,0.0,0.0,0.0,0.0,0.0,0.0,3,0,0.0,0.0,0.0,0.0,0.0,Matches,2022-2023,ESP,,12.0,,,,,,,,,,,4.0,,,,,,,,,,,,,,,,,,,,,,,7.0,1.0,14.3,0.55,0.08,0.0,0.0,,,,,,,,,,,,,,,,,,
Mohamed Ali Cho,f8405304,21,frFRA,"FW,MF",Real Sociedad,18.0,2004.0,19,5,587.0,6.5,1.0,2.0,3.0,1.0,0.0,0.0,1,0,0.15,0.31,0.46,0.15,0.46,Matches,2022-2023,ESP,,10.0,,,,,,,,,,,1.0,,,,,,,,,,,,,,,,,,,,,,,23.0,12.0,52.2,3.53,1.84,0.04,0.08,,,,,,,,,,,,,,,,,,
Domingos André Ribeiro Almeida,e6697917,22,ptPOR,MF,Valencia,22.0,2000.0,34,29,2539.0,28.2,2.0,4.0,6.0,2.0,0.0,0.0,3,0,0.07,0.14,0.21,0.07,0.21,Matches,2022-2023,ESP,,42.0,,,,,,,,,,,21.0,,,,,,,,,,,,,,,,,,,,,,,23.0,8.0,34.8,0.82,0.28,0.09,0.25,,,,,,,,,,,,,,,,,,
Marcos Alonso,f4290206,23,esESP,DF,Barcelona,31.0,1990.0,24,11,1172.0,13.0,1.0,0.0,1.0,1.0,0.0,0.0,3,0,0.08,0.0,0.08,0.08,0.08,Matches,2022-2023,ESP,,10.0,,,,,,,,,,,9.0,,,,,,,,,,,,,,,,,,,,,,,6.0,2.0,33.3,0.46,0.15,0.17,0.5,,,,,,,,,,,,,,,,,,
Carlos Álvarez,56bcaaa0,24,esESP,MF,Sevilla,18.0,2003.0,1,0,10.0,0.1,0.0,0.0,0.0,0.0,0.0,0.0,1,0,0.0,0.0,0.0,0.0,0.0,Matches,2022-2023,ESP,,1.0,,,,,,,,,,,0.0,,,,,,,,,,,,,,,,,,,,,,,0.0,0.0,,0.0,0.0,,,,,,,,,,,,,,,,,,,,
Gastón Álvarez,852ddfb8,25,uyURU,DF,Getafe,22.0,2000.0,22,16,1501.0,16.7,2.0,0.0,2.0,2.0,0.0,0.0,7,1,0.12,0.0,0.12,0.12,0.12,Matches,2022-2023,ESP,,29.0,,,,,,,,,,,15.0,,,,,,,,,,,,,,,,,,,,,,,5.0,2.0,40.0,0.3,0.12,0.4,1.0,,,,,,,,,,,,,,,,,,
Yeray Álvarez,3ecc11d8,26,esESP,DF,Athletic Club,27.0,1995.0,28,27,2332.0,25.9,1.0,1.0,2.0,1.0,0.0,0.0,7,1,0.04,0.04,0.08,0.04,0.08,Matches,2022-2023,ESP,,25.0,,,,,,,,,,,47.0,,,,,,,,,,,,,,,,,,,,,,,8.0,1.0,12.5,0.31,0.04,0.13,1.0,,,,,,,,,,,,,,,,,,
Selim Amallah,00eba9c9,27,maMAR,"MF,FW",Valladolid,25.0,1996.0,7,3,267.0,3.0,2.0,1.0,3.0,2.0,0.0,0.0,2,1,0.67,0.34,1.01,0.67,1.01,Matches,2022-2023,ESP,,8.0,,,,,,,,,,,5.0,,,,,,,,,,,,,,,,,,,,,,,5.0,2.0,40.0,1.69,0.67,0.4,1.0,,,,,,,,,,,,,,,,,,
Amath,f3b1d9a2,28,snSEN,"MF,FW",Mallorca,26.0,1996.0,28,12,1227.0,13.6,2.0,0.0,2.0,2.0,0.0,0.0,2,1,0.15,0.0,0.15,0.15,0.15,Matches,2022-2023,ESP,,17.0,,,,,,,,,,,4.0,,,,,,,,,,,,,,,,,,,,,,,23.0,7.0,30.4,1.69,0.51,0.09,0.29,,,,,,,,,,,,,,,,,,
Jordan Amavi,22721b88,29,frFRA,DF,Getafe,28.0,1994.0,5,1,200.0,2.2,0.0,0.0,0.0,0.0,0.0,0.0,2,1,0.0,0.0,0.0,0.0,0.0,Matches,2022-2023,ESP,,2.0,,,,,,,,,,,3.0,,,,,,,,,,,,,,,,,,,,,,,0.0,0.0,,0.0,0.0,,,,,,,,,,,,,,,,,,,,
Marcos André,ae86d473,30,brBRA,FW,Valencia,25.0,1996.0,17,3,447.0,5.0,1.0,0.0,1.0,1.0,0.0,0.0,2,1,0.2,0.0,0.2,0.2,0.2,Matches,2022-2023,ESP,,1.0,,,,,,,,,,,0.0,,,,,,,,,,,,,,,,,,,,,,,17.0,2.0,11.8,3.42,0.4,0.06,0.5,,,,,,,,,,,,,,,,,,
Fabrizio Angileri,fdd26d71,31,arARG,DF,Getafe,28.0,1994.0,15,7,585.0,6.5,0.0,0.0,0.0,0.0,0.0,0.0,2,1,0.0,0.0,0.0,0.0,0.0,Matches,2022-2023,ESP,,9.0,,,,,,,,,,,7.0,,,,,,,,,,,,,,,,,,,,,,,3.0,0.0,0.0,0.46,0.0,0.0,,,,,,,,,,,,,,,,,,,
Josep Antoni Gayá,4a5f2032,32,esESP,DF,Mallorca,22.0,2000.0,2,1,98.0,1.1,0.0,0.0,0.0,0.0,0.0,0.0,0,0,0.0,0.0,0.0,0.0,0.0,Matches,2022-2023,ESP,,0.0,,,,,,,,,,,1.0,,,,,,,,,,,,,,,,,,,,,,,0.0,0.0,,0.0,0.0,,,,,,,,,,,,,,,,,,,,
José Antonio,62a583ee,33,esESP,MF,Cádiz,18.0,2004.0,2,0,46.0,0.5,0.0,1.0,1.0,0.0,0.0,0.0,0,0,0.0,1.96,1.96,0.0,1.96,Matches,2022-2023,ESP,,1.0,,,,,,,,,,,0.0,,,,,,,,,,,,,,,,,,,,,,,0.0,0.0,,0.0,0.0,,,,,,,,,,,,,,,,,,,,
Anuar,c93231dc,34,maMAR,"MF,FW",Valladolid,27.0,1995.0,3,3,210.0,2.3,1.0,0.0,1.0,1.0,0.0,0.0,1,0,0.43,0.0,0.43,0.43,0.43,Matches,2022-2023,ESP,,4.0,,,,,,,,,,,3.0,,,,,,,,,,,,,,,,,,,,,,,3.0,1.0,33.3,1.29,0.43,0.33,1.0,,,,,,,,,,,,,,,,,,
Mauro Arambarri,58afe001,35,uyURU,MF,Getafe,26.0,1995.0,13,13,992.0,11.0,0.0,1.0,1.0,0.0,0.0,0.0,5,1,0.0,0.09,0.09,0.0,0.09,Matches,2022-2023,ESP,,6.0,,,,,,,,,,,15.0,,,,,,,,,,,,,,,,,,,,,,,8.0,0.0,0.0,0.73,0.0,0.0,,,,,,,,,,,,,,,,,,,
Ronald Araújo,2bef2bca,36,uyURU,DF,Barcelona,23.0,1999.0,22,21,1800.0,20.0,0.0,2.0,2.0,0.0,0.0,0.0,5,1,0.0,0.1,0.1,0.0,0.1,Matches,2022-2023,ESP,,18.0,,,,,,,,,,,11.0,,,,,,,,,,,,,,,,,,,,,,,18.0,1.0,5.6,0.9,0.05,0.0,0.0,,,,,,,,,,,,,,,,,,
Adu Ares,a461f098,37,esESP,MF,Athletic Club,20.0,2001.0,8,0,84.0,0.9,0.0,0.0,0.0,0.0,0.0,0.0,0,0,0.0,0.0,0.0,0.0,0.0,Matches,2022-2023,ESP,,2.0,,,,,,,,,,,2.0,,,,,,,,,,,,,,,,,,,,,,,3.0,0.0,0.0,3.21,0.0,0.0,,,,,,,,,,,,,,,,,,,
Sergio Arribas,1e465e70,38,esESP,MF,Real Madrid,20.0,2001.0,2,0,19.0,0.2,0.0,0.0,0.0,0.0,0.0,0.0,0,0,0.0,0.0,0.0,0.0,0.0,Matches,2022-2023,ESP,,0.0,,,,,,,,,,,0.0,,,,,,,,,,,,,,,,,,,,,,,1.0,0.0,0.0,4.74,0.0,0.0,,,,,,,,,,,,,,,,,,,
Roberto Arroyo,6091cf45,39,esESP,FW,Valladolid,18.0,2003.0,1,0,15.0,0.2,0.0,0.0,0.0,0.0,0.0,0.0,0,0,0.0,0.0,0.0,0.0,0.0,Matches,2022-2023,ESP,,1.0,,,,,,,,,,,0.0,,,,,,,,,,,,,,,,,,,,,,,0.0,0.0,,0.0,0.0,,,,,,,,,,,,,,,,,,,,
Ricard Artero,5d133e96,40,esESP,MF,Girona,19.0,2003.0,7,0,133.0,1.5,0.0,0.0,0.0,0.0,0.0,0.0,0,0,0.0,0.0,0.0,0.0,0.0,Matches,2022-2023,ESP,,3.0,,,,,,,,,,,2.0,,,,,,,,,,,,,,,,,,,,,,,4.0,2.0,50.0,2.71,1.35,0.0,0.0,,,,,,,,,,,,,,,,,,
Santiago Arzamendia,759d8dd7,41,pyPAR,"DF,MF",Cádiz,24.0,1998.0,12,5,483.0,5.4,0.0,0.0,0.0,0.0,0.0,0.0,0,0,0.0,0.0,0.0,0.0,0.0,Matches,2022-2023,ESP,,8.0,,,,,,,,,,,2.0,,,,,,,,,,,,,,,,,,,,,,,4.0,2.0,50.0,0.75,0.37,0.0,0.0,,,,,,,,,,,,,,,,,,
Sergio Asenjo,9f0ea33f,42,esESP,GK,Valladolid,33.0,1989.0,10,10,900.0,10.0,0.0,0.0,0.0,0.0,0.0,0.0,0,0,0.0,0.0,0.0,0.0,0.0,Matches,2022-2023,ESP,,0.0,,,,,,,,,,,0.0,,,,,,,,,,,,,,,,,,,,,,,0.0,0.0,,0.0,0.0,,,10.0,10.0,900.0,21.0,2.1,51.0,31.0,60.8,2.0,2.0,6.0,1.0,10.0,1.0,1.0,0.0,0.0,0.0
Marco Asensio,45af8a54,43,esESP,"FW,MF",Real Madrid,26.0,1996.0,31,15,1442.0,16.0,9.0,6.0,15.0,9.0,0.0,1.0,1,0,0.56,0.37,0.94,0.56,0.94,Matches,2022-2023,ESP,,10.0,,,,,,,,,,,5.0,,,,,,,,,,,,,,,,,,,,,,,59.0,25.0,42.4,3.68,1.56,0.15,0.36,,,,,,,,,,,,,,,,,,
Iago Aspas,7dcf86f6,44,esESP,FW,Celta Vigo,34.0,1987.0,37,31,2868.0,31.9,12.0,3.0,15.0,10.0,2.0,3.0,6,0,0.38,0.09,0.47,0.31,0.41,Matches,2022-2023,ESP,,5.0,,,,,,,,,,,7.0,,,,,,,,,,,,,,,,,,,,,,,78.0,33.0,42.3,2.45,1.04,0.13,0.3,,,,,,,,,,,,,,,,,,
Pierre-Emerick Aubameyang,d5dd5f1f,45,gaGAB,"FW,MF",Barcelona,33.0,1989.0,1,0,9.0,0.1,0.0,0.0,0.0,0.0,0.0,0.0,0,0,0.0,0.0,0.0,0.0,0.0,Matches,2022-2023,ESP,,0.0,,,,,,,,,,,0.0,,,,,,,,,,,,,,,,,,,,,,,1.0,1.0,100.0,10.0,10.0,0.0,0.0,,,,,,,,,,,,,,,,,,
Ludwig Augustinsson,9fec8860,46,seSWE,DF,Mallorca,28.0,1994.0,4,1,132.0,1.5,0.0,0.0,0.0,0.0,0.0,0.0,0,0,0.0,0.0,0.0,0.0,0.0,Matches,2022-2023,ESP,,1.0,,,,,,,,,,,1.0,,,,,,,,,,,,,,,,,,,,,,,0.0,0.0,,0.0,0.0,,,,,,,,,,,,,,,,,,,,
Ezequiel Ávila,253a06b9,47,arARG,"FW,MF",Osasuna,28.0,1994.0,29,23,1709.0,19.0,8.0,2.0,10.0,6.0,2.0,3.0,7,1,0.42,0.11,0.53,0.32,0.42,Matches,2022-2023,ESP,,5.0,,,,,,,,,,,9.0,,,,,,,,,,,,,,,,,,,,,,,67.0,24.0,35.8,3.53,1.26,0.09,0.25,,,,,,,,,,,,,,,,,,
Iddrisu Baba,bfd381b3,48,ghGHA,MF,Mallorca,26.0,1996.0,29,20,1705.0,18.9,0.0,0.0,0.0,0.0,0.0,0.0,5,0,0.0,0.0,0.0,0.0,0.0,Matches,2022-2023,ESP,,17.0,,,,,,,,,,,11.0,,,,,,,,,,,,,,,,,,,,,,,12.0,2.0,16.7,0.63,0.11,0.0,0.0,,,,,,,,,,,,,,,,,,
Srđan Babić,075fe5a3,49,rsSRB,DF,Almería,26.0,1996.0,34,33,2998.0,33.3,3.0,0.0,3.0,3.0,0.0,0.0,5,0,0.09,0.0,0.09,0.09,0.09,Matches,2022-2023,ESP,,19.0,,,,,,,,,,,27.0,,,,,,,,,,,,,,,,,,,,,,,9.0,5.0,55.6,0.27,0.15,0.33,0.6,,,,,,,,,,,,,,,,,,
Loïc Bade,114bbdee,50,frFRA,DF,Sevilla,22.0,2000.0,19,16,1449.0,16.1,1.0,0.0,1.0,1.0,0.0,0.0,4,0,0.06,0.0,0.06,0.06,0.06,Matches,2022-2023,ESP,,21.0,,,,,,,,,,,22.0,,,,,,,,,,,,,,,,,,,,,,,4.0,2.0,50.0,0.25,0.12,0.25,0.5,,,,,,,,,,,,,,,,,,
Édgar Badía,e4346678,51,esESP,GK,Elche,30.0,1992.0,36,36,3240.0,36.0,0.0,0.0,0.0,0.0,0.0,0.0,2,0,0.0,0.0,0.0,0.0,0.0,Matches,2022-2023,ESP,,0.0,,,,,,,,,,,0.0,,,,,,,,,,,,,,,,,,,,,,,0.0,0.0,,0.0,0.0,,,36.0,36.0,3240.0,63.0,1.75,189.0,136.0,70.4,5.0,10.0,21.0,4.0,11.1,10.0,7.0,3.0,0.0,30.0
Alex Baena,518f2234,52,esESP,"MF,FW",Villarreal,21.0,2001.0,35,19,1947.0,21.6,6.0,2.0,8.0,6.0,0.0,0.0,13,1,0.28,0.09,0.37,0.28,0.37,Matches,2022-2023,ESP,,17.0,,,,,,,,,,,7.0,,,,,,,,,,,,,,,,,,,,,,,62.0,23.0,37.1,2.87,1.06,0.1,0.26,,,,,,,,,,,,,,,,,,
Alejandro Balde,5ccc9672,53,esESP,DF,Barcelona,18.0,2003.0,33,30,2471.0,27.5,1.0,6.0,7.0,1.0,0.0,0.0,4,0,0.04,0.22,0.25,0.04,0.25,Matches,2022-2023,ESP,,32.0,,,,,,,,,,,12.0,,,,,,,,,,,,,,,,,,,,,,,19.0,4.0,21.1,0.69,0.15,0.05,0.25,,,,,,,,,,,,,,,,,,
Mikel Balenziaga,1fe67e86,54,esESP,DF,Athletic Club,34.0,1988.0,3,1,115.0,1.3,0.0,0.0,0.0,0.0,0.0,0.0,0,0,0.0,0.0,0.0,0.0,0.0,Matches,2022-2023,ESP,,4.0,,,,,,,,,,,1.0,,,,,,,,,,,,,,,,,,,,,,,1.0,0.0,0.0,0.78,0.0,0.0,,,,,,,,,,,,,,,,,,,
Iván Balliu,cee88597,55,alALB,DF,Rayo Vallecano,30.0,1992.0,37,37,3232.0,35.9,0.0,0.0,0.0,0.0,0.0,0.0,6,0,0.0,0.0,0.0,0.0,0.0,Matches,2022-2023,ESP,,30.0,,,,,,,,,,,24.0,,,,,,,,,,,,,,,,,,,,,,,6.0,1.0,16.7,0.17,0.03,0.0,0.0,,,,,,,,,,,,,,,,,,
Léo Baptistão,35f6db55,56,brBRA,"FW,MF",Almería,29.0,1992.0,28,24,1726.0,19.2,4.0,1.0,5.0,4.0,0.0,0.0,7,0,0.21,0.05,0.26,0.21,0.26,Matches,2022-2023,ESP,,20.0,,,,,,,,,,,18.0,,,,,,,,,,,,,,,,,,,,,,,44.0,15.0,34.1,2.29,0.78,0.09,0.27,,,,,,,,,,,,,,,,,,
Keidi Bare,03049c8c,57,alALB,MF,Espanyol,24.0,1997.0,18,4,503.0,5.6,0.0,1.0,1.0,0.0,0.0,0.0,0,0,0.0,0.18,0.18,0.0,0.18,Matches,2022-2023,ESP,,7.0,,,,,,,,,,,11.0,,,,,,,,,,,,,,,,,,,,,,,5.0,3.0,60.0,0.89,0.54,0.0,0.0,,,,,,,,,,,,,,,,,,
Kike Barja,aad53e64,58,esESP,"FW,MF",Osasuna,25.0,1997.0,27,15,1312.0,14.6,1.0,6.0,7.0,1.0,0.0,0.0,1,0,0.07,0.41,0.48,0.07,0.48,Matches,2022-2023,ESP,,10.0,,,,,,,,,,,5.0,,,,,,,,,,,,,,,,,,,,,,,17.0,6.0,35.3,1.17,0.41,0.06,0.17,,,,,,,,,,,,,,,,,,
Ander Barrenetxea,200e89e1,59,esESP,"DF,MF",Real Sociedad,20.0,2001.0,23,9,878.0,9.8,3.0,1.0,4.0,3.0,0.0,0.0,4,0,0.31,0.1,0.41,0.31,0.41,Matches,2022-2023,ESP,,15.0,,,,,,,,,,,5.0,,,,,,,,,,,,,,,,,,,,,,,18.0,12.0,66.7,1.85,1.23,0.17,0.25,,,,,,,,,,,,,,,,,,
Pablo Barrios,45736cec,60,esESP,MF,Atlético Madrid,19.0,2003.0,21,6,724.0,8.0,0.0,1.0,1.0,0.0,0.0,0.0,4,0,0.0,0.12,0.12,0.0,0.12,Matches,2022-2023,ESP,,11.0,,,,,,,,,,,8.0,,,,,,,,,,,,,,,,,,,,,,,12.0,3.0,25.0,1.49,0.37,0.0,0.0,,,,,,,,,,,,,,,,,,
Rodrigo Battaglia,d637fc22,61,arARG,MF,Mallorca,31.0,1991.0,15,8,686.0,7.6,0.0,0.0,0.0,0.0,0.0,0.0,5,0,0.0,0.0,0.0,0.0,0.0,Matches,2022-2023,ESP,,6.0,,,,,,,,,,,5.0,,,,,,,,,,,,,,,,,,,,,,,2.0,0.0,0.0,0.26,0.0,0.0,,,,,,,,,,,,,,,,,,,
Bebé,d8712bf9,62,cvCPV,"FW,MF",Rayo Vallecano,32.0,1990.0,4,0,60.0,0.7,0.0,0.0,0.0,0.0,0.0,0.0,1,0,0.0,0.0,0.0,0.0,0.0,Matches,2022-2023,ESP,,0.0,,,,,,,,,,,0.0,,,,,,,,,,,,,,,,,,,,,,,4.0,0.0,0.0,6.0,0.0,0.0,,,,,,,,,,,,,,,,,,,
Héctor Bellerín,f874dd44,63,esESP,DF,Barcelona,27.0,1995.0,3,1,143.0,1.6,0.0,0.0,0.0,0.0,0.0,0.0,0,0,0.0,0.0,0.0,0.0,0.0,Matches,2022-2023,ESP,,0.0,,,,,,,,,,,3.0,,,,,,,,,,,,,,,,,,,,,,,0.0,0.0,,0.0,0.0,,,,,,,,,,,,,,,,,,,,
Fran Beltrán,ed5c5fa3,64,esESP,MF,Celta Vigo,23.0,1999.0,36,33,2855.0,31.7,0.0,2.0,2.0,0.0,0.0,0.0,4,0,0.0,0.06,0.06,0.0,0.06,Matches,2022-2023,ESP,,22.0,,,,,,,,,,,53.0,,,,,,,,,,,,,,,,,,,,,,,25.0,2.0,8.0,0.79,0.06,0.0,0.0,,,,,,,,,,,,,,,,,,
Iker Benito,50cbc806,65,esESP,MF,Osasuna,19.0,2002.0,4,2,176.0,2.0,0.0,0.0,0.0,0.0,0.0,0.0,0,0,0.0,0.0,0.0,0.0,0.0,Matches,2022-2023,ESP,,3.0,,,,,,,,,,,2.0,,,,,,,,,,,,,,,,,,,,,,,0.0,0.0,,0.0,0.0,,,,,,,,,,,,,,,,,,,,
Karim Benzema,70d74ece,66,frFRA,FW,Real Madrid,34.0,1987.0,24,24,2038.0,22.6,19.0,3.0,22.0,12.0,7.0,8.0,1,0,0.84,0.13,0.97,0.53,0.66,Matches,2022-2023,ESP,,5.0,,,,,,,,,,,1.0,,,,,,,,,,,,,,,,,,,,,,,107.0,45.0,42.1,4.73,1.99,0.11,0.27,,,,,,,,,,,,,,,,,,
Yuri Berchiche,b6e50615,67,esESP,DF,Athletic Club,32.0,1990.0,29,27,2406.0,26.7,1.0,1.0,2.0,1.0,0.0,0.0,9,1,0.04,0.04,0.07,0.04,0.07,Matches,2022-2023,ESP,,33.0,,,,,,,,,,,36.0,,,,,,,,,,,,,,,,,,,,,,,28.0,8.0,28.6,1.05,0.3,0.04,0.13,,,,,,,,,,,,,,,,,,
Álex Berenguer,dc1c2fce,68,esESP,MF,Athletic Club,27.0,1995.0,37,26,2297.0,25.5,4.0,1.0,5.0,4.0,0.0,0.0,2,0,0.16,0.04,0.2,0.16,0.2,Matches,2022-2023,ESP,,35.0,,,,,,,,,,,10.0,,,,,,,,,,,,,,,,,,,,,,,56.0,19.0,33.9,2.19,0.74,0.07,0.21,,,,,,,,,,,,,,,,,,
Pedro Bigas,697295b1,69,esESP,DF,Elche,31.0,1990.0,28,25,2020.0,22.4,0.0,0.0,0.0,0.0,0.0,0.0,4,2,0.0,0.0,0.0,0.0,0.0,Matches,2022-2023,ESP,,20.0,,,,,,,,,,,33.0,,,,,,,,,,,,,,,,,,,,,,,22.0,8.0,36.4,0.98,0.36,0.0,0.0,,,,,,,,,,,,,,,,,,
El Bilal Touré,47c609d5,70,mlMLI,FW,Almería,20.0,2001.0,21,15,1264.0,14.0,7.0,2.0,9.0,7.0,0.0,0.0,0,0,0.5,0.14,0.64,0.5,0.64,Matches,2022-2023,ESP,,3.0,,,,,,,,,,,3.0,,,,,,,,,,,,,,,,,,,,,,,29.0,14.0,48.3,2.06,1.0,0.24,0.5,,,,,,,,,,,,,,,,,,
Antonio Blanco,506daeac,71,esESP,MF,Cádiz,22.0,2000.0,3,2,158.0,1.8,0.0,0.0,0.0,0.0,0.0,0.0,0,0,0.0,0.0,0.0,0.0,0.0,Matches,2022-2023,ESP,,4.0,,,,,,,,,,,1.0,,,,,,,,,,,,,,,,,,,,,,,0.0,0.0,,0.0,0.0,,,,,,,,,,,,,,,,,,,,
Lautaro Blanco,1657f448,72,arARG,"DF,MF",Elche,23.0,1999.0,17,9,872.0,9.7,0.0,2.0,2.0,0.0,0.0,0.0,2,0,0.0,0.21,0.21,0.0,0.21,Matches,2022-2023,ESP,,10.0,,,,,,,,,,,2.0,,,,,,,,,,,,,,,,,,,,,,,1.0,1.0,100.0,0.1,0.1,0.0,0.0,,,,,,,,,,,,,,,,,,
Theo Bongonda,0da6a13e,73,cdCOD,MF,Cádiz,26.0,1995.0,31,24,1938.0,21.5,4.0,3.0,7.0,3.0,1.0,1.0,2,0,0.19,0.14,0.33,0.14,0.28,Matches,2022-2023,ESP,,21.0,,,,,,,,,,,6.0,,,,,,,,,,,,,,,,,,,,,,,43.0,15.0,34.9,2.0,0.7,0.07,0.2,,,,,,,,,,,,,,,,,,
Yassine Bounou,f6798fc3,74,maMAR,GK,Sevilla,31.0,1991.0,25,25,2151.0,23.9,0.0,0.0,0.0,0.0,0.0,0.0,2,0,0.0,0.0,0.0,0.0,0.0,Matches,2022-2023,ESP,,1.0,,,,,,,,,,,2.0,,,,,,,,,,,,,,,,,,,,,,,0.0,0.0,,0.0,0.0,,,25.0,25.0,2151.0,40.0,1.67,99.0,62.0,61.6,7.0,6.0,12.0,4.0,16.0,3.0,2.0,1.0,0.0,33.3
Lucas Boyé,d49f3e6b,75,arARG,FW,Elche,26.0,1996.0,35,29,2462.0,27.4,7.0,2.0,9.0,7.0,0.0,1.0,7,1,0.26,0.07,0.33,0.26,0.33,Matches,2022-2023,ESP,,16.0,,,,,,,,,,,14.0,,,,,,,,,,,,,,,,,,,,,,,72.0,21.0,29.2,2.63,0.77,0.1,0.33,,,,,,,,,,,,,,,,,,
Martin Braithwaite,fd771f95,76,dkDEN,"FW,MF",Espanyol,31.0,1991.0,31,29,2456.0,27.3,10.0,2.0,12.0,10.0,0.0,0.0,5,1,0.37,0.07,0.44,0.37,0.44,Matches,2022-2023,ESP,,3.0,,,,,,,,,,,6.0,,,,,,,,,,,,,,,,,,,,,,,59.0,26.0,44.1,2.16,0.95,0.17,0.38,,,,,,,,,,,,,,,,,,
Darko Brašanac,4accb7e0,77,rsSRB,MF,Osasuna,30.0,1992.0,25,9,1041.0,11.6,1.0,1.0,2.0,1.0,0.0,0.0,5,0,0.09,0.09,0.17,0.09,0.17,Matches,2022-2023,ESP,,20.0,,,,,,,,,,,12.0,,,,,,,,,,,,,,,,,,,,,,,11.0,4.0,36.4,0.95,0.35,0.09,0.25,,,,,,,,,,,,,,,,,,
Claudio Bravo,10072610,78,clCHI,GK,Real Betis,39.0,1983.0,12,12,1080.0,12.0,0.0,0.0,0.0,0.0,0.0,0.0,2,0,0.0,0.0,0.0,0.0,0.0,Matches,2022-2023,ESP,,0.0,,,,,,,,,,,2.0,,,,,,,,,,,,,,,,,,,,,,,0.0,0.0,,0.0,0.0,,,12.0,12.0,1080.0,8.0,0.67,38.0,30.0,81.6,5.0,5.0,2.0,4.0,33.3,1.0,1.0,0.0,0.0,0.0
Ante Budimir,8f3565b3,79,hrCRO,FW,Osasuna,31.0,1991.0,31,22,1798.0,20.0,8.0,0.0,8.0,8.0,0.0,0.0,5,0,0.4,0.0,0.4,0.4,0.4,Matches,2022-2023,ESP,,8.0,,,,,,,,,,,5.0,,,,,,,,,,,,,,,,,,,,,,,58.0,21.0,36.2,2.9,1.05,0.14,0.38,,,,,,,,,,,,,,,,,,
Manu Bueno,c5642098,80,esESP,MF,Sevilla,18.0,2004.0,2,2,149.0,1.7,0.0,0.0,0.0,0.0,0.0,0.0,0,0,0.0,0.0,0.0,0.0,0.0,Matches,2022-2023,ESP,,4.0,,,,,,,,,,,1.0,,,,,,,,,,,,,,,,,,,,,,,1.0,1.0,100.0,0.6,0.6,0.0,0.0,,,,,,,,,,,,,,,,,,
Santiago Bueno,edc98fac,81,uyURU,DF,Girona,23.0,1998.0,34,34,3010.0,33.4,0.0,1.0,1.0,0.0,0.0,0.0,7,1,0.0,0.03,0.03,0.0,0.03,Matches,2022-2023,ESP,,37.0,,,,,,,,,,,35.0,,,,,,,,,,,,,,,,,,,,,,,13.0,3.0,23.1,0.39,0.09,0.0,0.0,,,,,,,,,,,,,,,,,,
Sergio Busquets,5ab0ea87,82,esESP,MF,Barcelona,34.0,1988.0,30,28,2339.0,26.0,0.0,4.0,4.0,0.0,0.0,0.0,8,1,0.0,0.15,0.15,0.0,0.15,Matches,2022-2023,ESP,,27.0,,,,,,,,,,,29.0,,,,,,,,,,,,,,,,,,,,,,,9.0,2.0,22.2,0.35,0.08,0.0,0.0,,,,,,,,,,,,,,,,,,
Leandro Cabrera,69cbc8b6,83,uyURU,DF,Espanyol,31.0,1991.0,32,31,2669.0,29.7,0.0,1.0,1.0,0.0,0.0,0.0,10,2,0.0,0.03,0.03,0.0,0.03,Matches,2022-2023,ESP,,25.0,,,,,,,,,,,42.0,,,,,,,,,,,,,,,,,,,,,,,23.0,6.0,26.1,0.78,0.2,0.0,0.0,,,,,,,,,,,,,,,,,,
Cala,fe05804b,84,esESP,DF,Cádiz,32.0,1989.0,3,1,137.0,1.5,0.0,0.0,0.0,0.0,0.0,0.0,0,0,0.0,0.0,0.0,0.0,0.0,Matches,2022-2023,ESP,,1.0,,,,,,,,,,,1.0,,,,,,,,,,,,,,,,,,,,,,,1.0,0.0,0.0,0.66,0.0,0.0,,,,,,,,,,,,,,,,,,,
Fernando Calero,41b3069f,85,esESP,"DF,MF",Espanyol,26.0,1995.0,27,20,1611.0,17.9,0.0,1.0,1.0,0.0,0.0,0.0,6,0,0.0,0.06,0.06,0.0,0.06,Matches,2022-2023,ESP,,31.0,,,,,,,,,,,15.0,,,,,,,,,,,,,,,,,,,,,,,7.0,2.0,28.6,0.39,0.11,0.0,0.0,,,,,,,,,,,,,,,,,,
Alexander Callens,af34f10d,86,pePER,DF,Girona,30.0,1992.0,6,0,120.0,1.3,0.0,0.0,0.0,0.0,0.0,0.0,1,0,0.0,0.0,0.0,0.0,0.0,Matches,2022-2023,ESP,,3.0,,,,,,,,,,,1.0,,,,,,,,,,,,,,,,,,,,,,,0.0,0.0,,0.0,0.0,,,,,,,,,,,,,,,,,,,,
Eduardo Camavinga,7b9c2d84,87,frFRA,"MF,DF",Real Madrid,19.0,2002.0,37,21,2010.0,22.3,0.0,1.0,1.0,0.0,0.0,0.0,6,0,0.0,0.04,0.04,0.0,0.04,Matches,2022-2023,ESP,,49.0,,,,,,,,,,,19.0,,,,,,,,,,,,,,,,,,,,,,,18.0,3.0,16.7,0.81,0.13,0.0,0.0,,,,,,,,,,,,,,,,,,
Sergio Camello,873619c6,88,esESP,FW,Rayo Vallecano,21.0,2001.0,38,27,2401.0,26.7,6.0,5.0,11.0,6.0,0.0,0.0,1,0,0.22,0.19,0.41,0.22,0.41,Matches,2022-2023,ESP,,9.0,,,,,,,,,,,2.0,,,,,,,,,,,,,,,,,,,,,,,76.0,19.0,25.0,2.85,0.71,0.08,0.32,,,,,,,,,,,,,,,,,,
Sergio Canales,a6de370d,89,esESP,MF,Real Betis,31.0,1991.0,31,28,2402.0,26.7,4.0,3.0,7.0,3.0,1.0,1.0,4,2,0.15,0.11,0.26,0.11,0.22,Matches,2022-2023,ESP,,13.0,,,,,,,,,,,13.0,,,,,,,,,,,,,,,,,,,,,,,38.0,11.0,28.9,1.42,0.41,0.08,0.27,,,,,,,,,,,,,,,,,,
Ander Capa,37f1cf47,90,esESP,DF,Athletic Club,30.0,1992.0,7,1,109.0,1.2,0.0,0.0,0.0,0.0,0.0,0.0,1,0,0.0,0.0,0.0,0.0,0.0,Matches,2022-2023,ESP,,1.0,,,,,,,,,,,0.0,,,,,,,,,,,,,,,,,,,,,,,0.0,0.0,,0.0,0.0,,,,,,,,,,,,,,,,,,,,
Étienne Capoue,5acc4a10,91,frFRA,MF,Villarreal,34.0,1988.0,28,22,1955.0,21.7,3.0,0.0,3.0,3.0,0.0,0.0,4,0,0.14,0.0,0.14,0.14,0.14,Matches,2022-2023,ESP,,11.0,,,,,,,,,,,19.0,,,,,,,,,,,,,,,,,,,,,,,26.0,12.0,46.2,1.2,0.55,0.12,0.25,,,,,,,,,,,,,,,,,,
Isaac Carcelen,c4b888df,92,esESP,DF,Cádiz,29.0,1993.0,27,25,2199.0,24.4,0.0,1.0,1.0,0.0,0.0,0.0,4,3,0.0,0.04,0.04,0.0,0.04,Matches,2022-2023,ESP,,51.0,,,,,,,,,,,20.0,,,,,,,,,,,,,,,,,,,,,,,7.0,1.0,14.3,0.29,0.04,0.0,0.0,,,,,,,,,,,,,,,,,,
Juan Carlos,688b96e3,93,esESP,GK,Girona,34.0,1988.0,10,10,900.0,10.0,0.0,0.0,0.0,0.0,0.0,0.0,0,0,0.0,0.0,0.0,0.0,0.0,Matches,2022-2023,ESP,,0.0,,,,,,,,,,,1.0,,,,,,,,,,,,,,,,,,,,,,,0.0,0.0,,0.0,0.0,,,10.0,10.0,900.0,18.0,1.8,42.0,26.0,61.9,2.0,2.0,6.0,0.0,0.0,2.0,2.0,0.0,0.0,0.0
José Carlos Lazo,5b93209a,94,esESP,MF,Almería,26.0,1996.0,1,0,20.0,0.2,0.0,0.0,0.0,0.0,0.0,0.0,0,0,0.0,0.0,0.0,0.0,0.0,Matches,2022-2023,ESP,,0.0,,,,,,,,,,,0.0,,,,,,,,,,,,,,,,,,,,,,,2.0,1.0,50.0,9.0,4.5,0.0,0.0,,,,,,,,,,,,,,,,,,
José Carlos Lazo,5b93209a,95,esESP,MF,Espanyol,26.0,1996.0,10,0,159.0,1.8,1.0,1.0,2.0,1.0,0.0,0.0,0,0,0.57,0.57,1.13,0.57,1.13,Matches,2022-2023,ESP,,3.0,,,,,,,,,,,3.0,,,,,,,,,,,,,,,,,,,,,,,4.0,1.0,25.0,2.26,0.57,0.25,1.0,,,,,,,,,,,,,,,,,,
Carmona,2dce876a,96,esESP,"MF,DF",Elche,20.0,2002.0,9,8,589.0,6.5,1.0,0.0,1.0,1.0,0.0,0.0,5,1,0.15,0.0,0.15,0.15,0.15,Matches,2022-2023,ESP,,9.0,,,,,,,,,,,7.0,,,,,,,,,,,,,,,,,,,,,,,5.0,3.0,60.0,0.76,0.46,0.2,0.33,,,,,,,,,,,,,,,,,,
Carmona,2dce876a,97,esESP,DF,Sevilla,20.0,2002.0,10,5,527.0,5.9,2.0,1.0,3.0,2.0,0.0,0.0,6,1,0.34,0.17,0.51,0.34,0.51,Matches,2022-2023,ESP,,12.0,,,,,,,,,,,7.0,,,,,,,,,,,,,,,,,,,,,,,5.0,2.0,40.0,0.85,0.34,0.4,1.0,,,,,,,,,,,,,,,,,,
Yannick Carrasco,de39485a,98,beBEL,"DF,MF",Atlético Madrid,28.0,1993.0,35,26,2317.0,25.7,7.0,3.0,10.0,6.0,1.0,1.0,2,0,0.27,0.12,0.39,0.23,0.35,Matches,2022-2023,ESP,,15.0,,,,,,,,,,,12.0,,,,,,,,,,,,,,,,,,,,,,,67.0,23.0,34.3,2.6,0.89,0.09,0.26,,,,,,,,,,,,,,,,,,
Dani Carvajal,4958bfb2,99,esESP,DF,Real Madrid,30.0,1992.0,27,20,1784.0,19.8,0.0,2.0,2.0,0.0,0.0,0.0,8,1,0.0,0.1,0.1,0.0,0.1,Matches,2022-2023,ESP,,19.0,,,,,,,,,,,16.0,,,,,,,,,,,,,,,,,,,,,,,12.0,0.0,0.0,0.61,0.0,0.0,,,,,,,,,,,,,,,,,,,
William Carvalho,dee86451,100,ptPOR,MF,Real Betis,30.0,1992.0,33,31,2438.0,27.1,3.0,1.0,4.0,3.0,0.0,0.0,6,1,0.11,0.04,0.15,0.11,0.15,Matches,2022-2023,ESP,,23.0,,,,,,,,,,,17.0,,,,,,,,,,,,,,,,,,,,,,,26.0,9.0,34.6,0.96,0.33,0.12,0.33,,,,,,,,,,,,,,,,,,
Casemiro,4d224fe8,101,brBRA,MF,Real Madrid,30.0,1992.0,1,0,8.0,0.1,0.0,0.0,0.0,0.0,0.0,0.0,0,0,0.0,0.0,0.0,0.0,0.0,Matches,2022-2023,ESP,,0.0,,,,,,,,,,,0.0,,,,,,,,,,,,,,,,,,,,,,,0.0,0.0,,0.0,0.0,,,,,,,,,,,,,,,,,,,,
Valentín Castellanos,da76bab4,102,arARG,FW,Girona,23.0,1998.0,35,33,2597.0,28.9,13.0,0.0,13.0,12.0,1.0,1.0,11,0,0.45,0.0,0.45,0.42,0.42,Matches,2022-2023,ESP,,6.0,,,,,,,,,,,7.0,,,,,,,,,,,,,,,,,,,,,,,86.0,33.0,38.4,2.98,1.14,0.14,0.36,,,,,,,,,,,,,,,,,,
Samu Castillejo,130a7a3f,103,esESP,"FW,MF",Valencia,27.0,1995.0,25,17,1362.0,15.1,4.0,0.0,4.0,4.0,0.0,0.0,7,0,0.26,0.0,0.26,0.26,0.26,Matches,2022-2023,ESP,,13.0,,,,,,,,,,,8.0,,,,,,,,,,,,,,,,,,,,,,,37.0,11.0,29.7,2.44,0.73,0.11,0.36,,,,,,,,,,,,,,,,,,
Catena,274ab13c,104,esESP,DF,Rayo Vallecano,27.0,1994.0,35,35,3103.0,34.5,1.0,1.0,2.0,1.0,0.0,0.0,14,1,0.03,0.03,0.06,0.03,0.06,Matches,2022-2023,ESP,,15.0,,,,,,,,,,,26.0,,,,,,,,,,,,,,,,,,,,,,,14.0,5.0,35.7,0.41,0.15,0.07,0.2,,,,,,,,,,,,,,,,,,
Edinson Cavani,527f063d,105,uyURU,FW,Valencia,35.0,1987.0,25,20,1449.0,16.1,5.0,2.0,7.0,3.0,2.0,3.0,6,0,0.31,0.12,0.43,0.19,0.31,Matches,2022-2023,ESP,,4.0,,,,,,,,,,,2.0,,,,,,,,,,,,,,,,,,,,,,,34.0,11.0,32.4,2.11,0.68,0.09,0.27,,,,,,,,,,,,,,,,,,
Dani Ceballos,c0617e2b,106,esESP,MF,Real Madrid,25.0,1996.0,30,19,1564.0,17.4,0.0,4.0,4.0,0.0,0.0,0.0,8,0,0.0,0.23,0.23,0.0,0.23,Matches,2022-2023,ESP,,31.0,,,,,,,,,,,27.0,,,,,,,,,,,,,,,,,,,,,,,18.0,5.0,27.8,1.04,0.29,0.0,0.0,,,,,,,,,,,,,,,,,,
Álex Centelles,ae852b7d,107,esESP,"DF,MF",Almería,24.0,1997.0,15,11,1123.0,12.5,1.0,2.0,3.0,1.0,0.0,0.0,0,1,0.08,0.16,0.24,0.08,0.24,Matches,2022-2023,ESP,,13.0,,,,,,,,,,,10.0,,,,,,,,,,,,,,,,,,,,,,,5.0,3.0,60.0,0.4,0.24,0.2,0.33,,,,,,,,,,,,,,,,,,
Franco Cervi,5e1028e5,108,arARG,MF,Celta Vigo,28.0,1994.0,36,21,1894.0,21.0,0.0,4.0,4.0,0.0,0.0,0.0,2,1,0.0,0.19,0.19,0.0,0.19,Matches,2022-2023,ESP,,47.0,,,,,,,,,,,37.0,,,,,,,,,,,,,,,,,,,,,,,23.0,6.0,26.1,1.09,0.29,0.0,0.0,,,,,,,,,,,,,,,,,,
Pep Chavarría,63c5e56b,109,esESP,MF,Rayo Vallecano,24.0,1998.0,16,2,366.0,4.1,0.0,2.0,2.0,0.0,0.0,0.0,1,0,0.0,0.49,0.49,0.0,0.49,Matches,2022-2023,ESP,,4.0,,,,,,,,,,,2.0,,,,,,,,,,,,,,,,,,,,,,,2.0,0.0,0.0,0.49,0.0,0.0,,,,,,,,,,,,,,,,,,,
Pape Cheikh Diop,873ce3a2,110,snSEN,MF,Elche,24.0,1997.0,2,0,37.0,0.4,0.0,0.0,0.0,0.0,0.0,0.0,1,1,0.0,0.0,0.0,0.0,0.0,Matches,2022-2023,ESP,,0.0,,,,,,,,,,,0.0,,,,,,,,,,,,,,,,,,,,,,,0.0,0.0,,0.0,0.0,,,,,,,,,,,,,,,,,,,,
Andreas Christensen,1cb49278,111,dkDEN,DF,Barcelona,26.0,1996.0,23,22,1760.0,19.6,1.0,1.0,2.0,1.0,0.0,0.0,2,0,0.05,0.05,0.1,0.05,0.1,Matches,2022-2023,ESP,,15.0,,,,,,,,,,,20.0,,,,,,,,,,,,,,,,,,,,,,,10.0,5.0,50.0,0.51,0.26,0.1,0.2,,,,,,,,,,,,,,,,,,
Samuel Chukwueze,b8a642fc,112,ngNGA,"FW,MF",Villarreal,23.0,1999.0,37,27,2339.0,26.0,6.0,5.0,11.0,6.0,0.0,0.0,1,0,0.23,0.19,0.42,0.23,0.42,Matches,2022-2023,ESP,,12.0,,,,,,,,,,,12.0,,,,,,,,,,,,,,,,,,,,,,,60.0,17.0,28.3,2.31,0.65,0.1,0.35,,,,,,,,,,,,,,,,,,
Chumi,2475cf9b,113,esESP,DF,Almería,23.0,1999.0,21,15,1489.0,16.5,1.0,0.0,1.0,1.0,0.0,0.0,5,0,0.06,0.0,0.06,0.06,0.06,Matches,2022-2023,ESP,,15.0,,,,,,,,,,,15.0,,,,,,,,,,,,,,,,,,,,,,,3.0,1.0,33.3,0.18,0.06,0.33,1.0,,,,,,,,,,,,,,,,,,
Víctor Chust,ec1a731e,114,esESP,DF,Cádiz,22.0,2000.0,14,10,965.0,10.7,1.0,0.0,1.0,1.0,0.0,0.0,3,0,0.09,0.0,0.09,0.09,0.09,Matches,2022-2023,ESP,,7.0,,,,,,,,,,,11.0,,,,,,,,,,,,,,,,,,,,,,,2.0,2.0,100.0,0.19,0.19,0.5,0.5,,,,,,,,,,,,,,,,,,
Pathé Ciss,9a0408b6,115,snSEN,MF,Rayo Vallecano,28.0,1994.0,32,12,1282.0,14.2,1.0,0.0,1.0,1.0,0.0,0.0,4,0,0.07,0.0,0.07,0.07,0.07,Matches,2022-2023,ESP,,30.0,,,,,,,,,,,22.0,,,,,,,,,,,,,,,,,,,,,,,20.0,5.0,25.0,1.4,0.35,0.05,0.2,,,,,,,,,,,,,,,,,,
Carlos Clerc,33a61a52,116,esESP,"DF,MF",Elche,30.0,1992.0,32,31,2639.0,29.3,0.0,1.0,1.0,0.0,0.0,0.0,5,0,0.0,0.03,0.03,0.0,0.03,Matches,2022-2023,ESP,,52.0,,,,,,,,,,,27.0,,,,,,,,,,,,,,,,,,,,,,,9.0,3.0,33.3,0.31,0.1,0.0,0.0,,,,,,,,,,,,,,,,,,
Álex Collado,85dace26,117,esESP,MF,Elche,23.0,1999.0,15,8,722.0,8.0,1.0,1.0,2.0,1.0,0.0,0.0,1,0,0.12,0.12,0.25,0.12,0.25,Matches,2022-2023,ESP,,15.0,,,,,,,,,,,2.0,,,,,,,,,,,,,,,,,,,,,,,17.0,6.0,35.3,2.12,0.75,0.06,0.17,,,,,,,,,,,,,,,,,,
Diego Collado,b3f62bfc,118,esESP,"FW,MF",Villarreal,21.0,2001.0,2,0,6.0,0.1,0.0,0.0,0.0,0.0,0.0,0.0,0,0,0.0,0.0,0.0,0.0,0.0,Matches,2022-2023,ESP,,0.0,,,,,,,,,,,1.0,,,,,,,,,,,,,,,,,,,,,,,0.0,0.0,,0.0,0.0,,,,,,,,,,,,,,,,,,,,
Eray Cömert,15937e17,119,chSUI,DF,Valencia,24.0,1998.0,23,19,1672.0,18.6,1.0,0.0,1.0,1.0,0.0,0.0,5,1,0.05,0.0,0.05,0.05,0.05,Matches,2022-2023,ESP,,22.0,,,,,,,,,,,29.0,,,,,,,,,,,,,,,,,,,,,,,10.0,6.0,60.0,0.54,0.32,0.1,0.17,,,,,,,,,,,,,,,,,,
Santi Comesaña,5ae499d0,120,esESP,MF,Rayo Vallecano,25.0,1996.0,35,29,2451.0,27.2,3.0,2.0,5.0,3.0,0.0,0.0,6,0,0.11,0.07,0.18,0.11,0.18,Matches,2022-2023,ESP,,45.0,,,,,,,,,,,33.0,,,,,,,,,,,,,,,,,,,,,,,25.0,7.0,28.0,0.92,0.26,0.12,0.43,,,,,,,,,,,,,,,,,,
Copete,0f26ffd7,121,esESP,DF,Mallorca,22.0,1999.0,28,27,2206.0,24.5,1.0,0.0,1.0,1.0,0.0,0.0,7,1,0.04,0.0,0.04,0.04,0.04,Matches,2022-2023,ESP,,29.0,,,,,,,,,,,42.0,,,,,,,,,,,,,,,,,,,,,,,6.0,1.0,16.7,0.24,0.04,0.17,1.0,,,,,,,,,,,,,,,,,,
Francis Coquelin,a6951bf8,122,frFRA,MF,Villarreal,31.0,1991.0,16,9,748.0,8.3,1.0,0.0,1.0,1.0,0.0,0.0,2,0,0.12,0.0,0.12,0.12,0.12,Matches,2022-2023,ESP,,12.0,,,,,,,,,,,9.0,,,,,,,,,,,,,,,,,,,,,,,7.0,1.0,14.3,0.84,0.12,0.14,1.0,,,,,,,,,,,,,,,,,,
Jesús Corona,fb938d24,123,mxMEX,MF,Sevilla,29.0,1993.0,4,1,111.0,1.2,1.0,0.0,1.0,1.0,0.0,0.0,0,0,0.81,0.0,0.81,0.81,0.81,Matches,2022-2023,ESP,,0.0,,,,,,,,,,,2.0,,,,,,,,,,,,,,,,,,,,,,,1.0,1.0,100.0,0.81,0.81,1.0,1.0,,,,,,,,,,,,,,,,,,
Ángel Correa,01eb744d,124,arARG,"FW,MF",Atlético Madrid,27.0,1995.0,35,13,1455.0,16.2,9.0,1.0,10.0,9.0,0.0,0.0,3,1,0.56,0.06,0.62,0.56,0.62,Matches,2022-2023,ESP,,7.0,,,,,,,,,,,9.0,,,,,,,,,,,,,,,,,,,,,,,43.0,18.0,41.9,2.66,1.11,0.21,0.5,,,,,,,,,,,,,,,,,,
Thierry Correia,c78b352d,125,ptPOR,DF,Valencia,23.0,1999.0,27,24,2009.0,22.3,0.0,0.0,0.0,0.0,0.0,0.0,5,0,0.0,0.0,0.0,0.0,0.0,Matches,2022-2023,ESP,,51.0,,,,,,,,,,,25.0,,,,,,,,,,,,,,,,,,,,,,,6.0,0.0,0.0,0.27,0.0,0.0,,,,,,,,,,,,,,,,,,,
Jaume Costa,808d48f3,126,esESP,DF,Mallorca,34.0,1988.0,32,30,2599.0,28.9,0.0,1.0,1.0,0.0,0.0,0.0,10,0,0.0,0.03,0.03,0.0,0.03,Matches,2022-2023,ESP,,34.0,,,,,,,,,,,24.0,,,,,,,,,,,,,,,,,,,,,,,11.0,6.0,54.5,0.38,0.21,0.0,0.0,,,,,,,,,,,,,,,,,,
Samu Costa,76c2a023,127,ptPOR,MF,Almería,21.0,2000.0,32,22,1989.0,22.1,1.0,2.0,3.0,1.0,0.0,0.0,5,0,0.05,0.09,0.14,0.05,0.14,Matches,2022-2023,ESP,,34.0,,,,,,,,,,,35.0,,,,,,,,,,,,,,,,,,,,,,,20.0,7.0,35.0,0.9,0.32,0.05,0.14,,,,,,,,,,,,,,,,,,
Thibaut Courtois,1840e36d,128,beBEL,GK,Real Madrid,30.0,1992.0,31,31,2790.0,31.0,0.0,0.0,0.0,0.0,0.0,0.0,0,0,0.0,0.0,0.0,0.0,0.0,Matches,2022-2023,ESP,,0.0,,,,,,,,,,,3.0,,,,,,,,,,,,,,,,,,,,,,,0.0,0.0,,0.0,0.0,,,31.0,31.0,2790.0,29.0,0.94,113.0,89.0,77.9,20.0,5.0,6.0,10.0,32.3,5.0,4.0,1.0,0.0,20.0
Yan Couto,1944818c,129,brBRA,"MF,DF",Girona,20.0,2002.0,25,12,1158.0,12.9,1.0,2.0,3.0,1.0,0.0,0.0,3,0,0.08,0.16,0.23,0.08,0.23,Matches,2022-2023,ESP,,18.0,,,,,,,,,,,7.0,,,,,,,,,,,,,,,,,,,,,,,8.0,1.0,12.5,0.62,0.08,0.13,1.0,,,,,,,,,,,,,,,,,,
Juan Cruz Armada,a56da3ba,130,esESP,DF,Osasuna,30.0,1992.0,27,21,2062.0,22.9,0.0,0.0,0.0,0.0,0.0,0.0,7,0,0.0,0.0,0.0,0.0,0.0,Matches,2022-2023,ESP,,16.0,,,,,,,,,,,14.0,,,,,,,,,,,,,,,,,,,,,,,2.0,0.0,0.0,0.09,0.0,0.0,,,,,,,,,,,,,,,,,,,
Juan Cruz,cc2dd8a5,131,esESP,MF,Real Betis,22.0,2000.0,6,1,178.0,2.0,1.0,0.0,1.0,1.0,0.0,0.0,1,0,0.51,0.0,0.51,0.51,0.51,Matches,2022-2023,ESP,,0.0,,,,,,,,,,,0.0,,,,,,,,,,,,,,,,,,,,,,,5.0,2.0,40.0,2.53,1.01,0.2,0.5,,,,,,,,,,,,,,,,,,
Jorge Cuenca,0abc51f2,132,esESP,DF,Villarreal,22.0,1999.0,10,5,506.0,5.6,0.0,0.0,0.0,0.0,0.0,0.0,1,0,0.0,0.0,0.0,0.0,0.0,Matches,2022-2023,ESP,,6.0,,,,,,,,,,,6.0,,,,,,,,,,,,,,,,,,,,,,,4.0,0.0,0.0,0.71,0.0,0.0,,,,,,,,,,,,,,,,,,,
Braian Cufré,192c89a6,133,arARG,"MF,DF",Mallorca,25.0,1996.0,5,2,220.0,2.4,0.0,0.0,0.0,0.0,0.0,0.0,0,0,0.0,0.0,0.0,0.0,0.0,Matches,2022-2023,ESP,,2.0,,,,,,,,,,,2.0,,,,,,,,,,,,,,,,,,,,,,,3.0,0.0,0.0,1.23,0.0,0.0,,,,,,,,,,,,,,,,,,,
Matheus Cunha,dc62b55d,134,brBRA,"MF,FW",Atlético Madrid,23.0,1999.0,11,2,377.0,4.2,0.0,2.0,2.0,0.0,0.0,0.0,2,0,0.0,0.48,0.48,0.0,0.48,Matches,2022-2023,ESP,,1.0,,,,,,,,,,,2.0,,,,,,,,,,,,,,,,,,,,,,,12.0,8.0,66.7,2.86,1.91,0.0,0.0,,,,,,,,,,,,,,,,,,
Curro,f9a225f5,135,esESP,"FW,MF",Almería,26.0,1996.0,2,0,43.0,0.5,0.0,0.0,0.0,0.0,0.0,0.0,1,0,0.0,0.0,0.0,0.0,0.0,Matches,2022-2023,ESP,,0.0,,,,,,,,,,,0.0,,,,,,,,,,,,,,,,,,,,,,,1.0,1.0,100.0,2.09,2.09,0.0,0.0,,,,,,,,,,,,,,,,,,
Arnaut Danjuma,f08490a6,136,nlNED,FW,Villarreal,25.0,1997.0,10,6,479.0,5.3,2.0,0.0,2.0,1.0,1.0,1.0,0,0,0.38,0.0,0.38,0.19,0.19,Matches,2022-2023,ESP,,3.0,,,,,,,,,,,0.0,,,,,,,,,,,,,,,,,,,,,,,12.0,5.0,41.7,2.25,0.94,0.08,0.2,,,,,,,,,,,,,,,,,,
Sergi Darder,070a3904,137,esESP,MF,Espanyol,28.0,1993.0,38,38,3320.0,36.9,6.0,3.0,9.0,6.0,0.0,0.0,4,0,0.16,0.08,0.24,0.16,0.24,Matches,2022-2023,ESP,,36.0,,,,,,,,,,,25.0,,,,,,,,,,,,,,,,,,,,,,,39.0,13.0,33.3,1.06,0.35,0.15,0.46,,,,,,,,,,,,,,,,,,
Rodrigo De Paul,162efffd,138,arARG,MF,Atlético Madrid,28.0,1994.0,30,24,1923.0,21.4,2.0,7.0,9.0,2.0,0.0,0.0,5,0,0.09,0.33,0.42,0.09,0.42,Matches,2022-2023,ESP,,21.0,,,,,,,,,,,7.0,,,,,,,,,,,,,,,,,,,,,,,21.0,5.0,23.8,0.98,0.23,0.1,0.4,,,,,,,,,,,,,,,,,,
Alberto Del Moral,84a85b48,139,esESP,MF,Villarreal,22.0,2000.0,1,0,5.0,0.1,0.0,0.0,0.0,0.0,0.0,0.0,0,0,0.0,0.0,0.0,0.0,0.0,Matches,2022-2023,ESP,,0.0,,,,,,,,,,,0.0,,,,,,,,,,,,,,,,,,,,,,,0.0,0.0,,0.0,0.0,,,,,,,,,,,,,,,,,,,,
Thomas Delaney,fe641c1a,140,dkDEN,MF,Sevilla,30.0,1991.0,8,2,309.0,3.4,0.0,0.0,0.0,0.0,0.0,0.0,3,0,0.0,0.0,0.0,0.0,0.0,Matches,2022-2023,ESP,,2.0,,,,,,,,,,,3.0,,,,,,,,,,,,,,,,,,,,,,,3.0,1.0,33.3,0.87,0.29,0.0,0.0,,,,,,,,,,,,,,,,,,
Fran Delgado,e7d2a50b,141,esESP,DF,Real Betis,21.0,2001.0,1,0,12.0,0.1,0.0,0.0,0.0,0.0,0.0,0.0,0,0,0.0,0.0,0.0,0.0,0.0,Matches,2022-2023,ESP,,0.0,,,,,,,,,,,0.0,,,,,,,,,,,,,,,,,,,,,,,0.0,0.0,,0.0,0.0,,,,,,,,,,,,,,,,,,,,
Ousmane Dembélé,b19db005,142,frFRA,FW,Barcelona,25.0,1997.0,25,16,1410.0,15.7,5.0,7.0,12.0,5.0,0.0,0.0,4,0,0.32,0.45,0.77,0.32,0.77,Matches,2022-2023,ESP,,12.0,,,,,,,,,,,0.0,,,,,,,,,,,,,,,,,,,,,,,49.0,17.0,34.7,3.13,1.09,0.1,0.29,,,,,,,,,,,,,,,,,,
Mouctar Diakhaby,d2110326,143,gnGUI,DF,Valencia,25.0,1996.0,29,28,2446.0,27.2,3.0,0.0,3.0,3.0,0.0,0.0,7,1,0.11,0.0,0.11,0.11,0.11,Matches,2022-2023,ESP,,16.0,,,,,,,,,,,19.0,,,,,,,,,,,,,,,,,,,,,,,21.0,7.0,33.3,0.77,0.26,0.14,0.43,,,,,,,,,,,,,,,,,,
Mamady Diarra,80211dc5,144,mlMLI,MF,Cádiz,22.0,2000.0,2,1,66.0,0.7,0.0,0.0,0.0,0.0,0.0,0.0,0,0,0.0,0.0,0.0,0.0,0.0,Matches,2022-2023,ESP,,1.0,,,,,,,,,,,0.0,,,,,,,,,,,,,,,,,,,,,,,3.0,0.0,0.0,4.09,0.0,0.0,,,,,,,,,,,,,,,,,,,
Youba Diarra,d61759ec,145,mlMLI,MF,Cádiz,24.0,1998.0,5,1,98.0,1.1,0.0,0.0,0.0,0.0,0.0,0.0,2,0,0.0,0.0,0.0,0.0,0.0,Matches,2022-2023,ESP,,0.0,,,,,,,,,,,1.0,,,,,,,,,,,,,,,,,,,,,,,0.0,0.0,,0.0,0.0,,,,,,,,,,,,,,,,,,,,
Stole Dimitrievski,fc70e345,146,mkMKD,GK,Rayo Vallecano,28.0,1993.0,37,37,3324.0,36.9,0.0,0.0,0.0,0.0,0.0,0.0,4,0,0.0,0.0,0.0,0.0,0.0,Matches,2022-2023,ESP,,0.0,,,,,,,,,,,1.0,,,,,,,,,,,,,,,,,,,,,,,0.0,0.0,,0.0,0.0,,,37.0,37.0,3324.0,49.0,1.33,140.0,94.0,67.9,13.0,10.0,14.0,9.0,24.3,5.0,4.0,0.0,1.0,0.0
Djené,a4971d84,147,tgTOG,DF,Getafe,30.0,1991.0,33,33,2840.0,31.6,0.0,1.0,1.0,0.0,0.0,0.0,10,1,0.0,0.03,0.03,0.0,0.03,Matches,2022-2023,ESP,,28.0,,,,,,,,,,,39.0,,,,,,,,,,,,,,,,,,,,,,,9.0,1.0,11.1,0.29,0.03,0.0,0.0,,,,,,,,,,,,,,,,,,
Marko Dmitrović,ac295d9e,148,rsSRB,GK,Sevilla,30.0,1992.0,15,13,1269.0,14.1,0.0,0.0,0.0,0.0,0.0,0.0,1,0,0.0,0.0,0.0,0.0,0.0,Matches,2022-2023,ESP,,0.0,,,,,,,,,,,0.0,,,,,,,,,,,,,,,,,,,,,,,0.0,0.0,,0.0,0.0,,,15.0,13.0,1269.0,13.0,0.92,57.0,44.0,77.2,6.0,4.0,3.0,5.0,38.5,0.0,0.0,0.0,0.0,
Matt Doherty,d557d734,149,ieIRL,"DF,MF",Atlético Madrid,30.0,1992.0,2,0,18.0,0.2,0.0,0.0,0.0,0.0,0.0,0.0,0,0,0.0,0.0,0.0,0.0,0.0,Matches,2022-2023,ESP,,0.0,,,,,,,,,,,0.0,,,,,,,,,,,,,,,,,,,,,,,0.0,0.0,,0.0,0.0,,,,,,,,,,,,,,,,,,,,
Kasper Dolberg,cc83b74d,150,dkDEN,FW,Sevilla,24.0,1997.0,4,2,197.0,2.2,0.0,1.0,1.0,0.0,0.0,0.0,0,0,0.0,0.46,0.46,0.0,0.46,Matches,2022-2023,ESP,,0.0,,,,,,,,,,,0.0,,,,,,,,,,,,,,,,,,,,,,,2.0,1.0,50.0,0.91,0.46,0.0,0.0,,,,,,,,,,,,,,,,,,
Carlos Dominguez,3521abfe,151,esESP,DF,Celta Vigo,21.0,2001.0,3,1,108.0,1.2,0.0,0.0,0.0,0.0,0.0,0.0,0,0,0.0,0.0,0.0,0.0,0.0,Matches,2022-2023,ESP,,1.0,,,,,,,,,,,0.0,,,,,,,,,,,,,,,,,,,,,,,1.0,1.0,100.0,0.83,0.83,0.0,0.0,,,,,,,,,,,,,,,,,,
John Donald,5e95c000,152,esESP,"MF,DF",Elche,21.0,2000.0,14,13,1092.0,12.1,0.0,0.0,0.0,0.0,0.0,0.0,3,1,0.0,0.0,0.0,0.0,0.0,Matches,2022-2023,ESP,,11.0,,,,,,,,,,,14.0,,,,,,,,,,,,,,,,,,,,,,,2.0,0.0,0.0,0.16,0.0,0.0,,,,,,,,,,,,,,,,,,,
Domingos Duarte,93090f69,153,ptPOR,DF,Getafe,27.0,1995.0,31,30,2657.0,29.5,0.0,2.0,2.0,0.0,0.0,0.0,11,1,0.0,0.07,0.07,0.0,0.07,Matches,2022-2023,ESP,,19.0,,,,,,,,,,,40.0,,,,,,,,,,,,,,,,,,,,,,,16.0,4.0,25.0,0.54,0.14,0.0,0.0,,,,,,,,,,,,,,,,,,
Pablo Durán,6db116ec,154,esESP,FW,Celta Vigo,21.0,2001.0,4,0,36.0,0.4,0.0,0.0,0.0,0.0,0.0,0.0,0,0,0.0,0.0,0.0,0.0,0.0,Matches,2022-2023,ESP,,0.0,,,,,,,,,,,1.0,,,,,,,,,,,,,,,,,,,,,,,0.0,0.0,,0.0,0.0,,,,,,,,,,,,,,,,,,,,
Hugo Duro,37e103f8,155,esESP,FW,Valencia,22.0,1999.0,30,12,1385.0,15.4,1.0,1.0,2.0,1.0,0.0,1.0,5,0,0.06,0.06,0.13,0.06,0.13,Matches,2022-2023,ESP,,11.0,,,,,,,,,,,1.0,,,,,,,,,,,,,,,,,,,,,,,33.0,10.0,30.3,2.14,0.65,0.03,0.1,,,,,,,,,,,,,,,,,,
Íñigo Eguaras,3e93f8cf,156,esESP,MF,Almería,30.0,1992.0,25,10,967.0,10.7,1.0,1.0,2.0,1.0,0.0,0.0,6,0,0.09,0.09,0.19,0.09,0.19,Matches,2022-2023,ESP,,8.0,,,,,,,,,,,7.0,,,,,,,,,,,,,,,,,,,,,,,8.0,3.0,37.5,0.74,0.28,0.13,0.33,,,,,,,,,,,,,,,,,,
Aritz Elustondo,f7dc2ae5,157,esESP,DF,Real Sociedad,28.0,1994.0,25,16,1449.0,16.1,0.0,1.0,1.0,0.0,0.0,0.0,5,1,0.0,0.06,0.06,0.0,0.06,Matches,2022-2023,ESP,,17.0,,,,,,,,,,,20.0,,,,,,,,,,,,,,,,,,,,,,,8.0,0.0,0.0,0.5,0.0,0.0,,,,,,,,,,,,,,,,,,,
Rodrigo Ely,fd47b4f2,158,brBRA,DF,Almería,28.0,1993.0,36,36,3155.0,35.1,0.0,1.0,1.0,0.0,0.0,0.0,10,1,0.0,0.03,0.03,0.0,0.03,Matches,2022-2023,ESP,,21.0,,,,,,,,,,,30.0,,,,,,,,,,,,,,,,,,,,,,,19.0,2.0,10.5,0.54,0.06,0.0,0.0,,,,,,,,,,,,,,,,,,
Adri Embarba,db8f0eba,159,esESP,"FW,MF",Almería,30.0,1992.0,29,18,1472.0,16.4,4.0,3.0,7.0,3.0,1.0,1.0,5,1,0.24,0.18,0.43,0.18,0.37,Matches,2022-2023,ESP,,26.0,,,,,,,,,,,8.0,,,,,,,,,,,,,,,,,,,,,,,48.0,20.0,41.7,2.93,1.22,0.06,0.15,,,,,,,,,,,,,,,,,,
Adri Embarba,db8f0eba,160,esESP,"FW,MF",Espanyol,30.0,1992.0,1,0,35.0,0.4,0.0,0.0,0.0,0.0,0.0,0.0,0,0,0.0,0.0,0.0,0.0,0.0,Matches,2022-2023,ESP,,0.0,,,,,,,,,,,0.0,,,,,,,,,,,,,,,,,,,,,,,2.0,0.0,0.0,5.14,0.0,0.0,,,,,,,,,,,,,,,,,,,
Youssef En-Nesyri,04e17fd5,161,maMAR,FW,Sevilla,25.0,1997.0,31,17,1661.0,18.5,8.0,1.0,9.0,8.0,0.0,0.0,4,0,0.43,0.05,0.49,0.43,0.49,Matches,2022-2023,ESP,,6.0,,,,,,,,,,,4.0,,,,,,,,,,,,,,,,,,,,,,,54.0,22.0,40.7,2.93,1.19,0.15,0.36,,,,,,,,,,,,,,,,,,
Gonzalo Escalante,3f79a1c8,162,arARG,MF,Cádiz,29.0,1993.0,14,13,1121.0,12.5,4.0,1.0,5.0,4.0,0.0,0.0,4,0,0.32,0.08,0.4,0.32,0.4,Matches,2022-2023,ESP,,24.0,,,,,,,,,,,17.0,,,,,,,,,,,,,,,,,,,,,,,14.0,7.0,50.0,1.12,0.56,0.29,0.57,,,,,,,,,,,,,,,,,,
Sergio Escudero,b0616e3d,163,esESP,"DF,MF",Valladolid,32.0,1989.0,23,17,1439.0,16.0,1.0,0.0,1.0,1.0,0.0,0.0,3,0,0.06,0.0,0.06,0.06,0.06,Matches,2022-2023,ESP,,19.0,,,,,,,,,,,26.0,,,,,,,,,,,,,,,,,,,,,,,27.0,9.0,33.3,1.69,0.56,0.04,0.11,,,,,,,,,,,,,,,,,,
Alfonso Espino,db001fa9,164,uyURU,DF,Cádiz,30.0,1992.0,36,35,3122.0,34.7,0.0,4.0,4.0,0.0,0.0,0.0,7,0,0.0,0.12,0.12,0.0,0.12,Matches,2022-2023,ESP,,54.0,,,,,,,,,,,43.0,,,,,,,,,,,,,,,,,,,,,,,20.0,1.0,5.0,0.58,0.03,0.0,0.0,,,,,,,,,,,,,,,,,,
Bernardo Espinosa,4242011c,165,coCOL,DF,Girona,33.0,1989.0,20,14,1225.0,13.6,1.0,1.0,2.0,1.0,0.0,0.0,5,0,0.07,0.07,0.15,0.07,0.15,Matches,2022-2023,ESP,,3.0,,,,,,,,,,,14.0,,,,,,,,,,,,,,,,,,,,,,,11.0,5.0,45.5,0.81,0.37,0.09,0.2,,,,,,,,,,,,,,,,,,
Edu Expósito,283c7121,166,esESP,MF,Espanyol,25.0,1996.0,28,13,1160.0,12.9,2.0,2.0,4.0,2.0,0.0,0.0,3,1,0.16,0.16,0.31,0.16,0.31,Matches,2022-2023,ESP,,21.0,,,,,,,,,,,12.0,,,,,,,,,,,,,,,,,,,,,,,19.0,7.0,36.8,1.47,0.54,0.11,0.29,,,,,,,,,,,,,,,,,,
Nicolás Ezequiel Fernández,3409de86,167,arARG,"MF,DF",Elche,22.0,2000.0,18,3,514.0,5.7,0.0,1.0,1.0,0.0,0.0,0.0,2,0,0.0,0.18,0.18,0.0,0.18,Matches,2022-2023,ESP,,13.0,,,,,,,,,,,4.0,,,,,,,,,,,,,,,,,,,,,,,5.0,2.0,40.0,0.88,0.35,0.0,0.0,,,,,,,,,,,,,,,,,,
Abde Ezzalzouli,bed68338,168,maMAR,"FW,MF",Osasuna,20.0,2001.0,28,19,1504.0,16.7,4.0,2.0,6.0,4.0,0.0,0.0,4,2,0.24,0.12,0.36,0.24,0.36,Matches,2022-2023,ESP,,21.0,,,,,,,,,,,4.0,,,,,,,,,,,,,,,,,,,,,,,40.0,16.0,40.0,2.39,0.96,0.1,0.25,,,,,,,,,,,,,,,,,,
Radamel Falcao,66116290,169,coCOL,FW,Rayo Vallecano,36.0,1986.0,27,3,616.0,6.8,2.0,0.0,2.0,1.0,1.0,1.0,4,0,0.29,0.0,0.29,0.15,0.15,Matches,2022-2023,ESP,,4.0,,,,,,,,,,,2.0,,,,,,,,,,,,,,,,,,,,,,,21.0,5.0,23.8,3.07,0.73,0.05,0.2,,,,,,,,,,,,,,,,,,
Fali,72a84002,170,esESP,"DF,MF",Cádiz,28.0,1993.0,25,22,1714.0,19.0,0.0,0.0,0.0,0.0,0.0,0.0,6,0,0.0,0.0,0.0,0.0,0.0,Matches,2022-2023,ESP,,20.0,,,,,,,,,,,13.0,,,,,,,,,,,,,,,,,,,,,,,9.0,1.0,11.1,0.47,0.05,0.0,0.0,,,,,,,,,,,,,,,,,,
Mamadou Fall,805a2a11,171,snSEN,DF,Villarreal,19.0,2002.0,1,0,30.0,0.3,0.0,0.0,0.0,0.0,0.0,0.0,0,0,0.0,0.0,0.0,0.0,0.0,Matches,2022-2023,ESP,,0.0,,,,,,,,,,,0.0,,,,,,,,,,,,,,,,,,,,,,,0.0,0.0,,0.0,0.0,,,,,,,,,,,,,,,,,,,,
Ansu Fati,0ba976e4,172,esESP,FW,Barcelona,19.0,2002.0,36,12,1393.0,15.5,7.0,3.0,10.0,7.0,0.0,0.0,3,0,0.45,0.19,0.65,0.45,0.65,Matches,2022-2023,ESP,,9.0,,,,,,,,,,,5.0,,,,,,,,,,,,,,,,,,,,,,,61.0,18.0,29.5,3.94,1.16,0.11,0.39,,,,,,,,,,,,,,,,,,
Zouhair Feddal,89151b16,173,maMAR,DF,Valladolid,33.0,1989.0,8,4,375.0,4.2,0.0,0.0,0.0,0.0,0.0,0.0,1,0,0.0,0.0,0.0,0.0,0.0,Matches,2022-2023,ESP,,3.0,,,,,,,,,,,6.0,,,,,,,,,,,,,,,,,,,,,,,1.0,0.0,0.0,0.24,0.0,0.0,,,,,,,,,,,,,,,,,,,
Nabil Fekir,bece776f,174,frFRA,MF,Real Betis,29.0,1993.0,15,12,961.0,10.7,2.0,2.0,4.0,1.0,1.0,1.0,4,1,0.19,0.19,0.37,0.09,0.28,Matches,2022-2023,ESP,,5.0,,,,,,,,,,,1.0,,,,,,,,,,,,,,,,,,,,,,,24.0,8.0,33.3,2.25,0.75,0.04,0.13,,,,,,,,,,,,,,,,,,
Felipe,51a3c4c8,175,brBRA,DF,Atlético Madrid,33.0,1989.0,3,2,194.0,2.2,0.0,0.0,0.0,0.0,0.0,0.0,0,0,0.0,0.0,0.0,0.0,0.0,Matches,2022-2023,ESP,,2.0,,,,,,,,,,,0.0,,,,,,,,,,,,,,,,,,,,,,,1.0,0.0,0.0,0.46,0.0,0.0,,,,,,,,,,,,,,,,,,,
Luiz Felipe,15d0c248,176,itITA,DF,Real Betis,25.0,1997.0,23,22,1763.0,19.6,0.0,0.0,0.0,0.0,0.0,0.0,3,3,0.0,0.0,0.0,0.0,0.0,Matches,2022-2023,ESP,,23.0,,,,,,,,,,,27.0,,,,,,,,,,,,,,,,,,,,,,,3.0,1.0,33.3,0.15,0.05,0.0,0.0,,,,,,,,,,,,,,,,,,
João Félix,8aafd64f,177,ptPOR,"FW,MF",Atlético Madrid,22.0,1999.0,14,7,650.0,7.2,4.0,3.0,7.0,4.0,0.0,0.0,5,0,0.55,0.42,0.97,0.55,0.97,Matches,2022-2023,ESP,,7.0,,,,,,,,,,,4.0,,,,,,,,,,,,,,,,,,,,,,,26.0,13.0,50.0,3.6,1.8,0.15,0.31,,,,,,,,,,,,,,,,,,
Kiko Femenía,e5d01ecf,178,esESP,DF,Villarreal,31.0,1991.0,20,13,1133.0,12.6,0.0,0.0,0.0,0.0,0.0,0.0,0,0,0.0,0.0,0.0,0.0,0.0,Matches,2022-2023,ESP,,11.0,,,,,,,,,,,21.0,,,,,,,,,,,,,,,,,,,,,,,2.0,0.0,0.0,0.16,0.0,0.0,,,,,,,,,,,,,,,,,,,
Aitor Fernández,a01c3d54,179,esESP,GK,Osasuna,31.0,1991.0,21,21,1890.0,21.0,0.0,0.0,0.0,0.0,0.0,0.0,1,0,0.0,0.0,0.0,0.0,0.0,Matches,2022-2023,ESP,,1.0,,,,,,,,,,,2.0,,,,,,,,,,,,,,,,,,,,,,,0.0,0.0,,0.0,0.0,,,21.0,21.0,1890.0,19.0,0.9,78.0,59.0,75.6,10.0,5.0,6.0,8.0,38.1,0.0,0.0,0.0,0.0,
Álex Fernández,aa677a35,180,esESP,"MF,FW",Cádiz,29.0,1992.0,28,17,1576.0,17.5,3.0,0.0,3.0,2.0,1.0,1.0,0,0,0.17,0.0,0.17,0.11,0.11,Matches,2022-2023,ESP,,8.0,,,,,,,,,,,8.0,,,,,,,,,,,,,,,,,,,,,,,17.0,9.0,52.9,0.97,0.51,0.12,0.22,,,,,,,,,,,,,,,,,,
Álvaro Fernández,f127d782,181,esESP,GK,Espanyol,24.0,1998.0,11,11,990.0,11.0,0.0,0.0,0.0,0.0,0.0,0.0,1,0,0.0,0.0,0.0,0.0,0.0,Matches,2022-2023,ESP,,0.0,,,,,,,,,,,0.0,,,,,,,,,,,,,,,,,,,,,,,0.0,0.0,,0.0,0.0,,,11.0,11.0,990.0,18.0,1.64,52.0,33.0,65.4,3.0,4.0,4.0,2.0,18.2,0.0,0.0,0.0,0.0,
Carlos Fernández,e08647d6,182,esESP,FW,Real Sociedad,26.0,1996.0,24,8,631.0,7.0,1.0,0.0,1.0,1.0,0.0,0.0,6,0,0.14,0.0,0.14,0.14,0.14,Matches,2022-2023,ESP,,4.0,,,,,,,,,,,1.0,,,,,,,,,,,,,,,,,,,,,,,21.0,5.0,23.8,3.0,0.71,0.05,0.2,,,,,,,,,,,,,,,,,,
Federico Fernández,f25b010f,183,arARG,DF,Elche,33.0,1989.0,1,1,90.0,1.0,0.0,0.0,0.0,0.0,0.0,0.0,0,0,0.0,0.0,0.0,0.0,0.0,Matches,2022-2023,ESP,,1.0,,,,,,,,,,,2.0,,,,,,,,,,,,,,,,,,,,,,,0.0,0.0,,0.0,0.0,,,,,,,,,,,,,,,,,,,,
Joaquín Fernández,b86a64b2,184,esESP,DF,Valladolid,26.0,1996.0,27,24,2156.0,24.0,1.0,0.0,1.0,1.0,0.0,0.0,4,0,0.04,0.0,0.04,0.04,0.04,Matches,2022-2023,ESP,,28.0,,,,,,,,,,,28.0,,,,,,,,,,,,,,,,,,,,,,,10.0,1.0,10.0,0.42,0.04,0.1,1.0,,,,,,,,,,,,,,,,,,
Valery Fernández,4acd733a,185,esESP,"MF,DF",Girona,22.0,1999.0,25,7,967.0,10.7,0.0,2.0,2.0,0.0,0.0,0.0,1,0,0.0,0.19,0.19,0.0,0.19,Matches,2022-2023,ESP,,6.0,,,,,,,,,,,10.0,,,,,,,,,,,,,,,,,,,,,,,7.0,0.0,0.0,0.65,0.0,0.0,,,,,,,,,,,,,,,,,,,
Fernando,dabb2827,186,esESP,GK,Almería,32.0,1990.0,37,37,3285.0,36.5,0.0,0.0,0.0,0.0,0.0,0.0,3,0,0.0,0.0,0.0,0.0,0.0,Matches,2022-2023,ESP,,0.0,,,,,,,,,,,1.0,,,,,,,,,,,,,,,,,,,,,,,0.0,0.0,,0.0,0.0,,,37.0,37.0,3285.0,61.0,1.67,188.0,132.0,69.7,11.0,8.0,18.0,4.0,10.8,6.0,4.0,1.0,1.0,20.0
Fernando,41f32541,187,brBRA,"MF,DF",Sevilla,35.0,1987.0,22,19,1577.0,17.5,0.0,1.0,1.0,0.0,0.0,0.0,3,1,0.0,0.06,0.06,0.0,0.06,Matches,2022-2023,ESP,,21.0,,,,,,,,,,,24.0,,,,,,,,,,,,,,,,,,,,,,,6.0,0.0,0.0,0.34,0.0,0.0,,,,,,,,,,,,,,,,,,,
Fidel,eb82b6f1,188,esESP,"MF,FW",Elche,32.0,1989.0,27,21,1714.0,19.0,3.0,2.0,5.0,2.0,1.0,1.0,5,0,0.16,0.11,0.26,0.11,0.21,Matches,2022-2023,ESP,,9.0,,,,,,,,,,,6.0,,,,,,,,,,,,,,,,,,,,,,,14.0,3.0,21.4,0.74,0.16,0.14,0.67,,,,,,,,,,,,,,,,,,
Dimitri Foulquier,45e17712,189,frFRA,DF,Valencia,29.0,1993.0,30,17,1738.0,19.3,0.0,2.0,2.0,0.0,0.0,0.0,4,0,0.0,0.1,0.1,0.0,0.1,Matches,2022-2023,ESP,,19.0,,,,,,,,,,,14.0,,,,,,,,,,,,,,,,,,,,,,,3.0,0.0,0.0,0.16,0.0,0.0,,,,,,,,,,,,,,,,,,,
Juan Foyth,6c7762c3,190,arARG,DF,Villarreal,24.0,1998.0,24,22,1958.0,21.8,1.0,0.0,1.0,1.0,0.0,0.0,6,0,0.05,0.0,0.05,0.05,0.05,Matches,2022-2023,ESP,,46.0,,,,,,,,,,,19.0,,,,,,,,,,,,,,,,,,,,,,,14.0,4.0,28.6,0.64,0.18,0.07,0.25,,,,,,,,,,,,,,,,,,
Iván Fresneda,29d0f2ac,191,esESP,"DF,MF",Valladolid,17.0,2004.0,22,18,1743.0,19.4,0.0,0.0,0.0,0.0,0.0,0.0,3,0,0.0,0.0,0.0,0.0,0.0,Matches,2022-2023,ESP,,35.0,,,,,,,,,,,14.0,,,,,,,,,,,,,,,,,,,,,,,4.0,0.0,0.0,0.21,0.0,0.0,,,,,,,,,,,,,,,,,,,
Javi Galán,a4b00319,192,esESP,DF,Celta Vigo,27.0,1994.0,37,36,3160.0,35.1,0.0,3.0,3.0,0.0,0.0,0.0,6,0,0.0,0.09,0.09,0.0,0.09,Matches,2022-2023,ESP,,73.0,,,,,,,,,,,37.0,,,,,,,,,,,,,,,,,,,,,,,13.0,1.0,7.7,0.37,0.03,0.0,0.0,,,,,,,,,,,,,,,,,,
Iñigo Ruiz de Galarreta,91f7631f,193,esESP,MF,Mallorca,28.0,1993.0,30,28,2449.0,27.2,0.0,1.0,1.0,0.0,0.0,0.0,12,0,0.0,0.04,0.04,0.0,0.04,Matches,2022-2023,ESP,,35.0,,,,,,,,,,,27.0,,,,,,,,,,,,,,,,,,,,,,,10.0,2.0,20.0,0.37,0.07,0.0,0.0,,,,,,,,,,,,,,,,,,
Aleix García,a10361d2,194,esESP,MF,Girona,25.0,1997.0,30,26,2337.0,26.0,1.0,5.0,6.0,1.0,0.0,0.0,1,0,0.04,0.19,0.23,0.04,0.23,Matches,2022-2023,ESP,,20.0,,,,,,,,,,,30.0,,,,,,,,,,,,,,,,,,,,,,,33.0,14.0,42.4,1.27,0.54,0.03,0.07,,,,,,,,,,,,,,,,,,
Álvaro García,90bbd822,195,esESP,MF,Rayo Vallecano,29.0,1992.0,35,34,2870.0,31.9,5.0,5.0,10.0,5.0,0.0,0.0,7,0,0.16,0.16,0.31,0.16,0.31,Matches,2022-2023,ESP,,29.0,,,,,,,,,,,34.0,,,,,,,,,,,,,,,,,,,,,,,52.0,21.0,40.4,1.63,0.66,0.1,0.24,,,,,,,,,,,,,,,,,,
Borja García,e7f4603c,196,esESP,"MF,FW",Girona,31.0,1990.0,11,10,679.0,7.5,1.0,0.0,1.0,1.0,0.0,0.0,1,0,0.13,0.0,0.13,0.13,0.13,Matches,2022-2023,ESP,,4.0,,,,,,,,,,,5.0,,,,,,,,,,,,,,,,,,,,,,,8.0,3.0,37.5,1.06,0.4,0.13,0.33,,,,,,,,,,,,,,,,,,
Carlos García,661e2822,197,esESP,DF,Cádiz,22.0,2000.0,1,0,25.0,0.3,0.0,1.0,1.0,0.0,0.0,0.0,0,0,0.0,3.6,3.6,0.0,3.6,Matches,2022-2023,ESP,,0.0,,,,,,,,,,,0.0,,,,,,,,,,,,,,,,,,,,,,,0.0,0.0,,0.0,0.0,,,,,,,,,,,,,,,,,,,,
Dani García,240d3a0b,198,esESP,MF,Athletic Club,32.0,1990.0,25,18,1485.0,16.5,0.0,2.0,2.0,0.0,0.0,0.0,6,0,0.0,0.12,0.12,0.0,0.12,Matches,2022-2023,ESP,,24.0,,,,,,,,,,,19.0,,,,,,,,,,,,,,,,,,,,,,,9.0,0.0,0.0,0.55,0.0,0.0,,,,,,,,,,,,,,,,,,,
David García,3e42f707,199,esESP,DF,Osasuna,28.0,1994.0,32,31,2680.0,29.8,2.0,0.0,2.0,2.0,0.0,0.0,8,1,0.07,0.0,0.07,0.07,0.07,Matches,2022-2023,ESP,,18.0,,,,,,,,,,,48.0,,,,,,,,,,,,,,,,,,,,,,,15.0,3.0,20.0,0.5,0.1,0.13,0.67,,,,,,,,,,,,,,,,,,
Eric García,2bed3eab,200,esESP,"DF,MF",Barcelona,21.0,2001.0,24,15,1417.0,15.7,1.0,0.0,1.0,1.0,0.0,0.0,3,0,0.06,0.0,0.06,0.06,0.06,Matches,2022-2023,ESP,,17.0,,,,,,,,,,,17.0,,,,,,,,,,,,,,,,,,,,,,,7.0,1.0,14.3,0.44,0.06,0.14,1.0,,,,,,,,,,,,,,,,,,
Fran Garcia,7226539b,201,esESP,DF,Rayo Vallecano,22.0,1999.0,38,38,3407.0,37.9,2.0,3.0,5.0,2.0,0.0,0.0,1,0,0.05,0.08,0.13,0.05,0.13,Matches,2022-2023,ESP,,54.0,,,,,,,,,,,45.0,,,,,,,,,,,,,,,,,,,,,,,30.0,11.0,36.7,0.79,0.29,0.07,0.18,,,,,,,,,,,,,,,,,,
Joan García,87b498b0,202,esESP,GK,Espanyol,21.0,2001.0,1,1,90.0,1.0,0.0,0.0,0.0,0.0,0.0,0.0,0,0,0.0,0.0,0.0,0.0,0.0,Matches,2022-2023,ESP,,0.0,,,,,,,,,,,0.0,,,,,,,,,,,,,,,,,,,,,,,0.0,0.0,,0.0,0.0,,,1.0,1.0,90.0,3.0,3.0,3.0,1.0,33.3,0.0,1.0,0.0,0.0,0.0,1.0,1.0,0.0,0.0,0.0
Raúl García,b418dbd4,203,esESP,"MF,FW",Athletic Club,36.0,1986.0,35,6,967.0,10.7,2.0,3.0,5.0,2.0,0.0,0.0,4,0,0.19,0.28,0.47,0.19,0.47,Matches,2022-2023,ESP,,8.0,,,,,,,,,,,6.0,,,,,,,,,,,,,,,,,,,,,,,51.0,14.0,27.5,4.75,1.3,0.04,0.14,,,,,,,,,,,,,,,,,,
Rubén García,5c96b017,204,esESP,"MF,FW",Osasuna,29.0,1993.0,29,11,1159.0,12.9,2.0,2.0,4.0,2.0,0.0,0.0,2,0,0.16,0.16,0.31,0.16,0.31,Matches,2022-2023,ESP,,11.0,,,,,,,,,,,10.0,,,,,,,,,,,,,,,,,,,,,,,20.0,4.0,20.0,1.55,0.31,0.1,0.5,,,,,,,,,,,,,,,,,,
Unai García,4a633cfe,205,esESP,DF,Osasuna,30.0,1992.0,21,20,1713.0,19.0,0.0,1.0,1.0,0.0,0.0,0.0,6,1,0.0,0.05,0.05,0.0,0.05,Matches,2022-2023,ESP,,13.0,,,,,,,,,,,19.0,,,,,,,,,,,,,,,,,,,,,,,5.0,2.0,40.0,0.26,0.11,0.0,0.0,,,,,,,,,,,,,,,,,,
Felix Garreta,9a26fa06,206,esESP,DF,Real Betis,18.0,2004.0,1,1,90.0,1.0,0.0,0.0,0.0,0.0,0.0,0.0,0,0,0.0,0.0,0.0,0.0,0.0,Matches,2022-2023,ESP,,0.0,,,,,,,,,,,1.0,,,,,,,,,,,,,,,,,,,,,,,0.0,0.0,,0.0,0.0,,,,,,,,,,,,,,,,,,,,
Aleix Garrido,5757adc3,207,esESP,MF,Barcelona,18.0,2004.0,1,0,7.0,0.1,0.0,0.0,0.0,0.0,0.0,0.0,0,0,0.0,0.0,0.0,0.0,0.0,Matches,2022-2023,ESP,,1.0,,,,,,,,,,,0.0,,,,,,,,,,,,,,,,,,,,,,,0.0,0.0,,0.0,0.0,,,,,,,,,,,,,,,,,,,,
Sékou Gassama,475a738b,208,snSEN,FW,Valladolid,27.0,1995.0,1,0,36.0,0.4,0.0,0.0,0.0,0.0,0.0,0.0,0,0,0.0,0.0,0.0,0.0,0.0,Matches,2022-2023,ESP,,0.0,,,,,,,,,,,0.0,,,,,,,,,,,,,,,,,,,,,,,2.0,0.0,0.0,5.0,0.0,0.0,,,,,,,,,,,,,,,,,,,
Gavi,19cae58d,209,esESP,"MF,FW",Barcelona,17.0,2004.0,36,30,2531.0,28.1,2.0,4.0,6.0,2.0,0.0,0.0,10,0,0.07,0.14,0.21,0.07,0.21,Matches,2022-2023,ESP,,33.0,,,,,,,,,,,19.0,,,,,,,,,,,,,,,,,,,,,,,28.0,8.0,28.6,1.0,0.28,0.07,0.25,,,,,,,,,,,,,,,,,,
Paulo Gazzaniga,63d17038,210,arARG,GK,Girona,30.0,1992.0,28,28,2520.0,28.0,0.0,0.0,0.0,0.0,0.0,0.0,4,0,0.0,0.0,0.0,0.0,0.0,Matches,2022-2023,ESP,,0.0,,,,,,,,,,,0.0,,,,,,,,,,,,,,,,,,,,,,,0.0,0.0,,0.0,0.0,,,28.0,28.0,2520.0,37.0,1.32,124.0,90.0,73.4,11.0,8.0,9.0,4.0,14.3,6.0,4.0,1.0,1.0,20.0
Bryan Gil,7b5ab7f2,211,esESP,MF,Sevilla,21.0,2001.0,17,10,918.0,10.2,2.0,2.0,4.0,2.0,0.0,0.0,4,0,0.2,0.2,0.39,0.2,0.39,Matches,2022-2023,ESP,,10.0,,,,,,,,,,,8.0,,,,,,,,,,,,,,,,,,,,,,,17.0,4.0,23.5,1.67,0.39,0.12,0.5,,,,,,,,,,,,,,,,,,
David Gil,fea23125,212,esESP,GK,Cádiz,28.0,1994.0,4,4,360.0,4.0,0.0,0.0,0.0,0.0,0.0,0.0,0,0,0.0,0.0,0.0,0.0,0.0,Matches,2022-2023,ESP,,0.0,,,,,,,,,,,0.0,,,,,,,,,,,,,,,,,,,,,,,0.0,0.0,,0.0,0.0,,,4.0,4.0,360.0,5.0,1.25,22.0,18.0,81.8,1.0,1.0,2.0,1.0,25.0,1.0,1.0,0.0,0.0,0.0
Óscar Gil,6652cf96,213,esESP,DF,Espanyol,25.0,1997.0,33,31,2559.0,28.4,0.0,1.0,1.0,0.0,0.0,0.0,14,0,0.0,0.04,0.04,0.0,0.04,Matches,2022-2023,ESP,,38.0,,,,,,,,,,,35.0,,,,,,,,,,,,,,,,,,,,,,,12.0,2.0,16.7,0.42,0.07,0.0,0.0,,,,,,,,,,,,,,,,,,
Álvaro Giménez,18017beb,214,esESP,"FW,MF",Cádiz,31.0,1991.0,1,0,17.0,0.2,0.0,0.0,0.0,0.0,0.0,0.0,0,0,0.0,0.0,0.0,0.0,0.0,Matches,2022-2023,ESP,,0.0,,,,,,,,,,,0.0,,,,,,,,,,,,,,,,,,,,,,,0.0,0.0,,0.0,0.0,,,,,,,,,,,,,,,,,,,,
Dani Gómez,0e5ddc7c,215,esESP,FW,Espanyol,24.0,1998.0,8,0,88.0,1.0,0.0,0.0,0.0,0.0,0.0,0.0,2,0,0.0,0.0,0.0,0.0,0.0,Matches,2022-2023,ESP,,1.0,,,,,,,,,,,1.0,,,,,,,,,,,,,,,,,,,,,,,0.0,0.0,,0.0,0.0,,,,,,,,,,,,,,,,,,,,
Maxi Gómez,4c2e9442,216,uyURU,FW,Valencia,25.0,1996.0,3,0,108.0,1.2,0.0,0.0,0.0,0.0,0.0,0.0,0,0,0.0,0.0,0.0,0.0,0.0,Matches,2022-2023,ESP,,0.0,,,,,,,,,,,0.0,,,,,,,,,,,,,,,,,,,,,,,3.0,0.0,0.0,2.5,0.0,0.0,,,,,,,,,,,,,,,,,,,
Moi Gómez,5a626448,217,esESP,MF,Osasuna,28.0,1994.0,33,28,2453.0,27.3,3.0,2.0,5.0,3.0,0.0,0.0,5,0,0.11,0.07,0.18,0.11,0.18,Matches,2022-2023,ESP,,16.0,,,,,,,,,,,10.0,,,,,,,,,,,,,,,,,,,,,,,19.0,9.0,47.4,0.7,0.33,0.16,0.33,,,,,,,,,,,,,,,,,,
Papu Gómez,6e4df551,218,arARG,MF,Sevilla,34.0,1988.0,19,11,1065.0,11.8,1.0,1.0,2.0,1.0,0.0,0.0,4,0,0.08,0.08,0.17,0.08,0.17,Matches,2022-2023,ESP,,2.0,,,,,,,,,,,4.0,,,,,,,,,,,,,,,,,,,,,,,20.0,6.0,30.0,1.69,0.51,0.05,0.17,,,,,,,,,,,,,,,,,,
Sergi Gómez,bc6f5f06,219,esESP,DF,Espanyol,30.0,1992.0,29,26,2339.0,26.0,0.0,0.0,0.0,0.0,0.0,0.0,1,2,0.0,0.0,0.0,0.0,0.0,Matches,2022-2023,ESP,,17.0,,,,,,,,,,,30.0,,,,,,,,,,,,,,,,,,,,,,,8.0,3.0,37.5,0.31,0.12,0.0,0.0,,,,,,,,,,,,,,,,,,
Antonio Gomis,f0f4671c,220,esESP,GK,Atlético Madrid,19.0,2003.0,1,0,6.0,0.1,0.0,0.0,0.0,0.0,0.0,0.0,0,0,0.0,0.0,0.0,0.0,0.0,Matches,2022-2023,ESP,,0.0,,,,,,,,,,,0.0,,,,,,,,,,,,,,,,,,,,,,,0.0,0.0,,0.0,0.0,,,1.0,0.0,6.0,1.0,15.0,1.0,0.0,0.0,0.0,0.0,0.0,0.0,,0.0,0.0,0.0,0.0,
Diego González,4ac7608e,221,esESP,DF,Elche,27.0,1995.0,16,8,958.0,10.6,0.0,0.0,0.0,0.0,0.0,0.0,4,0,0.0,0.0,0.0,0.0,0.0,Matches,2022-2023,ESP,,8.0,,,,,,,,,,,7.0,,,,,,,,,,,,,,,,,,,,,,,6.0,0.0,0.0,0.56,0.0,0.0,,,,,,,,,,,,,,,,,,,
Édgar González,49d028db,222,esESP,DF,Real Betis,25.0,1997.0,25,18,1772.0,19.7,0.0,0.0,0.0,0.0,0.0,0.0,8,2,0.0,0.0,0.0,0.0,0.0,Matches,2022-2023,ESP,,17.0,,,,,,,,,,,20.0,,,,,,,,,,,,,,,,,,,,,,,9.0,3.0,33.3,0.46,0.15,0.0,0.0,,,,,,,,,,,,,,,,,,
Giovanni González,1fc474ae,223,uyURU,"DF,MF",Mallorca,27.0,1994.0,15,9,926.0,10.3,0.0,2.0,2.0,0.0,0.0,0.0,5,0,0.0,0.19,0.19,0.0,0.19,Matches,2022-2023,ESP,,8.0,,,,,,,,,,,7.0,,,,,,,,,,,,,,,,,,,,,,,4.0,0.0,0.0,0.39,0.0,0.0,,,,,,,,,,,,,,,,,,,
Nicolás González,2c56a792,224,esESP,MF,Valencia,20.0,2002.0,26,18,1405.0,15.6,1.0,1.0,2.0,1.0,0.0,0.0,2,0,0.06,0.06,0.13,0.06,0.13,Matches,2022-2023,ESP,,14.0,,,,,,,,,,,17.0,,,,,,,,,,,,,,,,,,,,,,,14.0,3.0,21.4,0.9,0.19,0.07,0.33,,,,,,,,,,,,,,,,,,
Roberto González,56545648,225,esESP,MF,Real Betis,21.0,2001.0,2,0,54.0,0.6,0.0,0.0,0.0,0.0,0.0,0.0,1,0,0.0,0.0,0.0,0.0,0.0,Matches,2022-2023,ESP,,0.0,,,,,,,,,,,1.0,,,,,,,,,,,,,,,,,,,,,,,0.0,0.0,,0.0,0.0,,,,,,,,,,,,,,,,,,,,
Andoni Gorosabel,6f5f82c0,226,esESP,DF,Real Sociedad,25.0,1996.0,27,19,1708.0,19.0,0.0,0.0,0.0,0.0,0.0,0.0,3,0,0.0,0.0,0.0,0.0,0.0,Matches,2022-2023,ESP,,27.0,,,,,,,,,,,17.0,,,,,,,,,,,,,,,,,,,,,,,14.0,1.0,7.1,0.74,0.05,0.0,0.0,,,,,,,,,,,,,,,,,,
José Gragera,ee45d138,227,esESP,"MF,DF",Espanyol,21.0,2000.0,9,5,460.0,5.1,1.0,0.0,1.0,1.0,0.0,0.0,2,0,0.2,0.0,0.2,0.2,0.2,Matches,2022-2023,ESP,,10.0,,,,,,,,,,,7.0,,,,,,,,,,,,,,,,,,,,,,,4.0,1.0,25.0,0.78,0.2,0.25,1.0,,,,,,,,,,,,,,,,,,
Ivo Grbić,3f034750,228,hrCRO,GK,Atlético Madrid,26.0,1996.0,12,10,922.0,10.2,0.0,0.0,0.0,0.0,0.0,0.0,3,0,0.0,0.0,0.0,0.0,0.0,Matches,2022-2023,ESP,,0.0,,,,,,,,,,,0.0,,,,,,,,,,,,,,,,,,,,,,,0.0,0.0,,0.0,0.0,,,12.0,10.0,922.0,12.0,1.17,45.0,36.0,80.0,6.0,3.0,1.0,2.0,20.0,3.0,3.0,0.0,0.0,0.0
Dominik Greif,30061f53,229,skSVK,GK,Mallorca,25.0,1997.0,1,1,90.0,1.0,0.0,0.0,0.0,0.0,0.0,0.0,0,0,0.0,0.0,0.0,0.0,0.0,Matches,2022-2023,ESP,,0.0,,,,,,,,,,,0.0,,,,,,,,,,,,,,,,,,,,,,,0.0,0.0,,0.0,0.0,,,1.0,1.0,90.0,3.0,3.0,8.0,5.0,62.5,0.0,0.0,1.0,0.0,0.0,0.0,0.0,0.0,0.0,
Clément Grenier,8b298f56,230,frFRA,MF,Mallorca,31.0,1991.0,21,6,718.0,8.0,0.0,0.0,0.0,0.0,0.0,0.0,7,0,0.0,0.0,0.0,0.0,0.0,Matches,2022-2023,ESP,,8.0,,,,,,,,,,,6.0,,,,,,,,,,,,,,,,,,,,,,,3.0,2.0,66.7,0.38,0.25,0.0,0.0,,,,,,,,,,,,,,,,,,
Antoine Griezmann,df69b544,231,frFRA,"FW,MF",Atlético Madrid,31.0,1991.0,38,31,2859.0,31.8,15.0,16.0,31.0,15.0,0.0,0.0,2,0,0.47,0.5,0.98,0.47,0.98,Matches,2022-2023,ESP,,33.0,,,,,,,,,,,23.0,,,,,,,,,,,,,,,,,,,,,,,111.0,45.0,40.5,3.49,1.42,0.14,0.33,,,,,,,,,,,,,,,,,,
Andrés Guardado,ef322658,232,mxMEX,MF,Real Betis,35.0,1986.0,26,16,1373.0,15.3,1.0,1.0,2.0,1.0,0.0,0.0,7,0,0.07,0.07,0.13,0.07,0.13,Matches,2022-2023,ESP,,26.0,,,,,,,,,,,22.0,,,,,,,,,,,,,,,,,,,,,,,8.0,3.0,37.5,0.52,0.2,0.13,0.33,,,,,,,,,,,,,,,,,,
Sergi Guardiola,32974271,233,esESP,FW,Valladolid,31.0,1991.0,14,8,502.0,5.6,0.0,0.0,0.0,0.0,0.0,0.0,1,0,0.0,0.0,0.0,0.0,0.0,Matches,2022-2023,ESP,,9.0,,,,,,,,,,,2.0,,,,,,,,,,,,,,,,,,,,,,,11.0,3.0,27.3,1.97,0.54,0.0,0.0,,,,,,,,,,,,,,,,,,
Sergi Guardiola,32974271,234,esESP,FW,Cádiz,31.0,1991.0,17,14,1165.0,12.9,3.0,0.0,3.0,3.0,0.0,0.0,2,0,0.23,0.0,0.23,0.23,0.23,Matches,2022-2023,ESP,,6.0,,,,,,,,,,,3.0,,,,,,,,,,,,,,,,,,,,,,,27.0,14.0,51.9,2.09,1.08,0.11,0.21,,,,,,,,,,,,,,,,,,
Nemanja Gudelj,0076ab7f,235,rsSRB,"DF,MF",Sevilla,30.0,1991.0,34,31,2779.0,30.9,3.0,1.0,4.0,3.0,0.0,0.0,8,0,0.1,0.03,0.13,0.1,0.13,Matches,2022-2023,ESP,,34.0,,,,,,,,,,,31.0,,,,,,,,,,,,,,,,,,,,,,,33.0,7.0,21.2,1.07,0.23,0.09,0.43,,,,,,,,,,,,,,,,,,
Javier Guerra,3828f130,236,esESP,MF,Valencia,19.0,2003.0,10,6,605.0,6.7,1.0,0.0,1.0,1.0,0.0,0.0,0,0,0.15,0.0,0.15,0.15,0.15,Matches,2022-2023,ESP,,13.0,,,,,,,,,,,11.0,,,,,,,,,,,,,,,,,,,,,,,15.0,6.0,40.0,2.23,0.89,0.07,0.17,,,,,,,,,,,,,,,,,,
Ander Guevara,8e48dc61,237,esESP,MF,Real Sociedad,25.0,1997.0,8,2,221.0,2.5,0.0,0.0,0.0,0.0,0.0,0.0,2,0,0.0,0.0,0.0,0.0,0.0,Matches,2022-2023,ESP,,2.0,,,,,,,,,,,2.0,,,,,,,,,,,,,,,,,,,,,,,1.0,0.0,0.0,0.41,0.0,0.0,,,,,,,,,,,,,,,,,,,
Pape Gueye,7155e3e1,238,snSEN,MF,Sevilla,23.0,1999.0,16,15,1171.0,13.0,1.0,3.0,4.0,1.0,0.0,0.0,6,3,0.08,0.23,0.31,0.08,0.31,Matches,2022-2023,ESP,,22.0,,,,,,,,,,,23.0,,,,,,,,,,,,,,,,,,,,,,,20.0,5.0,25.0,1.54,0.38,0.05,0.2,,,,,,,,,,,,,,,,,,
Hugo Guillamón,f7c12fbf,239,esESP,MF,Valencia,22.0,2000.0,25,19,1632.0,18.1,1.0,4.0,5.0,0.0,1.0,1.0,5,0,0.06,0.22,0.28,0.0,0.22,Matches,2022-2023,ESP,,14.0,,,,,,,,,,,19.0,,,,,,,,,,,,,,,,,,,,,,,4.0,2.0,50.0,0.22,0.11,0.0,0.0,,,,,,,,,,,,,,,,,,
Gerard Gumbau,ac454a4f,240,esESP,MF,Elche,27.0,1994.0,35,31,2737.0,30.4,1.0,6.0,7.0,1.0,0.0,0.0,11,0,0.03,0.2,0.23,0.03,0.23,Matches,2022-2023,ESP,,26.0,,,,,,,,,,,26.0,,,,,,,,,,,,,,,,,,,,,,,47.0,18.0,38.3,1.55,0.59,0.02,0.06,,,,,,,,,,,,,,,,,,
Gorka Guruzeta,6b5ea2f4,241,esESP,FW,Athletic Club,25.0,1996.0,30,17,1421.0,15.8,6.0,1.0,7.0,6.0,0.0,0.0,2,0,0.38,0.06,0.44,0.38,0.44,Matches,2022-2023,ESP,,21.0,,,,,,,,,,,4.0,,,,,,,,,,,,,,,,,,,,,,,50.0,19.0,38.0,3.17,1.2,0.12,0.32,,,,,,,,,,,,,,,,,,
Raúl Guti,0b2c8585,242,esESP,MF,Elche,25.0,1996.0,28,12,1117.0,12.4,0.0,0.0,0.0,0.0,0.0,0.0,1,0,0.0,0.0,0.0,0.0,0.0,Matches,2022-2023,ESP,,11.0,,,,,,,,,,,8.0,,,,,,,,,,,,,,,,,,,,,,,20.0,8.0,40.0,1.61,0.64,0.0,0.0,,,,,,,,,,,,,,,,,,
Miguel Gutiérrez,7e98cff1,243,esESP,"DF,MF",Girona,21.0,2001.0,34,27,2390.0,26.6,2.0,3.0,5.0,2.0,0.0,0.0,6,0,0.08,0.11,0.19,0.08,0.19,Matches,2022-2023,ESP,,25.0,,,,,,,,,,,19.0,,,,,,,,,,,,,,,,,,,,,,,17.0,4.0,23.5,0.64,0.15,0.12,0.5,,,,,,,,,,,,,,,,,,
Munir El Haddadi,8696bc90,244,maMAR,"MF,FW",Getafe,26.0,1995.0,28,10,1150.0,12.8,3.0,1.0,4.0,3.0,0.0,0.0,4,0,0.23,0.08,0.31,0.23,0.31,Matches,2022-2023,ESP,,8.0,,,,,,,,,,,10.0,,,,,,,,,,,,,,,,,,,,,,,32.0,10.0,31.3,2.5,0.78,0.09,0.3,,,,,,,,,,,,,,,,,,
Dennis Hadzikadunic,82cfae2a,245,baBIH,DF,Mallorca,24.0,1998.0,8,7,614.0,6.8,0.0,0.0,0.0,0.0,0.0,0.0,1,0,0.0,0.0,0.0,0.0,0.0,Matches,2022-2023,ESP,,6.0,,,,,,,,,,,3.0,,,,,,,,,,,,,,,,,,,,,,,5.0,1.0,20.0,0.73,0.15,0.0,0.0,,,,,,,,,,,,,,,,,,
Haissem Hassan,e0979e74,246,frFRA,MF,Villarreal,20.0,2002.0,2,0,52.0,0.6,0.0,0.0,0.0,0.0,0.0,0.0,0,0,0.0,0.0,0.0,0.0,0.0,Matches,2022-2023,ESP,,0.0,,,,,,,,,,,1.0,,,,,,,,,,,,,,,,,,,,,,,0.0,0.0,,0.0,0.0,,,,,,,,,,,,,,,,,,,,
Eden Hazard,a39bb753,247,beBEL,FW,Real Madrid,31.0,1991.0,6,2,196.0,2.2,0.0,1.0,1.0,0.0,0.0,1.0,0,0,0.0,0.46,0.46,0.0,0.46,Matches,2022-2023,ESP,,0.0,,,,,,,,,,,1.0,,,,,,,,,,,,,,,,,,,,,,,3.0,1.0,33.3,1.38,0.46,0.0,0.0,,,,,,,,,,,,,,,,,,
Luiz Henrique,8059806f,248,brBRA,MF,Real Betis,21.0,2001.0,33,21,1807.0,20.1,1.0,3.0,4.0,1.0,0.0,0.0,6,0,0.05,0.15,0.2,0.05,0.2,Matches,2022-2023,ESP,,33.0,,,,,,,,,,,14.0,,,,,,,,,,,,,,,,,,,,,,,42.0,17.0,40.5,2.09,0.85,0.02,0.06,,,,,,,,,,,,,,,,,,
Mario Hermoso,555f3a0b,249,esESP,DF,Atlético Madrid,27.0,1995.0,26,24,2110.0,23.4,3.0,2.0,5.0,3.0,0.0,0.0,7,2,0.13,0.09,0.21,0.13,0.21,Matches,2022-2023,ESP,,15.0,,,,,,,,,,,19.0,,,,,,,,,,,,,,,,,,,,,,,15.0,5.0,33.3,0.64,0.21,0.2,0.6,,,,,,,,,,,,,,,,,,
Javi Hernández,9a76c2e9,250,esESP,DF,Girona,24.0,1998.0,25,13,1116.0,12.4,1.0,2.0,3.0,1.0,0.0,0.0,3,0,0.08,0.16,0.24,0.08,0.24,Matches,2022-2023,ESP,,13.0,,,,,,,,,,,9.0,,,,,,,,,,,,,,,,,,,,,,,16.0,6.0,37.5,1.29,0.48,0.06,0.17,,,,,,,,,,,,,,,,,,
Aridane Hernández,132ac341,251,esESP,DF,Osasuna,33.0,1989.0,23,20,1793.0,19.9,0.0,1.0,1.0,0.0,0.0,0.0,1,0,0.0,0.05,0.05,0.0,0.05,Matches,2022-2023,ESP,,15.0,,,,,,,,,,,26.0,,,,,,,,,,,,,,,,,,,,,,,5.0,1.0,20.0,0.25,0.05,0.0,0.0,,,,,,,,,,,,,,,,,,
Luis Hernández,02d2c436,252,esESP,DF,Cádiz,33.0,1989.0,35,35,3149.0,35.0,0.0,0.0,0.0,0.0,0.0,0.0,8,1,0.0,0.0,0.0,0.0,0.0,Matches,2022-2023,ESP,,20.0,,,,,,,,,,,32.0,,,,,,,,,,,,,,,,,,,,,,,7.0,1.0,14.3,0.2,0.03,0.0,0.0,,,,,,,,,,,,,,,,,,
Mario Hernández,90162357,253,esESP,DF,Rayo Vallecano,23.0,1999.0,3,1,103.0,1.1,0.0,0.0,0.0,0.0,0.0,0.0,1,0,0.0,0.0,0.0,0.0,0.0,Matches,2022-2023,ESP,,2.0,,,,,,,,,,,2.0,,,,,,,,,,,,,,,,,,,,,,,2.0,0.0,0.0,1.75,0.0,0.0,,,,,,,,,,,,,,,,,,,
Jorge Herrando,e19c989c,254,esESP,DF,Osasuna,21.0,2001.0,1,1,25.0,0.3,0.0,0.0,0.0,0.0,0.0,0.0,0,1,0.0,0.0,0.0,0.0,0.0,Matches,2022-2023,ESP,,0.0,,,,,,,,,,,0.0,,,,,,,,,,,,,,,,,,,,,,,0.0,0.0,,0.0,0.0,,,,,,,,,,,,,,,,,,,,
Ander Herrera,436a9dd0,255,esESP,MF,Athletic Club,32.0,1989.0,17,9,697.0,7.7,0.0,1.0,1.0,0.0,0.0,0.0,4,1,0.0,0.13,0.13,0.0,0.13,Matches,2022-2023,ESP,,11.0,,,,,,,,,,,8.0,,,,,,,,,,,,,,,,,,,,,,,10.0,1.0,10.0,1.29,0.13,0.0,0.0,,,,,,,,,,,,,,,,,,
Sergio Herrera,a4995f48,256,esESP,GK,Osasuna,29.0,1993.0,17,17,1530.0,17.0,0.0,0.0,0.0,0.0,0.0,0.0,3,0,0.0,0.0,0.0,0.0,0.0,Matches,2022-2023,ESP,,1.0,,,,,,,,,,,1.0,,,,,,,,,,,,,,,,,,,,,,,0.0,0.0,,0.0,0.0,,,17.0,17.0,1530.0,23.0,1.35,69.0,48.0,68.1,5.0,3.0,9.0,3.0,17.6,4.0,1.0,1.0,2.0,50.0
Yangel Herrera,5083a734,257,veVEN,MF,Girona,24.0,1998.0,20,12,963.0,10.7,2.0,2.0,4.0,2.0,0.0,0.0,4,0,0.19,0.19,0.37,0.19,0.37,Matches,2022-2023,ESP,,9.0,,,,,,,,,,,4.0,,,,,,,,,,,,,,,,,,,,,,,24.0,8.0,33.3,2.24,0.75,0.08,0.25,,,,,,,,,,,,,,,,,,
Omar El Hilali,139560df,258,maMAR,DF,Espanyol,18.0,2003.0,5,1,92.0,1.0,0.0,0.0,0.0,0.0,0.0,0.0,1,0,0.0,0.0,0.0,0.0,0.0,Matches,2022-2023,ESP,,2.0,,,,,,,,,,,1.0,,,,,,,,,,,,,,,,,,,,,,,0.0,0.0,,0.0,0.0,,,,,,,,,,,,,,,,,,,,
Martin Hongla,b85bf253,259,cmCMR,"DF,MF",Valladolid,24.0,1998.0,16,15,1306.0,14.5,0.0,0.0,0.0,0.0,0.0,0.0,7,2,0.0,0.0,0.0,0.0,0.0,Matches,2022-2023,ESP,,12.0,,,,,,,,,,,11.0,,,,,,,,,,,,,,,,,,,,,,,1.0,0.0,0.0,0.07,0.0,0.0,,,,,,,,,,,,,,,,,,,
Pablo Ibáñez,3701906c,260,esESP,MF,Osasuna,23.0,1998.0,25,12,1064.0,11.8,0.0,1.0,1.0,0.0,0.0,0.0,1,0,0.0,0.08,0.08,0.0,0.08,Matches,2022-2023,ESP,,14.0,,,,,,,,,,,7.0,,,,,,,,,,,,,,,,,,,,,,,20.0,6.0,30.0,1.69,0.51,0.0,0.0,,,,,,,,,,,,,,,,,,
Iglesias,974322dc,261,esESP,DF,Getafe,24.0,1998.0,32,21,2146.0,23.8,1.0,0.0,1.0,1.0,0.0,0.0,7,0,0.04,0.0,0.04,0.04,0.04,Matches,2022-2023,ESP,,36.0,,,,,,,,,,,24.0,,,,,,,,,,,,,,,,,,,,,,,21.0,8.0,38.1,0.88,0.34,0.05,0.13,,,,,,,,,,,,,,,,,,
Borja Iglesias,75645f0e,262,esESP,FW,Real Betis,29.0,1993.0,35,29,2365.0,26.3,15.0,3.0,18.0,10.0,5.0,6.0,2,1,0.57,0.11,0.68,0.38,0.49,Matches,2022-2023,ESP,,5.0,,,,,,,,,,,1.0,,,,,,,,,,,,,,,,,,,,,,,61.0,28.0,45.9,2.32,1.07,0.16,0.36,,,,,,,,,,,,,,,,,,
Asier Illarramendi,5ce0b5ba,263,esESP,MF,Real Sociedad,32.0,1990.0,24,13,1076.0,12.0,1.0,0.0,1.0,1.0,0.0,0.0,5,0,0.08,0.0,0.08,0.08,0.08,Matches,2022-2023,ESP,,16.0,,,,,,,,,,,18.0,,,,,,,,,,,,,,,,,,,,,,,12.0,3.0,25.0,1.0,0.25,0.08,0.33,,,,,,,,,,,,,,,,,,
Alexander Isak,8e92be30,264,seSWE,FW,Real Sociedad,22.0,1999.0,2,2,152.0,1.7,1.0,0.0,1.0,1.0,0.0,0.0,0,0,0.59,0.0,0.59,0.59,0.59,Matches,2022-2023,ESP,,1.0,,,,,,,,,,,0.0,,,,,,,,,,,,,,,,,,,,,,,3.0,1.0,33.3,1.78,0.59,0.33,1.0,,,,,,,,,,,,,,,,,,
Isco,a0b4bb3e,265,esESP,"MF,FW",Sevilla,30.0,1992.0,12,10,799.0,8.9,0.0,2.0,2.0,0.0,0.0,0.0,5,0,0.0,0.23,0.23,0.0,0.23,Matches,2022-2023,ESP,,9.0,,,,,,,,,,,9.0,,,,,,,,,,,,,,,,,,,,,,,4.0,1.0,25.0,0.45,0.11,0.0,0.0,,,,,,,,,,,,,,,,,,
Diego Iturralde,9d33c71a,266,esESP,DF,Sevilla,19.0,2003.0,1,1,45.0,0.5,0.0,0.0,0.0,0.0,0.0,0.0,1,0,0.0,0.0,0.0,0.0,0.0,Matches,2022-2023,ESP,,0.0,,,,,,,,,,,0.0,,,,,,,,,,,,,,,,,,,,,,,0.0,0.0,,0.0,0.0,,,,,,,,,,,,,,,,,,,,
Nicolas Jackson,9c36ed83,267,snSEN,FW,Villarreal,21.0,2001.0,26,16,1598.0,17.8,12.0,4.0,16.0,12.0,0.0,0.0,6,1,0.68,0.23,0.9,0.68,0.9,Matches,2022-2023,ESP,,11.0,,,,,,,,,,,2.0,,,,,,,,,,,,,,,,,,,,,,,41.0,23.0,56.1,2.31,1.3,0.29,0.52,,,,,,,,,,,,,,,,,,
Adnan Januzaj,4737cebe,268,beBEL,MF,Sevilla,27.0,1995.0,2,1,47.0,0.5,0.0,0.0,0.0,0.0,0.0,0.0,0,0,0.0,0.0,0.0,0.0,0.0,Matches,2022-2023,ESP,,0.0,,,,,,,,,,,1.0,,,,,,,,,,,,,,,,,,,,,,,0.0,0.0,,0.0,0.0,,,,,,,,,,,,,,,,,,,,
Luis Javier Suárez,eeba07f8,269,coCOL,FW,Almería,24.0,1997.0,21,18,1490.0,16.6,4.0,4.0,8.0,4.0,0.0,0.0,4,1,0.24,0.24,0.48,0.24,0.48,Matches,2022-2023,ESP,,10.0,,,,,,,,,,,5.0,,,,,,,,,,,,,,,,,,,,,,,40.0,13.0,32.5,2.42,0.79,0.1,0.31,,,,,,,,,,,,,,,,,,
Joaquín,4c5b14d2,270,esESP,MF,Real Betis,41.0,1981.0,22,2,496.0,5.5,0.0,2.0,2.0,0.0,0.0,0.0,2,0,0.0,0.36,0.36,0.0,0.36,Matches,2022-2023,ESP,,4.0,,,,,,,,,,,3.0,,,,,,,,,,,,,,,,,,,,,,,8.0,3.0,37.5,1.45,0.54,0.0,0.0,,,,,,,,,,,,,,,,,,
Frenkie de Jong,1bacc518,271,nlNED,MF,Barcelona,25.0,1997.0,33,29,2534.0,28.2,2.0,4.0,6.0,2.0,0.0,0.0,3,0,0.07,0.14,0.21,0.07,0.21,Matches,2022-2023,ESP,,26.0,,,,,,,,,,,34.0,,,,,,,,,,,,,,,,,,,,,,,18.0,11.0,61.1,0.64,0.39,0.11,0.18,,,,,,,,,,,,,,,,,,
Joan Jordán,2a0c8ba4,272,esESP,MF,Sevilla,28.0,1994.0,23,19,1592.0,17.7,0.0,1.0,1.0,0.0,0.0,0.0,8,0,0.0,0.06,0.06,0.0,0.06,Matches,2022-2023,ESP,,18.0,,,,,,,,,,,16.0,,,,,,,,,,,,,,,,,,,,,,,13.0,3.0,23.1,0.73,0.17,0.0,0.0,,,,,,,,,,,,,,,,,,
Josan,5b28b2f6,273,esESP,"DF,MF",Elche,32.0,1989.0,26,9,1078.0,12.0,1.0,3.0,4.0,1.0,0.0,0.0,3,0,0.08,0.25,0.33,0.08,0.33,Matches,2022-2023,ESP,,19.0,,,,,,,,,,,7.0,,,,,,,,,,,,,,,,,,,,,,,6.0,3.0,50.0,0.5,0.25,0.17,0.33,,,,,,,,,,,,,,,,,,
Willian José,d87e2cae,274,brBRA,FW,Real Betis,30.0,1991.0,28,6,731.0,8.1,2.0,1.0,3.0,1.0,1.0,1.0,1,0,0.25,0.12,0.37,0.12,0.25,Matches,2022-2023,ESP,,6.0,,,,,,,,,,,1.0,,,,,,,,,,,,,,,,,,,,,,,21.0,7.0,33.3,2.59,0.86,0.05,0.14,,,,,,,,,,,,,,,,,,
Joselu,6265208f,275,esESP,FW,Espanyol,32.0,1990.0,34,33,2990.0,33.2,16.0,2.0,18.0,11.0,5.0,5.0,2,0,0.48,0.06,0.54,0.33,0.39,Matches,2022-2023,ESP,,11.0,,,,,,,,,,,8.0,,,,,,,,,,,,,,,,,,,,,,,92.0,38.0,41.3,2.77,1.14,0.12,0.29,,,,,,,,,,,,,,,,,,
Juanmi,84399660,276,esESP,MF,Real Betis,29.0,1993.0,22,9,925.0,10.3,4.0,0.0,4.0,4.0,0.0,0.0,3,0,0.39,0.0,0.39,0.39,0.39,Matches,2022-2023,ESP,,10.0,,,,,,,,,,,4.0,,,,,,,,,,,,,,,,,,,,,,,18.0,8.0,44.4,1.75,0.78,0.22,0.5,,,,,,,,,,,,,,,,,,
Juanpe,1633fc8a,277,esESP,DF,Girona,31.0,1991.0,19,17,1426.0,15.8,1.0,0.0,1.0,1.0,0.0,0.0,3,0,0.06,0.0,0.06,0.06,0.06,Matches,2022-2023,ESP,,13.0,,,,,,,,,,,9.0,,,,,,,,,,,,,,,,,,,,,,,5.0,1.0,20.0,0.32,0.06,0.2,1.0,,,,,,,,,,,,,,,,,,
Lago Junior,360d70f8,278,ciCIV,"FW,MF",Mallorca,31.0,1990.0,5,0,52.0,0.6,0.0,0.0,0.0,0.0,0.0,0.0,0,0,0.0,0.0,0.0,0.0,0.0,Matches,2022-2023,ESP,,0.0,,,,,,,,,,,0.0,,,,,,,,,,,,,,,,,,,,,,,2.0,1.0,50.0,3.46,1.73,0.0,0.0,,,,,,,,,,,,,,,,,,
Vinicius Júnior,7111d552,279,brBRA,FW,Real Madrid,22.0,2000.0,33,32,2823.0,31.4,10.0,9.0,19.0,10.0,0.0,0.0,10,1,0.32,0.29,0.61,0.32,0.61,Matches,2022-2023,ESP,,23.0,,,,,,,,,,,6.0,,,,,,,,,,,,,,,,,,,,,,,77.0,36.0,46.8,2.45,1.15,0.13,0.28,,,,,,,,,,,,,,,,,,
Filip Jørgensen,0107757e,280,dkDEN,GK,Villarreal,20.0,2002.0,2,2,180.0,2.0,0.0,0.0,0.0,0.0,0.0,0.0,0,0,0.0,0.0,0.0,0.0,0.0,Matches,2022-2023,ESP,,0.0,,,,,,,,,,,0.0,,,,,,,,,,,,,,,,,,,,,,,0.0,0.0,,0.0,0.0,,,2.0,2.0,180.0,3.0,1.5,6.0,3.0,50.0,0.0,1.0,1.0,0.0,0.0,0.0,0.0,0.0,0.0,
Tino Kadewere,7d08063d,281,zwZIM,"FW,MF",Mallorca,26.0,1996.0,15,5,542.0,6.0,1.0,0.0,1.0,1.0,0.0,0.0,1,0,0.17,0.0,0.17,0.17,0.17,Matches,2022-2023,ESP,,3.0,,,,,,,,,,,2.0,,,,,,,,,,,,,,,,,,,,,,,19.0,6.0,31.6,3.15,1.0,0.05,0.17,,,,,,,,,,,,,,,,,,
Kaiky,55634fb8,282,brBRA,DF,Almería,18.0,2004.0,13,7,581.0,6.5,0.0,0.0,0.0,0.0,0.0,0.0,5,0,0.0,0.0,0.0,0.0,0.0,Matches,2022-2023,ESP,,5.0,,,,,,,,,,,9.0,,,,,,,,,,,,,,,,,,,,,,,1.0,0.0,0.0,0.15,0.0,0.0,,,,,,,,,,,,,,,,,,,
Lee Kang-in,8455ad90,283,krKOR,"MF,FW",Mallorca,21.0,2001.0,36,33,2823.0,31.4,6.0,6.0,12.0,6.0,0.0,0.0,10,0,0.19,0.19,0.38,0.19,0.38,Matches,2022-2023,ESP,,25.0,,,,,,,,,,,12.0,,,,,,,,,,,,,,,,,,,,,,,46.0,14.0,30.4,1.47,0.45,0.13,0.43,,,,,,,,,,,,,,,,,,
Jon Karrikaburu,211589b8,284,esESP,FW,Real Sociedad,19.0,2002.0,6,0,93.0,1.0,0.0,0.0,0.0,0.0,0.0,0.0,1,0,0.0,0.0,0.0,0.0,0.0,Matches,2022-2023,ESP,,0.0,,,,,,,,,,,0.0,,,,,,,,,,,,,,,,,,,,,,,5.0,1.0,20.0,4.84,0.97,0.0,0.0,,,,,,,,,,,,,,,,,,
Kenedy,5eebbfdf,285,brBRA,FW,Valladolid,26.0,1996.0,12,2,275.0,3.1,0.0,1.0,1.0,0.0,0.0,0.0,3,0,0.0,0.33,0.33,0.0,0.33,Matches,2022-2023,ESP,,2.0,,,,,,,,,,,1.0,,,,,,,,,,,,,,,,,,,,,,,6.0,3.0,50.0,1.96,0.98,0.0,0.0,,,,,,,,,,,,,,,,,,
Franck Kessié,05e19d6a,286,ciCIV,MF,Barcelona,25.0,1996.0,28,7,990.0,11.0,1.0,1.0,2.0,1.0,0.0,0.0,4,0,0.09,0.09,0.18,0.09,0.18,Matches,2022-2023,ESP,,10.0,,,,,,,,,,,12.0,,,,,,,,,,,,,,,,,,,,,,,15.0,3.0,20.0,1.36,0.27,0.07,0.33,,,,,,,,,,,,,,,,,,
Kiké,e897d8ba,287,esESP,FW,Osasuna,32.0,1989.0,35,7,1021.0,11.3,2.0,0.0,2.0,1.0,1.0,1.0,5,0,0.18,0.0,0.18,0.09,0.09,Matches,2022-2023,ESP,,3.0,,,,,,,,,,,1.0,,,,,,,,,,,,,,,,,,,,,,,42.0,12.0,28.6,3.7,1.06,0.02,0.08,,,,,,,,,,,,,,,,,,
Justin Kluivert,4c3a6744,288,nlNED,"FW,MF",Valencia,23.0,1999.0,26,15,1447.0,16.1,6.0,0.0,6.0,5.0,1.0,1.0,4,0,0.37,0.0,0.37,0.31,0.31,Matches,2022-2023,ESP,,13.0,,,,,,,,,,,6.0,,,,,,,,,,,,,,,,,,,,,,,44.0,17.0,38.6,2.74,1.06,0.11,0.29,,,,,,,,,,,,,,,,,,
Koke,55126f3b,289,esESP,MF,Atlético Madrid,30.0,1992.0,33,30,2545.0,28.3,0.0,3.0,3.0,0.0,0.0,0.0,4,0,0.0,0.11,0.11,0.0,0.11,Matches,2022-2023,ESP,,38.0,,,,,,,,,,,19.0,,,,,,,,,,,,,,,,,,,,,,,16.0,1.0,6.3,0.57,0.04,0.0,0.0,,,,,,,,,,,,,,,,,,
Luca Koleosho,fc076f78,290,itITA,MF,Espanyol,17.0,2004.0,4,0,59.0,0.7,1.0,0.0,1.0,1.0,0.0,0.0,0,0,1.53,0.0,1.53,1.53,1.53,Matches,2022-2023,ESP,,2.0,,,,,,,,,,,0.0,,,,,,,,,,,,,,,,,,,,,,,1.0,1.0,100.0,1.53,1.53,1.0,1.0,,,,,,,,,,,,,,,,,,
Geoffrey Kondogbia,cce181df,291,cfCTA,MF,Atlético Madrid,29.0,1993.0,20,10,1006.0,11.2,0.0,2.0,2.0,0.0,0.0,0.0,5,0,0.0,0.18,0.18,0.0,0.18,Matches,2022-2023,ESP,,22.0,,,,,,,,,,,27.0,,,,,,,,,,,,,,,,,,,,,,,11.0,0.0,0.0,0.98,0.0,0.0,,,,,,,,,,,,,,,,,,,
Jules Koundé,4d1666ff,292,frFRA,DF,Barcelona,23.0,1998.0,29,28,2426.0,27.0,1.0,3.0,4.0,1.0,0.0,0.0,2,0,0.04,0.11,0.15,0.04,0.15,Matches,2022-2023,ESP,,25.0,,,,,,,,,,,20.0,,,,,,,,,,,,,,,,,,,,,,,14.0,2.0,14.3,0.52,0.07,0.07,0.5,,,,,,,,,,,,,,,,,,
Toni Kroos,6ce1f46f,293,deGER,MF,Real Madrid,32.0,1990.0,30,25,2155.0,23.9,2.0,4.0,6.0,2.0,0.0,0.0,2,1,0.08,0.17,0.25,0.08,0.25,Matches,2022-2023,ESP,,33.0,,,,,,,,,,,24.0,,,,,,,,,,,,,,,,,,,,,,,31.0,11.0,35.5,1.29,0.46,0.06,0.18,,,,,,,,,,,,,,,,,,
Takefusa Kubo,16aa3654,294,jpJPN,"FW,MF",Real Sociedad,21.0,2001.0,35,29,2439.0,27.1,9.0,4.0,13.0,9.0,0.0,0.0,3,0,0.33,0.15,0.48,0.33,0.48,Matches,2022-2023,ESP,,28.0,,,,,,,,,,,8.0,,,,,,,,,,,,,,,,,,,,,,,72.0,30.0,41.7,2.66,1.11,0.13,0.3,,,,,,,,,,,,,,,,,,
César de la Hoz,60abea75,295,esESP,MF,Almería,30.0,1992.0,25,18,1673.0,18.6,1.0,0.0,1.0,1.0,0.0,0.0,6,0,0.05,0.0,0.05,0.05,0.05,Matches,2022-2023,ESP,,19.0,,,,,,,,,,,14.0,,,,,,,,,,,,,,,,,,,,,,,7.0,1.0,14.3,0.38,0.05,0.14,1.0,,,,,,,,,,,,,,,,,,
Luca de la Torre,e9241b40,296,usUSA,MF,Celta Vigo,24.0,1998.0,28,16,1481.0,16.5,0.0,2.0,2.0,0.0,0.0,0.0,6,0,0.0,0.12,0.12,0.0,0.12,Matches,2022-2023,ESP,,18.0,,,,,,,,,,,10.0,,,,,,,,,,,,,,,,,,,,,,,17.0,3.0,17.6,1.03,0.18,0.0,0.0,,,,,,,,,,,,,,,,,,
Érik Lamela,abe66106,297,arARG,"MF,FW",Sevilla,30.0,1992.0,32,20,1844.0,20.5,6.0,0.0,6.0,6.0,0.0,0.0,10,1,0.29,0.0,0.29,0.29,0.29,Matches,2022-2023,ESP,,28.0,,,,,,,,,,,8.0,,,,,,,,,,,,,,,,,,,,,,,44.0,23.0,52.3,2.15,1.12,0.14,0.26,,,,,,,,,,,,,,,,,,
Cyle Larin,e7af9060,298,caCAN,FW,Valladolid,27.0,1995.0,19,16,1469.0,16.3,8.0,3.0,11.0,6.0,2.0,2.0,4,0,0.49,0.18,0.67,0.37,0.55,Matches,2022-2023,ESP,,3.0,,,,,,,,,,,0.0,,,,,,,,,,,,,,,,,,,,,,,51.0,19.0,37.3,3.12,1.16,0.12,0.32,,,,,,,,,,,,,,,,,,
Juanmi Latasa,2bea832e,299,esESP,FW,Getafe,21.0,2001.0,18,2,448.0,5.0,1.0,0.0,1.0,1.0,0.0,0.0,2,0,0.2,0.0,0.2,0.2,0.2,Matches,2022-2023,ESP,,4.0,,,,,,,,,,,1.0,,,,,,,,,,,,,,,,,,,,,,,15.0,4.0,26.7,3.01,0.8,0.07,0.25,,,,,,,,,,,,,,,,,,
Toni Lato,8e088e04,300,esESP,"DF,MF",Valencia,24.0,1997.0,24,9,914.0,10.2,1.0,0.0,1.0,1.0,0.0,0.0,1,0,0.1,0.0,0.1,0.1,0.1,Matches,2022-2023,ESP,,11.0,,,,,,,,,,,6.0,,,,,,,,,,,,,,,,,,,,,,,9.0,1.0,11.1,0.89,0.1,0.11,1.0,,,,,,,,,,,,,,,,,,
Lázaro,86ff856b,301,brBRA,"FW,MF",Almería,20.0,2002.0,19,7,716.0,8.0,6.0,0.0,6.0,6.0,0.0,0.0,1,0,0.75,0.0,0.75,0.75,0.75,Matches,2022-2023,ESP,,3.0,,,,,,,,,,,3.0,,,,,,,,,,,,,,,,,,,,,,,25.0,12.0,48.0,3.14,1.51,0.24,0.5,,,,,,,,,,,,,,,,,,
Robin Le Normand,9a64e67e,302,esESP,DF,Real Sociedad,25.0,1996.0,33,31,2796.0,31.1,0.0,0.0,0.0,0.0,0.0,0.0,6,0,0.0,0.0,0.0,0.0,0.0,Matches,2022-2023,ESP,,24.0,,,,,,,,,,,32.0,,,,,,,,,,,,,,,,,,,,,,,11.0,2.0,18.2,0.35,0.06,0.0,0.0,,,,,,,,,,,,,,,,,,
Benjamin Lecomte,2fa2a875,303,frFRA,GK,Espanyol,31.0,1991.0,10,10,899.0,10.0,0.0,0.0,0.0,0.0,0.0,0.0,1,1,0.0,0.0,0.0,0.0,0.0,Matches,2022-2023,ESP,,0.0,,,,,,,,,,,0.0,,,,,,,,,,,,,,,,,,,,,,,0.0,0.0,,0.0,0.0,,,10.0,10.0,899.0,14.0,1.4,43.0,28.0,67.4,1.0,5.0,4.0,1.0,10.0,0.0,0.0,0.0,0.0,
Jeremías Ledesma,6c4776b1,304,arARG,GK,Cádiz,29.0,1993.0,34,34,3060.0,34.0,0.0,0.0,0.0,0.0,0.0,0.0,2,0,0.0,0.0,0.0,0.0,0.0,Matches,2022-2023,ESP,,2.0,,,,,,,,,,,2.0,,,,,,,,,,,,,,,,,,,,,,,1.0,0.0,0.0,0.03,0.0,0.0,,34.0,34.0,3060.0,48.0,1.41,173.0,133.0,76.9,9.0,11.0,14.0,12.0,35.3,9.0,8.0,1.0,0.0,11.1
Florian Lejeune,6eaed4eb,305,frFRA,DF,Rayo Vallecano,31.0,1991.0,31,31,2565.0,28.5,4.0,0.0,4.0,4.0,0.0,0.0,6,3,0.14,0.0,0.14,0.14,0.14,Matches,2022-2023,ESP,,18.0,,,,,,,,,,,15.0,,,,,,,,,,,,,,,,,,,,,,,41.0,14.0,34.1,1.44,0.49,0.1,0.29,,,,,,,,,,,,,,,,,,
Iñigo Lekue,59b7d823,306,esESP,DF,Athletic Club,29.0,1993.0,20,14,1321.0,14.7,0.0,1.0,1.0,0.0,0.0,0.0,1,0,0.0,0.07,0.07,0.0,0.07,Matches,2022-2023,ESP,,17.0,,,,,,,,,,,14.0,,,,,,,,,,,,,,,,,,,,,,,9.0,1.0,11.1,0.61,0.07,0.0,0.0,,,,,,,,,,,,,,,,,,
Thomas Lemar,4dbd0916,307,frFRA,MF,Atlético Madrid,26.0,1995.0,27,17,1252.0,13.9,1.0,3.0,4.0,1.0,0.0,0.0,1,0,0.07,0.22,0.29,0.07,0.29,Matches,2022-2023,ESP,,18.0,,,,,,,,,,,7.0,,,,,,,,,,,,,,,,,,,,,,,13.0,6.0,46.2,0.93,0.43,0.08,0.17,,,,,,,,,,,,,,,,,,
Sergio León,0a0cc13c,308,esESP,FW,Valladolid,33.0,1989.0,29,14,1334.0,14.8,6.0,1.0,7.0,5.0,1.0,2.0,0,1,0.4,0.07,0.47,0.34,0.4,Matches,2022-2023,ESP,,4.0,,,,,,,,,,,0.0,,,,,,,,,,,,,,,,,,,,,,,28.0,17.0,60.7,1.89,1.15,0.18,0.29,,,,,,,,,,,,,,,,,,
Robert Lewandowski,8d78e732,309,plPOL,FW,Barcelona,33.0,1988.0,34,33,2847.0,31.6,23.0,7.0,30.0,23.0,0.0,1.0,4,1,0.73,0.22,0.95,0.73,0.95,Matches,2022-2023,ESP,,11.0,,,,,,,,,,,2.0,,,,,,,,,,,,,,,,,,,,,,,135.0,58.0,43.0,4.27,1.83,0.17,0.4,,,,,,,,,,,,,,,,,,
Samuel Lino,2a295d33,310,brBRA,"FW,MF",Valencia,22.0,1999.0,38,33,2887.0,32.1,6.0,1.0,7.0,6.0,0.0,0.0,4,0,0.19,0.03,0.22,0.19,0.22,Matches,2022-2023,ESP,,43.0,,,,,,,,,,,18.0,,,,,,,,,,,,,,,,,,,,,,,96.0,33.0,34.4,2.99,1.03,0.06,0.18,,,,,,,,,,,,,,,,,,
Pol Lirola,ff800ed8,311,esESP,DF,Elche,24.0,1997.0,12,7,628.0,7.0,1.0,0.0,1.0,1.0,0.0,0.0,1,0,0.14,0.0,0.14,0.14,0.14,Matches,2022-2023,ESP,,6.0,,,,,,,,,,,6.0,,,,,,,,,,,,,,,,,,,,,,,1.0,1.0,100.0,0.14,0.14,1.0,1.0,,,,,,,,,,,,,,,,,,
Javier Llabrés,38b0cf42,312,esESP,MF,Mallorca,19.0,2002.0,1,0,17.0,0.2,0.0,0.0,0.0,0.0,0.0,0.0,0,0,0.0,0.0,0.0,0.0,0.0,Matches,2022-2023,ESP,,0.0,,,,,,,,,,,0.0,,,,,,,,,,,,,,,,,,,,,,,0.0,0.0,,0.0,0.0,,,,,,,,,,,,,,,,,,,,
Marcos Llorente,02c15616,313,esESP,MF,Atlético Madrid,27.0,1995.0,22,21,1703.0,18.9,1.0,2.0,3.0,1.0,0.0,0.0,5,0,0.05,0.11,0.16,0.05,0.16,Matches,2022-2023,ESP,,16.0,,,,,,,,,,,17.0,,,,,,,,,,,,,,,,,,,,,,,24.0,9.0,37.5,1.27,0.48,0.04,0.11,,,,,,,,,,,,,,,,,,
Giovani Lo Celso,d7553721,314,arARG,"MF,FW",Villarreal,26.0,1996.0,22,14,1126.0,12.5,2.0,3.0,5.0,2.0,0.0,0.0,3,0,0.16,0.24,0.4,0.16,0.4,Matches,2022-2023,ESP,,26.0,,,,,,,,,,,7.0,,,,,,,,,,,,,,,,,,,,,,,30.0,7.0,23.3,2.4,0.56,0.07,0.29,,,,,,,,,,,,,,,,,,
David López,f03f284b,315,esESP,"DF,MF",Girona,32.0,1989.0,20,19,1652.0,18.4,3.0,1.0,4.0,3.0,0.0,0.0,5,0,0.16,0.05,0.22,0.16,0.22,Matches,2022-2023,ESP,,18.0,,,,,,,,,,,15.0,,,,,,,,,,,,,,,,,,,,,,,11.0,8.0,72.7,0.6,0.44,0.27,0.38,,,,,,,,,,,,,,,,,,
Diego López,73683fa9,316,esESP,GK,Rayo Vallecano,40.0,1981.0,2,1,96.0,1.1,0.0,0.0,0.0,0.0,0.0,0.0,0,0,0.0,0.0,0.0,0.0,0.0,Matches,2022-2023,ESP,,0.0,,,,,,,,,,,0.0,,,,,,,,,,,,,,,,,,,,,,,0.0,0.0,,0.0,0.0,,,2.0,1.0,96.0,4.0,3.75,5.0,1.0,20.0,0.0,0.0,1.0,0.0,0.0,0.0,0.0,0.0,0.0,
Diego López,c487901c,317,esESP,MF,Valencia,20.0,2002.0,10,5,447.0,5.0,3.0,1.0,4.0,3.0,0.0,0.0,0,0,0.6,0.2,0.81,0.6,0.81,Matches,2022-2023,ESP,,2.0,,,,,,,,,,,4.0,,,,,,,,,,,,,,,,,,,,,,,12.0,8.0,66.7,2.42,1.61,0.25,0.38,,,,,,,,,,,,,,,,,,
Unai López,88050721,318,esESP,MF,Rayo Vallecano,26.0,1995.0,34,12,1254.0,13.9,1.0,2.0,3.0,1.0,0.0,0.0,2,0,0.07,0.14,0.22,0.07,0.22,Matches,2022-2023,ESP,,20.0,,,,,,,,,,,16.0,,,,,,,,,,,,,,,,,,,,,,,26.0,10.0,38.5,1.87,0.72,0.04,0.1,,,,,,,,,,,,,,,,,,
Anthony Lozano,38699c72,319,hnHON,FW,Cádiz,29.0,1993.0,28,14,1443.0,16.0,1.0,1.0,2.0,1.0,0.0,0.0,6,0,0.06,0.06,0.12,0.06,0.12,Matches,2022-2023,ESP,,4.0,,,,,,,,,,,3.0,,,,,,,,,,,,,,,,,,,,,,,30.0,8.0,26.7,1.87,0.5,0.03,0.13,,,,,,,,,,,,,,,,,,
Pol Lozano,ea610f00,320,esESP,MF,Espanyol,22.0,1999.0,4,0,17.0,0.2,0.0,0.0,0.0,0.0,0.0,0.0,1,0,0.0,0.0,0.0,0.0,0.0,Matches,2022-2023,ESP,,0.0,,,,,,,,,,,0.0,,,,,,,,,,,,,,,,,,,,,,,0.0,0.0,,0.0,0.0,,,,,,,,,,,,,,,,,,,,
José Luis Gayà,b05e2dbd,321,esESP,DF,Valencia,27.0,1995.0,31,31,2709.0,30.1,1.0,3.0,4.0,1.0,0.0,1.0,4,0,0.03,0.1,0.13,0.03,0.13,Matches,2022-2023,ESP,,51.0,,,,,,,,,,,23.0,,,,,,,,,,,,,,,,,,,,,,,23.0,9.0,39.1,0.76,0.3,0.04,0.11,,,,,,,,,,,,,,,,,,
José Luis Morales,4a478107,322,esESP,FW,Villarreal,35.0,1987.0,29,11,1211.0,13.5,7.0,0.0,7.0,7.0,0.0,0.0,2,0,0.52,0.0,0.52,0.52,0.52,Matches,2022-2023,ESP,,6.0,,,,,,,,,,,2.0,,,,,,,,,,,,,,,,,,,,,,,41.0,21.0,51.2,3.05,1.56,0.17,0.33,,,,,,,,,,,,,,,,,,
Andriy Lunin,3061e1ec,323,uaUKR,GK,Real Madrid,23.0,1999.0,7,7,630.0,7.0,0.0,0.0,0.0,0.0,0.0,0.0,0,0,0.0,0.0,0.0,0.0,0.0,Matches,2022-2023,ESP,,0.0,,,,,,,,,,,0.0,,,,,,,,,,,,,,,,,,,,,,,0.0,0.0,,0.0,0.0,,,7.0,7.0,630.0,7.0,1.0,19.0,12.0,63.2,4.0,1.0,2.0,3.0,42.9,0.0,0.0,0.0,0.0,
Awer Mabil,922da988,324,auAUS,MF,Cádiz,26.0,1995.0,5,1,165.0,1.8,0.0,0.0,0.0,0.0,0.0,0.0,0,0,0.0,0.0,0.0,0.0,0.0,Matches,2022-2023,ESP,,0.0,,,,,,,,,,,0.0,,,,,,,,,,,,,,,,,,,,,,,3.0,1.0,33.3,1.64,0.55,0.0,0.0,,,,,,,,,,,,,,,,,,
Darwin Machís,ed6ea4d9,325,veVEN,"MF,FW",Valladolid,29.0,1993.0,11,7,599.0,6.7,0.0,1.0,1.0,0.0,0.0,0.0,1,0,0.0,0.15,0.15,0.0,0.15,Matches,2022-2023,ESP,,2.0,,,,,,,,,,,3.0,,,,,,,,,,,,,,,,,,,,,,,19.0,7.0,36.8,2.85,1.05,0.0,0.0,,,,,,,,,,,,,,,,,,
Pablo Maffeo,5db04597,326,esESP,DF,Mallorca,25.0,1997.0,35,34,2975.0,33.1,2.0,4.0,6.0,2.0,0.0,0.0,6,1,0.06,0.12,0.18,0.06,0.18,Matches,2022-2023,ESP,,48.0,,,,,,,,,,,27.0,,,,,,,,,,,,,,,,,,,,,,,21.0,5.0,23.8,0.64,0.15,0.1,0.4,,,,,,,,,,,,,,,,,,
Lisandro Magallán,01a49bd2,327,arARG,DF,Elche,28.0,1993.0,14,11,902.0,10.0,0.0,0.0,0.0,0.0,0.0,0.0,0,1,0.0,0.0,0.0,0.0,0.0,Matches,2022-2023,ESP,,13.0,,,,,,,,,,,13.0,,,,,,,,,,,,,,,,,,,,,,,6.0,2.0,33.3,0.6,0.2,0.0,0.0,,,,,,,,,,,,,,,,,,
Jon Magunazelaia,d4808594,328,esESP,MF,Real Sociedad,21.0,2001.0,2,0,65.0,0.7,0.0,0.0,0.0,0.0,0.0,0.0,0,0,0.0,0.0,0.0,0.0,0.0,Matches,2022-2023,ESP,,0.0,,,,,,,,,,,0.0,,,,,,,,,,,,,,,,,,,,,,,1.0,1.0,100.0,1.38,1.38,0.0,0.0,,,,,,,,,,,,,,,,,,
Nemanja Maksimović,00b28772,329,rsSRB,MF,Getafe,27.0,1995.0,29,26,2053.0,22.8,0.0,0.0,0.0,0.0,0.0,0.0,3,0,0.0,0.0,0.0,0.0,0.0,Matches,2022-2023,ESP,,31.0,,,,,,,,,,,38.0,,,,,,,,,,,,,,,,,,,,,,,18.0,7.0,38.9,0.79,0.31,0.0,0.0,,,,,,,,,,,,,,,,,,
Hugo Mallo,cb574619,330,esESP,DF,Celta Vigo,31.0,1991.0,26,26,2163.0,24.0,0.0,1.0,1.0,0.0,0.0,0.0,6,1,0.0,0.04,0.04,0.0,0.04,Matches,2022-2023,ESP,,29.0,,,,,,,,,,,24.0,,,,,,,,,,,,,,,,,,,,,,,19.0,7.0,36.8,0.79,0.29,0.0,0.0,,,,,,,,,,,,,,,,,,
Mickael Malsa,bbc19252,331,mqMTQ,MF,Valladolid,26.0,1995.0,5,0,69.0,0.8,0.0,0.0,0.0,0.0,0.0,0.0,0,0,0.0,0.0,0.0,0.0,0.0,Matches,2022-2023,ESP,,2.0,,,,,,,,,,,2.0,,,,,,,,,,,,,,,,,,,,,,,0.0,0.0,,0.0,0.0,,,,,,,,,,,,,,,,,,,,
Giorgi Mamardashvili,d4b73232,332,geGEO,GK,Valencia,21.0,2000.0,38,38,3420.0,38.0,0.0,0.0,0.0,0.0,0.0,0.0,3,0,0.0,0.0,0.0,0.0,0.0,Matches,2022-2023,ESP,,0.0,,,,,,,,,,,1.0,,,,,,,,,,,,,,,,,,,,,,,0.0,0.0,,0.0,0.0,,,38.0,38.0,3420.0,45.0,1.18,148.0,105.0,70.9,11.0,9.0,18.0,7.0,18.4,5.0,2.0,0.0,3.0,0.0
Reinildo Mandava,c20bdcd7,333,mzMOZ,DF,Atlético Madrid,28.0,1994.0,22,22,1857.0,20.6,0.0,0.0,0.0,0.0,0.0,0.0,4,0,0.0,0.0,0.0,0.0,0.0,Matches,2022-2023,ESP,,43.0,,,,,,,,,,,28.0,,,,,,,,,,,,,,,,,,,,,,,6.0,1.0,16.7,0.29,0.05,0.0,0.0,,,,,,,,,,,,,,,,,,
Aïssa Mandi,fbd6378b,334,dzALG,DF,Villarreal,30.0,1991.0,21,16,1461.0,16.2,0.0,0.0,0.0,0.0,0.0,0.0,1,0,0.0,0.0,0.0,0.0,0.0,Matches,2022-2023,ESP,,9.0,,,,,,,,,,,20.0,,,,,,,,,,,,,,,,,,,,,,,2.0,2.0,100.0,0.12,0.12,0.0,0.0,,,,,,,,,,,,,,,,,,
Marcão,133faa84,335,brBRA,DF,Sevilla,26.0,1996.0,5,4,375.0,4.2,0.0,0.0,0.0,0.0,0.0,0.0,2,0,0.0,0.0,0.0,0.0,0.0,Matches,2022-2023,ESP,,2.0,,,,,,,,,,,5.0,,,,,,,,,,,,,,,,,,,,,,,0.0,0.0,,0.0,0.0,,,,,,,,,,,,,,,,,,,,
Agustín Marchesín,853b7c48,336,arARG,GK,Celta Vigo,34.0,1988.0,19,19,1710.0,19.0,0.0,0.0,0.0,0.0,0.0,0.0,2,0,0.0,0.0,0.0,0.0,0.0,Matches,2022-2023,ESP,,0.0,,,,,,,,,,,0.0,,,,,,,,,,,,,,,,,,,,,,,0.0,0.0,,0.0,0.0,,,19.0,19.0,1710.0,29.0,1.53,67.0,42.0,59.7,5.0,5.0,9.0,6.0,31.6,4.0,2.0,2.0,0.0,50.0
Óscar de Marcos,9f323c71,337,esESP,DF,Athletic Club,33.0,1989.0,37,32,2819.0,31.3,1.0,6.0,7.0,1.0,0.0,0.0,7,0,0.03,0.19,0.22,0.03,0.22,Matches,2022-2023,ESP,,36.0,,,,,,,,,,,28.0,,,,,,,,,,,,,,,,,,,,,,,4.0,2.0,50.0,0.13,0.06,0.25,0.5,,,,,,,,,,,,,,,,,,
Alberto Marí,44330c36,338,esESP,FW,Valencia,21.0,2001.0,5,0,86.0,1.0,1.0,0.0,1.0,1.0,0.0,0.0,1,0,1.05,0.0,1.05,1.05,1.05,Matches,2022-2023,ESP,,0.0,,,,,,,,,,,0.0,,,,,,,,,,,,,,,,,,,,,,,2.0,1.0,50.0,2.09,1.05,0.5,1.0,,,,,,,,,,,,,,,,,,
José Mari,6f4c734d,339,esESP,MF,Cádiz,34.0,1987.0,18,2,397.0,4.4,0.0,0.0,0.0,0.0,0.0,0.0,4,0,0.0,0.0,0.0,0.0,0.0,Matches,2022-2023,ESP,,6.0,,,,,,,,,,,5.0,,,,,,,,,,,,,,,,,,,,,,,5.0,2.0,40.0,1.13,0.45,0.0,0.0,,,,,,,,,,,,,,,,,,
José María Giménez,f0da930c,340,uyURU,DF,Atlético Madrid,27.0,1995.0,28,26,2423.0,26.9,2.0,1.0,3.0,2.0,0.0,0.0,9,0,0.07,0.04,0.11,0.07,0.11,Matches,2022-2023,ESP,,25.0,,,,,,,,,,,23.0,,,,,,,,,,,,,,,,,,,,,,,22.0,8.0,36.4,0.82,0.3,0.09,0.25,,,,,,,,,,,,,,,,,,
Mariano,5c4dc0ff,341,doDOM,FW,Real Madrid,28.0,1993.0,9,1,157.0,1.7,0.0,0.0,0.0,0.0,0.0,0.0,2,0,0.0,0.0,0.0,0.0,0.0,Matches,2022-2023,ESP,,0.0,,,,,,,,,,,0.0,,,,,,,,,,,,,,,,,,,,,,,5.0,0.0,0.0,2.87,0.0,0.0,,,,,,,,,,,,,,,,,,,
Pablo Marín,a83c19cf,342,esESP,MF,Real Sociedad,19.0,2003.0,10,3,360.0,4.0,0.0,0.0,0.0,0.0,0.0,0.0,1,0,0.0,0.0,0.0,0.0,0.0,Matches,2022-2023,ESP,,6.0,,,,,,,,,,,4.0,,,,,,,,,,,,,,,,,,,,,,,9.0,4.0,44.4,2.25,1.0,0.0,0.0,,,,,,,,,,,,,,,,,,
Diego Mariño,d9235a45,343,esESP,GK,Almería,32.0,1990.0,1,0,45.0,0.5,0.0,0.0,0.0,0.0,0.0,0.0,0,0,0.0,0.0,0.0,0.0,0.0,Matches,2022-2023,ESP,,0.0,,,,,,,,,,,0.0,,,,,,,,,,,,,,,,,,,,,,,0.0,0.0,,0.0,0.0,,,1.0,0.0,45.0,2.0,4.0,5.0,3.0,60.0,0.0,0.0,0.0,0.0,,0.0,0.0,0.0,0.0,
Roger Martí,0ae4e09a,344,esESP,"FW,MF",Elche,31.0,1991.0,12,8,655.0,7.3,0.0,1.0,1.0,0.0,0.0,0.0,2,0,0.0,0.14,0.14,0.0,0.14,Matches,2022-2023,ESP,,2.0,,,,,,,,,,,1.0,,,,,,,,,,,,,,,,,,,,,,,6.0,2.0,33.3,0.82,0.27,0.0,0.0,,,,,,,,,,,,,,,,,,
Roger Martí,0ae4e09a,345,esESP,FW,Cádiz,31.0,1991.0,14,8,639.0,7.1,1.0,0.0,1.0,1.0,0.0,0.0,1,0,0.14,0.0,0.14,0.14,0.14,Matches,2022-2023,ESP,,5.0,,,,,,,,,,,3.0,,,,,,,,,,,,,,,,,,,,,,,15.0,3.0,20.0,2.11,0.42,0.07,0.33,,,,,,,,,,,,,,,,,,
Ander Martin,e1e75690,346,esESP,MF,Real Sociedad,21.0,2000.0,3,0,41.0,0.5,0.0,0.0,0.0,0.0,0.0,0.0,0,0,0.0,0.0,0.0,0.0,0.0,Matches,2022-2023,ESP,,2.0,,,,,,,,,,,0.0,,,,,,,,,,,,,,,,,,,,,,,0.0,0.0,,0.0,0.0,,,,,,,,,,,,,,,,,,,,
Andrés Martín,2ae30661,347,esESP,MF,Rayo Vallecano,23.0,1999.0,9,3,205.0,2.3,0.0,0.0,0.0,0.0,0.0,0.0,1,0,0.0,0.0,0.0,0.0,0.0,Matches,2022-2023,ESP,,2.0,,,,,,,,,,,1.0,,,,,,,,,,,,,,,,,,,,,,,4.0,3.0,75.0,1.76,1.32,0.0,0.0,,,,,,,,,,,,,,,,,,
Carlos Martín,64035864,348,esESP,"FW,MF",Atlético Madrid,20.0,2002.0,4,0,28.0,0.3,0.0,0.0,0.0,0.0,0.0,0.0,1,0,0.0,0.0,0.0,0.0,0.0,Matches,2022-2023,ESP,,2.0,,,,,,,,,,,1.0,,,,,,,,,,,,,,,,,,,,,,,1.0,1.0,100.0,3.21,3.21,0.0,0.0,,,,,,,,,,,,,,,,,,
Iván Martín,ae48c5cb,349,esESP,MF,Girona,23.0,1999.0,24,18,1586.0,17.6,3.0,3.0,6.0,3.0,0.0,0.0,2,0,0.17,0.17,0.34,0.17,0.34,Matches,2022-2023,ESP,,8.0,,,,,,,,,,,10.0,,,,,,,,,,,,,,,,,,,,,,,18.0,8.0,44.4,1.02,0.45,0.17,0.38,,,,,,,,,,,,,,,,,,
Arnau Martinez,c3e66ffe,350,esESP,DF,Girona,19.0,2003.0,33,32,2732.0,30.4,3.0,4.0,7.0,3.0,0.0,0.0,11,0,0.1,0.13,0.23,0.1,0.23,Matches,2022-2023,ESP,,44.0,,,,,,,,,,,25.0,,,,,,,,,,,,,,,,,,,,,,,20.0,3.0,15.0,0.66,0.1,0.15,1.0,,,,,,,,,,,,,,,,,,
Iñigo Martínez,3fc45c73,351,esESP,DF,Athletic Club,31.0,1991.0,15,15,1338.0,14.9,1.0,0.0,1.0,1.0,0.0,0.0,1,0,0.07,0.0,0.07,0.07,0.07,Matches,2022-2023,ESP,,8.0,,,,,,,,,,,16.0,,,,,,,,,,,,,,,,,,,,,,,10.0,2.0,20.0,0.67,0.13,0.1,0.5,,,,,,,,,,,,,,,,,,
Roger Martínez,937c6ae6,352,esESP,MF,Espanyol,18.0,2004.0,1,0,7.0,0.1,0.0,0.0,0.0,0.0,0.0,0.0,0,0,0.0,0.0,0.0,0.0,0.0,Matches,2022-2023,ESP,,0.0,,,,,,,,,,,0.0,,,,,,,,,,,,,,,,,,,,,,,1.0,0.0,0.0,12.86,0.0,0.0,,,,,,,,,,,,,,,,,,,
Omar Mascarell,11fd2b75,353,gqEQG,"MF,DF",Elche,29.0,1993.0,28,28,2447.0,27.2,0.0,1.0,1.0,0.0,0.0,0.0,6,0,0.0,0.04,0.04,0.0,0.04,Matches,2022-2023,ESP,,26.0,,,,,,,,,,,43.0,,,,,,,,,,,,,,,,,,,,,,,9.0,3.0,33.3,0.33,0.11,0.0,0.0,,,,,,,,,,,,,,,,,,
Jordi Masip,8fae77ea,354,esESP,GK,Valladolid,33.0,1989.0,28,28,2507.0,27.9,0.0,0.0,0.0,0.0,0.0,0.0,4,0,0.0,0.0,0.0,0.0,0.0,Matches,2022-2023,ESP,,0.0,,,,,,,,,,,1.0,,,,,,,,,,,,,,,,,,,,,,,0.0,0.0,,0.0,0.0,,,28.0,28.0,2507.0,42.0,1.51,137.0,103.0,73.0,9.0,5.0,14.0,8.0,28.6,9.0,5.0,3.0,1.0,37.5
Jaime Mata,02319ad7,355,esESP,"FW,MF",Getafe,33.0,1988.0,18,5,437.0,4.9,1.0,1.0,2.0,1.0,0.0,0.0,5,0,0.21,0.21,0.41,0.21,0.41,Matches,2022-2023,ESP,,8.0,,,,,,,,,,,3.0,,,,,,,,,,,,,,,,,,,,,,,14.0,5.0,35.7,2.88,1.03,0.07,0.2,,,,,,,,,,,,,,,,,,
Borja Mayoral,64e8ed6d,356,esESP,FW,Getafe,25.0,1997.0,35,33,2759.0,30.7,8.0,2.0,10.0,8.0,0.0,2.0,4,0,0.26,0.07,0.33,0.26,0.33,Matches,2022-2023,ESP,,4.0,,,,,,,,,,,3.0,,,,,,,,,,,,,,,,,,,,,,,51.0,21.0,41.2,1.66,0.69,0.16,0.38,,,,,,,,,,,,,,,,,,
Mamadou Mbaye,8aae94b9,357,snSEN,DF,Cádiz,24.0,1998.0,14,7,760.0,8.4,0.0,0.0,0.0,0.0,0.0,0.0,2,0,0.0,0.0,0.0,0.0,0.0,Matches,2022-2023,ESP,,8.0,,,,,,,,,,,10.0,,,,,,,,,,,,,,,,,,,,,,,1.0,0.0,0.0,0.12,0.0,0.0,,,,,,,,,,,,,,,,,,,
Fernando Medrano,d854c9d0,358,esESP,DF,Celta Vigo,22.0,2000.0,1,0,13.0,0.1,0.0,0.0,0.0,0.0,0.0,0.0,0,0,0.0,0.0,0.0,0.0,0.0,Matches,2022-2023,ESP,,1.0,,,,,,,,,,,1.0,,,,,,,,,,,,,,,,,,,,,,,0.0,0.0,,0.0,0.0,,,,,,,,,,,,,,,,,,,,
Gonzalo Melero,3902e91b,359,esESP,MF,Almería,28.0,1994.0,27,24,1855.0,20.6,4.0,3.0,7.0,3.0,1.0,1.0,5,0,0.19,0.15,0.34,0.15,0.29,Matches,2022-2023,ESP,,17.0,,,,,,,,,,,7.0,,,,,,,,,,,,,,,,,,,,,,,24.0,11.0,45.8,1.16,0.53,0.13,0.27,,,,,,,,,,,,,,,,,,
Memphis,8f696594,360,nlNED,FW,Atlético Madrid,28.0,1994.0,8,3,270.0,3.0,4.0,0.0,4.0,4.0,0.0,0.0,1,0,1.33,0.0,1.33,1.33,1.33,Matches,2022-2023,ESP,,0.0,,,,,,,,,,,0.0,,,,,,,,,,,,,,,,,,,,,,,11.0,5.0,45.5,3.67,1.67,0.36,0.8,,,,,,,,,,,,,,,,,,
Memphis,8f696594,361,nlNED,FW,Barcelona,28.0,1994.0,2,2,114.0,1.3,1.0,0.0,1.0,1.0,0.0,0.0,0,0,0.79,0.0,0.79,0.79,0.79,Matches,2022-2023,ESP,,1.0,,,,,,,,,,,0.0,,,,,,,,,,,,,,,,,,,,,,,6.0,3.0,50.0,4.74,2.37,0.17,0.33,,,,,,,,,,,,,,,,,,
Houboulang Mendes,1545cf15,362,gwGNB,DF,Almería,24.0,1998.0,14,11,886.0,9.8,0.0,1.0,1.0,0.0,0.0,0.0,2,0,0.0,0.1,0.1,0.0,0.1,Matches,2022-2023,ESP,,11.0,,,,,,,,,,,6.0,,,,,,,,,,,,,,,,,,,,,,,1.0,0.0,0.0,0.1,0.0,0.0,,,,,,,,,,,,,,,,,,,
Brais Méndez,c9e39d91,363,esESP,MF,Real Sociedad,25.0,1997.0,34,28,2407.0,26.7,8.0,4.0,12.0,8.0,0.0,0.0,6,0,0.3,0.15,0.45,0.3,0.45,Matches,2022-2023,ESP,,34.0,,,,,,,,,,,14.0,,,,,,,,,,,,,,,,,,,,,,,60.0,22.0,36.7,2.24,0.82,0.13,0.36,,,,,,,,,,,,,,,,,,
Diego Méndez,b151a3f2,364,esESP,MF,Rayo Vallecano,18.0,2003.0,1,0,1.0,0.0,0.0,0.0,0.0,0.0,0.0,0.0,0,0,0.0,0.0,0.0,0.0,0.0,Matches,2022-2023,ESP,,0.0,,,,,,,,,,,1.0,,,,,,,,,,,,,,,,,,,,,,,0.0,0.0,,0.0,0.0,,,,,,,,,,,,,,,,,,,,
Ferland Mendy,3cefcaef,365,frFRA,DF,Real Madrid,27.0,1995.0,18,17,1351.0,15.0,0.0,1.0,1.0,0.0,0.0,0.0,2,0,0.0,0.07,0.07,0.0,0.07,Matches,2022-2023,ESP,,11.0,,,,,,,,,,,13.0,,,,,,,,,,,,,,,,,,,,,,,1.0,0.0,0.0,0.07,0.0,0.0,,,,,,,,,,,,,,,,,,,
Jorge Meré,9f979eb2,366,esESP,DF,Cádiz,25.0,1997.0,10,6,601.0,6.7,0.0,0.0,0.0,0.0,0.0,0.0,0,0,0.0,0.0,0.0,0.0,0.0,Matches,2022-2023,ESP,,7.0,,,,,,,,,,,5.0,,,,,,,,,,,,,,,,,,,,,,,4.0,1.0,25.0,0.6,0.15,0.0,0.0,,,,,,,,,,,,,,,,,,
Mikel Merino,d080ed5e,367,esESP,MF,Real Sociedad,26.0,1996.0,33,28,2494.0,27.7,2.0,9.0,11.0,2.0,0.0,1.0,5,1,0.07,0.32,0.4,0.07,0.4,Matches,2022-2023,ESP,,49.0,,,,,,,,,,,20.0,,,,,,,,,,,,,,,,,,,,,,,42.0,17.0,40.5,1.52,0.61,0.05,0.12,,,,,,,,,,,,,,,,,,
Roque Mesa,7c4243d4,368,esESP,MF,Valladolid,33.0,1989.0,29,20,1617.0,18.0,2.0,1.0,3.0,2.0,0.0,0.0,11,1,0.11,0.06,0.17,0.11,0.17,Matches,2022-2023,ESP,,17.0,,,,,,,,,,,13.0,,,,,,,,,,,,,,,,,,,,,,,26.0,10.0,38.5,1.45,0.56,0.08,0.2,,,,,,,,,,,,,,,,,,
Éder Militão,2784f898,369,brBRA,DF,Real Madrid,24.0,1998.0,33,30,2703.0,30.0,5.0,0.0,5.0,5.0,0.0,0.0,4,0,0.17,0.0,0.17,0.17,0.17,Matches,2022-2023,ESP,,30.0,,,,,,,,,,,41.0,,,,,,,,,,,,,,,,,,,,,,,22.0,9.0,40.9,0.73,0.3,0.23,0.56,,,,,,,,,,,,,,,,,,
Luis Milla,19c36442,370,esESP,MF,Getafe,27.0,1994.0,27,22,1856.0,20.6,0.0,3.0,3.0,0.0,0.0,0.0,6,1,0.0,0.15,0.15,0.0,0.15,Matches,2022-2023,ESP,,30.0,,,,,,,,,,,32.0,,,,,,,,,,,,,,,,,,,,,,,8.0,1.0,12.5,0.39,0.05,0.0,0.0,,,,,,,,,,,,,,,,,,
Pere Milla,335039a2,371,esESP,"FW,MF",Elche,29.0,1992.0,31,21,1843.0,20.5,6.0,1.0,7.0,3.0,3.0,3.0,7,0,0.29,0.05,0.34,0.15,0.2,Matches,2022-2023,ESP,,22.0,,,,,,,,,,,8.0,,,,,,,,,,,,,,,,,,,,,,,36.0,11.0,30.6,1.76,0.54,0.08,0.27,,,,,,,,,,,,,,,,,,
Marko Milovanović,1fda2b14,372,rsSRB,FW,Almería,18.0,2003.0,2,0,15.0,0.2,0.0,0.0,0.0,0.0,0.0,0.0,1,0,0.0,0.0,0.0,0.0,0.0,Matches,2022-2023,ESP,,0.0,,,,,,,,,,,0.0,,,,,,,,,,,,,,,,,,,,,,,1.0,0.0,0.0,6.0,0.0,0.0,,,,,,,,,,,,,,,,,,,
Óscar Mingueza,056269d7,373,esESP,DF,Celta Vigo,23.0,1999.0,21,13,1284.0,14.3,0.0,0.0,0.0,0.0,0.0,0.0,2,0,0.0,0.0,0.0,0.0,0.0,Matches,2022-2023,ESP,,21.0,,,,,,,,,,,11.0,,,,,,,,,,,,,,,,,,,,,,,5.0,0.0,0.0,0.35,0.0,0.0,,,,,,,,,,,,,,,,,,,
Rafa Mir,bbf5c11b,374,esESP,FW,Sevilla,25.0,1997.0,26,16,1298.0,14.4,6.0,0.0,6.0,6.0,0.0,0.0,1,0,0.42,0.0,0.42,0.42,0.42,Matches,2022-2023,ESP,,2.0,,,,,,,,,,,4.0,,,,,,,,,,,,,,,,,,,,,,,48.0,14.0,29.2,3.33,0.97,0.13,0.43,,,,,,,,,,,,,,,,,,
Juan Miranda,ead61f73,375,esESP,DF,Real Betis,22.0,2000.0,21,16,1472.0,16.4,3.0,2.0,5.0,3.0,0.0,0.0,1,1,0.18,0.12,0.31,0.18,0.31,Matches,2022-2023,ESP,,17.0,,,,,,,,,,,20.0,,,,,,,,,,,,,,,,,,,,,,,21.0,8.0,38.1,1.28,0.49,0.14,0.38,,,,,,,,,,,,,,,,,,
Stefan Mitrović,e6777e6b,376,rsSRB,DF,Getafe,32.0,1990.0,22,18,1680.0,18.7,0.0,0.0,0.0,0.0,0.0,0.0,5,0,0.0,0.0,0.0,0.0,0.0,Matches,2022-2023,ESP,,6.0,,,,,,,,,,,17.0,,,,,,,,,,,,,,,,,,,,,,,1.0,0.0,0.0,0.05,0.0,0.0,,,,,,,,,,,,,,,,,,,
Luka Modrić,6025fab1,377,hrCRO,MF,Real Madrid,36.0,1985.0,33,19,1744.0,19.4,4.0,3.0,7.0,3.0,1.0,1.0,7,0,0.21,0.15,0.36,0.15,0.31,Matches,2022-2023,ESP,,12.0,,,,,,,,,,,12.0,,,,,,,,,,,,,,,,,,,,,,,30.0,6.0,20.0,1.55,0.31,0.1,0.5,,,,,,,,,,,,,,,,,,
Johan Mojica,608f2092,378,coCOL,DF,Villarreal,29.0,1992.0,17,5,642.0,7.1,0.0,0.0,0.0,0.0,0.0,0.0,0,0,0.0,0.0,0.0,0.0,0.0,Matches,2022-2023,ESP,,9.0,,,,,,,,,,,5.0,,,,,,,,,,,,,,,,,,,,,,,2.0,1.0,50.0,0.28,0.14,0.0,0.0,,,,,,,,,,,,,,,,,,
Johan Mojica,608f2092,379,coCOL,"DF,MF",Elche,29.0,1992.0,3,3,270.0,3.0,0.0,0.0,0.0,0.0,0.0,0.0,2,0,0.0,0.0,0.0,0.0,0.0,Matches,2022-2023,ESP,,2.0,,,,,,,,,,,4.0,,,,,,,,,,,,,,,,,,,,,,,3.0,0.0,0.0,1.0,0.0,0.0,,,,,,,,,,,,,,,,,,,
Nahuel Molina,23610943,380,arARG,DF,Atlético Madrid,24.0,1998.0,33,33,2867.0,31.9,4.0,2.0,6.0,4.0,0.0,0.0,7,1,0.13,0.06,0.19,0.13,0.19,Matches,2022-2023,ESP,,44.0,,,,,,,,,,,17.0,,,,,,,,,,,,,,,,,,,,,,,21.0,6.0,28.6,0.66,0.19,0.19,0.67,,,,,,,,,,,,,,,,,,
Jon Moncayola,9939e168,381,esESP,"MF,DF",Osasuna,24.0,1998.0,37,25,2448.0,27.2,1.0,3.0,4.0,1.0,0.0,0.0,6,0,0.04,0.11,0.15,0.04,0.15,Matches,2022-2023,ESP,,40.0,,,,,,,,,,,18.0,,,,,,,,,,,,,,,,,,,,,,,36.0,9.0,25.0,1.32,0.33,0.03,0.11,,,,,,,,,,,,,,,,,,
Monchu,8ac501f5,382,esESP,MF,Valladolid,22.0,1999.0,33,23,2031.0,22.6,3.0,2.0,5.0,3.0,0.0,0.0,10,0,0.13,0.09,0.22,0.13,0.22,Matches,2022-2023,ESP,,32.0,,,,,,,,,,,17.0,,,,,,,,,,,,,,,,,,,,,,,39.0,11.0,28.2,1.73,0.49,0.08,0.27,,,,,,,,,,,,,,,,,,
César Montes,28e957d7,383,mxMEX,DF,Espanyol,25.0,1997.0,20,18,1590.0,17.7,3.0,0.0,3.0,3.0,0.0,0.0,6,0,0.17,0.0,0.17,0.17,0.17,Matches,2022-2023,ESP,,8.0,,,,,,,,,,,14.0,,,,,,,,,,,,,,,,,,,,,,,13.0,6.0,46.2,0.74,0.34,0.23,0.5,,,,,,,,,,,,,,,,,,
Gonzalo Montiel,374d5158,384,arARG,DF,Sevilla,25.0,1997.0,28,17,1524.0,16.9,0.0,3.0,3.0,0.0,0.0,0.0,8,1,0.0,0.18,0.18,0.0,0.18,Matches,2022-2023,ESP,,15.0,,,,,,,,,,,19.0,,,,,,,,,,,,,,,,,,,,,,,8.0,1.0,12.5,0.47,0.06,0.0,0.0,,,,,,,,,,,,,,,,,,
Martín Montoya,5cec2487,385,esESP,DF,Real Betis,31.0,1991.0,6,6,453.0,5.0,0.0,0.0,0.0,0.0,0.0,0.0,1,0,0.0,0.0,0.0,0.0,0.0,Matches,2022-2023,ESP,,7.0,,,,,,,,,,,8.0,,,,,,,,,,,,,,,,,,,,,,,1.0,0.0,0.0,0.2,0.0,0.0,,,,,,,,,,,,,,,,,,,
Álvaro Morata,129af0db,386,esESP,FW,Atlético Madrid,29.0,1992.0,36,23,1900.0,21.1,13.0,2.0,15.0,13.0,0.0,0.0,4,0,0.62,0.09,0.71,0.62,0.71,Matches,2022-2023,ESP,,11.0,,,,,,,,,,,0.0,,,,,,,,,,,,,,,,,,,,,,,71.0,33.0,46.5,3.36,1.56,0.18,0.39,,,,,,,,,,,,,,,,,,
Jon Morcillo,b7d7f3bf,387,esESP,MF,Athletic Club,23.0,1998.0,10,0,76.0,0.8,0.0,1.0,1.0,0.0,0.0,0.0,0,0,0.0,1.18,1.18,0.0,1.18,Matches,2022-2023,ESP,,1.0,,,,,,,,,,,1.0,,,,,,,,,,,,,,,,,,,,,,,1.0,0.0,0.0,1.18,0.0,0.0,,,,,,,,,,,,,,,,,,,
Alberto Moreno,11b9265b,388,esESP,DF,Villarreal,30.0,1992.0,24,14,1296.0,14.4,0.0,1.0,1.0,0.0,0.0,0.0,7,0,0.0,0.07,0.07,0.0,0.07,Matches,2022-2023,ESP,,18.0,,,,,,,,,,,21.0,,,,,,,,,,,,,,,,,,,,,,,15.0,3.0,20.0,1.04,0.21,0.0,0.0,,,,,,,,,,,,,,,,,,
Álex Moreno,16e9d0ea,389,esESP,DF,Real Betis,29.0,1993.0,15,15,1350.0,15.0,0.0,3.0,3.0,0.0,0.0,0.0,1,0,0.0,0.2,0.2,0.0,0.2,Matches,2022-2023,ESP,,21.0,,,,,,,,,,,17.0,,,,,,,,,,,,,,,,,,,,,,,12.0,3.0,25.0,0.8,0.2,0.0,0.0,,,,,,,,,,,,,,,,,,
Diego Moreno,a21417e2,390,esESP,DF,Osasuna,21.0,2001.0,11,7,638.0,7.1,0.0,0.0,0.0,0.0,0.0,0.0,1,0,0.0,0.0,0.0,0.0,0.0,Matches,2022-2023,ESP,,4.0,,,,,,,,,,,5.0,,,,,,,,,,,,,,,,,,,,,,,5.0,1.0,20.0,0.71,0.14,0.0,0.0,,,,,,,,,,,,,,,,,,
Gerard Moreno,81f0781e,391,esESP,FW,Villarreal,30.0,1992.0,21,14,1230.0,13.7,7.0,3.0,10.0,6.0,1.0,2.0,4,0,0.51,0.22,0.73,0.44,0.66,Matches,2022-2023,ESP,,6.0,,,,,,,,,,,5.0,,,,,,,,,,,,,,,,,,,,,,,43.0,22.0,51.2,3.15,1.61,0.14,0.27,,,,,,,,,,,,,,,,,,
Tete Morente,004d185e,392,esESP,"MF,FW",Elche,25.0,1996.0,32,23,2068.0,23.0,4.0,0.0,4.0,4.0,0.0,0.0,5,0,0.17,0.0,0.17,0.17,0.17,Matches,2022-2023,ESP,,21.0,,,,,,,,,,,26.0,,,,,,,,,,,,,,,,,,,,,,,46.0,14.0,30.4,2.0,0.61,0.09,0.29,,,,,,,,,,,,,,,,,,
Ilaix Moriba,f4c69aa6,393,gnGUI,MF,Valencia,19.0,2003.0,24,10,1011.0,11.2,0.0,2.0,2.0,0.0,0.0,0.0,6,2,0.0,0.18,0.18,0.0,0.18,Matches,2022-2023,ESP,,18.0,,,,,,,,,,,4.0,,,,,,,,,,,,,,,,,,,,,,,21.0,5.0,23.8,1.87,0.45,0.0,0.0,,,,,,,,,,,,,,,,,,
Manu Morlanes,a0255c67,394,esESP,MF,Villarreal,23.0,1999.0,4,2,158.0,1.8,0.0,0.0,0.0,0.0,0.0,0.0,0,1,0.0,0.0,0.0,0.0,0.0,Matches,2022-2023,ESP,,2.0,,,,,,,,,,,1.0,,,,,,,,,,,,,,,,,,,,,,,0.0,0.0,,0.0,0.0,,,,,,,,,,,,,,,,,,,,
Manu Morlanes,a0255c67,395,esESP,MF,Mallorca,23.0,1999.0,12,9,706.0,7.8,1.0,0.0,1.0,1.0,0.0,0.0,3,0,0.13,0.0,0.13,0.13,0.13,Matches,2022-2023,ESP,,9.0,,,,,,,,,,,5.0,,,,,,,,,,,,,,,,,,,,,,,7.0,2.0,28.6,0.89,0.25,0.14,0.5,,,,,,,,,,,,,,,,,,
Loren Morón,3aa4a3be,396,esESP,FW,Real Betis,28.0,1993.0,2,0,15.0,0.2,0.0,0.0,0.0,0.0,0.0,0.0,1,0,0.0,0.0,0.0,0.0,0.0,Matches,2022-2023,ESP,,2.0,,,,,,,,,,,0.0,,,,,,,,,,,,,,,,,,,,,,,0.0,0.0,,0.0,0.0,,,,,,,,,,,,,,,,,,,,
Cristhian Mosquera,dc1ce4f5,397,esESP,DF,Valencia,18.0,2004.0,3,1,145.0,1.6,0.0,0.0,0.0,0.0,0.0,0.0,0,0,0.0,0.0,0.0,0.0,0.0,Matches,2022-2023,ESP,,2.0,,,,,,,,,,,1.0,,,,,,,,,,,,,,,,,,,,,,,2.0,0.0,0.0,1.24,0.0,0.0,,,,,,,,,,,,,,,,,,,
Abdul Mumin,5487adcd,398,ghGHA,DF,Rayo Vallecano,24.0,1998.0,16,9,922.0,10.2,0.0,0.0,0.0,0.0,0.0,0.0,2,0,0.0,0.0,0.0,0.0,0.0,Matches,2022-2023,ESP,,9.0,,,,,,,,,,,9.0,,,,,,,,,,,,,,,,,,,,,,,6.0,1.0,16.7,0.59,0.1,0.0,0.0,,,,,,,,,,,,,,,,,,
Iker Muniain,c05dfb74,399,esESP,MF,Athletic Club,29.0,1992.0,30,19,1689.0,18.8,0.0,3.0,3.0,0.0,0.0,0.0,2,0,0.0,0.16,0.16,0.0,0.16,Matches,2022-2023,ESP,,15.0,,,,,,,,,,,5.0,,,,,,,,,,,,,,,,,,,,,,,28.0,7.0,25.0,1.49,0.37,0.0,0.0,,,,,,,,,,,,,,,,,,
Aihen Muñoz,228b0d9d,400,esESP,DF,Real Sociedad,24.0,1997.0,23,20,1756.0,19.5,0.0,1.0,1.0,0.0,0.0,0.0,2,0,0.0,0.05,0.05,0.0,0.05,Matches,2022-2023,ESP,,24.0,,,,,,,,,,,9.0,,,,,,,,,,,,,,,,,,,,,,,6.0,2.0,33.3,0.31,0.1,0.0,0.0,,,,,,,,,,,,,,,,,,
Iker Muñoz,175ece4c,401,esESP,MF,Osasuna,19.0,2002.0,8,2,254.0,2.8,0.0,0.0,0.0,0.0,0.0,0.0,0,0,0.0,0.0,0.0,0.0,0.0,Matches,2022-2023,ESP,,0.0,,,,,,,,,,,3.0,,,,,,,,,,,,,,,,,,,,,,,2.0,1.0,50.0,0.71,0.35,0.0,0.0,,,,,,,,,,,,,,,,,,
Pablo Muñoz,44e8521b,402,esESP,MF,Rayo Vallecano,18.0,2003.0,2,0,12.0,0.1,0.0,0.0,0.0,0.0,0.0,0.0,0,0,0.0,0.0,0.0,0.0,0.0,Matches,2022-2023,ESP,,0.0,,,,,,,,,,,0.0,,,,,,,,,,,,,,,,,,,,,,,0.0,0.0,,0.0,0.0,,,,,,,,,,,,,,,,,,,,
Vedat Muriqi,0cadc46d,403,xkKVX,FW,Mallorca,28.0,1994.0,35,34,2937.0,32.6,15.0,3.0,18.0,11.0,4.0,5.0,6,1,0.46,0.09,0.55,0.34,0.43,Matches,2022-2023,ESP,,7.0,,,,,,,,,,,13.0,,,,,,,,,,,,,,,,,,,,,,,75.0,30.0,40.0,2.3,0.92,0.15,0.37,,,,,,,,,,,,,,,,,,
Yunus Musah,b51b1b9c,404,usUSA,MF,Valencia,19.0,2002.0,33,26,2110.0,23.4,0.0,2.0,2.0,0.0,0.0,0.0,10,1,0.0,0.09,0.09,0.0,0.09,Matches,2022-2023,ESP,,36.0,,,,,,,,,,,13.0,,,,,,,,,,,,,,,,,,,,,,,22.0,3.0,13.6,0.94,0.13,0.0,0.0,,,,,,,,,,,,,,,,,,
Francisco Mwepu,dfe5caa2,405,zmZAM,FW,Cádiz,22.0,2000.0,1,0,21.0,0.2,0.0,0.0,0.0,0.0,0.0,0.0,0,0,0.0,0.0,0.0,0.0,0.0,Matches,2022-2023,ESP,,0.0,,,,,,,,,,,0.0,,,,,,,,,,,,,,,,,,,,,,,0.0,0.0,,0.0,0.0,,,,,,,,,,,,,,,,,,,,
Nacho,2946f9a1,406,esESP,DF,Real Madrid,32.0,1990.0,27,18,1637.0,18.2,1.0,1.0,2.0,1.0,0.0,0.0,7,0,0.05,0.05,0.11,0.05,0.11,Matches,2022-2023,ESP,,16.0,,,,,,,,,,,19.0,,,,,,,,,,,,,,,,,,,,,,,9.0,4.0,44.4,0.49,0.22,0.11,0.25,,,,,,,,,,,,,,,,,,
Juanjo Narváez,485e4939,407,coCOL,MF,Valladolid,27.0,1995.0,5,1,148.0,1.6,0.0,0.0,0.0,0.0,0.0,0.0,0,0,0.0,0.0,0.0,0.0,0.0,Matches,2022-2023,ESP,,1.0,,,,,,,,,,,0.0,,,,,,,,,,,,,,,,,,,,,,,3.0,0.0,0.0,1.82,0.0,0.0,,,,,,,,,,,,,,,,,,,
Matija Nastasić,f35430a4,408,rsSRB,DF,Mallorca,29.0,1993.0,14,10,906.0,10.1,1.0,0.0,1.0,1.0,0.0,0.0,3,0,0.1,0.0,0.1,0.1,0.1,Matches,2022-2023,ESP,,8.0,,,,,,,,,,,17.0,,,,,,,,,,,,,,,,,,,,,,,4.0,2.0,50.0,0.4,0.2,0.25,0.5,,,,,,,,,,,,,,,,,,
Roberto Navarro,c997b942,409,esESP,MF,Real Sociedad,20.0,2002.0,17,1,351.0,3.9,0.0,0.0,0.0,0.0,0.0,0.0,2,0,0.0,0.0,0.0,0.0,0.0,Matches,2022-2023,ESP,,4.0,,,,,,,,,,,2.0,,,,,,,,,,,,,,,,,,,,,,,12.0,5.0,41.7,3.08,1.28,0.0,0.0,,,,,,,,,,,,,,,,,,
Jesús Navas,3f10bd22,410,esESP,"DF,MF",Sevilla,36.0,1985.0,32,21,1981.0,22.0,0.0,0.0,0.0,0.0,0.0,0.0,5,0,0.0,0.0,0.0,0.0,0.0,Matches,2022-2023,ESP,,13.0,,,,,,,,,,,19.0,,,,,,,,,,,,,,,,,,,,,,,9.0,3.0,33.3,0.41,0.14,0.0,0.0,,,,,,,,,,,,,,,,,,
Álvaro Negredo,63b0ca6b,411,esESP,FW,Cádiz,36.0,1985.0,21,9,757.0,8.4,1.0,2.0,3.0,1.0,0.0,0.0,0,0,0.12,0.24,0.36,0.12,0.36,Matches,2022-2023,ESP,,4.0,,,,,,,,,,,0.0,,,,,,,,,,,,,,,,,,,,,,,22.0,7.0,31.8,2.62,0.83,0.05,0.14,,,,,,,,,,,,,,,,,,
Tanguy Nianzou,5853ac44,412,frFRA,DF,Sevilla,20.0,2002.0,19,16,1366.0,15.2,1.0,0.0,1.0,1.0,0.0,0.0,1,1,0.07,0.0,0.07,0.07,0.07,Matches,2022-2023,ESP,,14.0,,,,,,,,,,,14.0,,,,,,,,,,,,,,,,,,,,,,,6.0,1.0,16.7,0.4,0.07,0.17,1.0,,,,,,,,,,,,,,,,,,
Saúl Ñíguez,c14bc029,413,esESP,"MF,DF",Atlético Madrid,27.0,1994.0,31,11,1100.0,12.2,3.0,1.0,4.0,3.0,0.0,0.0,8,0,0.25,0.08,0.33,0.25,0.33,Matches,2022-2023,ESP,,27.0,,,,,,,,,,,13.0,,,,,,,,,,,,,,,,,,,,,,,21.0,9.0,42.9,1.72,0.74,0.14,0.33,,,,,,,,,,,,,,,,,,
Fernando Niño,81d5c497,414,esESP,FW,Villarreal,21.0,2000.0,3,0,22.0,0.2,0.0,0.0,0.0,0.0,0.0,0.0,0,0,0.0,0.0,0.0,0.0,0.0,Matches,2022-2023,ESP,,0.0,,,,,,,,,,,0.0,,,,,,,,,,,,,,,,,,,,,,,1.0,0.0,0.0,4.09,0.0,0.0,,,,,,,,,,,,,,,,,,,
Randy Nteka,a6103274,415,aoANG,"FW,MF",Elche,24.0,1997.0,14,10,726.0,8.1,0.0,0.0,0.0,0.0,0.0,0.0,1,0,0.0,0.0,0.0,0.0,0.0,Matches,2022-2023,ESP,,10.0,,,,,,,,,,,4.0,,,,,,,,,,,,,,,,,,,,,,,14.0,4.0,28.6,1.74,0.5,0.0,0.0,,,,,,,,,,,,,,,,,,
Randy Nteka,a6103274,416,aoANG,"FW,MF",Rayo Vallecano,24.0,1997.0,10,0,116.0,1.3,0.0,0.0,0.0,0.0,0.0,0.0,0,1,0.0,0.0,0.0,0.0,0.0,Matches,2022-2023,ESP,,2.0,,,,,,,,,,,2.0,,,,,,,,,,,,,,,,,,,,,,,4.0,0.0,0.0,3.1,0.0,0.0,,,,,,,,,,,,,,,,,,,
Unai Núñez,be170419,417,esESP,DF,Celta Vigo,25.0,1997.0,36,35,3151.0,35.0,0.0,0.0,0.0,0.0,0.0,0.0,8,0,0.0,0.0,0.0,0.0,0.0,Matches,2022-2023,ESP,,32.0,,,,,,,,,,,69.0,,,,,,,,,,,,,,,,,,,,,,,15.0,5.0,33.3,0.43,0.14,0.0,0.0,,,,,,,,,,,,,,,,,,
Jan Oblak,ee8508c0,418,siSVN,GK,Atlético Madrid,29.0,1993.0,28,28,2492.0,27.7,0.0,0.0,0.0,0.0,0.0,0.0,1,0,0.0,0.0,0.0,0.0,0.0,Matches,2022-2023,ESP,,0.0,,,,,,,,,,,0.0,,,,,,,,,,,,,,,,,,,,,,,0.0,0.0,,0.0,0.0,,,28.0,28.0,2492.0,20.0,0.72,80.0,60.0,76.3,17.0,5.0,6.0,12.0,42.9,2.0,1.0,0.0,1.0,0.0
Brian Ocampo,2e3995cd,419,uyURU,MF,Cádiz,23.0,1999.0,18,15,1119.0,12.4,1.0,1.0,2.0,1.0,0.0,0.0,2,0,0.08,0.08,0.16,0.08,0.16,Matches,2022-2023,ESP,,16.0,,,,,,,,,,,3.0,,,,,,,,,,,,,,,,,,,,,,,13.0,2.0,15.4,1.05,0.16,0.08,0.5,,,,,,,,,,,,,,,,,,
Lucas Ocampos,a08b974a,420,arARG,"MF,FW",Sevilla,28.0,1994.0,19,11,1165.0,12.9,4.0,0.0,4.0,1.0,3.0,3.0,7,0,0.31,0.0,0.31,0.08,0.08,Matches,2022-2023,ESP,,14.0,,,,,,,,,,,7.0,,,,,,,,,,,,,,,,,,,,,,,30.0,9.0,30.0,2.32,0.7,0.03,0.11,,,,,,,,,,,,,,,,,,
Álvaro Odriozola,1d1691ad,421,esESP,DF,Real Madrid,26.0,1995.0,3,0,39.0,0.4,0.0,0.0,0.0,0.0,0.0,0.0,0,0,0.0,0.0,0.0,0.0,0.0,Matches,2022-2023,ESP,,0.0,,,,,,,,,,,0.0,,,,,,,,,,,,,,,,,,,,,,,1.0,0.0,0.0,2.31,0.0,0.0,,,,,,,,,,,,,,,,,,,
Olasagasti,3d99999d,422,esESP,MF,Real Sociedad,21.0,2000.0,3,0,65.0,0.7,0.0,0.0,0.0,0.0,0.0,0.0,0,0,0.0,0.0,0.0,0.0,0.0,Matches,2022-2023,ESP,,3.0,,,,,,,,,,,0.0,,,,,,,,,,,,,,,,,,,,,,,2.0,1.0,50.0,2.77,1.38,0.0,0.0,,,,,,,,,,,,,,,,,,
Lucas Olaza,4cee5954,423,uyURU,DF,Valladolid,28.0,1994.0,23,16,1494.0,16.6,0.0,1.0,1.0,0.0,0.0,0.0,3,0,0.0,0.06,0.06,0.0,0.06,Matches,2022-2023,ESP,,16.0,,,,,,,,,,,16.0,,,,,,,,,,,,,,,,,,,,,,,5.0,2.0,40.0,0.3,0.12,0.0,0.0,,,,,,,,,,,,,,,,,,
Brian Oliván,a3e4bf46,424,esESP,DF,Espanyol,28.0,1994.0,30,29,2403.0,26.7,1.0,7.0,8.0,1.0,0.0,0.0,7,0,0.04,0.26,0.3,0.04,0.3,Matches,2022-2023,ESP,,27.0,,,,,,,,,,,23.0,,,,,,,,,,,,,,,,,,,,,,,15.0,4.0,26.7,0.56,0.15,0.07,0.25,,,,,,,,,,,,,,,,,,
Lucas Oliveira Rosa,5132b92c,425,brBRA,"DF,MF",Valladolid,22.0,2000.0,17,11,931.0,10.3,0.0,1.0,1.0,0.0,0.0,0.0,3,0,0.0,0.1,0.1,0.0,0.1,Matches,2022-2023,ESP,,18.0,,,,,,,,,,,15.0,,,,,,,,,,,,,,,,,,,,,,,6.0,1.0,16.7,0.58,0.1,0.0,0.0,,,,,,,,,,,,,,,,,,
Aimar Oroz,7c363088,426,esESP,"MF,FW",Osasuna,20.0,2001.0,31,23,2013.0,22.4,3.0,6.0,9.0,2.0,1.0,1.0,6,0,0.13,0.27,0.4,0.09,0.36,Matches,2022-2023,ESP,,14.0,,,,,,,,,,,25.0,,,,,,,,,,,,,,,,,,,,,,,23.0,8.0,34.8,1.03,0.36,0.09,0.25,,,,,,,,,,,,,,,,,,
Pedro Ortiz,f9358b61,427,esESP,MF,Sevilla,21.0,2000.0,1,0,1.0,0.0,0.0,0.0,0.0,0.0,0.0,0.0,0,0,0.0,0.0,0.0,0.0,0.0,Matches,2022-2023,ESP,,0.0,,,,,,,,,,,0.0,,,,,,,,,,,,,,,,,,,,,,,0.0,0.0,,0.0,0.0,,,,,,,,,,,,,,,,,,,,
Mikel Oyarzabal,8c3c640c,428,esESP,"FW,MF",Real Sociedad,25.0,1997.0,23,14,1214.0,13.5,4.0,1.0,5.0,2.0,2.0,3.0,1,0,0.3,0.07,0.37,0.15,0.22,Matches,2022-2023,ESP,,8.0,,,,,,,,,,,3.0,,,,,,,,,,,,,,,,,,,,,,,19.0,11.0,57.9,1.41,0.82,0.11,0.18,,,,,,,,,,,,,,,,,,
Cenk Özkacar,9a93efc9,429,trTUR,DF,Valencia,21.0,2000.0,17,14,1365.0,15.2,0.0,0.0,0.0,0.0,0.0,0.0,1,0,0.0,0.0,0.0,0.0,0.0,Matches,2022-2023,ESP,,20.0,,,,,,,,,,,11.0,,,,,,,,,,,,,,,,,,,,,,,10.0,2.0,20.0,0.66,0.13,0.0,0.0,,,,,,,,,,,,,,,,,,
Fernando Pacheco,97852360,430,esESP,GK,Almería,30.0,1992.0,1,1,90.0,1.0,0.0,0.0,0.0,0.0,0.0,0.0,0,0,0.0,0.0,0.0,0.0,0.0,Matches,2022-2023,ESP,,0.0,,,,,,,,,,,0.0,,,,,,,,,,,,,,,,,,,,,,,0.0,0.0,,0.0,0.0,,,1.0,1.0,90.0,2.0,2.0,5.0,3.0,60.0,0.0,0.0,1.0,0.0,0.0,0.0,0.0,0.0,0.0,
Fernando Pacheco,97852360,431,esESP,GK,Espanyol,30.0,1992.0,16,16,1440.0,16.0,0.0,0.0,0.0,0.0,0.0,0.0,0,0,0.0,0.0,0.0,0.0,0.0,Matches,2022-2023,ESP,,0.0,,,,,,,,,,,1.0,,,,,,,,,,,,,,,,,,,,,,,0.0,0.0,,0.0,0.0,,,16.0,16.0,1440.0,33.0,2.06,83.0,55.0,65.1,4.0,3.0,9.0,3.0,18.8,5.0,4.0,1.0,0.0,20.0
Jon Pacheco,44150beb,432,esESP,DF,Real Sociedad,21.0,2001.0,17,12,1193.0,13.3,0.0,1.0,1.0,0.0,0.0,0.0,2,0,0.0,0.08,0.08,0.0,0.08,Matches,2022-2023,ESP,,10.0,,,,,,,,,,,12.0,,,,,,,,,,,,,,,,,,,,,,,3.0,0.0,0.0,0.23,0.0,0.0,,,,,,,,,,,,,,,,,,,
Gonçalo Paciência,962e54cb,433,ptPOR,FW,Celta Vigo,27.0,1994.0,25,5,662.0,7.4,2.0,0.0,2.0,2.0,0.0,0.0,2,1,0.27,0.0,0.27,0.27,0.27,Matches,2022-2023,ESP,,6.0,,,,,,,,,,,0.0,,,,,,,,,,,,,,,,,,,,,,,30.0,10.0,33.3,4.08,1.36,0.07,0.2,,,,,,,,,,,,,,,,,,
Helibelton Palacios,ac8b2421,434,coCOL,"DF,MF",Elche,29.0,1993.0,24,23,1915.0,21.3,0.0,0.0,0.0,0.0,0.0,0.0,6,0,0.0,0.0,0.0,0.0,0.0,Matches,2022-2023,ESP,,20.0,,,,,,,,,,,20.0,,,,,,,,,,,,,,,,,,,,,,,4.0,3.0,75.0,0.19,0.14,0.0,0.0,,,,,,,,,,,,,,,,,,
Isaac Palazón Camacho,49dbab27,435,esESP,MF,Rayo Vallecano,27.0,1994.0,37,36,2965.0,32.9,9.0,5.0,14.0,8.0,1.0,3.0,4,0,0.27,0.15,0.42,0.24,0.39,Matches,2022-2023,ESP,,30.0,,,,,,,,,,,19.0,,,,,,,,,,,,,,,,,,,,,,,94.0,24.0,25.5,2.85,0.73,0.09,0.33,,,,,,,,,,,,,,,,,,
Aitor Paredes,b906757a,436,esESP,DF,Athletic Club,22.0,2000.0,16,9,859.0,9.5,0.0,0.0,0.0,0.0,0.0,0.0,3,0,0.0,0.0,0.0,0.0,0.0,Matches,2022-2023,ESP,,7.0,,,,,,,,,,,13.0,,,,,,,,,,,,,,,,,,,,,,,8.0,3.0,37.5,0.84,0.31,0.0,0.0,,,,,,,,,,,,,,,,,,
Daniel Parejo,7460ca0d,437,esESP,MF,Villarreal,33.0,1989.0,37,37,3285.0,36.5,3.0,4.0,7.0,1.0,2.0,4.0,6,0,0.08,0.11,0.19,0.03,0.14,Matches,2022-2023,ESP,,37.0,,,,,,,,,,,29.0,,,,,,,,,,,,,,,,,,,,,,,30.0,11.0,36.7,0.82,0.3,0.03,0.09,,,,,,,,,,,,,,,,,,
Moises Parra Gutierrez,e2dcc60e,438,esESP,MF,Getafe,20.0,2002.0,1,0,10.0,0.1,0.0,0.0,0.0,0.0,0.0,0.0,0,0,0.0,0.0,0.0,0.0,0.0,Matches,2022-2023,ESP,,0.0,,,,,,,,,,,0.0,,,,,,,,,,,,,,,,,,,,,,,0.0,0.0,,0.0,0.0,,,,,,,,,,,,,,,,,,,,
Raúl Parra,647d39d2,439,esESP,DF,Cádiz,22.0,1999.0,6,4,310.0,3.4,0.0,0.0,0.0,0.0,0.0,0.0,1,0,0.0,0.0,0.0,0.0,0.0,Matches,2022-2023,ESP,,2.0,,,,,,,,,,,0.0,,,,,,,,,,,,,,,,,,,,,,,0.0,0.0,,0.0,0.0,,,,,,,,,,,,,,,,,,,,
Pascu,a2d9cf74,440,esESP,FW,Villarreal,19.0,2003.0,2,0,10.0,0.1,1.0,0.0,1.0,1.0,0.0,0.0,0,0,9.0,0.0,9.0,9.0,9.0,Matches,2022-2023,ESP,,0.0,,,,,,,,,,,0.0,,,,,,,,,,,,,,,,,,,,,,,1.0,1.0,100.0,9.0,9.0,1.0,1.0,,,,,,,,,,,,,,,,,,
Javier Pastore,881ef58c,441,arARG,MF,Elche,33.0,1989.0,1,0,5.0,0.1,0.0,0.0,0.0,0.0,0.0,0.0,0,0,0.0,0.0,0.0,0.0,0.0,Matches,2022-2023,ESP,,0.0,,,,,,,,,,,0.0,,,,,,,,,,,,,,,,,,,,,,,0.0,0.0,,0.0,0.0,,,,,,,,,,,,,,,,,,,,
Gabriel Paulista,b7ca5c51,442,brBRA,DF,Valencia,31.0,1990.0,21,18,1504.0,16.7,1.0,0.0,1.0,1.0,0.0,0.0,4,2,0.06,0.0,0.06,0.06,0.06,Matches,2022-2023,ESP,,9.0,,,,,,,,,,,31.0,,,,,,,,,,,,,,,,,,,,,,,14.0,2.0,14.3,0.84,0.12,0.07,0.5,,,,,,,,,,,,,,,,,,
Alfonso Pedraza,63f04c6c,443,esESP,DF,Villarreal,26.0,1996.0,26,20,1633.0,18.1,0.0,3.0,3.0,0.0,0.0,0.0,5,0,0.0,0.17,0.17,0.0,0.17,Matches,2022-2023,ESP,,26.0,,,,,,,,,,,17.0,,,,,,,,,,,,,,,,,,,,,,,25.0,10.0,40.0,1.38,0.55,0.0,0.0,,,,,,,,,,,,,,,,,,
Pedri,0d9b2d31,444,esESP,MF,Barcelona,19.0,2002.0,26,22,1976.0,22.0,6.0,1.0,7.0,6.0,0.0,0.0,2,0,0.27,0.05,0.32,0.27,0.32,Matches,2022-2023,ESP,,21.0,,,,,,,,,,,13.0,,,,,,,,,,,,,,,,,,,,,,,22.0,9.0,40.9,1.0,0.41,0.27,0.67,,,,,,,,,,,,,,,,,,
Adrià Pedrosa,112521d1,445,esESP,DF,Espanyol,24.0,1998.0,7,2,229.0,2.5,0.0,0.0,0.0,0.0,0.0,0.0,0,0,0.0,0.0,0.0,0.0,0.0,Matches,2022-2023,ESP,,1.0,,,,,,,,,,,5.0,,,,,,,,,,,,,,,,,,,,,,,1.0,0.0,0.0,0.39,0.0,0.0,,,,,,,,,,,,,,,,,,,
Iñaki Peña,cc1c5035,446,esESP,GK,Barcelona,23.0,1999.0,2,0,73.0,0.8,0.0,0.0,0.0,0.0,0.0,0.0,0,0,0.0,0.0,0.0,0.0,0.0,Matches,2022-2023,ESP,,0.0,,,,,,,,,,,0.0,,,,,,,,,,,,,,,,,,,,,,,0.0,0.0,,0.0,0.0,,,2.0,0.0,73.0,2.0,2.47,4.0,2.0,50.0,0.0,0.0,0.0,0.0,,0.0,0.0,0.0,0.0,
Rubén Peña,1f079188,447,esESP,"DF,MF",Osasuna,31.0,1991.0,20,14,1277.0,14.2,0.0,1.0,1.0,0.0,0.0,0.0,2,1,0.0,0.07,0.07,0.0,0.07,Matches,2022-2023,ESP,,22.0,,,,,,,,,,,18.0,,,,,,,,,,,,,,,,,,,,,,,12.0,2.0,16.7,0.85,0.14,0.0,0.0,,,,,,,,,,,,,,,,,,
Alberto Perea,5496cc91,448,esESP,MF,Cádiz,31.0,1990.0,1,1,45.0,0.5,0.0,0.0,0.0,0.0,0.0,0.0,0,0,0.0,0.0,0.0,0.0,0.0,Matches,2022-2023,ESP,,0.0,,,,,,,,,,,0.0,,,,,,,,,,,,,,,,,,,,,,,0.0,0.0,,0.0,0.0,,,,,,,,,,,,,,,,,,,,
Ayoze Pérez,819aa8e7,449,esESP,"MF,FW",Real Betis,29.0,1993.0,19,17,1386.0,15.4,3.0,1.0,4.0,3.0,0.0,0.0,3,0,0.19,0.06,0.26,0.19,0.26,Matches,2022-2023,ESP,,18.0,,,,,,,,,,,14.0,,,,,,,,,,,,,,,,,,,,,,,34.0,14.0,41.2,2.21,0.91,0.09,0.21,,,,,,,,,,,,,,,,,,
Carles Pérez,a8f21b9f,450,esESP,"MF,FW",Celta Vigo,24.0,1998.0,35,23,2144.0,23.8,3.0,5.0,8.0,3.0,0.0,0.0,5,0,0.13,0.21,0.34,0.13,0.34,Matches,2022-2023,ESP,,23.0,,,,,,,,,,,6.0,,,,,,,,,,,,,,,,,,,,,,,53.0,20.0,37.7,2.22,0.84,0.06,0.15,,,,,,,,,,,,,,,,,,
Francisco Perez,3d79a68c,451,esESP,MF,Valencia,19.0,2002.0,7,0,141.0,1.6,0.0,0.0,0.0,0.0,0.0,0.0,2,0,0.0,0.0,0.0,0.0,0.0,Matches,2022-2023,ESP,,1.0,,,,,,,,,,,0.0,,,,,,,,,,,,,,,,,,,,,,,1.0,0.0,0.0,0.64,0.0,0.0,,,,,,,,,,,,,,,,,,,
Kike Pérez,237a3851,452,esESP,MF,Valladolid,25.0,1997.0,36,28,2307.0,25.6,1.0,2.0,3.0,1.0,0.0,0.0,9,0,0.04,0.08,0.12,0.04,0.12,Matches,2022-2023,ESP,,35.0,,,,,,,,,,,21.0,,,,,,,,,,,,,,,,,,,,,,,46.0,10.0,21.7,1.79,0.39,0.02,0.1,,,,,,,,,,,,,,,,,,
Lucas Pérez,a300ac7e,453,esESP,FW,Cádiz,33.0,1988.0,14,5,628.0,7.0,3.0,0.0,3.0,3.0,0.0,0.0,3,0,0.43,0.0,0.43,0.43,0.43,Matches,2022-2023,ESP,,2.0,,,,,,,,,,,1.0,,,,,,,,,,,,,,,,,,,,,,,17.0,6.0,35.3,2.44,0.86,0.18,0.5,,,,,,,,,,,,,,,,,,
Luis Pérez,b7c04927,454,esESP,"DF,MF",Valladolid,27.0,1995.0,18,15,1213.0,13.5,0.0,1.0,1.0,0.0,0.0,0.0,2,0,0.0,0.07,0.07,0.0,0.07,Matches,2022-2023,ESP,,24.0,,,,,,,,,,,16.0,,,,,,,,,,,,,,,,,,,,,,,4.0,0.0,0.0,0.3,0.0,0.0,,,,,,,,,,,,,,,,,,,
Germán Pezzella,8c725b43,455,arARG,DF,Real Betis,31.0,1991.0,31,29,2511.0,27.9,0.0,0.0,0.0,0.0,0.0,0.0,4,3,0.0,0.0,0.0,0.0,0.0,Matches,2022-2023,ESP,,28.0,,,,,,,,,,,46.0,,,,,,,,,,,,,,,,,,,,,,,9.0,0.0,0.0,0.32,0.0,0.0,,,,,,,,,,,,,,,,,,,
Ronaël Pierre-Gabriel,64ba07c0,456,frFRA,DF,Espanyol,24.0,1998.0,8,2,236.0,2.6,1.0,0.0,1.0,1.0,0.0,0.0,2,1,0.38,0.0,0.38,0.38,0.38,Matches,2022-2023,ESP,,8.0,,,,,,,,,,,9.0,,,,,,,,,,,,,,,,,,,,,,,2.0,1.0,50.0,0.76,0.38,0.5,1.0,,,,,,,,,,,,,,,,,,
Yeremi Pino,540ec57b,457,esESP,"MF,FW",Villarreal,19.0,2002.0,36,31,2447.0,27.2,4.0,6.0,10.0,4.0,0.0,0.0,8,0,0.15,0.22,0.37,0.15,0.37,Matches,2022-2023,ESP,,36.0,,,,,,,,,,,15.0,,,,,,,,,,,,,,,,,,,,,,,50.0,19.0,38.0,1.84,0.7,0.08,0.21,,,,,,,,,,,,,,,,,,
Gerard Piqué,adfc9123,458,esESP,DF,Barcelona,35.0,1987.0,6,4,384.0,4.3,0.0,0.0,0.0,0.0,0.0,0.0,2,1,0.0,0.0,0.0,0.0,0.0,Matches,2022-2023,ESP,,4.0,,,,,,,,,,,2.0,,,,,,,,,,,,,,,,,,,,,,,3.0,0.0,0.0,0.7,0.0,0.0,,,,,,,,,,,,,,,,,,,
Óscar Plano,7c388b20,459,esESP,"MF,FW",Valladolid,31.0,1991.0,33,22,2038.0,22.6,1.0,1.0,2.0,1.0,0.0,0.0,3,0,0.04,0.04,0.09,0.04,0.09,Matches,2022-2023,ESP,,26.0,,,,,,,,,,,27.0,,,,,,,,,,,,,,,,,,,,,,,30.0,11.0,36.7,1.32,0.49,0.03,0.09,,,,,,,,,,,,,,,,,,
Gonzalo Plata,54bcdeb0,460,ecECU,"FW,MF",Valladolid,21.0,2000.0,34,26,2302.0,25.6,1.0,5.0,6.0,1.0,0.0,0.0,1,0,0.04,0.2,0.23,0.04,0.23,Matches,2022-2023,ESP,,35.0,,,,,,,,,,,12.0,,,,,,,,,,,,,,,,,,,,,,,37.0,13.0,35.1,1.45,0.51,0.03,0.08,,,,,,,,,,,,,,,,,,
Ezequiel Ponce,ccbbe661,461,arARG,"FW,MF",Elche,25.0,1997.0,34,8,1129.0,12.5,4.0,0.0,4.0,4.0,0.0,0.0,2,1,0.32,0.0,0.32,0.32,0.32,Matches,2022-2023,ESP,,6.0,,,,,,,,,,,1.0,,,,,,,,,,,,,,,,,,,,,,,29.0,9.0,31.0,2.31,0.72,0.14,0.44,,,,,,,,,,,,,,,,,,
Francisco Portillo,8e010ff4,462,esESP,MF,Almería,32.0,1990.0,27,4,722.0,8.0,2.0,1.0,3.0,2.0,0.0,0.0,1,0,0.25,0.12,0.37,0.25,0.37,Matches,2022-2023,ESP,,6.0,,,,,,,,,,,7.0,,,,,,,,,,,,,,,,,,,,,,,5.0,2.0,40.0,0.62,0.25,0.4,1.0,,,,,,,,,,,,,,,,,,
Portu,1bda5842,463,esESP,"MF,DF",Getafe,30.0,1992.0,34,17,1770.0,19.7,0.0,3.0,3.0,0.0,0.0,0.0,7,1,0.0,0.15,0.15,0.0,0.15,Matches,2022-2023,ESP,,21.0,,,,,,,,,,,20.0,,,,,,,,,,,,,,,,,,,,,,,15.0,5.0,33.3,0.76,0.25,0.0,0.0,,,,,,,,,,,,,,,,,,
José Pozo,fc8b614b,464,esESP,MF,Rayo Vallecano,26.0,1996.0,8,1,88.0,1.0,0.0,0.0,0.0,0.0,0.0,0.0,0,0,0.0,0.0,0.0,0.0,0.0,Matches,2022-2023,ESP,,2.0,,,,,,,,,,,1.0,,,,,,,,,,,,,,,,,,,,,,,1.0,0.0,0.0,1.02,0.0,0.0,,,,,,,,,,,,,,,,,,,
Manuel Pozo,35440884,465,esESP,FW,Valladolid,20.0,2001.0,1,0,19.0,0.2,0.0,0.0,0.0,0.0,0.0,0.0,0,0,0.0,0.0,0.0,0.0,0.0,Matches,2022-2023,ESP,,0.0,,,,,,,,,,,2.0,,,,,,,,,,,,,,,,,,,,,,,1.0,0.0,0.0,4.74,0.0,0.0,,,,,,,,,,,,,,,,,,,
Alejandro Pozo Pozo,3c16d927,466,esESP,"DF,MF",Almería,23.0,1999.0,30,20,1880.0,20.9,0.0,3.0,3.0,0.0,0.0,0.0,2,0,0.0,0.14,0.14,0.0,0.14,Matches,2022-2023,ESP,,18.0,,,,,,,,,,,24.0,,,,,,,,,,,,,,,,,,,,,,,10.0,2.0,20.0,0.48,0.1,0.0,0.0,,,,,,,,,,,,,,,,,,
Abdón Prats,d1b060e2,467,esESP,FW,Mallorca,29.0,1992.0,26,2,416.0,4.6,1.0,1.0,2.0,1.0,0.0,0.0,1,0,0.22,0.22,0.43,0.22,0.43,Matches,2022-2023,ESP,,0.0,,,,,,,,,,,0.0,,,,,,,,,,,,,,,,,,,,,,,6.0,4.0,66.7,1.3,0.87,0.17,0.25,,,,,,,,,,,,,,,,,,
Javi Puado,2683eda7,468,esESP,"MF,FW",Espanyol,24.0,1998.0,37,25,2340.0,26.0,7.0,2.0,9.0,7.0,0.0,0.0,4,0,0.27,0.08,0.35,0.27,0.35,Matches,2022-2023,ESP,,11.0,,,,,,,,,,,10.0,,,,,,,,,,,,,,,,,,,,,,,57.0,23.0,40.4,2.19,0.88,0.12,0.3,,,,,,,,,,,,,,,,,,
Arnau Puigmal,39352da2,469,esESP,MF,Almería,21.0,2001.0,22,7,763.0,8.5,1.0,0.0,1.0,1.0,0.0,0.0,4,0,0.12,0.0,0.12,0.12,0.12,Matches,2022-2023,ESP,,13.0,,,,,,,,,,,11.0,,,,,,,,,,,,,,,,,,,,,,,17.0,6.0,35.3,2.01,0.71,0.06,0.17,,,,,,,,,,,,,,,,,,
Domingos Quina,41fb0f4e,470,ptPOR,MF,Elche,22.0,1999.0,10,2,275.0,3.1,0.0,0.0,0.0,0.0,0.0,0.0,3,1,0.0,0.0,0.0,0.0,0.0,Matches,2022-2023,ESP,,2.0,,,,,,,,,,,2.0,,,,,,,,,,,,,,,,,,,,,,,5.0,0.0,0.0,1.64,0.0,0.0,,,,,,,,,,,,,,,,,,,
Rubén Quintanilla,2f456b86,471,esESP,MF,Mallorca,20.0,2002.0,1,0,4.0,0.0,0.0,0.0,0.0,0.0,0.0,0.0,0,0,0.0,0.0,0.0,0.0,0.0,Matches,2022-2023,ESP,,0.0,,,,,,,,,,,0.0,,,,,,,,,,,,,,,,,,,,,,,0.0,0.0,,0.0,0.0,,,,,,,,,,,,,,,,,,,,
Antonio Raillo,b857bd29,472,esESP,DF,Mallorca,30.0,1991.0,31,31,2766.0,30.7,2.0,3.0,5.0,2.0,0.0,0.0,11,1,0.07,0.1,0.16,0.07,0.16,Matches,2022-2023,ESP,,21.0,,,,,,,,,,,31.0,,,,,,,,,,,,,,,,,,,,,,,13.0,5.0,38.5,0.42,0.16,0.15,0.4,,,,,,,,,,,,,,,,,,
Predrag Rajković,58ad9383,473,rsSRB,GK,Mallorca,26.0,1995.0,36,36,3240.0,36.0,0.0,0.0,0.0,0.0,0.0,0.0,3,0,0.0,0.0,0.0,0.0,0.0,Matches,2022-2023,ESP,,0.0,,,,,,,,,,,0.0,,,,,,,,,,,,,,,,,,,,,,,0.0,0.0,,0.0,0.0,,,36.0,36.0,3240.0,40.0,1.11,127.0,93.0,73.2,13.0,8.0,15.0,12.0,33.3,7.0,6.0,1.0,0.0,14.3
Ivan Rakitić,89f951b5,474,hrCRO,MF,Sevilla,34.0,1988.0,31,21,1788.0,19.9,1.0,3.0,4.0,0.0,1.0,2.0,3,1,0.05,0.15,0.2,0.0,0.15,Matches,2022-2023,ESP,,23.0,,,,,,,,,,,24.0,,,,,,,,,,,,,,,,,,,,,,,30.0,9.0,30.0,1.51,0.45,0.0,0.0,,,,,,,,,,,,,,,,,,
Largie Ramazani,cc9256ef,475,beBEL,"FW,MF",Almería,21.0,2001.0,33,13,1403.0,15.6,3.0,1.0,4.0,3.0,0.0,1.0,6,0,0.19,0.06,0.26,0.19,0.26,Matches,2022-2023,ESP,,9.0,,,,,,,,,,,15.0,,,,,,,,,,,,,,,,,,,,,,,41.0,18.0,43.9,2.63,1.15,0.07,0.17,,,,,,,,,,,,,,,,,,
Chris Ramos,44e07fac,476,esESP,FW,Cádiz,25.0,1997.0,15,7,710.0,7.9,1.0,0.0,1.0,1.0,0.0,0.0,2,0,0.13,0.0,0.13,0.13,0.13,Matches,2022-2023,ESP,,9.0,,,,,,,,,,,1.0,,,,,,,,,,,,,,,,,,,,,,,31.0,6.0,19.4,3.93,0.76,0.03,0.17,,,,,,,,,,,,,,,,,,
Raphinha,3423f250,477,brBRA,FW,Barcelona,25.0,1996.0,36,25,2072.0,23.0,7.0,7.0,14.0,7.0,0.0,0.0,9,0,0.3,0.3,0.61,0.3,0.61,Matches,2022-2023,ESP,,19.0,,,,,,,,,,,15.0,,,,,,,,,,,,,,,,,,,,,,,79.0,25.0,31.6,3.43,1.09,0.09,0.28,,,,,,,,,,,,,,,,,,
Sergio Reguilón,3353737a,478,esESP,DF,Atlético Madrid,25.0,1996.0,11,2,309.0,3.4,0.0,0.0,0.0,0.0,0.0,0.0,3,1,0.0,0.0,0.0,0.0,0.0,Matches,2022-2023,ESP,,5.0,,,,,,,,,,,2.0,,,,,,,,,,,,,,,,,,,,,,,3.0,1.0,33.3,0.87,0.29,0.0,0.0,,,,,,,,,,,,,,,,,,
Pepe Reina,e358587b,479,esESP,GK,Villarreal,39.0,1982.0,22,22,1980.0,22.0,0.0,0.0,0.0,0.0,0.0,0.0,2,0,0.0,0.0,0.0,0.0,0.0,Matches,2022-2023,ESP,,0.0,,,,,,,,,,,1.0,,,,,,,,,,,,,,,,,,,,,,,0.0,0.0,,0.0,0.0,,,22.0,22.0,1980.0,27.0,1.23,84.0,61.0,72.6,13.0,3.0,6.0,5.0,22.7,4.0,4.0,0.0,0.0,0.0
Reinier,6b21b7b5,480,brBRA,"MF,FW",Girona,20.0,2002.0,18,5,647.0,7.2,2.0,1.0,3.0,2.0,0.0,0.0,1,1,0.28,0.14,0.42,0.28,0.42,Matches,2022-2023,ESP,,10.0,,,,,,,,,,,5.0,,,,,,,,,,,,,,,,,,,,,,,10.0,4.0,40.0,1.39,0.56,0.2,0.5,,,,,,,,,,,,,,,,,,
Karim Rekik,3376a776,481,nlNED,DF,Sevilla,27.0,1994.0,16,15,1181.0,13.1,1.0,1.0,2.0,1.0,0.0,0.0,2,0,0.08,0.08,0.15,0.08,0.15,Matches,2022-2023,ESP,,5.0,,,,,,,,,,,10.0,,,,,,,,,,,,,,,,,,,,,,,7.0,1.0,14.3,0.53,0.08,0.14,1.0,,,,,,,,,,,,,,,,,,
Álex Remiro,374ee424,482,esESP,GK,Real Sociedad,27.0,1995.0,38,38,3420.0,38.0,0.0,0.0,0.0,0.0,0.0,0.0,1,0,0.0,0.0,0.0,0.0,0.0,Matches,2022-2023,ESP,,0.0,,,,,,,,,,,0.0,,,,,,,,,,,,,,,,,,,,,,,0.0,0.0,,0.0,0.0,,,38.0,38.0,3420.0,35.0,0.92,132.0,99.0,74.2,21.0,8.0,9.0,15.0,39.5,2.0,1.0,1.0,0.0,50.0
Alejandro Revuelta Montero,14d5b7ac,483,esESP,DF,Getafe,22.0,2000.0,1,0,1.0,0.0,0.0,0.0,0.0,0.0,0.0,0.0,0,0,0.0,0.0,0.0,0.0,0.0,Matches,2022-2023,ESP,,0.0,,,,,,,,,,,0.0,,,,,,,,,,,,,,,,,,,,,,,0.0,0.0,,0.0,0.0,,,,,,,,,,,,,,,,,,,,
Chadi Riad,b3b9b8b8,484,maMAR,DF,Barcelona,19.0,2003.0,1,0,2.0,0.0,0.0,0.0,0.0,0.0,0.0,0.0,0,0,0.0,0.0,0.0,0.0,0.0,Matches,2022-2023,ESP,,0.0,,,,,,,,,,,0.0,,,,,,,,,,,,,,,,,,,,,,,0.0,0.0,,0.0,0.0,,,,,,,,,,,,,,,,,,,,
Nico Ribaudo,ce8039aa,485,esESP,"MF,FW",Espanyol,21.0,2001.0,32,16,1248.0,13.9,1.0,2.0,3.0,1.0,0.0,0.0,4,0,0.07,0.14,0.22,0.07,0.22,Matches,2022-2023,ESP,,11.0,,,,,,,,,,,6.0,,,,,,,,,,,,,,,,,,,,,,,32.0,11.0,34.4,2.31,0.79,0.03,0.09,,,,,,,,,,,,,,,,,,
Diego Rico,d9ba39fc,486,esESP,DF,Real Sociedad,29.0,1993.0,20,18,1646.0,18.3,0.0,0.0,0.0,0.0,0.0,0.0,3,0,0.0,0.0,0.0,0.0,0.0,Matches,2022-2023,ESP,,21.0,,,,,,,,,,,19.0,,,,,,,,,,,,,,,,,,,,,,,9.0,3.0,33.3,0.49,0.16,0.0,0.0,,,,,,,,,,,,,,,,,,
Rodrigo Riquelme,65154df0,487,esESP,"MF,FW",Girona,22.0,2000.0,34,25,2179.0,24.2,4.0,4.0,8.0,4.0,0.0,0.0,1,0,0.17,0.17,0.33,0.17,0.33,Matches,2022-2023,ESP,,8.0,,,,,,,,,,,12.0,,,,,,,,,,,,,,,,,,,,,,,55.0,22.0,40.0,2.27,0.91,0.07,0.18,,,,,,,,,,,,,,,,,,
Sergi Roberto,335fa267,488,esESP,"DF,MF",Barcelona,30.0,1992.0,23,15,1308.0,14.5,4.0,1.0,5.0,4.0,0.0,0.0,3,0,0.28,0.07,0.34,0.28,0.34,Matches,2022-2023,ESP,,15.0,,,,,,,,,,,11.0,,,,,,,,,,,,,,,,,,,,,,,18.0,6.0,33.3,1.24,0.41,0.22,0.67,,,,,,,,,,,,,,,,,,
Lucas Robertone,a8981944,489,arARG,MF,Almería,25.0,1997.0,37,34,2843.0,31.6,2.0,7.0,9.0,2.0,0.0,0.0,7,0,0.06,0.22,0.28,0.06,0.28,Matches,2022-2023,ESP,,29.0,,,,,,,,,,,44.0,,,,,,,,,,,,,,,,,,,,,,,36.0,6.0,16.7,1.14,0.19,0.06,0.33,,,,,,,,,,,,,,,,,,
Joel Roca,5f21b94c,490,esESP,FW,Girona,17.0,2005.0,5,0,84.0,0.9,0.0,0.0,0.0,0.0,0.0,0.0,1,0,0.0,0.0,0.0,0.0,0.0,Matches,2022-2023,ESP,,2.0,,,,,,,,,,,0.0,,,,,,,,,,,,,,,,,,,,,,,3.0,2.0,66.7,3.21,2.14,0.0,0.0,,,,,,,,,,,,,,,,,,
Enzo Roco,37f827ec,491,clCHI,DF,Elche,29.0,1992.0,22,19,1652.0,18.4,0.0,0.0,0.0,0.0,0.0,0.0,7,1,0.0,0.0,0.0,0.0,0.0,Matches,2022-2023,ESP,,13.0,,,,,,,,,,,17.0,,,,,,,,,,,,,,,,,,,,,,,10.0,3.0,30.0,0.54,0.16,0.0,0.0,,,,,,,,,,,,,,,,,,
Rodri,85bed4ee,492,esESP,MF,Real Betis,22.0,2000.0,30,19,1601.0,17.8,2.0,3.0,5.0,2.0,0.0,0.0,0,0,0.11,0.17,0.28,0.11,0.28,Matches,2022-2023,ESP,,12.0,,,,,,,,,,,11.0,,,,,,,,,,,,,,,,,,,,,,,15.0,6.0,40.0,0.84,0.34,0.13,0.33,,,,,,,,,,,,,,,,,,
Álvaro Rodríguez,49a6ecbb,493,uyURU,FW,Real Madrid,18.0,2004.0,6,0,79.0,0.9,1.0,1.0,2.0,1.0,0.0,0.0,0,0,1.14,1.14,2.28,1.14,2.28,Matches,2022-2023,ESP,,1.0,,,,,,,,,,,0.0,,,,,,,,,,,,,,,,,,,,,,,2.0,1.0,50.0,2.28,1.14,0.5,1.0,,,,,,,,,,,,,,,,,,
Ángel Rodríguez,8cfc2f69,494,esESP,FW,Mallorca,35.0,1987.0,17,2,394.0,4.4,1.0,0.0,1.0,1.0,0.0,0.0,1,0,0.23,0.0,0.23,0.23,0.23,Matches,2022-2023,ESP,,1.0,,,,,,,,,,,1.0,,,,,,,,,,,,,,,,,,,,,,,13.0,7.0,53.8,2.97,1.6,0.08,0.14,,,,,,,,,,,,,,,,,,
Óscar Rodríguez Arnaiz,19709006,495,esESP,MF,Celta Vigo,24.0,1998.0,33,19,1775.0,19.7,2.0,0.0,2.0,2.0,0.0,0.0,6,0,0.1,0.0,0.1,0.1,0.1,Matches,2022-2023,ESP,,24.0,,,,,,,,,,,24.0,,,,,,,,,,,,,,,,,,,,,,,43.0,17.0,39.5,2.18,0.86,0.05,0.12,,,,,,,,,,,,,,,,,,
Dani Rodríguez,70f8e0bd,496,esESP,MF,Mallorca,34.0,1988.0,35,26,2100.0,23.3,3.0,6.0,9.0,3.0,0.0,0.0,8,0,0.13,0.26,0.39,0.13,0.39,Matches,2022-2023,ESP,,22.0,,,,,,,,,,,20.0,,,,,,,,,,,,,,,,,,,,,,,25.0,10.0,40.0,1.07,0.43,0.12,0.3,,,,,,,,,,,,,,,,,,
Guido Rodríguez,34e393f2,497,arARG,MF,Real Betis,28.0,1994.0,34,33,2872.0,31.9,1.0,0.0,1.0,1.0,0.0,0.0,8,0,0.03,0.0,0.03,0.03,0.03,Matches,2022-2023,ESP,,72.0,,,,,,,,,,,39.0,,,,,,,,,,,,,,,,,,,,,,,21.0,5.0,23.8,0.66,0.16,0.05,0.2,,,,,,,,,,,,,,,,,,
Miguel Rodríguez,958d67bb,498,esESP,"FW,MF",Celta Vigo,19.0,2003.0,7,3,252.0,2.8,1.0,1.0,2.0,1.0,0.0,0.0,0,0,0.36,0.36,0.71,0.36,0.71,Matches,2022-2023,ESP,,5.0,,,,,,,,,,,1.0,,,,,,,,,,,,,,,,,,,,,,,3.0,2.0,66.7,1.07,0.71,0.33,0.5,,,,,,,,,,,,,,,,,,
Rodrygo,8f5e92a6,499,brBRA,FW,Real Madrid,21.0,2001.0,34,25,2379.0,26.4,9.0,8.0,17.0,8.0,1.0,1.0,4,0,0.34,0.3,0.64,0.3,0.61,Matches,2022-2023,ESP,,10.0,,,,,,,,,,,7.0,,,,,,,,,,,,,,,,,,,,,,,98.0,32.0,32.7,3.71,1.21,0.08,0.25,,,,,,,,,,,,,,,,,,
Leo Román,924ff27e,500,esESP,GK,Mallorca,22.0,2000.0,1,1,90.0,1.0,0.0,0.0,0.0,0.0,0.0,0.0,0,0,0.0,0.0,0.0,0.0,0.0,Matches,2022-2023,ESP,,0.0,,,,,,,,,,,0.0,,,,,,,,,,,,,,,,,,,,,,,0.0,0.0,,0.0,0.0,,,1.0,1.0,90.0,0.0,0.0,4.0,4.0,100.0,1.0,0.0,0.0,1.0,100.0,0.0,0.0,0.0,0.0,
Iván Romero,2fbe6af0,501,esESP,FW,Sevilla,21.0,2001.0,1,0,11.0,0.1,0.0,0.0,0.0,0.0,0.0,0.0,1,0,0.0,0.0,0.0,0.0,0.0,Matches,2022-2023,ESP,,0.0,,,,,,,,,,,0.0,,,,,,,,,,,,,,,,,,,,,,,0.0,0.0,,0.0,0.0,,,,,,,,,,,,,,,,,,,,
Oriol Romeu,4b511457,502,esESP,MF,Girona,30.0,1991.0,33,33,2950.0,32.8,2.0,0.0,2.0,2.0,0.0,0.0,10,1,0.06,0.0,0.06,0.06,0.06,Matches,2022-2023,ESP,,39.0,,,,,,,,,,,35.0,,,,,,,,,,,,,,,,,,,,,,,24.0,5.0,20.8,0.73,0.15,0.08,0.4,,,,,,,,,,,,,,,,,,
Rubén,35d4f151,503,esESP,"MF,DF",Espanyol,21.0,2001.0,18,9,888.0,9.9,0.0,2.0,2.0,0.0,0.0,0.0,1,0,0.0,0.2,0.2,0.0,0.2,Matches,2022-2023,ESP,,16.0,,,,,,,,,,,17.0,,,,,,,,,,,,,,,,,,,,,,,9.0,0.0,0.0,0.91,0.0,0.0,,,,,,,,,,,,,,,,,,,
Antonio Rüdiger,18b896d6,504,deGER,DF,Real Madrid,29.0,1993.0,33,26,2415.0,26.8,1.0,0.0,1.0,1.0,0.0,0.0,1,0,0.04,0.0,0.04,0.04,0.04,Matches,2022-2023,ESP,,18.0,,,,,,,,,,,19.0,,,,,,,,,,,,,,,,,,,,,,,22.0,4.0,18.2,0.82,0.15,0.05,0.25,,,,,,,,,,,,,,,,,,
Aitor Ruibal,a55d8df5,505,esESP,"DF,MF",Real Betis,26.0,1996.0,26,15,1454.0,16.2,0.0,0.0,0.0,0.0,0.0,0.0,4,1,0.0,0.0,0.0,0.0,0.0,Matches,2022-2023,ESP,,30.0,,,,,,,,,,,24.0,,,,,,,,,,,,,,,,,,,,,,,13.0,6.0,46.2,0.8,0.37,0.0,0.0,,,,,,,,,,,,,,,,,,
Víctor Ruiz,b3dc6eca,506,esESP,DF,Real Betis,33.0,1989.0,10,5,560.0,6.2,0.0,0.0,0.0,0.0,0.0,0.0,0,0,0.0,0.0,0.0,0.0,0.0,Matches,2022-2023,ESP,,3.0,,,,,,,,,,,6.0,,,,,,,,,,,,,,,,,,,,,,,1.0,0.0,0.0,0.16,0.0,0.0,,,,,,,,,,,,,,,,,,,
Gerónimo Rulli,625c144a,507,arARG,GK,Villarreal,30.0,1992.0,14,14,1260.0,14.0,0.0,0.0,0.0,0.0,0.0,0.0,1,0,0.0,0.0,0.0,0.0,0.0,Matches,2022-2023,ESP,,0.0,,,,,,,,,,,1.0,,,,,,,,,,,,,,,,,,,,,,,0.0,0.0,,0.0,0.0,,,14.0,14.0,1260.0,10.0,0.71,56.0,46.0,82.1,6.0,3.0,5.0,7.0,50.0,0.0,0.0,0.0,0.0,
Franco Russo,b75ac54b,508,arARG,DF,Mallorca,27.0,1994.0,3,2,145.0,1.6,0.0,0.0,0.0,0.0,0.0,0.0,0,0,0.0,0.0,0.0,0.0,0.0,Matches,2022-2023,ESP,,1.0,,,,,,,,,,,3.0,,,,,,,,,,,,,,,,,,,,,,,0.0,0.0,,0.0,0.0,,,,,,,,,,,,,,,,,,,,
Youssouf Sabaly,fbbb9269,509,snSEN,DF,Real Betis,29.0,1993.0,23,19,1680.0,18.7,1.0,1.0,2.0,1.0,0.0,0.0,2,0,0.05,0.05,0.11,0.05,0.11,Matches,2022-2023,ESP,,22.0,,,,,,,,,,,16.0,,,,,,,,,,,,,,,,,,,,,,,11.0,2.0,18.2,0.59,0.11,0.09,0.5,,,,,,,,,,,,,,,,,,
Umar Sadiq,686cbe7d,510,ngNGA,FW,Almería,25.0,1997.0,3,3,240.0,2.7,2.0,0.0,2.0,2.0,0.0,0.0,1,0,0.75,0.0,0.75,0.75,0.75,Matches,2022-2023,ESP,,0.0,,,,,,,,,,,0.0,,,,,,,,,,,,,,,,,,,,,,,7.0,3.0,42.9,2.62,1.13,0.29,0.67,,,,,,,,,,,,,,,,,,
Umar Sadiq,686cbe7d,511,ngNGA,FW,Real Sociedad,25.0,1997.0,2,1,82.0,0.9,1.0,0.0,1.0,1.0,0.0,0.0,0,0,1.1,0.0,1.1,1.1,1.1,Matches,2022-2023,ESP,,1.0,,,,,,,,,,,0.0,,,,,,,,,,,,,,,,,,,,,,,1.0,1.0,100.0,1.1,1.1,1.0,1.0,,,,,,,,,,,,,,,,,,
Samuel Sáiz,13e0eb29,512,esESP,MF,Girona,31.0,1991.0,8,1,240.0,2.7,2.0,0.0,2.0,0.0,2.0,2.0,1,0,0.75,0.0,0.75,0.0,0.0,Matches,2022-2023,ESP,,2.0,,,,,,,,,,,0.0,,,,,,,,,,,,,,,,,,,,,,,4.0,3.0,75.0,1.5,1.13,0.0,0.0,,,,,,,,,,,,,,,,,,
Kike Salas,0a69de7b,513,esESP,DF,Sevilla,20.0,2002.0,6,4,368.0,4.1,1.0,1.0,2.0,1.0,0.0,0.0,1,1,0.24,0.24,0.49,0.24,0.49,Matches,2022-2023,ESP,,1.0,,,,,,,,,,,5.0,,,,,,,,,,,,,,,,,,,,,,,3.0,1.0,33.3,0.73,0.24,0.33,1.0,,,,,,,,,,,,,,,,,,
Salvi,405f267a,514,esESP,MF,Rayo Vallecano,31.0,1991.0,24,4,490.0,5.4,0.0,0.0,0.0,0.0,0.0,0.0,2,0,0.0,0.0,0.0,0.0,0.0,Matches,2022-2023,ESP,,8.0,,,,,,,,,,,2.0,,,,,,,,,,,,,,,,,,,,,,,9.0,3.0,33.3,1.65,0.55,0.0,0.0,,,,,,,,,,,,,,,,,,
Fede San Emeterio,efecd633,515,esESP,MF,Cádiz,25.0,1997.0,33,24,1844.0,20.5,0.0,1.0,1.0,0.0,0.0,0.0,14,0,0.0,0.05,0.05,0.0,0.05,Matches,2022-2023,ESP,,22.0,,,,,,,,,,,17.0,,,,,,,,,,,,,,,,,,,,,,,6.0,1.0,16.7,0.29,0.05,0.0,0.0,,,,,,,,,,,,,,,,,,
Oihan Sancet,bdb624a3,516,esESP,MF,Athletic Club,22.0,2000.0,36,32,2532.0,28.1,10.0,2.0,12.0,8.0,2.0,2.0,6,1,0.36,0.07,0.43,0.28,0.36,Matches,2022-2023,ESP,,15.0,,,,,,,,,,,4.0,,,,,,,,,,,,,,,,,,,,,,,58.0,22.0,37.9,2.06,0.78,0.14,0.36,,,,,,,,,,,,,,,,,,
Antonio Sánchez,a254bbe0,517,esESP,"MF,DF",Mallorca,25.0,1997.0,32,11,1076.0,12.0,0.0,0.0,0.0,0.0,0.0,0.0,5,0,0.0,0.0,0.0,0.0,0.0,Matches,2022-2023,ESP,,8.0,,,,,,,,,,,22.0,,,,,,,,,,,,,,,,,,,,,,,12.0,5.0,41.7,1.0,0.42,0.0,0.0,,,,,,,,,,,,,,,,,,
Iván Sánchez,70107d4d,518,esESP,"MF,FW",Valladolid,29.0,1992.0,25,13,1154.0,12.8,1.0,1.0,2.0,1.0,0.0,0.0,0,0,0.08,0.08,0.16,0.08,0.16,Matches,2022-2023,ESP,,14.0,,,,,,,,,,,8.0,,,,,,,,,,,,,,,,,,,,,,,17.0,7.0,41.2,1.33,0.55,0.06,0.14,,,,,,,,,,,,,,,,,,
Javi Sánchez,60359288,519,esESP,DF,Valladolid,25.0,1997.0,32,28,2392.0,26.6,1.0,0.0,1.0,1.0,0.0,0.0,11,0,0.04,0.0,0.04,0.04,0.04,Matches,2022-2023,ESP,,25.0,,,,,,,,,,,48.0,,,,,,,,,,,,,,,,,,,,,,,9.0,2.0,22.2,0.34,0.08,0.11,0.5,,,,,,,,,,,,,,,,,,
Manu Sánchez,ffacd3d5,520,esESP,DF,Osasuna,21.0,2000.0,31,22,2124.0,23.6,0.0,2.0,2.0,0.0,0.0,0.0,3,0,0.0,0.08,0.08,0.0,0.08,Matches,2022-2023,ESP,,35.0,,,,,,,,,,,15.0,,,,,,,,,,,,,,,,,,,,,,,10.0,3.0,30.0,0.42,0.13,0.0,0.0,,,,,,,,,,,,,,,,,,
Esteban Saveljich,79f2a5f5,521,meMNE,DF,Rayo Vallecano,31.0,1991.0,1,0,1.0,0.0,0.0,0.0,0.0,0.0,0.0,0.0,1,0,0.0,0.0,0.0,0.0,0.0,Matches,2022-2023,ESP,,0.0,,,,,,,,,,,0.0,,,,,,,,,,,,,,,,,,,,,,,0.0,0.0,,0.0,0.0,,,,,,,,,,,,,,,,,,,,
Stefan Savić,f6ac68c1,522,meMNE,DF,Atlético Madrid,31.0,1991.0,22,22,1943.0,21.6,0.0,0.0,0.0,0.0,0.0,0.0,4,2,0.0,0.0,0.0,0.0,0.0,Matches,2022-2023,ESP,,27.0,,,,,,,,,,,33.0,,,,,,,,,,,,,,,,,,,,,,,2.0,1.0,50.0,0.09,0.05,0.0,0.0,,,,,,,,,,,,,,,,,,
Haris Seferović,a45eac1f,523,chSUI,FW,Celta Vigo,30.0,1992.0,18,10,887.0,9.9,3.0,1.0,4.0,3.0,0.0,0.0,3,0,0.3,0.1,0.41,0.3,0.41,Matches,2022-2023,ESP,,2.0,,,,,,,,,,,1.0,,,,,,,,,,,,,,,,,,,,,,,13.0,7.0,53.8,1.32,0.71,0.23,0.43,,,,,,,,,,,,,,,,,,
Jaime Seoane,a62b4888,524,esESP,MF,Getafe,25.0,1997.0,16,2,326.0,3.6,0.0,0.0,0.0,0.0,0.0,0.0,1,0,0.0,0.0,0.0,0.0,0.0,Matches,2022-2023,ESP,,4.0,,,,,,,,,,,1.0,,,,,,,,,,,,,,,,,,,,,,,2.0,0.0,0.0,0.55,0.0,0.0,,,,,,,,,,,,,,,,,,,
David Silva,e2716bd0,525,esESP,"MF,FW",Real Sociedad,36.0,1986.0,28,25,1937.0,21.5,2.0,5.0,7.0,2.0,0.0,0.0,3,0,0.09,0.23,0.33,0.09,0.33,Matches,2022-2023,ESP,,20.0,,,,,,,,,,,15.0,,,,,,,,,,,,,,,,,,,,,,,30.0,13.0,43.3,1.39,0.6,0.07,0.15,,,,,,,,,,,,,,,,,,
Rui Silva,ea83bfa6,526,ptPOR,GK,Real Betis,28.0,1994.0,26,26,2340.0,26.0,0.0,0.0,0.0,0.0,0.0,0.0,2,0,0.0,0.0,0.0,0.0,0.0,Matches,2022-2023,ESP,,2.0,,,,,,,,,,,0.0,,,,,,,,,,,,,,,,,,,,,,,0.0,0.0,,0.0,0.0,,,26.0,26.0,2340.0,32.0,1.23,103.0,73.0,70.9,12.0,4.0,10.0,9.0,34.6,2.0,2.0,0.0,0.0,0.0
Simo,7f271d74,527,esESP,DF,Espanyol,17.0,2005.0,7,0,148.0,1.6,0.0,0.0,0.0,0.0,0.0,0.0,0,0,0.0,0.0,0.0,0.0,0.0,Matches,2022-2023,ESP,,1.0,,,,,,,,,,,0.0,,,,,,,,,,,,,,,,,,,,,,,0.0,0.0,,0.0,0.0,,,,,,,,,,,,,,,,,,,,
Unai Simón,5dcf3e90,528,esESP,GK,Athletic Club,25.0,1997.0,31,31,2745.0,30.5,0.0,0.0,0.0,0.0,0.0,0.0,2,0,0.0,0.0,0.0,0.0,0.0,Matches,2022-2023,ESP,,1.0,,,,,,,,,,,0.0,,,,,,,,,,,,,,,,,,,,,,,0.0,0.0,,0.0,0.0,,,31.0,31.0,2745.0,37.0,1.21,104.0,70.0,67.3,13.0,6.0,12.0,9.0,29.0,3.0,3.0,0.0,0.0,0.0
Rubén Sobrino,19b776e9,529,esESP,"MF,FW",Cádiz,30.0,1992.0,33,28,2465.0,27.4,3.0,2.0,5.0,3.0,0.0,0.0,11,0,0.11,0.07,0.18,0.11,0.18,Matches,2022-2023,ESP,,38.0,,,,,,,,,,,24.0,,,,,,,,,,,,,,,,,,,,,,,33.0,12.0,36.4,1.2,0.44,0.09,0.25,,,,,,,,,,,,,,,,,,
Alex Sola,5fa714d5,530,esESP,DF,Real Sociedad,23.0,1999.0,10,3,349.0,3.9,0.0,0.0,0.0,0.0,0.0,0.0,1,0,0.0,0.0,0.0,0.0,0.0,Matches,2022-2023,ESP,,9.0,,,,,,,,,,,7.0,,,,,,,,,,,,,,,,,,,,,,,4.0,1.0,25.0,1.03,0.26,0.0,0.0,,,,,,,,,,,,,,,,,,
Augusto Solari,3ca6106c,531,arARG,MF,Celta Vigo,30.0,1992.0,12,3,262.0,2.9,0.0,1.0,1.0,0.0,0.0,0.0,0,0,0.0,0.34,0.34,0.0,0.34,Matches,2022-2023,ESP,,6.0,,,,,,,,,,,5.0,,,,,,,,,,,,,,,,,,,,,,,2.0,0.0,0.0,0.69,0.0,0.0,,,,,,,,,,,,,,,,,,,
Carlos Soler,fed17f5a,532,esESP,MF,Valencia,25.0,1997.0,3,3,242.0,2.7,1.0,0.0,1.0,0.0,1.0,1.0,0,0,0.37,0.0,0.37,0.0,0.0,Matches,2022-2023,ESP,,0.0,,,,,,,,,,,0.0,,,,,,,,,,,,,,,,,,,,,,,5.0,2.0,40.0,1.86,0.74,0.0,0.0,,,,,,,,,,,,,,,,,,
David Soria,8f8c6934,533,esESP,GK,Getafe,29.0,1993.0,38,38,3420.0,38.0,0.0,0.0,0.0,0.0,0.0,0.0,2,0,0.0,0.0,0.0,0.0,0.0,Matches,2022-2023,ESP,,0.0,,,,,,,,,,,1.0,,,,,,,,,,,,,,,,,,,,,,,0.0,0.0,,0.0,0.0,,,38.0,38.0,3420.0,45.0,1.18,157.0,120.0,73.9,10.0,12.0,16.0,13.0,34.2,8.0,4.0,4.0,0.0,50.0
Hugo Sotelo,3aa74860,534,esESP,MF,Celta Vigo,18.0,2003.0,1,0,17.0,0.2,0.0,0.0,0.0,0.0,0.0,0.0,0,0,0.0,0.0,0.0,0.0,0.0,Matches,2022-2023,ESP,,0.0,,,,,,,,,,,0.0,,,,,,,,,,,,,,,,,,,,,,,1.0,0.0,0.0,5.29,0.0,0.0,,,,,,,,,,,,,,,,,,,
Dyego Sousa,e4738e91,535,ptPOR,FW,Almería,32.0,1989.0,20,3,527.0,5.9,0.0,1.0,1.0,0.0,0.0,0.0,1,0,0.0,0.17,0.17,0.0,0.17,Matches,2022-2023,ESP,,6.0,,,,,,,,,,,1.0,,,,,,,,,,,,,,,,,,,,,,,13.0,5.0,38.5,2.22,0.85,0.0,0.0,,,,,,,,,,,,,,,,,,
Vinicius Souza,6a8a7af8,536,brBRA,MF,Espanyol,23.0,1999.0,34,27,2428.0,27.0,1.0,1.0,2.0,1.0,0.0,0.0,10,1,0.04,0.04,0.07,0.04,0.07,Matches,2022-2023,ESP,,66.0,,,,,,,,,,,49.0,,,,,,,,,,,,,,,,,,,,,,,10.0,4.0,40.0,0.37,0.15,0.1,0.25,,,,,,,,,,,,,,,,,,
Jørgen Strand Larsen,f553b2b3,537,noNOR,FW,Celta Vigo,22.0,2000.0,32,20,1705.0,18.9,4.0,4.0,8.0,4.0,0.0,0.0,4,0,0.21,0.21,0.42,0.21,0.42,Matches,2022-2023,ESP,,7.0,,,,,,,,,,,3.0,,,,,,,,,,,,,,,,,,,,,,,41.0,15.0,36.6,2.16,0.79,0.1,0.27,,,,,,,,,,,,,,,,,,
Cristhian Stuani,220c11f1,538,uyURU,FW,Girona,35.0,1986.0,32,8,1090.0,12.1,9.0,0.0,9.0,4.0,5.0,6.0,8,0,0.74,0.0,0.74,0.33,0.33,Matches,2022-2023,ESP,,7.0,,,,,,,,,,,2.0,,,,,,,,,,,,,,,,,,,,,,,35.0,21.0,60.0,2.89,1.73,0.11,0.19,,,,,,,,,,,,,,,,,,
Damián Suárez,ba5004e1,539,uyURU,"DF,MF",Getafe,34.0,1988.0,28,26,1946.0,21.6,1.0,1.0,2.0,1.0,0.0,0.0,7,0,0.05,0.05,0.09,0.05,0.09,Matches,2022-2023,ESP,,31.0,,,,,,,,,,,15.0,,,,,,,,,,,,,,,,,,,,,,,6.0,1.0,16.7,0.28,0.05,0.17,1.0,,,,,,,,,,,,,,,,,,
Denis Suárez,12c50af5,540,esESP,MF,Espanyol,28.0,1994.0,18,11,945.0,10.5,0.0,0.0,0.0,0.0,0.0,0.0,2,0,0.0,0.0,0.0,0.0,0.0,Matches,2022-2023,ESP,,20.0,,,,,,,,,,,6.0,,,,,,,,,,,,,,,,,,,,,,,4.0,3.0,75.0,0.38,0.29,0.0,0.0,,,,,,,,,,,,,,,,,,
Mario Suárez,7106f0a0,541,esESP,MF,Rayo Vallecano,35.0,1987.0,2,0,12.0,0.1,0.0,0.0,0.0,0.0,0.0,0.0,0,1,0.0,0.0,0.0,0.0,0.0,Matches,2022-2023,ESP,,0.0,,,,,,,,,,,0.0,,,,,,,,,,,,,,,,,,,,,,,0.0,0.0,,0.0,0.0,,,,,,,,,,,,,,,,,,,,
Suso,4e219ad2,542,esESP,"MF,FW",Sevilla,28.0,1993.0,25,10,1065.0,11.8,2.0,4.0,6.0,2.0,0.0,0.0,1,0,0.17,0.34,0.51,0.17,0.51,Matches,2022-2023,ESP,,10.0,,,,,,,,,,,2.0,,,,,,,,,,,,,,,,,,,,,,,25.0,10.0,40.0,2.11,0.85,0.08,0.2,,,,,,,,,,,,,,,,,,
Williot Swedberg,184fe4b2,543,seSWE,"FW,MF",Celta Vigo,18.0,2004.0,4,0,55.0,0.6,0.0,0.0,0.0,0.0,0.0,0.0,1,0,0.0,0.0,0.0,0.0,0.0,Matches,2022-2023,ESP,,1.0,,,,,,,,,,,0.0,,,,,,,,,,,,,,,,,,,,,,,0.0,0.0,,0.0,0.0,,,,,,,,,,,,,,,,,,,,
Alexander Sørloth,e92cd3f7,544,noNOR,FW,Real Sociedad,26.0,1995.0,34,28,2386.0,26.5,12.0,3.0,15.0,12.0,0.0,0.0,4,0,0.45,0.11,0.57,0.45,0.57,Matches,2022-2023,ESP,,9.0,,,,,,,,,,,2.0,,,,,,,,,,,,,,,,,,,,,,,63.0,28.0,44.4,2.38,1.06,0.19,0.43,,,,,,,,,,,,,,,,,,
Renato Tapia,34269bdf,545,pePER,"MF,DF",Celta Vigo,27.0,1995.0,28,16,1451.0,16.1,0.0,0.0,0.0,0.0,0.0,0.0,8,1,0.0,0.0,0.0,0.0,0.0,Matches,2022-2023,ESP,,29.0,,,,,,,,,,,20.0,,,,,,,,,,,,,,,,,,,,,,,15.0,3.0,20.0,0.93,0.19,0.0,0.0,,,,,,,,,,,,,,,,,,
Aurélien Tchouaméni,4f255115,546,frFRA,MF,Real Madrid,22.0,2000.0,33,24,2119.0,23.5,0.0,4.0,4.0,0.0,0.0,0.0,2,0,0.0,0.17,0.17,0.0,0.17,Matches,2022-2023,ESP,,38.0,,,,,,,,,,,50.0,,,,,,,,,,,,,,,,,,,,,,,38.0,6.0,15.8,1.61,0.25,0.0,0.0,,,,,,,,,,,,,,,,,,
Alex Telles,e73c9bb2,547,brBRA,"DF,MF",Sevilla,29.0,1992.0,27,15,1427.0,15.9,0.0,2.0,2.0,0.0,0.0,0.0,6,0,0.0,0.13,0.13,0.0,0.13,Matches,2022-2023,ESP,,14.0,,,,,,,,,,,21.0,,,,,,,,,,,,,,,,,,,,,,,12.0,1.0,8.3,0.76,0.06,0.0,0.0,,,,,,,,,,,,,,,,,,
Marc-André ter Stegen,6f51e382,548,deGER,GK,Barcelona,30.0,1992.0,38,38,3347.0,37.2,0.0,0.0,0.0,0.0,0.0,0.0,0,0,0.0,0.0,0.0,0.0,0.0,Matches,2022-2023,ESP,,0.0,,,,,,,,,,,0.0,,,,,,,,,,,,,,,,,,,,,,,0.0,0.0,,0.0,0.0,,,38.0,38.0,3347.0,18.0,0.48,98.0,83.0,84.7,28.0,4.0,6.0,26.0,68.4,3.0,3.0,0.0,0.0,0.0
Ramón Terrats,f36016a5,549,esESP,MF,Villarreal,21.0,2000.0,16,11,816.0,9.1,1.0,1.0,2.0,1.0,0.0,0.0,1,0,0.11,0.11,0.22,0.11,0.22,Matches,2022-2023,ESP,,10.0,,,,,,,,,,,8.0,,,,,,,,,,,,,,,,,,,,,,,15.0,6.0,40.0,1.65,0.66,0.07,0.17,,,,,,,,,,,,,,,,,,
Ramón Terrats,f36016a5,550,esESP,MF,Girona,21.0,2000.0,8,2,212.0,2.4,0.0,0.0,0.0,0.0,0.0,0.0,0,0,0.0,0.0,0.0,0.0,0.0,Matches,2022-2023,ESP,,3.0,,,,,,,,,,,3.0,,,,,,,,,,,,,,,,,,,,,,,4.0,0.0,0.0,1.7,0.0,0.0,,,,,,,,,,,,,,,,,,,
Raúl de Tomás,02ef8778,551,esESP,FW,Rayo Vallecano,27.0,1994.0,19,9,805.0,8.9,4.0,0.0,4.0,3.0,1.0,2.0,2,0,0.45,0.0,0.45,0.34,0.34,Matches,2022-2023,ESP,,2.0,,,,,,,,,,,0.0,,,,,,,,,,,,,,,,,,,,,,,43.0,16.0,37.2,4.81,1.79,0.07,0.19,,,,,,,,,,,,,,,,,,
Pablo Torre,04e531b6,552,esESP,FW,Barcelona,19.0,2003.0,8,1,144.0,1.6,0.0,0.0,0.0,0.0,0.0,0.0,0,0,0.0,0.0,0.0,0.0,0.0,Matches,2022-2023,ESP,,1.0,,,,,,,,,,,2.0,,,,,,,,,,,,,,,,,,,,,,,1.0,0.0,0.0,0.62,0.0,0.0,,,,,,,,,,,,,,,,,,,
David Torres,381dbcfc,553,esESP,DF,Valladolid,19.0,2003.0,7,2,385.0,4.3,0.0,0.0,0.0,0.0,0.0,0.0,1,0,0.0,0.0,0.0,0.0,0.0,Matches,2022-2023,ESP,,2.0,,,,,,,,,,,2.0,,,,,,,,,,,,,,,,,,,,,,,1.0,0.0,0.0,0.23,0.0,0.0,,,,,,,,,,,,,,,,,,,
Ferrán Torres,9e1035f8,554,esESP,FW,Barcelona,22.0,2000.0,33,14,1392.0,15.5,4.0,2.0,6.0,4.0,0.0,1.0,5,1,0.26,0.13,0.39,0.26,0.39,Matches,2022-2023,ESP,,7.0,,,,,,,,,,,2.0,,,,,,,,,,,,,,,,,,,,,,,38.0,12.0,31.6,2.46,0.78,0.11,0.33,,,,,,,,,,,,,,,,,,
Óliver Torres,58a9a4d9,555,esESP,MF,Sevilla,27.0,1994.0,32,27,2137.0,23.7,3.0,1.0,4.0,3.0,0.0,0.0,2,0,0.13,0.04,0.17,0.13,0.17,Matches,2022-2023,ESP,,21.0,,,,,,,,,,,11.0,,,,,,,,,,,,,,,,,,,,,,,21.0,8.0,38.1,0.88,0.34,0.14,0.38,,,,,,,,,,,,,,,,,,
Pau Torres,532e1e4f,556,esESP,DF,Villarreal,25.0,1997.0,34,34,3054.0,33.9,1.0,0.0,1.0,1.0,0.0,0.0,10,0,0.03,0.0,0.03,0.03,0.03,Matches,2022-2023,ESP,,24.0,,,,,,,,,,,14.0,,,,,,,,,,,,,,,,,,,,,,,12.0,5.0,41.7,0.35,0.15,0.08,0.2,,,,,,,,,,,,,,,,,,
Roberto Torres,d733aa38,557,esESP,MF,Osasuna,33.0,1989.0,2,0,11.0,0.1,0.0,0.0,0.0,0.0,0.0,0.0,0,0,0.0,0.0,0.0,0.0,0.0,Matches,2022-2023,ESP,,0.0,,,,,,,,,,,0.0,,,,,,,,,,,,,,,,,,,,,,,0.0,0.0,,0.0,0.0,,,,,,,,,,,,,,,,,,,,
Lucas Torró,0e4fef6e,558,esESP,MF,Osasuna,28.0,1994.0,33,31,2477.0,27.5,1.0,0.0,1.0,1.0,0.0,0.0,10,0,0.04,0.0,0.04,0.04,0.04,Matches,2022-2023,ESP,,29.0,,,,,,,,,,,41.0,,,,,,,,,,,,,,,,,,,,,,,28.0,4.0,14.3,1.02,0.15,0.04,0.25,,,,,,,,,,,,,,,,,,
Nabil Touaizi,e96b2583,559,maMAR,FW,Espanyol,21.0,2001.0,1,0,3.0,0.0,0.0,0.0,0.0,0.0,0.0,0.0,0,0,0.0,0.0,0.0,0.0,0.0,Matches,2022-2023,ESP,,0.0,,,,,,,,,,,0.0,,,,,,,,,,,,,,,,,,,,,,,0.0,0.0,,0.0,0.0,,,,,,,,,,,,,,,,,,,,
Óscar Trejo,fc647b34,560,arARG,"MF,FW",Rayo Vallecano,34.0,1988.0,34,28,2145.0,23.8,3.0,4.0,7.0,2.0,1.0,2.0,9,0,0.13,0.17,0.29,0.08,0.25,Matches,2022-2023,ESP,,33.0,,,,,,,,,,,10.0,,,,,,,,,,,,,,,,,,,,,,,24.0,8.0,33.3,1.01,0.34,0.08,0.25,,,,,,,,,,,,,,,,,,
Manu Trigueros,963829d0,561,esESP,MF,Villarreal,30.0,1991.0,23,8,828.0,9.2,0.0,1.0,1.0,0.0,0.0,0.0,2,1,0.0,0.11,0.11,0.0,0.11,Matches,2022-2023,ESP,,14.0,,,,,,,,,,,4.0,,,,,,,,,,,,,,,,,,,,,,,8.0,2.0,25.0,0.87,0.22,0.0,0.0,,,,,,,,,,,,,,,,,,
Viktor Tsyhankov,f7e87032,562,uaUKR,MF,Girona,24.0,1997.0,19,17,1489.0,16.5,3.0,6.0,9.0,3.0,0.0,0.0,0,0,0.18,0.36,0.54,0.18,0.54,Matches,2022-2023,ESP,,8.0,,,,,,,,,,,7.0,,,,,,,,,,,,,,,,,,,,,,,19.0,9.0,47.4,1.15,0.54,0.16,0.33,,,,,,,,,,,,,,,,,,
Beñat Turrientes,068f4dec,563,esESP,MF,Real Sociedad,20.0,2002.0,6,1,106.0,1.2,0.0,0.0,0.0,0.0,0.0,0.0,0,0,0.0,0.0,0.0,0.0,0.0,Matches,2022-2023,ESP,,3.0,,,,,,,,,,,0.0,,,,,,,,,,,,,,,,,,,,,,,0.0,0.0,,0.0,0.0,,,,,,,,,,,,,,,,,,,,
Enes Ünal,f8eca1b6,564,trTUR,FW,Getafe,25.0,1997.0,35,35,2970.0,33.0,14.0,3.0,17.0,9.0,5.0,6.0,6,0,0.42,0.09,0.52,0.27,0.36,Matches,2022-2023,ESP,,14.0,,,,,,,,,,,6.0,,,,,,,,,,,,,,,,,,,,,,,88.0,37.0,42.0,2.67,1.12,0.1,0.24,,,,,,,,,,,,,,,,,,
Oscar Ureña,2dd7e29d,565,doDOM,MF,Girona,19.0,2003.0,3,1,100.0,1.1,0.0,0.0,0.0,0.0,0.0,0.0,0,0,0.0,0.0,0.0,0.0,0.0,Matches,2022-2023,ESP,,2.0,,,,,,,,,,,1.0,,,,,,,,,,,,,,,,,,,,,,,1.0,1.0,100.0,0.9,0.9,0.0,0.0,,,,,,,,,,,,,,,,,,
Óscar Valentín,592f3158,566,esESP,MF,Rayo Vallecano,27.0,1994.0,34,29,2555.0,28.4,0.0,0.0,0.0,0.0,0.0,0.0,11,0,0.0,0.0,0.0,0.0,0.0,Matches,2022-2023,ESP,,56.0,,,,,,,,,,,46.0,,,,,,,,,,,,,,,,,,,,,,,13.0,1.0,7.7,0.46,0.04,0.0,0.0,,,,,,,,,,,,,,,,,,
Martin Valjent,f2c6ac01,567,skSVK,DF,Mallorca,26.0,1995.0,30,30,2656.0,29.5,0.0,0.0,0.0,0.0,0.0,0.0,8,0,0.0,0.0,0.0,0.0,0.0,Matches,2022-2023,ESP,,26.0,,,,,,,,,,,31.0,,,,,,,,,,,,,,,,,,,,,,,6.0,2.0,33.3,0.2,0.07,0.0,0.0,,,,,,,,,,,,,,,,,,
Jesús Vallejo,c2111b45,568,esESP,DF,Real Madrid,25.0,1997.0,1,0,22.0,0.2,0.0,0.0,0.0,0.0,0.0,0.0,0,0,0.0,0.0,0.0,0.0,0.0,Matches,2022-2023,ESP,,0.0,,,,,,,,,,,0.0,,,,,,,,,,,,,,,,,,,,,,,1.0,1.0,100.0,4.09,4.09,0.0,0.0,,,,,,,,,,,,,,,,,,
Manu Vallejo,0bc4e720,569,esESP,"MF,FW",Girona,25.0,1997.0,7,2,206.0,2.3,0.0,1.0,1.0,0.0,0.0,0.0,0,0,0.0,0.44,0.44,0.0,0.44,Matches,2022-2023,ESP,,1.0,,,,,,,,,,,0.0,,,,,,,,,,,,,,,,,,,,,,,1.0,1.0,100.0,0.44,0.44,0.0,0.0,,,,,,,,,,,,,,,,,,
Federico Valverde,0959c2a2,570,uyURU,"MF,FW",Real Madrid,24.0,1998.0,34,29,2502.0,27.8,7.0,4.0,11.0,7.0,0.0,0.0,2,0,0.25,0.14,0.4,0.25,0.4,Matches,2022-2023,ESP,,20.0,,,,,,,,,,,16.0,,,,,,,,,,,,,,,,,,,,,,,63.0,21.0,33.3,2.27,0.76,0.11,0.33,,,,,,,,,,,,,,,,,,
Jesus Vazquez,106c142c,571,esESP,DF,Valencia,19.0,2003.0,10,3,310.0,3.4,0.0,0.0,0.0,0.0,0.0,0.0,1,0,0.0,0.0,0.0,0.0,0.0,Matches,2022-2023,ESP,,8.0,,,,,,,,,,,1.0,,,,,,,,,,,,,,,,,,,,,,,6.0,1.0,16.7,1.74,0.29,0.0,0.0,,,,,,,,,,,,,,,,,,
Kevin Vázquez,ee923664,572,esESP,"DF,MF",Celta Vigo,29.0,1993.0,10,6,441.0,4.9,0.0,0.0,0.0,0.0,0.0,0.0,2,0,0.0,0.0,0.0,0.0,0.0,Matches,2022-2023,ESP,,9.0,,,,,,,,,,,1.0,,,,,,,,,,,,,,,,,,,,,,,0.0,0.0,,0.0,0.0,,,,,,,,,,,,,,,,,,,,
Lucas Vázquez,fd51b456,573,esESP,DF,Real Madrid,31.0,1991.0,23,12,1144.0,12.7,4.0,1.0,5.0,4.0,0.0,0.0,2,0,0.31,0.08,0.39,0.31,0.39,Matches,2022-2023,ESP,,23.0,,,,,,,,,,,6.0,,,,,,,,,,,,,,,,,,,,,,,14.0,7.0,50.0,1.1,0.55,0.29,0.57,,,,,,,,,,,,,,,,,,
Gabriel Veiga,35a6e5c7,574,esESP,MF,Celta Vigo,20.0,2002.0,36,28,2294.0,25.5,11.0,4.0,15.0,11.0,0.0,0.0,6,1,0.43,0.16,0.59,0.43,0.59,Matches,2022-2023,ESP,,21.0,,,,,,,,,,,21.0,,,,,,,,,,,,,,,,,,,,,,,62.0,29.0,46.8,2.43,1.14,0.18,0.38,,,,,,,,,,,,,,,,,,
Unai Vencedor Paris,4112ace5,575,esESP,MF,Athletic Club,21.0,2000.0,10,0,193.0,2.1,0.0,0.0,0.0,0.0,0.0,0.0,2,0,0.0,0.0,0.0,0.0,0.0,Matches,2022-2023,ESP,,1.0,,,,,,,,,,,1.0,,,,,,,,,,,,,,,,,,,,,,,3.0,2.0,66.7,1.4,0.93,0.0,0.0,,,,,,,,,,,,,,,,,,
Gonzalo Verdú,1c2c55fc,576,esESP,DF,Elche,33.0,1988.0,16,9,703.0,7.8,1.0,0.0,1.0,1.0,0.0,0.0,1,2,0.13,0.0,0.13,0.13,0.13,Matches,2022-2023,ESP,,5.0,,,,,,,,,,,10.0,,,,,,,,,,,,,,,,,,,,,,,9.0,2.0,22.2,1.15,0.26,0.11,0.5,,,,,,,,,,,,,,,,,,
Mikel Vesga,b0fce72c,577,esESP,MF,Athletic Club,29.0,1993.0,36,28,2575.0,28.6,3.0,3.0,6.0,1.0,2.0,3.0,5,0,0.1,0.1,0.21,0.03,0.14,Matches,2022-2023,ESP,,37.0,,,,,,,,,,,35.0,,,,,,,,,,,,,,,,,,,,,,,29.0,6.0,20.7,1.01,0.21,0.03,0.17,,,,,,,,,,,,,,,,,,
Aleix Vidal,04965583,578,esESP,"MF,FW",Espanyol,32.0,1989.0,25,10,1025.0,11.4,0.0,3.0,3.0,0.0,0.0,0.0,10,1,0.0,0.26,0.26,0.0,0.26,Matches,2022-2023,ESP,,5.0,,,,,,,,,,,13.0,,,,,,,,,,,,,,,,,,,,,,,3.0,2.0,66.7,0.26,0.18,0.0,0.0,,,,,,,,,,,,,,,,,,
Nacho Vidal,3a9c4b7b,579,esESP,DF,Osasuna,27.0,1995.0,20,15,1247.0,13.9,0.0,0.0,0.0,0.0,0.0,0.0,4,0,0.0,0.0,0.0,0.0,0.0,Matches,2022-2023,ESP,,14.0,,,,,,,,,,,19.0,,,,,,,,,,,,,,,,,,,,,,,9.0,2.0,22.2,0.65,0.14,0.0,0.0,,,,,,,,,,,,,,,,,,
Toni Villa,636eae97,580,esESP,MF,Valladolid,27.0,1995.0,2,1,91.0,1.0,0.0,0.0,0.0,0.0,0.0,0.0,0,0,0.0,0.0,0.0,0.0,0.0,Matches,2022-2023,ESP,,1.0,,,,,,,,,,,0.0,,,,,,,,,,,,,,,,,,,,,,,0.0,0.0,,0.0,0.0,,,,,,,,,,,,,,,,,,,,
Toni Villa,636eae97,581,esESP,MF,Girona,27.0,1995.0,24,12,895.0,9.9,1.0,3.0,4.0,1.0,0.0,0.0,2,0,0.1,0.3,0.4,0.1,0.4,Matches,2022-2023,ESP,,18.0,,,,,,,,,,,8.0,,,,,,,,,,,,,,,,,,,,,,,17.0,3.0,17.6,1.71,0.3,0.06,0.33,,,,,,,,,,,,,,,,,,
Asier Villalibre,57be54ec,582,esESP,FW,Athletic Club,24.0,1997.0,5,1,97.0,1.1,0.0,0.0,0.0,0.0,0.0,0.0,0,0,0.0,0.0,0.0,0.0,0.0,Matches,2022-2023,ESP,,0.0,,,,,,,,,,,0.0,,,,,,,,,,,,,,,,,,,,,,,4.0,1.0,25.0,3.71,0.93,0.0,0.0,,,,,,,,,,,,,,,,,,
Gonzalo Villar,bdc74a8f,583,esESP,MF,Getafe,24.0,1998.0,16,3,457.0,5.1,0.0,0.0,0.0,0.0,0.0,0.0,5,0,0.0,0.0,0.0,0.0,0.0,Matches,2022-2023,ESP,,5.0,,,,,,,,,,,6.0,,,,,,,,,,,,,,,,,,,,,,,3.0,1.0,33.3,0.59,0.2,0.0,0.0,,,,,,,,,,,,,,,,,,
Iván Villar,cde52ef5,584,esESP,GK,Celta Vigo,25.0,1997.0,19,19,1710.0,19.0,0.0,0.0,0.0,0.0,0.0,0.0,0,0,0.0,0.0,0.0,0.0,0.0,Matches,2022-2023,ESP,,0.0,,,,,,,,,,,0.0,,,,,,,,,,,,,,,,,,,,,,,0.0,0.0,,0.0,0.0,,,19.0,19.0,1710.0,24.0,1.26,59.0,38.0,64.4,6.0,5.0,8.0,4.0,21.1,4.0,3.0,0.0,1.0,0.0
Daniel Vivian,ab7bf91d,585,esESP,DF,Athletic Club,23.0,1999.0,29,26,2376.0,26.4,1.0,0.0,1.0,1.0,0.0,0.0,7,1,0.04,0.0,0.04,0.04,0.04,Matches,2022-2023,ESP,,33.0,,,,,,,,,,,24.0,,,,,,,,,,,,,,,,,,,,,,,13.0,2.0,15.4,0.49,0.08,0.08,0.5,,,,,,,,,,,,,,,,,,
Shon Weissman,379dc075,586,ilISR,FW,Valladolid,26.0,1996.0,15,6,747.0,8.3,1.0,0.0,1.0,1.0,0.0,0.0,1,0,0.12,0.0,0.12,0.12,0.12,Matches,2022-2023,ESP,,1.0,,,,,,,,,,,1.0,,,,,,,,,,,,,,,,,,,,,,,18.0,7.0,38.9,2.17,0.84,0.06,0.14,,,,,,,,,,,,,,,,,,
Axel Werner,c0b1a6da,587,arARG,GK,Elche,26.0,1996.0,2,2,180.0,2.0,0.0,0.0,0.0,0.0,0.0,0.0,0,0,0.0,0.0,0.0,0.0,0.0,Matches,2022-2023,ESP,,0.0,,,,,,,,,,,0.0,,,,,,,,,,,,,,,,,,,,,,,0.0,0.0,,0.0,0.0,,,2.0,2.0,180.0,4.0,2.0,9.0,5.0,55.6,0.0,0.0,2.0,0.0,0.0,0.0,0.0,0.0,0.0,
Iñaki Williams,6a99e0b1,588,ghGHA,"FW,MF",Athletic Club,28.0,1994.0,36,34,2836.0,31.5,10.0,3.0,13.0,9.0,1.0,2.0,2,0,0.32,0.1,0.41,0.29,0.38,Matches,2022-2023,ESP,,16.0,,,,,,,,,,,7.0,,,,,,,,,,,,,,,,,,,,,,,85.0,35.0,41.2,2.7,1.11,0.11,0.26,,,,,,,,,,,,,,,,,,
Nico Williams,afdc14d7,589,esESP,MF,Athletic Club,20.0,2002.0,36,32,2656.0,29.5,6.0,4.0,10.0,6.0,0.0,0.0,3,0,0.2,0.14,0.34,0.2,0.34,Matches,2022-2023,ESP,,15.0,,,,,,,,,,,8.0,,,,,,,,,,,,,,,,,,,,,,,61.0,20.0,32.8,2.07,0.68,0.1,0.3,,,,,,,,,,,,,,,,,,
Axel Witsel,5dfc6ad5,590,beBEL,"DF,MF",Atlético Madrid,33.0,1989.0,33,25,2258.0,25.1,0.0,0.0,0.0,0.0,0.0,0.0,2,1,0.0,0.0,0.0,0.0,0.0,Matches,2022-2023,ESP,,24.0,,,,,,,,,,,24.0,,,,,,,,,,,,,,,,,,,,,,,9.0,0.0,0.0,0.36,0.0,0.0,,,,,,,,,,,,,,,,,,,
Lamine Yamal,82ec26c1,591,esESP,"FW,MF",Barcelona,15.0,2007.0,1,0,8.0,0.1,0.0,0.0,0.0,0.0,0.0,0.0,0,0,0.0,0.0,0.0,0.0,0.0,Matches,2022-2023,ESP,,0.0,,,,,,,,,,,0.0,,,,,,,,,,,,,,,,,,,,,,,1.0,1.0,100.0,11.25,11.25,0.0,0.0,,,,,,,,,,,,,,,,,,
Jawad El Yamiq,f6f6b6e8,592,maMAR,DF,Valladolid,30.0,1992.0,25,19,1608.0,17.9,1.0,0.0,1.0,1.0,0.0,0.0,1,1,0.06,0.0,0.06,0.06,0.06,Matches,2022-2023,ESP,,11.0,,,,,,,,,,,41.0,,,,,,,,,,,,,,,,,,,,,,,17.0,4.0,23.5,0.95,0.22,0.06,0.25,,,,,,,,,,,,,,,,,,
Joseba Zaldúa,5ca20b7a,593,esESP,DF,Cádiz,30.0,1992.0,10,7,639.0,7.1,0.0,1.0,1.0,0.0,0.0,0.0,4,0,0.0,0.14,0.14,0.0,0.14,Matches,2022-2023,ESP,,6.0,,,,,,,,,,,11.0,,,,,,,,,,,,,,,,,,,,,,,1.0,0.0,0.0,0.14,0.0,0.0,,,,,,,,,,,,,,,,,,,
Oier Zarraga,968a1c2f,594,esESP,MF,Athletic Club,23.0,1999.0,26,6,852.0,9.5,0.0,0.0,0.0,0.0,0.0,0.0,5,0,0.0,0.0,0.0,0.0,0.0,Matches,2022-2023,ESP,,11.0,,,,,,,,,,,9.0,,,,,,,,,,,,,,,,,,,,,,,18.0,5.0,27.8,1.9,0.53,0.0,0.0,,,,,,,,,,,,,,,,,,
Igor Zubeldia,5c7845f6,595,esESP,DF,Real Sociedad,25.0,1997.0,31,29,2542.0,28.2,1.0,1.0,2.0,1.0,0.0,0.0,11,0,0.04,0.04,0.07,0.04,0.07,Matches,2022-2023,ESP,,18.0,,,,,,,,,,,20.0,,,,,,,,,,,,,,,,,,,,,,,6.0,1.0,16.7,0.21,0.04,0.17,1.0,,,,,,,,,,,,,,,,,,
Martín Zubimendi,3ee0dd59,596,esESP,MF,Real Sociedad,23.0,1999.0,36,35,3101.0,34.5,1.0,3.0,4.0,1.0,0.0,0.0,12,0,0.03,0.09,0.12,0.03,0.12,Matches,2022-2023,ESP,,32.0,,,,,,,,,,,39.0,,,,,,,,,,,,,,,,,,,,,,,13.0,2.0,15.4,0.38,0.06,0.08,0.5,,,,,,,,,,,,,,,,,,
Brenden Aaronson,5bc43860,1,usUSA,MF,Leeds United,21.0,2000.0,36,28,2372.0,26.4,1.0,3.0,4.0,1.0,0.0,0.0,2,0,0.04,0.11,0.15,0.04,0.15,Matches,2022-2023,EPL,,18.0,,,,,,,,,,,4.0,,,,,,,,,,,,,,,,,,,,,,,41.0,9.0,22.0,1.56,0.34,0.02,0.11,,,,,,,,,,,,,,,,,,
George Abbott,56628958,2,engENG,MF,Tottenham Hotspur,16.0,2005.0,1,0,1.0,0.0,0.0,0.0,0.0,0.0,0.0,0.0,0,0,0.0,0.0,0.0,0.0,0.0,Matches,2022-2023,EPL,,0.0,,,,,,,,,,,1.0,,,,,,,,,,,,,,,,,,,,,,,0.0,0.0,,0.0,0.0,,,,,,,,,,,,,,,,,,,,
Che Adams,f2bf1b0f,3,sctSCO,FW,Southampton,26.0,1996.0,28,23,1992.0,22.1,5.0,3.0,8.0,5.0,0.0,0.0,1,0,0.23,0.14,0.36,0.23,0.36,Matches,2022-2023,EPL,,13.0,,,,,,,,,,,4.0,,,,,,,,,,,,,,,,,,,,,,,47.0,15.0,31.9,2.12,0.68,0.11,0.33,,,,,,,,,,,,,,,,,,
Tyler Adams,2b09d998,4,usUSA,MF,Leeds United,23.0,1999.0,24,24,2156.0,24.0,0.0,0.0,0.0,0.0,0.0,0.0,6,1,0.0,0.0,0.0,0.0,0.0,Matches,2022-2023,EPL,,44.0,,,,,,,,,,,32.0,,,,,,,,,,,,,,,,,,,,,,,4.0,0.0,0.0,0.17,0.0,0.0,,,,,,,,,,,,,,,,,,,
Tosin Adarabioyo,c81d773d,5,engENG,DF,Fulham,24.0,1997.0,25,23,2085.0,23.2,1.0,0.0,1.0,1.0,0.0,0.0,4,0,0.04,0.0,0.04,0.04,0.04,Matches,2022-2023,EPL,,14.0,,,,,,,,,,,25.0,,,,,,,,,,,,,,,,,,,,,,,17.0,4.0,23.5,0.73,0.17,0.06,0.25,,,,,,,,,,,,,,,,,,
Nayef Aguerd,288e1e13,6,maMAR,DF,West Ham United,26.0,1996.0,18,17,1595.0,17.7,2.0,0.0,2.0,2.0,0.0,0.0,4,0,0.11,0.0,0.11,0.11,0.11,Matches,2022-2023,EPL,,20.0,,,,,,,,,,,19.0,,,,,,,,,,,,,,,,,,,,,,,12.0,2.0,16.7,0.68,0.11,0.17,1.0,,,,,,,,,,,,,,,,,,
Naouirou Ahamada,a6c58494,7,frFRA,MF,Crystal Palace,20.0,2002.0,8,0,94.0,1.0,0.0,0.0,0.0,0.0,0.0,0.0,1,0,0.0,0.0,0.0,0.0,0.0,Matches,2022-2023,EPL,,3.0,,,,,,,,,,,0.0,,,,,,,,,,,,,,,,,,,,,,,3.0,0.0,0.0,2.87,0.0,0.0,,,,,,,,,,,,,,,,,,,
Rayan Aït-Nouri,9b398aea,8,dzALG,"DF,MF",Wolves,21.0,2001.0,21,9,1076.0,12.0,1.0,0.0,1.0,1.0,0.0,0.0,4,0,0.08,0.0,0.08,0.08,0.08,Matches,2022-2023,EPL,,19.0,,,,,,,,,,,11.0,,,,,,,,,,,,,,,,,,,,,,,10.0,5.0,50.0,0.84,0.42,0.1,0.2,,,,,,,,,,,,,,,,,,
Kristoffer Ajer,a8c0acb7,9,noNOR,DF,Brentford,24.0,1998.0,9,9,763.0,8.5,0.0,0.0,0.0,0.0,0.0,0.0,0,0,0.0,0.0,0.0,0.0,0.0,Matches,2022-2023,EPL,,8.0,,,,,,,,,,,6.0,,,,,,,,,,,,,,,,,,,,,,,1.0,0.0,0.0,0.12,0.0,0.0,,,,,,,,,,,,,,,,,,,
Manuel Akanji,89ac64a6,10,chSUI,"DF,MF",Manchester City,27.0,1995.0,29,24,2287.0,25.4,0.0,1.0,1.0,0.0,0.0,0.0,2,0,0.0,0.04,0.04,0.0,0.04,Matches,2022-2023,EPL,,24.0,,,,,,,,,,,15.0,,,,,,,,,,,,,,,,,,,,,,,15.0,3.0,20.0,0.59,0.12,0.0,0.0,,,,,,,,,,,,,,,,,,
Nathan Aké,eaeca114,11,nlNED,DF,Manchester City,27.0,1995.0,26,22,1873.0,20.8,1.0,0.0,1.0,1.0,0.0,0.0,2,0,0.05,0.0,0.05,0.05,0.05,Matches,2022-2023,EPL,,12.0,,,,,,,,,,,19.0,,,,,,,,,,,,,,,,,,,,,,,9.0,2.0,22.2,0.43,0.1,0.11,0.5,,,,,,,,,,,,,,,,,,
Marc Albrighton,b827d5b3,12,engENG,MF,Leicester City,32.0,1989.0,6,1,237.0,2.6,1.0,0.0,1.0,1.0,0.0,0.0,0,0,0.38,0.0,0.38,0.38,0.38,Matches,2022-2023,EPL,,1.0,,,,,,,,,,,1.0,,,,,,,,,,,,,,,,,,,,,,,2.0,1.0,50.0,0.76,0.38,0.5,1.0,,,,,,,,,,,,,,,,,,
Thiago Alcántara,77e84962,13,esESP,MF,Liverpool,31.0,1991.0,18,14,1254.0,13.9,0.0,0.0,0.0,0.0,0.0,0.0,2,0,0.0,0.0,0.0,0.0,0.0,Matches,2022-2023,EPL,,27.0,,,,,,,,,,,20.0,,,,,,,,,,,,,,,,,,,,,,,10.0,1.0,10.0,0.72,0.07,0.0,0.0,,,,,,,,,,,,,,,,,,
Carlos Alcaraz,4abac767,14,arARG,"MF,FW",Southampton,19.0,2002.0,18,13,1029.0,11.4,4.0,2.0,6.0,4.0,0.0,0.0,3,0,0.35,0.17,0.52,0.35,0.52,Matches,2022-2023,EPL,,5.0,,,,,,,,,,,1.0,,,,,,,,,,,,,,,,,,,,,,,24.0,10.0,41.7,2.1,0.87,0.17,0.4,,,,,,,,,,,,,,,,,,
Trent Alexander-Arnold,cd1acf9d,15,engENG,DF,Liverpool,23.0,1998.0,37,34,2923.0,32.5,2.0,9.0,11.0,2.0,0.0,0.0,5,0,0.06,0.28,0.34,0.06,0.34,Matches,2022-2023,EPL,,38.0,,,,,,,,,,,40.0,,,,,,,,,,,,,,,,,,,,,,,40.0,8.0,20.0,1.23,0.25,0.05,0.25,,,,,,,,,,,,,,,,,,
Alisson,7a2e46a8,16,brBRA,GK,Liverpool,29.0,1992.0,37,37,3330.0,37.0,0.0,1.0,1.0,0.0,0.0,0.0,1,0,0.0,0.03,0.03,0.0,0.03,Matches,2022-2023,EPL,,0.0,,,,,,,,,,,0.0,,,,,,,,,,,,,,,,,,,,,,,0.0,0.0,,0.0,0.0,,,37.0,37.0,3330.0,43.0,1.16,146.0,104.0,71.9,19.0,9.0,9.0,14.0,37.8,4.0,2.0,1.0,1.0,33.3
Dele Alli,cea4ee8f,17,engENG,"FW,MF",Everton,26.0,1996.0,2,0,40.0,0.4,0.0,0.0,0.0,0.0,0.0,0.0,0,0,0.0,0.0,0.0,0.0,0.0,Matches,2022-2023,EPL,,0.0,,,,,,,,,,,0.0,,,,,,,,,,,,,,,,,,,,,,,0.0,0.0,,0.0,0.0,,,,,,,,,,,,,,,,,,,,
Miguel Almirón,862a1c15,18,pyPAR,FW,Newcastle United,28.0,1994.0,34,29,2491.0,27.7,11.0,2.0,13.0,11.0,0.0,0.0,2,0,0.4,0.07,0.47,0.4,0.47,Matches,2022-2023,EPL,,29.0,,,,,,,,,,,10.0,,,,,,,,,,,,,,,,,,,,,,,69.0,21.0,30.4,2.49,0.76,0.16,0.52,,,,,,,,,,,,,,,,,,
Julián Álvarez,15ab5a2b,19,arARG,"MF,FW",Manchester City,22.0,2000.0,31,13,1465.0,16.3,9.0,0.0,9.0,8.0,1.0,1.0,0,0,0.55,0.0,0.55,0.49,0.49,Matches,2022-2023,EPL,,16.0,,,,,,,,,,,2.0,,,,,,,,,,,,,,,,,,,,,,,47.0,22.0,46.8,2.89,1.35,0.17,0.36,,,,,,,,,,,,,,,,,,
Daniel Amartey,1a4ef233,20,ghGHA,DF,Leicester City,27.0,1994.0,20,18,1610.0,17.9,0.0,0.0,0.0,0.0,0.0,0.0,1,0,0.0,0.0,0.0,0.0,0.0,Matches,2022-2023,EPL,,8.0,,,,,,,,,,,9.0,,,,,,,,,,,,,,,,,,,,,,,6.0,2.0,33.3,0.34,0.11,0.0,0.0,,,,,,,,,,,,,,,,,,
Samuel Amo-Ameyaw,9eedf0e0,21,engENG,"FW,MF",Southampton,16.0,2006.0,1,0,4.0,0.0,0.0,0.0,0.0,0.0,0.0,0.0,0,0,0.0,0.0,0.0,0.0,0.0,Matches,2022-2023,EPL,,0.0,,,,,,,,,,,0.0,,,,,,,,,,,,,,,,,,,,,,,0.0,0.0,,0.0,0.0,,,,,,,,,,,,,,,,,,,,
Joachim Andersen,e34fc66d,22,dkDEN,DF,Crystal Palace,26.0,1996.0,32,32,2782.0,30.9,1.0,0.0,1.0,1.0,0.0,0.0,8,0,0.03,0.0,0.03,0.03,0.03,Matches,2022-2023,EPL,,21.0,,,,,,,,,,,27.0,,,,,,,,,,,,,,,,,,,,,,,22.0,9.0,40.9,0.71,0.29,0.05,0.11,,,,,,,,,,,,,,,,,,
Elliot Anderson,de31038e,23,engENG,MF,Newcastle United,19.0,2002.0,22,3,410.0,4.6,0.0,1.0,1.0,0.0,0.0,0.0,0,0,0.0,0.22,0.22,0.0,0.22,Matches,2022-2023,EPL,,5.0,,,,,,,,,,,5.0,,,,,,,,,,,,,,,,,,,,,,,11.0,4.0,36.4,2.41,0.88,0.0,0.0,,,,,,,,,,,,,,,,,,
Jaidon Anthony,e4238fb1,24,engENG,MF,Bournemouth,22.0,1999.0,30,11,1257.0,14.0,3.0,1.0,4.0,3.0,0.0,0.0,2,0,0.21,0.07,0.29,0.21,0.29,Matches,2022-2023,EPL,,17.0,,,,,,,,,,,10.0,,,,,,,,,,,,,,,,,,,,,,,21.0,13.0,61.9,1.5,0.93,0.14,0.23,,,,,,,,,,,,,,,,,,
Michail Antonio,ac05f970,25,jmJAM,FW,West Ham United,32.0,1990.0,33,21,1829.0,20.3,5.0,3.0,8.0,5.0,0.0,0.0,2,0,0.25,0.15,0.39,0.25,0.39,Matches,2022-2023,EPL,,7.0,,,,,,,,,,,5.0,,,,,,,,,,,,,,,,,,,,,,,39.0,13.0,33.3,1.92,0.64,0.13,0.38,,,,,,,,,,,,,,,,,,
Antony,99127249,26,brBRA,MF,Manchester Utd,22.0,2000.0,25,23,1802.0,20.0,4.0,2.0,6.0,4.0,0.0,0.0,5,0,0.2,0.1,0.3,0.2,0.3,Matches,2022-2023,EPL,,9.0,,,,,,,,,,,11.0,,,,,,,,,,,,,,,,,,,,,,,72.0,24.0,33.3,3.6,1.2,0.06,0.17,,,,,,,,,,,,,,,,,,
Cameron Archer,05e8ca6d,27,engENG,FW,Aston Villa,21.0,2001.0,6,0,49.0,0.5,0.0,0.0,0.0,0.0,0.0,0.0,0,0,0.0,0.0,0.0,0.0,0.0,Matches,2022-2023,EPL,,0.0,,,,,,,,,,,0.0,,,,,,,,,,,,,,,,,,,,,,,0.0,0.0,,0.0,0.0,,,,,,,,,,,,,,,,,,,,
Alphonse Areola,2f965a72,28,frFRA,GK,West Ham United,29.0,1993.0,5,2,309.0,3.4,0.0,0.0,0.0,0.0,0.0,0.0,0,0,0.0,0.0,0.0,0.0,0.0,Matches,2022-2023,EPL,,0.0,,,,,,,,,,,0.0,,,,,,,,,,,,,,,,,,,,,,,0.0,0.0,,0.0,0.0,,,5.0,2.0,309.0,7.0,2.04,14.0,9.0,64.3,0.0,1.0,1.0,1.0,50.0,2.0,2.0,0.0,0.0,0.0
Joe Aribo,328f7d51,29,ngNGA,"MF,FW",Southampton,26.0,1996.0,21,13,1224.0,13.6,2.0,0.0,2.0,2.0,0.0,0.0,2,0,0.15,0.0,0.15,0.15,0.15,Matches,2022-2023,EPL,,19.0,,,,,,,,,,,10.0,,,,,,,,,,,,,,,,,,,,,,,14.0,8.0,57.1,1.03,0.59,0.14,0.25,,,,,,,,,,,,,,,,,,
Adam Armstrong,68c720b5,30,engENG,"MF,FW",Southampton,25.0,1997.0,30,14,1335.0,14.8,2.0,1.0,3.0,2.0,0.0,0.0,2,0,0.13,0.07,0.2,0.13,0.2,Matches,2022-2023,EPL,,9.0,,,,,,,,,,,3.0,,,,,,,,,,,,,,,,,,,,,,,25.0,12.0,48.0,1.69,0.81,0.08,0.17,,,,,,,,,,,,,,,,,,
Stuart Armstrong,97333cf5,31,sctSCO,MF,Southampton,30.0,1992.0,32,14,1408.0,15.6,2.0,1.0,3.0,2.0,0.0,0.0,6,0,0.13,0.06,0.19,0.13,0.19,Matches,2022-2023,EPL,,21.0,,,,,,,,,,,10.0,,,,,,,,,,,,,,,,,,,,,,,23.0,7.0,30.4,1.47,0.45,0.09,0.29,,,,,,,,,,,,,,,,,,
Kepa Arrizabalaga,28d596a0,32,esESP,GK,Chelsea,27.0,1994.0,29,29,2565.0,28.5,0.0,0.0,0.0,0.0,0.0,0.0,1,0,0.0,0.0,0.0,0.0,0.0,Matches,2022-2023,EPL,,2.0,,,,,,,,,,,1.0,,,,,,,,,,,,,,,,,,,,,,,0.0,0.0,,0.0,0.0,,,29.0,29.0,2565.0,33.0,1.16,123.0,91.0,74.0,8.0,9.0,12.0,9.0,31.0,1.0,1.0,0.0,0.0,0.0
Pierre-Emerick Aubameyang,d5dd5f1f,33,gaGAB,FW,Chelsea,33.0,1989.0,15,5,554.0,6.2,1.0,0.0,1.0,1.0,0.0,0.0,1,0,0.16,0.0,0.16,0.16,0.16,Matches,2022-2023,EPL,,0.0,,,,,,,,,,,2.0,,,,,,,,,,,,,,,,,,,,,,,16.0,7.0,43.8,2.6,1.14,0.06,0.14,,,,,,,,,,,,,,,,,,
Ludwig Augustinsson,9fec8860,34,seSWE,DF,Aston Villa,28.0,1994.0,3,1,77.0,0.9,0.0,0.0,0.0,0.0,0.0,0.0,1,0,0.0,0.0,0.0,0.0,0.0,Matches,2022-2023,EPL,,0.0,,,,,,,,,,,0.0,,,,,,,,,,,,,,,,,,,,,,,2.0,2.0,100.0,2.34,2.34,0.0,0.0,,,,,,,,,,,,,,,,,,
Serge Aurier,5c2b4f07,35,ciCIV,"DF,MF",Nottingham Forest,29.0,1992.0,24,22,1943.0,21.6,1.0,0.0,1.0,1.0,0.0,0.0,2,0,0.05,0.0,0.05,0.05,0.05,Matches,2022-2023,EPL,,41.0,,,,,,,,,,,27.0,,,,,,,,,,,,,,,,,,,,,,,9.0,3.0,33.3,0.42,0.14,0.11,0.33,,,,,,,,,,,,,,,,,,
Taiwo Awoniyi,e5478b87,36,ngNGA,FW,Nottingham Forest,24.0,1997.0,27,17,1404.0,15.6,10.0,1.0,11.0,10.0,0.0,0.0,2,0,0.64,0.06,0.71,0.64,0.71,Matches,2022-2023,EPL,,10.0,,,,,,,,,,,3.0,,,,,,,,,,,,,,,,,,,,,,,35.0,15.0,42.9,2.24,0.96,0.29,0.67,,,,,,,,,,,,,,,,,,
Yasin Ayari,f173303a,37,seSWE,MF,Brighton,18.0,2003.0,3,1,67.0,0.7,0.0,0.0,0.0,0.0,0.0,0.0,0,0,0.0,0.0,0.0,0.0,0.0,Matches,2022-2023,EPL,,2.0,,,,,,,,,,,0.0,,,,,,,,,,,,,,,,,,,,,,,1.0,0.0,0.0,1.34,0.0,0.0,,,,,,,,,,,,,,,,,,,
André Ayew,5dbefa9d,38,ghGHA,FW,Nottingham Forest,32.0,1989.0,13,1,316.0,3.5,0.0,0.0,0.0,0.0,0.0,1.0,1,0,0.0,0.0,0.0,0.0,0.0,Matches,2022-2023,EPL,,3.0,,,,,,,,,,,0.0,,,,,,,,,,,,,,,,,,,,,,,4.0,2.0,50.0,1.14,0.57,0.0,0.0,,,,,,,,,,,,,,,,,,
Jordan Ayew,da052c14,39,ghGHA,"FW,MF",Crystal Palace,30.0,1991.0,38,31,2714.0,30.2,4.0,3.0,7.0,4.0,0.0,0.0,5,0,0.13,0.1,0.23,0.13,0.23,Matches,2022-2023,EPL,,41.0,,,,,,,,,,,15.0,,,,,,,,,,,,,,,,,,,,,,,32.0,11.0,34.4,1.06,0.36,0.13,0.36,,,,,,,,,,,,,,,,,,
Luke Ayling,420d7c7d,40,engENG,DF,Leeds United,30.0,1991.0,29,22,2054.0,22.8,2.0,1.0,3.0,2.0,0.0,0.0,3,0,0.09,0.04,0.13,0.09,0.13,Matches,2022-2023,EPL,,38.0,,,,,,,,,,,25.0,,,,,,,,,,,,,,,,,,,,,,,24.0,5.0,20.8,1.05,0.22,0.08,0.4,,,,,,,,,,,,,,,,,,
César Azpilicueta,53cad200,41,esESP,"DF,MF",Chelsea,32.0,1989.0,25,16,1527.0,17.0,0.0,0.0,0.0,0.0,0.0,0.0,3,0,0.0,0.0,0.0,0.0,0.0,Matches,2022-2023,EPL,,25.0,,,,,,,,,,,19.0,,,,,,,,,,,,,,,,,,,,,,,9.0,1.0,11.1,0.53,0.06,0.0,0.0,,,,,,,,,,,,,,,,,,
Benoît Badiashile,06df8256,42,frFRA,DF,Chelsea,21.0,2001.0,11,10,905.0,10.1,1.0,0.0,1.0,1.0,0.0,0.0,2,0,0.1,0.0,0.1,0.1,0.1,Matches,2022-2023,EPL,,9.0,,,,,,,,,,,14.0,,,,,,,,,,,,,,,,,,,,,,,6.0,2.0,33.3,0.6,0.2,0.17,0.5,,,,,,,,,,,,,,,,,,
Leon Bailey,3a233281,43,jmJAM,"FW,MF",Aston Villa,24.0,1997.0,33,26,1967.0,21.9,4.0,4.0,8.0,4.0,0.0,0.0,4,0,0.18,0.18,0.37,0.18,0.37,Matches,2022-2023,EPL,,6.0,,,,,,,,,,,3.0,,,,,,,,,,,,,,,,,,,,,,,51.0,14.0,27.5,2.33,0.64,0.08,0.29,,,,,,,,,,,,,,,,,,
Stefan Bajcetic,32e8417f,44,esESP,MF,Liverpool,17.0,2004.0,11,6,526.0,5.8,1.0,0.0,1.0,1.0,0.0,0.0,2,0,0.17,0.0,0.17,0.17,0.17,Matches,2022-2023,EPL,,8.0,,,,,,,,,,,6.0,,,,,,,,,,,,,,,,,,,,,,,6.0,3.0,50.0,1.03,0.51,0.17,0.33,,,,,,,,,,,,,,,,,,
Dominic Ballard,ed8d597c,45,engENG,FW,Southampton,17.0,2005.0,2,0,26.0,0.3,0.0,0.0,0.0,0.0,0.0,0.0,0,0,0.0,0.0,0.0,0.0,0.0,Matches,2022-2023,EPL,,0.0,,,,,,,,,,,1.0,,,,,,,,,,,,,,,,,,,,,,,0.0,0.0,,0.0,0.0,,,,,,,,,,,,,,,,,,,,
Patrick Bamford,93feac6e,46,engENG,FW,Leeds United,28.0,1993.0,28,18,1515.0,16.8,4.0,2.0,6.0,4.0,0.0,2.0,3,0,0.24,0.12,0.36,0.24,0.36,Matches,2022-2023,EPL,,6.0,,,,,,,,,,,5.0,,,,,,,,,,,,,,,,,,,,,,,50.0,17.0,34.0,2.97,1.01,0.08,0.24,,,,,,,,,,,,,,,,,,
Shandon Baptiste,2886c9b5,47,gdGRN,MF,Brentford,24.0,1998.0,23,4,618.0,6.9,0.0,1.0,1.0,0.0,0.0,0.0,3,1,0.0,0.15,0.15,0.0,0.15,Matches,2022-2023,EPL,,9.0,,,,,,,,,,,6.0,,,,,,,,,,,,,,,,,,,,,,,4.0,1.0,25.0,0.58,0.15,0.0,0.0,,,,,,,,,,,,,,,,,,
Harvey Barnes,3ea50f67,48,engENG,"MF,FW",Leicester City,24.0,1997.0,34,32,2711.0,30.1,13.0,1.0,14.0,13.0,0.0,0.0,3,0,0.43,0.03,0.46,0.43,0.46,Matches,2022-2023,EPL,,14.0,,,,,,,,,,,8.0,,,,,,,,,,,,,,,,,,,,,,,72.0,34.0,47.2,2.39,1.13,0.18,0.38,,,,,,,,,,,,,,,,,,
Gavin Bazunu,c91441dc,49,ieIRL,GK,Southampton,20.0,2002.0,32,32,2880.0,32.0,0.0,0.0,0.0,0.0,0.0,0.0,0,0,0.0,0.0,0.0,0.0,0.0,Matches,2022-2023,EPL,,0.0,,,,,,,,,,,1.0,,,,,,,,,,,,,,,,,,,,,,,0.0,0.0,,0.0,0.0,,,32.0,32.0,2880.0,56.0,1.75,122.0,68.0,54.9,6.0,6.0,20.0,4.0,12.5,2.0,1.0,1.0,0.0,50.0
Mads Bech Sørensen,30db8574,50,dkDEN,DF,Brentford,23.0,1999.0,4,0,21.0,0.2,0.0,0.0,0.0,0.0,0.0,0.0,0,0,0.0,0.0,0.0,0.0,0.0,Matches,2022-2023,EPL,,0.0,,,,,,,,,,,0.0,,,,,,,,,,,,,,,,,,,,,,,0.0,0.0,,0.0,0.0,,,,,,,,,,,,,,,,,,,,
Jan Bednarek,4115ce4e,51,plPOL,DF,Southampton,26.0,1996.0,20,20,1672.0,18.6,0.0,0.0,0.0,0.0,0.0,0.0,5,0,0.0,0.0,0.0,0.0,0.0,Matches,2022-2023,EPL,,19.0,,,,,,,,,,,45.0,,,,,,,,,,,,,,,,,,,,,,,8.0,0.0,0.0,0.43,0.0,0.0,,,,,,,,,,,,,,,,,,,
Jan Bednarek,4115ce4e,52,plPOL,DF,Aston Villa,26.0,1996.0,3,1,100.0,1.1,0.0,0.0,0.0,0.0,0.0,0.0,0,0,0.0,0.0,0.0,0.0,0.0,Matches,2022-2023,EPL,,3.0,,,,,,,,,,,2.0,,,,,,,,,,,,,,,,,,,,,,,0.0,0.0,,0.0,0.0,,,,,,,,,,,,,,,,,,,,
Donny van de Beek,50dc94ce,53,nlNED,MF,Manchester Utd,25.0,1997.0,7,2,167.0,1.9,0.0,0.0,0.0,0.0,0.0,0.0,0,0,0.0,0.0,0.0,0.0,0.0,Matches,2022-2023,EPL,,0.0,,,,,,,,,,,1.0,,,,,,,,,,,,,,,,,,,,,,,2.0,0.0,0.0,1.08,0.0,0.0,,,,,,,,,,,,,,,,,,,
Asmir Begović,7b4de647,54,baBIH,GK,Everton,35.0,1987.0,1,1,90.0,1.0,0.0,0.0,0.0,0.0,0.0,0.0,0,0,0.0,0.0,0.0,0.0,0.0,Matches,2022-2023,EPL,,0.0,,,,,,,,,,,0.0,,,,,,,,,,,,,,,,,,,,,,,0.0,0.0,,0.0,0.0,,,1.0,1.0,90.0,0.0,0.0,4.0,4.0,100.0,1.0,0.0,0.0,1.0,100.0,0.0,0.0,0.0,0.0,
Armel Bella Kotchap,a39d11bc,55,deGER,DF,Southampton,20.0,2001.0,24,24,1879.0,20.9,0.0,2.0,2.0,0.0,0.0,0.0,4,0,0.0,0.1,0.1,0.0,0.1,Matches,2022-2023,EPL,,18.0,,,,,,,,,,,44.0,,,,,,,,,,,,,,,,,,,,,,,14.0,2.0,14.3,0.67,0.1,0.0,0.0,,,,,,,,,,,,,,,,,,
Saïd Benrahma,5a04fd92,56,dzALG,"MF,FW",West Ham United,26.0,1995.0,35,22,2069.0,23.0,6.0,3.0,9.0,2.0,4.0,4.0,0,0,0.26,0.13,0.39,0.09,0.22,Matches,2022-2023,EPL,,13.0,,,,,,,,,,,9.0,,,,,,,,,,,,,,,,,,,,,,,73.0,27.0,37.0,3.18,1.17,0.03,0.07,,,,,,,,,,,,,,,,,,
Rodrigo Bentancur,3b8674e6,57,uyURU,MF,Tottenham Hotspur,25.0,1997.0,18,17,1500.0,16.7,5.0,2.0,7.0,5.0,0.0,0.0,8,0,0.3,0.12,0.42,0.3,0.42,Matches,2022-2023,EPL,,28.0,,,,,,,,,,,19.0,,,,,,,,,,,,,,,,,,,,,,,15.0,9.0,60.0,0.9,0.54,0.33,0.56,,,,,,,,,,,,,,,,,,
Daniel Bentley,68db6358,58,engENG,GK,Wolves,29.0,1993.0,2,2,180.0,2.0,0.0,0.0,0.0,0.0,0.0,0.0,0,0,0.0,0.0,0.0,0.0,0.0,Matches,2022-2023,EPL,,1.0,,,,,,,,,,,0.0,,,,,,,,,,,,,,,,,,,,,,,0.0,0.0,,0.0,0.0,,,2.0,2.0,180.0,3.0,1.5,14.0,11.0,78.6,0.0,1.0,1.0,0.0,0.0,0.0,0.0,0.0,0.0,
Victor Bernth Kristiansen,505486d6,59,dkDEN,DF,Leicester City,19.0,2002.0,12,11,892.0,9.9,0.0,1.0,1.0,0.0,0.0,0.0,2,0,0.0,0.1,0.1,0.0,0.1,Matches,2022-2023,EPL,,24.0,,,,,,,,,,,3.0,,,,,,,,,,,,,,,,,,,,,,,3.0,0.0,0.0,0.3,0.0,0.0,,,,,,,,,,,,,,,,,,,
Owen Bevan,87966294,60,wlsWAL,DF,Bournemouth,18.0,2003.0,1,0,9.0,0.1,0.0,0.0,0.0,0.0,0.0,0.0,0,0,0.0,0.0,0.0,0.0,0.0,Matches,2022-2023,EPL,,0.0,,,,,,,,,,,0.0,,,,,,,,,,,,,,,,,,,,,,,0.0,0.0,,0.0,0.0,,,,,,,,,,,,,,,,,,,,
Giulian Biancone,de40e38c,61,frFRA,"DF,MF",Nottingham Forest,22.0,2000.0,2,0,17.0,0.2,0.0,0.0,0.0,0.0,0.0,0.0,0,0,0.0,0.0,0.0,0.0,0.0,Matches,2022-2023,EPL,,1.0,,,,,,,,,,,1.0,,,,,,,,,,,,,,,,,,,,,,,0.0,0.0,,0.0,0.0,,,,,,,,,,,,,,,,,,,,
Philip Billing,d328a254,62,dkDEN,"MF,FW",Bournemouth,26.0,1996.0,36,34,2764.0,30.7,7.0,1.0,8.0,7.0,0.0,0.0,5,0,0.23,0.03,0.26,0.23,0.26,Matches,2022-2023,EPL,,40.0,,,,,,,,,,,32.0,,,,,,,,,,,,,,,,,,,,,,,38.0,18.0,47.4,1.24,0.59,0.18,0.39,,,,,,,,,,,,,,,,,,
Yves Bissouma,6c203af0,63,mlMLI,MF,Tottenham Hotspur,25.0,1996.0,23,10,1010.0,11.2,0.0,0.0,0.0,0.0,0.0,0.0,6,0,0.0,0.0,0.0,0.0,0.0,Matches,2022-2023,EPL,,13.0,,,,,,,,,,,12.0,,,,,,,,,,,,,,,,,,,,,,,6.0,0.0,0.0,0.53,0.0,0.0,,,,,,,,,,,,,,,,,,,
Willy Boly,a4ac4b8f,64,ciCIV,DF,Nottingham Forest,31.0,1991.0,11,9,685.0,7.6,0.0,1.0,1.0,0.0,0.0,0.0,2,0,0.0,0.13,0.13,0.0,0.13,Matches,2022-2023,EPL,,6.0,,,,,,,,,,,11.0,,,,,,,,,,,,,,,,,,,,,,,2.0,1.0,50.0,0.26,0.13,0.0,0.0,,,,,,,,,,,,,,,,,,
Sven Botman,ccce7025,65,nlNED,DF,Newcastle United,22.0,2000.0,36,35,3127.0,34.7,0.0,0.0,0.0,0.0,0.0,0.0,2,0,0.0,0.0,0.0,0.0,0.0,Matches,2022-2023,EPL,,26.0,,,,,,,,,,,34.0,,,,,,,,,,,,,,,,,,,,,,,22.0,7.0,31.8,0.63,0.2,0.0,0.0,,,,,,,,,,,,,,,,,,
Jarrod Bowen,79c84d1c,66,engENG,"MF,FW",West Ham United,25.0,1996.0,38,36,3233.0,35.9,6.0,5.0,11.0,5.0,1.0,2.0,2,0,0.17,0.14,0.31,0.14,0.28,Matches,2022-2023,EPL,,17.0,,,,,,,,,,,35.0,,,,,,,,,,,,,,,,,,,,,,,75.0,24.0,32.0,2.09,0.67,0.07,0.21,,,,,,,,,,,,,,,,,,
James Bree,c07b7c5c,67,engENG,DF,Southampton,24.0,1997.0,5,4,367.0,4.1,0.0,0.0,0.0,0.0,0.0,0.0,1,0,0.0,0.0,0.0,0.0,0.0,Matches,2022-2023,EPL,,3.0,,,,,,,,,,,6.0,,,,,,,,,,,,,,,,,,,,,,,1.0,1.0,100.0,0.25,0.25,0.0,0.0,,,,,,,,,,,,,,,,,,
Armando Broja,97220da2,68,alALB,FW,Chelsea,20.0,2001.0,12,2,294.0,3.3,1.0,0.0,1.0,1.0,0.0,0.0,0,0,0.31,0.0,0.31,0.31,0.31,Matches,2022-2023,EPL,,1.0,,,,,,,,,,,1.0,,,,,,,,,,,,,,,,,,,,,,,6.0,5.0,83.3,1.84,1.53,0.17,0.2,,,,,,,,,,,,,,,,,,
David Brooks,dc4cae05,69,wlsWAL,MF,Bournemouth,25.0,1997.0,6,2,173.0,1.9,0.0,0.0,0.0,0.0,0.0,0.0,1,0,0.0,0.0,0.0,0.0,0.0,Matches,2022-2023,EPL,,0.0,,,,,,,,,,,2.0,,,,,,,,,,,,,,,,,,,,,,,5.0,1.0,20.0,2.6,0.52,0.0,0.0,,,,,,,,,,,,,,,,,,
Lewis Brunt,a2081c6b,70,engENG,"DF,MF",Leicester City,21.0,2000.0,1,0,23.0,0.3,0.0,0.0,0.0,0.0,0.0,0.0,0,0,0.0,0.0,0.0,0.0,0.0,Matches,2022-2023,EPL,,0.0,,,,,,,,,,,0.0,,,,,,,,,,,,,,,,,,,,,,,0.0,0.0,,0.0,0.0,,,,,,,,,,,,,,,,,,,,
Emi Buendía,66b76d44,71,arARG,"MF,FW",Aston Villa,25.0,1996.0,38,27,2412.0,26.8,5.0,2.0,7.0,5.0,0.0,0.0,0,0,0.19,0.07,0.26,0.19,0.26,Matches,2022-2023,EPL,,24.0,,,,,,,,,,,19.0,,,,,,,,,,,,,,,,,,,,,,,49.0,12.0,24.5,1.83,0.45,0.1,0.42,,,,,,,,,,,,,,,,,,
Hugo Bueno,bfc3b3a0,72,esESP,DF,Wolves,19.0,2002.0,21,16,1310.0,14.6,0.0,1.0,1.0,0.0,0.0,0.0,1,0,0.0,0.07,0.07,0.0,0.07,Matches,2022-2023,EPL,,16.0,,,,,,,,,,,9.0,,,,,,,,,,,,,,,,,,,,,,,4.0,1.0,25.0,0.27,0.07,0.0,0.0,,,,,,,,,,,,,,,,,,
Facundo Buonanotte,468a7a91,73,arARG,MF,Brighton,17.0,2004.0,13,6,565.0,6.3,1.0,1.0,2.0,1.0,0.0,0.0,2,0,0.16,0.16,0.32,0.16,0.32,Matches,2022-2023,EPL,,1.0,,,,,,,,,,,4.0,,,,,,,,,,,,,,,,,,,,,,,11.0,3.0,27.3,1.75,0.48,0.09,0.33,,,,,,,,,,,,,,,,,,
Dan Burn,b2d31e83,74,engENG,DF,Newcastle United,30.0,1992.0,38,35,3111.0,34.6,1.0,0.0,1.0,1.0,0.0,0.0,5,0,0.03,0.0,0.03,0.03,0.03,Matches,2022-2023,EPL,,38.0,,,,,,,,,,,29.0,,,,,,,,,,,,,,,,,,,,,,,21.0,4.0,19.0,0.61,0.12,0.05,0.25,,,,,,,,,,,,,,,,,,
Cafú,85322440,75,ptPOR,MF,Nottingham Forest,29.0,1993.0,1,0,7.0,0.1,0.0,0.0,0.0,0.0,0.0,0.0,0,0,0.0,0.0,0.0,0.0,0.0,Matches,2022-2023,EPL,,0.0,,,,,,,,,,,0.0,,,,,,,,,,,,,,,,,,,,,,,0.0,0.0,,0.0,0.0,,,,,,,,,,,,,,,,,,,,
Moisés Caicedo,16264a81,76,ecECU,MF,Brighton,20.0,2001.0,37,34,3139.0,34.9,1.0,1.0,2.0,1.0,0.0,0.0,10,0,0.03,0.03,0.06,0.03,0.06,Matches,2022-2023,EPL,,50.0,,,,,,,,,,,50.0,,,,,,,,,,,,,,,,,,,,,,,27.0,8.0,29.6,0.77,0.23,0.04,0.13,,,,,,,,,,,,,,,,,,
Tom Cairney,a8748947,77,sctSCO,MF,Fulham,31.0,1991.0,33,6,988.0,11.0,2.0,0.0,2.0,2.0,0.0,0.0,2,0,0.18,0.0,0.18,0.18,0.18,Matches,2022-2023,EPL,,7.0,,,,,,,,,,,4.0,,,,,,,,,,,,,,,,,,,,,,,21.0,3.0,14.3,1.91,0.27,0.1,0.67,,,,,,,,,,,,,,,,,,
Duje Ćaleta-Car,94f8d10c,78,hrCRO,DF,Southampton,25.0,1996.0,13,9,946.0,10.5,1.0,0.0,1.0,1.0,0.0,0.0,2,0,0.1,0.0,0.1,0.1,0.1,Matches,2022-2023,EPL,,11.0,,,,,,,,,,,15.0,,,,,,,,,,,,,,,,,,,,,,,5.0,2.0,40.0,0.48,0.19,0.2,0.5,,,,,,,,,,,,,,,,,,
Dominic Calvert-Lewin,59e6e5bf,79,engENG,FW,Everton,25.0,1997.0,17,15,1165.0,12.9,2.0,1.0,3.0,1.0,1.0,1.0,3,0,0.15,0.08,0.23,0.08,0.15,Matches,2022-2023,EPL,,2.0,,,,,,,,,,,3.0,,,,,,,,,,,,,,,,,,,,,,,31.0,10.0,32.3,2.39,0.77,0.03,0.1,,,,,,,,,,,,,,,,,,
Chem Campbell,6f711f67,80,wlsWAL,"FW,MF",Wolves,19.0,2002.0,5,0,74.0,0.8,0.0,0.0,0.0,0.0,0.0,0.0,0,0,0.0,0.0,0.0,0.0,0.0,Matches,2022-2023,EPL,,1.0,,,,,,,,,,,1.0,,,,,,,,,,,,,,,,,,,,,,,2.0,0.0,0.0,2.43,0.0,0.0,,,,,,,,,,,,,,,,,,,
João Cancelo,bd6351cd,81,ptPOR,DF,Manchester City,28.0,1994.0,17,16,1274.0,14.2,2.0,1.0,3.0,2.0,0.0,0.0,3,1,0.14,0.07,0.21,0.14,0.21,Matches,2022-2023,EPL,,18.0,,,,,,,,,,,19.0,,,,,,,,,,,,,,,,,,,,,,,17.0,3.0,17.6,1.2,0.21,0.12,0.67,,,,,,,,,,,,,,,,,,
Thomas Cannon,4506aec5,82,ieIRL,FW,Everton,19.0,2002.0,2,0,25.0,0.3,0.0,0.0,0.0,0.0,0.0,0.0,0,0,0.0,0.0,0.0,0.0,0.0,Matches,2022-2023,EPL,,0.0,,,,,,,,,,,0.0,,,,,,,,,,,,,,,,,,,,,,,1.0,1.0,100.0,3.6,3.6,0.0,0.0,,,,,,,,,,,,,,,,,,
Sergi Canós,1137759d,83,esESP,"FW,MF",Brentford,25.0,1997.0,5,0,77.0,0.9,0.0,0.0,0.0,0.0,0.0,0.0,0,0,0.0,0.0,0.0,0.0,0.0,Matches,2022-2023,EPL,,0.0,,,,,,,,,,,0.0,,,,,,,,,,,,,,,,,,,,,,,1.0,0.0,0.0,1.17,0.0,0.0,,,,,,,,,,,,,,,,,,,
Diego Carlos,b4a014b1,84,brBRA,DF,Aston Villa,29.0,1993.0,3,2,205.0,2.3,0.0,0.0,0.0,0.0,0.0,0.0,0,0,0.0,0.0,0.0,0.0,0.0,Matches,2022-2023,EPL,,0.0,,,,,,,,,,,1.0,,,,,,,,,,,,,,,,,,,,,,,4.0,0.0,0.0,1.76,0.0,0.0,,,,,,,,,,,,,,,,,,,
Fabio Carvalho,966e28d0,85,ptPOR,"MF,FW",Liverpool,19.0,2002.0,13,4,347.0,3.9,2.0,0.0,2.0,2.0,0.0,0.0,0,0,0.52,0.0,0.52,0.52,0.52,Matches,2022-2023,EPL,,8.0,,,,,,,,,,,6.0,,,,,,,,,,,,,,,,,,,,,,,11.0,4.0,36.4,2.85,1.04,0.18,0.5,,,,,,,,,,,,,,,,,,
Casemiro,4d224fe8,86,brBRA,MF,Manchester Utd,30.0,1992.0,28,24,2124.0,23.6,4.0,3.0,7.0,4.0,0.0,0.0,7,2,0.17,0.13,0.3,0.17,0.3,Matches,2022-2023,EPL,,44.0,,,,,,,,,,,29.0,,,,,,,,,,,,,,,,,,,,,,,34.0,11.0,32.4,1.44,0.47,0.12,0.36,,,,,,,,,,,,,,,,,,
Matty Cash,2389cdc2,87,plPOL,DF,Aston Villa,24.0,1997.0,26,20,1820.0,20.2,0.0,1.0,1.0,0.0,0.0,0.0,4,0,0.0,0.05,0.05,0.0,0.05,Matches,2022-2023,EPL,,33.0,,,,,,,,,,,26.0,,,,,,,,,,,,,,,,,,,,,,,7.0,1.0,14.3,0.35,0.05,0.0,0.0,,,,,,,,,,,,,,,,,,
Timothy Castagne,197640fd,88,beBEL,"DF,MF",Leicester City,26.0,1995.0,37,36,3254.0,36.2,2.0,3.0,5.0,2.0,0.0,0.0,3,0,0.06,0.08,0.14,0.06,0.14,Matches,2022-2023,EPL,,42.0,,,,,,,,,,,43.0,,,,,,,,,,,,,,,,,,,,,,,18.0,6.0,33.3,0.5,0.17,0.11,0.33,,,,,,,,,,,,,,,,,,
Jonny Castro,e28868f3,89,esESP,DF,Wolves,28.0,1994.0,18,14,1261.0,14.0,1.0,0.0,1.0,1.0,0.0,0.0,3,1,0.07,0.0,0.07,0.07,0.07,Matches,2022-2023,EPL,,16.0,,,,,,,,,,,13.0,,,,,,,,,,,,,,,,,,,,,,,9.0,2.0,22.2,0.64,0.14,0.11,0.5,,,,,,,,,,,,,,,,,,
Nathaniel Chalobah,422862ea,90,engENG,MF,Fulham,27.0,1994.0,4,1,12.0,0.1,0.0,0.0,0.0,0.0,0.0,0.0,0,1,0.0,0.0,0.0,0.0,0.0,Matches,2022-2023,EPL,,1.0,,,,,,,,,,,0.0,,,,,,,,,,,,,,,,,,,,,,,1.0,1.0,100.0,7.5,7.5,0.0,0.0,,,,,,,,,,,,,,,,,,
Trevoh Chalobah,5515376c,91,engENG,DF,Chelsea,23.0,1999.0,25,18,1608.0,17.9,0.0,0.0,0.0,0.0,0.0,0.0,4,0,0.0,0.0,0.0,0.0,0.0,Matches,2022-2023,EPL,,19.0,,,,,,,,,,,25.0,,,,,,,,,,,,,,,,,,,,,,,9.0,2.0,22.2,0.5,0.11,0.0,0.0,,,,,,,,,,,,,,,,,,
Calum Chambers,dc6f5bdd,92,engENG,DF,Aston Villa,27.0,1995.0,14,2,353.0,3.9,0.0,0.0,0.0,0.0,0.0,0.0,2,0,0.0,0.0,0.0,0.0,0.0,Matches,2022-2023,EPL,,7.0,,,,,,,,,,,7.0,,,,,,,,,,,,,,,,,,,,,,,2.0,0.0,0.0,0.51,0.0,0.0,,,,,,,,,,,,,,,,,,,
Shea Charles,5cc3ce65,93,nirNIR,"DF,MF",Manchester City,18.0,2003.0,1,0,28.0,0.3,0.0,0.0,0.0,0.0,0.0,0.0,0,0,0.0,0.0,0.0,0.0,0.0,Matches,2022-2023,EPL,,0.0,,,,,,,,,,,1.0,,,,,,,,,,,,,,,,,,,,,,,0.0,0.0,,0.0,0.0,,,,,,,,,,,,,,,,,,,,
Ben Chilwell,d2424d1b,94,engENG,"MF,DF",Chelsea,25.0,1996.0,23,15,1408.0,15.6,2.0,2.0,4.0,2.0,0.0,0.0,3,0,0.13,0.13,0.26,0.13,0.26,Matches,2022-2023,EPL,,18.0,,,,,,,,,,,17.0,,,,,,,,,,,,,,,,,,,,,,,16.0,4.0,25.0,1.02,0.26,0.13,0.5,,,,,,,,,,,,,,,,,,
Ryan Christie,26ce2263,95,sctSCO,MF,Bournemouth,27.0,1995.0,32,22,1834.0,20.4,1.0,1.0,2.0,1.0,0.0,0.0,2,0,0.05,0.05,0.1,0.05,0.1,Matches,2022-2023,EPL,,22.0,,,,,,,,,,,26.0,,,,,,,,,,,,,,,,,,,,,,,33.0,9.0,27.3,1.62,0.44,0.03,0.11,,,,,,,,,,,,,,,,,,
Carney Chukwuemeka,b2f9c73e,96,engENG,MF,Chelsea,18.0,2003.0,14,2,354.0,3.9,0.0,0.0,0.0,0.0,0.0,0.0,0,0,0.0,0.0,0.0,0.0,0.0,Matches,2022-2023,EPL,,7.0,,,,,,,,,,,6.0,,,,,,,,,,,,,,,,,,,,,,,5.0,1.0,20.0,1.27,0.25,0.0,0.0,,,,,,,,,,,,,,,,,,
Bobby Clark,73341ace,97,engENG,MF,Liverpool,17.0,2005.0,1,0,8.0,0.1,0.0,0.0,0.0,0.0,0.0,0.0,0,0,0.0,0.0,0.0,0.0,0.0,Matches,2022-2023,EPL,,0.0,,,,,,,,,,,0.0,,,,,,,,,,,,,,,,,,,,,,,0.0,0.0,,0.0,0.0,,,,,,,,,,,,,,,,,,,,
Nathaniel Clyne,0442183b,98,engENG,DF,Crystal Palace,31.0,1991.0,22,19,1640.0,18.2,0.0,0.0,0.0,0.0,0.0,0.0,3,0,0.0,0.0,0.0,0.0,0.0,Matches,2022-2023,EPL,,14.0,,,,,,,,,,,19.0,,,,,,,,,,,,,,,,,,,,,,,0.0,0.0,,0.0,0.0,,,,,,,,,,,,,,,,,,,,
Conor Coady,2928dca2,99,engENG,DF,Everton,29.0,1993.0,24,23,2096.0,23.3,1.0,1.0,2.0,1.0,0.0,0.0,2,0,0.04,0.04,0.09,0.04,0.09,Matches,2022-2023,EPL,,10.0,,,,,,,,,,,13.0,,,,,,,,,,,,,,,,,,,,,,,4.0,3.0,75.0,0.17,0.13,0.25,0.33,,,,,,,,,,,,,,,,,,
Jack Colback,963a9201,100,engENG,MF,Nottingham Forest,32.0,1989.0,11,4,497.0,5.5,0.0,0.0,0.0,0.0,0.0,0.0,0,0,0.0,0.0,0.0,0.0,0.0,Matches,2022-2023,EPL,,14.0,,,,,,,,,,,2.0,,,,,,,,,,,,,,,,,,,,,,,0.0,0.0,,0.0,0.0,,,,,,,,,,,,,,,,,,,,
Séamus Coleman,0420d84f,101,ieIRL,"DF,MF",Everton,33.0,1988.0,23,20,1656.0,18.4,1.0,0.0,1.0,1.0,0.0,0.0,1,0,0.05,0.0,0.05,0.05,0.05,Matches,2022-2023,EPL,,26.0,,,,,,,,,,,22.0,,,,,,,,,,,,,,,,,,,,,,,7.0,2.0,28.6,0.38,0.11,0.14,0.5,,,,,,,,,,,,,,,,,,
Nathan Collins,a8c19eb8,102,ieIRL,DF,Wolves,21.0,2001.0,26,19,1814.0,20.2,0.0,0.0,0.0,0.0,0.0,0.0,2,1,0.0,0.0,0.0,0.0,0.0,Matches,2022-2023,EPL,,14.0,,,,,,,,,,,21.0,,,,,,,,,,,,,,,,,,,,,,,3.0,0.0,0.0,0.15,0.0,0.0,,,,,,,,,,,,,,,,,,,
Levi Colwill,700783e7,103,engENG,DF,Brighton,19.0,2003.0,17,13,1220.0,13.6,0.0,2.0,2.0,0.0,0.0,0.0,1,0,0.0,0.15,0.15,0.0,0.15,Matches,2022-2023,EPL,,7.0,,,,,,,,,,,14.0,,,,,,,,,,,,,,,,,,,,,,,8.0,0.0,0.0,0.59,0.0,0.0,,,,,,,,,,,,,,,,,,,
Lewis Cook,2afc7272,104,engENG,MF,Bournemouth,25.0,1997.0,28,18,1720.0,19.1,0.0,2.0,2.0,0.0,0.0,0.0,4,0,0.0,0.1,0.1,0.0,0.1,Matches,2022-2023,EPL,,23.0,,,,,,,,,,,22.0,,,,,,,,,,,,,,,,,,,,,,,6.0,0.0,0.0,0.31,0.0,0.0,,,,,,,,,,,,,,,,,,,
Steve Cook,3e5e4e63,105,engENG,DF,Nottingham Forest,31.0,1991.0,12,11,957.0,10.6,0.0,0.0,0.0,0.0,0.0,0.0,4,0,0.0,0.0,0.0,0.0,0.0,Matches,2022-2023,EPL,,4.0,,,,,,,,,,,12.0,,,,,,,,,,,,,,,,,,,,,,,3.0,0.0,0.0,0.28,0.0,0.0,,,,,,,,,,,,,,,,,,,
Liam Cooper,dc64b8b3,106,sctSCO,DF,Leeds United,30.0,1991.0,18,16,1426.0,15.8,1.0,0.0,1.0,1.0,0.0,0.0,5,0,0.06,0.0,0.06,0.06,0.06,Matches,2022-2023,EPL,,24.0,,,,,,,,,,,34.0,,,,,,,,,,,,,,,,,,,,,,,10.0,3.0,30.0,0.63,0.19,0.1,0.33,,,,,,,,,,,,,,,,,,
Maxwel Cornet,beb391dd,107,ciCIV,MF,West Ham United,25.0,1996.0,14,2,245.0,2.7,0.0,0.0,0.0,0.0,0.0,0.0,0,0,0.0,0.0,0.0,0.0,0.0,Matches,2022-2023,EPL,,3.0,,,,,,,,,,,2.0,,,,,,,,,,,,,,,,,,,,,,,9.0,2.0,22.2,3.31,0.73,0.0,0.0,,,,,,,,,,,,,,,,,,
Diego Costa,a190d597,108,esESP,FW,Wolves,33.0,1988.0,23,16,1241.0,13.8,1.0,0.0,1.0,1.0,0.0,0.0,5,1,0.07,0.0,0.07,0.07,0.07,Matches,2022-2023,EPL,,1.0,,,,,,,,,,,1.0,,,,,,,,,,,,,,,,,,,,,,,28.0,14.0,50.0,2.03,1.02,0.04,0.07,,,,,,,,,,,,,,,,,,
Vladimír Coufal,fdf3cb77,109,czCZE,"DF,MF",West Ham United,29.0,1992.0,27,24,2136.0,23.7,0.0,1.0,1.0,0.0,0.0,0.0,5,0,0.0,0.04,0.04,0.0,0.04,Matches,2022-2023,EPL,,30.0,,,,,,,,,,,36.0,,,,,,,,,,,,,,,,,,,,,,,6.0,1.0,16.7,0.25,0.04,0.0,0.0,,,,,,,,,,,,,,,,,,
Philippe Coutinho,0ef89a37,110,brBRA,"FW,MF",Aston Villa,30.0,1992.0,20,7,788.0,8.8,1.0,0.0,1.0,1.0,0.0,0.0,3,0,0.11,0.0,0.11,0.11,0.11,Matches,2022-2023,EPL,,14.0,,,,,,,,,,,4.0,,,,,,,,,,,,,,,,,,,,,,,21.0,8.0,38.1,2.4,0.91,0.05,0.13,,,,,,,,,,,,,,,,,,
Conor Coventry,a5ca9127,111,ieIRL,MF,West Ham United,22.0,2000.0,1,0,1.0,0.0,0.0,0.0,0.0,0.0,0.0,0.0,0,0,0.0,0.0,0.0,0.0,0.0,Matches,2022-2023,EPL,,0.0,,,,,,,,,,,0.0,,,,,,,,,,,,,,,,,,,,,,,0.0,0.0,,0.0,0.0,,,,,,,,,,,,,,,,,,,,
Matthew Craig,bc914523,112,sctSCO,MF,Tottenham Hotspur,19.0,2003.0,1,0,14.0,0.2,0.0,0.0,0.0,0.0,0.0,0.0,0,0,0.0,0.0,0.0,0.0,0.0,Matches,2022-2023,EPL,,1.0,,,,,,,,,,,0.0,,,,,,,,,,,,,,,,,,,,,,,0.0,0.0,,0.0,0.0,,,,,,,,,,,,,,,,,,,,
Aaron Cresswell,4f974391,113,engENG,DF,West Ham United,32.0,1989.0,28,24,2235.0,24.8,0.0,1.0,1.0,0.0,0.0,0.0,3,0,0.0,0.04,0.04,0.0,0.04,Matches,2022-2023,EPL,,12.0,,,,,,,,,,,27.0,,,,,,,,,,,,,,,,,,,,,,,9.0,1.0,11.1,0.36,0.04,0.0,0.0,,,,,,,,,,,,,,,,,,
Marc Cucurella,1daec722,114,esESP,"DF,MF",Chelsea,24.0,1998.0,24,21,1671.0,18.6,0.0,2.0,2.0,0.0,0.0,0.0,4,0,0.0,0.11,0.11,0.0,0.11,Matches,2022-2023,EPL,,35.0,,,,,,,,,,,16.0,,,,,,,,,,,,,,,,,,,,,,,7.0,0.0,0.0,0.38,0.0,0.0,,,,,,,,,,,,,,,,,,,
Matheus Cunha,dc62b55d,115,brBRA,FW,Wolves,23.0,1999.0,17,12,965.0,10.7,2.0,0.0,2.0,2.0,0.0,0.0,1,0,0.19,0.0,0.19,0.19,0.19,Matches,2022-2023,EPL,,3.0,,,,,,,,,,,8.0,,,,,,,,,,,,,,,,,,,,,,,26.0,7.0,26.9,2.42,0.65,0.08,0.29,,,,,,,,,,,,,,,,,,
Patson Daka,ca45605e,116,zmZAM,FW,Leicester City,23.0,1998.0,30,13,1187.0,13.2,4.0,4.0,8.0,4.0,0.0,0.0,2,0,0.3,0.3,0.61,0.3,0.61,Matches,2022-2023,EPL,,9.0,,,,,,,,,,,7.0,,,,,,,,,,,,,,,,,,,,,,,30.0,16.0,53.3,2.27,1.21,0.13,0.25,,,,,,,,,,,,,,,,,,
Diogo Dalot,d9565625,117,ptPOR,DF,Manchester Utd,23.0,1999.0,26,24,2154.0,23.9,1.0,2.0,3.0,1.0,0.0,0.0,6,0,0.04,0.08,0.13,0.04,0.13,Matches,2022-2023,EPL,,40.0,,,,,,,,,,,37.0,,,,,,,,,,,,,,,,,,,,,,,22.0,7.0,31.8,0.92,0.29,0.05,0.14,,,,,,,,,,,,,,,,,,
Mikkel Damsgaard,215f3907,118,dkDEN,"MF,FW",Brentford,22.0,2000.0,26,9,988.0,11.0,0.0,0.0,0.0,0.0,0.0,0.0,4,0,0.0,0.0,0.0,0.0,0.0,Matches,2022-2023,EPL,,20.0,,,,,,,,,,,9.0,,,,,,,,,,,,,,,,,,,,,,,12.0,6.0,50.0,1.09,0.55,0.0,0.0,,,,,,,,,,,,,,,,,,
Danilo,a816dbfb,119,brBRA,MF,Nottingham Forest,21.0,2001.0,13,12,976.0,10.8,3.0,2.0,5.0,3.0,0.0,0.0,1,0,0.28,0.18,0.46,0.28,0.46,Matches,2022-2023,EPL,,6.0,,,,,,,,,,,10.0,,,,,,,,,,,,,,,,,,,,,,,15.0,4.0,26.7,1.38,0.37,0.2,0.75,,,,,,,,,,,,,,,,,,
Arnaut Danjuma,f08490a6,120,nlNED,MF,Tottenham Hotspur,25.0,1997.0,9,1,169.0,1.9,1.0,0.0,1.0,1.0,0.0,0.0,0,0,0.53,0.0,0.53,0.53,0.53,Matches,2022-2023,EPL,,0.0,,,,,,,,,,,0.0,,,,,,,,,,,,,,,,,,,,,,,6.0,3.0,50.0,3.2,1.6,0.17,0.33,,,,,,,,,,,,,,,,,,
Josh Dasilva,60344e4f,121,engENG,MF,Brentford,23.0,1998.0,36,14,1389.0,15.4,4.0,2.0,6.0,4.0,0.0,0.0,1,0,0.26,0.13,0.39,0.26,0.39,Matches,2022-2023,EPL,,8.0,,,,,,,,,,,5.0,,,,,,,,,,,,,,,,,,,,,,,18.0,6.0,33.3,1.17,0.39,0.22,0.67,,,,,,,,,,,,,,,,,,
David Datro Fofana,e82900ef,122,ciCIV,FW,Chelsea,19.0,2002.0,3,1,70.0,0.8,0.0,0.0,0.0,0.0,0.0,0.0,0,0,0.0,0.0,0.0,0.0,0.0,Matches,2022-2023,EPL,,1.0,,,,,,,,,,,0.0,,,,,,,,,,,,,,,,,,,,,,,3.0,2.0,66.7,3.86,2.57,0.0,0.0,,,,,,,,,,,,,,,,,,
Ben Davies,44781702,123,wlsWAL,"DF,MF",Tottenham Hotspur,29.0,1993.0,31,26,2288.0,25.4,2.0,2.0,4.0,2.0,0.0,0.0,4,0,0.08,0.08,0.16,0.08,0.16,Matches,2022-2023,EPL,,12.0,,,,,,,,,,,19.0,,,,,,,,,,,,,,,,,,,,,,,14.0,5.0,35.7,0.55,0.2,0.14,0.4,,,,,,,,,,,,,,,,,,
Tom Davies,9228b07c,124,engENG,MF,Everton,24.0,1998.0,19,4,538.0,6.0,0.0,0.0,0.0,0.0,0.0,0.0,3,0,0.0,0.0,0.0,0.0,0.0,Matches,2022-2023,EPL,,9.0,,,,,,,,,,,3.0,,,,,,,,,,,,,,,,,,,,,,,9.0,2.0,22.2,1.51,0.33,0.0,0.0,,,,,,,,,,,,,,,,,,
Craig Dawson,3e9e06cb,125,engENG,DF,West Ham United,32.0,1990.0,8,8,720.0,8.0,0.0,0.0,0.0,0.0,0.0,0.0,2,0,0.0,0.0,0.0,0.0,0.0,Matches,2022-2023,EPL,,6.0,,,,,,,,,,,6.0,,,,,,,,,,,,,,,,,,,,,,,6.0,1.0,16.7,0.75,0.12,0.0,0.0,,,,,,,,,,,,,,,,,,
Craig Dawson,3e9e06cb,126,engENG,DF,Wolves,32.0,1990.0,17,17,1414.0,15.7,1.0,0.0,1.0,1.0,0.0,0.0,4,0,0.06,0.0,0.06,0.06,0.06,Matches,2022-2023,EPL,,6.0,,,,,,,,,,,13.0,,,,,,,,,,,,,,,,,,,,,,,11.0,2.0,18.2,0.7,0.13,0.09,0.5,,,,,,,,,,,,,,,,,,
Kevin De Bruyne,e46012d4,127,beBEL,MF,Manchester City,31.0,1991.0,32,28,2417.0,26.9,7.0,16.0,23.0,7.0,0.0,0.0,1,0,0.26,0.6,0.86,0.26,0.86,Matches,2022-2023,EPL,,13.0,,,,,,,,,,,8.0,,,,,,,,,,,,,,,,,,,,,,,65.0,21.0,32.3,2.42,0.78,0.11,0.33,,,,,,,,,,,,,,,,,,
Bobby De Cordova-Reid,0f7533cd,128,jmJAM,"MF,DF",Fulham,29.0,1993.0,36,29,2475.0,27.5,4.0,1.0,5.0,4.0,0.0,0.0,8,0,0.15,0.04,0.18,0.15,0.18,Matches,2022-2023,EPL,,24.0,,,,,,,,,,,18.0,,,,,,,,,,,,,,,,,,,,,,,31.0,10.0,32.3,1.13,0.36,0.13,0.4,,,,,,,,,,,,,,,,,,
Siriki Dembélé,11f54bd5,129,ciCIV,"FW,MF",Bournemouth,25.0,1996.0,6,0,110.0,1.2,0.0,0.0,0.0,0.0,0.0,0.0,0,0,0.0,0.0,0.0,0.0,0.0,Matches,2022-2023,EPL,,1.0,,,,,,,,,,,1.0,,,,,,,,,,,,,,,,,,,,,,,2.0,2.0,100.0,1.64,1.64,0.0,0.0,,,,,,,,,,,,,,,,,,
Leander Dendoncker,5a7301ae,130,beBEL,MF,Aston Villa,27.0,1995.0,20,7,697.0,7.7,0.0,0.0,0.0,0.0,0.0,0.0,0,0,0.0,0.0,0.0,0.0,0.0,Matches,2022-2023,EPL,,10.0,,,,,,,,,,,8.0,,,,,,,,,,,,,,,,,,,,,,,2.0,0.0,0.0,0.26,0.0,0.0,,,,,,,,,,,,,,,,,,,
Leander Dendoncker,5a7301ae,131,beBEL,MF,Wolves,27.0,1995.0,4,2,214.0,2.4,0.0,0.0,0.0,0.0,0.0,0.0,0,0,0.0,0.0,0.0,0.0,0.0,Matches,2022-2023,EPL,,2.0,,,,,,,,,,,9.0,,,,,,,,,,,,,,,,,,,,,,,3.0,2.0,66.7,1.26,0.84,0.0,0.0,,,,,,,,,,,,,,,,,,
Emmanuel Dennis,2c44a35d,132,ngNGA,"MF,FW",Nottingham Forest,24.0,1997.0,19,6,720.0,8.0,2.0,2.0,4.0,2.0,0.0,0.0,3,0,0.25,0.25,0.5,0.25,0.5,Matches,2022-2023,EPL,,12.0,,,,,,,,,,,2.0,,,,,,,,,,,,,,,,,,,,,,,21.0,7.0,33.3,2.62,0.87,0.1,0.29,,,,,,,,,,,,,,,,,,
Halil Dervişoğlu,9d8cf204,133,trTUR,FW,Brentford,22.0,1999.0,1,0,8.0,0.1,0.0,0.0,0.0,0.0,0.0,0.0,0,0,0.0,0.0,0.0,0.0,0.0,Matches,2022-2023,EPL,,0.0,,,,,,,,,,,0.0,,,,,,,,,,,,,,,,,,,,,,,1.0,0.0,0.0,11.25,0.0,0.0,,,,,,,,,,,,,,,,,,,
Kiernan Dewsbury-Hall,5c74c0f5,134,engENG,MF,Leicester City,23.0,1998.0,31,28,2306.0,25.6,2.0,2.0,4.0,2.0,0.0,0.0,5,1,0.08,0.08,0.16,0.08,0.16,Matches,2022-2023,EPL,,28.0,,,,,,,,,,,28.0,,,,,,,,,,,,,,,,,,,,,,,26.0,6.0,23.1,1.01,0.23,0.08,0.33,,,,,,,,,,,,,,,,,,
Ibrahima Diallo,11ff3d56,135,frFRA,MF,Southampton,23.0,1999.0,18,11,819.0,9.1,0.0,0.0,0.0,0.0,0.0,0.0,4,0,0.0,0.0,0.0,0.0,0.0,Matches,2022-2023,EPL,,15.0,,,,,,,,,,,7.0,,,,,,,,,,,,,,,,,,,,,,,6.0,0.0,0.0,0.66,0.0,0.0,,,,,,,,,,,,,,,,,,,
Rúben Dias,31c69ef1,136,ptPOR,"DF,MF",Manchester City,25.0,1997.0,26,22,1998.0,22.2,0.0,0.0,0.0,0.0,0.0,0.0,3,0,0.0,0.0,0.0,0.0,0.0,Matches,2022-2023,EPL,,14.0,,,,,,,,,,,18.0,,,,,,,,,,,,,,,,,,,,,,,10.0,2.0,20.0,0.45,0.09,0.0,0.0,,,,,,,,,,,,,,,,,,
Luis Díaz,4a1a9578,137,coCOL,FW,Liverpool,25.0,1997.0,17,11,996.0,11.1,4.0,2.0,6.0,4.0,0.0,0.0,2,0,0.36,0.18,0.54,0.36,0.54,Matches,2022-2023,EPL,,11.0,,,,,,,,,,,5.0,,,,,,,,,,,,,,,,,,,,,,,27.0,8.0,29.6,2.44,0.72,0.15,0.5,,,,,,,,,,,,,,,,,,
Eric Dier,ac861941,138,engENG,DF,Tottenham Hotspur,28.0,1994.0,33,31,2818.0,31.3,2.0,1.0,3.0,2.0,0.0,0.0,3,0,0.06,0.03,0.1,0.06,0.1,Matches,2022-2023,EPL,,20.0,,,,,,,,,,,33.0,,,,,,,,,,,,,,,,,,,,,,,17.0,4.0,23.5,0.54,0.13,0.12,0.5,,,,,,,,,,,,,,,,,,
Lucas Digne,1b84dbe1,139,frFRA,DF,Aston Villa,29.0,1993.0,28,18,1502.0,16.7,1.0,0.0,1.0,1.0,0.0,0.0,5,0,0.06,0.0,0.06,0.06,0.06,Matches,2022-2023,EPL,,13.0,,,,,,,,,,,18.0,,,,,,,,,,,,,,,,,,,,,,,8.0,3.0,37.5,0.48,0.18,0.13,0.33,,,,,,,,,,,,,,,,,,
Issa Diop,a712ca2b,140,frFRA,DF,Fulham,25.0,1997.0,25,21,2012.0,22.4,1.0,0.0,1.0,1.0,0.0,0.0,2,0,0.04,0.0,0.04,0.04,0.04,Matches,2022-2023,EPL,,18.0,,,,,,,,,,,31.0,,,,,,,,,,,,,,,,,,,,,,,3.0,2.0,66.7,0.13,0.09,0.33,0.5,,,,,,,,,,,,,,,,,,
Moussa Djenepo,254147d4,141,mlMLI,"DF,MF",Southampton,24.0,1998.0,16,7,710.0,7.9,0.0,2.0,2.0,0.0,0.0,0.0,1,0,0.0,0.25,0.25,0.0,0.25,Matches,2022-2023,EPL,,11.0,,,,,,,,,,,12.0,,,,,,,,,,,,,,,,,,,,,,,3.0,2.0,66.7,0.38,0.25,0.0,0.0,,,,,,,,,,,,,,,,,,
Matt Doherty,d557d734,142,ieIRL,MF,Tottenham Hotspur,30.0,1992.0,12,7,667.0,7.4,1.0,0.0,1.0,1.0,0.0,0.0,0,0,0.13,0.0,0.13,0.13,0.13,Matches,2022-2023,EPL,,11.0,,,,,,,,,,,7.0,,,,,,,,,,,,,,,,,,,,,,,10.0,2.0,20.0,1.35,0.27,0.1,0.5,,,,,,,,,,,,,,,,,,
Abdoulaye Doucouré,02b29014,143,mlMLI,MF,Everton,29.0,1993.0,25,17,1533.0,17.0,5.0,2.0,7.0,5.0,0.0,0.0,6,1,0.29,0.12,0.41,0.29,0.41,Matches,2022-2023,EPL,,20.0,,,,,,,,,,,12.0,,,,,,,,,,,,,,,,,,,,,,,20.0,8.0,40.0,1.17,0.47,0.25,0.63,,,,,,,,,,,,,,,,,,
Cheick Doucouré,ce4f40c7,144,mlMLI,MF,Crystal Palace,22.0,2000.0,34,34,2769.0,30.8,0.0,3.0,3.0,0.0,0.0,0.0,10,1,0.0,0.1,0.1,0.0,0.1,Matches,2022-2023,EPL,,48.0,,,,,,,,,,,56.0,,,,,,,,,,,,,,,,,,,,,,,36.0,7.0,19.4,1.17,0.23,0.0,0.0,,,,,,,,,,,,,,,,,,
Flynn Downes,69fdb896,145,engENG,MF,West Ham United,23.0,1999.0,21,7,762.0,8.5,0.0,0.0,0.0,0.0,0.0,0.0,2,0,0.0,0.0,0.0,0.0,0.0,Matches,2022-2023,EPL,,8.0,,,,,,,,,,,7.0,,,,,,,,,,,,,,,,,,,,,,,4.0,1.0,25.0,0.47,0.12,0.0,0.0,,,,,,,,,,,,,,,,,,
Kami Doyle,65983e4d,146,engENG,MF,Southampton,16.0,2005.0,1,0,7.0,0.1,0.0,0.0,0.0,0.0,0.0,0.0,0,0,0.0,0.0,0.0,0.0,0.0,Matches,2022-2023,EPL,,0.0,,,,,,,,,,,0.0,,,,,,,,,,,,,,,,,,,,,,,0.0,0.0,,0.0,0.0,,,,,,,,,,,,,,,,,,,,
Cody Drameh,e0d1510a,147,engENG,DF,Leeds United,20.0,2001.0,1,1,69.0,0.8,0.0,0.0,0.0,0.0,0.0,0.0,0,0,0.0,0.0,0.0,0.0,0.0,Matches,2022-2023,EPL,,4.0,,,,,,,,,,,1.0,,,,,,,,,,,,,,,,,,,,,,,0.0,0.0,,0.0,0.0,,,,,,,,,,,,,,,,,,,,
Martin Dúbravka,3a949a25,148,skSVK,GK,Newcastle United,33.0,1989.0,2,1,157.0,1.7,0.0,0.0,0.0,0.0,0.0,0.0,0,0,0.0,0.0,0.0,0.0,0.0,Matches,2022-2023,EPL,,0.0,,,,,,,,,,,0.0,,,,,,,,,,,,,,,,,,,,,,,0.0,0.0,,0.0,0.0,,,2.0,1.0,157.0,1.0,0.57,11.0,10.0,90.9,0.0,1.0,0.0,0.0,0.0,0.0,0.0,0.0,0.0,
Shane Duffy,7314bba4,149,ieIRL,"DF,MF",Fulham,30.0,1992.0,5,0,20.0,0.2,0.0,0.0,0.0,0.0,0.0,0.0,0,0,0.0,0.0,0.0,0.0,0.0,Matches,2022-2023,EPL,,0.0,,,,,,,,,,,0.0,,,,,,,,,,,,,,,,,,,,,,,1.0,0.0,0.0,4.5,0.0,0.0,,,,,,,,,,,,,,,,,,,
Lewis Dunk,282f75f3,150,engENG,DF,Brighton,30.0,1991.0,36,36,3239.0,36.0,1.0,0.0,1.0,1.0,0.0,0.0,4,0,0.03,0.0,0.03,0.03,0.03,Matches,2022-2023,EPL,,18.0,,,,,,,,,,,30.0,,,,,,,,,,,,,,,,,,,,,,,22.0,3.0,13.6,0.61,0.08,0.05,0.33,,,,,,,,,,,,,,,,,,
Jáder Durán,414184f7,151,coCOL,FW,Aston Villa,18.0,2003.0,12,0,136.0,1.5,0.0,0.0,0.0,0.0,0.0,0.0,1,0,0.0,0.0,0.0,0.0,0.0,Matches,2022-2023,EPL,,1.0,,,,,,,,,,,1.0,,,,,,,,,,,,,,,,,,,,,,,7.0,2.0,28.6,4.63,1.32,0.0,0.0,,,,,,,,,,,,,,,,,,
Malcolm Ebiowei,fa9fa773,152,engENG,MF,Crystal Palace,18.0,2003.0,3,0,34.0,0.4,0.0,0.0,0.0,0.0,0.0,0.0,0,0,0.0,0.0,0.0,0.0,0.0,Matches,2022-2023,EPL,,1.0,,,,,,,,,,,0.0,,,,,,,,,,,,,,,,,,,,,,,0.0,0.0,,0.0,0.0,,,,,,,,,,,,,,,,,,,,
Ederson,3bb7b8b4,153,brBRA,GK,Manchester City,28.0,1993.0,35,35,3150.0,35.0,0.0,1.0,1.0,0.0,0.0,0.0,3,0,0.0,0.03,0.03,0.0,0.03,Matches,2022-2023,EPL,,1.0,,,,,,,,,,,1.0,,,,,,,,,,,,,,,,,,,,,,,0.0,0.0,,0.0,0.0,,,35.0,35.0,3150.0,32.0,0.91,75.0,46.0,61.3,26.0,4.0,5.0,11.0,31.4,3.0,3.0,0.0,0.0,0.0
Odsonne Édouard,0562b7f1,154,frFRA,FW,Crystal Palace,24.0,1998.0,35,20,1803.0,20.0,5.0,2.0,7.0,5.0,0.0,0.0,3,0,0.25,0.1,0.35,0.25,0.35,Matches,2022-2023,EPL,,11.0,,,,,,,,,,,1.0,,,,,,,,,,,,,,,,,,,,,,,39.0,15.0,38.5,1.95,0.75,0.13,0.33,,,,,,,,,,,,,,,,,,
Samuel Edozie,007414dd,155,engENG,"MF,FW",Southampton,19.0,2003.0,17,5,567.0,6.3,0.0,0.0,0.0,0.0,0.0,0.0,0,0,0.0,0.0,0.0,0.0,0.0,Matches,2022-2023,EPL,,11.0,,,,,,,,,,,5.0,,,,,,,,,,,,,,,,,,,,,,,8.0,3.0,37.5,1.27,0.48,0.0,0.0,,,,,,,,,,,,,,,,,,
Anthony Elanga,2fba6108,156,seSWE,MF,Manchester Utd,20.0,2002.0,16,5,426.0,4.7,0.0,1.0,1.0,0.0,0.0,0.0,0,0,0.0,0.21,0.21,0.0,0.21,Matches,2022-2023,EPL,,0.0,,,,,,,,,,,2.0,,,,,,,,,,,,,,,,,,,,,,,10.0,4.0,40.0,2.11,0.85,0.0,0.0,,,,,,,,,,,,,,,,,,
Harvey Elliott,b9e1436c,157,engENG,MF,Liverpool,19.0,2003.0,32,18,1613.0,17.9,1.0,2.0,3.0,1.0,0.0,0.0,2,0,0.06,0.11,0.17,0.06,0.17,Matches,2022-2023,EPL,,20.0,,,,,,,,,,,14.0,,,,,,,,,,,,,,,,,,,,,,,36.0,12.0,33.3,2.01,0.67,0.03,0.08,,,,,,,,,,,,,,,,,,
Mohamed Elneny,47a34c4f,158,egEGY,MF,Arsenal,30.0,1992.0,5,1,113.0,1.3,0.0,0.0,0.0,0.0,0.0,0.0,0,0,0.0,0.0,0.0,0.0,0.0,Matches,2022-2023,EPL,,1.0,,,,,,,,,,,0.0,,,,,,,,,,,,,,,,,,,,,,,0.0,0.0,,0.0,0.0,,,,,,,,,,,,,,,,,,,,
Mohamed Elyounoussi,68dc0dac,159,noNOR,MF,Southampton,27.0,1994.0,33,27,2168.0,24.1,1.0,1.0,2.0,1.0,0.0,0.0,4,0,0.04,0.04,0.08,0.04,0.08,Matches,2022-2023,EPL,,30.0,,,,,,,,,,,25.0,,,,,,,,,,,,,,,,,,,,,,,36.0,11.0,30.6,1.49,0.46,0.03,0.09,,,,,,,,,,,,,,,,,,
Emerson,df8b52a5,160,brBRA,"MF,DF",Tottenham Hotspur,23.0,1999.0,26,20,1735.0,19.3,2.0,1.0,3.0,2.0,0.0,0.0,2,1,0.1,0.05,0.16,0.1,0.16,Matches,2022-2023,EPL,,36.0,,,,,,,,,,,18.0,,,,,,,,,,,,,,,,,,,,,,,17.0,7.0,41.2,0.88,0.36,0.12,0.29,,,,,,,,,,,,,,,,,,
Julio Enciso,9cfbad36,161,pyPAR,"MF,FW",Brighton,18.0,2004.0,20,7,806.0,9.0,4.0,2.0,6.0,4.0,0.0,0.0,1,0,0.45,0.22,0.67,0.45,0.67,Matches,2022-2023,EPL,,4.0,,,,,,,,,,,3.0,,,,,,,,,,,,,,,,,,,,,,,38.0,18.0,47.4,4.24,2.01,0.11,0.22,,,,,,,,,,,,,,,,,,
Christian Eriksen,980522ec,162,dkDEN,MF,Manchester Utd,30.0,1992.0,28,25,2048.0,22.8,1.0,8.0,9.0,1.0,0.0,0.0,3,0,0.04,0.35,0.4,0.04,0.4,Matches,2022-2023,EPL,,19.0,,,,,,,,,,,10.0,,,,,,,,,,,,,,,,,,,,,,,38.0,11.0,28.9,1.67,0.48,0.03,0.09,,,,,,,,,,,,,,,,,,
Pervis Estupiñán,d38fdf53,163,ecECU,"DF,MF",Brighton,24.0,1998.0,35,31,2675.0,29.7,1.0,5.0,6.0,1.0,0.0,0.0,4,0,0.03,0.17,0.2,0.03,0.2,Matches,2022-2023,EPL,,33.0,,,,,,,,,,,33.0,,,,,,,,,,,,,,,,,,,,,,,30.0,5.0,16.7,1.01,0.17,0.03,0.2,,,,,,,,,,,,,,,,,,
Jonny Evans,f8fcd2a5,164,nirNIR,DF,Leicester City,34.0,1988.0,13,12,1051.0,11.7,0.0,0.0,0.0,0.0,0.0,0.0,1,0,0.0,0.0,0.0,0.0,0.0,Matches,2022-2023,EPL,,5.0,,,,,,,,,,,17.0,,,,,,,,,,,,,,,,,,,,,,,1.0,1.0,100.0,0.09,0.09,0.0,0.0,,,,,,,,,,,,,,,,,,
Eberechi Eze,ae4fc6a4,165,engENG,"MF,FW",Crystal Palace,24.0,1998.0,38,30,2636.0,29.3,10.0,4.0,14.0,9.0,1.0,1.0,3,0,0.34,0.14,0.48,0.31,0.44,Matches,2022-2023,EPL,,24.0,,,,,,,,,,,10.0,,,,,,,,,,,,,,,,,,,,,,,70.0,25.0,35.7,2.39,0.85,0.13,0.36,,,,,,,,,,,,,,,,,,
Łukasz Fabiański,9328b835,166,plPOL,GK,West Ham United,37.0,1985.0,36,36,3111.0,34.6,0.0,0.0,0.0,0.0,0.0,0.0,1,0,0.0,0.0,0.0,0.0,0.0,Matches,2022-2023,EPL,,0.0,,,,,,,,,,,0.0,,,,,,,,,,,,,,,,,,,,,,,0.0,0.0,,0.0,0.0,,,36.0,36.0,3111.0,48.0,1.39,153.0,108.0,69.9,11.0,6.0,19.0,9.0,25.0,4.0,2.0,1.0,1.0,33.3
Fabinho,7f3b388c,167,brBRA,MF,Liverpool,28.0,1993.0,36,31,2671.0,29.7,0.0,2.0,2.0,0.0,0.0,0.0,11,0,0.0,0.07,0.07,0.0,0.07,Matches,2022-2023,EPL,,37.0,,,,,,,,,,,36.0,,,,,,,,,,,,,,,,,,,,,,,18.0,4.0,22.2,0.61,0.13,0.0,0.0,,,,,,,,,,,,,,,,,,
Wout Faes,9c221d14,168,beBEL,DF,Leicester City,24.0,1998.0,31,31,2786.0,31.0,1.0,2.0,3.0,1.0,0.0,0.0,6,1,0.03,0.06,0.1,0.03,0.1,Matches,2022-2023,EPL,,31.0,,,,,,,,,,,42.0,,,,,,,,,,,,,,,,,,,,,,,13.0,3.0,23.1,0.42,0.1,0.08,0.33,,,,,,,,,,,,,,,,,,
Felipe,51a3c4c8,169,brBRA,DF,Nottingham Forest,33.0,1989.0,16,15,1418.0,15.8,0.0,1.0,1.0,0.0,0.0,0.0,4,0,0.0,0.06,0.06,0.0,0.06,Matches,2022-2023,EPL,,23.0,,,,,,,,,,,38.0,,,,,,,,,,,,,,,,,,,,,,,13.0,1.0,7.7,0.83,0.06,0.0,0.0,,,,,,,,,,,,,,,,,,
João Félix,8aafd64f,170,ptPOR,"FW,MF",Chelsea,22.0,1999.0,16,11,941.0,10.5,4.0,0.0,4.0,4.0,0.0,0.0,1,1,0.38,0.0,0.38,0.38,0.38,Matches,2022-2023,EPL,,7.0,,,,,,,,,,,1.0,,,,,,,,,,,,,,,,,,,,,,,46.0,16.0,34.8,4.4,1.53,0.09,0.25,,,,,,,,,,,,,,,,,,
Evan Ferguson,4596da74,171,ieIRL,FW,Brighton,17.0,2004.0,19,10,950.0,10.6,6.0,2.0,8.0,6.0,0.0,0.0,1,0,0.57,0.19,0.76,0.57,0.76,Matches,2022-2023,EPL,,3.0,,,,,,,,,,,2.0,,,,,,,,,,,,,,,,,,,,,,,36.0,17.0,47.2,3.41,1.61,0.17,0.35,,,,,,,,,,,,,,,,,,
Bruno Fernandes,507c7bdf,172,ptPOR,MF,Manchester Utd,27.0,1994.0,37,37,3316.0,36.8,8.0,8.0,16.0,6.0,2.0,2.0,6,0,0.22,0.22,0.43,0.16,0.38,Matches,2022-2023,EPL,,42.0,,,,,,,,,,,25.0,,,,,,,,,,,,,,,,,,,,,,,92.0,35.0,38.0,2.5,0.95,0.07,0.17,,,,,,,,,,,,,,,,,,
Enzo Fernández,5ff4ab71,173,arARG,MF,Chelsea,21.0,2001.0,18,18,1547.0,17.2,0.0,2.0,2.0,0.0,0.0,0.0,3,0,0.0,0.12,0.12,0.0,0.12,Matches,2022-2023,EPL,,26.0,,,,,,,,,,,12.0,,,,,,,,,,,,,,,,,,,,,,,20.0,3.0,15.0,1.16,0.17,0.0,0.0,,,,,,,,,,,,,,,,,,
Roberto Firmino,4c370d81,174,brBRA,FW,Liverpool,30.0,1991.0,25,13,1213.0,13.5,11.0,4.0,15.0,11.0,0.0,0.0,0,0,0.82,0.3,1.11,0.82,1.11,Matches,2022-2023,EPL,,13.0,,,,,,,,,,,7.0,,,,,,,,,,,,,,,,,,,,,,,39.0,25.0,64.1,2.89,1.85,0.28,0.44,,,,,,,,,,,,,,,,,,
Junior Firpo,24f59bb2,175,doDOM,DF,Leeds United,25.0,1996.0,19,14,1368.0,15.2,1.0,1.0,2.0,1.0,0.0,0.0,6,1,0.07,0.07,0.13,0.07,0.13,Matches,2022-2023,EPL,,23.0,,,,,,,,,,,24.0,,,,,,,,,,,,,,,,,,,,,,,2.0,1.0,50.0,0.13,0.07,0.5,1.0,,,,,,,,,,,,,,,,,,
Phil Foden,ed1e53f3,176,engENG,"FW,MF",Manchester City,22.0,2000.0,32,22,1842.0,20.5,11.0,6.0,17.0,11.0,0.0,0.0,1,0,0.54,0.29,0.83,0.54,0.83,Matches,2022-2023,EPL,,10.0,,,,,,,,,,,5.0,,,,,,,,,,,,,,,,,,,,,,,46.0,22.0,47.8,2.25,1.07,0.24,0.5,,,,,,,,,,,,,,,,,,
Wesley Fofana,132a82f1,177,frFRA,DF,Leicester City,21.0,2000.0,2,2,180.0,2.0,0.0,0.0,0.0,0.0,0.0,0.0,1,0,0.0,0.0,0.0,0.0,0.0,Matches,2022-2023,EPL,,2.0,,,,,,,,,,,9.0,,,,,,,,,,,,,,,,,,,,,,,2.0,1.0,50.0,1.0,0.5,0.0,0.0,,,,,,,,,,,,,,,,,,
Wesley Fofana,132a82f1,178,frFRA,DF,Chelsea,21.0,2000.0,15,12,1183.0,13.1,1.0,0.0,1.0,1.0,0.0,0.0,3,0,0.08,0.0,0.08,0.08,0.08,Matches,2022-2023,EPL,,18.0,,,,,,,,,,,18.0,,,,,,,,,,,,,,,,,,,,,,,6.0,2.0,33.3,0.46,0.15,0.17,0.5,,,,,,,,,,,,,,,,,,
Pablo Fornals,82927de4,179,esESP,MF,West Ham United,26.0,1996.0,32,17,1503.0,16.7,3.0,1.0,4.0,3.0,0.0,0.0,0,0,0.18,0.06,0.24,0.18,0.24,Matches,2022-2023,EPL,,14.0,,,,,,,,,,,14.0,,,,,,,,,,,,,,,,,,,,,,,27.0,7.0,25.9,1.62,0.42,0.11,0.43,,,,,,,,,,,,,,,,,,
Adam Forshaw,9f1938ab,180,engENG,MF,Leeds United,30.0,1991.0,12,5,479.0,5.3,0.0,0.0,0.0,0.0,0.0,0.0,0,0,0.0,0.0,0.0,0.0,0.0,Matches,2022-2023,EPL,,9.0,,,,,,,,,,,4.0,,,,,,,,,,,,,,,,,,,,,,,1.0,0.0,0.0,0.19,0.0,0.0,,,,,,,,,,,,,,,,,,,
Fraser Forster,c3e39f12,181,engENG,GK,Tottenham Hotspur,34.0,1988.0,14,13,1215.0,13.5,0.0,0.0,0.0,0.0,0.0,0.0,1,0,0.0,0.0,0.0,0.0,0.0,Matches,2022-2023,EPL,,0.0,,,,,,,,,,,0.0,,,,,,,,,,,,,,,,,,,,,,,0.0,0.0,,0.0,0.0,,,14.0,13.0,1215.0,24.0,1.78,52.0,31.0,57.7,5.0,3.0,5.0,3.0,23.1,3.0,2.0,1.0,0.0,33.3
Tyrese Francois,6722d4f0,182,auAUS,MF,Fulham,22.0,2000.0,1,0,1.0,0.0,0.0,0.0,0.0,0.0,0.0,0.0,0,0,0.0,0.0,0.0,0.0,0.0,Matches,2022-2023,EPL,,0.0,,,,,,,,,,,0.0,,,,,,,,,,,,,,,,,,,,,,,0.0,0.0,,0.0,0.0,,,,,,,,,,,,,,,,,,,,
Ryan Fraser,d56543a0,183,sctSCO,FW,Newcastle United,28.0,1994.0,8,3,313.0,3.5,0.0,0.0,0.0,0.0,0.0,0.0,1,0,0.0,0.0,0.0,0.0,0.0,Matches,2022-2023,EPL,,2.0,,,,,,,,,,,0.0,,,,,,,,,,,,,,,,,,,,,,,6.0,1.0,16.7,1.73,0.29,0.0,0.0,,,,,,,,,,,,,,,,,,
Fred,b853e0ad,184,brBRA,MF,Manchester Utd,29.0,1993.0,35,12,1249.0,13.9,2.0,2.0,4.0,2.0,0.0,0.0,6,0,0.14,0.14,0.29,0.14,0.29,Matches,2022-2023,EPL,,31.0,,,,,,,,,,,19.0,,,,,,,,,,,,,,,,,,,,,,,26.0,5.0,19.2,1.87,0.36,0.08,0.4,,,,,,,,,,,,,,,,,,
Ryan Fredericks,c067631c,185,engENG,DF,Bournemouth,29.0,1992.0,12,5,533.0,5.9,0.0,0.0,0.0,0.0,0.0,0.0,1,0,0.0,0.0,0.0,0.0,0.0,Matches,2022-2023,EPL,,3.0,,,,,,,,,,,1.0,,,,,,,,,,,,,,,,,,,,,,,0.0,0.0,,0.0,0.0,,,,,,,,,,,,,,,,,,,,
Remo Freuler,98d2c2c4,186,chSUI,MF,Nottingham Forest,30.0,1992.0,28,24,2161.0,24.0,0.0,0.0,0.0,0.0,0.0,0.0,4,0,0.0,0.0,0.0,0.0,0.0,Matches,2022-2023,EPL,,26.0,,,,,,,,,,,29.0,,,,,,,,,,,,,,,,,,,,,,,8.0,1.0,12.5,0.33,0.04,0.0,0.0,,,,,,,,,,,,,,,,,,
Cody Gakpo,1971591f,187,nlNED,FW,Liverpool,23.0,1999.0,21,17,1458.0,16.2,7.0,2.0,9.0,7.0,0.0,0.0,0,0,0.43,0.12,0.56,0.43,0.56,Matches,2022-2023,EPL,,15.0,,,,,,,,,,,4.0,,,,,,,,,,,,,,,,,,,,,,,39.0,13.0,33.3,2.41,0.8,0.18,0.54,,,,,,,,,,,,,,,,,,
Conor Gallagher,c2731c10,188,engENG,MF,Chelsea,22.0,2000.0,35,18,1621.0,18.0,3.0,1.0,4.0,3.0,0.0,0.0,11,1,0.17,0.06,0.22,0.17,0.22,Matches,2022-2023,EPL,,32.0,,,,,,,,,,,23.0,,,,,,,,,,,,,,,,,,,,,,,28.0,11.0,39.3,1.55,0.61,0.11,0.27,,,,,,,,,,,,,,,,,,
Idrissa Gana Gueye,72c812f3,189,snSEN,MF,Everton,32.0,1989.0,33,32,2577.0,28.6,0.0,1.0,1.0,0.0,0.0,0.0,7,0,0.0,0.03,0.03,0.0,0.03,Matches,2022-2023,EPL,,57.0,,,,,,,,,,,56.0,,,,,,,,,,,,,,,,,,,,,,,15.0,6.0,40.0,0.52,0.21,0.0,0.0,,,,,,,,,,,,,,,,,,
Ben Gannon-Doak,733f1a7d,190,sctSCO,MF,Liverpool,16.0,2005.0,2,0,26.0,0.3,0.0,0.0,0.0,0.0,0.0,0.0,0,0,0.0,0.0,0.0,0.0,0.0,Matches,2022-2023,EPL,,2.0,,,,,,,,,,,0.0,,,,,,,,,,,,,,,,,,,,,,,0.0,0.0,,0.0,0.0,,,,,,,,,,,,,,,,,,,,
Alejandro Garnacho,7aa8adfe,191,arARG,MF,Manchester Utd,18.0,2004.0,19,5,569.0,6.3,3.0,2.0,5.0,3.0,0.0,0.0,3,0,0.47,0.32,0.79,0.47,0.79,Matches,2022-2023,EPL,,2.0,,,,,,,,,,,4.0,,,,,,,,,,,,,,,,,,,,,,,24.0,10.0,41.7,3.8,1.58,0.13,0.3,,,,,,,,,,,,,,,,,,
James Garner,4e015693,192,engENG,MF,Everton,21.0,2001.0,16,7,804.0,8.9,0.0,1.0,1.0,0.0,0.0,0.0,3,0,0.0,0.11,0.11,0.0,0.11,Matches,2022-2023,EPL,,13.0,,,,,,,,,,,12.0,,,,,,,,,,,,,,,,,,,,,,,9.0,3.0,33.3,1.01,0.34,0.0,0.0,,,,,,,,,,,,,,,,,,
David de Gea,7ba6d84e,193,esESP,GK,Manchester Utd,31.0,1990.0,38,38,3420.0,38.0,0.0,0.0,0.0,0.0,0.0,0.0,0,0,0.0,0.0,0.0,0.0,0.0,Matches,2022-2023,EPL,,0.0,,,,,,,,,,,0.0,,,,,,,,,,,,,,,,,,,,,,,0.0,0.0,,0.0,0.0,,,38.0,38.0,3420.0,43.0,1.13,140.0,100.0,70.7,23.0,6.0,9.0,17.0,44.7,3.0,2.0,1.0,0.0,33.3
Joe Gelhardt,01962d0d,194,engENG,FW,Leeds United,20.0,2002.0,15,1,212.0,2.4,0.0,2.0,2.0,0.0,0.0,0.0,1,0,0.0,0.85,0.85,0.0,0.85,Matches,2022-2023,EPL,,2.0,,,,,,,,,,,0.0,,,,,,,,,,,,,,,,,,,,,,,10.0,2.0,20.0,4.25,0.85,0.0,0.0,,,,,,,,,,,,,,,,,,
Saman Ghoddos,f7b1d4e0,195,irIRN,"FW,MF",Brentford,28.0,1993.0,15,0,139.0,1.5,0.0,0.0,0.0,0.0,0.0,0.0,0,0,0.0,0.0,0.0,0.0,0.0,Matches,2022-2023,EPL,,1.0,,,,,,,,,,,3.0,,,,,,,,,,,,,,,,,,,,,,,1.0,1.0,100.0,0.65,0.65,0.0,0.0,,,,,,,,,,,,,,,,,,
Morgan Gibbs-White,32f60ed8,196,engENG,MF,Wolves,22.0,2000.0,2,2,180.0,2.0,0.0,0.0,0.0,0.0,0.0,0.0,1,0,0.0,0.0,0.0,0.0,0.0,Matches,2022-2023,EPL,,1.0,,,,,,,,,,,1.0,,,,,,,,,,,,,,,,,,,,,,,3.0,1.0,33.3,1.5,0.5,0.0,0.0,,,,,,,,,,,,,,,,,,
Morgan Gibbs-White,32f60ed8,197,engENG,"MF,FW",Nottingham Forest,22.0,2000.0,35,34,2971.0,33.0,5.0,8.0,13.0,3.0,2.0,2.0,5,0,0.15,0.24,0.39,0.09,0.33,Matches,2022-2023,EPL,,14.0,,,,,,,,,,,13.0,,,,,,,,,,,,,,,,,,,,,,,59.0,22.0,37.3,1.79,0.67,0.05,0.14,,,,,,,,,,,,,,,,,,
Bryan Gil,7b5ab7f2,198,esESP,"MF,FW",Tottenham Hotspur,21.0,2001.0,4,2,148.0,1.6,0.0,1.0,1.0,0.0,0.0,0.0,1,0,0.0,0.61,0.61,0.0,0.61,Matches,2022-2023,EPL,,1.0,,,,,,,,,,,1.0,,,,,,,,,,,,,,,,,,,,,,,2.0,1.0,50.0,1.22,0.61,0.0,0.0,,,,,,,,,,,,,,,,,,
Billy Gilmour,df10e27c,199,sctSCO,MF,Brighton,21.0,2001.0,14,7,507.0,5.6,0.0,1.0,1.0,0.0,0.0,0.0,1,0,0.0,0.18,0.18,0.0,0.18,Matches,2022-2023,EPL,,2.0,,,,,,,,,,,5.0,,,,,,,,,,,,,,,,,,,,,,,6.0,1.0,16.7,1.07,0.18,0.0,0.0,,,,,,,,,,,,,,,,,,
Wilfried Gnonto,75fdd638,200,itITA,"MF,FW",Leeds United,18.0,2003.0,24,14,1354.0,15.0,2.0,4.0,6.0,2.0,0.0,0.0,7,0,0.13,0.27,0.4,0.13,0.4,Matches,2022-2023,EPL,,16.0,,,,,,,,,,,4.0,,,,,,,,,,,,,,,,,,,,,,,22.0,8.0,36.4,1.46,0.53,0.09,0.25,,,,,,,,,,,,,,,,,,
Ben Godfrey,9f7c837d,201,engENG,DF,Everton,24.0,1998.0,13,10,802.0,8.9,0.0,1.0,1.0,0.0,0.0,0.0,2,0,0.0,0.11,0.11,0.0,0.11,Matches,2022-2023,EPL,,11.0,,,,,,,,,,,8.0,,,,,,,,,,,,,,,,,,,,,,,6.0,1.0,16.7,0.67,0.11,0.0,0.0,,,,,,,,,,,,,,,,,,
João Gomes,8b57ad2c,202,brBRA,MF,Wolves,21.0,2001.0,11,7,653.0,7.3,1.0,0.0,1.0,1.0,0.0,0.0,5,0,0.14,0.0,0.14,0.14,0.14,Matches,2022-2023,EPL,,14.0,,,,,,,,,,,3.0,,,,,,,,,,,,,,,,,,,,,,,4.0,2.0,50.0,0.55,0.28,0.25,0.5,,,,,,,,,,,,,,,,,,
Toti Gomes,f0caab96,203,ptPOR,DF,Wolves,23.0,1999.0,17,10,984.0,10.9,1.0,0.0,1.0,1.0,0.0,0.0,6,0,0.09,0.0,0.09,0.09,0.09,Matches,2022-2023,EPL,,9.0,,,,,,,,,,,10.0,,,,,,,,,,,,,,,,,,,,,,,5.0,2.0,40.0,0.46,0.18,0.2,0.5,,,,,,,,,,,,,,,,,,
Joe Gomez,7a11550b,204,engENG,DF,Liverpool,25.0,1997.0,21,15,1466.0,16.3,0.0,0.0,0.0,0.0,0.0,0.0,3,0,0.0,0.0,0.0,0.0,0.0,Matches,2022-2023,EPL,,21.0,,,,,,,,,,,22.0,,,,,,,,,,,,,,,,,,,,,,,6.0,2.0,33.3,0.37,0.12,0.0,0.0,,,,,,,,,,,,,,,,,,
Sergio Gómez,01e5f06e,205,esESP,"MF,FW",Manchester City,21.0,2000.0,12,2,349.0,3.9,0.0,1.0,1.0,0.0,0.0,0.0,0,0,0.0,0.26,0.26,0.0,0.26,Matches,2022-2023,EPL,,4.0,,,,,,,,,,,2.0,,,,,,,,,,,,,,,,,,,,,,,7.0,0.0,0.0,1.81,0.0,0.0,,,,,,,,,,,,,,,,,,,
Anthony Gordon,2bd83368,206,engENG,"FW,MF",Newcastle United,21.0,2001.0,16,4,487.0,5.4,1.0,0.0,1.0,1.0,0.0,0.0,1,0,0.18,0.0,0.18,0.18,0.18,Matches,2022-2023,EPL,,11.0,,,,,,,,,,,1.0,,,,,,,,,,,,,,,,,,,,,,,8.0,2.0,25.0,1.48,0.37,0.13,0.5,,,,,,,,,,,,,,,,,,
Anthony Gordon,2bd83368,207,engENG,"FW,MF",Everton,21.0,2001.0,16,12,1095.0,12.2,3.0,0.0,3.0,3.0,0.0,0.0,6,0,0.25,0.0,0.25,0.25,0.25,Matches,2022-2023,EPL,,21.0,,,,,,,,,,,5.0,,,,,,,,,,,,,,,,,,,,,,,26.0,16.0,61.5,2.14,1.32,0.12,0.19,,,,,,,,,,,,,,,,,,
Demarai Gray,4468ec10,208,jmJAM,"FW,MF",Everton,26.0,1996.0,33,27,2507.0,27.9,4.0,1.0,5.0,2.0,2.0,2.0,3,0,0.14,0.04,0.18,0.07,0.11,Matches,2022-2023,EPL,,24.0,,,,,,,,,,,12.0,,,,,,,,,,,,,,,,,,,,,,,59.0,24.0,40.7,2.12,0.86,0.03,0.08,,,,,,,,,,,,,,,,,,
Jack Grealish,b0b4fd3e,209,engENG,"FW,MF",Manchester City,26.0,1995.0,28,23,2055.0,22.8,5.0,7.0,12.0,5.0,0.0,0.0,4,0,0.22,0.31,0.53,0.22,0.53,Matches,2022-2023,EPL,,16.0,,,,,,,,,,,8.0,,,,,,,,,,,,,,,,,,,,,,,41.0,16.0,39.0,1.8,0.7,0.12,0.31,,,,,,,,,,,,,,,,,,
Sam Greenwood,f3354c07,210,engENG,MF,Leeds United,20.0,2002.0,18,3,424.0,4.7,1.0,2.0,3.0,1.0,0.0,0.0,1,0,0.21,0.42,0.64,0.21,0.64,Matches,2022-2023,EPL,,7.0,,,,,,,,,,,1.0,,,,,,,,,,,,,,,,,,,,,,,12.0,2.0,16.7,2.55,0.42,0.08,0.5,,,,,,,,,,,,,,,,,,
Pascal Groß,8aec0537,211,deGER,"MF,DF",Brighton,31.0,1991.0,37,37,3239.0,36.0,9.0,8.0,17.0,9.0,0.0,0.0,6,0,0.25,0.22,0.47,0.25,0.47,Matches,2022-2023,EPL,,36.0,,,,,,,,,,,13.0,,,,,,,,,,,,,,,,,,,,,,,40.0,19.0,47.5,1.11,0.53,0.23,0.47,,,,,,,,,,,,,,,,,,
Vicente Guaita,ab13a5aa,212,esESP,GK,Crystal Palace,35.0,1987.0,27,27,2430.0,27.0,0.0,0.0,0.0,0.0,0.0,0.0,1,0,0.0,0.0,0.0,0.0,0.0,Matches,2022-2023,EPL,,0.0,,,,,,,,,,,0.0,,,,,,,,,,,,,,,,,,,,,,,0.0,0.0,,0.0,0.0,,,27.0,27.0,2430.0,34.0,1.26,117.0,84.0,72.6,7.0,9.0,11.0,6.0,22.2,2.0,2.0,0.0,0.0,0.0
Gonçalo Guedes,e6bc67d7,213,ptPOR,"FW,MF",Wolves,25.0,1996.0,13,8,707.0,7.9,1.0,1.0,2.0,1.0,0.0,0.0,1,0,0.13,0.13,0.25,0.13,0.25,Matches,2022-2023,EPL,,6.0,,,,,,,,,,,1.0,,,,,,,,,,,,,,,,,,,,,,,19.0,6.0,31.6,2.42,0.76,0.05,0.17,,,,,,,,,,,,,,,,,,
Marc Guéhi,d0706b27,214,engENG,DF,Crystal Palace,22.0,2000.0,37,37,3329.0,37.0,1.0,0.0,1.0,1.0,0.0,0.0,8,0,0.03,0.0,0.03,0.03,0.03,Matches,2022-2023,EPL,,27.0,,,,,,,,,,,42.0,,,,,,,,,,,,,,,,,,,,,,,14.0,6.0,42.9,0.38,0.16,0.07,0.17,,,,,,,,,,,,,,,,,,
Bruno Guimarães,82518f62,215,brBRA,MF,Newcastle United,24.0,1997.0,32,32,2726.0,30.3,4.0,5.0,9.0,4.0,0.0,0.0,7,0,0.13,0.17,0.3,0.13,0.3,Matches,2022-2023,EPL,,43.0,,,,,,,,,,,36.0,,,,,,,,,,,,,,,,,,,,,,,28.0,8.0,28.6,0.92,0.26,0.14,0.5,,,,,,,,,,,,,,,,,,
İlkay Gündoğan,819b3158,216,deGER,MF,Manchester City,31.0,1990.0,31,27,2353.0,26.1,8.0,4.0,12.0,8.0,0.0,1.0,0,0,0.31,0.15,0.46,0.31,0.46,Matches,2022-2023,EPL,,19.0,,,,,,,,,,,20.0,,,,,,,,,,,,,,,,,,,,,,,54.0,20.0,37.0,2.07,0.76,0.15,0.4,,,,,,,,,,,,,,,,,,
Darko Gyabi,56d838f7,217,engENG,MF,Leeds United,18.0,2004.0,1,0,8.0,0.1,0.0,0.0,0.0,0.0,0.0,0.0,0,0,0.0,0.0,0.0,0.0,0.0,Matches,2022-2023,EPL,,2.0,,,,,,,,,,,0.0,,,,,,,,,,,,,,,,,,,,,,,1.0,0.0,0.0,11.25,0.0,0.0,,,,,,,,,,,,,,,,,,,
Erling Haaland,1f44ac21,218,noNOR,"FW,MF",Manchester City,22.0,2000.0,35,33,2769.0,30.8,36.0,8.0,44.0,29.0,7.0,7.0,5,0,1.17,0.26,1.43,0.94,1.2,Matches,2022-2023,EPL,,2.0,,,,,,,,,,,3.0,,,,,,,,,,,,,,,,,,,,,,,123.0,60.0,48.8,4.0,1.95,0.24,0.48,,,,,,,,,,,,,,,,,,
Lewis Hall,da011f18,219,engENG,"MF,DF",Chelsea,17.0,2004.0,9,8,654.0,7.3,0.0,0.0,0.0,0.0,0.0,0.0,1,0,0.0,0.0,0.0,0.0,0.0,Matches,2022-2023,EPL,,13.0,,,,,,,,,,,8.0,,,,,,,,,,,,,,,,,,,,,,,11.0,5.0,45.5,1.51,0.69,0.0,0.0,,,,,,,,,,,,,,,,,,
Luke Harris,8c3078cd,220,wlsWAL,MF,Fulham,17.0,2005.0,3,0,13.0,0.1,0.0,0.0,0.0,0.0,0.0,0.0,0,0,0.0,0.0,0.0,0.0,0.0,Matches,2022-2023,EPL,,0.0,,,,,,,,,,,0.0,,,,,,,,,,,,,,,,,,,,,,,0.0,0.0,,0.0,0.0,,,,,,,,,,,,,,,,,,,,
Jack Harrison,aa849a12,221,engENG,MF,Leeds United,25.0,1996.0,36,34,2708.0,30.1,5.0,7.0,12.0,5.0,0.0,0.0,2,0,0.17,0.23,0.4,0.17,0.4,Matches,2022-2023,EPL,,15.0,,,,,,,,,,,22.0,,,,,,,,,,,,,,,,,,,,,,,39.0,14.0,35.9,1.3,0.47,0.13,0.36,,,,,,,,,,,,,,,,,,
Kai Havertz,fed7cb61,222,deGER,"FW,MF",Chelsea,23.0,1999.0,35,30,2569.0,28.5,7.0,1.0,8.0,6.0,1.0,1.0,5,0,0.25,0.04,0.28,0.21,0.25,Matches,2022-2023,EPL,,14.0,,,,,,,,,,,7.0,,,,,,,,,,,,,,,,,,,,,,,71.0,33.0,46.5,2.49,1.16,0.08,0.18,,,,,,,,,,,,,,,,,,
Jan Paul van Hecke,4fd08daa,223,nlNED,DF,Brighton,22.0,2000.0,8,3,295.0,3.3,0.0,0.0,0.0,0.0,0.0,0.0,2,0,0.0,0.0,0.0,0.0,0.0,Matches,2022-2023,EPL,,6.0,,,,,,,,,,,6.0,,,,,,,,,,,,,,,,,,,,,,,2.0,0.0,0.0,0.61,0.0,0.0,,,,,,,,,,,,,,,,,,,
Hwang Hee-chan,169fd162,224,krKOR,"FW,MF",Wolves,26.0,1996.0,27,12,1130.0,12.6,3.0,1.0,4.0,3.0,0.0,0.0,1,0,0.24,0.08,0.32,0.24,0.32,Matches,2022-2023,EPL,,9.0,,,,,,,,,,,3.0,,,,,,,,,,,,,,,,,,,,,,,18.0,7.0,38.9,1.43,0.56,0.17,0.43,,,,,,,,,,,,,,,,,,
Dean Henderson,e5a76dfe,225,engENG,GK,Nottingham Forest,25.0,1997.0,18,18,1620.0,18.0,0.0,0.0,0.0,0.0,0.0,0.0,2,0,0.0,0.0,0.0,0.0,0.0,Matches,2022-2023,EPL,,0.0,,,,,,,,,,,0.0,,,,,,,,,,,,,,,,,,,,,,,0.0,0.0,,0.0,0.0,,,18.0,18.0,1620.0,31.0,1.72,79.0,52.0,63.3,5.0,5.0,8.0,6.0,33.3,5.0,2.0,2.0,1.0,50.0
Jordan Henderson,935e6b8f,226,engENG,MF,Liverpool,32.0,1990.0,35,23,2074.0,23.0,0.0,2.0,2.0,0.0,0.0,0.0,2,0,0.0,0.09,0.09,0.0,0.09,Matches,2022-2023,EPL,,23.0,,,,,,,,,,,21.0,,,,,,,,,,,,,,,,,,,,,,,23.0,6.0,26.1,1.0,0.26,0.0,0.0,,,,,,,,,,,,,,,,,,
Wayne Hennessey,76eca7e2,227,wlsWAL,GK,Nottingham Forest,35.0,1987.0,4,3,271.0,3.0,0.0,0.0,0.0,0.0,0.0,0.0,0,0,0.0,0.0,0.0,0.0,0.0,Matches,2022-2023,EPL,,0.0,,,,,,,,,,,0.0,,,,,,,,,,,,,,,,,,,,,,,0.0,0.0,,0.0,0.0,,,4.0,3.0,271.0,5.0,1.66,15.0,10.0,66.7,0.0,2.0,1.0,1.0,33.3,0.0,0.0,0.0,0.0,
Rico Henry,8a3c1dc7,228,jmJAM,"DF,MF",Brentford,25.0,1997.0,37,37,3238.0,36.0,0.0,2.0,2.0,0.0,0.0,0.0,4,0,0.0,0.06,0.06,0.0,0.06,Matches,2022-2023,EPL,,30.0,,,,,,,,,,,31.0,,,,,,,,,,,,,,,,,,,,,,,22.0,4.0,18.2,0.61,0.11,0.0,0.0,,,,,,,,,,,,,,,,,,
Son Heung-min,92e7e919,229,krKOR,"MF,FW",Tottenham Hotspur,30.0,1992.0,36,33,2888.0,32.1,10.0,6.0,16.0,10.0,0.0,0.0,2,0,0.31,0.19,0.5,0.31,0.5,Matches,2022-2023,EPL,,12.0,,,,,,,,,,,13.0,,,,,,,,,,,,,,,,,,,,,,,81.0,40.0,49.4,2.52,1.25,0.12,0.25,,,,,,,,,,,,,,,,,,
Aaron Hickey,1780bb4a,230,sctSCO,DF,Brentford,20.0,2002.0,26,23,1916.0,21.3,0.0,1.0,1.0,0.0,0.0,0.0,7,0,0.0,0.05,0.05,0.0,0.05,Matches,2022-2023,EPL,,25.0,,,,,,,,,,,17.0,,,,,,,,,,,,,,,,,,,,,,,11.0,2.0,18.2,0.52,0.09,0.0,0.0,,,,,,,,,,,,,,,,,,
Jack Hinshelwood,e98211e7,231,engENG,"DF,MF",Brighton,17.0,2005.0,1,0,2.0,0.0,0.0,0.0,0.0,0.0,0.0,0.0,0,0,0.0,0.0,0.0,0.0,0.0,Matches,2022-2023,EPL,,0.0,,,,,,,,,,,0.0,,,,,,,,,,,,,,,,,,,,,,,0.0,0.0,,0.0,0.0,,,,,,,,,,,,,,,,,,,,
Joseph Hodge,bd8a5d95,232,ieIRL,MF,Wolves,19.0,2002.0,6,1,175.0,1.9,0.0,0.0,0.0,0.0,0.0,0.0,1,0,0.0,0.0,0.0,0.0,0.0,Matches,2022-2023,EPL,,2.0,,,,,,,,,,,0.0,,,,,,,,,,,,,,,,,,,,,,,2.0,0.0,0.0,1.03,0.0,0.0,,,,,,,,,,,,,,,,,,,
Rob Holding,d79a8c87,233,engENG,DF,Arsenal,26.0,1995.0,14,6,566.0,6.3,1.0,0.0,1.0,1.0,0.0,0.0,0,0,0.16,0.0,0.16,0.16,0.16,Matches,2022-2023,EPL,,5.0,,,,,,,,,,,3.0,,,,,,,,,,,,,,,,,,,,,,,5.0,2.0,40.0,0.8,0.32,0.2,0.5,,,,,,,,,,,,,,,,,,
Mason Holgate,d0042ab9,234,jmJAM,DF,Everton,25.0,1996.0,8,5,507.0,5.6,0.0,0.0,0.0,0.0,0.0,0.0,3,1,0.0,0.0,0.0,0.0,0.0,Matches,2022-2023,EPL,,7.0,,,,,,,,,,,7.0,,,,,,,,,,,,,,,,,,,,,,,4.0,1.0,25.0,0.71,0.18,0.0,0.0,,,,,,,,,,,,,,,,,,
Will Hughes,a0666d3e,235,engENG,MF,Crystal Palace,27.0,1995.0,27,7,842.0,9.4,1.0,1.0,2.0,1.0,0.0,0.0,4,0,0.11,0.11,0.21,0.11,0.21,Matches,2022-2023,EPL,,16.0,,,,,,,,,,,16.0,,,,,,,,,,,,,,,,,,,,,,,6.0,4.0,66.7,0.64,0.43,0.17,0.25,,,,,,,,,,,,,,,,,,
Omari Hutchinson,bd9553e6,236,engENG,MF,Chelsea,18.0,2003.0,1,0,23.0,0.3,0.0,0.0,0.0,0.0,0.0,0.0,0,0,0.0,0.0,0.0,0.0,0.0,Matches,2022-2023,EPL,,0.0,,,,,,,,,,,1.0,,,,,,,,,,,,,,,,,,,,,,,0.0,0.0,,0.0,0.0,,,,,,,,,,,,,,,,,,,,
Pierre Højbjerg,8b04d6c1,237,dkDEN,MF,Tottenham Hotspur,26.0,1995.0,35,35,3131.0,34.8,4.0,5.0,9.0,4.0,0.0,0.0,5,0,0.11,0.14,0.26,0.11,0.26,Matches,2022-2023,EPL,,31.0,,,,,,,,,,,47.0,,,,,,,,,,,,,,,,,,,,,,,33.0,9.0,27.3,0.95,0.26,0.12,0.44,,,,,,,,,,,,,,,,,,
Kelechi Iheanacho,c92e1a31,238,ngNGA,FW,Leicester City,25.0,1996.0,28,11,1127.0,12.5,5.0,5.0,10.0,4.0,1.0,1.0,0,0,0.4,0.4,0.8,0.32,0.72,Matches,2022-2023,EPL,,2.0,,,,,,,,,,,0.0,,,,,,,,,,,,,,,,,,,,,,,39.0,14.0,35.9,3.11,1.12,0.1,0.29,,,,,,,,,,,,,,,,,,
Danny Ings,07802f7f,239,engENG,FW,West Ham United,30.0,1992.0,17,7,775.0,8.6,2.0,2.0,4.0,2.0,0.0,0.0,1,0,0.23,0.23,0.46,0.23,0.46,Matches,2022-2023,EPL,,8.0,,,,,,,,,,,3.0,,,,,,,,,,,,,,,,,,,,,,,15.0,4.0,26.7,1.74,0.46,0.13,0.5,,,,,,,,,,,,,,,,,,
Danny Ings,07802f7f,240,engENG,FW,Aston Villa,30.0,1992.0,18,8,824.0,9.2,6.0,0.0,6.0,4.0,2.0,2.0,3,0,0.66,0.0,0.66,0.44,0.44,Matches,2022-2023,EPL,,5.0,,,,,,,,,,,1.0,,,,,,,,,,,,,,,,,,,,,,,27.0,14.0,51.9,2.95,1.53,0.15,0.29,,,,,,,,,,,,,,,,,,
Alexander Isak,8e92be30,241,seSWE,FW,Newcastle United,22.0,1999.0,22,17,1522.0,16.9,10.0,1.0,11.0,8.0,2.0,2.0,3,0,0.59,0.06,0.65,0.47,0.53,Matches,2022-2023,EPL,,8.0,,,,,,,,,,,4.0,,,,,,,,,,,,,,,,,,,,,,,51.0,25.0,49.0,3.02,1.48,0.16,0.32,,,,,,,,,,,,,,,,,,
Daniel Iversen,10d221cd,242,dkDEN,GK,Leicester City,25.0,1997.0,12,12,1080.0,12.0,0.0,0.0,0.0,0.0,0.0,0.0,0,0,0.0,0.0,0.0,0.0,0.0,Matches,2022-2023,EPL,,0.0,,,,,,,,,,,0.0,,,,,,,,,,,,,,,,,,,,,,,0.0,0.0,,0.0,0.0,,,12.0,12.0,1080.0,22.0,1.83,58.0,38.0,65.5,2.0,4.0,6.0,1.0,8.3,2.0,2.0,0.0,0.0,0.0
Alex Iwobi,6ca5ec4b,243,ngNGA,MF,Everton,26.0,1996.0,38,38,3378.0,37.5,2.0,7.0,9.0,2.0,0.0,0.0,2,0,0.05,0.19,0.24,0.05,0.24,Matches,2022-2023,EPL,,37.0,,,,,,,,,,,27.0,,,,,,,,,,,,,,,,,,,,,,,42.0,15.0,35.7,1.12,0.4,0.05,0.13,,,,,,,,,,,,,,,,,,
Daniel James,c931d9f9,244,wlsWAL,MF,Leeds United,24.0,1997.0,4,2,198.0,2.2,0.0,0.0,0.0,0.0,0.0,0.0,0,0,0.0,0.0,0.0,0.0,0.0,Matches,2022-2023,EPL,,2.0,,,,,,,,,,,2.0,,,,,,,,,,,,,,,,,,,,,,,3.0,1.0,33.3,1.36,0.45,0.0,0.0,,,,,,,,,,,,,,,,,,
Daniel James,c931d9f9,245,wlsWAL,"MF,FW",Fulham,24.0,1997.0,20,5,621.0,6.9,2.0,1.0,3.0,2.0,0.0,0.0,0,0,0.29,0.14,0.43,0.29,0.43,Matches,2022-2023,EPL,,5.0,,,,,,,,,,,1.0,,,,,,,,,,,,,,,,,,,,,,,14.0,3.0,21.4,2.03,0.43,0.14,0.67,,,,,,,,,,,,,,,,,,
Reece James,1265a93a,246,engENG,"DF,MF",Chelsea,22.0,1999.0,16,14,1244.0,13.8,1.0,1.0,2.0,1.0,0.0,0.0,4,0,0.07,0.07,0.14,0.07,0.14,Matches,2022-2023,EPL,,20.0,,,,,,,,,,,13.0,,,,,,,,,,,,,,,,,,,,,,,16.0,4.0,25.0,1.16,0.29,0.06,0.25,,,,,,,,,,,,,,,,,,
Vitaly Janelt,8449d35e,247,deGER,MF,Brentford,24.0,1998.0,35,24,2208.0,24.5,3.0,1.0,4.0,3.0,0.0,0.0,3,0,0.12,0.04,0.16,0.12,0.16,Matches,2022-2023,EPL,,26.0,,,,,,,,,,,28.0,,,,,,,,,,,,,,,,,,,,,,,14.0,5.0,35.7,0.57,0.2,0.21,0.6,,,,,,,,,,,,,,,,,,
Pontus Jansson,172e52d8,248,seSWE,DF,Brentford,31.0,1991.0,12,9,724.0,8.0,1.0,0.0,1.0,1.0,0.0,0.0,0,0,0.12,0.0,0.12,0.12,0.12,Matches,2022-2023,EPL,,3.0,,,,,,,,,,,9.0,,,,,,,,,,,,,,,,,,,,,,,4.0,2.0,50.0,0.5,0.25,0.25,0.5,,,,,,,,,,,,,,,,,,
Mathias Jensen,0f134faf,249,dkDEN,MF,Brentford,26.0,1996.0,37,37,2803.0,31.1,5.0,6.0,11.0,5.0,0.0,0.0,5,0,0.16,0.19,0.35,0.16,0.35,Matches,2022-2023,EPL,,35.0,,,,,,,,,,,31.0,,,,,,,,,,,,,,,,,,,,,,,23.0,7.0,30.4,0.74,0.22,0.22,0.71,,,,,,,,,,,,,,,,,,
Gabriel Jesus,b66315ae,250,brBRA,FW,Arsenal,25.0,1997.0,26,24,2064.0,22.9,11.0,6.0,17.0,10.0,1.0,1.0,6,0,0.48,0.26,0.74,0.44,0.7,Matches,2022-2023,EPL,,24.0,,,,,,,,,,,11.0,,,,,,,,,,,,,,,,,,,,,,,77.0,32.0,41.6,3.36,1.4,0.13,0.31,,,,,,,,,,,,,,,,,,
Raúl Jiménez,b561db50,251,mxMEX,FW,Wolves,31.0,1991.0,15,8,846.0,9.4,0.0,1.0,1.0,0.0,0.0,0.0,0,0,0.0,0.11,0.11,0.0,0.11,Matches,2022-2023,EPL,,4.0,,,,,,,,,,,0.0,,,,,,,,,,,,,,,,,,,,,,,20.0,9.0,45.0,2.13,0.96,0.0,0.0,,,,,,,,,,,,,,,,,,
Joelinton,c17bfb65,252,brBRA,"MF,FW",Newcastle United,25.0,1996.0,32,30,2661.0,29.6,6.0,1.0,7.0,6.0,0.0,0.0,12,0,0.2,0.03,0.24,0.2,0.24,Matches,2022-2023,EPL,,49.0,,,,,,,,,,,46.0,,,,,,,,,,,,,,,,,,,,,,,51.0,20.0,39.2,1.72,0.68,0.12,0.3,,,,,,,,,,,,,,,,,,
Ben Johnson,9319781b,253,engENG,"DF,MF",West Ham United,22.0,2000.0,17,9,866.0,9.6,0.0,0.0,0.0,0.0,0.0,0.0,0,0,0.0,0.0,0.0,0.0,0.0,Matches,2022-2023,EPL,,15.0,,,,,,,,,,,8.0,,,,,,,,,,,,,,,,,,,,,,,2.0,1.0,50.0,0.21,0.1,0.0,0.0,,,,,,,,,,,,,,,,,,
Brennan Johnson,0cd31129,254,wlsWAL,"FW,MF",Nottingham Forest,21.0,2001.0,38,33,2934.0,32.6,8.0,3.0,11.0,7.0,1.0,3.0,6,0,0.25,0.09,0.34,0.21,0.31,Matches,2022-2023,EPL,,18.0,,,,,,,,,,,4.0,,,,,,,,,,,,,,,,,,,,,,,55.0,27.0,49.1,1.69,0.83,0.13,0.26,,,,,,,,,,,,,,,,,,
Sam Johnstone,9e5708be,255,engENG,GK,Crystal Palace,29.0,1993.0,9,9,810.0,9.0,0.0,0.0,0.0,0.0,0.0,0.0,1,0,0.0,0.0,0.0,0.0,0.0,Matches,2022-2023,EPL,,0.0,,,,,,,,,,,0.0,,,,,,,,,,,,,,,,,,,,,,,0.0,0.0,,0.0,0.0,,,9.0,9.0,810.0,10.0,1.11,34.0,26.0,76.5,4.0,3.0,2.0,3.0,33.3,2.0,2.0,0.0,0.0,0.0
Curtis Jones,4fb9c88f,256,engENG,MF,Liverpool,21.0,2001.0,18,12,1035.0,11.5,3.0,1.0,4.0,3.0,0.0,0.0,2,0,0.26,0.09,0.35,0.26,0.35,Matches,2022-2023,EPL,,17.0,,,,,,,,,,,3.0,,,,,,,,,,,,,,,,,,,,,,,15.0,5.0,33.3,1.3,0.43,0.2,0.6,,,,,,,,,,,,,,,,,,
Jorginho,45db685d,257,itITA,MF,Arsenal,30.0,1991.0,14,9,855.0,9.5,0.0,1.0,1.0,0.0,0.0,0.0,0,0,0.0,0.11,0.11,0.0,0.11,Matches,2022-2023,EPL,,12.0,,,,,,,,,,,7.0,,,,,,,,,,,,,,,,,,,,,,,6.0,0.0,0.0,0.63,0.0,0.0,,,,,,,,,,,,,,,,,,,
Jorginho,45db685d,258,itITA,MF,Chelsea,30.0,1991.0,18,15,1279.0,14.2,2.0,0.0,2.0,0.0,2.0,2.0,4,0,0.14,0.0,0.14,0.0,0.0,Matches,2022-2023,EPL,,23.0,,,,,,,,,,,19.0,,,,,,,,,,,,,,,,,,,,,,,5.0,3.0,60.0,0.35,0.21,0.0,0.0,,,,,,,,,,,,,,,,,,
Mateo Joseph,6ad43f9a,259,esESP,FW,Leeds United,18.0,2003.0,3,0,26.0,0.3,0.0,0.0,0.0,0.0,0.0,0.0,0,0,0.0,0.0,0.0,0.0,0.0,Matches,2022-2023,EPL,,0.0,,,,,,,,,,,0.0,,,,,,,,,,,,,,,,,,,,,,,1.0,1.0,100.0,3.46,3.46,0.0,0.0,,,,,,,,,,,,,,,,,,
Diogo Jota,178ae8f8,260,ptPOR,"FW,MF",Liverpool,25.0,1996.0,22,12,1131.0,12.6,7.0,4.0,11.0,7.0,0.0,0.0,2,0,0.56,0.32,0.88,0.56,0.88,Matches,2022-2023,EPL,,14.0,,,,,,,,,,,3.0,,,,,,,,,,,,,,,,,,,,,,,35.0,11.0,31.4,2.79,0.88,0.2,0.64,,,,,,,,,,,,,,,,,,
Hamed Junior Traorè,570bb4b9,261,ciCIV,MF,Bournemouth,22.0,2000.0,7,5,427.0,4.7,0.0,0.0,0.0,0.0,0.0,0.0,0,0,0.0,0.0,0.0,0.0,0.0,Matches,2022-2023,EPL,,12.0,,,,,,,,,,,3.0,,,,,,,,,,,,,,,,,,,,,,,6.0,0.0,0.0,1.26,0.0,0.0,,,,,,,,,,,,,,,,,,,
James Justin,fb614c44,262,engENG,"DF,MF",Leicester City,24.0,1998.0,14,14,1252.0,13.9,0.0,0.0,0.0,0.0,0.0,0.0,0,0,0.0,0.0,0.0,0.0,0.0,Matches,2022-2023,EPL,,18.0,,,,,,,,,,,14.0,,,,,,,,,,,,,,,,,,,,,,,5.0,0.0,0.0,0.36,0.0,0.0,,,,,,,,,,,,,,,,,,,
Mathias Jørgensen,0db5d2c8,263,dkDEN,DF,Brentford,32.0,1990.0,18,11,1103.0,12.3,0.0,0.0,0.0,0.0,0.0,0.0,2,0,0.0,0.0,0.0,0.0,0.0,Matches,2022-2023,EPL,,7.0,,,,,,,,,,,16.0,,,,,,,,,,,,,,,,,,,,,,,5.0,1.0,20.0,0.41,0.08,0.0,0.0,,,,,,,,,,,,,,,,,,
Sasa Kalajdzic,15f24fe7,264,atAUT,FW,Wolves,25.0,1997.0,1,1,45.0,0.5,0.0,0.0,0.0,0.0,0.0,0.0,0,0,0.0,0.0,0.0,0.0,0.0,Matches,2022-2023,EPL,,0.0,,,,,,,,,,,1.0,,,,,,,,,,,,,,,,,,,,,,,1.0,0.0,0.0,2.0,0.0,0.0,,,,,,,,,,,,,,,,,,,
Boubacar Kamara,cc77354e,265,frFRA,MF,Aston Villa,22.0,1999.0,24,21,1777.0,19.7,0.0,1.0,1.0,0.0,0.0,0.0,4,0,0.0,0.05,0.05,0.0,0.05,Matches,2022-2023,EPL,,27.0,,,,,,,,,,,19.0,,,,,,,,,,,,,,,,,,,,,,,4.0,1.0,25.0,0.2,0.05,0.0,0.0,,,,,,,,,,,,,,,,,,
Harry Kane,21a66f6a,266,engENG,FW,Tottenham Hotspur,29.0,1993.0,38,38,3405.0,37.8,30.0,3.0,33.0,25.0,5.0,6.0,6,0,0.79,0.08,0.87,0.66,0.74,Matches,2022-2023,EPL,,12.0,,,,,,,,,,,2.0,,,,,,,,,,,,,,,,,,,,,,,132.0,64.0,48.5,3.49,1.69,0.19,0.39,,,,,,,,,,,,,,,,,,
N'Golo Kanté,b9fbae28,267,frFRA,MF,Chelsea,31.0,1991.0,7,6,518.0,5.8,0.0,1.0,1.0,0.0,0.0,0.0,1,0,0.0,0.17,0.17,0.0,0.17,Matches,2022-2023,EPL,,10.0,,,,,,,,,,,6.0,,,,,,,,,,,,,,,,,,,,,,,8.0,1.0,12.5,1.39,0.17,0.0,0.0,,,,,,,,,,,,,,,,,,
Michael Keane,c5b7c315,268,engENG,DF,Everton,29.0,1993.0,12,10,985.0,10.9,1.0,2.0,3.0,1.0,0.0,0.0,0,0,0.09,0.18,0.27,0.09,0.27,Matches,2022-2023,EPL,,4.0,,,,,,,,,,,14.0,,,,,,,,,,,,,,,,,,,,,,,14.0,4.0,28.6,1.28,0.37,0.07,0.25,,,,,,,,,,,,,,,,,,
Neeskens Kebano,18b999f4,269,cdCOD,MF,Fulham,30.0,1992.0,17,9,764.0,8.5,0.0,3.0,3.0,0.0,0.0,0.0,0,0,0.0,0.35,0.35,0.0,0.35,Matches,2022-2023,EPL,,9.0,,,,,,,,,,,1.0,,,,,,,,,,,,,,,,,,,,,,,9.0,2.0,22.2,1.06,0.24,0.0,0.0,,,,,,,,,,,,,,,,,,
Thilo Kehrer,51dbeea9,270,deGER,DF,West Ham United,25.0,1996.0,27,25,2230.0,24.8,0.0,2.0,2.0,0.0,0.0,0.0,4,0,0.0,0.08,0.08,0.0,0.08,Matches,2022-2023,EPL,,21.0,,,,,,,,,,,35.0,,,,,,,,,,,,,,,,,,,,,,,8.0,1.0,12.5,0.32,0.04,0.0,0.0,,,,,,,,,,,,,,,,,,
Naby Keïta,f25c8e3a,271,gnGUI,MF,Liverpool,27.0,1995.0,8,3,293.0,3.3,0.0,0.0,0.0,0.0,0.0,0.0,1,0,0.0,0.0,0.0,0.0,0.0,Matches,2022-2023,EPL,,4.0,,,,,,,,,,,2.0,,,,,,,,,,,,,,,,,,,,,,,10.0,0.0,0.0,3.07,0.0,0.0,,,,,,,,,,,,,,,,,,,
Caoimhín Kelleher,62d7ef38,272,ieIRL,GK,Liverpool,23.0,1998.0,1,1,90.0,1.0,0.0,0.0,0.0,0.0,0.0,0.0,0,0,0.0,0.0,0.0,0.0,0.0,Matches,2022-2023,EPL,,0.0,,,,,,,,,,,0.0,,,,,,,,,,,,,,,,,,,,,,,0.0,0.0,,0.0,0.0,,,1.0,1.0,90.0,4.0,4.0,10.0,6.0,60.0,0.0,1.0,0.0,0.0,0.0,0.0,0.0,0.0,0.0,
Lloyd Kelly,f31def1e,273,engENG,DF,Bournemouth,23.0,1998.0,23,23,2040.0,22.7,0.0,2.0,2.0,0.0,0.0,0.0,3,0,0.0,0.09,0.09,0.0,0.09,Matches,2022-2023,EPL,,19.0,,,,,,,,,,,25.0,,,,,,,,,,,,,,,,,,,,,,,3.0,0.0,0.0,0.13,0.0,0.0,,,,,,,,,,,,,,,,,,,
Max Kilman,d0f72bf1,274,engENG,DF,Wolves,25.0,1997.0,37,37,3307.0,36.7,0.0,0.0,0.0,0.0,0.0,0.0,3,0,0.0,0.0,0.0,0.0,0.0,Matches,2022-2023,EPL,,21.0,,,,,,,,,,,18.0,,,,,,,,,,,,,,,,,,,,,,,14.0,1.0,7.1,0.38,0.03,0.0,0.0,,,,,,,,,,,,,,,,,,
Jakub Kiwior,dc3e663e,275,plPOL,DF,Arsenal,22.0,2000.0,7,5,427.0,4.7,1.0,0.0,1.0,1.0,0.0,0.0,0,0,0.21,0.0,0.21,0.21,0.21,Matches,2022-2023,EPL,,6.0,,,,,,,,,,,6.0,,,,,,,,,,,,,,,,,,,,,,,1.0,1.0,100.0,0.21,0.21,1.0,1.0,,,,,,,,,,,,,,,,,,
Mateusz Klich,282679b4,276,plPOL,MF,Leeds United,32.0,1990.0,14,0,280.0,3.1,0.0,0.0,0.0,0.0,0.0,0.0,2,0,0.0,0.0,0.0,0.0,0.0,Matches,2022-2023,EPL,,8.0,,,,,,,,,,,0.0,,,,,,,,,,,,,,,,,,,,,,,4.0,1.0,25.0,1.29,0.32,0.0,0.0,,,,,,,,,,,,,,,,,,
Robin Koch,ea6bc03a,277,deGER,DF,Leeds United,26.0,1996.0,36,36,3175.0,35.3,0.0,0.0,0.0,0.0,0.0,0.0,7,0,0.0,0.0,0.0,0.0,0.0,Matches,2022-2023,EPL,,30.0,,,,,,,,,,,42.0,,,,,,,,,,,,,,,,,,,,,,,17.0,4.0,23.5,0.48,0.11,0.0,0.0,,,,,,,,,,,,,,,,,,
Ibrahima Konaté,5ed9b537,278,frFRA,DF,Liverpool,23.0,1999.0,18,17,1552.0,17.2,0.0,0.0,0.0,0.0,0.0,0.0,5,0,0.0,0.0,0.0,0.0,0.0,Matches,2022-2023,EPL,,26.0,,,,,,,,,,,26.0,,,,,,,,,,,,,,,,,,,,,,,11.0,3.0,27.3,0.64,0.17,0.0,0.0,,,,,,,,,,,,,,,,,,
Ezri Konsa,0313a347,279,engENG,DF,Aston Villa,24.0,1997.0,38,37,3322.0,36.9,0.0,0.0,0.0,0.0,0.0,0.0,6,0,0.0,0.0,0.0,0.0,0.0,Matches,2022-2023,EPL,,20.0,,,,,,,,,,,27.0,,,,,,,,,,,,,,,,,,,,,,,8.0,0.0,0.0,0.22,0.0,0.0,,,,,,,,,,,,,,,,,,,
Kalidou Koulibaly,da974c7b,280,snSEN,DF,Chelsea,31.0,1991.0,23,20,1800.0,20.0,2.0,1.0,3.0,2.0,0.0,0.0,7,1,0.1,0.05,0.15,0.1,0.15,Matches,2022-2023,EPL,,30.0,,,,,,,,,,,28.0,,,,,,,,,,,,,,,,,,,,,,,11.0,4.0,36.4,0.55,0.2,0.18,0.5,,,,,,,,,,,,,,,,,,
Cheikhou Kouyaté,8d3c902d,281,snSEN,"MF,DF",Nottingham Forest,32.0,1989.0,21,10,882.0,9.8,1.0,0.0,1.0,1.0,0.0,0.0,3,0,0.1,0.0,0.1,0.1,0.1,Matches,2022-2023,EPL,,22.0,,,,,,,,,,,10.0,,,,,,,,,,,,,,,,,,,,,,,6.0,5.0,83.3,0.61,0.51,0.17,0.2,,,,,,,,,,,,,,,,,,
Mateo Kovačić,79c0821a,282,hrCRO,MF,Chelsea,28.0,1994.0,27,17,1707.0,19.0,1.0,2.0,3.0,1.0,0.0,0.0,8,0,0.05,0.11,0.16,0.05,0.16,Matches,2022-2023,EPL,,23.0,,,,,,,,,,,16.0,,,,,,,,,,,,,,,,,,,,,,,23.0,2.0,8.7,1.21,0.11,0.04,0.5,,,,,,,,,,,,,,,,,,
Emil Krafth,77cf6852,283,seSWE,DF,Newcastle United,27.0,1994.0,1,0,1.0,0.0,0.0,0.0,0.0,0.0,0.0,0.0,0,0,0.0,0.0,0.0,0.0,0.0,Matches,2022-2023,EPL,,0.0,,,,,,,,,,,0.0,,,,,,,,,,,,,,,,,,,,,,,0.0,0.0,,0.0,0.0,,,,,,,,,,,,,,,,,,,,
Rasmus Kristensen,39769cff,284,dkDEN,DF,Leeds United,25.0,1997.0,26,21,1960.0,21.8,3.0,1.0,4.0,3.0,0.0,0.0,4,0,0.14,0.05,0.18,0.14,0.18,Matches,2022-2023,EPL,,34.0,,,,,,,,,,,32.0,,,,,,,,,,,,,,,,,,,,,,,13.0,5.0,38.5,0.6,0.23,0.23,0.6,,,,,,,,,,,,,,,,,,
Dejan Kulusevski,df3cda47,285,seSWE,"MF,FW",Tottenham Hotspur,22.0,2000.0,30,23,2067.0,23.0,2.0,7.0,9.0,2.0,0.0,0.0,2,0,0.09,0.3,0.39,0.09,0.39,Matches,2022-2023,EPL,,16.0,,,,,,,,,,,12.0,,,,,,,,,,,,,,,,,,,,,,,43.0,10.0,23.3,1.87,0.44,0.05,0.2,,,,,,,,,,,,,,,,,,
Layvin Kurzawa,41e7ef1c,286,frFRA,DF,Fulham,29.0,1992.0,3,2,135.0,1.5,0.0,0.0,0.0,0.0,0.0,0.0,1,0,0.0,0.0,0.0,0.0,0.0,Matches,2022-2023,EPL,,2.0,,,,,,,,,,,2.0,,,,,,,,,,,,,,,,,,,,,,,0.0,0.0,,0.0,0.0,,,,,,,,,,,,,,,,,,,,
Adam Lallana,99813635,287,engENG,MF,Brighton,34.0,1988.0,16,12,722.0,8.0,2.0,1.0,3.0,2.0,0.0,0.0,0,0,0.25,0.12,0.37,0.25,0.37,Matches,2022-2023,EPL,,6.0,,,,,,,,,,,2.0,,,,,,,,,,,,,,,,,,,,,,,8.0,5.0,62.5,1.0,0.62,0.25,0.4,,,,,,,,,,,,,,,,,,
Tariq Lamptey,f4e433d4,288,ghGHA,"DF,MF",Brighton,21.0,2000.0,20,3,453.0,5.0,0.0,0.0,0.0,0.0,0.0,0.0,1,0,0.0,0.0,0.0,0.0,0.0,Matches,2022-2023,EPL,,5.0,,,,,,,,,,,7.0,,,,,,,,,,,,,,,,,,,,,,,5.0,0.0,0.0,0.99,0.0,0.0,,,,,,,,,,,,,,,,,,,
Manuel Lanzini,26f6dca8,289,arARG,MF,West Ham United,29.0,1993.0,10,2,252.0,2.8,1.0,0.0,1.0,1.0,0.0,0.0,0,0,0.36,0.0,0.36,0.36,0.36,Matches,2022-2023,EPL,,2.0,,,,,,,,,,,2.0,,,,,,,,,,,,,,,,,,,,,,,3.0,1.0,33.3,1.07,0.36,0.33,1.0,,,,,,,,,,,,,,,,,,
Aymeric Laporte,119b9a8e,290,esESP,"DF,MF",Manchester City,28.0,1994.0,12,11,993.0,11.0,0.0,0.0,0.0,0.0,0.0,0.0,0,0,0.0,0.0,0.0,0.0,0.0,Matches,2022-2023,EPL,,6.0,,,,,,,,,,,3.0,,,,,,,,,,,,,,,,,,,,,,,10.0,1.0,10.0,0.91,0.09,0.0,0.0,,,,,,,,,,,,,,,,,,
Juan Larios,cf7fb13a,291,esESP,DF,Southampton,18.0,2004.0,5,2,152.0,1.7,0.0,0.0,0.0,0.0,0.0,0.0,0,0,0.0,0.0,0.0,0.0,0.0,Matches,2022-2023,EPL,,6.0,,,,,,,,,,,2.0,,,,,,,,,,,,,,,,,,,,,,,0.0,0.0,,0.0,0.0,,,,,,,,,,,,,,,,,,,,
Jamaal Lascelles,450ab6fc,292,engENG,DF,Newcastle United,28.0,1993.0,7,2,218.0,2.4,0.0,0.0,0.0,0.0,0.0,0.0,4,0,0.0,0.0,0.0,0.0,0.0,Matches,2022-2023,EPL,,0.0,,,,,,,,,,,0.0,,,,,,,,,,,,,,,,,,,,,,,2.0,0.0,0.0,0.83,0.0,0.0,,,,,,,,,,,,,,,,,,,
Roméo Lavia,ecad9aa5,293,beBEL,MF,Southampton,18.0,2004.0,29,26,2221.0,24.7,1.0,0.0,1.0,1.0,0.0,0.0,9,0,0.04,0.0,0.04,0.04,0.04,Matches,2022-2023,EPL,,35.0,,,,,,,,,,,33.0,,,,,,,,,,,,,,,,,,,,,,,12.0,3.0,25.0,0.49,0.12,0.08,0.33,,,,,,,,,,,,,,,,,,
Dexter Lembikisa,0bdda685,294,jmJAM,"DF,MF",Wolves,18.0,2003.0,1,0,23.0,0.3,0.0,0.0,0.0,0.0,0.0,0.0,0,0,0.0,0.0,0.0,0.0,0.0,Matches,2022-2023,EPL,,0.0,,,,,,,,,,,0.0,,,,,,,,,,,,,,,,,,,,,,,0.0,0.0,,0.0,0.0,,,,,,,,,,,,,,,,,,,,
Mario Lemina,2b471f99,295,gaGAB,MF,Wolves,28.0,1993.0,19,17,1299.0,14.4,0.0,1.0,1.0,0.0,0.0,0.0,4,1,0.0,0.07,0.07,0.0,0.07,Matches,2022-2023,EPL,,25.0,,,,,,,,,,,13.0,,,,,,,,,,,,,,,,,,,,,,,9.0,2.0,22.2,0.62,0.14,0.0,0.0,,,,,,,,,,,,,,,,,,
Clément Lenglet,4f28a6ff,296,frFRA,DF,Tottenham Hotspur,27.0,1995.0,26,24,2019.0,22.4,0.0,2.0,2.0,0.0,0.0,0.0,4,0,0.0,0.09,0.09,0.0,0.09,Matches,2022-2023,EPL,,24.0,,,,,,,,,,,20.0,,,,,,,,,,,,,,,,,,,,,,,13.0,2.0,15.4,0.58,0.09,0.0,0.0,,,,,,,,,,,,,,,,,,
Bernd Leno,2628fd2b,297,deGER,GK,Fulham,30.0,1992.0,36,36,3240.0,36.0,0.0,0.0,0.0,0.0,0.0,0.0,3,0,0.0,0.0,0.0,0.0,0.0,Matches,2022-2023,EPL,,0.0,,,,,,,,,,,0.0,,,,,,,,,,,,,,,,,,,,,,,0.0,0.0,,0.0,0.0,,,36.0,36.0,3240.0,51.0,1.42,186.0,143.0,76.3,15.0,5.0,16.0,8.0,22.2,8.0,7.0,1.0,0.0,12.5
Jefferson Lerma,9b5ce51a,298,coCOL,MF,Bournemouth,27.0,1994.0,37,37,3252.0,36.1,5.0,0.0,5.0,5.0,0.0,0.0,7,0,0.14,0.0,0.14,0.14,0.14,Matches,2022-2023,EPL,,30.0,,,,,,,,,,,45.0,,,,,,,,,,,,,,,,,,,,,,,35.0,12.0,34.3,0.97,0.33,0.14,0.42,,,,,,,,,,,,,,,,,,
Jamal Lewis,efb9215a,299,nirNIR,"DF,MF",Newcastle United,24.0,1998.0,2,0,11.0,0.1,0.0,0.0,0.0,0.0,0.0,0.0,0,0,0.0,0.0,0.0,0.0,0.0,Matches,2022-2023,EPL,,0.0,,,,,,,,,,,0.0,,,,,,,,,,,,,,,,,,,,,,,0.0,0.0,,0.0,0.0,,,,,,,,,,,,,,,,,,,,
Rico Lewis,b57e066e,300,engENG,"DF,MF",Manchester City,17.0,2004.0,14,10,903.0,10.0,0.0,0.0,0.0,0.0,0.0,0.0,1,0,0.0,0.0,0.0,0.0,0.0,Matches,2022-2023,EPL,,10.0,,,,,,,,,,,4.0,,,,,,,,,,,,,,,,,,,,,,,5.0,2.0,40.0,0.5,0.2,0.0,0.0,,,,,,,,,,,,,,,,,,
Keane Lewis-Potter,41f08ac8,301,engENG,FW,Brentford,21.0,2001.0,10,3,321.0,3.6,0.0,1.0,1.0,0.0,0.0,0.0,0,0,0.0,0.28,0.28,0.0,0.28,Matches,2022-2023,EPL,,0.0,,,,,,,,,,,1.0,,,,,,,,,,,,,,,,,,,,,,,7.0,2.0,28.6,1.96,0.56,0.0,0.0,,,,,,,,,,,,,,,,,,
Victor Lindelöf,f5deef4c,302,seSWE,DF,Manchester Utd,28.0,1994.0,20,14,1365.0,15.2,0.0,0.0,0.0,0.0,0.0,0.0,1,0,0.0,0.0,0.0,0.0,0.0,Matches,2022-2023,EPL,,17.0,,,,,,,,,,,19.0,,,,,,,,,,,,,,,,,,,,,,,3.0,0.0,0.0,0.2,0.0,0.0,,,,,,,,,,,,,,,,,,,
Jesse Lingard,810e3c74,303,engENG,"MF,FW",Nottingham Forest,29.0,1992.0,17,12,923.0,10.3,0.0,0.0,0.0,0.0,0.0,0.0,1,0,0.0,0.0,0.0,0.0,0.0,Matches,2022-2023,EPL,,5.0,,,,,,,,,,,4.0,,,,,,,,,,,,,,,,,,,,,,,10.0,2.0,20.0,0.98,0.2,0.0,0.0,,,,,,,,,,,,,,,,,,
Valentino Livramento,afed6722,304,engENG,"DF,MF",Southampton,19.0,2002.0,2,0,28.0,0.3,0.0,0.0,0.0,0.0,0.0,0.0,0,0,0.0,0.0,0.0,0.0,0.0,Matches,2022-2023,EPL,,1.0,,,,,,,,,,,2.0,,,,,,,,,,,,,,,,,,,,,,,0.0,0.0,,0.0,0.0,,,,,,,,,,,,,,,,,,,,
Diego Llorente,bba30585,305,esESP,DF,Leeds United,28.0,1993.0,8,7,649.0,7.2,0.0,0.0,0.0,0.0,0.0,0.0,1,0,0.0,0.0,0.0,0.0,0.0,Matches,2022-2023,EPL,,10.0,,,,,,,,,,,16.0,,,,,,,,,,,,,,,,,,,,,,,6.0,0.0,0.0,0.83,0.0,0.0,,,,,,,,,,,,,,,,,,,
Hugo Lloris,8f62b6ee,306,frFRA,GK,Tottenham Hotspur,35.0,1986.0,25,25,2205.0,24.5,0.0,0.0,0.0,0.0,0.0,0.0,0,0,0.0,0.0,0.0,0.0,0.0,Matches,2022-2023,EPL,,1.0,,,,,,,,,,,0.0,,,,,,,,,,,,,,,,,,,,,,,0.0,0.0,,0.0,0.0,,,25.0,25.0,2205.0,39.0,1.59,117.0,79.0,67.5,13.0,3.0,9.0,7.0,28.0,1.0,1.0,0.0,0.0,0.0
Renan Lodi,ed9f7cfe,307,brBRA,"DF,MF",Nottingham Forest,24.0,1998.0,28,26,2214.0,24.6,0.0,1.0,1.0,0.0,0.0,0.0,7,0,0.0,0.04,0.04,0.0,0.04,Matches,2022-2023,EPL,,41.0,,,,,,,,,,,33.0,,,,,,,,,,,,,,,,,,,,,,,15.0,0.0,0.0,0.61,0.0,0.0,,,,,,,,,,,,,,,,,,,
Ruben Loftus-Cheek,e97fd090,308,engENG,MF,Chelsea,26.0,1996.0,25,19,1536.0,17.1,0.0,1.0,1.0,0.0,0.0,0.0,1,0,0.0,0.06,0.06,0.0,0.06,Matches,2022-2023,EPL,,15.0,,,,,,,,,,,13.0,,,,,,,,,,,,,,,,,,,,,,,9.0,2.0,22.2,0.53,0.12,0.0,0.0,,,,,,,,,,,,,,,,,,
Sean Longstaff,a2b105e0,309,engENG,MF,Newcastle United,24.0,1997.0,33,28,2518.0,28.0,1.0,4.0,5.0,1.0,0.0,0.0,2,0,0.04,0.14,0.18,0.04,0.18,Matches,2022-2023,EPL,,24.0,,,,,,,,,,,16.0,,,,,,,,,,,,,,,,,,,,,,,33.0,7.0,21.2,1.18,0.25,0.03,0.14,,,,,,,,,,,,,,,,,,
Jamal Lowe,b2856bc0,310,jmJAM,"FW,MF",Bournemouth,28.0,1994.0,2,0,12.0,0.1,0.0,0.0,0.0,0.0,0.0,0.0,0,0,0.0,0.0,0.0,0.0,0.0,Matches,2022-2023,EPL,,0.0,,,,,,,,,,,0.0,,,,,,,,,,,,,,,,,,,,,,,0.0,0.0,,0.0,0.0,,,,,,,,,,,,,,,,,,,,
Douglas Luiz,6f7d826d,311,brBRA,MF,Aston Villa,24.0,1998.0,37,33,2927.0,32.5,6.0,6.0,12.0,6.0,0.0,0.0,6,1,0.18,0.18,0.37,0.18,0.37,Matches,2022-2023,EPL,,40.0,,,,,,,,,,,42.0,,,,,,,,,,,,,,,,,,,,,,,34.0,12.0,35.3,1.05,0.37,0.18,0.5,,,,,,,,,,,,,,,,,,
Saša Lukić,c6e8cf1f,312,rsSRB,MF,Fulham,25.0,1996.0,12,4,412.0,4.6,0.0,0.0,0.0,0.0,0.0,0.0,1,0,0.0,0.0,0.0,0.0,0.0,Matches,2022-2023,EPL,,3.0,,,,,,,,,,,5.0,,,,,,,,,,,,,,,,,,,,,,,5.0,1.0,20.0,1.09,0.22,0.0,0.0,,,,,,,,,,,,,,,,,,
Lyanco,b5bf1770,313,brBRA,DF,Southampton,25.0,1997.0,21,11,1180.0,13.1,1.0,1.0,2.0,1.0,0.0,0.0,4,0,0.08,0.08,0.15,0.08,0.15,Matches,2022-2023,EPL,,17.0,,,,,,,,,,,20.0,,,,,,,,,,,,,,,,,,,,,,,12.0,4.0,33.3,0.92,0.31,0.08,0.25,,,,,,,,,,,,,,,,,,
Alexis Mac Allister,83d074ff,314,arARG,MF,Brighton,23.0,1998.0,35,31,2886.0,32.1,10.0,2.0,12.0,4.0,6.0,6.0,8,0,0.31,0.06,0.37,0.12,0.19,Matches,2022-2023,EPL,,38.0,,,,,,,,,,,20.0,,,,,,,,,,,,,,,,,,,,,,,86.0,34.0,39.5,2.68,1.06,0.05,0.12,,,,,,,,,,,,,,,,,,
James Maddison,ee38d9c5,315,engENG,"MF,FW",Leicester City,25.0,1996.0,30,28,2480.0,27.6,10.0,9.0,19.0,9.0,1.0,2.0,10,0,0.36,0.33,0.69,0.33,0.65,Matches,2022-2023,EPL,,25.0,,,,,,,,,,,12.0,,,,,,,,,,,,,,,,,,,,,,,85.0,29.0,34.1,3.08,1.05,0.11,0.31,,,,,,,,,,,,,,,,,,
Noni Madueke,bf34eebd,316,engENG,"FW,MF",Chelsea,20.0,2002.0,12,7,643.0,7.1,1.0,0.0,1.0,1.0,0.0,0.0,0,0,0.14,0.0,0.14,0.14,0.14,Matches,2022-2023,EPL,,8.0,,,,,,,,,,,4.0,,,,,,,,,,,,,,,,,,,,,,,12.0,6.0,50.0,1.68,0.84,0.08,0.17,,,,,,,,,,,,,,,,,,
Gabriel Magalhães,67ac5bb8,317,brBRA,DF,Arsenal,24.0,1997.0,38,38,3409.0,37.9,3.0,0.0,3.0,3.0,0.0,0.0,5,0,0.08,0.0,0.08,0.08,0.08,Matches,2022-2023,EPL,,28.0,,,,,,,,,,,32.0,,,,,,,,,,,,,,,,,,,,,,,32.0,10.0,31.3,0.84,0.26,0.09,0.3,,,,,,,,,,,,,,,,,,
Harry Maguire,d8931174,318,engENG,DF,Manchester Utd,29.0,1993.0,16,8,767.0,8.5,0.0,0.0,0.0,0.0,0.0,0.0,4,0,0.0,0.0,0.0,0.0,0.0,Matches,2022-2023,EPL,,6.0,,,,,,,,,,,13.0,,,,,,,,,,,,,,,,,,,,,,,3.0,0.0,0.0,0.35,0.0,0.0,,,,,,,,,,,,,,,,,,,
Riyad Mahrez,892d5bb1,319,dzALG,"MF,FW",Manchester City,31.0,1991.0,30,22,1920.0,21.3,5.0,10.0,15.0,4.0,1.0,1.0,2,0,0.23,0.47,0.7,0.19,0.66,Matches,2022-2023,EPL,,13.0,,,,,,,,,,,9.0,,,,,,,,,,,,,,,,,,,,,,,43.0,13.0,30.2,2.02,0.61,0.09,0.31,,,,,,,,,,,,,,,,,,
Kobbie Mainoo,c6220452,320,engENG,MF,Manchester Utd,17.0,2005.0,1,0,11.0,0.1,0.0,0.0,0.0,0.0,0.0,0.0,0,0,0.0,0.0,0.0,0.0,0.0,Matches,2022-2023,EPL,,0.0,,,,,,,,,,,0.0,,,,,,,,,,,,,,,,,,,,,,,0.0,0.0,,0.0,0.0,,,,,,,,,,,,,,,,,,,,
Ainsley Maitland-Niles,e3a5814e,321,engENG,"DF,MF",Southampton,24.0,1997.0,22,13,1407.0,15.6,0.0,0.0,0.0,0.0,0.0,0.0,3,0,0.0,0.0,0.0,0.0,0.0,Matches,2022-2023,EPL,,24.0,,,,,,,,,,,22.0,,,,,,,,,,,,,,,,,,,,,,,1.0,1.0,100.0,0.06,0.06,0.0,0.0,,,,,,,,,,,,,,,,,,
Tyrell Malacia,6b6c793c,322,nlNED,DF,Manchester Utd,22.0,1999.0,22,14,1396.0,15.5,0.0,0.0,0.0,0.0,0.0,0.0,6,0,0.0,0.0,0.0,0.0,0.0,Matches,2022-2023,EPL,,33.0,,,,,,,,,,,24.0,,,,,,,,,,,,,,,,,,,,,,,5.0,2.0,40.0,0.32,0.13,0.0,0.0,,,,,,,,,,,,,,,,,,
Orel Mangala,a572e291,323,beBEL,MF,Nottingham Forest,24.0,1998.0,27,20,1550.0,17.2,1.0,1.0,2.0,1.0,0.0,0.0,3,0,0.06,0.06,0.12,0.06,0.12,Matches,2022-2023,EPL,,19.0,,,,,,,,,,,24.0,,,,,,,,,,,,,,,,,,,,,,,9.0,3.0,33.3,0.52,0.17,0.11,0.33,,,,,,,,,,,,,,,,,,
Javier Manquillo,758dd7f0,324,esESP,DF,Newcastle United,28.0,1994.0,4,0,37.0,0.4,0.0,0.0,0.0,0.0,0.0,0.0,0,0,0.0,0.0,0.0,0.0,0.0,Matches,2022-2023,EPL,,2.0,,,,,,,,,,,1.0,,,,,,,,,,,,,,,,,,,,,,,0.0,0.0,,0.0,0.0,,,,,,,,,,,,,,,,,,,,
Sekou Mara,3544641e,325,frFRA,FW,Southampton,20.0,2002.0,22,4,555.0,6.2,1.0,2.0,3.0,1.0,0.0,0.0,1,0,0.16,0.32,0.49,0.16,0.49,Matches,2022-2023,EPL,,9.0,,,,,,,,,,,1.0,,,,,,,,,,,,,,,,,,,,,,,16.0,5.0,31.3,2.59,0.81,0.06,0.2,,,,,,,,,,,,,,,,,,
Solly March,bb5fbd2b,326,engENG,MF,Brighton,28.0,1994.0,33,31,2715.0,30.2,6.0,7.0,13.0,6.0,0.0,0.0,2,0,0.2,0.23,0.43,0.2,0.43,Matches,2022-2023,EPL,,31.0,,,,,,,,,,,20.0,,,,,,,,,,,,,,,,,,,,,,,73.0,33.0,45.2,2.42,1.09,0.08,0.18,,,,,,,,,,,,,,,,,,
Emiliano Marcondes,4d960fc3,327,dkDEN,"FW,MF",Bournemouth,27.0,1995.0,1,0,9.0,0.1,0.0,0.0,0.0,0.0,0.0,0.0,0,0,0.0,0.0,0.0,0.0,0.0,Matches,2022-2023,EPL,,0.0,,,,,,,,,,,0.0,,,,,,,,,,,,,,,,,,,,,,,0.0,0.0,,0.0,0.0,,,,,,,,,,,,,,,,,,,,
Marquinhos,59878425,328,brBRA,MF,Arsenal,19.0,2003.0,1,0,1.0,0.0,0.0,0.0,0.0,0.0,0.0,0.0,0,0,0.0,0.0,0.0,0.0,0.0,Matches,2022-2023,EPL,,0.0,,,,,,,,,,,0.0,,,,,,,,,,,,,,,,,,,,,,,0.0,0.0,,0.0,0.0,,,,,,,,,,,,,,,,,,,,
Anthony Martial,8b788c01,329,frFRA,FW,Manchester Utd,26.0,1995.0,21,11,978.0,10.9,6.0,2.0,8.0,5.0,1.0,1.0,0,0,0.55,0.18,0.74,0.46,0.64,Matches,2022-2023,EPL,,3.0,,,,,,,,,,,1.0,,,,,,,,,,,,,,,,,,,,,,,27.0,13.0,48.1,2.48,1.2,0.19,0.38,,,,,,,,,,,,,,,,,,
Gabriel Martinelli,48a5a5d6,330,brBRA,"FW,MF",Arsenal,21.0,2001.0,36,34,2789.0,31.0,15.0,5.0,20.0,15.0,0.0,0.0,3,0,0.48,0.16,0.65,0.48,0.65,Matches,2022-2023,EPL,,22.0,,,,,,,,,,,9.0,,,,,,,,,,,,,,,,,,,,,,,79.0,32.0,40.5,2.55,1.03,0.19,0.47,,,,,,,,,,,,,,,,,,
Emiliano Martínez,7956236f,331,arARG,GK,Aston Villa,29.0,1992.0,36,36,3139.0,34.9,0.0,0.0,0.0,0.0,0.0,0.0,7,0,0.0,0.0,0.0,0.0,0.0,Matches,2022-2023,EPL,,0.0,,,,,,,,,,,1.0,,,,,,,,,,,,,,,,,,,,,,,0.0,0.0,,0.0,0.0,,,36.0,36.0,3139.0,38.0,1.09,130.0,97.0,73.8,17.0,7.0,12.0,11.0,30.6,5.0,4.0,1.0,0.0,20.0
Lisandro Martínez,bac46a10,332,arARG,DF,Manchester Utd,24.0,1998.0,27,24,2114.0,23.5,1.0,0.0,1.0,1.0,0.0,0.0,6,0,0.04,0.0,0.04,0.04,0.04,Matches,2022-2023,EPL,,30.0,,,,,,,,,,,34.0,,,,,,,,,,,,,,,,,,,,,,,10.0,1.0,10.0,0.43,0.04,0.1,1.0,,,,,,,,,,,,,,,,,,
Pape Matar Sarr,feb5d972,333,snSEN,MF,Tottenham Hotspur,19.0,2002.0,11,2,218.0,2.4,0.0,1.0,1.0,0.0,0.0,0.0,1,0,0.0,0.41,0.41,0.0,0.41,Matches,2022-2023,EPL,,6.0,,,,,,,,,,,6.0,,,,,,,,,,,,,,,,,,,,,,,2.0,0.0,0.0,0.83,0.0,0.0,,,,,,,,,,,,,,,,,,,
Jean-Philippe Mateta,50e6dc35,334,frFRA,FW,Crystal Palace,25.0,1997.0,29,6,770.0,8.6,2.0,0.0,2.0,2.0,0.0,0.0,3,0,0.23,0.0,0.23,0.23,0.23,Matches,2022-2023,EPL,,1.0,,,,,,,,,,,3.0,,,,,,,,,,,,,,,,,,,,,,,28.0,8.0,28.6,3.27,0.94,0.07,0.25,,,,,,,,,,,,,,,,,,
Joël Matip,b217ef29,335,cmCMR,DF,Liverpool,30.0,1991.0,14,12,1092.0,12.1,1.0,0.0,1.0,1.0,0.0,0.0,3,0,0.08,0.0,0.08,0.08,0.08,Matches,2022-2023,EPL,,8.0,,,,,,,,,,,17.0,,,,,,,,,,,,,,,,,,,,,,,5.0,3.0,60.0,0.41,0.25,0.2,0.33,,,,,,,,,,,,,,,,,,
Neal Maupay,4bcf39f6,336,frFRA,FW,Everton,25.0,1996.0,27,11,1118.0,12.4,1.0,0.0,1.0,1.0,0.0,0.0,4,0,0.08,0.0,0.08,0.08,0.08,Matches,2022-2023,EPL,,6.0,,,,,,,,,,,6.0,,,,,,,,,,,,,,,,,,,,,,,32.0,16.0,50.0,2.58,1.29,0.03,0.06,,,,,,,,,,,,,,,,,,
Kevin Mbabu,493924a7,337,chSUI,DF,Fulham,27.0,1995.0,6,1,144.0,1.6,0.0,1.0,1.0,0.0,0.0,0.0,1,0,0.0,0.62,0.62,0.0,0.62,Matches,2022-2023,EPL,,2.0,,,,,,,,,,,3.0,,,,,,,,,,,,,,,,,,,,,,,0.0,0.0,,0.0,0.0,,,,,,,,,,,,,,,,,,,,
Bryan Mbeumo,6afaebf2,338,cmCMR,FW,Brentford,22.0,1999.0,38,36,2906.0,32.3,9.0,8.0,17.0,8.0,1.0,1.0,5,0,0.28,0.25,0.53,0.25,0.5,Matches,2022-2023,EPL,,17.0,,,,,,,,,,,11.0,,,,,,,,,,,,,,,,,,,,,,,71.0,33.0,46.5,2.2,1.02,0.11,0.24,,,,,,,,,,,,,,,,,,
James McArthur,cee31595,339,sctSCO,MF,Crystal Palace,34.0,1987.0,4,0,54.0,0.6,0.0,0.0,0.0,0.0,0.0,0.0,0,0,0.0,0.0,0.0,0.0,0.0,Matches,2022-2023,EPL,,1.0,,,,,,,,,,,0.0,,,,,,,,,,,,,,,,,,,,,,,0.0,0.0,,0.0,0.0,,,,,,,,,,,,,,,,,,,,
Alex McCarthy,36c2ca73,340,engENG,GK,Southampton,32.0,1989.0,6,6,540.0,6.0,0.0,0.0,0.0,0.0,0.0,0.0,0,0,0.0,0.0,0.0,0.0,0.0,Matches,2022-2023,EPL,,0.0,,,,,,,,,,,1.0,,,,,,,,,,,,,,,,,,,,,,,0.0,0.0,,0.0,0.0,,,6.0,6.0,540.0,17.0,2.83,30.0,14.0,46.7,0.0,1.0,5.0,0.0,0.0,1.0,1.0,0.0,0.0,0.0
John McGinn,90f91999,341,sctSCO,MF,Aston Villa,27.0,1994.0,34,30,2693.0,29.9,1.0,3.0,4.0,1.0,0.0,0.0,7,0,0.03,0.1,0.13,0.03,0.13,Matches,2022-2023,EPL,,36.0,,,,,,,,,,,23.0,,,,,,,,,,,,,,,,,,,,,,,42.0,11.0,26.2,1.4,0.37,0.02,0.09,,,,,,,,,,,,,,,,,,
Scott McKenna,4e5a4cbc,342,sctSCO,DF,Nottingham Forest,25.0,1996.0,20,19,1571.0,17.5,0.0,0.0,0.0,0.0,0.0,0.0,4,0,0.0,0.0,0.0,0.0,0.0,Matches,2022-2023,EPL,,8.0,,,,,,,,,,,11.0,,,,,,,,,,,,,,,,,,,,,,,2.0,0.0,0.0,0.11,0.0,0.0,,,,,,,,,,,,,,,,,,,
Weston McKennie,01c3aff5,343,usUSA,MF,Leeds United,23.0,1998.0,19,16,1437.0,16.0,0.0,1.0,1.0,0.0,0.0,0.0,7,0,0.0,0.06,0.06,0.0,0.06,Matches,2022-2023,EPL,,14.0,,,,,,,,,,,22.0,,,,,,,,,,,,,,,,,,,,,,,13.0,2.0,15.4,0.81,0.13,0.0,0.0,,,,,,,,,,,,,,,,,,
Dwight McNeil,fc15fb84,344,engENG,"MF,FW",Everton,22.0,1999.0,36,28,2498.0,27.8,7.0,3.0,10.0,7.0,0.0,0.0,5,0,0.25,0.11,0.36,0.25,0.36,Matches,2022-2023,EPL,,39.0,,,,,,,,,,,28.0,,,,,,,,,,,,,,,,,,,,,,,46.0,15.0,32.6,1.66,0.54,0.15,0.47,,,,,,,,,,,,,,,,,,
Scott McTominay,d93c2511,345,sctSCO,MF,Manchester Utd,25.0,1996.0,24,10,1160.0,12.9,1.0,0.0,1.0,1.0,0.0,0.0,8,0,0.08,0.0,0.08,0.08,0.08,Matches,2022-2023,EPL,,20.0,,,,,,,,,,,10.0,,,,,,,,,,,,,,,,,,,,,,,13.0,6.0,46.2,1.01,0.47,0.08,0.17,,,,,,,,,,,,,,,,,,
Ben Mee,8df7a2fb,346,engENG,DF,Brentford,32.0,1989.0,37,37,3269.0,36.3,3.0,1.0,4.0,3.0,0.0,0.0,2,0,0.08,0.03,0.11,0.08,0.11,Matches,2022-2023,EPL,,25.0,,,,,,,,,,,48.0,,,,,,,,,,,,,,,,,,,,,,,27.0,7.0,25.9,0.74,0.19,0.11,0.43,,,,,,,,,,,,,,,,,,
Edouard Mendy,33887998,347,snSEN,GK,Chelsea,30.0,1992.0,10,9,855.0,9.5,0.0,0.0,0.0,0.0,0.0,0.0,1,0,0.0,0.0,0.0,0.0,0.0,Matches,2022-2023,EPL,,0.0,,,,,,,,,,,0.0,,,,,,,,,,,,,,,,,,,,,,,0.0,0.0,,0.0,0.0,,,10.0,9.0,855.0,14.0,1.47,39.0,25.0,64.1,3.0,2.0,4.0,1.0,11.1,0.0,0.0,0.0,0.0,
Nampalys Mendy,1598599e,348,snSEN,MF,Leicester City,30.0,1992.0,19,7,757.0,8.4,1.0,0.0,1.0,1.0,0.0,0.0,1,0,0.12,0.0,0.12,0.12,0.12,Matches,2022-2023,EPL,,9.0,,,,,,,,,,,13.0,,,,,,,,,,,,,,,,,,,,,,,2.0,1.0,50.0,0.24,0.12,0.5,1.0,,,,,,,,,,,,,,,,,,
Chris Mepham,fed96827,349,wlsWAL,DF,Bournemouth,24.0,1997.0,26,24,2199.0,24.4,0.0,0.0,0.0,0.0,0.0,0.0,7,0,0.0,0.0,0.0,0.0,0.0,Matches,2022-2023,EPL,,23.0,,,,,,,,,,,29.0,,,,,,,,,,,,,,,,,,,,,,,8.0,4.0,50.0,0.33,0.16,0.0,0.0,,,,,,,,,,,,,,,,,,
Illan Meslier,6b625ac2,350,frFRA,GK,Leeds United,22.0,2000.0,34,34,3060.0,34.0,0.0,0.0,0.0,0.0,0.0,0.0,3,0,0.0,0.0,0.0,0.0,0.0,Matches,2022-2023,EPL,,1.0,,,,,,,,,,,1.0,,,,,,,,,,,,,,,,,,,,,,,1.0,1.0,100.0,0.03,0.03,0.0,0.0,34.0,34.0,3060.0,67.0,1.97,158.0,94.0,59.5,7.0,9.0,18.0,5.0,14.7,3.0,3.0,0.0,0.0,0.0
Alex Mighten,10ec4169,351,engENG,"FW,MF",Nottingham Forest,20.0,2002.0,1,0,8.0,0.1,0.0,0.0,0.0,0.0,0.0,0.0,0,0,0.0,0.0,0.0,0.0,0.0,Matches,2022-2023,EPL,,0.0,,,,,,,,,,,0.0,,,,,,,,,,,,,,,,,,,,,,,0.0,0.0,,0.0,0.0,,,,,,,,,,,,,,,,,,,,
Lewis Miley,2c6835e5,352,engENG,MF,Newcastle United,16.0,2006.0,1,0,15.0,0.2,0.0,0.0,0.0,0.0,0.0,0.0,0,0,0.0,0.0,0.0,0.0,0.0,Matches,2022-2023,EPL,,0.0,,,,,,,,,,,0.0,,,,,,,,,,,,,,,,,,,,,,,1.0,0.0,0.0,6.0,0.0,0.0,,,,,,,,,,,,,,,,,,,
Luka Milivojević,2ce2508a,353,rsSRB,MF,Crystal Palace,31.0,1991.0,18,5,512.0,5.7,0.0,0.0,0.0,0.0,0.0,0.0,2,0,0.0,0.0,0.0,0.0,0.0,Matches,2022-2023,EPL,,8.0,,,,,,,,,,,12.0,,,,,,,,,,,,,,,,,,,,,,,7.0,0.0,0.0,1.23,0.0,0.0,,,,,,,,,,,,,,,,,,,
James Milner,2f90f6b8,354,engENG,"MF,DF",Liverpool,36.0,1986.0,31,7,913.0,10.1,0.0,1.0,1.0,0.0,0.0,0.0,2,0,0.0,0.1,0.1,0.0,0.1,Matches,2022-2023,EPL,,15.0,,,,,,,,,,,10.0,,,,,,,,,,,,,,,,,,,,,,,7.0,1.0,14.3,0.69,0.1,0.0,0.0,,,,,,,,,,,,,,,,,,
Yerry Mina,6d5701f2,355,coCOL,DF,Everton,27.0,1994.0,7,7,594.0,6.6,2.0,0.0,2.0,2.0,0.0,0.0,2,0,0.3,0.0,0.3,0.3,0.3,Matches,2022-2023,EPL,,7.0,,,,,,,,,,,6.0,,,,,,,,,,,,,,,,,,,,,,,8.0,4.0,50.0,1.21,0.61,0.25,0.5,,,,,,,,,,,,,,,,,,
Tyrone Mings,8397a50c,356,engENG,DF,Aston Villa,29.0,1993.0,35,35,3150.0,35.0,1.0,2.0,3.0,1.0,0.0,0.0,7,0,0.03,0.06,0.09,0.03,0.09,Matches,2022-2023,EPL,,7.0,,,,,,,,,,,52.0,,,,,,,,,,,,,,,,,,,,,,,7.0,2.0,28.6,0.2,0.06,0.14,0.5,,,,,,,,,,,,,,,,,,
Tyrick Mitchell,5cbd1eb0,357,engENG,DF,Crystal Palace,22.0,1999.0,36,34,2891.0,32.1,0.0,2.0,2.0,0.0,0.0,0.0,5,1,0.0,0.06,0.06,0.0,0.06,Matches,2022-2023,EPL,,48.0,,,,,,,,,,,38.0,,,,,,,,,,,,,,,,,,,,,,,6.0,1.0,16.7,0.19,0.03,0.0,0.0,,,,,,,,,,,,,,,,,,
Kaoru Mitoma,74618572,358,jpJPN,MF,Brighton,25.0,1997.0,33,24,2318.0,25.8,7.0,5.0,12.0,7.0,0.0,0.0,0,0,0.27,0.19,0.47,0.27,0.47,Matches,2022-2023,EPL,,26.0,,,,,,,,,,,17.0,,,,,,,,,,,,,,,,,,,,,,,52.0,21.0,40.4,2.02,0.82,0.13,0.33,,,,,,,,,,,,,,,,,,
Aleksandar Mitrović,3925dbd6,359,rsSRB,FW,Fulham,27.0,1994.0,24,23,2008.0,22.3,14.0,1.0,15.0,10.0,4.0,8.0,7,0,0.63,0.04,0.67,0.45,0.49,Matches,2022-2023,EPL,,6.0,,,,,,,,,,,3.0,,,,,,,,,,,,,,,,,,,,,,,93.0,35.0,37.6,4.17,1.57,0.11,0.29,,,,,,,,,,,,,,,,,,
Kieffer Moore,01ce9e70,360,wlsWAL,FW,Bournemouth,29.0,1992.0,27,12,1279.0,14.2,4.0,0.0,4.0,4.0,0.0,0.0,1,0,0.28,0.0,0.28,0.28,0.28,Matches,2022-2023,EPL,,12.0,,,,,,,,,,,1.0,,,,,,,,,,,,,,,,,,,,,,,23.0,9.0,39.1,1.62,0.63,0.17,0.44,,,,,,,,,,,,,,,,,,
Andrew Moran,c4720845,361,ieIRL,MF,Brighton,18.0,2003.0,1,0,12.0,0.1,0.0,0.0,0.0,0.0,0.0,0.0,0,0,0.0,0.0,0.0,0.0,0.0,Matches,2022-2023,EPL,,0.0,,,,,,,,,,,0.0,,,,,,,,,,,,,,,,,,,,,,,0.0,0.0,,0.0,0.0,,,,,,,,,,,,,,,,,,,,
Álex Moreno,16e9d0ea,362,esESP,DF,Aston Villa,29.0,1993.0,19,14,1329.0,14.8,0.0,3.0,3.0,0.0,0.0,0.0,3,0,0.0,0.2,0.2,0.0,0.2,Matches,2022-2023,EPL,,15.0,,,,,,,,,,,7.0,,,,,,,,,,,,,,,,,,,,,,,13.0,3.0,23.1,0.88,0.2,0.0,0.0,,,,,,,,,,,,,,,,,,
Mason Mount,9674002f,363,engENG,MF,Chelsea,23.0,1999.0,24,20,1648.0,18.3,3.0,2.0,5.0,3.0,0.0,0.0,4,0,0.16,0.11,0.27,0.16,0.27,Matches,2022-2023,EPL,,20.0,,,,,,,,,,,8.0,,,,,,,,,,,,,,,,,,,,,,,33.0,9.0,27.3,1.8,0.49,0.09,0.33,,,,,,,,,,,,,,,,,,
Lucas Moura,2b622f01,364,brBRA,"FW,MF",Tottenham Hotspur,29.0,1992.0,15,0,153.0,1.7,1.0,0.0,1.0,1.0,0.0,0.0,0,1,0.59,0.0,0.59,0.59,0.59,Matches,2022-2023,EPL,,5.0,,,,,,,,,,,2.0,,,,,,,,,,,,,,,,,,,,,,,4.0,1.0,25.0,2.35,0.59,0.25,1.0,,,,,,,,,,,,,,,,,,
João Moutinho,f5a00fa4,365,ptPOR,MF,Wolves,35.0,1986.0,31,20,1780.0,19.8,0.0,2.0,2.0,0.0,0.0,0.0,3,0,0.0,0.1,0.1,0.0,0.1,Matches,2022-2023,EPL,,30.0,,,,,,,,,,,18.0,,,,,,,,,,,,,,,,,,,,,,,16.0,3.0,18.8,0.81,0.15,0.0,0.0,,,,,,,,,,,,,,,,,,
Divin Mubama,92868cb5,366,engENG,FW,West Ham United,17.0,2004.0,3,0,38.0,0.4,0.0,0.0,0.0,0.0,0.0,0.0,0,0,0.0,0.0,0.0,0.0,0.0,Matches,2022-2023,EPL,,1.0,,,,,,,,,,,0.0,,,,,,,,,,,,,,,,,,,,,,,0.0,0.0,,0.0,0.0,,,,,,,,,,,,,,,,,,,,
Mykhailo Mudryk,049a888d,367,uaUKR,"FW,MF",Chelsea,21.0,2001.0,15,7,657.0,7.3,0.0,2.0,2.0,0.0,0.0,0.0,1,0,0.0,0.27,0.27,0.0,0.27,Matches,2022-2023,EPL,,9.0,,,,,,,,,,,1.0,,,,,,,,,,,,,,,,,,,,,,,14.0,5.0,35.7,1.92,0.68,0.0,0.0,,,,,,,,,,,,,,,,,,
Jacob Murphy,de112b84,368,engENG,FW,Newcastle United,27.0,1995.0,36,14,1251.0,13.9,4.0,2.0,6.0,4.0,0.0,0.0,0,0,0.29,0.14,0.43,0.29,0.43,Matches,2022-2023,EPL,,9.0,,,,,,,,,,,6.0,,,,,,,,,,,,,,,,,,,,,,,29.0,10.0,34.5,2.09,0.72,0.14,0.4,,,,,,,,,,,,,,,,,,
Enock Mwepu,1d5cab82,369,zmZAM,"MF,FW",Brighton,24.0,1998.0,6,2,213.0,2.4,0.0,1.0,1.0,0.0,0.0,0.0,0,0,0.0,0.42,0.42,0.0,0.42,Matches,2022-2023,EPL,,5.0,,,,,,,,,,,2.0,,,,,,,,,,,,,,,,,,,,,,,2.0,1.0,50.0,0.85,0.42,0.0,0.0,,,,,,,,,,,,,,,,,,
Vitaliy Mykolenko,30d4a2e5,370,uaUKR,"DF,MF",Everton,23.0,1999.0,34,30,2655.0,29.5,0.0,0.0,0.0,0.0,0.0,0.0,4,0,0.0,0.0,0.0,0.0,0.0,Matches,2022-2023,EPL,,37.0,,,,,,,,,,,48.0,,,,,,,,,,,,,,,,,,,,,,,10.0,3.0,30.0,0.34,0.1,0.0,0.0,,,,,,,,,,,,,,,,,,
Keylor Navas,ecada4fc,371,crCRC,GK,Nottingham Forest,35.0,1986.0,17,17,1529.0,17.0,0.0,0.0,0.0,0.0,0.0,0.0,2,0,0.0,0.0,0.0,0.0,0.0,Matches,2022-2023,EPL,,0.0,,,,,,,,,,,1.0,,,,,,,,,,,,,,,,,,,,,,,0.0,0.0,,0.0,0.0,,,17.0,17.0,1529.0,32.0,1.88,79.0,51.0,64.6,4.0,4.0,9.0,2.0,11.8,4.0,4.0,0.0,0.0,0.0
Wilfred Ndidi,6b47c5db,372,ngNGA,"MF,DF",Leicester City,25.0,1996.0,27,19,1679.0,18.7,0.0,0.0,0.0,0.0,0.0,0.0,4,0,0.0,0.0,0.0,0.0,0.0,Matches,2022-2023,EPL,,41.0,,,,,,,,,,,36.0,,,,,,,,,,,,,,,,,,,,,,,7.0,2.0,28.6,0.38,0.11,0.0,0.0,,,,,,,,,,,,,,,,,,
Reiss Nelson,c5bdb6e3,373,engENG,"FW,MF",Arsenal,22.0,1999.0,11,0,212.0,2.4,3.0,2.0,5.0,3.0,0.0,0.0,0,0,1.27,0.85,2.12,1.27,2.12,Matches,2022-2023,EPL,,1.0,,,,,,,,,,,0.0,,,,,,,,,,,,,,,,,,,,,,,12.0,7.0,58.3,5.09,2.97,0.25,0.43,,,,,,,,,,,,,,,,,,
Neto,a9dc785c,374,brBRA,GK,Bournemouth,33.0,1989.0,27,27,2385.0,26.5,0.0,0.0,0.0,0.0,0.0,0.0,4,0,0.0,0.0,0.0,0.0,0.0,Matches,2022-2023,EPL,,1.0,,,,,,,,,,,0.0,,,,,,,,,,,,,,,,,,,,,,,0.0,0.0,,0.0,0.0,,,27.0,27.0,2385.0,39.0,1.47,135.0,100.0,74.1,9.0,6.0,12.0,6.0,22.2,5.0,4.0,0.0,1.0,0.0
Pedro Neto,7ba2eaa9,375,ptPOR,"MF,FW",Wolves,22.0,2000.0,18,13,964.0,10.7,0.0,0.0,0.0,0.0,0.0,0.0,1,0,0.0,0.0,0.0,0.0,0.0,Matches,2022-2023,EPL,,5.0,,,,,,,,,,,4.0,,,,,,,,,,,,,,,,,,,,,,,17.0,3.0,17.6,1.59,0.28,0.0,0.0,,,,,,,,,,,,,,,,,,
Rúben Neves,44bfb6c5,376,ptPOR,MF,Wolves,25.0,1997.0,35,33,3019.0,33.5,6.0,1.0,7.0,3.0,3.0,3.0,12,0,0.18,0.03,0.21,0.09,0.12,Matches,2022-2023,EPL,,40.0,,,,,,,,,,,49.0,,,,,,,,,,,,,,,,,,,,,,,67.0,16.0,23.9,2.0,0.48,0.04,0.19,,,,,,,,,,,,,,,,,,
Moussa Niakhate,00242715,377,snSEN,DF,Nottingham Forest,26.0,1996.0,14,14,1163.0,12.9,0.0,0.0,0.0,0.0,0.0,0.0,1,0,0.0,0.0,0.0,0.0,0.0,Matches,2022-2023,EPL,,9.0,,,,,,,,,,,20.0,,,,,,,,,,,,,,,,,,,,,,,6.0,3.0,50.0,0.46,0.23,0.0,0.0,,,,,,,,,,,,,,,,,,
Eddie Nketiah,a53649b7,378,engENG,FW,Arsenal,23.0,1999.0,30,9,1089.0,12.1,4.0,1.0,5.0,4.0,0.0,0.0,3,0,0.33,0.08,0.41,0.33,0.41,Matches,2022-2023,EPL,,9.0,,,,,,,,,,,1.0,,,,,,,,,,,,,,,,,,,,,,,41.0,14.0,34.1,3.39,1.16,0.1,0.29,,,,,,,,,,,,,,,,,,
Matheus Nunes,e6af02e0,379,ptPOR,MF,Wolves,23.0,1998.0,34,30,2467.0,27.4,1.0,1.0,2.0,1.0,0.0,0.0,2,1,0.04,0.04,0.07,0.04,0.07,Matches,2022-2023,EPL,,42.0,,,,,,,,,,,16.0,,,,,,,,,,,,,,,,,,,,,,,28.0,9.0,32.1,1.02,0.33,0.04,0.11,,,,,,,,,,,,,,,,,,
Darwin Núñez,4d77b365,380,uyURU,FW,Liverpool,23.0,1999.0,29,19,1695.0,18.8,9.0,3.0,12.0,9.0,0.0,0.0,1,1,0.48,0.16,0.64,0.48,0.64,Matches,2022-2023,EPL,,5.0,,,,,,,,,,,2.0,,,,,,,,,,,,,,,,,,,,,,,84.0,37.0,44.0,4.46,1.96,0.11,0.24,,,,,,,,,,,,,,,,,,
Ethan Nwaneri,7f94982c,381,engENG,MF,Arsenal,15.0,2007.0,1,0,1.0,0.0,0.0,0.0,0.0,0.0,0.0,0.0,0,0,0.0,0.0,0.0,0.0,0.0,Matches,2022-2023,EPL,,0.0,,,,,,,,,,,0.0,,,,,,,,,,,,,,,,,,,,,,,0.0,0.0,,0.0,0.0,,,,,,,,,,,,,,,,,,,,
Christian Nørgaard,df0a4c90,382,dkDEN,MF,Brentford,28.0,1994.0,22,21,1763.0,19.6,1.0,3.0,4.0,1.0,0.0,0.0,6,0,0.05,0.15,0.2,0.05,0.2,Matches,2022-2023,EPL,,30.0,,,,,,,,,,,33.0,,,,,,,,,,,,,,,,,,,,,,,19.0,10.0,52.6,0.97,0.51,0.05,0.1,,,,,,,,,,,,,,,,,,
Lewis O'Brien,089667a5,383,engENG,MF,Nottingham Forest,23.0,1998.0,13,6,584.0,6.5,1.0,0.0,1.0,1.0,0.0,0.0,2,0,0.15,0.0,0.15,0.15,0.15,Matches,2022-2023,EPL,,7.0,,,,,,,,,,,6.0,,,,,,,,,,,,,,,,,,,,,,,7.0,2.0,28.6,1.08,0.31,0.14,0.5,,,,,,,,,,,,,,,,,,
Odeluga Offiah,65c3efa2,384,engENG,DF,Brighton,19.0,2002.0,2,0,25.0,0.3,0.0,0.0,0.0,0.0,0.0,0.0,0,0,0.0,0.0,0.0,0.0,0.0,Matches,2022-2023,EPL,,1.0,,,,,,,,,,,0.0,,,,,,,,,,,,,,,,,,,,,,,0.0,0.0,,0.0,0.0,,,,,,,,,,,,,,,,,,,,
Angelo Ogbonna,74b2cd7e,385,itITA,DF,West Ham United,34.0,1988.0,16,13,1237.0,13.7,0.0,0.0,0.0,0.0,0.0,0.0,0,0,0.0,0.0,0.0,0.0,0.0,Matches,2022-2023,EPL,,4.0,,,,,,,,,,,18.0,,,,,,,,,,,,,,,,,,,,,,,3.0,0.0,0.0,0.22,0.0,0.0,,,,,,,,,,,,,,,,,,,
Michael Olise,c4486bac,386,frFRA,"MF,FW",Crystal Palace,20.0,2001.0,37,31,2749.0,30.5,2.0,11.0,13.0,2.0,0.0,0.0,2,0,0.07,0.36,0.43,0.07,0.43,Matches,2022-2023,EPL,,35.0,,,,,,,,,,,26.0,,,,,,,,,,,,,,,,,,,,,,,51.0,14.0,27.5,1.67,0.46,0.04,0.14,,,,,,,,,,,,,,,,,,
Robin Olsen,e7ee38c3,387,seSWE,GK,Aston Villa,32.0,1990.0,4,2,281.0,3.1,0.0,0.0,0.0,0.0,0.0,0.0,0,0,0.0,0.0,0.0,0.0,0.0,Matches,2022-2023,EPL,,0.0,,,,,,,,,,,0.0,,,,,,,,,,,,,,,,,,,,,,,0.0,0.0,,0.0,0.0,,,4.0,2.0,281.0,8.0,2.56,18.0,11.0,61.1,1.0,0.0,1.0,1.0,50.0,1.0,1.0,0.0,0.0,0.0
Amadou Onana,828657ff,388,beBEL,MF,Everton,20.0,2001.0,33,29,2488.0,27.6,1.0,2.0,3.0,1.0,0.0,0.0,9,0,0.04,0.07,0.11,0.04,0.11,Matches,2022-2023,EPL,,44.0,,,,,,,,,,,38.0,,,,,,,,,,,,,,,,,,,,,,,34.0,6.0,17.6,1.23,0.22,0.03,0.17,,,,,,,,,,,,,,,,,,
Josh Onomah,6612cd8c,389,engENG,"FW,MF",Fulham,25.0,1997.0,2,0,15.0,0.2,0.0,0.0,0.0,0.0,0.0,0.0,0,0,0.0,0.0,0.0,0.0,0.0,Matches,2022-2023,EPL,,0.0,,,,,,,,,,,0.0,,,,,,,,,,,,,,,,,,,,,,,0.0,0.0,,0.0,0.0,,,,,,,,,,,,,,,,,,,,
Paul Onuachu,c06d1086,390,ngNGA,FW,Southampton,28.0,1994.0,11,4,407.0,4.5,0.0,0.0,0.0,0.0,0.0,0.0,0,0,0.0,0.0,0.0,0.0,0.0,Matches,2022-2023,EPL,,2.0,,,,,,,,,,,0.0,,,,,,,,,,,,,,,,,,,,,,,11.0,5.0,45.5,2.43,1.11,0.0,0.0,,,,,,,,,,,,,,,,,,
Frank Onyeka,2944f86f,391,ngNGA,MF,Brentford,24.0,1998.0,21,8,848.0,9.4,0.0,2.0,2.0,0.0,0.0,0.0,0,0,0.0,0.21,0.21,0.0,0.21,Matches,2022-2023,EPL,,12.0,,,,,,,,,,,9.0,,,,,,,,,,,,,,,,,,,,,,,9.0,4.0,44.4,0.96,0.42,0.0,0.0,,,,,,,,,,,,,,,,,,
Mislav Oršić,ee950928,392,hrCRO,"FW,MF",Southampton,29.0,1992.0,1,0,7.0,0.1,0.0,0.0,0.0,0.0,0.0,0.0,0,0,0.0,0.0,0.0,0.0,0.0,Matches,2022-2023,EPL,,1.0,,,,,,,,,,,0.0,,,,,,,,,,,,,,,,,,,,,,,0.0,0.0,,0.0,0.0,,,,,,,,,,,,,,,,,,,,
Stefan Ortega,c1242d4e,393,deGER,GK,Manchester City,29.0,1992.0,3,3,270.0,3.0,0.0,0.0,0.0,0.0,0.0,0.0,0,0,0.0,0.0,0.0,0.0,0.0,Matches,2022-2023,EPL,,0.0,,,,,,,,,,,0.0,,,,,,,,,,,,,,,,,,,,,,,0.0,0.0,,0.0,0.0,,,3.0,3.0,270.0,1.0,0.33,15.0,14.0,93.3,2.0,1.0,0.0,2.0,66.7,0.0,0.0,0.0,0.0,
Dango Ouattara,2f9e4435,394,bfBFA,MF,Bournemouth,20.0,2002.0,19,15,1241.0,13.8,1.0,3.0,4.0,1.0,0.0,0.0,1,0,0.07,0.22,0.29,0.07,0.29,Matches,2022-2023,EPL,,15.0,,,,,,,,,,,10.0,,,,,,,,,,,,,,,,,,,,,,,26.0,5.0,19.2,1.89,0.36,0.04,0.2,,,,,,,,,,,,,,,,,,
Alex Oxlade-Chamberlain,38c7feef,395,engENG,FW,Liverpool,28.0,1993.0,9,4,335.0,3.7,1.0,0.0,1.0,1.0,0.0,0.0,0,0,0.27,0.0,0.27,0.27,0.27,Matches,2022-2023,EPL,,4.0,,,,,,,,,,,0.0,,,,,,,,,,,,,,,,,,,,,,,7.0,3.0,42.9,1.88,0.81,0.14,0.33,,,,,,,,,,,,,,,,,,
David Ozoh,d00d45ab,396,engENG,MF,Crystal Palace,17.0,2005.0,1,0,1.0,0.0,0.0,0.0,0.0,0.0,0.0,0.0,0,0,0.0,0.0,0.0,0.0,0.0,Matches,2022-2023,EPL,,0.0,,,,,,,,,,,0.0,,,,,,,,,,,,,,,,,,,,,,,0.0,0.0,,0.0,0.0,,,,,,,,,,,,,,,,,,,,
João Palhinha,a78ff07f,397,ptPOR,MF,Fulham,27.0,1995.0,35,35,3108.0,34.5,3.0,0.0,3.0,3.0,0.0,0.0,14,0,0.09,0.0,0.09,0.09,0.09,Matches,2022-2023,EPL,,82.0,,,,,,,,,,,43.0,,,,,,,,,,,,,,,,,,,,,,,38.0,8.0,21.1,1.1,0.23,0.08,0.38,,,,,,,,,,,,,,,,,,
Cole Palmer,dc7f8a28,398,engENG,"MF,FW",Manchester City,20.0,2002.0,14,2,370.0,4.1,0.0,1.0,1.0,0.0,0.0,0.0,1,0,0.0,0.24,0.24,0.0,0.24,Matches,2022-2023,EPL,,1.0,,,,,,,,,,,1.0,,,,,,,,,,,,,,,,,,,,,,,11.0,4.0,36.4,2.68,0.97,0.0,0.0,,,,,,,,,,,,,,,,,,
Emerson Palmieri,e0bc6fdc,399,itITA,"MF,DF",West Ham United,27.0,1994.0,22,16,1320.0,14.7,1.0,0.0,1.0,1.0,0.0,0.0,2,0,0.07,0.0,0.07,0.07,0.07,Matches,2022-2023,EPL,,14.0,,,,,,,,,,,14.0,,,,,,,,,,,,,,,,,,,,,,,11.0,5.0,45.5,0.75,0.34,0.09,0.2,,,,,,,,,,,,,,,,,,
Lucas Paquetá,9b6f7fd5,400,brBRA,MF,West Ham United,24.0,1997.0,28,27,2151.0,23.9,4.0,3.0,7.0,3.0,1.0,1.0,5,0,0.17,0.13,0.29,0.13,0.25,Matches,2022-2023,EPL,,53.0,,,,,,,,,,,15.0,,,,,,,,,,,,,,,,,,,,,,,53.0,16.0,30.2,2.22,0.67,0.06,0.19,,,,,,,,,,,,,,,,,,
Thomas Partey,529f49ab,401,ghGHA,MF,Arsenal,29.0,1993.0,33,28,2483.0,27.6,3.0,0.0,3.0,3.0,0.0,0.0,5,0,0.11,0.0,0.11,0.11,0.11,Matches,2022-2023,EPL,,40.0,,,,,,,,,,,26.0,,,,,,,,,,,,,,,,,,,,,,,28.0,4.0,14.3,1.01,0.14,0.11,0.75,,,,,,,,,,,,,,,,,,
Nathan Patterson,230f0471,402,sctSCO,"DF,MF",Everton,20.0,2001.0,19,14,1279.0,14.2,0.0,0.0,0.0,0.0,0.0,0.0,3,0,0.0,0.0,0.0,0.0,0.0,Matches,2022-2023,EPL,,24.0,,,,,,,,,,,14.0,,,,,,,,,,,,,,,,,,,,,,,8.0,1.0,12.5,0.56,0.07,0.0,0.0,,,,,,,,,,,,,,,,,,
Ben Pearson,a6b461e7,403,engENG,MF,Bournemouth,27.0,1995.0,7,3,286.0,3.2,0.0,0.0,0.0,0.0,0.0,0.0,1,0,0.0,0.0,0.0,0.0,0.0,Matches,2022-2023,EPL,,4.0,,,,,,,,,,,2.0,,,,,,,,,,,,,,,,,,,,,,,2.0,1.0,50.0,0.63,0.31,0.0,0.0,,,,,,,,,,,,,,,,,,
Facundo Pellistri,ac7e7b1c,404,uyURU,"FW,MF",Manchester Utd,20.0,2001.0,4,0,64.0,0.7,0.0,0.0,0.0,0.0,0.0,0.0,0,0,0.0,0.0,0.0,0.0,0.0,Matches,2022-2023,EPL,,1.0,,,,,,,,,,,0.0,,,,,,,,,,,,,,,,,,,,,,,0.0,0.0,,0.0,0.0,,,,,,,,,,,,,,,,,,,,
Andreas Pereira,6639e500,405,brBRA,MF,Fulham,26.0,1996.0,33,33,2692.0,29.9,4.0,6.0,10.0,3.0,1.0,1.0,8,0,0.13,0.2,0.33,0.1,0.3,Matches,2022-2023,EPL,,8.0,,,,,,,,,,,6.0,,,,,,,,,,,,,,,,,,,,,,,62.0,23.0,37.1,2.07,0.77,0.05,0.13,,,,,,,,,,,,,,,,,,
Ricardo Pereira,75a72a99,406,ptPOR,"DF,MF",Leicester City,28.0,1993.0,10,5,454.0,5.0,1.0,1.0,2.0,1.0,0.0,0.0,2,0,0.2,0.2,0.4,0.2,0.4,Matches,2022-2023,EPL,,8.0,,,,,,,,,,,4.0,,,,,,,,,,,,,,,,,,,,,,,2.0,1.0,50.0,0.4,0.2,0.5,1.0,,,,,,,,,,,,,,,,,,
Ayoze Pérez,819aa8e7,407,esESP,MF,Leicester City,29.0,1993.0,8,3,382.0,4.2,0.0,1.0,1.0,0.0,0.0,0.0,0,0,0.0,0.24,0.24,0.0,0.24,Matches,2022-2023,EPL,,8.0,,,,,,,,,,,2.0,,,,,,,,,,,,,,,,,,,,,,,8.0,2.0,25.0,1.88,0.47,0.0,0.0,,,,,,,,,,,,,,,,,,
Ivan Perišić,6fe90922,408,hrCRO,MF,Tottenham Hotspur,33.0,1989.0,34,23,2108.0,23.4,1.0,8.0,9.0,1.0,0.0,0.0,6,0,0.04,0.34,0.38,0.04,0.38,Matches,2022-2023,EPL,,24.0,,,,,,,,,,,21.0,,,,,,,,,,,,,,,,,,,,,,,29.0,8.0,27.6,1.24,0.34,0.03,0.13,,,,,,,,,,,,,,,,,,
Romain Perraud,6dfd8f05,409,frFRA,DF,Southampton,24.0,1997.0,29,22,1835.0,20.4,2.0,2.0,4.0,2.0,0.0,0.0,4,0,0.1,0.1,0.2,0.1,0.2,Matches,2022-2023,EPL,,33.0,,,,,,,,,,,21.0,,,,,,,,,,,,,,,,,,,,,,,30.0,6.0,20.0,1.47,0.29,0.07,0.33,,,,,,,,,,,,,,,,,,
Máximo Perrone,53552942,410,arARG,MF,Manchester City,19.0,2003.0,1,0,19.0,0.2,0.0,0.0,0.0,0.0,0.0,0.0,0,0,0.0,0.0,0.0,0.0,0.0,Matches,2022-2023,EPL,,0.0,,,,,,,,,,,0.0,,,,,,,,,,,,,,,,,,,,,,,0.0,0.0,,0.0,0.0,,,,,,,,,,,,,,,,,,,,
Cameron Peupion,0bdeb013,411,auAUS,MF,Brighton,19.0,2002.0,1,0,6.0,0.1,0.0,0.0,0.0,0.0,0.0,0.0,0,0,0.0,0.0,0.0,0.0,0.0,Matches,2022-2023,EPL,,0.0,,,,,,,,,,,0.0,,,,,,,,,,,,,,,,,,,,,,,1.0,0.0,0.0,15.0,0.0,0.0,,,,,,,,,,,,,,,,,,,
Kalvin Phillips,4f565d77,412,engENG,"MF,DF",Manchester City,26.0,1995.0,12,2,300.0,3.3,0.0,0.0,0.0,0.0,0.0,0.0,1,0,0.0,0.0,0.0,0.0,0.0,Matches,2022-2023,EPL,,4.0,,,,,,,,,,,4.0,,,,,,,,,,,,,,,,,,,,,,,6.0,0.0,0.0,1.8,0.0,0.0,,,,,,,,,,,,,,,,,,,
Nathaniel Phillips,515ebe8d,413,engENG,DF,Liverpool,25.0,1997.0,2,1,66.0,0.7,0.0,0.0,0.0,0.0,0.0,0.0,0,0,0.0,0.0,0.0,0.0,0.0,Matches,2022-2023,EPL,,1.0,,,,,,,,,,,2.0,,,,,,,,,,,,,,,,,,,,,,,1.0,0.0,0.0,1.36,0.0,0.0,,,,,,,,,,,,,,,,,,,
Jordan Pickford,4806ec67,414,engENG,GK,Everton,28.0,1994.0,37,37,3330.0,37.0,0.0,1.0,1.0,0.0,0.0,0.0,6,0,0.0,0.03,0.03,0.0,0.03,Matches,2022-2023,EPL,,0.0,,,,,,,,,,,4.0,,,,,,,,,,,,,,,,,,,,,,,0.0,0.0,,0.0,0.0,,,37.0,37.0,3330.0,57.0,1.54,174.0,123.0,70.1,7.0,12.0,18.0,8.0,21.6,6.0,5.0,1.0,0.0,16.7
Ethan Pinnock,e541326e,415,jmJAM,DF,Brentford,29.0,1993.0,30,30,2700.0,30.0,3.0,0.0,3.0,3.0,0.0,0.0,0,0,0.1,0.0,0.1,0.1,0.1,Matches,2022-2023,EPL,,29.0,,,,,,,,,,,31.0,,,,,,,,,,,,,,,,,,,,,,,15.0,9.0,60.0,0.5,0.3,0.2,0.33,,,,,,,,,,,,,,,,,,
Daniel Podence,7fcc71d8,416,ptPOR,"MF,FW",Wolves,26.0,1995.0,32,20,1771.0,19.7,6.0,0.0,6.0,6.0,0.0,0.0,5,0,0.3,0.0,0.3,0.3,0.3,Matches,2022-2023,EPL,,17.0,,,,,,,,,,,7.0,,,,,,,,,,,,,,,,,,,,,,,43.0,18.0,41.9,2.19,0.91,0.14,0.33,,,,,,,,,,,,,,,,,,
Nick Pope,4b40d9ca,417,engENG,GK,Newcastle United,30.0,1992.0,37,37,3261.0,36.2,0.0,0.0,0.0,0.0,0.0,0.0,3,1,0.0,0.0,0.0,0.0,0.0,Matches,2022-2023,EPL,,0.0,,,,,,,,,,,0.0,,,,,,,,,,,,,,,,,,,,,,,0.0,0.0,,0.0,0.0,,,37.0,37.0,3261.0,32.0,0.88,113.0,85.0,73.5,19.0,13.0,5.0,14.0,37.8,5.0,2.0,2.0,1.0,50.0
Pedro Porro,27d0a506,418,esESP,MF,Tottenham Hotspur,22.0,1999.0,15,13,1131.0,12.6,3.0,3.0,6.0,3.0,0.0,0.0,0,0,0.24,0.24,0.48,0.24,0.48,Matches,2022-2023,EPL,,16.0,,,,,,,,,,,17.0,,,,,,,,,,,,,,,,,,,,,,,26.0,7.0,26.9,2.07,0.56,0.12,0.43,,,,,,,,,,,,,,,,,,
Dennis Praet,86695068,419,beBEL,MF,Leicester City,28.0,1994.0,22,6,649.0,7.2,1.0,0.0,1.0,1.0,0.0,0.0,1,0,0.14,0.0,0.14,0.14,0.14,Matches,2022-2023,EPL,,8.0,,,,,,,,,,,5.0,,,,,,,,,,,,,,,,,,,,,,,5.0,2.0,40.0,0.69,0.28,0.2,0.5,,,,,,,,,,,,,,,,,,
Isaac Price,b9403c99,420,nirNIR,MF,Everton,18.0,2003.0,1,0,33.0,0.4,0.0,0.0,0.0,0.0,0.0,0.0,1,0,0.0,0.0,0.0,0.0,0.0,Matches,2022-2023,EPL,,0.0,,,,,,,,,,,0.0,,,,,,,,,,,,,,,,,,,,,,,0.0,0.0,,0.0,0.0,,,,,,,,,,,,,,,,,,,,
Christian Pulisic,1bf33a9a,421,usUSA,"MF,FW",Chelsea,23.0,1998.0,24,8,821.0,9.1,1.0,1.0,2.0,1.0,0.0,0.0,1,0,0.11,0.11,0.22,0.11,0.22,Matches,2022-2023,EPL,,6.0,,,,,,,,,,,3.0,,,,,,,,,,,,,,,,,,,,,,,19.0,6.0,31.6,2.08,0.66,0.05,0.17,,,,,,,,,,,,,,,,,,
Aaron Ramsdale,466fb2c5,422,engENG,GK,Arsenal,24.0,1998.0,38,38,3420.0,38.0,0.0,0.0,0.0,0.0,0.0,0.0,1,0,0.0,0.0,0.0,0.0,0.0,Matches,2022-2023,EPL,,1.0,,,,,,,,,,,0.0,,,,,,,,,,,,,,,,,,,,,,,0.0,0.0,,0.0,0.0,,,38.0,38.0,3420.0,43.0,1.13,134.0,94.0,70.1,26.0,6.0,6.0,14.0,36.8,5.0,3.0,0.0,2.0,0.0
Jacob Ramsey,1544f145,423,engENG,MF,Aston Villa,21.0,2001.0,35,31,2636.0,29.3,6.0,7.0,13.0,6.0,0.0,0.0,5,0,0.2,0.24,0.44,0.2,0.44,Matches,2022-2023,EPL,,40.0,,,,,,,,,,,22.0,,,,,,,,,,,,,,,,,,,,,,,33.0,13.0,39.4,1.13,0.44,0.18,0.46,,,,,,,,,,,,,,,,,,
Marcus Rashford,a1d5bd30,424,engENG,"FW,MF",Manchester Utd,24.0,1997.0,35,32,2879.0,32.0,17.0,5.0,22.0,17.0,0.0,0.0,2,0,0.53,0.16,0.69,0.53,0.69,Matches,2022-2023,EPL,,10.0,,,,,,,,,,,6.0,,,,,,,,,,,,,,,,,,,,,,,108.0,50.0,46.3,3.38,1.56,0.16,0.34,,,,,,,,,,,,,,,,,,
David Raya,98ea5115,425,esESP,GK,Brentford,26.0,1995.0,38,38,3420.0,38.0,0.0,0.0,0.0,0.0,0.0,0.0,1,0,0.0,0.0,0.0,0.0,0.0,Matches,2022-2023,EPL,,0.0,,,,,,,,,,,1.0,,,,,,,,,,,,,,,,,,,,,,,1.0,0.0,0.0,0.03,0.0,0.0,,38.0,38.0,3420.0,46.0,1.21,198.0,154.0,77.8,15.0,14.0,9.0,12.0,31.6,2.0,2.0,0.0,0.0,0.0
Tim Ream,28b40c9c,426,usUSA,DF,Fulham,34.0,1987.0,33,33,2897.0,32.2,1.0,0.0,1.0,1.0,0.0,0.0,2,0,0.03,0.0,0.03,0.03,0.03,Matches,2022-2023,EPL,,19.0,,,,,,,,,,,42.0,,,,,,,,,,,,,,,,,,,,,,,3.0,2.0,66.7,0.09,0.06,0.33,0.5,,,,,,,,,,,,,,,,,,
Nathan Redmond,ab651565,427,engENG,"FW,MF",Southampton,28.0,1994.0,1,0,1.0,0.0,0.0,0.0,0.0,0.0,0.0,0.0,0,0,0.0,0.0,0.0,0.0,0.0,Matches,2022-2023,EPL,,0.0,,,,,,,,,,,0.0,,,,,,,,,,,,,,,,,,,,,,,0.0,0.0,,0.0,0.0,,,,,,,,,,,,,,,,,,,,
Harrison Reed,803ae100,428,engENG,MF,Fulham,27.0,1995.0,37,35,2866.0,31.8,3.0,4.0,7.0,3.0,0.0,0.0,5,0,0.09,0.13,0.22,0.09,0.22,Matches,2022-2023,EPL,,26.0,,,,,,,,,,,19.0,,,,,,,,,,,,,,,,,,,,,,,20.0,8.0,40.0,0.63,0.25,0.15,0.38,,,,,,,,,,,,,,,,,,
Declan Rice,1c7012b8,429,engENG,MF,West Ham United,23.0,1999.0,37,36,3273.0,36.4,4.0,1.0,5.0,4.0,0.0,1.0,5,0,0.11,0.03,0.14,0.11,0.14,Matches,2022-2023,EPL,,36.0,,,,,,,,,,,62.0,,,,,,,,,,,,,,,,,,,,,,,36.0,9.0,25.0,0.99,0.25,0.11,0.44,,,,,,,,,,,,,,,,,,
Chris Richards,0a3d6d2b,430,usUSA,DF,Crystal Palace,22.0,2000.0,9,4,447.0,5.0,0.0,0.0,0.0,0.0,0.0,0.0,0,0,0.0,0.0,0.0,0.0,0.0,Matches,2022-2023,EPL,,6.0,,,,,,,,,,,7.0,,,,,,,,,,,,,,,,,,,,,,,4.0,0.0,0.0,0.81,0.0,0.0,,,,,,,,,,,,,,,,,,,
Richarlison,fa031b34,431,brBRA,"MF,FW",Tottenham Hotspur,25.0,1997.0,27,12,1010.0,11.2,1.0,3.0,4.0,1.0,0.0,0.0,3,0,0.09,0.27,0.36,0.09,0.36,Matches,2022-2023,EPL,,16.0,,,,,,,,,,,5.0,,,,,,,,,,,,,,,,,,,,,,,27.0,14.0,51.9,2.41,1.25,0.04,0.07,,,,,,,,,,,,,,,,,,
Jaïro Riedewald,7a1f2c08,432,nlNED,"DF,MF",Crystal Palace,25.0,1996.0,6,0,64.0,0.7,0.0,0.0,0.0,0.0,0.0,0.0,0,0,0.0,0.0,0.0,0.0,0.0,Matches,2022-2023,EPL,,1.0,,,,,,,,,,,0.0,,,,,,,,,,,,,,,,,,,,,,,1.0,0.0,0.0,1.41,0.0,0.0,,,,,,,,,,,,,,,,,,,
Matt Ritchie,71ef519e,433,sctSCO,"DF,MF",Newcastle United,32.0,1989.0,7,0,39.0,0.4,0.0,0.0,0.0,0.0,0.0,0.0,0,0,0.0,0.0,0.0,0.0,0.0,Matches,2022-2023,EPL,,0.0,,,,,,,,,,,1.0,,,,,,,,,,,,,,,,,,,,,,,0.0,0.0,,0.0,0.0,,,,,,,,,,,,,,,,,,,,
Andrew Robertson,2e4f5f03,434,sctSCO,DF,Liverpool,28.0,1994.0,34,29,2583.0,28.7,0.0,8.0,8.0,0.0,0.0,0.0,3,0,0.0,0.28,0.28,0.0,0.28,Matches,2022-2023,EPL,,21.0,,,,,,,,,,,16.0,,,,,,,,,,,,,,,,,,,,,,,13.0,4.0,30.8,0.45,0.14,0.0,0.0,,,,,,,,,,,,,,,,,,
Antonee Robinson,289601e6,435,usUSA,DF,Fulham,24.0,1997.0,35,35,3088.0,34.3,0.0,1.0,1.0,0.0,0.0,0.0,8,0,0.0,0.03,0.03,0.0,0.03,Matches,2022-2023,EPL,,41.0,,,,,,,,,,,52.0,,,,,,,,,,,,,,,,,,,,,,,3.0,0.0,0.0,0.09,0.0,0.0,,,,,,,,,,,,,,,,,,,
Joel Robles,cda0b317,436,esESP,GK,Leeds United,32.0,1990.0,4,4,360.0,4.0,0.0,0.0,0.0,0.0,0.0,0.0,1,0,0.0,0.0,0.0,0.0,0.0,Matches,2022-2023,EPL,,0.0,,,,,,,,,,,0.0,,,,,,,,,,,,,,,,,,,,,,,0.0,0.0,,0.0,0.0,,,4.0,4.0,360.0,11.0,2.75,25.0,16.0,64.0,0.0,1.0,3.0,0.0,0.0,3.0,2.0,0.0,1.0,0.0
Marc Roca,da27e268,437,esESP,MF,Leeds United,25.0,1996.0,32,29,2315.0,25.7,1.0,2.0,3.0,1.0,0.0,0.0,7,0,0.04,0.08,0.12,0.04,0.12,Matches,2022-2023,EPL,,40.0,,,,,,,,,,,24.0,,,,,,,,,,,,,,,,,,,,,,,35.0,13.0,37.1,1.36,0.51,0.03,0.08,,,,,,,,,,,,,,,,,,
Marek Rodák,17acc2ed,438,skSVK,GK,Fulham,25.0,1996.0,2,2,180.0,2.0,0.0,0.0,0.0,0.0,0.0,0.0,0,0,0.0,0.0,0.0,0.0,0.0,Matches,2022-2023,EPL,,0.0,,,,,,,,,,,0.0,,,,,,,,,,,,,,,,,,,,,,,0.0,0.0,,0.0,0.0,,,2.0,2.0,180.0,2.0,1.0,4.0,2.0,50.0,0.0,2.0,0.0,1.0,50.0,0.0,0.0,0.0,0.0,
Rodri,6434f10d,439,esESP,"MF,DF",Manchester City,26.0,1996.0,36,34,2911.0,32.3,2.0,6.0,8.0,2.0,0.0,0.0,5,0,0.06,0.19,0.25,0.06,0.25,Matches,2022-2023,EPL,,41.0,,,,,,,,,,,31.0,,,,,,,,,,,,,,,,,,,,,,,50.0,14.0,28.0,1.55,0.43,0.04,0.14,,,,,,,,,,,,,,,,,,
Rodrigo,1fb1c435,440,esESP,"FW,MF",Leeds United,31.0,1991.0,31,23,1935.0,21.5,13.0,1.0,14.0,12.0,1.0,1.0,6,0,0.6,0.05,0.65,0.56,0.6,Matches,2022-2023,EPL,,9.0,,,,,,,,,,,6.0,,,,,,,,,,,,,,,,,,,,,,,67.0,27.0,40.3,3.12,1.26,0.18,0.44,,,,,,,,,,,,,,,,,,
Mads Roerslev,57c94db2,441,dkDEN,"MF,DF",Brentford,23.0,1999.0,20,12,1108.0,12.3,0.0,0.0,0.0,0.0,0.0,0.0,0,0,0.0,0.0,0.0,0.0,0.0,Matches,2022-2023,EPL,,12.0,,,,,,,,,,,8.0,,,,,,,,,,,,,,,,,,,,,,,3.0,1.0,33.3,0.24,0.08,0.0,0.0,,,,,,,,,,,,,,,,,,
Cristian Romero,a3d94a58,442,arARG,DF,Tottenham Hotspur,24.0,1998.0,27,26,2364.0,26.3,0.0,1.0,1.0,0.0,0.0,0.0,11,1,0.0,0.04,0.04,0.0,0.04,Matches,2022-2023,EPL,,38.0,,,,,,,,,,,37.0,,,,,,,,,,,,,,,,,,,,,,,11.0,2.0,18.2,0.42,0.08,0.0,0.0,,,,,,,,,,,,,,,,,,
Oriol Romeu,4b511457,443,esESP,MF,Southampton,30.0,1991.0,1,1,74.0,0.8,0.0,0.0,0.0,0.0,0.0,0.0,0,0,0.0,0.0,0.0,0.0,0.0,Matches,2022-2023,EPL,,0.0,,,,,,,,,,,1.0,,,,,,,,,,,,,,,,,,,,,,,0.0,0.0,,0.0,0.0,,,,,,,,,,,,,,,,,,,,
Cristiano Ronaldo,dea698d9,444,ptPOR,FW,Manchester Utd,37.0,1985.0,10,4,525.0,5.8,1.0,0.0,1.0,1.0,0.0,0.0,2,0,0.17,0.0,0.17,0.17,0.17,Matches,2022-2023,EPL,,2.0,,,,,,,,,,,1.0,,,,,,,,,,,,,,,,,,,,,,,25.0,6.0,24.0,4.29,1.03,0.04,0.17,,,,,,,,,,,,,,,,,,
Connor Ronan,1b804500,445,ieIRL,MF,Wolves,24.0,1998.0,1,0,1.0,0.0,0.0,0.0,0.0,0.0,0.0,0.0,0,0,0.0,0.0,0.0,0.0,0.0,Matches,2022-2023,EPL,,0.0,,,,,,,,,,,0.0,,,,,,,,,,,,,,,,,,,,,,,0.0,0.0,,0.0,0.0,,,,,,,,,,,,,,,,,,,,
Salomón Rondón,b318a643,446,veVEN,FW,Everton,32.0,1989.0,7,1,109.0,1.2,0.0,0.0,0.0,0.0,0.0,0.0,0,0,0.0,0.0,0.0,0.0,0.0,Matches,2022-2023,EPL,,0.0,,,,,,,,,,,0.0,,,,,,,,,,,,,,,,,,,,,,,4.0,1.0,25.0,3.3,0.83,0.0,0.0,,,,,,,,,,,,,,,,,,
Joe Rothwell,10a10454,447,engENG,MF,Bournemouth,27.0,1995.0,20,12,1016.0,11.3,0.0,1.0,1.0,0.0,0.0,0.0,1,0,0.0,0.09,0.09,0.0,0.09,Matches,2022-2023,EPL,,15.0,,,,,,,,,,,8.0,,,,,,,,,,,,,,,,,,,,,,,3.0,2.0,66.7,0.27,0.18,0.0,0.0,,,,,,,,,,,,,,,,,,
Georginio Rutter,c64c01fc,448,frFRA,FW,Leeds United,20.0,2002.0,11,1,273.0,3.0,0.0,1.0,1.0,0.0,0.0,0.0,0,0,0.0,0.33,0.33,0.0,0.33,Matches,2022-2023,EPL,,10.0,,,,,,,,,,,3.0,,,,,,,,,,,,,,,,,,,,,,,4.0,0.0,0.0,1.32,0.0,0.0,,,,,,,,,,,,,,,,,,,
José Sá,903b6e8b,449,ptPOR,GK,Wolves,29.0,1993.0,36,36,3240.0,36.0,0.0,0.0,0.0,0.0,0.0,0.0,2,0,0.0,0.0,0.0,0.0,0.0,Matches,2022-2023,EPL,,0.0,,,,,,,,,,,0.0,,,,,,,,,,,,,,,,,,,,,,,0.0,0.0,,0.0,0.0,,,36.0,36.0,3240.0,55.0,1.53,157.0,106.0,66.2,11.0,7.0,18.0,11.0,30.6,4.0,2.0,2.0,0.0,50.0
Marcel Sabitzer,e280527c,450,atAUT,MF,Manchester Utd,28.0,1994.0,11,7,627.0,7.0,0.0,1.0,1.0,0.0,0.0,0.0,1,0,0.0,0.14,0.14,0.0,0.14,Matches,2022-2023,EPL,,8.0,,,,,,,,,,,6.0,,,,,,,,,,,,,,,,,,,,,,,11.0,3.0,27.3,1.58,0.43,0.0,0.0,,,,,,,,,,,,,,,,,,
Allan Saint-Maximin,2b16cb1a,451,frFRA,FW,Newcastle United,25.0,1997.0,25,12,1120.0,12.4,1.0,5.0,6.0,1.0,0.0,0.0,1,0,0.08,0.4,0.48,0.08,0.48,Matches,2022-2023,EPL,,4.0,,,,,,,,,,,4.0,,,,,,,,,,,,,,,,,,,,,,,28.0,13.0,46.4,2.25,1.04,0.04,0.08,,,,,,,,,,,,,,,,,,
Bukayo Saka,bc7dc64d,452,engENG,"FW,MF",Arsenal,20.0,2001.0,38,37,3181.0,35.3,14.0,11.0,25.0,12.0,2.0,3.0,6,0,0.4,0.31,0.71,0.34,0.65,Matches,2022-2023,EPL,,33.0,,,,,,,,,,,11.0,,,,,,,,,,,,,,,,,,,,,,,89.0,32.0,36.0,2.52,0.91,0.13,0.38,,,,,,,,,,,,,,,,,,
Mohamed Salah,e342ad68,453,egEGY,FW,Liverpool,30.0,1992.0,38,37,3290.0,36.6,19.0,12.0,31.0,17.0,2.0,4.0,2,0,0.52,0.33,0.85,0.47,0.79,Matches,2022-2023,EPL,,12.0,,,,,,,,,,,6.0,,,,,,,,,,,,,,,,,,,,,,,125.0,47.0,37.6,3.42,1.29,0.14,0.36,,,,,,,,,,,,,,,,,,
William Saliba,972aeb2a,454,frFRA,DF,Arsenal,21.0,2001.0,27,27,2415.0,26.8,2.0,1.0,3.0,2.0,0.0,0.0,4,0,0.07,0.04,0.11,0.07,0.11,Matches,2022-2023,EPL,,19.0,,,,,,,,,,,18.0,,,,,,,,,,,,,,,,,,,,,,,6.0,3.0,50.0,0.22,0.11,0.33,0.67,,,,,,,,,,,,,,,,,,
Mohammed Salisu,0b33f6ad,455,ghGHA,DF,Southampton,23.0,1999.0,22,21,1973.0,21.9,0.0,1.0,1.0,0.0,0.0,0.0,5,0,0.0,0.05,0.05,0.0,0.05,Matches,2022-2023,EPL,,31.0,,,,,,,,,,,30.0,,,,,,,,,,,,,,,,,,,,,,,19.0,5.0,26.3,0.87,0.23,0.0,0.0,,,,,,,,,,,,,,,,,,
Albert Sambi Lokonga,1b4f1169,456,beBEL,MF,Arsenal,22.0,1999.0,6,2,198.0,2.2,0.0,0.0,0.0,0.0,0.0,0.0,0,0,0.0,0.0,0.0,0.0,0.0,Matches,2022-2023,EPL,,1.0,,,,,,,,,,,4.0,,,,,,,,,,,,,,,,,,,,,,,0.0,0.0,,0.0,0.0,,,,,,,,,,,,,,,,,,,,
Albert Sambi Lokonga,1b4f1169,457,beBEL,MF,Crystal Palace,22.0,1999.0,9,6,536.0,6.0,0.0,0.0,0.0,0.0,0.0,0.0,2,0,0.0,0.0,0.0,0.0,0.0,Matches,2022-2023,EPL,,10.0,,,,,,,,,,,5.0,,,,,,,,,,,,,,,,,,,,,,,2.0,1.0,50.0,0.34,0.17,0.0,0.0,,,,,,,,,,,,,,,,,,
Davinson Sánchez,da7b447d,458,coCOL,DF,Tottenham Hotspur,26.0,1996.0,18,8,858.0,9.5,0.0,0.0,0.0,0.0,0.0,0.0,1,0,0.0,0.0,0.0,0.0,0.0,Matches,2022-2023,EPL,,10.0,,,,,,,,,,,12.0,,,,,,,,,,,,,,,,,,,,,,,6.0,2.0,33.3,0.63,0.21,0.0,0.0,,,,,,,,,,,,,,,,,,
Robert Sánchez,6a713852,459,esESP,GK,Brighton,24.0,1997.0,23,23,2070.0,23.0,0.0,0.0,0.0,0.0,0.0,0.0,2,0,0.0,0.0,0.0,0.0,0.0,Matches,2022-2023,EPL,,0.0,,,,,,,,,,,3.0,,,,,,,,,,,,,,,,,,,,,,,0.0,0.0,,0.0,0.0,,,23.0,23.0,2070.0,30.0,1.3,71.0,47.0,64.8,11.0,5.0,7.0,6.0,26.1,6.0,5.0,1.0,0.0,16.7
Jadon Sancho,dbf053da,460,engENG,MF,Manchester Utd,22.0,2000.0,26,21,1686.0,18.7,6.0,3.0,9.0,6.0,0.0,0.0,0,0,0.32,0.16,0.48,0.32,0.48,Matches,2022-2023,EPL,,9.0,,,,,,,,,,,5.0,,,,,,,,,,,,,,,,,,,,,,,21.0,11.0,52.4,1.12,0.59,0.29,0.55,,,,,,,,,,,,,,,,,,
Morgan Sanson,6e7f1353,461,frFRA,MF,Aston Villa,27.0,1994.0,2,0,11.0,0.1,0.0,0.0,0.0,0.0,0.0,0.0,0,0,0.0,0.0,0.0,0.0,0.0,Matches,2022-2023,EPL,,1.0,,,,,,,,,,,0.0,,,,,,,,,,,,,,,,,,,,,,,0.0,0.0,,0.0,0.0,,,,,,,,,,,,,,,,,,,,
Pablo Sarabia,9744ff80,462,esESP,"MF,FW",Wolves,30.0,1992.0,13,9,765.0,8.5,1.0,0.0,1.0,1.0,0.0,0.0,3,0,0.12,0.0,0.12,0.12,0.12,Matches,2022-2023,EPL,,6.0,,,,,,,,,,,1.0,,,,,,,,,,,,,,,,,,,,,,,20.0,5.0,25.0,2.35,0.59,0.05,0.2,,,,,,,,,,,,,,,,,,
Jeremy Sarmiento,ac0d576d,463,ecECU,MF,Brighton,20.0,2002.0,9,1,176.0,2.0,0.0,1.0,1.0,0.0,0.0,0.0,1,0,0.0,0.51,0.51,0.0,0.51,Matches,2022-2023,EPL,,3.0,,,,,,,,,,,1.0,,,,,,,,,,,,,,,,,,,,,,,5.0,2.0,40.0,2.56,1.02,0.0,0.0,,,,,,,,,,,,,,,,,,
Gianluca Scamacca,8790f988,464,itITA,FW,West Ham United,23.0,1999.0,16,11,926.0,10.3,3.0,0.0,3.0,3.0,0.0,0.0,3,0,0.29,0.0,0.29,0.29,0.29,Matches,2022-2023,EPL,,4.0,,,,,,,,,,,5.0,,,,,,,,,,,,,,,,,,,,,,,30.0,10.0,33.3,2.92,0.97,0.1,0.3,,,,,,,,,,,,,,,,,,
Gustavo Scarpa,2964fd20,465,brBRA,MF,Nottingham Forest,28.0,1994.0,6,2,181.0,2.0,0.0,0.0,0.0,0.0,0.0,0.0,1,0,0.0,0.0,0.0,0.0,0.0,Matches,2022-2023,EPL,,2.0,,,,,,,,,,,0.0,,,,,,,,,,,,,,,,,,,,,,,7.0,1.0,14.3,3.48,0.5,0.0,0.0,,,,,,,,,,,,,,,,,,
Kevin Schade,52afb588,466,deGER,FW,Brentford,20.0,2001.0,18,7,732.0,8.1,0.0,1.0,1.0,0.0,0.0,0.0,2,0,0.0,0.12,0.12,0.0,0.12,Matches,2022-2023,EPL,,9.0,,,,,,,,,,,4.0,,,,,,,,,,,,,,,,,,,,,,,12.0,4.0,33.3,1.48,0.49,0.0,0.0,,,,,,,,,,,,,,,,,,
Fabian Schär,c8aa95da,467,chSUI,DF,Newcastle United,30.0,1991.0,36,36,3206.0,35.6,1.0,3.0,4.0,1.0,0.0,0.0,7,0,0.03,0.08,0.11,0.03,0.11,Matches,2022-2023,EPL,,21.0,,,,,,,,,,,51.0,,,,,,,,,,,,,,,,,,,,,,,56.0,15.0,26.8,1.57,0.42,0.02,0.07,,,,,,,,,,,,,,,,,,
Jeffrey Schlupp,3312f911,468,ghGHA,MF,Crystal Palace,29.0,1992.0,34,30,2531.0,28.1,3.0,1.0,4.0,3.0,0.0,0.0,7,0,0.11,0.04,0.14,0.11,0.14,Matches,2022-2023,EPL,,46.0,,,,,,,,,,,23.0,,,,,,,,,,,,,,,,,,,,,,,28.0,9.0,32.1,1.0,0.32,0.11,0.33,,,,,,,,,,,,,,,,,,
Nélson Semedo,d04b94db,469,ptPOR,DF,Wolves,28.0,1993.0,36,31,2632.0,29.2,0.0,1.0,1.0,0.0,0.0,0.0,11,1,0.0,0.03,0.03,0.0,0.03,Matches,2022-2023,EPL,,42.0,,,,,,,,,,,26.0,,,,,,,,,,,,,,,,,,,,,,,9.0,0.0,0.0,0.31,0.0,0.0,,,,,,,,,,,,,,,,,,,
Antoine Semenyo,efd2ec23,470,ghGHA,"MF,FW",Bournemouth,22.0,2000.0,11,2,258.0,2.9,1.0,0.0,1.0,1.0,0.0,0.0,0,0,0.35,0.0,0.35,0.35,0.35,Matches,2022-2023,EPL,,0.0,,,,,,,,,,,2.0,,,,,,,,,,,,,,,,,,,,,,,3.0,1.0,33.3,1.05,0.35,0.33,1.0,,,,,,,,,,,,,,,,,,
Marcos Senesi,35141f4c,471,arARG,DF,Bournemouth,25.0,1997.0,31,29,2491.0,27.7,2.0,0.0,2.0,2.0,0.0,0.0,7,0,0.07,0.0,0.07,0.07,0.07,Matches,2022-2023,EPL,,33.0,,,,,,,,,,,42.0,,,,,,,,,,,,,,,,,,,,,,,8.0,3.0,37.5,0.29,0.11,0.25,0.67,,,,,,,,,,,,,,,,,,
Ryan Sessegnon,6aa3e78b,472,engENG,"MF,DF",Tottenham Hotspur,22.0,2000.0,17,9,813.0,9.0,2.0,0.0,2.0,2.0,0.0,0.0,4,0,0.22,0.0,0.22,0.22,0.22,Matches,2022-2023,EPL,,12.0,,,,,,,,,,,6.0,,,,,,,,,,,,,,,,,,,,,,,18.0,6.0,33.3,1.99,0.66,0.11,0.33,,,,,,,,,,,,,,,,,,
Luke Shaw,9c94165b,473,engENG,DF,Manchester Utd,27.0,1995.0,31,30,2552.0,28.4,1.0,2.0,3.0,1.0,0.0,0.0,8,0,0.04,0.07,0.11,0.04,0.11,Matches,2022-2023,EPL,,36.0,,,,,,,,,,,35.0,,,,,,,,,,,,,,,,,,,,,,,14.0,4.0,28.6,0.49,0.14,0.07,0.25,,,,,,,,,,,,,,,,,,
Jonjo Shelvey,3727dd3c,474,engENG,MF,Newcastle United,30.0,1992.0,3,0,37.0,0.4,0.0,0.0,0.0,0.0,0.0,0.0,0,0,0.0,0.0,0.0,0.0,0.0,Matches,2022-2023,EPL,,0.0,,,,,,,,,,,0.0,,,,,,,,,,,,,,,,,,,,,,,0.0,0.0,,0.0,0.0,,,,,,,,,,,,,,,,,,,,
Jonjo Shelvey,3727dd3c,475,engENG,MF,Nottingham Forest,30.0,1992.0,8,6,540.0,6.0,0.0,0.0,0.0,0.0,0.0,0.0,2,0,0.0,0.0,0.0,0.0,0.0,Matches,2022-2023,EPL,,1.0,,,,,,,,,,,5.0,,,,,,,,,,,,,,,,,,,,,,,6.0,0.0,0.0,1.0,0.0,0.0,,,,,,,,,,,,,,,,,,,
Bernardo Silva,3eb22ec9,476,ptPOR,"MF,FW",Manchester City,27.0,1994.0,34,24,2205.0,24.5,4.0,5.0,9.0,4.0,0.0,0.0,5,0,0.16,0.2,0.37,0.16,0.37,Matches,2022-2023,EPL,,25.0,,,,,,,,,,,14.0,,,,,,,,,,,,,,,,,,,,,,,25.0,10.0,40.0,1.02,0.41,0.16,0.4,,,,,,,,,,,,,,,,,,
Thiago Silva,86e7deaf,477,brBRA,DF,Chelsea,37.0,1984.0,27,26,2352.0,26.1,0.0,2.0,2.0,0.0,0.0,0.0,2,0,0.0,0.08,0.08,0.0,0.08,Matches,2022-2023,EPL,,25.0,,,,,,,,,,,34.0,,,,,,,,,,,,,,,,,,,,,,,15.0,2.0,13.3,0.57,0.08,0.0,0.0,,,,,,,,,,,,,,,,,,
Ellis Simms,26d3b5be,478,engENG,FW,Everton,21.0,2001.0,11,2,228.0,2.5,1.0,0.0,1.0,1.0,0.0,0.0,0,0,0.39,0.0,0.39,0.39,0.39,Matches,2022-2023,EPL,,0.0,,,,,,,,,,,0.0,,,,,,,,,,,,,,,,,,,,,,,8.0,1.0,12.5,3.16,0.39,0.13,1.0,,,,,,,,,,,,,,,,,,
Luis Sinisterra,8e16dd48,479,coCOL,MF,Leeds United,23.0,1999.0,19,13,867.0,9.6,5.0,0.0,5.0,5.0,0.0,0.0,3,1,0.52,0.0,0.52,0.52,0.52,Matches,2022-2023,EPL,,14.0,,,,,,,,,,,7.0,,,,,,,,,,,,,,,,,,,,,,,28.0,11.0,39.3,2.91,1.14,0.18,0.45,,,,,,,,,,,,,,,,,,
Oliver Skipp,6250083a,480,engENG,MF,Tottenham Hotspur,21.0,2000.0,23,18,1491.0,16.6,1.0,0.0,1.0,1.0,0.0,0.0,7,0,0.06,0.0,0.06,0.06,0.06,Matches,2022-2023,EPL,,16.0,,,,,,,,,,,17.0,,,,,,,,,,,,,,,,,,,,,,,7.0,3.0,42.9,0.42,0.18,0.14,0.33,,,,,,,,,,,,,,,,,,
Adam Smith,20b104bc,481,engENG,DF,Bournemouth,31.0,1991.0,37,34,2943.0,32.7,0.0,1.0,1.0,0.0,0.0,0.0,11,0,0.0,0.03,0.03,0.0,0.03,Matches,2022-2023,EPL,,28.0,,,,,,,,,,,26.0,,,,,,,,,,,,,,,,,,,,,,,5.0,1.0,20.0,0.15,0.03,0.0,0.0,,,,,,,,,,,,,,,,,,
Emile Smith Rowe,17695062,482,engENG,MF,Arsenal,22.0,2000.0,12,0,172.0,1.9,0.0,2.0,2.0,0.0,0.0,0.0,0,0,0.0,1.05,1.05,0.0,1.05,Matches,2022-2023,EPL,,1.0,,,,,,,,,,,0.0,,,,,,,,,,,,,,,,,,,,,,,4.0,1.0,25.0,2.09,0.52,0.0,0.0,,,,,,,,,,,,,,,,,,
Cédric Soares,839c14e1,483,ptPOR,"DF,MF",Arsenal,30.0,1991.0,2,0,29.0,0.3,0.0,0.0,0.0,0.0,0.0,0.0,0,0,0.0,0.0,0.0,0.0,0.0,Matches,2022-2023,EPL,,0.0,,,,,,,,,,,0.0,,,,,,,,,,,,,,,,,,,,,,,0.0,0.0,,0.0,0.0,,,,,,,,,,,,,,,,,,,,
Cédric Soares,839c14e1,484,ptPOR,DF,Fulham,30.0,1991.0,6,2,198.0,2.2,0.0,0.0,0.0,0.0,0.0,0.0,0,0,0.0,0.0,0.0,0.0,0.0,Matches,2022-2023,EPL,,5.0,,,,,,,,,,,1.0,,,,,,,,,,,,,,,,,,,,,,,2.0,0.0,0.0,0.91,0.0,0.0,,,,,,,,,,,,,,,,,,,
Dominic Solanke,e77dc3b2,485,engENG,FW,Bournemouth,24.0,1997.0,33,32,2860.0,31.8,6.0,7.0,13.0,6.0,0.0,0.0,2,0,0.19,0.22,0.41,0.19,0.41,Matches,2022-2023,EPL,,9.0,,,,,,,,,,,6.0,,,,,,,,,,,,,,,,,,,,,,,76.0,29.0,38.2,2.39,0.91,0.08,0.21,,,,,,,,,,,,,,,,,,
Manor Solomon,886f9aac,486,ilISR,MF,Fulham,23.0,1999.0,19,4,572.0,6.4,4.0,0.0,4.0,4.0,0.0,0.0,0,0,0.63,0.0,0.63,0.63,0.63,Matches,2022-2023,EPL,,12.0,,,,,,,,,,,5.0,,,,,,,,,,,,,,,,,,,,,,,11.0,7.0,63.6,1.73,1.1,0.36,0.57,,,,,,,,,,,,,,,,,,
Tomáš Souček,6613c819,487,czCZE,MF,West Ham United,27.0,1995.0,36,32,2815.0,31.3,2.0,3.0,5.0,2.0,0.0,0.0,3,0,0.06,0.1,0.16,0.06,0.16,Matches,2022-2023,EPL,,41.0,,,,,,,,,,,58.0,,,,,,,,,,,,,,,,,,,,,,,34.0,13.0,38.2,1.09,0.42,0.06,0.15,,,,,,,,,,,,,,,,,,
Boubakary Soumaré,ae59b359,488,frFRA,MF,Leicester City,23.0,1999.0,26,20,1629.0,18.1,0.0,0.0,0.0,0.0,0.0,0.0,9,0,0.0,0.0,0.0,0.0,0.0,Matches,2022-2023,EPL,,34.0,,,,,,,,,,,31.0,,,,,,,,,,,,,,,,,,,,,,,1.0,0.0,0.0,0.06,0.0,0.0,,,,,,,,,,,,,,,,,,,
Harry Souttar,0a6cb1b1,489,auAUS,DF,Leicester City,23.0,1998.0,12,11,992.0,11.0,0.0,1.0,1.0,0.0,0.0,0.0,2,0,0.0,0.09,0.09,0.0,0.09,Matches,2022-2023,EPL,,10.0,,,,,,,,,,,10.0,,,,,,,,,,,,,,,,,,,,,,,8.0,2.0,25.0,0.73,0.18,0.0,0.0,,,,,,,,,,,,,,,,,,
Çağlar Söyüncü,21166ff4,490,trTUR,DF,Leicester City,26.0,1996.0,7,6,529.0,5.9,1.0,0.0,1.0,1.0,0.0,0.0,2,0,0.17,0.0,0.17,0.17,0.17,Matches,2022-2023,EPL,,9.0,,,,,,,,,,,7.0,,,,,,,,,,,,,,,,,,,,,,,5.0,2.0,40.0,0.85,0.34,0.2,0.5,,,,,,,,,,,,,,,,,,
Djed Spence,9bc9a519,491,engENG,"DF,MF",Tottenham Hotspur,21.0,2000.0,4,0,7.0,0.1,0.0,0.0,0.0,0.0,0.0,0.0,0,0,0.0,0.0,0.0,0.0,0.0,Matches,2022-2023,EPL,,0.0,,,,,,,,,,,0.0,,,,,,,,,,,,,,,,,,,,,,,1.0,1.0,100.0,12.86,12.86,0.0,0.0,,,,,,,,,,,,,,,,,,
Jack Stacey,558807c0,492,engENG,"DF,MF",Bournemouth,26.0,1996.0,10,3,299.0,3.3,0.0,0.0,0.0,0.0,0.0,0.0,2,0,0.0,0.0,0.0,0.0,0.0,Matches,2022-2023,EPL,,4.0,,,,,,,,,,,5.0,,,,,,,,,,,,,,,,,,,,,,,1.0,0.0,0.0,0.3,0.0,0.0,,,,,,,,,,,,,,,,,,,
Junior Stanislas,6992791d,493,engENG,MF,Bournemouth,32.0,1989.0,4,0,61.0,0.7,0.0,0.0,0.0,0.0,0.0,0.0,0,0,0.0,0.0,0.0,0.0,0.0,Matches,2022-2023,EPL,,0.0,,,,,,,,,,,0.0,,,,,,,,,,,,,,,,,,,,,,,1.0,0.0,0.0,1.48,0.0,0.0,,,,,,,,,,,,,,,,,,,
Jay Stansfield,b2626673,494,engENG,MF,Fulham,19.0,2002.0,3,1,87.0,1.0,0.0,0.0,0.0,0.0,0.0,0.0,0,0,0.0,0.0,0.0,0.0,0.0,Matches,2022-2023,EPL,,0.0,,,,,,,,,,,1.0,,,,,,,,,,,,,,,,,,,,,,,2.0,0.0,0.0,2.07,0.0,0.0,,,,,,,,,,,,,,,,,,,
Jason Steele,28300a16,495,engENG,GK,Brighton,31.0,1990.0,15,15,1350.0,15.0,0.0,1.0,1.0,0.0,0.0,0.0,1,0,0.0,0.07,0.07,0.0,0.07,Matches,2022-2023,EPL,,0.0,,,,,,,,,,,0.0,,,,,,,,,,,,,,,,,,,,,,,0.0,0.0,,0.0,0.0,,,15.0,15.0,1350.0,23.0,1.53,57.0,36.0,61.4,7.0,3.0,5.0,6.0,40.0,2.0,1.0,1.0,0.0,50.0
Jack Stephens,6adbc307,496,engENG,DF,Southampton,28.0,1994.0,2,0,46.0,0.5,0.0,0.0,0.0,0.0,0.0,0.0,0,0,0.0,0.0,0.0,0.0,0.0,Matches,2022-2023,EPL,,2.0,,,,,,,,,,,1.0,,,,,,,,,,,,,,,,,,,,,,,0.0,0.0,,0.0,0.0,,,,,,,,,,,,,,,,,,,,
Jack Stephens,6adbc307,497,engENG,DF,Bournemouth,28.0,1994.0,15,13,1173.0,13.0,0.0,0.0,0.0,0.0,0.0,0.0,3,0,0.0,0.0,0.0,0.0,0.0,Matches,2022-2023,EPL,,11.0,,,,,,,,,,,16.0,,,,,,,,,,,,,,,,,,,,,,,2.0,1.0,50.0,0.15,0.08,0.0,0.0,,,,,,,,,,,,,,,,,,
Raheem Sterling,b400bde0,498,engENG,"FW,MF",Chelsea,27.0,1994.0,28,23,1891.0,21.0,6.0,3.0,9.0,6.0,0.0,0.0,4,0,0.29,0.14,0.43,0.29,0.43,Matches,2022-2023,EPL,,10.0,,,,,,,,,,,0.0,,,,,,,,,,,,,,,,,,,,,,,42.0,17.0,40.5,2.0,0.81,0.14,0.35,,,,,,,,,,,,,,,,,,
John Stones,5eecec3d,499,engENG,"DF,MF",Manchester City,28.0,1994.0,23,21,1846.0,20.5,2.0,2.0,4.0,2.0,0.0,0.0,2,0,0.1,0.1,0.2,0.1,0.2,Matches,2022-2023,EPL,,14.0,,,,,,,,,,,8.0,,,,,,,,,,,,,,,,,,,,,,,11.0,3.0,27.3,0.54,0.15,0.18,0.67,,,,,,,,,,,,,,,,,,
Pascal Struijk,f4d296e4,500,nlNED,DF,Leeds United,22.0,1999.0,29,26,2200.0,24.4,2.0,1.0,3.0,2.0,0.0,0.0,5,0,0.08,0.04,0.12,0.08,0.12,Matches,2022-2023,EPL,,60.0,,,,,,,,,,,34.0,,,,,,,,,,,,,,,,,,,,,,,16.0,7.0,43.8,0.65,0.29,0.13,0.29,,,,,,,,,,,,,,,,,,
Kamaldeen Sulemana,a62f8bf1,501,ghGHA,"FW,MF",Southampton,20.0,2002.0,18,10,966.0,10.7,2.0,1.0,3.0,2.0,0.0,0.0,1,0,0.19,0.09,0.28,0.19,0.28,Matches,2022-2023,EPL,,9.0,,,,,,,,,,,6.0,,,,,,,,,,,,,,,,,,,,,,,25.0,7.0,28.0,2.33,0.65,0.08,0.29,,,,,,,,,,,,,,,,,,
Crysencio Summerville,df04eb4b,502,nlNED,"MF,FW",Leeds United,20.0,2001.0,28,12,1426.0,15.8,4.0,2.0,6.0,4.0,0.0,0.0,4,0,0.25,0.13,0.38,0.25,0.38,Matches,2022-2023,EPL,,21.0,,,,,,,,,,,13.0,,,,,,,,,,,,,,,,,,,,,,,29.0,9.0,31.0,1.83,0.57,0.14,0.44,,,,,,,,,,,,,,,,,,
Sam Surridge,b017b770,503,engENG,FW,Nottingham Forest,24.0,1998.0,20,1,323.0,3.6,1.0,0.0,1.0,1.0,0.0,0.0,2,0,0.28,0.0,0.28,0.28,0.28,Matches,2022-2023,EPL,,2.0,,,,,,,,,,,0.0,,,,,,,,,,,,,,,,,,,,,,,9.0,2.0,22.2,2.51,0.56,0.11,0.5,,,,,,,,,,,,,,,,,,
Japhet Tanganga,e9971f2d,504,engENG,DF,Tottenham Hotspur,23.0,1999.0,4,2,146.0,1.6,0.0,0.0,0.0,0.0,0.0,0.0,0,0,0.0,0.0,0.0,0.0,0.0,Matches,2022-2023,EPL,,2.0,,,,,,,,,,,2.0,,,,,,,,,,,,,,,,,,,,,,,0.0,0.0,,0.0,0.0,,,,,,,,,,,,,,,,,,,,
Matt Targett,e514ab62,505,engENG,DF,Newcastle United,26.0,1995.0,17,6,610.0,6.8,0.0,0.0,0.0,0.0,0.0,0.0,1,0,0.0,0.0,0.0,0.0,0.0,Matches,2022-2023,EPL,,10.0,,,,,,,,,,,10.0,,,,,,,,,,,,,,,,,,,,,,,1.0,0.0,0.0,0.15,0.0,0.0,,,,,,,,,,,,,,,,,,,
James Tarkowski,15ea812b,506,engENG,DF,Everton,29.0,1992.0,38,38,3420.0,38.0,1.0,1.0,2.0,1.0,0.0,0.0,6,0,0.03,0.03,0.05,0.03,0.05,Matches,2022-2023,EPL,,29.0,,,,,,,,,,,49.0,,,,,,,,,,,,,,,,,,,,,,,32.0,9.0,28.1,0.84,0.24,0.03,0.11,,,,,,,,,,,,,,,,,,
Marcus Tavernier,5c0da4a4,507,engENG,MF,Bournemouth,23.0,1999.0,23,19,1743.0,19.4,5.0,4.0,9.0,5.0,0.0,0.0,1,0,0.26,0.21,0.46,0.26,0.46,Matches,2022-2023,EPL,,22.0,,,,,,,,,,,8.0,,,,,,,,,,,,,,,,,,,,,,,37.0,15.0,40.5,1.91,0.77,0.14,0.33,,,,,,,,,,,,,,,,,,
Tetê,7120a04d,508,brBRA,"MF,FW",Leicester City,22.0,2000.0,13,9,734.0,8.2,1.0,0.0,1.0,1.0,0.0,0.0,0,0,0.12,0.0,0.12,0.12,0.12,Matches,2022-2023,EPL,,8.0,,,,,,,,,,,2.0,,,,,,,,,,,,,,,,,,,,,,,15.0,2.0,13.3,1.84,0.25,0.07,0.5,,,,,,,,,,,,,,,,,,
Kenny Tete,77d7c96f,509,nlNED,DF,Fulham,26.0,1995.0,31,29,2569.0,28.5,1.0,5.0,6.0,1.0,0.0,0.0,8,0,0.04,0.18,0.21,0.04,0.21,Matches,2022-2023,EPL,,49.0,,,,,,,,,,,51.0,,,,,,,,,,,,,,,,,,,,,,,13.0,5.0,38.5,0.46,0.18,0.08,0.2,,,,,,,,,,,,,,,,,,
Luke Thomas,fc027d02,510,engENG,DF,Leicester City,21.0,2001.0,17,11,1073.0,11.9,0.0,0.0,0.0,0.0,0.0,0.0,3,0,0.0,0.0,0.0,0.0,0.0,Matches,2022-2023,EPL,,18.0,,,,,,,,,,,27.0,,,,,,,,,,,,,,,,,,,,,,,3.0,0.0,0.0,0.25,0.0,0.0,,,,,,,,,,,,,,,,,,,
Youri Tielemans,56f7a928,511,beBEL,MF,Leicester City,25.0,1997.0,31,27,2344.0,26.0,3.0,2.0,5.0,2.0,1.0,2.0,4,0,0.12,0.08,0.19,0.08,0.15,Matches,2022-2023,EPL,,41.0,,,,,,,,,,,29.0,,,,,,,,,,,,,,,,,,,,,,,31.0,10.0,32.3,1.19,0.38,0.06,0.2,,,,,,,,,,,,,,,,,,
Kieran Tierney,fce2302c,512,sctSCO,DF,Arsenal,25.0,1997.0,27,6,795.0,8.8,0.0,1.0,1.0,0.0,0.0,0.0,0,0,0.0,0.11,0.11,0.0,0.11,Matches,2022-2023,EPL,,10.0,,,,,,,,,,,10.0,,,,,,,,,,,,,,,,,,,,,,,7.0,2.0,28.6,0.79,0.23,0.0,0.0,,,,,,,,,,,,,,,,,,
Harry Toffolo,a105d46a,513,engENG,"DF,MF",Nottingham Forest,26.0,1995.0,19,9,940.0,10.4,0.0,0.0,0.0,0.0,0.0,0.0,2,0,0.0,0.0,0.0,0.0,0.0,Matches,2022-2023,EPL,,8.0,,,,,,,,,,,7.0,,,,,,,,,,,,,,,,,,,,,,,6.0,2.0,33.3,0.57,0.19,0.0,0.0,,,,,,,,,,,,,,,,,,
Takehiro Tomiyasu,b3af9be1,514,jpJPN,DF,Arsenal,23.0,1998.0,21,6,663.0,7.4,0.0,1.0,1.0,0.0,0.0,0.0,2,0,0.0,0.14,0.14,0.0,0.14,Matches,2022-2023,EPL,,19.0,,,,,,,,,,,12.0,,,,,,,,,,,,,,,,,,,,,,,3.0,0.0,0.0,0.41,0.0,0.0,,,,,,,,,,,,,,,,,,,
James Tomkins,e7ca0439,515,engENG,DF,Crystal Palace,33.0,1989.0,6,3,338.0,3.8,1.0,0.0,1.0,1.0,0.0,0.0,3,1,0.27,0.0,0.27,0.27,0.27,Matches,2022-2023,EPL,,3.0,,,,,,,,,,,6.0,,,,,,,,,,,,,,,,,,,,,,,3.0,2.0,66.7,0.8,0.53,0.33,0.5,,,,,,,,,,,,,,,,,,
Ivan Toney,e09f279b,516,engENG,FW,Brentford,26.0,1996.0,33,33,2951.0,32.8,20.0,4.0,24.0,14.0,6.0,7.0,9,0,0.61,0.12,0.73,0.43,0.55,Matches,2022-2023,EPL,,11.0,,,,,,,,,,,15.0,,,,,,,,,,,,,,,,,,,,,,,94.0,42.0,44.7,2.87,1.28,0.15,0.33,,,,,,,,,,,,,,,,,,
Adama Traoré,9a28eba4,517,esESP,"MF,FW",Wolves,26.0,1996.0,34,12,1496.0,16.6,2.0,1.0,3.0,2.0,0.0,0.0,2,0,0.12,0.06,0.18,0.12,0.18,Matches,2022-2023,EPL,,7.0,,,,,,,,,,,3.0,,,,,,,,,,,,,,,,,,,,,,,19.0,8.0,42.1,1.14,0.48,0.11,0.25,,,,,,,,,,,,,,,,,,
Bertrand Traoré,c47541e0,518,bfBFA,MF,Aston Villa,26.0,1995.0,8,1,233.0,2.6,2.0,0.0,2.0,2.0,0.0,0.0,1,0,0.77,0.0,0.77,0.77,0.77,Matches,2022-2023,EPL,,1.0,,,,,,,,,,,2.0,,,,,,,,,,,,,,,,,,,,,,,9.0,3.0,33.3,3.48,1.16,0.22,0.67,,,,,,,,,,,,,,,,,,
Boubacar Traoré,999ceb5f,519,mlMLI,MF,Wolves,20.0,2001.0,10,4,411.0,4.6,0.0,1.0,1.0,0.0,0.0,0.0,2,0,0.0,0.22,0.22,0.0,0.22,Matches,2022-2023,EPL,,6.0,,,,,,,,,,,7.0,,,,,,,,,,,,,,,,,,,,,,,3.0,0.0,0.0,0.66,0.0,0.0,,,,,,,,,,,,,,,,,,,
Mark Travers,fe558029,520,ieIRL,GK,Bournemouth,23.0,1999.0,12,11,1035.0,11.5,0.0,0.0,0.0,0.0,0.0,0.0,0,0,0.0,0.0,0.0,0.0,0.0,Matches,2022-2023,EPL,,0.0,,,,,,,,,,,0.0,,,,,,,,,,,,,,,,,,,,,,,0.0,0.0,,0.0,0.0,,,12.0,11.0,1035.0,32.0,2.78,66.0,36.0,54.5,2.0,0.0,9.0,2.0,18.2,2.0,2.0,0.0,0.0,0.0
Kieran Trippier,21512407,521,engENG,DF,Newcastle United,31.0,1990.0,38,38,3341.0,37.1,1.0,7.0,8.0,1.0,0.0,0.0,5,0,0.03,0.19,0.22,0.03,0.22,Matches,2022-2023,EPL,,48.0,,,,,,,,,,,43.0,,,,,,,,,,,,,,,,,,,,,,,14.0,4.0,28.6,0.38,0.11,0.07,0.25,,,,,,,,,,,,,,,,,,
Leandro Trossard,38ceb24a,522,beBEL,FW,Arsenal,27.0,1994.0,20,10,931.0,10.3,1.0,10.0,11.0,1.0,0.0,0.0,0,0,0.1,0.97,1.06,0.1,1.06,Matches,2022-2023,EPL,,6.0,,,,,,,,,,,5.0,,,,,,,,,,,,,,,,,,,,,,,17.0,5.0,29.4,1.64,0.48,0.06,0.2,,,,,,,,,,,,,,,,,,
Leandro Trossard,38ceb24a,523,beBEL,"MF,FW",Brighton,27.0,1994.0,16,16,1315.0,14.6,7.0,2.0,9.0,7.0,0.0,0.0,1,0,0.48,0.14,0.62,0.48,0.62,Matches,2022-2023,EPL,,4.0,,,,,,,,,,,5.0,,,,,,,,,,,,,,,,,,,,,,,38.0,18.0,47.4,2.6,1.23,0.18,0.39,,,,,,,,,,,,,,,,,,
Kostas Tsimikas,f315ca93,524,grGRE,DF,Liverpool,26.0,1996.0,20,9,771.0,8.6,0.0,4.0,4.0,0.0,0.0,0.0,3,0,0.0,0.47,0.47,0.0,0.47,Matches,2022-2023,EPL,,9.0,,,,,,,,,,,11.0,,,,,,,,,,,,,,,,,,,,,,,7.0,2.0,28.6,0.82,0.23,0.0,0.0,,,,,,,,,,,,,,,,,,
Deniz Undav,dd549382,525,deGER,"MF,FW",Brighton,26.0,1996.0,22,6,628.0,7.0,5.0,0.0,5.0,5.0,0.0,0.0,2,0,0.72,0.0,0.72,0.72,0.72,Matches,2022-2023,EPL,,4.0,,,,,,,,,,,1.0,,,,,,,,,,,,,,,,,,,,,,,27.0,12.0,44.4,3.87,1.72,0.19,0.42,,,,,,,,,,,,,,,,,,
Yan Valery,531a4aa8,526,tnTUN,DF,Southampton,23.0,1999.0,1,1,45.0,0.5,0.0,0.0,0.0,0.0,0.0,0.0,0,0,0.0,0.0,0.0,0.0,0.0,Matches,2022-2023,EPL,,0.0,,,,,,,,,,,0.0,,,,,,,,,,,,,,,,,,,,,,,0.0,0.0,,0.0,0.0,,,,,,,,,,,,,,,,,,,,
Virgil van Dijk,e06683ca,527,nlNED,DF,Liverpool,31.0,1991.0,32,32,2835.0,31.5,3.0,1.0,4.0,3.0,0.0,0.0,3,0,0.1,0.03,0.13,0.1,0.13,Matches,2022-2023,EPL,,14.0,,,,,,,,,,,26.0,,,,,,,,,,,,,,,,,,,,,,,30.0,10.0,33.3,0.95,0.32,0.1,0.3,,,,,,,,,,,,,,,,,,
Raphaël Varane,9f8e9423,528,frFRA,DF,Manchester Utd,29.0,1993.0,24,22,1911.0,21.2,0.0,0.0,0.0,0.0,0.0,0.0,1,0,0.0,0.0,0.0,0.0,0.0,Matches,2022-2023,EPL,,10.0,,,,,,,,,,,9.0,,,,,,,,,,,,,,,,,,,,,,,8.0,4.0,50.0,0.38,0.19,0.0,0.0,,,,,,,,,,,,,,,,,,
Jamie Vardy,45963054,529,engENG,FW,Leicester City,35.0,1987.0,37,19,1857.0,20.6,3.0,4.0,7.0,3.0,0.0,1.0,1,0,0.15,0.19,0.34,0.15,0.34,Matches,2022-2023,EPL,,5.0,,,,,,,,,,,2.0,,,,,,,,,,,,,,,,,,,,,,,28.0,15.0,53.6,1.36,0.73,0.11,0.2,,,,,,,,,,,,,,,,,,
Joël Veltman,dad4b285,530,nlNED,DF,Brighton,30.0,1992.0,31,25,2188.0,24.3,1.0,1.0,2.0,1.0,0.0,0.0,6,0,0.04,0.04,0.08,0.04,0.08,Matches,2022-2023,EPL,,34.0,,,,,,,,,,,17.0,,,,,,,,,,,,,,,,,,,,,,,14.0,6.0,42.9,0.58,0.25,0.07,0.17,,,,,,,,,,,,,,,,,,
Fabio Vieira,6412cc03,531,ptPOR,MF,Arsenal,22.0,2000.0,22,3,514.0,5.7,1.0,2.0,3.0,1.0,0.0,0.0,0,0,0.18,0.35,0.53,0.18,0.53,Matches,2022-2023,EPL,,4.0,,,,,,,,,,,4.0,,,,,,,,,,,,,,,,,,,,,,,15.0,2.0,13.3,2.63,0.35,0.07,0.5,,,,,,,,,,,,,,,,,,
Matías Viña,08eb3b58,532,uyURU,"DF,MF",Bournemouth,24.0,1997.0,12,5,458.0,5.1,2.0,0.0,2.0,2.0,0.0,0.0,1,0,0.39,0.0,0.39,0.39,0.39,Matches,2022-2023,EPL,,11.0,,,,,,,,,,,4.0,,,,,,,,,,,,,,,,,,,,,,,9.0,6.0,66.7,1.77,1.18,0.22,0.33,,,,,,,,,,,,,,,,,,
Rúben Vinagre,b937e490,533,ptPOR,"DF,MF",Everton,23.0,1999.0,2,0,26.0,0.3,0.0,0.0,0.0,0.0,0.0,0.0,0,0,0.0,0.0,0.0,0.0,0.0,Matches,2022-2023,EPL,,2.0,,,,,,,,,,,0.0,,,,,,,,,,,,,,,,,,,,,,,0.0,0.0,,0.0,0.0,,,,,,,,,,,,,,,,,,,,
Carlos Vinícius,8b529245,534,brBRA,FW,Fulham,27.0,1995.0,28,11,1109.0,12.3,5.0,2.0,7.0,5.0,0.0,0.0,3,0,0.41,0.16,0.57,0.41,0.57,Matches,2022-2023,EPL,,2.0,,,,,,,,,,,0.0,,,,,,,,,,,,,,,,,,,,,,,21.0,12.0,57.1,1.7,0.97,0.24,0.42,,,,,,,,,,,,,,,,,,
Theo Walcott,1ecb65be,535,engENG,"MF,FW",Southampton,33.0,1989.0,20,13,1129.0,12.5,2.0,2.0,4.0,2.0,0.0,0.0,1,0,0.16,0.16,0.32,0.16,0.32,Matches,2022-2023,EPL,,6.0,,,,,,,,,,,9.0,,,,,,,,,,,,,,,,,,,,,,,20.0,8.0,40.0,1.59,0.64,0.1,0.25,,,,,,,,,,,,,,,,,,
Kyle Walker,86dd77d1,536,engENG,"DF,MF",Manchester City,32.0,1990.0,27,22,1958.0,21.8,0.0,0.0,0.0,0.0,0.0,0.0,3,0,0.0,0.0,0.0,0.0,0.0,Matches,2022-2023,EPL,,9.0,,,,,,,,,,,19.0,,,,,,,,,,,,,,,,,,,,,,,5.0,1.0,20.0,0.23,0.05,0.0,0.0,,,,,,,,,,,,,,,,,,
Kyle Walker-Peters,984a5a64,537,engENG,"DF,MF",Southampton,25.0,1997.0,31,30,2650.0,29.4,1.0,0.0,1.0,1.0,0.0,0.0,4,0,0.03,0.0,0.03,0.03,0.03,Matches,2022-2023,EPL,,34.0,,,,,,,,,,,28.0,,,,,,,,,,,,,,,,,,,,,,,12.0,5.0,41.7,0.41,0.17,0.08,0.2,,,,,,,,,,,,,,,,,,
Aaron Wan-Bissaka,9e525177,538,cdCOD,DF,Manchester Utd,24.0,1997.0,19,16,1435.0,15.9,0.0,0.0,0.0,0.0,0.0,0.0,2,0,0.0,0.0,0.0,0.0,0.0,Matches,2022-2023,EPL,,23.0,,,,,,,,,,,20.0,,,,,,,,,,,,,,,,,,,,,,,10.0,2.0,20.0,0.63,0.13,0.0,0.0,,,,,,,,,,,,,,,,,,
Danny Ward,d3ce0e89,539,wlsWAL,GK,Leicester City,29.0,1993.0,26,26,2340.0,26.0,0.0,0.0,0.0,0.0,0.0,0.0,0,0,0.0,0.0,0.0,0.0,0.0,Matches,2022-2023,EPL,,1.0,,,,,,,,,,,0.0,,,,,,,,,,,,,,,,,,,,,,,0.0,0.0,,0.0,0.0,,,26.0,26.0,2340.0,46.0,1.77,119.0,76.0,63.0,7.0,3.0,16.0,6.0,23.1,3.0,2.0,1.0,0.0,33.3
Joel Ward,8a7ff278,540,engENG,DF,Crystal Palace,32.0,1989.0,28,24,2256.0,25.1,1.0,0.0,1.0,1.0,0.0,0.0,6,0,0.04,0.0,0.04,0.04,0.04,Matches,2022-2023,EPL,,35.0,,,,,,,,,,,22.0,,,,,,,,,,,,,,,,,,,,,,,7.0,2.0,28.6,0.28,0.08,0.14,0.5,,,,,,,,,,,,,,,,,,
James Ward-Prowse,3515d404,541,engENG,MF,Southampton,27.0,1994.0,38,38,3371.0,37.5,9.0,4.0,13.0,7.0,2.0,4.0,6,0,0.24,0.11,0.35,0.19,0.29,Matches,2022-2023,EPL,,37.0,,,,,,,,,,,52.0,,,,,,,,,,,,,,,,,,,,,,,44.0,20.0,45.5,1.17,0.53,0.16,0.35,,,,,,,,,,,,,,,,,,
Ollie Watkins,aed3a70f,542,engENG,FW,Aston Villa,26.0,1995.0,37,36,3127.0,34.7,15.0,6.0,21.0,14.0,1.0,2.0,4,0,0.43,0.17,0.6,0.4,0.58,Matches,2022-2023,EPL,,11.0,,,,,,,,,,,10.0,,,,,,,,,,,,,,,,,,,,,,,85.0,47.0,55.3,2.45,1.35,0.16,0.3,,,,,,,,,,,,,,,,,,
Adam Webster,c40b6180,543,engENG,DF,Brighton,27.0,1995.0,27,23,1985.0,22.1,0.0,0.0,0.0,0.0,0.0,0.0,2,0,0.0,0.0,0.0,0.0,0.0,Matches,2022-2023,EPL,,11.0,,,,,,,,,,,19.0,,,,,,,,,,,,,,,,,,,,,,,18.0,2.0,11.1,0.82,0.09,0.0,0.0,,,,,,,,,,,,,,,,,,
Wout Weghorst,c4e87b8b,544,nlNED,"FW,MF",Manchester Utd,29.0,1992.0,17,10,797.0,8.9,0.0,1.0,1.0,0.0,0.0,0.0,1,0,0.0,0.11,0.11,0.0,0.11,Matches,2022-2023,EPL,,5.0,,,,,,,,,,,6.0,,,,,,,,,,,,,,,,,,,,,,,14.0,5.0,35.7,1.58,0.56,0.0,0.0,,,,,,,,,,,,,,,,,,
Danny Welbeck,ce5143da,545,engENG,FW,Brighton,31.0,1990.0,31,21,1854.0,20.6,6.0,3.0,9.0,6.0,0.0,0.0,0,0,0.29,0.15,0.44,0.29,0.44,Matches,2022-2023,EPL,,7.0,,,,,,,,,,,5.0,,,,,,,,,,,,,,,,,,,,,,,62.0,23.0,37.1,3.01,1.12,0.1,0.26,,,,,,,,,,,,,,,,,,
Ben White,35e413f1,546,engENG,DF,Arsenal,24.0,1997.0,38,36,3055.0,33.9,2.0,5.0,7.0,2.0,0.0,0.0,5,0,0.06,0.15,0.21,0.06,0.21,Matches,2022-2023,EPL,,33.0,,,,,,,,,,,21.0,,,,,,,,,,,,,,,,,,,,,,,10.0,3.0,30.0,0.29,0.09,0.2,0.67,,,,,,,,,,,,,,,,,,
Harvey White,4d90ce8c,547,engENG,MF,Tottenham Hotspur,20.0,2001.0,1,0,5.0,0.1,0.0,0.0,0.0,0.0,0.0,0.0,0,0,0.0,0.0,0.0,0.0,0.0,Matches,2022-2023,EPL,,0.0,,,,,,,,,,,0.0,,,,,,,,,,,,,,,,,,,,,,,0.0,0.0,,0.0,0.0,,,,,,,,,,,,,,,,,,,,
Joseph Whitworth,3f847d95,548,engENG,GK,Crystal Palace,18.0,2004.0,2,2,180.0,2.0,0.0,0.0,0.0,0.0,0.0,0.0,0,0,0.0,0.0,0.0,0.0,0.0,Matches,2022-2023,EPL,,0.0,,,,,,,,,,,0.0,,,,,,,,,,,,,,,,,,,,,,,0.0,0.0,,0.0,0.0,,,2.0,2.0,180.0,5.0,2.5,10.0,5.0,50.0,0.0,0.0,2.0,0.0,0.0,0.0,0.0,0.0,0.0,
Neco Williams,dd323728,549,wlsWAL,"DF,MF",Nottingham Forest,21.0,2001.0,31,20,1882.0,20.9,1.0,0.0,1.0,1.0,0.0,0.0,7,0,0.05,0.0,0.05,0.05,0.05,Matches,2022-2023,EPL,,47.0,,,,,,,,,,,31.0,,,,,,,,,,,,,,,,,,,,,,,25.0,7.0,28.0,1.2,0.33,0.04,0.14,,,,,,,,,,,,,,,,,,
Willian,8b9ebd03,550,brBRA,MF,Fulham,33.0,1988.0,27,25,2126.0,23.6,5.0,5.0,10.0,5.0,0.0,0.0,2,0,0.21,0.21,0.42,0.21,0.42,Matches,2022-2023,EPL,,8.0,,,,,,,,,,,9.0,,,,,,,,,,,,,,,,,,,,,,,41.0,18.0,43.9,1.74,0.76,0.12,0.28,,,,,,,,,,,,,,,,,,
Joe Willock,a3b03921,551,engENG,MF,Newcastle United,22.0,1999.0,35,31,2558.0,28.4,3.0,6.0,9.0,3.0,0.0,0.0,1,0,0.11,0.21,0.32,0.11,0.32,Matches,2022-2023,EPL,,30.0,,,,,,,,,,,27.0,,,,,,,,,,,,,,,,,,,,,,,58.0,17.0,29.3,2.04,0.6,0.05,0.18,,,,,,,,,,,,,,,,,,
Callum Wilson,c596fcb0,552,engENG,FW,Newcastle United,30.0,1992.0,31,21,1877.0,20.9,18.0,5.0,23.0,15.0,3.0,3.0,4,0,0.86,0.24,1.1,0.72,0.96,Matches,2022-2023,EPL,,3.0,,,,,,,,,,,1.0,,,,,,,,,,,,,,,,,,,,,,,73.0,35.0,47.9,3.5,1.68,0.21,0.43,,,,,,,,,,,,,,,,,,
Harry Wilson,c6dc9ecd,553,wlsWAL,MF,Fulham,25.0,1997.0,29,13,1100.0,12.2,2.0,3.0,5.0,2.0,0.0,0.0,1,0,0.16,0.25,0.41,0.16,0.41,Matches,2022-2023,EPL,,13.0,,,,,,,,,,,7.0,,,,,,,,,,,,,,,,,,,,,,,18.0,4.0,22.2,1.47,0.33,0.11,0.5,,,,,,,,,,,,,,,,,,
Yoane Wissa,2500cef9,554,cdCOD,FW,Brentford,25.0,1996.0,38,16,1606.0,17.8,7.0,3.0,10.0,7.0,0.0,0.0,3,0,0.39,0.17,0.56,0.39,0.56,Matches,2022-2023,EPL,,13.0,,,,,,,,,,,6.0,,,,,,,,,,,,,,,,,,,,,,,32.0,15.0,46.9,1.79,0.84,0.22,0.47,,,,,,,,,,,,,,,,,,
Maximilian Wöber,4b803b3c,555,atAUT,DF,Leeds United,24.0,1998.0,16,14,1266.0,14.1,0.0,0.0,0.0,0.0,0.0,0.0,3,0,0.0,0.0,0.0,0.0,0.0,Matches,2022-2023,EPL,,17.0,,,,,,,,,,,26.0,,,,,,,,,,,,,,,,,,,,,,,9.0,2.0,22.2,0.64,0.14,0.0,0.0,,,,,,,,,,,,,,,,,,
Chris Wood,4e9a0555,556,nzNZL,FW,Newcastle United,30.0,1991.0,18,4,446.0,5.0,2.0,0.0,2.0,1.0,1.0,1.0,0,0,0.4,0.0,0.4,0.2,0.2,Matches,2022-2023,EPL,,4.0,,,,,,,,,,,1.0,,,,,,,,,,,,,,,,,,,,,,,9.0,4.0,44.4,1.82,0.81,0.11,0.25,,,,,,,,,,,,,,,,,,
Chris Wood,4e9a0555,557,nzNZL,FW,Nottingham Forest,30.0,1991.0,7,5,372.0,4.1,1.0,0.0,1.0,1.0,0.0,0.0,0,0,0.24,0.0,0.24,0.24,0.24,Matches,2022-2023,EPL,,0.0,,,,,,,,,,,1.0,,,,,,,,,,,,,,,,,,,,,,,3.0,1.0,33.3,0.73,0.24,0.33,1.0,,,,,,,,,,,,,,,,,,
Joe Worrall,a5212312,558,engENG,DF,Nottingham Forest,25.0,1997.0,30,21,2224.0,24.7,1.0,0.0,1.0,1.0,0.0,0.0,6,0,0.04,0.0,0.04,0.04,0.04,Matches,2022-2023,EPL,,26.0,,,,,,,,,,,26.0,,,,,,,,,,,,,,,,,,,,,,,7.0,2.0,28.6,0.28,0.08,0.14,0.5,,,,,,,,,,,,,,,,,,
Granit Xhaka,e61b8aee,559,chSUI,MF,Arsenal,29.0,1992.0,37,36,2993.0,33.3,7.0,7.0,14.0,7.0,0.0,0.0,4,0,0.21,0.21,0.42,0.21,0.42,Matches,2022-2023,EPL,,26.0,,,,,,,,,,,15.0,,,,,,,,,,,,,,,,,,,,,,,40.0,14.0,35.0,1.2,0.42,0.18,0.5,,,,,,,,,,,,,,,,,,
Ryan Yates,c1fe2a48,560,engENG,MF,Nottingham Forest,24.0,1997.0,26,21,1837.0,20.4,0.0,2.0,2.0,0.0,0.0,0.0,5,0,0.0,0.1,0.1,0.0,0.1,Matches,2022-2023,EPL,,19.0,,,,,,,,,,,10.0,,,,,,,,,,,,,,,,,,,,,,,26.0,5.0,19.2,1.27,0.24,0.0,0.0,,,,,,,,,,,,,,,,,,
Ashley Young,be927d03,561,engENG,DF,Aston Villa,37.0,1985.0,29,23,2036.0,22.6,1.0,0.0,1.0,1.0,0.0,0.0,7,0,0.04,0.0,0.04,0.04,0.04,Matches,2022-2023,EPL,,27.0,,,,,,,,,,,22.0,,,,,,,,,,,,,,,,,,,,,,,15.0,3.0,20.0,0.66,0.13,0.07,0.33,,,,,,,,,,,,,,,,,,
Illia Zabarnyi,88968486,562,uaUKR,DF,Bournemouth,19.0,2002.0,5,3,299.0,3.3,0.0,0.0,0.0,0.0,0.0,0.0,0,0,0.0,0.0,0.0,0.0,0.0,Matches,2022-2023,EPL,,2.0,,,,,,,,,,,3.0,,,,,,,,,,,,,,,,,,,,,,,0.0,0.0,,0.0,0.0,,,,,,,,,,,,,,,,,,,,
Wilfried Zaha,b2bc3b1f,563,ciCIV,"FW,MF",Crystal Palace,29.0,1992.0,27,27,2288.0,25.4,7.0,2.0,9.0,7.0,0.0,2.0,5,0,0.28,0.08,0.35,0.28,0.35,Matches,2022-2023,EPL,,20.0,,,,,,,,,,,17.0,,,,,,,,,,,,,,,,,,,,,,,66.0,22.0,33.3,2.6,0.87,0.11,0.32,,,,,,,,,,,,,,,,,,
Denis Zakaria,384d58d9,564,chSUI,MF,Chelsea,25.0,1996.0,7,5,411.0,4.6,0.0,0.0,0.0,0.0,0.0,0.0,0,0,0.0,0.0,0.0,0.0,0.0,Matches,2022-2023,EPL,,5.0,,,,,,,,,,,3.0,,,,,,,,,,,,,,,,,,,,,,,2.0,0.0,0.0,0.44,0.0,0.0,,,,,,,,,,,,,,,,,,,
Jordan Zemura,e8271ad9,565,zwZIM,"DF,MF",Bournemouth,22.0,1999.0,19,17,1454.0,16.2,0.0,1.0,1.0,0.0,0.0,0.0,1,0,0.0,0.06,0.06,0.0,0.06,Matches,2022-2023,EPL,,23.0,,,,,,,,,,,15.0,,,,,,,,,,,,,,,,,,,,,,,4.0,1.0,25.0,0.25,0.06,0.0,0.0,,,,,,,,,,,,,,,,,,
Oleksandr Zinchenko,51cf8561,566,uaUKR,DF,Arsenal,25.0,1996.0,27,26,2118.0,23.5,1.0,2.0,3.0,1.0,0.0,0.0,3,0,0.04,0.08,0.13,0.04,0.13,Matches,2022-2023,EPL,,18.0,,,,,,,,,,,22.0,,,,,,,,,,,,,,,,,,,,,,,28.0,7.0,25.0,1.19,0.3,0.04,0.14,,,,,,,,,,,,,,,,,,
Hakim Ziyech,6622454d,567,maMAR,"MF,FW",Chelsea,29.0,1993.0,18,6,661.0,7.3,0.0,3.0,3.0,0.0,0.0,0.0,1,0,0.0,0.41,0.41,0.0,0.41,Matches,2022-2023,EPL,,13.0,,,,,,,,,,,5.0,,,,,,,,,,,,,,,,,,,,,,,16.0,3.0,18.8,2.18,0.41,0.0,0.0,,,,,,,,,,,,,,,,,,
Kurt Zouma,ce4246f5,568,frFRA,DF,West Ham United,27.0,1994.0,25,24,1989.0,22.1,2.0,0.0,2.0,2.0,0.0,0.0,0,0,0.09,0.0,0.09,0.09,0.09,Matches,2022-2023,EPL,,4.0,,,,,,,,,,,28.0,,,,,,,,,,,,,,,,,,,,,,,19.0,6.0,31.6,0.86,0.27,0.11,0.33,,,,,,,,,,,,,,,,,,
Martin Ødegaard,79300479,569,noNOR,MF,Arsenal,23.0,1998.0,37,37,3127.0,34.7,15.0,7.0,22.0,15.0,0.0,0.0,4,0,0.43,0.2,0.63,0.43,0.63,Matches,2022-2023,EPL,,24.0,,,,,,,,,,,5.0,,,,,,,,,,,,,,,,,,,,,,,93.0,33.0,35.5,2.68,0.95,0.16,0.45,,,,,,,,,,,,,,,,,,
James Abankwah,4b7a9fcc,1,ieIRL,DF,Udinese,18.0,2004.0,2,1,63.0,0.7,0.0,0.0,0.0,0.0,0.0,0.0,0,0,0.0,0.0,0.0,0.0,0.0,Matches,2022-2023,ITA,,1.0,,,,,,,,,,,0.0,,,,,,,,,,,,,,,,,,,,,,,0.0,0.0,,0.0,0.0,,,,,,,,,,,,,,,,,,,,
Oliver Abildgaard,8f5cdf66,2,dkDEN,MF,Hellas Verona,26.0,1996.0,13,6,592.0,6.6,0.0,0.0,0.0,0.0,0.0,0.0,2,0,0.0,0.0,0.0,0.0,0.0,Matches,2022-2023,ITA,,6.0,,,,,,,,,,,5.0,,,,,,,,,,,,,,,,,,,,,,,3.0,2.0,66.7,0.46,0.3,0.0,0.0,,,,,,,,,,,,,,,,,,
Tammy Abraham,f586779e,3,engENG,FW,Roma,24.0,1997.0,38,24,2189.0,24.3,8.0,3.0,11.0,8.0,0.0,0.0,2,0,0.33,0.12,0.45,0.33,0.45,Matches,2022-2023,ITA,,10.0,,,,,,,,,,,3.0,,,,,,,,,,,,,,,,,,,,,,,62.0,30.0,48.4,2.55,1.23,0.13,0.27,,,,,,,,,,,,,,,,,,
Christian Acella,771a2cfe,4,itITA,MF,Cremonese,20.0,2002.0,1,0,15.0,0.2,0.0,0.0,0.0,0.0,0.0,0.0,0,0,0.0,0.0,0.0,0.0,0.0,Matches,2022-2023,ITA,,0.0,,,,,,,,,,,0.0,,,,,,,,,,,,,,,,,,,,,,,0.0,0.0,,0.0,0.0,,,,,,,,,,,,,,,,,,,,
Francesco Acerbi,b96b595c,5,itITA,DF,Inter,34.0,1988.0,31,25,2425.0,26.9,0.0,2.0,2.0,0.0,0.0,0.0,4,0,0.0,0.07,0.07,0.0,0.07,Matches,2022-2023,ITA,,20.0,,,,,,,,,,,41.0,,,,,,,,,,,,,,,,,,,,,,,18.0,2.0,11.1,0.67,0.07,0.0,0.0,,,,,,,,,,,,,,,,,,
Yacine Adli,26777636,6,frFRA,MF,Milan,22.0,2000.0,6,1,144.0,1.6,0.0,0.0,0.0,0.0,0.0,0.0,1,0,0.0,0.0,0.0,0.0,0.0,Matches,2022-2023,ITA,,3.0,,,,,,,,,,,1.0,,,,,,,,,,,,,,,,,,,,,,,2.0,2.0,100.0,1.25,1.25,0.0,0.0,,,,,,,,,,,,,,,,,,
Michel Aebischer,f9c927de,7,chSUI,"MF,FW",Bologna,25.0,1997.0,32,18,1542.0,17.1,1.0,0.0,1.0,1.0,0.0,0.0,4,0,0.06,0.0,0.06,0.06,0.06,Matches,2022-2023,ITA,,6.0,,,,,,,,,,,7.0,,,,,,,,,,,,,,,,,,,,,,,15.0,2.0,13.3,0.88,0.12,0.07,0.5,,,,,,,,,,,,,,,,,,
Felix Afena-Gyan,0154d290,8,ghGHA,"FW,MF",Cremonese,19.0,2003.0,23,7,817.0,9.1,0.0,0.0,0.0,0.0,0.0,0.0,4,0,0.0,0.0,0.0,0.0,0.0,Matches,2022-2023,ITA,,3.0,,,,,,,,,,,1.0,,,,,,,,,,,,,,,,,,,,,,,21.0,2.0,9.5,2.31,0.22,0.0,0.0,,,,,,,,,,,,,,,,,,
Kevin Agudelo,46fa7204,9,coCOL,"MF,FW",Spezia,23.0,1998.0,34,23,2131.0,23.7,0.0,1.0,1.0,0.0,0.0,0.0,5,0,0.0,0.04,0.04,0.0,0.04,Matches,2022-2023,ITA,,37.0,,,,,,,,,,,9.0,,,,,,,,,,,,,,,,,,,,,,,28.0,7.0,25.0,1.18,0.3,0.0,0.0,,,,,,,,,,,,,,,,,,
Ola Aina,246d153b,10,ngNGA,MF,Torino,25.0,1996.0,19,9,876.0,9.7,1.0,1.0,2.0,1.0,0.0,0.0,5,0,0.1,0.1,0.21,0.1,0.21,Matches,2022-2023,ITA,,13.0,,,,,,,,,,,11.0,,,,,,,,,,,,,,,,,,,,,,,8.0,3.0,37.5,0.82,0.31,0.13,0.33,,,,,,,,,,,,,,,,,,
Emanuel Aiwum,d810c13b,11,atAUT,DF,Cremonese,21.0,2000.0,23,17,1653.0,18.4,0.0,0.0,0.0,0.0,0.0,0.0,3,0,0.0,0.0,0.0,0.0,0.0,Matches,2022-2023,ITA,,36.0,,,,,,,,,,,25.0,,,,,,,,,,,,,,,,,,,,,,,3.0,1.0,33.3,0.16,0.05,0.0,0.0,,,,,,,,,,,,,,,,,,
Jean-Daniel Akpa-Akpro,fdf4b948,12,ciCIV,MF,Empoli,29.0,1992.0,24,16,1356.0,15.1,1.0,1.0,2.0,1.0,0.0,0.0,9,2,0.07,0.07,0.13,0.07,0.13,Matches,2022-2023,ITA,,40.0,,,,,,,,,,,13.0,,,,,,,,,,,,,,,,,,,,,,,14.0,5.0,35.7,0.93,0.33,0.07,0.2,,,,,,,,,,,,,,,,,,
Luis Alberto,5294a83f,13,esESP,MF,Lazio,29.0,1992.0,35,27,2442.0,27.1,6.0,7.0,13.0,5.0,1.0,2.0,4,0,0.22,0.26,0.48,0.18,0.44,Matches,2022-2023,ITA,,29.0,,,,,,,,,,,8.0,,,,,,,,,,,,,,,,,,,,,,,47.0,19.0,40.4,1.73,0.7,0.11,0.26,,,,,,,,,,,,,,,,,,
Agustín Álvarez,ab472696,14,uyURU,FW,Sassuolo,21.0,2001.0,22,1,368.0,4.1,1.0,1.0,2.0,1.0,0.0,0.0,1,0,0.24,0.24,0.49,0.24,0.49,Matches,2022-2023,ITA,,3.0,,,,,,,,,,,2.0,,,,,,,,,,,,,,,,,,,,,,,14.0,4.0,28.6,3.42,0.98,0.07,0.25,,,,,,,,,,,,,,,,,,
Kelvin Amian,bcc81786,15,frFRA,"DF,MF",Spezia,24.0,1998.0,30,26,2372.0,26.4,0.0,1.0,1.0,0.0,0.0,0.0,7,1,0.0,0.04,0.04,0.0,0.04,Matches,2022-2023,ITA,,32.0,,,,,,,,,,,21.0,,,,,,,,,,,,,,,,,,,,,,,26.0,7.0,26.9,0.99,0.27,0.0,0.0,,,,,,,,,,,,,,,,,,
Bruno Amione,2df7cc43,16,arARG,DF,Hellas Verona,20.0,2002.0,1,1,58.0,0.6,0.0,0.0,0.0,0.0,0.0,0.0,1,0,0.0,0.0,0.0,0.0,0.0,Matches,2022-2023,ITA,,1.0,,,,,,,,,,,0.0,,,,,,,,,,,,,,,,,,,,,,,0.0,0.0,,0.0,0.0,,,,,,,,,,,,,,,,,,,,
Bruno Amione,2df7cc43,17,arARG,DF,Sampdoria,20.0,2002.0,26,25,2086.0,23.2,1.0,1.0,2.0,1.0,0.0,0.0,10,1,0.04,0.04,0.09,0.04,0.09,Matches,2022-2023,ITA,,34.0,,,,,,,,,,,24.0,,,,,,,,,,,,,,,,,,,,,,,12.0,2.0,16.7,0.52,0.09,0.08,0.5,,,,,,,,,,,,,,,,,,
Ethan Ampadu,10b9fa99,18,wlsWAL,"DF,MF",Spezia,21.0,2000.0,31,31,2639.0,29.3,0.0,1.0,1.0,0.0,0.0,0.0,10,1,0.0,0.03,0.03,0.0,0.03,Matches,2022-2023,ITA,,39.0,,,,,,,,,,,37.0,,,,,,,,,,,,,,,,,,,,,,,16.0,5.0,31.3,0.55,0.17,0.0,0.0,,,,,,,,,,,,,,,,,,
Sofyan Amrabat,5a2cb25d,19,maMAR,MF,Fiorentina,25.0,1996.0,29,24,1998.0,22.2,0.0,1.0,1.0,0.0,0.0,0.0,11,0,0.0,0.05,0.05,0.0,0.05,Matches,2022-2023,ITA,,26.0,,,,,,,,,,,21.0,,,,,,,,,,,,,,,,,,,,,,,13.0,4.0,30.8,0.59,0.18,0.0,0.0,,,,,,,,,,,,,,,,,,
Felipe Anderson,9f1893b9,20,brBRA,FW,Lazio,29.0,1993.0,38,35,2958.0,32.9,9.0,2.0,11.0,9.0,0.0,0.0,3,0,0.27,0.06,0.33,0.27,0.33,Matches,2022-2023,ITA,,51.0,,,,,,,,,,,27.0,,,,,,,,,,,,,,,,,,,,,,,41.0,23.0,56.1,1.25,0.7,0.22,0.39,,,,,,,,,,,,,,,,,,
Janis Antiste,38d9ce53,21,frFRA,"FW,MF",Sassuolo,19.0,2002.0,2,0,52.0,0.6,1.0,0.0,1.0,1.0,0.0,0.0,0,0,1.73,0.0,1.73,1.73,1.73,Matches,2022-2023,ITA,,0.0,,,,,,,,,,,0.0,,,,,,,,,,,,,,,,,,,,,,,1.0,1.0,100.0,1.73,1.73,1.0,1.0,,,,,,,,,,,,,,,,,,
Marcos Antônio,108fe016,22,brBRA,MF,Lazio,22.0,2000.0,16,6,594.0,6.6,1.0,1.0,2.0,1.0,0.0,0.0,2,0,0.15,0.15,0.3,0.15,0.3,Matches,2022-2023,ITA,,5.0,,,,,,,,,,,12.0,,,,,,,,,,,,,,,,,,,,,,,3.0,1.0,33.3,0.45,0.15,0.33,1.0,,,,,,,,,,,,,,,,,,
Valentin Antov,8f68aa41,23,bgBUL,DF,Monza,21.0,2000.0,9,2,306.0,3.4,0.0,0.0,0.0,0.0,0.0,0.0,2,0,0.0,0.0,0.0,0.0,0.0,Matches,2022-2023,ITA,,5.0,,,,,,,,,,,5.0,,,,,,,,,,,,,,,,,,,,,,,0.0,0.0,,0.0,0.0,,,,,,,,,,,,,,,,,,,,
Marko Arnautović,00459419,24,atAUT,FW,Bologna,33.0,1989.0,21,18,1530.0,17.0,10.0,0.0,10.0,7.0,3.0,3.0,5,0,0.59,0.0,0.59,0.41,0.41,Matches,2022-2023,ITA,,6.0,,,,,,,,,,,2.0,,,,,,,,,,,,,,,,,,,,,,,31.0,18.0,58.1,1.82,1.06,0.23,0.39,,,,,,,,,,,,,,,,,,
Tolgay Arslan,963a328b,25,deGER,MF,Udinese,31.0,1990.0,36,12,1211.0,13.5,1.0,0.0,1.0,1.0,0.0,0.0,3,0,0.07,0.0,0.07,0.07,0.07,Matches,2022-2023,ITA,,17.0,,,,,,,,,,,12.0,,,,,,,,,,,,,,,,,,,,,,,25.0,5.0,20.0,1.86,0.37,0.04,0.2,,,,,,,,,,,,,,,,,,
Santiago Ascacíbar,e26fcca3,26,arARG,MF,Cremonese,25.0,1997.0,13,7,727.0,8.1,0.0,0.0,0.0,0.0,0.0,0.0,1,0,0.0,0.0,0.0,0.0,0.0,Matches,2022-2023,ITA,,14.0,,,,,,,,,,,12.0,,,,,,,,,,,,,,,,,,,,,,,14.0,3.0,21.4,1.73,0.37,0.0,0.0,,,,,,,,,,,,,,,,,,
Kristoffer Askildsen,a69cc629,27,noNOR,MF,Lecce,21.0,2001.0,21,7,728.0,8.1,0.0,0.0,0.0,0.0,0.0,0.0,3,0,0.0,0.0,0.0,0.0,0.0,Matches,2022-2023,ITA,,3.0,,,,,,,,,,,10.0,,,,,,,,,,,,,,,,,,,,,,,10.0,3.0,30.0,1.24,0.37,0.0,0.0,,,,,,,,,,,,,,,,,,
Kristjan Asllani,0fdcef0e,28,alALB,MF,Inter,20.0,2002.0,20,5,592.0,6.6,0.0,0.0,0.0,0.0,0.0,0.0,2,0,0.0,0.0,0.0,0.0,0.0,Matches,2022-2023,ITA,,5.0,,,,,,,,,,,5.0,,,,,,,,,,,,,,,,,,,,,,,11.0,0.0,0.0,1.67,0.0,0.0,,,,,,,,,,,,,,,,,,,
Emil Audero,649b01d8,29,idIDN,GK,Sampdoria,25.0,1997.0,25,25,2250.0,25.0,0.0,0.0,0.0,0.0,0.0,0.0,1,0,0.0,0.0,0.0,0.0,0.0,Matches,2022-2023,ITA,,0.0,,,,,,,,,,,0.0,,,,,,,,,,,,,,,,,,,,,,,0.0,0.0,,0.0,0.0,,,25.0,25.0,2250.0,39.0,1.56,114.0,82.0,70.2,2.0,6.0,17.0,4.0,16.0,7.0,5.0,2.0,0.0,28.6
Tommaso Augello,3cd3b384,30,itITA,"MF,DF",Sampdoria,27.0,1994.0,37,35,3061.0,34.0,2.0,5.0,7.0,2.0,0.0,0.0,3,0,0.06,0.15,0.21,0.06,0.21,Matches,2022-2023,ITA,,14.0,,,,,,,,,,,15.0,,,,,,,,,,,,,,,,,,,,,,,11.0,4.0,36.4,0.32,0.12,0.18,0.5,,,,,,,,,,,,,,,,,,
Carlos Augusto,8d3cd59d,31,brBRA,MF,Monza,23.0,1999.0,35,35,3083.0,34.3,6.0,5.0,11.0,6.0,0.0,0.0,4,0,0.18,0.15,0.32,0.18,0.32,Matches,2022-2023,ITA,,38.0,,,,,,,,,,,24.0,,,,,,,,,,,,,,,,,,,,,,,42.0,16.0,38.1,1.23,0.47,0.14,0.38,,,,,,,,,,,,,,,,,,
Kaan Ayhan,2200181e,32,trTUR,DF,Sassuolo,27.0,1994.0,10,5,545.0,6.1,0.0,0.0,0.0,0.0,0.0,0.0,1,0,0.0,0.0,0.0,0.0,0.0,Matches,2022-2023,ITA,,5.0,,,,,,,,,,,5.0,,,,,,,,,,,,,,,,,,,,,,,1.0,1.0,100.0,0.17,0.17,0.0,0.0,,,,,,,,,,,,,,,,,,
Jaime Báez,dfd24c07,33,uyURU,MF,Cremonese,27.0,1995.0,2,1,96.0,1.1,0.0,0.0,0.0,0.0,0.0,0.0,0,0,0.0,0.0,0.0,0.0,0.0,Matches,2022-2023,ITA,,2.0,,,,,,,,,,,0.0,,,,,,,,,,,,,,,,,,,,,,,2.0,0.0,0.0,1.87,0.0,0.0,,,,,,,,,,,,,,,,,,,
Nedim Bajrami,f42d6c13,34,alALB,"MF,FW",Empoli,23.0,1999.0,19,8,940.0,10.4,1.0,1.0,2.0,1.0,0.0,0.0,1,0,0.1,0.1,0.19,0.1,0.19,Matches,2022-2023,ITA,,4.0,,,,,,,,,,,7.0,,,,,,,,,,,,,,,,,,,,,,,21.0,7.0,33.3,2.01,0.67,0.05,0.14,,,,,,,,,,,,,,,,,,
Nedim Bajrami,f42d6c13,35,alALB,FW,Sassuolo,23.0,1999.0,18,7,819.0,9.1,1.0,0.0,1.0,1.0,0.0,0.0,0,0,0.11,0.0,0.11,0.11,0.11,Matches,2022-2023,ITA,,7.0,,,,,,,,,,,7.0,,,,,,,,,,,,,,,,,,,,,,,23.0,8.0,34.8,2.53,0.88,0.04,0.13,,,,,,,,,,,,,,,,,,
Tiemoué Bakayoko,59bf127b,36,frFRA,MF,Milan,27.0,1994.0,3,0,41.0,0.5,0.0,0.0,0.0,0.0,0.0,0.0,0,0,0.0,0.0,0.0,0.0,0.0,Matches,2022-2023,ITA,,5.0,,,,,,,,,,,0.0,,,,,,,,,,,,,,,,,,,,,,,0.0,0.0,,0.0,0.0,,,,,,,,,,,,,,,,,,,,
Tommaso Baldanzi,102e2599,37,itITA,MF,Empoli,19.0,2003.0,26,24,1772.0,19.7,4.0,0.0,4.0,4.0,0.0,0.0,2,0,0.2,0.0,0.2,0.2,0.2,Matches,2022-2023,ITA,,11.0,,,,,,,,,,,2.0,,,,,,,,,,,,,,,,,,,,,,,33.0,12.0,36.4,1.68,0.61,0.12,0.33,,,,,,,,,,,,,,,,,,
Fodé Ballo-Touré,f449640d,38,snSEN,"DF,MF",Milan,25.0,1997.0,10,5,523.0,5.8,1.0,0.0,1.0,1.0,0.0,0.0,0,0,0.17,0.0,0.17,0.17,0.17,Matches,2022-2023,ITA,,9.0,,,,,,,,,,,3.0,,,,,,,,,,,,,,,,,,,,,,,5.0,3.0,60.0,0.86,0.52,0.2,0.33,,,,,,,,,,,,,,,,,,
Lameck Banda,8a6de8c7,39,zmZAM,"FW,MF",Lecce,21.0,2001.0,36,19,1636.0,18.2,2.0,1.0,3.0,2.0,0.0,0.0,6,0,0.11,0.06,0.17,0.11,0.17,Matches,2022-2023,ITA,,20.0,,,,,,,,,,,8.0,,,,,,,,,,,,,,,,,,,,,,,36.0,12.0,33.3,1.98,0.66,0.06,0.17,,,,,,,,,,,,,,,,,,
Filippo Bandinelli,d44360be,40,itITA,MF,Empoli,27.0,1995.0,35,28,2263.0,25.1,2.0,0.0,2.0,2.0,0.0,0.0,10,0,0.08,0.0,0.08,0.08,0.08,Matches,2022-2023,ITA,,33.0,,,,,,,,,,,18.0,,,,,,,,,,,,,,,,,,,,,,,24.0,7.0,29.2,0.95,0.28,0.08,0.29,,,,,,,,,,,,,,,,,,
Antonín Barák,01efac19,41,czCZE,MF,Hellas Verona,27.0,1994.0,1,0,25.0,0.3,0.0,0.0,0.0,0.0,0.0,0.0,0,0,0.0,0.0,0.0,0.0,0.0,Matches,2022-2023,ITA,,0.0,,,,,,,,,,,0.0,,,,,,,,,,,,,,,,,,,,,,,0.0,0.0,,0.0,0.0,,,,,,,,,,,,,,,,,,,,
Antonín Barák,01efac19,42,czCZE,MF,Fiorentina,27.0,1994.0,30,21,1799.0,20.0,2.0,0.0,2.0,2.0,0.0,0.0,4,0,0.1,0.0,0.1,0.1,0.1,Matches,2022-2023,ITA,,11.0,,,,,,,,,,,3.0,,,,,,,,,,,,,,,,,,,,,,,32.0,7.0,21.9,1.6,0.35,0.06,0.29,,,,,,,,,,,,,,,,,,
Andrea Barberis,32ebfe1e,43,itITA,MF,Monza,28.0,1993.0,9,3,338.0,3.8,0.0,1.0,1.0,0.0,0.0,0.0,0,0,0.0,0.27,0.27,0.0,0.27,Matches,2022-2023,ITA,,3.0,,,,,,,,,,,8.0,,,,,,,,,,,,,,,,,,,,,,,2.0,0.0,0.0,0.53,0.0,0.0,,,,,,,,,,,,,,,,,,,
Tommaso Barbieri,6f1d7aa8,44,itITA,MF,Juventus,19.0,2002.0,3,2,109.0,1.2,0.0,0.0,0.0,0.0,0.0,0.0,0,0,0.0,0.0,0.0,0.0,0.0,Matches,2022-2023,ITA,,3.0,,,,,,,,,,,0.0,,,,,,,,,,,,,,,,,,,,,,,0.0,0.0,,0.0,0.0,,,,,,,,,,,,,,,,,,,,
Francesco Bardi,0acda699,45,itITA,GK,Bologna,30.0,1992.0,1,1,90.0,1.0,0.0,0.0,0.0,0.0,0.0,0.0,0,0,0.0,0.0,0.0,0.0,0.0,Matches,2022-2023,ITA,,0.0,,,,,,,,,,,0.0,,,,,,,,,,,,,,,,,,,,,,,0.0,0.0,,0.0,0.0,,,1.0,1.0,90.0,0.0,0.0,4.0,4.0,100.0,1.0,0.0,0.0,1.0,100.0,0.0,0.0,0.0,0.0,
Nicolò Barella,6928979a,46,itITA,MF,Inter,25.0,1997.0,35,31,2613.0,29.0,6.0,6.0,12.0,6.0,0.0,0.0,6,0,0.21,0.21,0.41,0.21,0.41,Matches,2022-2023,ITA,,25.0,,,,,,,,,,,13.0,,,,,,,,,,,,,,,,,,,,,,,33.0,13.0,39.4,1.14,0.45,0.18,0.46,,,,,,,,,,,,,,,,,,
Enzo Barrenechea,6caffe81,47,arARG,MF,Juventus,21.0,2001.0,3,3,158.0,1.8,0.0,0.0,0.0,0.0,0.0,0.0,0,0,0.0,0.0,0.0,0.0,0.0,Matches,2022-2023,ITA,,3.0,,,,,,,,,,,2.0,,,,,,,,,,,,,,,,,,,,,,,2.0,0.0,0.0,1.14,0.0,0.0,,,,,,,,,,,,,,,,,,,
Musa Barrow,e5bf73f3,48,gmGAM,"MF,FW",Bologna,23.0,1998.0,32,26,1960.0,21.8,3.0,8.0,11.0,3.0,0.0,0.0,3,0,0.14,0.37,0.51,0.14,0.51,Matches,2022-2023,ITA,,7.0,,,,,,,,,,,1.0,,,,,,,,,,,,,,,,,,,,,,,66.0,16.0,24.2,3.03,0.73,0.05,0.19,,,,,,,,,,,,,,,,,,
Federico Baschirotto,5a08ee41,49,itITA,DF,Lecce,25.0,1996.0,37,37,3330.0,37.0,3.0,0.0,3.0,3.0,0.0,0.0,6,0,0.08,0.0,0.08,0.08,0.08,Matches,2022-2023,ITA,,30.0,,,,,,,,,,,35.0,,,,,,,,,,,,,,,,,,,,,,,21.0,6.0,28.6,0.57,0.16,0.14,0.5,,,,,,,,,,,,,,,,,,
Toma Bašić,80556f08,50,hrCRO,MF,Lazio,25.0,1996.0,25,4,513.0,5.7,1.0,0.0,1.0,1.0,0.0,0.0,2,0,0.18,0.0,0.18,0.18,0.18,Matches,2022-2023,ITA,,6.0,,,,,,,,,,,6.0,,,,,,,,,,,,,,,,,,,,,,,11.0,5.0,45.5,1.93,0.88,0.09,0.2,,,,,,,,,,,,,,,,,,
Alberto Basso,2ce215f2,51,itITA,FW,Cremonese,18.0,2004.0,1,0,16.0,0.2,0.0,0.0,0.0,0.0,0.0,0.0,0,0,0.0,0.0,0.0,0.0,0.0,Matches,2022-2023,ITA,,0.0,,,,,,,,,,,0.0,,,,,,,,,,,,,,,,,,,,,,,1.0,1.0,100.0,5.63,5.63,0.0,0.0,,,,,,,,,,,,,,,,,,
Alessandro Bastoni,75b86fb3,52,itITA,DF,Inter,23.0,1999.0,29,26,2157.0,24.0,0.0,2.0,2.0,0.0,0.0,0.0,3,0,0.0,0.08,0.08,0.0,0.08,Matches,2022-2023,ITA,,21.0,,,,,,,,,,,24.0,,,,,,,,,,,,,,,,,,,,,,,12.0,3.0,25.0,0.5,0.13,0.0,0.0,,,,,,,,,,,,,,,,,,
Simone Bastoni,1ac232b8,53,itITA,"MF,DF",Spezia,25.0,1996.0,19,15,1189.0,13.2,2.0,4.0,6.0,2.0,0.0,0.0,7,0,0.15,0.3,0.45,0.15,0.45,Matches,2022-2023,ITA,,24.0,,,,,,,,,,,9.0,,,,,,,,,,,,,,,,,,,,,,,22.0,7.0,31.8,1.67,0.53,0.09,0.29,,,,,,,,,,,,,,,,,,
Brian Bayeye,78e6bf2c,54,cdCOD,MF,Torino,22.0,2000.0,2,1,64.0,0.7,0.0,0.0,0.0,0.0,0.0,0.0,0,0,0.0,0.0,0.0,0.0,0.0,Matches,2022-2023,ITA,,0.0,,,,,,,,,,,1.0,,,,,,,,,,,,,,,,,,,,,,,0.0,0.0,,0.0,0.0,,,,,,,,,,,,,,,,,,,,
Rodrigo Becão,19e4eab9,55,brBRA,DF,Udinese,26.0,1996.0,28,28,2484.0,27.6,2.0,1.0,3.0,2.0,0.0,0.0,11,1,0.07,0.04,0.11,0.07,0.11,Matches,2022-2023,ITA,,40.0,,,,,,,,,,,23.0,,,,,,,,,,,,,,,,,,,,,,,19.0,5.0,26.3,0.69,0.18,0.11,0.4,,,,,,,,,,,,,,,,,,
Julius Beck,e892c325,56,dkDEN,MF,Spezia,17.0,2005.0,1,0,10.0,0.1,0.0,0.0,0.0,0.0,0.0,0.0,0,0,0.0,0.0,0.0,0.0,0.0,Matches,2022-2023,ITA,,1.0,,,,,,,,,,,0.0,,,,,,,,,,,,,,,,,,,,,,,0.0,0.0,,0.0,0.0,,,,,,,,,,,,,,,,,,,,
Raoul Bellanova,e3756e72,57,itITA,MF,Inter,22.0,2000.0,18,3,496.0,5.5,0.0,0.0,0.0,0.0,0.0,0.0,0,0,0.0,0.0,0.0,0.0,0.0,Matches,2022-2023,ITA,,8.0,,,,,,,,,,,7.0,,,,,,,,,,,,,,,,,,,,,,,4.0,1.0,25.0,0.73,0.18,0.0,0.0,,,,,,,,,,,,,,,,,,
Andrea Belotti,d705ba44,58,itITA,FW,Roma,28.0,1993.0,31,11,1146.0,12.7,0.0,2.0,2.0,0.0,0.0,1.0,0,0,0.0,0.16,0.16,0.0,0.16,Matches,2022-2023,ITA,,5.0,,,,,,,,,,,3.0,,,,,,,,,,,,,,,,,,,,,,,20.0,9.0,45.0,1.57,0.71,0.0,0.0,,,,,,,,,,,,,,,,,,
Marco Benassi,0000acda,59,itITA,DF,Fiorentina,27.0,1994.0,2,1,93.0,1.0,0.0,0.0,0.0,0.0,0.0,0.0,0,0,0.0,0.0,0.0,0.0,0.0,Matches,2022-2023,ITA,,3.0,,,,,,,,,,,1.0,,,,,,,,,,,,,,,,,,,,,,,0.0,0.0,,0.0,0.0,,,,,,,,,,,,,,,,,,,,
Marco Benassi,0000acda,60,itITA,MF,Cremonese,27.0,1994.0,15,11,998.0,11.1,0.0,0.0,0.0,0.0,0.0,0.0,1,0,0.0,0.0,0.0,0.0,0.0,Matches,2022-2023,ITA,,16.0,,,,,,,,,,,11.0,,,,,,,,,,,,,,,,,,,,,,,19.0,8.0,42.1,1.71,0.72,0.0,0.0,,,,,,,,,,,,,,,,,,
Ismaël Bennacer,db092d3b,61,dzALG,MF,Milan,24.0,1997.0,28,24,2007.0,22.3,2.0,2.0,4.0,2.0,0.0,0.0,5,0,0.09,0.09,0.18,0.09,0.18,Matches,2022-2023,ITA,,31.0,,,,,,,,,,,26.0,,,,,,,,,,,,,,,,,,,,,,,16.0,3.0,18.8,0.72,0.13,0.13,0.67,,,,,,,,,,,,,,,,,,
Domenico Berardi,53a0e358,62,itITA,"FW,MF",Sassuolo,27.0,1994.0,26,22,1866.0,20.7,12.0,7.0,19.0,5.0,7.0,8.0,7,0,0.58,0.34,0.92,0.24,0.58,Matches,2022-2023,ITA,,14.0,,,,,,,,,,,18.0,,,,,,,,,,,,,,,,,,,,,,,83.0,27.0,32.5,4.0,1.3,0.06,0.19,,,,,,,,,,,,,,,,,,
Bartosz Bereszyński,61b3978f,63,plPOL,"DF,MF",Sampdoria,30.0,1992.0,15,15,1198.0,13.3,0.0,0.0,0.0,0.0,0.0,0.0,1,0,0.0,0.0,0.0,0.0,0.0,Matches,2022-2023,ITA,,18.0,,,,,,,,,,,20.0,,,,,,,,,,,,,,,,,,,,,,,3.0,0.0,0.0,0.23,0.0,0.0,,,,,,,,,,,,,,,,,,,
Bartosz Bereszyński,61b3978f,64,plPOL,DF,Napoli,30.0,1992.0,3,2,166.0,1.8,0.0,1.0,1.0,0.0,0.0,0.0,1,0,0.0,0.54,0.54,0.0,0.54,Matches,2022-2023,ITA,,2.0,,,,,,,,,,,3.0,,,,,,,,,,,,,,,,,,,,,,,0.0,0.0,,0.0,0.0,,,,,,,,,,,,,,,,,,,,
Marco Bertini,4b520f96,65,itITA,MF,Lazio,19.0,2002.0,1,0,1.0,0.0,0.0,0.0,0.0,0.0,0.0,0.0,0,0,0.0,0.0,0.0,0.0,0.0,Matches,2022-2023,ITA,,0.0,,,,,,,,,,,0.0,,,,,,,,,,,,,,,,,,,,,,,0.0,0.0,,0.0,0.0,,,,,,,,,,,,,,,,,,,,
Beto,ed5c0319,66,gwGNB,FW,Udinese,24.0,1998.0,33,23,2129.0,23.7,10.0,1.0,11.0,9.0,1.0,1.0,2,0,0.42,0.04,0.47,0.38,0.42,Matches,2022-2023,ITA,,8.0,,,,,,,,,,,6.0,,,,,,,,,,,,,,,,,,,,,,,61.0,22.0,36.1,2.58,0.93,0.15,0.41,,,,,,,,,,,,,,,,,,
Matteo Bianchetti,b3a20f18,67,itITA,DF,Cremonese,29.0,1993.0,25,22,2132.0,23.7,1.0,0.0,1.0,1.0,0.0,0.0,5,0,0.04,0.0,0.04,0.04,0.04,Matches,2022-2023,ITA,,17.0,,,,,,,,,,,20.0,,,,,,,,,,,,,,,,,,,,,,,7.0,4.0,57.1,0.3,0.17,0.14,0.25,,,,,,,,,,,,,,,,,,
Alessandro Bianco,d65cf468,68,itITA,MF,Fiorentina,19.0,2002.0,7,2,153.0,1.7,0.0,0.0,0.0,0.0,0.0,0.0,1,0,0.0,0.0,0.0,0.0,0.0,Matches,2022-2023,ITA,,2.0,,,,,,,,,,,0.0,,,,,,,,,,,,,,,,,,,,,,,2.0,1.0,50.0,1.18,0.59,0.0,0.0,,,,,,,,,,,,,,,,,,
Jaka Bijol,6fdac234,69,siSVN,DF,Udinese,23.0,1999.0,32,32,2728.0,30.3,3.0,2.0,5.0,3.0,0.0,0.0,10,0,0.1,0.07,0.16,0.1,0.16,Matches,2022-2023,ITA,,22.0,,,,,,,,,,,30.0,,,,,,,,,,,,,,,,,,,,,,,20.0,7.0,35.0,0.66,0.23,0.15,0.43,,,,,,,,,,,,,,,,,,
Cristiano Biraghi,9e1577aa,70,itITA,DF,Fiorentina,29.0,1992.0,33,30,2551.0,28.3,2.0,4.0,6.0,2.0,0.0,1.0,1,0,0.07,0.14,0.21,0.07,0.21,Matches,2022-2023,ITA,,41.0,,,,,,,,,,,14.0,,,,,,,,,,,,,,,,,,,,,,,25.0,6.0,24.0,0.88,0.21,0.08,0.33,,,,,,,,,,,,,,,,,,
Samuele Birindelli,204ac005,71,itITA,MF,Monza,23.0,1999.0,31,14,1400.0,15.6,0.0,1.0,1.0,0.0,0.0,0.0,8,0,0.0,0.06,0.06,0.0,0.06,Matches,2022-2023,ITA,,20.0,,,,,,,,,,,16.0,,,,,,,,,,,,,,,,,,,,,,,14.0,4.0,28.6,0.9,0.26,0.0,0.0,,,,,,,,,,,,,,,,,,
Kristijan Bistrović,79370f8c,72,hrCRO,MF,Lecce,24.0,1998.0,11,5,461.0,5.1,0.0,0.0,0.0,0.0,0.0,0.0,0,0,0.0,0.0,0.0,0.0,0.0,Matches,2022-2023,ITA,,1.0,,,,,,,,,,,0.0,,,,,,,,,,,,,,,,,,,,,,,8.0,1.0,12.5,1.56,0.2,0.0,0.0,,,,,,,,,,,,,,,,,,
Alexis Blin,c69ef855,73,frFRA,MF,Lecce,25.0,1996.0,35,26,2376.0,26.4,1.0,0.0,1.0,1.0,0.0,0.0,8,0,0.04,0.0,0.04,0.04,0.04,Matches,2022-2023,ITA,,38.0,,,,,,,,,,,36.0,,,,,,,,,,,,,,,,,,,,,,,23.0,5.0,21.7,0.87,0.19,0.04,0.2,,,,,,,,,,,,,,,,,,
Jeremie Boga,fe012aca,74,ciCIV,"MF,FW",Atalanta,25.0,1997.0,23,5,782.0,8.7,2.0,5.0,7.0,2.0,0.0,0.0,0,0,0.23,0.58,0.81,0.23,0.81,Matches,2022-2023,ITA,,4.0,,,,,,,,,,,1.0,,,,,,,,,,,,,,,,,,,,,,,13.0,3.0,23.1,1.5,0.35,0.15,0.67,,,,,,,,,,,,,,,,,,
Emil Bohinen,c83c203f,75,noNOR,MF,Salernitana,23.0,1999.0,24,9,832.0,9.2,0.0,0.0,0.0,0.0,0.0,0.0,0,0,0.0,0.0,0.0,0.0,0.0,Matches,2022-2023,ITA,,14.0,,,,,,,,,,,21.0,,,,,,,,,,,,,,,,,,,,,,,4.0,0.0,0.0,0.43,0.0,0.0,,,,,,,,,,,,,,,,,,,
Giacomo Bonaventura,d995ed27,76,itITA,MF,Fiorentina,32.0,1989.0,30,21,1911.0,21.2,5.0,1.0,6.0,5.0,0.0,0.0,4,1,0.24,0.05,0.28,0.24,0.28,Matches,2022-2023,ITA,,22.0,,,,,,,,,,,15.0,,,,,,,,,,,,,,,,,,,,,,,49.0,15.0,30.6,2.31,0.71,0.1,0.33,,,,,,,,,,,,,,,,,,
Federico Bonazzoli,bf57eaab,77,itITA,FW,Salernitana,25.0,1997.0,24,12,1119.0,12.4,2.0,1.0,3.0,2.0,0.0,0.0,1,0,0.16,0.08,0.24,0.16,0.24,Matches,2022-2023,ITA,,3.0,,,,,,,,,,,3.0,,,,,,,,,,,,,,,,,,,,,,,32.0,7.0,21.9,2.57,0.56,0.06,0.29,,,,,,,,,,,,,,,,,,
Warren Bondo,0def2376,78,frFRA,MF,Monza,18.0,2003.0,4,0,60.0,0.7,0.0,0.0,0.0,0.0,0.0,0.0,1,0,0.0,0.0,0.0,0.0,0.0,Matches,2022-2023,ITA,,0.0,,,,,,,,,,,0.0,,,,,,,,,,,,,,,,,,,,,,,1.0,0.0,0.0,1.5,0.0,0.0,,,,,,,,,,,,,,,,,,,
Kevin Bonifazi,fb77bfef,79,itITA,DF,Bologna,26.0,1996.0,13,9,902.0,10.0,0.0,0.0,0.0,0.0,0.0,0.0,2,0,0.0,0.0,0.0,0.0,0.0,Matches,2022-2023,ITA,,8.0,,,,,,,,,,,12.0,,,,,,,,,,,,,,,,,,,,,,,2.0,0.0,0.0,0.2,0.0,0.0,,,,,,,,,,,,,,,,,,,
Leonardo Bonucci,52ec54d0,80,itITA,DF,Juventus,35.0,1987.0,16,9,879.0,9.8,1.0,0.0,1.0,1.0,0.0,1.0,2,0,0.1,0.0,0.1,0.1,0.1,Matches,2022-2023,ITA,,3.0,,,,,,,,,,,15.0,,,,,,,,,,,,,,,,,,,,,,,5.0,2.0,40.0,0.51,0.2,0.2,0.5,,,,,,,,,,,,,,,,,,
Erik Botheim,3d13d9e4,81,noNOR,"MF,FW",Salernitana,22.0,2000.0,28,9,866.0,9.6,1.0,3.0,4.0,1.0,0.0,0.0,2,0,0.1,0.31,0.42,0.1,0.42,Matches,2022-2023,ITA,,7.0,,,,,,,,,,,0.0,,,,,,,,,,,,,,,,,,,,,,,7.0,1.0,14.3,0.73,0.1,0.14,1.0,,,,,,,,,,,,,,,,,,
Mehdi Bourabia,0d077b88,82,maMAR,MF,Spezia,30.0,1991.0,37,36,2771.0,30.8,1.0,3.0,4.0,1.0,0.0,0.0,3,0,0.03,0.1,0.13,0.03,0.13,Matches,2022-2023,ITA,,22.0,,,,,,,,,,,31.0,,,,,,,,,,,,,,,,,,,,,,,33.0,5.0,15.2,1.07,0.16,0.03,0.2,,,,,,,,,,,,,,,,,,
Edoardo Bove,ae94a6c5,83,itITA,"MF,DF",Roma,20.0,2002.0,22,10,992.0,11.0,1.0,0.0,1.0,1.0,0.0,0.0,2,0,0.09,0.0,0.09,0.09,0.09,Matches,2022-2023,ITA,,19.0,,,,,,,,,,,8.0,,,,,,,,,,,,,,,,,,,,,,,7.0,2.0,28.6,0.64,0.18,0.14,0.5,,,,,,,,,,,,,,,,,,
Jayden Braaf,c609e90e,84,nlNED,MF,Hellas Verona,19.0,2002.0,6,2,288.0,3.2,0.0,0.0,0.0,0.0,0.0,0.0,1,0,0.0,0.0,0.0,0.0,0.0,Matches,2022-2023,ITA,,3.0,,,,,,,,,,,2.0,,,,,,,,,,,,,,,,,,,,,,,9.0,3.0,33.3,2.81,0.94,0.0,0.0,,,,,,,,,,,,,,,,,,
Domagoj Bradarić,8bbe2df5,85,hrCRO,"MF,DF",Salernitana,22.0,1999.0,31,24,2250.0,25.0,0.0,3.0,3.0,0.0,0.0,0.0,5,0,0.0,0.12,0.12,0.0,0.12,Matches,2022-2023,ITA,,20.0,,,,,,,,,,,20.0,,,,,,,,,,,,,,,,,,,,,,,7.0,0.0,0.0,0.28,0.0,0.0,,,,,,,,,,,,,,,,,,,
Josip Brekalo,d4a2533d,86,hrCRO,MF,Fiorentina,24.0,1998.0,6,1,229.0,2.5,0.0,0.0,0.0,0.0,0.0,0.0,1,0,0.0,0.0,0.0,0.0,0.0,Matches,2022-2023,ITA,,1.0,,,,,,,,,,,1.0,,,,,,,,,,,,,,,,,,,,,,,5.0,0.0,0.0,1.97,0.0,0.0,,,,,,,,,,,,,,,,,,,
Gleison Bremer,5fd5ed86,87,brBRA,DF,Juventus,25.0,1997.0,30,30,2634.0,29.3,4.0,1.0,5.0,4.0,0.0,0.0,6,0,0.14,0.03,0.17,0.14,0.17,Matches,2022-2023,ITA,,21.0,,,,,,,,,,,39.0,,,,,,,,,,,,,,,,,,,,,,,32.0,7.0,21.9,1.09,0.24,0.13,0.57,,,,,,,,,,,,,,,,,,
Dylan Bronn,edd81e2a,88,tnTUN,DF,Salernitana,27.0,1995.0,24,19,1683.0,18.7,0.0,0.0,0.0,0.0,0.0,0.0,5,1,0.0,0.0,0.0,0.0,0.0,Matches,2022-2023,ITA,,18.0,,,,,,,,,,,20.0,,,,,,,,,,,,,,,,,,,,,,,8.0,1.0,12.5,0.43,0.05,0.0,0.0,,,,,,,,,,,,,,,,,,
Marcelo Brozović,33b8d077,89,hrCRO,MF,Inter,29.0,1992.0,28,19,1770.0,19.7,3.0,5.0,8.0,3.0,0.0,0.0,8,0,0.15,0.25,0.41,0.15,0.41,Matches,2022-2023,ITA,,21.0,,,,,,,,,,,22.0,,,,,,,,,,,,,,,,,,,,,,,25.0,7.0,28.0,1.27,0.36,0.12,0.43,,,,,,,,,,,,,,,,,,
Cristian Buonaiuto,f3a9fa26,90,itITA,"MF,FW",Cremonese,29.0,1992.0,29,7,980.0,10.9,1.0,0.0,1.0,0.0,1.0,1.0,3,0,0.09,0.0,0.09,0.0,0.0,Matches,2022-2023,ITA,,16.0,,,,,,,,,,,13.0,,,,,,,,,,,,,,,,,,,,,,,43.0,13.0,30.2,3.95,1.19,0.0,0.0,,,,,,,,,,,,,,,,,,
Alessandro Buongiorno,4ae67f27,91,itITA,DF,Torino,23.0,1999.0,34,30,2721.0,30.2,1.0,2.0,3.0,1.0,0.0,0.0,8,0,0.03,0.07,0.1,0.03,0.1,Matches,2022-2023,ITA,,25.0,,,,,,,,,,,65.0,,,,,,,,,,,,,,,,,,,,,,,21.0,1.0,4.8,0.69,0.03,0.05,1.0,,,,,,,,,,,,,,,,,,
Leonardo Buta,dee3d535,92,ptPOR,DF,Udinese,20.0,2002.0,2,0,16.0,0.2,0.0,0.0,0.0,0.0,0.0,0.0,0,0,0.0,0.0,0.0,0.0,0.0,Matches,2022-2023,ITA,,1.0,,,,,,,,,,,0.0,,,,,,,,,,,,,,,,,,,,,,,0.0,0.0,,0.0,0.0,,,,,,,,,,,,,,,,,,,,
Arthur Cabral,a820e429,93,brBRA,FW,Fiorentina,24.0,1998.0,28,15,1432.0,15.9,8.0,1.0,9.0,6.0,2.0,2.0,4,0,0.5,0.06,0.57,0.38,0.44,Matches,2022-2023,ITA,,3.0,,,,,,,,,,,1.0,,,,,,,,,,,,,,,,,,,,,,,54.0,22.0,40.7,3.39,1.38,0.11,0.27,,,,,,,,,,,,,,,,,,
Liberato Cacace,dd86e8e4,94,nzNZL,DF,Empoli,21.0,2000.0,12,5,587.0,6.5,0.0,0.0,0.0,0.0,0.0,0.0,1,0,0.0,0.0,0.0,0.0,0.0,Matches,2022-2023,ITA,,12.0,,,,,,,,,,,3.0,,,,,,,,,,,,,,,,,,,,,,,7.0,1.0,14.3,1.07,0.15,0.0,0.0,,,,,,,,,,,,,,,,,,
Davide Calabria,2146785a,95,itITA,DF,Milan,25.0,1996.0,25,21,1690.0,18.8,1.0,4.0,5.0,1.0,0.0,0.0,6,0,0.05,0.21,0.27,0.05,0.27,Matches,2022-2023,ITA,,44.0,,,,,,,,,,,25.0,,,,,,,,,,,,,,,,,,,,,,,16.0,2.0,12.5,0.85,0.11,0.06,0.5,,,,,,,,,,,,,,,,,,
Mattia Caldara,ac7e640b,96,itITA,DF,Spezia,28.0,1994.0,20,13,1253.0,13.9,0.0,0.0,0.0,0.0,0.0,0.0,6,0,0.0,0.0,0.0,0.0,0.0,Matches,2022-2023,ITA,,15.0,,,,,,,,,,,17.0,,,,,,,,,,,,,,,,,,,,,,,10.0,3.0,30.0,0.72,0.22,0.0,0.0,,,,,,,,,,,,,,,,,,
Luca Caldirola,226008f1,97,itITA,DF,Monza,31.0,1991.0,31,27,2353.0,26.1,2.0,0.0,2.0,2.0,0.0,0.0,6,0,0.08,0.0,0.08,0.08,0.08,Matches,2022-2023,ITA,,14.0,,,,,,,,,,,28.0,,,,,,,,,,,,,,,,,,,,,,,10.0,4.0,40.0,0.38,0.15,0.2,0.5,,,,,,,,,,,,,,,,,,
Hakan Çalhanoğlu,cd0fa27b,98,trTUR,MF,Inter,28.0,1994.0,33,28,2363.0,26.3,3.0,6.0,9.0,2.0,1.0,1.0,3,0,0.11,0.23,0.34,0.08,0.3,Matches,2022-2023,ITA,,27.0,,,,,,,,,,,24.0,,,,,,,,,,,,,,,,,,,,,,,56.0,17.0,30.4,2.13,0.65,0.04,0.12,,,,,,,,,,,,,,,,,,
Mohamed Camara,13ea2544,99,gnGUI,MF,Roma,25.0,1997.0,15,8,696.0,7.7,0.0,0.0,0.0,0.0,0.0,0.0,3,0,0.0,0.0,0.0,0.0,0.0,Matches,2022-2023,ITA,,10.0,,,,,,,,,,,10.0,,,,,,,,,,,,,,,,,,,,,,,11.0,1.0,9.1,1.42,0.13,0.0,0.0,,,,,,,,,,,,,,,,,,
Nicolò Cambiaghi,91ff775f,100,itITA,"FW,MF",Empoli,21.0,2000.0,28,12,1285.0,14.3,6.0,1.0,7.0,6.0,0.0,0.0,5,1,0.42,0.07,0.49,0.42,0.49,Matches,2022-2023,ITA,,22.0,,,,,,,,,,,9.0,,,,,,,,,,,,,,,,,,,,,,,35.0,14.0,40.0,2.45,0.98,0.17,0.43,,,,,,,,,,,,,,,,,,
Andrea Cambiaso,247ed022,101,itITA,"DF,MF",Bologna,22.0,2000.0,32,25,2170.0,24.1,0.0,3.0,3.0,0.0,0.0,0.0,2,0,0.0,0.12,0.12,0.0,0.12,Matches,2022-2023,ITA,,35.0,,,,,,,,,,,28.0,,,,,,,,,,,,,,,,,,,,,,,17.0,5.0,29.4,0.71,0.21,0.0,0.0,,,,,,,,,,,,,,,,,,
Matteo Cancellieri,b6a1cdf9,102,itITA,FW,Lazio,20.0,2002.0,20,1,256.0,2.8,0.0,0.0,0.0,0.0,0.0,0.0,4,0,0.0,0.0,0.0,0.0,0.0,Matches,2022-2023,ITA,,4.0,,,,,,,,,,,1.0,,,,,,,,,,,,,,,,,,,,,,,6.0,1.0,16.7,2.11,0.35,0.0,0.0,,,,,,,,,,,,,,,,,,
Antonio Candreva,356c9002,103,itITA,MF,Salernitana,35.0,1987.0,35,32,2726.0,30.3,7.0,4.0,11.0,7.0,0.0,0.0,3,1,0.23,0.13,0.36,0.23,0.36,Matches,2022-2023,ITA,,8.0,,,,,,,,,,,18.0,,,,,,,,,,,,,,,,,,,,,,,46.0,21.0,45.7,1.52,0.69,0.15,0.33,,,,,,,,,,,,,,,,,,
Gianluca Caprari,54e53b7e,104,itITA,"MF,FW",Monza,29.0,1993.0,37,32,2441.0,27.1,5.0,2.0,7.0,4.0,1.0,1.0,7,0,0.18,0.07,0.26,0.15,0.22,Matches,2022-2023,ITA,,7.0,,,,,,,,,,,8.0,,,,,,,,,,,,,,,,,,,,,,,51.0,14.0,27.5,1.88,0.52,0.08,0.29,,,,,,,,,,,,,,,,,,
Francesco Caputo,5bd72174,105,itITA,FW,Sampdoria,34.0,1987.0,15,13,1094.0,12.2,1.0,0.0,1.0,1.0,0.0,0.0,0,0,0.08,0.0,0.08,0.08,0.08,Matches,2022-2023,ITA,,1.0,,,,,,,,,,,1.0,,,,,,,,,,,,,,,,,,,,,,,19.0,5.0,26.3,1.56,0.41,0.05,0.2,,,,,,,,,,,,,,,,,,
Francesco Caputo,5bd72174,106,itITA,FW,Empoli,34.0,1987.0,21,20,1708.0,19.0,5.0,4.0,9.0,3.0,2.0,2.0,1,0,0.26,0.21,0.47,0.16,0.37,Matches,2022-2023,ITA,,2.0,,,,,,,,,,,2.0,,,,,,,,,,,,,,,,,,,,,,,42.0,17.0,40.5,2.21,0.9,0.07,0.18,,,,,,,,,,,,,,,,,,
Andrea Carboni,f7e2af2c,107,itITA,DF,Monza,21.0,2001.0,4,1,167.0,1.9,0.0,0.0,0.0,0.0,0.0,0.0,0,0,0.0,0.0,0.0,0.0,0.0,Matches,2022-2023,ITA,,2.0,,,,,,,,,,,3.0,,,,,,,,,,,,,,,,,,,,,,,1.0,1.0,100.0,0.54,0.54,0.0,0.0,,,,,,,,,,,,,,,,,,
Franco Carboni,b033f803,108,itITA,MF,Monza,19.0,2003.0,3,0,66.0,0.7,0.0,0.0,0.0,0.0,0.0,0.0,0,0,0.0,0.0,0.0,0.0,0.0,Matches,2022-2023,ITA,,1.0,,,,,,,,,,,1.0,,,,,,,,,,,,,,,,,,,,,,,1.0,0.0,0.0,1.36,0.0,0.0,,,,,,,,,,,,,,,,,,,
Valentin Carboni,707b98f1,109,arARG,MF,Inter,17.0,2005.0,5,0,25.0,0.3,0.0,0.0,0.0,0.0,0.0,0.0,0,0,0.0,0.0,0.0,0.0,0.0,Matches,2022-2023,ITA,,1.0,,,,,,,,,,,0.0,,,,,,,,,,,,,,,,,,,,,,,0.0,0.0,,0.0,0.0,,,,,,,,,,,,,,,,,,,,
Marco Carnesecchi,8ec56e62,110,itITA,GK,Cremonese,22.0,2000.0,27,27,2430.0,27.0,0.0,1.0,1.0,0.0,0.0,0.0,1,0,0.0,0.04,0.04,0.0,0.04,Matches,2022-2023,ITA,,1.0,,,,,,,,,,,0.0,,,,,,,,,,,,,,,,,,,,,,,0.0,0.0,,0.0,0.0,,,27.0,27.0,2430.0,47.0,1.74,152.0,107.0,70.4,4.0,9.0,14.0,4.0,14.8,2.0,2.0,0.0,0.0,0.0
Nicolò Casale,3f5f38fb,111,itITA,DF,Lazio,24.0,1998.0,29,27,2437.0,27.1,1.0,1.0,2.0,1.0,0.0,0.0,6,0,0.04,0.04,0.07,0.04,0.07,Matches,2022-2023,ITA,,23.0,,,,,,,,,,,17.0,,,,,,,,,,,,,,,,,,,,,,,8.0,2.0,25.0,0.3,0.07,0.13,0.5,,,,,,,,,,,,,,,,,,
Tommaso Cassandro,6c4307ee,112,itITA,"DF,MF",Lecce,22.0,2000.0,1,0,13.0,0.1,0.0,0.0,0.0,0.0,0.0,0.0,0,0,0.0,0.0,0.0,0.0,0.0,Matches,2022-2023,ITA,,1.0,,,,,,,,,,,0.0,,,,,,,,,,,,,,,,,,,,,,,0.0,0.0,,0.0,0.0,,,,,,,,,,,,,,,,,,,,
Michele Castagnetti,ad92526f,113,itITA,MF,Cremonese,32.0,1989.0,27,14,1412.0,15.7,0.0,1.0,1.0,0.0,0.0,0.0,2,0,0.0,0.06,0.06,0.0,0.06,Matches,2022-2023,ITA,,24.0,,,,,,,,,,,15.0,,,,,,,,,,,,,,,,,,,,,,,12.0,1.0,8.3,0.76,0.06,0.0,0.0,,,,,,,,,,,,,,,,,,
Gaetano Castrovilli,0728bebe,114,itITA,MF,Fiorentina,25.0,1997.0,15,7,718.0,8.0,2.0,1.0,3.0,2.0,0.0,0.0,3,0,0.25,0.13,0.38,0.25,0.38,Matches,2022-2023,ITA,,8.0,,,,,,,,,,,6.0,,,,,,,,,,,,,,,,,,,,,,,18.0,8.0,44.4,2.26,1.0,0.11,0.25,,,,,,,,,,,,,,,,,,
Danilo Cataldi,ba3d3bea,115,itITA,MF,Lazio,27.0,1994.0,29,26,1921.0,21.3,0.0,1.0,1.0,0.0,0.0,0.0,5,0,0.0,0.05,0.05,0.0,0.05,Matches,2022-2023,ITA,,16.0,,,,,,,,,,,25.0,,,,,,,,,,,,,,,,,,,,,,,6.0,1.0,16.7,0.28,0.05,0.0,0.0,,,,,,,,,,,,,,,,,,
Pietro Ceccaroni,4d1efb48,116,itITA,DF,Lecce,26.0,1995.0,2,0,43.0,0.5,0.0,0.0,0.0,0.0,0.0,0.0,0,0,0.0,0.0,0.0,0.0,0.0,Matches,2022-2023,ITA,,0.0,,,,,,,,,,,3.0,,,,,,,,,,,,,,,,,,,,,,,2.0,0.0,0.0,4.19,0.0,0.0,,,,,,,,,,,,,,,,,,,
Federico Ceccherini,d9624b51,117,itITA,DF,Hellas Verona,30.0,1992.0,22,18,1417.0,15.7,2.0,0.0,2.0,2.0,0.0,0.0,9,1,0.13,0.0,0.13,0.13,0.13,Matches,2022-2023,ITA,,19.0,,,,,,,,,,,17.0,,,,,,,,,,,,,,,,,,,,,,,7.0,2.0,28.6,0.44,0.13,0.29,1.0,,,,,,,,,,,,,,,,,,
Assan Ceesay,07f8bcc8,118,gmGAM,FW,Lecce,28.0,1994.0,34,20,1812.0,20.1,6.0,0.0,6.0,5.0,1.0,1.0,2,0,0.3,0.0,0.3,0.25,0.25,Matches,2022-2023,ITA,,18.0,,,,,,,,,,,2.0,,,,,,,,,,,,,,,,,,,,,,,43.0,12.0,27.9,2.14,0.6,0.12,0.42,,,,,,,,,,,,,,,,,,
Emil Ceide,98a84572,119,noNOR,FW,Sassuolo,20.0,2001.0,19,5,515.0,5.7,0.0,1.0,1.0,0.0,0.0,0.0,0,0,0.0,0.17,0.17,0.0,0.17,Matches,2022-2023,ITA,,2.0,,,,,,,,,,,1.0,,,,,,,,,,,,,,,,,,,,,,,10.0,3.0,30.0,1.75,0.52,0.0,0.0,,,,,,,,,,,,,,,,,,
Zeki Çelik,31a62dc7,120,trTUR,"MF,DF",Roma,25.0,1997.0,24,16,1504.0,16.7,0.0,1.0,1.0,0.0,0.0,0.0,7,1,0.0,0.06,0.06,0.0,0.06,Matches,2022-2023,ITA,,21.0,,,,,,,,,,,16.0,,,,,,,,,,,,,,,,,,,,,,,5.0,1.0,20.0,0.3,0.06,0.0,0.0,,,,,,,,,,,,,,,,,,
Michele Cerofolini,efdeaff3,121,itITA,GK,Fiorentina,23.0,1999.0,5,5,450.0,5.0,0.0,0.0,0.0,0.0,0.0,0.0,0,0,0.0,0.0,0.0,0.0,0.0,Matches,2022-2023,ITA,,0.0,,,,,,,,,,,1.0,,,,,,,,,,,,,,,,,,,,,,,0.0,0.0,,0.0,0.0,,,5.0,5.0,450.0,3.0,0.6,10.0,8.0,80.0,4.0,1.0,0.0,2.0,40.0,1.0,1.0,0.0,0.0,0.0
Federico Chiesa,b0f7e36c,122,itITA,"MF,FW",Juventus,24.0,1997.0,21,6,852.0,9.5,2.0,5.0,7.0,2.0,0.0,0.0,2,0,0.21,0.53,0.74,0.21,0.74,Matches,2022-2023,ITA,,10.0,,,,,,,,,,,0.0,,,,,,,,,,,,,,,,,,,,,,,26.0,3.0,11.5,2.75,0.32,0.08,0.67,,,,,,,,,,,,,,,,,,
Vlad Chiricheș,c316607a,123,roROU,DF,Cremonese,32.0,1989.0,16,14,983.0,10.9,0.0,0.0,0.0,0.0,0.0,0.0,2,0,0.0,0.0,0.0,0.0,0.0,Matches,2022-2023,ITA,,20.0,,,,,,,,,,,22.0,,,,,,,,,,,,,,,,,,,,,,,0.0,0.0,,0.0,0.0,,,,,,,,,,,,,,,,,,,,
Daniel Ciofani,b09a3ecc,124,itITA,FW,Cremonese,37.0,1985.0,32,10,1060.0,11.8,8.0,0.0,8.0,5.0,3.0,4.0,1,0,0.68,0.0,0.68,0.42,0.42,Matches,2022-2023,ITA,,3.0,,,,,,,,,,,2.0,,,,,,,,,,,,,,,,,,,,,,,32.0,17.0,53.1,2.72,1.44,0.16,0.29,,,,,,,,,,,,,,,,,,
Tio Cipot,039a4fb6,125,siSVN,MF,Spezia,19.0,2003.0,8,0,139.0,1.5,0.0,0.0,0.0,0.0,0.0,0.0,0,0,0.0,0.0,0.0,0.0,0.0,Matches,2022-2023,ITA,,6.0,,,,,,,,,,,0.0,,,,,,,,,,,,,,,,,,,,,,,2.0,1.0,50.0,1.29,0.65,0.0,0.0,,,,,,,,,,,,,,,,,,
Patrick Ciurria,5de3866c,126,itITA,MF,Monza,27.0,1995.0,36,31,2753.0,30.6,6.0,5.0,11.0,6.0,0.0,0.0,4,0,0.2,0.16,0.36,0.2,0.36,Matches,2022-2023,ITA,,18.0,,,,,,,,,,,5.0,,,,,,,,,,,,,,,,,,,,,,,50.0,23.0,46.0,1.63,0.75,0.12,0.26,,,,,,,,,,,,,,,,,,
Nicolò Cocetta,1faa06d5,127,itITA,DF,Udinese,18.0,2003.0,1,0,32.0,0.4,0.0,0.0,0.0,0.0,0.0,0.0,0,0,0.0,0.0,0.0,0.0,0.0,Matches,2022-2023,ITA,,0.0,,,,,,,,,,,1.0,,,,,,,,,,,,,,,,,,,,,,,0.0,0.0,,0.0,0.0,,,,,,,,,,,,,,,,,,,,
Omar Colley,8b95acda,128,gmGAM,DF,Sampdoria,29.0,1992.0,16,15,1384.0,15.4,1.0,0.0,1.0,1.0,0.0,0.0,5,0,0.07,0.0,0.07,0.07,0.07,Matches,2022-2023,ITA,,10.0,,,,,,,,,,,23.0,,,,,,,,,,,,,,,,,,,,,,,6.0,4.0,66.7,0.39,0.26,0.17,0.25,,,,,,,,,,,,,,,,,,
Lorenzo Colombo,04df29a5,129,itITA,FW,Lecce,20.0,2002.0,33,18,1515.0,16.8,5.0,2.0,7.0,4.0,1.0,2.0,4,0,0.3,0.12,0.42,0.24,0.36,Matches,2022-2023,ITA,,8.0,,,,,,,,,,,1.0,,,,,,,,,,,,,,,,,,,,,,,45.0,14.0,31.1,2.67,0.83,0.09,0.29,,,,,,,,,,,,,,,,,,
Andrea Colpani,6499048c,130,itITA,MF,Monza,23.0,1999.0,27,10,948.0,10.5,4.0,1.0,5.0,4.0,0.0,0.0,1,0,0.38,0.09,0.47,0.38,0.47,Matches,2022-2023,ITA,,8.0,,,,,,,,,,,3.0,,,,,,,,,,,,,,,,,,,,,,,24.0,9.0,37.5,2.28,0.85,0.17,0.44,,,,,,,,,,,,,,,,,,
Andrea Consigli,8cabdc1e,131,itITA,GK,Sassuolo,35.0,1987.0,35,35,3150.0,35.0,0.0,0.0,0.0,0.0,0.0,0.0,0,0,0.0,0.0,0.0,0.0,0.0,Matches,2022-2023,ITA,,0.0,,,,,,,,,,,0.0,,,,,,,,,,,,,,,,,,,,,,,0.0,0.0,,0.0,0.0,,,35.0,35.0,3150.0,55.0,1.57,116.0,64.0,55.2,12.0,8.0,15.0,9.0,25.7,3.0,3.0,0.0,0.0,0.0
Andrea Conti,8fef5412,132,itITA,"DF,MF",Sampdoria,28.0,1994.0,1,0,23.0,0.3,0.0,0.0,0.0,0.0,0.0,0.0,0,0,0.0,0.0,0.0,0.0,0.0,Matches,2022-2023,ITA,,0.0,,,,,,,,,,,0.0,,,,,,,,,,,,,,,,,,,,,,,0.0,0.0,,0.0,0.0,,,,,,,,,,,,,,,,,,,,
Diego Coppola,22ae86f9,133,itITA,DF,Hellas Verona,18.0,2003.0,19,11,1177.0,13.1,0.0,0.0,0.0,0.0,0.0,0.0,5,0,0.0,0.0,0.0,0.0,0.0,Matches,2022-2023,ITA,,17.0,,,,,,,,,,,14.0,,,,,,,,,,,,,,,,,,,,,,,3.0,0.0,0.0,0.23,0.0,0.0,,,,,,,,,,,,,,,,,,,
Alex Cordaz,e66ebabb,134,itITA,GK,Inter,39.0,1983.0,1,0,26.0,0.3,0.0,0.0,0.0,0.0,0.0,0.0,0,0,0.0,0.0,0.0,0.0,0.0,Matches,2022-2023,ITA,,0.0,,,,,,,,,,,0.0,,,,,,,,,,,,,,,,,,,,,,,0.0,0.0,,0.0,0.0,,,1.0,0.0,26.0,0.0,0.0,2.0,2.0,100.0,0.0,0.0,0.0,1.0,,0.0,0.0,0.0,0.0,
Joaquín Correa,45b9b619,135,arARG,FW,Inter,27.0,1994.0,26,12,950.0,10.6,3.0,1.0,4.0,3.0,0.0,0.0,1,0,0.28,0.09,0.38,0.28,0.38,Matches,2022-2023,ITA,,8.0,,,,,,,,,,,3.0,,,,,,,,,,,,,,,,,,,,,,,22.0,8.0,36.4,2.08,0.76,0.14,0.38,,,,,,,,,,,,,,,,,,
Alessandro Cortinovis,bfc359ed,136,itITA,MF,Hellas Verona,21.0,2001.0,1,0,6.0,0.1,0.0,0.0,0.0,0.0,0.0,0.0,0,0,0.0,0.0,0.0,0.0,0.0,Matches,2022-2023,ITA,,0.0,,,,,,,,,,,0.0,,,,,,,,,,,,,,,,,,,,,,,0.0,0.0,,0.0,0.0,,,,,,,,,,,,,,,,,,,,
Lassana Coulibaly,85a44ecc,137,mlMLI,MF,Salernitana,26.0,1996.0,35,34,2892.0,32.1,3.0,3.0,6.0,3.0,0.0,0.0,12,0,0.09,0.09,0.19,0.09,0.19,Matches,2022-2023,ITA,,53.0,,,,,,,,,,,25.0,,,,,,,,,,,,,,,,,,,,,,,17.0,6.0,35.3,0.53,0.19,0.18,0.5,,,,,,,,,,,,,,,,,,
Alessio Cragno,f554e29b,138,itITA,GK,Monza,28.0,1994.0,1,1,90.0,1.0,0.0,0.0,0.0,0.0,0.0,0.0,0,0,0.0,0.0,0.0,0.0,0.0,Matches,2022-2023,ITA,,0.0,,,,,,,,,,,0.0,,,,,,,,,,,,,,,,,,,,,,,0.0,0.0,,0.0,0.0,,,1.0,1.0,90.0,3.0,3.0,5.0,2.0,40.0,0.0,0.0,1.0,0.0,0.0,0.0,0.0,0.0,0.0,
Bryan Cristante,16657b95,139,itITA,MF,Roma,27.0,1995.0,36,34,2938.0,32.6,1.0,1.0,2.0,1.0,0.0,1.0,8,1,0.03,0.03,0.06,0.03,0.06,Matches,2022-2023,ITA,,64.0,,,,,,,,,,,17.0,,,,,,,,,,,,,,,,,,,,,,,29.0,5.0,17.2,0.89,0.15,0.03,0.2,,,,,,,,,,,,,,,,,,
Domen Črnigoj,22cd43d2,140,siSVN,MF,Salernitana,26.0,1995.0,7,4,296.0,3.3,0.0,0.0,0.0,0.0,0.0,0.0,1,0,0.0,0.0,0.0,0.0,0.0,Matches,2022-2023,ITA,,3.0,,,,,,,,,,,10.0,,,,,,,,,,,,,,,,,,,,,,,1.0,0.0,0.0,0.3,0.0,0.0,,,,,,,,,,,,,,,,,,,
Juan Cuadrado,0ab1f153,141,coCOL,"MF,DF",Juventus,34.0,1988.0,31,24,2078.0,23.1,1.0,3.0,4.0,1.0,0.0,0.0,6,1,0.04,0.13,0.17,0.04,0.17,Matches,2022-2023,ITA,,33.0,,,,,,,,,,,25.0,,,,,,,,,,,,,,,,,,,,,,,32.0,10.0,31.3,1.39,0.43,0.03,0.1,,,,,,,,,,,,,,,,,,
Mickaël Cuisance,5722eced,142,frFRA,MF,Sampdoria,22.0,1999.0,12,9,618.0,6.9,0.0,0.0,0.0,0.0,0.0,0.0,1,0,0.0,0.0,0.0,0.0,0.0,Matches,2022-2023,ITA,,12.0,,,,,,,,,,,4.0,,,,,,,,,,,,,,,,,,,,,,,10.0,2.0,20.0,1.46,0.29,0.0,0.0,,,,,,,,,,,,,,,,,,
Marco D'Alessandro,060606ec,143,itITA,MF,Monza,31.0,1991.0,8,3,290.0,3.2,0.0,0.0,0.0,0.0,0.0,0.0,2,0,0.0,0.0,0.0,0.0,0.0,Matches,2022-2023,ITA,,5.0,,,,,,,,,,,1.0,,,,,,,,,,,,,,,,,,,,,,,4.0,1.0,25.0,1.24,0.31,0.0,0.0,,,,,,,,,,,,,,,,,,
Danilo D'Ambrosio,44eb9093,144,itITA,DF,Inter,33.0,1988.0,15,8,733.0,8.1,0.0,2.0,2.0,0.0,0.0,0.0,3,1,0.0,0.25,0.25,0.0,0.25,Matches,2022-2023,ITA,,19.0,,,,,,,,,,,10.0,,,,,,,,,,,,,,,,,,,,,,,3.0,2.0,66.7,0.37,0.25,0.0,0.0,,,,,,,,,,,,,,,,,,
Luca D'Andrea,f778fe3f,145,itITA,FW,Sassuolo,17.0,2004.0,5,5,316.0,3.5,0.0,1.0,1.0,0.0,0.0,0.0,0,0,0.0,0.28,0.28,0.0,0.28,Matches,2022-2023,ITA,,0.0,,,,,,,,,,,1.0,,,,,,,,,,,,,,,,,,,,,,,7.0,3.0,42.9,1.99,0.85,0.0,0.0,,,,,,,,,,,,,,,,,,
Flavius Daniliuc,7ef972c3,146,atAUT,DF,Salernitana,21.0,2001.0,27,23,2195.0,24.4,0.0,2.0,2.0,0.0,0.0,0.0,9,0,0.0,0.08,0.08,0.0,0.08,Matches,2022-2023,ITA,,29.0,,,,,,,,,,,28.0,,,,,,,,,,,,,,,,,,,,,,,10.0,4.0,40.0,0.41,0.16,0.0,0.0,,,,,,,,,,,,,,,,,,
Danilo,94b2001f,147,brBRA,DF,Juventus,31.0,1991.0,37,35,3184.0,35.4,3.0,3.0,6.0,3.0,0.0,0.0,5,0,0.08,0.08,0.17,0.08,0.17,Matches,2022-2023,ITA,,64.0,,,,,,,,,,,46.0,,,,,,,,,,,,,,,,,,,,,,,32.0,5.0,15.6,0.9,0.14,0.09,0.6,,,,,,,,,,,,,,,,,,
Matteo Darmian,96e0490d,148,itITA,"MF,DF",Inter,32.0,1989.0,31,24,2025.0,22.5,1.0,2.0,3.0,1.0,0.0,0.0,3,0,0.04,0.09,0.13,0.04,0.13,Matches,2022-2023,ITA,,31.0,,,,,,,,,,,21.0,,,,,,,,,,,,,,,,,,,,,,,7.0,1.0,14.3,0.31,0.04,0.14,1.0,,,,,,,,,,,,,,,,,,
Juan David Cabal,ef6eef89,149,coCOL,DF,Hellas Verona,21.0,2001.0,11,3,444.0,4.9,0.0,0.0,0.0,0.0,0.0,0.0,3,0,0.0,0.0,0.0,0.0,0.0,Matches,2022-2023,ITA,,6.0,,,,,,,,,,,13.0,,,,,,,,,,,,,,,,,,,,,,,1.0,1.0,100.0,0.2,0.2,0.0,0.0,,,,,,,,,,,,,,,,,,
Paweł Dawidowicz,16bb656a,150,plPOL,DF,Hellas Verona,27.0,1995.0,23,20,1632.0,18.1,1.0,1.0,2.0,1.0,0.0,0.0,6,1,0.06,0.06,0.11,0.06,0.11,Matches,2022-2023,ITA,,30.0,,,,,,,,,,,23.0,,,,,,,,,,,,,,,,,,,,,,,11.0,2.0,18.2,0.61,0.11,0.09,0.5,,,,,,,,,,,,,,,,,,
Charles De Ketelaere,2ef7c612,151,beBEL,MF,Milan,21.0,2001.0,32,9,1116.0,12.4,0.0,1.0,1.0,0.0,0.0,0.0,2,0,0.0,0.08,0.08,0.0,0.08,Matches,2022-2023,ITA,,12.0,,,,,,,,,,,4.0,,,,,,,,,,,,,,,,,,,,,,,19.0,4.0,21.1,1.53,0.32,0.0,0.0,,,,,,,,,,,,,,,,,,
Manuel De Luca,60e3603d,152,itITA,FW,Sampdoria,24.0,1998.0,2,0,44.0,0.5,0.0,0.0,0.0,0.0,0.0,0.0,0,0,0.0,0.0,0.0,0.0,0.0,Matches,2022-2023,ITA,,0.0,,,,,,,,,,,0.0,,,,,,,,,,,,,,,,,,,,,,,0.0,0.0,,0.0,0.0,,,,,,,,,,,,,,,,,,,,
Tommaso De Nipoti,7f9d956a,153,itITA,FW,Atalanta,19.0,2003.0,1,0,4.0,0.0,0.0,0.0,0.0,0.0,0.0,0.0,0,0,0.0,0.0,0.0,0.0,0.0,Matches,2022-2023,ITA,,0.0,,,,,,,,,,,0.0,,,,,,,,,,,,,,,,,,,,,,,0.0,0.0,,0.0,0.0,,,,,,,,,,,,,,,,,,,,
Mattia De Sciglio,ae4e2852,154,itITA,"MF,DF",Juventus,29.0,1992.0,17,11,1042.0,11.6,0.0,0.0,0.0,0.0,0.0,0.0,0,0,0.0,0.0,0.0,0.0,0.0,Matches,2022-2023,ITA,,8.0,,,,,,,,,,,3.0,,,,,,,,,,,,,,,,,,,,,,,4.0,0.0,0.0,0.35,0.0,0.0,,,,,,,,,,,,,,,,,,,
Lorenzo De Silvestri,e74f0e59,155,itITA,"DF,MF",Bologna,34.0,1988.0,15,6,672.0,7.5,1.0,0.0,1.0,1.0,0.0,0.0,1,0,0.13,0.0,0.13,0.13,0.13,Matches,2022-2023,ITA,,2.0,,,,,,,,,,,3.0,,,,,,,,,,,,,,,,,,,,,,,5.0,3.0,60.0,0.67,0.4,0.2,0.33,,,,,,,,,,,,,,,,,,
Koni De Winter,f4797849,156,beBEL,DF,Empoli,20.0,2002.0,14,12,1024.0,11.4,0.0,0.0,0.0,0.0,0.0,0.0,3,0,0.0,0.0,0.0,0.0,0.0,Matches,2022-2023,ITA,,10.0,,,,,,,,,,,6.0,,,,,,,,,,,,,,,,,,,,,,,0.0,0.0,,0.0,0.0,,,,,,,,,,,,,,,,,,,,
Grégoire Defrel,854ee61a,157,mqMTQ,FW,Sassuolo,31.0,1991.0,27,13,1167.0,13.0,2.0,1.0,3.0,2.0,0.0,0.0,3,0,0.15,0.08,0.23,0.15,0.23,Matches,2022-2023,ITA,,7.0,,,,,,,,,,,2.0,,,,,,,,,,,,,,,,,,,,,,,16.0,10.0,62.5,1.23,0.77,0.13,0.2,,,,,,,,,,,,,,,,,,
Duccio Degl'Innocenti,0e0d6c53,158,itITA,MF,Empoli,19.0,2003.0,1,0,3.0,0.0,0.0,0.0,0.0,0.0,0.0,0.0,0,0,0.0,0.0,0.0,0.0,0.0,Matches,2022-2023,ITA,,0.0,,,,,,,,,,,1.0,,,,,,,,,,,,,,,,,,,,,,,0.0,0.0,,0.0,0.0,,,,,,,,,,,,,,,,,,,,
Merih Demiral,e3cceee6,159,trTUR,DF,Atalanta,24.0,1998.0,28,14,1536.0,17.1,1.0,0.0,1.0,1.0,0.0,0.0,5,0,0.06,0.0,0.06,0.06,0.06,Matches,2022-2023,ITA,,29.0,,,,,,,,,,,23.0,,,,,,,,,,,,,,,,,,,,,,,7.0,1.0,14.3,0.41,0.06,0.14,1.0,,,,,,,,,,,,,,,,,,
Diego Demme,dc3fa3b5,160,deGER,MF,Napoli,30.0,1991.0,7,2,146.0,1.6,0.0,0.0,0.0,0.0,0.0,0.0,0,0,0.0,0.0,0.0,0.0,0.0,Matches,2022-2023,ITA,,0.0,,,,,,,,,,,1.0,,,,,,,,,,,,,,,,,,,,,,,0.0,0.0,,0.0,0.0,,,,,,,,,,,,,,,,,,,,
Fabio Depaoli,d97f2e8d,161,itITA,MF,Hellas Verona,25.0,1997.0,31,24,2173.0,24.1,2.0,2.0,4.0,2.0,0.0,0.0,7,0,0.08,0.08,0.17,0.08,0.17,Matches,2022-2023,ITA,,30.0,,,,,,,,,,,19.0,,,,,,,,,,,,,,,,,,,,,,,17.0,4.0,23.5,0.7,0.17,0.12,0.5,,,,,,,,,,,,,,,,,,
Fabio Depaoli,d97f2e8d,162,itITA,DF,Sampdoria,25.0,1997.0,3,1,136.0,1.5,0.0,0.0,0.0,0.0,0.0,0.0,1,0,0.0,0.0,0.0,0.0,0.0,Matches,2022-2023,ITA,,3.0,,,,,,,,,,,1.0,,,,,,,,,,,,,,,,,,,,,,,2.0,0.0,0.0,1.32,0.0,0.0,,,,,,,,,,,,,,,,,,,
Kastriot Dermaku,2990c466,163,alALB,DF,Lecce,30.0,1992.0,1,0,34.0,0.4,0.0,0.0,0.0,0.0,0.0,0.0,0,0,0.0,0.0,0.0,0.0,0.0,Matches,2022-2023,ITA,,0.0,,,,,,,,,,,0.0,,,,,,,,,,,,,,,,,,,,,,,0.0,0.0,,0.0,0.0,,,,,,,,,,,,,,,,,,,,
Cyriel Dessers,dcb38abe,164,ngNGA,FW,Cremonese,27.0,1994.0,26,19,1587.0,17.6,6.0,1.0,7.0,6.0,0.0,1.0,3,0,0.34,0.06,0.4,0.34,0.4,Matches,2022-2023,ITA,,4.0,,,,,,,,,,,2.0,,,,,,,,,,,,,,,,,,,,,,,50.0,13.0,26.0,2.84,0.74,0.12,0.46,,,,,,,,,,,,,,,,,,
Sergiño Dest,5976f83e,165,usUSA,DF,Milan,21.0,2000.0,8,2,329.0,3.7,0.0,0.0,0.0,0.0,0.0,0.0,0,0,0.0,0.0,0.0,0.0,0.0,Matches,2022-2023,ITA,,5.0,,,,,,,,,,,3.0,,,,,,,,,,,,,,,,,,,,,,,2.0,1.0,50.0,0.55,0.27,0.0,0.0,,,,,,,,,,,,,,,,,,
Mattia Destro,d7d32194,166,itITA,FW,Empoli,31.0,1991.0,17,6,572.0,6.4,1.0,0.0,1.0,1.0,0.0,0.0,3,0,0.16,0.0,0.16,0.16,0.16,Matches,2022-2023,ITA,,1.0,,,,,,,,,,,1.0,,,,,,,,,,,,,,,,,,,,,,,20.0,7.0,35.0,3.15,1.1,0.05,0.14,,,,,,,,,,,,,,,,,,
Gerard Deulofeu,39583cfd,167,esESP,FW,Udinese,28.0,1994.0,16,15,1211.0,13.5,2.0,6.0,8.0,2.0,0.0,0.0,1,0,0.15,0.45,0.59,0.15,0.59,Matches,2022-2023,ITA,,5.0,,,,,,,,,,,2.0,,,,,,,,,,,,,,,,,,,,,,,44.0,12.0,27.3,3.27,0.89,0.05,0.17,,,,,,,,,,,,,,,,,,
Samuel Di Carmine,ef94dc2f,168,itITA,FW,Cremonese,33.0,1988.0,2,0,28.0,0.3,0.0,0.0,0.0,0.0,0.0,0.0,0,0,0.0,0.0,0.0,0.0,0.0,Matches,2022-2023,ITA,,0.0,,,,,,,,,,,0.0,,,,,,,,,,,,,,,,,,,,,,,1.0,0.0,0.0,3.21,0.0,0.0,,,,,,,,,,,,,,,,,,,
Federico Di Francesco,1fca9171,169,itITA,"FW,MF",Lecce,28.0,1994.0,36,23,2031.0,22.6,2.0,2.0,4.0,2.0,0.0,0.0,5,0,0.09,0.09,0.18,0.09,0.18,Matches,2022-2023,ITA,,16.0,,,,,,,,,,,9.0,,,,,,,,,,,,,,,,,,,,,,,40.0,17.0,42.5,1.77,0.75,0.05,0.12,,,,,,,,,,,,,,,,,,
Michele Di Gregorio,4e0c8d66,170,itITA,GK,Monza,25.0,1997.0,37,37,3330.0,37.0,0.0,1.0,1.0,0.0,0.0,0.0,0,0,0.0,0.03,0.03,0.0,0.03,Matches,2022-2023,ITA,,0.0,,,,,,,,,,,4.0,,,,,,,,,,,,,,,,,,,,,,,0.0,0.0,,0.0,0.0,,,37.0,37.0,3330.0,49.0,1.32,166.0,120.0,72.3,14.0,10.0,13.0,10.0,27.0,3.0,3.0,0.0,0.0,0.0
Giovanni Di Lorenzo,230a2fac,171,itITA,DF,Napoli,28.0,1993.0,37,36,3257.0,36.2,3.0,4.0,7.0,3.0,0.0,0.0,2,0,0.08,0.11,0.19,0.08,0.19,Matches,2022-2023,ITA,,29.0,,,,,,,,,,,29.0,,,,,,,,,,,,,,,,,,,,,,,31.0,13.0,41.9,0.86,0.36,0.1,0.23,,,,,,,,,,,,,,,,,,
Ángel Di María,19cda00b,172,arARG,"FW,MF",Juventus,34.0,1988.0,26,15,1363.0,15.1,4.0,4.0,8.0,3.0,1.0,1.0,1,1,0.26,0.26,0.53,0.2,0.46,Matches,2022-2023,ITA,,5.0,,,,,,,,,,,7.0,,,,,,,,,,,,,,,,,,,,,,,38.0,13.0,34.2,2.51,0.86,0.08,0.23,,,,,,,,,,,,,,,,,,
Boulaye Dia,244bc2c8,173,snSEN,"FW,MF",Salernitana,25.0,1996.0,33,27,2518.0,28.0,16.0,6.0,22.0,15.0,1.0,1.0,4,0,0.57,0.21,0.79,0.54,0.75,Matches,2022-2023,ITA,,5.0,,,,,,,,,,,8.0,,,,,,,,,,,,,,,,,,,,,,,48.0,22.0,45.8,1.72,0.79,0.31,0.68,,,,,,,,,,,,,,,,,,
Brahim Díaz,407feb71,174,maMAR,MF,Milan,22.0,1999.0,33,27,1925.0,21.4,6.0,7.0,13.0,6.0,0.0,0.0,3,0,0.28,0.33,0.61,0.28,0.61,Matches,2022-2023,ITA,,15.0,,,,,,,,,,,7.0,,,,,,,,,,,,,,,,,,,,,,,35.0,17.0,48.6,1.64,0.79,0.17,0.35,,,,,,,,,,,,,,,,,,
Federico Dimarco,970b8574,175,itITA,"MF,DF",Inter,24.0,1997.0,33,26,2069.0,23.0,4.0,3.0,7.0,4.0,0.0,0.0,0,0,0.17,0.13,0.3,0.17,0.3,Matches,2022-2023,ITA,,25.0,,,,,,,,,,,18.0,,,,,,,,,,,,,,,,,,,,,,,48.0,15.0,31.3,2.09,0.65,0.08,0.27,,,,,,,,,,,,,,,,,,
Koffi Djidji,933d3b51,176,ciCIV,DF,Torino,29.0,1992.0,34,26,2424.0,26.9,1.0,0.0,1.0,1.0,0.0,0.0,3,0,0.04,0.0,0.04,0.04,0.04,Matches,2022-2023,ITA,,26.0,,,,,,,,,,,33.0,,,,,,,,,,,,,,,,,,,,,,,7.0,3.0,42.9,0.26,0.11,0.14,0.33,,,,,,,,,,,,,,,,,,
Berat Djimsiti,6eee05f1,177,alALB,DF,Atalanta,29.0,1993.0,24,20,1797.0,20.0,0.0,1.0,1.0,0.0,0.0,0.0,3,0,0.0,0.05,0.05,0.0,0.05,Matches,2022-2023,ITA,,20.0,,,,,,,,,,,39.0,,,,,,,,,,,,,,,,,,,,,,,4.0,0.0,0.0,0.2,0.0,0.0,,,,,,,,,,,,,,,,,,,
Dodô,b5f7d10b,178,brBRA,DF,Fiorentina,23.0,1998.0,33,28,2331.0,25.9,1.0,3.0,4.0,1.0,0.0,0.0,5,1,0.04,0.12,0.15,0.04,0.15,Matches,2022-2023,ITA,,22.0,,,,,,,,,,,24.0,,,,,,,,,,,,,,,,,,,,,,,11.0,4.0,36.4,0.42,0.15,0.09,0.25,,,,,,,,,,,,,,,,,,
Josh Doig,2f69d881,179,sctSCO,MF,Hellas Verona,20.0,2002.0,22,15,1354.0,15.0,2.0,3.0,5.0,2.0,0.0,0.0,1,0,0.13,0.2,0.33,0.13,0.33,Matches,2022-2023,ITA,,8.0,,,,,,,,,,,11.0,,,,,,,,,,,,,,,,,,,,,,,18.0,6.0,33.3,1.2,0.4,0.11,0.33,,,,,,,,,,,,,,,,,,
Nicolás Domínguez,20b3a502,180,arARG,MF,Bologna,24.0,1998.0,31,26,2300.0,25.6,3.0,2.0,5.0,3.0,0.0,0.0,10,0,0.12,0.08,0.2,0.12,0.2,Matches,2022-2023,ITA,,48.0,,,,,,,,,,,22.0,,,,,,,,,,,,,,,,,,,,,,,42.0,17.0,40.5,1.64,0.67,0.07,0.18,,,,,,,,,,,,,,,,,,
Giulio Donati,22051fbe,181,itITA,"DF,MF",Monza,32.0,1990.0,8,4,422.0,4.7,1.0,0.0,1.0,1.0,0.0,0.0,4,2,0.21,0.0,0.21,0.21,0.21,Matches,2022-2023,ITA,,2.0,,,,,,,,,,,5.0,,,,,,,,,,,,,,,,,,,,,,,2.0,1.0,50.0,0.43,0.21,0.5,1.0,,,,,,,,,,,,,,,,,,
Bartłomiej Drągowski,085e71a7,182,plPOL,GK,Spezia,24.0,1997.0,34,34,2946.0,32.7,0.0,1.0,1.0,0.0,0.0,0.0,1,0,0.0,0.03,0.03,0.0,0.03,Matches,2022-2023,ITA,,0.0,,,,,,,,,,,1.0,,,,,,,,,,,,,,,,,,,,,,,0.0,0.0,,0.0,0.0,,,34.0,34.0,2946.0,54.0,1.65,163.0,114.0,69.3,6.0,10.0,18.0,6.0,17.6,6.0,4.0,1.0,1.0,20.0
Ondrej Duda,79ca3e23,183,skSVK,MF,Hellas Verona,27.0,1994.0,15,11,1061.0,11.8,0.0,0.0,0.0,0.0,0.0,0.0,4,0,0.0,0.0,0.0,0.0,0.0,Matches,2022-2023,ITA,,14.0,,,,,,,,,,,12.0,,,,,,,,,,,,,,,,,,,,,,,13.0,4.0,30.8,1.1,0.34,0.0,0.0,,,,,,,,,,,,,,,,,,
Denzel Dumfries,481c9ece,184,nlNED,MF,Inter,26.0,1996.0,34,25,2218.0,24.6,1.0,4.0,5.0,1.0,0.0,0.0,4,0,0.04,0.16,0.2,0.04,0.2,Matches,2022-2023,ITA,,20.0,,,,,,,,,,,12.0,,,,,,,,,,,,,,,,,,,,,,,33.0,14.0,42.4,1.34,0.57,0.03,0.07,,,,,,,,,,,,,,,,,,
Alfred Duncan,528492ea,185,ghGHA,MF,Fiorentina,29.0,1993.0,25,13,1103.0,12.3,1.0,0.0,1.0,1.0,0.0,0.0,3,0,0.08,0.0,0.08,0.08,0.08,Matches,2022-2023,ITA,,10.0,,,,,,,,,,,8.0,,,,,,,,,,,,,,,,,,,,,,,9.0,2.0,22.2,0.73,0.16,0.11,0.5,,,,,,,,,,,,,,,,,,
Paulo Dybala,e0921a4f,186,arARG,"MF,FW",Roma,28.0,1993.0,25,21,1739.0,19.3,12.0,6.0,18.0,7.0,5.0,5.0,5,0,0.62,0.31,0.93,0.36,0.67,Matches,2022-2023,ITA,,4.0,,,,,,,,,,,7.0,,,,,,,,,,,,,,,,,,,,,,,65.0,23.0,35.4,3.36,1.19,0.11,0.3,,,,,,,,,,,,,,,,,,
Edin Džeko,3bb7f478,187,baBIH,FW,Inter,36.0,1986.0,33,18,1732.0,19.2,9.0,3.0,12.0,9.0,0.0,0.0,3,0,0.47,0.16,0.62,0.47,0.62,Matches,2022-2023,ITA,,3.0,,,,,,,,,,,4.0,,,,,,,,,,,,,,,,,,,,,,,73.0,25.0,34.2,3.79,1.3,0.12,0.36,,,,,,,,,,,,,,,,,,
Festy Ebosele,dbfa4f16,188,ieIRL,MF,Udinese,19.0,2002.0,17,4,411.0,4.6,0.0,1.0,1.0,0.0,0.0,0.0,4,0,0.0,0.22,0.22,0.0,0.22,Matches,2022-2023,ITA,,10.0,,,,,,,,,,,2.0,,,,,,,,,,,,,,,,,,,,,,,4.0,1.0,25.0,0.88,0.22,0.0,0.0,,,,,,,,,,,,,,,,,,
Enzo Ebosse,9ba7b4fa,189,cmCMR,"DF,MF",Udinese,23.0,1999.0,20,9,930.0,10.3,0.0,0.0,0.0,0.0,0.0,0.0,3,0,0.0,0.0,0.0,0.0,0.0,Matches,2022-2023,ITA,,9.0,,,,,,,,,,,12.0,,,,,,,,,,,,,,,,,,,,,,,3.0,0.0,0.0,0.29,0.0,0.0,,,,,,,,,,,,,,,,,,,
Tyronne Ebuehi,6af30900,190,ngNGA,DF,Empoli,26.0,1995.0,26,22,1923.0,21.4,2.0,4.0,6.0,2.0,0.0,0.0,0,0,0.09,0.19,0.28,0.09,0.28,Matches,2022-2023,ITA,,13.0,,,,,,,,,,,12.0,,,,,,,,,,,,,,,,,,,,,,,19.0,4.0,21.1,0.89,0.19,0.11,0.5,,,,,,,,,,,,,,,,,,
Éderson,a9202def,191,brBRA,MF,Atalanta,23.0,1999.0,35,25,2215.0,24.6,1.0,1.0,2.0,1.0,0.0,0.0,4,0,0.04,0.04,0.08,0.04,0.08,Matches,2022-2023,ITA,,37.0,,,,,,,,,,,34.0,,,,,,,,,,,,,,,,,,,,,,,36.0,10.0,27.8,1.46,0.41,0.03,0.1,,,,,,,,,,,,,,,,,,
Kingsley Ehizibue,76b2817e,192,nlNED,MF,Udinese,27.0,1995.0,27,16,1535.0,17.1,2.0,0.0,2.0,2.0,0.0,0.0,7,0,0.12,0.0,0.12,0.12,0.12,Matches,2022-2023,ITA,,31.0,,,,,,,,,,,10.0,,,,,,,,,,,,,,,,,,,,,,,13.0,6.0,46.2,0.76,0.35,0.15,0.33,,,,,,,,,,,,,,,,,,
Albin Ekdal,f503ea63,193,seSWE,MF,Spezia,33.0,1989.0,31,18,1734.0,19.3,0.0,2.0,2.0,0.0,0.0,0.0,6,1,0.0,0.1,0.1,0.0,0.1,Matches,2022-2023,ITA,,24.0,,,,,,,,,,,27.0,,,,,,,,,,,,,,,,,,,,,,,19.0,4.0,21.1,0.99,0.21,0.0,0.0,,,,,,,,,,,,,,,,,,
Emmanuel Ekong,c20892ee,194,seSWE,FW,Empoli,20.0,2002.0,2,0,20.0,0.2,0.0,0.0,0.0,0.0,0.0,0.0,0,0,0.0,0.0,0.0,0.0,0.0,Matches,2022-2023,ITA,,0.0,,,,,,,,,,,0.0,,,,,,,,,,,,,,,,,,,,,,,1.0,0.0,0.0,4.5,0.0,0.0,,,,,,,,,,,,,,,,,,,
Mikael Ellertsson,c55967eb,195,isISL,MF,Spezia,20.0,2002.0,11,1,171.0,1.9,0.0,0.0,0.0,0.0,0.0,0.0,3,0,0.0,0.0,0.0,0.0,0.0,Matches,2022-2023,ITA,,2.0,,,,,,,,,,,2.0,,,,,,,,,,,,,,,,,,,,,,,2.0,0.0,0.0,1.05,0.0,0.0,,,,,,,,,,,,,,,,,,,
Elif Elmas,cf007308,196,mkMKD,"MF,FW",Napoli,22.0,1999.0,36,14,1627.0,18.1,6.0,3.0,9.0,5.0,1.0,1.0,5,0,0.33,0.17,0.5,0.28,0.44,Matches,2022-2023,ITA,,17.0,,,,,,,,,,,8.0,,,,,,,,,,,,,,,,,,,,,,,33.0,11.0,33.3,1.83,0.61,0.15,0.45,,,,,,,,,,,,,,,,,,
Martin Erlic,0fee6bda,197,hrCRO,DF,Sassuolo,24.0,1998.0,28,26,2330.0,25.9,0.0,0.0,0.0,0.0,0.0,0.0,2,0,0.0,0.0,0.0,0.0,0.0,Matches,2022-2023,ITA,,17.0,,,,,,,,,,,28.0,,,,,,,,,,,,,,,,,,,,,,,4.0,0.0,0.0,0.15,0.0,0.0,,,,,,,,,,,,,,,,,,,
Gonzalo Escalante,3f79a1c8,198,arARG,MF,Cremonese,29.0,1993.0,9,7,555.0,6.2,0.0,1.0,1.0,0.0,0.0,0.0,0,1,0.0,0.16,0.16,0.0,0.16,Matches,2022-2023,ITA,,8.0,,,,,,,,,,,10.0,,,,,,,,,,,,,,,,,,,,,,,6.0,1.0,16.7,0.97,0.16,0.0,0.0,,,,,,,,,,,,,,,,,,
Salvatore Esposito,5cf5c9ad,199,itITA,MF,Spezia,21.0,2000.0,15,10,971.0,10.8,1.0,0.0,1.0,1.0,0.0,0.0,5,1,0.09,0.0,0.09,0.09,0.09,Matches,2022-2023,ITA,,12.0,,,,,,,,,,,12.0,,,,,,,,,,,,,,,,,,,,,,,14.0,2.0,14.3,1.3,0.19,0.07,0.5,,,,,,,,,,,,,,,,,,
Nicolò Fagioli,366be751,200,itITA,MF,Juventus,21.0,2001.0,26,17,1520.0,16.9,3.0,3.0,6.0,3.0,0.0,0.0,3,0,0.18,0.18,0.36,0.18,0.36,Matches,2022-2023,ITA,,18.0,,,,,,,,,,,8.0,,,,,,,,,,,,,,,,,,,,,,,13.0,8.0,61.5,0.77,0.47,0.23,0.38,,,,,,,,,,,,,,,,,,
Wladimiro Falcone,9f5a610b,201,itITA,GK,Lecce,27.0,1995.0,38,38,3420.0,38.0,0.0,0.0,0.0,0.0,0.0,0.0,2,0,0.0,0.0,0.0,0.0,0.0,Matches,2022-2023,ITA,,0.0,,,,,,,,,,,2.0,,,,,,,,,,,,,,,,,,,,,,,0.0,0.0,,0.0,0.0,,,38.0,38.0,3420.0,46.0,1.21,153.0,112.0,73.2,8.0,12.0,18.0,6.0,15.8,6.0,5.0,1.0,0.0,16.7
Davide Faraoni,aae9d04a,202,itITA,"MF,DF",Hellas Verona,30.0,1991.0,23,19,1485.0,16.5,2.0,3.0,5.0,2.0,0.0,0.0,7,0,0.12,0.18,0.3,0.12,0.3,Matches,2022-2023,ITA,,23.0,,,,,,,,,,,14.0,,,,,,,,,,,,,,,,,,,,,,,20.0,5.0,25.0,1.21,0.3,0.1,0.4,,,,,,,,,,,,,,,,,,
Federico Fazio,4e358a2d,203,arARG,DF,Salernitana,35.0,1987.0,14,12,1074.0,11.9,1.0,0.0,1.0,1.0,0.0,0.0,2,1,0.08,0.0,0.08,0.08,0.08,Matches,2022-2023,ITA,,12.0,,,,,,,,,,,28.0,,,,,,,,,,,,,,,,,,,,,,,11.0,2.0,18.2,0.92,0.17,0.09,0.5,,,,,,,,,,,,,,,,,,
Jacopo Fazzini,06b08c45,204,itITA,MF,Empoli,19.0,2003.0,21,8,825.0,9.2,0.0,0.0,0.0,0.0,0.0,0.0,4,0,0.0,0.0,0.0,0.0,0.0,Matches,2022-2023,ITA,,17.0,,,,,,,,,,,7.0,,,,,,,,,,,,,,,,,,,,,,,14.0,1.0,7.1,1.53,0.11,0.0,0.0,,,,,,,,,,,,,,,,,,
Lewis Ferguson,ee64a822,205,sctSCO,MF,Bologna,22.0,1999.0,32,27,2314.0,25.7,7.0,0.0,7.0,7.0,0.0,0.0,4,0,0.27,0.0,0.27,0.27,0.27,Matches,2022-2023,ITA,,26.0,,,,,,,,,,,16.0,,,,,,,,,,,,,,,,,,,,,,,43.0,19.0,44.2,1.67,0.74,0.16,0.37,,,,,,,,,,,,,,,,,,
Alex Ferrari,d0dbca9f,206,itITA,DF,Sampdoria,28.0,1994.0,12,10,868.0,9.6,0.0,0.0,0.0,0.0,0.0,0.0,3,0,0.0,0.0,0.0,0.0,0.0,Matches,2022-2023,ITA,,6.0,,,,,,,,,,,20.0,,,,,,,,,,,,,,,,,,,,,,,5.0,0.0,0.0,0.52,0.0,0.0,,,,,,,,,,,,,,,,,,,
Alex Ferrari,d0dbca9f,207,itITA,DF,Cremonese,28.0,1994.0,16,13,1007.0,11.2,0.0,0.0,0.0,0.0,0.0,0.0,3,0,0.0,0.0,0.0,0.0,0.0,Matches,2022-2023,ITA,,24.0,,,,,,,,,,,25.0,,,,,,,,,,,,,,,,,,,,,,,0.0,0.0,,0.0,0.0,,,,,,,,,,,,,,,,,,,,
Salvador Ferrer,eb76987d,208,esESP,MF,Spezia,24.0,1998.0,5,0,136.0,1.5,0.0,0.0,0.0,0.0,0.0,0.0,0,0,0.0,0.0,0.0,0.0,0.0,Matches,2022-2023,ITA,,2.0,,,,,,,,,,,1.0,,,,,,,,,,,,,,,,,,,,,,,0.0,0.0,,0.0,0.0,,,,,,,,,,,,,,,,,,,,
Vincenzo Fiorillo,a2565f79,209,itITA,GK,Salernitana,32.0,1990.0,1,1,90.0,1.0,0.0,0.0,0.0,0.0,0.0,0.0,0,0,0.0,0.0,0.0,0.0,0.0,Matches,2022-2023,ITA,,0.0,,,,,,,,,,,0.0,,,,,,,,,,,,,,,,,,,,,,,0.0,0.0,,0.0,0.0,,,1.0,1.0,90.0,2.0,2.0,4.0,2.0,50.0,1.0,0.0,0.0,0.0,0.0,0.0,0.0,0.0,0.0,
Alessandro Florenzi,e288d4b3,210,itITA,DF,Milan,31.0,1991.0,6,2,203.0,2.3,0.0,0.0,0.0,0.0,0.0,0.0,1,0,0.0,0.0,0.0,0.0,0.0,Matches,2022-2023,ITA,,3.0,,,,,,,,,,,4.0,,,,,,,,,,,,,,,,,,,,,,,5.0,2.0,40.0,2.22,0.89,0.0,0.0,,,,,,,,,,,,,,,,,,
Davide Frattesi,2a7d27c1,211,itITA,MF,Sassuolo,22.0,1999.0,36,35,2873.0,31.9,7.0,0.0,7.0,7.0,0.0,0.0,4,0,0.22,0.0,0.22,0.22,0.22,Matches,2022-2023,ITA,,33.0,,,,,,,,,,,16.0,,,,,,,,,,,,,,,,,,,,,,,64.0,24.0,37.5,2.0,0.75,0.11,0.29,,,,,,,,,,,,,,,,,,
Matteo Gabbia,c235e803,212,itITA,DF,Milan,22.0,1999.0,12,6,613.0,6.8,0.0,0.0,0.0,0.0,0.0,0.0,2,0,0.0,0.0,0.0,0.0,0.0,Matches,2022-2023,ITA,,9.0,,,,,,,,,,,4.0,,,,,,,,,,,,,,,,,,,,,,,1.0,0.0,0.0,0.15,0.0,0.0,,,,,,,,,,,,,,,,,,,
Manolo Gabbiadini,8f866fe8,213,itITA,"FW,MF",Sampdoria,30.0,1991.0,35,27,2354.0,26.2,7.0,2.0,9.0,7.0,0.0,0.0,6,0,0.27,0.08,0.34,0.27,0.34,Matches,2022-2023,ITA,,15.0,,,,,,,,,,,6.0,,,,,,,,,,,,,,,,,,,,,,,72.0,29.0,40.3,2.75,1.11,0.1,0.24,,,,,,,,,,,,,,,,,,
Gianluca Gaetano,3b387cc7,214,itITA,MF,Napoli,22.0,2000.0,8,0,76.0,0.8,1.0,1.0,2.0,1.0,0.0,0.0,0,0,1.18,1.18,2.37,1.18,2.37,Matches,2022-2023,ITA,,3.0,,,,,,,,,,,1.0,,,,,,,,,,,,,,,,,,,,,,,7.0,5.0,71.4,8.29,5.92,0.14,0.2,,,,,,,,,,,,,,,,,,
Roberto Gagliardini,ce30bfc8,215,itITA,MF,Inter,28.0,1994.0,19,7,783.0,8.7,0.0,0.0,0.0,0.0,0.0,0.0,5,1,0.0,0.0,0.0,0.0,0.0,Matches,2022-2023,ITA,,5.0,,,,,,,,,,,4.0,,,,,,,,,,,,,,,,,,,,,,,16.0,2.0,12.5,1.84,0.23,0.0,0.0,,,,,,,,,,,,,,,,,,
Adolfo Gaich,8dfed6e9,216,arARG,FW,Hellas Verona,23.0,1999.0,16,8,726.0,8.1,2.0,0.0,2.0,2.0,0.0,0.0,2,0,0.25,0.0,0.25,0.25,0.25,Matches,2022-2023,ITA,,4.0,,,,,,,,,,,4.0,,,,,,,,,,,,,,,,,,,,,,,24.0,8.0,33.3,2.98,0.99,0.08,0.25,,,,,,,,,,,,,,,,,,
Pablo Galdames Millán,dd403465,217,clCHI,MF,Cremonese,25.0,1996.0,13,10,734.0,8.2,1.0,2.0,3.0,1.0,0.0,0.0,2,0,0.12,0.25,0.37,0.12,0.37,Matches,2022-2023,ITA,,9.0,,,,,,,,,,,10.0,,,,,,,,,,,,,,,,,,,,,,,7.0,4.0,57.1,0.86,0.49,0.14,0.25,,,,,,,,,,,,,,,,,,
Antonino Gallo,c74d63ac,218,itITA,DF,Lecce,22.0,2000.0,32,28,2486.0,27.6,0.0,1.0,1.0,0.0,0.0,0.0,5,1,0.0,0.04,0.04,0.0,0.04,Matches,2022-2023,ITA,,36.0,,,,,,,,,,,10.0,,,,,,,,,,,,,,,,,,,,,,,10.0,2.0,20.0,0.36,0.07,0.0,0.0,,,,,,,,,,,,,,,,,,
Federico Gatti,18dd3219,219,itITA,DF,Juventus,24.0,1998.0,18,16,1448.0,16.1,0.0,0.0,0.0,0.0,0.0,0.0,4,0,0.0,0.0,0.0,0.0,0.0,Matches,2022-2023,ITA,,11.0,,,,,,,,,,,20.0,,,,,,,,,,,,,,,,,,,,,,,13.0,4.0,30.8,0.81,0.25,0.0,0.0,,,,,,,,,,,,,,,,,,
Valentin Gendrey,822ed0ec,220,frFRA,DF,Lecce,22.0,2000.0,37,35,3101.0,34.5,0.0,2.0,2.0,0.0,0.0,0.0,4,0,0.0,0.06,0.06,0.0,0.06,Matches,2022-2023,ITA,,57.0,,,,,,,,,,,37.0,,,,,,,,,,,,,,,,,,,,,,,10.0,0.0,0.0,0.29,0.0,0.0,,,,,,,,,,,,,,,,,,,
Paolo Ghiglione,71dc23da,221,itITA,MF,Cremonese,25.0,1997.0,15,8,711.0,7.9,1.0,1.0,2.0,1.0,0.0,0.0,4,0,0.13,0.13,0.25,0.13,0.25,Matches,2022-2023,ITA,,11.0,,,,,,,,,,,4.0,,,,,,,,,,,,,,,,,,,,,,,7.0,2.0,28.6,0.89,0.25,0.14,0.5,,,,,,,,,,,,,,,,,,
Mario Gila,9c435456,222,esESP,DF,Lazio,21.0,2000.0,4,0,90.0,1.0,0.0,0.0,0.0,0.0,0.0,0.0,0,0,0.0,0.0,0.0,0.0,0.0,Matches,2022-2023,ITA,,1.0,,,,,,,,,,,3.0,,,,,,,,,,,,,,,,,,,,,,,0.0,0.0,,0.0,0.0,,,,,,,,,,,,,,,,,,,,
Gvidas Gineitis,548bd0de,223,ltLTU,MF,Torino,18.0,2004.0,3,2,136.0,1.5,0.0,0.0,0.0,0.0,0.0,0.0,2,0,0.0,0.0,0.0,0.0,0.0,Matches,2022-2023,ITA,,1.0,,,,,,,,,,,0.0,,,,,,,,,,,,,,,,,,,,,,,1.0,0.0,0.0,0.66,0.0,0.0,,,,,,,,,,,,,,,,,,,
Olivier Giroud,16ceb862,224,frFRA,FW,Milan,35.0,1986.0,33,25,2139.0,23.8,13.0,5.0,18.0,10.0,3.0,3.0,8,1,0.55,0.21,0.76,0.42,0.63,Matches,2022-2023,ITA,,5.0,,,,,,,,,,,1.0,,,,,,,,,,,,,,,,,,,,,,,81.0,32.0,39.5,3.41,1.35,0.12,0.31,,,,,,,,,,,,,,,,,,
Pierluigi Gollini,f0f7f62f,225,itITA,GK,Fiorentina,27.0,1995.0,3,3,270.0,3.0,0.0,0.0,0.0,0.0,0.0,0.0,0,0,0.0,0.0,0.0,0.0,0.0,Matches,2022-2023,ITA,,0.0,,,,,,,,,,,0.0,,,,,,,,,,,,,,,,,,,,,,,0.0,0.0,,0.0,0.0,,,3.0,3.0,270.0,2.0,0.67,8.0,6.0,75.0,1.0,2.0,0.0,2.0,66.7,0.0,0.0,0.0,0.0,
Pierluigi Gollini,f0f7f62f,226,itITA,GK,Napoli,27.0,1995.0,4,4,360.0,4.0,0.0,0.0,0.0,0.0,0.0,0.0,0,0,0.0,0.0,0.0,0.0,0.0,Matches,2022-2023,ITA,,0.0,,,,,,,,,,,0.0,,,,,,,,,,,,,,,,,,,,,,,0.0,0.0,,0.0,0.0,,,4.0,4.0,360.0,4.0,1.0,16.0,12.0,75.0,2.0,1.0,1.0,2.0,50.0,0.0,0.0,0.0,0.0,
Joan Gonzàlez,f025eade,227,esESP,MF,Lecce,20.0,2002.0,35,26,2197.0,24.4,1.0,3.0,4.0,1.0,0.0,0.0,8,0,0.04,0.12,0.16,0.04,0.16,Matches,2022-2023,ITA,,28.0,,,,,,,,,,,18.0,,,,,,,,,,,,,,,,,,,,,,,17.0,4.0,23.5,0.7,0.16,0.06,0.25,,,,,,,,,,,,,,,,,,
Nicolás González,2374aaca,228,arARG,"FW,MF",Fiorentina,24.0,1998.0,24,13,1354.0,15.0,6.0,1.0,7.0,4.0,2.0,2.0,3,0,0.4,0.07,0.47,0.27,0.33,Matches,2022-2023,ITA,,9.0,,,,,,,,,,,4.0,,,,,,,,,,,,,,,,,,,,,,,60.0,19.0,31.7,3.99,1.26,0.07,0.21,,,,,,,,,,,,,,,,,,
Robin Gosens,2d970560,229,deGER,MF,Inter,28.0,1994.0,32,11,1184.0,13.2,3.0,0.0,3.0,3.0,0.0,0.0,2,0,0.23,0.0,0.23,0.23,0.23,Matches,2022-2023,ITA,,19.0,,,,,,,,,,,23.0,,,,,,,,,,,,,,,,,,,,,,,26.0,5.0,19.2,1.98,0.38,0.12,0.6,,,,,,,,,,,,,,,,,,
Alberto Grassi,6cc97b6a,230,itITA,MF,Empoli,27.0,1995.0,25,14,1194.0,13.3,0.0,0.0,0.0,0.0,0.0,0.0,3,0,0.0,0.0,0.0,0.0,0.0,Matches,2022-2023,ITA,,22.0,,,,,,,,,,,24.0,,,,,,,,,,,,,,,,,,,,,,,10.0,3.0,30.0,0.75,0.23,0.0,0.0,,,,,,,,,,,,,,,,,,
Andrew Gravillon,49136c42,231,gpGLP,DF,Torino,24.0,1998.0,7,4,312.0,3.5,0.0,0.0,0.0,0.0,0.0,0.0,2,0,0.0,0.0,0.0,0.0,0.0,Matches,2022-2023,ITA,,3.0,,,,,,,,,,,8.0,,,,,,,,,,,,,,,,,,,,,,,1.0,0.0,0.0,0.29,0.0,0.0,,,,,,,,,,,,,,,,,,,
Axel Guessand,e04dca4a,232,frFRA,DF,Udinese,17.0,2004.0,1,1,79.0,0.9,0.0,0.0,0.0,0.0,0.0,0.0,0,0,0.0,0.0,0.0,0.0,0.0,Matches,2022-2023,ITA,,1.0,,,,,,,,,,,2.0,,,,,,,,,,,,,,,,,,,,,,,0.0,0.0,,0.0,0.0,,,,,,,,,,,,,,,,,,,,
Koray Günter,f1f1f238,233,deGER,DF,Hellas Verona,27.0,1994.0,13,11,1003.0,11.1,1.0,0.0,1.0,1.0,0.0,0.0,3,0,0.09,0.0,0.09,0.09,0.09,Matches,2022-2023,ITA,,6.0,,,,,,,,,,,30.0,,,,,,,,,,,,,,,,,,,,,,,9.0,1.0,11.1,0.81,0.09,0.11,1.0,,,,,,,,,,,,,,,,,,
Koray Günter,f1f1f238,234,deGER,DF,Sampdoria,27.0,1994.0,10,8,776.0,8.6,0.0,0.0,0.0,0.0,0.0,0.0,2,0,0.0,0.0,0.0,0.0,0.0,Matches,2022-2023,ITA,,8.0,,,,,,,,,,,10.0,,,,,,,,,,,,,,,,,,,,,,,1.0,0.0,0.0,0.12,0.0,0.0,,,,,,,,,,,,,,,,,,,
Emmanuel Gyasi,f9758dae,235,ghGHA,"FW,MF",Spezia,28.0,1994.0,35,35,2810.0,31.2,2.0,0.0,2.0,2.0,0.0,0.0,10,0,0.06,0.0,0.06,0.06,0.06,Matches,2022-2023,ITA,,17.0,,,,,,,,,,,8.0,,,,,,,,,,,,,,,,,,,,,,,34.0,13.0,38.2,1.09,0.42,0.06,0.15,,,,,,,,,,,,,,,,,,
Norbert Gyömbér,0be276c6,236,skSVK,DF,Salernitana,30.0,1992.0,27,23,1740.0,19.3,0.0,1.0,1.0,0.0,0.0,0.0,5,0,0.0,0.05,0.05,0.0,0.05,Matches,2022-2023,ITA,,24.0,,,,,,,,,,,34.0,,,,,,,,,,,,,,,,,,,,,,,8.0,0.0,0.0,0.41,0.0,0.0,,,,,,,,,,,,,,,,,,,
Christian Gytkjær,9250bcff,237,dkDEN,FW,Monza,32.0,1990.0,22,3,559.0,6.2,1.0,0.0,1.0,1.0,0.0,1.0,0,0,0.16,0.0,0.16,0.16,0.16,Matches,2022-2023,ITA,,2.0,,,,,,,,,,,0.0,,,,,,,,,,,,,,,,,,,,,,,13.0,6.0,46.2,2.09,0.97,0.08,0.17,,,,,,,,,,,,,,,,,,
Nicolas Haas,fa449bba,238,chSUI,MF,Empoli,26.0,1996.0,24,12,1156.0,12.8,1.0,1.0,2.0,1.0,0.0,0.0,2,0,0.08,0.08,0.16,0.08,0.16,Matches,2022-2023,ITA,,13.0,,,,,,,,,,,8.0,,,,,,,,,,,,,,,,,,,,,,,8.0,3.0,37.5,0.62,0.23,0.13,0.33,,,,,,,,,,,,,,,,,,
Samir Handanović,74419746,239,siSVN,GK,Inter,38.0,1984.0,14,14,1234.0,13.7,0.0,0.0,0.0,0.0,0.0,0.0,0,0,0.0,0.0,0.0,0.0,0.0,Matches,2022-2023,ITA,,0.0,,,,,,,,,,,0.0,,,,,,,,,,,,,,,,,,,,,,,0.0,0.0,,0.0,0.0,,,14.0,14.0,1234.0,18.0,1.31,52.0,35.0,67.3,9.0,0.0,5.0,5.0,35.7,1.0,1.0,0.0,0.0,0.0
Abdou Harroui,65fd099c,240,nlNED,MF,Sassuolo,24.0,1998.0,23,5,647.0,7.2,2.0,0.0,2.0,2.0,0.0,0.0,2,0,0.28,0.0,0.28,0.28,0.28,Matches,2022-2023,ITA,,6.0,,,,,,,,,,,3.0,,,,,,,,,,,,,,,,,,,,,,,14.0,4.0,28.6,1.95,0.56,0.14,0.5,,,,,,,,,,,,,,,,,,
Hans Hateboer,3b333ac3,241,nlNED,"MF,DF",Atalanta,28.0,1994.0,17,17,1397.0,15.5,1.0,1.0,2.0,1.0,0.0,0.0,7,0,0.06,0.06,0.13,0.06,0.13,Matches,2022-2023,ITA,,13.0,,,,,,,,,,,14.0,,,,,,,,,,,,,,,,,,,,,,,13.0,4.0,30.8,0.84,0.26,0.08,0.25,,,,,,,,,,,,,,,,,,
Liam Henderson,d7918b13,242,sctSCO,MF,Empoli,26.0,1996.0,25,11,1007.0,11.2,0.0,1.0,1.0,0.0,0.0,0.0,9,0,0.0,0.09,0.09,0.0,0.09,Matches,2022-2023,ITA,,11.0,,,,,,,,,,,10.0,,,,,,,,,,,,,,,,,,,,,,,12.0,5.0,41.7,1.07,0.45,0.0,0.0,,,,,,,,,,,,,,,,,,
Jack Hendry,ffed43e3,243,sctSCO,DF,Cremonese,27.0,1995.0,4,2,220.0,2.4,0.0,0.0,0.0,0.0,0.0,0.0,1,0,0.0,0.0,0.0,0.0,0.0,Matches,2022-2023,ITA,,0.0,,,,,,,,,,,1.0,,,,,,,,,,,,,,,,,,,,,,,0.0,0.0,,0.0,0.0,,,,,,,,,,,,,,,,,,,,
Matheus Henrique,a2d9f138,244,brBRA,MF,Sassuolo,24.0,1997.0,30,21,1947.0,21.6,4.0,1.0,5.0,4.0,0.0,0.0,4,0,0.18,0.05,0.23,0.18,0.23,Matches,2022-2023,ITA,,12.0,,,,,,,,,,,14.0,,,,,,,,,,,,,,,,,,,,,,,25.0,12.0,48.0,1.16,0.55,0.16,0.33,,,,,,,,,,,,,,,,,,
Thomas Henry,9ef42479,245,frFRA,FW,Hellas Verona,27.0,1994.0,16,13,1030.0,11.4,2.0,0.0,2.0,2.0,0.0,0.0,4,0,0.17,0.0,0.17,0.17,0.17,Matches,2022-2023,ITA,,4.0,,,,,,,,,,,0.0,,,,,,,,,,,,,,,,,,,,,,,18.0,5.0,27.8,1.57,0.44,0.11,0.4,,,,,,,,,,,,,,,,,,
Theo Hernández,d4c9725f,246,frFRA,"DF,MF",Milan,24.0,1997.0,32,32,2771.0,30.8,4.0,3.0,7.0,3.0,1.0,1.0,7,0,0.13,0.1,0.23,0.1,0.19,Matches,2022-2023,ITA,,26.0,,,,,,,,,,,18.0,,,,,,,,,,,,,,,,,,,,,,,52.0,12.0,23.1,1.69,0.39,0.06,0.25,,,,,,,,,,,,,,,,,,
Isak Hien,12806697,247,seSWE,DF,Hellas Verona,23.0,1999.0,32,28,2607.0,29.0,0.0,0.0,0.0,0.0,0.0,0.0,9,0,0.0,0.0,0.0,0.0,0.0,Matches,2022-2023,ITA,,36.0,,,,,,,,,,,30.0,,,,,,,,,,,,,,,,,,,,,,,3.0,0.0,0.0,0.1,0.0,0.0,,,,,,,,,,,,,,,,,,,
Morten Hjulmand,d4456fb3,248,dkDEN,MF,Lecce,23.0,1999.0,35,34,2962.0,32.9,0.0,4.0,4.0,0.0,0.0,0.0,9,1,0.0,0.12,0.12,0.0,0.12,Matches,2022-2023,ITA,,55.0,,,,,,,,,,,69.0,,,,,,,,,,,,,,,,,,,,,,,17.0,4.0,23.5,0.52,0.12,0.0,0.0,,,,,,,,,,,,,,,,,,
Emil Holm,c2357b65,249,seSWE,MF,Spezia,22.0,2000.0,20,17,1393.0,15.5,1.0,1.0,2.0,1.0,0.0,0.0,4,0,0.06,0.06,0.13,0.06,0.13,Matches,2022-2023,ITA,,14.0,,,,,,,,,,,8.0,,,,,,,,,,,,,,,,,,,,,,,15.0,5.0,33.3,0.97,0.32,0.07,0.2,,,,,,,,,,,,,,,,,,
Martin Hongla,b85bf253,250,cmCMR,MF,Hellas Verona,24.0,1998.0,9,6,523.0,5.8,0.0,0.0,0.0,0.0,0.0,0.0,4,0,0.0,0.0,0.0,0.0,0.0,Matches,2022-2023,ITA,,4.0,,,,,,,,,,,6.0,,,,,,,,,,,,,,,,,,,,,,,5.0,2.0,40.0,0.86,0.34,0.0,0.0,,,,,,,,,,,,,,,,,,
Petko Hristov,d8800a46,251,bgBUL,DF,Spezia,23.0,1999.0,9,4,365.0,4.1,0.0,0.0,0.0,0.0,0.0,0.0,0,0,0.0,0.0,0.0,0.0,0.0,Matches,2022-2023,ITA,,4.0,,,,,,,,,,,3.0,,,,,,,,,,,,,,,,,,,,,,,1.0,0.0,0.0,0.25,0.0,0.0,,,,,,,,,,,,,,,,,,,
Ajdin Hrustic,1f2d714c,252,auAUS,MF,Hellas Verona,26.0,1996.0,6,3,226.0,2.5,0.0,0.0,0.0,0.0,0.0,0.0,0,0,0.0,0.0,0.0,0.0,0.0,Matches,2022-2023,ITA,,1.0,,,,,,,,,,,1.0,,,,,,,,,,,,,,,,,,,,,,,3.0,0.0,0.0,1.19,0.0,0.0,,,,,,,,,,,,,,,,,,,
Elseid Hysaj,2f3452eb,253,alALB,DF,Lazio,28.0,1994.0,34,22,1998.0,22.2,1.0,1.0,2.0,1.0,0.0,0.0,3,0,0.05,0.05,0.09,0.05,0.09,Matches,2022-2023,ITA,,22.0,,,,,,,,,,,21.0,,,,,,,,,,,,,,,,,,,,,,,4.0,2.0,50.0,0.18,0.09,0.25,0.5,,,,,,,,,,,,,,,,,,
Rasmus Højlund,491a433d,254,dkDEN,FW,Atalanta,19.0,2003.0,32,20,1834.0,20.4,9.0,2.0,11.0,9.0,0.0,0.0,1,0,0.44,0.1,0.54,0.44,0.54,Matches,2022-2023,ITA,,3.0,,,,,,,,,,,1.0,,,,,,,,,,,,,,,,,,,,,,,54.0,28.0,51.9,2.65,1.37,0.17,0.32,,,,,,,,,,,,,,,,,,
Roger Ibanez,82efe6fa,255,brBRA,DF,Roma,23.0,1998.0,33,32,2796.0,31.1,3.0,0.0,3.0,3.0,0.0,0.0,11,1,0.1,0.0,0.1,0.1,0.1,Matches,2022-2023,ITA,,35.0,,,,,,,,,,,67.0,,,,,,,,,,,,,,,,,,,,,,,29.0,11.0,37.9,0.93,0.35,0.1,0.27,,,,,,,,,,,,,,,,,,
Zlatan Ibrahimović,4cde5509,256,seSWE,FW,Milan,40.0,1981.0,4,1,146.0,1.6,1.0,0.0,1.0,0.0,1.0,1.0,0,0,0.62,0.0,0.62,0.0,0.0,Matches,2022-2023,ITA,,0.0,,,,,,,,,,,0.0,,,,,,,,,,,,,,,,,,,,,,,6.0,3.0,50.0,3.7,1.85,0.0,0.0,,,,,,,,,,,,,,,,,,
Antonio Iervolino,daa4c94c,257,itITA,MF,Salernitana,19.0,2003.0,1,0,5.0,0.1,0.0,0.0,0.0,0.0,0.0,0.0,0,0,0.0,0.0,0.0,0.0,0.0,Matches,2022-2023,ITA,,0.0,,,,,,,,,,,0.0,,,,,,,,,,,,,,,,,,,,,,,0.0,0.0,,0.0,0.0,,,,,,,,,,,,,,,,,,,,
Igor,a4e85758,258,brBRA,DF,Fiorentina,24.0,1998.0,27,23,2057.0,22.9,0.0,0.0,0.0,0.0,0.0,0.0,10,1,0.0,0.0,0.0,0.0,0.0,Matches,2022-2023,ITA,,29.0,,,,,,,,,,,26.0,,,,,,,,,,,,,,,,,,,,,,,7.0,0.0,0.0,0.31,0.0,0.0,,,,,,,,,,,,,,,,,,,
Jonathan Ikone,42eaa028,259,frFRA,"MF,FW",Fiorentina,24.0,1998.0,33,24,2007.0,22.3,4.0,4.0,8.0,4.0,0.0,0.0,4,0,0.18,0.18,0.36,0.18,0.36,Matches,2022-2023,ITA,,7.0,,,,,,,,,,,5.0,,,,,,,,,,,,,,,,,,,,,,,51.0,10.0,19.6,2.29,0.45,0.08,0.4,,,,,,,,,,,,,,,,,,
Ivan Ilić,bb376bed,260,rsSRB,MF,Hellas Verona,21.0,2001.0,11,10,851.0,9.5,0.0,1.0,1.0,0.0,0.0,0.0,1,0,0.0,0.11,0.11,0.0,0.11,Matches,2022-2023,ITA,,10.0,,,,,,,,,,,8.0,,,,,,,,,,,,,,,,,,,,,,,9.0,2.0,22.2,0.95,0.21,0.0,0.0,,,,,,,,,,,,,,,,,,
Ivan Ilić,bb376bed,261,rsSRB,MF,Torino,21.0,2001.0,14,13,1177.0,13.1,2.0,2.0,4.0,2.0,0.0,0.0,3,0,0.15,0.15,0.31,0.15,0.31,Matches,2022-2023,ITA,,8.0,,,,,,,,,,,5.0,,,,,,,,,,,,,,,,,,,,,,,5.0,2.0,40.0,0.38,0.15,0.4,1.0,,,,,,,,,,,,,,,,,,
Samuel Iling-Junior,ba492306,262,engENG,MF,Juventus,18.0,2003.0,12,1,318.0,3.5,1.0,1.0,2.0,1.0,0.0,0.0,1,0,0.28,0.28,0.57,0.28,0.57,Matches,2022-2023,ITA,,2.0,,,,,,,,,,,2.0,,,,,,,,,,,,,,,,,,,,,,,4.0,1.0,25.0,1.13,0.28,0.25,1.0,,,,,,,,,,,,,,,,,,
Emirhan İlkhan,a47c6309,263,trTUR,MF,Torino,18.0,2004.0,4,1,87.0,1.0,0.0,0.0,0.0,0.0,0.0,0.0,1,0,0.0,0.0,0.0,0.0,0.0,Matches,2022-2023,ITA,,1.0,,,,,,,,,,,2.0,,,,,,,,,,,,,,,,,,,,,,,2.0,0.0,0.0,2.07,0.0,0.0,,,,,,,,,,,,,,,,,,,
Emirhan İlkhan,a47c6309,264,trTUR,MF,Sampdoria,18.0,2004.0,8,0,113.0,1.3,0.0,0.0,0.0,0.0,0.0,0.0,0,0,0.0,0.0,0.0,0.0,0.0,Matches,2022-2023,ITA,,3.0,,,,,,,,,,,0.0,,,,,,,,,,,,,,,,,,,,,,,1.0,0.0,0.0,0.8,0.0,0.0,,,,,,,,,,,,,,,,,,,
Ciro Immobile,4431aed2,265,itITA,FW,Lazio,32.0,1990.0,31,27,2219.0,24.7,12.0,5.0,17.0,8.0,4.0,5.0,3,0,0.49,0.2,0.69,0.32,0.53,Matches,2022-2023,ITA,,5.0,,,,,,,,,,,1.0,,,,,,,,,,,,,,,,,,,,,,,77.0,34.0,44.2,3.12,1.38,0.1,0.24,,,,,,,,,,,,,,,,,,
Ardian Ismajli,6b635f5c,266,alALB,DF,Empoli,25.0,1996.0,25,22,2094.0,23.3,0.0,0.0,0.0,0.0,0.0,0.0,3,0,0.0,0.0,0.0,0.0,0.0,Matches,2022-2023,ITA,,32.0,,,,,,,,,,,26.0,,,,,,,,,,,,,,,,,,,,,,,9.0,2.0,22.2,0.39,0.09,0.0,0.0,,,,,,,,,,,,,,,,,,
Mihailo Ivanović,71c620d7,267,rsSRB,FW,Sampdoria,17.0,2004.0,1,0,4.0,0.0,0.0,0.0,0.0,0.0,0.0,0.0,0,0,0.0,0.0,0.0,0.0,0.0,Matches,2022-2023,ITA,,0.0,,,,,,,,,,,0.0,,,,,,,,,,,,,,,,,,,,,,,0.0,0.0,,0.0,0.0,,,,,,,,,,,,,,,,,,,,
Armando Izzo,89976232,268,itITA,DF,Monza,30.0,1992.0,30,29,2466.0,27.4,1.0,0.0,1.0,1.0,0.0,0.0,10,0,0.04,0.0,0.04,0.04,0.04,Matches,2022-2023,ITA,,48.0,,,,,,,,,,,46.0,,,,,,,,,,,,,,,,,,,,,,,16.0,4.0,25.0,0.58,0.15,0.06,0.25,,,,,,,,,,,,,,,,,,
Mato Jajalo,8c65eb5f,269,baBIH,MF,Udinese,34.0,1988.0,3,0,63.0,0.7,0.0,0.0,0.0,0.0,0.0,0.0,0,0,0.0,0.0,0.0,0.0,0.0,Matches,2022-2023,ITA,,0.0,,,,,,,,,,,0.0,,,,,,,,,,,,,,,,,,,,,,,2.0,0.0,0.0,2.86,0.0,0.0,,,,,,,,,,,,,,,,,,,
Jesé,4a537185,270,esESP,FW,Sampdoria,29.0,1993.0,11,1,210.0,2.3,1.0,1.0,2.0,1.0,0.0,0.0,0,0,0.43,0.43,0.86,0.43,0.86,Matches,2022-2023,ITA,,0.0,,,,,,,,,,,1.0,,,,,,,,,,,,,,,,,,,,,,,3.0,2.0,66.7,1.29,0.86,0.33,0.5,,,,,,,,,,,,,,,,,,
Juan Jesus,79083382,271,brBRA,DF,Napoli,31.0,1991.0,15,10,933.0,10.4,1.0,0.0,1.0,1.0,0.0,0.0,2,0,0.1,0.0,0.1,0.1,0.1,Matches,2022-2023,ITA,,11.0,,,,,,,,,,,11.0,,,,,,,,,,,,,,,,,,,,,,,5.0,1.0,20.0,0.48,0.1,0.2,1.0,,,,,,,,,,,,,,,,,,
Þórir Jóhann Helgason,dc765618,272,isISL,MF,Lecce,21.0,2000.0,12,2,222.0,2.5,0.0,0.0,0.0,0.0,0.0,0.0,0,0,0.0,0.0,0.0,0.0,0.0,Matches,2022-2023,ITA,,2.0,,,,,,,,,,,3.0,,,,,,,,,,,,,,,,,,,,,,,2.0,0.0,0.0,0.81,0.0,0.0,,,,,,,,,,,,,,,,,,,
Luka Jović,4d8cd038,273,rsSRB,FW,Fiorentina,24.0,1997.0,31,16,1534.0,17.0,6.0,3.0,9.0,6.0,0.0,1.0,3,0,0.35,0.18,0.53,0.35,0.53,Matches,2022-2023,ITA,,3.0,,,,,,,,,,,2.0,,,,,,,,,,,,,,,,,,,,,,,57.0,21.0,36.8,3.34,1.23,0.11,0.29,,,,,,,,,,,,,,,,,,
Hamed Junior Traorè,570bb4b9,274,ciCIV,"MF,FW",Sassuolo,22.0,2000.0,11,6,591.0,6.6,0.0,3.0,3.0,0.0,0.0,0.0,1,0,0.0,0.46,0.46,0.0,0.46,Matches,2022-2023,ITA,,7.0,,,,,,,,,,,2.0,,,,,,,,,,,,,,,,,,,,,,,8.0,4.0,50.0,1.22,0.61,0.0,0.0,,,,,,,,,,,,,,,,,,
Yayah Kallon,f95f49d2,275,slSLE,MF,Hellas Verona,21.0,2001.0,22,8,860.0,9.6,1.0,1.0,2.0,1.0,0.0,0.0,1,0,0.1,0.1,0.21,0.1,0.21,Matches,2022-2023,ITA,,10.0,,,,,,,,,,,8.0,,,,,,,,,,,,,,,,,,,,,,,20.0,6.0,30.0,2.09,0.63,0.05,0.17,,,,,,,,,,,,,,,,,,
Pierre Kalulu,85f7d1be,276,frFRA,DF,Milan,22.0,2000.0,34,26,2548.0,28.3,1.0,0.0,1.0,1.0,0.0,0.0,4,0,0.04,0.0,0.04,0.04,0.04,Matches,2022-2023,ITA,,40.0,,,,,,,,,,,41.0,,,,,,,,,,,,,,,,,,,,,,,11.0,2.0,18.2,0.39,0.07,0.09,0.5,,,,,,,,,,,,,,,,,,
Yann Karamoh,8b66d9cc,277,frFRA,MF,Torino,24.0,1998.0,21,7,716.0,8.0,4.0,0.0,4.0,4.0,0.0,0.0,2,0,0.5,0.0,0.5,0.5,0.5,Matches,2022-2023,ITA,,2.0,,,,,,,,,,,0.0,,,,,,,,,,,,,,,,,,,,,,,20.0,12.0,60.0,2.51,1.51,0.2,0.33,,,,,,,,,,,,,,,,,,
Rick Karsdorp,9f84febe,278,nlNED,MF,Roma,27.0,1995.0,13,8,711.0,7.9,0.0,0.0,0.0,0.0,0.0,0.0,0,0,0.0,0.0,0.0,0.0,0.0,Matches,2022-2023,ITA,,13.0,,,,,,,,,,,7.0,,,,,,,,,,,,,,,,,,,,,,,2.0,0.0,0.0,0.25,0.0,0.0,,,,,,,,,,,,,,,,,,,
Denso Kasius,7ae36711,279,nlNED,MF,Bologna,19.0,2002.0,7,4,342.0,3.8,0.0,2.0,2.0,0.0,0.0,0.0,1,0,0.0,0.53,0.53,0.0,0.53,Matches,2022-2023,ITA,,6.0,,,,,,,,,,,3.0,,,,,,,,,,,,,,,,,,,,,,,4.0,0.0,0.0,1.05,0.0,0.0,,,,,,,,,,,,,,,,,,,
Grigoris Kastanos,2a82aa85,280,cyCYP,MF,Salernitana,24.0,1998.0,28,13,1286.0,14.3,2.0,1.0,3.0,2.0,0.0,0.0,4,0,0.14,0.07,0.21,0.14,0.21,Matches,2022-2023,ITA,,24.0,,,,,,,,,,,8.0,,,,,,,,,,,,,,,,,,,,,,,30.0,9.0,30.0,2.1,0.63,0.07,0.22,,,,,,,,,,,,,,,,,,
Moise Kean,3d50bcdb,281,itITA,FW,Juventus,22.0,2000.0,28,11,995.0,11.1,6.0,0.0,6.0,6.0,0.0,0.0,5,1,0.54,0.0,0.54,0.54,0.54,Matches,2022-2023,ITA,,4.0,,,,,,,,,,,5.0,,,,,,,,,,,,,,,,,,,,,,,38.0,14.0,36.8,3.44,1.27,0.16,0.43,,,,,,,,,,,,,,,,,,
Jakub Kiwior,dc3e663e,282,plPOL,"DF,MF",Spezia,22.0,2000.0,17,17,1443.0,16.0,0.0,0.0,0.0,0.0,0.0,0.0,3,0,0.0,0.0,0.0,0.0,0.0,Matches,2022-2023,ITA,,18.0,,,,,,,,,,,26.0,,,,,,,,,,,,,,,,,,,,,,,9.0,3.0,33.3,0.56,0.19,0.0,0.0,,,,,,,,,,,,,,,,,,
Simon Kjær,8b8a56ce,283,dkDEN,DF,Milan,33.0,1989.0,17,12,1007.0,11.2,0.0,0.0,0.0,0.0,0.0,0.0,4,0,0.0,0.0,0.0,0.0,0.0,Matches,2022-2023,ITA,,9.0,,,,,,,,,,,9.0,,,,,,,,,,,,,,,,,,,,,,,0.0,0.0,,0.0,0.0,,,,,,,,,,,,,,,,,,,,
Teun Koopmeiners,a26fb8aa,284,nlNED,MF,Atalanta,24.0,1998.0,33,32,2858.0,31.8,10.0,4.0,14.0,8.0,2.0,4.0,7,0,0.31,0.13,0.44,0.25,0.38,Matches,2022-2023,ITA,,27.0,,,,,,,,,,,20.0,,,,,,,,,,,,,,,,,,,,,,,59.0,27.0,45.8,1.86,0.85,0.14,0.3,,,,,,,,,,,,,,,,,,
Filip Kostić,b1cd37e6,285,rsSRB,"MF,FW",Juventus,29.0,1992.0,37,33,2564.0,28.5,3.0,8.0,11.0,3.0,0.0,0.0,3,0,0.11,0.28,0.39,0.11,0.39,Matches,2022-2023,ITA,,25.0,,,,,,,,,,,16.0,,,,,,,,,,,,,,,,,,,,,,,37.0,11.0,29.7,1.3,0.39,0.08,0.27,,,,,,,,,,,,,,,,,,
Christian Kouamé,58e933d2,286,ciCIV,"FW,MF",Fiorentina,24.0,1997.0,28,22,1866.0,20.7,4.0,4.0,8.0,4.0,0.0,0.0,5,0,0.19,0.19,0.39,0.19,0.39,Matches,2022-2023,ITA,,19.0,,,,,,,,,,,12.0,,,,,,,,,,,,,,,,,,,,,,,42.0,15.0,35.7,2.03,0.72,0.1,0.27,,,,,,,,,,,,,,,,,,
Viktor Kovalenko,9d60028d,287,uaUKR,MF,Spezia,26.0,1996.0,18,7,548.0,6.1,0.0,0.0,0.0,0.0,0.0,0.0,1,0,0.0,0.0,0.0,0.0,0.0,Matches,2022-2023,ITA,,7.0,,,,,,,,,,,4.0,,,,,,,,,,,,,,,,,,,,,,,11.0,1.0,9.1,1.81,0.16,0.0,0.0,,,,,,,,,,,,,,,,,,
Julian Kristoffersen,b804c280,288,noNOR,FW,Salernitana,25.0,1997.0,1,0,18.0,0.2,0.0,0.0,0.0,0.0,0.0,0.0,0,0,0.0,0.0,0.0,0.0,0.0,Matches,2022-2023,ITA,,0.0,,,,,,,,,,,0.0,,,,,,,,,,,,,,,,,,,,,,,0.0,0.0,,0.0,0.0,,,,,,,,,,,,,,,,,,,,
Raimonds Krollis,b4101c2e,289,lvLVA,FW,Spezia,20.0,2001.0,4,0,36.0,0.4,0.0,0.0,0.0,0.0,0.0,0.0,0,0,0.0,0.0,0.0,0.0,0.0,Matches,2022-2023,ITA,,1.0,,,,,,,,,,,0.0,,,,,,,,,,,,,,,,,,,,,,,2.0,1.0,50.0,5.0,2.5,0.0,0.0,,,,,,,,,,,,,,,,,,
Rade Krunić,817c6964,290,baBIH,MF,Milan,28.0,1993.0,23,18,1657.0,18.4,0.0,1.0,1.0,0.0,0.0,0.0,8,0,0.0,0.05,0.05,0.0,0.05,Matches,2022-2023,ITA,,27.0,,,,,,,,,,,14.0,,,,,,,,,,,,,,,,,,,,,,,14.0,3.0,21.4,0.76,0.16,0.0,0.0,,,,,,,,,,,,,,,,,,
Marash Kumbulla,a40819d9,291,alALB,DF,Roma,22.0,2000.0,7,5,259.0,2.9,0.0,0.0,0.0,0.0,0.0,0.0,1,1,0.0,0.0,0.0,0.0,0.0,Matches,2022-2023,ITA,,3.0,,,,,,,,,,,4.0,,,,,,,,,,,,,,,,,,,,,,,1.0,0.0,0.0,0.35,0.0,0.0,,,,,,,,,,,,,,,,,,,
Khvicha Kvaratskhelia,dea88efd,292,geGEO,FW,Napoli,21.0,2001.0,34,30,2518.0,28.0,12.0,10.0,22.0,10.0,2.0,2.0,1,0,0.43,0.36,0.79,0.36,0.71,Matches,2022-2023,ITA,,26.0,,,,,,,,,,,5.0,,,,,,,,,,,,,,,,,,,,,,,85.0,32.0,37.6,3.04,1.14,0.12,0.31,,,,,,,,,,,,,,,,,,
Giorgos Kyriakopoulos,0a483542,293,grGRE,"DF,MF",Bologna,26.0,1996.0,12,8,704.0,7.8,0.0,2.0,2.0,0.0,0.0,0.0,2,0,0.0,0.26,0.26,0.0,0.26,Matches,2022-2023,ITA,,6.0,,,,,,,,,,,4.0,,,,,,,,,,,,,,,,,,,,,,,7.0,3.0,42.9,0.89,0.38,0.0,0.0,,,,,,,,,,,,,,,,,,
Giorgos Kyriakopoulos,0a483542,294,grGRE,"FW,DF",Sassuolo,26.0,1996.0,12,9,766.0,8.5,1.0,1.0,2.0,1.0,0.0,0.0,3,0,0.12,0.12,0.23,0.12,0.23,Matches,2022-2023,ITA,,7.0,,,,,,,,,,,11.0,,,,,,,,,,,,,,,,,,,,,,,13.0,4.0,30.8,1.53,0.47,0.08,0.25,,,,,,,,,,,,,,,,,,
Sam Lammers,c283ddef,295,nlNED,FW,Sampdoria,25.0,1997.0,19,13,1100.0,12.2,1.0,1.0,2.0,1.0,0.0,0.0,1,0,0.08,0.08,0.16,0.08,0.16,Matches,2022-2023,ITA,,5.0,,,,,,,,,,,5.0,,,,,,,,,,,,,,,,,,,,,,,23.0,9.0,39.1,1.88,0.74,0.04,0.11,,,,,,,,,,,,,,,,,,
Sam Lammers,c283ddef,296,nlNED,FW,Empoli,25.0,1997.0,14,10,883.0,9.8,1.0,1.0,2.0,1.0,0.0,0.0,0,0,0.1,0.1,0.2,0.1,0.2,Matches,2022-2023,ITA,,12.0,,,,,,,,,,,3.0,,,,,,,,,,,,,,,,,,,,,,,28.0,7.0,25.0,2.85,0.71,0.04,0.14,,,,,,,,,,,,,,,,,,
Kevin Lasagna,09538fdb,297,itITA,"FW,MF",Hellas Verona,29.0,1992.0,26,17,1572.0,17.5,1.0,2.0,3.0,1.0,0.0,0.0,2,0,0.06,0.11,0.17,0.06,0.17,Matches,2022-2023,ITA,,8.0,,,,,,,,,,,5.0,,,,,,,,,,,,,,,,,,,,,,,52.0,11.0,21.2,2.98,0.63,0.02,0.09,,,,,,,,,,,,,,,,,,
Armand Lauriente,2d22cea7,298,frFRA,"FW,MF",Sassuolo,23.0,1998.0,28,27,2175.0,24.2,7.0,6.0,13.0,6.0,1.0,1.0,10,1,0.29,0.25,0.54,0.25,0.5,Matches,2022-2023,ITA,,16.0,,,,,,,,,,,11.0,,,,,,,,,,,,,,,,,,,,,,,56.0,22.0,39.3,2.32,0.91,0.11,0.27,,,,,,,,,,,,,,,,,,
Valentino Lazaro,016ff750,299,atAUT,MF,Torino,26.0,1996.0,23,15,1373.0,15.3,0.0,3.0,3.0,0.0,0.0,0.0,4,0,0.0,0.2,0.2,0.0,0.2,Matches,2022-2023,ITA,,5.0,,,,,,,,,,,3.0,,,,,,,,,,,,,,,,,,,,,,,7.0,2.0,28.6,0.46,0.13,0.0,0.0,,,,,,,,,,,,,,,,,,
Marko Lazetić,93088fbb,300,rsSRB,FW,Milan,18.0,2004.0,1,0,9.0,0.1,0.0,0.0,0.0,0.0,0.0,0.0,1,0,0.0,0.0,0.0,0.0,0.0,Matches,2022-2023,ITA,,0.0,,,,,,,,,,,0.0,,,,,,,,,,,,,,,,,,,,,,,1.0,0.0,0.0,10.0,0.0,0.0,,,,,,,,,,,,,,,,,,,
Darko Lazović,5128bde4,301,rsSRB,MF,Hellas Verona,31.0,1990.0,30,27,2242.0,24.9,4.0,5.0,9.0,4.0,0.0,0.0,0,0,0.16,0.2,0.36,0.16,0.36,Matches,2022-2023,ITA,,13.0,,,,,,,,,,,15.0,,,,,,,,,,,,,,,,,,,,,,,43.0,15.0,34.9,1.73,0.6,0.09,0.27,,,,,,,,,,,,,,,,,,
Manuel Lazzari,02caf6e0,302,itITA,DF,Lazio,28.0,1993.0,28,22,1879.0,20.9,0.0,0.0,0.0,0.0,0.0,0.0,8,0,0.0,0.0,0.0,0.0,0.0,Matches,2022-2023,ITA,,23.0,,,,,,,,,,,18.0,,,,,,,,,,,,,,,,,,,,,,,6.0,2.0,33.3,0.29,0.1,0.0,0.0,,,,,,,,,,,,,,,,,,
Rafael Leão,20730eae,303,ptPOR,MF,Milan,23.0,1999.0,35,28,2421.0,26.9,15.0,8.0,23.0,15.0,0.0,0.0,7,1,0.56,0.3,0.86,0.56,0.86,Matches,2022-2023,ITA,,7.0,,,,,,,,,,,13.0,,,,,,,,,,,,,,,,,,,,,,,92.0,29.0,31.5,3.42,1.08,0.16,0.52,,,,,,,,,,,,,,,,,,
Mehdi Léris,7d3cbc67,304,dzALG,MF,Sampdoria,24.0,1998.0,32,29,2460.0,27.3,1.0,1.0,2.0,1.0,0.0,0.0,13,0,0.04,0.04,0.07,0.04,0.07,Matches,2022-2023,ITA,,45.0,,,,,,,,,,,27.0,,,,,,,,,,,,,,,,,,,,,,,30.0,12.0,40.0,1.1,0.44,0.03,0.08,,,,,,,,,,,,,,,,,,
Karol Linetty,d023d70f,305,plPOL,MF,Torino,27.0,1995.0,32,22,1886.0,21.0,1.0,0.0,1.0,1.0,0.0,0.0,8,0,0.05,0.0,0.05,0.05,0.05,Matches,2022-2023,ITA,,18.0,,,,,,,,,,,17.0,,,,,,,,,,,,,,,,,,,,,,,16.0,4.0,25.0,0.76,0.19,0.06,0.25,,,,,,,,,,,,,,,,,,
Marcin Listkowski,a3695ac2,306,plPOL,"FW,MF",Lecce,24.0,1998.0,5,0,77.0,0.9,0.0,0.0,0.0,0.0,0.0,0.0,0,0,0.0,0.0,0.0,0.0,0.0,Matches,2022-2023,ITA,,0.0,,,,,,,,,,,3.0,,,,,,,,,,,,,,,,,,,,,,,1.0,0.0,0.0,1.17,0.0,0.0,,,,,,,,,,,,,,,,,,,
Diego Llorente,bba30585,307,esESP,DF,Roma,28.0,1993.0,9,5,573.0,6.4,0.0,0.0,0.0,0.0,0.0,0.0,0,0,0.0,0.0,0.0,0.0,0.0,Matches,2022-2023,ITA,,7.0,,,,,,,,,,,10.0,,,,,,,,,,,,,,,,,,,,,,,4.0,1.0,25.0,0.63,0.16,0.0,0.0,,,,,,,,,,,,,,,,,,
Stanislav Lobotka,e1cbb531,308,skSVK,MF,Napoli,27.0,1994.0,38,34,3101.0,34.5,1.0,1.0,2.0,1.0,0.0,0.0,2,0,0.03,0.03,0.06,0.03,0.06,Matches,2022-2023,ITA,,47.0,,,,,,,,,,,23.0,,,,,,,,,,,,,,,,,,,,,,,11.0,4.0,36.4,0.32,0.12,0.09,0.25,,,,,,,,,,,,,,,,,,
Manuel Locatelli,a8a874f1,309,itITA,MF,Juventus,24.0,1998.0,32,29,2446.0,27.2,0.0,2.0,2.0,0.0,0.0,0.0,8,0,0.0,0.07,0.07,0.0,0.07,Matches,2022-2023,ITA,,33.0,,,,,,,,,,,27.0,,,,,,,,,,,,,,,,,,,,,,,29.0,12.0,41.4,1.07,0.44,0.0,0.0,,,,,,,,,,,,,,,,,,
Luka Lochoshvili,c8ad0857,310,geGEO,DF,Cremonese,24.0,1998.0,25,22,1839.0,20.4,1.0,2.0,3.0,1.0,0.0,0.0,4,0,0.05,0.1,0.15,0.05,0.15,Matches,2022-2023,ITA,,20.0,,,,,,,,,,,23.0,,,,,,,,,,,,,,,,,,,,,,,9.0,2.0,22.2,0.44,0.1,0.11,0.5,,,,,,,,,,,,,,,,,,
Ademola Lookman,7c104bb7,311,ngNGA,"FW,MF",Atalanta,24.0,1997.0,31,20,1729.0,19.2,13.0,6.0,19.0,10.0,3.0,3.0,3,0,0.68,0.31,0.99,0.52,0.83,Matches,2022-2023,ITA,,5.0,,,,,,,,,,,4.0,,,,,,,,,,,,,,,,,,,,,,,52.0,26.0,50.0,2.71,1.35,0.19,0.38,,,,,,,,,,,,,,,,,,
Maxime Lopez,20094685,312,frFRA,MF,Sassuolo,24.0,1997.0,30,25,2296.0,25.5,0.0,0.0,0.0,0.0,0.0,0.0,11,0,0.0,0.0,0.0,0.0,0.0,Matches,2022-2023,ITA,,18.0,,,,,,,,,,,21.0,,,,,,,,,,,,,,,,,,,,,,,16.0,5.0,31.3,0.63,0.2,0.0,0.0,,,,,,,,,,,,,,,,,,
Matteo Lovato,5fa57166,313,itITA,DF,Salernitana,22.0,2000.0,17,8,814.0,9.0,0.0,0.0,0.0,0.0,0.0,0.0,2,0,0.0,0.0,0.0,0.0,0.0,Matches,2022-2023,ITA,,14.0,,,,,,,,,,,14.0,,,,,,,,,,,,,,,,,,,,,,,1.0,0.0,0.0,0.11,0.0,0.0,,,,,,,,,,,,,,,,,,,
Sandi Lovrić,966eea58,314,siSVN,MF,Udinese,24.0,1998.0,37,28,2335.0,25.9,5.0,6.0,11.0,5.0,0.0,0.0,4,0,0.19,0.23,0.42,0.19,0.42,Matches,2022-2023,ITA,,18.0,,,,,,,,,,,25.0,,,,,,,,,,,,,,,,,,,,,,,71.0,18.0,25.4,2.74,0.69,0.07,0.28,,,,,,,,,,,,,,,,,,
Hirving Lozano,a69e4806,315,mxMEX,"FW,MF",Napoli,27.0,1995.0,32,20,1605.0,17.8,3.0,3.0,6.0,2.0,1.0,1.0,3,0,0.17,0.17,0.34,0.11,0.28,Matches,2022-2023,ITA,,14.0,,,,,,,,,,,15.0,,,,,,,,,,,,,,,,,,,,,,,42.0,14.0,33.3,2.36,0.79,0.05,0.14,,,,,,,,,,,,,,,,,,
Jhon Lucumí,80490d7f,316,coCOL,DF,Bologna,24.0,1998.0,33,33,2900.0,32.2,0.0,1.0,1.0,0.0,0.0,0.0,8,0,0.0,0.03,0.03,0.0,0.03,Matches,2022-2023,ITA,,37.0,,,,,,,,,,,35.0,,,,,,,,,,,,,,,,,,,,,,,11.0,3.0,27.3,0.34,0.09,0.0,0.0,,,,,,,,,,,,,,,,,,
José Luis Palomino,921f6058,317,arARG,DF,Atalanta,32.0,1990.0,15,8,759.0,8.4,1.0,0.0,1.0,1.0,0.0,0.0,4,0,0.12,0.0,0.12,0.12,0.12,Matches,2022-2023,ITA,,13.0,,,,,,,,,,,29.0,,,,,,,,,,,,,,,,,,,,,,,6.0,3.0,50.0,0.71,0.36,0.17,0.33,,,,,,,,,,,,,,,,,,
Romelu Lukaku,5eae500a,318,beBEL,FW,Inter,29.0,1993.0,25,19,1660.0,18.4,10.0,6.0,16.0,8.0,2.0,2.0,1,0,0.54,0.33,0.87,0.43,0.76,Matches,2022-2023,ITA,,1.0,,,,,,,,,,,0.0,,,,,,,,,,,,,,,,,,,,,,,51.0,22.0,43.1,2.77,1.19,0.16,0.36,,,,,,,,,,,,,,,,,,
Saša Lukić,c6e8cf1f,319,rsSRB,MF,Torino,25.0,1996.0,16,13,1195.0,13.3,2.0,0.0,2.0,1.0,1.0,1.0,4,0,0.15,0.0,0.15,0.08,0.08,Matches,2022-2023,ITA,,14.0,,,,,,,,,,,14.0,,,,,,,,,,,,,,,,,,,,,,,16.0,4.0,25.0,1.21,0.3,0.06,0.25,,,,,,,,,,,,,,,,,,
Sebastiano Luperto,997fff07,320,itITA,DF,Empoli,25.0,1996.0,36,36,3135.0,34.8,2.0,0.0,2.0,2.0,0.0,0.0,4,2,0.06,0.0,0.06,0.06,0.06,Matches,2022-2023,ITA,,18.0,,,,,,,,,,,41.0,,,,,,,,,,,,,,,,,,,,,,,18.0,4.0,22.2,0.52,0.11,0.11,0.5,,,,,,,,,,,,,,,,,,
Charalampos Lykogiannis,5efc5389,321,grGRE,DF,Bologna,28.0,1993.0,21,11,1108.0,12.3,2.0,0.0,2.0,2.0,0.0,0.0,3,0,0.16,0.0,0.16,0.16,0.16,Matches,2022-2023,ITA,,9.0,,,,,,,,,,,17.0,,,,,,,,,,,,,,,,,,,,,,,19.0,6.0,31.6,1.54,0.49,0.11,0.33,,,,,,,,,,,,,,,,,,
Giulio Maggiore,957e4c87,322,itITA,MF,Salernitana,24.0,1998.0,16,11,894.0,9.9,0.0,0.0,0.0,0.0,0.0,0.0,2,0,0.0,0.0,0.0,0.0,0.0,Matches,2022-2023,ITA,,9.0,,,,,,,,,,,8.0,,,,,,,,,,,,,,,,,,,,,,,6.0,0.0,0.0,0.6,0.0,0.0,,,,,,,,,,,,,,,,,,,
Giangiacomo Magnani,cce9f582,323,itITA,DF,Hellas Verona,26.0,1995.0,24,19,1532.0,17.0,0.0,1.0,1.0,0.0,0.0,0.0,7,1,0.0,0.06,0.06,0.0,0.06,Matches,2022-2023,ITA,,23.0,,,,,,,,,,,22.0,,,,,,,,,,,,,,,,,,,,,,,7.0,2.0,28.6,0.41,0.12,0.0,0.0,,,,,,,,,,,,,,,,,,
Mike Maignan,fcb38f57,324,frFRA,GK,Milan,27.0,1995.0,22,22,1978.0,22.0,0.0,1.0,1.0,0.0,0.0,0.0,0,0,0.0,0.05,0.05,0.0,0.05,Matches,2022-2023,ITA,,0.0,,,,,,,,,,,1.0,,,,,,,,,,,,,,,,,,,,,,,0.0,0.0,,0.0,0.0,,,22.0,22.0,1978.0,21.0,0.96,59.0,40.0,67.8,11.0,7.0,4.0,8.0,36.4,3.0,2.0,1.0,0.0,33.3
Jordan Majchrzak,2e7dafe5,325,plPOL,FW,Roma,17.0,2004.0,1,0,14.0,0.2,0.0,0.0,0.0,0.0,0.0,0.0,0,0,0.0,0.0,0.0,0.0,0.0,Matches,2022-2023,ITA,,0.0,,,,,,,,,,,0.0,,,,,,,,,,,,,,,,,,,,,,,0.0,0.0,,0.0,0.0,,,,,,,,,,,,,,,,,,,,
Jean-Victor Makengo,22bfb57e,326,frFRA,MF,Udinese,24.0,1998.0,16,11,805.0,8.9,0.0,1.0,1.0,0.0,0.0,0.0,2,0,0.0,0.11,0.11,0.0,0.11,Matches,2022-2023,ITA,,13.0,,,,,,,,,,,8.0,,,,,,,,,,,,,,,,,,,,,,,7.0,0.0,0.0,0.78,0.0,0.0,,,,,,,,,,,,,,,,,,,
Lorenzo Malagrida,2bffcbf2,327,itITA,MF,Sampdoria,18.0,2003.0,6,0,109.0,1.2,0.0,0.0,0.0,0.0,0.0,0.0,2,0,0.0,0.0,0.0,0.0,0.0,Matches,2022-2023,ITA,,0.0,,,,,,,,,,,0.0,,,,,,,,,,,,,,,,,,,,,,,2.0,2.0,100.0,1.65,1.65,0.0,0.0,,,,,,,,,,,,,,,,,,
Daniel Maldini,801831fe,328,itITA,"FW,MF",Spezia,20.0,2001.0,18,4,628.0,7.0,2.0,0.0,2.0,2.0,0.0,0.0,1,0,0.29,0.0,0.29,0.29,0.29,Matches,2022-2023,ITA,,5.0,,,,,,,,,,,1.0,,,,,,,,,,,,,,,,,,,,,,,15.0,6.0,40.0,2.15,0.86,0.13,0.33,,,,,,,,,,,,,,,,,,
Youssef Maleh,4c8845f7,329,maMAR,MF,Fiorentina,23.0,1998.0,7,4,297.0,3.3,0.0,0.0,0.0,0.0,0.0,0.0,2,0,0.0,0.0,0.0,0.0,0.0,Matches,2022-2023,ITA,,1.0,,,,,,,,,,,1.0,,,,,,,,,,,,,,,,,,,,,,,7.0,0.0,0.0,2.12,0.0,0.0,,,,,,,,,,,,,,,,,,,
Youssef Maleh,4c8845f7,330,maMAR,MF,Lecce,23.0,1998.0,17,7,674.0,7.5,0.0,1.0,1.0,0.0,0.0,0.0,3,0,0.0,0.13,0.13,0.0,0.13,Matches,2022-2023,ITA,,8.0,,,,,,,,,,,5.0,,,,,,,,,,,,,,,,,,,,,,,6.0,1.0,16.7,0.8,0.13,0.0,0.0,,,,,,,,,,,,,,,,,,
Ruslan Malinovskyi,48d5bd33,331,uaUKR,MF,Atalanta,29.0,1993.0,15,5,553.0,6.1,1.0,2.0,3.0,1.0,0.0,0.0,2,0,0.16,0.33,0.49,0.16,0.49,Matches,2022-2023,ITA,,9.0,,,,,,,,,,,5.0,,,,,,,,,,,,,,,,,,,,,,,19.0,6.0,31.6,3.09,0.98,0.05,0.17,,,,,,,,,,,,,,,,,,
Gianluca Mancini,5aa53281,332,itITA,DF,Roma,26.0,1996.0,35,33,2858.0,31.8,1.0,2.0,3.0,1.0,0.0,0.0,7,0,0.03,0.06,0.09,0.03,0.09,Matches,2022-2023,ITA,,18.0,,,,,,,,,,,43.0,,,,,,,,,,,,,,,,,,,,,,,22.0,5.0,22.7,0.69,0.16,0.05,0.2,,,,,,,,,,,,,,,,,,
Rolando Mandragora,c7259b83,333,itITA,MF,Fiorentina,25.0,1997.0,29,22,1950.0,21.7,2.0,4.0,6.0,2.0,0.0,0.0,8,0,0.09,0.18,0.28,0.09,0.28,Matches,2022-2023,ITA,,21.0,,,,,,,,,,,15.0,,,,,,,,,,,,,,,,,,,,,,,38.0,5.0,13.2,1.75,0.23,0.05,0.4,,,,,,,,,,,,,,,,,,
Federico Marchetti,f794b426,334,itITA,GK,Spezia,39.0,1983.0,1,0,66.0,0.7,0.0,0.0,0.0,0.0,0.0,0.0,0,1,0.0,0.0,0.0,0.0,0.0,Matches,2022-2023,ITA,,0.0,,,,,,,,,,,0.0,,,,,,,,,,,,,,,,,,,,,,,0.0,0.0,,0.0,0.0,,,1.0,0.0,66.0,2.0,2.73,3.0,1.0,33.3,0.0,0.0,0.0,0.0,,0.0,0.0,0.0,0.0,
Riccardo Marchizza,91d0fabf,335,itITA,DF,Sassuolo,24.0,1998.0,10,3,283.0,3.1,0.0,1.0,1.0,0.0,0.0,0.0,1,0,0.0,0.32,0.32,0.0,0.32,Matches,2022-2023,ITA,,2.0,,,,,,,,,,,2.0,,,,,,,,,,,,,,,,,,,,,,,0.0,0.0,,0.0,0.0,,,,,,,,,,,,,,,,,,,,
Gian Marco Ferrari,8650af85,336,itITA,DF,Sassuolo,30.0,1992.0,33,24,2223.0,24.7,1.0,0.0,1.0,1.0,0.0,0.0,5,0,0.04,0.0,0.04,0.04,0.04,Matches,2022-2023,ITA,,16.0,,,,,,,,,,,26.0,,,,,,,,,,,,,,,,,,,,,,,8.0,1.0,12.5,0.32,0.04,0.13,1.0,,,,,,,,,,,,,,,,,,
Pablo Marí,aa54ec6f,337,esESP,DF,Monza,28.0,1993.0,30,28,2487.0,27.6,1.0,0.0,1.0,1.0,0.0,0.0,4,0,0.04,0.0,0.04,0.04,0.04,Matches,2022-2023,ITA,,20.0,,,,,,,,,,,29.0,,,,,,,,,,,,,,,,,,,,,,,10.0,2.0,20.0,0.36,0.07,0.1,0.5,,,,,,,,,,,,,,,,,,
Răzvan Marin,7fac99d4,338,roROU,MF,Empoli,26.0,1996.0,33,28,2538.0,28.2,2.0,4.0,6.0,2.0,0.0,0.0,7,0,0.07,0.14,0.21,0.07,0.21,Matches,2022-2023,ITA,,25.0,,,,,,,,,,,15.0,,,,,,,,,,,,,,,,,,,,,,,33.0,8.0,24.2,1.17,0.28,0.06,0.25,,,,,,,,,,,,,,,,,,
Marlon,cdf65d12,339,brBRA,DF,Monza,26.0,1995.0,28,18,1592.0,17.7,0.0,0.0,0.0,0.0,0.0,0.0,7,1,0.0,0.0,0.0,0.0,0.0,Matches,2022-2023,ITA,,22.0,,,,,,,,,,,17.0,,,,,,,,,,,,,,,,,,,,,,,5.0,1.0,20.0,0.28,0.06,0.0,0.0,,,,,,,,,,,,,,,,,,
Luca Marrone,ea468ea8,340,itITA,DF,Monza,32.0,1990.0,2,2,135.0,1.5,0.0,0.0,0.0,0.0,0.0,0.0,0,0,0.0,0.0,0.0,0.0,0.0,Matches,2022-2023,ITA,,0.0,,,,,,,,,,,0.0,,,,,,,,,,,,,,,,,,,,,,,1.0,0.0,0.0,0.67,0.0,0.0,,,,,,,,,,,,,,,,,,,
Lautaro Martínez,f7036e1c,341,arARG,FW,Inter,24.0,1997.0,38,27,2576.0,28.6,21.0,6.0,27.0,20.0,1.0,2.0,3,0,0.73,0.21,0.94,0.7,0.91,Matches,2022-2023,ITA,,15.0,,,,,,,,,,,10.0,,,,,,,,,,,,,,,,,,,,,,,126.0,52.0,41.3,4.4,1.82,0.16,0.38,,,,,,,,,,,,,,,,,,
Lucas Martínez Quarta,3ec3c1c9,342,arARG,DF,Fiorentina,26.0,1996.0,27,25,2171.0,24.1,1.0,1.0,2.0,1.0,0.0,0.0,6,0,0.04,0.04,0.08,0.04,0.08,Matches,2022-2023,ITA,,49.0,,,,,,,,,,,46.0,,,,,,,,,,,,,,,,,,,,,,,27.0,11.0,40.7,1.12,0.46,0.04,0.09,,,,,,,,,,,,,,,,,,
Adam Marušić,d4535821,343,meMNE,DF,Lazio,29.0,1992.0,33,31,2760.0,30.7,0.0,2.0,2.0,0.0,0.0,0.0,8,1,0.0,0.07,0.07,0.0,0.07,Matches,2022-2023,ITA,,30.0,,,,,,,,,,,36.0,,,,,,,,,,,,,,,,,,,,,,,17.0,7.0,41.2,0.55,0.23,0.0,0.0,,,,,,,,,,,,,,,,,,
Adam Masina,de0f152c,344,maMAR,"DF,MF",Udinese,28.0,1994.0,14,8,789.0,8.8,2.0,0.0,2.0,2.0,0.0,0.0,2,0,0.23,0.0,0.23,0.23,0.23,Matches,2022-2023,ITA,,9.0,,,,,,,,,,,11.0,,,,,,,,,,,,,,,,,,,,,,,2.0,2.0,100.0,0.23,0.23,1.0,1.0,,,,,,,,,,,,,,,,,,
Nemanja Matić,eb7822d7,345,rsSRB,MF,Roma,33.0,1988.0,35,16,1852.0,20.6,2.0,2.0,4.0,2.0,0.0,0.0,5,0,0.1,0.1,0.19,0.1,0.19,Matches,2022-2023,ITA,,28.0,,,,,,,,,,,25.0,,,,,,,,,,,,,,,,,,,,,,,11.0,4.0,36.4,0.53,0.19,0.18,0.5,,,,,,,,,,,,,,,,,,
Luís Maximiano,3318286e,346,ptPOR,GK,Lazio,23.0,1999.0,1,1,5.0,0.1,0.0,0.0,0.0,0.0,0.0,0.0,0,1,0.0,0.0,0.0,0.0,0.0,Matches,2022-2023,ITA,,0.0,,,,,,,,,,,0.0,,,,,,,,,,,,,,,,,,,,,,,0.0,0.0,,0.0,0.0,,,1.0,1.0,5.0,0.0,0.0,0.0,0.0,,1.0,0.0,0.0,0.0,0.0,0.0,0.0,0.0,0.0,
Pasquale Mazzocchi,eb0ec070,347,itITA,MF,Salernitana,27.0,1995.0,27,23,1958.0,21.8,2.0,3.0,5.0,2.0,0.0,0.0,2,0,0.09,0.14,0.23,0.09,0.23,Matches,2022-2023,ITA,,17.0,,,,,,,,,,,9.0,,,,,,,,,,,,,,,,,,,,,,,18.0,6.0,33.3,0.83,0.28,0.11,0.33,,,,,,,,,,,,,,,,,,
Weston McKennie,01c3aff5,348,usUSA,MF,Juventus,23.0,1998.0,15,13,1052.0,11.7,1.0,1.0,2.0,1.0,0.0,0.0,0,0,0.09,0.09,0.17,0.09,0.17,Matches,2022-2023,ITA,,5.0,,,,,,,,,,,9.0,,,,,,,,,,,,,,,,,,,,,,,8.0,4.0,50.0,0.68,0.34,0.13,0.25,,,,,,,,,,,,,,,,,,
Gary Medel,563a68ad,349,clCHI,"MF,DF",Bologna,34.0,1987.0,29,17,1478.0,16.4,0.0,1.0,1.0,0.0,0.0,0.0,5,0,0.0,0.06,0.06,0.0,0.06,Matches,2022-2023,ITA,,15.0,,,,,,,,,,,28.0,,,,,,,,,,,,,,,,,,,,,,,2.0,0.0,0.0,0.12,0.0,0.0,,,,,,,,,,,,,,,,,,,
Soualiho Meïté,5cec2c74,350,frFRA,MF,Cremonese,28.0,1994.0,31,28,2366.0,26.3,0.0,2.0,2.0,0.0,0.0,0.0,5,0,0.0,0.08,0.08,0.0,0.08,Matches,2022-2023,ITA,,35.0,,,,,,,,,,,25.0,,,,,,,,,,,,,,,,,,,,,,,17.0,3.0,17.6,0.65,0.11,0.0,0.0,,,,,,,,,,,,,,,,,,
Alex Meret,9413b19f,351,itITA,GK,Napoli,25.0,1997.0,34,34,3060.0,34.0,0.0,0.0,0.0,0.0,0.0,0.0,0,0,0.0,0.0,0.0,0.0,0.0,Matches,2022-2023,ITA,,0.0,,,,,,,,,,,0.0,,,,,,,,,,,,,,,,,,,,,,,0.0,0.0,,0.0,0.0,,,34.0,34.0,3060.0,24.0,0.71,90.0,67.0,74.4,26.0,5.0,3.0,16.0,47.1,2.0,1.0,1.0,0.0,50.0
Yıldırım Mert Çetin,c730da00,352,trTUR,DF,Lecce,25.0,1997.0,1,1,20.0,0.2,0.0,0.0,0.0,0.0,0.0,0.0,0,0,0.0,0.0,0.0,0.0,0.0,Matches,2022-2023,ITA,,0.0,,,,,,,,,,,1.0,,,,,,,,,,,,,,,,,,,,,,,0.0,0.0,,0.0,0.0,,,,,,,,,,,,,,,,,,,,
Junior Messias,f49c4ae9,353,brBRA,MF,Milan,31.0,1991.0,25,19,1498.0,16.6,5.0,2.0,7.0,5.0,0.0,0.0,3,0,0.3,0.12,0.42,0.3,0.42,Matches,2022-2023,ITA,,19.0,,,,,,,,,,,8.0,,,,,,,,,,,,,,,,,,,,,,,32.0,11.0,34.4,1.92,0.66,0.16,0.45,,,,,,,,,,,,,,,,,,
Tommaso Milanese,b2561711,354,itITA,MF,Cremonese,20.0,2002.0,2,0,27.0,0.3,0.0,0.0,0.0,0.0,0.0,0.0,0,0,0.0,0.0,0.0,0.0,0.0,Matches,2022-2023,ITA,,0.0,,,,,,,,,,,0.0,,,,,,,,,,,,,,,,,,,,,,,0.0,0.0,,0.0,0.0,,,,,,,,,,,,,,,,,,,,
Nikola Milenković,bee704fc,355,rsSRB,DF,Fiorentina,24.0,1997.0,27,23,2137.0,23.7,2.0,1.0,3.0,2.0,0.0,0.0,4,0,0.08,0.04,0.13,0.08,0.13,Matches,2022-2023,ITA,,25.0,,,,,,,,,,,19.0,,,,,,,,,,,,,,,,,,,,,,,19.0,6.0,31.6,0.8,0.25,0.11,0.33,,,,,,,,,,,,,,,,,,
Arkadiusz Milik,85613cf0,356,plPOL,FW,Juventus,28.0,1994.0,27,17,1586.0,17.6,7.0,1.0,8.0,7.0,0.0,1.0,3,1,0.4,0.06,0.45,0.4,0.45,Matches,2022-2023,ITA,,8.0,,,,,,,,,,,1.0,,,,,,,,,,,,,,,,,,,,,,,43.0,23.0,53.5,2.44,1.31,0.16,0.3,,,,,,,,,,,,,,,,,,
Sergej Milinković-Savić,4e6dbac4,357,rsSRB,MF,Lazio,27.0,1995.0,36,34,3022.0,33.6,9.0,8.0,17.0,9.0,0.0,0.0,10,0,0.27,0.24,0.51,0.27,0.51,Matches,2022-2023,ITA,,37.0,,,,,,,,,,,28.0,,,,,,,,,,,,,,,,,,,,,,,64.0,20.0,31.3,1.91,0.6,0.14,0.45,,,,,,,,,,,,,,,,,,
Vanja Milinković-Savić,9fa26bc2,358,rsSRB,GK,Torino,25.0,1997.0,38,38,3420.0,38.0,0.0,0.0,0.0,0.0,0.0,0.0,4,0,0.0,0.0,0.0,0.0,0.0,Matches,2022-2023,ITA,,1.0,,,,,,,,,,,1.0,,,,,,,,,,,,,,,,,,,,,,,0.0,0.0,,0.0,0.0,,,38.0,38.0,3420.0,41.0,1.08,132.0,96.0,72.7,14.0,11.0,13.0,11.0,28.9,6.0,5.0,0.0,1.0,0.0
Kim Min-jae,e0f8151c,359,krKOR,DF,Napoli,25.0,1996.0,35,35,3050.0,33.9,2.0,2.0,4.0,2.0,0.0,0.0,5,0,0.06,0.06,0.12,0.06,0.12,Matches,2022-2023,ITA,,34.0,,,,,,,,,,,42.0,,,,,,,,,,,,,,,,,,,,,,,8.0,4.0,50.0,0.24,0.12,0.25,0.5,,,,,,,,,,,,,,,,,,
Aleksei Miranchuk,a9aa0d1d,360,ruRUS,MF,Torino,26.0,1995.0,29,24,2089.0,23.2,4.0,5.0,9.0,4.0,0.0,0.0,0,0,0.17,0.22,0.39,0.17,0.39,Matches,2022-2023,ITA,,5.0,,,,,,,,,,,2.0,,,,,,,,,,,,,,,,,,,,,,,40.0,16.0,40.0,1.72,0.69,0.1,0.25,,,,,,,,,,,,,,,,,,
Antonio Mirante,30223b33,361,itITA,GK,Milan,39.0,1983.0,1,0,2.0,0.0,0.0,0.0,0.0,0.0,0.0,0.0,0,0,0.0,0.0,0.0,0.0,0.0,Matches,2022-2023,ITA,,0.0,,,,,,,,,,,0.0,,,,,,,,,,,,,,,,,,,,,,,0.0,0.0,,0.0,0.0,,,1.0,0.0,2.0,0.0,0.0,0.0,0.0,,0.0,0.0,0.0,0.0,,0.0,0.0,0.0,0.0,
Fabio Miretti,34693494,362,itITA,"MF,FW",Juventus,18.0,2003.0,27,14,1234.0,13.7,0.0,2.0,2.0,0.0,0.0,0.0,2,0,0.0,0.15,0.15,0.0,0.15,Matches,2022-2023,ITA,,11.0,,,,,,,,,,,3.0,,,,,,,,,,,,,,,,,,,,,,,20.0,5.0,25.0,1.46,0.36,0.0,0.0,,,,,,,,,,,,,,,,,,
Filippo Missori,2d3d7c0d,363,itITA,"MF,DF",Roma,18.0,2004.0,3,2,181.0,2.0,0.0,0.0,0.0,0.0,0.0,0.0,1,0,0.0,0.0,0.0,0.0,0.0,Matches,2022-2023,ITA,,3.0,,,,,,,,,,,4.0,,,,,,,,,,,,,,,,,,,,,,,0.0,0.0,,0.0,0.0,,,,,,,,,,,,,,,,,,,,
Henrikh Mkhitaryan,dd0daf32,364,amARM,MF,Inter,33.0,1989.0,31,24,1986.0,22.1,3.0,2.0,5.0,3.0,0.0,0.0,4,0,0.14,0.09,0.23,0.14,0.23,Matches,2022-2023,ITA,,27.0,,,,,,,,,,,21.0,,,,,,,,,,,,,,,,,,,,,,,35.0,6.0,17.1,1.59,0.27,0.09,0.5,,,,,,,,,,,,,,,,,,
Salvatore Molina,54ab971f,365,itITA,MF,Monza,30.0,1992.0,5,1,229.0,2.5,0.0,0.0,0.0,0.0,0.0,0.0,1,0,0.0,0.0,0.0,0.0,0.0,Matches,2022-2023,ITA,,5.0,,,,,,,,,,,1.0,,,,,,,,,,,,,,,,,,,,,,,1.0,0.0,0.0,0.39,0.0,0.0,,,,,,,,,,,,,,,,,,,
Daniele Montevago,ca73910d,366,itITA,FW,Sampdoria,19.0,2003.0,6,3,231.0,2.6,0.0,0.0,0.0,0.0,0.0,0.0,1,0,0.0,0.0,0.0,0.0,0.0,Matches,2022-2023,ITA,,0.0,,,,,,,,,,,0.0,,,,,,,,,,,,,,,,,,,,,,,7.0,1.0,14.3,2.73,0.39,0.0,0.0,,,,,,,,,,,,,,,,,,
Lorenzo Montipò,c1d95617,367,itITA,GK,Hellas Verona,26.0,1996.0,37,37,3330.0,37.0,0.0,0.0,0.0,0.0,0.0,0.0,1,0,0.0,0.0,0.0,0.0,0.0,Matches,2022-2023,ITA,,1.0,,,,,,,,,,,0.0,,,,,,,,,,,,,,,,,,,,,,,0.0,0.0,,0.0,0.0,,,37.0,37.0,3330.0,59.0,1.59,182.0,125.0,68.1,7.0,9.0,21.0,5.0,13.5,2.0,1.0,1.0,0.0,50.0
Nikola Moro,ff579c7e,368,hrCRO,MF,Bologna,24.0,1998.0,26,12,1226.0,13.6,1.0,5.0,6.0,1.0,0.0,0.0,1,0,0.07,0.37,0.44,0.07,0.44,Matches,2022-2023,ITA,,19.0,,,,,,,,,,,8.0,,,,,,,,,,,,,,,,,,,,,,,21.0,3.0,14.3,1.54,0.22,0.05,0.33,,,,,,,,,,,,,,,,,,
Dany Mota,efc9e31f,369,ptPOR,"FW,MF",Monza,24.0,1998.0,29,21,1912.0,21.2,5.0,1.0,6.0,5.0,0.0,0.0,2,0,0.24,0.05,0.28,0.24,0.28,Matches,2022-2023,ITA,,7.0,,,,,,,,,,,6.0,,,,,,,,,,,,,,,,,,,,,,,29.0,11.0,37.9,1.37,0.52,0.17,0.45,,,,,,,,,,,,,,,,,,
João Moutinho,a0aee24e,370,ptPOR,DF,Spezia,24.0,1998.0,4,0,58.0,0.6,0.0,0.0,0.0,0.0,0.0,0.0,0,0,0.0,0.0,0.0,0.0,0.0,Matches,2022-2023,ITA,,1.0,,,,,,,,,,,0.0,,,,,,,,,,,,,,,,,,,,,,,0.0,0.0,,0.0,0.0,,,,,,,,,,,,,,,,,,,,
Mert Müldür,1295552e,371,trTUR,DF,Sassuolo,23.0,1999.0,2,1,13.0,0.1,0.0,0.0,0.0,0.0,0.0,0.0,0,0,0.0,0.0,0.0,0.0,0.0,Matches,2022-2023,ITA,,0.0,,,,,,,,,,,0.0,,,,,,,,,,,,,,,,,,,,,,,0.0,0.0,,0.0,0.0,,,,,,,,,,,,,,,,,,,,
Luis Muriel,eb2fe5b6,372,coCOL,"FW,MF",Atalanta,31.0,1991.0,29,10,1073.0,11.9,3.0,3.0,6.0,2.0,1.0,1.0,2,2,0.25,0.25,0.5,0.17,0.42,Matches,2022-2023,ITA,,7.0,,,,,,,,,,,1.0,,,,,,,,,,,,,,,,,,,,,,,34.0,9.0,26.5,2.85,0.75,0.06,0.22,,,,,,,,,,,,,,,,,,
Jeison Murillo,b233e8e4,373,coCOL,DF,Sampdoria,30.0,1992.0,20,12,1057.0,11.7,0.0,0.0,0.0,0.0,0.0,0.0,6,1,0.0,0.0,0.0,0.0,0.0,Matches,2022-2023,ITA,,10.0,,,,,,,,,,,10.0,,,,,,,,,,,,,,,,,,,,,,,3.0,1.0,33.3,0.26,0.09,0.0,0.0,,,,,,,,,,,,,,,,,,
Nicola Murru,d183e9d6,374,itITA,DF,Sampdoria,27.0,1994.0,20,5,784.0,8.7,0.0,0.0,0.0,0.0,0.0,0.0,3,0,0.0,0.0,0.0,0.0,0.0,Matches,2022-2023,ITA,,14.0,,,,,,,,,,,10.0,,,,,,,,,,,,,,,,,,,,,,,2.0,0.0,0.0,0.23,0.0,0.0,,,,,,,,,,,,,,,,,,,
Juan Musso,a111cf41,375,arARG,GK,Atalanta,28.0,1994.0,24,24,2077.0,23.1,0.0,0.0,0.0,0.0,0.0,0.0,1,0,0.0,0.0,0.0,0.0,0.0,Matches,2022-2023,ITA,,0.0,,,,,,,,,,,0.0,,,,,,,,,,,,,,,,,,,,,,,0.0,0.0,,0.0,0.0,,,24.0,24.0,2077.0,27.0,1.17,89.0,64.0,71.9,13.0,4.0,7.0,8.0,33.3,2.0,2.0,0.0,0.0,0.0
Joakim Mæhle,c459a650,376,dkDEN,MF,Atalanta,25.0,1997.0,34,25,2209.0,24.5,3.0,3.0,6.0,3.0,0.0,0.0,5,1,0.12,0.12,0.24,0.12,0.24,Matches,2022-2023,ITA,,20.0,,,,,,,,,,,23.0,,,,,,,,,,,,,,,,,,,,,,,26.0,6.0,23.1,1.06,0.24,0.12,0.5,,,,,,,,,,,,,,,,,,
Herculano Nabian,c39babc1,377,ptPOR,FW,Empoli,18.0,2004.0,1,0,1.0,0.0,0.0,0.0,0.0,0.0,0.0,0.0,0,0,0.0,0.0,0.0,0.0,0.0,Matches,2022-2023,ITA,,0.0,,,,,,,,,,,0.0,,,,,,,,,,,,,,,,,,,,,,,0.0,0.0,,0.0,0.0,,,,,,,,,,,,,,,,,,,,
Michel Ndary Adopo,599d91d0,378,frFRA,"MF,DF",Torino,22.0,2000.0,9,3,264.0,2.9,0.0,0.0,0.0,0.0,0.0,0.0,1,0,0.0,0.0,0.0,0.0,0.0,Matches,2022-2023,ITA,,2.0,,,,,,,,,,,1.0,,,,,,,,,,,,,,,,,,,,,,,2.0,0.0,0.0,0.68,0.0,0.0,,,,,,,,,,,,,,,,,,,
Tanguy Ndombele,5cdddffa,379,frFRA,MF,Napoli,25.0,1996.0,30,8,807.0,9.0,1.0,0.0,1.0,1.0,0.0,0.0,5,0,0.11,0.0,0.11,0.11,0.11,Matches,2022-2023,ITA,,8.0,,,,,,,,,,,6.0,,,,,,,,,,,,,,,,,,,,,,,16.0,2.0,12.5,1.78,0.22,0.06,0.5,,,,,,,,,,,,,,,,,,
Ilija Nestorovski,b1236c63,380,mkMKD,FW,Udinese,32.0,1990.0,21,5,638.0,7.1,2.0,1.0,3.0,2.0,0.0,0.0,3,0,0.28,0.14,0.42,0.28,0.42,Matches,2022-2023,ITA,,3.0,,,,,,,,,,,2.0,,,,,,,,,,,,,,,,,,,,,,,14.0,4.0,28.6,1.97,0.56,0.14,0.5,,,,,,,,,,,,,,,,,,
Cyril Ngonge,2b8360f1,381,beBEL,"MF,FW",Hellas Verona,22.0,2000.0,14,9,745.0,8.3,3.0,1.0,4.0,3.0,0.0,0.0,2,0,0.36,0.12,0.48,0.36,0.48,Matches,2022-2023,ITA,,3.0,,,,,,,,,,,6.0,,,,,,,,,,,,,,,,,,,,,,,27.0,10.0,37.0,3.26,1.21,0.11,0.3,,,,,,,,,,,,,,,,,,
Hans Nicolussi Caviglia,b136c945,382,itITA,MF,Salernitana,22.0,2000.0,12,6,586.0,6.5,1.0,0.0,1.0,1.0,0.0,0.0,2,0,0.15,0.0,0.15,0.15,0.15,Matches,2022-2023,ITA,,7.0,,,,,,,,,,,5.0,,,,,,,,,,,,,,,,,,,,,,,5.0,1.0,20.0,0.77,0.15,0.2,1.0,,,,,,,,,,,,,,,,,,
Dimitris Nikolaou,cf961d8d,383,grGRE,DF,Spezia,23.0,1998.0,36,34,2958.0,32.9,1.0,0.0,1.0,1.0,0.0,0.0,9,1,0.03,0.0,0.03,0.03,0.03,Matches,2022-2023,ITA,,32.0,,,,,,,,,,,27.0,,,,,,,,,,,,,,,,,,,,,,,10.0,3.0,30.0,0.3,0.09,0.1,0.33,,,,,,,,,,,,,,,,,,
Samuel Ntanda,48329ff8,384,cdCOD,FW,Sampdoria,17.0,2005.0,1,0,4.0,0.0,0.0,0.0,0.0,0.0,0.0,0.0,0,0,0.0,0.0,0.0,0.0,0.0,Matches,2022-2023,ITA,,0.0,,,,,,,,,,,0.0,,,,,,,,,,,,,,,,,,,,,,,1.0,1.0,100.0,22.5,22.5,0.0,0.0,,,,,,,,,,,,,,,,,,
Bram Nuytinck,e33f36d5,385,nlNED,DF,Udinese,32.0,1990.0,6,3,385.0,4.3,0.0,0.0,0.0,0.0,0.0,0.0,1,0,0.0,0.0,0.0,0.0,0.0,Matches,2022-2023,ITA,,5.0,,,,,,,,,,,5.0,,,,,,,,,,,,,,,,,,,,,,,1.0,0.0,0.0,0.23,0.0,0.0,,,,,,,,,,,,,,,,,,,
Bram Nuytinck,e33f36d5,386,nlNED,DF,Sampdoria,32.0,1990.0,19,19,1498.0,16.6,0.0,1.0,1.0,0.0,0.0,0.0,4,0,0.0,0.06,0.06,0.0,0.06,Matches,2022-2023,ITA,,36.0,,,,,,,,,,,19.0,,,,,,,,,,,,,,,,,,,,,,,4.0,0.0,0.0,0.24,0.0,0.0,,,,,,,,,,,,,,,,,,,
M'Bala Nzola,a4948e67,387,aoANG,FW,Spezia,25.0,1996.0,31,29,2653.0,29.5,13.0,2.0,15.0,10.0,3.0,3.0,8,0,0.44,0.07,0.51,0.34,0.41,Matches,2022-2023,ITA,,4.0,,,,,,,,,,,6.0,,,,,,,,,,,,,,,,,,,,,,,63.0,23.0,36.5,2.14,0.78,0.16,0.43,,,,,,,,,,,,,,,,,,
Pedro Obiang,ba1e04b3,388,gqEQG,MF,Sassuolo,30.0,1992.0,17,11,876.0,9.7,0.0,1.0,1.0,0.0,0.0,0.0,2,0,0.0,0.1,0.1,0.0,0.1,Matches,2022-2023,ITA,,17.0,,,,,,,,,,,8.0,,,,,,,,,,,,,,,,,,,,,,,7.0,0.0,0.0,0.72,0.0,0.0,,,,,,,,,,,,,,,,,,,
Guillermo Ochoa,1e9bde92,389,mxMEX,GK,Salernitana,37.0,1985.0,20,20,1800.0,20.0,0.0,0.0,0.0,0.0,0.0,0.0,1,0,0.0,0.0,0.0,0.0,0.0,Matches,2022-2023,ITA,,0.0,,,,,,,,,,,0.0,,,,,,,,,,,,,,,,,,,,,,,0.0,0.0,,0.0,0.0,,,20.0,20.0,1800.0,33.0,1.65,99.0,70.0,69.7,4.0,10.0,6.0,4.0,20.0,4.0,3.0,1.0,0.0,25.0
Marios Oikonomou,3b9858f5,390,grGRE,DF,Sampdoria,29.0,1992.0,6,3,220.0,2.4,0.0,0.0,0.0,0.0,0.0,0.0,3,0,0.0,0.0,0.0,0.0,0.0,Matches,2022-2023,ITA,,2.0,,,,,,,,,,,2.0,,,,,,,,,,,,,,,,,,,,,,,3.0,0.0,0.0,1.23,0.0,0.0,,,,,,,,,,,,,,,,,,,
David Okereke,d125f22f,391,ngNGA,"FW,MF",Cremonese,24.0,1997.0,33,25,2266.0,25.2,7.0,0.0,7.0,6.0,1.0,1.0,4,0,0.28,0.0,0.28,0.24,0.24,Matches,2022-2023,ITA,,8.0,,,,,,,,,,,8.0,,,,,,,,,,,,,,,,,,,,,,,61.0,21.0,34.4,2.42,0.83,0.1,0.29,,,,,,,,,,,,,,,,,,
Caleb Okoli,8ec109e6,392,itITA,DF,Atalanta,21.0,2001.0,17,9,960.0,10.7,0.0,0.0,0.0,0.0,0.0,0.0,3,0,0.0,0.0,0.0,0.0,0.0,Matches,2022-2023,ITA,,17.0,,,,,,,,,,,31.0,,,,,,,,,,,,,,,,,,,,,,,7.0,2.0,28.6,0.66,0.19,0.0,0.0,,,,,,,,,,,,,,,,,,
Mathías Olivera,41c12f75,393,uyURU,DF,Napoli,24.0,1997.0,30,17,1643.0,18.3,2.0,2.0,4.0,2.0,0.0,0.0,2,0,0.11,0.11,0.22,0.11,0.22,Matches,2022-2023,ITA,,24.0,,,,,,,,,,,21.0,,,,,,,,,,,,,,,,,,,,,,,9.0,4.0,44.4,0.49,0.22,0.22,0.5,,,,,,,,,,,,,,,,,,
André Onana,e9c0c1b2,394,cmCMR,GK,Inter,26.0,1996.0,24,24,2160.0,24.0,0.0,0.0,0.0,0.0,0.0,0.0,1,0,0.0,0.0,0.0,0.0,0.0,Matches,2022-2023,ITA,,0.0,,,,,,,,,,,0.0,,,,,,,,,,,,,,,,,,,,,,,0.0,0.0,,0.0,0.0,,,24.0,24.0,2160.0,24.0,1.0,84.0,61.0,73.8,14.0,3.0,7.0,8.0,33.3,2.0,2.0,0.0,0.0,0.0
Divock Origi,43a166b4,395,beBEL,"FW,MF",Milan,27.0,1995.0,27,10,1027.0,11.4,2.0,1.0,3.0,2.0,0.0,0.0,1,0,0.18,0.09,0.26,0.18,0.26,Matches,2022-2023,ITA,,6.0,,,,,,,,,,,0.0,,,,,,,,,,,,,,,,,,,,,,,29.0,12.0,41.4,2.54,1.05,0.07,0.17,,,,,,,,,,,,,,,,,,
Riccardo Orsolini,e14ec482,396,itITA,"MF,FW",Bologna,25.0,1997.0,32,22,2124.0,23.6,11.0,4.0,15.0,8.0,3.0,3.0,8,2,0.47,0.17,0.64,0.34,0.51,Matches,2022-2023,ITA,,19.0,,,,,,,,,,,8.0,,,,,,,,,,,,,,,,,,,,,,,92.0,30.0,32.6,3.9,1.27,0.09,0.27,,,,,,,,,,,,,,,,,,
Victor Osimhen,8c90fd7a,397,ngNGA,FW,Napoli,23.0,1998.0,32,30,2566.0,28.5,26.0,4.0,30.0,24.0,2.0,3.0,4,0,0.91,0.14,1.05,0.84,0.98,Matches,2022-2023,ITA,,6.0,,,,,,,,,,,5.0,,,,,,,,,,,,,,,,,,,,,,,135.0,55.0,40.7,4.73,1.93,0.18,0.44,,,,,,,,,,,,,,,,,,
Remi Oudin,ea02beaf,398,frFRA,"MF,FW",Lecce,25.0,1996.0,31,12,1321.0,14.7,3.0,0.0,3.0,3.0,0.0,0.0,3,0,0.2,0.0,0.2,0.2,0.2,Matches,2022-2023,ITA,,15.0,,,,,,,,,,,29.0,,,,,,,,,,,,,,,,,,,,,,,38.0,13.0,34.2,2.59,0.89,0.08,0.23,,,,,,,,,,,,,,,,,,
Adam Ounas,ed90babd,399,dzALG,"FW,MF",Napoli,25.0,1996.0,2,0,15.0,0.2,0.0,0.0,0.0,0.0,0.0,0.0,0,0,0.0,0.0,0.0,0.0,0.0,Matches,2022-2023,ITA,,0.0,,,,,,,,,,,1.0,,,,,,,,,,,,,,,,,,,,,,,1.0,0.0,0.0,6.0,0.0,0.0,,,,,,,,,,,,,,,,,,,
Simone Pafundi,8daee720,400,itITA,FW,Udinese,16.0,2006.0,8,0,85.0,0.9,0.0,0.0,0.0,0.0,0.0,0.0,0,0,0.0,0.0,0.0,0.0,0.0,Matches,2022-2023,ITA,,5.0,,,,,,,,,,,1.0,,,,,,,,,,,,,,,,,,,,,,,1.0,0.0,0.0,1.06,0.0,0.0,,,,,,,,,,,,,,,,,,,
Flavio Paoletti,3d6cee81,401,itITA,MF,Sampdoria,19.0,2003.0,12,1,284.0,3.2,0.0,0.0,0.0,0.0,0.0,0.0,1,0,0.0,0.0,0.0,0.0,0.0,Matches,2022-2023,ITA,,2.0,,,,,,,,,,,6.0,,,,,,,,,,,,,,,,,,,,,,,0.0,0.0,,0.0,0.0,,,,,,,,,,,,,,,,,,,,
Leandro Paredes,dff153a4,402,arARG,MF,Juventus,28.0,1994.0,25,8,977.0,10.9,1.0,0.0,1.0,1.0,0.0,0.0,7,1,0.09,0.0,0.09,0.09,0.09,Matches,2022-2023,ITA,,13.0,,,,,,,,,,,17.0,,,,,,,,,,,,,,,,,,,,,,,16.0,2.0,12.5,1.47,0.18,0.06,0.5,,,,,,,,,,,,,,,,,,
Fabiano Parisi,0967845b,403,itITA,DF,Empoli,21.0,2000.0,33,33,2830.0,31.4,2.0,0.0,2.0,2.0,0.0,0.0,10,1,0.06,0.0,0.06,0.06,0.06,Matches,2022-2023,ITA,,38.0,,,,,,,,,,,41.0,,,,,,,,,,,,,,,,,,,,,,,21.0,2.0,9.5,0.67,0.06,0.1,1.0,,,,,,,,,,,,,,,,,,
Mario Pašalić,e599253a,404,hrCRO,MF,Atalanta,27.0,1995.0,32,24,1769.0,19.7,5.0,2.0,7.0,5.0,0.0,0.0,3,0,0.25,0.1,0.36,0.25,0.36,Matches,2022-2023,ITA,,13.0,,,,,,,,,,,19.0,,,,,,,,,,,,,,,,,,,,,,,32.0,9.0,28.1,1.63,0.46,0.16,0.56,,,,,,,,,,,,,,,,,,
Patric,f7223718,405,esESP,DF,Lazio,29.0,1993.0,18,16,1413.0,15.7,0.0,0.0,0.0,0.0,0.0,0.0,1,0,0.0,0.0,0.0,0.0,0.0,Matches,2022-2023,ITA,,12.0,,,,,,,,,,,11.0,,,,,,,,,,,,,,,,,,,,,,,2.0,1.0,50.0,0.13,0.06,0.0,0.0,,,,,,,,,,,,,,,,,,
Rui Patrício,79b0d6a0,406,ptPOR,GK,Roma,34.0,1988.0,35,35,3150.0,35.0,0.0,0.0,0.0,0.0,0.0,0.0,1,0,0.0,0.0,0.0,0.0,0.0,Matches,2022-2023,ITA,,1.0,,,,,,,,,,,2.0,,,,,,,,,,,,,,,,,,,,,,,0.0,0.0,,0.0,0.0,,,35.0,35.0,3150.0,35.0,1.0,105.0,73.0,68.6,17.0,8.0,10.0,13.0,37.1,3.0,2.0,1.0,0.0,33.3
Pedro,3ca7254a,407,esESP,FW,Lazio,35.0,1987.0,36,17,1898.0,21.1,4.0,3.0,7.0,4.0,0.0,0.0,1,0,0.19,0.14,0.33,0.19,0.33,Matches,2022-2023,ITA,,24.0,,,,,,,,,,,6.0,,,,,,,,,,,,,,,,,,,,,,,42.0,16.0,38.1,1.99,0.76,0.1,0.25,,,,,,,,,,,,,,,,,,
Gianluca Pegolo,f058ed1f,408,itITA,GK,Sassuolo,41.0,1981.0,2,2,180.0,2.0,0.0,0.0,0.0,0.0,0.0,0.0,0,0,0.0,0.0,0.0,0.0,0.0,Matches,2022-2023,ITA,,0.0,,,,,,,,,,,0.0,,,,,,,,,,,,,,,,,,,,,,,0.0,0.0,,0.0,0.0,,,2.0,2.0,180.0,3.0,1.5,5.0,3.0,60.0,0.0,1.0,1.0,0.0,0.0,1.0,1.0,0.0,0.0,0.0
Pietro Pellegri,a44d3a3c,409,itITA,FW,Torino,21.0,2001.0,18,4,465.0,5.2,2.0,0.0,2.0,2.0,0.0,0.0,3,0,0.39,0.0,0.39,0.39,0.39,Matches,2022-2023,ITA,,2.0,,,,,,,,,,,0.0,,,,,,,,,,,,,,,,,,,,,,,10.0,5.0,50.0,1.94,0.97,0.2,0.4,,,,,,,,,,,,,,,,,,
Lorenzo Pellegrini,4a5a45c7,410,itITA,MF,Roma,26.0,1996.0,32,29,2545.0,28.3,4.0,5.0,9.0,2.0,2.0,3.0,5,0,0.14,0.18,0.32,0.07,0.25,Matches,2022-2023,ITA,,30.0,,,,,,,,,,,26.0,,,,,,,,,,,,,,,,,,,,,,,65.0,19.0,29.2,2.3,0.67,0.03,0.11,,,,,,,,,,,,,,,,,,
Luca Pellegrini,3b61c9ec,411,itITA,DF,Lazio,23.0,1999.0,7,1,180.0,2.0,0.0,0.0,0.0,0.0,0.0,0.0,3,0,0.0,0.0,0.0,0.0,0.0,Matches,2022-2023,ITA,,0.0,,,,,,,,,,,7.0,,,,,,,,,,,,,,,,,,,,,,,3.0,0.0,0.0,1.5,0.0,0.0,,,,,,,,,,,,,,,,,,,
Pepín,7afb1573,412,gqEQG,MF,Monza,25.0,1996.0,25,11,1123.0,12.5,0.0,2.0,2.0,0.0,0.0,0.0,4,0,0.0,0.16,0.16,0.0,0.16,Matches,2022-2023,ITA,,19.0,,,,,,,,,,,14.0,,,,,,,,,,,,,,,,,,,,,,,10.0,3.0,30.0,0.8,0.24,0.0,0.0,,,,,,,,,,,,,,,,,,
Roberto Pereyra,75f2c59f,413,arARG,"MF,FW",Udinese,31.0,1991.0,34,33,2820.0,31.3,5.0,7.0,12.0,5.0,0.0,1.0,7,0,0.16,0.22,0.38,0.16,0.38,Matches,2022-2023,ITA,,22.0,,,,,,,,,,,16.0,,,,,,,,,,,,,,,,,,,,,,,42.0,17.0,40.5,1.34,0.54,0.12,0.29,,,,,,,,,,,,,,,,,,
Nehuén Pérez,f7c491f1,414,arARG,DF,Udinese,22.0,2000.0,34,33,2818.0,31.3,2.0,0.0,2.0,2.0,0.0,0.0,7,1,0.06,0.0,0.06,0.06,0.06,Matches,2022-2023,ITA,,39.0,,,,,,,,,,,36.0,,,,,,,,,,,,,,,,,,,,,,,16.0,8.0,50.0,0.51,0.26,0.13,0.25,,,,,,,,,,,,,,,,,,
Simone Perilli,b9e11c1d,415,itITA,GK,Hellas Verona,27.0,1995.0,1,1,90.0,1.0,0.0,0.0,0.0,0.0,0.0,0.0,0,0,0.0,0.0,0.0,0.0,0.0,Matches,2022-2023,ITA,,0.0,,,,,,,,,,,0.0,,,,,,,,,,,,,,,,,,,,,,,0.0,0.0,,0.0,0.0,,,1.0,1.0,90.0,0.0,0.0,4.0,4.0,100.0,0.0,1.0,0.0,1.0,100.0,0.0,0.0,0.0,0.0,
Mattia Perin,4c62d0c8,416,itITA,GK,Juventus,29.0,1992.0,11,10,948.0,10.5,0.0,0.0,0.0,0.0,0.0,0.0,0,0,0.0,0.0,0.0,0.0,0.0,Matches,2022-2023,ITA,,0.0,,,,,,,,,,,0.0,,,,,,,,,,,,,,,,,,,,,,,0.0,0.0,,0.0,0.0,,,11.0,10.0,948.0,7.0,0.66,37.0,32.0,83.8,5.0,3.0,2.0,6.0,60.0,2.0,1.0,1.0,0.0,50.0
Samuele Perisan,00a17eba,417,itITA,GK,Empoli,24.0,1997.0,7,7,630.0,7.0,0.0,0.0,0.0,0.0,0.0,0.0,0,0,0.0,0.0,0.0,0.0,0.0,Matches,2022-2023,ITA,,0.0,,,,,,,,,,,0.0,,,,,,,,,,,,,,,,,,,,,,,0.0,0.0,,0.0,0.0,,,7.0,7.0,630.0,9.0,1.29,24.0,15.0,62.5,1.0,1.0,5.0,2.0,28.6,0.0,0.0,0.0,0.0,
Matteo Pessina,780e3631,418,itITA,MF,Monza,25.0,1997.0,35,34,2932.0,32.6,5.0,3.0,8.0,2.0,3.0,3.0,6,0,0.15,0.09,0.25,0.06,0.15,Matches,2022-2023,ITA,,36.0,,,,,,,,,,,38.0,,,,,,,,,,,,,,,,,,,,,,,28.0,9.0,32.1,0.86,0.28,0.07,0.22,,,,,,,,,,,,,,,,,,
Andrea Petagna,03f946ed,419,itITA,FW,Monza,27.0,1995.0,31,19,1663.0,18.5,4.0,5.0,9.0,3.0,1.0,1.0,2,0,0.22,0.27,0.49,0.16,0.43,Matches,2022-2023,ITA,,5.0,,,,,,,,,,,3.0,,,,,,,,,,,,,,,,,,,,,,,36.0,13.0,36.1,1.95,0.7,0.08,0.23,,,,,,,,,,,,,,,,,,
Giuseppe Pezzella,149c5f5d,420,itITA,DF,Lecce,24.0,1997.0,16,10,918.0,10.2,0.0,1.0,1.0,0.0,0.0,0.0,2,0,0.0,0.1,0.1,0.0,0.1,Matches,2022-2023,ITA,,10.0,,,,,,,,,,,8.0,,,,,,,,,,,,,,,,,,,,,,,4.0,0.0,0.0,0.39,0.0,0.0,,,,,,,,,,,,,,,,,,,
Krzysztof Piątek,17f3620a,421,plPOL,FW,Salernitana,27.0,1995.0,33,23,2140.0,23.8,4.0,5.0,9.0,3.0,1.0,1.0,5,0,0.17,0.21,0.38,0.13,0.34,Matches,2022-2023,ITA,,12.0,,,,,,,,,,,1.0,,,,,,,,,,,,,,,,,,,,,,,58.0,20.0,34.5,2.44,0.84,0.05,0.15,,,,,,,,,,,,,,,,,,
Roberto Piccoli,1cadaf34,422,itITA,FW,Hellas Verona,21.0,2001.0,7,2,192.0,2.1,0.0,0.0,0.0,0.0,0.0,0.0,0,0,0.0,0.0,0.0,0.0,0.0,Matches,2022-2023,ITA,,0.0,,,,,,,,,,,0.0,,,,,,,,,,,,,,,,,,,,,,,4.0,2.0,50.0,1.87,0.94,0.0,0.0,,,,,,,,,,,,,,,,,,
Roberto Piccoli,1cadaf34,423,itITA,FW,Empoli,21.0,2001.0,13,6,516.0,5.7,2.0,0.0,2.0,2.0,0.0,0.0,0,0,0.35,0.0,0.35,0.35,0.35,Matches,2022-2023,ITA,,1.0,,,,,,,,,,,1.0,,,,,,,,,,,,,,,,,,,,,,,12.0,6.0,50.0,2.09,1.05,0.17,0.33,,,,,,,,,,,,,,,,,,
Charles Pickel,f71ad8cb,424,cdCOD,MF,Cremonese,25.0,1997.0,33,30,2483.0,27.6,1.0,0.0,1.0,1.0,0.0,0.0,8,1,0.04,0.0,0.04,0.04,0.04,Matches,2022-2023,ITA,,23.0,,,,,,,,,,,25.0,,,,,,,,,,,,,,,,,,,,,,,23.0,7.0,30.4,0.83,0.25,0.04,0.14,,,,,,,,,,,,,,,,,,
Andrea Pinamonti,08aa9cd1,425,itITA,FW,Sassuolo,23.0,1999.0,32,25,2161.0,24.0,5.0,0.0,5.0,4.0,1.0,1.0,3,1,0.21,0.0,0.21,0.17,0.17,Matches,2022-2023,ITA,,7.0,,,,,,,,,,,3.0,,,,,,,,,,,,,,,,,,,,,,,67.0,22.0,32.8,2.79,0.92,0.06,0.18,,,,,,,,,,,,,,,,,,
Lorenzo Pirola,caec77da,426,itITA,DF,Salernitana,20.0,2002.0,26,23,1941.0,21.6,2.0,0.0,2.0,2.0,0.0,0.0,4,0,0.09,0.0,0.09,0.09,0.09,Matches,2022-2023,ITA,,29.0,,,,,,,,,,,30.0,,,,,,,,,,,,,,,,,,,,,,,13.0,2.0,15.4,0.6,0.09,0.15,1.0,,,,,,,,,,,,,,,,,,
Niccolò Pisilli,c84dcc88,427,itITA,MF,Roma,17.0,2004.0,1,0,1.0,0.0,0.0,0.0,0.0,0.0,0.0,0.0,0,0,0.0,0.0,0.0,0.0,0.0,Matches,2022-2023,ITA,,0.0,,,,,,,,,,,0.0,,,,,,,,,,,,,,,,,,,,,,,0.0,0.0,,0.0,0.0,,,,,,,,,,,,,,,,,,,,
Marko Pjaca,2c38b327,428,hrCRO,"MF,FW",Empoli,27.0,1995.0,17,5,525.0,5.8,0.0,0.0,0.0,0.0,0.0,0.0,1,0,0.0,0.0,0.0,0.0,0.0,Matches,2022-2023,ITA,,3.0,,,,,,,,,,,3.0,,,,,,,,,,,,,,,,,,,,,,,15.0,2.0,13.3,2.57,0.34,0.0,0.0,,,,,,,,,,,,,,,,,,
Tommaso Pobega,55a1cac2,429,itITA,MF,Milan,23.0,1999.0,19,9,883.0,9.8,2.0,0.0,2.0,2.0,0.0,0.0,4,0,0.2,0.0,0.2,0.2,0.2,Matches,2022-2023,ITA,,16.0,,,,,,,,,,,8.0,,,,,,,,,,,,,,,,,,,,,,,20.0,5.0,25.0,2.04,0.51,0.1,0.4,,,,,,,,,,,,,,,,,,
Paul Pogba,867239d3,430,frFRA,FW,Juventus,29.0,1993.0,6,1,111.0,1.2,0.0,0.0,0.0,0.0,0.0,0.0,0,0,0.0,0.0,0.0,0.0,0.0,Matches,2022-2023,ITA,,0.0,,,,,,,,,,,0.0,,,,,,,,,,,,,,,,,,,,,,,5.0,2.0,40.0,4.05,1.62,0.0,0.0,,,,,,,,,,,,,,,,,,
Matteo Politano,5e861944,431,itITA,FW,Napoli,28.0,1993.0,27,14,1166.0,13.0,3.0,3.0,6.0,1.0,2.0,3.0,1,0,0.23,0.23,0.46,0.08,0.31,Matches,2022-2023,ITA,,11.0,,,,,,,,,,,7.0,,,,,,,,,,,,,,,,,,,,,,,33.0,9.0,27.3,2.55,0.69,0.03,0.11,,,,,,,,,,,,,,,,,,
Marin Pongračić,2a6cd437,432,hrCRO,DF,Lecce,24.0,1997.0,9,9,790.0,8.8,0.0,0.0,0.0,0.0,0.0,0.0,2,0,0.0,0.0,0.0,0.0,0.0,Matches,2022-2023,ITA,,13.0,,,,,,,,,,,16.0,,,,,,,,,,,,,,,,,,,,,,,1.0,0.0,0.0,0.11,0.0,0.0,,,,,,,,,,,,,,,,,,,
Stefan Posch,7f609bfc,433,atAUT,DF,Bologna,25.0,1997.0,30,30,2532.0,28.1,6.0,2.0,8.0,6.0,0.0,0.0,6,0,0.21,0.07,0.28,0.21,0.28,Matches,2022-2023,ITA,,44.0,,,,,,,,,,,36.0,,,,,,,,,,,,,,,,,,,,,,,27.0,9.0,33.3,0.96,0.32,0.22,0.67,,,,,,,,,,,,,,,,,,
Ivan Provedel,277da414,434,itITA,GK,Lazio,28.0,1994.0,38,37,3413.0,37.9,0.0,0.0,0.0,0.0,0.0,0.0,1,0,0.0,0.0,0.0,0.0,0.0,Matches,2022-2023,ITA,,0.0,,,,,,,,,,,0.0,,,,,,,,,,,,,,,,,,,,,,,0.0,0.0,,0.0,0.0,,,38.0,37.0,3413.0,30.0,0.79,129.0,99.0,77.5,21.0,8.0,8.0,21.0,56.8,2.0,1.0,0.0,1.0,0.0
Ignacio Pussetto,62437b4f,435,arARG,MF,Sampdoria,26.0,1995.0,5,1,152.0,1.7,0.0,0.0,0.0,0.0,0.0,0.0,1,0,0.0,0.0,0.0,0.0,0.0,Matches,2022-2023,ITA,,3.0,,,,,,,,,,,0.0,,,,,,,,,,,,,,,,,,,,,,,2.0,2.0,100.0,1.18,1.18,0.0,0.0,,,,,,,,,,,,,,,,,,
Niklas Pyyhtiä,88f53b75,436,fiFIN,MF,Bologna,18.0,2003.0,6,0,110.0,1.2,0.0,1.0,1.0,0.0,0.0,0.0,0,0,0.0,0.82,0.82,0.0,0.82,Matches,2022-2023,ITA,,0.0,,,,,,,,,,,1.0,,,,,,,,,,,,,,,,,,,,,,,3.0,0.0,0.0,2.45,0.0,0.0,,,,,,,,,,,,,,,,,,,
Fabio Quagliarella,ee4f2f3b,437,itITA,FW,Sampdoria,39.0,1983.0,23,7,800.0,8.9,1.0,1.0,2.0,1.0,0.0,0.0,2,0,0.11,0.11,0.23,0.11,0.23,Matches,2022-2023,ITA,,1.0,,,,,,,,,,,0.0,,,,,,,,,,,,,,,,,,,,,,,36.0,6.0,16.7,4.05,0.68,0.03,0.17,,,,,,,,,,,,,,,,,,
Giacomo Quagliata,1b9c7401,438,itITA,"MF,DF",Cremonese,22.0,2000.0,20,6,699.0,7.8,0.0,1.0,1.0,0.0,0.0,0.0,0,1,0.0,0.13,0.13,0.0,0.13,Matches,2022-2023,ITA,,7.0,,,,,,,,,,,12.0,,,,,,,,,,,,,,,,,,,,,,,9.0,1.0,11.1,1.16,0.13,0.0,0.0,,,,,,,,,,,,,,,,,,
Adrien Rabiot,8794e251,439,frFRA,MF,Juventus,27.0,1995.0,32,31,2748.0,30.5,8.0,4.0,12.0,8.0,0.0,0.0,9,0,0.26,0.13,0.39,0.26,0.39,Matches,2022-2023,ITA,,35.0,,,,,,,,,,,27.0,,,,,,,,,,,,,,,,,,,,,,,48.0,23.0,47.9,1.57,0.75,0.17,0.35,,,,,,,,,,,,,,,,,,
Nemanja Radonjić,0630eb63,440,rsSRB,"MF,FW",Torino,26.0,1996.0,28,16,1461.0,16.2,2.0,2.0,4.0,2.0,0.0,0.0,1,0,0.12,0.12,0.25,0.12,0.25,Matches,2022-2023,ITA,,1.0,,,,,,,,,,,1.0,,,,,,,,,,,,,,,,,,,,,,,52.0,17.0,32.7,3.2,1.05,0.04,0.12,,,,,,,,,,,,,,,,,,
Ivan Radovanović,023937a9,441,rsSRB,"MF,DF",Salernitana,33.0,1988.0,10,7,671.0,7.5,0.0,0.0,0.0,0.0,0.0,0.0,1,1,0.0,0.0,0.0,0.0,0.0,Matches,2022-2023,ITA,,5.0,,,,,,,,,,,8.0,,,,,,,,,,,,,,,,,,,,,,,7.0,0.0,0.0,0.94,0.0,0.0,,,,,,,,,,,,,,,,,,,
Ionuț Radu,67f649be,442,roROU,GK,Cremonese,25.0,1997.0,9,9,810.0,9.0,0.0,0.0,0.0,0.0,0.0,0.0,0,0,0.0,0.0,0.0,0.0,0.0,Matches,2022-2023,ITA,,0.0,,,,,,,,,,,0.0,,,,,,,,,,,,,,,,,,,,,,,0.0,0.0,,0.0,0.0,,,9.0,9.0,810.0,19.0,2.11,61.0,45.0,73.8,0.0,3.0,6.0,1.0,11.1,3.0,3.0,0.0,0.0,0.0
Ștefan Radu,53de807a,443,roROU,DF,Lazio,35.0,1986.0,1,0,1.0,0.0,0.0,0.0,0.0,0.0,0.0,0.0,1,0,0.0,0.0,0.0,0.0,0.0,Matches,2022-2023,ITA,,0.0,,,,,,,,,,,0.0,,,,,,,,,,,,,,,,,,,,,,,0.0,0.0,,0.0,0.0,,,,,,,,,,,,,,,,,,,,
Antonio Raimondo,ce1a6c7e,444,itITA,FW,Bologna,18.0,2004.0,2,0,15.0,0.2,0.0,0.0,0.0,0.0,0.0,0.0,0,0,0.0,0.0,0.0,0.0,0.0,Matches,2022-2023,ITA,,0.0,,,,,,,,,,,0.0,,,,,,,,,,,,,,,,,,,,,,,0.0,0.0,,0.0,0.0,,,,,,,,,,,,,,,,,,,,
Luca Ranieri,8c63fae5,445,itITA,DF,Fiorentina,23.0,1999.0,9,5,508.0,5.6,0.0,0.0,0.0,0.0,0.0,0.0,1,0,0.0,0.0,0.0,0.0,0.0,Matches,2022-2023,ITA,,4.0,,,,,,,,,,,11.0,,,,,,,,,,,,,,,,,,,,,,,1.0,0.0,0.0,0.18,0.0,0.0,,,,,,,,,,,,,,,,,,,
Andrea Ranocchia,539230cf,446,itITA,DF,Monza,34.0,1988.0,1,1,47.0,0.5,0.0,0.0,0.0,0.0,0.0,0.0,0,0,0.0,0.0,0.0,0.0,0.0,Matches,2022-2023,ITA,,2.0,,,,,,,,,,,0.0,,,,,,,,,,,,,,,,,,,,,,,0.0,0.0,,0.0,0.0,,,,,,,,,,,,,,,,,,,,
Filippo Ranocchia,d9ebed1c,447,itITA,"MF,FW",Monza,21.0,2001.0,14,5,530.0,5.9,1.0,0.0,1.0,1.0,0.0,0.0,1,0,0.17,0.0,0.17,0.17,0.17,Matches,2022-2023,ITA,,6.0,,,,,,,,,,,4.0,,,,,,,,,,,,,,,,,,,,,,,19.0,8.0,42.1,3.23,1.36,0.05,0.13,,,,,,,,,,,,,,,,,,
Giacomo Raspadori,6e058f06,448,itITA,"FW,MF",Napoli,22.0,2000.0,25,10,911.0,10.1,2.0,2.0,4.0,2.0,0.0,0.0,1,0,0.2,0.2,0.4,0.2,0.4,Matches,2022-2023,ITA,,7.0,,,,,,,,,,,4.0,,,,,,,,,,,,,,,,,,,,,,,40.0,16.0,40.0,3.95,1.58,0.05,0.13,,,,,,,,,,,,,,,,,,
Giacomo Raspadori,6e058f06,449,itITA,"FW,MF",Sassuolo,22.0,2000.0,1,0,45.0,0.5,0.0,0.0,0.0,0.0,0.0,0.0,0,0,0.0,0.0,0.0,0.0,0.0,Matches,2022-2023,ITA,,0.0,,,,,,,,,,,0.0,,,,,,,,,,,,,,,,,,,,,,,0.0,0.0,,0.0,0.0,,,,,,,,,,,,,,,,,,,,
Nicola Ravaglia,d7a35008,450,itITA,GK,Sampdoria,33.0,1988.0,9,9,810.0,9.0,0.0,0.0,0.0,0.0,0.0,0.0,0,0,0.0,0.0,0.0,0.0,0.0,Matches,2022-2023,ITA,,0.0,,,,,,,,,,,0.0,,,,,,,,,,,,,,,,,,,,,,,0.0,0.0,,0.0,0.0,,,9.0,9.0,810.0,23.0,2.56,62.0,41.0,66.1,0.0,3.0,6.0,0.0,0.0,2.0,2.0,0.0,0.0,0.0
Ante Rebić,536cebe5,451,hrCRO,"MF,FW",Milan,28.0,1993.0,23,10,980.0,10.9,3.0,2.0,5.0,3.0,0.0,0.0,4,0,0.28,0.18,0.46,0.28,0.46,Matches,2022-2023,ITA,,8.0,,,,,,,,,,,1.0,,,,,,,,,,,,,,,,,,,,,,,27.0,13.0,48.1,2.48,1.19,0.11,0.23,,,,,,,,,,,,,,,,,,
Arkadiusz Reca,6213fd82,452,plPOL,"MF,DF",Spezia,27.0,1995.0,30,24,2173.0,24.1,1.0,1.0,2.0,1.0,0.0,0.0,5,0,0.04,0.04,0.08,0.04,0.08,Matches,2022-2023,ITA,,28.0,,,,,,,,,,,21.0,,,,,,,,,,,,,,,,,,,,,,,22.0,8.0,36.4,0.91,0.33,0.05,0.13,,,,,,,,,,,,,,,,,,
Panagiotis Retsos,4bd00a50,453,grGRE,DF,Hellas Verona,23.0,1998.0,2,1,122.0,1.4,0.0,0.0,0.0,0.0,0.0,0.0,0,0,0.0,0.0,0.0,0.0,0.0,Matches,2022-2023,ITA,,4.0,,,,,,,,,,,2.0,,,,,,,,,,,,,,,,,,,,,,,1.0,0.0,0.0,0.74,0.0,0.0,,,,,,,,,,,,,,,,,,,
Franck Ribéry,f61c7c4e,454,frFRA,"FW,MF",Salernitana,39.0,1983.0,1,0,37.0,0.4,0.0,0.0,0.0,0.0,0.0,0.0,0,0,0.0,0.0,0.0,0.0,0.0,Matches,2022-2023,ITA,,0.0,,,,,,,,,,,0.0,,,,,,,,,,,,,,,,,,,,,,,0.0,0.0,,0.0,0.0,,,,,,,,,,,,,,,,,,,,
Samuele Ricci,9823be92,455,itITA,MF,Torino,20.0,2001.0,28,23,2070.0,23.0,2.0,1.0,3.0,2.0,0.0,0.0,6,0,0.09,0.04,0.13,0.09,0.13,Matches,2022-2023,ITA,,21.0,,,,,,,,,,,17.0,,,,,,,,,,,,,,,,,,,,,,,21.0,7.0,33.3,0.91,0.3,0.1,0.29,,,,,,,,,,,,,,,,,,
Tomás Rincón,f1cfc209,456,veVEN,MF,Sampdoria,34.0,1988.0,34,30,2555.0,28.4,0.0,2.0,2.0,0.0,0.0,0.0,7,1,0.0,0.07,0.07,0.0,0.07,Matches,2022-2023,ITA,,29.0,,,,,,,,,,,30.0,,,,,,,,,,,,,,,,,,,,,,,11.0,3.0,27.3,0.39,0.11,0.0,0.0,,,,,,,,,,,,,,,,,,
Pablo Rodríguez,1d4e63b6,457,esESP,"FW,MF",Lecce,20.0,2001.0,4,0,54.0,0.6,0.0,0.0,0.0,0.0,0.0,0.0,0,0,0.0,0.0,0.0,0.0,0.0,Matches,2022-2023,ITA,,1.0,,,,,,,,,,,0.0,,,,,,,,,,,,,,,,,,,,,,,0.0,0.0,,0.0,0.0,,,,,,,,,,,,,,,,,,,,
Ricardo Rodríguez,7f78ad23,458,chSUI,"DF,MF",Torino,29.0,1992.0,35,30,2670.0,29.7,0.0,0.0,0.0,0.0,0.0,0.0,3,0,0.0,0.0,0.0,0.0,0.0,Matches,2022-2023,ITA,,34.0,,,,,,,,,,,39.0,,,,,,,,,,,,,,,,,,,,,,,11.0,4.0,36.4,0.37,0.13,0.0,0.0,,,,,,,,,,,,,,,,,,
Rogério,10e7f486,459,brBRA,DF,Sassuolo,24.0,1998.0,36,34,2996.0,33.3,0.0,3.0,3.0,0.0,0.0,0.0,5,1,0.0,0.09,0.09,0.0,0.09,Matches,2022-2023,ITA,,20.0,,,,,,,,,,,40.0,,,,,,,,,,,,,,,,,,,,,,,15.0,5.0,33.3,0.45,0.15,0.0,0.0,,,,,,,,,,,,,,,,,,
Filippo Romagna,84594618,460,itITA,DF,Sassuolo,25.0,1997.0,2,0,46.0,0.5,0.0,0.0,0.0,0.0,0.0,0.0,0,0,0.0,0.0,0.0,0.0,0.0,Matches,2022-2023,ITA,,0.0,,,,,,,,,,,0.0,,,,,,,,,,,,,,,,,,,,,,,0.0,0.0,,0.0,0.0,,,,,,,,,,,,,,,,,,,,
Alessio Romagnoli,3ead85f9,461,itITA,DF,Lazio,27.0,1995.0,34,33,2922.0,32.5,2.0,0.0,2.0,2.0,0.0,0.0,6,0,0.06,0.0,0.06,0.06,0.06,Matches,2022-2023,ITA,,16.0,,,,,,,,,,,35.0,,,,,,,,,,,,,,,,,,,,,,,13.0,5.0,38.5,0.4,0.15,0.15,0.4,,,,,,,,,,,,,,,,,,
Simone Romagnoli,09899de8,462,itITA,DF,Lecce,32.0,1990.0,7,1,167.0,1.9,0.0,0.0,0.0,0.0,0.0,0.0,0,0,0.0,0.0,0.0,0.0,0.0,Matches,2022-2023,ITA,,4.0,,,,,,,,,,,1.0,,,,,,,,,,,,,,,,,,,,,,,1.0,0.0,0.0,0.54,0.0,0.0,,,,,,,,,,,,,,,,,,,
Luka Romero,ca6edaa0,463,arARG,FW,Lazio,17.0,2004.0,6,1,151.0,1.7,1.0,0.0,1.0,1.0,0.0,0.0,0,0,0.6,0.0,0.6,0.6,0.6,Matches,2022-2023,ITA,,0.0,,,,,,,,,,,2.0,,,,,,,,,,,,,,,,,,,,,,,5.0,1.0,20.0,2.98,0.6,0.2,1.0,,,,,,,,,,,,,,,,,,
Marten de Roon,2a1beb34,464,nlNED,MF,Atalanta,31.0,1991.0,35,34,2964.0,32.9,3.0,1.0,4.0,3.0,0.0,0.0,7,0,0.09,0.03,0.12,0.09,0.12,Matches,2022-2023,ITA,,43.0,,,,,,,,,,,36.0,,,,,,,,,,,,,,,,,,,,,,,19.0,5.0,26.3,0.58,0.15,0.16,0.6,,,,,,,,,,,,,,,,,,
Francesco Rossi,7b5f516f,465,itITA,GK,Atalanta,31.0,1991.0,1,0,4.0,0.0,0.0,0.0,0.0,0.0,0.0,0.0,0,0,0.0,0.0,0.0,0.0,0.0,Matches,2022-2023,ITA,,0.0,,,,,,,,,,,0.0,,,,,,,,,,,,,,,,,,,,,,,0.0,0.0,,0.0,0.0,,,1.0,0.0,4.0,0.0,0.0,0.0,0.0,,0.0,0.0,0.0,0.0,,0.0,0.0,0.0,0.0,
Nicolò Rovella,e58cbfd5,466,itITA,MF,Monza,20.0,2001.0,25,21,1740.0,19.3,1.0,2.0,3.0,1.0,0.0,0.0,5,1,0.05,0.1,0.16,0.05,0.16,Matches,2022-2023,ITA,,29.0,,,,,,,,,,,37.0,,,,,,,,,,,,,,,,,,,,,,,21.0,6.0,28.6,1.09,0.31,0.05,0.17,,,,,,,,,,,,,,,,,,
Nicolò Rovella,e58cbfd5,467,itITA,MF,Juventus,20.0,2001.0,3,0,27.0,0.3,0.0,0.0,0.0,0.0,0.0,0.0,1,0,0.0,0.0,0.0,0.0,0.0,Matches,2022-2023,ITA,,1.0,,,,,,,,,,,0.0,,,,,,,,,,,,,,,,,,,,,,,2.0,0.0,0.0,6.67,0.0,0.0,,,,,,,,,,,,,,,,,,,
Amir Rrahmani,4b3e1a38,468,xkKVX,DF,Napoli,28.0,1994.0,29,27,2448.0,27.2,2.0,1.0,3.0,2.0,0.0,0.0,2,0,0.07,0.04,0.11,0.07,0.11,Matches,2022-2023,ITA,,17.0,,,,,,,,,,,14.0,,,,,,,,,,,,,,,,,,,,,,,21.0,3.0,14.3,0.77,0.11,0.1,0.67,,,,,,,,,,,,,,,,,,
Ruan,a378a02a,469,brBRA,DF,Sassuolo,23.0,1999.0,23,21,1711.0,19.0,0.0,0.0,0.0,0.0,0.0,0.0,13,3,0.0,0.0,0.0,0.0,0.0,Matches,2022-2023,ITA,,28.0,,,,,,,,,,,23.0,,,,,,,,,,,,,,,,,,,,,,,5.0,1.0,20.0,0.26,0.05,0.0,0.0,,,,,,,,,,,,,,,,,,
Daniele Rugani,14b8fcdf,470,itITA,DF,Juventus,28.0,1994.0,9,6,564.0,6.3,0.0,0.0,0.0,0.0,0.0,0.0,0,0,0.0,0.0,0.0,0.0,0.0,Matches,2022-2023,ITA,,0.0,,,,,,,,,,,6.0,,,,,,,,,,,,,,,,,,,,,,,4.0,1.0,25.0,0.64,0.16,0.0,0.0,,,,,,,,,,,,,,,,,,
Matteo Ruggeri,ae9898c5,471,itITA,"MF,DF",Atalanta,20.0,2002.0,15,8,829.0,9.2,0.0,1.0,1.0,0.0,0.0,0.0,3,0,0.0,0.11,0.11,0.0,0.11,Matches,2022-2023,ITA,,12.0,,,,,,,,,,,12.0,,,,,,,,,,,,,,,,,,,,,,,10.0,1.0,10.0,1.09,0.11,0.0,0.0,,,,,,,,,,,,,,,,,,
Mário Rui,0b5a292a,472,ptPOR,DF,Napoli,31.0,1991.0,22,21,1749.0,19.4,0.0,6.0,6.0,0.0,0.0,0.0,2,1,0.0,0.31,0.31,0.0,0.31,Matches,2022-2023,ITA,,21.0,,,,,,,,,,,15.0,,,,,,,,,,,,,,,,,,,,,,,11.0,4.0,36.4,0.57,0.21,0.0,0.0,,,,,,,,,,,,,,,,,,
Alessandro Russo,3945ac70,473,itITA,GK,Sassuolo,21.0,2001.0,1,1,90.0,1.0,0.0,0.0,0.0,0.0,0.0,0.0,0,0,0.0,0.0,0.0,0.0,0.0,Matches,2022-2023,ITA,,0.0,,,,,,,,,,,0.0,,,,,,,,,,,,,,,,,,,,,,,0.0,0.0,,0.0,0.0,,,1.0,1.0,90.0,3.0,3.0,7.0,4.0,57.1,0.0,0.0,1.0,0.0,0.0,0.0,0.0,0.0,0.0,
Abdelhamid Sabiri,4830e0af,474,maMAR,MF,Sampdoria,25.0,1996.0,18,12,1069.0,11.9,2.0,0.0,2.0,1.0,1.0,2.0,5,0,0.17,0.0,0.17,0.08,0.08,Matches,2022-2023,ITA,,8.0,,,,,,,,,,,2.0,,,,,,,,,,,,,,,,,,,,,,,33.0,11.0,33.3,2.78,0.93,0.03,0.09,,,,,,,,,,,,,,,,,,
Alexis Saelemaekers,ee251371,475,beBEL,MF,Milan,23.0,1999.0,30,14,1403.0,15.6,2.0,3.0,5.0,2.0,0.0,0.0,1,0,0.13,0.19,0.32,0.13,0.32,Matches,2022-2023,ITA,,21.0,,,,,,,,,,,19.0,,,,,,,,,,,,,,,,,,,,,,,35.0,10.0,28.6,2.25,0.64,0.06,0.2,,,,,,,,,,,,,,,,,,
Jacopo Sala,da5a981b,476,itITA,MF,Spezia,30.0,1991.0,6,1,112.0,1.2,0.0,0.0,0.0,0.0,0.0,0.0,1,0,0.0,0.0,0.0,0.0,0.0,Matches,2022-2023,ITA,,0.0,,,,,,,,,,,1.0,,,,,,,,,,,,,,,,,,,,,,,0.0,0.0,,0.0,0.0,,,,,,,,,,,,,,,,,,,,
Lazar Samardzic,217c93a1,477,rsSRB,"MF,FW",Udinese,20.0,2002.0,37,19,1848.0,20.5,5.0,4.0,9.0,5.0,0.0,0.0,1,0,0.24,0.19,0.44,0.24,0.44,Matches,2022-2023,ITA,,16.0,,,,,,,,,,,10.0,,,,,,,,,,,,,,,,,,,,,,,50.0,18.0,36.0,2.44,0.88,0.1,0.28,,,,,,,,,,,,,,,,,,
Junior Sambia,24eb7ed6,478,frFRA,"MF,DF",Salernitana,25.0,1996.0,22,7,697.0,7.7,0.0,1.0,1.0,0.0,0.0,0.0,3,0,0.0,0.13,0.13,0.0,0.13,Matches,2022-2023,ITA,,6.0,,,,,,,,,,,8.0,,,,,,,,,,,,,,,,,,,,,,,13.0,5.0,38.5,1.68,0.65,0.0,0.0,,,,,,,,,,,,,,,,,,
Antonio Sanabria,0a447501,479,pyPAR,FW,Torino,26.0,1996.0,33,28,2433.0,27.0,12.0,4.0,16.0,11.0,1.0,1.0,4,0,0.44,0.15,0.59,0.41,0.55,Matches,2022-2023,ITA,,5.0,,,,,,,,,,,4.0,,,,,,,,,,,,,,,,,,,,,,,68.0,25.0,36.8,2.52,0.92,0.16,0.44,,,,,,,,,,,,,,,,,,
Leandro Sanca,4295f19c,480,gwGNB,FW,Spezia,22.0,2000.0,4,0,32.0,0.4,0.0,0.0,0.0,0.0,0.0,0.0,0,0,0.0,0.0,0.0,0.0,0.0,Matches,2022-2023,ITA,,1.0,,,,,,,,,,,0.0,,,,,,,,,,,,,,,,,,,,,,,0.0,0.0,,0.0,0.0,,,,,,,,,,,,,,,,,,,,
Alex Sandro,0d82903c,481,brBRA,DF,Juventus,31.0,1991.0,25,21,1787.0,19.9,0.0,1.0,1.0,0.0,0.0,0.0,5,1,0.0,0.05,0.05,0.0,0.05,Matches,2022-2023,ITA,,18.0,,,,,,,,,,,18.0,,,,,,,,,,,,,,,,,,,,,,,5.0,0.0,0.0,0.25,0.0,0.0,,,,,,,,,,,,,,,,,,,
Nicola Sansone,7eb97a8e,482,itITA,"FW,MF",Bologna,30.0,1991.0,18,8,740.0,8.2,4.0,2.0,6.0,4.0,0.0,0.0,2,0,0.49,0.24,0.73,0.49,0.73,Matches,2022-2023,ITA,,5.0,,,,,,,,,,,0.0,,,,,,,,,,,,,,,,,,,,,,,22.0,8.0,36.4,2.68,0.97,0.18,0.5,,,,,,,,,,,,,,,,,,
Riccardo Saponara,3bb7af3b,483,itITA,"MF,FW",Fiorentina,30.0,1991.0,29,14,1208.0,13.4,4.0,3.0,7.0,4.0,0.0,0.0,4,0,0.3,0.22,0.52,0.3,0.52,Matches,2022-2023,ITA,,5.0,,,,,,,,,,,5.0,,,,,,,,,,,,,,,,,,,,,,,37.0,14.0,37.8,2.76,1.04,0.11,0.29,,,,,,,,,,,,,,,,,,
Mouhamadou Sarr,b959a0d1,484,snSEN,GK,Cremonese,25.0,1997.0,2,2,180.0,2.0,0.0,0.0,0.0,0.0,0.0,0.0,0,0,0.0,0.0,0.0,0.0,0.0,Matches,2022-2023,ITA,,0.0,,,,,,,,,,,0.0,,,,,,,,,,,,,,,,,,,,,,,0.0,0.0,,0.0,0.0,,,2.0,2.0,180.0,3.0,1.5,8.0,5.0,62.5,1.0,0.0,1.0,1.0,50.0,0.0,0.0,0.0,0.0,
Martin Satriano,86383d0e,485,uyURU,FW,Empoli,21.0,2001.0,31,20,1705.0,18.9,2.0,1.0,3.0,2.0,0.0,0.0,4,0,0.11,0.05,0.16,0.11,0.16,Matches,2022-2023,ITA,,10.0,,,,,,,,,,,3.0,,,,,,,,,,,,,,,,,,,,,,,38.0,10.0,26.3,2.01,0.53,0.05,0.2,,,,,,,,,,,,,,,,,,
Giorgio Scalvini,1e9aa637,486,itITA,DF,Atalanta,18.0,2003.0,32,29,2335.0,25.9,2.0,2.0,4.0,2.0,0.0,0.0,7,0,0.08,0.08,0.15,0.08,0.15,Matches,2022-2023,ITA,,29.0,,,,,,,,,,,52.0,,,,,,,,,,,,,,,,,,,,,,,17.0,4.0,23.5,0.66,0.15,0.12,0.5,,,,,,,,,,,,,,,,,,
Jerdy Schouten,2cfae697,487,nlNED,MF,Bologna,25.0,1997.0,33,29,2509.0,27.9,0.0,2.0,2.0,0.0,0.0,0.0,3,0,0.0,0.07,0.07,0.0,0.07,Matches,2022-2023,ITA,,38.0,,,,,,,,,,,41.0,,,,,,,,,,,,,,,,,,,,,,,8.0,2.0,25.0,0.29,0.07,0.0,0.0,,,,,,,,,,,,,,,,,,
Perr Schuurs,e613313c,488,nlNED,DF,Torino,22.0,1999.0,30,28,2326.0,25.8,0.0,2.0,2.0,0.0,0.0,0.0,5,0,0.0,0.08,0.08,0.0,0.08,Matches,2022-2023,ITA,,25.0,,,,,,,,,,,29.0,,,,,,,,,,,,,,,,,,,,,,,14.0,1.0,7.1,0.54,0.04,0.0,0.0,,,,,,,,,,,,,,,,,,
Demba Seck,16463a79,489,snSEN,"MF,FW",Torino,21.0,2001.0,19,6,519.0,5.8,0.0,0.0,0.0,0.0,0.0,0.0,0,0,0.0,0.0,0.0,0.0,0.0,Matches,2022-2023,ITA,,2.0,,,,,,,,,,,1.0,,,,,,,,,,,,,,,,,,,,,,,10.0,3.0,30.0,1.73,0.52,0.0,0.0,,,,,,,,,,,,,,,,,,
Telasco Segovia,9142b22f,490,veVEN,MF,Sampdoria,19.0,2003.0,1,0,4.0,0.0,0.0,0.0,0.0,0.0,0.0,0.0,0,0,0.0,0.0,0.0,0.0,0.0,Matches,2022-2023,ITA,,0.0,,,,,,,,,,,0.0,,,,,,,,,,,,,,,,,,,,,,,0.0,0.0,,0.0,0.0,,,,,,,,,,,,,,,,,,,,
Jacopo Segre,3cb132e6,491,itITA,MF,Torino,25.0,1997.0,1,0,21.0,0.2,0.0,0.0,0.0,0.0,0.0,0.0,0,0,0.0,0.0,0.0,0.0,0.0,Matches,2022-2023,ITA,,0.0,,,,,,,,,,,0.0,,,,,,,,,,,,,,,,,,,,,,,0.0,0.0,,0.0,0.0,,,,,,,,,,,,,,,,,,,,
Vivaldo Semedo,b6baba31,492,ptPOR,FW,Udinese,17.0,2005.0,5,0,36.0,0.4,0.0,0.0,0.0,0.0,0.0,0.0,0,0,0.0,0.0,0.0,0.0,0.0,Matches,2022-2023,ITA,,0.0,,,,,,,,,,,0.0,,,,,,,,,,,,,,,,,,,,,,,1.0,0.0,0.0,2.5,0.0,0.0,,,,,,,,,,,,,,,,,,,
Stefano Sensi,b70bde8f,493,itITA,MF,Monza,26.0,1995.0,28,21,1618.0,18.0,3.0,1.0,4.0,3.0,0.0,0.0,8,0,0.17,0.06,0.22,0.17,0.22,Matches,2022-2023,ITA,,24.0,,,,,,,,,,,18.0,,,,,,,,,,,,,,,,,,,,,,,18.0,7.0,38.9,1.0,0.39,0.17,0.43,,,,,,,,,,,,,,,,,,
Luigi Sepe,343f753a,494,itITA,GK,Salernitana,31.0,1991.0,17,17,1530.0,17.0,0.0,0.0,0.0,0.0,0.0,0.0,3,0,0.0,0.0,0.0,0.0,0.0,Matches,2022-2023,ITA,,0.0,,,,,,,,,,,0.0,,,,,,,,,,,,,,,,,,,,,,,0.0,0.0,,0.0,0.0,,,17.0,17.0,1530.0,27.0,1.59,77.0,57.0,70.1,4.0,5.0,8.0,3.0,17.6,7.0,4.0,3.0,0.0,42.9
Leonardo Sernicola,dd7febd8,495,itITA,"MF,DF",Cremonese,25.0,1997.0,32,27,2317.0,25.7,2.0,2.0,4.0,2.0,0.0,0.0,11,0,0.08,0.08,0.16,0.08,0.16,Matches,2022-2023,ITA,,32.0,,,,,,,,,,,37.0,,,,,,,,,,,,,,,,,,,,,,,25.0,5.0,20.0,0.97,0.19,0.08,0.4,,,,,,,,,,,,,,,,,,
Stephan El Shaarawy,d3aaad90,496,itITA,MF,Roma,29.0,1992.0,29,14,1523.0,16.9,7.0,2.0,9.0,7.0,0.0,0.0,3,0,0.41,0.12,0.53,0.41,0.53,Matches,2022-2023,ITA,,9.0,,,,,,,,,,,13.0,,,,,,,,,,,,,,,,,,,,,,,42.0,20.0,47.6,2.48,1.18,0.17,0.35,,,,,,,,,,,,,,,,,,
Eldor Shomurodov,57469b2d,497,uzUZB,FW,Spezia,27.0,1995.0,15,9,809.0,9.0,1.0,1.0,2.0,1.0,0.0,0.0,2,0,0.11,0.11,0.22,0.11,0.22,Matches,2022-2023,ITA,,5.0,,,,,,,,,,,4.0,,,,,,,,,,,,,,,,,,,,,,,18.0,4.0,22.2,2.0,0.44,0.06,0.25,,,,,,,,,,,,,,,,,,
Eldor Shomurodov,57469b2d,498,uzUZB,FW,Roma,27.0,1995.0,6,1,119.0,1.3,0.0,0.0,0.0,0.0,0.0,0.0,0,0,0.0,0.0,0.0,0.0,0.0,Matches,2022-2023,ITA,,0.0,,,,,,,,,,,1.0,,,,,,,,,,,,,,,,,,,,,,,6.0,3.0,50.0,4.54,2.27,0.0,0.0,,,,,,,,,,,,,,,,,,
Marco Silvestri,0d422df7,499,itITA,GK,Udinese,31.0,1991.0,38,38,3420.0,38.0,0.0,0.0,0.0,0.0,0.0,0.0,0,0,0.0,0.0,0.0,0.0,0.0,Matches,2022-2023,ITA,,1.0,,,,,,,,,,,2.0,,,,,,,,,,,,,,,,,,,,,,,0.0,0.0,,0.0,0.0,,,38.0,38.0,3420.0,48.0,1.26,131.0,89.0,67.9,11.0,13.0,14.0,10.0,26.3,7.0,6.0,0.0,1.0,0.0
Giovanni Simeone,343c0d52,500,arARG,FW,Napoli,27.0,1995.0,25,1,406.0,4.5,4.0,1.0,5.0,4.0,0.0,0.0,1,0,0.89,0.22,1.11,0.89,1.11,Matches,2022-2023,ITA,,3.0,,,,,,,,,,,1.0,,,,,,,,,,,,,,,,,,,,,,,14.0,8.0,57.1,3.1,1.77,0.29,0.5,,,,,,,,,,,,,,,,,,
Wilfried Singo,8b609c34,501,ciCIV,MF,Torino,21.0,2000.0,31,24,2046.0,22.7,2.0,1.0,3.0,2.0,0.0,0.0,8,0,0.09,0.04,0.13,0.09,0.13,Matches,2022-2023,ITA,,17.0,,,,,,,,,,,11.0,,,,,,,,,,,,,,,,,,,,,,,34.0,10.0,29.4,1.5,0.44,0.06,0.2,,,,,,,,,,,,,,,,,,
Salvatore Sirigu,10dc46f0,502,itITA,GK,Fiorentina,35.0,1987.0,1,1,90.0,1.0,0.0,0.0,0.0,0.0,0.0,0.0,0,0,0.0,0.0,0.0,0.0,0.0,Matches,2022-2023,ITA,,0.0,,,,,,,,,,,0.0,,,,,,,,,,,,,,,,,,,,,,,0.0,0.0,,0.0,0.0,,,1.0,1.0,90.0,0.0,0.0,5.0,5.0,100.0,1.0,0.0,0.0,1.0,100.0,0.0,0.0,0.0,0.0,
Leo Skiri Østigård,b35a7399,503,noNOR,DF,Napoli,22.0,1999.0,7,4,419.0,4.7,0.0,0.0,0.0,0.0,0.0,0.0,1,0,0.0,0.0,0.0,0.0,0.0,Matches,2022-2023,ITA,,1.0,,,,,,,,,,,6.0,,,,,,,,,,,,,,,,,,,,,,,3.0,0.0,0.0,0.64,0.0,0.0,,,,,,,,,,,,,,,,,,,
Łukasz Skorupski,ab4449d6,504,plPOL,GK,Bologna,31.0,1991.0,37,37,3330.0,37.0,0.0,0.0,0.0,0.0,0.0,0.0,4,0,0.0,0.0,0.0,0.0,0.0,Matches,2022-2023,ITA,,1.0,,,,,,,,,,,0.0,,,,,,,,,,,,,,,,,,,,,,,0.0,0.0,,0.0,0.0,,,37.0,37.0,3330.0,49.0,1.32,154.0,113.0,72.7,13.0,12.0,12.0,7.0,18.9,9.0,7.0,2.0,0.0,22.2
Milan Škriniar,30f5ffa9,505,skSVK,DF,Inter,27.0,1995.0,21,20,1769.0,19.7,0.0,0.0,0.0,0.0,0.0,0.0,5,1,0.0,0.0,0.0,0.0,0.0,Matches,2022-2023,ITA,,20.0,,,,,,,,,,,12.0,,,,,,,,,,,,,,,,,,,,,,,9.0,2.0,22.2,0.46,0.1,0.0,0.0,,,,,,,,,,,,,,,,,,
Chris Smalling,b6964eb6,506,engENG,DF,Roma,32.0,1989.0,32,31,2808.0,31.2,3.0,1.0,4.0,3.0,0.0,0.0,7,0,0.1,0.03,0.13,0.1,0.13,Matches,2022-2023,ITA,,15.0,,,,,,,,,,,43.0,,,,,,,,,,,,,,,,,,,,,,,17.0,5.0,29.4,0.54,0.16,0.18,0.6,,,,,,,,,,,,,,,,,,
Ola Solbakken,78f13530,507,noNOR,"MF,FW",Roma,23.0,1998.0,14,7,502.0,5.6,1.0,2.0,3.0,1.0,0.0,0.0,2,0,0.18,0.36,0.54,0.18,0.54,Matches,2022-2023,ITA,,2.0,,,,,,,,,,,2.0,,,,,,,,,,,,,,,,,,,,,,,9.0,2.0,22.2,1.61,0.36,0.11,0.5,,,,,,,,,,,,,,,,,,
Brandon Soppy,28f66c2e,508,frFRA,MF,Udinese,20.0,2002.0,1,1,90.0,1.0,0.0,0.0,0.0,0.0,0.0,0.0,1,0,0.0,0.0,0.0,0.0,0.0,Matches,2022-2023,ITA,,1.0,,,,,,,,,,,1.0,,,,,,,,,,,,,,,,,,,,,,,2.0,1.0,50.0,2.0,1.0,0.0,0.0,,,,,,,,,,,,,,,,,,
Brandon Soppy,28f66c2e,509,frFRA,MF,Atalanta,20.0,2002.0,15,8,643.0,7.1,0.0,3.0,3.0,0.0,0.0,0.0,2,0,0.0,0.42,0.42,0.0,0.42,Matches,2022-2023,ITA,,5.0,,,,,,,,,,,3.0,,,,,,,,,,,,,,,,,,,,,,,7.0,2.0,28.6,0.98,0.28,0.0,0.0,,,,,,,,,,,,,,,,,,
Roberto Soriano,9d4c45d6,510,itITA,MF,Bologna,31.0,1991.0,27,15,1326.0,14.7,1.0,3.0,4.0,1.0,0.0,0.0,1,0,0.07,0.2,0.27,0.07,0.27,Matches,2022-2023,ITA,,17.0,,,,,,,,,,,8.0,,,,,,,,,,,,,,,,,,,,,,,13.0,2.0,15.4,0.88,0.14,0.08,0.5,,,,,,,,,,,,,,,,,,
Joaquin Sosa,50841bef,511,uyURU,DF,Bologna,20.0,2002.0,10,7,688.0,7.6,0.0,0.0,0.0,0.0,0.0,0.0,2,0,0.0,0.0,0.0,0.0,0.0,Matches,2022-2023,ITA,,2.0,,,,,,,,,,,4.0,,,,,,,,,,,,,,,,,,,,,,,3.0,1.0,33.3,0.39,0.13,0.0,0.0,,,,,,,,,,,,,,,,,,
Riccardo Sottil,94816803,512,itITA,"MF,FW",Fiorentina,23.0,1999.0,18,9,833.0,9.3,0.0,2.0,2.0,0.0,0.0,0.0,1,0,0.0,0.22,0.22,0.0,0.22,Matches,2022-2023,ITA,,3.0,,,,,,,,,,,0.0,,,,,,,,,,,,,,,,,,,,,,,21.0,8.0,38.1,2.27,0.86,0.0,0.0,,,,,,,,,,,,,,,,,,
Matìas Soulé,c13ddd3e,513,arARG,"MF,FW",Juventus,19.0,2003.0,13,4,420.0,4.7,1.0,0.0,1.0,1.0,0.0,0.0,0,0,0.21,0.0,0.21,0.21,0.21,Matches,2022-2023,ITA,,5.0,,,,,,,,,,,3.0,,,,,,,,,,,,,,,,,,,,,,,10.0,5.0,50.0,2.14,1.07,0.1,0.2,,,,,,,,,,,,,,,,,,
Adama Soumaoro,7b075c75,514,frFRA,DF,Bologna,30.0,1992.0,23,22,1867.0,20.7,0.0,0.0,0.0,0.0,0.0,0.0,5,1,0.0,0.0,0.0,0.0,0.0,Matches,2022-2023,ITA,,17.0,,,,,,,,,,,15.0,,,,,,,,,,,,,,,,,,,,,,,2.0,1.0,50.0,0.1,0.05,0.0,0.0,,,,,,,,,,,,,,,,,,
Leonardo Spinazzola,3626daea,515,itITA,MF,Roma,29.0,1993.0,26,18,1654.0,18.4,1.0,4.0,5.0,1.0,0.0,0.0,3,0,0.05,0.22,0.27,0.05,0.27,Matches,2022-2023,ITA,,7.0,,,,,,,,,,,9.0,,,,,,,,,,,,,,,,,,,,,,,10.0,6.0,60.0,0.54,0.33,0.1,0.17,,,,,,,,,,,,,,,,,,
Marco Sportiello,ac4003af,516,itITA,GK,Atalanta,30.0,1992.0,15,14,1339.0,14.9,0.0,0.0,0.0,0.0,0.0,0.0,0,0,0.0,0.0,0.0,0.0,0.0,Matches,2022-2023,ITA,,0.0,,,,,,,,,,,0.0,,,,,,,,,,,,,,,,,,,,,,,0.0,0.0,,0.0,0.0,,,15.0,14.0,1339.0,21.0,1.41,63.0,43.0,68.3,6.0,3.0,5.0,2.0,14.3,1.0,1.0,0.0,0.0,0.0
Petar Stojanović,13b44b02,517,siSVN,DF,Empoli,26.0,1995.0,27,16,1530.0,17.0,0.0,1.0,1.0,0.0,0.0,0.0,3,0,0.0,0.06,0.06,0.0,0.06,Matches,2022-2023,ITA,,23.0,,,,,,,,,,,11.0,,,,,,,,,,,,,,,,,,,,,,,10.0,2.0,20.0,0.59,0.12,0.0,0.0,,,,,,,,,,,,,,,,,,
Gabriel Strefezza,ac4a4508,518,brBRA,"FW,MF",Lecce,25.0,1997.0,35,30,2442.0,27.1,8.0,4.0,12.0,6.0,2.0,3.0,5,0,0.29,0.15,0.44,0.22,0.37,Matches,2022-2023,ITA,,27.0,,,,,,,,,,,16.0,,,,,,,,,,,,,,,,,,,,,,,69.0,18.0,26.1,2.54,0.66,0.09,0.33,,,,,,,,,,,,,,,,,,
Dávid Strelec,2cb9486d,519,skSVK,FW,Spezia,21.0,2001.0,7,1,169.0,1.9,0.0,0.0,0.0,0.0,0.0,0.0,0,0,0.0,0.0,0.0,0.0,0.0,Matches,2022-2023,ITA,,2.0,,,,,,,,,,,0.0,,,,,,,,,,,,,,,,,,,,,,,3.0,1.0,33.3,1.6,0.53,0.0,0.0,,,,,,,,,,,,,,,,,,
Isaac Success,f573a8bf,520,ngNGA,FW,Udinese,26.0,1996.0,30,21,1815.0,20.2,1.0,6.0,7.0,1.0,0.0,0.0,4,0,0.05,0.3,0.35,0.05,0.35,Matches,2022-2023,ITA,,5.0,,,,,,,,,,,3.0,,,,,,,,,,,,,,,,,,,,,,,35.0,5.0,14.3,1.74,0.25,0.03,0.2,,,,,,,,,,,,,,,,,,
Ibrahim Sulemana,230c3f3a,521,ghGHA,MF,Hellas Verona,19.0,2003.0,16,6,651.0,7.2,0.0,0.0,0.0,0.0,0.0,0.0,4,0,0.0,0.0,0.0,0.0,0.0,Matches,2022-2023,ITA,,13.0,,,,,,,,,,,13.0,,,,,,,,,,,,,,,,,,,,,,,9.0,3.0,33.3,1.24,0.41,0.0,0.0,,,,,,,,,,,,,,,,,,
Mile Svilar,bcf5058a,522,rsSRB,GK,Roma,22.0,1999.0,3,3,270.0,3.0,0.0,0.0,0.0,0.0,0.0,0.0,1,0,0.0,0.0,0.0,0.0,0.0,Matches,2022-2023,ITA,,0.0,,,,,,,,,,,0.0,,,,,,,,,,,,,,,,,,,,,,,0.0,0.0,,0.0,0.0,,,3.0,3.0,270.0,3.0,1.0,10.0,7.0,70.0,1.0,1.0,1.0,1.0,33.3,0.0,0.0,0.0,0.0,
Wojciech Szczęsny,01b8a2b2,523,plPOL,GK,Juventus,32.0,1990.0,28,28,2472.0,27.5,0.0,0.0,0.0,0.0,0.0,0.0,0,0,0.0,0.0,0.0,0.0,0.0,Matches,2022-2023,ITA,,1.0,,,,,,,,,,,1.0,,,,,,,,,,,,,,,,,,,,,,,0.0,0.0,,0.0,0.0,,,28.0,28.0,2472.0,26.0,0.95,91.0,67.0,74.7,17.0,3.0,8.0,15.0,53.6,3.0,3.0,0.0,0.0,0.0
Benjamin Tahirovic,eb3022c3,524,baBIH,MF,Roma,19.0,2003.0,11,4,355.0,3.9,0.0,0.0,0.0,0.0,0.0,0.0,1,0,0.0,0.0,0.0,0.0,0.0,Matches,2022-2023,ITA,,5.0,,,,,,,,,,,2.0,,,,,,,,,,,,,,,,,,,,,,,0.0,0.0,,0.0,0.0,,,,,,,,,,,,,,,,,,,,
Adrien Tameze,8da74c05,525,cmCMR,MF,Hellas Verona,28.0,1994.0,37,35,3031.0,33.7,0.0,0.0,0.0,0.0,0.0,0.0,3,0,0.0,0.0,0.0,0.0,0.0,Matches,2022-2023,ITA,,34.0,,,,,,,,,,,40.0,,,,,,,,,,,,,,,,,,,,,,,12.0,2.0,16.7,0.36,0.06,0.0,0.0,,,,,,,,,,,,,,,,,,
Ciprian Tătărușanu,b056e3da,526,roROU,GK,Milan,36.0,1986.0,16,16,1440.0,16.0,0.0,1.0,1.0,0.0,0.0,0.0,0,0,0.0,0.06,0.06,0.0,0.06,Matches,2022-2023,ITA,,0.0,,,,,,,,,,,1.0,,,,,,,,,,,,,,,,,,,,,,,0.0,0.0,,0.0,0.0,,,16.0,16.0,1440.0,22.0,1.37,61.0,41.0,67.2,9.0,3.0,4.0,4.0,25.0,2.0,2.0,0.0,0.0,0.0
Filippo Terracciano,5cbb5ad6,527,itITA,MF,Hellas Verona,19.0,2003.0,20,7,821.0,9.1,0.0,1.0,1.0,0.0,0.0,0.0,2,0,0.0,0.11,0.11,0.0,0.11,Matches,2022-2023,ITA,,13.0,,,,,,,,,,,8.0,,,,,,,,,,,,,,,,,,,,,,,5.0,3.0,60.0,0.55,0.33,0.0,0.0,,,,,,,,,,,,,,,,,,
Pietro Terracciano,e1b0a70d,528,itITA,GK,Fiorentina,32.0,1990.0,29,29,2610.0,29.0,0.0,0.0,0.0,0.0,0.0,0.0,1,0,0.0,0.0,0.0,0.0,0.0,Matches,2022-2023,ITA,,1.0,,,,,,,,,,,1.0,,,,,,,,,,,,,,,,,,,,,,,0.0,0.0,,0.0,0.0,,,29.0,29.0,2610.0,38.0,1.31,91.0,59.0,64.8,9.0,8.0,12.0,5.0,17.2,7.0,6.0,1.0,0.0,14.3
Aleksa Terzić,3ef0a2d7,529,rsSRB,DF,Fiorentina,22.0,1999.0,22,8,935.0,10.4,1.0,1.0,2.0,1.0,0.0,0.0,2,0,0.1,0.1,0.19,0.1,0.19,Matches,2022-2023,ITA,,9.0,,,,,,,,,,,6.0,,,,,,,,,,,,,,,,,,,,,,,9.0,2.0,22.2,0.87,0.19,0.11,0.5,,,,,,,,,,,,,,,,,,
Florian Thauvin,2b9fdeea,530,frFRA,"FW,MF",Udinese,29.0,1993.0,16,5,546.0,6.1,0.0,0.0,0.0,0.0,0.0,0.0,1,0,0.0,0.0,0.0,0.0,0.0,Matches,2022-2023,ITA,,1.0,,,,,,,,,,,3.0,,,,,,,,,,,,,,,,,,,,,,,10.0,3.0,30.0,1.65,0.49,0.0,0.0,,,,,,,,,,,,,,,,,,
Malick Thiaw,ff5ea0bf,531,deGER,DF,Milan,20.0,2001.0,20,15,1362.0,15.1,0.0,0.0,0.0,0.0,0.0,0.0,5,0,0.0,0.0,0.0,0.0,0.0,Matches,2022-2023,ITA,,26.0,,,,,,,,,,,13.0,,,,,,,,,,,,,,,,,,,,,,,8.0,3.0,37.5,0.53,0.2,0.0,0.0,,,,,,,,,,,,,,,,,,
Kristian Thorstvedt,76ff8d0d,532,noNOR,MF,Sassuolo,23.0,1999.0,31,13,1136.0,12.6,2.0,1.0,3.0,2.0,0.0,0.0,5,0,0.16,0.08,0.24,0.16,0.24,Matches,2022-2023,ITA,,8.0,,,,,,,,,,,13.0,,,,,,,,,,,,,,,,,,,,,,,20.0,8.0,40.0,1.58,0.63,0.1,0.25,,,,,,,,,,,,,,,,,,
Jeremy Toljan,a96e5dc0,533,deGER,DF,Sassuolo,27.0,1994.0,31,29,2672.0,29.7,0.0,1.0,1.0,0.0,0.0,0.0,3,0,0.0,0.03,0.03,0.0,0.03,Matches,2022-2023,ITA,,24.0,,,,,,,,,,,16.0,,,,,,,,,,,,,,,,,,,,,,,5.0,0.0,0.0,0.17,0.0,0.0,,,,,,,,,,,,,,,,,,,
Rafael Tolói,c56dc39e,534,itITA,DF,Atalanta,31.0,1990.0,32,32,2784.0,30.9,2.0,1.0,3.0,2.0,0.0,0.0,8,0,0.06,0.03,0.1,0.06,0.1,Matches,2022-2023,ITA,,44.0,,,,,,,,,,,56.0,,,,,,,,,,,,,,,,,,,,,,,29.0,9.0,31.0,0.94,0.29,0.07,0.22,,,,,,,,,,,,,,,,,,
Fikayo Tomori,7edfbb8a,535,engENG,DF,Milan,24.0,1997.0,33,32,2760.0,30.7,1.0,1.0,2.0,1.0,0.0,0.0,5,0,0.03,0.03,0.07,0.03,0.07,Matches,2022-2023,ITA,,38.0,,,,,,,,,,,29.0,,,,,,,,,,,,,,,,,,,,,,,9.0,4.0,44.4,0.29,0.13,0.11,0.25,,,,,,,,,,,,,,,,,,
Sandro Tonali,0db169ae,536,itITA,MF,Milan,22.0,2000.0,34,30,2713.0,30.1,2.0,7.0,9.0,2.0,0.0,0.0,7,0,0.07,0.23,0.3,0.07,0.3,Matches,2022-2023,ITA,,44.0,,,,,,,,,,,24.0,,,,,,,,,,,,,,,,,,,,,,,32.0,14.0,43.8,1.06,0.46,0.06,0.14,,,,,,,,,,,,,,,,,,
Lorenzo Tonelli,8cc29864,537,itITA,DF,Empoli,32.0,1990.0,1,0,19.0,0.2,0.0,0.0,0.0,0.0,0.0,0.0,0,1,0.0,0.0,0.0,0.0,0.0,Matches,2022-2023,ITA,,0.0,,,,,,,,,,,0.0,,,,,,,,,,,,,,,,,,,,,,,0.0,0.0,,0.0,0.0,,,,,,,,,,,,,,,,,,,,
William Troost-Ekong,7ed4921e,538,ngNGA,DF,Salernitana,28.0,1993.0,9,4,444.0,4.9,1.0,0.0,1.0,1.0,0.0,0.0,1,0,0.2,0.0,0.2,0.2,0.2,Matches,2022-2023,ITA,,4.0,,,,,,,,,,,7.0,,,,,,,,,,,,,,,,,,,,,,,2.0,1.0,50.0,0.41,0.2,0.5,1.0,,,,,,,,,,,,,,,,,,
Frank Tsadjout,0588a092,539,itITA,FW,Cremonese,23.0,1999.0,20,14,1051.0,11.7,3.0,1.0,4.0,3.0,0.0,0.0,1,0,0.26,0.09,0.34,0.26,0.34,Matches,2022-2023,ITA,,8.0,,,,,,,,,,,8.0,,,,,,,,,,,,,,,,,,,,,,,26.0,10.0,38.5,2.23,0.86,0.12,0.3,,,,,,,,,,,,,,,,,,
Alessandro Tuia,26c54058,540,itITA,DF,Lecce,32.0,1990.0,7,6,509.0,5.7,0.0,0.0,0.0,0.0,0.0,0.0,1,0,0.0,0.0,0.0,0.0,0.0,Matches,2022-2023,ITA,,6.0,,,,,,,,,,,16.0,,,,,,,,,,,,,,,,,,,,,,,2.0,1.0,50.0,0.35,0.18,0.0,0.0,,,,,,,,,,,,,,,,,,
Martin Turk,14ae023f,541,siSVN,GK,Sampdoria,18.0,2003.0,4,4,360.0,4.0,0.0,0.0,0.0,0.0,0.0,0.0,0,0,0.0,0.0,0.0,0.0,0.0,Matches,2022-2023,ITA,,0.0,,,,,,,,,,,0.0,,,,,,,,,,,,,,,,,,,,,,,0.0,0.0,,0.0,0.0,,,4.0,4.0,360.0,9.0,2.25,29.0,21.0,72.4,1.0,1.0,2.0,0.0,0.0,2.0,1.0,0.0,1.0,0.0
Destiny Udogie,7cd520e8,542,itITA,MF,Udinese,19.0,2002.0,33,31,2704.0,30.0,3.0,4.0,7.0,3.0,0.0,0.0,5,0,0.1,0.13,0.23,0.1,0.23,Matches,2022-2023,ITA,,44.0,,,,,,,,,,,36.0,,,,,,,,,,,,,,,,,,,,,,,27.0,10.0,37.0,0.9,0.33,0.11,0.3,,,,,,,,,,,,,,,,,,
Samir Ujkani,96640846,543,xkKVX,GK,Empoli,34.0,1988.0,1,0,7.0,0.1,0.0,0.0,0.0,0.0,0.0,0.0,0,0,0.0,0.0,0.0,0.0,0.0,Matches,2022-2023,ITA,,0.0,,,,,,,,,,,0.0,,,,,,,,,,,,,,,,,,,,,,,0.0,0.0,,0.0,0.0,,,1.0,0.0,7.0,1.0,12.86,1.0,0.0,0.0,0.0,0.0,0.0,0.0,,0.0,0.0,0.0,0.0,
Samuel Umtiti,3eed9821,544,frFRA,DF,Lecce,28.0,1993.0,25,24,2113.0,23.5,0.0,0.0,0.0,0.0,0.0,0.0,8,0,0.0,0.0,0.0,0.0,0.0,Matches,2022-2023,ITA,,35.0,,,,,,,,,,,26.0,,,,,,,,,,,,,,,,,,,,,,,12.0,0.0,0.0,0.51,0.0,0.0,,,,,,,,,,,,,,,,,,,
Diego Valencia,71005acd,545,clCHI,"FW,MF",Salernitana,22.0,2000.0,12,0,231.0,2.6,0.0,0.0,0.0,0.0,0.0,0.0,1,0,0.0,0.0,0.0,0.0,0.0,Matches,2022-2023,ITA,,4.0,,,,,,,,,,,1.0,,,,,,,,,,,,,,,,,,,,,,,1.0,1.0,100.0,0.39,0.39,0.0,0.0,,,,,,,,,,,,,,,,,,
Emanuele Valeri,ec52b661,546,itITA,"MF,DF",Cremonese,23.0,1998.0,37,31,2785.0,30.9,2.0,3.0,5.0,2.0,0.0,0.0,3,0,0.06,0.1,0.16,0.06,0.16,Matches,2022-2023,ITA,,27.0,,,,,,,,,,,23.0,,,,,,,,,,,,,,,,,,,,,,,39.0,6.0,15.4,1.26,0.19,0.05,0.33,,,,,,,,,,,,,,,,,,
Mattia Valoti,c414df9d,547,itITA,"MF,FW",Monza,28.0,1993.0,16,4,453.0,5.0,0.0,0.0,0.0,0.0,0.0,0.0,1,0,0.0,0.0,0.0,0.0,0.0,Matches,2022-2023,ITA,,10.0,,,,,,,,,,,3.0,,,,,,,,,,,,,,,,,,,,,,,2.0,1.0,50.0,0.4,0.2,0.0,0.0,,,,,,,,,,,,,,,,,,
Johan Vásquez,5eaed77a,548,mxMEX,DF,Cremonese,23.0,1998.0,25,19,1813.0,20.1,1.0,0.0,1.0,1.0,0.0,0.0,7,0,0.05,0.0,0.05,0.05,0.05,Matches,2022-2023,ITA,,27.0,,,,,,,,,,,46.0,,,,,,,,,,,,,,,,,,,,,,,12.0,2.0,16.7,0.6,0.1,0.08,0.5,,,,,,,,,,,,,,,,,,
Matías Vecino,44ac04e9,549,uyURU,MF,Lazio,30.0,1991.0,32,17,1691.0,18.8,2.0,0.0,2.0,2.0,0.0,0.0,6,0,0.11,0.0,0.11,0.11,0.11,Matches,2022-2023,ITA,,29.0,,,,,,,,,,,18.0,,,,,,,,,,,,,,,,,,,,,,,26.0,6.0,23.1,1.38,0.32,0.08,0.33,,,,,,,,,,,,,,,,,,
Miguel Veloso,ab1ca213,550,ptPOR,MF,Hellas Verona,36.0,1986.0,22,14,1163.0,12.9,0.0,0.0,0.0,0.0,0.0,0.0,6,0,0.0,0.0,0.0,0.0,0.0,Matches,2022-2023,ITA,,11.0,,,,,,,,,,,7.0,,,,,,,,,,,,,,,,,,,,,,,16.0,2.0,12.5,1.24,0.15,0.0,0.0,,,,,,,,,,,,,,,,,,
Lorenzo Venuti,983ff2c7,551,itITA,DF,Fiorentina,27.0,1995.0,17,9,924.0,10.3,0.0,1.0,1.0,0.0,0.0,0.0,2,0,0.0,0.1,0.1,0.0,0.1,Matches,2022-2023,ITA,,7.0,,,,,,,,,,,7.0,,,,,,,,,,,,,,,,,,,,,,,7.0,4.0,57.1,0.68,0.39,0.0,0.0,,,,,,,,,,,,,,,,,,
Daniele Verde,d3298c99,552,itITA,"FW,MF",Spezia,26.0,1996.0,25,11,998.0,11.1,3.0,0.0,3.0,2.0,1.0,1.0,1,0,0.27,0.0,0.27,0.18,0.18,Matches,2022-2023,ITA,,4.0,,,,,,,,,,,8.0,,,,,,,,,,,,,,,,,,,,,,,32.0,11.0,34.4,2.89,0.99,0.06,0.18,,,,,,,,,,,,,,,,,,
Simone Verdi,0375723e,553,itITA,"MF,FW",Hellas Verona,30.0,1992.0,24,12,1096.0,12.2,5.0,0.0,5.0,4.0,1.0,1.0,3,0,0.41,0.0,0.41,0.33,0.33,Matches,2022-2023,ITA,,10.0,,,,,,,,,,,0.0,,,,,,,,,,,,,,,,,,,,,,,30.0,11.0,36.7,2.46,0.9,0.13,0.36,,,,,,,,,,,,,,,,,,
Valerio Verre,33ecf462,554,itITA,MF,Sampdoria,28.0,1994.0,18,6,677.0,7.5,0.0,0.0,0.0,0.0,0.0,0.0,5,0,0.0,0.0,0.0,0.0,0.0,Matches,2022-2023,ITA,,6.0,,,,,,,,,,,8.0,,,,,,,,,,,,,,,,,,,,,,,14.0,3.0,21.4,1.86,0.4,0.0,0.0,,,,,,,,,,,,,,,,,,
Guglielmo Vicario,77d6fd4d,555,itITA,GK,Empoli,25.0,1996.0,31,31,2783.0,30.9,0.0,0.0,0.0,0.0,0.0,0.0,3,0,0.0,0.0,0.0,0.0,0.0,Matches,2022-2023,ITA,,1.0,,,,,,,,,,,0.0,,,,,,,,,,,,,,,,,,,,,,,0.0,0.0,,0.0,0.0,,,31.0,31.0,2783.0,39.0,1.26,130.0,96.0,73.1,9.0,12.0,10.0,7.0,22.6,6.0,4.0,1.0,1.0,20.0
Ronaldo Vieira,75e60d75,556,gwGNB,MF,Torino,24.0,1998.0,2,0,16.0,0.2,0.0,0.0,0.0,0.0,0.0,0.0,0,0,0.0,0.0,0.0,0.0,0.0,Matches,2022-2023,ITA,,0.0,,,,,,,,,,,0.0,,,,,,,,,,,,,,,,,,,,,,,0.0,0.0,,0.0,0.0,,,,,,,,,,,,,,,,,,,,
Ronaldo Vieira,75e60d75,557,gwGNB,MF,Sampdoria,24.0,1998.0,16,8,815.0,9.1,0.0,0.0,0.0,0.0,0.0,0.0,3,0,0.0,0.0,0.0,0.0,0.0,Matches,2022-2023,ITA,,10.0,,,,,,,,,,,13.0,,,,,,,,,,,,,,,,,,,,,,,6.0,1.0,16.7,0.66,0.11,0.0,0.0,,,,,,,,,,,,,,,,,,
Emanuel Vignato,ec5dae45,558,itITA,MF,Bologna,21.0,2000.0,8,2,242.0,2.7,0.0,1.0,1.0,0.0,0.0,0.0,1,0,0.0,0.37,0.37,0.0,0.37,Matches,2022-2023,ITA,,4.0,,,,,,,,,,,3.0,,,,,,,,,,,,,,,,,,,,,,,1.0,1.0,100.0,0.37,0.37,0.0,0.0,,,,,,,,,,,,,,,,,,
Emanuel Vignato,ec5dae45,559,itITA,MF,Empoli,21.0,2000.0,5,0,57.0,0.6,1.0,0.0,1.0,1.0,0.0,0.0,0,0,1.58,0.0,1.58,1.58,1.58,Matches,2022-2023,ITA,,0.0,,,,,,,,,,,0.0,,,,,,,,,,,,,,,,,,,,,,,2.0,1.0,50.0,3.16,1.58,0.5,1.0,,,,,,,,,,,,,,,,,,
Samuele Vignato,a14d0ab0,560,itITA,MF,Monza,18.0,2004.0,5,0,62.0,0.7,0.0,1.0,1.0,0.0,0.0,0.0,0,0,0.0,1.45,1.45,0.0,1.45,Matches,2022-2023,ITA,,0.0,,,,,,,,,,,0.0,,,,,,,,,,,,,,,,,,,,,,,1.0,0.0,0.0,1.45,0.0,0.0,,,,,,,,,,,,,,,,,,,
Tonny Vilhena,c7069d87,561,nlNED,MF,Salernitana,27.0,1995.0,33,27,2265.0,25.2,4.0,1.0,5.0,4.0,0.0,0.0,5,0,0.16,0.04,0.2,0.16,0.2,Matches,2022-2023,ITA,,22.0,,,,,,,,,,,16.0,,,,,,,,,,,,,,,,,,,,,,,31.0,9.0,29.0,1.23,0.36,0.13,0.44,,,,,,,,,,,,,,,,,,
Gonzalo Villar,bdc74a8f,562,esESP,MF,Sampdoria,24.0,1998.0,15,8,696.0,7.7,0.0,0.0,0.0,0.0,0.0,0.0,2,0,0.0,0.0,0.0,0.0,0.0,Matches,2022-2023,ITA,,7.0,,,,,,,,,,,4.0,,,,,,,,,,,,,,,,,,,,,,,1.0,0.0,0.0,0.13,0.0,0.0,,,,,,,,,,,,,,,,,,,
Matías Viña,08eb3b58,563,uyURU,MF,Roma,24.0,1997.0,3,1,55.0,0.6,0.0,0.0,0.0,0.0,0.0,0.0,0,0,0.0,0.0,0.0,0.0,0.0,Matches,2022-2023,ITA,,1.0,,,,,,,,,,,2.0,,,,,,,,,,,,,,,,,,,,,,,0.0,0.0,,0.0,0.0,,,,,,,,,,,,,,,,,,,,
Dušan Vlahović,79443529,564,rsSRB,FW,Juventus,22.0,2000.0,27,22,1925.0,21.4,10.0,2.0,12.0,8.0,2.0,3.0,1,0,0.47,0.09,0.56,0.37,0.47,Matches,2022-2023,ITA,,6.0,,,,,,,,,,,3.0,,,,,,,,,,,,,,,,,,,,,,,68.0,22.0,32.4,3.18,1.03,0.12,0.36,,,,,,,,,,,,,,,,,,
Nikola Vlašić,aa8e289e,565,hrCRO,"MF,FW",Torino,24.0,1997.0,34,29,2728.0,30.3,5.0,6.0,11.0,5.0,0.0,0.0,1,0,0.16,0.2,0.36,0.16,0.36,Matches,2022-2023,ITA,,22.0,,,,,,,,,,,10.0,,,,,,,,,,,,,,,,,,,,,,,53.0,21.0,39.6,1.75,0.69,0.09,0.24,,,,,,,,,,,,,,,,,,
Joel Voelkerling Persson,b3ef6517,566,seSWE,FW,Lecce,19.0,2003.0,9,0,99.0,1.1,0.0,0.0,0.0,0.0,0.0,0.0,0,0,0.0,0.0,0.0,0.0,0.0,Matches,2022-2023,ITA,,1.0,,,,,,,,,,,0.0,,,,,,,,,,,,,,,,,,,,,,,1.0,0.0,0.0,0.91,0.0,0.0,,,,,,,,,,,,,,,,,,,
Mërgim Vojvoda,be2706c0,567,xkKVX,MF,Torino,27.0,1995.0,29,18,1719.0,19.1,0.0,5.0,5.0,0.0,0.0,0.0,3,0,0.0,0.26,0.26,0.0,0.26,Matches,2022-2023,ITA,,12.0,,,,,,,,,,,14.0,,,,,,,,,,,,,,,,,,,,,,,23.0,7.0,30.4,1.2,0.37,0.0,0.0,,,,,,,,,,,,,,,,,,
Cristian Volpato,72f87f25,568,itITA,MF,Roma,18.0,2003.0,7,2,227.0,2.5,1.0,1.0,2.0,1.0,0.0,0.0,0,0,0.4,0.4,0.79,0.4,0.79,Matches,2022-2023,ITA,,2.0,,,,,,,,,,,3.0,,,,,,,,,,,,,,,,,,,,,,,4.0,1.0,25.0,1.59,0.4,0.25,1.0,,,,,,,,,,,,,,,,,,
Lukáš Vorlický,f052fb01,569,czCZE,FW,Atalanta,20.0,2002.0,3,0,24.0,0.3,0.0,0.0,0.0,0.0,0.0,0.0,0,0,0.0,0.0,0.0,0.0,0.0,Matches,2022-2023,ITA,,0.0,,,,,,,,,,,1.0,,,,,,,,,,,,,,,,,,,,,,,1.0,1.0,100.0,3.75,3.75,0.0,0.0,,,,,,,,,,,,,,,,,,
Aster Vranckx,f86cd5df,570,beBEL,MF,Milan,19.0,2002.0,9,2,240.0,2.7,0.0,0.0,0.0,0.0,0.0,0.0,1,0,0.0,0.0,0.0,0.0,0.0,Matches,2022-2023,ITA,,3.0,,,,,,,,,,,2.0,,,,,,,,,,,,,,,,,,,,,,,2.0,0.0,0.0,0.75,0.0,0.0,,,,,,,,,,,,,,,,,,,
Stefan de Vrij,d0d8dd44,571,nlNED,DF,Inter,30.0,1992.0,27,22,1945.0,21.6,1.0,0.0,1.0,1.0,0.0,0.0,4,0,0.05,0.0,0.05,0.05,0.05,Matches,2022-2023,ITA,,18.0,,,,,,,,,,,36.0,,,,,,,,,,,,,,,,,,,,,,,20.0,6.0,30.0,0.93,0.28,0.05,0.17,,,,,,,,,,,,,,,,,,
Walace,26db8853,572,brBRA,MF,Udinese,27.0,1995.0,37,37,3190.0,35.4,0.0,1.0,1.0,0.0,0.0,0.0,6,0,0.0,0.03,0.03,0.0,0.03,Matches,2022-2023,ITA,,41.0,,,,,,,,,,,49.0,,,,,,,,,,,,,,,,,,,,,,,32.0,6.0,18.8,0.9,0.17,0.0,0.0,,,,,,,,,,,,,,,,,,
Sebastian Walukiewicz,217875a4,573,plPOL,DF,Empoli,22.0,2000.0,11,6,603.0,6.7,0.0,0.0,0.0,0.0,0.0,0.0,0,0,0.0,0.0,0.0,0.0,0.0,Matches,2022-2023,ITA,,7.0,,,,,,,,,,,7.0,,,,,,,,,,,,,,,,,,,,,,,2.0,1.0,50.0,0.3,0.15,0.0,0.0,,,,,,,,,,,,,,,,,,
Georginio Wijnaldum,eb58eef0,574,nlNED,MF,Roma,31.0,1990.0,14,10,769.0,8.5,2.0,0.0,2.0,2.0,0.0,0.0,0,0,0.23,0.0,0.23,0.23,0.23,Matches,2022-2023,ITA,,3.0,,,,,,,,,,,3.0,,,,,,,,,,,,,,,,,,,,,,,20.0,4.0,20.0,2.34,0.47,0.1,0.5,,,,,,,,,,,,,,,,,,
Harry Winks,2f7acede,575,engENG,MF,Sampdoria,26.0,1996.0,20,19,1716.0,19.1,0.0,0.0,0.0,0.0,0.0,0.0,2,0,0.0,0.0,0.0,0.0,0.0,Matches,2022-2023,ITA,,12.0,,,,,,,,,,,23.0,,,,,,,,,,,,,,,,,,,,,,,14.0,0.0,0.0,0.73,0.0,0.0,,,,,,,,,,,,,,,,,,,
Przemysław Wiśniewski,1bfe5ac9,576,plPOL,DF,Spezia,24.0,1998.0,14,11,1003.0,11.1,1.0,0.0,1.0,1.0,0.0,0.0,3,0,0.09,0.0,0.09,0.09,0.09,Matches,2022-2023,ITA,,5.0,,,,,,,,,,,14.0,,,,,,,,,,,,,,,,,,,,,,,6.0,3.0,50.0,0.54,0.27,0.17,0.33,,,,,,,,,,,,,,,,,,
Gerard Yepes,ee9040b4,577,esESP,MF,Sampdoria,19.0,2002.0,5,2,198.0,2.2,0.0,0.0,0.0,0.0,0.0,0.0,2,0,0.0,0.0,0.0,0.0,0.0,Matches,2022-2023,ITA,,3.0,,,,,,,,,,,4.0,,,,,,,,,,,,,,,,,,,,,,,1.0,0.0,0.0,0.45,0.0,0.0,,,,,,,,,,,,,,,,,,,
Mattia Zaccagni,d85c238b,578,itITA,FW,Lazio,27.0,1995.0,35,33,2770.0,30.8,10.0,6.0,16.0,9.0,1.0,1.0,9,0,0.32,0.19,0.52,0.29,0.49,Matches,2022-2023,ITA,,29.0,,,,,,,,,,,22.0,,,,,,,,,,,,,,,,,,,,,,,57.0,24.0,42.1,1.85,0.78,0.16,0.38,,,,,,,,,,,,,,,,,,
Denis Zakaria,384d58d9,579,chSUI,MF,Juventus,25.0,1996.0,2,1,123.0,1.4,0.0,0.0,0.0,0.0,0.0,0.0,0,0,0.0,0.0,0.0,0.0,0.0,Matches,2022-2023,ITA,,3.0,,,,,,,,,,,2.0,,,,,,,,,,,,,,,,,,,,,,,0.0,0.0,,0.0,0.0,,,,,,,,,,,,,,,,,,,,
Nicola Zalewski,45191c29,580,plPOL,"MF,DF",Roma,20.0,2002.0,33,26,2197.0,24.4,2.0,1.0,3.0,2.0,0.0,0.0,3,0,0.08,0.04,0.12,0.08,0.12,Matches,2022-2023,ITA,,25.0,,,,,,,,,,,29.0,,,,,,,,,,,,,,,,,,,,,,,29.0,9.0,31.0,1.19,0.37,0.07,0.22,,,,,,,,,,,,,,,,,,
Andre-Frank Zambo Anguissa,6bb2c084,581,cmCMR,MF,Napoli,26.0,1995.0,36,36,3050.0,33.9,3.0,5.0,8.0,3.0,0.0,0.0,3,0,0.09,0.15,0.24,0.09,0.24,Matches,2022-2023,ITA,,31.0,,,,,,,,,,,49.0,,,,,,,,,,,,,,,,,,,,,,,50.0,15.0,30.0,1.48,0.44,0.06,0.2,,,,,,,,,,,,,,,,,,
Luca Zanimacchia,5e834dce,582,itITA,MF,Cremonese,24.0,1998.0,15,9,746.0,8.3,0.0,0.0,0.0,0.0,0.0,0.0,2,0,0.0,0.0,0.0,0.0,0.0,Matches,2022-2023,ITA,,13.0,,,,,,,,,,,7.0,,,,,,,,,,,,,,,,,,,,,,,19.0,4.0,21.1,2.29,0.48,0.0,0.0,,,,,,,,,,,,,,,,,,
Nicolò Zaniolo,9907b1c8,583,itITA,"MF,FW",Roma,23.0,1999.0,13,12,890.0,9.9,1.0,0.0,1.0,1.0,0.0,0.0,4,0,0.1,0.0,0.1,0.1,0.1,Matches,2022-2023,ITA,,5.0,,,,,,,,,,,2.0,,,,,,,,,,,,,,,,,,,,,,,28.0,7.0,25.0,2.83,0.71,0.04,0.14,,,,,,,,,,,,,,,,,,
Alessandro Zanoli,3b12b11f,584,itITA,"MF,DF",Sampdoria,21.0,2000.0,22,16,1540.0,17.1,2.0,3.0,5.0,2.0,0.0,0.0,3,0,0.12,0.18,0.29,0.12,0.29,Matches,2022-2023,ITA,,14.0,,,,,,,,,,,13.0,,,,,,,,,,,,,,,,,,,,,,,15.0,7.0,46.7,0.88,0.41,0.13,0.29,,,,,,,,,,,,,,,,,,
Alessandro Zanoli,3b12b11f,585,itITA,MF,Napoli,21.0,2000.0,1,0,12.0,0.1,0.0,0.0,0.0,0.0,0.0,0.0,0,0,0.0,0.0,0.0,0.0,0.0,Matches,2022-2023,ITA,,0.0,,,,,,,,,,,0.0,,,,,,,,,,,,,,,,,,,,,,,1.0,1.0,100.0,7.5,7.5,0.0,0.0,,,,,,,,,,,,,,,,,,
Mattia Zanotti,875d65d1,586,itITA,DF,Inter,19.0,2003.0,2,0,27.0,0.3,0.0,0.0,0.0,0.0,0.0,0.0,0,0,0.0,0.0,0.0,0.0,0.0,Matches,2022-2023,ITA,,0.0,,,,,,,,,,,0.0,,,,,,,,,,,,,,,,,,,,,,,0.0,0.0,,0.0,0.0,,,,,,,,,,,,,,,,,,,,
Duván Zapata,d3de9af0,587,coCOL,FW,Atalanta,31.0,1991.0,25,16,1390.0,15.4,2.0,2.0,4.0,2.0,0.0,0.0,1,0,0.13,0.13,0.26,0.13,0.26,Matches,2022-2023,ITA,,5.0,,,,,,,,,,,4.0,,,,,,,,,,,,,,,,,,,,,,,41.0,8.0,19.5,2.65,0.52,0.05,0.25,,,,,,,,,,,,,,,,,,
Davide Zappacosta,7fe90ccd,588,itITA,MF,Atalanta,30.0,1992.0,21,18,1471.0,16.3,4.0,2.0,6.0,4.0,0.0,0.0,4,0,0.24,0.12,0.37,0.24,0.37,Matches,2022-2023,ITA,,18.0,,,,,,,,,,,9.0,,,,,,,,,,,,,,,,,,,,,,,25.0,10.0,40.0,1.53,0.61,0.16,0.4,,,,,,,,,,,,,,,,,,
Karim Zedadka,2f45300d,589,frFRA,MF,Napoli,22.0,2000.0,3,0,20.0,0.2,0.0,0.0,0.0,0.0,0.0,0.0,0,0,0.0,0.0,0.0,0.0,0.0,Matches,2022-2023,ITA,,0.0,,,,,,,,,,,0.0,,,,,,,,,,,,,,,,,,,,,,,0.0,0.0,,0.0,0.0,,,,,,,,,,,,,,,,,,,,
Deyovaisio Zeefuik,58a2e9f6,590,nlNED,"DF,MF",Hellas Verona,24.0,1998.0,1,0,10.0,0.1,0.0,0.0,0.0,0.0,0.0,0.0,0,0,0.0,0.0,0.0,0.0,0.0,Matches,2022-2023,ITA,,1.0,,,,,,,,,,,0.0,,,,,,,,,,,,,,,,,,,,,,,0.0,0.0,,0.0,0.0,,,,,,,,,,,,,,,,,,,,
Marvin Zeegelaar,8abd0c03,591,nlNED,"MF,DF",Udinese,31.0,1990.0,7,4,353.0,3.9,1.0,0.0,1.0,1.0,0.0,0.0,3,1,0.25,0.0,0.25,0.25,0.25,Matches,2022-2023,ITA,,5.0,,,,,,,,,,,3.0,,,,,,,,,,,,,,,,,,,,,,,3.0,2.0,66.7,0.76,0.51,0.33,0.5,,,,,,,,,,,,,,,,,,
Alessio Zerbin,d19ef4ef,592,itITA,"MF,FW",Napoli,23.0,1999.0,10,2,198.0,2.2,0.0,0.0,0.0,0.0,0.0,0.0,1,0,0.0,0.0,0.0,0.0,0.0,Matches,2022-2023,ITA,,5.0,,,,,,,,,,,1.0,,,,,,,,,,,,,,,,,,,,,,,5.0,3.0,60.0,2.27,1.36,0.0,0.0,,,,,,,,,,,,,,,,,,
Piotr Zieliński,a5296e55,593,plPOL,MF,Napoli,28.0,1994.0,37,27,2287.0,25.4,3.0,8.0,11.0,3.0,0.0,0.0,3,0,0.12,0.31,0.43,0.12,0.43,Matches,2022-2023,ITA,,10.0,,,,,,,,,,,13.0,,,,,,,,,,,,,,,,,,,,,,,53.0,19.0,35.8,2.09,0.75,0.06,0.16,,,,,,,,,,,,,,,,,,
David Zima,acf7e795,594,czCZE,DF,Torino,21.0,2000.0,9,4,406.0,4.5,0.0,0.0,0.0,0.0,0.0,0.0,0,0,0.0,0.0,0.0,0.0,0.0,Matches,2022-2023,ITA,,3.0,,,,,,,,,,,9.0,,,,,,,,,,,,,,,,,,,,,,,4.0,2.0,50.0,0.89,0.44,0.0,0.0,,,,,,,,,,,,,,,,,,
Joshua Zirkzee,028e70b9,595,nlNED,FW,Bologna,21.0,2001.0,19,5,822.0,9.1,2.0,2.0,4.0,2.0,0.0,0.0,1,0,0.22,0.22,0.44,0.22,0.44,Matches,2022-2023,ITA,,3.0,,,,,,,,,,,3.0,,,,,,,,,,,,,,,,,,,,,,,29.0,8.0,27.6,3.18,0.88,0.07,0.25,,,,,,,,,,,,,,,,,,
Jeroen Zoet,cc1a0c57,596,nlNED,GK,Spezia,31.0,1991.0,5,4,334.0,3.7,0.0,0.0,0.0,0.0,0.0,0.0,1,0,0.0,0.0,0.0,0.0,0.0,Matches,2022-2023,ITA,,1.0,,,,,,,,,,,0.0,,,,,,,,,,,,,,,,,,,,,,,0.0,0.0,,0.0,0.0,,,5.0,4.0,334.0,4.0,1.08,13.0,10.0,76.9,0.0,3.0,1.0,0.0,0.0,1.0,1.0,0.0,0.0,0.0
Nadir Zortea,82598b71,597,itITA,MF,Atalanta,23.0,1999.0,9,1,222.0,2.5,1.0,0.0,1.0,1.0,0.0,0.0,1,0,0.41,0.0,0.41,0.41,0.41,Matches,2022-2023,ITA,,4.0,,,,,,,,,,,1.0,,,,,,,,,,,,,,,,,,,,,,,4.0,3.0,75.0,1.62,1.22,0.25,0.33,,,,,,,,,,,,,,,,,,
Nadir Zortea,82598b71,598,itITA,DF,Sassuolo,23.0,1999.0,10,7,657.0,7.3,0.0,1.0,1.0,0.0,0.0,0.0,4,0,0.0,0.14,0.14,0.0,0.14,Matches,2022-2023,ITA,,8.0,,,,,,,,,,,4.0,,,,,,,,,,,,,,,,,,,,,,,5.0,2.0,40.0,0.68,0.27,0.0,0.0,,,,,,,,,,,,,,,,,,
Petar Zovko,54f6afe3,599,baBIH,GK,Spezia,20.0,2002.0,1,0,74.0,0.8,0.0,0.0,0.0,0.0,0.0,0.0,0,0,0.0,0.0,0.0,0.0,0.0,Matches,2022-2023,ITA,,0.0,,,,,,,,,,,0.0,,,,,,,,,,,,,,,,,,,,,,,0.0,0.0,,0.0,0.0,,,1.0,0.0,74.0,2.0,2.43,3.0,1.0,33.3,0.0,0.0,0.0,0.0,,0.0,0.0,0.0,0.0,
Szymon Żurkowski,4e1d5e59,600,plPOL,MF,Fiorentina,24.0,1997.0,2,0,32.0,0.4,0.0,1.0,1.0,0.0,0.0,0.0,0,0,0.0,2.81,2.81,0.0,2.81,Matches,2022-2023,ITA,,0.0,,,,,,,,,,,0.0,,,,,,,,,,,,,,,,,,,,,,,2.0,1.0,50.0,5.63,2.81,0.0,0.0,,,,,,,,,,,,,,,,,,
Szymon Żurkowski,4e1d5e59,601,plPOL,MF,Spezia,24.0,1997.0,10,3,427.0,4.7,0.0,0.0,0.0,0.0,0.0,0.0,1,0,0.0,0.0,0.0,0.0,0.0,Matches,2022-2023,ITA,,3.0,,,,,,,,,,,4.0,,,,,,,,,,,,,,,,,,,,,,,7.0,1.0,14.3,1.48,0.21,0.0,0.0,,,,,,,,,,,,,,,,,,
Milan Đurić,405f6586,602,baBIH,FW,Hellas Verona,32.0,1990.0,28,14,1366.0,15.2,1.0,1.0,2.0,1.0,0.0,0.0,3,0,0.07,0.07,0.13,0.07,0.13,Matches,2022-2023,ITA,,1.0,,,,,,,,,,,1.0,,,,,,,,,,,,,,,,,,,,,,,16.0,6.0,37.5,1.05,0.4,0.06,0.17,,,,,,,,,,,,,,,,,,
Filip Đuričić,eccbe56a,603,rsSRB,MF,Sampdoria,30.0,1992.0,32,27,2171.0,24.1,3.0,0.0,3.0,3.0,0.0,0.0,9,0,0.12,0.0,0.12,0.12,0.12,Matches,2022-2023,ITA,,21.0,,,,,,,,,,,7.0,,,,,,,,,,,,,,,,,,,,,,,26.0,12.0,46.2,1.08,0.5,0.12,0.25,,,,,,,,,,,,,,,,,,
Paxten Aaronson,4cd41883,1,usUSA,MF,Eintracht Frankfurt,18.0,2003.0,7,0,173.0,1.9,0.0,0.0,0.0,0.0,0.0,0.0,1,0,0.0,0.0,0.0,0.0,0.0,Matches,2022-2023,GER,,5.0,,,,,,,,,,,0.0,,,,,,,,,,,,,,,,,,,,,,,4.0,1.0,25.0,2.08,0.52,0.0,0.0,,,,,,,,,,,,,,,,,,
Sargis Adamyan,22919e97,2,amARM,FW,Köln,29.0,1993.0,24,4,644.0,7.2,1.0,2.0,3.0,1.0,0.0,0.0,3,0,0.14,0.28,0.42,0.14,0.42,Matches,2022-2023,GER,,7.0,,,,,,,,,,,4.0,,,,,,,,,,,,,,,,,,,,,,,21.0,12.0,57.1,2.93,1.68,0.05,0.08,,,,,,,,,,,,,,,,,,
Karim Adeyemi,501055d8,3,deGER,"MF,FW",Dortmund,20.0,2002.0,24,20,1386.0,15.4,6.0,5.0,11.0,6.0,0.0,1.0,9,0,0.39,0.32,0.71,0.39,0.71,Matches,2022-2023,GER,,11.0,,,,,,,,,,,7.0,,,,,,,,,,,,,,,,,,,,,,,37.0,14.0,37.8,2.4,0.91,0.16,0.43,,,,,,,,,,,,,,,,,,
Amine Adli,dcfb17f4,4,maMAR,"FW,MF",Leverkusen,22.0,2000.0,26,16,1435.0,15.9,5.0,3.0,8.0,5.0,0.0,0.0,2,2,0.31,0.19,0.5,0.31,0.5,Matches,2022-2023,GER,,10.0,,,,,,,,,,,6.0,,,,,,,,,,,,,,,,,,,,,,,37.0,17.0,45.9,2.32,1.07,0.14,0.29,,,,,,,,,,,,,,,,,,
Felix Agu,cb6d81b3,5,ngNGA,"DF,MF",Werder Bremen,22.0,1999.0,3,0,49.0,0.5,0.0,0.0,0.0,0.0,0.0,0.0,0,0,0.0,0.0,0.0,0.0,0.0,Matches,2022-2023,GER,,0.0,,,,,,,,,,,0.0,,,,,,,,,,,,,,,,,,,,,,,1.0,0.0,0.0,1.84,0.0,0.0,,,,,,,,,,,,,,,,,,,
Naouirou Ahamada,a6c58494,6,frFRA,MF,Stuttgart,20.0,2002.0,17,17,1398.0,15.5,2.0,2.0,4.0,2.0,0.0,0.0,4,1,0.13,0.13,0.26,0.13,0.26,Matches,2022-2023,GER,,11.0,,,,,,,,,,,8.0,,,,,,,,,,,,,,,,,,,,,,,16.0,5.0,31.3,1.03,0.32,0.13,0.4,,,,,,,,,,,,,,,,,,
Ludovic Ajorque,462475ed,7,frFRA,"FW,MF",Mainz 05,28.0,1994.0,17,15,1211.0,13.5,6.0,1.0,7.0,6.0,0.0,0.0,5,0,0.45,0.07,0.52,0.45,0.52,Matches,2022-2023,GER,,4.0,,,,,,,,,,,1.0,,,,,,,,,,,,,,,,,,,,,,,32.0,15.0,46.9,2.38,1.11,0.19,0.4,,,,,,,,,,,,,,,,,,
Kevin Akpoguma,6ec6fde0,8,ngNGA,DF,Hoffenheim,27.0,1995.0,28,21,1950.0,21.7,0.0,0.0,0.0,0.0,0.0,0.0,11,0,0.0,0.0,0.0,0.0,0.0,Matches,2022-2023,GER,,43.0,,,,,,,,,,,23.0,,,,,,,,,,,,,,,,,,,,,,,8.0,1.0,12.5,0.37,0.05,0.0,0.0,,,,,,,,,,,,,,,,,,
Lucas Alario,834d0be5,9,arARG,FW,Eintracht Frankfurt,29.0,1992.0,20,2,331.0,3.7,1.0,0.0,1.0,1.0,0.0,0.0,0,0,0.27,0.0,0.27,0.27,0.27,Matches,2022-2023,GER,,2.0,,,,,,,,,,,2.0,,,,,,,,,,,,,,,,,,,,,,,11.0,4.0,36.4,2.99,1.09,0.09,0.25,,,,,,,,,,,,,,,,,,
Faride Alidou,00f518d8,10,deGER,FW,Eintracht Frankfurt,21.0,2001.0,15,0,182.0,2.0,0.0,1.0,1.0,0.0,0.0,0.0,0,0,0.0,0.49,0.49,0.0,0.49,Matches,2022-2023,GER,,5.0,,,,,,,,,,,1.0,,,,,,,,,,,,,,,,,,,,,,,2.0,0.0,0.0,0.99,0.0,0.0,,,,,,,,,,,,,,,,,,,
Éder Álvarez Balanta,8ce30c57,11,coCOL,MF,Schalke 04,29.0,1993.0,6,3,238.0,2.6,0.0,0.0,0.0,0.0,0.0,0.0,3,0,0.0,0.0,0.0,0.0,0.0,Matches,2022-2023,GER,,4.0,,,,,,,,,,,3.0,,,,,,,,,,,,,,,,,,,,,,,1.0,1.0,100.0,0.38,0.38,0.0,0.0,,,,,,,,,,,,,,,,,,
Lukáš Ambros,cd682b6b,12,czCZE,MF,Wolfsburg,18.0,2004.0,1,0,17.0,0.2,0.0,0.0,0.0,0.0,0.0,0.0,0,0,0.0,0.0,0.0,0.0,0.0,Matches,2022-2023,GER,,0.0,,,,,,,,,,,0.0,,,,,,,,,,,,,,,,,,,,,,,0.0,0.0,,0.0,0.0,,,,,,,,,,,,,,,,,,,,
Nadiem Amiri,555d5edd,13,deGER,"MF,FW",Leverkusen,25.0,1996.0,25,9,977.0,10.9,4.0,1.0,5.0,3.0,1.0,1.0,6,0,0.37,0.09,0.46,0.28,0.37,Matches,2022-2023,GER,,8.0,,,,,,,,,,,6.0,,,,,,,,,,,,,,,,,,,,,,,24.0,9.0,37.5,2.21,0.83,0.13,0.33,,,,,,,,,,,,,,,,,,
Robert Andrich,e0b113a7,14,deGER,MF,Leverkusen,27.0,1994.0,29,28,2406.0,26.7,2.0,2.0,4.0,2.0,0.0,0.0,7,0,0.07,0.07,0.15,0.07,0.15,Matches,2022-2023,GER,,37.0,,,,,,,,,,,41.0,,,,,,,,,,,,,,,,,,,,,,,30.0,9.0,30.0,1.12,0.34,0.07,0.22,,,,,,,,,,,,,,,,,,
Angeliño,30941e96,15,esESP,MF,Hoffenheim,25.0,1997.0,33,30,2617.0,29.1,0.0,8.0,8.0,0.0,0.0,0.0,2,0,0.0,0.28,0.28,0.0,0.28,Matches,2022-2023,GER,,24.0,,,,,,,,,,,27.0,,,,,,,,,,,,,,,,,,,,,,,21.0,4.0,19.0,0.72,0.14,0.0,0.0,,,,,,,,,,,,,,,,,,
Waldemar Anton,5e66fa06,16,deGER,DF,Stuttgart,26.0,1996.0,34,34,2934.0,32.6,1.0,2.0,3.0,1.0,0.0,0.0,4,0,0.03,0.06,0.09,0.03,0.09,Matches,2022-2023,GER,,26.0,,,,,,,,,,,39.0,,,,,,,,,,,,,,,,,,,,,,,24.0,6.0,25.0,0.74,0.18,0.04,0.17,,,,,,,,,,,,,,,,,,
Christopher Antwi-Adjei,0a3f6cde,17,ghGHA,"FW,MF",Bochum,28.0,1994.0,29,22,1981.0,22.0,3.0,6.0,9.0,3.0,0.0,0.0,2,0,0.14,0.27,0.41,0.14,0.41,Matches,2022-2023,GER,,15.0,,,,,,,,,,,6.0,,,,,,,,,,,,,,,,,,,,,,,29.0,8.0,27.6,1.32,0.36,0.1,0.38,,,,,,,,,,,,,,,,,,
Charles Aránguiz,56413b1f,18,clCHI,MF,Leverkusen,33.0,1989.0,10,4,493.0,5.5,1.0,0.0,1.0,1.0,0.0,0.0,1,0,0.18,0.0,0.18,0.18,0.18,Matches,2022-2023,GER,,8.0,,,,,,,,,,,7.0,,,,,,,,,,,,,,,,,,,,,,,5.0,2.0,40.0,0.91,0.37,0.2,0.5,,,,,,,,,,,,,,,,,,
Maximilian Arnold,86e119e0,19,deGER,MF,Wolfsburg,28.0,1994.0,32,32,2767.0,30.7,5.0,3.0,8.0,2.0,3.0,5.0,5,0,0.16,0.1,0.26,0.07,0.16,Matches,2022-2023,GER,,35.0,,,,,,,,,,,32.0,,,,,,,,,,,,,,,,,,,,,,,35.0,15.0,42.9,1.14,0.49,0.06,0.13,,,,,,,,,,,,,,,,,,
Takuma Asano,13ddc856,20,jpJPN,"MF,FW",Bochum,27.0,1994.0,25,21,1713.0,19.0,3.0,3.0,6.0,3.0,0.0,0.0,1,0,0.16,0.16,0.32,0.16,0.32,Matches,2022-2023,GER,,9.0,,,,,,,,,,,9.0,,,,,,,,,,,,,,,,,,,,,,,52.0,18.0,34.6,2.73,0.95,0.06,0.17,,,,,,,,,,,,,,,,,,
Fisnik Asllani,35f67a30,21,xkKVX,FW,Hoffenheim,19.0,2002.0,8,0,167.0,1.9,0.0,0.0,0.0,0.0,0.0,0.0,0,0,0.0,0.0,0.0,0.0,0.0,Matches,2022-2023,GER,,0.0,,,,,,,,,,,4.0,,,,,,,,,,,,,,,,,,,,,,,9.0,0.0,0.0,4.85,0.0,0.0,,,,,,,,,,,,,,,,,,,
Mehmet Aydin,fe46e261,22,deGER,"MF,DF",Schalke 04,20.0,2002.0,16,3,567.0,6.3,0.0,0.0,0.0,0.0,0.0,0.0,0,0,0.0,0.0,0.0,0.0,0.0,Matches,2022-2023,GER,,17.0,,,,,,,,,,,10.0,,,,,,,,,,,,,,,,,,,,,,,5.0,0.0,0.0,0.79,0.0,0.0,,,,,,,,,,,,,,,,,,,
Ayman Azhil,ce81d82d,23,maMAR,MF,Leverkusen,21.0,2001.0,1,0,1.0,0.0,0.0,0.0,0.0,0.0,0.0,0.0,0,0,0.0,0.0,0.0,0.0,0.0,Matches,2022-2023,GER,,0.0,,,,,,,,,,,0.0,,,,,,,,,,,,,,,,,,,,,,,0.0,0.0,,0.0,0.0,,,,,,,,,,,,,,,,,,,,
Sardar Azmoun,10549b49,24,irIRN,"FW,MF",Leverkusen,27.0,1995.0,23,8,927.0,10.3,4.0,1.0,5.0,4.0,0.0,0.0,1,0,0.39,0.1,0.49,0.39,0.49,Matches,2022-2023,GER,,3.0,,,,,,,,,,,2.0,,,,,,,,,,,,,,,,,,,,,,,28.0,10.0,35.7,2.72,0.97,0.14,0.4,,,,,,,,,,,,,,,,,,
Sanoussy Ba,f582d5c1,25,deGER,FW,RB Leipzig,18.0,2004.0,1,0,1.0,0.0,0.0,0.0,0.0,0.0,0.0,0.0,0,0,0.0,0.0,0.0,0.0,0.0,Matches,2022-2023,GER,,0.0,,,,,,,,,,,0.0,,,,,,,,,,,,,,,,,,,,,,,0.0,0.0,,0.0,0.0,,,,,,,,,,,,,,,,,,,,
Mitchel Bakker,a8567629,26,nlNED,"MF,DF",Leverkusen,22.0,2000.0,28,19,1659.0,18.4,3.0,2.0,5.0,3.0,0.0,0.0,6,1,0.16,0.11,0.27,0.16,0.27,Matches,2022-2023,GER,,10.0,,,,,,,,,,,16.0,,,,,,,,,,,,,,,,,,,,,,,17.0,8.0,47.1,0.92,0.43,0.18,0.38,,,,,,,,,,,,,,,,,,
Ridle Baku,442b56fa,27,deGER,"DF,MF",Wolfsburg,24.0,1998.0,33,29,2580.0,28.7,5.0,3.0,8.0,5.0,0.0,0.0,6,0,0.17,0.1,0.28,0.17,0.28,Matches,2022-2023,GER,,24.0,,,,,,,,,,,22.0,,,,,,,,,,,,,,,,,,,,,,,28.0,12.0,42.9,0.98,0.42,0.18,0.42,,,,,,,,,,,,,,,,,,
Aymen Barkok,a2a85828,28,maMAR,MF,Mainz 05,24.0,1998.0,23,3,584.0,6.5,0.0,1.0,1.0,0.0,0.0,0.0,1,0,0.0,0.15,0.15,0.0,0.15,Matches,2022-2023,GER,,9.0,,,,,,,,,,,2.0,,,,,,,,,,,,,,,,,,,,,,,11.0,2.0,18.2,1.7,0.31,0.0,0.0,,,,,,,,,,,,,,,,,,
Leandro Barreiro Martins,00242b75,29,luLUX,MF,Mainz 05,22.0,2000.0,31,25,2141.0,23.8,4.0,3.0,7.0,4.0,0.0,0.0,5,0,0.17,0.13,0.29,0.17,0.29,Matches,2022-2023,GER,,39.0,,,,,,,,,,,43.0,,,,,,,,,,,,,,,,,,,,,,,32.0,14.0,43.8,1.35,0.59,0.13,0.29,,,,,,,,,,,,,,,,,,
Gil Bastião Dias,e61bdd69,30,ptPOR,FW,Stuttgart,25.0,1996.0,7,6,398.0,4.4,1.0,0.0,1.0,1.0,0.0,0.0,0,0,0.23,0.0,0.23,0.23,0.23,Matches,2022-2023,GER,,6.0,,,,,,,,,,,2.0,,,,,,,,,,,,,,,,,,,,,,,10.0,4.0,40.0,2.26,0.9,0.1,0.25,,,,,,,,,,,,,,,,,,
Maximilian Bauer,44a20f0c,31,deGER,DF,Augsburg,22.0,2000.0,27,20,1846.0,20.5,0.0,1.0,1.0,0.0,0.0,0.0,8,0,0.0,0.05,0.05,0.0,0.05,Matches,2022-2023,GER,,16.0,,,,,,,,,,,24.0,,,,,,,,,,,,,,,,,,,,,,,8.0,0.0,0.0,0.39,0.0,0.0,,,,,,,,,,,,,,,,,,,
Oliver Baumann,47064058,32,deGER,GK,Hoffenheim,32.0,1990.0,34,34,3060.0,34.0,0.0,0.0,0.0,0.0,0.0,0.0,2,0,0.0,0.0,0.0,0.0,0.0,Matches,2022-2023,GER,,0.0,,,,,,,,,,,0.0,,,,,,,,,,,,,,,,,,,,,,,0.0,0.0,,0.0,0.0,,,34.0,34.0,3060.0,57.0,1.68,161.0,106.0,65.8,10.0,6.0,18.0,5.0,14.7,3.0,2.0,0.0,1.0,0.0
Timo Baumgartl,bd7d2e6d,33,deGER,DF,Union Berlin,26.0,1996.0,8,6,562.0,6.2,0.0,1.0,1.0,0.0,0.0,0.0,2,0,0.0,0.16,0.16,0.0,0.16,Matches,2022-2023,GER,,7.0,,,,,,,,,,,2.0,,,,,,,,,,,,,,,,,,,,,,,4.0,2.0,50.0,0.64,0.32,0.0,0.0,,,,,,,,,,,,,,,,,,
Julian Baumgartlinger,69374ff5,34,atAUT,MF,Augsburg,34.0,1988.0,16,3,554.0,6.2,0.0,0.0,0.0,0.0,0.0,0.0,1,0,0.0,0.0,0.0,0.0,0.0,Matches,2022-2023,GER,,4.0,,,,,,,,,,,4.0,,,,,,,,,,,,,,,,,,,,,,,3.0,0.0,0.0,0.49,0.0,0.0,,,,,,,,,,,,,,,,,,,
Christoph Baumgartner,437f2b00,35,atAUT,"MF,FW",Hoffenheim,22.0,1999.0,33,33,2567.0,28.5,7.0,3.0,10.0,7.0,0.0,0.0,7,0,0.25,0.11,0.35,0.25,0.35,Matches,2022-2023,GER,,19.0,,,,,,,,,,,16.0,,,,,,,,,,,,,,,,,,,,,,,65.0,20.0,30.8,2.28,0.7,0.11,0.35,,,,,,,,,,,,,,,,,,
Noah Joel Sarenren Bazee,fbbc8e15,36,ngNGA,"FW,MF",Augsburg,25.0,1996.0,2,0,20.0,0.2,0.0,0.0,0.0,0.0,0.0,0.0,0,0,0.0,0.0,0.0,0.0,0.0,Matches,2022-2023,GER,,0.0,,,,,,,,,,,0.0,,,,,,,,,,,,,,,,,,,,,,,0.0,0.0,,0.0,0.0,,,,,,,,,,,,,,,,,,,,
Ihlas Bebou,a53b661f,37,tgTOG,"FW,MF",Hoffenheim,28.0,1994.0,19,17,1416.0,15.7,7.0,0.0,7.0,6.0,1.0,1.0,2,0,0.44,0.0,0.44,0.38,0.38,Matches,2022-2023,GER,,15.0,,,,,,,,,,,9.0,,,,,,,,,,,,,,,,,,,,,,,29.0,14.0,48.3,1.84,0.89,0.21,0.43,,,,,,,,,,,,,,,,,,
Sheraldo Becker,8eb55dbb,38,srSUR,FW,Union Berlin,27.0,1995.0,34,33,2554.0,28.4,11.0,7.0,18.0,11.0,0.0,0.0,4,0,0.39,0.25,0.63,0.39,0.63,Matches,2022-2023,GER,,6.0,,,,,,,,,,,2.0,,,,,,,,,,,,,,,,,,,,,,,67.0,26.0,38.8,2.36,0.92,0.16,0.42,,,,,,,,,,,,,,,,,,
Kevin Behrens,30ae134d,39,deGER,FW,Union Berlin,31.0,1991.0,33,17,1535.0,17.1,8.0,1.0,9.0,8.0,0.0,0.0,6,0,0.47,0.06,0.53,0.47,0.53,Matches,2022-2023,GER,,8.0,,,,,,,,,,,5.0,,,,,,,,,,,,,,,,,,,,,,,35.0,14.0,40.0,2.05,0.82,0.23,0.57,,,,,,,,,,,,,,,,,,
Stefan Bell,857a5abe,40,deGER,DF,Mainz 05,30.0,1991.0,30,26,2395.0,26.6,0.0,1.0,1.0,0.0,0.0,0.0,9,0,0.0,0.04,0.04,0.0,0.04,Matches,2022-2023,GER,,29.0,,,,,,,,,,,45.0,,,,,,,,,,,,,,,,,,,,,,,7.0,2.0,28.6,0.26,0.08,0.0,0.0,,,,,,,,,,,,,,,,,,
Karim Bellarabi,bee0bab1,41,deGER,MF,Leverkusen,32.0,1990.0,8,1,85.0,0.9,0.0,0.0,0.0,0.0,0.0,0.0,0,0,0.0,0.0,0.0,0.0,0.0,Matches,2022-2023,GER,,0.0,,,,,,,,,,,0.0,,,,,,,,,,,,,,,,,,,,,,,0.0,0.0,,0.0,0.0,,,,,,,,,,,,,,,,,,,,
Jude Bellingham,57d88cf9,42,engENG,MF,Dortmund,19.0,2003.0,31,30,2691.0,29.9,8.0,4.0,12.0,7.0,1.0,1.0,8,0,0.27,0.13,0.4,0.23,0.37,Matches,2022-2023,GER,,43.0,,,,,,,,,,,32.0,,,,,,,,,,,,,,,,,,,,,,,66.0,26.0,39.4,2.21,0.87,0.11,0.27,,,,,,,,,,,,,,,,,,
Ramy Bensebaini,378825c7,43,dzALG,DF,Gladbach,27.0,1995.0,28,28,2481.0,27.6,6.0,1.0,7.0,4.0,2.0,2.0,7,1,0.22,0.04,0.25,0.15,0.18,Matches,2022-2023,GER,,22.0,,,,,,,,,,,33.0,,,,,,,,,,,,,,,,,,,,,,,41.0,15.0,36.6,1.49,0.54,0.1,0.27,,,,,,,,,,,,,,,,,,
Mergim Berisha,eb6e14be,44,deGER,FW,Augsburg,24.0,1998.0,23,20,1679.0,18.7,9.0,4.0,13.0,6.0,3.0,4.0,9,1,0.48,0.21,0.7,0.32,0.54,Matches,2022-2023,GER,,7.0,,,,,,,,,,,0.0,,,,,,,,,,,,,,,,,,,,,,,56.0,16.0,28.6,3.0,0.86,0.11,0.38,,,,,,,,,,,,,,,,,,
Ermin Bičakčić,7aac47fe,45,baBIH,DF,Hoffenheim,32.0,1990.0,9,0,265.0,2.9,0.0,0.0,0.0,0.0,0.0,0.0,0,0,0.0,0.0,0.0,0.0,0.0,Matches,2022-2023,GER,,4.0,,,,,,,,,,,5.0,,,,,,,,,,,,,,,,,,,,,,,2.0,1.0,50.0,0.68,0.34,0.0,0.0,,,,,,,,,,,,,,,,,,
Tom Bischof,07d3bfec,46,deGER,MF,Hoffenheim,17.0,2005.0,11,3,315.0,3.5,0.0,0.0,0.0,0.0,0.0,0.0,0,0,0.0,0.0,0.0,0.0,0.0,Matches,2022-2023,GER,,10.0,,,,,,,,,,,1.0,,,,,,,,,,,,,,,,,,,,,,,7.0,2.0,28.6,2.0,0.57,0.0,0.0,,,,,,,,,,,,,,,,,,
Leonardo Bittencourt,dc62fbee,47,deGER,MF,Werder Bremen,28.0,1993.0,25,22,1629.0,18.1,3.0,2.0,5.0,3.0,0.0,0.0,10,0,0.17,0.11,0.28,0.17,0.28,Matches,2022-2023,GER,,28.0,,,,,,,,,,,10.0,,,,,,,,,,,,,,,,,,,,,,,25.0,9.0,36.0,1.38,0.5,0.12,0.33,,,,,,,,,,,,,,,,,,
Janis Blaswich,663e080e,48,deGER,GK,RB Leipzig,31.0,1991.0,26,26,2340.0,26.0,0.0,0.0,0.0,0.0,0.0,0.0,0,0,0.0,0.0,0.0,0.0,0.0,Matches,2022-2023,GER,,0.0,,,,,,,,,,,0.0,,,,,,,,,,,,,,,,,,,,,,,0.0,0.0,,0.0,0.0,,,26.0,26.0,2340.0,29.0,1.12,68.0,46.0,66.2,16.0,4.0,6.0,7.0,26.9,7.0,6.0,1.0,0.0,14.3
Daley Blind,691bef82,49,nlNED,DF,Bayern Munich,32.0,1990.0,4,1,134.0,1.5,0.0,0.0,0.0,0.0,0.0,0.0,0,0,0.0,0.0,0.0,0.0,0.0,Matches,2022-2023,GER,,0.0,,,,,,,,,,,2.0,,,,,,,,,,,,,,,,,,,,,,,1.0,1.0,100.0,0.67,0.67,0.0,0.0,,,,,,,,,,,,,,,,,,
Kevin-Prince Boateng,f4ec4fd0,50,ghGHA,MF,Hertha BSC,35.0,1987.0,16,5,467.0,5.2,0.0,0.0,0.0,0.0,0.0,0.0,3,0,0.0,0.0,0.0,0.0,0.0,Matches,2022-2023,GER,,6.0,,,,,,,,,,,3.0,,,,,,,,,,,,,,,,,,,,,,,6.0,0.0,0.0,1.16,0.0,0.0,,,,,,,,,,,,,,,,,,,
Jean-Paul Boëtius,635f2732,51,srSUR,MF,Hertha BSC,28.0,1994.0,21,10,1050.0,11.7,0.0,0.0,0.0,0.0,0.0,0.0,3,0,0.0,0.0,0.0,0.0,0.0,Matches,2022-2023,GER,,17.0,,,,,,,,,,,12.0,,,,,,,,,,,,,,,,,,,,,,,5.0,3.0,60.0,0.43,0.26,0.0,0.0,,,,,,,,,,,,,,,,,,
Yvandro Borges Sanches,36578017,52,luLUX,MF,Gladbach,18.0,2004.0,3,0,28.0,0.3,0.0,0.0,0.0,0.0,0.0,0.0,0,0,0.0,0.0,0.0,0.0,0.0,Matches,2022-2023,GER,,1.0,,,,,,,,,,,0.0,,,,,,,,,,,,,,,,,,,,,,,1.0,0.0,0.0,3.21,0.0,0.0,,,,,,,,,,,,,,,,,,,
Sebastiaan Bornauw,01834aa0,53,beBEL,DF,Wolfsburg,23.0,1999.0,26,23,1928.0,21.4,1.0,0.0,1.0,1.0,0.0,0.0,8,0,0.05,0.0,0.05,0.05,0.05,Matches,2022-2023,GER,,19.0,,,,,,,,,,,33.0,,,,,,,,,,,,,,,,,,,,,,,4.0,3.0,75.0,0.19,0.14,0.25,0.33,,,,,,,,,,,,,,,,,,
Rafael Borré,c68da769,54,coCOL,"MF,FW",Eintracht Frankfurt,26.0,1995.0,32,10,1078.0,12.0,2.0,2.0,4.0,1.0,1.0,1.0,5,0,0.17,0.17,0.33,0.08,0.25,Matches,2022-2023,GER,,14.0,,,,,,,,,,,2.0,,,,,,,,,,,,,,,,,,,,,,,25.0,9.0,36.0,2.09,0.75,0.04,0.11,,,,,,,,,,,,,,,,,,
Julian Brandt,a167537f,55,deGER,MF,Dortmund,26.0,1996.0,32,29,2397.0,26.6,9.0,8.0,17.0,9.0,0.0,0.0,2,0,0.34,0.3,0.64,0.34,0.64,Matches,2022-2023,GER,,20.0,,,,,,,,,,,15.0,,,,,,,,,,,,,,,,,,,,,,,42.0,26.0,61.9,1.58,0.98,0.21,0.35,,,,,,,,,,,,,,,,,,
Fabian Bredlow,d28339cb,56,deGER,GK,Stuttgart,27.0,1995.0,15,15,1350.0,15.0,0.0,0.0,0.0,0.0,0.0,0.0,2,0,0.0,0.0,0.0,0.0,0.0,Matches,2022-2023,GER,,1.0,,,,,,,,,,,0.0,,,,,,,,,,,,,,,,,,,,,,,0.0,0.0,,0.0,0.0,,,15.0,15.0,1350.0,23.0,1.53,56.0,38.0,67.9,4.0,5.0,6.0,1.0,6.7,5.0,5.0,0.0,0.0,0.0
Josip Brekalo,d4a2533d,57,hrCRO,"MF,FW",Wolfsburg,24.0,1998.0,6,3,271.0,3.0,0.0,1.0,1.0,0.0,0.0,0.0,0,0,0.0,0.33,0.33,0.0,0.33,Matches,2022-2023,GER,,1.0,,,,,,,,,,,2.0,,,,,,,,,,,,,,,,,,,,,,,2.0,1.0,50.0,0.66,0.33,0.0,0.0,,,,,,,,,,,,,,,,,,
John Brooks,e27da244,58,usUSA,DF,Hoffenheim,29.0,1993.0,15,15,1350.0,15.0,0.0,0.0,0.0,0.0,0.0,0.0,4,0,0.0,0.0,0.0,0.0,0.0,Matches,2022-2023,GER,,12.0,,,,,,,,,,,11.0,,,,,,,,,,,,,,,,,,,,,,,7.0,0.0,0.0,0.47,0.0,0.0,,,,,,,,,,,,,,,,,,,
Moritz Broschinski,bbd79358,59,deGER,FW,Bochum,21.0,2000.0,11,0,213.0,2.4,2.0,0.0,2.0,2.0,0.0,0.0,1,0,0.85,0.0,0.85,0.85,0.85,Matches,2022-2023,GER,,0.0,,,,,,,,,,,0.0,,,,,,,,,,,,,,,,,,,,,,,5.0,4.0,80.0,2.11,1.69,0.4,0.5,,,,,,,,,,,,,,,,,,
Cédric Brunner,f0a37d36,60,chSUI,DF,Schalke 04,28.0,1994.0,28,28,2315.0,25.7,0.0,0.0,0.0,0.0,0.0,0.0,5,0,0.0,0.0,0.0,0.0,0.0,Matches,2022-2023,GER,,27.0,,,,,,,,,,,39.0,,,,,,,,,,,,,,,,,,,,,,,10.0,0.0,0.0,0.39,0.0,0.0,,,,,,,,,,,,,,,,,,,
Jacob Bruun Larsen,4e204552,61,dkDEN,FW,Hoffenheim,23.0,1998.0,12,3,328.0,3.6,1.0,0.0,1.0,1.0,0.0,0.0,0,0,0.27,0.0,0.27,0.27,0.27,Matches,2022-2023,GER,,3.0,,,,,,,,,,,1.0,,,,,,,,,,,,,,,,,,,,,,,7.0,2.0,28.6,1.92,0.55,0.14,0.5,,,,,,,,,,,,,,,,,,
Lee Buchanan,45e95f21,62,engENG,MF,Werder Bremen,21.0,2001.0,21,2,472.0,5.2,1.0,0.0,1.0,1.0,0.0,0.0,2,0,0.19,0.0,0.19,0.19,0.19,Matches,2022-2023,GER,,10.0,,,,,,,,,,,12.0,,,,,,,,,,,,,,,,,,,,,,,5.0,1.0,20.0,0.95,0.19,0.2,1.0,,,,,,,,,,,,,,,,,,
Marius Bülter,ab5b7dc1,63,deGER,"MF,FW",Schalke 04,29.0,1993.0,33,30,2598.0,28.9,11.0,1.0,12.0,7.0,4.0,4.0,5,0,0.38,0.03,0.42,0.24,0.28,Matches,2022-2023,GER,,11.0,,,,,,,,,,,10.0,,,,,,,,,,,,,,,,,,,,,,,68.0,27.0,39.7,2.36,0.94,0.1,0.26,,,,,,,,,,,,,,,,,,
Delano Burgzorg,05e2d5ea,64,srSUR,"FW,MF",Mainz 05,23.0,1998.0,13,0,244.0,2.7,0.0,1.0,1.0,0.0,0.0,0.0,2,0,0.0,0.37,0.37,0.0,0.37,Matches,2022-2023,GER,,3.0,,,,,,,,,,,0.0,,,,,,,,,,,,,,,,,,,,,,,4.0,2.0,50.0,1.48,0.74,0.0,0.0,,,,,,,,,,,,,,,,,,
Jonathan Burkardt,05f99a4a,65,deGER,"MF,FW",Mainz 05,22.0,2000.0,11,7,533.0,5.9,1.0,2.0,3.0,1.0,0.0,1.0,2,0,0.17,0.34,0.51,0.17,0.51,Matches,2022-2023,GER,,1.0,,,,,,,,,,,1.0,,,,,,,,,,,,,,,,,,,,,,,21.0,7.0,33.3,3.55,1.18,0.05,0.14,,,,,,,,,,,,,,,,,,
Oliver Burke,f631c17f,66,sctSCO,FW,Werder Bremen,25.0,1997.0,15,1,268.0,3.0,2.0,0.0,2.0,2.0,0.0,0.0,0,0,0.67,0.0,0.67,0.67,0.67,Matches,2022-2023,GER,,0.0,,,,,,,,,,,0.0,,,,,,,,,,,,,,,,,,,,,,,8.0,5.0,62.5,2.69,1.68,0.25,0.4,,,,,,,,,,,,,,,,,,
Aurélio Buta,b4705807,67,ptPOR,MF,Eintracht Frankfurt,25.0,1997.0,18,15,1318.0,14.6,3.0,2.0,5.0,3.0,0.0,0.0,3,0,0.2,0.14,0.34,0.2,0.34,Matches,2022-2023,GER,,20.0,,,,,,,,,,,9.0,,,,,,,,,,,,,,,,,,,,,,,9.0,4.0,44.4,0.61,0.27,0.33,0.75,,,,,,,,,,,,,,,,,,
Anthony Caci,0118c54c,68,frFRA,"MF,DF",Mainz 05,25.0,1997.0,31,23,2033.0,22.6,2.0,1.0,3.0,2.0,0.0,0.0,4,0,0.09,0.04,0.13,0.09,0.13,Matches,2022-2023,GER,,32.0,,,,,,,,,,,53.0,,,,,,,,,,,,,,,,,,,,,,,10.0,4.0,40.0,0.44,0.18,0.2,0.5,,,,,,,,,,,,,,,,,,
Kerim Calhanoglu,d1db4b83,69,deGER,DF,Schalke 04,19.0,2002.0,3,0,63.0,0.7,0.0,0.0,0.0,0.0,0.0,0.0,0,0,0.0,0.0,0.0,0.0,0.0,Matches,2022-2023,GER,,1.0,,,,,,,,,,,0.0,,,,,,,,,,,,,,,,,,,,,,,1.0,0.0,0.0,1.43,0.0,0.0,,,,,,,,,,,,,,,,,,,
Daniel Caligiuri,d1273f09,70,itITA,MF,Augsburg,34.0,1988.0,13,2,290.0,3.2,1.0,0.0,1.0,1.0,0.0,0.0,1,0,0.31,0.0,0.31,0.31,0.31,Matches,2022-2023,GER,,5.0,,,,,,,,,,,3.0,,,,,,,,,,,,,,,,,,,,,,,6.0,2.0,33.3,1.86,0.62,0.17,0.5,,,,,,,,,,,,,,,,,,
Emre Can,a65ce836,71,deGER,MF,Dortmund,28.0,1994.0,27,20,1900.0,21.1,2.0,1.0,3.0,1.0,1.0,1.0,8,0,0.09,0.05,0.14,0.05,0.09,Matches,2022-2023,GER,,29.0,,,,,,,,,,,25.0,,,,,,,,,,,,,,,,,,,,,,,17.0,3.0,17.6,0.81,0.14,0.06,0.33,,,,,,,,,,,,,,,,,,
João Cancelo,bd6351cd,72,ptPOR,"DF,MF",Bayern Munich,28.0,1994.0,15,11,1012.0,11.2,1.0,4.0,5.0,1.0,0.0,0.0,3,0,0.09,0.36,0.44,0.09,0.44,Matches,2022-2023,GER,,12.0,,,,,,,,,,,14.0,,,,,,,,,,,,,,,,,,,,,,,12.0,4.0,33.3,1.07,0.36,0.08,0.25,,,,,,,,,,,,,,,,,,
Irvin Cardona,5e080f73,73,mtMLT,"FW,MF",Augsburg,24.0,1997.0,10,0,318.0,3.5,1.0,0.0,1.0,1.0,0.0,0.0,2,0,0.28,0.0,0.28,0.28,0.28,Matches,2022-2023,GER,,1.0,,,,,,,,,,,4.0,,,,,,,,,,,,,,,,,,,,,,,9.0,4.0,44.4,2.55,1.13,0.11,0.25,,,,,,,,,,,,,,,,,,
Koen Casteels,db401046,74,beBEL,GK,Wolfsburg,30.0,1992.0,34,34,3060.0,34.0,0.0,1.0,1.0,0.0,0.0,0.0,0,0,0.0,0.03,0.03,0.0,0.03,Matches,2022-2023,GER,,0.0,,,,,,,,,,,1.0,,,,,,,,,,,,,,,,,,,,,,,1.0,0.0,0.0,0.03,0.0,0.0,,34.0,34.0,3060.0,48.0,1.41,144.0,101.0,69.4,13.0,10.0,11.0,12.0,35.3,7.0,4.0,1.0,2.0,20.0
Julian Chabot,ae7058f9,75,deGER,DF,Köln,24.0,1998.0,21,21,1803.0,20.0,0.0,2.0,2.0,0.0,0.0,0.0,3,0,0.0,0.1,0.1,0.0,0.1,Matches,2022-2023,GER,,22.0,,,,,,,,,,,42.0,,,,,,,,,,,,,,,,,,,,,,,14.0,4.0,28.6,0.7,0.2,0.0,0.0,,,,,,,,,,,,,,,,,,
Timothy Chandler,b3b7f5a6,76,usUSA,"DF,MF",Eintracht Frankfurt,32.0,1990.0,6,0,86.0,1.0,0.0,0.0,0.0,0.0,0.0,0.0,0,0,0.0,0.0,0.0,0.0,0.0,Matches,2022-2023,GER,,2.0,,,,,,,,,,,0.0,,,,,,,,,,,,,,,,,,,,,,,0.0,0.0,,0.0,0.0,,,,,,,,,,,,,,,,,,,,
Fabio Chiarodia,48780156,77,itITA,DF,Werder Bremen,17.0,2005.0,3,1,66.0,0.7,0.0,0.0,0.0,0.0,0.0,0.0,0,0,0.0,0.0,0.0,0.0,0.0,Matches,2022-2023,GER,,0.0,,,,,,,,,,,2.0,,,,,,,,,,,,,,,,,,,,,,,0.0,0.0,,0.0,0.0,,,,,,,,,,,,,,,,,,,,
Oliver Christensen,af104654,78,dkDEN,GK,Hertha BSC,23.0,1999.0,33,33,2970.0,33.0,0.0,0.0,0.0,0.0,0.0,0.0,2,0,0.0,0.0,0.0,0.0,0.0,Matches,2022-2023,GER,,0.0,,,,,,,,,,,0.0,,,,,,,,,,,,,,,,,,,,,,,0.0,0.0,,0.0,0.0,,,33.0,33.0,2970.0,68.0,2.06,159.0,96.0,60.4,6.0,8.0,19.0,3.0,9.1,6.0,5.0,1.0,0.0,16.7
Darko Churlinov,c6608135,79,mkMKD,"FW,MF",Stuttgart,22.0,2000.0,1,0,27.0,0.3,0.0,0.0,0.0,0.0,0.0,0.0,0,0,0.0,0.0,0.0,0.0,0.0,Matches,2022-2023,GER,,1.0,,,,,,,,,,,0.0,,,,,,,,,,,,,,,,,,,,,,,0.0,0.0,,0.0,0.0,,,,,,,,,,,,,,,,,,,,
Tolga Ciğerci,6e17c802,80,trTUR,MF,Hertha BSC,30.0,1992.0,11,10,672.0,7.5,0.0,1.0,1.0,0.0,0.0,0.0,2,0,0.0,0.13,0.13,0.0,0.13,Matches,2022-2023,GER,,12.0,,,,,,,,,,,9.0,,,,,,,,,,,,,,,,,,,,,,,9.0,3.0,33.3,1.21,0.4,0.0,0.0,,,,,,,,,,,,,,,,,,
David Čolina,dd5bbe0d,81,hrCRO,"DF,MF",Augsburg,22.0,2000.0,7,0,166.0,1.8,1.0,0.0,1.0,1.0,0.0,0.0,0,0,0.54,0.0,0.54,0.54,0.54,Matches,2022-2023,GER,,1.0,,,,,,,,,,,3.0,,,,,,,,,,,,,,,,,,,,,,,1.0,1.0,100.0,0.54,0.54,1.0,1.0,,,,,,,,,,,,,,,,,,
Kingsley Coman,042e8a49,82,frFRA,MF,Bayern Munich,26.0,1996.0,24,16,1409.0,15.7,8.0,5.0,13.0,8.0,0.0,0.0,2,1,0.51,0.32,0.83,0.51,0.83,Matches,2022-2023,GER,,9.0,,,,,,,,,,,2.0,,,,,,,,,,,,,,,,,,,,,,,49.0,18.0,36.7,3.13,1.15,0.16,0.44,,,,,,,,,,,,,,,,,,
Danny da Costa,5ddb8f9f,83,deGER,MF,Mainz 05,29.0,1993.0,23,14,1236.0,13.7,0.0,2.0,2.0,0.0,0.0,0.0,0,0,0.0,0.15,0.15,0.0,0.15,Matches,2022-2023,GER,,17.0,,,,,,,,,,,8.0,,,,,,,,,,,,,,,,,,,,,,,7.0,1.0,14.3,0.51,0.07,0.0,0.0,,,,,,,,,,,,,,,,,,
Soumaïla Coulibaly,9dff291c,84,frFRA,DF,Dortmund,18.0,2003.0,1,0,45.0,0.5,0.0,0.0,0.0,0.0,0.0,0.0,0,0,0.0,0.0,0.0,0.0,0.0,Matches,2022-2023,GER,,0.0,,,,,,,,,,,0.0,,,,,,,,,,,,,,,,,,,,,,,0.0,0.0,,0.0,0.0,,,,,,,,,,,,,,,,,,,,
Tanguy Coulibaly,05ba9d7c,85,frFRA,MF,Stuttgart,21.0,2001.0,14,0,326.0,3.6,4.0,0.0,4.0,3.0,1.0,1.0,3,0,1.1,0.0,1.1,0.83,0.83,Matches,2022-2023,GER,,9.0,,,,,,,,,,,3.0,,,,,,,,,,,,,,,,,,,,,,,12.0,7.0,58.3,3.31,1.93,0.25,0.43,,,,,,,,,,,,,,,,,,
Nicolas Cozza,8f325097,86,frFRA,DF,Wolfsburg,23.0,1999.0,5,0,100.0,1.1,0.0,0.0,0.0,0.0,0.0,0.0,0,0,0.0,0.0,0.0,0.0,0.0,Matches,2022-2023,GER,,3.0,,,,,,,,,,,0.0,,,,,,,,,,,,,,,,,,,,,,,0.0,0.0,,0.0,0.0,,,,,,,,,,,,,,,,,,,,
Moanes Dabbur,eac044ad,87,ilISR,FW,Hoffenheim,30.0,1992.0,21,8,933.0,10.4,6.0,2.0,8.0,6.0,0.0,0.0,3,1,0.58,0.19,0.77,0.58,0.77,Matches,2022-2023,GER,,8.0,,,,,,,,,,,5.0,,,,,,,,,,,,,,,,,,,,,,,22.0,14.0,63.6,2.12,1.35,0.27,0.43,,,,,,,,,,,,,,,,,,
Finn Dahmen,dee3013b,88,deGER,GK,Mainz 05,24.0,1998.0,8,8,720.0,8.0,0.0,0.0,0.0,0.0,0.0,0.0,0,0,0.0,0.0,0.0,0.0,0.0,Matches,2022-2023,GER,,0.0,,,,,,,,,,,0.0,,,,,,,,,,,,,,,,,,,,,,,0.0,0.0,,0.0,0.0,,,8.0,8.0,720.0,16.0,2.0,40.0,27.0,62.5,3.0,2.0,3.0,0.0,0.0,3.0,1.0,2.0,0.0,66.7
Mahmoud Dahoud,db4ed67b,89,deGER,MF,Dortmund,26.0,1996.0,9,4,337.0,3.7,0.0,0.0,0.0,0.0,0.0,0.0,1,0,0.0,0.0,0.0,0.0,0.0,Matches,2022-2023,GER,,9.0,,,,,,,,,,,7.0,,,,,,,,,,,,,,,,,,,,,,,6.0,1.0,16.7,1.6,0.27,0.0,0.0,,,,,,,,,,,,,,,,,,
Muhammed Damar,d3d77413,90,deGER,MF,Hoffenheim,18.0,2004.0,6,1,159.0,1.8,0.0,0.0,0.0,0.0,0.0,0.0,0,0,0.0,0.0,0.0,0.0,0.0,Matches,2022-2023,GER,,3.0,,,,,,,,,,,0.0,,,,,,,,,,,,,,,,,,,,,,,1.0,0.0,0.0,0.57,0.0,0.0,,,,,,,,,,,,,,,,,,,
Márton Dárdai,41bff4fa,91,huHUN,"DF,MF",Hertha BSC,20.0,2002.0,17,11,947.0,10.5,1.0,0.0,1.0,1.0,0.0,0.0,2,0,0.1,0.0,0.1,0.1,0.1,Matches,2022-2023,GER,,8.0,,,,,,,,,,,13.0,,,,,,,,,,,,,,,,,,,,,,,2.0,1.0,50.0,0.19,0.1,0.5,1.0,,,,,,,,,,,,,,,,,,
Vladimír Darida,3eb0f2df,92,czCZE,MF,Hertha BSC,31.0,1990.0,3,0,31.0,0.3,0.0,0.0,0.0,0.0,0.0,0.0,0,0,0.0,0.0,0.0,0.0,0.0,Matches,2022-2023,GER,,1.0,,,,,,,,,,,0.0,,,,,,,,,,,,,,,,,,,,,,,0.0,0.0,,0.0,0.0,,,,,,,,,,,,,,,,,,,,
Alphonso Davies,d781d855,93,caCAN,"DF,MF",Bayern Munich,21.0,2000.0,26,24,2042.0,22.7,1.0,4.0,5.0,1.0,0.0,0.0,0,0,0.04,0.18,0.22,0.04,0.22,Matches,2022-2023,GER,,32.0,,,,,,,,,,,23.0,,,,,,,,,,,,,,,,,,,,,,,19.0,8.0,42.1,0.84,0.35,0.05,0.13,,,,,,,,,,,,,,,,,,
Thomas Delaney,fe641c1a,94,dkDEN,MF,Hoffenheim,30.0,1991.0,6,4,298.0,3.3,0.0,0.0,0.0,0.0,0.0,0.0,0,0,0.0,0.0,0.0,0.0,0.0,Matches,2022-2023,GER,,3.0,,,,,,,,,,,1.0,,,,,,,,,,,,,,,,,,,,,,,1.0,0.0,0.0,0.3,0.0,0.0,,,,,,,,,,,,,,,,,,,
Kerem Demirbay,54b4dc4e,95,deGER,MF,Leverkusen,29.0,1993.0,25,17,1544.0,17.2,4.0,3.0,7.0,4.0,0.0,0.0,5,0,0.23,0.17,0.41,0.23,0.41,Matches,2022-2023,GER,,18.0,,,,,,,,,,,16.0,,,,,,,,,,,,,,,,,,,,,,,31.0,6.0,19.4,1.81,0.35,0.13,0.67,,,,,,,,,,,,,,,,,,
Ermedin Demirović,ed79b7d3,96,baBIH,"FW,MF",Augsburg,24.0,1998.0,30,30,2366.0,26.3,8.0,4.0,12.0,7.0,1.0,1.0,7,1,0.3,0.15,0.46,0.27,0.42,Matches,2022-2023,GER,,16.0,,,,,,,,,,,14.0,,,,,,,,,,,,,,,,,,,,,,,63.0,24.0,38.1,2.4,0.91,0.11,0.29,,,,,,,,,,,,,,,,,,
Sepp van den Berg,7bf9400b,97,nlNED,DF,Schalke 04,20.0,2001.0,9,8,696.0,7.7,1.0,0.0,1.0,1.0,0.0,0.0,2,0,0.13,0.0,0.13,0.13,0.13,Matches,2022-2023,GER,,4.0,,,,,,,,,,,13.0,,,,,,,,,,,,,,,,,,,,,,,5.0,1.0,20.0,0.65,0.13,0.2,1.0,,,,,,,,,,,,,,,,,,
Moussa Diaby,aeed5c06,98,frFRA,"FW,MF",Leverkusen,23.0,1999.0,33,33,2699.0,30.0,9.0,8.0,17.0,9.0,0.0,1.0,4,0,0.3,0.27,0.57,0.3,0.57,Matches,2022-2023,GER,,9.0,,,,,,,,,,,5.0,,,,,,,,,,,,,,,,,,,,,,,80.0,35.0,43.8,2.67,1.17,0.11,0.26,,,,,,,,,,,,,,,,,,
Abdou Diallo,fc62f087,99,snSEN,"DF,MF",RB Leipzig,26.0,1996.0,8,5,478.0,5.3,1.0,0.0,1.0,1.0,0.0,0.0,2,0,0.19,0.0,0.19,0.19,0.19,Matches,2022-2023,GER,,5.0,,,,,,,,,,,7.0,,,,,,,,,,,,,,,,,,,,,,,4.0,1.0,25.0,0.75,0.19,0.25,1.0,,,,,,,,,,,,,,,,,,
Justin Diehl,d82a310a,100,deGER,MF,Köln,17.0,2004.0,2,0,17.0,0.2,0.0,0.0,0.0,0.0,0.0,0.0,0,0,0.0,0.0,0.0,0.0,0.0,Matches,2022-2023,GER,,0.0,,,,,,,,,,,0.0,,,,,,,,,,,,,,,,,,,,,,,0.0,0.0,,0.0,0.0,,,,,,,,,,,,,,,,,,,,
Florian Dietz,8779ddf8,101,deGER,FW,Köln,23.0,1998.0,11,4,395.0,4.4,1.0,0.0,1.0,1.0,0.0,0.0,1,0,0.23,0.0,0.23,0.23,0.23,Matches,2022-2023,GER,,1.0,,,,,,,,,,,0.0,,,,,,,,,,,,,,,,,,,,,,,17.0,6.0,35.3,3.87,1.37,0.06,0.17,,,,,,,,,,,,,,,,,,
Junior Dina Ebimbe,95bb6ddc,102,cmCMR,MF,Eintracht Frankfurt,21.0,2000.0,19,10,1063.0,11.8,3.0,1.0,4.0,3.0,0.0,0.0,4,0,0.25,0.08,0.34,0.25,0.34,Matches,2022-2023,GER,,19.0,,,,,,,,,,,9.0,,,,,,,,,,,,,,,,,,,,,,,26.0,10.0,38.5,2.2,0.85,0.12,0.3,,,,,,,,,,,,,,,,,,
Eren Dinkçi,4ccd8957,103,deGER,MF,Werder Bremen,20.0,2001.0,17,0,231.0,2.6,0.0,0.0,0.0,0.0,0.0,0.0,0,0,0.0,0.0,0.0,0.0,0.0,Matches,2022-2023,GER,,5.0,,,,,,,,,,,0.0,,,,,,,,,,,,,,,,,,,,,,,6.0,0.0,0.0,2.34,0.0,0.0,,,,,,,,,,,,,,,,,,,
Ritsu Doan,d01bbb6f,104,jpJPN,"MF,FW",Freiburg,24.0,1998.0,33,30,2424.0,26.9,5.0,4.0,9.0,5.0,0.0,0.0,3,0,0.19,0.15,0.33,0.19,0.33,Matches,2022-2023,GER,,28.0,,,,,,,,,,,13.0,,,,,,,,,,,,,,,,,,,,,,,57.0,27.0,47.4,2.12,1.0,0.09,0.19,,,,,,,,,,,,,,,,,,
Danilho Doekhi,f67c9d29,105,nlNED,DF,Union Berlin,24.0,1998.0,25,25,2216.0,24.6,5.0,1.0,6.0,5.0,0.0,0.0,0,0,0.2,0.04,0.24,0.2,0.24,Matches,2022-2023,GER,,24.0,,,,,,,,,,,31.0,,,,,,,,,,,,,,,,,,,,,,,17.0,10.0,58.8,0.69,0.41,0.29,0.5,,,,,,,,,,,,,,,,,,
Kasper Dolberg,cc83b74d,106,dkDEN,FW,Hoffenheim,24.0,1997.0,13,4,402.0,4.5,1.0,0.0,1.0,1.0,0.0,0.0,0,0,0.22,0.0,0.22,0.22,0.22,Matches,2022-2023,GER,,5.0,,,,,,,,,,,0.0,,,,,,,,,,,,,,,,,,,,,,,7.0,3.0,42.9,1.57,0.67,0.14,0.33,,,,,,,,,,,,,,,,,,
Niklas Dorsch,7f73bdf4,107,deGER,MF,Augsburg,24.0,1998.0,11,5,483.0,5.4,0.0,0.0,0.0,0.0,0.0,0.0,1,0,0.0,0.0,0.0,0.0,0.0,Matches,2022-2023,GER,,15.0,,,,,,,,,,,5.0,,,,,,,,,,,,,,,,,,,,,,,0.0,0.0,,0.0,0.0,,,,,,,,,,,,,,,,,,,,
Dion Drena Beljo,9a2e3a23,108,hrCRO,FW,Augsburg,20.0,2002.0,18,16,1128.0,12.5,3.0,2.0,5.0,3.0,0.0,0.0,2,0,0.24,0.16,0.4,0.24,0.4,Matches,2022-2023,GER,,6.0,,,,,,,,,,,1.0,,,,,,,,,,,,,,,,,,,,,,,12.0,5.0,41.7,0.96,0.4,0.25,0.6,,,,,,,,,,,,,,,,,,
Dominick Drexler,809940aa,109,deGER,MF,Schalke 04,32.0,1990.0,27,16,1366.0,15.2,4.0,3.0,7.0,4.0,0.0,0.0,3,1,0.26,0.2,0.46,0.26,0.46,Matches,2022-2023,GER,,18.0,,,,,,,,,,,8.0,,,,,,,,,,,,,,,,,,,,,,,16.0,6.0,37.5,1.05,0.4,0.25,0.67,,,,,,,,,,,,,,,,,,
Marvin Ducksch,638a4d71,110,deGER,FW,Werder Bremen,28.0,1994.0,34,34,2852.0,31.7,12.0,6.0,18.0,12.0,0.0,1.0,4,0,0.38,0.19,0.57,0.38,0.57,Matches,2022-2023,GER,,6.0,,,,,,,,,,,8.0,,,,,,,,,,,,,,,,,,,,,,,94.0,44.0,46.8,2.97,1.39,0.13,0.27,,,,,,,,,,,,,,,,,,
Ondrej Duda,79ca3e23,111,skSVK,MF,Köln,27.0,1994.0,13,9,689.0,7.7,0.0,0.0,0.0,0.0,0.0,0.0,4,0,0.0,0.0,0.0,0.0,0.0,Matches,2022-2023,GER,,8.0,,,,,,,,,,,2.0,,,,,,,,,,,,,,,,,,,,,,,12.0,3.0,25.0,1.57,0.39,0.0,0.0,,,,,,,,,,,,,,,,,,
Julien Duranville,b06a7ae9,112,beBEL,FW,Dortmund,16.0,2006.0,1,0,29.0,0.3,0.0,0.0,0.0,0.0,0.0,0.0,0,0,0.0,0.0,0.0,0.0,0.0,Matches,2022-2023,GER,,1.0,,,,,,,,,,,0.0,,,,,,,,,,,,,,,,,,,,,,,1.0,0.0,0.0,3.1,0.0,0.0,,,,,,,,,,,,,,,,,,,
Maximilian Eggestein,beb882a8,113,deGER,MF,Freiburg,25.0,1996.0,31,27,2451.0,27.2,1.0,2.0,3.0,1.0,0.0,0.0,6,0,0.04,0.07,0.11,0.04,0.11,Matches,2022-2023,GER,,30.0,,,,,,,,,,,35.0,,,,,,,,,,,,,,,,,,,,,,,16.0,4.0,25.0,0.59,0.15,0.06,0.25,,,,,,,,,,,,,,,,,,
Lilian Egloff,2f7fec15,114,deGER,"MF,FW",Stuttgart,19.0,2002.0,10,2,241.0,2.7,0.0,0.0,0.0,0.0,0.0,0.0,1,0,0.0,0.0,0.0,0.0,0.0,Matches,2022-2023,GER,,10.0,,,,,,,,,,,1.0,,,,,,,,,,,,,,,,,,,,,,,8.0,0.0,0.0,2.99,0.0,0.0,,,,,,,,,,,,,,,,,,,
Kingsley Ehizibue,76b2817e,115,nlNED,DF,Köln,27.0,1995.0,1,1,61.0,0.7,0.0,0.0,0.0,0.0,0.0,0.0,0,0,0.0,0.0,0.0,0.0,0.0,Matches,2022-2023,GER,,0.0,,,,,,,,,,,3.0,,,,,,,,,,,,,,,,,,,,,,,1.0,1.0,100.0,1.48,1.48,0.0,0.0,,,,,,,,,,,,,,,,,,
Julian Eitschberger,943b9602,116,deGER,"DF,MF",Hertha BSC,18.0,2004.0,1,0,1.0,0.0,0.0,0.0,0.0,0.0,0.0,0.0,0,0,0.0,0.0,0.0,0.0,0.0,Matches,2022-2023,GER,,0.0,,,,,,,,,,,0.0,,,,,,,,,,,,,,,,,,,,,,,0.0,0.0,,0.0,0.0,,,,,,,,,,,,,,,,,,,,
Chidera Ejuke,e7f3e8a7,117,ngNGA,"FW,MF",Hertha BSC,24.0,1998.0,20,9,890.0,9.9,0.0,3.0,3.0,0.0,0.0,0.0,0,0,0.0,0.3,0.3,0.0,0.3,Matches,2022-2023,GER,,4.0,,,,,,,,,,,4.0,,,,,,,,,,,,,,,,,,,,,,,24.0,6.0,25.0,2.43,0.61,0.0,0.0,,,,,,,,,,,,,,,,,,
Nico Elvedi,48035304,118,chSUI,DF,Gladbach,25.0,1996.0,32,32,2826.0,31.4,3.0,0.0,3.0,3.0,0.0,0.0,2,0,0.1,0.0,0.1,0.1,0.1,Matches,2022-2023,GER,,28.0,,,,,,,,,,,34.0,,,,,,,,,,,,,,,,,,,,,,,18.0,9.0,50.0,0.57,0.29,0.17,0.33,,,,,,,,,,,,,,,,,,
Wataru Endo,c149016b,119,jpJPN,MF,Stuttgart,29.0,1993.0,33,33,2922.0,32.5,5.0,4.0,9.0,5.0,0.0,0.0,3,0,0.15,0.12,0.28,0.15,0.28,Matches,2022-2023,GER,,38.0,,,,,,,,,,,27.0,,,,,,,,,,,,,,,,,,,,,,,45.0,16.0,35.6,1.39,0.49,0.11,0.31,,,,,,,,,,,,,,,,,,
Arne Engels,554bcc91,120,beBEL,MF,Augsburg,18.0,2003.0,18,18,1440.0,16.0,0.0,3.0,3.0,0.0,0.0,0.0,5,0,0.0,0.19,0.19,0.0,0.19,Matches,2022-2023,GER,,10.0,,,,,,,,,,,15.0,,,,,,,,,,,,,,,,,,,,,,,17.0,2.0,11.8,1.06,0.12,0.0,0.0,,,,,,,,,,,,,,,,,,
Tjark Ernst,3f6c3ae0,121,deGER,GK,Hertha BSC,19.0,2003.0,1,1,90.0,1.0,0.0,0.0,0.0,0.0,0.0,0.0,0,0,0.0,0.0,0.0,0.0,0.0,Matches,2022-2023,GER,,0.0,,,,,,,,,,,0.0,,,,,,,,,,,,,,,,,,,,,,,0.0,0.0,,0.0,0.0,,,1.0,1.0,90.0,1.0,1.0,8.0,7.0,87.5,1.0,0.0,0.0,0.0,0.0,0.0,0.0,0.0,0.0,
Kimberly Ezekwem,56e6a1c9,122,deGER,DF,Freiburg,21.0,2001.0,1,0,8.0,0.1,0.0,0.0,0.0,0.0,0.0,0.0,0,0,0.0,0.0,0.0,0.0,0.0,Matches,2022-2023,GER,,0.0,,,,,,,,,,,0.0,,,,,,,,,,,,,,,,,,,,,,,0.0,0.0,,0.0,0.0,,,,,,,,,,,,,,,,,,,,
Ralf Fährmann,1e43fad8,123,deGER,GK,Schalke 04,33.0,1988.0,12,12,1025.0,11.4,0.0,0.0,0.0,0.0,0.0,0.0,0,0,0.0,0.0,0.0,0.0,0.0,Matches,2022-2023,GER,,0.0,,,,,,,,,,,0.0,,,,,,,,,,,,,,,,,,,,,,,0.0,0.0,,0.0,0.0,,,12.0,12.0,1025.0,13.0,1.14,55.0,43.0,78.2,3.0,6.0,3.0,5.0,41.7,2.0,1.0,0.0,1.0,0.0
Ohis Felix Uduokhai,677da306,124,deGER,DF,Augsburg,24.0,1997.0,19,16,1450.0,16.1,0.0,1.0,1.0,0.0,0.0,0.0,3,1,0.0,0.06,0.06,0.0,0.06,Matches,2022-2023,GER,,19.0,,,,,,,,,,,28.0,,,,,,,,,,,,,,,,,,,,,,,4.0,1.0,25.0,0.25,0.06,0.0,0.0,,,,,,,,,,,,,,,,,,
Edimilson Fernandes,3bb625ac,125,chSUI,DF,Mainz 05,26.0,1996.0,32,28,2437.0,27.1,0.0,3.0,3.0,0.0,0.0,0.0,4,0,0.0,0.11,0.11,0.0,0.11,Matches,2022-2023,GER,,25.0,,,,,,,,,,,57.0,,,,,,,,,,,,,,,,,,,,,,,15.0,3.0,20.0,0.55,0.11,0.0,0.0,,,,,,,,,,,,,,,,,,
Kilian Fischer,79f7302a,126,deGER,DF,Wolfsburg,21.0,2000.0,10,5,502.0,5.6,0.0,0.0,0.0,0.0,0.0,0.0,2,0,0.0,0.0,0.0,0.0,0.0,Matches,2022-2023,GER,,5.0,,,,,,,,,,,5.0,,,,,,,,,,,,,,,,,,,,,,,3.0,1.0,33.3,0.54,0.18,0.0,0.0,,,,,,,,,,,,,,,,,,
Mark Flekken,a92ab7be,127,nlNED,GK,Freiburg,29.0,1993.0,34,34,3060.0,34.0,0.0,0.0,0.0,0.0,0.0,0.0,0,0,0.0,0.0,0.0,0.0,0.0,Matches,2022-2023,GER,,0.0,,,,,,,,,,,0.0,,,,,,,,,,,,,,,,,,,,,,,0.0,0.0,,0.0,0.0,,,34.0,34.0,3060.0,44.0,1.29,148.0,108.0,73.6,17.0,8.0,9.0,13.0,38.2,6.0,5.0,0.0,1.0,0.0
Florian Flick,9642c929,128,deGER,MF,Schalke 04,22.0,2000.0,8,5,512.0,5.7,0.0,0.0,0.0,0.0,0.0,0.0,1,0,0.0,0.0,0.0,0.0,0.0,Matches,2022-2023,GER,,2.0,,,,,,,,,,,4.0,,,,,,,,,,,,,,,,,,,,,,,2.0,1.0,50.0,0.35,0.18,0.0,0.0,,,,,,,,,,,,,,,,,,
Emil Forsberg,9a2e0ccc,129,seSWE,"MF,FW",RB Leipzig,30.0,1991.0,30,16,1482.0,16.5,6.0,4.0,10.0,4.0,2.0,2.0,2,0,0.36,0.24,0.61,0.24,0.49,Matches,2022-2023,GER,,11.0,,,,,,,,,,,4.0,,,,,,,,,,,,,,,,,,,,,,,23.0,11.0,47.8,1.4,0.67,0.17,0.36,,,,,,,,,,,,,,,,,,
Philipp Förster,76fa965f,130,deGER,MF,Bochum,27.0,1995.0,25,15,1309.0,14.5,3.0,7.0,10.0,3.0,0.0,0.0,4,0,0.21,0.48,0.69,0.21,0.69,Matches,2022-2023,GER,,19.0,,,,,,,,,,,6.0,,,,,,,,,,,,,,,,,,,,,,,17.0,6.0,35.3,1.17,0.41,0.18,0.5,,,,,,,,,,,,,,,,,,
Timothy Fosu-Mensah,a9142dc3,131,nlNED,MF,Leverkusen,24.0,1998.0,11,1,191.0,2.1,0.0,0.0,0.0,0.0,0.0,0.0,1,0,0.0,0.0,0.0,0.0,0.0,Matches,2022-2023,GER,,5.0,,,,,,,,,,,1.0,,,,,,,,,,,,,,,,,,,,,,,3.0,2.0,66.7,1.41,0.94,0.0,0.0,,,,,,,,,,,,,,,,,,
Raphael Framberger,626fab5f,132,deGER,"MF,DF",Augsburg,26.0,1995.0,3,2,176.0,2.0,0.0,0.0,0.0,0.0,0.0,0.0,0,0,0.0,0.0,0.0,0.0,0.0,Matches,2022-2023,GER,,6.0,,,,,,,,,,,2.0,,,,,,,,,,,,,,,,,,,,,,,0.0,0.0,,0.0,0.0,,,,,,,,,,,,,,,,,,,,
Bartol Franjić,697dc00a,133,hrCRO,MF,Wolfsburg,22.0,2000.0,5,3,227.0,2.5,0.0,1.0,1.0,0.0,0.0,0.0,0,0,0.0,0.4,0.4,0.0,0.4,Matches,2022-2023,GER,,2.0,,,,,,,,,,,5.0,,,,,,,,,,,,,,,,,,,,,,,2.0,2.0,100.0,0.79,0.79,0.0,0.0,,,,,,,,,,,,,,,,,,
Oscar Fraulo,458e3479,134,dkDEN,MF,Gladbach,18.0,2003.0,2,0,8.0,0.1,0.0,0.0,0.0,0.0,0.0,0.0,0,0,0.0,0.0,0.0,0.0,0.0,Matches,2022-2023,GER,,0.0,,,,,,,,,,,0.0,,,,,,,,,,,,,,,,,,,,,,,0.0,0.0,,0.0,0.0,,,,,,,,,,,,,,,,,,,,
Michael Frey,33182cb8,135,chSUI,FW,Schalke 04,28.0,1994.0,15,10,868.0,9.6,0.0,3.0,3.0,0.0,0.0,0.0,2,0,0.0,0.31,0.31,0.0,0.31,Matches,2022-2023,GER,,5.0,,,,,,,,,,,2.0,,,,,,,,,,,,,,,,,,,,,,,27.0,10.0,37.0,2.8,1.04,0.0,0.0,,,,,,,,,,,,,,,,,,
Marco Friedl,f86ad3f5,136,atAUT,DF,Werder Bremen,24.0,1998.0,30,30,2594.0,28.8,0.0,0.0,0.0,0.0,0.0,0.0,8,1,0.0,0.0,0.0,0.0,0.0,Matches,2022-2023,GER,,47.0,,,,,,,,,,,58.0,,,,,,,,,,,,,,,,,,,,,,,6.0,1.0,16.7,0.21,0.03,0.0,0.0,,,,,,,,,,,,,,,,,,
Marvin Friedrich,b77f44a4,137,deGER,DF,Gladbach,26.0,1995.0,23,13,1248.0,13.9,1.0,0.0,1.0,1.0,0.0,0.0,2,0,0.07,0.0,0.07,0.07,0.07,Matches,2022-2023,GER,,12.0,,,,,,,,,,,10.0,,,,,,,,,,,,,,,,,,,,,,,9.0,4.0,44.4,0.65,0.29,0.11,0.25,,,,,,,,,,,,,,,,,,
Jeremie Frimpong,74f2e748,138,nlNED,"MF,DF",Leverkusen,21.0,2000.0,34,32,2708.0,30.1,8.0,7.0,15.0,8.0,0.0,0.0,4,0,0.27,0.23,0.5,0.27,0.5,Matches,2022-2023,GER,,25.0,,,,,,,,,,,18.0,,,,,,,,,,,,,,,,,,,,,,,38.0,19.0,50.0,1.26,0.63,0.21,0.42,,,,,,,,,,,,,,,,,,
Chris Führich,0cf778df,139,deGER,"MF,FW",Stuttgart,24.0,1998.0,33,21,1884.0,20.9,5.0,2.0,7.0,4.0,1.0,1.0,2,0,0.24,0.1,0.33,0.19,0.29,Matches,2022-2023,GER,,14.0,,,,,,,,,,,7.0,,,,,,,,,,,,,,,,,,,,,,,44.0,14.0,31.8,2.1,0.67,0.09,0.29,,,,,,,,,,,,,,,,,,
Angelo Fulgini,4b96c347,140,frFRA,MF,Mainz 05,25.0,1996.0,16,5,525.0,5.8,0.0,1.0,1.0,0.0,0.0,0.0,1,0,0.0,0.17,0.17,0.0,0.17,Matches,2022-2023,GER,,5.0,,,,,,,,,,,5.0,,,,,,,,,,,,,,,,,,,,,,,8.0,4.0,50.0,1.37,0.69,0.0,0.0,,,,,,,,,,,,,,,,,,
Niclas Füllkrug,4f16405e,141,deGER,FW,Werder Bremen,29.0,1993.0,28,28,2477.0,27.5,16.0,5.0,21.0,11.0,5.0,5.0,4,0,0.58,0.18,0.76,0.4,0.58,Matches,2022-2023,GER,,4.0,,,,,,,,,,,1.0,,,,,,,,,,,,,,,,,,,,,,,80.0,37.0,46.3,2.91,1.34,0.14,0.3,,,,,,,,,,,,,,,,,,
Cristian Gamboa,f27680d9,142,crCRC,DF,Bochum,32.0,1989.0,19,17,1477.0,16.4,0.0,0.0,0.0,0.0,0.0,0.0,2,0,0.0,0.0,0.0,0.0,0.0,Matches,2022-2023,GER,,23.0,,,,,,,,,,,17.0,,,,,,,,,,,,,,,,,,,,,,,8.0,1.0,12.5,0.49,0.06,0.0,0.0,,,,,,,,,,,,,,,,,,
Silvère Ganvoula M'Boussy,6c731625,143,cgCGO,FW,Bochum,26.0,1996.0,16,0,247.0,2.7,0.0,0.0,0.0,0.0,0.0,0.0,1,0,0.0,0.0,0.0,0.0,0.0,Matches,2022-2023,GER,,2.0,,,,,,,,,,,0.0,,,,,,,,,,,,,,,,,,,,,,,9.0,3.0,33.3,3.28,1.09,0.0,0.0,,,,,,,,,,,,,,,,,,
Dario Gebuhr,277be51d,144,deGER,DF,Eintracht Frankfurt,19.0,2003.0,1,0,21.0,0.2,0.0,0.0,0.0,0.0,0.0,0.0,0,0,0.0,0.0,0.0,0.0,0.0,Matches,2022-2023,GER,,0.0,,,,,,,,,,,0.0,,,,,,,,,,,,,,,,,,,,,,,0.0,0.0,,0.0,0.0,,,,,,,,,,,,,,,,,,,,
Dennis Geiger,37f606f0,145,deGER,MF,Hoffenheim,24.0,1998.0,27,27,1952.0,21.7,1.0,3.0,4.0,1.0,0.0,0.0,9,0,0.05,0.14,0.18,0.05,0.18,Matches,2022-2023,GER,,27.0,,,,,,,,,,,24.0,,,,,,,,,,,,,,,,,,,,,,,5.0,3.0,60.0,0.23,0.14,0.2,0.33,,,,,,,,,,,,,,,,,,
Yannick Gerhardt,62ab9184,146,deGER,MF,Wolfsburg,28.0,1994.0,29,22,1866.0,20.7,6.0,4.0,10.0,6.0,0.0,0.0,3,0,0.29,0.19,0.48,0.29,0.48,Matches,2022-2023,GER,,15.0,,,,,,,,,,,7.0,,,,,,,,,,,,,,,,,,,,,,,26.0,12.0,46.2,1.25,0.58,0.23,0.5,,,,,,,,,,,,,,,,,,
Niko Gießelmann,7242b495,147,deGER,MF,Union Berlin,30.0,1991.0,26,14,1302.0,14.5,0.0,2.0,2.0,0.0,0.0,0.0,4,0,0.0,0.14,0.14,0.0,0.14,Matches,2022-2023,GER,,12.0,,,,,,,,,,,10.0,,,,,,,,,,,,,,,,,,,,,,,20.0,3.0,15.0,1.38,0.21,0.0,0.0,,,,,,,,,,,,,,,,,,
Rafał Gikiewicz,17376543,148,plPOL,GK,Augsburg,34.0,1987.0,23,23,2070.0,23.0,0.0,0.0,0.0,0.0,0.0,0.0,3,0,0.0,0.0,0.0,0.0,0.0,Matches,2022-2023,GER,,2.0,,,,,,,,,,,0.0,,,,,,,,,,,,,,,,,,,,,,,0.0,0.0,,0.0,0.0,,,23.0,23.0,2070.0,41.0,1.78,134.0,96.0,70.1,8.0,3.0,12.0,5.0,21.7,4.0,1.0,2.0,1.0,66.7
Matthias Ginter,f521b80a,149,deGER,DF,Freiburg,28.0,1994.0,34,34,3060.0,34.0,4.0,1.0,5.0,4.0,0.0,0.0,3,0,0.12,0.03,0.15,0.12,0.15,Matches,2022-2023,GER,,21.0,,,,,,,,,,,37.0,,,,,,,,,,,,,,,,,,,,,,,21.0,12.0,57.1,0.62,0.35,0.19,0.33,,,,,,,,,,,,,,,,,,
Jamie Gittens,10745192,150,engENG,"MF,FW",Dortmund,17.0,2004.0,15,4,533.0,5.9,3.0,1.0,4.0,3.0,0.0,0.0,1,0,0.51,0.17,0.68,0.51,0.68,Matches,2022-2023,GER,,4.0,,,,,,,,,,,1.0,,,,,,,,,,,,,,,,,,,,,,,24.0,11.0,45.8,4.05,1.86,0.13,0.27,,,,,,,,,,,,,,,,,,
Serge Gnabry,88e357ef,151,deGER,"MF,FW",Bayern Munich,27.0,1995.0,34,22,1941.0,21.6,14.0,5.0,19.0,13.0,1.0,1.0,0,0,0.65,0.23,0.88,0.6,0.83,Matches,2022-2023,GER,,24.0,,,,,,,,,,,10.0,,,,,,,,,,,,,,,,,,,,,,,82.0,41.0,50.0,3.8,1.9,0.16,0.32,,,,,,,,,,,,,,,,,,
Jacek Góralski,83b9c48f,152,plPOL,MF,Bochum,29.0,1992.0,4,2,146.0,1.6,0.0,0.0,0.0,0.0,0.0,0.0,0,0,0.0,0.0,0.0,0.0,0.0,Matches,2022-2023,GER,,3.0,,,,,,,,,,,3.0,,,,,,,,,,,,,,,,,,,,,,,0.0,0.0,,0.0,0.0,,,,,,,,,,,,,,,,,,,,
Leon Goretzka,cc86b9a3,153,deGER,MF,Bayern Munich,27.0,1995.0,27,22,1728.0,19.2,3.0,2.0,5.0,3.0,0.0,0.0,5,0,0.16,0.1,0.26,0.16,0.26,Matches,2022-2023,GER,,24.0,,,,,,,,,,,29.0,,,,,,,,,,,,,,,,,,,,,,,40.0,13.0,32.5,2.08,0.68,0.08,0.23,,,,,,,,,,,,,,,,,,
Mario Götze,9efa1d25,154,deGER,MF,Eintracht Frankfurt,30.0,1992.0,32,32,2740.0,30.4,3.0,1.0,4.0,3.0,0.0,0.0,6,0,0.1,0.03,0.13,0.1,0.13,Matches,2022-2023,GER,,24.0,,,,,,,,,,,13.0,,,,,,,,,,,,,,,,,,,,,,,26.0,9.0,34.6,0.85,0.3,0.12,0.33,,,,,,,,,,,,,,,,,,
Jeffrey Gouweleeuw,1025db8e,155,nlNED,DF,Augsburg,31.0,1991.0,32,32,2795.0,31.1,0.0,1.0,1.0,0.0,0.0,0.0,12,0,0.0,0.03,0.03,0.0,0.03,Matches,2022-2023,GER,,27.0,,,,,,,,,,,51.0,,,,,,,,,,,,,,,,,,,,,,,15.0,5.0,33.3,0.48,0.16,0.0,0.0,,,,,,,,,,,,,,,,,,
Ryan Gravenberch,b8e740fb,156,nlNED,MF,Bayern Munich,20.0,2002.0,24,3,576.0,6.4,0.0,0.0,0.0,0.0,0.0,0.0,1,0,0.0,0.0,0.0,0.0,0.0,Matches,2022-2023,GER,,8.0,,,,,,,,,,,10.0,,,,,,,,,,,,,,,,,,,,,,,11.0,3.0,27.3,1.72,0.47,0.0,0.0,,,,,,,,,,,,,,,,,,
Michael Gregoritsch,8e235926,157,atAUT,FW,Freiburg,28.0,1994.0,30,27,2150.0,23.9,10.0,4.0,14.0,10.0,0.0,0.0,6,0,0.42,0.17,0.59,0.42,0.59,Matches,2022-2023,GER,,13.0,,,,,,,,,,,4.0,,,,,,,,,,,,,,,,,,,,,,,67.0,37.0,55.2,2.8,1.55,0.15,0.27,,,,,,,,,,,,,,,,,,
Leo Greiml,f9dfb7ae,158,atAUT,DF,Schalke 04,21.0,2001.0,7,3,358.0,4.0,0.0,0.0,0.0,0.0,0.0,0.0,2,0,0.0,0.0,0.0,0.0,0.0,Matches,2022-2023,GER,,5.0,,,,,,,,,,,1.0,,,,,,,,,,,,,,,,,,,,,,,1.0,1.0,100.0,0.25,0.25,0.0,0.0,,,,,,,,,,,,,,,,,,
Vincenzo Grifo,54e4866f,159,itITA,"MF,FW",Freiburg,29.0,1993.0,33,30,2408.0,26.8,15.0,5.0,20.0,8.0,7.0,8.0,2,0,0.56,0.19,0.75,0.3,0.49,Matches,2022-2023,GER,,18.0,,,,,,,,,,,17.0,,,,,,,,,,,,,,,,,,,,,,,66.0,33.0,50.0,2.47,1.23,0.12,0.24,,,,,,,,,,,,,,,,,,
Lennart Grill,37998008,160,deGER,GK,Union Berlin,23.0,1999.0,5,5,450.0,5.0,0.0,0.0,0.0,0.0,0.0,0.0,0,0,0.0,0.0,0.0,0.0,0.0,Matches,2022-2023,GER,,0.0,,,,,,,,,,,0.0,,,,,,,,,,,,,,,,,,,,,,,0.0,0.0,,0.0,0.0,,,5.0,5.0,450.0,11.0,2.2,23.0,14.0,60.9,2.0,1.0,2.0,2.0,40.0,2.0,2.0,0.0,0.0,0.0
Christian Groß,14a7af33,161,deGER,MF,Werder Bremen,33.0,1989.0,26,23,1886.0,21.0,1.0,1.0,2.0,1.0,0.0,0.0,4,0,0.05,0.05,0.1,0.05,0.1,Matches,2022-2023,GER,,28.0,,,,,,,,,,,24.0,,,,,,,,,,,,,,,,,,,,,,,5.0,1.0,20.0,0.24,0.05,0.2,1.0,,,,,,,,,,,,,,,,,,
Brajan Gruda,ae9b998d,162,deGER,MF,Mainz 05,18.0,2004.0,2,0,4.0,0.0,0.0,0.0,0.0,0.0,0.0,0.0,0,0,0.0,0.0,0.0,0.0,0.0,Matches,2022-2023,GER,,0.0,,,,,,,,,,,0.0,,,,,,,,,,,,,,,,,,,,,,,0.0,0.0,,0.0,0.0,,,,,,,,,,,,,,,,,,,,
Ilia Gruev,1fc4f3d1,163,bgBUL,MF,Werder Bremen,22.0,2000.0,31,18,1584.0,17.6,0.0,0.0,0.0,0.0,0.0,0.0,2,0,0.0,0.0,0.0,0.0,0.0,Matches,2022-2023,GER,,30.0,,,,,,,,,,,21.0,,,,,,,,,,,,,,,,,,,,,,,6.0,1.0,16.7,0.34,0.06,0.0,0.0,,,,,,,,,,,,,,,,,,
Carlos Gruezo,f2dd9a21,164,ecECU,MF,Augsburg,27.0,1995.0,13,12,961.0,10.7,0.0,0.0,0.0,0.0,0.0,0.0,5,0,0.0,0.0,0.0,0.0,0.0,Matches,2022-2023,GER,,11.0,,,,,,,,,,,11.0,,,,,,,,,,,,,,,,,,,,,,,2.0,0.0,0.0,0.19,0.0,0.0,,,,,,,,,,,,,,,,,,,
Raphaël Guerreiro,048a1cbc,165,ptPOR,"DF,MF",Dortmund,28.0,1993.0,27,26,2290.0,25.4,4.0,12.0,16.0,4.0,0.0,0.0,4,0,0.16,0.47,0.63,0.16,0.63,Matches,2022-2023,GER,,22.0,,,,,,,,,,,35.0,,,,,,,,,,,,,,,,,,,,,,,33.0,15.0,45.5,1.3,0.59,0.12,0.27,,,,,,,,,,,,,,,,,,
Josuha Guilavogui,e6c43eec,166,frFRA,"DF,MF",Wolfsburg,31.0,1990.0,23,11,1180.0,13.1,1.0,0.0,1.0,1.0,0.0,0.0,4,0,0.08,0.0,0.08,0.08,0.08,Matches,2022-2023,GER,,12.0,,,,,,,,,,,23.0,,,,,,,,,,,,,,,,,,,,,,,6.0,2.0,33.3,0.46,0.15,0.17,0.5,,,,,,,,,,,,,,,,,,
Serhou Guirassy,923f4dda,167,gnGUI,FW,Stuttgart,26.0,1996.0,22,20,1646.0,18.3,11.0,0.0,11.0,9.0,2.0,2.0,4,1,0.6,0.0,0.6,0.49,0.49,Matches,2022-2023,GER,,3.0,,,,,,,,,,,0.0,,,,,,,,,,,,,,,,,,,,,,,49.0,21.0,42.9,2.68,1.15,0.18,0.43,,,,,,,,,,,,,,,,,,
Péter Gulácsi,bcb2ccd8,168,huHUN,GK,RB Leipzig,32.0,1990.0,6,6,540.0,6.0,0.0,0.0,0.0,0.0,0.0,0.0,0,0,0.0,0.0,0.0,0.0,0.0,Matches,2022-2023,GER,,0.0,,,,,,,,,,,0.0,,,,,,,,,,,,,,,,,,,,,,,0.0,0.0,,0.0,0.0,,,6.0,6.0,540.0,10.0,1.67,26.0,17.0,65.4,2.0,2.0,2.0,2.0,33.3,1.0,1.0,0.0,0.0,0.0
Manuel Gulde,25ab9c9c,169,deGER,DF,Freiburg,31.0,1991.0,15,8,643.0,7.1,1.0,0.0,1.0,1.0,0.0,0.0,2,0,0.14,0.0,0.14,0.14,0.14,Matches,2022-2023,GER,,8.0,,,,,,,,,,,17.0,,,,,,,,,,,,,,,,,,,,,,,2.0,1.0,50.0,0.28,0.14,0.5,1.0,,,,,,,,,,,,,,,,,,
Robert Gumny,1df0c0b9,170,plPOL,DF,Augsburg,24.0,1998.0,29,23,2015.0,22.4,1.0,2.0,3.0,1.0,0.0,0.0,5,1,0.04,0.09,0.13,0.04,0.13,Matches,2022-2023,GER,,25.0,,,,,,,,,,,25.0,,,,,,,,,,,,,,,,,,,,,,,9.0,3.0,33.3,0.4,0.13,0.11,0.33,,,,,,,,,,,,,,,,,,
Christian Günter,8593f88c,171,deGER,"DF,MF",Freiburg,29.0,1993.0,33,31,2748.0,30.5,1.0,4.0,5.0,1.0,0.0,0.0,5,0,0.03,0.13,0.16,0.03,0.16,Matches,2022-2023,GER,,22.0,,,,,,,,,,,18.0,,,,,,,,,,,,,,,,,,,,,,,27.0,7.0,25.9,0.88,0.23,0.04,0.14,,,,,,,,,,,,,,,,,,
Joško Gvardiol,5ad50391,172,hrCRO,DF,RB Leipzig,20.0,2002.0,30,24,2170.0,24.1,1.0,0.0,1.0,1.0,0.0,0.0,2,0,0.04,0.0,0.04,0.04,0.04,Matches,2022-2023,GER,,19.0,,,,,,,,,,,37.0,,,,,,,,,,,,,,,,,,,,,,,14.0,4.0,28.6,0.58,0.17,0.07,0.25,,,,,,,,,,,,,,,,,,
Janik Haberer,70dcf94d,173,deGER,MF,Union Berlin,28.0,1994.0,32,30,2187.0,24.3,5.0,1.0,6.0,5.0,0.0,0.0,1,0,0.21,0.04,0.25,0.21,0.25,Matches,2022-2023,GER,,19.0,,,,,,,,,,,15.0,,,,,,,,,,,,,,,,,,,,,,,32.0,14.0,43.8,1.32,0.58,0.16,0.36,,,,,,,,,,,,,,,,,,
Alexander Hack,a5ec3ede,174,deGER,DF,Mainz 05,28.0,1993.0,19,14,1132.0,12.6,0.0,0.0,0.0,0.0,0.0,0.0,2,1,0.0,0.0,0.0,0.0,0.0,Matches,2022-2023,GER,,17.0,,,,,,,,,,,21.0,,,,,,,,,,,,,,,,,,,,,,,4.0,1.0,25.0,0.32,0.08,0.0,0.0,,,,,,,,,,,,,,,,,,
André Hahn,cd82452e,175,deGER,"MF,FW",Augsburg,31.0,1990.0,7,4,391.0,4.3,2.0,0.0,2.0,2.0,0.0,0.0,1,0,0.46,0.0,0.46,0.46,0.46,Matches,2022-2023,GER,,6.0,,,,,,,,,,,4.0,,,,,,,,,,,,,,,,,,,,,,,7.0,2.0,28.6,1.61,0.46,0.29,1.0,,,,,,,,,,,,,,,,,,
Amadou Haidara,92432bc6,176,mlMLI,MF,RB Leipzig,24.0,1998.0,31,15,1430.0,15.9,2.0,1.0,3.0,2.0,0.0,0.0,7,0,0.13,0.06,0.19,0.13,0.19,Matches,2022-2023,GER,,11.0,,,,,,,,,,,24.0,,,,,,,,,,,,,,,,,,,,,,,19.0,6.0,31.6,1.2,0.38,0.11,0.33,,,,,,,,,,,,,,,,,,
Sébastien Haller,ba115a40,177,ciCIV,FW,Dortmund,28.0,1994.0,19,15,1225.0,13.6,9.0,3.0,12.0,9.0,0.0,1.0,1,0,0.66,0.22,0.88,0.66,0.88,Matches,2022-2023,GER,,4.0,,,,,,,,,,,1.0,,,,,,,,,,,,,,,,,,,,,,,34.0,20.0,58.8,2.5,1.47,0.26,0.45,,,,,,,,,,,,,,,,,,
Marcel Halstenberg,8ff2354e,178,deGER,"DF,MF",RB Leipzig,30.0,1991.0,31,17,1557.0,17.3,1.0,1.0,2.0,1.0,0.0,0.0,2,0,0.06,0.06,0.12,0.06,0.12,Matches,2022-2023,GER,,17.0,,,,,,,,,,,19.0,,,,,,,,,,,,,,,,,,,,,,,9.0,4.0,44.4,0.52,0.23,0.11,0.25,,,,,,,,,,,,,,,,,,
Andreas Hanche-Olsen,2e77d607,179,noNOR,DF,Mainz 05,25.0,1997.0,17,17,1497.0,16.6,1.0,3.0,4.0,1.0,0.0,0.0,5,0,0.06,0.18,0.24,0.06,0.24,Matches,2022-2023,GER,,22.0,,,,,,,,,,,31.0,,,,,,,,,,,,,,,,,,,,,,,7.0,2.0,28.6,0.42,0.12,0.14,0.5,,,,,,,,,,,,,,,,,,
Genki Haraguchi,f24ea523,180,jpJPN,MF,Stuttgart,31.0,1991.0,11,9,748.0,8.3,0.0,2.0,2.0,0.0,0.0,0.0,1,0,0.0,0.24,0.24,0.0,0.24,Matches,2022-2023,GER,,8.0,,,,,,,,,,,6.0,,,,,,,,,,,,,,,,,,,,,,,5.0,1.0,20.0,0.6,0.12,0.0,0.0,,,,,,,,,,,,,,,,,,
Genki Haraguchi,f24ea523,181,jpJPN,MF,Union Berlin,31.0,1991.0,11,6,498.0,5.5,0.0,0.0,0.0,0.0,0.0,0.0,0,0,0.0,0.0,0.0,0.0,0.0,Matches,2022-2023,GER,,9.0,,,,,,,,,,,3.0,,,,,,,,,,,,,,,,,,,,,,,6.0,1.0,16.7,1.08,0.18,0.0,0.0,,,,,,,,,,,,,,,,,,
Makoto Hasebe,9ab16552,182,jpJPN,DF,Eintracht Frankfurt,38.0,1984.0,18,15,1306.0,14.5,0.0,0.0,0.0,0.0,0.0,0.0,1,0,0.0,0.0,0.0,0.0,0.0,Matches,2022-2023,GER,,12.0,,,,,,,,,,,17.0,,,,,,,,,,,,,,,,,,,,,,,0.0,0.0,,0.0,0.0,,,,,,,,,,,,,,,,,,,,
Thorgan Hazard,50871bcc,183,beBEL,"MF,DF",Dortmund,29.0,1993.0,14,2,464.0,5.2,0.0,0.0,0.0,0.0,0.0,0.0,1,0,0.0,0.0,0.0,0.0,0.0,Matches,2022-2023,GER,,5.0,,,,,,,,,,,4.0,,,,,,,,,,,,,,,,,,,,,,,8.0,3.0,37.5,1.55,0.58,0.0,0.0,,,,,,,,,,,,,,,,,,
Jonas Hector,c2009df3,184,deGER,DF,Köln,32.0,1990.0,32,32,2824.0,31.4,0.0,2.0,2.0,0.0,0.0,0.0,3,0,0.0,0.06,0.06,0.0,0.06,Matches,2022-2023,GER,,67.0,,,,,,,,,,,35.0,,,,,,,,,,,,,,,,,,,,,,,25.0,5.0,20.0,0.8,0.16,0.0,0.0,,,,,,,,,,,,,,,,,,
Dominique Heintz,699fb8db,185,deGER,DF,Bochum,28.0,1993.0,11,8,795.0,8.8,0.0,0.0,0.0,0.0,0.0,0.0,1,0,0.0,0.0,0.0,0.0,0.0,Matches,2022-2023,GER,,8.0,,,,,,,,,,,9.0,,,,,,,,,,,,,,,,,,,,,,,4.0,1.0,25.0,0.45,0.11,0.0,0.0,,,,,,,,,,,,,,,,,,
Benjamin Henrichs,0a89e877,186,deGER,"DF,MF",RB Leipzig,25.0,1997.0,30,23,2188.0,24.3,2.0,2.0,4.0,2.0,0.0,0.0,8,0,0.08,0.08,0.16,0.08,0.16,Matches,2022-2023,GER,,45.0,,,,,,,,,,,33.0,,,,,,,,,,,,,,,,,,,,,,,31.0,4.0,12.9,1.28,0.16,0.06,0.5,,,,,,,,,,,,,,,,,,
Lucas Hernández,c3ee18ef,187,frFRA,DF,Bayern Munich,26.0,1996.0,7,6,476.0,5.3,0.0,0.0,0.0,0.0,0.0,0.0,1,0,0.0,0.0,0.0,0.0,0.0,Matches,2022-2023,GER,,4.0,,,,,,,,,,,5.0,,,,,,,,,,,,,,,,,,,,,,,0.0,0.0,,0.0,0.0,,,,,,,,,,,,,,,,,,,,
Patrick Herrmann,dfb6490a,188,deGER,"FW,MF",Gladbach,31.0,1991.0,21,0,164.0,1.8,1.0,0.0,1.0,1.0,0.0,0.0,2,0,0.55,0.0,0.55,0.55,0.55,Matches,2022-2023,GER,,2.0,,,,,,,,,,,1.0,,,,,,,,,,,,,,,,,,,,,,,6.0,2.0,33.3,3.29,1.1,0.17,0.5,,,,,,,,,,,,,,,,,,
Piero Hincapié,0c7a48f8,189,ecECU,"DF,MF",Leverkusen,20.0,2002.0,30,27,2457.0,27.3,1.0,1.0,2.0,1.0,0.0,0.0,13,3,0.04,0.04,0.07,0.04,0.07,Matches,2022-2023,GER,,35.0,,,,,,,,,,,31.0,,,,,,,,,,,,,,,,,,,,,,,17.0,6.0,35.3,0.62,0.22,0.06,0.17,,,,,,,,,,,,,,,,,,
Adam Hložek,5521f419,190,czCZE,"FW,MF",Leverkusen,20.0,2002.0,29,16,1286.0,14.3,5.0,3.0,8.0,5.0,0.0,0.0,2,0,0.35,0.21,0.56,0.35,0.56,Matches,2022-2023,GER,,4.0,,,,,,,,,,,6.0,,,,,,,,,,,,,,,,,,,,,,,30.0,11.0,36.7,2.1,0.77,0.17,0.45,,,,,,,,,,,,,,,,,,
Nicolas Höfler,5d8e331f,191,deGER,MF,Freiburg,32.0,1990.0,32,32,2816.0,31.3,0.0,1.0,1.0,0.0,0.0,0.0,9,1,0.0,0.03,0.03,0.0,0.03,Matches,2022-2023,GER,,39.0,,,,,,,,,,,55.0,,,,,,,,,,,,,,,,,,,,,,,21.0,5.0,23.8,0.67,0.16,0.0,0.0,,,,,,,,,,,,,,,,,,
Jonas Hofmann,2903a856,192,deGER,MF,Gladbach,30.0,1992.0,31,30,2680.0,29.8,12.0,9.0,21.0,12.0,0.0,1.0,2,0,0.4,0.3,0.71,0.4,0.71,Matches,2022-2023,GER,,17.0,,,,,,,,,,,14.0,,,,,,,,,,,,,,,,,,,,,,,45.0,24.0,53.3,1.51,0.81,0.27,0.5,,,,,,,,,,,,,,,,,,
Philipp Hofmann,877bc844,193,deGER,FW,Bochum,29.0,1993.0,34,31,2631.0,29.2,8.0,2.0,10.0,8.0,0.0,0.0,5,0,0.27,0.07,0.34,0.27,0.34,Matches,2022-2023,GER,,11.0,,,,,,,,,,,6.0,,,,,,,,,,,,,,,,,,,,,,,52.0,21.0,40.4,1.78,0.72,0.15,0.38,,,,,,,,,,,,,,,,,,
Lucas Höler,ca618d23,194,deGER,"FW,MF",Freiburg,28.0,1994.0,26,16,1503.0,16.7,5.0,2.0,7.0,5.0,0.0,0.0,1,0,0.3,0.12,0.42,0.3,0.42,Matches,2022-2023,GER,,14.0,,,,,,,,,,,8.0,,,,,,,,,,,,,,,,,,,,,,,30.0,15.0,50.0,1.8,0.9,0.17,0.33,,,,,,,,,,,,,,,,,,
Gerrit Holtmann,2979c05a,195,phPHI,"MF,FW",Bochum,27.0,1995.0,23,8,945.0,10.5,1.0,1.0,2.0,1.0,0.0,0.0,0,0,0.1,0.1,0.19,0.1,0.19,Matches,2022-2023,GER,,8.0,,,,,,,,,,,3.0,,,,,,,,,,,,,,,,,,,,,,,31.0,14.0,45.2,2.95,1.33,0.03,0.07,,,,,,,,,,,,,,,,,,
Jannes Horn,2b83fa49,196,deGER,DF,Bochum,25.0,1997.0,2,1,59.0,0.7,0.0,0.0,0.0,0.0,0.0,0.0,1,0,0.0,0.0,0.0,0.0,0.0,Matches,2022-2023,GER,,1.0,,,,,,,,,,,3.0,,,,,,,,,,,,,,,,,,,,,,,0.0,0.0,,0.0,0.0,,,,,,,,,,,,,,,,,,,,
Lukáš Hrádecký,ad3389d5,197,fiFIN,GK,Leverkusen,32.0,1989.0,33,33,2969.0,33.0,0.0,0.0,0.0,0.0,0.0,0.0,0,1,0.0,0.0,0.0,0.0,0.0,Matches,2022-2023,GER,,0.0,,,,,,,,,,,0.0,,,,,,,,,,,,,,,,,,,,,,,0.0,0.0,,0.0,0.0,,,33.0,33.0,2969.0,47.0,1.42,138.0,97.0,71.0,14.0,8.0,11.0,9.0,27.3,7.0,7.0,0.0,0.0,0.0
Timo Hübers,94302c52,198,deGER,DF,Köln,26.0,1996.0,29,28,2559.0,28.4,3.0,0.0,3.0,3.0,0.0,0.0,8,0,0.11,0.0,0.11,0.11,0.11,Matches,2022-2023,GER,,29.0,,,,,,,,,,,50.0,,,,,,,,,,,,,,,,,,,,,,,15.0,7.0,46.7,0.53,0.25,0.2,0.43,,,,,,,,,,,,,,,,,,
Callum Hudson-Odoi,15f3ec41,199,engENG,"MF,FW",Leverkusen,21.0,2000.0,14,7,605.0,6.7,0.0,1.0,1.0,0.0,0.0,0.0,0,0,0.0,0.15,0.15,0.0,0.15,Matches,2022-2023,GER,,3.0,,,,,,,,,,,2.0,,,,,,,,,,,,,,,,,,,,,,,4.0,1.0,25.0,0.6,0.15,0.0,0.0,,,,,,,,,,,,,,,,,,
Mats Hummels,05d548d8,200,deGER,DF,Dortmund,33.0,1988.0,30,24,2018.0,22.4,1.0,0.0,1.0,1.0,0.0,0.0,4,0,0.04,0.0,0.04,0.04,0.04,Matches,2022-2023,GER,,39.0,,,,,,,,,,,34.0,,,,,,,,,,,,,,,,,,,,,,,17.0,3.0,17.6,0.76,0.13,0.06,0.33,,,,,,,,,,,,,,,,,,
Denis Huseinbasic,b116c6e3,201,baBIH,"MF,FW",Köln,21.0,2001.0,24,7,791.0,8.8,4.0,1.0,5.0,4.0,0.0,0.0,3,0,0.46,0.11,0.57,0.46,0.57,Matches,2022-2023,GER,,11.0,,,,,,,,,,,3.0,,,,,,,,,,,,,,,,,,,,,,,16.0,4.0,25.0,1.82,0.46,0.25,1.0,,,,,,,,,,,,,,,,,,
Iago,054849d2,202,brBRA,"DF,MF",Augsburg,25.0,1997.0,22,19,1600.0,17.8,0.0,2.0,2.0,0.0,0.0,0.0,6,1,0.0,0.11,0.11,0.0,0.11,Matches,2022-2023,GER,,16.0,,,,,,,,,,,20.0,,,,,,,,,,,,,,,,,,,,,,,9.0,0.0,0.0,0.51,0.0,0.0,,,,,,,,,,,,,,,,,,,
Arijon Ibrahimović,f5c4fd91,203,deGER,MF,Bayern Munich,16.0,2005.0,1,0,14.0,0.2,0.0,0.0,0.0,0.0,0.0,0.0,0,0,0.0,0.0,0.0,0.0,0.0,Matches,2022-2023,GER,,1.0,,,,,,,,,,,0.0,,,,,,,,,,,,,,,,,,,,,,,2.0,2.0,100.0,12.86,12.86,0.0,0.0,,,,,,,,,,,,,,,,,,
Marcus Ingvartsen,271b8617,204,dkDEN,"MF,FW",Mainz 05,26.0,1996.0,28,16,1314.0,14.6,10.0,0.0,10.0,6.0,4.0,4.0,2,0,0.68,0.0,0.68,0.41,0.41,Matches,2022-2023,GER,,0.0,,,,,,,,,,,5.0,,,,,,,,,,,,,,,,,,,,,,,36.0,17.0,47.2,2.47,1.16,0.17,0.35,,,,,,,,,,,,,,,,,,
Ko Itakura,97d545ae,205,jpJPN,DF,Gladbach,25.0,1997.0,24,22,1981.0,22.0,0.0,2.0,2.0,0.0,0.0,0.0,1,2,0.0,0.09,0.09,0.0,0.09,Matches,2022-2023,GER,,17.0,,,,,,,,,,,27.0,,,,,,,,,,,,,,,,,,,,,,,11.0,4.0,36.4,0.5,0.18,0.0,0.0,,,,,,,,,,,,,,,,,,
Hiroki Ito,204dded0,206,jpJPN,DF,Stuttgart,23.0,1999.0,30,29,2561.0,28.5,1.0,1.0,2.0,1.0,0.0,0.0,5,0,0.04,0.04,0.07,0.04,0.07,Matches,2022-2023,GER,,30.0,,,,,,,,,,,37.0,,,,,,,,,,,,,,,,,,,,,,,21.0,7.0,33.3,0.74,0.25,0.05,0.14,,,,,,,,,,,,,,,,,,
Andreas Ivan,8bf58a80,207,roROU,MF,Schalke 04,27.0,1995.0,1,0,46.0,0.5,0.0,0.0,0.0,0.0,0.0,0.0,0,0,0.0,0.0,0.0,0.0,0.0,Matches,2022-2023,GER,,0.0,,,,,,,,,,,0.0,,,,,,,,,,,,,,,,,,,,,,,1.0,0.0,0.0,1.96,0.0,0.0,,,,,,,,,,,,,,,,,,,
Lee Jae-sung,34b0387f,208,krKOR,MF,Mainz 05,29.0,1992.0,34,24,1894.0,21.0,7.0,5.0,12.0,7.0,0.0,0.0,2,0,0.33,0.24,0.57,0.33,0.57,Matches,2022-2023,GER,,18.0,,,,,,,,,,,17.0,,,,,,,,,,,,,,,,,,,,,,,35.0,17.0,48.6,1.66,0.81,0.2,0.41,,,,,,,,,,,,,,,,,,
Paul Jaeckel,a93b6f4e,209,deGER,DF,Union Berlin,24.0,1998.0,16,13,1196.0,13.3,1.0,0.0,1.0,1.0,0.0,0.0,4,1,0.08,0.0,0.08,0.08,0.08,Matches,2022-2023,GER,,17.0,,,,,,,,,,,19.0,,,,,,,,,,,,,,,,,,,,,,,2.0,2.0,100.0,0.15,0.15,0.5,0.5,,,,,,,,,,,,,,,,,,
Kristijan Jakić,a8ee54ad,210,hrCRO,"DF,MF",Eintracht Frankfurt,25.0,1997.0,24,17,1460.0,16.2,1.0,0.0,1.0,1.0,0.0,0.0,4,0,0.06,0.0,0.06,0.06,0.06,Matches,2022-2023,GER,,23.0,,,,,,,,,,,16.0,,,,,,,,,,,,,,,,,,,,,,,8.0,4.0,50.0,0.49,0.25,0.13,0.25,,,,,,,,,,,,,,,,,,
Saidy Janko,689c9cf4,211,gmGAM,DF,Bochum,26.0,1995.0,20,12,1134.0,12.6,0.0,0.0,0.0,0.0,0.0,0.0,1,0,0.0,0.0,0.0,0.0,0.0,Matches,2022-2023,GER,,15.0,,,,,,,,,,,9.0,,,,,,,,,,,,,,,,,,,,,,,1.0,0.0,0.0,0.08,0.0,0.0,,,,,,,,,,,,,,,,,,,
Tony Jantschke,34b54da7,212,deGER,DF,Gladbach,32.0,1990.0,8,1,99.0,1.1,0.0,0.0,0.0,0.0,0.0,0.0,0,0,0.0,0.0,0.0,0.0,0.0,Matches,2022-2023,GER,,1.0,,,,,,,,,,,0.0,,,,,,,,,,,,,,,,,,,,,,,0.0,0.0,,0.0,0.0,,,,,,,,,,,,,,,,,,,,
Fredrik Jensen,3eeb80e0,213,fiFIN,"FW,MF",Augsburg,24.0,1997.0,20,8,924.0,10.3,2.0,1.0,3.0,2.0,0.0,0.0,1,0,0.19,0.1,0.29,0.19,0.29,Matches,2022-2023,GER,,11.0,,,,,,,,,,,4.0,,,,,,,,,,,,,,,,,,,,,,,11.0,3.0,27.3,1.07,0.29,0.18,0.67,,,,,,,,,,,,,,,,,,
Moritz Jenz,ee644761,214,deGER,DF,Schalke 04,23.0,1999.0,11,11,945.0,10.5,0.0,0.0,0.0,0.0,0.0,0.0,5,0,0.0,0.0,0.0,0.0,0.0,Matches,2022-2023,GER,,10.0,,,,,,,,,,,9.0,,,,,,,,,,,,,,,,,,,,,,,10.0,3.0,30.0,0.95,0.29,0.0,0.0,,,,,,,,,,,,,,,,,,
Stevan Jovetić,f36c432f,215,meMNE,FW,Hertha BSC,32.0,1989.0,17,8,892.0,9.9,4.0,2.0,6.0,4.0,0.0,0.0,0,0,0.4,0.2,0.61,0.4,0.61,Matches,2022-2023,GER,,3.0,,,,,,,,,,,1.0,,,,,,,,,,,,,,,,,,,,,,,27.0,6.0,22.2,2.72,0.61,0.15,0.67,,,,,,,,,,,,,,,,,,
Anthony Jung,de838f86,216,deGER,MF,Werder Bremen,30.0,1991.0,34,32,2617.0,29.1,2.0,5.0,7.0,2.0,0.0,0.0,2,0,0.07,0.17,0.24,0.07,0.24,Matches,2022-2023,GER,,26.0,,,,,,,,,,,25.0,,,,,,,,,,,,,,,,,,,,,,,17.0,6.0,35.3,0.58,0.21,0.12,0.33,,,,,,,,,,,,,,,,,,
Josip Juranović,0a084b35,217,hrCRO,MF,Union Berlin,26.0,1995.0,12,10,935.0,10.4,2.0,1.0,3.0,1.0,1.0,1.0,0,0,0.19,0.1,0.29,0.1,0.19,Matches,2022-2023,GER,,8.0,,,,,,,,,,,6.0,,,,,,,,,,,,,,,,,,,,,,,7.0,2.0,28.6,0.67,0.19,0.14,0.5,,,,,,,,,,,,,,,,,,
Ozan Kabak,2d61d13a,218,trTUR,DF,Hoffenheim,22.0,2000.0,30,28,2388.0,26.5,2.0,2.0,4.0,2.0,0.0,0.0,12,2,0.08,0.08,0.15,0.08,0.15,Matches,2022-2023,GER,,35.0,,,,,,,,,,,41.0,,,,,,,,,,,,,,,,,,,,,,,24.0,6.0,25.0,0.9,0.23,0.08,0.33,,,,,,,,,,,,,,,,,,
Pavel Kadeřábek,79c90e45,219,czCZE,MF,Hoffenheim,30.0,1992.0,26,17,1665.0,18.5,1.0,1.0,2.0,1.0,0.0,0.0,1,0,0.05,0.05,0.11,0.05,0.11,Matches,2022-2023,GER,,21.0,,,,,,,,,,,14.0,,,,,,,,,,,,,,,,,,,,,,,8.0,1.0,12.5,0.43,0.05,0.13,1.0,,,,,,,,,,,,,,,,,,
Florian Kainz,94c18565,220,atAUT,MF,Köln,29.0,1992.0,32,31,2344.0,26.0,6.0,10.0,16.0,3.0,3.0,3.0,6,1,0.23,0.38,0.61,0.12,0.5,Matches,2022-2023,GER,,10.0,,,,,,,,,,,35.0,,,,,,,,,,,,,,,,,,,,,,,54.0,22.0,40.7,2.07,0.84,0.06,0.14,,,,,,,,,,,,,,,,,,
Sasa Kalajdzic,15f24fe7,221,atAUT,FW,Stuttgart,25.0,1997.0,3,3,233.0,2.6,0.0,3.0,3.0,0.0,0.0,0.0,1,0,0.0,1.16,1.16,0.0,1.16,Matches,2022-2023,GER,,2.0,,,,,,,,,,,0.0,,,,,,,,,,,,,,,,,,,,,,,5.0,1.0,20.0,1.93,0.39,0.0,0.0,,,,,,,,,,,,,,,,,,
Daichi Kamada,15b287da,222,jpJPN,MF,Eintracht Frankfurt,25.0,1996.0,32,25,2265.0,25.2,9.0,6.0,15.0,6.0,3.0,3.0,3,0,0.36,0.24,0.6,0.24,0.48,Matches,2022-2023,GER,,33.0,,,,,,,,,,,17.0,,,,,,,,,,,,,,,,,,,,,,,44.0,15.0,34.1,1.75,0.6,0.14,0.4,,,,,,,,,,,,,,,,,,
Jakub Kamiński,202b3b68,223,plPOL,"MF,FW",Wolfsburg,20.0,2002.0,31,25,2058.0,22.9,4.0,2.0,6.0,4.0,0.0,0.0,0,0,0.17,0.09,0.26,0.17,0.26,Matches,2022-2023,GER,,26.0,,,,,,,,,,,8.0,,,,,,,,,,,,,,,,,,,,,,,39.0,16.0,41.0,1.71,0.7,0.1,0.25,,,,,,,,,,,,,,,,,,
Marcin Kamiński,463503e2,224,plPOL,DF,Schalke 04,30.0,1992.0,8,7,632.0,7.0,2.0,0.0,2.0,2.0,0.0,0.0,0,0,0.28,0.0,0.28,0.28,0.28,Matches,2022-2023,GER,,4.0,,,,,,,,,,,9.0,,,,,,,,,,,,,,,,,,,,,,,4.0,2.0,50.0,0.57,0.28,0.5,1.0,,,,,,,,,,,,,,,,,,
Kevin Kampl,b825a650,225,siSVN,MF,RB Leipzig,31.0,1990.0,30,16,1372.0,15.2,2.0,2.0,4.0,2.0,0.0,0.0,8,0,0.13,0.13,0.26,0.13,0.26,Matches,2022-2023,GER,,10.0,,,,,,,,,,,22.0,,,,,,,,,,,,,,,,,,,,,,,7.0,2.0,28.6,0.46,0.13,0.29,1.0,,,,,,,,,,,,,,,,,,
Wilfried Kanga,b4c816a9,226,ciCIV,FW,Hertha BSC,24.0,1998.0,23,15,1417.0,15.7,2.0,0.0,2.0,2.0,0.0,0.0,3,0,0.13,0.0,0.13,0.13,0.13,Matches,2022-2023,GER,,4.0,,,,,,,,,,,2.0,,,,,,,,,,,,,,,,,,,,,,,25.0,9.0,36.0,1.59,0.57,0.08,0.22,,,,,,,,,,,,,,,,,,
Kenan Karaman,8f0f2230,227,trTUR,"MF,FW",Schalke 04,28.0,1994.0,21,10,976.0,10.8,1.0,2.0,3.0,1.0,0.0,0.0,2,0,0.09,0.18,0.28,0.09,0.28,Matches,2022-2023,GER,,8.0,,,,,,,,,,,5.0,,,,,,,,,,,,,,,,,,,,,,,22.0,9.0,40.9,2.03,0.83,0.05,0.11,,,,,,,,,,,,,,,,,,
Atakan Karazor,5762be5c,228,trTUR,MF,Stuttgart,25.0,1996.0,29,22,1962.0,21.8,0.0,1.0,1.0,0.0,0.0,0.0,10,0,0.0,0.05,0.05,0.0,0.05,Matches,2022-2023,GER,,30.0,,,,,,,,,,,32.0,,,,,,,,,,,,,,,,,,,,,,,6.0,0.0,0.0,0.28,0.0,0.0,,,,,,,,,,,,,,,,,,,
Thomas Kastanaras,778ccc44,229,grGRE,MF,Stuttgart,19.0,2003.0,4,1,72.0,0.8,0.0,0.0,0.0,0.0,0.0,0.0,0,0,0.0,0.0,0.0,0.0,0.0,Matches,2022-2023,GER,,0.0,,,,,,,,,,,0.0,,,,,,,,,,,,,,,,,,,,,,,2.0,1.0,50.0,2.5,1.25,0.0,0.0,,,,,,,,,,,,,,,,,,
Silas Katompa,de4cac2d,230,cdCOD,"FW,MF",Stuttgart,23.0,1998.0,30,23,1992.0,22.1,5.0,2.0,7.0,4.0,1.0,1.0,4,0,0.23,0.09,0.32,0.18,0.27,Matches,2022-2023,GER,,17.0,,,,,,,,,,,8.0,,,,,,,,,,,,,,,,,,,,,,,43.0,18.0,41.9,1.94,0.81,0.09,0.22,,,,,,,,,,,,,,,,,,
Yannik Keitel,d2c580ce,231,deGER,MF,Freiburg,22.0,2000.0,22,8,682.0,7.6,0.0,2.0,2.0,0.0,0.0,0.0,4,0,0.0,0.26,0.26,0.0,0.26,Matches,2022-2023,GER,,7.0,,,,,,,,,,,12.0,,,,,,,,,,,,,,,,,,,,,,,4.0,3.0,75.0,0.53,0.4,0.0,0.0,,,,,,,,,,,,,,,,,,
Marc-Oliver Kempf,815c314f,232,deGER,DF,Hertha BSC,27.0,1995.0,31,31,2709.0,30.1,1.0,0.0,1.0,1.0,0.0,0.0,5,0,0.03,0.0,0.03,0.03,0.03,Matches,2022-2023,GER,,26.0,,,,,,,,,,,49.0,,,,,,,,,,,,,,,,,,,,,,,16.0,5.0,31.3,0.53,0.17,0.06,0.2,,,,,,,,,,,,,,,,,,
Jonjoe Kenny,099e666f,233,engENG,DF,Hertha BSC,25.0,1997.0,29,25,2244.0,24.9,0.0,1.0,1.0,0.0,0.0,0.0,3,0,0.0,0.04,0.04,0.0,0.04,Matches,2022-2023,GER,,34.0,,,,,,,,,,,41.0,,,,,,,,,,,,,,,,,,,,,,,6.0,1.0,16.7,0.24,0.04,0.0,0.0,,,,,,,,,,,,,,,,,,
Rani Khedira,59e4b92e,234,deGER,MF,Union Berlin,28.0,1994.0,33,33,2882.0,32.0,2.0,0.0,2.0,2.0,0.0,0.0,8,0,0.06,0.0,0.06,0.06,0.06,Matches,2022-2023,GER,,36.0,,,,,,,,,,,42.0,,,,,,,,,,,,,,,,,,,,,,,24.0,3.0,12.5,0.75,0.09,0.08,0.67,,,,,,,,,,,,,,,,,,
Luca Kilian,610aa1e9,235,deGER,DF,Köln,22.0,1999.0,16,13,1123.0,12.5,1.0,0.0,1.0,1.0,0.0,0.0,5,2,0.08,0.0,0.08,0.08,0.08,Matches,2022-2023,GER,,17.0,,,,,,,,,,,12.0,,,,,,,,,,,,,,,,,,,,,,,4.0,1.0,25.0,0.32,0.08,0.25,1.0,,,,,,,,,,,,,,,,,,
Joshua Kimmich,49296448,236,deGER,MF,Bayern Munich,27.0,1995.0,33,32,2809.0,31.2,5.0,6.0,11.0,4.0,1.0,1.0,6,1,0.16,0.19,0.35,0.13,0.32,Matches,2022-2023,GER,,47.0,,,,,,,,,,,43.0,,,,,,,,,,,,,,,,,,,,,,,28.0,12.0,42.9,0.9,0.38,0.14,0.33,,,,,,,,,,,,,,,,,,
Pascal Klemens,90d88154,237,deGER,DF,Hertha BSC,17.0,2005.0,1,1,90.0,1.0,0.0,0.0,0.0,0.0,0.0,0.0,0,0,0.0,0.0,0.0,0.0,0.0,Matches,2022-2023,GER,,0.0,,,,,,,,,,,1.0,,,,,,,,,,,,,,,,,,,,,,,0.0,0.0,,0.0,0.0,,,,,,,,,,,,,,,,,,,,
Lukas Klostermann,ca8033cb,238,deGER,DF,RB Leipzig,26.0,1996.0,15,10,907.0,10.1,0.0,0.0,0.0,0.0,0.0,0.0,0,0,0.0,0.0,0.0,0.0,0.0,Matches,2022-2023,GER,,8.0,,,,,,,,,,,13.0,,,,,,,,,,,,,,,,,,,,,,,6.0,1.0,16.7,0.6,0.1,0.0,0.0,,,,,,,,,,,,,,,,,,
Ansgar Knauff,19a967ab,239,deGER,MF,Eintracht Frankfurt,20.0,2002.0,24,14,1286.0,14.3,1.0,1.0,2.0,1.0,0.0,0.0,1,0,0.07,0.07,0.14,0.07,0.14,Matches,2022-2023,GER,,25.0,,,,,,,,,,,15.0,,,,,,,,,,,,,,,,,,,,,,,15.0,7.0,46.7,1.05,0.49,0.07,0.14,,,,,,,,,,,,,,,,,,
Robin Knoche,6bd5cd5d,240,deGER,DF,Union Berlin,30.0,1992.0,32,32,2873.0,31.9,2.0,3.0,5.0,1.0,1.0,2.0,4,0,0.06,0.09,0.16,0.03,0.13,Matches,2022-2023,GER,,31.0,,,,,,,,,,,36.0,,,,,,,,,,,,,,,,,,,,,,,10.0,2.0,20.0,0.31,0.06,0.1,0.5,,,,,,,,,,,,,,,,,,
Gregor Kobel,cd59b9df,241,chSUI,GK,Dortmund,24.0,1997.0,27,27,2430.0,27.0,0.0,0.0,0.0,0.0,0.0,0.0,0,0,0.0,0.0,0.0,0.0,0.0,Matches,2022-2023,GER,,0.0,,,,,,,,,,,0.0,,,,,,,,,,,,,,,,,,,,,,,0.0,0.0,,0.0,0.0,,,27.0,27.0,2430.0,32.0,1.19,119.0,88.0,73.9,19.0,3.0,5.0,11.0,40.7,1.0,1.0,0.0,0.0,0.0
Dominik Kohr,0fbecd11,242,deGER,MF,Mainz 05,28.0,1994.0,30,27,2292.0,25.5,3.0,0.0,3.0,3.0,0.0,0.0,11,0,0.12,0.0,0.12,0.12,0.12,Matches,2022-2023,GER,,36.0,,,,,,,,,,,31.0,,,,,,,,,,,,,,,,,,,,,,,39.0,8.0,20.5,1.53,0.31,0.08,0.38,,,,,,,,,,,,,,,,,,
Randal Kolo Muani,c0b3669f,243,frFRA,FW,Eintracht Frankfurt,23.0,1998.0,32,31,2631.0,29.2,15.0,11.0,26.0,13.0,2.0,2.0,6,1,0.51,0.38,0.89,0.44,0.82,Matches,2022-2023,GER,,10.0,,,,,,,,,,,4.0,,,,,,,,,,,,,,,,,,,,,,,77.0,32.0,41.6,2.63,1.09,0.17,0.41,,,,,,,,,,,,,,,,,,
Timothée Kolodziejczak,ab096c6f,244,frFRA,DF,Schalke 04,30.0,1991.0,1,0,25.0,0.3,0.0,0.0,0.0,0.0,0.0,0.0,0,0,0.0,0.0,0.0,0.0,0.0,Matches,2022-2023,GER,,0.0,,,,,,,,,,,1.0,,,,,,,,,,,,,,,,,,,,,,,0.0,0.0,,0.0,0.0,,,,,,,,,,,,,,,,,,,,
Manu Koné,86574238,245,frFRA,MF,Gladbach,21.0,2001.0,30,30,2608.0,29.0,1.0,1.0,2.0,1.0,0.0,0.0,12,0,0.03,0.03,0.07,0.03,0.07,Matches,2022-2023,GER,,42.0,,,,,,,,,,,30.0,,,,,,,,,,,,,,,,,,,,,,,26.0,14.0,53.8,0.9,0.48,0.04,0.07,,,,,,,,,,,,,,,,,,
Odilon Kossounou,1f3afdcb,246,ciCIV,DF,Leverkusen,21.0,2001.0,24,17,1523.0,16.9,0.0,1.0,1.0,0.0,0.0,0.0,3,0,0.0,0.06,0.06,0.0,0.06,Matches,2022-2023,GER,,14.0,,,,,,,,,,,23.0,,,,,,,,,,,,,,,,,,,,,,,3.0,0.0,0.0,0.18,0.0,0.0,,,,,,,,,,,,,,,,,,,
Filip Kostić,b1cd37e6,247,rsSRB,MF,Eintracht Frankfurt,29.0,1992.0,1,1,74.0,0.8,0.0,0.0,0.0,0.0,0.0,0.0,1,0,0.0,0.0,0.0,0.0,0.0,Matches,2022-2023,GER,,0.0,,,,,,,,,,,1.0,,,,,,,,,,,,,,,,,,,,,,,1.0,0.0,0.0,1.22,0.0,0.0,,,,,,,,,,,,,,,,,,,
Tomáš Koubek,dc366c36,248,czCZE,GK,Augsburg,29.0,1992.0,11,11,990.0,11.0,0.0,0.0,0.0,0.0,0.0,0.0,0,0,0.0,0.0,0.0,0.0,0.0,Matches,2022-2023,GER,,0.0,,,,,,,,,,,0.0,,,,,,,,,,,,,,,,,,,,,,,0.0,0.0,,0.0,0.0,,,11.0,11.0,990.0,22.0,2.0,68.0,46.0,67.6,1.0,4.0,6.0,1.0,9.1,0.0,0.0,0.0,0.0,
Soichiro Kozuki,f1e855eb,249,jpJPN,MF,Schalke 04,21.0,2000.0,5,5,379.0,4.2,1.0,0.0,1.0,1.0,0.0,0.0,1,0,0.24,0.0,0.24,0.24,0.24,Matches,2022-2023,GER,,4.0,,,,,,,,,,,2.0,,,,,,,,,,,,,,,,,,,,,,,14.0,6.0,42.9,3.32,1.42,0.07,0.17,,,,,,,,,,,,,,,,,,
Alex Král,e717705a,250,czCZE,MF,Schalke 04,24.0,1998.0,29,26,2357.0,26.2,0.0,0.0,0.0,0.0,0.0,0.0,3,0,0.0,0.0,0.0,0.0,0.0,Matches,2022-2023,GER,,25.0,,,,,,,,,,,17.0,,,,,,,,,,,,,,,,,,,,,,,32.0,2.0,6.3,1.22,0.08,0.0,0.0,,,,,,,,,,,,,,,,,,
Andrej Kramarić,603cb947,251,hrCRO,"MF,FW",Hoffenheim,31.0,1991.0,32,26,2386.0,26.5,12.0,4.0,16.0,8.0,4.0,6.0,3,0,0.45,0.15,0.6,0.3,0.45,Matches,2022-2023,GER,,2.0,,,,,,,,,,,6.0,,,,,,,,,,,,,,,,,,,,,,,63.0,26.0,41.3,2.38,0.98,0.13,0.31,,,,,,,,,,,,,,,,,,
Christoph Kramer,496aeede,252,deGER,MF,Gladbach,31.0,1991.0,29,27,2222.0,24.7,0.0,0.0,0.0,0.0,0.0,0.0,4,0,0.0,0.0,0.0,0.0,0.0,Matches,2022-2023,GER,,29.0,,,,,,,,,,,17.0,,,,,,,,,,,,,,,,,,,,,,,6.0,1.0,16.7,0.24,0.04,0.0,0.0,,,,,,,,,,,,,,,,,,
Tom Krauß,9f77012e,253,deGER,MF,Schalke 04,21.0,2001.0,32,31,2514.0,27.9,2.0,0.0,2.0,2.0,0.0,0.0,8,0,0.07,0.0,0.07,0.07,0.07,Matches,2022-2023,GER,,66.0,,,,,,,,,,,32.0,,,,,,,,,,,,,,,,,,,,,,,25.0,9.0,36.0,0.89,0.32,0.08,0.22,,,,,,,,,,,,,,,,,,
Max Kruse,f9446dcd,254,deGER,MF,Wolfsburg,34.0,1988.0,5,2,272.0,3.0,0.0,0.0,0.0,0.0,0.0,0.0,0,0,0.0,0.0,0.0,0.0,0.0,Matches,2022-2023,GER,,2.0,,,,,,,,,,,0.0,,,,,,,,,,,,,,,,,,,,,,,9.0,2.0,22.2,2.98,0.66,0.0,0.0,,,,,,,,,,,,,,,,,,
Lukas Kübler,2a29eb9b,255,deGER,"DF,MF",Freiburg,29.0,1992.0,22,19,1639.0,18.2,2.0,1.0,3.0,2.0,0.0,0.0,1,0,0.11,0.05,0.16,0.11,0.16,Matches,2022-2023,GER,,25.0,,,,,,,,,,,30.0,,,,,,,,,,,,,,,,,,,,,,,9.0,5.0,55.6,0.49,0.27,0.22,0.4,,,,,,,,,,,,,,,,,,
Pierre Kunde,9ceb7642,256,cmCMR,MF,Bochum,27.0,1995.0,12,3,377.0,4.2,1.0,0.0,1.0,1.0,0.0,0.0,0,0,0.24,0.0,0.24,0.24,0.24,Matches,2022-2023,GER,,7.0,,,,,,,,,,,8.0,,,,,,,,,,,,,,,,,,,,,,,4.0,1.0,25.0,0.95,0.24,0.25,1.0,,,,,,,,,,,,,,,,,,
Alou Kuol,f1bc3876,257,auAUS,FW,Stuttgart,21.0,2000.0,1,0,5.0,0.1,0.0,0.0,0.0,0.0,0.0,0.0,0,0,0.0,0.0,0.0,0.0,0.0,Matches,2022-2023,GER,,0.0,,,,,,,,,,,0.0,,,,,,,,,,,,,,,,,,,,,,,0.0,0.0,,0.0,0.0,,,,,,,,,,,,,,,,,,,,
Daniel Kyereh,2770726a,258,ghGHA,"MF,FW",Freiburg,26.0,1996.0,12,7,559.0,6.2,2.0,0.0,2.0,2.0,0.0,0.0,2,0,0.32,0.0,0.32,0.32,0.32,Matches,2022-2023,GER,,4.0,,,,,,,,,,,2.0,,,,,,,,,,,,,,,,,,,,,,,12.0,5.0,41.7,1.93,0.81,0.17,0.4,,,,,,,,,,,,,,,,,,
Maxence Lacroix,277c49ed,259,frFRA,DF,Wolfsburg,22.0,2000.0,24,18,1627.0,18.1,1.0,0.0,1.0,1.0,0.0,0.0,1,0,0.06,0.0,0.06,0.06,0.06,Matches,2022-2023,GER,,12.0,,,,,,,,,,,26.0,,,,,,,,,,,,,,,,,,,,,,,4.0,1.0,25.0,0.22,0.06,0.25,1.0,,,,,,,,,,,,,,,,,,
Aïssa Laïdouni,22798128,260,tnTUN,MF,Union Berlin,25.0,1996.0,14,11,871.0,9.7,2.0,0.0,2.0,2.0,0.0,0.0,4,0,0.21,0.0,0.21,0.21,0.21,Matches,2022-2023,GER,,8.0,,,,,,,,,,,9.0,,,,,,,,,,,,,,,,,,,,,,,6.0,2.0,33.3,0.62,0.21,0.33,1.0,,,,,,,,,,,,,,,,,,
Konrad Laimer,c1b7847c,261,atAUT,MF,RB Leipzig,25.0,1997.0,21,17,1468.0,16.3,3.0,0.0,3.0,3.0,0.0,0.0,8,0,0.18,0.0,0.18,0.18,0.18,Matches,2022-2023,GER,,33.0,,,,,,,,,,,18.0,,,,,,,,,,,,,,,,,,,,,,,20.0,10.0,50.0,1.23,0.61,0.15,0.3,,,,,,,,,,,,,,,,,,
Stefan Lainer,4aea5077,262,atAUT,"DF,MF",Gladbach,29.0,1992.0,17,9,817.0,9.1,0.0,0.0,0.0,0.0,0.0,0.0,2,0,0.0,0.0,0.0,0.0,0.0,Matches,2022-2023,GER,,9.0,,,,,,,,,,,14.0,,,,,,,,,,,,,,,,,,,,,,,6.0,4.0,66.7,0.66,0.44,0.0,0.0,,,,,,,,,,,,,,,,,,
Vassilis Lambropoulos,591477c9,263,grGRE,DF,Bochum,32.0,1990.0,15,7,627.0,7.0,0.0,0.0,0.0,0.0,0.0,0.0,2,0,0.0,0.0,0.0,0.0,0.0,Matches,2022-2023,GER,,9.0,,,,,,,,,,,9.0,,,,,,,,,,,,,,,,,,,,,,,6.0,0.0,0.0,0.86,0.0,0.0,,,,,,,,,,,,,,,,,,,
Jordan Larsson,72984eee,264,seSWE,MF,Schalke 04,25.0,1997.0,11,5,463.0,5.1,0.0,0.0,0.0,0.0,0.0,0.0,0,0,0.0,0.0,0.0,0.0,0.0,Matches,2022-2023,GER,,6.0,,,,,,,,,,,4.0,,,,,,,,,,,,,,,,,,,,,,,10.0,0.0,0.0,1.94,0.0,0.0,,,,,,,,,,,,,,,,,,,
Danny Latza,33b554b7,265,deGER,MF,Schalke 04,32.0,1989.0,20,8,853.0,9.5,0.0,1.0,1.0,0.0,0.0,0.0,2,0,0.0,0.11,0.11,0.0,0.11,Matches,2022-2023,GER,,12.0,,,,,,,,,,,6.0,,,,,,,,,,,,,,,,,,,,,,,16.0,2.0,12.5,1.69,0.21,0.0,0.0,,,,,,,,,,,,,,,,,,
Diogo Leite,c4987edc,266,ptPOR,DF,Union Berlin,23.0,1999.0,28,26,2254.0,25.0,0.0,1.0,1.0,0.0,0.0,0.0,6,1,0.0,0.04,0.04,0.0,0.04,Matches,2022-2023,GER,,20.0,,,,,,,,,,,26.0,,,,,,,,,,,,,,,,,,,,,,,12.0,0.0,0.0,0.48,0.0,0.0,,,,,,,,,,,,,,,,,,,
Maxim Leitsch,7e12a98d,267,deGER,DF,Mainz 05,24.0,1998.0,9,7,663.0,7.4,0.0,0.0,0.0,0.0,0.0,0.0,0,0,0.0,0.0,0.0,0.0,0.0,Matches,2022-2023,GER,,6.0,,,,,,,,,,,17.0,,,,,,,,,,,,,,,,,,,,,,,2.0,1.0,50.0,0.27,0.14,0.0,0.0,,,,,,,,,,,,,,,,,,
Tim Lemperle,792ffa71,268,deGER,FW,Köln,20.0,2002.0,12,0,132.0,1.5,0.0,0.0,0.0,0.0,0.0,0.0,0,0,0.0,0.0,0.0,0.0,0.0,Matches,2022-2023,GER,,4.0,,,,,,,,,,,1.0,,,,,,,,,,,,,,,,,,,,,,,2.0,0.0,0.0,1.36,0.0,0.0,,,,,,,,,,,,,,,,,,,
Christopher Lenz,bbd86530,269,deGER,"MF,DF",Eintracht Frankfurt,27.0,1994.0,24,13,1290.0,14.3,0.0,2.0,2.0,0.0,0.0,0.0,1,0,0.0,0.14,0.14,0.0,0.14,Matches,2022-2023,GER,,21.0,,,,,,,,,,,20.0,,,,,,,,,,,,,,,,,,,,,,,12.0,2.0,16.7,0.84,0.14,0.0,0.0,,,,,,,,,,,,,,,,,,
Jamie Leweling,13fe7b69,270,deGER,"FW,MF",Union Berlin,21.0,2001.0,16,0,265.0,2.9,1.0,1.0,2.0,1.0,0.0,0.0,1,0,0.34,0.34,0.68,0.34,0.68,Matches,2022-2023,GER,,3.0,,,,,,,,,,,2.0,,,,,,,,,,,,,,,,,,,,,,,9.0,5.0,55.6,3.06,1.7,0.11,0.2,,,,,,,,,,,,,,,,,,
Philipp Lienhart,302527b2,271,atAUT,DF,Freiburg,26.0,1996.0,29,27,2498.0,27.8,1.0,0.0,1.0,1.0,0.0,0.0,3,0,0.04,0.0,0.04,0.04,0.04,Matches,2022-2023,GER,,17.0,,,,,,,,,,,36.0,,,,,,,,,,,,,,,,,,,,,,,17.0,3.0,17.6,0.61,0.11,0.06,0.33,,,,,,,,,,,,,,,,,,
Matthijs de Ligt,d6e53a3a,272,nlNED,DF,Bayern Munich,22.0,1999.0,31,27,2403.0,26.7,3.0,1.0,4.0,3.0,0.0,0.0,4,0,0.11,0.04,0.15,0.11,0.15,Matches,2022-2023,GER,,25.0,,,,,,,,,,,24.0,,,,,,,,,,,,,,,,,,,,,,,24.0,8.0,33.3,0.9,0.3,0.13,0.38,,,,,,,,,,,,,,,,,,
Dimitris Limnios,62c7067a,273,grGRE,"FW,MF",Köln,24.0,1998.0,2,0,39.0,0.4,0.0,0.0,0.0,0.0,0.0,0.0,0,0,0.0,0.0,0.0,0.0,0.0,Matches,2022-2023,GER,,0.0,,,,,,,,,,,1.0,,,,,,,,,,,,,,,,,,,,,,,1.0,0.0,0.0,2.31,0.0,0.0,,,,,,,,,,,,,,,,,,,
Jesper Lindstrøm,37dc1a48,274,dkDEN,MF,Eintracht Frankfurt,22.0,2000.0,27,22,1679.0,18.7,7.0,2.0,9.0,7.0,0.0,0.0,2,0,0.38,0.11,0.48,0.38,0.48,Matches,2022-2023,GER,,14.0,,,,,,,,,,,9.0,,,,,,,,,,,,,,,,,,,,,,,45.0,19.0,42.2,2.41,1.02,0.16,0.37,,,,,,,,,,,,,,,,,,
Dejan Ljubicic,c455a2b2,275,atAUT,MF,Köln,24.0,1997.0,27,20,1710.0,19.0,5.0,1.0,6.0,4.0,1.0,1.0,3,0,0.26,0.05,0.32,0.21,0.26,Matches,2022-2023,GER,,14.0,,,,,,,,,,,7.0,,,,,,,,,,,,,,,,,,,,,,,35.0,15.0,42.9,1.84,0.79,0.11,0.27,,,,,,,,,,,,,,,,,,
Anthony Losilla,07c7eb0c,276,frFRA,MF,Bochum,36.0,1986.0,31,31,2720.0,30.2,2.0,2.0,4.0,2.0,0.0,0.0,6,1,0.07,0.07,0.13,0.07,0.13,Matches,2022-2023,GER,,49.0,,,,,,,,,,,37.0,,,,,,,,,,,,,,,,,,,,,,,27.0,9.0,33.3,0.89,0.3,0.07,0.22,,,,,,,,,,,,,,,,,,
Dodi Lukebakio,0c61c77c,277,beBEL,"FW,MF",Hertha BSC,24.0,1997.0,32,27,2397.0,26.6,11.0,3.0,14.0,6.0,5.0,5.0,8,0,0.41,0.11,0.53,0.23,0.34,Matches,2022-2023,GER,,11.0,,,,,,,,,,,12.0,,,,,,,,,,,,,,,,,,,,,,,64.0,27.0,42.2,2.4,1.01,0.09,0.22,,,,,,,,,,,,,,,,,,
Andrey Lunyov,8a6ab963,278,ruRUS,GK,Leverkusen,30.0,1991.0,1,1,90.0,1.0,0.0,0.0,0.0,0.0,0.0,0.0,0,0,0.0,0.0,0.0,0.0,0.0,Matches,2022-2023,GER,,0.0,,,,,,,,,,,0.0,,,,,,,,,,,,,,,,,,,,,,,0.0,0.0,,0.0,0.0,,,1.0,1.0,90.0,2.0,2.0,4.0,2.0,50.0,0.0,0.0,1.0,0.0,0.0,0.0,0.0,0.0,0.0,
Arne Maier,ab700320,279,deGER,MF,Augsburg,23.0,1999.0,30,24,1960.0,21.8,5.0,1.0,6.0,5.0,0.0,0.0,3,0,0.23,0.05,0.28,0.23,0.28,Matches,2022-2023,GER,,20.0,,,,,,,,,,,15.0,,,,,,,,,,,,,,,,,,,,,,,28.0,10.0,35.7,1.29,0.46,0.18,0.5,,,,,,,,,,,,,,,,,,
Linton Maina,e5d85da8,280,deGER,"MF,FW",Köln,23.0,1999.0,33,27,2239.0,24.9,3.0,7.0,10.0,3.0,0.0,0.0,1,0,0.12,0.28,0.4,0.12,0.4,Matches,2022-2023,GER,,13.0,,,,,,,,,,,5.0,,,,,,,,,,,,,,,,,,,,,,,35.0,13.0,37.1,1.41,0.52,0.09,0.23,,,,,,,,,,,,,,,,,,
Donyell Malen,116c35df,281,nlNED,"MF,FW",Dortmund,23.0,1999.0,26,22,1706.0,19.0,9.0,6.0,15.0,9.0,0.0,0.0,0,0,0.47,0.32,0.79,0.47,0.79,Matches,2022-2023,GER,,6.0,,,,,,,,,,,4.0,,,,,,,,,,,,,,,,,,,,,,,63.0,29.0,46.0,3.32,1.53,0.14,0.31,,,,,,,,,,,,,,,,,,
Sadio Mané,c691bfe2,282,snSEN,"MF,FW",Bayern Munich,30.0,1992.0,25,18,1425.0,15.8,7.0,5.0,12.0,6.0,1.0,2.0,2,0,0.44,0.32,0.76,0.38,0.69,Matches,2022-2023,GER,,5.0,,,,,,,,,,,0.0,,,,,,,,,,,,,,,,,,,,,,,54.0,22.0,40.7,3.41,1.39,0.11,0.27,,,,,,,,,,,,,,,,,,
Myziane Maolida,706a60e1,283,kmCOM,FW,Hertha BSC,23.0,1999.0,3,1,95.0,1.1,0.0,0.0,0.0,0.0,0.0,0.0,0,0,0.0,0.0,0.0,0.0,0.0,Matches,2022-2023,GER,,1.0,,,,,,,,,,,0.0,,,,,,,,,,,,,,,,,,,,,,,0.0,0.0,,0.0,0.0,,,,,,,,,,,,,,,,,,,,
Omar Marmoush,0e0102eb,284,egEGY,"FW,MF",Wolfsburg,23.0,1999.0,33,15,1476.0,16.4,5.0,1.0,6.0,5.0,0.0,0.0,2,0,0.3,0.06,0.37,0.3,0.37,Matches,2022-2023,GER,,10.0,,,,,,,,,,,5.0,,,,,,,,,,,,,,,,,,,,,,,48.0,17.0,35.4,2.93,1.04,0.1,0.29,,,,,,,,,,,,,,,,,,
Eric Martel,92a16062,285,deGER,MF,Köln,20.0,2002.0,29,23,2019.0,22.4,1.0,1.0,2.0,1.0,0.0,0.0,6,0,0.04,0.04,0.09,0.04,0.09,Matches,2022-2023,GER,,40.0,,,,,,,,,,,34.0,,,,,,,,,,,,,,,,,,,,,,,28.0,8.0,28.6,1.25,0.36,0.04,0.13,,,,,,,,,,,,,,,,,,
Aarón Martín,2f3e911a,286,esESP,"MF,DF",Mainz 05,25.0,1997.0,28,20,1847.0,20.5,5.0,3.0,8.0,5.0,0.0,1.0,3,0,0.24,0.15,0.39,0.24,0.39,Matches,2022-2023,GER,,28.0,,,,,,,,,,,15.0,,,,,,,,,,,,,,,,,,,,,,,19.0,8.0,42.1,0.93,0.39,0.26,0.63,,,,,,,,,,,,,,,,,,
Erhan Mašović,a396fb61,287,rsSRB,"DF,MF",Bochum,23.0,1998.0,29,23,2178.0,24.2,4.0,0.0,4.0,4.0,0.0,0.0,3,0,0.17,0.0,0.17,0.17,0.17,Matches,2022-2023,GER,,32.0,,,,,,,,,,,28.0,,,,,,,,,,,,,,,,,,,,,,,17.0,10.0,58.8,0.7,0.41,0.24,0.4,,,,,,,,,,,,,,,,,,
Henning Matriciani,ab3f1bdf,288,deGER,DF,Schalke 04,22.0,2000.0,22,22,1863.0,20.7,0.0,0.0,0.0,0.0,0.0,0.0,1,0,0.0,0.0,0.0,0.0,0.0,Matches,2022-2023,GER,,23.0,,,,,,,,,,,22.0,,,,,,,,,,,,,,,,,,,,,,,3.0,0.0,0.0,0.14,0.0,0.0,,,,,,,,,,,,,,,,,,,
Konstantinos Mavropanos,00963611,289,grGRE,DF,Stuttgart,24.0,1997.0,28,26,2286.0,25.4,2.0,1.0,3.0,2.0,0.0,0.0,9,1,0.08,0.04,0.12,0.08,0.12,Matches,2022-2023,GER,,27.0,,,,,,,,,,,63.0,,,,,,,,,,,,,,,,,,,,,,,48.0,13.0,27.1,1.89,0.51,0.04,0.15,,,,,,,,,,,,,,,,,,
Philipp Max,826e8b63,290,deGER,MF,Eintracht Frankfurt,28.0,1993.0,10,8,694.0,7.7,0.0,1.0,1.0,0.0,0.0,0.0,1,0,0.0,0.13,0.13,0.0,0.13,Matches,2022-2023,GER,,9.0,,,,,,,,,,,3.0,,,,,,,,,,,,,,,,,,,,,,,9.0,3.0,33.3,1.17,0.39,0.0,0.0,,,,,,,,,,,,,,,,,,
Eric Maxim Choupo-Moting,0e6bc38c,291,cmCMR,FW,Bayern Munich,33.0,1989.0,19,14,1112.0,12.4,10.0,2.0,12.0,10.0,0.0,1.0,0,0,0.81,0.16,0.97,0.81,0.97,Matches,2022-2023,GER,,6.0,,,,,,,,,,,0.0,,,,,,,,,,,,,,,,,,,,,,,31.0,16.0,51.6,2.51,1.29,0.32,0.63,,,,,,,,,,,,,,,,,,
Ibrahim Maza,89b3bc5e,292,dzALG,MF,Hertha BSC,16.0,2005.0,2,0,71.0,0.8,1.0,0.0,1.0,1.0,0.0,0.0,0,0,1.27,0.0,1.27,1.27,1.27,Matches,2022-2023,GER,,1.0,,,,,,,,,,,0.0,,,,,,,,,,,,,,,,,,,,,,,1.0,1.0,100.0,1.27,1.27,1.0,1.0,,,,,,,,,,,,,,,,,,
Noussair Mazraoui,b74277a0,293,maMAR,DF,Bayern Munich,24.0,1997.0,19,11,1075.0,11.9,1.0,4.0,5.0,1.0,0.0,0.0,0,0,0.08,0.33,0.42,0.08,0.42,Matches,2022-2023,GER,,18.0,,,,,,,,,,,10.0,,,,,,,,,,,,,,,,,,,,,,,8.0,2.0,25.0,0.67,0.17,0.13,0.5,,,,,,,,,,,,,,,,,,
Noah Mbamba,e75129bd,294,beBEL,MF,Leverkusen,17.0,2005.0,1,0,1.0,0.0,0.0,0.0,0.0,0.0,0.0,0.0,0,0,0.0,0.0,0.0,0.0,0.0,Matches,2022-2023,GER,,0.0,,,,,,,,,,,0.0,,,,,,,,,,,,,,,,,,,,,,,0.0,0.0,,0.0,0.0,,,,,,,,,,,,,,,,,,,,
Jean-Manuel Mbom,1a5d7cb9,295,deGER,"DF,MF",Werder Bremen,22.0,2000.0,2,0,6.0,0.1,0.0,0.0,0.0,0.0,0.0,0.0,0,0,0.0,0.0,0.0,0.0,0.0,Matches,2022-2023,GER,,0.0,,,,,,,,,,,0.0,,,,,,,,,,,,,,,,,,,,,,,0.0,0.0,,0.0,0.0,,,,,,,,,,,,,,,,,,,,
Nathanael Mbuku,46750e9c,296,cdCOD,MF,Augsburg,20.0,2002.0,2,0,34.0,0.4,0.0,0.0,0.0,0.0,0.0,0.0,0,0,0.0,0.0,0.0,0.0,0.0,Matches,2022-2023,GER,,0.0,,,,,,,,,,,0.0,,,,,,,,,,,,,,,,,,,,,,,0.0,0.0,,0.0,0.0,,,,,,,,,,,,,,,,,,,,
Thomas Meunier,e162b013,297,beBEL,"DF,MF",Dortmund,30.0,1991.0,10,7,585.0,6.5,0.0,0.0,0.0,0.0,0.0,0.0,2,0,0.0,0.0,0.0,0.0,0.0,Matches,2022-2023,GER,,7.0,,,,,,,,,,,9.0,,,,,,,,,,,,,,,,,,,,,,,5.0,0.0,0.0,0.77,0.0,0.0,,,,,,,,,,,,,,,,,,,
Alexander Meyer,b56dd813,298,deGER,GK,Dortmund,31.0,1991.0,7,7,630.0,7.0,0.0,0.0,0.0,0.0,0.0,0.0,0,0,0.0,0.0,0.0,0.0,0.0,Matches,2022-2023,GER,,0.0,,,,,,,,,,,0.0,,,,,,,,,,,,,,,,,,,,,,,0.0,0.0,,0.0,0.0,,,7.0,7.0,630.0,12.0,1.71,32.0,20.0,62.5,3.0,2.0,2.0,1.0,14.3,0.0,0.0,0.0,0.0,
Sven Michel,1e274a0a,299,deGER,FW,Union Berlin,32.0,1990.0,21,2,495.0,5.5,3.0,1.0,4.0,2.0,1.0,1.0,2,0,0.55,0.18,0.73,0.36,0.55,Matches,2022-2023,GER,,5.0,,,,,,,,,,,0.0,,,,,,,,,,,,,,,,,,,,,,,16.0,4.0,25.0,2.91,0.73,0.13,0.5,,,,,,,,,,,,,,,,,,
Enzo Millot,f76022e7,300,frFRA,MF,Stuttgart,20.0,2002.0,23,9,890.0,9.9,0.0,1.0,1.0,0.0,0.0,0.0,3,0,0.0,0.1,0.1,0.0,0.1,Matches,2022-2023,GER,,15.0,,,,,,,,,,,13.0,,,,,,,,,,,,,,,,,,,,,,,17.0,7.0,41.2,1.72,0.71,0.0,0.0,,,,,,,,,,,,,,,,,,
Maximilian Mittelstädt,88d4144a,301,deGER,"DF,MF",Hertha BSC,25.0,1997.0,17,7,849.0,9.4,0.0,0.0,0.0,0.0,0.0,0.0,5,0,0.0,0.0,0.0,0.0,0.0,Matches,2022-2023,GER,,21.0,,,,,,,,,,,26.0,,,,,,,,,,,,,,,,,,,,,,,6.0,2.0,33.3,0.64,0.21,0.0,0.0,,,,,,,,,,,,,,,,,,
Anthony Modeste,34e4343c,302,frFRA,FW,Dortmund,34.0,1988.0,19,7,813.0,9.0,2.0,1.0,3.0,2.0,0.0,0.0,4,0,0.22,0.11,0.33,0.22,0.33,Matches,2022-2023,GER,,4.0,,,,,,,,,,,2.0,,,,,,,,,,,,,,,,,,,,,,,22.0,10.0,45.5,2.44,1.11,0.09,0.2,,,,,,,,,,,,,,,,,,
Tobias Mohr,9ec9c8b6,303,deGER,"DF,MF",Schalke 04,26.0,1995.0,18,8,839.0,9.3,0.0,3.0,3.0,0.0,0.0,0.0,0,0,0.0,0.32,0.32,0.0,0.32,Matches,2022-2023,GER,,6.0,,,,,,,,,,,7.0,,,,,,,,,,,,,,,,,,,,,,,12.0,1.0,8.3,1.29,0.11,0.0,0.0,,,,,,,,,,,,,,,,,,
Clinton Mola,29ddfb9c,304,engENG,DF,Stuttgart,21.0,2001.0,1,0,15.0,0.2,0.0,0.0,0.0,0.0,0.0,0.0,1,0,0.0,0.0,0.0,0.0,0.0,Matches,2022-2023,GER,,1.0,,,,,,,,,,,1.0,,,,,,,,,,,,,,,,,,,,,,,0.0,0.0,,0.0,0.0,,,,,,,,,,,,,,,,,,,,
Florent Mollet,7e82a78f,305,frFRA,MF,Schalke 04,30.0,1991.0,9,4,410.0,4.6,1.0,0.0,1.0,1.0,0.0,0.0,1,0,0.22,0.0,0.22,0.22,0.22,Matches,2022-2023,GER,,1.0,,,,,,,,,,,1.0,,,,,,,,,,,,,,,,,,,,,,,11.0,1.0,9.1,2.41,0.22,0.09,1.0,,,,,,,,,,,,,,,,,,
Youssoufa Moukoko,6ce43701,306,deGER,FW,Dortmund,17.0,2004.0,26,11,1141.0,12.7,7.0,3.0,10.0,7.0,0.0,0.0,0,0,0.55,0.24,0.79,0.55,0.79,Matches,2022-2023,GER,,7.0,,,,,,,,,,,2.0,,,,,,,,,,,,,,,,,,,,,,,35.0,19.0,54.3,2.76,1.5,0.2,0.37,,,,,,,,,,,,,,,,,,
Florian Müller,cbac6ec9,307,deGER,GK,Stuttgart,24.0,1997.0,19,19,1710.0,19.0,0.0,0.0,0.0,0.0,0.0,0.0,0,0,0.0,0.0,0.0,0.0,0.0,Matches,2022-2023,GER,,0.0,,,,,,,,,,,0.0,,,,,,,,,,,,,,,,,,,,,,,0.0,0.0,,0.0,0.0,,,19.0,19.0,1710.0,34.0,1.79,86.0,53.0,61.6,3.0,7.0,9.0,1.0,5.3,1.0,1.0,0.0,0.0,0.0
Thomas Müller,3c6089ab,308,deGER,"MF,FW",Bayern Munich,32.0,1989.0,27,21,1665.0,18.5,7.0,8.0,15.0,7.0,0.0,0.0,0,0,0.38,0.43,0.81,0.38,0.81,Matches,2022-2023,GER,,11.0,,,,,,,,,,,4.0,,,,,,,,,,,,,,,,,,,,,,,47.0,23.0,48.9,2.54,1.24,0.15,0.3,,,,,,,,,,,,,,,,,,
Jamal Musiala,2c0558b8,309,deGER,MF,Bayern Munich,19.0,2003.0,33,26,2198.0,24.4,12.0,10.0,22.0,12.0,0.0,0.0,1,0,0.49,0.41,0.9,0.49,0.9,Matches,2022-2023,GER,,24.0,,,,,,,,,,,18.0,,,,,,,,,,,,,,,,,,,,,,,66.0,26.0,39.4,2.7,1.06,0.18,0.46,,,,,,,,,,,,,,,,,,
Marlon Mustapha,9ff8ec4a,310,atAUT,FW,Mainz 05,21.0,2001.0,6,0,69.0,0.8,0.0,0.0,0.0,0.0,0.0,0.0,1,0,0.0,0.0,0.0,0.0,0.0,Matches,2022-2023,GER,,2.0,,,,,,,,,,,0.0,,,,,,,,,,,,,,,,,,,,,,,3.0,0.0,0.0,3.91,0.0,0.0,,,,,,,,,,,,,,,,,,,
Obite N'Dicka,441197b8,311,ciCIV,DF,Eintracht Frankfurt,22.0,1999.0,30,30,2692.0,29.9,1.0,0.0,1.0,1.0,0.0,0.0,4,0,0.03,0.0,0.03,0.03,0.03,Matches,2022-2023,GER,,19.0,,,,,,,,,,,33.0,,,,,,,,,,,,,,,,,,,,,,,18.0,3.0,16.7,0.6,0.1,0.06,0.33,,,,,,,,,,,,,,,,,,
Nathan N'Goumou,e110ea4b,312,cmCMR,"MF,FW",Gladbach,22.0,2000.0,20,7,695.0,7.7,1.0,0.0,1.0,1.0,0.0,0.0,0,0,0.13,0.0,0.13,0.13,0.13,Matches,2022-2023,GER,,5.0,,,,,,,,,,,1.0,,,,,,,,,,,,,,,,,,,,,,,13.0,4.0,30.8,1.68,0.52,0.08,0.25,,,,,,,,,,,,,,,,,,
Stanley N'Soki,61590953,313,frFRA,DF,Hoffenheim,23.0,1999.0,19,14,1286.0,14.3,1.0,0.0,1.0,1.0,0.0,0.0,2,1,0.07,0.0,0.07,0.07,0.07,Matches,2022-2023,GER,,13.0,,,,,,,,,,,22.0,,,,,,,,,,,,,,,,,,,,,,,6.0,2.0,33.3,0.42,0.14,0.17,0.5,,,,,,,,,,,,,,,,,,
Nikolas Nartey,30261ba1,314,dkDEN,"DF,MF",Stuttgart,22.0,2000.0,9,5,473.0,5.3,0.0,0.0,0.0,0.0,0.0,0.0,1,0,0.0,0.0,0.0,0.0,0.0,Matches,2022-2023,GER,,6.0,,,,,,,,,,,4.0,,,,,,,,,,,,,,,,,,,,,,,4.0,0.0,0.0,0.76,0.0,0.0,,,,,,,,,,,,,,,,,,,
Luca Netz,e79269bd,315,deGER,"DF,MF",Gladbach,19.0,2003.0,20,7,702.0,7.8,1.0,3.0,4.0,1.0,0.0,0.0,0,0,0.13,0.38,0.51,0.13,0.51,Matches,2022-2023,GER,,14.0,,,,,,,,,,,6.0,,,,,,,,,,,,,,,,,,,,,,,4.0,3.0,75.0,0.51,0.38,0.25,0.33,,,,,,,,,,,,,,,,,,
Manuel Neuer,8778c910,316,deGER,GK,Bayern Munich,36.0,1986.0,12,12,1080.0,12.0,0.0,0.0,0.0,0.0,0.0,0.0,0,0,0.0,0.0,0.0,0.0,0.0,Matches,2022-2023,GER,,0.0,,,,,,,,,,,0.0,,,,,,,,,,,,,,,,,,,,,,,2.0,1.0,50.0,0.17,0.08,0.0,0.0,12.0,12.0,1080.0,11.0,0.92,42.0,33.0,78.6,7.0,4.0,1.0,4.0,33.3,2.0,2.0,0.0,0.0,0.0
Florian Neuhaus,36a59ba4,317,deGER,MF,Gladbach,25.0,1997.0,23,16,1405.0,15.6,1.0,0.0,1.0,1.0,0.0,0.0,2,0,0.06,0.0,0.06,0.06,0.06,Matches,2022-2023,GER,,9.0,,,,,,,,,,,13.0,,,,,,,,,,,,,,,,,,,,,,,28.0,6.0,21.4,1.79,0.38,0.04,0.17,,,,,,,,,,,,,,,,,,
Jessic Ngankam,bc249af8,318,deGER,"FW,MF",Hertha BSC,22.0,2000.0,18,8,826.0,9.2,4.0,0.0,4.0,3.0,1.0,1.0,5,0,0.44,0.0,0.44,0.33,0.33,Matches,2022-2023,GER,,10.0,,,,,,,,,,,2.0,,,,,,,,,,,,,,,,,,,,,,,19.0,9.0,47.4,2.07,0.98,0.16,0.33,,,,,,,,,,,,,,,,,,
Florian Niederlechner,d6862409,319,deGER,"FW,MF",Augsburg,31.0,1990.0,14,10,910.0,10.1,4.0,1.0,5.0,4.0,0.0,0.0,1,0,0.4,0.1,0.49,0.4,0.49,Matches,2022-2023,GER,,5.0,,,,,,,,,,,2.0,,,,,,,,,,,,,,,,,,,,,,,28.0,15.0,53.6,2.77,1.48,0.14,0.27,,,,,,,,,,,,,,,,,,
Florian Niederlechner,d6862409,320,deGER,FW,Hertha BSC,31.0,1990.0,16,11,781.0,8.7,1.0,0.0,1.0,1.0,0.0,0.0,2,0,0.12,0.0,0.12,0.12,0.12,Matches,2022-2023,GER,,8.0,,,,,,,,,,,2.0,,,,,,,,,,,,,,,,,,,,,,,20.0,7.0,35.0,2.3,0.81,0.05,0.14,,,,,,,,,,,,,,,,,,
Justin Njinmah,a45241d5,321,deGER,"FW,MF",Dortmund,21.0,2000.0,1,0,22.0,0.2,0.0,0.0,0.0,0.0,0.0,0.0,0,0,0.0,0.0,0.0,0.0,0.0,Matches,2022-2023,GER,,0.0,,,,,,,,,,,0.0,,,,,,,,,,,,,,,,,,,,,,,0.0,0.0,,0.0,0.0,,,,,,,,,,,,,,,,,,,,
Christopher Nkunku,7c56da38,322,frFRA,"FW,MF",RB Leipzig,24.0,1997.0,25,20,1897.0,21.1,16.0,4.0,20.0,13.0,3.0,4.0,4,0,0.76,0.19,0.95,0.62,0.81,Matches,2022-2023,GER,,4.0,,,,,,,,,,,8.0,,,,,,,,,,,,,,,,,,,,,,,74.0,30.0,40.5,3.51,1.42,0.18,0.43,,,,,,,,,,,,,,,,,,
Felix Nmecha,091c86e2,323,deGER,MF,Wolfsburg,21.0,2000.0,30,19,1836.0,20.4,3.0,5.0,8.0,3.0,0.0,0.0,3,0,0.15,0.25,0.39,0.15,0.39,Matches,2022-2023,GER,,26.0,,,,,,,,,,,27.0,,,,,,,,,,,,,,,,,,,,,,,37.0,9.0,24.3,1.81,0.44,0.08,0.33,,,,,,,,,,,,,,,,,,
Lukas Nmecha,0cc5f4a5,324,deGER,FW,Wolfsburg,23.0,1998.0,16,10,899.0,10.0,4.0,0.0,4.0,4.0,0.0,0.0,3,0,0.4,0.0,0.4,0.4,0.4,Matches,2022-2023,GER,,3.0,,,,,,,,,,,2.0,,,,,,,,,,,,,,,,,,,,,,,22.0,7.0,31.8,2.2,0.7,0.18,0.57,,,,,,,,,,,,,,,,,,
Hugo Novoa,5458f670,325,esESP,MF,RB Leipzig,19.0,2003.0,7,2,184.0,2.0,1.0,0.0,1.0,1.0,0.0,0.0,0,0,0.49,0.0,0.49,0.49,0.49,Matches,2022-2023,GER,,2.0,,,,,,,,,,,1.0,,,,,,,,,,,,,,,,,,,,,,,3.0,2.0,66.7,1.47,0.98,0.33,0.5,,,,,,,,,,,,,,,,,,
Ørjan Nyland,bdedffac,326,noNOR,GK,RB Leipzig,31.0,1990.0,2,2,180.0,2.0,0.0,1.0,1.0,0.0,0.0,0.0,0,0,0.0,0.5,0.5,0.0,0.5,Matches,2022-2023,GER,,0.0,,,,,,,,,,,0.0,,,,,,,,,,,,,,,,,,,,,,,0.0,0.0,,0.0,0.0,,,2.0,2.0,180.0,2.0,1.0,6.0,4.0,66.7,2.0,0.0,0.0,1.0,50.0,0.0,0.0,0.0,0.0,
Tim Oermann,57ec75bf,327,deGER,DF,Bochum,18.0,2003.0,4,2,194.0,2.2,0.0,0.0,0.0,0.0,0.0,0.0,0,0,0.0,0.0,0.0,0.0,0.0,Matches,2022-2023,GER,,1.0,,,,,,,,,,,1.0,,,,,,,,,,,,,,,,,,,,,,,0.0,0.0,,0.0,0.0,,,,,,,,,,,,,,,,,,,,
Finn Ole Becker,dd2e62da,328,deGER,MF,Hoffenheim,22.0,2000.0,13,6,513.0,5.7,0.0,0.0,0.0,0.0,0.0,0.0,0,0,0.0,0.0,0.0,0.0,0.0,Matches,2022-2023,GER,,2.0,,,,,,,,,,,5.0,,,,,,,,,,,,,,,,,,,,,,,6.0,2.0,33.3,1.05,0.35,0.0,0.0,,,,,,,,,,,,,,,,,,
Mathias Olesen,86adbcc7,329,luLUX,"MF,FW",Köln,21.0,2001.0,14,6,478.0,5.3,0.0,0.0,0.0,0.0,0.0,0.0,1,0,0.0,0.0,0.0,0.0,0.0,Matches,2022-2023,GER,,5.0,,,,,,,,,,,2.0,,,,,,,,,,,,,,,,,,,,,,,0.0,0.0,,0.0,0.0,,,,,,,,,,,,,,,,,,,,
Dani Olmo,ae44e8e2,330,esESP,MF,RB Leipzig,24.0,1998.0,23,15,1282.0,14.2,2.0,5.0,7.0,2.0,0.0,0.0,2,0,0.14,0.35,0.49,0.14,0.49,Matches,2022-2023,GER,,9.0,,,,,,,,,,,5.0,,,,,,,,,,,,,,,,,,,,,,,43.0,16.0,37.2,3.02,1.12,0.05,0.13,,,,,,,,,,,,,,,,,,
Jan Olschowsky,fa4cabd1,331,deGER,GK,Gladbach,20.0,2001.0,4,4,360.0,4.0,0.0,0.0,0.0,0.0,0.0,0.0,0,0,0.0,0.0,0.0,0.0,0.0,Matches,2022-2023,GER,,0.0,,,,,,,,,,,0.0,,,,,,,,,,,,,,,,,,,,,,,0.0,0.0,,0.0,0.0,,,4.0,4.0,360.0,11.0,2.75,30.0,20.0,66.7,1.0,1.0,2.0,0.0,0.0,1.0,1.0,0.0,0.0,0.0
Jonas Omlin,c631f952,332,chSUI,GK,Gladbach,28.0,1994.0,15,15,1290.0,14.3,0.0,0.0,0.0,0.0,0.0,0.0,0,0,0.0,0.0,0.0,0.0,0.0,Matches,2022-2023,GER,,1.0,,,,,,,,,,,0.0,,,,,,,,,,,,,,,,,,,,,,,0.0,0.0,,0.0,0.0,,,15.0,15.0,1290.0,18.0,1.26,54.0,38.0,70.4,5.0,4.0,6.0,5.0,33.3,2.0,2.0,0.0,0.0,0.0
Karim Onisiwo,f26834c7,333,atAUT,"FW,MF",Mainz 05,30.0,1992.0,31,28,2539.0,28.2,10.0,2.0,12.0,10.0,0.0,0.0,4,0,0.35,0.07,0.43,0.35,0.43,Matches,2022-2023,GER,,12.0,,,,,,,,,,,2.0,,,,,,,,,,,,,,,,,,,,,,,68.0,32.0,47.1,2.41,1.13,0.15,0.31,,,,,,,,,,,,,,,,,,
Willi Orban,20030c06,334,huHUN,DF,RB Leipzig,29.0,1992.0,33,33,2951.0,32.8,4.0,0.0,4.0,4.0,0.0,0.0,3,0,0.12,0.0,0.12,0.12,0.12,Matches,2022-2023,GER,,30.0,,,,,,,,,,,39.0,,,,,,,,,,,,,,,,,,,,,,,27.0,10.0,37.0,0.82,0.3,0.15,0.4,,,,,,,,,,,,,,,,,,
Ivan Ordets,86c75897,335,uaUKR,DF,Bochum,30.0,1992.0,30,28,2449.0,27.2,0.0,0.0,0.0,0.0,0.0,0.0,4,0,0.0,0.0,0.0,0.0,0.0,Matches,2022-2023,GER,,20.0,,,,,,,,,,,54.0,,,,,,,,,,,,,,,,,,,,,,,17.0,1.0,5.9,0.62,0.04,0.0,0.0,,,,,,,,,,,,,,,,,,
Jordi Osei-Tutu,0a16eb36,336,engENG,"MF,DF",Bochum,23.0,1998.0,20,8,749.0,8.3,0.0,0.0,0.0,0.0,0.0,0.0,3,0,0.0,0.0,0.0,0.0,0.0,Matches,2022-2023,GER,,19.0,,,,,,,,,,,10.0,,,,,,,,,,,,,,,,,,,,,,,12.0,5.0,41.7,1.44,0.6,0.0,0.0,,,,,,,,,,,,,,,,,,
Patrick Osterhage,9662c9ec,337,deGER,MF,Bochum,22.0,2000.0,23,11,1029.0,11.4,0.0,0.0,0.0,0.0,0.0,0.0,3,0,0.0,0.0,0.0,0.0,0.0,Matches,2022-2023,GER,,18.0,,,,,,,,,,,11.0,,,,,,,,,,,,,,,,,,,,,,,6.0,0.0,0.0,0.52,0.0,0.0,,,,,,,,,,,,,,,,,,,
Paulo Otávio,1cbe4984,338,brBRA,DF,Wolfsburg,27.0,1994.0,25,25,2041.0,22.7,0.0,5.0,5.0,0.0,0.0,0.0,7,0,0.0,0.22,0.22,0.0,0.22,Matches,2022-2023,GER,,46.0,,,,,,,,,,,27.0,,,,,,,,,,,,,,,,,,,,,,,19.0,1.0,5.3,0.84,0.04,0.0,0.0,,,,,,,,,,,,,,,,,,
Thomas Ouwejan,36d9dabe,339,nlNED,"DF,MF",Schalke 04,25.0,1996.0,17,10,903.0,10.0,0.0,1.0,1.0,0.0,0.0,0.0,1,0,0.0,0.1,0.1,0.0,0.1,Matches,2022-2023,GER,,9.0,,,,,,,,,,,14.0,,,,,,,,,,,,,,,,,,,,,,,5.0,1.0,20.0,0.5,0.1,0.0,0.0,,,,,,,,,,,,,,,,,,
Reece Oxford,8b6e0db2,340,engENG,DF,Augsburg,23.0,1998.0,3,1,94.0,1.0,0.0,0.0,0.0,0.0,0.0,0.0,0,0,0.0,0.0,0.0,0.0,0.0,Matches,2022-2023,GER,,1.0,,,,,,,,,,,1.0,,,,,,,,,,,,,,,,,,,,,,,0.0,0.0,,0.0,0.0,,,,,,,,,,,,,,,,,,,,
Salih Özcan,15413fa5,341,trTUR,MF,Dortmund,24.0,1998.0,26,17,1576.0,17.5,0.0,1.0,1.0,0.0,0.0,0.0,6,0,0.0,0.06,0.06,0.0,0.06,Matches,2022-2023,GER,,18.0,,,,,,,,,,,26.0,,,,,,,,,,,,,,,,,,,,,,,3.0,1.0,33.3,0.17,0.06,0.0,0.0,,,,,,,,,,,,,,,,,,
Levin Öztunalı,66385c46,342,deGER,"FW,MF",Union Berlin,26.0,1996.0,2,0,9.0,0.1,0.0,1.0,1.0,0.0,0.0,0.0,0,0,0.0,10.0,10.0,0.0,10.0,Matches,2022-2023,GER,,0.0,,,,,,,,,,,0.0,,,,,,,,,,,,,,,,,,,,,,,0.0,0.0,,0.0,0.0,,,,,,,,,,,,,,,,,,,,
Exequiel Palacios,e82adcab,343,arARG,MF,Leverkusen,23.0,1998.0,25,19,1654.0,18.4,4.0,2.0,6.0,1.0,3.0,3.0,4,0,0.22,0.11,0.33,0.05,0.16,Matches,2022-2023,GER,,37.0,,,,,,,,,,,36.0,,,,,,,,,,,,,,,,,,,,,,,20.0,7.0,35.0,1.09,0.38,0.05,0.14,,,,,,,,,,,,,,,,,,
Miloš Pantović,5dc15574,344,rsSRB,"FW,MF",Union Berlin,26.0,1996.0,13,0,206.0,2.3,1.0,0.0,1.0,1.0,0.0,1.0,1,0,0.44,0.0,0.44,0.44,0.44,Matches,2022-2023,GER,,3.0,,,,,,,,,,,0.0,,,,,,,,,,,,,,,,,,,,,,,6.0,3.0,50.0,2.62,1.31,0.17,0.33,,,,,,,,,,,,,,,,,,
Antonios Papadopoulos,13d23b29,345,deGER,"DF,MF",Dortmund,22.0,1999.0,1,0,13.0,0.1,0.0,0.0,0.0,0.0,0.0,0.0,0,0,0.0,0.0,0.0,0.0,0.0,Matches,2022-2023,GER,,0.0,,,,,,,,,,,1.0,,,,,,,,,,,,,,,,,,,,,,,1.0,0.0,0.0,6.92,0.0,0.0,,,,,,,,,,,,,,,,,,,
Kevin Paredes,5c50fdbc,346,usUSA,MF,Wolfsburg,19.0,2003.0,22,1,529.0,5.9,1.0,3.0,4.0,1.0,0.0,0.0,2,0,0.17,0.51,0.68,0.17,0.68,Matches,2022-2023,GER,,8.0,,,,,,,,,,,6.0,,,,,,,,,,,,,,,,,,,,,,,4.0,2.0,50.0,0.68,0.34,0.25,0.5,,,,,,,,,,,,,,,,,,
Marco Pašalić,1866b0f1,347,hrCRO,MF,Dortmund,21.0,2000.0,1,0,11.0,0.1,0.0,0.0,0.0,0.0,0.0,0.0,0,0,0.0,0.0,0.0,0.0,0.0,Matches,2022-2023,GER,,0.0,,,,,,,,,,,0.0,,,,,,,,,,,,,,,,,,,,,,,1.0,0.0,0.0,8.18,0.0,0.0,,,,,,,,,,,,,,,,,,,
Felix Passlack,5c899683,348,deGER,"DF,MF",Dortmund,24.0,1998.0,3,0,64.0,0.7,0.0,0.0,0.0,0.0,0.0,0.0,0,0,0.0,0.0,0.0,0.0,0.0,Matches,2022-2023,GER,,3.0,,,,,,,,,,,0.0,,,,,,,,,,,,,,,,,,,,,,,0.0,0.0,,0.0,0.0,,,,,,,,,,,,,,,,,,,,
Paulinho,53070b63,349,brBRA,FW,Leverkusen,22.0,2000.0,4,1,82.0,0.9,1.0,0.0,1.0,1.0,0.0,0.0,0,0,1.1,0.0,1.1,1.1,1.1,Matches,2022-2023,GER,,0.0,,,,,,,,,,,0.0,,,,,,,,,,,,,,,,,,,,,,,2.0,1.0,50.0,2.2,1.1,0.5,1.0,,,,,,,,,,,,,,,,,,
Benjamin Pavard,45a03961,350,frFRA,DF,Bayern Munich,26.0,1996.0,30,27,2431.0,27.0,4.0,1.0,5.0,4.0,0.0,0.0,6,0,0.15,0.04,0.19,0.15,0.19,Matches,2022-2023,GER,,39.0,,,,,,,,,,,42.0,,,,,,,,,,,,,,,,,,,,,,,34.0,12.0,35.3,1.26,0.44,0.12,0.33,,,,,,,,,,,,,,,,,,
Jiří Pavlenka,0a1cb833,351,czCZE,GK,Werder Bremen,30.0,1992.0,33,33,2908.0,32.3,0.0,0.0,0.0,0.0,0.0,0.0,1,0,0.0,0.0,0.0,0.0,0.0,Matches,2022-2023,GER,,0.0,,,,,,,,,,,3.0,,,,,,,,,,,,,,,,,,,,,,,0.0,0.0,,0.0,0.0,,,33.0,33.0,2908.0,61.0,1.89,169.0,111.0,65.1,10.0,5.0,18.0,4.0,12.1,3.0,2.0,1.0,0.0,33.3
Kristian Pedersen,5154b2ba,352,dkDEN,DF,Köln,27.0,1994.0,6,3,276.0,3.1,0.0,0.0,0.0,0.0,0.0,0.0,1,0,0.0,0.0,0.0,0.0,0.0,Matches,2022-2023,GER,,4.0,,,,,,,,,,,6.0,,,,,,,,,,,,,,,,,,,,,,,1.0,0.0,0.0,0.33,0.0,0.0,,,,,,,,,,,,,,,,,,,
Mads Pedersen,582a5247,353,dkDEN,"DF,MF",Augsburg,25.0,1996.0,28,20,1838.0,20.4,0.0,0.0,0.0,0.0,0.0,0.0,6,0,0.0,0.0,0.0,0.0,0.0,Matches,2022-2023,GER,,23.0,,,,,,,,,,,17.0,,,,,,,,,,,,,,,,,,,,,,,9.0,0.0,0.0,0.44,0.0,0.0,,,,,,,,,,,,,,,,,,,
Jordan Pefok,b684a484,354,usUSA,FW,Union Berlin,26.0,1996.0,31,16,1358.0,15.1,4.0,4.0,8.0,4.0,0.0,2.0,3,0,0.27,0.27,0.53,0.27,0.53,Matches,2022-2023,GER,,7.0,,,,,,,,,,,4.0,,,,,,,,,,,,,,,,,,,,,,,34.0,7.0,20.6,2.25,0.46,0.12,0.57,,,,,,,,,,,,,,,,,,
Dženan Pejčinović,80f252f6,355,deGER,DF,Wolfsburg,17.0,2005.0,1,0,11.0,0.1,0.0,0.0,0.0,0.0,0.0,0.0,0,0,0.0,0.0,0.0,0.0,0.0,Matches,2022-2023,GER,,0.0,,,,,,,,,,,0.0,,,,,,,,,,,,,,,,,,,,,,,0.0,0.0,,0.0,0.0,,,,,,,,,,,,,,,,,,,,
Peter Pekarík,c18d22f5,356,skSVK,DF,Hertha BSC,35.0,1986.0,5,2,206.0,2.3,0.0,0.0,0.0,0.0,0.0,0.0,0,0,0.0,0.0,0.0,0.0,0.0,Matches,2022-2023,GER,,3.0,,,,,,,,,,,4.0,,,,,,,,,,,,,,,,,,,,,,,0.0,0.0,,0.0,0.0,,,,,,,,,,,,,,,,,,,,
Luca Pellegrini,3b61c9ec,357,itITA,"DF,MF",Eintracht Frankfurt,23.0,1999.0,9,7,557.0,6.2,0.0,0.0,0.0,0.0,0.0,0.0,1,0,0.0,0.0,0.0,0.0,0.0,Matches,2022-2023,GER,,9.0,,,,,,,,,,,7.0,,,,,,,,,,,,,,,,,,,,,,,14.0,2.0,14.3,2.26,0.32,0.0,0.0,,,,,,,,,,,,,,,,,,
Ricardo Pepi,a2b1ed42,358,usUSA,FW,Augsburg,19.0,2003.0,4,1,95.0,1.1,0.0,0.0,0.0,0.0,0.0,0.0,0,0,0.0,0.0,0.0,0.0,0.0,Matches,2022-2023,GER,,1.0,,,,,,,,,,,0.0,,,,,,,,,,,,,,,,,,,,,,,1.0,0.0,0.0,0.95,0.0,0.0,,,,,,,,,,,,,,,,,,,
Juan Perea,ff3d391c,359,coCOL,FW,Stuttgart,22.0,2000.0,16,3,418.0,4.6,1.0,0.0,1.0,1.0,0.0,0.0,0,0,0.22,0.0,0.22,0.22,0.22,Matches,2022-2023,GER,,4.0,,,,,,,,,,,1.0,,,,,,,,,,,,,,,,,,,,,,,2.0,1.0,50.0,0.43,0.22,0.5,1.0,,,,,,,,,,,,,,,,,,
Nils Petersen,f93e6e94,360,deGER,FW,Freiburg,33.0,1988.0,27,0,277.0,3.1,1.0,0.0,1.0,1.0,0.0,0.0,1,0,0.32,0.0,0.32,0.32,0.32,Matches,2022-2023,GER,,4.0,,,,,,,,,,,1.0,,,,,,,,,,,,,,,,,,,,,,,9.0,2.0,22.2,2.92,0.65,0.11,0.5,,,,,,,,,,,,,,,,,,
Lukas Petkov,f503ef6e,361,bgBUL,"FW,MF",Augsburg,21.0,2000.0,7,0,146.0,1.6,0.0,0.0,0.0,0.0,0.0,0.0,1,0,0.0,0.0,0.0,0.0,0.0,Matches,2022-2023,GER,,2.0,,,,,,,,,,,1.0,,,,,,,,,,,,,,,,,,,,,,,2.0,0.0,0.0,1.23,0.0,0.0,,,,,,,,,,,,,,,,,,,
Luca Pfeiffer,83e1f40e,362,deGER,FW,Stuttgart,25.0,1996.0,19,6,701.0,7.8,0.0,0.0,0.0,0.0,0.0,0.0,1,1,0.0,0.0,0.0,0.0,0.0,Matches,2022-2023,GER,,2.0,,,,,,,,,,,1.0,,,,,,,,,,,,,,,,,,,,,,,12.0,1.0,8.3,1.54,0.13,0.0,0.0,,,,,,,,,,,,,,,,,,
Maximilian Philipp,061e8e23,363,deGER,MF,Wolfsburg,28.0,1994.0,3,1,116.0,1.3,0.0,0.0,0.0,0.0,0.0,0.0,0,0,0.0,0.0,0.0,0.0,0.0,Matches,2022-2023,GER,,1.0,,,,,,,,,,,0.0,,,,,,,,,,,,,,,,,,,,,,,1.0,1.0,100.0,0.78,0.78,0.0,0.0,,,,,,,,,,,,,,,,,,
Maximilian Philipp,061e8e23,364,deGER,FW,Werder Bremen,28.0,1994.0,15,3,442.0,4.9,1.0,0.0,1.0,1.0,0.0,0.0,1,0,0.2,0.0,0.2,0.2,0.2,Matches,2022-2023,GER,,5.0,,,,,,,,,,,3.0,,,,,,,,,,,,,,,,,,,,,,,11.0,3.0,27.3,2.24,0.61,0.09,0.33,,,,,,,,,,,,,,,,,,
Amos Pieper,526ea7cc,365,deGER,DF,Werder Bremen,24.0,1998.0,29,22,1957.0,21.7,2.0,1.0,3.0,2.0,0.0,0.0,9,0,0.09,0.05,0.14,0.09,0.14,Matches,2022-2023,GER,,28.0,,,,,,,,,,,30.0,,,,,,,,,,,,,,,,,,,,,,,11.0,4.0,36.4,0.51,0.18,0.18,0.5,,,,,,,,,,,,,,,,,,
Marvin Plattenhardt,f7aa75bd,366,deGER,"DF,MF",Hertha BSC,30.0,1992.0,31,29,2402.0,26.7,0.0,2.0,2.0,0.0,0.0,0.0,3,0,0.0,0.07,0.07,0.0,0.07,Matches,2022-2023,GER,,32.0,,,,,,,,,,,15.0,,,,,,,,,,,,,,,,,,,,,,,8.0,1.0,12.5,0.3,0.04,0.0,0.0,,,,,,,,,,,,,,,,,,
Alassane Pléa,bc6bd723,367,frFRA,"MF,FW",Gladbach,29.0,1993.0,29,20,1774.0,19.7,2.0,9.0,11.0,1.0,1.0,2.0,5,0,0.1,0.46,0.56,0.05,0.51,Matches,2022-2023,GER,,7.0,,,,,,,,,,,12.0,,,,,,,,,,,,,,,,,,,,,,,29.0,13.0,44.8,1.47,0.66,0.03,0.08,,,,,,,,,,,,,,,,,,
Joel Pohjanpalo,ea003d07,368,fiFIN,FW,Leverkusen,27.0,1994.0,1,0,4.0,0.0,0.0,0.0,0.0,0.0,0.0,0.0,0,0,0.0,0.0,0.0,0.0,0.0,Matches,2022-2023,GER,,0.0,,,,,,,,,,,0.0,,,,,,,,,,,,,,,,,,,,,,,0.0,0.0,,0.0,0.0,,,,,,,,,,,,,,,,,,,,
Sebastian Polter,3745e8bd,369,deGER,FW,Schalke 04,31.0,1991.0,19,5,630.0,7.0,2.0,3.0,5.0,2.0,0.0,0.0,3,0,0.29,0.43,0.71,0.29,0.71,Matches,2022-2023,GER,,3.0,,,,,,,,,,,1.0,,,,,,,,,,,,,,,,,,,,,,,12.0,7.0,58.3,1.71,1.0,0.17,0.29,,,,,,,,,,,,,,,,,,
Stefan Posch,7f609bfc,370,atAUT,DF,Hoffenheim,25.0,1997.0,1,1,18.0,0.2,0.0,0.0,0.0,0.0,0.0,0.0,2,1,0.0,0.0,0.0,0.0,0.0,Matches,2022-2023,GER,,0.0,,,,,,,,,,,0.0,,,,,,,,,,,,,,,,,,,,,,,0.0,0.0,,0.0,0.0,,,,,,,,,,,,,,,,,,,,
Yussuf Poulsen,d2416c2e,371,dkDEN,FW,RB Leipzig,28.0,1994.0,19,3,411.0,4.6,2.0,1.0,3.0,2.0,0.0,0.0,1,0,0.44,0.22,0.66,0.44,0.66,Matches,2022-2023,GER,,4.0,,,,,,,,,,,0.0,,,,,,,,,,,,,,,,,,,,,,,13.0,6.0,46.2,2.85,1.31,0.15,0.33,,,,,,,,,,,,,,,,,,
Grischa Prömel,924f9191,372,deGER,MF,Hoffenheim,27.0,1995.0,18,17,1454.0,16.2,1.0,1.0,2.0,1.0,0.0,0.0,4,0,0.06,0.06,0.12,0.06,0.12,Matches,2022-2023,GER,,19.0,,,,,,,,,,,8.0,,,,,,,,,,,,,,,,,,,,,,,24.0,5.0,20.8,1.49,0.31,0.04,0.2,,,,,,,,,,,,,,,,,,
Tymoteusz Puchacz,c68b1b13,373,plPOL,MF,Union Berlin,23.0,1999.0,1,1,58.0,0.6,0.0,0.0,0.0,0.0,0.0,0.0,0,0,0.0,0.0,0.0,0.0,0.0,Matches,2022-2023,GER,,0.0,,,,,,,,,,,0.0,,,,,,,,,,,,,,,,,,,,,,,0.0,0.0,,0.0,0.0,,,,,,,,,,,,,,,,,,,,
Eduardo Quaresma,7ec723b7,374,ptPOR,DF,Hoffenheim,20.0,2002.0,4,1,88.0,1.0,0.0,0.0,0.0,0.0,0.0,0.0,0,0,0.0,0.0,0.0,0.0,0.0,Matches,2022-2023,GER,,3.0,,,,,,,,,,,0.0,,,,,,,,,,,,,,,,,,,,,,,0.0,0.0,,0.0,0.0,,,,,,,,,,,,,,,,,,,,
Joshua Quarshie,3c200e05,375,deGER,DF,Hoffenheim,18.0,2004.0,1,0,1.0,0.0,0.0,0.0,0.0,0.0,0.0,0.0,0,0,0.0,0.0,0.0,0.0,0.0,Matches,2022-2023,GER,,0.0,,,,,,,,,,,0.0,,,,,,,,,,,,,,,,,,,,,,,0.0,0.0,,0.0,0.0,,,,,,,,,,,,,,,,,,,,
Diant Ramaj,b90c4a43,376,deGER,GK,Eintracht Frankfurt,20.0,2001.0,1,1,90.0,1.0,0.0,0.0,0.0,0.0,0.0,0.0,0,0,0.0,0.0,0.0,0.0,0.0,Matches,2022-2023,GER,,0.0,,,,,,,,,,,1.0,,,,,,,,,,,,,,,,,,,,,,,0.0,0.0,,0.0,0.0,,,1.0,1.0,90.0,1.0,1.0,6.0,5.0,83.3,0.0,1.0,0.0,0.0,0.0,0.0,0.0,0.0,0.0,
Nicolai Rapp,c8b3a472,377,deGER,"DF,MF",Werder Bremen,25.0,1996.0,7,0,71.0,0.8,0.0,0.0,0.0,0.0,0.0,0.0,0,0,0.0,0.0,0.0,0.0,0.0,Matches,2022-2023,GER,,2.0,,,,,,,,,,,0.0,,,,,,,,,,,,,,,,,,,,,,,1.0,0.0,0.0,1.27,0.0,0.0,,,,,,,,,,,,,,,,,,,
David Raum,7d450ed3,378,deGER,"MF,DF",RB Leipzig,24.0,1998.0,28,19,1685.0,18.7,0.0,2.0,2.0,0.0,0.0,0.0,5,0,0.0,0.11,0.11,0.0,0.11,Matches,2022-2023,GER,,25.0,,,,,,,,,,,16.0,,,,,,,,,,,,,,,,,,,,,,,14.0,5.0,35.7,0.75,0.27,0.0,0.0,,,,,,,,,,,,,,,,,,
Rocco Reitz,cc971106,379,deGER,MF,Gladbach,20.0,2002.0,1,0,3.0,0.0,0.0,0.0,0.0,0.0,0.0,0.0,0,0,0.0,0.0,0.0,0.0,0.0,Matches,2022-2023,GER,,0.0,,,,,,,,,,,0.0,,,,,,,,,,,,,,,,,,,,,,,0.0,0.0,,0.0,0.0,,,,,,,,,,,,,,,,,,,,
Marco Reus,36a3ff67,380,deGER,MF,Dortmund,33.0,1989.0,25,14,1353.0,15.0,6.0,4.0,10.0,5.0,1.0,1.0,4,0,0.4,0.27,0.67,0.33,0.6,Matches,2022-2023,GER,,16.0,,,,,,,,,,,9.0,,,,,,,,,,,,,,,,,,,,,,,37.0,11.0,29.7,2.46,0.73,0.14,0.45,,,,,,,,,,,,,,,,,,
Elvis Rexhbeçaj,1ae836b1,381,xkKVX,MF,Augsburg,24.0,1997.0,31,30,2524.0,28.0,0.0,0.0,0.0,0.0,0.0,0.0,6,0,0.0,0.0,0.0,0.0,0.0,Matches,2022-2023,GER,,30.0,,,,,,,,,,,18.0,,,,,,,,,,,,,,,,,,,,,,,16.0,5.0,31.3,0.57,0.18,0.0,0.0,,,,,,,,,,,,,,,,,,
Gio Reyna,7fa4e703,382,usUSA,MF,Dortmund,19.0,2002.0,22,4,625.0,6.9,7.0,2.0,9.0,6.0,1.0,1.0,2,0,1.01,0.29,1.3,0.86,1.15,Matches,2022-2023,GER,,8.0,,,,,,,,,,,2.0,,,,,,,,,,,,,,,,,,,,,,,25.0,12.0,48.0,3.6,1.73,0.24,0.5,,,,,,,,,,,,,,,,,,
Marco Richter,f972644c,383,deGER,"MF,FW",Hertha BSC,24.0,1997.0,29,21,1836.0,20.4,6.0,5.0,11.0,6.0,0.0,0.0,8,0,0.29,0.25,0.54,0.29,0.54,Matches,2022-2023,GER,,24.0,,,,,,,,,,,23.0,,,,,,,,,,,,,,,,,,,,,,,50.0,15.0,30.0,2.45,0.74,0.12,0.4,,,,,,,,,,,,,,,,,,
Manuel Riemann,9f941969,384,deGER,GK,Bochum,33.0,1988.0,34,34,3060.0,34.0,0.0,0.0,0.0,0.0,0.0,0.0,3,0,0.0,0.0,0.0,0.0,0.0,Matches,2022-2023,GER,,2.0,,,,,,,,,,,5.0,,,,,,,,,,,,,,,,,,,,,,,1.0,0.0,0.0,0.03,0.0,0.0,,34.0,34.0,3060.0,72.0,2.12,189.0,127.0,66.1,10.0,5.0,19.0,5.0,14.7,14.0,8.0,3.0,3.0,27.3
Sebastian Rode,e12b0b5b,385,deGER,MF,Eintracht Frankfurt,31.0,1990.0,27,19,1414.0,15.7,4.0,1.0,5.0,4.0,0.0,0.0,6,0,0.25,0.06,0.32,0.25,0.32,Matches,2022-2023,GER,,23.0,,,,,,,,,,,15.0,,,,,,,,,,,,,,,,,,,,,,,9.0,4.0,44.4,0.57,0.25,0.44,1.0,,,,,,,,,,,,,,,,,,
Agustín Rogel,ea42c03f,386,uyURU,DF,Hertha BSC,24.0,1997.0,20,14,1426.0,15.8,0.0,1.0,1.0,0.0,0.0,0.0,7,0,0.0,0.06,0.06,0.0,0.06,Matches,2022-2023,GER,,9.0,,,,,,,,,,,14.0,,,,,,,,,,,,,,,,,,,,,,,5.0,0.0,0.0,0.32,0.0,0.0,,,,,,,,,,,,,,,,,,,
Merlin Röhl,1f2c7b55,387,deGER,MF,Freiburg,20.0,2002.0,3,0,57.0,0.6,0.0,1.0,1.0,0.0,0.0,0.0,0,0,0.0,1.58,1.58,0.0,1.58,Matches,2022-2023,GER,,1.0,,,,,,,,,,,0.0,,,,,,,,,,,,,,,,,,,,,,,0.0,0.0,,0.0,0.0,,,,,,,,,,,,,,,,,,,,
Tony Rölke,779aa25c,388,deGER,FW,Hertha BSC,19.0,2003.0,1,0,20.0,0.2,0.0,0.0,0.0,0.0,0.0,0.0,0,0,0.0,0.0,0.0,0.0,0.0,Matches,2022-2023,GER,,0.0,,,,,,,,,,,0.0,,,,,,,,,,,,,,,,,,,,,,,0.0,0.0,,0.0,0.0,,,,,,,,,,,,,,,,,,,,
Tom Rothe,90c1f9a4,389,deGER,MF,Dortmund,17.0,2004.0,2,0,26.0,0.3,0.0,0.0,0.0,0.0,0.0,0.0,0,0,0.0,0.0,0.0,0.0,0.0,Matches,2022-2023,GER,,1.0,,,,,,,,,,,1.0,,,,,,,,,,,,,,,,,,,,,,,1.0,0.0,0.0,3.46,0.0,0.0,,,,,,,,,,,,,,,,,,,
Jérôme Roussillon,13203c45,390,frFRA,"DF,MF",Wolfsburg,29.0,1993.0,4,0,22.0,0.2,0.0,0.0,0.0,0.0,0.0,0.0,0,0,0.0,0.0,0.0,0.0,0.0,Matches,2022-2023,GER,,0.0,,,,,,,,,,,0.0,,,,,,,,,,,,,,,,,,,,,,,0.0,0.0,,0.0,0.0,,,,,,,,,,,,,,,,,,,,
Jérôme Roussillon,13203c45,391,frFRA,MF,Union Berlin,29.0,1993.0,16,11,957.0,10.6,0.0,2.0,2.0,0.0,0.0,0.0,2,0,0.0,0.19,0.19,0.0,0.19,Matches,2022-2023,GER,,9.0,,,,,,,,,,,4.0,,,,,,,,,,,,,,,,,,,,,,,9.0,3.0,33.3,0.85,0.28,0.0,0.0,,,,,,,,,,,,,,,,,,
Sebastian Rudy,80f36c88,392,deGER,MF,Hoffenheim,32.0,1990.0,22,6,794.0,8.8,0.0,1.0,1.0,0.0,0.0,0.0,3,0,0.0,0.11,0.11,0.0,0.11,Matches,2022-2023,GER,,12.0,,,,,,,,,,,10.0,,,,,,,,,,,,,,,,,,,,,,,5.0,2.0,40.0,0.57,0.23,0.0,0.0,,,,,,,,,,,,,,,,,,
Georginio Rutter,c64c01fc,393,frFRA,FW,Hoffenheim,20.0,2002.0,15,11,1009.0,11.2,2.0,2.0,4.0,2.0,0.0,0.0,2,0,0.18,0.18,0.36,0.18,0.36,Matches,2022-2023,GER,,5.0,,,,,,,,,,,5.0,,,,,,,,,,,,,,,,,,,,,,,27.0,14.0,51.9,2.41,1.25,0.07,0.14,,,,,,,,,,,,,,,,,,
Julian Ryerson,009a4f60,394,noNOR,MF,Union Berlin,24.0,1997.0,13,12,1037.0,11.5,0.0,0.0,0.0,0.0,0.0,0.0,2,0,0.0,0.0,0.0,0.0,0.0,Matches,2022-2023,GER,,18.0,,,,,,,,,,,12.0,,,,,,,,,,,,,,,,,,,,,,,16.0,6.0,37.5,1.39,0.52,0.0,0.0,,,,,,,,,,,,,,,,,,
Julian Ryerson,009a4f60,395,noNOR,DF,Dortmund,24.0,1997.0,17,17,1410.0,15.7,1.0,1.0,2.0,1.0,0.0,0.0,2,0,0.06,0.06,0.13,0.06,0.13,Matches,2022-2023,GER,,15.0,,,,,,,,,,,8.0,,,,,,,,,,,,,,,,,,,,,,,10.0,3.0,30.0,0.64,0.19,0.1,0.33,,,,,,,,,,,,,,,,,,
Frederik Rønnow,a70b8345,396,dkDEN,GK,Union Berlin,29.0,1992.0,29,29,2610.0,29.0,0.0,1.0,1.0,0.0,0.0,0.0,2,0,0.0,0.03,0.03,0.0,0.03,Matches,2022-2023,GER,,0.0,,,,,,,,,,,0.0,,,,,,,,,,,,,,,,,,,,,,,0.0,0.0,,0.0,0.0,,,29.0,29.0,2610.0,27.0,0.93,116.0,94.0,81.0,16.0,7.0,6.0,11.0,37.9,5.0,5.0,0.0,0.0,0.0
Marcel Sabitzer,e280527c,397,atAUT,MF,Bayern Munich,28.0,1994.0,15,7,628.0,7.0,1.0,1.0,2.0,1.0,0.0,0.0,2,0,0.14,0.14,0.29,0.14,0.29,Matches,2022-2023,GER,,14.0,,,,,,,,,,,9.0,,,,,,,,,,,,,,,,,,,,,,,15.0,5.0,33.3,2.15,0.72,0.07,0.2,,,,,,,,,,,,,,,,,,
Dikeni-Rafid Salifou,e1830c52,398,tgTOG,MF,Werder Bremen,19.0,2003.0,1,0,1.0,0.0,0.0,0.0,0.0,0.0,0.0,0.0,0,0,0.0,0.0,0.0,0.0,0.0,Matches,2022-2023,GER,,0.0,,,,,,,,,,,0.0,,,,,,,,,,,,,,,,,,,,,,,0.0,0.0,,0.0,0.0,,,,,,,,,,,,,,,,,,,,
Roland Sallai,bf075f6b,399,huHUN,"MF,FW",Freiburg,25.0,1997.0,19,10,1002.0,11.1,1.0,3.0,4.0,1.0,0.0,0.0,6,0,0.09,0.27,0.36,0.09,0.36,Matches,2022-2023,GER,,6.0,,,,,,,,,,,2.0,,,,,,,,,,,,,,,,,,,,,,,32.0,11.0,34.4,2.87,0.99,0.03,0.09,,,,,,,,,,,,,,,,,,
Diadie Samassékou,08593525,400,mlMLI,MF,Hoffenheim,26.0,1996.0,2,1,34.0,0.4,0.0,0.0,0.0,0.0,0.0,0.0,1,0,0.0,0.0,0.0,0.0,0.0,Matches,2022-2023,GER,,0.0,,,,,,,,,,,0.0,,,,,,,,,,,,,,,,,,,,,,,0.0,0.0,,0.0,0.0,,,,,,,,,,,,,,,,,,,,
Leroy Sané,2b114be3,401,deGER,MF,Bayern Munich,26.0,1996.0,32,20,2010.0,22.3,8.0,7.0,15.0,8.0,0.0,0.0,4,0,0.36,0.31,0.67,0.36,0.67,Matches,2022-2023,GER,,30.0,,,,,,,,,,,4.0,,,,,,,,,,,,,,,,,,,,,,,79.0,29.0,36.7,3.54,1.3,0.1,0.28,,,,,,,,,,,,,,,,,,
Sidi Sané,6a52a6c6,402,deGER,MF,Schalke 04,19.0,2003.0,1,0,25.0,0.3,0.0,0.0,0.0,0.0,0.0,0.0,0,0,0.0,0.0,0.0,0.0,0.0,Matches,2022-2023,GER,,1.0,,,,,,,,,,,0.0,,,,,,,,,,,,,,,,,,,,,,,0.0,0.0,,0.0,0.0,,,,,,,,,,,,,,,,,,,,
Bouna Sarr,1a4b9094,403,snSEN,"DF,MF",Bayern Munich,30.0,1992.0,1,0,3.0,0.0,0.0,0.0,0.0,0.0,0.0,0.0,0,0,0.0,0.0,0.0,0.0,0.0,Matches,2022-2023,GER,,0.0,,,,,,,,,,,0.0,,,,,,,,,,,,,,,,,,,,,,,0.0,0.0,,0.0,0.0,,,,,,,,,,,,,,,,,,,,
Joe Scally,236f02cd,404,usUSA,DF,Gladbach,19.0,2002.0,28,25,2208.0,24.5,0.0,0.0,0.0,0.0,0.0,0.0,2,0,0.0,0.0,0.0,0.0,0.0,Matches,2022-2023,GER,,19.0,,,,,,,,,,,7.0,,,,,,,,,,,,,,,,,,,,,,,7.0,1.0,14.3,0.29,0.04,0.0,0.0,,,,,,,,,,,,,,,,,,
Kevin Schade,52afb588,405,deGER,MF,Freiburg,20.0,2001.0,8,1,182.0,2.0,1.0,0.0,1.0,1.0,0.0,0.0,0,0,0.49,0.0,0.49,0.49,0.49,Matches,2022-2023,GER,,4.0,,,,,,,,,,,0.0,,,,,,,,,,,,,,,,,,,,,,,4.0,1.0,25.0,1.98,0.49,0.25,1.0,,,,,,,,,,,,,,,,,,
András Schäfer,049751d7,406,huHUN,MF,Union Berlin,23.0,1999.0,16,10,860.0,9.6,0.0,0.0,0.0,0.0,0.0,0.0,0,0,0.0,0.0,0.0,0.0,0.0,Matches,2022-2023,GER,,9.0,,,,,,,,,,,4.0,,,,,,,,,,,,,,,,,,,,,,,7.0,1.0,14.3,0.73,0.1,0.0,0.0,,,,,,,,,,,,,,,,,,
Derry Scherhant,93cba339,407,deGER,MF,Hertha BSC,19.0,2002.0,10,2,285.0,3.2,1.0,0.0,1.0,1.0,0.0,0.0,0,0,0.32,0.0,0.32,0.32,0.32,Matches,2022-2023,GER,,6.0,,,,,,,,,,,0.0,,,,,,,,,,,,,,,,,,,,,,,4.0,1.0,25.0,1.26,0.32,0.25,1.0,,,,,,,,,,,,,,,,,,
Patrik Schick,5d4f7d61,408,czCZE,FW,Leverkusen,26.0,1996.0,14,10,941.0,10.5,3.0,1.0,4.0,3.0,0.0,0.0,0,0,0.29,0.1,0.38,0.29,0.38,Matches,2022-2023,GER,,0.0,,,,,,,,,,,1.0,,,,,,,,,,,,,,,,,,,,,,,34.0,14.0,41.2,3.25,1.34,0.09,0.21,,,,,,,,,,,,,,,,,,
Kingsley Schindler,bd527260,409,ghGHA,"MF,DF",Köln,29.0,1993.0,29,8,1088.0,12.1,0.0,1.0,1.0,0.0,0.0,0.0,4,0,0.0,0.08,0.08,0.0,0.08,Matches,2022-2023,GER,,10.0,,,,,,,,,,,13.0,,,,,,,,,,,,,,,,,,,,,,,11.0,4.0,36.4,0.91,0.33,0.0,0.0,,,,,,,,,,,,,,,,,,
Xaver Schlager,8f056768,410,atAUT,MF,RB Leipzig,24.0,1997.0,22,16,1506.0,16.7,1.0,1.0,2.0,1.0,0.0,0.0,2,0,0.06,0.06,0.12,0.06,0.12,Matches,2022-2023,GER,,25.0,,,,,,,,,,,16.0,,,,,,,,,,,,,,,,,,,,,,,5.0,1.0,20.0,0.3,0.06,0.2,1.0,,,,,,,,,,,,,,,,,,
Keven Schlotterbeck,f6bdc830,411,deGER,DF,Freiburg,25.0,1997.0,2,0,14.0,0.2,0.0,0.0,0.0,0.0,0.0,0.0,0,0,0.0,0.0,0.0,0.0,0.0,Matches,2022-2023,GER,,0.0,,,,,,,,,,,2.0,,,,,,,,,,,,,,,,,,,,,,,0.0,0.0,,0.0,0.0,,,,,,,,,,,,,,,,,,,,
Keven Schlotterbeck,f6bdc830,412,deGER,DF,Bochum,25.0,1997.0,13,8,734.0,8.2,2.0,0.0,2.0,2.0,0.0,0.0,3,0,0.25,0.0,0.25,0.25,0.25,Matches,2022-2023,GER,,9.0,,,,,,,,,,,13.0,,,,,,,,,,,,,,,,,,,,,,,8.0,4.0,50.0,0.98,0.49,0.25,0.5,,,,,,,,,,,,,,,,,,
Nico Schlotterbeck,34e12499,413,deGER,DF,Dortmund,22.0,1999.0,28,27,2252.0,25.0,4.0,5.0,9.0,4.0,0.0,0.0,3,0,0.16,0.2,0.36,0.16,0.36,Matches,2022-2023,GER,,35.0,,,,,,,,,,,34.0,,,,,,,,,,,,,,,,,,,,,,,18.0,6.0,33.3,0.72,0.24,0.22,0.67,,,,,,,,,,,,,,,,,,
Jonathan Schmid,088ca1bd,414,frFRA,"DF,MF",Freiburg,32.0,1990.0,3,0,41.0,0.5,0.0,0.0,0.0,0.0,0.0,0.0,0,0,0.0,0.0,0.0,0.0,0.0,Matches,2022-2023,GER,,1.0,,,,,,,,,,,1.0,,,,,,,,,,,,,,,,,,,,,,,1.0,1.0,100.0,2.2,2.2,0.0,0.0,,,,,,,,,,,,,,,,,,
Romano Schmid,220ace7e,415,atAUT,"MF,FW",Werder Bremen,22.0,2000.0,27,15,1520.0,16.9,1.0,3.0,4.0,1.0,0.0,0.0,3,0,0.06,0.18,0.24,0.06,0.24,Matches,2022-2023,GER,,16.0,,,,,,,,,,,5.0,,,,,,,,,,,,,,,,,,,,,,,18.0,3.0,16.7,1.07,0.18,0.06,0.33,,,,,,,,,,,,,,,,,,
Kenneth Schmidt,7d31f1cb,416,deGER,DF,Freiburg,20.0,2002.0,5,3,251.0,2.8,0.0,0.0,0.0,0.0,0.0,0.0,1,0,0.0,0.0,0.0,0.0,0.0,Matches,2022-2023,GER,,3.0,,,,,,,,,,,0.0,,,,,,,,,,,,,,,,,,,,,,,0.0,0.0,,0.0,0.0,,,,,,,,,,,,,,,,,,,,
Niklas Schmidt,b9ae8560,417,deGER,MF,Werder Bremen,24.0,1998.0,24,11,1087.0,12.1,3.0,0.0,3.0,3.0,0.0,0.0,3,0,0.25,0.0,0.25,0.25,0.25,Matches,2022-2023,GER,,11.0,,,,,,,,,,,6.0,,,,,,,,,,,,,,,,,,,,,,,21.0,9.0,42.9,1.74,0.75,0.14,0.33,,,,,,,,,,,,,,,,,,
Benno Schmitz,ad00b1a8,418,deGER,DF,Köln,27.0,1994.0,31,30,2420.0,26.9,1.0,0.0,1.0,1.0,0.0,0.0,6,0,0.04,0.0,0.04,0.04,0.04,Matches,2022-2023,GER,,39.0,,,,,,,,,,,24.0,,,,,,,,,,,,,,,,,,,,,,,10.0,2.0,20.0,0.37,0.07,0.1,0.5,,,,,,,,,,,,,,,,,,
Marvin Schwäbe,87436846,419,deGER,GK,Köln,27.0,1995.0,34,34,3060.0,34.0,0.0,0.0,0.0,0.0,0.0,0.0,1,0,0.0,0.0,0.0,0.0,0.0,Matches,2022-2023,GER,,0.0,,,,,,,,,,,2.0,,,,,,,,,,,,,,,,,,,,,,,0.0,0.0,,0.0,0.0,,,34.0,34.0,3060.0,54.0,1.59,127.0,77.0,60.6,10.0,12.0,12.0,6.0,17.6,5.0,4.0,1.0,0.0,20.0
Alexander Schwolow,0d55d942,420,deGER,GK,Schalke 04,30.0,1992.0,23,22,2035.0,22.6,0.0,0.0,0.0,0.0,0.0,0.0,1,0,0.0,0.0,0.0,0.0,0.0,Matches,2022-2023,GER,,0.0,,,,,,,,,,,1.0,,,,,,,,,,,,,,,,,,,,,,,1.0,0.0,0.0,0.04,0.0,0.0,,23.0,22.0,2035.0,58.0,2.57,134.0,80.0,59.7,4.0,4.0,14.0,2.0,9.1,4.0,4.0,0.0,0.0,0.0
Paul Seguin,8872ed17,421,deGER,MF,Union Berlin,27.0,1995.0,20,4,691.0,7.7,1.0,3.0,4.0,1.0,0.0,0.0,4,0,0.13,0.39,0.52,0.13,0.52,Matches,2022-2023,GER,,9.0,,,,,,,,,,,6.0,,,,,,,,,,,,,,,,,,,,,,,15.0,4.0,26.7,1.95,0.52,0.07,0.25,,,,,,,,,,,,,,,,,,
Davie Selke,1238a3f9,422,deGER,FW,Hertha BSC,27.0,1995.0,13,3,282.0,3.1,1.0,1.0,2.0,0.0,1.0,1.0,1,0,0.32,0.32,0.64,0.0,0.32,Matches,2022-2023,GER,,1.0,,,,,,,,,,,1.0,,,,,,,,,,,,,,,,,,,,,,,6.0,4.0,66.7,1.91,1.28,0.0,0.0,,,,,,,,,,,,,,,,,,
Davie Selke,1238a3f9,423,deGER,FW,Köln,27.0,1995.0,17,12,869.0,9.7,5.0,0.0,5.0,5.0,0.0,0.0,2,0,0.52,0.0,0.52,0.52,0.52,Matches,2022-2023,GER,,0.0,,,,,,,,,,,0.0,,,,,,,,,,,,,,,,,,,,,,,28.0,15.0,53.6,2.9,1.55,0.18,0.33,,,,,,,,,,,,,,,,,,
Suat Serdar,b3325a30,424,deGER,MF,Hertha BSC,25.0,1997.0,32,24,2021.0,22.5,4.0,2.0,6.0,4.0,0.0,0.0,7,0,0.18,0.09,0.27,0.18,0.27,Matches,2022-2023,GER,,24.0,,,,,,,,,,,28.0,,,,,,,,,,,,,,,,,,,,,,,24.0,7.0,29.2,1.07,0.31,0.17,0.57,,,,,,,,,,,,,,,,,,
Eniss Shabani,0c88efca,425,alALB,MF,Mainz 05,19.0,2003.0,1,0,10.0,0.1,0.0,0.0,0.0,0.0,0.0,0.0,1,0,0.0,0.0,0.0,0.0,0.0,Matches,2022-2023,GER,,0.0,,,,,,,,,,,0.0,,,,,,,,,,,,,,,,,,,,,,,0.0,0.0,,0.0,0.0,,,,,,,,,,,,,,,,,,,,
Kiliann Sildillia,313254a3,426,frFRA,"DF,MF",Freiburg,20.0,2002.0,27,23,1977.0,22.0,0.0,2.0,2.0,0.0,0.0,0.0,4,1,0.0,0.09,0.09,0.0,0.09,Matches,2022-2023,GER,,20.0,,,,,,,,,,,19.0,,,,,,,,,,,,,,,,,,,,,,,10.0,1.0,10.0,0.46,0.05,0.0,0.0,,,,,,,,,,,,,,,,,,
André Silva,3effaa34,427,ptPOR,FW,RB Leipzig,26.0,1995.0,31,20,1738.0,19.3,4.0,3.0,7.0,4.0,0.0,0.0,3,0,0.21,0.16,0.36,0.21,0.36,Matches,2022-2023,GER,,6.0,,,,,,,,,,,3.0,,,,,,,,,,,,,,,,,,,,,,,59.0,23.0,39.0,3.06,1.19,0.07,0.17,,,,,,,,,,,,,,,,,,
Mohamed Simakan,fcb27134,428,frFRA,DF,RB Leipzig,22.0,2000.0,24,18,1454.0,16.2,1.0,1.0,2.0,1.0,0.0,0.0,2,0,0.06,0.06,0.12,0.06,0.12,Matches,2022-2023,GER,,14.0,,,,,,,,,,,16.0,,,,,,,,,,,,,,,,,,,,,,,12.0,3.0,25.0,0.74,0.19,0.08,0.33,,,,,,,,,,,,,,,,,,
Daley Sinkgraven,73000a79,429,nlNED,"MF,DF",Leverkusen,27.0,1995.0,12,4,344.0,3.8,0.0,2.0,2.0,0.0,0.0,0.0,1,0,0.0,0.52,0.52,0.0,0.52,Matches,2022-2023,GER,,8.0,,,,,,,,,,,5.0,,,,,,,,,,,,,,,,,,,,,,,4.0,1.0,25.0,1.05,0.26,0.0,0.0,,,,,,,,,,,,,,,,,,
Tobias Sippel,0d8a37c2,430,deGER,GK,Gladbach,34.0,1988.0,6,5,510.0,5.7,0.0,0.0,0.0,0.0,0.0,0.0,1,0,0.0,0.0,0.0,0.0,0.0,Matches,2022-2023,GER,,0.0,,,,,,,,,,,0.0,,,,,,,,,,,,,,,,,,,,,,,0.0,0.0,,0.0,0.0,,,6.0,5.0,510.0,12.0,2.12,32.0,21.0,65.6,1.0,1.0,3.0,1.0,20.0,1.0,1.0,0.0,0.0,0.0
Hugo Siquet,c6cf860f,431,beBEL,"DF,MF",Freiburg,20.0,2002.0,2,0,17.0,0.2,0.0,0.0,0.0,0.0,0.0,0.0,0,0,0.0,0.0,0.0,0.0,0.0,Matches,2022-2023,GER,,2.0,,,,,,,,,,,0.0,,,,,,,,,,,,,,,,,,,,,,,0.0,0.0,,0.0,0.0,,,,,,,,,,,,,,,,,,,,
Tim Skarke,65857fdf,432,deGER,"FW,MF",Union Berlin,25.0,1996.0,3,0,53.0,0.6,0.0,0.0,0.0,0.0,0.0,0.0,1,0,0.0,0.0,0.0,0.0,0.0,Matches,2022-2023,GER,,1.0,,,,,,,,,,,0.0,,,,,,,,,,,,,,,,,,,,,,,4.0,2.0,50.0,6.79,3.4,0.0,0.0,,,,,,,,,,,,,,,,,,
Tim Skarke,65857fdf,433,deGER,MF,Schalke 04,25.0,1996.0,9,6,440.0,4.9,1.0,1.0,2.0,1.0,0.0,0.0,0,0,0.2,0.2,0.41,0.2,0.41,Matches,2022-2023,GER,,8.0,,,,,,,,,,,0.0,,,,,,,,,,,,,,,,,,,,,,,11.0,4.0,36.4,2.25,0.82,0.09,0.25,,,,,,,,,,,,,,,,,,
Ellyes Skhiri,c2211709,434,tnTUN,MF,Köln,27.0,1995.0,32,32,2856.0,31.7,7.0,1.0,8.0,7.0,0.0,0.0,5,0,0.22,0.03,0.25,0.22,0.25,Matches,2022-2023,GER,,46.0,,,,,,,,,,,57.0,,,,,,,,,,,,,,,,,,,,,,,32.0,13.0,40.6,1.01,0.41,0.22,0.54,,,,,,,,,,,,,,,,,,
Robert Skov,ff98492b,435,dkDEN,MF,Hoffenheim,26.0,1996.0,23,16,1349.0,15.0,3.0,2.0,5.0,1.0,2.0,2.0,1,0,0.2,0.13,0.33,0.07,0.2,Matches,2022-2023,GER,,11.0,,,,,,,,,,,8.0,,,,,,,,,,,,,,,,,,,,,,,41.0,14.0,34.1,2.74,0.93,0.02,0.07,,,,,,,,,,,,,,,,,,
Hrvoje Smolčić,c967f6b8,436,hrCRO,DF,Eintracht Frankfurt,21.0,2000.0,9,4,471.0,5.2,0.0,0.0,0.0,0.0,0.0,0.0,0,0,0.0,0.0,0.0,0.0,0.0,Matches,2022-2023,GER,,7.0,,,,,,,,,,,6.0,,,,,,,,,,,,,,,,,,,,,,,3.0,0.0,0.0,0.57,0.0,0.0,,,,,,,,,,,,,,,,,,,
Danilo Soares,c05f2f8c,437,brBRA,DF,Bochum,30.0,1991.0,23,23,1766.0,19.6,0.0,0.0,0.0,0.0,0.0,0.0,6,0,0.0,0.0,0.0,0.0,0.0,Matches,2022-2023,GER,,47.0,,,,,,,,,,,30.0,,,,,,,,,,,,,,,,,,,,,,,2.0,0.0,0.0,0.1,0.0,0.0,,,,,,,,,,,,,,,,,,,
Nikola Soldo,4f627629,438,hrCRO,DF,Köln,21.0,2001.0,7,6,593.0,6.6,0.0,0.0,0.0,0.0,0.0,0.0,1,0,0.0,0.0,0.0,0.0,0.0,Matches,2022-2023,GER,,9.0,,,,,,,,,,,7.0,,,,,,,,,,,,,,,,,,,,,,,6.0,0.0,0.0,0.91,0.0,0.0,,,,,,,,,,,,,,,,,,,
Yann Sommer,420c18a1,439,chSUI,GK,Bayern Munich,33.0,1988.0,19,19,1710.0,19.0,0.0,0.0,0.0,0.0,0.0,0.0,1,0,0.0,0.0,0.0,0.0,0.0,Matches,2022-2023,GER,,0.0,,,,,,,,,,,1.0,,,,,,,,,,,,,,,,,,,,,,,0.0,0.0,,0.0,0.0,,,19.0,19.0,1710.0,25.0,1.32,48.0,30.0,62.5,11.0,4.0,4.0,5.0,26.3,7.0,7.0,0.0,0.0,0.0
Yann Sommer,420c18a1,440,chSUI,GK,Gladbach,33.0,1988.0,10,10,900.0,10.0,0.0,0.0,0.0,0.0,0.0,0.0,0,0,0.0,0.0,0.0,0.0,0.0,Matches,2022-2023,GER,,0.0,,,,,,,,,,,0.0,,,,,,,,,,,,,,,,,,,,,,,0.0,0.0,,0.0,0.0,,,10.0,10.0,900.0,14.0,1.4,59.0,47.0,79.7,4.0,4.0,2.0,3.0,30.0,2.0,2.0,0.0,0.0,0.0
Borna Sosa,af0d79a9,441,hrCRO,"MF,DF",Stuttgart,24.0,1998.0,25,22,1955.0,21.7,2.0,7.0,9.0,2.0,0.0,0.0,5,0,0.09,0.32,0.41,0.09,0.41,Matches,2022-2023,GER,,20.0,,,,,,,,,,,17.0,,,,,,,,,,,,,,,,,,,,,,,15.0,6.0,40.0,0.69,0.28,0.13,0.33,,,,,,,,,,,,,,,,,,
Djibril Sow,4c6facae,442,chSUI,MF,Eintracht Frankfurt,25.0,1997.0,32,30,2646.0,29.4,4.0,0.0,4.0,4.0,0.0,0.0,9,0,0.14,0.0,0.14,0.14,0.14,Matches,2022-2023,GER,,24.0,,,,,,,,,,,32.0,,,,,,,,,,,,,,,,,,,,,,,28.0,10.0,35.7,0.95,0.34,0.14,0.4,,,,,,,,,,,,,,,,,,
Anton Stach,0f59a7bf,443,deGER,MF,Mainz 05,23.0,1998.0,30,22,2070.0,23.0,1.0,4.0,5.0,1.0,0.0,0.0,4,0,0.04,0.17,0.22,0.04,0.22,Matches,2022-2023,GER,,21.0,,,,,,,,,,,40.0,,,,,,,,,,,,,,,,,,,,,,,36.0,10.0,27.8,1.57,0.43,0.03,0.1,,,,,,,,,,,,,,,,,,
Kostas Stafylidis,861e0116,444,grGRE,"DF,MF",Bochum,28.0,1993.0,19,11,1043.0,11.6,0.0,2.0,2.0,0.0,0.0,0.0,4,0,0.0,0.17,0.17,0.0,0.17,Matches,2022-2023,GER,,16.0,,,,,,,,,,,20.0,,,,,,,,,,,,,,,,,,,,,,,14.0,2.0,14.3,1.21,0.17,0.0,0.0,,,,,,,,,,,,,,,,,,
Jens Stage,1fffae99,445,dkDEN,MF,Werder Bremen,25.0,1996.0,32,21,1855.0,20.6,3.0,3.0,6.0,3.0,0.0,0.0,5,0,0.15,0.15,0.29,0.15,0.29,Matches,2022-2023,GER,,17.0,,,,,,,,,,,16.0,,,,,,,,,,,,,,,,,,,,,,,19.0,7.0,36.8,0.92,0.34,0.16,0.43,,,,,,,,,,,,,,,,,,
Veit Stange,e52d33d0,446,deGER,MF,Hertha BSC,18.0,2004.0,1,0,8.0,0.1,0.0,0.0,0.0,0.0,0.0,0.0,0,0,0.0,0.0,0.0,0.0,0.0,Matches,2022-2023,GER,,1.0,,,,,,,,,,,0.0,,,,,,,,,,,,,,,,,,,,,,,0.0,0.0,,0.0,0.0,,,,,,,,,,,,,,,,,,,,
Josip Stanišić,7ed08d5c,447,hrCRO,DF,Bayern Munich,22.0,2000.0,14,4,579.0,6.4,0.0,0.0,0.0,0.0,0.0,0.0,1,0,0.0,0.0,0.0,0.0,0.0,Matches,2022-2023,GER,,11.0,,,,,,,,,,,7.0,,,,,,,,,,,,,,,,,,,,,,,0.0,0.0,,0.0,0.0,,,,,,,,,,,,,,,,,,,,
Niklas Stark,aad48be9,448,deGER,DF,Werder Bremen,27.0,1995.0,27,23,2077.0,23.1,0.0,0.0,0.0,0.0,0.0,0.0,9,0,0.0,0.0,0.0,0.0,0.0,Matches,2022-2023,GER,,35.0,,,,,,,,,,,36.0,,,,,,,,,,,,,,,,,,,,,,,3.0,1.0,33.3,0.13,0.04,0.0,0.0,,,,,,,,,,,,,,,,,,
Pascal Stenzel,99f7e9aa,449,deGER,DF,Stuttgart,26.0,1996.0,12,3,333.0,3.7,0.0,1.0,1.0,0.0,0.0,0.0,0,0,0.0,0.27,0.27,0.0,0.27,Matches,2022-2023,GER,,8.0,,,,,,,,,,,6.0,,,,,,,,,,,,,,,,,,,,,,,2.0,0.0,0.0,0.54,0.0,0.0,,,,,,,,,,,,,,,,,,,
Angelo Stiller,3b1ed320,450,deGER,MF,Hoffenheim,21.0,2001.0,20,6,704.0,7.8,1.0,1.0,2.0,1.0,0.0,0.0,1,0,0.13,0.13,0.26,0.13,0.26,Matches,2022-2023,GER,,12.0,,,,,,,,,,,8.0,,,,,,,,,,,,,,,,,,,,,,,7.0,3.0,42.9,0.89,0.38,0.14,0.33,,,,,,,,,,,,,,,,,,
Lars Stindl,7cd6badb,451,deGER,MF,Gladbach,33.0,1988.0,29,20,1734.0,19.3,8.0,7.0,15.0,8.0,0.0,0.0,9,0,0.42,0.36,0.78,0.42,0.78,Matches,2022-2023,GER,,13.0,,,,,,,,,,,11.0,,,,,,,,,,,,,,,,,,,,,,,50.0,22.0,44.0,2.6,1.14,0.16,0.36,,,,,,,,,,,,,,,,,,
Kevin Stöger,e5649a78,452,atAUT,MF,Bochum,28.0,1993.0,32,29,2599.0,28.9,5.0,3.0,8.0,2.0,3.0,3.0,3,0,0.17,0.1,0.28,0.07,0.17,Matches,2022-2023,GER,,47.0,,,,,,,,,,,27.0,,,,,,,,,,,,,,,,,,,,,,,48.0,14.0,29.2,1.66,0.48,0.04,0.14,,,,,,,,,,,,,,,,,,
Niklas Süle,e33c06cf,453,deGER,DF,Dortmund,26.0,1995.0,29,23,2118.0,23.5,2.0,3.0,5.0,2.0,0.0,0.0,2,0,0.08,0.13,0.21,0.08,0.21,Matches,2022-2023,GER,,19.0,,,,,,,,,,,15.0,,,,,,,,,,,,,,,,,,,,,,,34.0,7.0,20.6,1.44,0.3,0.06,0.29,,,,,,,,,,,,,,,,,,
Ivan Šunjić,e18098de,454,baBIH,MF,Hertha BSC,25.0,1996.0,18,12,993.0,11.0,0.0,0.0,0.0,0.0,0.0,0.0,4,0,0.0,0.0,0.0,0.0,0.0,Matches,2022-2023,GER,,23.0,,,,,,,,,,,12.0,,,,,,,,,,,,,,,,,,,,,,,6.0,3.0,50.0,0.54,0.27,0.0,0.0,,,,,,,,,,,,,,,,,,
Mattias Svanberg,92d83c27,455,seSWE,MF,Wolfsburg,23.0,1999.0,32,21,1835.0,20.4,4.0,6.0,10.0,4.0,0.0,0.0,4,0,0.2,0.29,0.49,0.2,0.49,Matches,2022-2023,GER,,16.0,,,,,,,,,,,22.0,,,,,,,,,,,,,,,,,,,,,,,31.0,11.0,35.5,1.52,0.54,0.13,0.36,,,,,,,,,,,,,,,,,,
Dominik Szoboszlai,934e1968,456,huHUN,"MF,FW",RB Leipzig,21.0,2000.0,31,28,2444.0,27.2,6.0,8.0,14.0,5.0,1.0,1.0,5,2,0.22,0.29,0.52,0.18,0.48,Matches,2022-2023,GER,,29.0,,,,,,,,,,,15.0,,,,,,,,,,,,,,,,,,,,,,,60.0,29.0,48.3,2.21,1.07,0.08,0.17,,,,,,,,,,,,,,,,,,
Alexander Sørloth,e92cd3f7,457,noNOR,FW,RB Leipzig,26.0,1995.0,1,0,6.0,0.1,0.0,0.0,0.0,0.0,0.0,0.0,1,0,0.0,0.0,0.0,0.0,0.0,Matches,2022-2023,GER,,0.0,,,,,,,,,,,0.0,,,,,,,,,,,,,,,,,,,,,,,0.0,0.0,,0.0,0.0,,,,,,,,,,,,,,,,,,,,
Jonathan Tah,bd142efb,458,deGER,DF,Leverkusen,26.0,1996.0,33,28,2487.0,27.6,1.0,0.0,1.0,1.0,0.0,0.0,6,0,0.04,0.0,0.04,0.04,0.04,Matches,2022-2023,GER,,14.0,,,,,,,,,,,38.0,,,,,,,,,,,,,,,,,,,,,,,10.0,2.0,20.0,0.36,0.07,0.1,0.5,,,,,,,,,,,,,,,,,,
Edmond Tapsoba,a73c8f95,459,bfBFA,DF,Leverkusen,23.0,1999.0,33,32,2871.0,31.9,1.0,0.0,1.0,0.0,1.0,2.0,5,0,0.03,0.0,0.03,0.0,0.0,Matches,2022-2023,GER,,30.0,,,,,,,,,,,39.0,,,,,,,,,,,,,,,,,,,,,,,15.0,3.0,20.0,0.47,0.09,0.0,0.0,,,,,,,,,,,,,,,,,,
Niklas Tauer,27270af4,460,deGER,FW,Mainz 05,21.0,2001.0,3,0,93.0,1.0,0.0,0.0,0.0,0.0,0.0,0.0,0,0,0.0,0.0,0.0,0.0,0.0,Matches,2022-2023,GER,,1.0,,,,,,,,,,,2.0,,,,,,,,,,,,,,,,,,,,,,,1.0,0.0,0.0,0.97,0.0,0.0,,,,,,,,,,,,,,,,,,,
Mathys Tel,829aa60c,461,frFRA,MF,Bayern Munich,17.0,2005.0,22,1,417.0,4.6,5.0,0.0,5.0,5.0,0.0,0.0,2,0,1.08,0.0,1.08,1.08,1.08,Matches,2022-2023,GER,,2.0,,,,,,,,,,,0.0,,,,,,,,,,,,,,,,,,,,,,,20.0,11.0,55.0,4.32,2.37,0.25,0.45,,,,,,,,,,,,,,,,,,
Semir Telalovic,0b45a8d7,462,deGER,FW,Gladbach,22.0,1999.0,3,0,10.0,0.1,0.0,0.0,0.0,0.0,0.0,0.0,0,0,0.0,0.0,0.0,0.0,0.0,Matches,2022-2023,GER,,0.0,,,,,,,,,,,0.0,,,,,,,,,,,,,,,,,,,,,,,1.0,1.0,100.0,9.0,9.0,0.0,0.0,,,,,,,,,,,,,,,,,,
Simon Terodde,863ff1ee,463,deGER,FW,Schalke 04,34.0,1988.0,32,21,1823.0,20.3,5.0,0.0,5.0,5.0,0.0,1.0,5,0,0.25,0.0,0.25,0.25,0.25,Matches,2022-2023,GER,,9.0,,,,,,,,,,,5.0,,,,,,,,,,,,,,,,,,,,,,,44.0,20.0,45.5,2.17,0.99,0.11,0.25,,,,,,,,,,,,,,,,,,
Malick Thiaw,ff5ea0bf,464,deGER,DF,Schalke 04,20.0,2001.0,3,3,270.0,3.0,0.0,0.0,0.0,0.0,0.0,0.0,2,0,0.0,0.0,0.0,0.0,0.0,Matches,2022-2023,GER,,1.0,,,,,,,,,,,9.0,,,,,,,,,,,,,,,,,,,,,,,2.0,1.0,50.0,0.67,0.33,0.0,0.0,,,,,,,,,,,,,,,,,,
Jan Thielmann,fd53759d,465,deGER,"MF,FW",Köln,20.0,2002.0,23,6,869.0,9.7,2.0,2.0,4.0,2.0,0.0,0.0,5,0,0.21,0.21,0.41,0.21,0.41,Matches,2022-2023,GER,,8.0,,,,,,,,,,,8.0,,,,,,,,,,,,,,,,,,,,,,,13.0,7.0,53.8,1.35,0.72,0.15,0.29,,,,,,,,,,,,,,,,,,
Morten Thorsby,d1b49282,466,noNOR,MF,Union Berlin,26.0,1996.0,24,8,833.0,9.3,1.0,1.0,2.0,1.0,0.0,0.0,3,0,0.11,0.11,0.22,0.11,0.22,Matches,2022-2023,GER,,11.0,,,,,,,,,,,3.0,,,,,,,,,,,,,,,,,,,,,,,9.0,3.0,33.3,0.97,0.32,0.11,0.33,,,,,,,,,,,,,,,,,,
Marcus Thuram,6f8cd6d0,467,frFRA,FW,Gladbach,24.0,1997.0,30,28,2513.0,27.9,13.0,6.0,19.0,13.0,0.0,0.0,3,0,0.47,0.21,0.68,0.47,0.68,Matches,2022-2023,GER,,7.0,,,,,,,,,,,6.0,,,,,,,,,,,,,,,,,,,,,,,92.0,44.0,47.8,3.29,1.58,0.14,0.3,,,,,,,,,,,,,,,,,,
Steffen Tigges,6b8887c2,468,deGER,FW,Köln,24.0,1998.0,30,17,1596.0,17.7,6.0,1.0,7.0,6.0,0.0,0.0,1,0,0.34,0.06,0.39,0.34,0.39,Matches,2022-2023,GER,,6.0,,,,,,,,,,,7.0,,,,,,,,,,,,,,,,,,,,,,,35.0,12.0,34.3,1.97,0.68,0.17,0.5,,,,,,,,,,,,,,,,,,
Umut Tohumcu,e547d3cf,469,deGER,MF,Hoffenheim,17.0,2004.0,8,2,271.0,3.0,0.0,0.0,0.0,0.0,0.0,0.0,0,0,0.0,0.0,0.0,0.0,0.0,Matches,2022-2023,GER,,6.0,,,,,,,,,,,2.0,,,,,,,,,,,,,,,,,,,,,,,4.0,0.0,0.0,1.33,0.0,0.0,,,,,,,,,,,,,,,,,,,
Tiago Tomás,b492126a,470,ptPOR,"FW,MF",Stuttgart,20.0,2002.0,27,16,1291.0,14.3,3.0,3.0,6.0,3.0,0.0,0.0,2,0,0.21,0.21,0.42,0.21,0.42,Matches,2022-2023,GER,,4.0,,,,,,,,,,,2.0,,,,,,,,,,,,,,,,,,,,,,,34.0,13.0,38.2,2.37,0.91,0.09,0.23,,,,,,,,,,,,,,,,,,
Keke Topp,ebb32f3a,471,deGER,FW,Schalke 04,18.0,2004.0,1,0,20.0,0.2,0.0,0.0,0.0,0.0,0.0,0.0,0,0,0.0,0.0,0.0,0.0,0.0,Matches,2022-2023,GER,,0.0,,,,,,,,,,,1.0,,,,,,,,,,,,,,,,,,,,,,,1.0,0.0,0.0,4.5,0.0,0.0,,,,,,,,,,,,,,,,,,,
Almamy Touré,c8c60119,472,mlMLI,DF,Eintracht Frankfurt,26.0,1996.0,7,5,398.0,4.4,0.0,1.0,1.0,0.0,0.0,0.0,1,0,0.0,0.23,0.23,0.0,0.23,Matches,2022-2023,GER,,7.0,,,,,,,,,,,11.0,,,,,,,,,,,,,,,,,,,,,,,3.0,1.0,33.3,0.68,0.23,0.0,0.0,,,,,,,,,,,,,,,,,,
Lucas Tousart,71ec39ef,473,frFRA,MF,Hertha BSC,25.0,1997.0,33,33,2944.0,32.7,5.0,2.0,7.0,5.0,0.0,0.0,1,0,0.15,0.06,0.21,0.15,0.21,Matches,2022-2023,GER,,36.0,,,,,,,,,,,47.0,,,,,,,,,,,,,,,,,,,,,,,43.0,20.0,46.5,1.31,0.61,0.12,0.25,,,,,,,,,,,,,,,,,,
Kevin Trapp,ce17b5eb,474,deGER,GK,Eintracht Frankfurt,32.0,1990.0,33,33,2970.0,33.0,0.0,0.0,0.0,0.0,0.0,0.0,3,0,0.0,0.0,0.0,0.0,0.0,Matches,2022-2023,GER,,1.0,,,,,,,,,,,0.0,,,,,,,,,,,,,,,,,,,,,,,0.0,0.0,,0.0,0.0,,,33.0,33.0,2970.0,51.0,1.55,129.0,80.0,62.0,13.0,10.0,10.0,6.0,18.2,2.0,2.0,0.0,0.0,0.0
Christopher Trimmel,056d2d95,475,atAUT,MF,Union Berlin,35.0,1987.0,25,20,1811.0,20.1,0.0,6.0,6.0,0.0,0.0,0.0,1,0,0.0,0.3,0.3,0.0,0.3,Matches,2022-2023,GER,,19.0,,,,,,,,,,,25.0,,,,,,,,,,,,,,,,,,,,,,,14.0,3.0,21.4,0.7,0.15,0.0,0.0,,,,,,,,,,,,,,,,,,
Tuta,35d64857,476,brBRA,DF,Eintracht Frankfurt,23.0,1999.0,31,30,2718.0,30.2,2.0,1.0,3.0,2.0,0.0,0.0,8,0,0.07,0.03,0.1,0.07,0.1,Matches,2022-2023,GER,,37.0,,,,,,,,,,,48.0,,,,,,,,,,,,,,,,,,,,,,,17.0,3.0,17.6,0.56,0.1,0.12,0.67,,,,,,,,,,,,,,,,,,
Sven Ulreich,7d3e7da6,477,deGER,GK,Bayern Munich,33.0,1988.0,3,3,270.0,3.0,0.0,0.0,0.0,0.0,0.0,0.0,1,0,0.0,0.0,0.0,0.0,0.0,Matches,2022-2023,GER,,0.0,,,,,,,,,,,0.0,,,,,,,,,,,,,,,,,,,,,,,0.0,0.0,,0.0,0.0,,,3.0,3.0,270.0,2.0,0.67,6.0,5.0,66.7,3.0,0.0,0.0,2.0,66.7,1.0,0.0,1.0,0.0,100.0
Lauren Ulrich,cd61c7af,478,deGER,MF,Stuttgart,17.0,2005.0,1,0,6.0,0.1,0.0,0.0,0.0,0.0,0.0,0.0,0,0,0.0,0.0,0.0,0.0,0.0,Matches,2022-2023,GER,,1.0,,,,,,,,,,,0.0,,,,,,,,,,,,,,,,,,,,,,,0.0,0.0,,0.0,0.0,,,,,,,,,,,,,,,,,,,,
Dayot Upamecano,d248cd8f,479,frFRA,DF,Bayern Munich,23.0,1998.0,29,27,2348.0,26.1,0.0,1.0,1.0,0.0,0.0,0.0,6,1,0.0,0.04,0.04,0.0,0.04,Matches,2022-2023,GER,,38.0,,,,,,,,,,,23.0,,,,,,,,,,,,,,,,,,,,,,,7.0,1.0,14.3,0.27,0.04,0.0,0.0,,,,,,,,,,,,,,,,,,
Filip Uremović,af842091,480,hrCRO,DF,Hertha BSC,25.0,1997.0,22,21,1726.0,19.2,0.0,0.0,0.0,0.0,0.0,0.0,8,1,0.0,0.0,0.0,0.0,0.0,Matches,2022-2023,GER,,22.0,,,,,,,,,,,32.0,,,,,,,,,,,,,,,,,,,,,,,9.0,3.0,33.3,0.47,0.16,0.0,0.0,,,,,,,,,,,,,,,,,,
Jere Uronen,d75f3980,481,fiFIN,DF,Schalke 04,28.0,1994.0,11,9,676.0,7.5,0.0,0.0,0.0,0.0,0.0,0.0,2,0,0.0,0.0,0.0,0.0,0.0,Matches,2022-2023,GER,,11.0,,,,,,,,,,,8.0,,,,,,,,,,,,,,,,,,,,,,,4.0,0.0,0.0,0.53,0.0,0.0,,,,,,,,,,,,,,,,,,,
Mark Uth,a3ddb1b9,482,deGER,"FW,MF",Köln,30.0,1991.0,3,0,46.0,0.5,0.0,0.0,0.0,0.0,0.0,0.0,2,0,0.0,0.0,0.0,0.0,0.0,Matches,2022-2023,GER,,0.0,,,,,,,,,,,0.0,,,,,,,,,,,,,,,,,,,,,,,1.0,1.0,100.0,1.96,1.96,0.0,0.0,,,,,,,,,,,,,,,,,,
Josha Vagnoman,fb377d11,483,deGER,"MF,DF",Stuttgart,21.0,2000.0,23,16,1479.0,16.4,2.0,2.0,4.0,2.0,0.0,0.0,3,1,0.12,0.12,0.24,0.12,0.24,Matches,2022-2023,GER,,15.0,,,,,,,,,,,8.0,,,,,,,,,,,,,,,,,,,,,,,25.0,5.0,20.0,1.52,0.3,0.08,0.4,,,,,,,,,,,,,,,,,,
Ruben Vargas,6ecbddf6,484,chSUI,MF,Augsburg,23.0,1998.0,23,13,1130.0,12.6,3.0,4.0,7.0,3.0,0.0,0.0,4,0,0.24,0.32,0.56,0.24,0.56,Matches,2022-2023,GER,,8.0,,,,,,,,,,,6.0,,,,,,,,,,,,,,,,,,,,,,,21.0,6.0,28.6,1.67,0.48,0.14,0.5,,,,,,,,,,,,,,,,,,
Renato Veiga,fc8fcbd1,485,ptPOR,DF,Augsburg,19.0,2003.0,13,7,639.0,7.1,0.0,0.0,0.0,0.0,0.0,0.0,3,0,0.0,0.0,0.0,0.0,0.0,Matches,2022-2023,GER,,6.0,,,,,,,,,,,7.0,,,,,,,,,,,,,,,,,,,,,,,8.0,0.0,0.0,1.13,0.0,0.0,,,,,,,,,,,,,,,,,,,
Miloš Veljković,a5ae8f8e,486,rsSRB,DF,Werder Bremen,26.0,1995.0,29,25,2266.0,25.2,1.0,2.0,3.0,1.0,0.0,0.0,2,0,0.04,0.08,0.12,0.04,0.12,Matches,2022-2023,GER,,18.0,,,,,,,,,,,35.0,,,,,,,,,,,,,,,,,,,,,,,4.0,2.0,50.0,0.16,0.08,0.25,0.5,,,,,,,,,,,,,,,,,,
Micky van de Ven,8fe2a392,487,nlNED,DF,Wolfsburg,21.0,2001.0,33,33,2970.0,33.0,1.0,1.0,2.0,1.0,0.0,0.0,5,0,0.03,0.03,0.06,0.03,0.06,Matches,2022-2023,GER,,33.0,,,,,,,,,,,24.0,,,,,,,,,,,,,,,,,,,,,,,16.0,1.0,6.3,0.48,0.03,0.06,1.0,,,,,,,,,,,,,,,,,,
Gabriel Vidovic,5360a956,488,hrCRO,MF,Bayern Munich,18.0,2003.0,1,0,19.0,0.2,0.0,1.0,1.0,0.0,0.0,0.0,0,0,0.0,4.74,4.74,0.0,4.74,Matches,2022-2023,GER,,0.0,,,,,,,,,,,0.0,,,,,,,,,,,,,,,,,,,,,,,0.0,0.0,,0.0,0.0,,,,,,,,,,,,,,,,,,,,
Kevin Vogt,1d8e9add,489,deGER,DF,Hoffenheim,30.0,1991.0,22,22,1775.0,19.7,0.0,0.0,0.0,0.0,0.0,0.0,8,0,0.0,0.0,0.0,0.0,0.0,Matches,2022-2023,GER,,9.0,,,,,,,,,,,24.0,,,,,,,,,,,,,,,,,,,,,,,0.0,0.0,,0.0,0.0,,,,,,,,,,,,,,,,,,,,
Aster Vranckx,f86cd5df,490,beBEL,MF,Wolfsburg,19.0,2002.0,1,0,8.0,0.1,0.0,0.0,0.0,0.0,0.0,0.0,0,0,0.0,0.0,0.0,0.0,0.0,Matches,2022-2023,GER,,0.0,,,,,,,,,,,0.0,,,,,,,,,,,,,,,,,,,,,,,0.0,0.0,,0.0,0.0,,,,,,,,,,,,,,,,,,,,
Robert Wagner,e3d3fbeb,491,deGER,MF,Freiburg,19.0,2003.0,4,0,38.0,0.4,0.0,0.0,0.0,0.0,0.0,0.0,1,0,0.0,0.0,0.0,0.0,0.0,Matches,2022-2023,GER,,0.0,,,,,,,,,,,0.0,,,,,,,,,,,,,,,,,,,,,,,2.0,0.0,0.0,4.74,0.0,0.0,,,,,,,,,,,,,,,,,,,
Luca Waldschmidt,e5a35ae9,492,deGER,"FW,MF",Wolfsburg,26.0,1996.0,18,4,523.0,5.8,4.0,0.0,4.0,3.0,1.0,1.0,0,0,0.69,0.0,0.69,0.52,0.52,Matches,2022-2023,GER,,4.0,,,,,,,,,,,2.0,,,,,,,,,,,,,,,,,,,,,,,11.0,6.0,54.5,1.89,1.03,0.27,0.5,,,,,,,,,,,,,,,,,,
Paul Wanner,cb64672e,493,deGER,MF,Bayern Munich,16.0,2005.0,2,0,25.0,0.3,0.0,0.0,0.0,0.0,0.0,0.0,1,0,0.0,0.0,0.0,0.0,0.0,Matches,2022-2023,GER,,1.0,,,,,,,,,,,0.0,,,,,,,,,,,,,,,,,,,,,,,0.0,0.0,,0.0,0.0,,,,,,,,,,,,,,,,,,,,
Julian Weigl,346d51d9,494,deGER,MF,Gladbach,26.0,1995.0,23,21,1894.0,21.0,1.0,0.0,1.0,0.0,1.0,1.0,6,0,0.05,0.0,0.05,0.0,0.0,Matches,2022-2023,GER,,15.0,,,,,,,,,,,20.0,,,,,,,,,,,,,,,,,,,,,,,8.0,1.0,12.5,0.38,0.05,0.0,0.0,,,,,,,,,,,,,,,,,,
Nelson Weiper,231c67ff,495,deGER,FW,Mainz 05,17.0,2005.0,9,0,99.0,1.1,2.0,0.0,2.0,2.0,0.0,0.0,0,0,1.82,0.0,1.82,1.82,1.82,Matches,2022-2023,GER,,0.0,,,,,,,,,,,0.0,,,,,,,,,,,,,,,,,,,,,,,5.0,4.0,80.0,4.55,3.64,0.4,0.5,,,,,,,,,,,,,,,,,,
Mitchell Weiser,30c220c3,496,deGER,MF,Werder Bremen,28.0,1994.0,30,29,2516.0,28.0,2.0,9.0,11.0,2.0,0.0,0.0,7,0,0.07,0.32,0.39,0.07,0.39,Matches,2022-2023,GER,,46.0,,,,,,,,,,,25.0,,,,,,,,,,,,,,,,,,,,,,,28.0,8.0,28.6,1.0,0.29,0.07,0.25,,,,,,,,,,,,,,,,,,
Noah Weißhaupt,dd676a97,497,deGER,MF,Freiburg,20.0,2001.0,18,3,427.0,4.7,0.0,1.0,1.0,0.0,0.0,0.0,0,0,0.0,0.21,0.21,0.0,0.21,Matches,2022-2023,GER,,7.0,,,,,,,,,,,6.0,,,,,,,,,,,,,,,,,,,,,,,2.0,1.0,50.0,0.42,0.21,0.0,0.0,,,,,,,,,,,,,,,,,,
Marcel Wenig,1c86aa16,498,deGER,MF,Eintracht Frankfurt,18.0,2004.0,1,0,4.0,0.0,0.0,0.0,0.0,0.0,0.0,0.0,0,0,0.0,0.0,0.0,0.0,0.0,Matches,2022-2023,GER,,0.0,,,,,,,,,,,0.0,,,,,,,,,,,,,,,,,,,,,,,0.0,0.0,,0.0,0.0,,,,,,,,,,,,,,,,,,,,
Timo Werner,49fe9070,499,deGER,"FW,MF",RB Leipzig,26.0,1996.0,27,23,1937.0,21.5,9.0,3.0,12.0,9.0,0.0,0.0,2,0,0.42,0.14,0.56,0.42,0.56,Matches,2022-2023,GER,,5.0,,,,,,,,,,,7.0,,,,,,,,,,,,,,,,,,,,,,,61.0,25.0,41.0,2.83,1.16,0.15,0.36,,,,,,,,,,,,,,,,,,
Silvan Widmer,f68b64fc,500,chSUI,"MF,DF",Mainz 05,29.0,1993.0,26,19,1688.0,18.8,2.0,2.0,4.0,2.0,0.0,0.0,0,0,0.11,0.11,0.21,0.11,0.21,Matches,2022-2023,GER,,17.0,,,,,,,,,,,31.0,,,,,,,,,,,,,,,,,,,,,,,19.0,8.0,42.1,1.01,0.43,0.11,0.25,,,,,,,,,,,,,,,,,,
Patrick Wimmer,cb11b429,501,atAUT,"MF,FW",Wolfsburg,21.0,2001.0,26,23,1648.0,18.3,4.0,8.0,12.0,4.0,0.0,0.0,7,0,0.22,0.44,0.66,0.22,0.66,Matches,2022-2023,GER,,24.0,,,,,,,,,,,15.0,,,,,,,,,,,,,,,,,,,,,,,31.0,14.0,45.2,1.69,0.76,0.13,0.29,,,,,,,,,,,,,,,,,,
Jonas Wind,2077ae86,502,dkDEN,FW,Wolfsburg,23.0,1999.0,24,15,1291.0,14.3,6.0,0.0,6.0,6.0,0.0,1.0,1,0,0.42,0.0,0.42,0.42,0.42,Matches,2022-2023,GER,,7.0,,,,,,,,,,,1.0,,,,,,,,,,,,,,,,,,,,,,,30.0,10.0,33.3,2.09,0.7,0.2,0.6,,,,,,,,,,,,,,,,,,
Frederik Winther,a1257b5e,503,dkDEN,DF,Augsburg,21.0,2001.0,1,1,90.0,1.0,0.0,1.0,1.0,0.0,0.0,0.0,0,0,0.0,1.0,1.0,0.0,1.0,Matches,2022-2023,GER,,2.0,,,,,,,,,,,0.0,,,,,,,,,,,,,,,,,,,,,,,0.0,0.0,,0.0,0.0,,,,,,,,,,,,,,,,,,,,
Florian Wirtz,e7fcf289,504,deGER,"FW,MF",Leverkusen,19.0,2003.0,17,11,1090.0,12.1,1.0,6.0,7.0,1.0,0.0,0.0,4,0,0.08,0.5,0.58,0.08,0.58,Matches,2022-2023,GER,,10.0,,,,,,,,,,,2.0,,,,,,,,,,,,,,,,,,,,,,,7.0,4.0,57.1,0.58,0.33,0.14,0.25,,,,,,,,,,,,,,,,,,
Hannes Wolf,be42a291,505,atAUT,MF,Gladbach,23.0,1999.0,18,4,449.0,5.0,1.0,1.0,2.0,1.0,0.0,0.0,0,0,0.2,0.2,0.4,0.2,0.4,Matches,2022-2023,GER,,8.0,,,,,,,,,,,3.0,,,,,,,,,,,,,,,,,,,,,,,8.0,3.0,37.5,1.6,0.6,0.13,0.33,,,,,,,,,,,,,,,,,,
Marius Wolf,fa661778,506,deGER,DF,Dortmund,27.0,1995.0,25,17,1570.0,17.4,1.0,1.0,2.0,1.0,0.0,0.0,2,0,0.06,0.06,0.11,0.06,0.11,Matches,2022-2023,GER,,18.0,,,,,,,,,,,19.0,,,,,,,,,,,,,,,,,,,,,,,23.0,6.0,26.1,1.32,0.34,0.04,0.17,,,,,,,,,,,,,,,,,,
Jeong Woo-yeong,6190474d,507,krKOR,"MF,FW",Freiburg,22.0,1999.0,26,4,653.0,7.3,1.0,1.0,2.0,1.0,0.0,0.0,2,0,0.14,0.14,0.28,0.14,0.28,Matches,2022-2023,GER,,3.0,,,,,,,,,,,1.0,,,,,,,,,,,,,,,,,,,,,,,13.0,4.0,30.8,1.79,0.55,0.08,0.25,,,,,,,,,,,,,,,,,,
Kelvin Yeboah,ea0893d6,508,itITA,FW,Augsburg,22.0,2000.0,13,3,353.0,3.9,1.0,1.0,2.0,1.0,0.0,0.0,0,0,0.25,0.25,0.51,0.25,0.51,Matches,2022-2023,GER,,4.0,,,,,,,,,,,1.0,,,,,,,,,,,,,,,,,,,,,,,13.0,2.0,15.4,3.31,0.51,0.08,0.5,,,,,,,,,,,,,,,,,,
Maya Yoshida,caffaf5a,509,jpJPN,DF,Schalke 04,33.0,1988.0,29,28,2553.0,28.4,0.0,0.0,0.0,0.0,0.0,0.0,4,0,0.0,0.0,0.0,0.0,0.0,Matches,2022-2023,GER,,21.0,,,,,,,,,,,47.0,,,,,,,,,,,,,,,,,,,,,,,12.0,2.0,16.7,0.42,0.07,0.0,0.0,,,,,,,,,,,,,,,,,,
Dan-Axel Zagadou,a4effc55,510,frFRA,DF,Stuttgart,23.0,1999.0,17,14,1271.0,14.1,0.0,0.0,0.0,0.0,0.0,0.0,3,0,0.0,0.0,0.0,0.0,0.0,Matches,2022-2023,GER,,8.0,,,,,,,,,,,23.0,,,,,,,,,,,,,,,,,,,,,,,14.0,3.0,21.4,0.99,0.21,0.0,0.0,,,,,,,,,,,,,,,,,,
Rodrigo Zalazar,fc3697dd,511,uyURU,"MF,FW",Schalke 04,22.0,1999.0,22,15,1321.0,14.7,1.0,6.0,7.0,1.0,0.0,0.0,4,0,0.07,0.41,0.48,0.07,0.48,Matches,2022-2023,GER,,8.0,,,,,,,,,,,6.0,,,,,,,,,,,,,,,,,,,,,,,38.0,14.0,36.8,2.59,0.95,0.03,0.07,,,,,,,,,,,,,,,,,,
Aaron Zehnter,65bf7e2b,512,deGER,MF,Augsburg,17.0,2004.0,1,0,1.0,0.0,0.0,0.0,0.0,0.0,0.0,0.0,0,0,0.0,0.0,0.0,0.0,0.0,Matches,2022-2023,GER,,0.0,,,,,,,,,,,1.0,,,,,,,,,,,,,,,,,,,,,,,0.0,0.0,,0.0,0.0,,,,,,,,,,,,,,,,,,,,
Robin Zentner,5c4bf6ba,513,deGER,GK,Mainz 05,27.0,1994.0,26,26,2340.0,26.0,0.0,0.0,0.0,0.0,0.0,0.0,1,0,0.0,0.0,0.0,0.0,0.0,Matches,2022-2023,GER,,0.0,,,,,,,,,,,0.0,,,,,,,,,,,,,,,,,,,,,,,0.0,0.0,,0.0,0.0,,,26.0,26.0,2340.0,39.0,1.5,106.0,70.0,66.0,9.0,8.0,9.0,7.0,26.9,5.0,3.0,1.0,1.0,25.0
Michael Zetterer,9b688ae1,514,deGER,GK,Werder Bremen,27.0,1995.0,2,1,152.0,1.7,0.0,0.0,0.0,0.0,0.0,0.0,0,0,0.0,0.0,0.0,0.0,0.0,Matches,2022-2023,GER,,0.0,,,,,,,,,,,0.0,,,,,,,,,,,,,,,,,,,,,,,0.0,0.0,,0.0,0.0,,,2.0,1.0,152.0,3.0,1.78,14.0,11.0,78.6,0.0,1.0,0.0,0.0,0.0,0.0,0.0,0.0,0.0,
Simon Zoller,29f7cfd9,515,deGER,"FW,MF",Bochum,31.0,1991.0,27,19,1457.0,16.2,3.0,2.0,5.0,3.0,0.0,0.0,5,0,0.19,0.12,0.31,0.19,0.31,Matches,2022-2023,GER,,4.0,,,,,,,,,,,6.0,,,,,,,,,,,,,,,,,,,,,,,31.0,10.0,32.3,1.91,0.62,0.1,0.3,,,,,,,,,,,,,,,,,,
Yunis Abdelhamid,32c2d95f,1,maMAR,DF,Reims,34.0,1987.0,37,37,3330.0,37.0,1.0,2.0,3.0,1.0,0.0,0.0,6,0,0.03,0.05,0.08,0.03,0.08,Matches,2022-2023,FRA,,52.0,,,,,,,,,,,62.0,,,,,,,,,,,,,,,,,,,,,,,33.0,3.0,9.1,0.89,0.08,0.03,0.33,,,,,,,,,,,,,,,,,,
Himad Abdelli,7978cbf0,2,dzALG,"MF,FW",Angers,22.0,1999.0,30,24,2137.0,23.7,2.0,2.0,4.0,2.0,0.0,0.0,3,0,0.08,0.08,0.17,0.08,0.17,Matches,2022-2023,FRA,,36.0,,,,,,,,,,,28.0,,,,,,,,,,,,,,,,,,,,,,,24.0,7.0,29.2,1.01,0.29,0.08,0.29,,,,,,,,,,,,,,,,,,
Salis Abdul Samed,82464ce3,3,ghGHA,MF,Lens,22.0,2000.0,33,33,2894.0,32.2,1.0,1.0,2.0,1.0,0.0,0.0,6,1,0.03,0.03,0.06,0.03,0.06,Matches,2022-2023,FRA,,30.0,,,,,,,,,,,33.0,,,,,,,,,,,,,,,,,,,,,,,13.0,4.0,30.8,0.4,0.12,0.08,0.25,,,,,,,,,,,,,,,,,,
Laurent Abergel,31626657,4,frFRA,MF,Lorient,29.0,1993.0,29,28,2342.0,26.0,0.0,1.0,1.0,0.0,0.0,0.0,7,1,0.0,0.04,0.04,0.0,0.04,Matches,2022-2023,FRA,,49.0,,,,,,,,,,,32.0,,,,,,,,,,,,,,,,,,,,,,,13.0,2.0,15.4,0.5,0.08,0.0,0.0,,,,,,,,,,,,,,,,,,
Matthis Abline,0e46fa2f,5,frFRA,FW,Auxerre,19.0,2003.0,19,8,806.0,9.0,2.0,1.0,3.0,1.0,1.0,2.0,1,0,0.22,0.11,0.33,0.11,0.22,Matches,2022-2023,FRA,,2.0,,,,,,,,,,,1.0,,,,,,,,,,,,,,,,,,,,,,,26.0,9.0,34.6,2.9,1.0,0.04,0.11,,,,,,,,,,,,,,,,,,
Matthis Abline,0e46fa2f,6,frFRA,FW,Rennes,19.0,2003.0,11,0,107.0,1.2,1.0,0.0,1.0,1.0,0.0,0.0,0,0,0.84,0.0,0.84,0.84,0.84,Matches,2022-2023,FRA,,1.0,,,,,,,,,,,2.0,,,,,,,,,,,,,,,,,,,,,,,6.0,2.0,33.3,5.05,1.68,0.17,0.5,,,,,,,,,,,,,,,,,,
Zakaria Aboukhlal,c2a6033c,7,maMAR,"MF,FW",Toulouse,22.0,2000.0,37,28,2473.0,27.5,10.0,5.0,15.0,10.0,0.0,0.0,4,0,0.36,0.18,0.55,0.36,0.55,Matches,2022-2023,FRA,,22.0,,,,,,,,,,,21.0,,,,,,,,,,,,,,,,,,,,,,,82.0,32.0,39.0,2.98,1.16,0.12,0.31,,,,,,,,,,,,,,,,,,
Mohamed Achi,1e93fc5d,8,frFRA,MF,Nantes,20.0,2002.0,2,0,36.0,0.4,0.0,0.0,0.0,0.0,0.0,0.0,0,0,0.0,0.0,0.0,0.0,0.0,Matches,2022-2023,FRA,,1.0,,,,,,,,,,,0.0,,,,,,,,,,,,,,,,,,,,,,,1.0,0.0,0.0,2.5,0.0,0.0,,,,,,,,,,,,,,,,,,,
Martin Adeline,7587446d,9,frFRA,MF,Reims,18.0,2003.0,5,0,107.0,1.2,0.0,0.0,0.0,0.0,0.0,0.0,2,0,0.0,0.0,0.0,0.0,0.0,Matches,2022-2023,FRA,,3.0,,,,,,,,,,,3.0,,,,,,,,,,,,,,,,,,,,,,,1.0,0.0,0.0,0.84,0.0,0.0,,,,,,,,,,,,,,,,,,,
Emmanuel Agbadou,75f1ed80,10,ciCIV,DF,Reims,25.0,1997.0,29,27,2388.0,26.5,0.0,3.0,3.0,0.0,0.0,0.0,5,3,0.0,0.11,0.11,0.0,0.11,Matches,2022-2023,FRA,,50.0,,,,,,,,,,,31.0,,,,,,,,,,,,,,,,,,,,,,,23.0,4.0,17.4,0.87,0.15,0.0,0.0,,,,,,,,,,,,,,,,,,
Lucien Agoume,8bc8829a,11,frFRA,MF,Troyes,20.0,2002.0,15,14,1094.0,12.2,0.0,1.0,1.0,0.0,0.0,0.0,5,0,0.0,0.08,0.08,0.0,0.08,Matches,2022-2023,FRA,,23.0,,,,,,,,,,,25.0,,,,,,,,,,,,,,,,,,,,,,,9.0,3.0,33.3,0.74,0.25,0.0,0.0,,,,,,,,,,,,,,,,,,
Ruben Aguilar,3dd738a1,12,frFRA,DF,Monaco,29.0,1993.0,20,14,1172.0,13.0,0.0,0.0,0.0,0.0,0.0,0.0,3,0,0.0,0.0,0.0,0.0,0.0,Matches,2022-2023,FRA,,10.0,,,,,,,,,,,16.0,,,,,,,,,,,,,,,,,,,,,,,4.0,2.0,50.0,0.31,0.15,0.0,0.0,,,,,,,,,,,,,,,,,,
Amar Ahmed,22396615,13,seSWE,MF,Troyes,18.0,2004.0,1,0,20.0,0.2,0.0,0.0,0.0,0.0,0.0,0.0,0,0,0.0,0.0,0.0,0.0,0.0,Matches,2022-2023,FRA,,1.0,,,,,,,,,,,1.0,,,,,,,,,,,,,,,,,,,,,,,0.0,0.0,,0.0,0.0,,,,,,,,,,,,,,,,,,,,
Jean-Eudes Aholou,48b28bfd,14,ciCIV,MF,Strasbourg,28.0,1994.0,30,16,1300.0,14.4,3.0,1.0,4.0,3.0,0.0,0.0,4,1,0.21,0.07,0.28,0.21,0.28,Matches,2022-2023,FRA,,20.0,,,,,,,,,,,21.0,,,,,,,,,,,,,,,,,,,,,,,22.0,8.0,36.4,1.52,0.55,0.14,0.38,,,,,,,,,,,,,,,,,,
Ludovic Ajorque,462475ed,15,frFRA,FW,Strasbourg,28.0,1994.0,13,9,771.0,8.6,1.0,0.0,1.0,0.0,1.0,1.0,1,0,0.12,0.0,0.12,0.0,0.0,Matches,2022-2023,FRA,,4.0,,,,,,,,,,,1.0,,,,,,,,,,,,,,,,,,,,,,,23.0,8.0,34.8,2.68,0.93,0.0,0.0,,,,,,,,,,,,,,,,,,
Maghnes Akliouche,b625b241,16,frFRA,"MF,FW",Monaco,20.0,2002.0,11,5,402.0,4.5,0.0,0.0,0.0,0.0,0.0,0.0,3,0,0.0,0.0,0.0,0.0,0.0,Matches,2022-2023,FRA,,3.0,,,,,,,,,,,3.0,,,,,,,,,,,,,,,,,,,,,,,5.0,2.0,40.0,1.12,0.45,0.0,0.0,,,,,,,,,,,,,,,,,,
Doğan Alemdar,9e17ccff,17,trTUR,GK,Rennes,19.0,2002.0,6,4,406.0,4.5,0.0,0.0,0.0,0.0,0.0,0.0,1,0,0.0,0.0,0.0,0.0,0.0,Matches,2022-2023,FRA,,0.0,,,,,,,,,,,0.0,,,,,,,,,,,,,,,,,,,,,,,0.0,0.0,,0.0,0.0,,,6.0,4.0,406.0,8.0,1.77,13.0,7.0,46.2,2.0,0.0,2.0,1.0,25.0,2.0,1.0,1.0,0.0,50.0
Jim Allevinah,1956b948,18,gaGAB,MF,Clermont Foot,27.0,1995.0,36,25,2244.0,24.9,1.0,1.0,2.0,1.0,0.0,0.0,2,0,0.04,0.04,0.08,0.04,0.08,Matches,2022-2023,FRA,,26.0,,,,,,,,,,,21.0,,,,,,,,,,,,,,,,,,,,,,,30.0,8.0,26.7,1.2,0.32,0.03,0.13,,,,,,,,,,,,,,,,,,
Mickaël Alphonse,0a63446f,19,gpGLP,DF,Ajaccio,33.0,1989.0,26,14,1361.0,15.1,0.0,0.0,0.0,0.0,0.0,0.0,2,1,0.0,0.0,0.0,0.0,0.0,Matches,2022-2023,FRA,,23.0,,,,,,,,,,,33.0,,,,,,,,,,,,,,,,,,,,,,,10.0,2.0,20.0,0.66,0.13,0.0,0.0,,,,,,,,,,,,,,,,,,
Ibrahim Amadou,9260926b,20,frFRA,DF,Angers,29.0,1993.0,7,4,424.0,4.7,0.0,0.0,0.0,0.0,0.0,0.0,2,0,0.0,0.0,0.0,0.0,0.0,Matches,2022-2023,FRA,,6.0,,,,,,,,,,,10.0,,,,,,,,,,,,,,,,,,,,,,,2.0,0.0,0.0,0.42,0.0,0.0,,,,,,,,,,,,,,,,,,,
Ayoub Amraoui,ae11ba3d,21,maMAR,DF,Nice,18.0,2004.0,7,3,294.0,3.3,0.0,0.0,0.0,0.0,0.0,0.0,1,0,0.0,0.0,0.0,0.0,0.0,Matches,2022-2023,FRA,,6.0,,,,,,,,,,,3.0,,,,,,,,,,,,,,,,,,,,,,,1.0,0.0,0.0,0.31,0.0,0.0,,,,,,,,,,,,,,,,,,,
Benjamin André,ef9c1c95,22,frFRA,MF,Lille,31.0,1990.0,34,33,2916.0,32.4,1.0,1.0,2.0,1.0,0.0,0.0,12,0,0.03,0.03,0.06,0.03,0.06,Matches,2022-2023,FRA,,78.0,,,,,,,,,,,42.0,,,,,,,,,,,,,,,,,,,,,,,24.0,4.0,16.7,0.74,0.12,0.04,0.25,,,,,,,,,,,,,,,,,,
Komnen Andrić,af3ddb2e,23,rsSRB,FW,Clermont Foot,27.0,1995.0,34,16,1446.0,16.1,4.0,3.0,7.0,3.0,1.0,2.0,4,0,0.25,0.19,0.44,0.19,0.37,Matches,2022-2023,FRA,,4.0,,,,,,,,,,,9.0,,,,,,,,,,,,,,,,,,,,,,,30.0,13.0,43.3,1.87,0.81,0.1,0.23,,,,,,,,,,,,,,,,,,
Houssem Aouar,a5db0bec,24,dzALG,"MF,FW",Lyon,24.0,1998.0,16,6,526.0,5.8,1.0,1.0,2.0,1.0,0.0,0.0,2,0,0.17,0.17,0.34,0.17,0.34,Matches,2022-2023,FRA,,5.0,,,,,,,,,,,7.0,,,,,,,,,,,,,,,,,,,,,,,14.0,6.0,42.9,2.4,1.03,0.07,0.17,,,,,,,,,,,,,,,,,,
Adil Aouchiche,b94b8be1,25,frFRA,MF,Lorient,20.0,2002.0,11,1,250.0,2.8,0.0,0.0,0.0,0.0,0.0,0.0,0,0,0.0,0.0,0.0,0.0,0.0,Matches,2022-2023,FRA,,2.0,,,,,,,,,,,4.0,,,,,,,,,,,,,,,,,,,,,,,8.0,4.0,50.0,2.88,1.44,0.0,0.0,,,,,,,,,,,,,,,,,,
Dennis Appiah,feb5d3ab,26,frFRA,"DF,MF",Nantes,30.0,1992.0,15,9,795.0,8.8,0.0,0.0,0.0,0.0,0.0,0.0,1,0,0.0,0.0,0.0,0.0,0.0,Matches,2022-2023,FRA,,11.0,,,,,,,,,,,11.0,,,,,,,,,,,,,,,,,,,,,,,5.0,1.0,20.0,0.57,0.11,0.0,0.0,,,,,,,,,,,,,,,,,,
Stredair Appuah,42f0113f,27,frFRA,FW,Nantes,18.0,2004.0,5,0,66.0,0.7,0.0,0.0,0.0,0.0,0.0,0.0,0,0,0.0,0.0,0.0,0.0,0.0,Matches,2022-2023,FRA,,3.0,,,,,,,,,,,1.0,,,,,,,,,,,,,,,,,,,,,,,3.0,0.0,0.0,4.09,0.0,0.0,,,,,,,,,,,,,,,,,,,
Taïryk Arconte,c5e6c017,28,frFRA,FW,Brest,18.0,2003.0,4,1,128.0,1.4,0.0,0.0,0.0,0.0,0.0,0.0,0,0,0.0,0.0,0.0,0.0,0.0,Matches,2022-2023,FRA,,1.0,,,,,,,,,,,0.0,,,,,,,,,,,,,,,,,,,,,,,2.0,1.0,50.0,1.41,0.7,0.0,0.0,,,,,,,,,,,,,,,,,,
Mohamed El Arouch,508a9011,29,frFRA,MF,Lyon,18.0,2004.0,1,0,2.0,0.0,0.0,0.0,0.0,0.0,0.0,0.0,0,0,0.0,0.0,0.0,0.0,0.0,Matches,2022-2023,FRA,,1.0,,,,,,,,,,,0.0,,,,,,,,,,,,,,,,,,,,,,,0.0,0.0,,0.0,0.0,,,,,,,,,,,,,,,,,,,,
Lorenz Assignon,b026bbf6,30,tgTOG,DF,Rennes,22.0,2000.0,12,2,261.0,2.9,0.0,1.0,1.0,0.0,0.0,0.0,3,0,0.0,0.34,0.34,0.0,0.34,Matches,2022-2023,FRA,,3.0,,,,,,,,,,,2.0,,,,,,,,,,,,,,,,,,,,,,,2.0,1.0,50.0,0.69,0.34,0.0,0.0,,,,,,,,,,,,,,,,,,
Youcef Atal,6a827d8e,31,dzALG,"DF,MF",Nice,26.0,1996.0,18,8,779.0,8.7,1.0,0.0,1.0,1.0,0.0,0.0,1,0,0.12,0.0,0.12,0.12,0.12,Matches,2022-2023,FRA,,24.0,,,,,,,,,,,14.0,,,,,,,,,,,,,,,,,,,,,,,13.0,5.0,38.5,1.5,0.58,0.08,0.2,,,,,,,,,,,,,,,,,,
Valentin Atangana Edoa,6b5edd5d,32,frFRA,MF,Reims,16.0,2005.0,7,2,174.0,1.9,0.0,0.0,0.0,0.0,0.0,0.0,0,0,0.0,0.0,0.0,0.0,0.0,Matches,2022-2023,FRA,,2.0,,,,,,,,,,,1.0,,,,,,,,,,,,,,,,,,,,,,,1.0,0.0,0.0,0.52,0.0,0.0,,,,,,,,,,,,,,,,,,,
Mathias Autret,7dfbba27,33,frFRA,MF,Auxerre,31.0,1991.0,23,16,1290.0,14.3,2.0,2.0,4.0,1.0,1.0,1.0,0,0,0.14,0.14,0.28,0.07,0.21,Matches,2022-2023,FRA,,10.0,,,,,,,,,,,8.0,,,,,,,,,,,,,,,,,,,,,,,23.0,12.0,52.2,1.6,0.84,0.04,0.08,,,,,,,,,,,,,,,,,,
Cédric Avinel,a94d93be,34,gpGLP,DF,Ajaccio,35.0,1986.0,24,19,1794.0,19.9,1.0,0.0,1.0,1.0,0.0,0.0,2,1,0.05,0.0,0.05,0.05,0.05,Matches,2022-2023,FRA,,6.0,,,,,,,,,,,16.0,,,,,,,,,,,,,,,,,,,,,,,3.0,1.0,33.3,0.15,0.05,0.33,1.0,,,,,,,,,,,,,,,,,,
Loïc Bade,114bbdee,35,frFRA,DF,Rennes,22.0,2000.0,1,1,90.0,1.0,0.0,1.0,1.0,0.0,0.0,0.0,1,0,0.0,1.0,1.0,0.0,1.0,Matches,2022-2023,FRA,,1.0,,,,,,,,,,,2.0,,,,,,,,,,,,,,,,,,,,,,,2.0,0.0,0.0,2.0,0.0,0.0,,,,,,,,,,,,,,,,,,,
Benoît Badiashile,06df8256,36,frFRA,DF,Monaco,21.0,2001.0,11,9,839.0,9.3,2.0,0.0,2.0,2.0,0.0,0.0,3,0,0.21,0.0,0.21,0.21,0.21,Matches,2022-2023,FRA,,9.0,,,,,,,,,,,17.0,,,,,,,,,,,,,,,,,,,,,,,5.0,3.0,60.0,0.54,0.32,0.4,0.67,,,,,,,,,,,,,,,,,,
Eric Bailly,a1232f4e,37,ciCIV,DF,Marseille,28.0,1994.0,17,5,543.0,6.0,0.0,0.0,0.0,0.0,0.0,0.0,1,0,0.0,0.0,0.0,0.0,0.0,Matches,2022-2023,FRA,,10.0,,,,,,,,,,,12.0,,,,,,,,,,,,,,,,,,,,,,,3.0,0.0,0.0,0.5,0.0,0.0,,,,,,,,,,,,,,,,,,,
Dénys Bain,5065d67d,38,frFRA,DF,Auxerre,29.0,1993.0,2,1,126.0,1.4,0.0,0.0,0.0,0.0,0.0,0.0,0,0,0.0,0.0,0.0,0.0,0.0,Matches,2022-2023,FRA,,3.0,,,,,,,,,,,2.0,,,,,,,,,,,,,,,,,,,,,,,0.0,0.0,,0.0,0.0,,,,,,,,,,,,,,,,,,,,
Brandon Baiye,7e3e825e,39,beBEL,MF,Clermont Foot,21.0,2000.0,7,0,51.0,0.6,0.0,0.0,0.0,0.0,0.0,0.0,0,0,0.0,0.0,0.0,0.0,0.0,Matches,2022-2023,FRA,,2.0,,,,,,,,,,,0.0,,,,,,,,,,,,,,,,,,,,,,,0.0,0.0,,0.0,0.0,,,,,,,,,,,,,,,,,,,,
Cédric Bakambu,0af4dcf0,40,cdCOD,FW,Marseille,31.0,1991.0,3,0,59.0,0.7,0.0,1.0,1.0,0.0,0.0,0.0,0,0,0.0,1.53,1.53,0.0,1.53,Matches,2022-2023,FRA,,1.0,,,,,,,,,,,0.0,,,,,,,,,,,,,,,,,,,,,,,0.0,0.0,,0.0,0.0,,,,,,,,,,,,,,,,,,,,
Thierno Balde,3975195f,41,frFRA,"MF,DF",Troyes,20.0,2002.0,31,25,2153.0,23.9,0.0,1.0,1.0,0.0,0.0,0.0,1,0,0.0,0.04,0.04,0.0,0.04,Matches,2022-2023,FRA,,15.0,,,,,,,,,,,22.0,,,,,,,,,,,,,,,,,,,,,,,7.0,1.0,14.3,0.29,0.04,0.0,0.0,,,,,,,,,,,,,,,,,,
Carlos Baleba,a1390d2f,42,cmCMR,"MF,FW",Lille,18.0,2004.0,19,5,478.0,5.3,0.0,0.0,0.0,0.0,0.0,0.0,3,1,0.0,0.0,0.0,0.0,0.0,Matches,2022-2023,FRA,,11.0,,,,,,,,,,,1.0,,,,,,,,,,,,,,,,,,,,,,,12.0,2.0,16.7,2.26,0.38,0.0,0.0,,,,,,,,,,,,,,,,,,
Leonardo Balerdi,7c3ed041,43,arARG,DF,Marseille,23.0,1999.0,35,30,2639.0,29.3,0.0,1.0,1.0,0.0,0.0,0.0,9,1,0.0,0.03,0.03,0.0,0.03,Matches,2022-2023,FRA,,40.0,,,,,,,,,,,57.0,,,,,,,,,,,,,,,,,,,,,,,11.0,0.0,0.0,0.38,0.0,0.0,,,,,,,,,,,,,,,,,,,
Folarin Balogun,31822f8c,44,usUSA,FW,Reims,21.0,2001.0,37,34,2999.0,33.3,21.0,2.0,23.0,15.0,6.0,7.0,5,0,0.63,0.06,0.69,0.45,0.51,Matches,2022-2023,FRA,,4.0,,,,,,,,,,,3.0,,,,,,,,,,,,,,,,,,,,,,,128.0,58.0,45.3,3.84,1.74,0.12,0.26,,,,,,,,,,,,,,,,,,
Abdoulaye Bamba,7fecbcdb,45,ciCIV,DF,Angers,32.0,1990.0,21,12,1364.0,15.2,0.0,0.0,0.0,0.0,0.0,0.0,2,0,0.0,0.0,0.0,0.0,0.0,Matches,2022-2023,FRA,,12.0,,,,,,,,,,,16.0,,,,,,,,,,,,,,,,,,,,,,,0.0,0.0,,0.0,0.0,,,,,,,,,,,,,,,,,,,,
Jonathan Bamba,b2bd0f6c,46,ciCIV,MF,Lille,26.0,1996.0,34,32,2783.0,30.9,6.0,7.0,13.0,6.0,0.0,0.0,6,0,0.19,0.23,0.42,0.19,0.42,Matches,2022-2023,FRA,,16.0,,,,,,,,,,,19.0,,,,,,,,,,,,,,,,,,,,,,,71.0,29.0,40.8,2.3,0.94,0.08,0.21,,,,,,,,,,,,,,,,,,
Bradley Barcola,a0d55a09,47,frFRA,"FW,MF",Lyon,19.0,2002.0,26,15,1440.0,16.0,5.0,8.0,13.0,5.0,0.0,0.0,3,0,0.31,0.5,0.81,0.31,0.81,Matches,2022-2023,FRA,,15.0,,,,,,,,,,,19.0,,,,,,,,,,,,,,,,,,,,,,,27.0,13.0,48.1,1.69,0.81,0.19,0.38,,,,,,,,,,,,,,,,,,
Melvin Bard,1ddbc7ca,48,frFRA,"DF,MF",Nice,21.0,2000.0,33,28,2456.0,27.3,0.0,0.0,0.0,0.0,0.0,0.0,6,0,0.0,0.0,0.0,0.0,0.0,Matches,2022-2023,FRA,,61.0,,,,,,,,,,,59.0,,,,,,,,,,,,,,,,,,,,,,,7.0,2.0,28.6,0.26,0.07,0.0,0.0,,,,,,,,,,,,,,,,,,
Ross Barkley,3a24769f,49,engENG,"MF,FW",Nice,28.0,1993.0,27,9,960.0,10.7,4.0,2.0,6.0,4.0,0.0,0.0,1,0,0.37,0.19,0.56,0.37,0.56,Matches,2022-2023,FRA,,8.0,,,,,,,,,,,7.0,,,,,,,,,,,,,,,,,,,,,,,38.0,16.0,42.1,3.56,1.5,0.11,0.25,,,,,,,,,,,,,,,,,,
Mickaël Barreto,e3844ecb,50,frFRA,MF,Ajaccio,31.0,1991.0,20,15,1325.0,14.7,1.0,1.0,2.0,1.0,0.0,0.0,1,0,0.07,0.07,0.14,0.07,0.14,Matches,2022-2023,FRA,,22.0,,,,,,,,,,,14.0,,,,,,,,,,,,,,,,,,,,,,,19.0,4.0,21.1,1.29,0.27,0.05,0.25,,,,,,,,,,,,,,,,,,
Cyrille Bayala,20e0dd86,51,bfBFA,MF,Ajaccio,26.0,1996.0,33,25,2009.0,22.3,1.0,1.0,2.0,1.0,0.0,0.0,3,1,0.04,0.04,0.09,0.04,0.09,Matches,2022-2023,FRA,,36.0,,,,,,,,,,,24.0,,,,,,,,,,,,,,,,,,,,,,,22.0,6.0,27.3,0.99,0.27,0.05,0.17,,,,,,,,,,,,,,,,,,
Yanis Begraoui,5e6355f8,52,maMAR,MF,Toulouse,21.0,2001.0,3,1,65.0,0.7,0.0,0.0,0.0,0.0,0.0,0.0,0,0,0.0,0.0,0.0,0.0,0.0,Matches,2022-2023,FRA,,0.0,,,,,,,,,,,1.0,,,,,,,,,,,,,,,,,,,,,,,0.0,0.0,,0.0,0.0,,,,,,,,,,,,,,,,,,,,
Alexis Beka Beka,4a5e83ad,53,frFRA,MF,Nice,21.0,2001.0,14,7,545.0,6.1,0.0,0.0,0.0,0.0,0.0,0.0,2,0,0.0,0.0,0.0,0.0,0.0,Matches,2022-2023,FRA,,6.0,,,,,,,,,,,11.0,,,,,,,,,,,,,,,,,,,,,,,9.0,4.0,44.4,1.49,0.66,0.0,0.0,,,,,,,,,,,,,,,,,,
Jérémie Bela,5680bf3f,54,aoANG,MF,Clermont Foot,29.0,1993.0,19,7,743.0,8.3,1.0,1.0,2.0,1.0,0.0,0.0,0,0,0.12,0.12,0.24,0.12,0.24,Matches,2022-2023,FRA,,4.0,,,,,,,,,,,8.0,,,,,,,,,,,,,,,,,,,,,,,12.0,5.0,41.7,1.45,0.61,0.08,0.2,,,,,,,,,,,,,,,,,,
Reda Belahyane,705a1642,55,maMAR,MF,Nice,18.0,2004.0,4,1,182.0,2.0,0.0,0.0,0.0,0.0,0.0,0.0,0,0,0.0,0.0,0.0,0.0,0.0,Matches,2022-2023,FRA,,6.0,,,,,,,,,,,2.0,,,,,,,,,,,,,,,,,,,,,,,1.0,0.0,0.0,0.49,0.0,0.0,,,,,,,,,,,,,,,,,,,
Youcef Belaïli,1a248246,56,dzALG,"MF,FW",Ajaccio,30.0,1992.0,17,15,1150.0,12.8,6.0,3.0,9.0,1.0,5.0,6.0,2,0,0.47,0.23,0.7,0.08,0.31,Matches,2022-2023,FRA,,10.0,,,,,,,,,,,6.0,,,,,,,,,,,,,,,,,,,,,,,33.0,14.0,42.4,2.58,1.1,0.03,0.07,,,,,,,,,,,,,,,,,,
Youcef Belaïli,1a248246,57,dzALG,"MF,FW",Brest,30.0,1992.0,6,4,356.0,4.0,0.0,2.0,2.0,0.0,0.0,0.0,3,0,0.0,0.51,0.51,0.0,0.51,Matches,2022-2023,FRA,,3.0,,,,,,,,,,,1.0,,,,,,,,,,,,,,,,,,,,,,,9.0,1.0,11.1,2.28,0.25,0.0,0.0,,,,,,,,,,,,,,,,,,
Haris Belkebla,2b1bed19,58,dzALG,MF,Brest,28.0,1994.0,38,30,2656.0,29.5,2.0,0.0,2.0,1.0,1.0,1.0,3,0,0.07,0.0,0.07,0.03,0.03,Matches,2022-2023,FRA,,46.0,,,,,,,,,,,46.0,,,,,,,,,,,,,,,,,,,,,,,10.0,3.0,30.0,0.34,0.1,0.1,0.33,,,,,,,,,,,,,,,,,,
Jean-Ricner Bellegarde,10f0fdd3,59,htHAI,"MF,FW",Strasbourg,24.0,1998.0,30,29,2419.0,26.9,2.0,6.0,8.0,2.0,0.0,0.0,5,0,0.07,0.22,0.3,0.07,0.3,Matches,2022-2023,FRA,,25.0,,,,,,,,,,,21.0,,,,,,,,,,,,,,,,,,,,,,,38.0,13.0,34.2,1.41,0.48,0.05,0.15,,,,,,,,,,,,,,,,,,
Jeanuël Belocian,c678ddd7,60,frFRA,DF,Rennes,17.0,2005.0,8,6,506.0,5.6,0.0,0.0,0.0,0.0,0.0,0.0,1,0,0.0,0.0,0.0,0.0,0.0,Matches,2022-2023,FRA,,7.0,,,,,,,,,,,5.0,,,,,,,,,,,,,,,,,,,,,,,1.0,0.0,0.0,0.18,0.0,0.0,,,,,,,,,,,,,,,,,,,
Eliesse Ben Seghir,3bd65247,61,maMAR,"FW,MF",Monaco,17.0,2005.0,19,13,1052.0,11.7,4.0,1.0,5.0,4.0,0.0,0.0,1,0,0.34,0.09,0.43,0.34,0.43,Matches,2022-2023,FRA,,10.0,,,,,,,,,,,3.0,,,,,,,,,,,,,,,,,,,,,,,21.0,8.0,38.1,1.8,0.68,0.19,0.5,,,,,,,,,,,,,,,,,,
Salim Ben Seghir,1f6298f2,62,frFRA,FW,Marseille,19.0,2003.0,1,0,4.0,0.0,0.0,0.0,0.0,0.0,0.0,0.0,0,0,0.0,0.0,0.0,0.0,0.0,Matches,2022-2023,FRA,,0.0,,,,,,,,,,,0.0,,,,,,,,,,,,,,,,,,,,,,,0.0,0.0,,0.0,0.0,,,,,,,,,,,,,,,,,,,,
Wissam Ben Yedder,942b4f90,63,frFRA,FW,Monaco,31.0,1990.0,32,28,2114.0,23.5,19.0,6.0,25.0,14.0,5.0,6.0,4,0,0.81,0.26,1.06,0.6,0.85,Matches,2022-2023,FRA,,8.0,,,,,,,,,,,4.0,,,,,,,,,,,,,,,,,,,,,,,72.0,44.0,61.1,3.07,1.87,0.19,0.32,,,,,,,,,,,,,,,,,,
Nabil Bentaleb,3189f61a,64,dzALG,MF,Angers,27.0,1994.0,30,29,2489.0,27.7,4.0,4.0,8.0,2.0,2.0,2.0,7,1,0.14,0.14,0.29,0.07,0.22,Matches,2022-2023,FRA,,43.0,,,,,,,,,,,39.0,,,,,,,,,,,,,,,,,,,,,,,41.0,15.0,36.6,1.48,0.54,0.05,0.13,,,,,,,,,,,,,,,,,,
Patrick Berg,e4114f5d,65,noNOR,"DF,MF",Lens,24.0,1997.0,3,0,25.0,0.3,0.0,0.0,0.0,0.0,0.0,0.0,0,0,0.0,0.0,0.0,0.0,0.0,Matches,2022-2023,FRA,,0.0,,,,,,,,,,,1.0,,,,,,,,,,,,,,,,,,,,,,,0.0,0.0,,0.0,0.0,,,,,,,,,,,,,,,,,,,,
Mitchell van Bergen,0b2c9aec,66,nlNED,"MF,FW",Reims,22.0,1999.0,28,6,905.0,10.1,0.0,1.0,1.0,0.0,0.0,0.0,1,0,0.0,0.1,0.1,0.0,0.1,Matches,2022-2023,FRA,,9.0,,,,,,,,,,,6.0,,,,,,,,,,,,,,,,,,,,,,,25.0,12.0,48.0,2.49,1.19,0.0,0.0,,,,,,,,,,,,,,,,,,
Quentin Bernard,3916b09c,67,frFRA,DF,Auxerre,33.0,1989.0,7,7,630.0,7.0,0.0,1.0,1.0,0.0,0.0,0.0,0,0,0.0,0.14,0.14,0.0,0.14,Matches,2022-2023,FRA,,7.0,,,,,,,,,,,13.0,,,,,,,,,,,,,,,,,,,,,,,0.0,0.0,,0.0,0.0,,,,,,,,,,,,,,,,,,,,
Paul Bernardoni,28dabd43,68,frFRA,GK,Angers,25.0,1997.0,27,27,2430.0,27.0,0.0,0.0,0.0,0.0,0.0,0.0,0,0,0.0,0.0,0.0,0.0,0.0,Matches,2022-2023,FRA,,1.0,,,,,,,,,,,1.0,,,,,,,,,,,,,,,,,,,,,,,0.0,0.0,,0.0,0.0,,,27.0,27.0,2430.0,62.0,2.3,139.0,85.0,61.2,1.0,5.0,21.0,3.0,11.1,9.0,8.0,0.0,1.0,0.0
Juan Bernat,433dc9a2,69,esESP,"MF,DF",Paris Saint-Germain,29.0,1993.0,28,18,1648.0,18.3,1.0,4.0,5.0,1.0,0.0,0.0,1,0,0.05,0.22,0.27,0.05,0.27,Matches,2022-2023,FRA,,17.0,,,,,,,,,,,9.0,,,,,,,,,,,,,,,,,,,,,,,7.0,6.0,85.7,0.38,0.33,0.14,0.17,,,,,,,,,,,,,,,,,,
Jason Berthomier,03e91055,70,frFRA,MF,Clermont Foot,32.0,1990.0,2,0,23.0,0.3,0.0,0.0,0.0,0.0,0.0,0.0,0,0,0.0,0.0,0.0,0.0,0.0,Matches,2022-2023,FRA,,0.0,,,,,,,,,,,0.0,,,,,,,,,,,,,,,,,,,,,,,0.0,0.0,,0.0,0.0,,,,,,,,,,,,,,,,,,,,
El Bilal Touré,47c609d5,71,mlMLI,FW,Reims,20.0,2001.0,3,1,91.0,1.0,0.0,0.0,0.0,0.0,0.0,0.0,0,0,0.0,0.0,0.0,0.0,0.0,Matches,2022-2023,FRA,,0.0,,,,,,,,,,,0.0,,,,,,,,,,,,,,,,,,,,,,,1.0,1.0,100.0,0.99,0.99,0.0,0.0,,,,,,,,,,,,,,,,,,
Jean-Claude Billong,a3e1d20d,72,cmCMR,DF,Clermont Foot,28.0,1993.0,1,0,23.0,0.3,0.0,0.0,0.0,0.0,0.0,0.0,0,0,0.0,0.0,0.0,0.0,0.0,Matches,2022-2023,FRA,,0.0,,,,,,,,,,,2.0,,,,,,,,,,,,,,,,,,,,,,,0.0,0.0,,0.0,0.0,,,,,,,,,,,,,,,,,,,,
Veljko Birmančević,636247ca,73,rsSRB,"MF,FW",Toulouse,24.0,1998.0,25,2,444.0,4.9,0.0,0.0,0.0,0.0,0.0,0.0,0,0,0.0,0.0,0.0,0.0,0.0,Matches,2022-2023,FRA,,7.0,,,,,,,,,,,4.0,,,,,,,,,,,,,,,,,,,,,,,13.0,3.0,23.1,2.64,0.61,0.0,0.0,,,,,,,,,,,,,,,,,,
Marco Bizot,3d214e5f,74,nlNED,GK,Brest,31.0,1991.0,37,37,3330.0,37.0,0.0,0.0,0.0,0.0,0.0,0.0,4,0,0.0,0.0,0.0,0.0,0.0,Matches,2022-2023,FRA,,0.0,,,,,,,,,,,0.0,,,,,,,,,,,,,,,,,,,,,,,0.0,0.0,,0.0,0.0,,,37.0,37.0,3330.0,54.0,1.46,169.0,124.0,72.2,11.0,10.0,16.0,8.0,21.6,9.0,7.0,2.0,0.0,22.2
Rubén Blanco,967f34d3,75,esESP,GK,Marseille,27.0,1995.0,6,6,495.0,5.5,0.0,0.0,0.0,0.0,0.0,0.0,0,0,0.0,0.0,0.0,0.0,0.0,Matches,2022-2023,FRA,,0.0,,,,,,,,,,,0.0,,,,,,,,,,,,,,,,,,,,,,,0.0,0.0,,0.0,0.0,,,6.0,6.0,495.0,6.0,1.09,21.0,15.0,71.4,1.0,3.0,2.0,0.0,0.0,0.0,0.0,0.0,0.0,
Ludovic Blas,6191093d,76,frFRA,"MF,FW",Nantes,24.0,1997.0,37,30,2813.0,31.3,7.0,5.0,12.0,5.0,2.0,4.0,6,0,0.22,0.16,0.38,0.16,0.32,Matches,2022-2023,FRA,,27.0,,,,,,,,,,,18.0,,,,,,,,,,,,,,,,,,,,,,,100.0,35.0,35.0,3.2,1.12,0.05,0.14,,,,,,,,,,,,,,,,,,
Miha Blažič,3cdfc63e,77,siSVN,DF,Angers,29.0,1993.0,24,22,1979.0,22.0,2.0,0.0,2.0,2.0,0.0,0.0,4,0,0.09,0.0,0.09,0.09,0.09,Matches,2022-2023,FRA,,6.0,,,,,,,,,,,18.0,,,,,,,,,,,,,,,,,,,,,,,8.0,4.0,50.0,0.36,0.18,0.25,0.5,,,,,,,,,,,,,,,,,,
Joaquín Blázquez,6a9e4913,78,arARG,GK,Brest,21.0,2001.0,1,1,90.0,1.0,0.0,0.0,0.0,0.0,0.0,0.0,0,0,0.0,0.0,0.0,0.0,0.0,Matches,2022-2023,FRA,,0.0,,,,,,,,,,,0.0,,,,,,,,,,,,,,,,,,,,,,,0.0,0.0,,0.0,0.0,,,1.0,1.0,90.0,0.0,0.0,3.0,3.0,100.0,0.0,1.0,0.0,1.0,100.0,0.0,0.0,0.0,0.0,
Myron Boadu,5b479568,79,nlNED,FW,Monaco,21.0,2001.0,12,3,295.0,3.3,3.0,0.0,3.0,3.0,0.0,0.0,0,0,0.92,0.0,0.92,0.92,0.92,Matches,2022-2023,FRA,,3.0,,,,,,,,,,,0.0,,,,,,,,,,,,,,,,,,,,,,,8.0,5.0,62.5,2.44,1.53,0.38,0.6,,,,,,,,,,,,,,,,,,
Jérôme Boateng,2db2fd7b,80,deGER,DF,Lyon,33.0,1988.0,8,6,428.0,4.8,0.0,0.0,0.0,0.0,0.0,0.0,0,0,0.0,0.0,0.0,0.0,0.0,Matches,2022-2023,FRA,,0.0,,,,,,,,,,,7.0,,,,,,,,,,,,,,,,,,,,,,,0.0,0.0,,0.0,0.0,,,,,,,,,,,,,,,,,,,,
Antonin Bobichon,7d937aa1,81,frFRA,"FW,MF",Angers,26.0,1995.0,3,0,18.0,0.2,0.0,0.0,0.0,0.0,0.0,0.0,0,0,0.0,0.0,0.0,0.0,0.0,Matches,2022-2023,FRA,,0.0,,,,,,,,,,,0.0,,,,,,,,,,,,,,,,,,,,,,,1.0,1.0,100.0,5.0,5.0,0.0,0.0,,,,,,,,,,,,,,,,,,
Quentin Boisgard,f6496133,82,frFRA,MF,Lorient,25.0,1997.0,5,1,184.0,2.0,1.0,0.0,1.0,1.0,0.0,0.0,1,0,0.49,0.0,0.49,0.49,0.49,Matches,2022-2023,FRA,,2.0,,,,,,,,,,,4.0,,,,,,,,,,,,,,,,,,,,,,,6.0,3.0,50.0,2.93,1.47,0.17,0.33,,,,,,,,,,,,,,,,,,
Neto Borges,9f936061,83,brBRA,"MF,DF",Clermont Foot,25.0,1996.0,33,33,2833.0,31.5,3.0,1.0,4.0,3.0,0.0,0.0,4,2,0.1,0.03,0.13,0.1,0.13,Matches,2022-2023,FRA,,45.0,,,,,,,,,,,38.0,,,,,,,,,,,,,,,,,,,,,,,23.0,8.0,34.8,0.73,0.25,0.13,0.38,,,,,,,,,,,,,,,,,,
Kenji-Van Boto,c03b7266,84,mgMAD,"MF,DF",Auxerre,26.0,1996.0,2,2,180.0,2.0,0.0,0.0,0.0,0.0,0.0,0.0,0,0,0.0,0.0,0.0,0.0,0.0,Matches,2022-2023,FRA,,2.0,,,,,,,,,,,2.0,,,,,,,,,,,,,,,,,,,,,,,3.0,0.0,0.0,1.5,0.0,0.0,,,,,,,,,,,,,,,,,,,
Kouamé Botué,65fcf987,85,bfBFA,FW,Ajaccio,19.0,2002.0,8,2,229.0,2.5,0.0,0.0,0.0,0.0,0.0,0.0,0,0,0.0,0.0,0.0,0.0,0.0,Matches,2022-2023,FRA,,2.0,,,,,,,,,,,0.0,,,,,,,,,,,,,,,,,,,,,,,6.0,0.0,0.0,2.36,0.0,0.0,,,,,,,,,,,,,,,,,,,
Badredine Bouanani,0400dd2f,86,dzALG,"FW,MF",Nice,17.0,2004.0,19,9,863.0,9.6,0.0,4.0,4.0,0.0,0.0,0.0,0,0,0.0,0.42,0.42,0.0,0.42,Matches,2022-2023,FRA,,9.0,,,,,,,,,,,1.0,,,,,,,,,,,,,,,,,,,,,,,25.0,11.0,44.0,2.61,1.15,0.0,0.0,,,,,,,,,,,,,,,,,,
Hicham Boudaoui,f9d5908e,87,dzALG,MF,Nice,22.0,1999.0,27,22,1875.0,20.8,1.0,2.0,3.0,1.0,0.0,0.0,5,0,0.05,0.1,0.14,0.05,0.14,Matches,2022-2023,FRA,,33.0,,,,,,,,,,,33.0,,,,,,,,,,,,,,,,,,,,,,,21.0,9.0,42.9,1.01,0.43,0.05,0.11,,,,,,,,,,,,,,,,,,
Franci Bouebari,4fb18ca4,88,frFRA,MF,Strasbourg,18.0,2003.0,2,0,76.0,0.8,0.0,0.0,0.0,0.0,0.0,0.0,0,0,0.0,0.0,0.0,0.0,0.0,Matches,2022-2023,FRA,,0.0,,,,,,,,,,,1.0,,,,,,,,,,,,,,,,,,,,,,,0.0,0.0,,0.0,0.0,,,,,,,,,,,,,,,,,,,,
Sofiane Boufal,b0c71810,89,maMAR,"MF,FW",Angers,28.0,1993.0,13,9,834.0,9.3,4.0,3.0,7.0,2.0,2.0,2.0,3,1,0.43,0.32,0.76,0.22,0.54,Matches,2022-2023,FRA,,9.0,,,,,,,,,,,5.0,,,,,,,,,,,,,,,,,,,,,,,23.0,12.0,52.2,2.48,1.29,0.09,0.17,,,,,,,,,,,,,,,,,,
Ismaël Boura,62e02107,90,kmCOM,DF,Lens,21.0,2000.0,9,0,93.0,1.0,0.0,0.0,0.0,0.0,0.0,0.0,0,0,0.0,0.0,0.0,0.0,0.0,Matches,2022-2023,FRA,,3.0,,,,,,,,,,,2.0,,,,,,,,,,,,,,,,,,,,,,,2.0,1.0,50.0,1.94,0.97,0.0,0.0,,,,,,,,,,,,,,,,,,
Benjamin Bourigeaud,20e73fac,91,frFRA,"MF,FW",Rennes,28.0,1994.0,37,37,3065.0,34.1,7.0,10.0,17.0,5.0,2.0,2.0,6,1,0.21,0.29,0.5,0.15,0.44,Matches,2022-2023,FRA,,26.0,,,,,,,,,,,28.0,,,,,,,,,,,,,,,,,,,,,,,73.0,21.0,28.8,2.14,0.62,0.07,0.24,,,,,,,,,,,,,,,,,,
Bilal Brahimi,02bcaf8e,92,dzALG,"FW,MF",Nice,22.0,2000.0,26,5,800.0,8.9,3.0,2.0,5.0,3.0,0.0,0.0,0,0,0.34,0.23,0.56,0.34,0.56,Matches,2022-2023,FRA,,5.0,,,,,,,,,,,4.0,,,,,,,,,,,,,,,,,,,,,,,20.0,6.0,30.0,2.25,0.68,0.15,0.5,,,,,,,,,,,,,,,,,,
Lilian Brassier,5b146df3,93,frFRA,DF,Brest,22.0,1999.0,36,35,3093.0,34.4,0.0,0.0,0.0,0.0,0.0,0.0,5,0,0.0,0.0,0.0,0.0,0.0,Matches,2022-2023,FRA,,30.0,,,,,,,,,,,51.0,,,,,,,,,,,,,,,,,,,,,,,20.0,3.0,15.0,0.58,0.09,0.0,0.0,,,,,,,,,,,,,,,,,,
Andreas Bruus,b088d5d3,94,dkDEN,"MF,DF",Troyes,23.0,1999.0,27,18,1628.0,18.1,0.0,2.0,2.0,0.0,0.0,0.0,2,0,0.0,0.11,0.11,0.0,0.11,Matches,2022-2023,FRA,,7.0,,,,,,,,,,,15.0,,,,,,,,,,,,,,,,,,,,,,,11.0,3.0,27.3,0.61,0.17,0.0,0.0,,,,,,,,,,,,,,,,,,
Joe Bryan,af69e7f0,95,engENG,MF,Nice,28.0,1993.0,6,2,177.0,2.0,0.0,0.0,0.0,0.0,0.0,0.0,3,0,0.0,0.0,0.0,0.0,0.0,Matches,2022-2023,FRA,,4.0,,,,,,,,,,,1.0,,,,,,,,,,,,,,,,,,,,,,,1.0,0.0,0.0,0.51,0.0,0.0,,,,,,,,,,,,,,,,,,,
Adam Buksa,3b676989,96,plPOL,FW,Lens,26.0,1996.0,8,0,101.0,1.1,0.0,0.0,0.0,0.0,0.0,0.0,0,0,0.0,0.0,0.0,0.0,0.0,Matches,2022-2023,FRA,,0.0,,,,,,,,,,,0.0,,,,,,,,,,,,,,,,,,,,,,,0.0,0.0,,0.0,0.0,,,,,,,,,,,,,,,,,,,,
Maxime Busi,7b082ec2,97,beBEL,"MF,DF",Reims,22.0,1999.0,21,11,1043.0,11.6,0.0,1.0,1.0,0.0,0.0,0.0,4,0,0.0,0.09,0.09,0.0,0.09,Matches,2022-2023,FRA,,15.0,,,,,,,,,,,16.0,,,,,,,,,,,,,,,,,,,,,,,4.0,0.0,0.0,0.35,0.0,0.0,,,,,,,,,,,,,,,,,,,
Marcin Bułka,db87a2c4,98,plPOL,GK,Nice,22.0,1999.0,2,2,180.0,2.0,0.0,0.0,0.0,0.0,0.0,0.0,0,0,0.0,0.0,0.0,0.0,0.0,Matches,2022-2023,FRA,,0.0,,,,,,,,,,,1.0,,,,,,,,,,,,,,,,,,,,,,,0.0,0.0,,0.0,0.0,,,2.0,2.0,180.0,2.0,1.0,6.0,4.0,66.7,0.0,1.0,1.0,0.0,0.0,0.0,0.0,0.0,0.0,
Rémy Cabella,148e136f,99,frFRA,MF,Lille,32.0,1990.0,32,28,2525.0,28.1,7.0,10.0,17.0,7.0,0.0,0.0,3,0,0.25,0.36,0.61,0.25,0.61,Matches,2022-2023,FRA,,37.0,,,,,,,,,,,16.0,,,,,,,,,,,,,,,,,,,,,,,42.0,23.0,54.8,1.5,0.82,0.17,0.3,,,,,,,,,,,,,,,,,,
Jimmy Cabot,46359159,100,frFRA,MF,Lens,28.0,1994.0,11,5,511.0,5.7,0.0,1.0,1.0,0.0,0.0,0.0,2,0,0.0,0.18,0.18,0.0,0.18,Matches,2022-2023,FRA,,12.0,,,,,,,,,,,4.0,,,,,,,,,,,,,,,,,,,,,,,5.0,1.0,20.0,0.88,0.18,0.0,0.0,,,,,,,,,,,,,,,,,,
Jens Cajuste,928a4a61,101,seSWE,MF,Reims,22.0,1999.0,31,14,1530.0,17.0,3.0,1.0,4.0,3.0,0.0,0.0,8,1,0.18,0.06,0.24,0.18,0.24,Matches,2022-2023,FRA,,27.0,,,,,,,,,,,17.0,,,,,,,,,,,,,,,,,,,,,,,27.0,7.0,25.9,1.59,0.41,0.11,0.43,,,,,,,,,,,,,,,,,,
Duje Ćaleta-Car,94f8d10c,102,hrCRO,DF,Marseille,25.0,1996.0,1,0,8.0,0.1,0.0,0.0,0.0,0.0,0.0,0.0,0,0,0.0,0.0,0.0,0.0,0.0,Matches,2022-2023,FRA,,0.0,,,,,,,,,,,0.0,,,,,,,,,,,,,,,,,,,,,,,0.0,0.0,,0.0,0.0,,,,,,,,,,,,,,,,,,,,
Mahdi Camara,8577e60a,103,frFRA,MF,Brest,24.0,1998.0,31,20,1820.0,20.2,2.0,0.0,2.0,2.0,0.0,0.0,4,1,0.1,0.0,0.1,0.1,0.1,Matches,2022-2023,FRA,,37.0,,,,,,,,,,,39.0,,,,,,,,,,,,,,,,,,,,,,,24.0,7.0,29.2,1.19,0.35,0.08,0.29,,,,,,,,,,,,,,,,,,
Mohamed Camara,489e80e3,104,mlMLI,MF,Monaco,22.0,2000.0,29,25,2194.0,24.4,0.0,3.0,3.0,0.0,0.0,0.0,6,1,0.0,0.12,0.12,0.0,0.12,Matches,2022-2023,FRA,,43.0,,,,,,,,,,,27.0,,,,,,,,,,,,,,,,,,,,,,,27.0,6.0,22.2,1.11,0.25,0.0,0.0,,,,,,,,,,,,,,,,,,
Ousmane Camara,5a6b06cd,105,gnGUI,FW,Auxerre,20.0,2001.0,3,0,24.0,0.3,0.0,0.0,0.0,0.0,0.0,0.0,1,0,0.0,0.0,0.0,0.0,0.0,Matches,2022-2023,FRA,,1.0,,,,,,,,,,,0.0,,,,,,,,,,,,,,,,,,,,,,,1.0,0.0,0.0,3.75,0.0,0.0,,,,,,,,,,,,,,,,,,,
Ousmane Camara,7d3dfdfd,106,mlMLI,DF,Angers,19.0,2003.0,9,6,521.0,5.8,0.0,0.0,0.0,0.0,0.0,0.0,2,0,0.0,0.0,0.0,0.0,0.0,Matches,2022-2023,FRA,,6.0,,,,,,,,,,,11.0,,,,,,,,,,,,,,,,,,,,,,,1.0,1.0,100.0,0.17,0.17,0.0,0.0,,,,,,,,,,,,,,,,,,
Axel Camblan,9f4a940f,107,frFRA,FW,Brest,18.0,2003.0,7,0,68.0,0.8,0.0,0.0,0.0,0.0,0.0,0.0,0,0,0.0,0.0,0.0,0.0,0.0,Matches,2022-2023,FRA,,2.0,,,,,,,,,,,0.0,,,,,,,,,,,,,,,,,,,,,,,1.0,1.0,100.0,1.32,1.32,0.0,0.0,,,,,,,,,,,,,,,,,,
Pierrick Capelle,79b2399c,108,frFRA,"MF,DF",Angers,35.0,1987.0,26,15,1428.0,15.9,0.0,3.0,3.0,0.0,0.0,0.0,8,0,0.0,0.19,0.19,0.0,0.19,Matches,2022-2023,FRA,,22.0,,,,,,,,,,,15.0,,,,,,,,,,,,,,,,,,,,,,,16.0,7.0,43.8,1.01,0.44,0.0,0.0,,,,,,,,,,,,,,,,,,
Maxence Caqueret,f81ef10d,109,frFRA,MF,Lyon,22.0,2000.0,36,32,2767.0,30.7,4.0,7.0,11.0,4.0,0.0,0.0,2,0,0.13,0.23,0.36,0.13,0.36,Matches,2022-2023,FRA,,56.0,,,,,,,,,,,38.0,,,,,,,,,,,,,,,,,,,,,,,26.0,13.0,50.0,0.85,0.42,0.15,0.31,,,,,,,,,,,,,,,,,,
Irvin Cardona,5e080f73,110,mtMLT,FW,Brest,24.0,1997.0,10,1,233.0,2.6,0.0,0.0,0.0,0.0,0.0,0.0,0,0,0.0,0.0,0.0,0.0,0.0,Matches,2022-2023,FRA,,0.0,,,,,,,,,,,2.0,,,,,,,,,,,,,,,,,,,,,,,4.0,2.0,50.0,1.55,0.77,0.0,0.0,,,,,,,,,,,,,,,,,,
Igor Carioca,e3e32fbb,111,brBRA,"DF,MF",Lorient,25.0,1996.0,7,5,456.0,5.1,0.0,0.0,0.0,0.0,0.0,0.0,2,1,0.0,0.0,0.0,0.0,0.0,Matches,2022-2023,FRA,,12.0,,,,,,,,,,,4.0,,,,,,,,,,,,,,,,,,,,,,,4.0,1.0,25.0,0.79,0.2,0.0,0.0,,,,,,,,,,,,,,,,,,
Matis Carvalho,8608f269,112,ptPOR,GK,Montpellier,23.0,1999.0,2,1,136.0,1.5,0.0,0.0,0.0,0.0,0.0,0.0,0,0,0.0,0.0,0.0,0.0,0.0,Matches,2022-2023,FRA,,0.0,,,,,,,,,,,1.0,,,,,,,,,,,,,,,,,,,,,,,0.0,0.0,,0.0,0.0,,,2.0,1.0,136.0,3.0,1.99,7.0,4.0,57.1,0.0,0.0,1.0,1.0,100.0,0.0,0.0,0.0,0.0,
Jean-Charles Castelletto,e0f3a1f6,113,cmCMR,DF,Nantes,27.0,1995.0,32,30,2568.0,28.5,0.0,0.0,0.0,0.0,0.0,0.0,3,0,0.0,0.0,0.0,0.0,0.0,Matches,2022-2023,FRA,,29.0,,,,,,,,,,,54.0,,,,,,,,,,,,,,,,,,,,,,,9.0,3.0,33.3,0.32,0.11,0.0,0.0,,,,,,,,,,,,,,,,,,
Yoann Cathline,4db5915d,114,frFRA,MF,Lorient,20.0,2002.0,23,11,1090.0,12.1,1.0,1.0,2.0,1.0,0.0,0.0,0,0,0.08,0.08,0.17,0.08,0.17,Matches,2022-2023,FRA,,12.0,,,,,,,,,,,8.0,,,,,,,,,,,,,,,,,,,,,,,27.0,10.0,37.0,2.23,0.83,0.04,0.1,,,,,,,,,,,,,,,,,,
Maximiliano Caufriez,c92c24f0,115,beBEL,DF,Clermont Foot,25.0,1997.0,26,25,2222.0,24.7,1.0,0.0,1.0,1.0,0.0,0.0,10,1,0.04,0.0,0.04,0.04,0.04,Matches,2022-2023,FRA,,25.0,,,,,,,,,,,28.0,,,,,,,,,,,,,,,,,,,,,,,14.0,7.0,50.0,0.57,0.28,0.07,0.14,,,,,,,,,,,,,,,,,,
Fabien Centonze,3c6bbbab,116,frFRA,"DF,MF",Nantes,26.0,1996.0,23,19,1689.0,18.8,0.0,0.0,0.0,0.0,0.0,0.0,4,0,0.0,0.0,0.0,0.0,0.0,Matches,2022-2023,FRA,,39.0,,,,,,,,,,,42.0,,,,,,,,,,,,,,,,,,,,,,,13.0,0.0,0.0,0.69,0.0,0.0,,,,,,,,,,,,,,,,,,,
Florian Chabrolle,5d9577aa,117,frFRA,MF,Ajaccio,24.0,1998.0,7,3,329.0,3.7,0.0,0.0,0.0,0.0,0.0,0.0,1,0,0.0,0.0,0.0,0.0,0.0,Matches,2022-2023,FRA,,5.0,,,,,,,,,,,7.0,,,,,,,,,,,,,,,,,,,,,,,2.0,1.0,50.0,0.55,0.27,0.0,0.0,,,,,,,,,,,,,,,,,,
El Chadaille Bitshiabu,2180c761,118,frFRA,DF,Paris Saint-Germain,17.0,2005.0,13,6,583.0,6.5,0.0,0.0,0.0,0.0,0.0,0.0,2,0,0.0,0.0,0.0,0.0,0.0,Matches,2022-2023,FRA,,8.0,,,,,,,,,,,8.0,,,,,,,,,,,,,,,,,,,,,,,0.0,0.0,,0.0,0.0,,,,,,,,,,,,,,,,,,,,
Fares Chaïbi,357103bd,119,dzALG,"MF,FW",Toulouse,19.0,2002.0,36,24,2340.0,26.0,5.0,5.0,10.0,5.0,0.0,0.0,2,0,0.19,0.19,0.38,0.19,0.38,Matches,2022-2023,FRA,,17.0,,,,,,,,,,,15.0,,,,,,,,,,,,,,,,,,,,,,,63.0,25.0,39.7,2.42,0.96,0.08,0.2,,,,,,,,,,,,,,,,,,
Muhammed Cham,f527a32c,120,atAUT,MF,Clermont Foot,21.0,2000.0,38,23,1968.0,21.9,7.0,4.0,11.0,5.0,2.0,2.0,2,0,0.32,0.18,0.5,0.23,0.41,Matches,2022-2023,FRA,,15.0,,,,,,,,,,,8.0,,,,,,,,,,,,,,,,,,,,,,,53.0,21.0,39.6,2.42,0.96,0.09,0.24,,,,,,,,,,,,,,,,,,
Gaëtan Charbonnier,18ebca4b,121,frFRA,FW,Auxerre,33.0,1988.0,6,3,254.0,2.8,1.0,0.0,1.0,1.0,0.0,0.0,1,0,0.35,0.0,0.35,0.35,0.35,Matches,2022-2023,FRA,,1.0,,,,,,,,,,,0.0,,,,,,,,,,,,,,,,,,,,,,,8.0,1.0,12.5,2.83,0.35,0.13,1.0,,,,,,,,,,,,,,,,,,
Brendan Chardonnet,16aa7d4c,122,frFRA,DF,Brest,27.0,1994.0,30,27,2491.0,27.7,0.0,0.0,0.0,0.0,0.0,0.0,6,0,0.0,0.0,0.0,0.0,0.0,Matches,2022-2023,FRA,,28.0,,,,,,,,,,,59.0,,,,,,,,,,,,,,,,,,,,,,,16.0,3.0,18.8,0.58,0.11,0.0,0.0,,,,,,,,,,,,,,,,,,
Xavier Chavalerin,279ddf6a,123,frFRA,MF,Troyes,31.0,1991.0,34,25,2426.0,27.0,4.0,2.0,6.0,4.0,0.0,0.0,3,0,0.15,0.07,0.22,0.15,0.22,Matches,2022-2023,FRA,,49.0,,,,,,,,,,,38.0,,,,,,,,,,,,,,,,,,,,,,,27.0,11.0,40.7,1.0,0.41,0.15,0.36,,,,,,,,,,,,,,,,,,
Ivane Chegra,1237c049,124,frFRA,MF,Ajaccio,18.0,2004.0,6,1,193.0,2.1,0.0,0.0,0.0,0.0,0.0,0.0,0,0,0.0,0.0,0.0,0.0,0.0,Matches,2022-2023,FRA,,4.0,,,,,,,,,,,1.0,,,,,,,,,,,,,,,,,,,,,,,1.0,0.0,0.0,0.47,0.0,0.0,,,,,,,,,,,,,,,,,,,
Rayan Cherki,b34c63a5,125,frFRA,"MF,FW",Lyon,18.0,2003.0,34,21,1872.0,20.8,4.0,6.0,10.0,4.0,0.0,0.0,3,0,0.19,0.29,0.48,0.19,0.48,Matches,2022-2023,FRA,,8.0,,,,,,,,,,,5.0,,,,,,,,,,,,,,,,,,,,,,,61.0,21.0,34.4,2.93,1.01,0.07,0.19,,,,,,,,,,,,,,,,,,
Ilyes Cheti,9d498560,126,dzALG,DF,Angers,27.0,1995.0,6,2,207.0,2.3,0.0,0.0,0.0,0.0,0.0,0.0,1,0,0.0,0.0,0.0,0.0,0.0,Matches,2022-2023,FRA,,4.0,,,,,,,,,,,4.0,,,,,,,,,,,,,,,,,,,,,,,0.0,0.0,,0.0,0.0,,,,,,,,,,,,,,,,,,,,
Lucas Chevalier,b3d76d84,127,frFRA,GK,Lille,20.0,2001.0,32,32,2880.0,32.0,0.0,0.0,0.0,0.0,0.0,0.0,1,0,0.0,0.0,0.0,0.0,0.0,Matches,2022-2023,FRA,,1.0,,,,,,,,,,,2.0,,,,,,,,,,,,,,,,,,,,,,,0.0,0.0,,0.0,0.0,,,32.0,32.0,2880.0,31.0,0.97,105.0,77.0,72.4,16.0,9.0,7.0,10.0,31.3,3.0,2.0,1.0,0.0,33.3
Pedro Chirivella,68a26d51,128,esESP,MF,Nantes,25.0,1997.0,26,25,2028.0,22.5,0.0,1.0,1.0,0.0,0.0,0.0,1,0,0.0,0.04,0.04,0.0,0.04,Matches,2022-2023,FRA,,24.0,,,,,,,,,,,23.0,,,,,,,,,,,,,,,,,,,,,,,16.0,5.0,31.3,0.71,0.22,0.0,0.0,,,,,,,,,,,,,,,,,,
Joris Chotard,7909ffa4,129,frFRA,MF,Montpellier,20.0,2001.0,35,26,2461.0,27.3,0.0,6.0,6.0,0.0,0.0,0.0,4,0,0.0,0.22,0.22,0.0,0.22,Matches,2022-2023,FRA,,33.0,,,,,,,,,,,39.0,,,,,,,,,,,,,,,,,,,,,,,12.0,1.0,8.3,0.44,0.04,0.0,0.0,,,,,,,,,,,,,,,,,,
Yanis Cimignani,7495aba7,130,frFRA,MF,Ajaccio,20.0,2002.0,8,3,279.0,3.1,0.0,0.0,0.0,0.0,0.0,0.0,0,0,0.0,0.0,0.0,0.0,0.0,Matches,2022-2023,FRA,,5.0,,,,,,,,,,,2.0,,,,,,,,,,,,,,,,,,,,,,,6.0,2.0,33.3,1.94,0.65,0.0,0.0,,,,,,,,,,,,,,,,,,
Souleymane Cissé,ff4d0258,131,frFRA,DF,Clermont Foot,19.0,2002.0,2,0,36.0,0.4,0.0,0.0,0.0,0.0,0.0,0.0,0,0,0.0,0.0,0.0,0.0,0.0,Matches,2022-2023,FRA,,1.0,,,,,,,,,,,1.0,,,,,,,,,,,,,,,,,,,,,,,1.0,0.0,0.0,2.5,0.0,0.0,,,,,,,,,,,,,,,,,,,
Alexis Claude-Maurice,741418c3,132,frFRA,MF,Nice,24.0,1998.0,2,1,64.0,0.7,0.0,0.0,0.0,0.0,0.0,0.0,0,0,0.0,0.0,0.0,0.0,0.0,Matches,2022-2023,FRA,,3.0,,,,,,,,,,,2.0,,,,,,,,,,,,,,,,,,,,,,,2.0,0.0,0.0,2.81,0.0,0.0,,,,,,,,,,,,,,,,,,,
Alexis Claude-Maurice,741418c3,133,frFRA,"MF,FW",Lens,24.0,1998.0,20,5,604.0,6.7,5.0,3.0,8.0,5.0,0.0,0.0,0,0,0.75,0.45,1.19,0.75,1.19,Matches,2022-2023,FRA,,11.0,,,,,,,,,,,2.0,,,,,,,,,,,,,,,,,,,,,,,14.0,9.0,64.3,2.09,1.34,0.36,0.56,,,,,,,,,,,,,,,,,,
Jonathan Clauss,5219ab4a,134,frFRA,MF,Marseille,29.0,1992.0,34,32,2590.0,28.8,2.0,9.0,11.0,2.0,0.0,0.0,1,0,0.07,0.31,0.38,0.07,0.38,Matches,2022-2023,FRA,,29.0,,,,,,,,,,,33.0,,,,,,,,,,,,,,,,,,,,,,,50.0,12.0,24.0,1.74,0.42,0.04,0.17,,,,,,,,,,,,,,,,,,
Marcus Coco,3010aefb,135,frFRA,"MF,FW",Nantes,26.0,1996.0,26,6,641.0,7.1,1.0,0.0,1.0,1.0,0.0,0.0,2,0,0.14,0.0,0.14,0.14,0.14,Matches,2022-2023,FRA,,14.0,,,,,,,,,,,14.0,,,,,,,,,,,,,,,,,,,,,,,7.0,1.0,14.3,0.98,0.14,0.14,1.0,,,,,,,,,,,,,,,,,,
Alexandre Coeff,c4065f40,136,frFRA,DF,Auxerre,30.0,1992.0,7,6,586.0,6.5,0.0,1.0,1.0,0.0,0.0,0.0,0,0,0.0,0.15,0.15,0.0,0.15,Matches,2022-2023,FRA,,5.0,,,,,,,,,,,7.0,,,,,,,,,,,,,,,,,,,,,,,1.0,0.0,0.0,0.15,0.0,0.0,,,,,,,,,,,,,,,,,,,
Abdu Conté,cfa49cc1,137,ptPOR,"DF,MF",Troyes,24.0,1998.0,19,15,1315.0,14.6,1.0,2.0,3.0,1.0,0.0,0.0,0,0,0.07,0.14,0.21,0.07,0.21,Matches,2022-2023,FRA,,20.0,,,,,,,,,,,6.0,,,,,,,,,,,,,,,,,,,,,,,4.0,3.0,75.0,0.27,0.21,0.25,0.33,,,,,,,,,,,,,,,,,,
Sébastien Corchia,0e7ccfc4,138,frFRA,"DF,MF",Nantes,31.0,1990.0,22,6,786.0,8.7,0.0,1.0,1.0,0.0,0.0,0.0,3,0,0.0,0.11,0.11,0.0,0.11,Matches,2022-2023,FRA,,6.0,,,,,,,,,,,14.0,,,,,,,,,,,,,,,,,,,,,,,5.0,2.0,40.0,0.57,0.23,0.0,0.0,,,,,,,,,,,,,,,,,,
David Costa,59948ef7,139,ptPOR,"MF,FW",Lens,21.0,2001.0,31,16,1407.0,15.6,1.0,3.0,4.0,1.0,0.0,0.0,2,0,0.06,0.19,0.26,0.06,0.26,Matches,2022-2023,FRA,,7.0,,,,,,,,,,,9.0,,,,,,,,,,,,,,,,,,,,,,,26.0,7.0,26.9,1.66,0.45,0.04,0.14,,,,,,,,,,,,,,,,,,
Logan Costa,bfb2056e,140,cvCPV,DF,Toulouse,21.0,2001.0,6,4,415.0,4.6,0.0,0.0,0.0,0.0,0.0,0.0,0,0,0.0,0.0,0.0,0.0,0.0,Matches,2022-2023,FRA,,4.0,,,,,,,,,,,4.0,,,,,,,,,,,,,,,,,,,,,,,5.0,2.0,40.0,1.08,0.43,0.0,0.0,,,,,,,,,,,,,,,,,,
Nuno da Costa,909222de,141,cvCPV,"FW,MF",Auxerre,31.0,1991.0,33,23,2003.0,22.3,5.0,4.0,9.0,5.0,0.0,0.0,5,1,0.22,0.18,0.4,0.22,0.4,Matches,2022-2023,FRA,,23.0,,,,,,,,,,,20.0,,,,,,,,,,,,,,,,,,,,,,,39.0,14.0,35.9,1.75,0.63,0.13,0.36,,,,,,,,,,,,,,,,,,
Benoît Costil,2434f24a,142,frFRA,GK,Auxerre,35.0,1987.0,19,19,1710.0,19.0,0.0,0.0,0.0,0.0,0.0,0.0,0,0,0.0,0.0,0.0,0.0,0.0,Matches,2022-2023,FRA,,1.0,,,,,,,,,,,0.0,,,,,,,,,,,,,,,,,,,,,,,0.0,0.0,,0.0,0.0,,,19.0,19.0,1710.0,41.0,2.16,94.0,56.0,59.6,3.0,4.0,12.0,2.0,10.5,3.0,3.0,0.0,0.0,0.0
Mathieu Coutadeur,ef8ae23b,143,frFRA,MF,Ajaccio,36.0,1986.0,27,22,1947.0,21.6,0.0,0.0,0.0,0.0,0.0,0.0,2,0,0.0,0.0,0.0,0.0,0.0,Matches,2022-2023,FRA,,15.0,,,,,,,,,,,18.0,,,,,,,,,,,,,,,,,,,,,,,4.0,0.0,0.0,0.18,0.0,0.0,,,,,,,,,,,,,,,,,,,
Nicolas Cozza,8f325097,144,frFRA,DF,Montpellier,23.0,1999.0,17,14,1277.0,14.2,2.0,1.0,3.0,2.0,0.0,0.0,3,0,0.14,0.07,0.21,0.14,0.21,Matches,2022-2023,FRA,,21.0,,,,,,,,,,,19.0,,,,,,,,,,,,,,,,,,,,,,,7.0,4.0,57.1,0.49,0.28,0.29,0.5,,,,,,,,,,,,,,,,,,
Damien Da Silva,1ec7e1c5,145,frFRA,DF,Lyon,34.0,1988.0,7,3,338.0,3.8,0.0,0.0,0.0,0.0,0.0,0.0,2,0,0.0,0.0,0.0,0.0,0.0,Matches,2022-2023,FRA,,7.0,,,,,,,,,,,3.0,,,,,,,,,,,,,,,,,,,,,,,2.0,1.0,50.0,0.53,0.27,0.0,0.0,,,,,,,,,,,,,,,,,,
Andréa Dacourt,4a021593,146,frFRA,MF,Nice,17.0,2005.0,1,0,1.0,0.0,0.0,0.0,0.0,0.0,0.0,0.0,0,0,0.0,0.0,0.0,0.0,0.0,Matches,2022-2023,FRA,,0.0,,,,,,,,,,,0.0,,,,,,,,,,,,,,,,,,,,,,,0.0,0.0,,0.0,0.0,,,,,,,,,,,,,,,,,,,,
Colin Dagba,29c02c9f,147,frFRA,"MF,DF",Strasbourg,23.0,1998.0,21,12,958.0,10.6,0.0,0.0,0.0,0.0,0.0,0.0,3,0,0.0,0.0,0.0,0.0,0.0,Matches,2022-2023,FRA,,19.0,,,,,,,,,,,17.0,,,,,,,,,,,,,,,,,,,,,,,5.0,0.0,0.0,0.47,0.0,0.0,,,,,,,,,,,,,,,,,,,
Thijs Dallinga,b70afb45,148,nlNED,FW,Toulouse,21.0,2000.0,36,28,2353.0,26.1,12.0,1.0,13.0,12.0,0.0,0.0,4,0,0.46,0.04,0.5,0.46,0.5,Matches,2022-2023,FRA,,7.0,,,,,,,,,,,3.0,,,,,,,,,,,,,,,,,,,,,,,63.0,32.0,50.8,2.41,1.22,0.19,0.38,,,,,,,,,,,,,,,,,,
Flavius Daniliuc,7ef972c3,149,atAUT,DF,Nice,21.0,2001.0,2,1,91.0,1.0,0.0,0.0,0.0,0.0,0.0,0.0,0,0,0.0,0.0,0.0,0.0,0.0,Matches,2022-2023,FRA,,0.0,,,,,,,,,,,0.0,,,,,,,,,,,,,,,,,,,,,,,0.0,0.0,,0.0,0.0,,,,,,,,,,,,,,,,,,,,
Kévin Danois,e76f6fbe,150,frFRA,MF,Auxerre,18.0,2004.0,1,0,2.0,0.0,0.0,0.0,0.0,0.0,0.0,0.0,0,0,0.0,0.0,0.0,0.0,0.0,Matches,2022-2023,FRA,,1.0,,,,,,,,,,,0.0,,,,,,,,,,,,,,,,,,,,,,,0.0,0.0,,0.0,0.0,,,,,,,,,,,,,,,,,,,,
Kevin Danso,6e33125f,151,atAUT,DF,Lens,23.0,1998.0,37,37,3232.0,35.9,1.0,2.0,3.0,1.0,0.0,0.0,7,1,0.03,0.06,0.08,0.03,0.08,Matches,2022-2023,FRA,,23.0,,,,,,,,,,,28.0,,,,,,,,,,,,,,,,,,,,,,,24.0,4.0,16.7,0.67,0.11,0.04,0.25,,,,,,,,,,,,,,,,,,
Dante,fd2bc67d,152,brBRA,DF,Nice,38.0,1983.0,37,37,3299.0,36.7,1.0,2.0,3.0,1.0,0.0,0.0,6,0,0.03,0.05,0.08,0.03,0.08,Matches,2022-2023,FRA,,42.0,,,,,,,,,,,40.0,,,,,,,,,,,,,,,,,,,,,,,23.0,5.0,21.7,0.63,0.14,0.04,0.2,,,,,,,,,,,,,,,,,,
Achraf Dari,5069b796,153,maMAR,DF,Brest,23.0,1999.0,18,15,1317.0,14.6,1.0,0.0,1.0,1.0,0.0,0.0,1,0,0.07,0.0,0.07,0.07,0.07,Matches,2022-2023,FRA,,14.0,,,,,,,,,,,16.0,,,,,,,,,,,,,,,,,,,,,,,4.0,2.0,50.0,0.27,0.14,0.25,0.5,,,,,,,,,,,,,,,,,,
Jonathan David,ce50fd99,154,caCAN,"FW,MF",Lille,22.0,2000.0,37,36,3166.0,35.2,24.0,4.0,28.0,14.0,10.0,11.0,6,0,0.68,0.11,0.8,0.4,0.51,Matches,2022-2023,FRA,,18.0,,,,,,,,,,,7.0,,,,,,,,,,,,,,,,,,,,,,,106.0,56.0,52.8,3.01,1.59,0.13,0.25,,,,,,,,,,,,,,,,,,
Thibault De Smet,5fdcb075,155,beBEL,DF,Reims,24.0,1998.0,22,20,1758.0,19.5,0.0,1.0,1.0,0.0,0.0,0.0,2,0,0.0,0.05,0.05,0.0,0.05,Matches,2022-2023,FRA,,17.0,,,,,,,,,,,18.0,,,,,,,,,,,,,,,,,,,,,,,0.0,0.0,,0.0,0.0,,,,,,,,,,,,,,,,,,,,
Brecht Dejaegere,4ca4f601,156,beBEL,MF,Toulouse,31.0,1991.0,30,25,1809.0,20.1,4.0,1.0,5.0,4.0,0.0,0.0,5,0,0.2,0.05,0.25,0.2,0.25,Matches,2022-2023,FRA,,23.0,,,,,,,,,,,12.0,,,,,,,,,,,,,,,,,,,,,,,23.0,8.0,34.8,1.14,0.4,0.17,0.5,,,,,,,,,,,,,,,,,,
Romain Del Castillo,0be95d34,157,frFRA,"MF,FW",Brest,26.0,1996.0,27,16,1422.0,15.8,6.0,6.0,12.0,1.0,5.0,5.0,2,0,0.38,0.38,0.76,0.06,0.44,Matches,2022-2023,FRA,,25.0,,,,,,,,,,,11.0,,,,,,,,,,,,,,,,,,,,,,,36.0,16.0,44.4,2.28,1.01,0.03,0.06,,,,,,,,,,,,,,,,,,
Thomas Delaine,8332db56,158,frFRA,MF,Strasbourg,30.0,1992.0,17,13,1069.0,11.9,0.0,2.0,2.0,0.0,0.0,0.0,3,0,0.0,0.17,0.17,0.0,0.17,Matches,2022-2023,FRA,,13.0,,,,,,,,,,,15.0,,,,,,,,,,,,,,,,,,,,,,,6.0,4.0,66.7,0.51,0.34,0.0,0.0,,,,,,,,,,,,,,,,,,
Sacha Delaye,e4448c8c,159,frFRA,MF,Montpellier,20.0,2002.0,3,0,20.0,0.2,1.0,0.0,1.0,1.0,0.0,0.0,0,0,4.5,0.0,4.5,4.5,4.5,Matches,2022-2023,FRA,,0.0,,,,,,,,,,,0.0,,,,,,,,,,,,,,,,,,,,,,,2.0,1.0,50.0,9.0,4.5,0.5,1.0,,,,,,,,,,,,,,,,,,
Andy Delort,d33c706e,160,dzALG,FW,Nice,30.0,1991.0,14,9,781.0,8.7,6.0,1.0,7.0,3.0,3.0,3.0,0,0,0.69,0.12,0.81,0.35,0.46,Matches,2022-2023,FRA,,0.0,,,,,,,,,,,1.0,,,,,,,,,,,,,,,,,,,,,,,26.0,11.0,42.3,3.0,1.27,0.12,0.27,,,,,,,,,,,,,,,,,,
Andy Delort,d33c706e,161,dzALG,FW,Nantes,30.0,1991.0,12,6,469.0,5.2,0.0,0.0,0.0,0.0,0.0,0.0,0,0,0.0,0.0,0.0,0.0,0.0,Matches,2022-2023,FRA,,4.0,,,,,,,,,,,0.0,,,,,,,,,,,,,,,,,,,,,,,19.0,11.0,57.9,3.65,2.11,0.0,0.0,,,,,,,,,,,,,,,,,,
Karamoko Dembélé,7304f3b1,162,engENG,"FW,MF",Brest,19.0,2003.0,15,0,179.0,2.0,0.0,0.0,0.0,0.0,0.0,0.0,0,0,0.0,0.0,0.0,0.0,0.0,Matches,2022-2023,FRA,,0.0,,,,,,,,,,,1.0,,,,,,,,,,,,,,,,,,,,,,,4.0,2.0,50.0,2.01,1.01,0.0,0.0,,,,,,,,,,,,,,,,,,
Moussa Dembélé,e7986081,163,frFRA,FW,Lyon,26.0,1996.0,23,8,877.0,9.7,3.0,0.0,3.0,3.0,0.0,0.0,1,0,0.31,0.0,0.31,0.31,0.31,Matches,2022-2023,FRA,,4.0,,,,,,,,,,,1.0,,,,,,,,,,,,,,,,,,,,,,,28.0,13.0,46.4,2.87,1.33,0.11,0.23,,,,,,,,,,,,,,,,,,
Siriki Dembélé,11f54bd5,164,ciCIV,MF,Auxerre,25.0,1996.0,12,4,372.0,4.1,0.0,0.0,0.0,0.0,0.0,0.0,1,0,0.0,0.0,0.0,0.0,0.0,Matches,2022-2023,FRA,,5.0,,,,,,,,,,,1.0,,,,,,,,,,,,,,,,,,,,,,,5.0,2.0,40.0,1.21,0.48,0.0,0.0,,,,,,,,,,,,,,,,,,
Branco van den Boomen,99d660b2,165,nlNED,MF,Toulouse,27.0,1995.0,35,32,2888.0,32.1,5.0,8.0,13.0,1.0,4.0,4.0,6,0,0.16,0.25,0.41,0.03,0.28,Matches,2022-2023,FRA,,40.0,,,,,,,,,,,10.0,,,,,,,,,,,,,,,,,,,,,,,52.0,25.0,48.1,1.62,0.78,0.02,0.04,,,,,,,,,,,,,,,,,,
Rémy Descamps,477e50ce,166,frFRA,GK,Nantes,26.0,1996.0,1,1,90.0,1.0,0.0,0.0,0.0,0.0,0.0,0.0,1,0,0.0,0.0,0.0,0.0,0.0,Matches,2022-2023,FRA,,0.0,,,,,,,,,,,0.0,,,,,,,,,,,,,,,,,,,,,,,0.0,0.0,,0.0,0.0,,,1.0,1.0,90.0,1.0,1.0,6.0,5.0,83.3,0.0,1.0,0.0,0.0,0.0,0.0,0.0,0.0,0.0,
Mikkel Desler,1d5c96f8,167,dkDEN,DF,Toulouse,27.0,1995.0,27,26,2257.0,25.1,1.0,2.0,3.0,1.0,0.0,0.0,5,1,0.04,0.08,0.12,0.04,0.12,Matches,2022-2023,FRA,,44.0,,,,,,,,,,,34.0,,,,,,,,,,,,,,,,,,,,,,,11.0,4.0,36.4,0.44,0.16,0.09,0.25,,,,,,,,,,,,,,,,,,
Mamadou Diakhon,331c5a98,168,frFRA,FW,Reims,16.0,2005.0,2,0,21.0,0.2,0.0,0.0,0.0,0.0,0.0,0.0,0,0,0.0,0.0,0.0,0.0,0.0,Matches,2022-2023,FRA,,0.0,,,,,,,,,,,1.0,,,,,,,,,,,,,,,,,,,,,,,1.0,0.0,0.0,4.29,0.0,0.0,,,,,,,,,,,,,,,,,,,
Bafodé Diakité,1bfb6fef,169,frFRA,DF,Lille,21.0,2001.0,33,29,2653.0,29.5,3.0,0.0,3.0,3.0,0.0,0.0,6,0,0.1,0.0,0.1,0.1,0.1,Matches,2022-2023,FRA,,36.0,,,,,,,,,,,17.0,,,,,,,,,,,,,,,,,,,,,,,19.0,6.0,31.6,0.64,0.2,0.16,0.5,,,,,,,,,,,,,,,,,,
Ibrahim Diakité,d8c19a60,170,gnGUI,DF,Reims,18.0,2003.0,3,1,131.0,1.5,0.0,0.0,0.0,0.0,0.0,0.0,1,0,0.0,0.0,0.0,0.0,0.0,Matches,2022-2023,FRA,,3.0,,,,,,,,,,,3.0,,,,,,,,,,,,,,,,,,,,,,,1.0,1.0,100.0,0.69,0.69,0.0,0.0,,,,,,,,,,,,,,,,,,
Baila Diallo,fb55f63a,171,frFRA,DF,Clermont Foot,21.0,2001.0,6,0,89.0,1.0,0.0,0.0,0.0,0.0,0.0,0.0,0,0,0.0,0.0,0.0,0.0,0.0,Matches,2022-2023,FRA,,0.0,,,,,,,,,,,0.0,,,,,,,,,,,,,,,,,,,,,,,1.0,0.0,0.0,1.01,0.0,0.0,,,,,,,,,,,,,,,,,,,
Habib Diallo,6605d143,172,snSEN,FW,Strasbourg,27.0,1995.0,37,32,2879.0,32.0,20.0,1.0,21.0,17.0,3.0,4.0,4,1,0.63,0.03,0.66,0.53,0.56,Matches,2022-2023,FRA,,10.0,,,,,,,,,,,10.0,,,,,,,,,,,,,,,,,,,,,,,94.0,42.0,44.7,2.94,1.31,0.18,0.4,,,,,,,,,,,,,,,,,,
Ismael Diallo,b3244eeb,173,ciCIV,DF,Ajaccio,25.0,1997.0,28,25,2176.0,24.2,0.0,0.0,0.0,0.0,0.0,0.0,9,1,0.0,0.0,0.0,0.0,0.0,Matches,2022-2023,FRA,,32.0,,,,,,,,,,,30.0,,,,,,,,,,,,,,,,,,,,,,,3.0,0.0,0.0,0.12,0.0,0.0,,,,,,,,,,,,,,,,,,,
Habib Diarra,6d0fe035,174,snSEN,"MF,FW",Strasbourg,18.0,2004.0,29,18,1626.0,18.1,3.0,2.0,5.0,3.0,0.0,0.0,4,0,0.17,0.11,0.28,0.17,0.28,Matches,2022-2023,FRA,,16.0,,,,,,,,,,,11.0,,,,,,,,,,,,,,,,,,,,,,,23.0,9.0,39.1,1.27,0.5,0.13,0.33,,,,,,,,,,,,,,,,,,
Moussa Diarra,698f11e3,175,mlMLI,DF,Toulouse,21.0,2000.0,23,12,1225.0,13.6,0.0,1.0,1.0,0.0,0.0,0.0,0,0,0.0,0.07,0.07,0.0,0.07,Matches,2022-2023,FRA,,10.0,,,,,,,,,,,18.0,,,,,,,,,,,,,,,,,,,,,,,1.0,0.0,0.0,0.07,0.0,0.0,,,,,,,,,,,,,,,,,,,
Stéphane Diarra,29939a1d,176,frFRA,"MF,FW",Lorient,23.0,1998.0,28,14,1066.0,11.8,2.0,0.0,2.0,2.0,0.0,0.0,1,0,0.17,0.0,0.17,0.17,0.17,Matches,2022-2023,FRA,,17.0,,,,,,,,,,,18.0,,,,,,,,,,,,,,,,,,,,,,,20.0,8.0,40.0,1.69,0.68,0.1,0.25,,,,,,,,,,,,,,,,,,
Krépin Diatta,8104e41e,177,snSEN,MF,Monaco,23.0,1999.0,31,22,2072.0,23.0,4.0,2.0,6.0,4.0,0.0,0.0,3,0,0.17,0.09,0.26,0.17,0.26,Matches,2022-2023,FRA,,19.0,,,,,,,,,,,15.0,,,,,,,,,,,,,,,,,,,,,,,41.0,18.0,43.9,1.78,0.78,0.1,0.22,,,,,,,,,,,,,,,,,,
Mory Diaw,f41a69e6,178,snSEN,GK,Clermont Foot,29.0,1993.0,37,37,3330.0,37.0,0.0,0.0,0.0,0.0,0.0,0.0,0,0,0.0,0.0,0.0,0.0,0.0,Matches,2022-2023,FRA,,0.0,,,,,,,,,,,3.0,,,,,,,,,,,,,,,,,,,,,,,0.0,0.0,,0.0,0.0,,,37.0,37.0,3330.0,47.0,1.27,145.0,109.0,73.1,17.0,8.0,12.0,10.0,27.0,12.0,8.0,4.0,0.0,33.3
Bamba Dieng,40774c6b,179,snSEN,FW,Marseille,22.0,2000.0,10,1,194.0,2.2,1.0,0.0,1.0,1.0,0.0,0.0,1,0,0.46,0.0,0.46,0.46,0.46,Matches,2022-2023,FRA,,4.0,,,,,,,,,,,0.0,,,,,,,,,,,,,,,,,,,,,,,11.0,6.0,54.5,5.1,2.78,0.09,0.17,,,,,,,,,,,,,,,,,,
Bamba Dieng,40774c6b,180,snSEN,"FW,MF",Lorient,22.0,2000.0,15,9,747.0,8.3,3.0,0.0,3.0,2.0,1.0,1.0,1,0,0.36,0.0,0.36,0.24,0.24,Matches,2022-2023,FRA,,10.0,,,,,,,,,,,1.0,,,,,,,,,,,,,,,,,,,,,,,22.0,9.0,40.9,2.65,1.08,0.09,0.22,,,,,,,,,,,,,,,,,,
Tristan Dingomé,92b56413,181,cmCMR,"DF,MF",Troyes,31.0,1991.0,8,0,99.0,1.1,0.0,0.0,0.0,0.0,0.0,0.0,0,0,0.0,0.0,0.0,0.0,0.0,Matches,2022-2023,FRA,,2.0,,,,,,,,,,,0.0,,,,,,,,,,,,,,,,,,,,,,,3.0,1.0,33.3,2.73,0.91,0.0,0.0,,,,,,,,,,,,,,,,,,
Sinaly Diomande,6de23ab0,182,ciCIV,DF,Lyon,21.0,2001.0,24,22,1957.0,21.7,0.0,0.0,0.0,0.0,0.0,0.0,2,1,0.0,0.0,0.0,0.0,0.0,Matches,2022-2023,FRA,,26.0,,,,,,,,,,,45.0,,,,,,,,,,,,,,,,,,,,,,,10.0,2.0,20.0,0.46,0.09,0.0,0.0,,,,,,,,,,,,,,,,,,
Lois Diony,4be0b467,183,frFRA,FW,Angers,29.0,1992.0,11,5,506.0,5.6,2.0,0.0,2.0,2.0,0.0,0.0,1,0,0.36,0.0,0.36,0.36,0.36,Matches,2022-2023,FRA,,0.0,,,,,,,,,,,0.0,,,,,,,,,,,,,,,,,,,,,,,12.0,6.0,50.0,2.13,1.07,0.17,0.33,,,,,,,,,,,,,,,,,,
Edan Diop,37143438,184,frFRA,MF,Monaco,17.0,2004.0,7,1,223.0,2.5,1.0,0.0,1.0,1.0,0.0,0.0,0,0,0.4,0.0,0.4,0.4,0.4,Matches,2022-2023,FRA,,8.0,,,,,,,,,,,4.0,,,,,,,,,,,,,,,,,,,,,,,6.0,2.0,33.3,2.42,0.81,0.17,0.5,,,,,,,,,,,,,,,,,,
Sofiane Diop,19053e31,185,maMAR,"MF,FW",Nice,22.0,2000.0,22,14,1228.0,13.6,1.0,4.0,5.0,1.0,0.0,0.0,1,0,0.07,0.29,0.37,0.07,0.37,Matches,2022-2023,FRA,,11.0,,,,,,,,,,,16.0,,,,,,,,,,,,,,,,,,,,,,,28.0,9.0,32.1,2.05,0.66,0.04,0.11,,,,,,,,,,,,,,,,,,
Sofiane Diop,19053e31,186,maMAR,MF,Monaco,22.0,2000.0,1,1,65.0,0.7,1.0,0.0,1.0,1.0,0.0,0.0,0,0,1.38,0.0,1.38,1.38,1.38,Matches,2022-2023,FRA,,0.0,,,,,,,,,,,1.0,,,,,,,,,,,,,,,,,,,,,,,2.0,1.0,50.0,2.77,1.38,0.5,1.0,,,,,,,,,,,,,,,,,,
Yehvann Diouf,eedea60b,187,snSEN,GK,Reims,22.0,1999.0,31,31,2790.0,31.0,0.0,0.0,0.0,0.0,0.0,0.0,2,0,0.0,0.0,0.0,0.0,0.0,Matches,2022-2023,FRA,,1.0,,,,,,,,,,,1.0,,,,,,,,,,,,,,,,,,,,,,,0.0,0.0,,0.0,0.0,,,31.0,31.0,2790.0,31.0,1.0,137.0,107.0,78.1,11.0,12.0,8.0,14.0,45.2,1.0,1.0,0.0,0.0,0.0
Axel Disasi,ad82197c,188,frFRA,DF,Monaco,24.0,1998.0,38,37,3330.0,37.0,3.0,3.0,6.0,3.0,0.0,1.0,3,0,0.08,0.08,0.16,0.08,0.16,Matches,2022-2023,FRA,,18.0,,,,,,,,,,,56.0,,,,,,,,,,,,,,,,,,,,,,,29.0,10.0,34.5,0.78,0.27,0.1,0.3,,,,,,,,,,,,,,,,,,
Tiago Djaló,b2336681,189,ptPOR,DF,Lille,22.0,2000.0,25,24,2017.0,22.4,2.0,0.0,2.0,2.0,0.0,0.0,7,0,0.09,0.0,0.09,0.09,0.09,Matches,2022-2023,FRA,,24.0,,,,,,,,,,,21.0,,,,,,,,,,,,,,,,,,,,,,,15.0,4.0,26.7,0.67,0.18,0.13,0.5,,,,,,,,,,,,,,,,,,
Alexander Djiku,43e7a164,190,ghGHA,DF,Strasbourg,27.0,1994.0,31,31,2677.0,29.7,1.0,2.0,3.0,1.0,0.0,0.0,8,1,0.03,0.07,0.1,0.03,0.1,Matches,2022-2023,FRA,,37.0,,,,,,,,,,,64.0,,,,,,,,,,,,,,,,,,,,,,,17.0,5.0,29.4,0.57,0.17,0.06,0.2,,,,,,,,,,,,,,,,,,
Moussa Djitte,627b570a,191,snSEN,FW,Ajaccio,22.0,1999.0,6,1,136.0,1.5,0.0,0.0,0.0,0.0,0.0,0.0,0,0,0.0,0.0,0.0,0.0,0.0,Matches,2022-2023,FRA,,0.0,,,,,,,,,,,0.0,,,,,,,,,,,,,,,,,,,,,,,2.0,0.0,0.0,1.32,0.0,0.0,,,,,,,,,,,,,,,,,,,
Ouparine Djoco,62124972,192,gwGNB,GK,Clermont Foot,24.0,1998.0,1,1,90.0,1.0,0.0,0.0,0.0,0.0,0.0,0.0,0,0,0.0,0.0,0.0,0.0,0.0,Matches,2022-2023,FRA,,0.0,,,,,,,,,,,0.0,,,,,,,,,,,,,,,,,,,,,,,0.0,0.0,,0.0,0.0,,,1.0,1.0,90.0,2.0,2.0,3.0,1.0,33.3,0.0,0.0,1.0,0.0,0.0,0.0,0.0,0.0,0.0,
Alan Do Marcolino,1bd5bdc4,193,gaGAB,FW,Rennes,20.0,2002.0,3,0,19.0,0.2,0.0,0.0,0.0,0.0,0.0,0.0,0,0,0.0,0.0,0.0,0.0,0.0,Matches,2022-2023,FRA,,0.0,,,,,,,,,,,0.0,,,,,,,,,,,,,,,,,,,,,,,0.0,0.0,,0.0,0.0,,,,,,,,,,,,,,,,,,,,
Jeremy Doku,fffea3e5,194,beBEL,"MF,FW",Rennes,20.0,2002.0,29,13,1291.0,14.3,6.0,2.0,8.0,6.0,0.0,0.0,0,0,0.42,0.14,0.56,0.42,0.56,Matches,2022-2023,FRA,,16.0,,,,,,,,,,,4.0,,,,,,,,,,,,,,,,,,,,,,,26.0,12.0,46.2,1.81,0.84,0.23,0.5,,,,,,,,,,,,,,,,,,
Kyliane Dong,836dc4a8,195,frFRA,"MF,FW",Troyes,17.0,2004.0,6,2,213.0,2.4,0.0,0.0,0.0,0.0,0.0,0.0,0,0,0.0,0.0,0.0,0.0,0.0,Matches,2022-2023,FRA,,1.0,,,,,,,,,,,1.0,,,,,,,,,,,,,,,,,,,,,,,2.0,0.0,0.0,0.85,0.0,0.0,,,,,,,,,,,,,,,,,,,
Jordan Dongmo,1b5b32d2,196,cmCMR,MF,Troyes,21.0,2001.0,2,0,20.0,0.2,0.0,0.0,0.0,0.0,0.0,0.0,0,0,0.0,0.0,0.0,0.0,0.0,Matches,2022-2023,FRA,,0.0,,,,,,,,,,,0.0,,,,,,,,,,,,,,,,,,,,,,,0.0,0.0,,0.0,0.0,,,,,,,,,,,,,,,,,,,,
Gianluigi Donnarumma,08f5afaa,197,itITA,GK,Paris Saint-Germain,23.0,1999.0,38,38,3409.0,37.9,0.0,0.0,0.0,0.0,0.0,0.0,3,0,0.0,0.0,0.0,0.0,0.0,Matches,2022-2023,FRA,,0.0,,,,,,,,,,,0.0,,,,,,,,,,,,,,,,,,,,,,,0.0,0.0,,0.0,0.0,,,38.0,38.0,3409.0,40.0,1.06,160.0,122.0,76.3,27.0,4.0,7.0,13.0,34.2,5.0,2.0,1.0,2.0,33.3
Jodel Dossou,a1dbfcb1,198,bjBEN,MF,Clermont Foot,30.0,1992.0,9,2,258.0,2.9,1.0,0.0,1.0,1.0,0.0,0.0,0,0,0.35,0.0,0.35,0.35,0.35,Matches,2022-2023,FRA,,4.0,,,,,,,,,,,1.0,,,,,,,,,,,,,,,,,,,,,,,6.0,3.0,50.0,2.09,1.05,0.17,0.33,,,,,,,,,,,,,,,,,,
Lohann Doucet,dff0c299,199,frFRA,MF,Nantes,19.0,2002.0,9,0,91.0,1.0,0.0,0.0,0.0,0.0,0.0,0.0,0,0,0.0,0.0,0.0,0.0,0.0,Matches,2022-2023,FRA,,0.0,,,,,,,,,,,2.0,,,,,,,,,,,,,,,,,,,,,,,1.0,1.0,100.0,0.99,0.99,0.0,0.0,,,,,,,,,,,,,,,,,,
Siriné Doucouré,92d90c8f,200,mlMLI,FW,Lorient,20.0,2002.0,12,0,136.0,1.5,0.0,1.0,1.0,0.0,0.0,0.0,0,0,0.0,0.66,0.66,0.0,0.66,Matches,2022-2023,FRA,,2.0,,,,,,,,,,,1.0,,,,,,,,,,,,,,,,,,,,,,,7.0,1.0,14.3,4.63,0.66,0.0,0.0,,,,,,,,,,,,,,,,,,
Désiré Doué,9e7483ff,201,frFRA,"MF,FW",Rennes,17.0,2005.0,26,11,1115.0,12.4,3.0,1.0,4.0,3.0,0.0,0.0,5,0,0.24,0.08,0.32,0.24,0.32,Matches,2022-2023,FRA,,18.0,,,,,,,,,,,13.0,,,,,,,,,,,,,,,,,,,,,,,23.0,6.0,26.1,1.86,0.48,0.13,0.5,,,,,,,,,,,,,,,,,,
Guela Doué,b4ef3fb5,202,ciCIV,DF,Rennes,19.0,2002.0,2,0,12.0,0.1,0.0,0.0,0.0,0.0,0.0,0.0,0,0,0.0,0.0,0.0,0.0,0.0,Matches,2022-2023,FRA,,0.0,,,,,,,,,,,0.0,,,,,,,,,,,,,,,,,,,,,,,1.0,0.0,0.0,7.5,0.0,0.0,,,,,,,,,,,,,,,,,,,
Ismaël Doukouré,0512a60a,203,frFRA,"DF,MF",Strasbourg,19.0,2003.0,28,25,2297.0,25.5,1.0,1.0,2.0,1.0,0.0,0.0,5,0,0.04,0.04,0.08,0.04,0.08,Matches,2022-2023,FRA,,23.0,,,,,,,,,,,26.0,,,,,,,,,,,,,,,,,,,,,,,9.0,2.0,22.2,0.35,0.08,0.11,0.5,,,,,,,,,,,,,,,,,,
Kamory Doumbia,9226aa22,204,mlMLI,MF,Reims,19.0,2003.0,26,13,1155.0,12.8,2.0,2.0,4.0,1.0,1.0,1.0,0,0,0.16,0.16,0.31,0.08,0.23,Matches,2022-2023,FRA,,15.0,,,,,,,,,,,13.0,,,,,,,,,,,,,,,,,,,,,,,26.0,10.0,38.5,2.03,0.78,0.04,0.1,,,,,,,,,,,,,,,,,,
Souleyman Doumbia,9daeac61,205,ciCIV,"DF,MF",Angers,25.0,1996.0,24,21,1790.0,19.9,0.0,0.0,0.0,0.0,0.0,0.0,2,1,0.0,0.0,0.0,0.0,0.0,Matches,2022-2023,FRA,,33.0,,,,,,,,,,,24.0,,,,,,,,,,,,,,,,,,,,,,,7.0,2.0,28.6,0.35,0.1,0.0,0.0,,,,,,,,,,,,,,,,,,
Rémy Dugimont,6d7ede84,206,frFRA,"FW,MF",Auxerre,36.0,1986.0,11,0,113.0,1.3,0.0,1.0,1.0,0.0,0.0,0.0,1,0,0.0,0.8,0.8,0.0,0.8,Matches,2022-2023,FRA,,0.0,,,,,,,,,,,0.0,,,,,,,,,,,,,,,,,,,,,,,4.0,1.0,25.0,3.19,0.8,0.0,0.0,,,,,,,,,,,,,,,,,,
Maxime Dupé,0e12089d,207,frFRA,GK,Toulouse,29.0,1993.0,38,38,3420.0,38.0,0.0,0.0,0.0,0.0,0.0,0.0,2,0,0.0,0.0,0.0,0.0,0.0,Matches,2022-2023,FRA,,0.0,,,,,,,,,,,0.0,,,,,,,,,,,,,,,,,,,,,,,1.0,0.0,0.0,0.03,0.0,0.0,,38.0,38.0,3420.0,57.0,1.5,173.0,122.0,69.4,13.0,9.0,16.0,9.0,23.7,7.0,4.0,3.0,0.0,42.9
Jean-Kevin Duverne,0cbc8baa,208,htHAI,DF,Brest,25.0,1997.0,34,27,2515.0,27.9,0.0,0.0,0.0,0.0,0.0,0.0,2,0,0.0,0.0,0.0,0.0,0.0,Matches,2022-2023,FRA,,41.0,,,,,,,,,,,28.0,,,,,,,,,,,,,,,,,,,,,,,5.0,1.0,20.0,0.18,0.04,0.0,0.0,,,,,,,,,,,,,,,,,,
Hugo Ekitike,5b92d896,209,frFRA,FW,Paris Saint-Germain,20.0,2002.0,25,12,1155.0,12.8,3.0,4.0,7.0,3.0,0.0,0.0,0,0,0.23,0.31,0.55,0.23,0.55,Matches,2022-2023,FRA,,4.0,,,,,,,,,,,9.0,,,,,,,,,,,,,,,,,,,,,,,34.0,12.0,35.3,2.65,0.94,0.09,0.25,,,,,,,,,,,,,,,,,,
Alberth Elis,104b4ad3,210,hnHON,MF,Brest,26.0,1996.0,10,2,257.0,2.9,0.0,0.0,0.0,0.0,0.0,0.0,0,0,0.0,0.0,0.0,0.0,0.0,Matches,2022-2023,FRA,,2.0,,,,,,,,,,,1.0,,,,,,,,,,,,,,,,,,,,,,,4.0,1.0,25.0,1.4,0.35,0.0,0.0,,,,,,,,,,,,,,,,,,
Breel Embolo,0b4f388a,211,chSUI,FW,Monaco,25.0,1997.0,32,19,1859.0,20.7,12.0,2.0,14.0,12.0,0.0,1.0,3,0,0.58,0.1,0.68,0.58,0.68,Matches,2022-2023,FRA,,12.0,,,,,,,,,,,5.0,,,,,,,,,,,,,,,,,,,,,,,41.0,21.0,51.2,1.98,1.02,0.29,0.57,,,,,,,,,,,,,,,,,,
Maxime Estève,1a066e69,212,frFRA,DF,Montpellier,20.0,2002.0,23,18,1646.0,18.3,0.0,0.0,0.0,0.0,0.0,0.0,3,0,0.0,0.0,0.0,0.0,0.0,Matches,2022-2023,FRA,,15.0,,,,,,,,,,,34.0,,,,,,,,,,,,,,,,,,,,,,,6.0,0.0,0.0,0.33,0.0,0.0,,,,,,,,,,,,,,,,,,,
Fábio,bc7b4580,213,brBRA,"DF,MF",Nantes,32.0,1990.0,6,3,224.0,2.5,0.0,0.0,0.0,0.0,0.0,0.0,1,1,0.0,0.0,0.0,0.0,0.0,Matches,2022-2023,FRA,,1.0,,,,,,,,,,,3.0,,,,,,,,,,,,,,,,,,,,,,,3.0,2.0,66.7,1.21,0.8,0.0,0.0,,,,,,,,,,,,,,,,,,
Noah Fadiga,83f03b07,214,snSEN,DF,Brest,22.0,1999.0,21,16,1308.0,14.5,1.0,0.0,1.0,1.0,0.0,0.0,2,0,0.07,0.0,0.07,0.07,0.07,Matches,2022-2023,FRA,,21.0,,,,,,,,,,,27.0,,,,,,,,,,,,,,,,,,,,,,,11.0,3.0,27.3,0.76,0.21,0.09,0.33,,,,,,,,,,,,,,,,,,
Wout Faes,9c221d14,215,beBEL,DF,Reims,24.0,1998.0,3,3,270.0,3.0,0.0,0.0,0.0,0.0,0.0,0.0,2,0,0.0,0.0,0.0,0.0,0.0,Matches,2022-2023,FRA,,1.0,,,,,,,,,,,6.0,,,,,,,,,,,,,,,,,,,,,,,0.0,0.0,,0.0,0.0,,,,,,,,,,,,,,,,,,,,
Romain Faivre,745ca0a3,216,frFRA,MF,Lorient,24.0,1998.0,16,14,1246.0,13.8,5.0,3.0,8.0,5.0,0.0,0.0,0,0,0.36,0.22,0.58,0.36,0.58,Matches,2022-2023,FRA,,7.0,,,,,,,,,,,0.0,,,,,,,,,,,,,,,,,,,,,,,25.0,14.0,56.0,1.81,1.01,0.2,0.36,,,,,,,,,,,,,,,,,,
Romain Faivre,745ca0a3,217,frFRA,MF,Lyon,24.0,1998.0,10,3,300.0,3.3,0.0,1.0,1.0,0.0,0.0,0.0,0,0,0.0,0.3,0.3,0.0,0.3,Matches,2022-2023,FRA,,3.0,,,,,,,,,,,0.0,,,,,,,,,,,,,,,,,,,,,,,4.0,2.0,50.0,1.2,0.6,0.0,0.0,,,,,,,,,,,,,,,,,,
Fallou Fall,2c8a91b9,218,snSEN,DF,Reims,18.0,2004.0,1,0,32.0,0.4,0.0,0.0,0.0,0.0,0.0,0.0,1,0,0.0,0.0,0.0,0.0,0.0,Matches,2022-2023,FRA,,0.0,,,,,,,,,,,0.0,,,,,,,,,,,,,,,,,,,,,,,0.0,0.0,,0.0,0.0,,,,,,,,,,,,,,,,,,,,
Khalil Fayad,faf00ab8,219,frFRA,MF,Montpellier,18.0,2004.0,24,7,718.0,8.0,0.0,2.0,2.0,0.0,0.0,0.0,1,1,0.0,0.25,0.25,0.0,0.25,Matches,2022-2023,FRA,,15.0,,,,,,,,,,,9.0,,,,,,,,,,,,,,,,,,,,,,,8.0,3.0,37.5,1.0,0.38,0.0,0.0,,,,,,,,,,,,,,,,,,
Cheikh Faye,4b792f35,220,snSEN,DF,Montpellier,23.0,1999.0,2,0,37.0,0.4,0.0,0.0,0.0,0.0,0.0,0.0,0,0,0.0,0.0,0.0,0.0,0.0,Matches,2022-2023,FRA,,0.0,,,,,,,,,,,1.0,,,,,,,,,,,,,,,,,,,,,,,0.0,0.0,,0.0,0.0,,,,,,,,,,,,,,,,,,,,
Jordan Ferri,375622c5,221,frFRA,MF,Montpellier,30.0,1992.0,34,32,2738.0,30.4,1.0,2.0,3.0,1.0,0.0,0.0,7,1,0.03,0.07,0.1,0.03,0.1,Matches,2022-2023,FRA,,39.0,,,,,,,,,,,22.0,,,,,,,,,,,,,,,,,,,,,,,14.0,2.0,14.3,0.46,0.07,0.07,0.5,,,,,,,,,,,,,,,,,,
Karol Fila,50ac8941,222,plPOL,DF,Strasbourg,24.0,1998.0,2,0,47.0,0.5,0.0,0.0,0.0,0.0,0.0,0.0,0,0,0.0,0.0,0.0,0.0,0.0,Matches,2022-2023,FRA,,0.0,,,,,,,,,,,1.0,,,,,,,,,,,,,,,,,,,,,,,1.0,0.0,0.0,1.91,0.0,0.0,,,,,,,,,,,,,,,,,,,
Alexis Flips,caef7840,223,frFRA,"MF,DF",Reims,22.0,2000.0,33,28,1978.0,22.0,4.0,6.0,10.0,4.0,0.0,0.0,3,1,0.18,0.27,0.46,0.18,0.46,Matches,2022-2023,FRA,,29.0,,,,,,,,,,,22.0,,,,,,,,,,,,,,,,,,,,,,,52.0,20.0,38.5,2.37,0.91,0.08,0.2,,,,,,,,,,,,,,,,,,
Seko Fofana,5313ed43,224,ciCIV,MF,Lens,27.0,1995.0,35,34,3073.0,34.1,7.0,5.0,12.0,6.0,1.0,2.0,2,0,0.21,0.15,0.35,0.18,0.32,Matches,2022-2023,FRA,,14.0,,,,,,,,,,,20.0,,,,,,,,,,,,,,,,,,,,,,,85.0,24.0,28.2,2.49,0.7,0.07,0.25,,,,,,,,,,,,,,,,,,
Yahia Fofana,9d420dad,225,ciCIV,GK,Angers,21.0,2000.0,11,11,990.0,11.0,0.0,0.0,0.0,0.0,0.0,0.0,2,0,0.0,0.0,0.0,0.0,0.0,Matches,2022-2023,FRA,,0.0,,,,,,,,,,,1.0,,,,,,,,,,,,,,,,,,,,,,,0.0,0.0,,0.0,0.0,,,11.0,11.0,990.0,19.0,1.73,52.0,35.0,65.4,3.0,1.0,7.0,1.0,9.1,2.0,1.0,1.0,0.0,50.0
Youssouf Fofana,822d51d7,226,frFRA,MF,Monaco,23.0,1999.0,36,35,3086.0,34.3,2.0,2.0,4.0,2.0,0.0,0.0,4,2,0.06,0.06,0.12,0.06,0.12,Matches,2022-2023,FRA,,42.0,,,,,,,,,,,54.0,,,,,,,,,,,,,,,,,,,,,,,42.0,10.0,23.8,1.22,0.29,0.05,0.2,,,,,,,,,,,,,,,,,,
Thomas Foket,90eb507d,227,beBEL,DF,Reims,27.0,1994.0,24,23,1976.0,22.0,0.0,1.0,1.0,0.0,0.0,0.0,0,0,0.0,0.05,0.05,0.0,0.05,Matches,2022-2023,FRA,,25.0,,,,,,,,,,,28.0,,,,,,,,,,,,,,,,,,,,,,,2.0,1.0,50.0,0.09,0.05,0.0,0.0,,,,,,,,,,,,,,,,,,
José Fonte,90f87966,228,ptPOR,DF,Lille,38.0,1983.0,31,30,2592.0,28.8,1.0,0.0,1.0,1.0,0.0,0.0,7,0,0.03,0.0,0.03,0.03,0.03,Matches,2022-2023,FRA,,17.0,,,,,,,,,,,22.0,,,,,,,,,,,,,,,,,,,,,,,14.0,2.0,14.3,0.49,0.07,0.07,0.5,,,,,,,,,,,,,,,,,,
Steven Fortes,574aa9ec,229,cvCPV,DF,Lens,30.0,1992.0,1,0,7.0,0.1,0.0,0.0,0.0,0.0,0.0,0.0,0,0,0.0,0.0,0.0,0.0,0.0,Matches,2022-2023,FRA,,0.0,,,,,,,,,,,0.0,,,,,,,,,,,,,,,,,,,,,,,0.0,0.0,,0.0,0.0,,,,,,,,,,,,,,,,,,,,
Przemysław Frankowski,00a8d210,230,plPOL,MF,Lens,27.0,1995.0,37,31,2833.0,31.5,5.0,3.0,8.0,2.0,3.0,3.0,4,0,0.16,0.1,0.25,0.06,0.16,Matches,2022-2023,FRA,,55.0,,,,,,,,,,,33.0,,,,,,,,,,,,,,,,,,,,,,,31.0,9.0,29.0,0.98,0.29,0.06,0.22,,,,,,,,,,,,,,,,,,
Angelo Fulgini,4b96c347,231,frFRA,"MF,FW",Lens,25.0,1996.0,17,12,858.0,9.5,1.0,1.0,2.0,1.0,0.0,0.0,0,0,0.1,0.1,0.21,0.1,0.21,Matches,2022-2023,FRA,,9.0,,,,,,,,,,,8.0,,,,,,,,,,,,,,,,,,,,,,,12.0,8.0,66.7,1.26,0.84,0.08,0.13,,,,,,,,,,,,,,,,,,
Gauthier Gallon,db3164e1,232,frFRA,GK,Troyes,29.0,1993.0,30,30,2667.0,29.6,0.0,0.0,0.0,0.0,0.0,0.0,3,1,0.0,0.0,0.0,0.0,0.0,Matches,2022-2023,FRA,,2.0,,,,,,,,,,,1.0,,,,,,,,,,,,,,,,,,,,,,,0.0,0.0,,0.0,0.0,,,30.0,30.0,2667.0,65.0,2.19,174.0,114.0,65.5,3.0,9.0,18.0,0.0,0.0,5.0,5.0,0.0,0.0,0.0
Kévin Gameiro,42276181,233,frFRA,FW,Strasbourg,35.0,1987.0,34,23,2098.0,23.3,10.0,0.0,10.0,9.0,1.0,2.0,1,1,0.43,0.0,0.43,0.39,0.39,Matches,2022-2023,FRA,,9.0,,,,,,,,,,,9.0,,,,,,,,,,,,,,,,,,,,,,,46.0,26.0,56.5,1.97,1.12,0.2,0.35,,,,,,,,,,,,,,,,,,
Ignatius Ganago,23c63b7f,234,cmCMR,"FW,MF",Nantes,23.0,1999.0,28,16,1520.0,16.9,5.0,3.0,8.0,5.0,0.0,0.0,0,0,0.3,0.18,0.47,0.3,0.47,Matches,2022-2023,FRA,,7.0,,,,,,,,,,,3.0,,,,,,,,,,,,,,,,,,,,,,,33.0,14.0,42.4,1.95,0.83,0.15,0.36,,,,,,,,,,,,,,,,,,
Ignatius Ganago,23c63b7f,235,cmCMR,"FW,MF",Lens,23.0,1999.0,4,0,59.0,0.7,0.0,0.0,0.0,0.0,0.0,0.0,0,0,0.0,0.0,0.0,0.0,0.0,Matches,2022-2023,FRA,,0.0,,,,,,,,,,,0.0,,,,,,,,,,,,,,,,,,,,,,,1.0,0.0,0.0,1.53,0.0,0.0,,,,,,,,,,,,,,,,,,,
Johan Gastien,868eaba0,236,frFRA,MF,Clermont Foot,34.0,1988.0,31,29,2603.0,28.9,4.0,3.0,7.0,4.0,0.0,0.0,7,0,0.14,0.1,0.24,0.14,0.24,Matches,2022-2023,FRA,,37.0,,,,,,,,,,,36.0,,,,,,,,,,,,,,,,,,,,,,,19.0,9.0,47.4,0.66,0.31,0.21,0.44,,,,,,,,,,,,,,,,,,
Denis Genreau,badcdcae,237,auAUS,MF,Toulouse,23.0,1999.0,20,7,657.0,7.3,0.0,1.0,1.0,0.0,0.0,0.0,3,0,0.0,0.14,0.14,0.0,0.14,Matches,2022-2023,FRA,,14.0,,,,,,,,,,,7.0,,,,,,,,,,,,,,,,,,,,,,,7.0,2.0,28.6,0.96,0.27,0.0,0.0,,,,,,,,,,,,,,,,,,
Valère Germain,ea0ff634,238,frFRA,"FW,MF",Montpellier,32.0,1990.0,31,5,688.0,7.6,2.0,0.0,2.0,2.0,0.0,0.0,1,1,0.26,0.0,0.26,0.26,0.26,Matches,2022-2023,FRA,,11.0,,,,,,,,,,,6.0,,,,,,,,,,,,,,,,,,,,,,,19.0,6.0,31.6,2.49,0.78,0.11,0.33,,,,,,,,,,,,,,,,,,
Gerson,8827bf46,239,brBRA,MF,Marseille,25.0,1997.0,10,6,417.0,4.6,2.0,0.0,2.0,2.0,0.0,0.0,1,0,0.43,0.0,0.43,0.43,0.43,Matches,2022-2023,FRA,,5.0,,,,,,,,,,,2.0,,,,,,,,,,,,,,,,,,,,,,,9.0,6.0,66.7,1.94,1.29,0.22,0.33,,,,,,,,,,,,,,,,,,
Ismaël Gharbi,5b3cfa12,240,tnTUN,MF,Paris Saint-Germain,18.0,2004.0,6,0,58.0,0.6,0.0,0.0,0.0,0.0,0.0,0.0,1,0,0.0,0.0,0.0,0.0,0.0,Matches,2022-2023,FRA,,0.0,,,,,,,,,,,3.0,,,,,,,,,,,,,,,,,,,,,,,3.0,1.0,33.3,4.66,1.55,0.0,0.0,,,,,,,,,,,,,,,,,,
Faouzi Ghoulam,c5adc293,241,dzALG,DF,Angers,31.0,1991.0,7,6,479.0,5.3,0.0,0.0,0.0,0.0,0.0,0.0,0,0,0.0,0.0,0.0,0.0,0.0,Matches,2022-2023,FRA,,1.0,,,,,,,,,,,3.0,,,,,,,,,,,,,,,,,,,,,,,1.0,0.0,0.0,0.19,0.0,0.0,,,,,,,,,,,,,,,,,,,
Samuel Gigot,41eebdf5,242,frFRA,DF,Marseille,28.0,1993.0,26,24,1879.0,20.9,2.0,2.0,4.0,2.0,0.0,0.0,5,2,0.1,0.1,0.19,0.1,0.19,Matches,2022-2023,FRA,,23.0,,,,,,,,,,,46.0,,,,,,,,,,,,,,,,,,,,,,,12.0,3.0,25.0,0.57,0.14,0.17,0.67,,,,,,,,,,,,,,,,,,
Andrei Girotto,3befc2b6,243,brBRA,"DF,MF",Nantes,30.0,1992.0,36,36,3149.0,35.0,1.0,1.0,2.0,1.0,0.0,0.0,7,0,0.03,0.03,0.06,0.03,0.06,Matches,2022-2023,FRA,,75.0,,,,,,,,,,,68.0,,,,,,,,,,,,,,,,,,,,,,,27.0,7.0,25.9,0.77,0.2,0.04,0.14,,,,,,,,,,,,,,,,,,
Aleksandr Golovin,3708e9fa,244,ruRUS,MF,Monaco,26.0,1996.0,34,29,2464.0,27.4,8.0,7.0,15.0,8.0,0.0,0.0,5,0,0.29,0.26,0.55,0.29,0.55,Matches,2022-2023,FRA,,36.0,,,,,,,,,,,34.0,,,,,,,,,,,,,,,,,,,,,,,48.0,25.0,52.1,1.75,0.91,0.17,0.32,,,,,,,,,,,,,,,,,,
André Gomes,1961b2aa,245,ptPOR,MF,Lille,29.0,1993.0,26,18,1629.0,18.1,3.0,2.0,5.0,3.0,0.0,0.0,6,0,0.17,0.11,0.28,0.17,0.28,Matches,2022-2023,FRA,,19.0,,,,,,,,,,,10.0,,,,,,,,,,,,,,,,,,,,,,,18.0,5.0,27.8,0.99,0.28,0.17,0.6,,,,,,,,,,,,,,,,,,
Angel Gomes,645a3363,246,engENG,MF,Lille,21.0,2000.0,36,34,2816.0,31.3,2.0,6.0,8.0,1.0,1.0,1.0,8,0,0.06,0.19,0.26,0.03,0.22,Matches,2022-2023,FRA,,18.0,,,,,,,,,,,12.0,,,,,,,,,,,,,,,,,,,,,,,56.0,18.0,32.1,1.79,0.58,0.02,0.06,,,,,,,,,,,,,,,,,,
Maxime Gonalons,b8c1de25,247,frFRA,MF,Clermont Foot,33.0,1989.0,25,19,1449.0,16.1,1.0,0.0,1.0,1.0,0.0,0.0,3,0,0.06,0.0,0.06,0.06,0.06,Matches,2022-2023,FRA,,33.0,,,,,,,,,,,18.0,,,,,,,,,,,,,,,,,,,,,,,6.0,2.0,33.3,0.37,0.12,0.17,0.5,,,,,,,,,,,,,,,,,,
Oumar Gonzalez,a9d4c241,248,cmCMR,DF,Ajaccio,24.0,1998.0,30,29,2578.0,28.6,0.0,0.0,0.0,0.0,0.0,0.0,10,0,0.0,0.0,0.0,0.0,0.0,Matches,2022-2023,FRA,,29.0,,,,,,,,,,,51.0,,,,,,,,,,,,,,,,,,,,,,,11.0,3.0,27.3,0.38,0.1,0.0,0.0,,,,,,,,,,,,,,,,,,
Amine Gouiri,aad56ca3,249,dzALG,"MF,FW",Nice,22.0,2000.0,3,3,226.0,2.5,0.0,0.0,0.0,0.0,0.0,0.0,0,0,0.0,0.0,0.0,0.0,0.0,Matches,2022-2023,FRA,,1.0,,,,,,,,,,,0.0,,,,,,,,,,,,,,,,,,,,,,,5.0,2.0,40.0,1.99,0.8,0.0,0.0,,,,,,,,,,,,,,,,,,
Amine Gouiri,aad56ca3,250,dzALG,"FW,MF",Rennes,22.0,2000.0,33,29,2523.0,28.0,15.0,3.0,18.0,15.0,0.0,0.0,4,0,0.54,0.11,0.64,0.54,0.64,Matches,2022-2023,FRA,,26.0,,,,,,,,,,,13.0,,,,,,,,,,,,,,,,,,,,,,,74.0,30.0,40.5,2.64,1.07,0.2,0.5,,,,,,,,,,,,,,,,,,
Jonathan Gradit,06c48679,251,frFRA,DF,Lens,29.0,1992.0,33,33,2823.0,31.4,1.0,3.0,4.0,1.0,0.0,0.0,7,0,0.03,0.1,0.13,0.03,0.13,Matches,2022-2023,FRA,,42.0,,,,,,,,,,,37.0,,,,,,,,,,,,,,,,,,,,,,,5.0,1.0,20.0,0.16,0.03,0.2,1.0,,,,,,,,,,,,,,,,,,
Andrew Gravillon,49136c42,252,gpGLP,DF,Reims,24.0,1998.0,13,12,1038.0,11.5,0.0,0.0,0.0,0.0,0.0,0.0,3,0,0.0,0.0,0.0,0.0,0.0,Matches,2022-2023,FRA,,6.0,,,,,,,,,,,20.0,,,,,,,,,,,,,,,,,,,,,,,7.0,1.0,14.3,0.61,0.09,0.0,0.0,,,,,,,,,,,,,,,,,,
Adrian Grbić,4a987ffa,253,atAUT,"FW,MF",Lorient,25.0,1996.0,2,0,25.0,0.3,0.0,0.0,0.0,0.0,0.0,0.0,0,0,0.0,0.0,0.0,0.0,0.0,Matches,2022-2023,FRA,,0.0,,,,,,,,,,,0.0,,,,,,,,,,,,,,,,,,,,,,,3.0,0.0,0.0,10.8,0.0,0.0,,,,,,,,,,,,,,,,,,,
Gabriel Gudmundsson,d5d22a58,254,seSWE,"DF,MF",Lille,23.0,1999.0,18,9,838.0,9.3,0.0,0.0,0.0,0.0,0.0,0.0,3,0,0.0,0.0,0.0,0.0,0.0,Matches,2022-2023,FRA,,11.0,,,,,,,,,,,11.0,,,,,,,,,,,,,,,,,,,,,,,7.0,1.0,14.3,0.75,0.11,0.0,0.0,,,,,,,,,,,,,,,,,,
Axel Gueguin,f6857b4f,255,frFRA,FW,Montpellier,17.0,2005.0,5,0,24.0,0.3,0.0,0.0,0.0,0.0,0.0,0.0,0,0,0.0,0.0,0.0,0.0,0.0,Matches,2022-2023,FRA,,0.0,,,,,,,,,,,0.0,,,,,,,,,,,,,,,,,,,,,,,0.0,0.0,,0.0,0.0,,,,,,,,,,,,,,,,,,,,
Mattéo Guendouzi,5ea8ef20,256,frFRA,MF,Marseille,23.0,1999.0,33,25,2108.0,23.4,2.0,4.0,6.0,1.0,1.0,1.0,3,0,0.09,0.17,0.26,0.04,0.21,Matches,2022-2023,FRA,,19.0,,,,,,,,,,,21.0,,,,,,,,,,,,,,,,,,,,,,,25.0,6.0,24.0,1.07,0.26,0.04,0.17,,,,,,,,,,,,,,,,,,
Evann Guessand,b73f17f8,257,ciCIV,"MF,FW",Nantes,21.0,2001.0,30,15,1260.0,14.0,3.0,2.0,5.0,3.0,0.0,0.0,2,0,0.21,0.14,0.36,0.21,0.36,Matches,2022-2023,FRA,,17.0,,,,,,,,,,,9.0,,,,,,,,,,,,,,,,,,,,,,,22.0,13.0,59.1,1.57,0.93,0.14,0.23,,,,,,,,,,,,,,,,,,
Pape Gueye,7155e3e1,258,snSEN,MF,Marseille,23.0,1999.0,14,4,492.0,5.5,1.0,1.0,2.0,1.0,0.0,0.0,1,0,0.18,0.18,0.37,0.18,0.37,Matches,2022-2023,FRA,,7.0,,,,,,,,,,,7.0,,,,,,,,,,,,,,,,,,,,,,,8.0,4.0,50.0,1.46,0.73,0.13,0.25,,,,,,,,,,,,,,,,,,
Frederic Guilbert,5d8d7454,259,frFRA,"MF,DF",Strasbourg,27.0,1994.0,18,17,1461.0,16.2,0.0,1.0,1.0,0.0,0.0,0.0,3,0,0.0,0.06,0.06,0.0,0.06,Matches,2022-2023,FRA,,30.0,,,,,,,,,,,43.0,,,,,,,,,,,,,,,,,,,,,,,12.0,1.0,8.3,0.74,0.06,0.0,0.0,,,,,,,,,,,,,,,,,,
Serhou Guirassy,923f4dda,260,gnGUI,FW,Rennes,26.0,1996.0,1,0,23.0,0.3,0.0,0.0,0.0,0.0,0.0,0.0,0,0,0.0,0.0,0.0,0.0,0.0,Matches,2022-2023,FRA,,0.0,,,,,,,,,,,0.0,,,,,,,,,,,,,,,,,,,,,,,2.0,1.0,50.0,7.83,3.91,0.0,0.0,,,,,,,,,,,,,,,,,,
Rafik Guitane,7091324a,261,frFRA,"FW,MF",Reims,23.0,1999.0,1,0,3.0,0.0,0.0,0.0,0.0,0.0,0.0,0.0,0,0,0.0,0.0,0.0,0.0,0.0,Matches,2022-2023,FRA,,0.0,,,,,,,,,,,0.0,,,,,,,,,,,,,,,,,,,,,,,0.0,0.0,,0.0,0.0,,,,,,,,,,,,,,,,,,,,
Malo Gusto,d56b9520,262,frFRA,"DF,MF",Lyon,19.0,2003.0,21,19,1595.0,17.7,0.0,1.0,1.0,0.0,0.0,0.0,1,0,0.0,0.06,0.06,0.0,0.06,Matches,2022-2023,FRA,,29.0,,,,,,,,,,,24.0,,,,,,,,,,,,,,,,,,,,,,,7.0,3.0,42.9,0.39,0.17,0.0,0.0,,,,,,,,,,,,,,,,,,
Jaouen Hadjam,576817b7,263,dzALG,"DF,MF",Nantes,19.0,2003.0,13,8,805.0,8.9,0.0,1.0,1.0,0.0,0.0,0.0,1,0,0.0,0.11,0.11,0.0,0.11,Matches,2022-2023,FRA,,21.0,,,,,,,,,,,12.0,,,,,,,,,,,,,,,,,,,,,,,6.0,3.0,50.0,0.67,0.34,0.0,0.0,,,,,,,,,,,,,,,,,,
Massadio Haïdara,5167c97e,264,mlMLI,"DF,MF",Lens,29.0,1992.0,36,17,1671.0,18.6,0.0,1.0,1.0,0.0,0.0,0.0,5,0,0.0,0.05,0.05,0.0,0.05,Matches,2022-2023,FRA,,15.0,,,,,,,,,,,34.0,,,,,,,,,,,,,,,,,,,,,,,12.0,0.0,0.0,0.65,0.0,0.0,,,,,,,,,,,,,,,,,,,
Achraf Hakimi,e42d61c7,265,maMAR,"MF,DF",Paris Saint-Germain,23.0,1998.0,28,23,2053.0,22.8,5.0,3.0,8.0,5.0,0.0,0.0,7,2,0.22,0.13,0.35,0.22,0.35,Matches,2022-2023,FRA,,37.0,,,,,,,,,,,16.0,,,,,,,,,,,,,,,,,,,,,,,18.0,9.0,50.0,0.79,0.39,0.28,0.56,,,,,,,,,,,,,,,,,,
Mathis Hamdi,a94571f6,266,frFRA,DF,Troyes,18.0,2003.0,2,0,69.0,0.8,0.0,0.0,0.0,0.0,0.0,0.0,0,0,0.0,0.0,0.0,0.0,0.0,Matches,2022-2023,FRA,,0.0,,,,,,,,,,,1.0,,,,,,,,,,,,,,,,,,,,,,,0.0,0.0,,0.0,0.0,,,,,,,,,,,,,,,,,,,,
Ben Hamed Touré,c7eebddf,267,ciCIV,FW,Ajaccio,18.0,2003.0,4,2,209.0,2.3,0.0,0.0,0.0,0.0,0.0,0.0,0,0,0.0,0.0,0.0,0.0,0.0,Matches,2022-2023,FRA,,4.0,,,,,,,,,,,1.0,,,,,,,,,,,,,,,,,,,,,,,2.0,0.0,0.0,0.86,0.0,0.0,,,,,,,,,,,,,,,,,,,
Romain Hamouma,0b4d8274,268,frFRA,FW,Ajaccio,35.0,1987.0,19,14,1079.0,12.0,2.0,2.0,4.0,2.0,0.0,0.0,5,2,0.17,0.17,0.33,0.17,0.33,Matches,2022-2023,FRA,,4.0,,,,,,,,,,,2.0,,,,,,,,,,,,,,,,,,,,,,,15.0,6.0,40.0,1.25,0.5,0.13,0.33,,,,,,,,,,,,,,,,,,
Saïd Hamulic,52cd0e88,269,baBIH,FW,Toulouse,21.0,2000.0,6,0,104.0,1.2,0.0,0.0,0.0,0.0,0.0,0.0,1,0,0.0,0.0,0.0,0.0,0.0,Matches,2022-2023,FRA,,0.0,,,,,,,,,,,0.0,,,,,,,,,,,,,,,,,,,,,,,1.0,0.0,0.0,0.87,0.0,0.0,,,,,,,,,,,,,,,,,,,
Amine Harit,e7d59f4f,270,maMAR,"MF,FW",Marseille,25.0,1997.0,10,6,515.0,5.7,0.0,0.0,0.0,0.0,0.0,0.0,1,0,0.0,0.0,0.0,0.0,0.0,Matches,2022-2023,FRA,,4.0,,,,,,,,,,,2.0,,,,,,,,,,,,,,,,,,,,,,,6.0,3.0,50.0,1.05,0.52,0.0,0.0,,,,,,,,,,,,,,,,,,
Rhys Healey,07ace8c3,271,wlsWAL,FW,Toulouse,27.0,1994.0,4,0,64.0,0.7,2.0,0.0,2.0,2.0,0.0,0.0,1,0,2.81,0.0,2.81,2.81,2.81,Matches,2022-2023,FRA,,0.0,,,,,,,,,,,0.0,,,,,,,,,,,,,,,,,,,,,,,5.0,3.0,60.0,7.03,4.22,0.4,0.67,,,,,,,,,,,,,,,,,,
Gauthier Hein,563fcd6b,272,frFRA,MF,Auxerre,25.0,1996.0,35,23,1874.0,20.8,2.0,0.0,2.0,2.0,0.0,0.0,1,0,0.1,0.0,0.1,0.1,0.1,Matches,2022-2023,FRA,,21.0,,,,,,,,,,,5.0,,,,,,,,,,,,,,,,,,,,,,,37.0,10.0,27.0,1.78,0.48,0.05,0.2,,,,,,,,,,,,,,,,,,
Henrique,f28474a4,273,brBRA,"DF,MF",Lyon,28.0,1994.0,7,3,356.0,4.0,0.0,1.0,1.0,0.0,0.0,0.0,0,0,0.0,0.25,0.25,0.0,0.25,Matches,2022-2023,FRA,,5.0,,,,,,,,,,,5.0,,,,,,,,,,,,,,,,,,,,,,,1.0,0.0,0.0,0.25,0.0,0.0,,,,,,,,,,,,,,,,,,,
Christophe Hérelle,3681cfff,274,mqMTQ,DF,Brest,29.0,1992.0,16,12,1060.0,11.8,0.0,0.0,0.0,0.0,0.0,0.0,2,0,0.0,0.0,0.0,0.0,0.0,Matches,2022-2023,FRA,,6.0,,,,,,,,,,,18.0,,,,,,,,,,,,,,,,,,,,,,,3.0,0.0,0.0,0.25,0.0,0.0,,,,,,,,,,,,,,,,,,,
Noah Holm,61b77d0a,275,noNOR,FW,Reims,21.0,2001.0,8,2,194.0,2.2,0.0,0.0,0.0,0.0,0.0,0.0,1,0,0.0,0.0,0.0,0.0,0.0,Matches,2022-2023,FRA,,3.0,,,,,,,,,,,0.0,,,,,,,,,,,,,,,,,,,,,,,2.0,0.0,0.0,0.93,0.0,0.0,,,,,,,,,,,,,,,,,,,
Franck Honorat,db7849ca,276,frFRA,"MF,FW",Brest,25.0,1996.0,33,29,2535.0,28.2,6.0,5.0,11.0,6.0,0.0,0.0,1,0,0.21,0.18,0.39,0.21,0.39,Matches,2022-2023,FRA,,26.0,,,,,,,,,,,19.0,,,,,,,,,,,,,,,,,,,,,,,47.0,17.0,36.2,1.67,0.6,0.13,0.35,,,,,,,,,,,,,,,,,,
Cédric Hountondji,00891164,277,bjBEN,DF,Angers,28.0,1994.0,36,35,3095.0,34.4,0.0,0.0,0.0,0.0,0.0,0.0,7,0,0.0,0.0,0.0,0.0,0.0,Matches,2022-2023,FRA,,38.0,,,,,,,,,,,60.0,,,,,,,,,,,,,,,,,,,,,,,11.0,4.0,36.4,0.32,0.12,0.0,0.0,,,,,,,,,,,,,,,,,,
Ilyes Housni,910e3cad,278,frFRA,FW,Paris Saint-Germain,17.0,2005.0,1,0,11.0,0.1,0.0,0.0,0.0,0.0,0.0,0.0,0,0,0.0,0.0,0.0,0.0,0.0,Matches,2022-2023,FRA,,1.0,,,,,,,,,,,0.0,,,,,,,,,,,,,,,,,,,,,,,0.0,0.0,,0.0,0.0,,,,,,,,,,,,,,,,,,,,
Adrien Hunou,d14229f3,279,frFRA,"MF,FW",Angers,28.0,1994.0,34,28,2234.0,24.8,4.0,1.0,5.0,4.0,0.0,0.0,2,0,0.16,0.04,0.2,0.16,0.2,Matches,2022-2023,FRA,,21.0,,,,,,,,,,,7.0,,,,,,,,,,,,,,,,,,,,,,,45.0,18.0,40.0,1.81,0.73,0.09,0.22,,,,,,,,,,,,,,,,,,
Mounaim El Idrissy,fb0ee44e,280,frFRA,FW,Ajaccio,23.0,1999.0,32,30,2497.0,27.7,6.0,0.0,6.0,6.0,0.0,0.0,10,0,0.22,0.0,0.22,0.22,0.22,Matches,2022-2023,FRA,,21.0,,,,,,,,,,,13.0,,,,,,,,,,,,,,,,,,,,,,,51.0,19.0,37.3,1.84,0.68,0.12,0.32,,,,,,,,,,,,,,,,,,
Rareş Ilie,c9f49454,281,roROU,MF,Nice,19.0,2003.0,4,2,148.0,1.6,0.0,0.0,0.0,0.0,0.0,0.0,0,0,0.0,0.0,0.0,0.0,0.0,Matches,2022-2023,FRA,,3.0,,,,,,,,,,,1.0,,,,,,,,,,,,,,,,,,,,,,,4.0,0.0,0.0,2.43,0.0,0.0,,,,,,,,,,,,,,,,,,,
Bonke Innocent,546bb36e,282,ngNGA,MF,Lorient,26.0,1996.0,25,14,1182.0,13.1,0.0,1.0,1.0,0.0,0.0,0.0,5,0,0.0,0.08,0.08,0.0,0.08,Matches,2022-2023,FRA,,20.0,,,,,,,,,,,25.0,,,,,,,,,,,,,,,,,,,,,,,4.0,0.0,0.0,0.3,0.0,0.0,,,,,,,,,,,,,,,,,,,
Ismaily,cf182add,283,brBRA,"DF,MF",Lille,32.0,1990.0,23,21,1779.0,19.8,2.0,1.0,3.0,2.0,0.0,0.0,0,0,0.1,0.05,0.15,0.1,0.15,Matches,2022-2023,FRA,,18.0,,,,,,,,,,,20.0,,,,,,,,,,,,,,,,,,,,,,,13.0,7.0,53.8,0.66,0.35,0.15,0.29,,,,,,,,,,,,,,,,,,
Junya Ito,dbd3a428,284,jpJPN,"MF,FW",Reims,29.0,1993.0,35,34,2916.0,32.4,6.0,5.0,11.0,6.0,0.0,0.0,3,1,0.19,0.15,0.34,0.19,0.34,Matches,2022-2023,FRA,,20.0,,,,,,,,,,,8.0,,,,,,,,,,,,,,,,,,,,,,,43.0,17.0,39.5,1.33,0.52,0.14,0.35,,,,,,,,,,,,,,,,,,
Ismail Jakobs,a0415710,285,snSEN,"MF,DF",Monaco,22.0,1999.0,32,9,1119.0,12.4,0.0,2.0,2.0,0.0,0.0,0.0,3,0,0.0,0.16,0.16,0.0,0.16,Matches,2022-2023,FRA,,6.0,,,,,,,,,,,9.0,,,,,,,,,,,,,,,,,,,,,,,14.0,6.0,42.9,1.13,0.48,0.0,0.0,,,,,,,,,,,,,,,,,,
Marin Jakoliš,96f4ebc0,286,hrCRO,"FW,MF",Angers,25.0,1996.0,1,0,28.0,0.3,0.0,0.0,0.0,0.0,0.0,0.0,0,0,0.0,0.0,0.0,0.0,0.0,Matches,2022-2023,FRA,,1.0,,,,,,,,,,,0.0,,,,,,,,,,,,,,,,,,,,,,,2.0,1.0,50.0,6.43,3.21,0.0,0.0,,,,,,,,,,,,,,,,,,
Léo Jardim,f5dfc256,287,brBRA,GK,Lille,27.0,1995.0,6,6,540.0,6.0,0.0,0.0,0.0,0.0,0.0,0.0,0,0,0.0,0.0,0.0,0.0,0.0,Matches,2022-2023,FRA,,0.0,,,,,,,,,,,0.0,,,,,,,,,,,,,,,,,,,,,,,0.0,0.0,,0.0,0.0,,,6.0,6.0,540.0,13.0,2.17,15.0,4.0,26.7,3.0,1.0,2.0,0.0,0.0,2.0,2.0,0.0,0.0,0.0
Luis Javier Suárez,eeba07f8,288,coCOL,FW,Marseille,24.0,1997.0,7,2,293.0,3.3,3.0,1.0,4.0,3.0,0.0,0.0,1,0,0.92,0.31,1.23,0.92,1.23,Matches,2022-2023,FRA,,1.0,,,,,,,,,,,3.0,,,,,,,,,,,,,,,,,,,,,,,16.0,7.0,43.8,4.91,2.15,0.19,0.43,,,,,,,,,,,,,,,,,,
Dany Jean,300ec91c,289,htHAI,MF,Strasbourg,19.0,2002.0,2,0,13.0,0.1,0.0,0.0,0.0,0.0,0.0,0.0,0,0,0.0,0.0,0.0,0.0,0.0,Matches,2022-2023,FRA,,0.0,,,,,,,,,,,0.0,,,,,,,,,,,,,,,,,,,,,,,0.0,0.0,,0.0,0.0,,,,,,,,,,,,,,,,,,,,
Julian Jeanvier,5cb215fc,290,gnGUI,DF,Auxerre,30.0,1992.0,22,20,1760.0,19.6,1.0,0.0,1.0,1.0,0.0,0.0,5,1,0.05,0.0,0.05,0.05,0.05,Matches,2022-2023,FRA,,18.0,,,,,,,,,,,25.0,,,,,,,,,,,,,,,,,,,,,,,8.0,4.0,50.0,0.41,0.2,0.13,0.25,,,,,,,,,,,,,,,,,,
Jeffinho,45cce300,291,brBRA,"MF,FW",Lyon,22.0,1999.0,9,4,446.0,5.0,1.0,0.0,1.0,1.0,0.0,0.0,1,0,0.2,0.0,0.2,0.2,0.2,Matches,2022-2023,FRA,,4.0,,,,,,,,,,,1.0,,,,,,,,,,,,,,,,,,,,,,,10.0,5.0,50.0,2.02,1.01,0.1,0.2,,,,,,,,,,,,,,,,,,
Paul Joly,5b4bc323,292,frFRA,DF,Auxerre,22.0,2000.0,10,10,867.0,9.6,0.0,0.0,0.0,0.0,0.0,0.0,2,0,0.0,0.0,0.0,0.0,0.0,Matches,2022-2023,FRA,,23.0,,,,,,,,,,,21.0,,,,,,,,,,,,,,,,,,,,,,,7.0,0.0,0.0,0.73,0.0,0.0,,,,,,,,,,,,,,,,,,,
Jubal,56ae428b,293,brBRA,DF,Auxerre,28.0,1993.0,37,35,3217.0,35.7,3.0,1.0,4.0,2.0,1.0,1.0,7,0,0.08,0.03,0.11,0.06,0.08,Matches,2022-2023,FRA,,26.0,,,,,,,,,,,47.0,,,,,,,,,,,,,,,,,,,,,,,19.0,7.0,36.8,0.53,0.2,0.11,0.29,,,,,,,,,,,,,,,,,,
Christopher Jullien,f323d995,294,frFRA,DF,Montpellier,29.0,1993.0,30,30,2695.0,29.9,0.0,2.0,2.0,0.0,0.0,0.0,5,0,0.0,0.07,0.07,0.0,0.07,Matches,2022-2023,FRA,,28.0,,,,,,,,,,,40.0,,,,,,,,,,,,,,,,,,,,,,,17.0,2.0,11.8,0.57,0.07,0.0,0.0,,,,,,,,,,,,,,,,,,
Eli Junior Kroupi,b2fe86e5,295,frFRA,FW,Lorient,16.0,2006.0,1,0,8.0,0.1,0.0,0.0,0.0,0.0,0.0,0.0,0,0,0.0,0.0,0.0,0.0,0.0,Matches,2022-2023,FRA,,0.0,,,,,,,,,,,1.0,,,,,,,,,,,,,,,,,,,,,,,0.0,0.0,,0.0,0.0,,,,,,,,,,,,,,,,,,,,
Issa Kaboré,c066d1a5,296,bfBFA,MF,Marseille,21.0,2001.0,22,9,1028.0,11.4,1.0,0.0,1.0,1.0,0.0,0.0,1,0,0.09,0.0,0.09,0.09,0.09,Matches,2022-2023,FRA,,18.0,,,,,,,,,,,9.0,,,,,,,,,,,,,,,,,,,,,,,8.0,3.0,37.5,0.7,0.26,0.13,0.33,,,,,,,,,,,,,,,,,,
Abdoul Kader Bamba,32f3d97e,297,frFRA,MF,Nantes,28.0,1994.0,4,1,78.0,0.9,0.0,0.0,0.0,0.0,0.0,0.0,0,1,0.0,0.0,0.0,0.0,0.0,Matches,2022-2023,FRA,,0.0,,,,,,,,,,,0.0,,,,,,,,,,,,,,,,,,,,,,,1.0,1.0,100.0,1.15,1.15,0.0,0.0,,,,,,,,,,,,,,,,,,
Gaël Kakuta,5b1bf5e3,298,cdCOD,"FW,MF",Lens,31.0,1991.0,2,0,22.0,0.2,0.0,0.0,0.0,0.0,0.0,0.0,0,0,0.0,0.0,0.0,0.0,0.0,Matches,2022-2023,FRA,,0.0,,,,,,,,,,,0.0,,,,,,,,,,,,,,,,,,,,,,,1.0,0.0,0.0,4.09,0.0,0.0,,,,,,,,,,,,,,,,,,,
Arnaud Kalimuendo,bf4c41f9,299,frFRA,FW,Rennes,20.0,2002.0,30,24,1849.0,20.5,7.0,3.0,10.0,7.0,0.0,0.0,0,0,0.34,0.15,0.49,0.34,0.49,Matches,2022-2023,FRA,,8.0,,,,,,,,,,,2.0,,,,,,,,,,,,,,,,,,,,,,,43.0,21.0,48.8,2.09,1.02,0.16,0.33,,,,,,,,,,,,,,,,,,
Gedeon Kalulu,dd211559,300,cdCOD,"DF,MF",Lorient,24.0,1997.0,29,28,2438.0,27.1,0.0,4.0,4.0,0.0,0.0,0.0,6,0,0.0,0.15,0.15,0.0,0.15,Matches,2022-2023,FRA,,35.0,,,,,,,,,,,25.0,,,,,,,,,,,,,,,,,,,,,,,10.0,2.0,20.0,0.37,0.07,0.0,0.0,,,,,,,,,,,,,,,,,,
Justin-Noël Kalumba,32e2163d,301,frFRA,DF,Angers,17.0,2004.0,7,7,546.0,6.1,0.0,0.0,0.0,0.0,0.0,0.0,0,0,0.0,0.0,0.0,0.0,0.0,Matches,2022-2023,FRA,,4.0,,,,,,,,,,,4.0,,,,,,,,,,,,,,,,,,,,,,,2.0,0.0,0.0,0.33,0.0,0.0,,,,,,,,,,,,,,,,,,,
Warren Kamanzi,a426a912,302,noNOR,"DF,MF",Toulouse,21.0,2000.0,11,7,665.0,7.4,0.0,0.0,0.0,0.0,0.0,0.0,1,0,0.0,0.0,0.0,0.0,0.0,Matches,2022-2023,FRA,,10.0,,,,,,,,,,,8.0,,,,,,,,,,,,,,,,,,,,,,,2.0,1.0,50.0,0.27,0.14,0.0,0.0,,,,,,,,,,,,,,,,,,
Bingourou Kamara,3814120d,303,snSEN,GK,Montpellier,25.0,1996.0,5,4,408.0,4.5,0.0,0.0,0.0,0.0,0.0,0.0,1,0,0.0,0.0,0.0,0.0,0.0,Matches,2022-2023,FRA,,0.0,,,,,,,,,,,0.0,,,,,,,,,,,,,,,,,,,,,,,0.0,0.0,,0.0,0.0,,,5.0,4.0,408.0,11.0,2.43,23.0,14.0,56.5,0.0,1.0,3.0,0.0,0.0,3.0,1.0,1.0,1.0,50.0
Nordine Kandil,c5908bc4,304,frFRA,MF,Strasbourg,20.0,2001.0,7,0,101.0,1.1,0.0,1.0,1.0,0.0,0.0,0.0,0,0,0.0,0.89,0.89,0.0,0.89,Matches,2022-2023,FRA,,2.0,,,,,,,,,,,1.0,,,,,,,,,,,,,,,,,,,,,,,3.0,0.0,0.0,2.67,0.0,0.0,,,,,,,,,,,,,,,,,,,
Ayman Kari,0e8d7b6c,305,frFRA,MF,Lorient,17.0,2004.0,5,0,96.0,1.1,0.0,0.0,0.0,0.0,0.0,0.0,0,0,0.0,0.0,0.0,0.0,0.0,Matches,2022-2023,FRA,,0.0,,,,,,,,,,,2.0,,,,,,,,,,,,,,,,,,,,,,,4.0,0.0,0.0,3.75,0.0,0.0,,,,,,,,,,,,,,,,,,,
Kévin Keben Biakolo,c43a8336,306,cmCMR,"DF,MF",Toulouse,18.0,2004.0,11,4,362.0,4.0,0.0,0.0,0.0,0.0,0.0,0.0,1,0,0.0,0.0,0.0,0.0,0.0,Matches,2022-2023,FRA,,2.0,,,,,,,,,,,4.0,,,,,,,,,,,,,,,,,,,,,,,1.0,0.0,0.0,0.25,0.0,0.0,,,,,,,,,,,,,,,,,,,
Check Keita,c9f2f83a,307,frFRA,DF,Reims,19.0,2003.0,9,8,682.0,7.6,0.0,0.0,0.0,0.0,0.0,0.0,1,0,0.0,0.0,0.0,0.0,0.0,Matches,2022-2023,FRA,,8.0,,,,,,,,,,,3.0,,,,,,,,,,,,,,,,,,,,,,,3.0,1.0,33.3,0.4,0.13,0.0,0.0,,,,,,,,,,,,,,,,,,
Saîf-Eddine Khaoui,796b1c41,308,tnTUN,MF,Clermont Foot,27.0,1995.0,34,23,2027.0,22.5,7.0,3.0,10.0,7.0,0.0,0.0,4,0,0.31,0.13,0.44,0.31,0.44,Matches,2022-2023,FRA,,28.0,,,,,,,,,,,32.0,,,,,,,,,,,,,,,,,,,,,,,47.0,23.0,48.9,2.09,1.02,0.15,0.3,,,,,,,,,,,,,,,,,,
Wahbi Khazri,2677a1de,309,tnTUN,"MF,FW",Montpellier,31.0,1991.0,27,20,1635.0,18.2,4.0,1.0,5.0,4.0,0.0,0.0,5,1,0.22,0.06,0.28,0.22,0.28,Matches,2022-2023,FRA,,15.0,,,,,,,,,,,8.0,,,,,,,,,,,,,,,,,,,,,,,38.0,16.0,42.1,2.09,0.88,0.11,0.25,,,,,,,,,,,,,,,,,,
Anthony Khelifa,3670aa71,310,dzALG,DF,Ajaccio,16.0,2005.0,2,0,10.0,0.1,0.0,0.0,0.0,0.0,0.0,0.0,0,0,0.0,0.0,0.0,0.0,0.0,Matches,2022-2023,FRA,,0.0,,,,,,,,,,,0.0,,,,,,,,,,,,,,,,,,,,,,,0.0,0.0,,0.0,0.0,,,,,,,,,,,,,,,,,,,,
Presnel Kimpembe,aef6e670,311,frFRA,DF,Paris Saint-Germain,26.0,1995.0,11,9,730.0,8.1,0.0,0.0,0.0,0.0,0.0,0.0,3,0,0.0,0.0,0.0,0.0,0.0,Matches,2022-2023,FRA,,9.0,,,,,,,,,,,11.0,,,,,,,,,,,,,,,,,,,,,,,4.0,0.0,0.0,0.49,0.0,0.0,,,,,,,,,,,,,,,,,,,
Samuel Koeberlé,6751b938,312,frFRA,MF,Reims,17.0,2004.0,1,0,3.0,0.0,0.0,0.0,0.0,0.0,0.0,0.0,0,0,0.0,0.0,0.0,0.0,0.0,Matches,2022-2023,FRA,,0.0,,,,,,,,,,,0.0,,,,,,,,,,,,,,,,,,,,,,,0.0,0.0,,0.0,0.0,,,,,,,,,,,,,,,,,,,,
Rudy Kohon,9cd28348,313,frFRA,DF,Troyes,18.0,2004.0,1,0,64.0,0.7,0.0,0.0,0.0,0.0,0.0,0.0,0,0,0.0,0.0,0.0,0.0,0.0,Matches,2022-2023,FRA,,3.0,,,,,,,,,,,1.0,,,,,,,,,,,,,,,,,,,,,,,0.0,0.0,,0.0,0.0,,,,,,,,,,,,,,,,,,,,
Sead Kolašinac,3935e52e,314,baBIH,"DF,MF",Marseille,29.0,1993.0,33,26,2214.0,24.6,4.0,1.0,5.0,4.0,0.0,0.0,3,0,0.16,0.04,0.2,0.16,0.2,Matches,2022-2023,FRA,,34.0,,,,,,,,,,,41.0,,,,,,,,,,,,,,,,,,,,,,,22.0,9.0,40.9,0.89,0.37,0.18,0.44,,,,,,,,,,,,,,,,,,
Cheick Konaté,6ce2cdf0,315,mlMLI,DF,Clermont Foot,18.0,2004.0,9,6,572.0,6.4,0.0,0.0,0.0,0.0,0.0,0.0,2,0,0.0,0.0,0.0,0.0,0.0,Matches,2022-2023,FRA,,13.0,,,,,,,,,,,13.0,,,,,,,,,,,,,,,,,,,,,,,3.0,0.0,0.0,0.47,0.0,0.0,,,,,,,,,,,,,,,,,,,
Ibrahima Koné,04bb2b06,316,mlMLI,FW,Lorient,23.0,1999.0,37,15,1577.0,17.5,7.0,1.0,8.0,5.0,2.0,3.0,3,0,0.4,0.06,0.46,0.29,0.34,Matches,2022-2023,FRA,,15.0,,,,,,,,,,,3.0,,,,,,,,,,,,,,,,,,,,,,,31.0,16.0,51.6,1.77,0.91,0.16,0.31,,,,,,,,,,,,,,,,,,
Youssouf Koné,e6eadfb8,317,mlMLI,DF,Ajaccio,27.0,1995.0,13,12,916.0,10.2,0.0,0.0,0.0,0.0,0.0,0.0,4,0,0.0,0.0,0.0,0.0,0.0,Matches,2022-2023,FRA,,21.0,,,,,,,,,,,11.0,,,,,,,,,,,,,,,,,,,,,,,1.0,1.0,100.0,0.1,0.1,0.0,0.0,,,,,,,,,,,,,,,,,,
Rominigue Kouamé,86a2ba20,318,mlMLI,MF,Troyes,25.0,1996.0,32,31,2661.0,29.6,1.0,1.0,2.0,1.0,0.0,0.0,9,0,0.03,0.03,0.07,0.03,0.07,Matches,2022-2023,FRA,,27.0,,,,,,,,,,,47.0,,,,,,,,,,,,,,,,,,,,,,,24.0,6.0,25.0,0.81,0.2,0.04,0.17,,,,,,,,,,,,,,,,,,
Boubakar Kouyaté,562a4799,319,mlMLI,DF,Montpellier,25.0,1997.0,15,15,1256.0,14.0,0.0,0.0,0.0,0.0,0.0,0.0,5,0,0.0,0.0,0.0,0.0,0.0,Matches,2022-2023,FRA,,19.0,,,,,,,,,,,31.0,,,,,,,,,,,,,,,,,,,,,,,11.0,4.0,36.4,0.79,0.29,0.0,0.0,,,,,,,,,,,,,,,,,,
Sael Kumbedi,c385bf49,320,frFRA,"DF,MF",Lyon,17.0,2005.0,20,14,1320.0,14.7,0.0,2.0,2.0,0.0,0.0,0.0,8,0,0.0,0.14,0.14,0.0,0.14,Matches,2022-2023,FRA,,28.0,,,,,,,,,,,11.0,,,,,,,,,,,,,,,,,,,,,,,9.0,2.0,22.2,0.61,0.14,0.0,0.0,,,,,,,,,,,,,,,,,,
Grejohn Kyei,397ba086,321,frFRA,FW,Clermont Foot,26.0,1995.0,37,26,2232.0,24.8,10.0,3.0,13.0,6.0,4.0,6.0,3,0,0.4,0.12,0.52,0.24,0.36,Matches,2022-2023,FRA,,6.0,,,,,,,,,,,7.0,,,,,,,,,,,,,,,,,,,,,,,59.0,23.0,39.0,2.38,0.93,0.1,0.26,,,,,,,,,,,,,,,,,,
Rémy Labeau Lascary,c90f380c,322,gpGLP,MF,Lens,19.0,2003.0,10,0,123.0,1.4,0.0,0.0,0.0,0.0,0.0,0.0,0,0,0.0,0.0,0.0,0.0,0.0,Matches,2022-2023,FRA,,3.0,,,,,,,,,,,1.0,,,,,,,,,,,,,,,,,,,,,,,3.0,1.0,33.3,2.2,0.73,0.0,0.0,,,,,,,,,,,,,,,,,,
Gaëtan Laborde,7cdda3bf,323,frFRA,FW,Nice,28.0,1994.0,33,28,2506.0,27.8,13.0,3.0,16.0,13.0,0.0,1.0,0,0,0.47,0.11,0.57,0.47,0.57,Matches,2022-2023,FRA,,27.0,,,,,,,,,,,9.0,,,,,,,,,,,,,,,,,,,,,,,74.0,41.0,55.4,2.66,1.47,0.18,0.32,,,,,,,,,,,,,,,,,,
Gaëtan Laborde,7cdda3bf,324,frFRA,FW,Rennes,28.0,1994.0,4,3,249.0,2.8,2.0,0.0,2.0,2.0,0.0,0.0,0,0,0.72,0.0,0.72,0.72,0.72,Matches,2022-2023,FRA,,1.0,,,,,,,,,,,0.0,,,,,,,,,,,,,,,,,,,,,,,11.0,6.0,54.5,3.98,2.17,0.18,0.33,,,,,,,,,,,,,,,,,,
Alexandre Lacazette,9dbb75ca,325,frFRA,FW,Lyon,31.0,1991.0,35,34,2929.0,32.5,27.0,5.0,32.0,21.0,6.0,8.0,3,0,0.83,0.15,0.98,0.65,0.8,Matches,2022-2023,FRA,,22.0,,,,,,,,,,,13.0,,,,,,,,,,,,,,,,,,,,,,,115.0,55.0,47.8,3.53,1.69,0.18,0.38,,,,,,,,,,,,,,,,,,
Qazim Laçi,eb0db257,326,alALB,MF,Ajaccio,26.0,1996.0,9,2,212.0,2.4,0.0,0.0,0.0,0.0,0.0,0.0,0,0,0.0,0.0,0.0,0.0,0.0,Matches,2022-2023,FRA,,4.0,,,,,,,,,,,2.0,,,,,,,,,,,,,,,,,,,,,,,4.0,0.0,0.0,1.7,0.0,0.0,,,,,,,,,,,,,,,,,,,
Alban Lafont,4e7db402,327,ciCIV,GK,Nantes,23.0,1999.0,37,37,3329.0,37.0,0.0,0.0,0.0,0.0,0.0,0.0,2,1,0.0,0.0,0.0,0.0,0.0,Matches,2022-2023,FRA,,0.0,,,,,,,,,,,0.0,,,,,,,,,,,,,,,,,,,,,,,0.0,0.0,,0.0,0.0,,,37.0,37.0,3329.0,54.0,1.46,178.0,132.0,74.7,7.0,14.0,16.0,11.0,29.7,9.0,9.0,0.0,0.0,0.0
Kenny Lala,770d7eb8,328,mgMAD,DF,Brest,30.0,1991.0,17,16,1417.0,15.7,0.0,2.0,2.0,0.0,0.0,0.0,4,0,0.0,0.13,0.13,0.0,0.13,Matches,2022-2023,FRA,,18.0,,,,,,,,,,,21.0,,,,,,,,,,,,,,,,,,,,,,,12.0,3.0,25.0,0.76,0.19,0.0,0.0,,,,,,,,,,,,,,,,,,
Mohamed Lamine Bayo,01870104,329,gnGUI,FW,Lille,24.0,1998.0,27,6,651.0,7.2,4.0,1.0,5.0,4.0,0.0,0.0,1,0,0.55,0.14,0.69,0.55,0.69,Matches,2022-2023,FRA,,3.0,,,,,,,,,,,0.0,,,,,,,,,,,,,,,,,,,,,,,22.0,11.0,50.0,3.04,1.52,0.18,0.36,,,,,,,,,,,,,,,,,,
Julien Laporte,f066022d,330,frFRA,DF,Lorient,28.0,1993.0,20,19,1654.0,18.4,0.0,0.0,0.0,0.0,0.0,0.0,1,0,0.0,0.0,0.0,0.0,0.0,Matches,2022-2023,FRA,,17.0,,,,,,,,,,,18.0,,,,,,,,,,,,,,,,,,,,,,,5.0,2.0,40.0,0.27,0.11,0.0,0.0,,,,,,,,,,,,,,,,,,
Yasser Larouci,0ed063d6,331,dzALG,"MF,DF",Troyes,21.0,2001.0,30,21,1797.0,20.0,1.0,1.0,2.0,1.0,0.0,0.0,1,0,0.05,0.05,0.1,0.05,0.1,Matches,2022-2023,FRA,,13.0,,,,,,,,,,,26.0,,,,,,,,,,,,,,,,,,,,,,,10.0,4.0,40.0,0.5,0.2,0.1,0.25,,,,,,,,,,,,,,,,,,
Armand Lauriente,2d22cea7,332,frFRA,"MF,FW",Lorient,23.0,1998.0,3,3,266.0,3.0,1.0,0.0,1.0,1.0,0.0,0.0,0,0,0.34,0.0,0.34,0.34,0.34,Matches,2022-2023,FRA,,7.0,,,,,,,,,,,4.0,,,,,,,,,,,,,,,,,,,,,,,14.0,5.0,35.7,4.74,1.69,0.07,0.2,,,,,,,,,,,,,,,,,,
Théo Le Bris,afe39ca8,333,frFRA,"MF,DF",Lorient,19.0,2002.0,27,15,1452.0,16.1,2.0,2.0,4.0,2.0,0.0,0.0,0,0,0.12,0.12,0.25,0.12,0.25,Matches,2022-2023,FRA,,20.0,,,,,,,,,,,19.0,,,,,,,,,,,,,,,,,,,,,,,10.0,4.0,40.0,0.62,0.25,0.2,0.5,,,,,,,,,,,,,,,,,,
Julien Le Cardinal,547a72ad,334,frFRA,"MF,DF",Lens,24.0,1997.0,8,2,165.0,1.8,0.0,0.0,0.0,0.0,0.0,0.0,0,0,0.0,0.0,0.0,0.0,0.0,Matches,2022-2023,FRA,,4.0,,,,,,,,,,,2.0,,,,,,,,,,,,,,,,,,,,,,,5.0,2.0,40.0,2.73,1.09,0.0,0.0,,,,,,,,,,,,,,,,,,
Jérémy Le Douaron,88c4d190,335,frFRA,"MF,FW",Brest,24.0,1998.0,32,24,2071.0,23.0,10.0,3.0,13.0,10.0,0.0,0.0,1,0,0.43,0.13,0.56,0.43,0.56,Matches,2022-2023,FRA,,10.0,,,,,,,,,,,12.0,,,,,,,,,,,,,,,,,,,,,,,55.0,23.0,41.8,2.39,1.0,0.18,0.43,,,,,,,,,,,,,,,,,,
Enzo Le Fée,6f806d99,336,frFRA,MF,Lorient,22.0,2000.0,35,35,3028.0,33.6,5.0,6.0,11.0,5.0,0.0,0.0,5,0,0.15,0.18,0.33,0.15,0.33,Matches,2022-2023,FRA,,64.0,,,,,,,,,,,30.0,,,,,,,,,,,,,,,,,,,,,,,45.0,18.0,40.0,1.34,0.54,0.11,0.28,,,,,,,,,,,,,,,,,,
Vincent Le Goff,2321ea6e,337,frFRA,DF,Lorient,32.0,1989.0,37,37,3330.0,37.0,0.0,0.0,0.0,0.0,0.0,0.0,1,0,0.0,0.0,0.0,0.0,0.0,Matches,2022-2023,FRA,,32.0,,,,,,,,,,,38.0,,,,,,,,,,,,,,,,,,,,,,,18.0,6.0,33.3,0.49,0.16,0.0,0.0,,,,,,,,,,,,,,,,,,
Maxime Le Marchand,321a71a7,338,frFRA,DF,Strasbourg,32.0,1989.0,26,23,2015.0,22.4,0.0,0.0,0.0,0.0,0.0,0.0,6,1,0.0,0.0,0.0,0.0,0.0,Matches,2022-2023,FRA,,23.0,,,,,,,,,,,36.0,,,,,,,,,,,,,,,,,,,,,,,8.0,1.0,12.5,0.36,0.04,0.0,0.0,,,,,,,,,,,,,,,,,,
Paolo Lebas,5bf26efc,339,frFRA,MF,Ajaccio,19.0,2003.0,1,0,55.0,0.6,0.0,0.0,0.0,0.0,0.0,0.0,0,0,0.0,0.0,0.0,0.0,0.0,Matches,2022-2023,FRA,,1.0,,,,,,,,,,,0.0,,,,,,,,,,,,,,,,,,,,,,,0.0,0.0,,0.0,0.0,,,,,,,,,,,,,,,,,,,,
Jean-Louis Leca,edbe46dc,340,frFRA,GK,Lens,36.0,1985.0,1,1,90.0,1.0,0.0,0.0,0.0,0.0,0.0,0.0,0,0,0.0,0.0,0.0,0.0,0.0,Matches,2022-2023,FRA,,0.0,,,,,,,,,,,0.0,,,,,,,,,,,,,,,,,,,,,,,0.0,0.0,,0.0,0.0,,,1.0,1.0,90.0,1.0,1.0,4.0,3.0,75.0,1.0,0.0,0.0,0.0,0.0,0.0,0.0,0.0,0.0,
Benjamin Lecomte,2fa2a875,341,frFRA,GK,Montpellier,31.0,1991.0,19,19,1710.0,19.0,0.0,0.0,0.0,0.0,0.0,0.0,0,0,0.0,0.0,0.0,0.0,0.0,Matches,2022-2023,FRA,,0.0,,,,,,,,,,,0.0,,,,,,,,,,,,,,,,,,,,,,,0.0,0.0,,0.0,0.0,,,19.0,19.0,1710.0,22.0,1.16,93.0,74.0,78.5,10.0,3.0,6.0,8.0,42.1,3.0,2.0,1.0,0.0,33.3
Pierre Lees-Melou,f5044e54,342,frFRA,MF,Brest,29.0,1993.0,32,32,2767.0,30.7,5.0,5.0,10.0,5.0,0.0,0.0,10,1,0.16,0.16,0.33,0.16,0.33,Matches,2022-2023,FRA,,55.0,,,,,,,,,,,51.0,,,,,,,,,,,,,,,,,,,,,,,44.0,13.0,29.5,1.43,0.42,0.11,0.38,,,,,,,,,,,,,,,,,,
Félix Lemaréchal,8ca9415f,343,frFRA,MF,Brest,18.0,2003.0,13,2,288.0,3.2,0.0,0.0,0.0,0.0,0.0,0.0,2,0,0.0,0.0,0.0,0.0,0.0,Matches,2022-2023,FRA,,5.0,,,,,,,,,,,1.0,,,,,,,,,,,,,,,,,,,,,,,2.0,0.0,0.0,0.62,0.0,0.0,,,,,,,,,,,,,,,,,,,
Mario Lemina,2b471f99,344,gaGAB,MF,Nice,28.0,1993.0,14,11,838.0,9.3,0.0,0.0,0.0,0.0,0.0,0.0,1,1,0.0,0.0,0.0,0.0,0.0,Matches,2022-2023,FRA,,20.0,,,,,,,,,,,12.0,,,,,,,,,,,,,,,,,,,,,,,6.0,3.0,50.0,0.64,0.32,0.0,0.0,,,,,,,,,,,,,,,,,,
Donovan Léon,51c83a90,345,gfGUF,GK,Auxerre,29.0,1992.0,2,2,180.0,2.0,0.0,0.0,0.0,0.0,0.0,0.0,0,0,0.0,0.0,0.0,0.0,0.0,Matches,2022-2023,FRA,,0.0,,,,,,,,,,,0.0,,,,,,,,,,,,,,,,,,,,,,,0.0,0.0,,0.0,0.0,,,2.0,2.0,180.0,2.0,1.0,10.0,9.0,90.0,1.0,1.0,0.0,0.0,0.0,1.0,1.0,0.0,0.0,0.0
Johann Lepenant,1e52971c,346,frFRA,MF,Lyon,19.0,2002.0,31,21,1933.0,21.5,1.0,2.0,3.0,1.0,0.0,0.0,4,0,0.05,0.09,0.14,0.05,0.14,Matches,2022-2023,FRA,,35.0,,,,,,,,,,,26.0,,,,,,,,,,,,,,,,,,,,,,,19.0,1.0,5.3,0.88,0.05,0.05,1.0,,,,,,,,,,,,,,,,,,
Benjamin Leroy,1e7aea56,347,frFRA,GK,Ajaccio,33.0,1989.0,32,32,2798.0,31.1,0.0,0.0,0.0,0.0,0.0,0.0,1,0,0.0,0.0,0.0,0.0,0.0,Matches,2022-2023,FRA,,0.0,,,,,,,,,,,1.0,,,,,,,,,,,,,,,,,,,,,,,0.0,0.0,,0.0,0.0,,,32.0,32.0,2798.0,60.0,1.93,127.0,74.0,59.1,6.0,4.0,22.0,5.0,15.6,9.0,8.0,0.0,1.0,0.0
Léo Leroy,fcc84a07,348,frFRA,MF,Montpellier,22.0,2000.0,27,14,1192.0,13.2,0.0,0.0,0.0,0.0,0.0,0.0,7,0,0.0,0.0,0.0,0.0,0.0,Matches,2022-2023,FRA,,38.0,,,,,,,,,,,15.0,,,,,,,,,,,,,,,,,,,,,,,18.0,6.0,33.3,1.36,0.45,0.0,0.0,,,,,,,,,,,,,,,,,,
Alexandre Letellier,96fcd380,349,frFRA,GK,Paris Saint-Germain,31.0,1990.0,1,0,11.0,0.1,0.0,0.0,0.0,0.0,0.0,0.0,0,0,0.0,0.0,0.0,0.0,0.0,Matches,2022-2023,FRA,,0.0,,,,,,,,,,,0.0,,,,,,,,,,,,,,,,,,,,,,,0.0,0.0,,0.0,0.0,,,1.0,0.0,11.0,0.0,0.0,0.0,0.0,,0.0,0.0,0.0,0.0,,0.0,0.0,0.0,0.0,
Ruan Levine,17e25e72,350,brBRA,FW,Ajaccio,23.0,1999.0,3,0,24.0,0.3,0.0,0.0,0.0,0.0,0.0,0.0,0,0,0.0,0.0,0.0,0.0,0.0,Matches,2022-2023,FRA,,2.0,,,,,,,,,,,1.0,,,,,,,,,,,,,,,,,,,,,,,2.0,1.0,50.0,7.5,3.75,0.0,0.0,,,,,,,,,,,,,,,,,,
Dimitri Liénard,f7691f63,351,frFRA,"MF,DF",Strasbourg,34.0,1988.0,28,18,1543.0,17.1,0.0,0.0,0.0,0.0,0.0,0.0,4,0,0.0,0.0,0.0,0.0,0.0,Matches,2022-2023,FRA,,35.0,,,,,,,,,,,15.0,,,,,,,,,,,,,,,,,,,,,,,13.0,2.0,15.4,0.76,0.12,0.0,0.0,,,,,,,,,,,,,,,,,,
Mateusz Lis,fd78b105,352,plPOL,GK,Troyes,25.0,1997.0,9,8,751.0,8.3,0.0,0.0,0.0,0.0,0.0,0.0,1,0,0.0,0.0,0.0,0.0,0.0,Matches,2022-2023,FRA,,0.0,,,,,,,,,,,0.0,,,,,,,,,,,,,,,,,,,,,,,0.0,0.0,,0.0,0.0,,,9.0,8.0,751.0,16.0,1.92,47.0,34.0,70.2,1.0,3.0,4.0,1.0,12.5,3.0,2.0,1.0,0.0,33.3
Bradley Locko,40221fa7,353,frFRA,"MF,DF",Reims,20.0,2002.0,15,13,1059.0,11.8,0.0,0.0,0.0,0.0,0.0,0.0,3,1,0.0,0.0,0.0,0.0,0.0,Matches,2022-2023,FRA,,16.0,,,,,,,,,,,19.0,,,,,,,,,,,,,,,,,,,,,,,5.0,0.0,0.0,0.42,0.0,0.0,,,,,,,,,,,,,,,,,,,
Bradley Locko,40221fa7,354,frFRA,DF,Brest,20.0,2002.0,7,2,270.0,3.0,0.0,0.0,0.0,0.0,0.0,0.0,0,0,0.0,0.0,0.0,0.0,0.0,Matches,2022-2023,FRA,,2.0,,,,,,,,,,,3.0,,,,,,,,,,,,,,,,,,,,,,,0.0,0.0,,0.0,0.0,,,,,,,,,,,,,,,,,,,,
Anthony Lopes,f00de885,355,ptPOR,GK,Lyon,31.0,1990.0,32,32,2816.0,31.3,0.0,0.0,0.0,0.0,0.0,0.0,2,1,0.0,0.0,0.0,0.0,0.0,Matches,2022-2023,FRA,,0.0,,,,,,,,,,,3.0,,,,,,,,,,,,,,,,,,,,,,,0.0,0.0,,0.0,0.0,,,32.0,32.0,2816.0,39.0,1.25,128.0,95.0,75.0,16.0,4.0,12.0,7.0,21.9,7.0,7.0,0.0,0.0,0.0
Rony Lopes,7c2965bb,356,ptPOR,"MF,FW",Troyes,26.0,1995.0,32,29,2346.0,26.1,7.0,5.0,12.0,7.0,0.0,0.0,2,0,0.27,0.19,0.46,0.27,0.46,Matches,2022-2023,FRA,,13.0,,,,,,,,,,,9.0,,,,,,,,,,,,,,,,,,,,,,,57.0,20.0,35.1,2.19,0.77,0.12,0.35,,,,,,,,,,,,,,,,,,
Pau López,20b9f052,357,esESP,GK,Marseille,27.0,1994.0,33,32,2925.0,32.5,0.0,2.0,2.0,0.0,0.0,0.0,3,0,0.0,0.06,0.06,0.0,0.06,Matches,2022-2023,FRA,,0.0,,,,,,,,,,,0.0,,,,,,,,,,,,,,,,,,,,,,,0.0,0.0,,0.0,0.0,,,33.0,32.0,2925.0,34.0,1.05,121.0,92.0,76.0,21.0,4.0,7.0,10.0,31.3,5.0,5.0,0.0,0.0,0.0
Dion Lopy,64c14d49,358,snSEN,MF,Reims,20.0,2002.0,29,16,1379.0,15.3,0.0,1.0,1.0,0.0,0.0,0.0,6,2,0.0,0.07,0.07,0.0,0.07,Matches,2022-2023,FRA,,25.0,,,,,,,,,,,23.0,,,,,,,,,,,,,,,,,,,,,,,18.0,4.0,22.2,1.17,0.26,0.0,0.0,,,,,,,,,,,,,,,,,,
Jordan Lotomba,fc4cf6a7,359,chSUI,"DF,MF",Nice,23.0,1998.0,33,27,2453.0,27.3,0.0,2.0,2.0,0.0,0.0,0.0,4,0,0.0,0.07,0.07,0.0,0.07,Matches,2022-2023,FRA,,36.0,,,,,,,,,,,31.0,,,,,,,,,,,,,,,,,,,,,,,14.0,5.0,35.7,0.51,0.18,0.0,0.0,,,,,,,,,,,,,,,,,,
Dejan Lovren,1a2935f6,360,hrCRO,DF,Lyon,33.0,1989.0,17,17,1459.0,16.2,1.0,0.0,1.0,1.0,0.0,0.0,2,0,0.06,0.0,0.06,0.06,0.06,Matches,2022-2023,FRA,,18.0,,,,,,,,,,,26.0,,,,,,,,,,,,,,,,,,,,,,,13.0,3.0,23.1,0.8,0.19,0.08,0.33,,,,,,,,,,,,,,,,,,
Jean Lucas,a99138af,361,brBRA,MF,Monaco,24.0,1998.0,6,3,291.0,3.2,0.0,0.0,0.0,0.0,0.0,0.0,0,0,0.0,0.0,0.0,0.0,0.0,Matches,2022-2023,FRA,,5.0,,,,,,,,,,,4.0,,,,,,,,,,,,,,,,,,,,,,,5.0,3.0,60.0,1.55,0.93,0.0,0.0,,,,,,,,,,,,,,,,,,
Castello Lukeba,5b9512c5,362,frFRA,DF,Lyon,19.0,2002.0,34,33,2986.0,33.2,2.0,0.0,2.0,2.0,0.0,0.0,9,1,0.06,0.0,0.06,0.06,0.06,Matches,2022-2023,FRA,,24.0,,,,,,,,,,,74.0,,,,,,,,,,,,,,,,,,,,,,,13.0,5.0,38.5,0.39,0.15,0.15,0.4,,,,,,,,,,,,,,,,,,
Youssouf M'Changama,e05082d1,363,kmCOM,MF,Auxerre,31.0,1990.0,26,11,1081.0,12.0,0.0,0.0,0.0,0.0,0.0,0.0,1,0,0.0,0.0,0.0,0.0,0.0,Matches,2022-2023,FRA,,11.0,,,,,,,,,,,12.0,,,,,,,,,,,,,,,,,,,,,,,19.0,2.0,10.5,1.58,0.17,0.0,0.0,,,,,,,,,,,,,,,,,,
Deiver Machado,b3f8bdef,364,coCOL,MF,Lens,28.0,1993.0,33,26,2184.0,24.3,4.0,3.0,7.0,4.0,0.0,0.0,5,1,0.16,0.12,0.29,0.16,0.29,Matches,2022-2023,FRA,,28.0,,,,,,,,,,,20.0,,,,,,,,,,,,,,,,,,,,,,,18.0,7.0,38.9,0.74,0.29,0.22,0.57,,,,,,,,,,,,,,,,,,
Soungoutou Magassa,dfc5d4fa,365,frFRA,MF,Monaco,18.0,2003.0,2,0,82.0,0.9,0.0,0.0,0.0,0.0,0.0,0.0,0,0,0.0,0.0,0.0,0.0,0.0,Matches,2022-2023,FRA,,1.0,,,,,,,,,,,1.0,,,,,,,,,,,,,,,,,,,,,,,0.0,0.0,,0.0,0.0,,,,,,,,,,,,,,,,,,,,
Hugo Magnetti,d4d35152,366,frFRA,MF,Brest,24.0,1998.0,32,19,1688.0,18.8,1.0,2.0,3.0,1.0,0.0,0.0,2,0,0.05,0.11,0.16,0.05,0.16,Matches,2022-2023,FRA,,29.0,,,,,,,,,,,22.0,,,,,,,,,,,,,,,,,,,,,,,17.0,6.0,35.3,0.91,0.32,0.06,0.17,,,,,,,,,,,,,,,,,,
Yohann Magnin,caa7aaea,367,frFRA,MF,Clermont Foot,25.0,1997.0,38,25,2399.0,26.7,0.0,0.0,0.0,0.0,0.0,0.0,6,0,0.0,0.0,0.0,0.0,0.0,Matches,2022-2023,FRA,,55.0,,,,,,,,,,,24.0,,,,,,,,,,,,,,,,,,,,,,,17.0,1.0,5.9,0.64,0.04,0.0,0.0,,,,,,,,,,,,,,,,,,
Lovro Majer,fc46aab1,368,hrCRO,MF,Rennes,24.0,1998.0,32,18,1668.0,18.5,2.0,5.0,7.0,1.0,1.0,1.0,3,0,0.11,0.27,0.38,0.05,0.32,Matches,2022-2023,FRA,,22.0,,,,,,,,,,,19.0,,,,,,,,,,,,,,,,,,,,,,,34.0,12.0,35.3,1.83,0.65,0.03,0.08,,,,,,,,,,,,,,,,,,
Jean-Victor Makengo,22bfb57e,369,frFRA,MF,Lorient,24.0,1998.0,15,12,1064.0,11.8,0.0,0.0,0.0,0.0,0.0,0.0,2,1,0.0,0.0,0.0,0.0,0.0,Matches,2022-2023,FRA,,9.0,,,,,,,,,,,9.0,,,,,,,,,,,,,,,,,,,,,,,5.0,2.0,40.0,0.42,0.17,0.0,0.0,,,,,,,,,,,,,,,,,,
Béni Makouana,654f49ca,370,cgCGO,MF,Montpellier,19.0,2002.0,8,1,198.0,2.2,0.0,0.0,0.0,0.0,0.0,0.0,1,0,0.0,0.0,0.0,0.0,0.0,Matches,2022-2023,FRA,,0.0,,,,,,,,,,,0.0,,,,,,,,,,,,,,,,,,,,,,,6.0,1.0,16.7,2.73,0.45,0.0,0.0,,,,,,,,,,,,,,,,,,
Ruslan Malinovskyi,48d5bd33,371,uaUKR,"MF,FW",Marseille,29.0,1993.0,20,13,1227.0,13.6,1.0,1.0,2.0,1.0,0.0,0.0,4,0,0.07,0.07,0.15,0.07,0.15,Matches,2022-2023,FRA,,13.0,,,,,,,,,,,3.0,,,,,,,,,,,,,,,,,,,,,,,34.0,7.0,20.6,2.49,0.51,0.03,0.14,,,,,,,,,,,,,,,,,,
Hianga Mananga Mbock,0f86995c,372,frFRA,MF,Brest,22.0,1999.0,2,0,15.0,0.2,0.0,0.0,0.0,0.0,0.0,0.0,0,0,0.0,0.0,0.0,0.0,0.0,Matches,2022-2023,FRA,,0.0,,,,,,,,,,,0.0,,,,,,,,,,,,,,,,,,,,,,,0.0,0.0,,0.0,0.0,,,,,,,,,,,,,,,,,,,,
Steve Mandanda,1d2d5cc8,373,frFRA,GK,Rennes,37.0,1985.0,34,34,3014.0,33.5,0.0,1.0,1.0,0.0,0.0,0.0,1,0,0.0,0.03,0.03,0.0,0.03,Matches,2022-2023,FRA,,0.0,,,,,,,,,,,0.0,,,,,,,,,,,,,,,,,,,,,,,0.0,0.0,,0.0,0.0,,,34.0,34.0,3014.0,31.0,0.93,107.0,79.0,72.9,19.0,5.0,10.0,13.0,38.2,3.0,2.0,1.0,0.0,33.3
Thomas Mangani,c801616a,374,frFRA,MF,Ajaccio,35.0,1987.0,26,14,1332.0,14.8,1.0,1.0,2.0,0.0,1.0,2.0,4,1,0.07,0.07,0.14,0.0,0.07,Matches,2022-2023,FRA,,18.0,,,,,,,,,,,21.0,,,,,,,,,,,,,,,,,,,,,,,11.0,2.0,18.2,0.74,0.14,0.0,0.0,,,,,,,,,,,,,,,,,,
Vito Mannone,c4173f1a,375,itITA,GK,Lorient,34.0,1988.0,18,17,1608.0,17.9,0.0,0.0,0.0,0.0,0.0,0.0,1,0,0.0,0.0,0.0,0.0,0.0,Matches,2022-2023,FRA,,0.0,,,,,,,,,,,0.0,,,,,,,,,,,,,,,,,,,,,,,0.0,0.0,,0.0,0.0,,,18.0,17.0,1608.0,24.0,1.34,85.0,61.0,72.9,4.0,6.0,7.0,5.0,29.4,1.0,1.0,0.0,0.0,0.0
Myziane Maolida,706a60e1,376,kmCOM,MF,Reims,23.0,1999.0,9,2,232.0,2.6,1.0,0.0,1.0,1.0,0.0,0.0,0,0,0.39,0.0,0.39,0.39,0.39,Matches,2022-2023,FRA,,3.0,,,,,,,,,,,2.0,,,,,,,,,,,,,,,,,,,,,,,6.0,2.0,33.3,2.33,0.78,0.17,0.5,,,,,,,,,,,,,,,,,,
Faitout Maouassa,e54a9890,377,frFRA,"MF,DF",Montpellier,24.0,1998.0,33,23,1923.0,21.4,5.0,5.0,10.0,5.0,0.0,0.0,0,0,0.23,0.23,0.47,0.23,0.47,Matches,2022-2023,FRA,,35.0,,,,,,,,,,,17.0,,,,,,,,,,,,,,,,,,,,,,,34.0,13.0,38.2,1.59,0.61,0.15,0.38,,,,,,,,,,,,,,,,,,
Vincent Marchetti,740f00ac,378,frFRA,MF,Ajaccio,25.0,1997.0,31,29,2452.0,27.2,0.0,2.0,2.0,0.0,0.0,0.0,7,0,0.0,0.07,0.07,0.0,0.07,Matches,2022-2023,FRA,,26.0,,,,,,,,,,,19.0,,,,,,,,,,,,,,,,,,,,,,,37.0,9.0,24.3,1.36,0.33,0.0,0.0,,,,,,,,,,,,,,,,,,
Guillermo Maripán,d9764034,379,clCHI,DF,Monaco,28.0,1994.0,26,25,2157.0,24.0,3.0,0.0,3.0,3.0,0.0,0.0,6,1,0.13,0.0,0.13,0.13,0.13,Matches,2022-2023,FRA,,27.0,,,,,,,,,,,35.0,,,,,,,,,,,,,,,,,,,,,,,16.0,6.0,37.5,0.67,0.25,0.19,0.5,,,,,,,,,,,,,,,,,,
Marquinhos,d5f2f82b,380,brBRA,DF,Paris Saint-Germain,28.0,1994.0,33,30,2717.0,30.2,2.0,0.0,2.0,2.0,0.0,0.0,4,0,0.07,0.0,0.07,0.07,0.07,Matches,2022-2023,FRA,,28.0,,,,,,,,,,,23.0,,,,,,,,,,,,,,,,,,,,,,,18.0,4.0,22.2,0.6,0.13,0.11,0.5,,,,,,,,,,,,,,,,,,
Jonas Martin,468fdbad,381,frFRA,MF,Lille,32.0,1990.0,12,2,277.0,3.1,0.0,0.0,0.0,0.0,0.0,0.0,2,0,0.0,0.0,0.0,0.0,0.0,Matches,2022-2023,FRA,,7.0,,,,,,,,,,,7.0,,,,,,,,,,,,,,,,,,,,,,,1.0,0.0,0.0,0.32,0.0,0.0,,,,,,,,,,,,,,,,,,,
Gelson Martins,3ef0fa48,382,ptPOR,MF,Monaco,27.0,1995.0,11,3,345.0,3.8,0.0,0.0,0.0,0.0,0.0,0.0,0,0,0.0,0.0,0.0,0.0,0.0,Matches,2022-2023,FRA,,8.0,,,,,,,,,,,1.0,,,,,,,,,,,,,,,,,,,,,,,12.0,3.0,25.0,3.13,0.78,0.0,0.0,,,,,,,,,,,,,,,,,,
Han-Noah Massengo,eba1e557,383,frFRA,MF,Auxerre,21.0,2001.0,14,13,1116.0,12.4,0.0,0.0,0.0,0.0,0.0,0.0,3,0,0.0,0.0,0.0,0.0,0.0,Matches,2022-2023,FRA,,13.0,,,,,,,,,,,12.0,,,,,,,,,,,,,,,,,,,,,,,13.0,1.0,7.7,1.05,0.08,0.0,0.0,,,,,,,,,,,,,,,,,,
Yanis Massolin,6ea05ca7,384,frFRA,MF,Clermont Foot,19.0,2002.0,6,0,60.0,0.7,0.0,0.0,0.0,0.0,0.0,0.0,0,0,0.0,0.0,0.0,0.0,0.0,Matches,2022-2023,FRA,,1.0,,,,,,,,,,,2.0,,,,,,,,,,,,,,,,,,,,,,,1.0,0.0,0.0,1.5,0.0,0.0,,,,,,,,,,,,,,,,,,,
Eliot Matazo,15944afd,385,beBEL,MF,Monaco,20.0,2002.0,23,13,1175.0,13.1,1.0,0.0,1.0,1.0,0.0,0.0,2,0,0.08,0.0,0.08,0.08,0.08,Matches,2022-2023,FRA,,12.0,,,,,,,,,,,15.0,,,,,,,,,,,,,,,,,,,,,,,4.0,3.0,75.0,0.31,0.23,0.25,0.33,,,,,,,,,,,,,,,,,,
Chrislain Matsima,cf1ef7ec,386,frFRA,DF,Lorient,20.0,2002.0,6,2,227.0,2.5,0.0,0.0,0.0,0.0,0.0,0.0,0,0,0.0,0.0,0.0,0.0,0.0,Matches,2022-2023,FRA,,1.0,,,,,,,,,,,1.0,,,,,,,,,,,,,,,,,,,,,,,1.0,0.0,0.0,0.4,0.0,0.0,,,,,,,,,,,,,,,,,,,
Chrislain Matsima,cf1ef7ec,387,frFRA,DF,Monaco,20.0,2002.0,8,5,446.0,5.0,0.0,1.0,1.0,0.0,0.0,0.0,0,0,0.0,0.2,0.2,0.0,0.2,Matches,2022-2023,FRA,,6.0,,,,,,,,,,,9.0,,,,,,,,,,,,,,,,,,,,,,,3.0,2.0,66.7,0.61,0.4,0.0,0.0,,,,,,,,,,,,,,,,,,
Jean Mattéo Bahoya,70d4c949,388,frFRA,FW,Angers,17.0,2005.0,10,2,270.0,3.0,0.0,0.0,0.0,0.0,0.0,0.0,0,0,0.0,0.0,0.0,0.0,0.0,Matches,2022-2023,FRA,,3.0,,,,,,,,,,,0.0,,,,,,,,,,,,,,,,,,,,,,,4.0,0.0,0.0,1.33,0.0,0.0,,,,,,,,,,,,,,,,,,,
Azor Matusiwa,a17a94d6,389,nlNED,MF,Reims,24.0,1998.0,30,29,2484.0,27.6,0.0,0.0,0.0,0.0,0.0,0.0,4,0,0.0,0.0,0.0,0.0,0.0,Matches,2022-2023,FRA,,45.0,,,,,,,,,,,43.0,,,,,,,,,,,,,,,,,,,,,,,10.0,4.0,40.0,0.36,0.14,0.0,0.0,,,,,,,,,,,,,,,,,,
Aïman Maurer,87d31635,390,maMAR,MF,Clermont Foot,17.0,2004.0,10,6,501.0,5.6,0.0,1.0,1.0,0.0,0.0,0.0,0,0,0.0,0.18,0.18,0.0,0.18,Matches,2022-2023,FRA,,1.0,,,,,,,,,,,3.0,,,,,,,,,,,,,,,,,,,,,,,11.0,6.0,54.5,1.98,1.08,0.0,0.0,,,,,,,,,,,,,,,,,,
Stephy Mavididi,30144daa,391,engENG,"MF,FW",Montpellier,24.0,1998.0,26,14,1288.0,14.3,4.0,2.0,6.0,4.0,0.0,0.0,1,1,0.28,0.14,0.42,0.28,0.42,Matches,2022-2023,FRA,,18.0,,,,,,,,,,,4.0,,,,,,,,,,,,,,,,,,,,,,,38.0,16.0,42.1,2.66,1.12,0.11,0.25,,,,,,,,,,,,,,,,,,
Christian Mawissa,2c70d915,392,frFRA,DF,Toulouse,17.0,2005.0,2,1,98.0,1.1,0.0,0.0,0.0,0.0,0.0,0.0,1,0,0.0,0.0,0.0,0.0,0.0,Matches,2022-2023,FRA,,0.0,,,,,,,,,,,2.0,,,,,,,,,,,,,,,,,,,,,,,0.0,0.0,,0.0,0.0,,,,,,,,,,,,,,,,,,,,
Fernand Mayembo,b20cc590,393,cgCGO,DF,Ajaccio,26.0,1996.0,11,8,707.0,7.9,0.0,0.0,0.0,0.0,0.0,0.0,1,0,0.0,0.0,0.0,0.0,0.0,Matches,2022-2023,FRA,,4.0,,,,,,,,,,,9.0,,,,,,,,,,,,,,,,,,,,,,,4.0,0.0,0.0,0.51,0.0,0.0,,,,,,,,,,,,,,,,,,,
Derek Mazou-Sacko,810edef9,394,frFRA,MF,Troyes,17.0,2004.0,1,0,16.0,0.2,0.0,0.0,0.0,0.0,0.0,0.0,0,0,0.0,0.0,0.0,0.0,0.0,Matches,2022-2023,FRA,,0.0,,,,,,,,,,,1.0,,,,,,,,,,,,,,,,,,,,,,,0.0,0.0,,0.0,0.0,,,,,,,,,,,,,,,,,,,,
Kylian Mbappé,42fd9c7f,395,frFRA,FW,Paris Saint-Germain,23.0,1998.0,34,32,2818.0,31.3,29.0,5.0,34.0,26.0,3.0,4.0,6,0,0.93,0.16,1.09,0.83,0.99,Matches,2022-2023,FRA,,4.0,,,,,,,,,,,6.0,,,,,,,,,,,,,,,,,,,,,,,150.0,79.0,52.7,4.79,2.52,0.17,0.33,,,,,,,,,,,,,,,,,,
Chancel Mbemba,e76cb9cc,396,cdCOD,DF,Marseille,27.0,1994.0,36,32,2849.0,31.7,5.0,0.0,5.0,5.0,0.0,0.0,2,0,0.16,0.0,0.16,0.16,0.16,Matches,2022-2023,FRA,,28.0,,,,,,,,,,,44.0,,,,,,,,,,,,,,,,,,,,,,,27.0,10.0,37.0,0.85,0.32,0.19,0.5,,,,,,,,,,,,,,,,,,
Jason Mbock,890bc029,397,frFRA,FW,Angers,22.0,1999.0,2,0,25.0,0.3,0.0,0.0,0.0,0.0,0.0,0.0,0,0,0.0,0.0,0.0,0.0,0.0,Matches,2022-2023,FRA,,0.0,,,,,,,,,,,0.0,,,,,,,,,,,,,,,,,,,,,,,0.0,0.0,,0.0,0.0,,,,,,,,,,,,,,,,,,,,
Nathanael Mbuku,46750e9c,398,cdCOD,MF,Reims,20.0,2002.0,6,0,66.0,0.7,0.0,0.0,0.0,0.0,0.0,0.0,0,0,0.0,0.0,0.0,0.0,0.0,Matches,2022-2023,FRA,,1.0,,,,,,,,,,,0.0,,,,,,,,,,,,,,,,,,,,,,,2.0,0.0,0.0,2.73,0.0,0.0,,,,,,,,,,,,,,,,,,,
Facundo Medina,6f5ec8bb,399,arARG,DF,Lens,23.0,1999.0,32,32,2779.0,30.9,2.0,4.0,6.0,2.0,0.0,0.0,7,0,0.06,0.13,0.19,0.06,0.19,Matches,2022-2023,FRA,,19.0,,,,,,,,,,,22.0,,,,,,,,,,,,,,,,,,,,,,,18.0,4.0,22.2,0.58,0.13,0.11,0.5,,,,,,,,,,,,,,,,,,
Bamo Meïté,04ac78d2,400,ciCIV,DF,Lorient,20.0,2001.0,17,16,1503.0,16.7,1.0,0.0,1.0,1.0,0.0,0.0,5,0,0.06,0.0,0.06,0.06,0.06,Matches,2022-2023,FRA,,11.0,,,,,,,,,,,18.0,,,,,,,,,,,,,,,,,,,,,,,3.0,1.0,33.3,0.18,0.06,0.33,1.0,,,,,,,,,,,,,,,,,,
Farid El Melali,d21e361a,401,dzALG,"DF,MF",Angers,25.0,1997.0,17,9,806.0,9.0,0.0,0.0,0.0,0.0,0.0,0.0,1,0,0.0,0.0,0.0,0.0,0.0,Matches,2022-2023,FRA,,13.0,,,,,,,,,,,8.0,,,,,,,,,,,,,,,,,,,,,,,11.0,2.0,18.2,1.23,0.22,0.0,0.0,,,,,,,,,,,,,,,,,,
Birger Meling,70c52749,402,noNOR,DF,Rennes,27.0,1994.0,27,10,1209.0,13.4,0.0,1.0,1.0,0.0,0.0,0.0,3,1,0.0,0.07,0.07,0.0,0.07,Matches,2022-2023,FRA,,18.0,,,,,,,,,,,22.0,,,,,,,,,,,,,,,,,,,,,,,0.0,0.0,,0.0,0.0,,,,,,,,,,,,,,,,,,,,
Nuno Mendes,f20e4cc9,403,ptPOR,"MF,DF",Paris Saint-Germain,20.0,2002.0,23,18,1548.0,17.2,1.0,6.0,7.0,1.0,0.0,0.0,2,0,0.06,0.35,0.41,0.06,0.41,Matches,2022-2023,FRA,,32.0,,,,,,,,,,,17.0,,,,,,,,,,,,,,,,,,,,,,,10.0,7.0,70.0,0.58,0.41,0.1,0.14,,,,,,,,,,,,,,,,,,
Pedro Mendes,6690ef25,404,ptPOR,DF,Montpellier,31.0,1990.0,1,0,13.0,0.1,0.0,0.0,0.0,0.0,0.0,0.0,0,0,0.0,0.0,0.0,0.0,0.0,Matches,2022-2023,FRA,,0.0,,,,,,,,,,,0.0,,,,,,,,,,,,,,,,,,,,,,,0.0,0.0,,0.0,0.0,,,,,,,,,,,,,,,,,,,,
Thiago Mendes,c6e5d20f,405,brBRA,"MF,DF",Lyon,30.0,1992.0,31,22,2063.0,22.9,1.0,1.0,2.0,1.0,0.0,0.0,3,0,0.04,0.04,0.09,0.04,0.09,Matches,2022-2023,FRA,,27.0,,,,,,,,,,,45.0,,,,,,,,,,,,,,,,,,,,,,,14.0,4.0,28.6,0.61,0.17,0.07,0.25,,,,,,,,,,,,,,,,,,
Antoine Mendy,3322e296,406,snSEN,"DF,MF",Nice,18.0,2004.0,11,7,518.0,5.8,0.0,1.0,1.0,0.0,0.0,0.0,0,0,0.0,0.17,0.17,0.0,0.17,Matches,2022-2023,FRA,,13.0,,,,,,,,,,,2.0,,,,,,,,,,,,,,,,,,,,,,,8.0,2.0,25.0,1.39,0.35,0.0,0.0,,,,,,,,,,,,,,,,,,
Arial Mendy,9f0f4b49,407,snSEN,MF,Clermont Foot,27.0,1994.0,5,1,223.0,2.5,0.0,0.0,0.0,0.0,0.0,0.0,0,0,0.0,0.0,0.0,0.0,0.0,Matches,2022-2023,FRA,,2.0,,,,,,,,,,,3.0,,,,,,,,,,,,,,,,,,,,,,,2.0,0.0,0.0,0.81,0.0,0.0,,,,,,,,,,,,,,,,,,,
Batista Mendy,e472a6f6,408,frFRA,"MF,DF",Angers,22.0,2000.0,35,35,2859.0,31.8,0.0,0.0,0.0,0.0,0.0,0.0,8,1,0.0,0.0,0.0,0.0,0.0,Matches,2022-2023,FRA,,34.0,,,,,,,,,,,17.0,,,,,,,,,,,,,,,,,,,,,,,15.0,2.0,13.3,0.47,0.06,0.0,0.0,,,,,,,,,,,,,,,,,,
Gideon Mensah,9bdd8118,409,ghGHA,"DF,MF",Auxerre,24.0,1998.0,26,26,2262.0,25.1,0.0,0.0,0.0,0.0,0.0,0.0,5,0,0.0,0.0,0.0,0.0,0.0,Matches,2022-2023,FRA,,46.0,,,,,,,,,,,35.0,,,,,,,,,,,,,,,,,,,,,,,5.0,1.0,20.0,0.2,0.04,0.0,0.0,,,,,,,,,,,,,,,,,,
Quentin Merlin,0bfca6a1,410,frFRA,"DF,MF",Nantes,20.0,2002.0,24,22,1791.0,19.9,1.0,2.0,3.0,1.0,0.0,0.0,2,0,0.05,0.1,0.15,0.05,0.15,Matches,2022-2023,FRA,,18.0,,,,,,,,,,,25.0,,,,,,,,,,,,,,,,,,,,,,,15.0,4.0,26.7,0.75,0.2,0.07,0.25,,,,,,,,,,,,,,,,,,
Lionel Messi,d70ce98e,411,arARG,"FW,MF",Paris Saint-Germain,35.0,1987.0,32,32,2837.0,31.5,16.0,16.0,32.0,16.0,0.0,0.0,0,0,0.51,0.51,1.02,0.51,1.02,Matches,2022-2023,FRA,,18.0,,,,,,,,,,,2.0,,,,,,,,,,,,,,,,,,,,,,,129.0,57.0,44.2,4.09,1.81,0.12,0.28,,,,,,,,,,,,,,,,,,
Amine Messoussa,f29131b5,412,dzALG,FW,Lille,17.0,2004.0,1,0,1.0,0.0,0.0,0.0,0.0,0.0,0.0,0.0,0,0,0.0,0.0,0.0,0.0,0.0,Matches,2022-2023,FRA,,0.0,,,,,,,,,,,0.0,,,,,,,,,,,,,,,,,,,,,,,0.0,0.0,,0.0,0.0,,,,,,,,,,,,,,,,,,,,
Arkadiusz Milik,85613cf0,413,plPOL,FW,Marseille,28.0,1994.0,2,2,129.0,1.4,0.0,0.0,0.0,0.0,0.0,0.0,1,0,0.0,0.0,0.0,0.0,0.0,Matches,2022-2023,FRA,,1.0,,,,,,,,,,,0.0,,,,,,,,,,,,,,,,,,,,,,,1.0,0.0,0.0,0.7,0.0,0.0,,,,,,,,,,,,,,,,,,,
Takumi Minamino,f833a830,414,jpJPN,"MF,FW",Monaco,27.0,1995.0,18,10,724.0,8.0,1.0,3.0,4.0,1.0,0.0,0.0,2,0,0.12,0.37,0.5,0.12,0.5,Matches,2022-2023,FRA,,9.0,,,,,,,,,,,5.0,,,,,,,,,,,,,,,,,,,,,,,22.0,8.0,36.4,2.73,0.99,0.05,0.13,,,,,,,,,,,,,,,,,,
Terem Moffi,065dc209,415,ngNGA,FW,Nice,23.0,1999.0,16,15,1328.0,14.8,6.0,3.0,9.0,6.0,0.0,0.0,2,0,0.41,0.2,0.61,0.41,0.61,Matches,2022-2023,FRA,,7.0,,,,,,,,,,,1.0,,,,,,,,,,,,,,,,,,,,,,,44.0,19.0,43.2,2.98,1.29,0.14,0.32,,,,,,,,,,,,,,,,,,
Terem Moffi,065dc209,416,ngNGA,FW,Lorient,23.0,1999.0,18,17,1386.0,15.4,12.0,0.0,12.0,11.0,1.0,2.0,1,0,0.78,0.0,0.78,0.71,0.71,Matches,2022-2023,FRA,,6.0,,,,,,,,,,,3.0,,,,,,,,,,,,,,,,,,,,,,,35.0,20.0,57.1,2.27,1.3,0.31,0.55,,,,,,,,,,,,,,,,,,
Mostafa Mohamed,595e6f3e,417,egEGY,FW,Nantes,24.0,1997.0,36,18,1939.0,21.5,8.0,2.0,10.0,8.0,0.0,0.0,1,0,0.37,0.09,0.46,0.37,0.46,Matches,2022-2023,FRA,,13.0,,,,,,,,,,,10.0,,,,,,,,,,,,,,,,,,,,,,,56.0,23.0,41.1,2.6,1.07,0.14,0.35,,,,,,,,,,,,,,,,,,
Florent Mollet,7e82a78f,418,frFRA,MF,Nantes,30.0,1991.0,19,11,1089.0,12.1,1.0,2.0,3.0,1.0,0.0,0.0,3,0,0.08,0.17,0.25,0.08,0.25,Matches,2022-2023,FRA,,6.0,,,,,,,,,,,8.0,,,,,,,,,,,,,,,,,,,,,,,22.0,9.0,40.9,1.82,0.74,0.05,0.11,,,,,,,,,,,,,,,,,,
Marlos Moreno,8499c713,419,coCOL,"FW,MF",Troyes,25.0,1996.0,2,0,13.0,0.1,0.0,0.0,0.0,0.0,0.0,0.0,0,0,0.0,0.0,0.0,0.0,0.0,Matches,2022-2023,FRA,,2.0,,,,,,,,,,,0.0,,,,,,,,,,,,,,,,,,,,,,,0.0,0.0,,0.0,0.0,,,,,,,,,,,,,,,,,,,,
Lebo Mothiba,3eaf8817,420,zaRSA,FW,Strasbourg,26.0,1996.0,19,3,435.0,4.8,3.0,0.0,3.0,3.0,0.0,0.0,0,0,0.62,0.0,0.62,0.62,0.62,Matches,2022-2023,FRA,,0.0,,,,,,,,,,,0.0,,,,,,,,,,,,,,,,,,,,,,,9.0,5.0,55.6,1.86,1.03,0.33,0.6,,,,,,,,,,,,,,,,,,
Steve Mounié,19ba6c6d,421,bjBEN,FW,Brest,27.0,1994.0,23,20,1655.0,18.4,6.0,0.0,6.0,5.0,1.0,1.0,2,0,0.33,0.0,0.33,0.27,0.27,Matches,2022-2023,FRA,,5.0,,,,,,,,,,,4.0,,,,,,,,,,,,,,,,,,,,,,,59.0,20.0,33.9,3.21,1.09,0.08,0.25,,,,,,,,,,,,,,,,,,
Bevic Moussiti-Oko,71d10572,422,cgCGO,FW,Ajaccio,27.0,1995.0,17,7,698.0,7.8,1.0,0.0,1.0,1.0,0.0,0.0,1,0,0.13,0.0,0.13,0.13,0.13,Matches,2022-2023,FRA,,1.0,,,,,,,,,,,2.0,,,,,,,,,,,,,,,,,,,,,,,20.0,7.0,35.0,2.58,0.9,0.05,0.14,,,,,,,,,,,,,,,,,,
Samuel Moutoussamy,af0c835b,423,cdCOD,MF,Nantes,25.0,1996.0,35,27,2399.0,26.7,0.0,2.0,2.0,0.0,0.0,0.0,8,0,0.0,0.08,0.08,0.0,0.08,Matches,2022-2023,FRA,,35.0,,,,,,,,,,,21.0,,,,,,,,,,,,,,,,,,,,,,,22.0,5.0,22.7,0.83,0.19,0.0,0.0,,,,,,,,,,,,,,,,,,
François Mughe,7af655fe,424,cmCMR,FW,Marseille,18.0,2004.0,1,0,11.0,0.1,0.0,0.0,0.0,0.0,0.0,0.0,0,0,0.0,0.0,0.0,0.0,0.0,Matches,2022-2023,FRA,,0.0,,,,,,,,,,,0.0,,,,,,,,,,,,,,,,,,,,,,,0.0,0.0,,0.0,0.0,,,,,,,,,,,,,,,,,,,,
Nordi Mukiele,ac73ec79,425,frFRA,"MF,DF",Paris Saint-Germain,24.0,1997.0,19,12,1137.0,12.6,0.0,3.0,3.0,0.0,0.0,0.0,0,0,0.0,0.24,0.24,0.0,0.24,Matches,2022-2023,FRA,,23.0,,,,,,,,,,,12.0,,,,,,,,,,,,,,,,,,,,,,,11.0,2.0,18.2,0.87,0.16,0.0,0.0,,,,,,,,,,,,,,,,,,
Marshall Munetsi,2acf0cd7,426,zwZIM,MF,Reims,26.0,1996.0,34,31,2700.0,30.0,7.0,3.0,10.0,7.0,0.0,0.0,6,0,0.23,0.1,0.33,0.23,0.33,Matches,2022-2023,FRA,,27.0,,,,,,,,,,,24.0,,,,,,,,,,,,,,,,,,,,,,,66.0,24.0,36.4,2.2,0.8,0.11,0.29,,,,,,,,,,,,,,,,,,
Yvon Mvogo,dc29b608,427,chSUI,GK,Lorient,28.0,1994.0,21,21,1812.0,20.1,0.0,0.0,0.0,0.0,0.0,0.0,0,0,0.0,0.0,0.0,0.0,0.0,Matches,2022-2023,FRA,,0.0,,,,,,,,,,,2.0,,,,,,,,,,,,,,,,,,,,,,,0.0,0.0,,0.0,0.0,,,21.0,21.0,1812.0,29.0,1.44,98.0,70.0,71.4,11.0,4.0,6.0,3.0,14.3,1.0,1.0,0.0,0.0,0.0
Nathan N'Goumou,e110ea4b,428,cmCMR,MF,Toulouse,22.0,2000.0,1,1,90.0,1.0,0.0,0.0,0.0,0.0,0.0,0.0,0,0,0.0,0.0,0.0,0.0,0.0,Matches,2022-2023,FRA,,2.0,,,,,,,,,,,2.0,,,,,,,,,,,,,,,,,,,,,,,0.0,0.0,,0.0,0.0,,,,,,,,,,,,,,,,,,,,
Youssouf Ndayishimiye,65c55288,429,biBDI,"DF,MF",Nice,23.0,1998.0,10,6,568.0,6.3,1.0,0.0,1.0,1.0,0.0,0.0,2,0,0.16,0.0,0.16,0.16,0.16,Matches,2022-2023,FRA,,10.0,,,,,,,,,,,10.0,,,,,,,,,,,,,,,,,,,,,,,8.0,4.0,50.0,1.27,0.63,0.13,0.25,,,,,,,,,,,,,,,,,,
Papa Ndiaga Yade,87e9c7cd,430,mrMTN,"MF,DF",Troyes,22.0,2000.0,14,6,568.0,6.3,0.0,2.0,2.0,0.0,0.0,0.0,1,1,0.0,0.32,0.32,0.0,0.32,Matches,2022-2023,FRA,,5.0,,,,,,,,,,,7.0,,,,,,,,,,,,,,,,,,,,,,,10.0,3.0,30.0,1.58,0.48,0.0,0.0,,,,,,,,,,,,,,,,,,
Neymar,69384e5d,431,brBRA,"MF,FW",Paris Saint-Germain,30.0,1992.0,20,18,1545.0,17.2,13.0,11.0,24.0,11.0,2.0,2.0,6,1,0.76,0.64,1.4,0.64,1.28,Matches,2022-2023,FRA,,14.0,,,,,,,,,,,3.0,,,,,,,,,,,,,,,,,,,,,,,38.0,20.0,52.6,2.21,1.17,0.29,0.55,,,,,,,,,,,,,,,,,,
Ibrahima Niane,46faabfa,432,snSEN,FW,Angers,23.0,1999.0,16,15,1136.0,12.6,2.0,0.0,2.0,2.0,0.0,0.0,4,0,0.16,0.0,0.16,0.16,0.16,Matches,2022-2023,FRA,,2.0,,,,,,,,,,,1.0,,,,,,,,,,,,,,,,,,,,,,,26.0,11.0,42.3,2.06,0.87,0.08,0.18,,,,,,,,,,,,,,,,,,
M'Baye Niang,2054d037,433,snSEN,FW,Auxerre,27.0,1994.0,30,17,1482.0,16.5,6.0,0.0,6.0,3.0,3.0,3.0,2,2,0.36,0.0,0.36,0.18,0.18,Matches,2022-2023,FRA,,9.0,,,,,,,,,,,1.0,,,,,,,,,,,,,,,,,,,,,,,37.0,16.0,43.2,2.25,0.97,0.08,0.19,,,,,,,,,,,,,,,,,,
Rasmus Nicolaisen,3f319bb9,434,dkDEN,DF,Toulouse,25.0,1997.0,34,34,2995.0,33.3,0.0,2.0,2.0,0.0,0.0,0.0,7,1,0.0,0.06,0.06,0.0,0.06,Matches,2022-2023,FRA,,25.0,,,,,,,,,,,46.0,,,,,,,,,,,,,,,,,,,,,,,13.0,7.0,53.8,0.39,0.21,0.0,0.0,,,,,,,,,,,,,,,,,,
Arnaud Nordin,7b9a9e25,435,frFRA,"MF,FW",Montpellier,24.0,1998.0,36,30,2401.0,26.7,9.0,3.0,12.0,9.0,0.0,0.0,4,0,0.34,0.11,0.45,0.34,0.45,Matches,2022-2023,FRA,,15.0,,,,,,,,,,,13.0,,,,,,,,,,,,,,,,,,,,,,,59.0,24.0,40.7,2.21,0.9,0.15,0.38,,,,,,,,,,,,,,,,,,
Riad Nouri,374fbf7d,436,frFRA,MF,Ajaccio,37.0,1985.0,33,16,1693.0,18.8,1.0,1.0,2.0,1.0,0.0,1.0,3,0,0.05,0.05,0.11,0.05,0.11,Matches,2022-2023,FRA,,12.0,,,,,,,,,,,13.0,,,,,,,,,,,,,,,,,,,,,,,17.0,5.0,29.4,0.9,0.27,0.06,0.2,,,,,,,,,,,,,,,,,,
Alexander Nübel,afb0c500,437,deGER,GK,Monaco,25.0,1996.0,38,38,3420.0,38.0,0.0,0.0,0.0,0.0,0.0,0.0,2,0,0.0,0.0,0.0,0.0,0.0,Matches,2022-2023,FRA,,0.0,,,,,,,,,,,1.0,,,,,,,,,,,,,,,,,,,,,,,0.0,0.0,,0.0,0.0,,,38.0,38.0,3420.0,58.0,1.53,193.0,140.0,72.5,19.0,8.0,11.0,9.0,23.7,5.0,5.0,0.0,0.0,0.0
Gerzino Nyamsi,6043997c,438,cmCMR,DF,Strasbourg,25.0,1997.0,20,19,1578.0,17.5,1.0,1.0,2.0,1.0,0.0,0.0,4,1,0.06,0.06,0.11,0.06,0.11,Matches,2022-2023,FRA,,20.0,,,,,,,,,,,10.0,,,,,,,,,,,,,,,,,,,,,,,14.0,7.0,50.0,0.8,0.4,0.07,0.14,,,,,,,,,,,,,,,,,,
Wilson Odobert,35516eac,439,frFRA,MF,Troyes,17.0,2004.0,32,19,1764.0,19.6,4.0,2.0,6.0,4.0,0.0,0.0,0,0,0.2,0.1,0.31,0.2,0.31,Matches,2022-2023,FRA,,12.0,,,,,,,,,,,14.0,,,,,,,,,,,,,,,,,,,,,,,27.0,15.0,55.6,1.38,0.77,0.15,0.27,,,,,,,,,,,,,,,,,,
Florent Ogier,6993927b,440,frFRA,DF,Clermont Foot,33.0,1989.0,26,18,1701.0,18.9,0.0,1.0,1.0,0.0,0.0,0.0,4,0,0.0,0.05,0.05,0.0,0.05,Matches,2022-2023,FRA,,16.0,,,,,,,,,,,17.0,,,,,,,,,,,,,,,,,,,,,,,2.0,0.0,0.0,0.11,0.0,0.0,,,,,,,,,,,,,,,,,,,
Warmed Omari,4534a352,441,kmCOM,DF,Rennes,22.0,2000.0,16,15,1363.0,15.1,0.0,0.0,0.0,0.0,0.0,0.0,2,1,0.0,0.0,0.0,0.0,0.0,Matches,2022-2023,FRA,,12.0,,,,,,,,,,,17.0,,,,,,,,,,,,,,,,,,,,,,,3.0,1.0,33.3,0.2,0.07,0.0,0.0,,,,,,,,,,,,,,,,,,
Jonas Omlin,c631f952,442,chSUI,GK,Montpellier,28.0,1994.0,14,14,1166.0,13.0,0.0,0.0,0.0,0.0,0.0,0.0,1,1,0.0,0.0,0.0,0.0,0.0,Matches,2022-2023,FRA,,1.0,,,,,,,,,,,0.0,,,,,,,,,,,,,,,,,,,,,,,0.0,0.0,,0.0,0.0,,,14.0,14.0,1166.0,26.0,2.01,71.0,49.0,67.6,5.0,1.0,8.0,3.0,21.4,4.0,3.0,1.0,0.0,25.0
Ado Onaiwu,ff4df82e,443,jpJPN,"FW,MF",Toulouse,26.0,1995.0,34,9,1082.0,12.0,2.0,1.0,3.0,2.0,0.0,0.0,0,0,0.17,0.08,0.25,0.17,0.25,Matches,2022-2023,FRA,,6.0,,,,,,,,,,,2.0,,,,,,,,,,,,,,,,,,,,,,,19.0,4.0,21.1,1.58,0.33,0.11,0.5,,,,,,,,,,,,,,,,,,
Jean Onana,b5bb8188,444,cmCMR,"MF,DF",Lens,22.0,2000.0,21,9,810.0,9.0,0.0,0.0,0.0,0.0,0.0,0.0,3,0,0.0,0.0,0.0,0.0,0.0,Matches,2022-2023,FRA,,16.0,,,,,,,,,,,17.0,,,,,,,,,,,,,,,,,,,,,,,8.0,3.0,37.5,0.89,0.33,0.0,0.0,,,,,,,,,,,,,,,,,,
Loïs Openda,8652a85c,445,beBEL,FW,Lens,22.0,2000.0,38,29,2517.0,28.0,21.0,4.0,25.0,20.0,1.0,1.0,2,0,0.75,0.14,0.89,0.72,0.86,Matches,2022-2023,FRA,,9.0,,,,,,,,,,,2.0,,,,,,,,,,,,,,,,,,,,,,,104.0,51.0,49.0,3.72,1.82,0.19,0.39,,,,,,,,,,,,,,,,,,
Dango Ouattara,2f9e4435,446,bfBFA,"MF,FW",Lorient,20.0,2002.0,18,18,1548.0,17.2,6.0,5.0,11.0,6.0,0.0,0.0,3,1,0.35,0.29,0.64,0.35,0.64,Matches,2022-2023,FRA,,29.0,,,,,,,,,,,17.0,,,,,,,,,,,,,,,,,,,,,,,51.0,16.0,31.4,2.97,0.93,0.12,0.38,,,,,,,,,,,,,,,,,,
Zinédine Ould Khaled,6b4436ba,447,frFRA,MF,Angers,22.0,2000.0,4,0,51.0,0.6,0.0,0.0,0.0,0.0,0.0,0.0,0,0,0.0,0.0,0.0,0.0,0.0,Matches,2022-2023,FRA,,1.0,,,,,,,,,,,1.0,,,,,,,,,,,,,,,,,,,,,,,1.0,1.0,100.0,1.76,1.76,0.0,0.0,,,,,,,,,,,,,,,,,,
Azzedine Ounahi,83299cc0,448,maMAR,MF,Marseille,22.0,2000.0,7,1,121.0,1.3,1.0,0.0,1.0,1.0,0.0,0.0,0,0,0.74,0.0,0.74,0.74,0.74,Matches,2022-2023,FRA,,1.0,,,,,,,,,,,0.0,,,,,,,,,,,,,,,,,,,,,,,3.0,2.0,66.7,2.23,1.49,0.33,0.5,,,,,,,,,,,,,,,,,,
Azzedine Ounahi,83299cc0,449,maMAR,MF,Angers,22.0,2000.0,15,13,1129.0,12.5,0.0,0.0,0.0,0.0,0.0,0.0,1,0,0.0,0.0,0.0,0.0,0.0,Matches,2022-2023,FRA,,8.0,,,,,,,,,,,15.0,,,,,,,,,,,,,,,,,,,,,,,23.0,6.0,26.1,1.83,0.48,0.0,0.0,,,,,,,,,,,,,,,,,,
Adam Ounas,ed90babd,450,dzALG,MF,Lille,25.0,1996.0,21,12,1064.0,11.8,1.0,1.0,2.0,1.0,0.0,0.0,2,0,0.08,0.08,0.17,0.08,0.17,Matches,2022-2023,FRA,,9.0,,,,,,,,,,,7.0,,,,,,,,,,,,,,,,,,,,,,,26.0,8.0,30.8,2.2,0.68,0.04,0.13,,,,,,,,,,,,,,,,,,
Ante Palaversa,cd9b37a3,451,hrCRO,MF,Troyes,22.0,2000.0,2,0,31.0,0.3,1.0,0.0,1.0,1.0,0.0,0.0,0,0,2.9,0.0,2.9,2.9,2.9,Matches,2022-2023,FRA,,1.0,,,,,,,,,,,1.0,,,,,,,,,,,,,,,,,,,,,,,1.0,1.0,100.0,2.9,2.9,1.0,1.0,,,,,,,,,,,,,,,,,,
Nicolas Pallois,779847d6,452,frFRA,DF,Nantes,34.0,1987.0,26,26,2213.0,24.6,1.0,0.0,1.0,1.0,0.0,0.0,4,1,0.04,0.0,0.04,0.04,0.04,Matches,2022-2023,FRA,,45.0,,,,,,,,,,,30.0,,,,,,,,,,,,,,,,,,,,,,,9.0,3.0,33.3,0.37,0.12,0.11,0.33,,,,,,,,,,,,,,,,,,
Erik Palmer-Brown,e5c1e0ca,453,usUSA,DF,Troyes,25.0,1997.0,38,36,3191.0,35.5,0.0,0.0,0.0,0.0,0.0,0.0,5,0,0.0,0.0,0.0,0.0,0.0,Matches,2022-2023,FRA,,26.0,,,,,,,,,,,25.0,,,,,,,,,,,,,,,,,,,,,,,12.0,2.0,16.7,0.34,0.06,0.0,0.0,,,,,,,,,,,,,,,,,,
Lucas Paquetá,9b6f7fd5,454,brBRA,MF,Lyon,24.0,1997.0,2,2,159.0,1.8,0.0,0.0,0.0,0.0,0.0,0.0,0,0,0.0,0.0,0.0,0.0,0.0,Matches,2022-2023,FRA,,4.0,,,,,,,,,,,0.0,,,,,,,,,,,,,,,,,,,,,,,5.0,1.0,20.0,2.83,0.57,0.0,0.0,,,,,,,,,,,,,,,,,,
Leandro Paredes,dff153a4,455,arARG,MF,Paris Saint-Germain,28.0,1994.0,3,0,52.0,0.6,0.0,1.0,1.0,0.0,0.0,0.0,0,0,0.0,1.73,1.73,0.0,1.73,Matches,2022-2023,FRA,,1.0,,,,,,,,,,,1.0,,,,,,,,,,,,,,,,,,,,,,,0.0,0.0,,0.0,0.0,,,,,,,,,,,,,,,,,,,,
Dimitri Payet,58ae47b2,456,frFRA,MF,Marseille,35.0,1987.0,24,9,835.0,9.3,4.0,3.0,7.0,3.0,1.0,1.0,0,0,0.43,0.32,0.75,0.32,0.65,Matches,2022-2023,FRA,,5.0,,,,,,,,,,,0.0,,,,,,,,,,,,,,,,,,,,,,,28.0,8.0,28.6,3.02,0.86,0.11,0.38,,,,,,,,,,,,,,,,,,
Théo Pellenard,97fb4608,457,frFRA,DF,Auxerre,28.0,1994.0,2,1,99.0,1.1,0.0,0.0,0.0,0.0,0.0,0.0,0,0,0.0,0.0,0.0,0.0,0.0,Matches,2022-2023,FRA,,0.0,,,,,,,,,,,2.0,,,,,,,,,,,,,,,,,,,,,,,1.0,0.0,0.0,0.91,0.0,0.0,,,,,,,,,,,,,,,,,,,
Timothee Pembele,f8ce97ca,458,frFRA,"MF,DF",Paris Saint-Germain,19.0,2002.0,5,4,263.0,2.9,0.0,1.0,1.0,0.0,0.0,0.0,0,0,0.0,0.34,0.34,0.0,0.34,Matches,2022-2023,FRA,,5.0,,,,,,,,,,,4.0,,,,,,,,,,,,,,,,,,,,,,,3.0,1.0,33.3,1.03,0.34,0.0,0.0,,,,,,,,,,,,,,,,,,
Patrick Pentz,0810b6df,459,atAUT,GK,Reims,25.0,1997.0,7,7,630.0,7.0,0.0,0.0,0.0,0.0,0.0,0.0,1,0,0.0,0.0,0.0,0.0,0.0,Matches,2022-2023,FRA,,0.0,,,,,,,,,,,0.0,,,,,,,,,,,,,,,,,,,,,,,0.0,0.0,,0.0,0.0,,,7.0,7.0,630.0,14.0,2.0,28.0,16.0,57.1,1.0,3.0,3.0,0.0,0.0,2.0,2.0,0.0,0.0,0.0
Nicolas Pépé,57e3f0c7,460,ciCIV,"FW,MF",Nice,27.0,1995.0,18,17,1495.0,16.6,6.0,0.0,6.0,3.0,3.0,3.0,2,0,0.36,0.0,0.36,0.18,0.18,Matches,2022-2023,FRA,,13.0,,,,,,,,,,,2.0,,,,,,,,,,,,,,,,,,,,,,,49.0,20.0,40.8,2.95,1.2,0.06,0.15,,,,,,,,,,,,,,,,,,
Brayann Pereira,5c42e7ce,461,frFRA,DF,Auxerre,19.0,2003.0,2,2,180.0,2.0,0.0,0.0,0.0,0.0,0.0,0.0,0,0,0.0,0.0,0.0,0.0,0.0,Matches,2022-2023,FRA,,5.0,,,,,,,,,,,2.0,,,,,,,,,,,,,,,,,,,,,,,0.0,0.0,,0.0,0.0,,,,,,,,,,,,,,,,,,,,
Danilo Pereira,8fd9996f,462,ptPOR,"DF,MF",Paris Saint-Germain,30.0,1991.0,33,27,2410.0,26.8,2.0,0.0,2.0,2.0,0.0,0.0,3,0,0.07,0.0,0.07,0.07,0.07,Matches,2022-2023,FRA,,17.0,,,,,,,,,,,35.0,,,,,,,,,,,,,,,,,,,,,,,22.0,5.0,22.7,0.82,0.19,0.09,0.4,,,,,,,,,,,,,,,,,,
Mathias Pereira Lage,8846a40f,463,ptPOR,"MF,FW",Brest,25.0,1996.0,24,16,1264.0,14.0,2.0,1.0,3.0,2.0,0.0,0.0,2,0,0.14,0.07,0.21,0.14,0.21,Matches,2022-2023,FRA,,8.0,,,,,,,,,,,15.0,,,,,,,,,,,,,,,,,,,,,,,21.0,9.0,42.9,1.5,0.64,0.1,0.22,,,,,,,,,,,,,,,,,,
Gaëtan Perrin,10dd88f9,464,frFRA,"MF,FW",Auxerre,26.0,1996.0,37,15,1391.0,15.5,3.0,1.0,4.0,2.0,1.0,1.0,1,0,0.19,0.06,0.26,0.13,0.19,Matches,2022-2023,FRA,,9.0,,,,,,,,,,,9.0,,,,,,,,,,,,,,,,,,,,,,,28.0,10.0,35.7,1.81,0.65,0.07,0.2,,,,,,,,,,,,,,,,,,
Lucas Perrin,49070d66,465,frFRA,DF,Strasbourg,23.0,1998.0,26,18,1765.0,19.6,0.0,1.0,1.0,0.0,0.0,0.0,4,0,0.0,0.05,0.05,0.0,0.05,Matches,2022-2023,FRA,,25.0,,,,,,,,,,,35.0,,,,,,,,,,,,,,,,,,,,,,,8.0,4.0,50.0,0.41,0.2,0.0,0.0,,,,,,,,,,,,,,,,,,
Ronaël Pierre-Gabriel,64ba07c0,466,frFRA,"MF,DF",Strasbourg,24.0,1998.0,14,7,653.0,7.3,0.0,1.0,1.0,0.0,0.0,0.0,3,0,0.0,0.14,0.14,0.0,0.14,Matches,2022-2023,FRA,,18.0,,,,,,,,,,,7.0,,,,,,,,,,,,,,,,,,,,,,,2.0,2.0,100.0,0.28,0.28,0.0,0.0,,,,,,,,,,,,,,,,,,
Julien Ponceau,e546b2e3,467,frFRA,MF,Lorient,21.0,2000.0,31,20,1655.0,18.4,1.0,4.0,5.0,1.0,0.0,0.0,1,0,0.05,0.22,0.27,0.05,0.27,Matches,2022-2023,FRA,,18.0,,,,,,,,,,,14.0,,,,,,,,,,,,,,,,,,,,,,,14.0,4.0,28.6,0.76,0.22,0.07,0.25,,,,,,,,,,,,,,,,,,
Łukasz Poręba,be98f358,468,plPOL,MF,Lens,22.0,2000.0,10,3,260.0,2.9,0.0,1.0,1.0,0.0,0.0,0.0,1,0,0.0,0.35,0.35,0.0,0.35,Matches,2022-2023,FRA,,4.0,,,,,,,,,,,4.0,,,,,,,,,,,,,,,,,,,,,,,3.0,0.0,0.0,1.04,0.0,0.0,,,,,,,,,,,,,,,,,,,
Jackson Porozo,7d704e92,469,ecECU,DF,Troyes,21.0,2000.0,22,17,1617.0,18.0,2.0,0.0,2.0,2.0,0.0,0.0,3,0,0.11,0.0,0.11,0.11,0.11,Matches,2022-2023,FRA,,20.0,,,,,,,,,,,29.0,,,,,,,,,,,,,,,,,,,,,,,22.0,9.0,40.9,1.22,0.5,0.09,0.22,,,,,,,,,,,,,,,,,,
Sanjin Prcić,51c30111,470,baBIH,MF,Strasbourg,28.0,1993.0,29,17,1633.0,18.1,1.0,1.0,2.0,1.0,0.0,0.0,3,1,0.06,0.06,0.11,0.06,0.11,Matches,2022-2023,FRA,,13.0,,,,,,,,,,,24.0,,,,,,,,,,,,,,,,,,,,,,,28.0,7.0,25.0,1.54,0.39,0.04,0.14,,,,,,,,,,,,,,,,,,
Mehdi Puch-Herrantz,7be7c08b,471,frFRA,MF,Ajaccio,18.0,2004.0,4,0,47.0,0.5,0.0,0.0,0.0,0.0,0.0,0.0,0,0,0.0,0.0,0.0,0.0,0.0,Matches,2022-2023,FRA,,2.0,,,,,,,,,,,3.0,,,,,,,,,,,,,,,,,,,,,,,0.0,0.0,,0.0,0.0,,,,,,,,,,,,,,,,,,,,
Ghjuvanni Quilichini,1b729a98,472,frFRA,GK,Ajaccio,19.0,2002.0,1,0,82.0,0.9,0.0,0.0,0.0,0.0,0.0,0.0,0,0,0.0,0.0,0.0,0.0,0.0,Matches,2022-2023,FRA,,0.0,,,,,,,,,,,0.0,,,,,,,,,,,,,,,,,,,,,,,0.0,0.0,,0.0,0.0,,,1.0,0.0,82.0,0.0,0.0,4.0,4.0,100.0,0.0,0.0,0.0,1.0,,0.0,0.0,0.0,0.0,
Ionuț Radu,67f649be,473,roROU,GK,Auxerre,25.0,1997.0,17,17,1530.0,17.0,0.0,0.0,0.0,0.0,0.0,0.0,0,0,0.0,0.0,0.0,0.0,0.0,Matches,2022-2023,FRA,,0.0,,,,,,,,,,,0.0,,,,,,,,,,,,,,,,,,,,,,,0.0,0.0,,0.0,0.0,,,17.0,17.0,1530.0,20.0,1.18,72.0,54.0,72.2,4.0,6.0,7.0,5.0,29.4,2.0,0.0,2.0,0.0,100.0
Simon Ramet,ed8cecc9,474,frFRA,MF,Lille,19.0,2003.0,1,0,1.0,0.0,0.0,0.0,0.0,0.0,0.0,0.0,0,0,0.0,0.0,0.0,0.0,0.0,Matches,2022-2023,FRA,,0.0,,,,,,,,,,,0.0,,,,,,,,,,,,,,,,,,,,,,,0.0,0.0,,0.0,0.0,,,,,,,,,,,,,,,,,,,,
Adil Rami,8dbff17c,475,frFRA,DF,Troyes,36.0,1985.0,20,18,1596.0,17.7,0.0,1.0,1.0,0.0,0.0,0.0,2,0,0.0,0.06,0.06,0.0,0.06,Matches,2022-2023,FRA,,14.0,,,,,,,,,,,22.0,,,,,,,,,,,,,,,,,,,,,,,9.0,3.0,33.3,0.51,0.17,0.0,0.0,,,,,,,,,,,,,,,,,,
Sergio Ramos,08511d65,476,esESP,DF,Paris Saint-Germain,36.0,1986.0,33,31,2704.0,30.0,2.0,1.0,3.0,2.0,0.0,0.0,3,1,0.07,0.03,0.1,0.07,0.1,Matches,2022-2023,FRA,,25.0,,,,,,,,,,,29.0,,,,,,,,,,,,,,,,,,,,,,,19.0,8.0,42.1,0.63,0.27,0.11,0.25,,,,,,,,,,,,,,,,,,
Aaron Ramsey,ef619b0b,477,wlsWAL,MF,Nice,31.0,1990.0,27,18,1584.0,17.6,1.0,1.0,2.0,1.0,0.0,0.0,3,0,0.06,0.06,0.11,0.06,0.11,Matches,2022-2023,FRA,,29.0,,,,,,,,,,,18.0,,,,,,,,,,,,,,,,,,,,,,,22.0,6.0,27.3,1.25,0.34,0.05,0.17,,,,,,,,,,,,,,,,,,
Lilian Raolisoa,79a793b7,478,frFRA,"DF,MF",Angers,22.0,2000.0,7,0,173.0,1.9,1.0,0.0,1.0,1.0,0.0,0.0,0,0,0.52,0.0,0.52,0.52,0.52,Matches,2022-2023,FRA,,9.0,,,,,,,,,,,3.0,,,,,,,,,,,,,,,,,,,,,,,3.0,2.0,66.7,1.56,1.04,0.33,0.5,,,,,,,,,,,,,,,,,,
Elba Rashani,25749008,479,xkKVX,MF,Clermont Foot,29.0,1993.0,32,26,2162.0,24.0,3.0,3.0,6.0,3.0,0.0,0.0,3,0,0.12,0.12,0.25,0.12,0.25,Matches,2022-2023,FRA,,27.0,,,,,,,,,,,18.0,,,,,,,,,,,,,,,,,,,,,,,35.0,13.0,37.1,1.46,0.54,0.09,0.23,,,,,,,,,,,,,,,,,,
Rafael Ratão,40ef7347,480,brBRA,"FW,MF",Toulouse,26.0,1995.0,30,25,1851.0,20.6,5.0,4.0,9.0,5.0,0.0,0.0,2,0,0.24,0.19,0.44,0.24,0.44,Matches,2022-2023,FRA,,35.0,,,,,,,,,,,18.0,,,,,,,,,,,,,,,,,,,,,,,31.0,12.0,38.7,1.51,0.58,0.16,0.42,,,,,,,,,,,,,,,,,,
Rayan Raveloson,fb3236a7,481,mgMAD,"DF,MF",Auxerre,25.0,1997.0,34,27,2431.0,27.0,2.0,1.0,3.0,2.0,0.0,0.0,0,0,0.07,0.04,0.11,0.07,0.11,Matches,2022-2023,FRA,,26.0,,,,,,,,,,,35.0,,,,,,,,,,,,,,,,,,,,,,,29.0,5.0,17.2,1.07,0.19,0.07,0.4,,,,,,,,,,,,,,,,,,
Jeff Reine-Adélaïde,d504b3e1,482,frFRA,MF,Troyes,24.0,1998.0,6,3,233.0,2.6,0.0,1.0,1.0,0.0,0.0,0.0,0,0,0.0,0.39,0.39,0.0,0.39,Matches,2022-2023,FRA,,2.0,,,,,,,,,,,1.0,,,,,,,,,,,,,,,,,,,,,,,4.0,0.0,0.0,1.55,0.0,0.0,,,,,,,,,,,,,,,,,,,
Jeff Reine-Adélaïde,d504b3e1,483,frFRA,MF,Lyon,24.0,1998.0,14,1,336.0,3.7,0.0,0.0,0.0,0.0,0.0,0.0,1,0,0.0,0.0,0.0,0.0,0.0,Matches,2022-2023,FRA,,5.0,,,,,,,,,,,6.0,,,,,,,,,,,,,,,,,,,,,,,10.0,7.0,70.0,2.68,1.87,0.0,0.0,,,,,,,,,,,,,,,,,,
Alexsandro Ribeiro,102c9665,484,brBRA,DF,Lille,22.0,1999.0,21,16,1612.0,17.9,3.0,0.0,3.0,3.0,0.0,0.0,4,0,0.17,0.0,0.17,0.17,0.17,Matches,2022-2023,FRA,,18.0,,,,,,,,,,,25.0,,,,,,,,,,,,,,,,,,,,,,,17.0,7.0,41.2,0.95,0.39,0.18,0.43,,,,,,,,,,,,,,,,,,
Rémy Riou,7f41ee30,485,frFRA,GK,Lyon,34.0,1987.0,7,6,601.0,6.7,0.0,0.0,0.0,0.0,0.0,0.0,0,0,0.0,0.0,0.0,0.0,0.0,Matches,2022-2023,FRA,,1.0,,,,,,,,,,,0.0,,,,,,,,,,,,,,,,,,,,,,,0.0,0.0,,0.0,0.0,,,7.0,6.0,601.0,8.0,1.2,21.0,17.0,81.0,2.0,4.0,0.0,1.0,16.7,4.0,4.0,0.0,0.0,0.0
Renaud Ripart,beae3a73,486,frFRA,"FW,MF",Troyes,29.0,1993.0,26,15,1320.0,14.7,4.0,1.0,5.0,4.0,0.0,0.0,4,0,0.27,0.07,0.34,0.27,0.34,Matches,2022-2023,FRA,,25.0,,,,,,,,,,,8.0,,,,,,,,,,,,,,,,,,,,,,,39.0,14.0,35.9,2.66,0.95,0.1,0.29,,,,,,,,,,,,,,,,,,
Joe Rodon,8d62d31a,487,wlsWAL,DF,Rennes,24.0,1997.0,16,16,1417.0,15.7,1.0,0.0,1.0,1.0,0.0,0.0,2,1,0.06,0.0,0.06,0.06,0.06,Matches,2022-2023,FRA,,8.0,,,,,,,,,,,9.0,,,,,,,,,,,,,,,,,,,,,,,7.0,2.0,28.6,0.44,0.13,0.14,0.5,,,,,,,,,,,,,,,,,,
Valentin Rongier,ed45c4a5,488,frFRA,MF,Marseille,27.0,1994.0,36,34,3032.0,33.7,1.0,2.0,3.0,1.0,0.0,0.0,8,0,0.03,0.06,0.09,0.03,0.09,Matches,2022-2023,FRA,,60.0,,,,,,,,,,,55.0,,,,,,,,,,,,,,,,,,,,,,,22.0,4.0,18.2,0.65,0.12,0.05,0.25,,,,,,,,,,,,,,,,,,
Pablo Rosario,1a6b7ea4,489,doDOM,"MF,DF",Nice,25.0,1997.0,31,17,1767.0,19.6,0.0,1.0,1.0,0.0,0.0,0.0,6,0,0.0,0.05,0.05,0.0,0.05,Matches,2022-2023,FRA,,27.0,,,,,,,,,,,19.0,,,,,,,,,,,,,,,,,,,,,,,10.0,2.0,20.0,0.51,0.1,0.0,0.0,,,,,,,,,,,,,,,,,,
Anthony Rouault,9b545925,490,frFRA,DF,Toulouse,21.0,2001.0,37,37,3314.0,36.8,2.0,1.0,3.0,2.0,0.0,0.0,4,1,0.05,0.03,0.08,0.05,0.08,Matches,2022-2023,FRA,,35.0,,,,,,,,,,,51.0,,,,,,,,,,,,,,,,,,,,,,,20.0,10.0,50.0,0.54,0.27,0.1,0.2,,,,,,,,,,,,,,,,,,
Kays Ruiz,90a9cc01,491,frFRA,MF,Auxerre,19.0,2002.0,1,1,62.0,0.7,0.0,0.0,0.0,0.0,0.0,0.0,1,0,0.0,0.0,0.0,0.0,0.0,Matches,2022-2023,FRA,,1.0,,,,,,,,,,,3.0,,,,,,,,,,,,,,,,,,,,,,,0.0,0.0,,0.0,0.0,,,,,,,,,,,,,,,,,,,,
Fabián Ruiz Peña,c0c7ff58,492,esESP,MF,Paris Saint-Germain,26.0,1996.0,27,21,1892.0,21.0,3.0,2.0,5.0,3.0,0.0,0.0,0,0,0.14,0.1,0.24,0.14,0.24,Matches,2022-2023,FRA,,31.0,,,,,,,,,,,18.0,,,,,,,,,,,,,,,,,,,,,,,26.0,9.0,34.6,1.24,0.43,0.12,0.33,,,,,,,,,,,,,,,,,,
Halid Šabanović,8299e363,493,baBIH,"DF,MF",Angers,22.0,1999.0,15,8,638.0,7.1,2.0,0.0,2.0,2.0,0.0,0.0,1,1,0.28,0.0,0.28,0.28,0.28,Matches,2022-2023,FRA,,7.0,,,,,,,,,,,8.0,,,,,,,,,,,,,,,,,,,,,,,5.0,3.0,60.0,0.71,0.42,0.4,0.67,,,,,,,,,,,,,,,,,,
Falaye Sacko,6388e356,494,mlMLI,DF,Montpellier,27.0,1995.0,35,29,2580.0,28.7,1.0,3.0,4.0,1.0,0.0,0.0,3,0,0.03,0.1,0.14,0.03,0.14,Matches,2022-2023,FRA,,23.0,,,,,,,,,,,32.0,,,,,,,,,,,,,,,,,,,,,,,6.0,2.0,33.3,0.21,0.07,0.17,0.5,,,,,,,,,,,,,,,,,,
Wesley Saïd,90fcf472,495,frFRA,FW,Lens,27.0,1995.0,21,6,644.0,7.2,5.0,0.0,5.0,5.0,0.0,0.0,2,0,0.7,0.0,0.7,0.7,0.7,Matches,2022-2023,FRA,,1.0,,,,,,,,,,,1.0,,,,,,,,,,,,,,,,,,,,,,,27.0,10.0,37.0,3.77,1.4,0.19,0.5,,,,,,,,,,,,,,,,,,
Théo Sainte-Luce,93c942fb,496,frFRA,DF,Montpellier,23.0,1998.0,9,7,534.0,5.9,1.0,1.0,2.0,1.0,0.0,0.0,0,0,0.17,0.17,0.34,0.17,0.34,Matches,2022-2023,FRA,,9.0,,,,,,,,,,,10.0,,,,,,,,,,,,,,,,,,,,,,,3.0,2.0,66.7,0.51,0.34,0.33,0.5,,,,,,,,,,,,,,,,,,
Hamza Sakhi,c9151d66,497,frFRA,MF,Auxerre,26.0,1996.0,27,18,1658.0,18.4,1.0,2.0,3.0,1.0,0.0,0.0,1,0,0.05,0.11,0.16,0.05,0.16,Matches,2022-2023,FRA,,21.0,,,,,,,,,,,24.0,,,,,,,,,,,,,,,,,,,,,,,30.0,9.0,30.0,1.63,0.49,0.03,0.11,,,,,,,,,,,,,,,,,,
Mamadou Sakho,87935cf3,498,frFRA,DF,Montpellier,32.0,1990.0,15,7,763.0,8.5,1.0,0.0,1.0,1.0,0.0,0.0,2,0,0.12,0.0,0.12,0.12,0.12,Matches,2022-2023,FRA,,4.0,,,,,,,,,,,9.0,,,,,,,,,,,,,,,,,,,,,,,3.0,2.0,66.7,0.35,0.24,0.33,0.5,,,,,,,,,,,,,,,,,,
Ibrahim Salah,cad3fd4d,499,maMAR,FW,Rennes,20.0,2001.0,13,1,227.0,2.5,0.0,0.0,0.0,0.0,0.0,0.0,0,0,0.0,0.0,0.0,0.0,0.0,Matches,2022-2023,FRA,,1.0,,,,,,,,,,,2.0,,,,,,,,,,,,,,,,,,,,,,,6.0,2.0,33.3,2.38,0.79,0.0,0.0,,,,,,,,,,,,,,,,,,
Amine Salama,bc7cc472,500,frFRA,"FW,MF",Angers,22.0,2000.0,25,12,1249.0,13.9,3.0,1.0,4.0,3.0,0.0,0.0,1,0,0.22,0.07,0.29,0.22,0.29,Matches,2022-2023,FRA,,9.0,,,,,,,,,,,9.0,,,,,,,,,,,,,,,,,,,,,,,25.0,11.0,44.0,1.8,0.79,0.12,0.27,,,,,,,,,,,,,,,,,,
Yoann Salmier,c3725db2,501,gfGUF,DF,Troyes,29.0,1992.0,32,31,2646.0,29.4,1.0,0.0,1.0,1.0,0.0,0.0,5,1,0.03,0.0,0.03,0.03,0.03,Matches,2022-2023,FRA,,35.0,,,,,,,,,,,38.0,,,,,,,,,,,,,,,,,,,,,,,14.0,3.0,21.4,0.48,0.1,0.07,0.33,,,,,,,,,,,,,,,,,,
Mama Samba Baldé,fb14aa28,502,gwGNB,"FW,MF",Troyes,26.0,1995.0,34,30,2665.0,29.6,12.0,3.0,15.0,10.0,2.0,2.0,6,2,0.41,0.1,0.51,0.34,0.44,Matches,2022-2023,FRA,,23.0,,,,,,,,,,,10.0,,,,,,,,,,,,,,,,,,,,,,,75.0,27.0,36.0,2.53,0.91,0.13,0.37,,,,,,,,,,,,,,,,,,
Brice Samba,60d90c55,503,frFRA,GK,Lens,28.0,1994.0,37,37,3330.0,37.0,0.0,0.0,0.0,0.0,0.0,0.0,3,0,0.0,0.0,0.0,0.0,0.0,Matches,2022-2023,FRA,,0.0,,,,,,,,,,,0.0,,,,,,,,,,,,,,,,,,,,,,,0.0,0.0,,0.0,0.0,,,37.0,37.0,3330.0,28.0,0.76,124.0,98.0,79.8,24.0,9.0,4.0,15.0,40.5,3.0,3.0,0.0,0.0,0.0
Renato Sanches,032f894e,504,ptPOR,MF,Paris Saint-Germain,24.0,1997.0,23,6,717.0,8.0,2.0,0.0,2.0,2.0,0.0,0.0,1,0,0.25,0.0,0.25,0.25,0.25,Matches,2022-2023,FRA,,1.0,,,,,,,,,,,6.0,,,,,,,,,,,,,,,,,,,,,,,14.0,6.0,42.9,1.76,0.75,0.14,0.33,,,,,,,,,,,,,,,,,,
Alexis Sánchez,2c0f8e9e,505,clCHI,"FW,MF",Marseille,33.0,1988.0,35,32,2679.0,29.8,14.0,3.0,17.0,12.0,2.0,3.0,3,0,0.47,0.1,0.57,0.4,0.5,Matches,2022-2023,FRA,,19.0,,,,,,,,,,,5.0,,,,,,,,,,,,,,,,,,,,,,,66.0,32.0,48.5,2.22,1.08,0.18,0.38,,,,,,,,,,,,,,,,,,
Morgan Sanson,6e7f1353,506,frFRA,MF,Strasbourg,27.0,1994.0,18,18,1419.0,15.8,1.0,2.0,3.0,1.0,0.0,0.0,1,0,0.06,0.13,0.19,0.06,0.19,Matches,2022-2023,FRA,,25.0,,,,,,,,,,,21.0,,,,,,,,,,,,,,,,,,,,,,,32.0,8.0,25.0,2.03,0.51,0.03,0.13,,,,,,,,,,,,,,,,,,
Baptiste Santamaria,5e22e2a4,507,frFRA,MF,Rennes,27.0,1995.0,25,20,1813.0,20.1,2.0,0.0,2.0,2.0,0.0,0.0,2,0,0.1,0.0,0.1,0.1,0.1,Matches,2022-2023,FRA,,24.0,,,,,,,,,,,19.0,,,,,,,,,,,,,,,,,,,,,,,19.0,8.0,42.1,0.94,0.4,0.11,0.25,,,,,,,,,,,,,,,,,,
Pablo Sarabia,9744ff80,508,esESP,"FW,MF",Paris Saint-Germain,30.0,1992.0,14,3,370.0,4.1,0.0,0.0,0.0,0.0,0.0,0.0,1,0,0.0,0.0,0.0,0.0,0.0,Matches,2022-2023,FRA,,4.0,,,,,,,,,,,1.0,,,,,,,,,,,,,,,,,,,,,,,6.0,2.0,33.3,1.46,0.49,0.0,0.0,,,,,,,,,,,,,,,,,,
Amin Sarr,d5326924,509,seSWE,FW,Lyon,21.0,2001.0,13,6,537.0,6.0,1.0,1.0,2.0,1.0,0.0,0.0,0,0,0.17,0.17,0.34,0.17,0.34,Matches,2022-2023,FRA,,6.0,,,,,,,,,,,0.0,,,,,,,,,,,,,,,,,,,,,,,6.0,5.0,83.3,1.01,0.84,0.17,0.2,,,,,,,,,,,,,,,,,,
Malang Sarr,4315f30d,510,frFRA,DF,Monaco,23.0,1999.0,13,8,716.0,8.0,0.0,0.0,0.0,0.0,0.0,0.0,3,0,0.0,0.0,0.0,0.0,0.0,Matches,2022-2023,FRA,,3.0,,,,,,,,,,,14.0,,,,,,,,,,,,,,,,,,,,,,,1.0,0.0,0.0,0.13,0.0,0.0,,,,,,,,,,,,,,,,,,,
Mamadou Sarr,61f80c89,511,snSEN,DF,Lyon,16.0,2005.0,1,0,8.0,0.1,0.0,0.0,0.0,0.0,0.0,0.0,0,0,0.0,0.0,0.0,0.0,0.0,Matches,2022-2023,FRA,,0.0,,,,,,,,,,,0.0,,,,,,,,,,,,,,,,,,,,,,,0.0,0.0,,0.0,0.0,,,,,,,,,,,,,,,,,,,,
Téji Savanier,6bde367b,512,frFRA,MF,Montpellier,30.0,1991.0,30,30,2546.0,28.3,12.0,4.0,16.0,6.0,6.0,6.0,4,3,0.42,0.14,0.57,0.21,0.35,Matches,2022-2023,FRA,,32.0,,,,,,,,,,,28.0,,,,,,,,,,,,,,,,,,,,,,,64.0,30.0,46.9,2.26,1.06,0.09,0.2,,,,,,,,,,,,,,,,,,
Kasper Schmeichel,53af52f3,513,dkDEN,GK,Nice,35.0,1986.0,36,36,3240.0,36.0,0.0,0.0,0.0,0.0,0.0,0.0,0,0,0.0,0.0,0.0,0.0,0.0,Matches,2022-2023,FRA,,0.0,,,,,,,,,,,1.0,,,,,,,,,,,,,,,,,,,,,,,0.0,0.0,,0.0,0.0,,,36.0,36.0,3240.0,35.0,0.97,137.0,106.0,76.6,15.0,12.0,9.0,11.0,30.6,5.0,3.0,1.0,1.0,25.0
Alidu Seidu,cea59f02,514,ghGHA,DF,Clermont Foot,22.0,2000.0,28,28,2458.0,27.3,0.0,0.0,0.0,0.0,0.0,0.0,10,1,0.0,0.0,0.0,0.0,0.0,Matches,2022-2023,FRA,,33.0,,,,,,,,,,,53.0,,,,,,,,,,,,,,,,,,,,,,,6.0,2.0,33.3,0.22,0.07,0.0,0.0,,,,,,,,,,,,,,,,,,
Matz Sels,834b5c4c,515,beBEL,GK,Strasbourg,30.0,1992.0,38,38,3420.0,38.0,0.0,0.0,0.0,0.0,0.0,0.0,2,0,0.0,0.0,0.0,0.0,0.0,Matches,2022-2023,FRA,,2.0,,,,,,,,,,,4.0,,,,,,,,,,,,,,,,,,,,,,,0.0,0.0,,0.0,0.0,,,38.0,38.0,3420.0,59.0,1.55,164.0,115.0,70.1,9.0,13.0,16.0,6.0,15.8,11.0,10.0,0.0,1.0,0.0
Marvin Senaya,1d383c10,516,tgTOG,"DF,MF",Strasbourg,21.0,2001.0,1,0,9.0,0.1,0.0,0.0,0.0,0.0,0.0,0.0,0,0,0.0,0.0,0.0,0.0,0.0,Matches,2022-2023,FRA,,0.0,,,,,,,,,,,0.0,,,,,,,,,,,,,,,,,,,,,,,0.0,0.0,,0.0,0.0,,,,,,,,,,,,,,,,,,,,
Kaj Sierhuis,9c2b1f11,517,nlNED,FW,Reims,24.0,1998.0,14,1,218.0,2.4,0.0,0.0,0.0,0.0,0.0,0.0,0,0,0.0,0.0,0.0,0.0,0.0,Matches,2022-2023,FRA,,3.0,,,,,,,,,,,1.0,,,,,,,,,,,,,,,,,,,,,,,5.0,1.0,20.0,2.06,0.41,0.0,0.0,,,,,,,,,,,,,,,,,,
Vincent Sierro,92ffb8f9,518,chSUI,MF,Toulouse,26.0,1995.0,15,7,665.0,7.4,0.0,0.0,0.0,0.0,0.0,0.0,3,0,0.0,0.0,0.0,0.0,0.0,Matches,2022-2023,FRA,,14.0,,,,,,,,,,,5.0,,,,,,,,,,,,,,,,,,,,,,,8.0,3.0,37.5,1.08,0.41,0.0,0.0,,,,,,,,,,,,,,,,,,
Caio Henrique Oliveira Silva,30af8b93,519,brBRA,DF,Monaco,25.0,1997.0,35,32,2896.0,32.2,1.0,9.0,10.0,1.0,0.0,0.0,3,0,0.03,0.28,0.31,0.03,0.31,Matches,2022-2023,FRA,,53.0,,,,,,,,,,,25.0,,,,,,,,,,,,,,,,,,,,,,,10.0,6.0,60.0,0.31,0.19,0.1,0.17,,,,,,,,,,,,,,,,,,
Abdallah Sima,fdbde523,520,snSEN,FW,Angers,21.0,2001.0,34,19,1836.0,20.4,5.0,1.0,6.0,5.0,0.0,0.0,0,0,0.25,0.05,0.29,0.25,0.29,Matches,2022-2023,FRA,,11.0,,,,,,,,,,,3.0,,,,,,,,,,,,,,,,,,,,,,,39.0,10.0,25.6,1.91,0.49,0.13,0.5,,,,,,,,,,,,,,,,,,
Moses Simon,5f3eaaf5,521,ngNGA,"MF,FW",Nantes,27.0,1995.0,34,28,2346.0,26.1,5.0,4.0,9.0,4.0,1.0,1.0,3,0,0.19,0.15,0.35,0.15,0.31,Matches,2022-2023,FRA,,9.0,,,,,,,,,,,10.0,,,,,,,,,,,,,,,,,,,,,,,33.0,10.0,30.3,1.27,0.38,0.12,0.4,,,,,,,,,,,,,,,,,,
Lassine Sinayoko,5e5249c8,522,mlMLI,"MF,FW",Auxerre,22.0,1999.0,33,16,1570.0,17.4,1.0,2.0,3.0,1.0,0.0,0.0,2,1,0.06,0.11,0.17,0.06,0.17,Matches,2022-2023,FRA,,16.0,,,,,,,,,,,18.0,,,,,,,,,,,,,,,,,,,,,,,42.0,13.0,31.0,2.41,0.75,0.02,0.08,,,,,,,,,,,,,,,,,,
Ibrahima Sissoko,0f8418aa,523,mlMLI,MF,Strasbourg,24.0,1997.0,26,13,1310.0,14.6,0.0,2.0,2.0,0.0,0.0,0.0,1,0,0.0,0.14,0.14,0.0,0.14,Matches,2022-2023,FRA,,23.0,,,,,,,,,,,11.0,,,,,,,,,,,,,,,,,,,,,,,13.0,3.0,23.1,0.89,0.21,0.0,0.0,,,,,,,,,,,,,,,,,,
Moussa Sissoko,2acd49b9,524,frFRA,MF,Nantes,32.0,1989.0,30,22,1918.0,21.3,2.0,0.0,2.0,2.0,0.0,0.0,3,0,0.09,0.0,0.09,0.09,0.09,Matches,2022-2023,FRA,,19.0,,,,,,,,,,,14.0,,,,,,,,,,,,,,,,,,,,,,,17.0,6.0,35.3,0.8,0.28,0.12,0.33,,,,,,,,,,,,,,,,,,
Naatan Skyttä,d7547531,525,fiFIN,MF,Toulouse,20.0,2002.0,2,0,23.0,0.3,0.0,0.0,0.0,0.0,0.0,0.0,0,0,0.0,0.0,0.0,0.0,0.0,Matches,2022-2023,FRA,,1.0,,,,,,,,,,,1.0,,,,,,,,,,,,,,,,,,,,,,,1.0,0.0,0.0,3.91,0.0,0.0,,,,,,,,,,,,,,,,,,,
Islam Slimani,ffec9769,526,dzALG,FW,Brest,34.0,1988.0,16,11,986.0,11.0,1.0,1.0,2.0,1.0,0.0,1.0,5,0,0.09,0.09,0.18,0.09,0.18,Matches,2022-2023,FRA,,3.0,,,,,,,,,,,1.0,,,,,,,,,,,,,,,,,,,,,,,15.0,3.0,20.0,1.37,0.27,0.07,0.33,,,,,,,,,,,,,,,,,,
Eduard Sobol,2ccd89a3,527,uaUKR,"MF,DF",Strasbourg,27.0,1995.0,15,9,870.0,9.7,0.0,1.0,1.0,0.0,0.0,0.0,2,0,0.0,0.1,0.1,0.0,0.1,Matches,2022-2023,FRA,,11.0,,,,,,,,,,,7.0,,,,,,,,,,,,,,,,,,,,,,,5.0,0.0,0.0,0.52,0.0,0.0,,,,,,,,,,,,,,,,,,,
Carlos Soler,fed17f5a,528,esESP,MF,Paris Saint-Germain,25.0,1997.0,26,14,1187.0,13.2,3.0,2.0,5.0,3.0,0.0,0.0,0,0,0.23,0.15,0.38,0.23,0.38,Matches,2022-2023,FRA,,12.0,,,,,,,,,,,4.0,,,,,,,,,,,,,,,,,,,,,,,10.0,6.0,60.0,0.76,0.45,0.3,0.5,,,,,,,,,,,,,,,,,,
François-Joseph Sollacaro,f19f32b1,529,frFRA,GK,Ajaccio,28.0,1994.0,6,6,540.0,6.0,0.0,0.0,0.0,0.0,0.0,0.0,1,0,0.0,0.0,0.0,0.0,0.0,Matches,2022-2023,FRA,,0.0,,,,,,,,,,,0.0,,,,,,,,,,,,,,,,,,,,,,,0.0,0.0,,0.0,0.0,,,6.0,6.0,540.0,14.0,2.33,24.0,11.0,45.8,1.0,1.0,4.0,1.0,16.7,1.0,1.0,0.0,0.0,0.0
Florian Sotoca,7a42d0df,530,frFRA,"MF,FW",Lens,31.0,1990.0,38,34,3054.0,33.9,7.0,9.0,16.0,6.0,1.0,3.0,4,0,0.21,0.27,0.47,0.18,0.44,Matches,2022-2023,FRA,,22.0,,,,,,,,,,,27.0,,,,,,,,,,,,,,,,,,,,,,,89.0,32.0,36.0,2.62,0.94,0.07,0.19,,,,,,,,,,,,,,,,,,
Moussa Soumano,86a49468,531,frFRA,FW,Ajaccio,17.0,2005.0,14,5,495.0,5.5,1.0,0.0,1.0,1.0,0.0,0.0,3,0,0.18,0.0,0.18,0.18,0.18,Matches,2022-2023,FRA,,2.0,,,,,,,,,,,0.0,,,,,,,,,,,,,,,,,,,,,,,6.0,2.0,33.3,1.09,0.36,0.17,0.5,,,,,,,,,,,,,,,,,,
Arnaud Souquet,4e0afc5d,532,frFRA,DF,Montpellier,30.0,1992.0,12,3,361.0,4.0,0.0,0.0,0.0,0.0,0.0,0.0,1,0,0.0,0.0,0.0,0.0,0.0,Matches,2022-2023,FRA,,15.0,,,,,,,,,,,4.0,,,,,,,,,,,,,,,,,,,,,,,1.0,0.0,0.0,0.25,0.0,0.0,,,,,,,,,,,,,,,,,,,
Kevin Spadanuda,a45a5d95,533,chSUI,MF,Ajaccio,25.0,1997.0,22,13,1063.0,11.8,0.0,1.0,1.0,0.0,0.0,0.0,3,0,0.0,0.08,0.08,0.0,0.08,Matches,2022-2023,FRA,,18.0,,,,,,,,,,,13.0,,,,,,,,,,,,,,,,,,,,,,,7.0,1.0,14.3,0.59,0.08,0.0,0.0,,,,,,,,,,,,,,,,,,
Djed Spence,9bc9a519,534,engENG,DF,Rennes,21.0,2000.0,8,7,573.0,6.4,0.0,0.0,0.0,0.0,0.0,0.0,0,0,0.0,0.0,0.0,0.0,0.0,Matches,2022-2023,FRA,,6.0,,,,,,,,,,,4.0,,,,,,,,,,,,,,,,,,,,,,,3.0,1.0,33.3,0.47,0.16,0.0,0.0,,,,,,,,,,,,,,,,,,
Stijn Spierings,a08985b8,535,nlNED,MF,Toulouse,26.0,1996.0,36,35,3120.0,34.7,2.0,0.0,2.0,2.0,0.0,0.0,6,0,0.06,0.0,0.06,0.06,0.06,Matches,2022-2023,FRA,,66.0,,,,,,,,,,,50.0,,,,,,,,,,,,,,,,,,,,,,,24.0,5.0,20.8,0.69,0.14,0.08,0.4,,,,,,,,,,,,,,,,,,
Calvin Stengs,8f7e6783,536,nlNED,"MF,FW",Nice,23.0,1998.0,4,3,212.0,2.4,0.0,0.0,0.0,0.0,0.0,0.0,0,0,0.0,0.0,0.0,0.0,0.0,Matches,2022-2023,FRA,,1.0,,,,,,,,,,,0.0,,,,,,,,,,,,,,,,,,,,,,,3.0,1.0,33.3,1.27,0.42,0.0,0.0,,,,,,,,,,,,,,,,,,
Tony Strata,4ca4f263,537,roROU,MF,Ajaccio,17.0,2004.0,3,1,138.0,1.5,0.0,0.0,0.0,0.0,0.0,0.0,1,0,0.0,0.0,0.0,0.0,0.0,Matches,2022-2023,FRA,,3.0,,,,,,,,,,,1.0,,,,,,,,,,,,,,,,,,,,,,,0.0,0.0,,0.0,0.0,,,,,,,,,,,,,,,,,,,,
Gabriel Suazo,39b326ed,538,clCHI,DF,Toulouse,24.0,1997.0,18,14,1259.0,14.0,0.0,1.0,1.0,0.0,0.0,0.0,1,0,0.0,0.07,0.07,0.0,0.07,Matches,2022-2023,FRA,,24.0,,,,,,,,,,,19.0,,,,,,,,,,,,,,,,,,,,,,,3.0,0.0,0.0,0.21,0.0,0.0,,,,,,,,,,,,,,,,,,,
Kamaldeen Sulemana,a62f8bf1,539,ghGHA,"MF,FW",Rennes,20.0,2002.0,14,2,326.0,3.6,1.0,0.0,1.0,1.0,0.0,0.0,1,0,0.28,0.0,0.28,0.28,0.28,Matches,2022-2023,FRA,,4.0,,,,,,,,,,,4.0,,,,,,,,,,,,,,,,,,,,,,,13.0,4.0,30.8,3.59,1.1,0.08,0.25,,,,,,,,,,,,,,,,,,
Yuito Suzuki,c25a7a2a,540,jpJPN,"FW,MF",Strasbourg,20.0,2001.0,3,0,36.0,0.4,1.0,0.0,1.0,1.0,0.0,0.0,0,0,2.5,0.0,2.5,2.5,2.5,Matches,2022-2023,FRA,,0.0,,,,,,,,,,,0.0,,,,,,,,,,,,,,,,,,,,,,,2.0,1.0,50.0,5.0,2.5,0.5,1.0,,,,,,,,,,,,,,,,,,
Issiaga Sylla,b99bec05,541,gnGUI,DF,Montpellier,28.0,1994.0,15,15,1305.0,14.5,1.0,3.0,4.0,1.0,0.0,0.0,0,0,0.07,0.21,0.28,0.07,0.28,Matches,2022-2023,FRA,,18.0,,,,,,,,,,,33.0,,,,,,,,,,,,,,,,,,,,,,,10.0,1.0,10.0,0.69,0.07,0.1,1.0,,,,,,,,,,,,,,,,,,
Issiaga Sylla,b99bec05,542,gnGUI,DF,Toulouse,28.0,1994.0,17,16,1372.0,15.2,0.0,0.0,0.0,0.0,0.0,0.0,3,0,0.0,0.0,0.0,0.0,0.0,Matches,2022-2023,FRA,,15.0,,,,,,,,,,,34.0,,,,,,,,,,,,,,,,,,,,,,,9.0,4.0,44.4,0.59,0.26,0.0,0.0,,,,,,,,,,,,,,,,,,
Nicolás Tagliafico,f0661424,543,arARG,"DF,MF",Lyon,29.0,1992.0,34,34,2991.0,33.2,1.0,3.0,4.0,1.0,0.0,0.0,5,0,0.03,0.09,0.12,0.03,0.12,Matches,2022-2023,FRA,,53.0,,,,,,,,,,,51.0,,,,,,,,,,,,,,,,,,,,,,,24.0,5.0,20.8,0.72,0.15,0.04,0.2,,,,,,,,,,,,,,,,,,
Waniss Taibi,95192fe4,544,frFRA,MF,Angers,20.0,2002.0,11,1,189.0,2.1,0.0,1.0,1.0,0.0,0.0,0.0,1,0,0.0,0.48,0.48,0.0,0.48,Matches,2022-2023,FRA,,5.0,,,,,,,,,,,2.0,,,,,,,,,,,,,,,,,,,,,,,1.0,0.0,0.0,0.48,0.0,0.0,,,,,,,,,,,,,,,,,,,
Flavien Tait,a0f9b535,545,frFRA,MF,Rennes,29.0,1993.0,30,19,1680.0,18.7,2.0,2.0,4.0,2.0,0.0,0.0,2,0,0.11,0.11,0.21,0.11,0.21,Matches,2022-2023,FRA,,17.0,,,,,,,,,,,20.0,,,,,,,,,,,,,,,,,,,,,,,25.0,6.0,24.0,1.34,0.32,0.08,0.33,,,,,,,,,,,,,,,,,,
Montassar Talbi,a4a44eb0,546,tnTUN,DF,Lorient,24.0,1998.0,38,38,3420.0,38.0,1.0,2.0,3.0,1.0,0.0,0.0,0,0,0.03,0.05,0.08,0.03,0.08,Matches,2022-2023,FRA,,28.0,,,,,,,,,,,37.0,,,,,,,,,,,,,,,,,,,,,,,9.0,6.0,66.7,0.24,0.16,0.11,0.17,,,,,,,,,,,,,,,,,,
Thibault Tamas,4a0c6555,547,frFRA,DF,Montpellier,21.0,2001.0,1,0,10.0,0.1,0.0,0.0,0.0,0.0,0.0,0.0,0,0,0.0,0.0,0.0,0.0,0.0,Matches,2022-2023,FRA,,0.0,,,,,,,,,,,1.0,,,,,,,,,,,,,,,,,,,,,,,0.0,0.0,,0.0,0.0,,,,,,,,,,,,,,,,,,,,
Florian Tardieu,ed39121c,548,frFRA,MF,Troyes,30.0,1992.0,15,11,1009.0,11.2,3.0,0.0,3.0,0.0,3.0,3.0,2,0,0.27,0.0,0.27,0.0,0.0,Matches,2022-2023,FRA,,19.0,,,,,,,,,,,20.0,,,,,,,,,,,,,,,,,,,,,,,13.0,5.0,38.5,1.16,0.45,0.0,0.0,,,,,,,,,,,,,,,,,,
Nuno Tavares,a65c844b,549,ptPOR,MF,Marseille,22.0,2000.0,31,23,2349.0,26.1,6.0,0.0,6.0,6.0,0.0,0.0,6,1,0.23,0.0,0.23,0.23,0.23,Matches,2022-2023,FRA,,29.0,,,,,,,,,,,15.0,,,,,,,,,,,,,,,,,,,,,,,65.0,17.0,26.2,2.49,0.65,0.09,0.35,,,,,,,,,,,,,,,,,,
Enzo Tchato,7f783431,550,cmCMR,DF,Montpellier,19.0,2002.0,21,11,1096.0,12.2,1.0,1.0,2.0,1.0,0.0,0.0,1,0,0.08,0.08,0.16,0.08,0.16,Matches,2022-2023,FRA,,15.0,,,,,,,,,,,7.0,,,,,,,,,,,,,,,,,,,,,,,4.0,2.0,50.0,0.33,0.16,0.25,0.5,,,,,,,,,,,,,,,,,,
Martin Terrier,5148dcc5,551,frFRA,"MF,FW",Rennes,25.0,1997.0,16,16,1319.0,14.7,9.0,4.0,13.0,9.0,0.0,0.0,0,0,0.61,0.27,0.89,0.61,0.89,Matches,2022-2023,FRA,,11.0,,,,,,,,,,,11.0,,,,,,,,,,,,,,,,,,,,,,,47.0,27.0,57.4,3.21,1.84,0.19,0.33,,,,,,,,,,,,,,,,,,
Tetê,7120a04d,552,brBRA,"FW,MF",Lyon,22.0,2000.0,17,14,1107.0,12.3,6.0,2.0,8.0,6.0,0.0,0.0,3,0,0.49,0.16,0.65,0.49,0.65,Matches,2022-2023,FRA,,10.0,,,,,,,,,,,12.0,,,,,,,,,,,,,,,,,,,,,,,30.0,13.0,43.3,2.44,1.06,0.2,0.46,,,,,,,,,,,,,,,,,,
Arthur Theate,df8d6029,553,beBEL,DF,Rennes,22.0,2000.0,35,35,3127.0,34.7,4.0,0.0,4.0,4.0,0.0,0.0,5,0,0.12,0.0,0.12,0.12,0.12,Matches,2022-2023,FRA,,21.0,,,,,,,,,,,24.0,,,,,,,,,,,,,,,,,,,,,,,31.0,10.0,32.3,0.89,0.29,0.13,0.4,,,,,,,,,,,,,,,,,,
Sada Thioub,f4bc42b1,554,snSEN,"DF,MF",Angers,27.0,1995.0,27,11,1060.0,11.8,1.0,2.0,3.0,1.0,0.0,0.0,3,0,0.08,0.17,0.25,0.08,0.25,Matches,2022-2023,FRA,,10.0,,,,,,,,,,,7.0,,,,,,,,,,,,,,,,,,,,,,,9.0,1.0,11.1,0.76,0.08,0.11,1.0,,,,,,,,,,,,,,,,,,
Adrien Thomasson,c76b7567,555,frFRA,"MF,FW",Strasbourg,28.0,1993.0,15,10,937.0,10.4,0.0,2.0,2.0,0.0,0.0,0.0,2,0,0.0,0.19,0.19,0.0,0.19,Matches,2022-2023,FRA,,10.0,,,,,,,,,,,3.0,,,,,,,,,,,,,,,,,,,,,,,17.0,5.0,29.4,1.63,0.48,0.0,0.0,,,,,,,,,,,,,,,,,,
Adrien Thomasson,c76b7567,556,frFRA,"MF,FW",Lens,28.0,1993.0,20,16,1278.0,14.2,5.0,5.0,10.0,5.0,0.0,0.0,1,0,0.35,0.35,0.7,0.35,0.7,Matches,2022-2023,FRA,,18.0,,,,,,,,,,,4.0,,,,,,,,,,,,,,,,,,,,,,,21.0,9.0,42.9,1.48,0.63,0.24,0.56,,,,,,,,,,,,,,,,,,
Khéphren Thuram,7d9397f8,557,frFRA,MF,Nice,21.0,2001.0,35,30,2547.0,28.3,2.0,4.0,6.0,2.0,0.0,0.0,3,0,0.07,0.14,0.21,0.07,0.21,Matches,2022-2023,FRA,,29.0,,,,,,,,,,,36.0,,,,,,,,,,,,,,,,,,,,,,,38.0,9.0,23.7,1.34,0.32,0.05,0.22,,,,,,,,,,,,,,,,,,
Alexis Tibidi,ca6f4846,558,frFRA,MF,Troyes,18.0,2003.0,3,0,74.0,0.8,0.0,0.0,0.0,0.0,0.0,0.0,0,0,0.0,0.0,0.0,0.0,0.0,Matches,2022-2023,FRA,,1.0,,,,,,,,,,,0.0,,,,,,,,,,,,,,,,,,,,,,,0.0,0.0,,0.0,0.0,,,,,,,,,,,,,,,,,,,,
Jean-Clair Todibo,88f130ed,559,frFRA,DF,Nice,22.0,1999.0,34,33,2870.0,31.9,0.0,0.0,0.0,0.0,0.0,0.0,4,2,0.0,0.0,0.0,0.0,0.0,Matches,2022-2023,FRA,,49.0,,,,,,,,,,,35.0,,,,,,,,,,,,,,,,,,,,,,,12.0,3.0,25.0,0.38,0.09,0.0,0.0,,,,,,,,,,,,,,,,,,
Karl Toko Ekambi,5ceba7fc,560,cmCMR,"MF,FW",Rennes,29.0,1992.0,17,11,972.0,10.8,3.0,2.0,5.0,3.0,0.0,0.0,0,0,0.28,0.19,0.46,0.28,0.46,Matches,2022-2023,FRA,,2.0,,,,,,,,,,,9.0,,,,,,,,,,,,,,,,,,,,,,,22.0,7.0,31.8,2.04,0.65,0.14,0.43,,,,,,,,,,,,,,,,,,
Karl Toko Ekambi,5ceba7fc,561,cmCMR,"FW,MF",Lyon,29.0,1992.0,19,15,1353.0,15.0,4.0,2.0,6.0,4.0,0.0,0.0,1,0,0.27,0.13,0.4,0.27,0.4,Matches,2022-2023,FRA,,9.0,,,,,,,,,,,9.0,,,,,,,,,,,,,,,,,,,,,,,41.0,19.0,46.3,2.73,1.26,0.1,0.21,,,,,,,,,,,,,,,,,,
Corentin Tolisso,652d4c37,562,frFRA,MF,Lyon,27.0,1994.0,30,25,2036.0,22.6,1.0,2.0,3.0,1.0,0.0,0.0,3,0,0.04,0.09,0.13,0.04,0.13,Matches,2022-2023,FRA,,27.0,,,,,,,,,,,24.0,,,,,,,,,,,,,,,,,,,,,,,30.0,9.0,30.0,1.33,0.4,0.03,0.11,,,,,,,,,,,,,,,,,,
Birama Touré,a4b798a9,563,mlMLI,MF,Auxerre,30.0,1992.0,38,38,3400.0,37.8,2.0,0.0,2.0,2.0,0.0,1.0,3,0,0.05,0.0,0.05,0.05,0.05,Matches,2022-2023,FRA,,48.0,,,,,,,,,,,66.0,,,,,,,,,,,,,,,,,,,,,,,25.0,8.0,32.0,0.66,0.21,0.08,0.25,,,,,,,,,,,,,,,,,,
Mo Touré,8ac64b4e,564,auAUS,FW,Reims,18.0,2004.0,3,0,23.0,0.3,0.0,0.0,0.0,0.0,0.0,0.0,0,0,0.0,0.0,0.0,0.0,0.0,Matches,2022-2023,FRA,,0.0,,,,,,,,,,,0.0,,,,,,,,,,,,,,,,,,,,,,,0.0,0.0,,0.0,0.0,,,,,,,,,,,,,,,,,,,,
Souleymane Touré,01fd01e8,565,frFRA,DF,Marseille,19.0,2003.0,5,0,68.0,0.8,0.0,0.0,0.0,0.0,0.0,0.0,1,0,0.0,0.0,0.0,0.0,0.0,Matches,2022-2023,FRA,,1.0,,,,,,,,,,,0.0,,,,,,,,,,,,,,,,,,,,,,,0.0,0.0,,0.0,0.0,,,,,,,,,,,,,,,,,,,,
Souleymane Touré,01fd01e8,566,frFRA,DF,Auxerre,19.0,2003.0,19,18,1588.0,17.6,1.0,0.0,1.0,1.0,0.0,0.0,5,1,0.06,0.0,0.06,0.06,0.06,Matches,2022-2023,FRA,,15.0,,,,,,,,,,,23.0,,,,,,,,,,,,,,,,,,,,,,,8.0,2.0,25.0,0.45,0.11,0.13,0.5,,,,,,,,,,,,,,,,,,
Yoann Touzghar,4e47507a,567,tnTUN,FW,Ajaccio,35.0,1986.0,11,5,447.0,5.0,0.0,0.0,0.0,0.0,0.0,0.0,0,1,0.0,0.0,0.0,0.0,0.0,Matches,2022-2023,FRA,,2.0,,,,,,,,,,,0.0,,,,,,,,,,,,,,,,,,,,,,,3.0,0.0,0.0,0.6,0.0,0.0,,,,,,,,,,,,,,,,,,,
Charles Traore,de488e56,568,mlMLI,DF,Nantes,30.0,1992.0,12,6,482.0,5.4,0.0,0.0,0.0,0.0,0.0,0.0,2,0,0.0,0.0,0.0,0.0,0.0,Matches,2022-2023,FRA,,5.0,,,,,,,,,,,10.0,,,,,,,,,,,,,,,,,,,,,,,0.0,0.0,,0.0,0.0,,,,,,,,,,,,,,,,,,,,
Hamari Traoré,a4b1028a,569,mlMLI,DF,Rennes,30.0,1992.0,31,28,2528.0,28.1,1.0,4.0,5.0,1.0,0.0,0.0,5,0,0.04,0.14,0.18,0.04,0.18,Matches,2022-2023,FRA,,31.0,,,,,,,,,,,33.0,,,,,,,,,,,,,,,,,,,,,,,30.0,9.0,30.0,1.07,0.32,0.03,0.11,,,,,,,,,,,,,,,,,,
Théo Trinker,7a3f8712,570,frFRA,MF,Nice,21.0,2001.0,1,0,1.0,0.0,0.0,0.0,0.0,0.0,0.0,0.0,0,0,0.0,0.0,0.0,0.0,0.0,Matches,2022-2023,FRA,,0.0,,,,,,,,,,,0.0,,,,,,,,,,,,,,,,,,,,,,,0.0,0.0,,0.0,0.0,,,,,,,,,,,,,,,,,,,,
Adrien Truffert,5d0e0a1f,571,frFRA,DF,Rennes,20.0,2001.0,28,24,1954.0,21.7,0.0,6.0,6.0,0.0,0.0,0.0,1,0,0.0,0.28,0.28,0.0,0.28,Matches,2022-2023,FRA,,38.0,,,,,,,,,,,19.0,,,,,,,,,,,,,,,,,,,,,,,10.0,3.0,30.0,0.46,0.14,0.0,0.0,,,,,,,,,,,,,,,,,,
Theocharis Tsingaras,906baf89,572,grGRE,MF,Toulouse,21.0,2000.0,1,0,7.0,0.1,0.0,0.0,0.0,0.0,0.0,0.0,0,0,0.0,0.0,0.0,0.0,0.0,Matches,2022-2023,FRA,,0.0,,,,,,,,,,,0.0,,,,,,,,,,,,,,,,,,,,,,,0.0,0.0,,0.0,0.0,,,,,,,,,,,,,,,,,,,,
Ike Ugbo,8a53d24b,573,caCAN,"FW,MF",Troyes,23.0,1998.0,25,9,895.0,9.9,2.0,1.0,3.0,2.0,0.0,0.0,0,0,0.2,0.1,0.3,0.2,0.3,Matches,2022-2023,FRA,,2.0,,,,,,,,,,,2.0,,,,,,,,,,,,,,,,,,,,,,,15.0,6.0,40.0,1.51,0.6,0.13,0.33,,,,,,,,,,,,,,,,,,
Lesley Ugochukwu,1df4a109,574,frFRA,MF,Rennes,18.0,2004.0,26,14,1330.0,14.8,0.0,1.0,1.0,0.0,0.0,0.0,3,1,0.0,0.07,0.07,0.0,0.07,Matches,2022-2023,FRA,,18.0,,,,,,,,,,,18.0,,,,,,,,,,,,,,,,,,,,,,,6.0,1.0,16.7,0.41,0.07,0.0,0.0,,,,,,,,,,,,,,,,,,
Cengiz Ünder,1880614f,575,trTUR,MF,Marseille,25.0,1997.0,37,28,2490.0,27.7,5.0,4.0,9.0,4.0,1.0,1.0,3,0,0.18,0.14,0.33,0.14,0.29,Matches,2022-2023,FRA,,20.0,,,,,,,,,,,17.0,,,,,,,,,,,,,,,,,,,,,,,70.0,28.0,40.0,2.53,1.01,0.06,0.14,,,,,,,,,,,,,,,,,,
Jere Uronen,d75f3980,576,fiFIN,DF,Brest,28.0,1994.0,6,3,300.0,3.3,0.0,1.0,1.0,0.0,0.0,0.0,0,0,0.0,0.3,0.3,0.0,0.3,Matches,2022-2023,FRA,,5.0,,,,,,,,,,,6.0,,,,,,,,,,,,,,,,,,,,,,,1.0,0.0,0.0,0.3,0.0,0.0,,,,,,,,,,,,,,,,,,,
Yan Valery,531a4aa8,577,tnTUN,DF,Angers,23.0,1999.0,30,30,2497.0,27.7,0.0,0.0,0.0,0.0,0.0,0.0,3,0,0.0,0.0,0.0,0.0,0.0,Matches,2022-2023,FRA,,40.0,,,,,,,,,,,33.0,,,,,,,,,,,,,,,,,,,,,,,13.0,3.0,23.1,0.47,0.11,0.0,0.0,,,,,,,,,,,,,,,,,,
Vanderson,ee45fd85,578,brBRA,"DF,MF",Monaco,21.0,2001.0,31,24,2214.0,24.6,1.0,4.0,5.0,1.0,0.0,0.0,4,1,0.04,0.16,0.2,0.04,0.2,Matches,2022-2023,FRA,,53.0,,,,,,,,,,,44.0,,,,,,,,,,,,,,,,,,,,,,,26.0,8.0,30.8,1.06,0.33,0.04,0.13,,,,,,,,,,,,,,,,,,
Jordan Veretout,4a56052c,579,frFRA,MF,Marseille,29.0,1993.0,38,31,2863.0,31.8,4.0,3.0,7.0,3.0,1.0,1.0,4,0,0.13,0.09,0.22,0.09,0.19,Matches,2022-2023,FRA,,36.0,,,,,,,,,,,32.0,,,,,,,,,,,,,,,,,,,,,,,31.0,10.0,32.3,0.97,0.31,0.1,0.3,,,,,,,,,,,,,,,,,,
Marco Verratti,1467af0d,580,itITA,MF,Paris Saint-Germain,29.0,1992.0,29,27,2194.0,24.4,0.0,0.0,0.0,0.0,0.0,0.0,10,1,0.0,0.0,0.0,0.0,0.0,Matches,2022-2023,FRA,,51.0,,,,,,,,,,,25.0,,,,,,,,,,,,,,,,,,,,,,,8.0,4.0,50.0,0.33,0.16,0.0,0.0,,,,,,,,,,,,,,,,,,
João Victor,d60cf08d,581,brBRA,DF,Nantes,24.0,1998.0,13,9,842.0,9.4,0.0,1.0,1.0,0.0,0.0,0.0,5,0,0.0,0.11,0.11,0.0,0.11,Matches,2022-2023,FRA,,12.0,,,,,,,,,,,15.0,,,,,,,,,,,,,,,,,,,,,,,3.0,0.0,0.0,0.32,0.0,0.0,,,,,,,,,,,,,,,,,,,
Clément Vidal,b2791a55,582,frFRA,DF,Ajaccio,22.0,2000.0,26,21,1901.0,21.1,1.0,0.0,1.0,1.0,0.0,0.0,5,1,0.05,0.0,0.05,0.05,0.05,Matches,2022-2023,FRA,,14.0,,,,,,,,,,,26.0,,,,,,,,,,,,,,,,,,,,,,,12.0,2.0,16.7,0.57,0.09,0.08,0.5,,,,,,,,,,,,,,,,,,
Alan Virginius,01becd60,583,frFRA,FW,Lille,19.0,2003.0,15,1,258.0,2.9,1.0,0.0,1.0,1.0,0.0,0.0,1,0,0.35,0.0,0.35,0.35,0.35,Matches,2022-2023,FRA,,2.0,,,,,,,,,,,1.0,,,,,,,,,,,,,,,,,,,,,,,12.0,5.0,41.7,4.19,1.74,0.08,0.2,,,,,,,,,,,,,,,,,,
Mattia Viti,75438a9a,584,itITA,DF,Nice,20.0,2002.0,9,7,634.0,7.0,1.0,0.0,1.0,1.0,0.0,0.0,0,0,0.14,0.0,0.14,0.14,0.14,Matches,2022-2023,FRA,,4.0,,,,,,,,,,,9.0,,,,,,,,,,,,,,,,,,,,,,,2.0,1.0,50.0,0.28,0.14,0.5,1.0,,,,,,,,,,,,,,,,,,
Vitinha,74d4cec6,585,ptPOR,FW,Marseille,22.0,2000.0,14,5,464.0,5.2,2.0,0.0,2.0,2.0,0.0,0.0,0,0,0.39,0.0,0.39,0.39,0.39,Matches,2022-2023,FRA,,7.0,,,,,,,,,,,2.0,,,,,,,,,,,,,,,,,,,,,,,26.0,9.0,34.6,5.04,1.75,0.08,0.22,,,,,,,,,,,,,,,,,,
Vitinha,3b029691,586,ptPOR,MF,Paris Saint-Germain,22.0,2000.0,36,29,2446.0,27.2,2.0,3.0,5.0,2.0,0.0,0.0,3,0,0.07,0.11,0.18,0.07,0.18,Matches,2022-2023,FRA,,27.0,,,,,,,,,,,25.0,,,,,,,,,,,,,,,,,,,,,,,31.0,11.0,35.5,1.14,0.4,0.06,0.18,,,,,,,,,,,,,,,,,,
Kevin Volland,64f69877,587,deGER,"FW,MF",Monaco,30.0,1992.0,17,7,639.0,7.1,3.0,2.0,5.0,3.0,0.0,0.0,1,0,0.42,0.28,0.7,0.42,0.7,Matches,2022-2023,FRA,,4.0,,,,,,,,,,,1.0,,,,,,,,,,,,,,,,,,,,,,,15.0,8.0,53.3,2.11,1.13,0.2,0.38,,,,,,,,,,,,,,,,,,
Elye Wahi,0d7b6576,588,frFRA,FW,Montpellier,19.0,2003.0,33,29,2513.0,27.9,19.0,5.0,24.0,18.0,1.0,1.0,8,1,0.68,0.18,0.86,0.64,0.82,Matches,2022-2023,FRA,,3.0,,,,,,,,,,,3.0,,,,,,,,,,,,,,,,,,,,,,,63.0,38.0,60.3,2.26,1.36,0.29,0.47,,,,,,,,,,,,,,,,,,
Timothy Weah,8eec784d,589,usUSA,"DF,MF",Lille,22.0,2000.0,29,18,1748.0,19.4,0.0,2.0,2.0,0.0,0.0,0.0,2,0,0.0,0.1,0.1,0.0,0.1,Matches,2022-2023,FRA,,15.0,,,,,,,,,,,21.0,,,,,,,,,,,,,,,,,,,,,,,30.0,11.0,36.7,1.54,0.57,0.0,0.0,,,,,,,,,,,,,,,,,,
Mateusz Wieteska,3ecc8c5f,590,plPOL,DF,Clermont Foot,25.0,1997.0,35,35,3117.0,34.6,0.0,1.0,1.0,0.0,0.0,0.0,7,1,0.0,0.03,0.03,0.0,0.03,Matches,2022-2023,FRA,,22.0,,,,,,,,,,,53.0,,,,,,,,,,,,,,,,,,,,,,,16.0,5.0,31.3,0.46,0.14,0.0,0.0,,,,,,,,,,,,,,,,,,
Christopher Wooh,b003239d,591,cmCMR,DF,Rennes,20.0,2001.0,13,12,1006.0,11.2,0.0,0.0,0.0,0.0,0.0,0.0,4,0,0.0,0.0,0.0,0.0,0.0,Matches,2022-2023,FRA,,11.0,,,,,,,,,,,6.0,,,,,,,,,,,,,,,,,,,,,,,5.0,0.0,0.0,0.45,0.0,0.0,,,,,,,,,,,,,,,,,,,
Christopher Wooh,b003239d,592,cmCMR,DF,Lens,20.0,2001.0,1,0,4.0,0.0,0.0,0.0,0.0,0.0,0.0,0.0,0,0,0.0,0.0,0.0,0.0,0.0,Matches,2022-2023,FRA,,0.0,,,,,,,,,,,0.0,,,,,,,,,,,,,,,,,,,,,,,0.0,0.0,,0.0,0.0,,,,,,,,,,,,,,,,,,,,
Xeka,f3600c02,593,ptPOR,MF,Rennes,27.0,1994.0,8,6,552.0,6.1,0.0,0.0,0.0,0.0,0.0,0.0,1,0,0.0,0.0,0.0,0.0,0.0,Matches,2022-2023,FRA,,3.0,,,,,,,,,,,4.0,,,,,,,,,,,,,,,,,,,,,,,4.0,0.0,0.0,0.65,0.0,0.0,,,,,,,,,,,,,,,,,,,
Yusuf Yazıcı,f5c8b425,594,trTUR,MF,Lille,25.0,1997.0,4,3,200.0,2.2,1.0,1.0,2.0,1.0,0.0,0.0,0,0,0.45,0.45,0.9,0.45,0.9,Matches,2022-2023,FRA,,0.0,,,,,,,,,,,0.0,,,,,,,,,,,,,,,,,,,,,,,5.0,3.0,60.0,2.25,1.35,0.2,0.33,,,,,,,,,,,,,,,,,,
Darlin Yongwa,061266cd,595,cmCMR,"MF,DF",Lorient,21.0,2000.0,14,8,781.0,8.7,1.0,1.0,2.0,1.0,0.0,0.0,2,0,0.12,0.12,0.23,0.12,0.23,Matches,2022-2023,FRA,,10.0,,,,,,,,,,,5.0,,,,,,,,,,,,,,,,,,,,,,,9.0,3.0,33.3,1.04,0.35,0.11,0.33,,,,,,,,,,,,,,,,,,
Leny Yoro,6763f716,596,frFRA,"DF,MF",Lille,16.0,2005.0,13,8,769.0,8.5,0.0,0.0,0.0,0.0,0.0,0.0,0,0,0.0,0.0,0.0,0.0,0.0,Matches,2022-2023,FRA,,6.0,,,,,,,,,,,19.0,,,,,,,,,,,,,,,,,,,,,,,2.0,0.0,0.0,0.23,0.0,0.0,,,,,,,,,,,,,,,,,,,
Mohamed Youssouf,1a85bcdb,597,kmCOM,DF,Ajaccio,34.0,1988.0,30,27,2459.0,27.3,0.0,0.0,0.0,0.0,0.0,0.0,5,1,0.0,0.0,0.0,0.0,0.0,Matches,2022-2023,FRA,,49.0,,,,,,,,,,,63.0,,,,,,,,,,,,,,,,,,,,,,,5.0,1.0,20.0,0.18,0.04,0.0,0.0,,,,,,,,,,,,,,,,,,
Warren Zaïre-Emery,6b9960cf,598,frFRA,MF,Paris Saint-Germain,16.0,2006.0,26,8,929.0,10.3,2.0,0.0,2.0,2.0,0.0,0.0,1,0,0.19,0.0,0.19,0.19,0.19,Matches,2022-2023,FRA,,11.0,,,,,,,,,,,13.0,,,,,,,,,,,,,,,,,,,,,,,9.0,4.0,44.4,0.87,0.39,0.22,0.5,,,,,,,,,,,,,,,,,,
Oliver Zandén,72d4922b,599,seSWE,MF,Toulouse,20.0,2001.0,5,1,146.0,1.6,0.0,0.0,0.0,0.0,0.0,0.0,0,0,0.0,0.0,0.0,0.0,0.0,Matches,2022-2023,FRA,,0.0,,,,,,,,,,,1.0,,,,,,,,,,,,,,,,,,,,,,,2.0,1.0,50.0,1.23,0.62,0.0,0.0,,,,,,,,,,,,,,,,,,
Akim Zedadka,0ff630d0,600,dzALG,"MF,DF",Auxerre,27.0,1995.0,20,19,1599.0,17.8,0.0,0.0,0.0,0.0,0.0,0.0,5,0,0.0,0.0,0.0,0.0,0.0,Matches,2022-2023,FRA,,24.0,,,,,,,,,,,23.0,,,,,,,,,,,,,,,,,,,,,,,9.0,0.0,0.0,0.51,0.0,0.0,,,,,,,,,,,,,,,,,,,
Akim Zedadka,0ff630d0,601,dzALG,"DF,MF",Lille,27.0,1995.0,8,4,354.0,3.9,1.0,0.0,1.0,1.0,0.0,0.0,1,0,0.25,0.0,0.25,0.25,0.25,Matches,2022-2023,FRA,,1.0,,,,,,,,,,,2.0,,,,,,,,,,,,,,,,,,,,,,,3.0,1.0,33.3,0.76,0.25,0.33,1.0,,,,,,,,,,,,,,,,,,
Mehdi Zeffane,c8c02ac7,602,dzALG,"MF,DF",Clermont Foot,30.0,1992.0,18,7,658.0,7.3,1.0,1.0,2.0,1.0,0.0,0.0,1,0,0.14,0.14,0.27,0.14,0.27,Matches,2022-2023,FRA,,8.0,,,,,,,,,,,18.0,,,,,,,,,,,,,,,,,,,,,,,7.0,2.0,28.6,0.96,0.27,0.14,0.5,,,,,,,,,,,,,,,,,,
Arber Zeneli,095e4199,603,xkKVX,"MF,FW",Reims,27.0,1995.0,23,12,1000.0,11.1,0.0,2.0,2.0,0.0,0.0,0.0,0,0,0.0,0.18,0.18,0.0,0.18,Matches,2022-2023,FRA,,3.0,,,,,,,,,,,2.0,,,,,,,,,,,,,,,,,,,,,,,30.0,7.0,23.3,2.7,0.63,0.0,0.0,,,,,,,,,,,,,,,,,,
Nathan Zeze,fb4c5b6e,604,frFRA,DF,Nantes,17.0,2005.0,1,1,59.0,0.7,0.0,0.0,0.0,0.0,0.0,0.0,0,0,0.0,0.0,0.0,0.0,0.0,Matches,2022-2023,FRA,,3.0,,,,,,,,,,,0.0,,,,,,,,,,,,,,,,,,,,,,,0.0,0.0,,0.0,0.0,,,,,,,,,,,,,,,,,,,,
Edon Zhegrova,34a88e3e,605,xkKVX,MF,Lille,23.0,1999.0,22,11,1056.0,11.7,3.0,4.0,7.0,3.0,0.0,0.0,1,0,0.26,0.34,0.6,0.26,0.6,Matches,2022-2023,FRA,,11.0,,,,,,,,,,,2.0,,,,,,,,,,,,,,,,,,,,,,,42.0,15.0,35.7,3.58,1.28,0.07,0.2,,,,,,,,,,,,,,,,,,
Tanguy Zoukrou,aefa3050,606,frFRA,DF,Troyes,19.0,2003.0,8,5,511.0,5.7,0.0,0.0,0.0,0.0,0.0,0.0,0,0,0.0,0.0,0.0,0.0,0.0,Matches,2022-2023,FRA,,8.0,,,,,,,,,,,2.0,,,,,,,,,,,,,,,,,,,,,,,0.0,0.0,,0.0,0.0,,,,,,,,,,,,,,,,,,,,
